version 1.00
1438
[0.92933,0.65027,-0.407507][-0.861066,-0.438424,0.257584][0.267166,0.841099,0][0.994236,0.511371,-0.43588][-0.868662,-0.420272,0.262294][0.26692,0.845428,0][1.07696,0.51757,-0.147832][-0.867166,-0.423788,0.261587][0.257162,0.845401,0][1.07696,0.51757,-0.147832][-0.867166,-0.423788,0.261587][0.257162,0.845401,0][1.01658,0.65647,-0.105864][-0.862108,-0.436207,0.257863][0.256939,0.841074,0][0.92933,0.65027,-0.407507][-0.861066,-0.438424,0.257584][0.267166,0.841099,0][1.37994,-0.0901098,-0.290022][-0.772748,-0.586329,0.243062][0.259557,0.864451,0][1.33364,-0.0926189,-0.442871][-0.779939,-0.575897,0.245026][0.264786,0.864473,0][1.65359,-0.36972,-0.412187][-0.651557,-0.729143,0.209341][0.261911,0.875959,0][1.07845,0.595071,-0.301226][0.881198,0.413791,0.228621][0.676728,0.793514,0][0.914836,0.799571,-0.236313][0.847544,0.520224,0.10505][0.676571,0.804042,0][1.01658,0.65647,-0.105864][0.847544,0.520224,0.10505][0.661209,0.804724,0][1.01658,0.65647,-0.105864][0.847544,0.520224,0.10505][0.661209,0.804724,0][1.07696,0.51757,-0.147832][0.884465,0.394733,0.248814][0.66198,0.793816,0][1.07845,0.595071,-0.301226][0.881198,0.413791,0.228621][0.676728,0.793514,0][1.41534,-0.0721092,-0.382629][0.794493,0.442135,0.41629][0.677338,0.746318,0][1.37994,-0.0901098,-0.290022][0.800358,0.428758,0.419039][0.669351,0.74567,0][1.65359,-0.36972,-0.412187][0.737572,0.551812,0.389219][0.676226,0.7162,0][0.92933,0.65027,-0.407507][0.608416,0.558206,-0.564125][0.692725,0.805249,0][0.914836,0.799571,-0.236313][0.608416,0.558206,-0.564125][0.676571,0.804042,0][1.07845,0.595071,-0.301226][0.569431,0.489539,-0.660379][0.676728,0.793514,0][1.07845,0.595071,-0.301226][0.569431,0.489539,-0.660379][0.676728,0.793514,0][0.994236,0.511371,-0.43588][0.551733,0.460535,-0.69534][0.692297,0.794222,0][0.92933,0.65027,-0.407507][0.608416,0.558206,-0.564125][0.692725,0.805249,0][1.65359,-0.36972,-0.412187][0.457444,0.442796,-0.771153][0.676226,0.7162,0][1.33364,-0.0926189,-0.442871][0.509034,0.275031,-0.815624][0.685755,0.745348,0][1.41534,-0.0721092,-0.382629][0.500635,0.307171,-0.809327][0.677338,0.746318,0][1.18187,0.24118,-0.229288][-0.846329,-0.464782,0.260201][0.25763,0.854455,0][1.10313,0.238521,-0.487261][-0.84692,-0.463644,0.260311][0.266407,0.854486,0][1.33364,-0.0926189,-0.442871][-0.779939,-0.575897,0.245026][0.264786,0.864473,0][1.33364,-0.0926189,-0.442871][-0.779939,-0.575897,0.245026][0.264786,0.864473,0][1.37994,-0.0901098,-0.290022][-0.772748,-0.586329,0.243062][0.259557,0.864451,0][1.18187,0.24118,-0.229288][-0.846329,-0.464782,0.260201][0.25763,0.854455,0][1.33364,-0.0926189,-0.442871][0.509034,0.275031,-0.815624][0.685755,0.745348,0][1.10313,0.238521,-0.487261][0.525076,0.345973,-0.777559][0.691403,0.771153,0][1.24855,0.280821,-0.385956][0.524265,0.330984,-0.7846][0.677056,0.771489,0][1.24855,0.280821,-0.385956][0.524265,0.330984,-0.7846][0.677056,0.771489,0][1.41534,-0.0721092,-0.382629][0.500635,0.307171,-0.809327][0.677338,0.746318,0][1.33364,-0.0926189,-0.442871][0.509034,0.275031,-0.815624][0.685755,0.745348,0][1.24855,0.280821,-0.385956][0.8535,0.363113,0.373747][0.677056,0.771489,0][1.18187,0.24118,-0.229288][0.859079,0.357801,0.366008][0.663594,0.770996,0][1.37994,-0.0901098,-0.290022][0.800358,0.428758,0.419039][0.669351,0.74567,0][1.37994,-0.0901098,-0.290022][0.800358,0.428758,0.419039][0.669351,0.74567,0][1.41534,-0.0721092,-0.382629][0.794493,0.442135,0.41629][0.677338,0.746318,0][1.24855,0.280821,-0.385956][0.8535,0.363113,0.373747][0.677056,0.771489,0][0.914836,0.799571,-0.236313][-0.8833,-0.387759,0.263485][0.955923,0.975574,0][0.92933,0.65027,-0.407507][-0.861066,-0.438424,0.257584][0.955618,0.977267,0][1.01658,0.65647,-0.105864][-0.862108,-0.436207,0.257863][0.955609,0.97402,0][0.994236,0.511371,-0.43588][0.551733,0.460535,-0.69534][0.692297,0.794222,0][1.07845,0.595071,-0.301226][0.569431,0.489539,-0.660379][0.676728,0.793514,0][1.24855,0.280821,-0.385956][0.524265,0.330984,-0.7846][0.677056,0.771489,0][1.24855,0.280821,-0.385956][0.524265,0.330984,-0.7846][0.677056,0.771489,0][1.10313,0.238521,-0.487261][0.525076,0.345973,-0.777559][0.691403,0.771153,0][0.994236,0.511371,-0.43588][0.551733,0.460535,-0.69534][0.692297,0.794222,0][0.994236,0.511371,-0.43588][-0.868662,-0.420272,0.262294][0.26692,0.845428,0][1.10313,0.238521,-0.487261][-0.84692,-0.463644,0.260311][0.266407,0.854486,0][1.18187,0.24118,-0.229288][-0.846329,-0.464782,0.260201][0.25763,0.854455,0][1.18187,0.24118,-0.229288][-0.846329,-0.464782,0.260201][0.25763,0.854455,0][1.07696,0.51757,-0.147832][-0.867166,-0.423788,0.261587][0.257162,0.845401,0][0.994236,0.511371,-0.43588][-0.868662,-0.420272,0.262294][0.26692,0.845428,0][1.07845,0.595071,-0.301226][0.881198,0.413791,0.228621][0.676728,0.793514,0][1.07696,0.51757,-0.147832][0.884465,0.394733,0.248814][0.66198,0.793816,0][1.18187,0.24118,-0.229288][0.859079,0.357801,0.366008][0.663594,0.770996,0][1.18187,0.24118,-0.229288][0.859079,0.357801,0.366008][0.663594,0.770996,0][1.24855,0.280821,-0.385956][0.8535,0.363113,0.373747][0.677056,0.771489,0][1.07845,0.595071,-0.301226][0.881198,0.413791,0.228621][0.676728,0.793514,0][0.82118,0.446271,0.807776][-0.458117,-0.392945,-0.797323][0.781016,0.87674,0][0.888282,0.0860205,0.946788][-0.445031,-0.446269,-0.776396][0.780376,0.888109,0][0.705532,0.0829802,1.05325][-0.44523,-0.445513,-0.776716][0.772922,0.888087,0][0.705532,0.0829802,1.05325][-0.44523,-0.445513,-0.776716][0.772922,0.888087,0][0.608329,0.442471,0.931987][-0.458117,-0.392945,-0.797323][0.772331,0.876723,0][0.82118,0.446271,0.807776][-0.458117,-0.392945,-0.797323][0.781016,0.87674,0][0.832134,-0.167339,1.16951][-0.395292,-0.600338,-0.695225][0.774562,0.896575,0][0.941031,-0.165659,1.10612][-0.395326,-0.600251,-0.695281][0.779003,0.896592,0][1.01035,-0.391669,1.35436][-0.328541,-0.742258,-0.58405][0.776567,0.906348,0][0.760918,0.47307,0.958616][-0.248329,0.26155,0.932697][0.208611,0.783642,0][0.608329,0.442471,0.931987][-0.248329,0.26155,0.932697][0.196321,0.784187,0][0.705532,0.0829802,1.05325][-0.255004,0.267685,0.929149][0.198232,0.757203,0][0.705532,0.0829802,1.05325][-0.255004,0.267685,0.929149][0.198232,0.757203,0][0.840921,0.118731,1.08468][-0.256494,0.269053,0.928343][0.209003,0.757598,0][0.760918,0.47307,0.958616][-0.248329,0.26155,0.932697][0.208611,0.783642,0][0.910977,-0.150909,1.18491][-0.269203,0.346308,0.898666][0.209231,0.73746,0][0.832134,-0.167339,1.16951][-0.269654,0.317387,0.909149][0.20284,0.73694,0][1.01035,-0.391669,1.35436][-0.263506,0.480093,0.836705][0.208344,0.713364,0][0.888282,0.0860205,0.946788][0.912362,0.306788,0.271065][0.220481,0.757331,0][0.82118,0.446271,0.807776][0.914256,0.292295,0.280535][0.221536,0.78461,0][0.760918,0.47307,0.958616][0.914256,0.292295,0.280535][0.208611,0.783642,0][0.760918,0.47307,0.958616][0.914256,0.292295,0.280535][0.208611,0.783642,0][0.840921,0.118731,1.08468][0.91197,0.309541,0.269251][0.209003,0.757598,0][0.888282,0.0860205,0.946788][0.912362,0.306788,0.271065][0.220481,0.757331,0][1.01035,-0.391669,1.35436][0.834935,0.502533,0.224375][0.208344,0.713364,0][0.941031,-0.165659,1.10612][0.896626,0.368102,0.246097][0.215965,0.736685,0][0.910977,-0.150909,1.18491][0.887792,0.390942,0.242879][0.209231,0.73746,0][0.888282,0.0860205,0.946788][-0.445031,-0.446269,-0.776396][0.780376,0.888109,0][0.941031,-0.165659,1.10612][-0.395326,-0.600251,-0.695281][0.779003,0.896592,0][0.832134,-0.167339,1.16951][-0.395292,-0.600338,-0.695225][0.774562,0.896575,0][0.832134,-0.167339,1.16951][-0.395292,-0.600338,-0.695225][0.774562,0.896575,0][0.705532,0.0829802,1.05325][-0.44523,-0.445513,-0.776716][0.772922,0.888087,0][0.888282,0.0860205,0.946788][-0.445031,-0.446269,-0.776396][0.780376,0.888109,0][0.941031,-0.165659,1.10612][0.896626,0.368102,0.246097][0.215965,0.736685,0][0.888282,0.0860205,0.946788][0.912362,0.306788,0.271065][0.220481,0.757331,0][0.840921,0.118731,1.08468][0.91197,0.309541,0.269251][0.209003,0.757598,0][0.840921,0.118731,1.08468][0.91197,0.309541,0.269251][0.209003,0.757598,0][0.910977,-0.150909,1.18491][0.887792,0.390942,0.242879][0.209231,0.73746,0][0.941031,-0.165659,1.10612][0.896626,0.368102,0.246097][0.215965,0.736685,0][0.840921,0.118731,1.08468][-0.256494,0.269053,0.928343][0.209003,0.757598,0][0.705532,0.0829802,1.05325][-0.255004,0.267685,0.929149][0.198232,0.757203,0][0.832134,-0.167339,1.16951][-0.269654,0.317387,0.909149][0.20284,0.73694,0][0.832134,-0.167339,1.16951][-0.269654,0.317387,0.909149][0.20284,0.73694,0][0.910977,-0.150909,1.18491][-0.269203,0.346308,0.898666][0.209231,0.73746,0][0.840921,0.118731,1.08468][-0.256494,0.269053,0.928343][0.209003,0.757598,0][0.760918,0.47307,0.958616][-0.15233,0.960818,-0.231568][0.944731,0.981266,0][0.82118,0.446271,0.807776][-0.15233,0.960818,-0.231568][0.944512,0.98248,0][0.608329,0.442471,0.931987][-0.15233,0.960818,-0.231568][0.944505,0.980151,0][-0.748718,-0.348999,1.17292][0.559206,0.117926,-0.820599][0.366698,0.967594,0][-0.512632,-0.426009,1.33879][0.539091,0.0631908,-0.839873][0.375014,0.967616,0][-0.798229,-0.86906,0.916433][0.612025,0.302168,-0.730835][0.370476,0.985891,0][-0.665401,-0.331049,1.33909][-0.878966,0.0232303,0.476318][0.189141,0.330378,0][-0.748718,-0.348999,1.17292][-0.881866,-0.0491027,0.468936][0.201619,0.331378,0][-0.798229,-0.86906,0.916433][-0.878772,-0.141174,0.455884][0.190925,0.377418,0][-0.798229,-0.86906,0.916433][-0.329039,-0.53178,0.780348][0.190925,0.377418,0][-0.512632,-0.426009,1.33879][-0.184206,-0.37965,0.906606][0.175995,0.331906,0][-0.665401,-0.331049,1.33909][-0.163843,-0.357407,0.919465][0.189141,0.330378,0][-0.195664,0.65637,0.887127][0.375573,0.0657419,-0.924458][0.983148,0.975889,0][-0.0221359,0.472871,0.944576][0.375573,0.0657419,-0.924458][0.982731,0.978198,0][-0.558111,0.545971,0.73203][0.375573,0.0657419,-0.924458][0.982719,0.97377,0][-0.235045,0.0243702,1.32184][0.337351,0.405609,0.849515][0.166976,0.281481,0][-0.502811,0.189681,1.36209][0.339961,0.412949,0.844926][0.189679,0.281097,0][-0.587459,-0.0602598,1.41867][0.133642,0.00414296,0.991021][0.188973,0.304559,0][-0.587459,-0.0602598,1.41867][0.133642,0.00414296,0.991021][0.188973,0.304559,0][-0.352719,-0.20443,1.38166][0.112402,-0.023753,0.993379][0.170465,0.306759,0][-0.235045,0.0243702,1.32184][0.337351,0.405609,0.849515][0.166976,0.281481,0][-0.235045,0.0243702,1.32184][0.22836,-0.609483,-0.759198][0.377651,0.947697,0][-0.352719,-0.20443,1.38166][0.386923,-0.291583,-0.874797][0.376336,0.954481,0][-0.723185,-0.11595,1.19858][0.397005,-0.271202,-0.876833][0.364343,0.95474,0][-0.723185,-0.11595,1.19858][0.397005,-0.271202,-0.876833][0.364343,0.95474,0][-0.653308,0.13603,1.10802][0.21894,-0.625859,-0.748576][0.364194,0.947267,0][-0.235045,0.0243702,1.32184][0.22836,-0.609483,-0.759198][0.377651,0.947697,0][-0.653308,0.13603,1.10802][-0.639513,0.629525,0.441273][0.209755,0.28051,0][-0.723185,-0.11595,1.19858][-0.860142,0.239562,0.450295][0.20614,0.307282,0][-0.587459,-0.0602598,1.41867][-0.849656,0.295874,0.436512][0.188973,0.304559,0][-0.587459,-0.0602598,1.41867][-0.849656,0.295874,0.436512][0.188973,0.304559,0][-0.502811,0.189681,1.36209][-0.65319,0.615624,0.44085][0.189679,0.281097,0][-0.653308,0.13603,1.10802][-0.639513,0.629525,0.441273][0.209755,0.28051,0][-0.0221359,0.472871,0.944576][0.18268,-0.684677,-0.705582][0.378732,0.930434,0][-0.235045,0.0243702,1.32184][0.22836,-0.609483,-0.759198][0.377651,0.947697,0][-0.653308,0.13603,1.10802][0.21894,-0.625859,-0.748576][0.364194,0.947267,0][-0.653308,0.13603,1.10802][0.21894,-0.625859,-0.748576][0.364194,0.947267,0][-0.558111,0.545971,0.73203][0.18268,-0.684677,-0.705582][0.362467,0.930424,0][-0.0221359,0.472871,0.944576][0.18268,-0.684677,-0.705582][0.378732,0.930434,0][-0.195664,0.65637,0.887127][-0.572744,0.690981,0.441033][0.190248,0.240214,0][-0.558111,0.545971,0.73203][-0.572744,0.690981,0.441033][0.214241,0.239124,0][-0.653308,0.13603,1.10802][-0.639513,0.629525,0.441273][0.209755,0.28051,0][-0.653308,0.13603,1.10802][-0.639513,0.629525,0.441273][0.209755,0.28051,0][-0.502811,0.189681,1.36209][-0.65319,0.615624,0.44085][0.189679,0.281097,0][-0.195664,0.65637,0.887127][-0.572744,0.690981,0.441033][0.190248,0.240214,0][-0.0221359,0.472871,0.944576][0.372869,0.509978,0.775172][0.165014,0.238355,0][-0.195664,0.65637,0.887127][0.372869,0.509978,0.775172][0.190248,0.240214,0][-0.502811,0.189681,1.36209][0.339961,0.412949,0.844926][0.189679,0.281097,0][-0.502811,0.189681,1.36209][0.339961,0.412949,0.844926][0.189679,0.281097,0][-0.235045,0.0243702,1.32184][0.337351,0.405609,0.849515][0.166976,0.281481,0][-0.0221359,0.472871,0.944576][0.372869,0.509978,0.775172][0.165014,0.238355,0][-0.723185,-0.11595,1.19858][0.397005,-0.271202,-0.876833][0.364343,0.95474,0][-0.352719,-0.20443,1.38166][0.386923,-0.291583,-0.874797][0.376336,0.954481,0][-0.512632,-0.426009,1.33879][0.539091,0.0631908,-0.839873][0.375014,0.967616,0][-0.512632,-0.426009,1.33879][0.539091,0.0631908,-0.839873][0.375014,0.967616,0][-0.748718,-0.348999,1.17292][0.559206,0.117926,-0.820599][0.366698,0.967594,0][-0.723185,-0.11595,1.19858][0.397005,-0.271202,-0.876833][0.364343,0.95474,0][-0.352719,-0.20443,1.38166][0.112402,-0.023753,0.993379][0.170465,0.306759,0][-0.587459,-0.0602598,1.41867][0.133642,0.00414296,0.991021][0.188973,0.304559,0][-0.665401,-0.331049,1.33909][-0.163843,-0.357407,0.919465][0.189141,0.330378,0][-0.665401,-0.331049,1.33909][-0.163843,-0.357407,0.919465][0.189141,0.330378,0][-0.512632,-0.426009,1.33879][-0.184206,-0.37965,0.906606][0.175995,0.331906,0][-0.352719,-0.20443,1.38166][0.112402,-0.023753,0.993379][0.170465,0.306759,0][-0.665401,-0.331049,1.33909][-0.878966,0.0232303,0.476318][0.189141,0.330378,0][-0.587459,-0.0602598,1.41867][-0.849656,0.295874,0.436512][0.188973,0.304559,0][-0.723185,-0.11595,1.19858][-0.860142,0.239562,0.450295][0.20614,0.307282,0][-0.723185,-0.11595,1.19858][-0.860142,0.239562,0.450295][0.20614,0.307282,0][-0.748718,-0.348999,1.17292][-0.881866,-0.0491027,0.468936][0.201619,0.331378,0][-0.665401,-0.331049,1.33909][-0.878966,0.0232303,0.476318][0.189141,0.330378,0][0.625341,0.164751,1.36995][-0.460188,-0.460399,-0.759118][0.875665,0.909385,0][0.819223,0.18809,1.23853][-0.460108,-0.460616,-0.759035][0.881807,0.909415,0][0.80945,-0.21888,1.37956][-0.518008,-0.268937,-0.811998][0.878425,0.922907,0][0.758546,0.222811,1.37367][-0.094634,0.145378,0.98484][0.637437,0.606968,0][0.625341,0.164751,1.36995][-0.092652,0.141052,0.985657][0.628267,0.606227,0][0.80945,-0.21888,1.37956][-0.032129,0.00961101,0.999438][0.63615,0.572391,0][0.80945,-0.21888,1.37956][0.916975,0.110786,0.383253][0.63615,0.572391,0][0.819223,0.18809,1.23853][0.902047,0.28446,0.324643][0.6471,0.605852,0][0.758546,0.222811,1.37367][0.901113,0.289607,0.322683][0.637437,0.606968,0][0.392987,0.750271,0.953763][-0.499748,0.599667,-0.625021][0.974735,0.976062,0][0.541932,0.63817,0.727114][-0.499748,0.599667,-0.625021][0.97435,0.978191,0][0.163675,0.592271,0.985503][-0.499748,0.599667,-0.625021][0.974339,0.974108,0][0.774413,0.36888,1.12287][0.829907,0.520662,0.200416][0.651317,0.625241,0][0.693689,0.51107,0.972521][0.679206,0.732472,0.046514][0.653897,0.646012,0][0.576918,0.60877,1.19719][0.695692,0.715827,0.060035][0.636981,0.645592,0][0.576918,0.60877,1.19719][0.695692,0.715827,0.060035][0.636981,0.645592,0][0.679703,0.44937,1.31192][0.829089,0.522417,0.19923][0.637225,0.626468,0][0.774413,0.36888,1.12287][0.829907,0.520662,0.200416][0.651317,0.625241,0][0.693689,0.51107,0.972521][-0.200577,-0.871131,-0.448218][0.883907,0.893451,0][0.774413,0.36888,1.12287][-0.344488,-0.697143,-0.628745][0.883186,0.899708,0][0.495426,0.336161,1.31239][-0.342653,-0.700032,-0.626533][0.875164,0.899659,0][0.495426,0.336161,1.31239][-0.342653,-0.700032,-0.626533][0.875164,0.899659,0][0.357769,0.47047,1.20155][-0.199897,-0.871743,-0.447332][0.873244,0.893408,0][0.693689,0.51107,0.972521][-0.200577,-0.871131,-0.448218][0.883907,0.893451,0][0.495426,0.336161,1.31239][-0.212873,0.357055,0.909504][0.623959,0.625342,0][0.679703,0.44937,1.31192][-0.211057,0.354111,0.911076][0.637225,0.626468,0][0.576918,0.60877,1.19719][-0.329679,0.564213,0.756951][0.636981,0.645592,0][0.576918,0.60877,1.19719][-0.329679,0.564213,0.756951][0.636981,0.645592,0][0.357769,0.47047,1.20155][-0.340627,0.585186,0.735887][0.621042,0.645744,0][0.495426,0.336161,1.31239][-0.212873,0.357055,0.909504][0.623959,0.625342,0][0.541932,0.63817,0.727114][-0.149169,-0.912677,-0.380486][0.884617,0.881955,0][0.693689,0.51107,0.972521][-0.200577,-0.871131,-0.448218][0.883907,0.893451,0][0.357769,0.47047,1.20155][-0.199897,-0.871743,-0.447332][0.873244,0.893408,0][0.357769,0.47047,1.20155][-0.199897,-0.871743,-0.447332][0.873244,0.893408,0][0.163675,0.592271,0.985503][-0.149169,-0.912677,-0.380486][0.872601,0.88192,0][0.541932,0.63817,0.727114][-0.149169,-0.912677,-0.380486][0.884617,0.881955,0][0.392987,0.750271,0.953763][-0.369895,0.641626,0.671932][0.636577,0.67324,0][0.163675,0.592271,0.985503][-0.369895,0.641626,0.671933][0.618941,0.67403,0][0.357769,0.47047,1.20155][-0.340627,0.585186,0.735887][0.621042,0.645744,0][0.357769,0.47047,1.20155][-0.340627,0.585186,0.735887][0.621042,0.645744,0][0.576918,0.60877,1.19719][-0.329679,0.564213,0.756951][0.636981,0.645592,0][0.392987,0.750271,0.953763][-0.369895,0.641626,0.671932][0.636577,0.67324,0][0.693689,0.51107,0.972521][0.679206,0.732472,0.046514][0.653897,0.646012,0][0.541932,0.63817,0.727114][0.622487,0.782626,0.002556][0.655124,0.67462,0][0.392987,0.750271,0.953763][0.622487,0.782626,0.002556][0.636577,0.67324,0][0.392987,0.750271,0.953763][0.622487,0.782626,0.002556][0.636577,0.67324,0][0.576918,0.60877,1.19719][0.695692,0.715827,0.060035][0.636981,0.645592,0][0.693689,0.51107,0.972521][0.679206,0.732472,0.046514][0.653897,0.646012,0][0.774413,0.36888,1.12287][-0.344488,-0.697143,-0.628745][0.883186,0.899708,0][0.819223,0.18809,1.23853][-0.460108,-0.460616,-0.759035][0.881807,0.909415,0][0.625341,0.164751,1.36995][-0.460188,-0.460399,-0.759118][0.875665,0.909385,0][0.625341,0.164751,1.36995][-0.460188,-0.460399,-0.759118][0.875665,0.909385,0][0.495426,0.336161,1.31239][-0.342653,-0.700032,-0.626533][0.875164,0.899659,0][0.774413,0.36888,1.12287][-0.344488,-0.697143,-0.628745][0.883186,0.899708,0][0.774413,0.36888,1.12287][0.829907,0.520662,0.200416][0.651317,0.625241,0][0.679703,0.44937,1.31192][0.829089,0.522417,0.19923][0.637225,0.626468,0][0.758546,0.222811,1.37367][0.901113,0.289607,0.322683][0.637437,0.606968,0][0.758546,0.222811,1.37367][0.901113,0.289607,0.322683][0.637437,0.606968,0][0.819223,0.18809,1.23853][0.902047,0.28446,0.324643][0.6471,0.605852,0][0.774413,0.36888,1.12287][0.829907,0.520662,0.200416][0.651317,0.625241,0][0.758546,0.222811,1.37367][-0.094634,0.145378,0.98484][0.637437,0.606968,0][0.679703,0.44937,1.31192][-0.211057,0.354111,0.911076][0.637225,0.626468,0][0.495426,0.336161,1.31239][-0.212873,0.357055,0.909504][0.623959,0.625342,0][0.495426,0.336161,1.31239][-0.212873,0.357055,0.909504][0.623959,0.625342,0][0.625341,0.164751,1.36995][-0.092652,0.141052,0.985657][0.628267,0.606227,0][0.758546,0.222811,1.37367][-0.094634,0.145378,0.98484][0.637437,0.606968,0][0.823947,0.22008,1.29682][-0.598801,-0.496095,-0.628751][0.131744,0.856947,0][1.0199,0.188861,1.13521][-0.598742,-0.496309,-0.628638][0.138406,0.856976,0][0.960261,-0.21754,1.36032][-0.634843,-0.300989,-0.711604][0.134744,0.87161,0][0.976111,0.25866,1.27865][0.0307191,0.311667,0.949695][0.037742,0.655692,0][0.823947,0.22008,1.29682][0.0320661,0.307417,0.951034][0.047718,0.6565,0][0.960261,-0.21754,1.36032][0.0753291,0.16611,0.983226][0.039132,0.693307,0][0.960261,-0.21754,1.36032][0.958554,0.0168717,0.284412][0.039132,0.693307,0][1.0199,0.188861,1.13521][0.962845,0.18634,0.195465][0.027229,0.656903,0][0.976111,0.25866,1.27865][0.962453,0.191037,0.192843][0.037742,0.655692,0][0.621822,0.81317,0.766651][-0.46882,0.571224,-0.673729][0.9835,0.968179,0][0.737044,0.630671,0.53171][-0.46882,0.571224,-0.673729][0.983082,0.970493,0][0.354926,0.69157,0.849201][-0.46882,0.571224,-0.673729][0.98307,0.966054,0][0.984817,0.386961,0.967888][0.919991,0.387948,0.055785][0.02219,0.63375,0][0.919024,0.50117,0.821773][0.772495,0.619649,-0.13888][0.019906,0.615332,0][0.836718,0.661171,1.05367][0.786968,0.604152,-0.125225][0.038219,0.615625,0][0.836718,0.661171,1.05367][0.786968,0.604152,-0.125225][0.038219,0.615625,0][0.916147,0.524071,1.16971][0.919399,0.389538,0.054469][0.037998,0.632592,0][0.984817,0.386961,0.967888][0.919991,0.387948,0.055785][0.02219,0.63375,0][0.919024,0.50117,0.821773][-0.365099,-0.891428,-0.268439][0.140637,0.840511,0][0.984817,0.386961,0.967888][-0.51628,-0.704382,-0.487136][0.139997,0.846042,0][0.694463,0.434071,1.20799][-0.514668,-0.707304,-0.484601][0.130887,0.845995,0][0.694463,0.434071,1.20799][-0.514668,-0.707304,-0.484601][0.130887,0.845995,0][0.581732,0.555071,1.1015][-0.364484,-0.89193,-0.267603][0.129144,0.840471,0][0.919024,0.50117,0.821773][-0.365099,-0.891428,-0.268439][0.140637,0.840511,0][0.694463,0.434071,1.20799][-0.0525208,0.504366,0.861891][0.052871,0.633702,0][0.916147,0.524071,1.16971][-0.0509198,0.501259,0.863798][0.037998,0.632592,0][0.836718,0.661171,1.05367][-0.166617,0.729043,0.663879][0.038219,0.615625,0][0.836718,0.661171,1.05367][-0.166617,0.729043,0.663879][0.038219,0.615625,0][0.581732,0.555071,1.1015][-0.175702,0.746454,0.641822][0.055462,0.615614,0][0.694463,0.434071,1.20799][-0.0525208,0.504366,0.861891][0.052871,0.633702,0][0.737044,0.630671,0.53171][-0.321707,-0.923216,-0.210184][0.141438,0.827195,0][0.919024,0.50117,0.821773][-0.365099,-0.891428,-0.268439][0.140637,0.840511,0][0.581732,0.555071,1.1015][-0.364484,-0.89193,-0.267603][0.129144,0.840471,0][0.581732,0.555071,1.1015][-0.364484,-0.89193,-0.267603][0.129144,0.840471,0][0.354926,0.69157,0.849201][-0.321707,-0.923216,-0.210184][0.128408,0.827164,0][0.737044,0.630671,0.53171][-0.321707,-0.923216,-0.210184][0.141438,0.827195,0][0.621822,0.81317,0.766651][-0.198014,0.787618,0.58348][0.038695,0.583596,0][0.354926,0.69157,0.849201][-0.198014,0.787618,0.58348][0.057881,0.582743,0][0.581732,0.555071,1.1015][-0.175702,0.746454,0.641822][0.055462,0.615614,0][0.581732,0.555071,1.1015][-0.175702,0.746454,0.641822][0.055462,0.615614,0][0.836718,0.661171,1.05367][-0.166617,0.729043,0.663879][0.038219,0.615625,0][0.621822,0.81317,0.766651][-0.198014,0.787618,0.58348][0.038695,0.583596,0][0.919024,0.50117,0.821773][0.772495,0.619649,-0.13888][0.019906,0.615332,0][0.737044,0.630671,0.53171][0.728042,0.662093,-0.177729][0.018519,0.58209,0][0.621822,0.81317,0.766651][0.728042,0.662093,-0.177729][0.038695,0.583596,0][0.621822,0.81317,0.766651][0.728042,0.662093,-0.177729][0.038695,0.583596,0][0.836718,0.661171,1.05367][0.786968,0.604152,-0.125225][0.038219,0.615625,0][0.919024,0.50117,0.821773][0.772495,0.619649,-0.13888][0.019906,0.615332,0][0.984817,0.386961,0.967888][-0.51628,-0.704382,-0.487136][0.139997,0.846042,0][1.0199,0.188861,1.13521][-0.598742,-0.496309,-0.628638][0.138406,0.856976,0][0.823947,0.22008,1.29682][-0.598801,-0.496095,-0.628751][0.131744,0.856947,0][0.823947,0.22008,1.29682][-0.598801,-0.496095,-0.628751][0.131744,0.856947,0][0.694463,0.434071,1.20799][-0.514668,-0.707304,-0.484601][0.130887,0.845995,0][0.984817,0.386961,0.967888][-0.51628,-0.704382,-0.487136][0.139997,0.846042,0][0.984817,0.386961,0.967888][0.919991,0.387948,0.055785][0.02219,0.63375,0][0.916147,0.524071,1.16971][0.919399,0.389538,0.054469][0.037998,0.632592,0][0.976111,0.25866,1.27865][0.962453,0.191037,0.192843][0.037742,0.655692,0][0.976111,0.25866,1.27865][0.962453,0.191037,0.192843][0.037742,0.655692,0][1.0199,0.188861,1.13521][0.962845,0.18634,0.195465][0.027229,0.656903,0][0.984817,0.386961,0.967888][0.919991,0.387948,0.055785][0.02219,0.63375,0][0.976111,0.25866,1.27865][0.0307191,0.311667,0.949695][0.037742,0.655692,0][0.916147,0.524071,1.16971][-0.0509198,0.501259,0.863798][0.037998,0.632592,0][0.694463,0.434071,1.20799][-0.0525208,0.504366,0.861891][0.052871,0.633702,0][0.694463,0.434071,1.20799][-0.0525208,0.504366,0.861891][0.052871,0.633702,0][0.823947,0.22008,1.29682][0.0320661,0.307417,0.951034][0.047718,0.6565,0][0.976111,0.25866,1.27865][0.0307191,0.311667,0.949695][0.037742,0.655692,0][1.03831,0.109221,0.918926][-0.625935,-0.343253,-0.700274][0.166593,0.866885,0][1.22662,0.11937,0.745947][-0.625871,-0.343483,-0.700217][0.15991,0.866837,0][1.18175,-0.328549,0.875323][-0.665086,-0.144959,-0.732562][0.163626,0.852167,0][1.18906,0.154,0.903274][0.075184,0.082324,0.993766][0.309959,0.490937,0][1.03831,0.109221,0.918926][0.076699,0.077701,0.994022][0.320589,0.491782,0][1.18175,-0.328549,0.875323][0.12049,-0.059222,0.990946][0.311504,0.53101,0][1.18175,-0.328549,0.875323][0.970815,-0.0284803,0.238133][0.311504,0.53101,0][1.22662,0.11937,0.745947][0.970139,0.147587,0.192478][0.298761,0.492245,0][1.18906,0.154,0.903274][0.969604,0.152984,0.190956][0.309959,0.490937,0][0.639334,0.85447,0.369997][-0.564727,-0.519072,-0.641598][0.976189,0.968388,0][0.911036,0.68047,0.271607][-0.45856,-0.707217,-0.538113][0.975739,0.970882,0][0.543914,0.66007,0.611203][-0.461611,-0.702901,-0.541152][0.975726,0.966097,0][1.18647,0.32384,0.64276][0.90972,0.404998,0.091574][0.293967,0.470328,0][1.09174,0.507371,0.497305][0.777057,0.629141,-0.019082][0.290804,0.445145,0][1.01774,0.610471,0.764157][0.793431,0.6086,-0.008573][0.310435,0.44565,0][1.01774,0.610471,0.764157][0.793431,0.6086,-0.008573][0.310435,0.44565,0][1.1284,0.407411,0.864636][0.908953,0.406932,0.09062][0.31017,0.468838,0][1.18647,0.32384,0.64276][0.90972,0.404998,0.091574][0.293967,0.470328,0][1.09174,0.507371,0.497305][-0.385857,-0.796984,-0.464684][0.157573,0.884411,0][1.18647,0.32384,0.64276][-0.521103,-0.606881,-0.600123][0.158409,0.877292,0][0.917735,0.310301,0.890233][-0.51936,-0.610071,-0.598397][0.167036,0.877366,0][0.917735,0.310301,0.890233][-0.51936,-0.610071,-0.598397][0.167036,0.877366,0][0.765162,0.489571,0.798888][-0.385096,-0.797801,-0.463912][0.169192,0.884486,0][1.09174,0.507371,0.497305][-0.385857,-0.796984,-0.464684][0.157573,0.884411,0][0.917735,0.310301,0.890233][-0.0269289,0.317137,0.947998][0.325431,0.470155,0][1.1284,0.407411,0.864636][-0.0253269,0.313953,0.949101][0.31017,0.468838,0][1.01774,0.610471,0.764157][-0.130673,0.530041,0.837843][0.310435,0.44565,0][1.01774,0.610471,0.764157][-0.130673,0.530041,0.837843][0.310435,0.44565,0][0.765162,0.489571,0.798888][-0.142708,0.554901,0.819585][0.328934,0.445411,0][0.917735,0.310301,0.890233][-0.0269289,0.317137,0.947998][0.325431,0.470155,0][0.937753,0.654871,0.304978][-0.32235,-0.85803,-0.399844][0.156898,0.894885,0][1.09174,0.507371,0.497305][-0.385857,-0.796984,-0.464684][0.157573,0.884411,0][0.765162,0.489571,0.798888][-0.385096,-0.797801,-0.463912][0.169192,0.884486,0][0.765162,0.489571,0.798888][-0.385096,-0.797801,-0.463912][0.169192,0.884486,0][0.576627,0.634871,0.638953][-0.32235,-0.85803,-0.399844][0.169755,0.894955,0][0.937753,0.654871,0.304978][-0.32235,-0.85803,-0.399844][0.156898,0.894885,0][0.836773,0.774271,0.578863][-0.198869,0.678348,0.707315][0.310791,0.418786,0][0.576627,0.634871,0.638953][-0.207368,0.699732,0.683648][0.330944,0.417948,0][0.765162,0.489571,0.798888][-0.142708,0.554901,0.819585][0.328934,0.445411,0][0.765162,0.489571,0.798888][-0.142708,0.554901,0.819585][0.328934,0.445411,0][1.01774,0.610471,0.764157][-0.130673,0.530041,0.837843][0.310435,0.44565,0][0.836773,0.774271,0.578863][-0.198869,0.678348,0.707315][0.310791,0.418786,0][1.09174,0.507371,0.497305][0.777057,0.629141,-0.019082][0.290804,0.445145,0][0.937753,0.654871,0.304978][0.638671,0.764436,-0.087962][0.28957,0.417373,0][0.836773,0.774271,0.578863][0.662112,0.74528,-0.078522][0.310791,0.418786,0][0.836773,0.774271,0.578863][0.662112,0.74528,-0.078522][0.310791,0.418786,0][1.01774,0.610471,0.764157][0.793431,0.6086,-0.008573][0.310435,0.44565,0][1.09174,0.507371,0.497305][0.777057,0.629141,-0.019082][0.290804,0.445145,0][1.18647,0.32384,0.64276][-0.521103,-0.606881,-0.600123][0.158409,0.877292,0][1.22662,0.11937,0.745947][-0.625871,-0.343483,-0.700217][0.15991,0.866837,0][1.03831,0.109221,0.918926][-0.625935,-0.343253,-0.700274][0.166593,0.866885,0][1.03831,0.109221,0.918926][-0.625935,-0.343253,-0.700274][0.166593,0.866885,0][0.917735,0.310301,0.890233][-0.51936,-0.610071,-0.598397][0.167036,0.877366,0][1.18647,0.32384,0.64276][-0.521103,-0.606881,-0.600123][0.158409,0.877292,0][1.18647,0.32384,0.64276][0.90972,0.404998,0.091574][0.293967,0.470328,0][1.1284,0.407411,0.864636][0.908953,0.406932,0.09062][0.31017,0.468838,0][1.18906,0.154,0.903274][0.969604,0.152984,0.190956][0.309959,0.490937,0][1.18906,0.154,0.903274][0.969604,0.152984,0.190956][0.309959,0.490937,0][1.22662,0.11937,0.745947][0.970139,0.147587,0.192478][0.298761,0.492245,0][1.18647,0.32384,0.64276][0.90972,0.404998,0.091574][0.293967,0.470328,0][1.18906,0.154,0.903274][0.075184,0.082324,0.993766][0.309959,0.490937,0][1.1284,0.407411,0.864636][-0.0253269,0.313953,0.949101][0.31017,0.468838,0][0.917735,0.310301,0.890233][-0.0269289,0.317137,0.947998][0.325431,0.470155,0][0.917735,0.310301,0.890233][-0.0269289,0.317137,0.947998][0.325431,0.470155,0][1.03831,0.109221,0.918926][0.076699,0.077701,0.994022][0.320589,0.491782,0][1.18906,0.154,0.903274][0.075184,0.082324,0.993766][0.309959,0.490937,0][0.836773,0.774271,0.578863][-0.198869,0.678348,0.707315][0.310791,0.418786,0][0.639334,0.85447,0.369997][-0.239558,0.778725,0.579828][0.310853,0.414124,0][0.543914,0.66007,0.611203][-0.239558,0.778725,0.579827][0.331293,0.413183,0][0.543914,0.66007,0.611203][-0.239558,0.778725,0.579827][0.331293,0.413183,0][0.576627,0.634871,0.638953][-0.207368,0.699732,0.683648][0.330944,0.417948,0][0.836773,0.774271,0.578863][-0.198869,0.678348,0.707315][0.310791,0.418786,0][0.911036,0.68047,0.271607][-0.45856,-0.707217,-0.538113][0.156781,0.896703,0][0.937753,0.654871,0.304978][-0.32235,-0.85803,-0.399844][0.156898,0.894885,0][0.576627,0.634871,0.638953][-0.32235,-0.85803,-0.399844][0.169755,0.894955,0][0.576627,0.634871,0.638953][-0.32235,-0.85803,-0.399844][0.169755,0.894955,0][0.543914,0.66007,0.611203][-0.461611,-0.702901,-0.541152][0.169852,0.896772,0][0.911036,0.68047,0.271607][-0.45856,-0.707217,-0.538113][0.156781,0.896703,0][0.836773,0.774271,0.578863][0.662112,0.74528,-0.078522][0.310791,0.418786,0][0.937753,0.654871,0.304978][0.638671,0.764436,-0.087962][0.28957,0.417373,0][0.911036,0.68047,0.271607][0.532143,0.837076,-0.126992][0.289356,0.412554,0][0.911036,0.68047,0.271607][0.532143,0.837076,-0.126992][0.289356,0.412554,0][0.639334,0.85447,0.369997][0.532143,0.837076,-0.126992][0.310853,0.414124,0][0.836773,0.774271,0.578863][0.662112,0.74528,-0.078522][0.310791,0.418786,0][-1.01034,-0.222899,0.945817][0.520013,-0.417727,-0.745044][0.542819,0.872897,0][-0.715342,-0.28558,1.18686][0.519878,-0.418042,-0.744962][0.552379,0.872945,0][-1.05533,-0.761999,1.14439][0.554986,-0.327915,-0.764501][0.547111,0.893939,0][-0.937496,-0.18728,1.16331][-0.93472,0.245849,0.256628][0.963261,0.126713,0][-1.01034,-0.222899,0.945817][-0.934743,0.245677,0.256708][0.977164,0.127835,0][-1.05533,-0.761999,1.14439][-0.94079,0.183507,0.285026][0.965217,0.179133,0][-1.05533,-0.761999,1.14439][-0.109844,-0.010195,0.993897][0.965217,0.179133,0][-0.715342,-0.28558,1.18686][-0.051985,0.083213,0.995175][0.948611,0.128406,0][-0.937496,-0.18728,1.16331][-0.052039,0.083126,0.995179][0.963261,0.126713,0][-0.488812,0.752371,0.824279][0.410122,0.868627,-0.278006][0.9481,0.957987,0][-0.0595168,0.56647,0.876685][0.410122,0.868627,-0.278006][0.947491,0.961361,0][-0.636965,0.688371,0.405664][0.410122,0.868627,-0.278006][0.947473,0.95489,0][-0.538099,-0.0340395,1.14935][0.0240471,0.201199,0.979255][0.94248,0.099679,0][-0.346251,0.24367,1.07263][0.100162,0.388767,0.915876][0.938444,0.067274,0][-0.735535,0.431971,1.04506][0.0952931,0.374722,0.922227][0.96396,0.0672,0][-0.735535,0.431971,1.04506][0.0952931,0.374722,0.922227][0.96396,0.0672,0][-0.858854,0.122631,1.12771][0.0243001,0.201581,0.97917][0.963565,0.098551,0][-0.538099,-0.0340395,1.14935][0.0240471,0.201199,0.979255][0.94248,0.099679,0][-0.346251,0.24367,1.07263][0.400101,-0.640006,-0.655982][0.55558,0.847995,0][-0.538099,-0.0340395,1.14935][0.481124,-0.501258,-0.719209][0.554464,0.857974,0][-0.955765,0.055891,0.807315][0.480671,-0.502152,-0.718887][0.542331,0.857894,0][-0.955765,0.055891,0.807315][0.480671,-0.502152,-0.718887][0.542331,0.857894,0][-0.854326,0.351271,0.657714][0.399531,-0.640852,-0.655503][0.53912,0.847927,0][-0.346251,0.24367,1.07263][0.400101,-0.640006,-0.655982][0.55558,0.847995,0][-0.955765,0.055891,0.807315][-0.909093,0.361427,0.207173][0.983448,0.099499,0][-0.858854,0.122631,1.12771][-0.909848,0.358904,0.20824][0.963565,0.098551,0][-0.735535,0.431971,1.04506][-0.823102,0.544888,0.160003][0.96396,0.0672,0][-0.735535,0.431971,1.04506][-0.823102,0.544888,0.160003][0.96396,0.0672,0][-0.854326,0.351271,0.657714][-0.812571,0.56156,0.15614][0.987996,0.06768,0][-0.955765,0.055891,0.807315][-0.909093,0.361427,0.207173][0.983448,0.099499,0][-0.0595168,0.56647,0.876685][0.359651,-0.696383,-0.62105][0.556757,0.830215,0][-0.346251,0.24367,1.07263][0.400101,-0.640006,-0.655982][0.55558,0.847995,0][-0.854326,0.351271,0.657714][0.399531,-0.640852,-0.655503][0.53912,0.847927,0][-0.854326,0.351271,0.657714][0.399531,-0.640852,-0.655503][0.53912,0.847927,0][-0.636965,0.688371,0.405664][0.359651,-0.696383,-0.62105][0.53806,0.830158,0][-0.0595168,0.56647,0.876685][0.359651,-0.696383,-0.62105][0.556757,0.830215,0][-0.488812,0.752371,0.824279][-0.759897,0.635323,0.137559][0.964555,0.02624,0][-0.636965,0.688371,0.405664][-0.759897,0.635323,0.137559][0.991292,0.025041,0][-0.854326,0.351271,0.657714][-0.812571,0.56156,0.15614][0.987996,0.06768,0][-0.854326,0.351271,0.657714][-0.812571,0.56156,0.15614][0.987996,0.06768,0][-0.735535,0.431971,1.04506][-0.823102,0.544888,0.160003][0.96396,0.0672,0][-0.488812,0.752371,0.824279][-0.759897,0.635323,0.137559][0.964555,0.02624,0][-0.346251,0.24367,1.07263][0.100162,0.388767,0.915876][0.938444,0.067274,0][-0.0595168,0.56647,0.876685][0.126251,0.463557,0.877027][0.936437,0.024151,0][-0.488812,0.752371,0.824279][0.126251,0.463557,0.877027][0.964555,0.02624,0][-0.488812,0.752371,0.824279][0.126251,0.463557,0.877027][0.964555,0.02624,0][-0.735535,0.431971,1.04506][0.0952931,0.374722,0.922227][0.96396,0.0672,0][-0.346251,0.24367,1.07263][0.100162,0.388767,0.915876][0.938444,0.067274,0][-0.538099,-0.0340395,1.14935][0.481124,-0.501258,-0.719209][0.554464,0.857974,0][-0.715342,-0.28558,1.18686][0.519878,-0.418042,-0.744962][0.552379,0.872945,0][-1.01034,-0.222899,0.945817][0.520013,-0.417727,-0.745044][0.542819,0.872897,0][-1.01034,-0.222899,0.945817][0.520013,-0.417727,-0.745044][0.542819,0.872897,0][-0.955765,0.055891,0.807315][0.480671,-0.502152,-0.718887][0.542331,0.857894,0][-0.538099,-0.0340395,1.14935][0.481124,-0.501258,-0.719209][0.554464,0.857974,0][-0.538099,-0.0340395,1.14935][0.0240471,0.201199,0.979255][0.94248,0.099679,0][-0.858854,0.122631,1.12771][0.0243001,0.201581,0.97917][0.963565,0.098551,0][-0.937496,-0.18728,1.16331][-0.052039,0.083126,0.995179][0.963261,0.126713,0][-0.937496,-0.18728,1.16331][-0.052039,0.083126,0.995179][0.963261,0.126713,0][-0.715342,-0.28558,1.18686][-0.051985,0.083213,0.995175][0.948611,0.128406,0][-0.538099,-0.0340395,1.14935][0.0240471,0.201199,0.979255][0.94248,0.099679,0][-0.858854,0.122631,1.12771][-0.909848,0.358904,0.20824][0.963565,0.098551,0][-0.955765,0.055891,0.807315][-0.909093,0.361427,0.207173][0.983448,0.099499,0][-1.01034,-0.222899,0.945817][-0.934743,0.245677,0.256708][0.977164,0.127835,0][-1.01034,-0.222899,0.945817][-0.934743,0.245677,0.256708][0.977164,0.127835,0][-0.937496,-0.18728,1.16331][-0.93472,0.245849,0.256628][0.963261,0.126713,0][-0.858854,0.122631,1.12771][-0.909848,0.358904,0.20824][0.963565,0.098551,0][-1.27794,0.191441,0.63673][0.679685,-0.586225,-0.440874][0.586941,0.870214,0][-1.05673,0.182771,0.990748][0.678819,-0.587598,-0.44038][0.577213,0.87017,0][-1.3442,-0.257949,0.89152][0.774981,-0.394266,-0.493923][0.582564,0.848805,0][-1.2884,0.263771,0.882415][-0.954859,0.275616,-0.110816][0.89088,0.072985,0][-1.27794,0.191441,0.63673][-0.950477,0.289228,-0.113753][0.876542,0.071827,0][-1.3442,-0.257949,0.89152][-0.991809,0.104769,-0.073064][0.888867,0.018926,0][-1.3442,-0.257949,0.89152][-0.405756,0.0593011,0.912056][0.888867,0.018926,0][-1.05673,0.182771,0.990748][-0.325384,0.296682,0.897834][0.905988,0.07124,0][-1.2884,0.263771,0.882415][-0.332843,0.277673,0.901173][0.89088,0.072985,0][-0.535254,0.97317,0.403273][0.634094,0.67371,-0.379526][0.951358,0.957773,0][-0.162889,0.769071,0.663218][0.634094,0.67371,-0.379526][0.950724,0.961285,0][-0.597418,0.788671,-0.0279511][0.634094,0.67371,-0.379526][0.950705,0.954549,0][-0.847412,0.398451,0.962419][-0.198345,0.542279,0.816452][0.912383,0.100416,0][-0.583367,0.58837,0.869615][-0.0509168,0.731348,0.680101][0.916656,0.133208,0][-0.953635,0.75967,0.66116][-0.0722798,0.708072,0.702431][0.890175,0.132776,0][-0.953635,0.75967,0.66116][-0.0722798,0.708072,0.702431][0.890175,0.132776,0][-1.1604,0.536571,0.794482][-0.209272,0.525066,0.824931][0.890503,0.102217,0][-0.847412,0.398451,0.962419][-0.198345,0.542279,0.816452][0.912383,0.100416,0][-0.583367,0.58837,0.869615][0.356959,-0.900156,-0.249598][0.573878,0.895109,0][-0.847412,0.398451,0.962419][0.529797,-0.770805,-0.353801][0.575325,0.881787,0][-1.16622,0.41339,0.453647][0.527419,-0.773075,-0.352399][0.589202,0.88196,0][-1.16622,0.41339,0.453647][0.527419,-0.773075,-0.352399][0.589202,0.88196,0][-0.969415,0.605671,0.254519][0.355921,-0.900743,-0.248963][0.5908,0.895171,0][-0.583367,0.58837,0.869615][0.356959,-0.900156,-0.249598][0.573878,0.895109,0][-1.16622,0.41339,0.453647][-0.829451,0.529227,-0.178688][0.870026,0.100534,0][-1.1604,0.536571,0.794482][-0.846788,0.503684,-0.171033][0.890503,0.102217,0][-0.953635,0.75967,0.66116][-0.665468,0.707782,-0.237059][0.890175,0.132776,0][-0.953635,0.75967,0.66116][-0.665468,0.707782,-0.237059][0.890175,0.132776,0][-0.969415,0.605671,0.254519][-0.630173,0.736166,-0.246863][0.86523,0.132788,0][-1.16622,0.41339,0.453647][-0.829451,0.529227,-0.178688][0.870026,0.100534,0][-0.162889,0.769071,0.663218][0.296389,-0.931134,-0.212469][0.572778,0.913651,0][-0.583367,0.58837,0.869615][0.356959,-0.900156,-0.249598][0.573878,0.895109,0][-0.969415,0.605671,0.254519][0.355921,-0.900743,-0.248963][0.5908,0.895171,0][-0.969415,0.605671,0.254519][0.355921,-0.900743,-0.248963][0.5908,0.895171,0][-0.597418,0.788671,-0.0279511][0.296389,-0.931134,-0.212469][0.591802,0.9137,0][-0.162889,0.769071,0.663218][0.296389,-0.931134,-0.212469][0.572778,0.913651,0][-0.535254,0.97317,0.403273][-0.56975,0.779035,-0.261705][0.889536,0.1766,0][-0.597418,0.788671,-0.0279511][-0.56975,0.779035,-0.261705][0.861962,0.177833,0][-0.969415,0.605671,0.254519][-0.630173,0.736166,-0.246863][0.86523,0.132788,0][-0.969415,0.605671,0.254519][-0.630173,0.736166,-0.246863][0.86523,0.132788,0][-0.953635,0.75967,0.66116][-0.665468,0.707782,-0.237059][0.890175,0.132776,0][-0.535254,0.97317,0.403273][-0.56975,0.779035,-0.261705][0.889536,0.1766,0][-0.583367,0.58837,0.869615][-0.0509168,0.731348,0.680101][0.916656,0.133208,0][-0.162889,0.769071,0.663218][-0.0108407,0.771861,0.635699][0.918533,0.178756,0][-0.535254,0.97317,0.403273][-0.0108407,0.771861,0.635699][0.889536,0.1766,0][-0.535254,0.97317,0.403273][-0.0108407,0.771861,0.635699][0.889536,0.1766,0][-0.953635,0.75967,0.66116][-0.0722798,0.708072,0.702431][0.890175,0.132776,0][-0.583367,0.58837,0.869615][-0.0509168,0.731348,0.680101][0.916656,0.133208,0][-0.847412,0.398451,0.962419][0.529797,-0.770805,-0.353801][0.575325,0.881787,0][-1.05673,0.182771,0.990748][0.678819,-0.587598,-0.44038][0.577213,0.87017,0][-1.27794,0.191441,0.63673][0.679685,-0.586225,-0.440874][0.586941,0.870214,0][-1.27794,0.191441,0.63673][0.679685,-0.586225,-0.440874][0.586941,0.870214,0][-1.16622,0.41339,0.453647][0.527419,-0.773075,-0.352399][0.589202,0.88196,0][-0.847412,0.398451,0.962419][0.529797,-0.770805,-0.353801][0.575325,0.881787,0][-1.05673,0.182771,0.990748][-0.325384,0.296682,0.897834][0.905988,0.07124,0][-0.847412,0.398451,0.962419][-0.198345,0.542279,0.816452][0.912383,0.100416,0][-1.1604,0.536571,0.794482][-0.209272,0.525066,0.824931][0.890503,0.102217,0][-1.1604,0.536571,0.794482][-0.209272,0.525066,0.824931][0.890503,0.102217,0][-1.2884,0.263771,0.882415][-0.332843,0.277673,0.901173][0.89088,0.072985,0][-1.05673,0.182771,0.990748][-0.325384,0.296682,0.897834][0.905988,0.07124,0][-1.1604,0.536571,0.794482][-0.846788,0.503684,-0.171033][0.890503,0.102217,0][-1.16622,0.41339,0.453647][-0.829451,0.529227,-0.178688][0.870026,0.100534,0][-1.27794,0.191441,0.63673][-0.950477,0.289228,-0.113753][0.876542,0.071827,0][-1.27794,0.191441,0.63673][-0.950477,0.289228,-0.113753][0.876542,0.071827,0][-1.2884,0.263771,0.882415][-0.954859,0.275616,-0.110816][0.89088,0.072985,0][-1.1604,0.536571,0.794482][-0.846788,0.503684,-0.171033][0.890503,0.102217,0][-0.435732,-0.442399,1.49357][0.036792,-0.038252,-0.998591][0.432136,0.96739,0][-0.133584,-0.51022,1.49773][0.036866,-0.035819,-0.998678][0.440545,0.967406,0][-0.382254,-1.10449,1.41397][0.041146,0.122537,-0.991611][0.43597,0.985891,0][-0.278531,-0.452159,1.60197][-0.540356,0.0491662,0.839999][0.470071,0.315107,0][-0.435732,-0.442399,1.49357][-0.54193,0.0411242,0.839417][0.48217,0.316088,0][-0.382254,-1.10449,1.41397][-0.56785,-0.143313,0.81056][0.471754,0.360727,0][-0.382254,-1.10449,1.41397][0.468887,-0.312632,0.826079][0.471754,0.360727,0][-0.133584,-0.51022,1.49773][0.443877,-0.190261,0.875656][0.45732,0.316575,0][-0.278531,-0.452159,1.60197][0.440942,-0.177862,0.879736][0.470071,0.315107,0][-0.00594885,0.513471,1.23593][0.252862,0.816486,-0.519048][0.968645,0.968421,0][0.292847,0.32806,1.08984][0.252862,0.816486,-0.519048][0.968156,0.971126,0][-0.29746,0.47317,1.03052][0.252862,0.816487,-0.519048][0.968142,0.965936,0][0.0414049,-0.19873,1.48076][0.425469,0.0552269,0.903286][0.451089,0.288103,0][0.153531,0.0127802,1.38166][0.508879,0.337993,0.791709][0.448268,0.264648,0][-0.123452,0.12989,1.4898][0.500795,0.323072,0.803013][0.470282,0.266074,0][-0.123452,0.12989,1.4898][0.500795,0.323072,0.803013][0.470282,0.266074,0][-0.196582,-0.103749,1.57235][0.425488,0.0422919,0.903975][0.470854,0.287333,0][0.0414049,-0.19873,1.48076][0.425469,0.0552269,0.903286][0.451089,0.288103,0][0.0414049,-0.19873,1.48076][0.00383191,-0.287913,-0.957649][0.442621,0.95334,0][-0.43013,-0.0775995,1.43553][0.00420391,-0.285903,-0.958249][0.429593,0.953697,0][-0.398216,0.15505,1.3297][-0.0711422,-0.588701,-0.805214][0.428734,0.946477,0][-0.398216,0.15505,1.3297][-0.0711422,-0.588701,-0.805214][0.428734,0.946477,0][0.153531,0.0127802,1.38166][-0.0719902,-0.591471,-0.803106][0.443397,0.946085,0][0.0414049,-0.19873,1.48076][0.00383191,-0.287913,-0.957649][0.442621,0.95334,0][-0.43013,-0.0775995,1.43553][-0.471188,0.303498,0.828173][0.488631,0.287665,0][-0.196582,-0.103749,1.57235][-0.475268,0.291701,0.830079][0.470854,0.287333,0][-0.123452,0.12989,1.4898][-0.432004,0.567166,0.70121][0.470282,0.266074,0][-0.123452,0.12989,1.4898][-0.432004,0.567166,0.70121][0.470282,0.266074,0][-0.398216,0.15505,1.3297][-0.431863,0.581026,0.689858][0.491796,0.264923,0][-0.43013,-0.0775995,1.43553][-0.471188,0.303498,0.828173][0.488631,0.287665,0][-0.29746,0.47317,1.03052][-0.0934642,-0.660063,-0.745373][0.42783,0.929805,0][0.292847,0.32806,1.08984][-0.0934642,-0.660063,-0.745373][0.444279,0.929803,0][0.153531,0.0127802,1.38166][-0.0719902,-0.591471,-0.803106][0.443397,0.946085,0][0.153531,0.0127802,1.38166][-0.0719902,-0.591471,-0.803106][0.443397,0.946085,0][-0.398216,0.15505,1.3297][-0.0711422,-0.588701,-0.805214][0.428734,0.946477,0][-0.29746,0.47317,1.03052][-0.0934642,-0.660063,-0.745373][0.42783,0.929805,0][-0.00594885,0.513471,1.23593][-0.429727,0.637603,0.639372][0.471233,0.227667,0][-0.29746,0.47317,1.03052][-0.429727,0.637603,0.639372][0.494503,0.226633,0][-0.398216,0.15505,1.3297][-0.431863,0.581026,0.689858][0.491796,0.264923,0][-0.398216,0.15505,1.3297][-0.431863,0.581026,0.689858][0.491796,0.264923,0][-0.123452,0.12989,1.4898][-0.432004,0.567166,0.70121][0.470282,0.266074,0][-0.00594885,0.513471,1.23593][-0.429727,0.637603,0.639372][0.471233,0.227667,0][0.153531,0.0127802,1.38166][0.508879,0.337993,0.791709][0.448268,0.264648,0][0.292847,0.32806,1.08984][0.535341,0.388778,0.749841][0.446764,0.225839,0][-0.00594885,0.513471,1.23593][0.535341,0.388778,0.749841][0.471233,0.227667,0][-0.00594885,0.513471,1.23593][0.535341,0.388778,0.749841][0.471233,0.227667,0][-0.123452,0.12989,1.4898][0.500795,0.323072,0.803013][0.470282,0.266074,0][0.153531,0.0127802,1.38166][0.508879,0.337993,0.791709][0.448268,0.264648,0][-0.43013,-0.0775995,1.43553][0.00420391,-0.285903,-0.958249][0.429593,0.953697,0][0.0414049,-0.19873,1.48076][0.00383191,-0.287913,-0.957649][0.442621,0.95334,0][-0.133584,-0.51022,1.49773][0.036866,-0.035819,-0.998678][0.440545,0.967406,0][-0.133584,-0.51022,1.49773][0.036866,-0.035819,-0.998678][0.440545,0.967406,0][-0.435732,-0.442399,1.49357][0.036792,-0.038252,-0.998591][0.432136,0.96739,0][-0.43013,-0.0775995,1.43553][0.00420391,-0.285903,-0.958249][0.429593,0.953697,0][-0.133584,-0.51022,1.49773][0.443877,-0.190261,0.875656][0.45732,0.316575,0][0.0414049,-0.19873,1.48076][0.425469,0.0552269,0.903286][0.451089,0.288103,0][-0.196582,-0.103749,1.57235][0.425488,0.0422919,0.903975][0.470854,0.287333,0][-0.196582,-0.103749,1.57235][0.425488,0.0422919,0.903975][0.470854,0.287333,0][-0.278531,-0.452159,1.60197][0.440942,-0.177862,0.879736][0.470071,0.315107,0][-0.133584,-0.51022,1.49773][0.443877,-0.190261,0.875656][0.45732,0.316575,0][-0.196582,-0.103749,1.57235][-0.475268,0.291701,0.830079][0.470854,0.287333,0][-0.43013,-0.0775995,1.43553][-0.471188,0.303498,0.828173][0.488631,0.287665,0][-0.435732,-0.442399,1.49357][-0.54193,0.0411242,0.839417][0.48217,0.316088,0][-0.435732,-0.442399,1.49357][-0.54193,0.0411242,0.839417][0.48217,0.316088,0][-0.278531,-0.452159,1.60197][-0.540356,0.0491662,0.839999][0.470071,0.315107,0][-0.196582,-0.103749,1.57235][-0.475268,0.291701,0.830079][0.470854,0.287333,0][0.571011,0.53637,1.10406][0.0404258,-0.478727,-0.877033][0.459766,0.991796,0][0.537835,-0.0752792,1.38354][0.0200789,-0.408753,-0.912424][0.461003,0.969807,0][0.013259,0.00647068,1.36762][0.0260639,-0.429566,-0.902659][0.47542,0.969851,0][0.013259,0.00647068,1.36762][0.0260639,-0.429566,-0.902659][0.47542,0.969851,0][-0.0400518,0.56317,1.00838][0.0404258,-0.478727,-0.877033][0.476565,0.991829,0][0.571011,0.53637,1.10406][0.0404258,-0.478727,-0.877033][0.459766,0.991796,0][0.147604,-0.48926,1.51176][-0.0118811,-0.263922,-0.964471][0.472248,0.953435,0][0.45894,-0.53801,1.52126][-0.0109301,-0.258149,-0.966043][0.463659,0.953402,0][0.260621,-1.06636,1.62418][1.49377e-005,-0.191204,-0.98155][0.468371,0.934534,0][0.230897,0.59957,1.21975][-0.562593,0.388402,0.729817][0.256598,0.373953,0][-0.0400518,0.56317,1.00838][-0.562593,0.388402,0.729817][0.232886,0.375003,0][0.013259,0.00647068,1.36762][-0.56224,0.307565,0.767652][0.236573,0.32294,0][0.013259,0.00647068,1.36762][-0.56224,0.307565,0.767652][0.236573,0.32294,0][0.269786,0.0198107,1.53641][-0.560159,0.262425,0.785719][0.257354,0.323703,0][0.230897,0.59957,1.21975][-0.562593,0.388402,0.729817][0.256598,0.373953,0][0.29975,-0.489269,1.60575][-0.535836,0.0811272,0.840415][0.257793,0.284848,0][0.147604,-0.48926,1.51176][-0.537215,0.0834072,0.839311][0.245464,0.283847,0][0.260621,-1.06636,1.62418][-0.524527,0.0626792,0.849083][0.256083,0.238358,0][0.571011,0.53637,1.10406][0.45534,0.40012,0.795342][0.281534,0.375818,0][0.230897,0.59957,1.21975][0.45534,0.40012,0.795342][0.256598,0.373953,0][0.269786,0.0198107,1.53641][0.477867,0.327982,0.814906][0.257354,0.323703,0][0.269786,0.0198107,1.53641][0.477867,0.327982,0.814906][0.257354,0.323703,0][0.537835,-0.0752792,1.38354][0.482051,0.313212,0.818245][0.2795,0.323188,0][0.571011,0.53637,1.10406][0.45534,0.40012,0.795342][0.281534,0.375818,0][0.260621,-1.06636,1.62418][0.467972,-0.00351015,0.883736][0.256083,0.238358,0][0.45894,-0.53801,1.52126][0.50624,0.110132,0.855331][0.270787,0.283353,0][0.29975,-0.489269,1.60575][0.507825,0.115351,0.853702][0.257793,0.284848,0][0.537835,-0.0752792,1.38354][0.0200789,-0.408753,-0.912424][0.461003,0.969807,0][0.45894,-0.53801,1.52126][-0.0109301,-0.258149,-0.966043][0.463659,0.953402,0][0.147604,-0.48926,1.51176][-0.0118811,-0.263922,-0.964471][0.472248,0.953435,0][0.147604,-0.48926,1.51176][-0.0118811,-0.263922,-0.964471][0.472248,0.953435,0][0.013259,0.00647068,1.36762][0.0260639,-0.429566,-0.902659][0.47542,0.969851,0][0.537835,-0.0752792,1.38354][0.0200789,-0.408753,-0.912424][0.461003,0.969807,0][0.537835,-0.0752792,1.38354][0.482051,0.313212,0.818245][0.2795,0.323188,0][0.269786,0.0198107,1.53641][0.477867,0.327982,0.814906][0.257354,0.323703,0][0.29975,-0.489269,1.60575][0.507825,0.115351,0.853702][0.257793,0.284848,0][0.29975,-0.489269,1.60575][0.507825,0.115351,0.853702][0.257793,0.284848,0][0.45894,-0.53801,1.52126][0.50624,0.110132,0.855331][0.270787,0.283353,0][0.537835,-0.0752792,1.38354][0.482051,0.313212,0.818245][0.2795,0.323188,0][0.269786,0.0198107,1.53641][-0.560159,0.262425,0.785719][0.257354,0.323703,0][0.013259,0.00647068,1.36762][-0.56224,0.307565,0.767652][0.236573,0.32294,0][0.147604,-0.48926,1.51176][-0.537215,0.0834072,0.839311][0.245464,0.283847,0][0.147604,-0.48926,1.51176][-0.537215,0.0834072,0.839311][0.245464,0.283847,0][0.29975,-0.489269,1.60575][-0.535836,0.0811272,0.840415][0.257793,0.284848,0][0.269786,0.0198107,1.53641][-0.560159,0.262425,0.785719][0.257354,0.323703,0][0.230897,0.59957,1.21975][0.0848513,0.958064,-0.273704][0.977705,0.968383,0][0.571011,0.53637,1.10406][0.0848513,0.958064,-0.273704][0.977255,0.970872,0][-0.0400518,0.56317,1.00838][0.0848513,0.958064,-0.273704][0.977243,0.966097,0][0.488673,0.142341,-1.28166][-0.0665811,-0.424832,0.902821][0.561551,0.971807,0][0.179632,0.0523005,-1.34738][-0.0660061,-0.426291,0.902175][0.569204,0.971841,0][0.465873,-0.25532,-1.37799][-0.139297,-0.225611,0.964208][0.564995,0.988651,0][0.353254,0.138371,-1.43106][0.69707,0.294232,-0.653851][0.875439,0.65925,0][0.488673,0.142341,-1.28166][0.693056,0.308106,-0.651724][0.88672,0.660161,0][0.465873,-0.25532,-1.37799][0.733998,0.119872,-0.66849][0.877023,0.701785,0][0.465873,-0.25532,-1.37799][-0.333443,-0.218973,-0.916988][0.877023,0.701785,0][0.179632,0.0523005,-1.34738][-0.431025,0.0118361,-0.902263][0.863552,0.660623,0][0.353254,0.138371,-1.43106][-0.423953,-0.00731086,-0.905654][0.875439,0.65925,0][0.0659362,0.785371,-0.879984][-0.339456,0.758035,0.556914][0.962589,0.968256,0][-0.246116,0.571271,-0.7788][-0.339456,0.758035,0.556914][0.96209,0.971019,0][0.358279,0.74907,-0.652413][-0.339456,0.758035,0.556914][0.962075,0.965719,0][0.041527,0.221181,-1.2534][-0.518665,0.270799,-0.810959][0.858519,0.637667,0][-0.0890819,0.386101,-1.0904][-0.572202,0.492459,-0.655796][0.855157,0.611866,0][0.200089,0.563471,-1.2124][-0.567031,0.463494,-0.680918][0.875993,0.612206,0][0.200089,0.563471,-1.2124][-0.567031,0.463494,-0.680918][0.875993,0.612206,0][0.28272,0.364071,-1.3598][-0.512938,0.25181,-0.820662][0.875736,0.63625,0][0.041527,0.221181,-1.2534][-0.518665,0.270799,-0.810959][0.858519,0.637667,0][-0.0890819,0.386101,-1.0904][0.101373,-0.782456,0.614399][0.571829,0.952219,0][0.041527,0.221181,-1.2534][0.0207408,-0.627372,0.778443][0.57069,0.962701,0][0.485756,0.35243,-1.15989][0.0219738,-0.629963,0.776314][0.559772,0.962565,0][0.485756,0.35243,-1.15989][0.0219738,-0.629963,0.776314][0.559772,0.962565,0][0.448458,0.54417,-0.977531][0.101812,-0.783209,0.613367][0.558514,0.95217,0][-0.0890819,0.386101,-1.0904][0.101373,-0.782456,0.614399][0.571829,0.952219,0][0.485756,0.35243,-1.15989][0.599872,0.556766,-0.574601][0.891847,0.637574,0][0.28272,0.364071,-1.3598][0.612468,0.530067,-0.586439][0.875736,0.63625,0][0.200089,0.563471,-1.2124][0.484561,0.744946,-0.458537][0.875993,0.612206,0][0.200089,0.563471,-1.2124][0.484561,0.744946,-0.458537][0.875993,0.612206,0][0.448458,0.54417,-0.977531][0.460004,0.775038,-0.433259][0.895621,0.612196,0][0.485756,0.35243,-1.15989][0.599872,0.556766,-0.574601][0.891847,0.637574,0][-0.246116,0.571271,-0.7788][0.126211,-0.823302,0.553393][0.572695,0.93763,0][-0.0890819,0.386101,-1.0904][0.101373,-0.782456,0.614399][0.571829,0.952219,0][0.448458,0.54417,-0.977531][0.101812,-0.783209,0.613367][0.558514,0.95217,0][0.448458,0.54417,-0.977531][0.101812,-0.783209,0.613367][0.558514,0.95217,0][0.358279,0.74907,-0.652413][0.126211,-0.823302,0.553393][0.557726,0.937591,0][-0.246116,0.571271,-0.7788][0.126211,-0.823302,0.553393][0.572695,0.93763,0][0.0659362,0.785371,-0.879984][0.417864,0.82051,-0.390069][0.876496,0.577724,0][0.358279,0.74907,-0.652413][0.417864,0.82051,-0.390069][0.898192,0.576753,0][0.448458,0.54417,-0.977531][0.460004,0.775038,-0.433259][0.895621,0.612196,0][0.448458,0.54417,-0.977531][0.460004,0.775038,-0.433259][0.895621,0.612196,0][0.200089,0.563471,-1.2124][0.484561,0.744946,-0.458537][0.875993,0.612206,0][0.0659362,0.785371,-0.879984][0.417864,0.82051,-0.390069][0.876496,0.577724,0][-0.0890819,0.386101,-1.0904][-0.572202,0.492459,-0.655796][0.855157,0.611866,0][-0.246116,0.571271,-0.7788][-0.579562,0.544546,-0.606281][0.853681,0.576027,0][0.0659362,0.785371,-0.879984][-0.579562,0.544546,-0.606281][0.876496,0.577724,0][0.0659362,0.785371,-0.879984][-0.579562,0.544546,-0.606281][0.876496,0.577724,0][0.200089,0.563471,-1.2124][-0.567031,0.463494,-0.680918][0.875993,0.612206,0][-0.0890819,0.386101,-1.0904][-0.572202,0.492459,-0.655796][0.855157,0.611866,0][0.041527,0.221181,-1.2534][0.0207408,-0.627372,0.778443][0.57069,0.962701,0][0.179632,0.0523005,-1.34738][-0.0660061,-0.426291,0.902175][0.569204,0.971841,0][0.488673,0.142341,-1.28166][-0.0665811,-0.424832,0.902821][0.561551,0.971807,0][0.488673,0.142341,-1.28166][-0.0665811,-0.424832,0.902821][0.561551,0.971807,0][0.485756,0.35243,-1.15989][0.0219738,-0.629963,0.776314][0.559772,0.962565,0][0.041527,0.221181,-1.2534][0.0207408,-0.627372,0.778443][0.57069,0.962701,0][0.179632,0.0523005,-1.34738][-0.431025,0.0118361,-0.902263][0.863552,0.660623,0][0.041527,0.221181,-1.2534][-0.518665,0.270799,-0.810959][0.858519,0.637667,0][0.28272,0.364071,-1.3598][-0.512938,0.25181,-0.820662][0.875736,0.63625,0][0.28272,0.364071,-1.3598][-0.512938,0.25181,-0.820662][0.875736,0.63625,0][0.353254,0.138371,-1.43106][-0.423953,-0.00731086,-0.905654][0.875439,0.65925,0][0.179632,0.0523005,-1.34738][-0.431025,0.0118361,-0.902263][0.863552,0.660623,0][0.28272,0.364071,-1.3598][0.612468,0.530067,-0.586439][0.875736,0.63625,0][0.485756,0.35243,-1.15989][0.599872,0.556766,-0.574601][0.891847,0.637574,0][0.488673,0.142341,-1.28166][0.693056,0.308106,-0.651724][0.88672,0.660161,0][0.488673,0.142341,-1.28166][0.693056,0.308106,-0.651724][0.88672,0.660161,0][0.353254,0.138371,-1.43106][0.69707,0.294232,-0.653851][0.875439,0.65925,0][0.28272,0.364071,-1.3598][0.612468,0.530067,-0.586439][0.875736,0.63625,0][1.12492,0.0523405,-0.881247][-0.512975,-0.364876,0.776996][0.244657,0.951041,0][0.814959,0.0317307,-1.09631][-0.51254,-0.366452,0.776541][0.235855,0.951,0][1.04121,-0.390009,-1.02067][-0.556567,-0.152126,0.816756][0.240697,0.931668,0][1.05323,0.0779705,-1.10034][0.945812,0.100127,-0.308892][0.369488,0.073201,0][1.12492,0.0523405,-0.881247][0.94456,0.114622,-0.307683][0.356514,0.072153,0][1.04121,-0.390009,-1.02067][0.944738,-0.0784503,-0.318302][0.367667,0.024284,0][1.04121,-0.390009,-1.02067][0.0159639,-0.168182,-0.985627][0.367667,0.024284,0][0.814959,0.0317307,-1.09631][-0.024108,0.079377,-0.996553][0.383159,0.071622,0][1.05323,0.0779705,-1.10034][-0.020837,0.059001,-0.998041][0.369488,0.073201,0][0.678143,0.90087,-0.603677][-0.349559,0.835773,0.423429][0.953087,0.967596,0][0.256713,0.74927,-0.65249][-0.349559,0.835773,0.423429][0.952513,0.970774,0][0.864327,0.791471,-0.234029][-0.349559,0.835773,0.423429][0.952496,0.964679,0][0.675148,0.26134,-1.0478][-0.0791989,0.354742,-0.931604][0.388946,0.098022,0][0.510582,0.48737,-0.923305][-0.137689,0.588213,-0.796899][0.392812,0.127694,0][0.908428,0.60307,-0.909317][-0.129753,0.557954,-0.819665][0.368851,0.127304,0][0.908428,0.60307,-0.909317][-0.129753,0.557954,-0.819665][0.368851,0.127304,0][1.00779,0.35206,-1.04139][-0.0745919,0.334605,-0.939402][0.369147,0.099652,0][0.675148,0.26134,-1.0478][-0.0791989,0.354742,-0.931604][0.388946,0.098022,0][0.510582,0.48737,-0.923305][-0.330962,-0.761921,0.556723][0.232836,0.973567,0][0.675148,0.26134,-1.0478][-0.432239,-0.586523,0.684953][0.234146,0.961512,0][1.12161,0.292971,-0.739523][-0.43089,-0.589405,0.683327][0.246704,0.961669,0][1.12161,0.292971,-0.739523][-0.43089,-0.589405,0.683327][0.246704,0.961669,0][1.05076,0.524771,-0.550645][-0.330335,-0.762792,0.555902][0.248149,0.973622,0][0.510582,0.48737,-0.923305][-0.330962,-0.761921,0.556723][0.232836,0.973567,0][1.12161,0.292971,-0.739523][0.887796,0.380755,-0.258543][0.350619,0.098128,0][1.00779,0.35206,-1.04139][0.897604,0.351449,-0.266067][0.369147,0.099652,0][0.908428,0.60307,-0.909317][0.78217,0.594662,-0.185975][0.368851,0.127304,0][0.908428,0.60307,-0.909317][0.78217,0.594662,-0.185975][0.368851,0.127304,0][1.05076,0.524771,-0.550645][0.757179,0.630534,-0.170607][0.346278,0.127315,0][1.12161,0.292971,-0.739523][0.887796,0.380755,-0.258543][0.350619,0.098128,0][0.256713,0.74927,-0.65249][-0.294047,-0.809597,0.508026][0.231841,0.990345,0][0.510582,0.48737,-0.923305][-0.330962,-0.761921,0.556723][0.232836,0.973567,0][1.05076,0.524771,-0.550645][-0.330335,-0.762792,0.555902][0.248149,0.973622,0][1.05076,0.524771,-0.550645][-0.330335,-0.762792,0.555902][0.248149,0.973622,0][0.864327,0.791471,-0.234029][-0.294047,-0.809597,0.508026][0.249056,0.99039,0][0.256713,0.74927,-0.65249][-0.294047,-0.809597,0.508026][0.231841,0.990345,0][0.678143,0.90087,-0.603677][0.712965,0.686091,-0.144774][0.368272,0.166959,0][0.864327,0.791471,-0.234029][0.712965,0.686091,-0.144774][0.343321,0.168075,0][1.05076,0.524771,-0.550645][0.757179,0.630534,-0.170607][0.346278,0.127315,0][1.05076,0.524771,-0.550645][0.757179,0.630534,-0.170607][0.346278,0.127315,0][0.908428,0.60307,-0.909317][0.78217,0.594662,-0.185975][0.368851,0.127304,0][0.678143,0.90087,-0.603677][0.712965,0.686091,-0.144774][0.368272,0.166959,0][0.510582,0.48737,-0.923305][-0.137689,0.588213,-0.796899][0.392812,0.127694,0][0.256713,0.74927,-0.65249][-0.151948,0.642331,-0.751214][0.394511,0.16891,0][0.678143,0.90087,-0.603677][-0.151948,0.642331,-0.751214][0.368272,0.166959,0][0.678143,0.90087,-0.603677][-0.151948,0.642331,-0.751214][0.368272,0.166959,0][0.908428,0.60307,-0.909317][-0.129753,0.557954,-0.819665][0.368851,0.127304,0][0.510582,0.48737,-0.923305][-0.137689,0.588213,-0.796899][0.392812,0.127694,0][0.675148,0.26134,-1.0478][-0.432239,-0.586523,0.684953][0.234146,0.961512,0][0.814959,0.0317307,-1.09631][-0.51254,-0.366452,0.776541][0.235855,0.951,0][1.12492,0.0523405,-0.881247][-0.512975,-0.364876,0.776996][0.244657,0.951041,0][1.12492,0.0523405,-0.881247][-0.512975,-0.364876,0.776996][0.244657,0.951041,0][1.12161,0.292971,-0.739523][-0.43089,-0.589405,0.683327][0.246704,0.961669,0][0.675148,0.26134,-1.0478][-0.432239,-0.586523,0.684953][0.234146,0.961512,0][0.814959,0.0317307,-1.09631][-0.024108,0.079377,-0.996553][0.383159,0.071622,0][0.675148,0.26134,-1.0478][-0.0791989,0.354742,-0.931604][0.388946,0.098022,0][1.00779,0.35206,-1.04139][-0.0745919,0.334605,-0.939402][0.369147,0.099652,0][1.00779,0.35206,-1.04139][-0.0745919,0.334605,-0.939402][0.369147,0.099652,0][1.05323,0.0779705,-1.10034][-0.020837,0.059001,-0.998041][0.369488,0.073201,0][0.814959,0.0317307,-1.09631][-0.024108,0.079377,-0.996553][0.383159,0.071622,0][1.00779,0.35206,-1.04139][0.897604,0.351449,-0.266067][0.369147,0.099652,0][1.12161,0.292971,-0.739523][0.887796,0.380755,-0.258543][0.350619,0.098128,0][1.12492,0.0523405,-0.881247][0.94456,0.114622,-0.307683][0.356514,0.072153,0][1.12492,0.0523405,-0.881247][0.94456,0.114622,-0.307683][0.356514,0.072153,0][1.05323,0.0779705,-1.10034][0.945812,0.100127,-0.308892][0.369488,0.073201,0][1.00779,0.35206,-1.04139][0.897604,0.351449,-0.266067][0.369147,0.099652,0][0.168102,0.41917,1.43569][0.0787668,-0.735419,-0.673019][0.67258,0.878587,0][0.516329,0.480471,1.40944][0.0790448,-0.736486,-0.671819][0.680402,0.878635,0][0.421336,0.0106211,1.64426][0.0116829,-0.4489,-0.893506][0.676073,0.895807,0][0.317062,0.58897,1.50533][-0.635634,0.347329,0.689444][0.396524,0.280467,0][0.168102,0.41917,1.43569][-0.622624,0.314679,0.716461][0.384196,0.279469,0][0.421336,0.0106211,1.64426][-0.520713,0.109483,0.846683][0.394803,0.233981,0][0.421336,0.0106211,1.64426][0.537856,0.287346,0.792555][0.394803,0.233981,0][0.516329,0.480471,1.40944][0.548015,0.548725,0.631333][0.409516,0.278969,0][0.317062,0.58897,1.50533][0.544863,0.585661,0.600105][0.396524,0.280467,0][0.187574,0.80197,0.549487][0.00800186,-0.436339,-0.899747][0.949897,0.967488,0][0.58838,0.637971,0.632582][0.00800186,-0.436339,-0.899747][0.94932,0.970684,0][-0.0926488,0.51807,0.684677][0.00800186,-0.436339,-0.899747][0.949303,0.964554,0][0.554063,0.635971,1.17411][0.477119,0.819474,0.317523][0.415343,0.305577,0][0.573227,0.68887,0.916011][0.399725,0.916397,-0.02087][0.418895,0.335701,0][0.218089,0.83917,1.02508][0.408507,0.912483,0.022298][0.395957,0.331125,0][0.218089,0.83917,1.02508][0.408507,0.912483,0.022298][0.395957,0.331125,0][0.257197,0.761571,1.27521][0.481402,0.811831,0.330428][0.39599,0.306872,0][0.554063,0.635971,1.17411][0.477119,0.819474,0.317523][0.415343,0.305577,0][0.573227,0.68887,0.916011][0.176044,-0.983712,0.036321][0.683234,0.857171,0][0.554063,0.635971,1.17411][0.140603,-0.936614,-0.320913][0.682307,0.866356,0][0.0292372,0.54417,1.21279][0.141344,-0.938421,-0.315258][0.670361,0.865857,0][0.0292372,0.54417,1.21279][0.141344,-0.938421,-0.315258][0.670361,0.865857,0][-0.0523988,0.57857,0.963455][0.176213,-0.983586,0.038818][0.669391,0.856957,0][0.573227,0.68887,0.916011][0.176044,-0.983712,0.036321][0.683234,0.857171,0][0.0292372,0.54417,1.21279][-0.695874,0.577239,0.427265][0.378235,0.305705,0][0.257197,0.761571,1.27521][-0.694228,0.562522,0.449017][0.39599,0.306872,0][0.218089,0.83917,1.02508][-0.7117,0.691724,0.122475][0.395957,0.331125,0][0.218089,0.83917,1.02508][-0.7117,0.691724,0.122475][0.395957,0.331125,0][-0.0523988,0.57857,0.963455][-0.711039,0.699534,0.071247][0.374129,0.335354,0][0.0292372,0.54417,1.21279][-0.695874,0.577239,0.427265][0.378235,0.305705,0][0.58838,0.637971,0.632582][0.184133,-0.965683,0.183171][0.684023,0.843677,0][0.573227,0.68887,0.916011][0.176044,-0.983712,0.036321][0.683234,0.857171,0][-0.0523988,0.57857,0.963455][0.176213,-0.983586,0.038818][0.669391,0.856957,0][-0.0523988,0.57857,0.963455][0.176213,-0.983586,0.038818][0.669391,0.856957,0][-0.0926488,0.51807,0.684677][0.184133,-0.965683,0.183171][0.668725,0.843614,0][0.58838,0.637971,0.632582][0.184133,-0.965683,0.183171][0.684023,0.843677,0][0.187574,0.80197,0.549487][-0.704605,0.709133,-0.025736][0.395351,0.369564,0][-0.0926488,0.51807,0.684677][-0.704605,0.709133,-0.025736][0.37164,0.37062,0][-0.0523988,0.57857,0.963455][-0.711039,0.699534,0.071247][0.374129,0.335354,0][-0.0523988,0.57857,0.963455][-0.711039,0.699534,0.071247][0.374129,0.335354,0][0.218089,0.83917,1.02508][-0.7117,0.691724,0.122475][0.395957,0.331125,0][0.187574,0.80197,0.549487][-0.704605,0.709133,-0.025736][0.395351,0.369564,0][0.573227,0.68887,0.916011][0.399725,0.916397,-0.02087][0.418895,0.335701,0][0.58838,0.637971,0.632582][0.377995,0.918721,-0.114333][0.420284,0.371424,0][0.187574,0.80197,0.549487][0.377995,0.918721,-0.114333][0.395351,0.369564,0][0.187574,0.80197,0.549487][0.377995,0.918721,-0.114333][0.395351,0.369564,0][0.218089,0.83917,1.02508][0.408507,0.912483,0.022298][0.395957,0.331125,0][0.573227,0.68887,0.916011][0.399725,0.916397,-0.02087][0.418895,0.335701,0][0.554063,0.635971,1.17411][0.140603,-0.936614,-0.320913][0.682307,0.866356,0][0.516329,0.480471,1.40944][0.0790448,-0.736486,-0.671819][0.680402,0.878635,0][0.168102,0.41917,1.43569][0.0787668,-0.735419,-0.673019][0.67258,0.878587,0][0.168102,0.41917,1.43569][0.0787668,-0.735419,-0.673019][0.67258,0.878587,0][0.0292372,0.54417,1.21279][0.141344,-0.938421,-0.315258][0.670361,0.865857,0][0.554063,0.635971,1.17411][0.140603,-0.936614,-0.320913][0.682307,0.866356,0][0.516329,0.480471,1.40944][0.548015,0.548725,0.631333][0.409516,0.278969,0][0.554063,0.635971,1.17411][0.477119,0.819474,0.317523][0.415343,0.305577,0][0.257197,0.761571,1.27521][0.481402,0.811831,0.330428][0.39599,0.306872,0][0.257197,0.761571,1.27521][0.481402,0.811831,0.330428][0.39599,0.306872,0][0.317062,0.58897,1.50533][0.544863,0.585661,0.600105][0.396524,0.280467,0][0.516329,0.480471,1.40944][0.548015,0.548725,0.631333][0.409516,0.278969,0][0.257197,0.761571,1.27521][-0.694228,0.562522,0.449017][0.39599,0.306872,0][0.0292372,0.54417,1.21279][-0.695874,0.577239,0.427265][0.378235,0.305705,0][0.168102,0.41917,1.43569][-0.622624,0.314679,0.716461][0.384196,0.279469,0][0.168102,0.41917,1.43569][-0.622624,0.314679,0.716461][0.384196,0.279469,0][0.317062,0.58897,1.50533][-0.635634,0.347329,0.689444][0.396524,0.280467,0][0.257197,0.761571,1.27521][-0.694228,0.562522,0.449017][0.39599,0.306872,0][-0.316385,0.241011,1.49954][0.0663068,-0.71343,-0.697582][0.625838,0.972083,0][-0.013421,0.2186,1.55055][0.0659488,-0.714937,-0.696072][0.63344,0.972116,0][-0.23022,-0.163589,1.66339][0.130563,-0.348112,-0.928316][0.629263,0.988815,0][-0.184337,0.30918,1.63554][-0.755924,0.386529,0.528369][0.681894,0.272635,0][-0.316385,0.241011,1.49954][-0.755281,0.394395,0.523454][0.669992,0.27167,0][-0.23022,-0.163589,1.66339][-0.740207,0.11091,0.663168][0.680236,0.227756,0][-0.23022,-0.163589,1.66339][0.449013,0.00906285,0.893479][0.680236,0.227756,0][-0.013421,0.2186,1.55055][0.564352,0.333744,0.755064][0.694437,0.27119,0][-0.184337,0.30918,1.63554][0.561679,0.323344,0.761554][0.681894,0.272635,0][-0.0117178,0.76257,0.729262][0.180667,0.215508,-0.959644][0.970147,0.968418,0][0.288756,0.546471,0.737305][0.180667,0.215508,-0.959644][0.969673,0.971045,0][-0.3035,0.589471,0.635467][0.180667,0.215508,-0.959644][0.969659,0.966007,0][0.0976871,0.365861,1.34114][0.617259,0.543623,0.56874][0.700187,0.297866,0][0.180042,0.45647,1.13469][0.608413,0.717554,0.339043][0.703281,0.320958,0][-0.105982,0.669371,1.24055][0.614411,0.696221,0.371182][0.681325,0.320379,0][-0.105982,0.669371,1.24055][0.614411,0.696221,0.371182][0.681325,0.320379,0][-0.144115,0.543671,1.43674][0.614471,0.53441,0.580371][0.681595,0.299517,0][0.0976871,0.365861,1.34114][0.617259,0.543623,0.56874][0.700187,0.297866,0][0.180042,0.45647,1.13469][-0.0212343,-0.959604,-0.280553][0.636036,0.953261,0][0.0976871,0.365861,1.34114][0.0161107,-0.883731,-0.467717][0.635034,0.962056,0][-0.345191,0.39805,1.26445][0.0156637,-0.884903,-0.465512][0.623912,0.961989,0][-0.345191,0.39805,1.26445][0.0156637,-0.884903,-0.465512][0.623912,0.961989,0][-0.346273,0.494571,1.04401][-0.0213603,-0.959791,-0.2799][0.622822,0.953218,0][0.180042,0.45647,1.13469][-0.0212343,-0.959604,-0.280553][0.636036,0.953261,0][-0.345191,0.39805,1.26445][-0.722625,0.597761,0.347124][0.664067,0.297898,0][-0.144115,0.543671,1.43674][-0.725833,0.584202,0.363145][0.681595,0.299517,0][-0.105982,0.669371,1.24055][-0.632865,0.757487,0.1603][0.681325,0.320379,0][-0.105982,0.669371,1.24055][-0.632865,0.757487,0.1603][0.681325,0.320379,0][-0.346273,0.494571,1.04401][-0.611067,0.781043,0.128721][0.660647,0.320609,0][-0.345191,0.39805,1.26445][-0.722625,0.597761,0.347124][0.664067,0.297898,0][0.288756,0.546471,0.737305][-0.0311333,-0.972919,-0.229042][0.636898,0.938131,0][0.180042,0.45647,1.13469][-0.0212343,-0.959604,-0.280553][0.636036,0.953261,0][-0.346273,0.494571,1.04401][-0.0213603,-0.959791,-0.2799][0.622822,0.953218,0][-0.346273,0.494571,1.04401][-0.0213603,-0.959791,-0.2799][0.622822,0.953218,0][-0.3035,0.589471,0.635467][-0.0311333,-0.972919,-0.229042][0.622029,0.938097,0][0.288756,0.546471,0.737305][-0.0311333,-0.972919,-0.229042][0.636898,0.938131,0][-0.0117178,0.76257,0.729262][-0.575837,0.813583,0.080586][0.680756,0.358652,0][-0.3035,0.589471,0.635467][-0.575837,0.813583,0.080586][0.657864,0.35967,0][-0.346273,0.494571,1.04401][-0.611067,0.781043,0.128721][0.660647,0.320609,0][-0.346273,0.494571,1.04401][-0.611067,0.781043,0.128721][0.660647,0.320609,0][-0.105982,0.669371,1.24055][-0.632865,0.757487,0.1603][0.681325,0.320379,0][-0.0117178,0.76257,0.729262][-0.575837,0.813583,0.080586][0.680756,0.358652,0][0.180042,0.45647,1.13469][0.608413,0.717554,0.339043][0.703281,0.320958,0][0.288756,0.546471,0.737305][0.5964,0.750573,0.284512][0.704827,0.360449,0][-0.0117178,0.76257,0.729262][0.5964,0.750573,0.284512][0.680756,0.358652,0][-0.0117178,0.76257,0.729262][0.5964,0.750573,0.284512][0.680756,0.358652,0][-0.105982,0.669371,1.24055][0.614411,0.696221,0.371182][0.681325,0.320379,0][0.180042,0.45647,1.13469][0.608413,0.717554,0.339043][0.703281,0.320958,0][0.0976871,0.365861,1.34114][0.0161107,-0.883731,-0.467717][0.635034,0.962056,0][-0.013421,0.2186,1.55055][0.0659488,-0.714937,-0.696072][0.63344,0.972116,0][-0.316385,0.241011,1.49954][0.0663068,-0.71343,-0.697582][0.625838,0.972083,0][-0.316385,0.241011,1.49954][0.0663068,-0.71343,-0.697582][0.625838,0.972083,0][-0.345191,0.39805,1.26445][0.0156637,-0.884903,-0.465512][0.623912,0.961989,0][0.0976871,0.365861,1.34114][0.0161107,-0.883731,-0.467717][0.635034,0.962056,0][-0.013421,0.2186,1.55055][0.564352,0.333744,0.755064][0.694437,0.27119,0][0.0976871,0.365861,1.34114][0.617259,0.543623,0.56874][0.700187,0.297866,0][-0.144115,0.543671,1.43674][0.614471,0.53441,0.580371][0.681595,0.299517,0][-0.144115,0.543671,1.43674][0.614471,0.53441,0.580371][0.681595,0.299517,0][-0.184337,0.30918,1.63554][0.561679,0.323344,0.761554][0.681894,0.272635,0][-0.013421,0.2186,1.55055][0.564352,0.333744,0.755064][0.694437,0.27119,0][-0.144115,0.543671,1.43674][-0.725833,0.584202,0.363145][0.681595,0.299517,0][-0.345191,0.39805,1.26445][-0.722625,0.597761,0.347124][0.664067,0.297898,0][-0.316385,0.241011,1.49954][-0.755281,0.394395,0.523454][0.669992,0.27167,0][-0.316385,0.241011,1.49954][-0.755281,0.394395,0.523454][0.669992,0.27167,0][-0.184337,0.30918,1.63554][-0.755924,0.386529,0.528369][0.681894,0.272635,0][-0.144115,0.543671,1.43674][-0.725833,0.584202,0.363145][0.681595,0.299517,0][-0.555731,0.911771,0.803025][0.153697,-0.864246,0.479017][0.66655,0.954737,0][-0.32353,1.03747,0.955351][0.1534,-0.864109,0.479357][0.659167,0.954701,0][-0.705755,1.04237,1.20378][0.235357,-0.894694,0.379644][0.663233,0.938485,0][-0.456585,1.09107,0.797273][-0.767644,0.389297,-0.509087][0.502821,0.459014,0][-0.555731,0.911771,0.803025][-0.770003,0.392345,-0.503151][0.491396,0.458092,0][-0.705755,1.04237,1.20378][-0.793603,0.424864,-0.43553][0.501215,0.415939,0][-0.705755,1.04237,1.20378][0.145783,0.967778,0.205314][0.501215,0.415939,0][-0.32353,1.03747,0.955351][0.250397,0.958667,0.135126][0.514859,0.457623,0][-0.456585,1.09107,0.797273][0.258974,0.957211,0.129153][0.502821,0.459014,0][0.0622122,0.82637,0.191128][0.640822,-0.374391,-0.670208][0.957851,0.967889,0][0.321663,0.72957,0.493302][0.640822,-0.374391,-0.670208][0.957302,0.97093,0][-0.132958,0.484071,0.195738][0.640822,-0.374391,-0.670208][0.957286,0.965097,0][0.0625333,0.892171,0.683378][0.477034,0.875827,-0.073249][0.523198,0.507189,0][-0.1632,0.99997,0.393645][0.474401,0.877607,-0.068925][0.502252,0.507308,0][-0.315128,1.07087,0.578001][0.38623,0.921647,0.037328][0.502562,0.482897,0][-0.315128,1.07087,0.578001][0.38623,0.921647,0.037328][0.502562,0.482897,0][-0.127572,0.979871,0.820682][0.38279,0.922973,0.0399][0.520065,0.481968,0][0.0625333,0.892171,0.683378][0.477034,0.875827,-0.073249][0.523198,0.507189,0][0.0625333,0.892171,0.683378][0.0118877,-0.780052,0.625602][0.656706,0.973714,0][-0.127572,0.979871,0.820682][0.0739187,-0.821564,0.565304][0.657522,0.966407,0][-0.459399,0.799371,0.601623][0.0729307,-0.82096,0.566309][0.667045,0.966473,0][-0.459399,0.799371,0.601623][0.0729307,-0.82096,0.566309][0.667045,0.966473,0][-0.336954,0.67607,0.421631][0.0115887,-0.779834,0.625879][0.669403,0.973764,0][0.0625333,0.892171,0.683378][0.0118877,-0.780052,0.625602][0.656706,0.973714,0][-0.459399,0.799371,0.601623][-0.708482,0.330586,-0.623511][0.486053,0.482132,0][-0.315128,1.07087,0.578001][-0.707805,0.329993,-0.624594][0.502562,0.482897,0][-0.1632,0.99997,0.393645][-0.604223,0.283251,-0.744771][0.502252,0.507308,0][-0.1632,0.99997,0.393645][-0.604223,0.283251,-0.744771][0.502252,0.507308,0][-0.336954,0.67607,0.421631][-0.598808,0.28171,-0.749713][0.482527,0.50686,0][-0.459399,0.799371,0.601623][-0.708482,0.330586,-0.623511][0.486053,0.482132,0][0.321663,0.72957,0.493302][-0.00787725,-0.765318,0.643604][0.65579,0.987707,0][0.0625333,0.892171,0.683378][0.0118877,-0.780052,0.625602][0.656706,0.973714,0][-0.336954,0.67607,0.421631][0.0115887,-0.779834,0.625879][0.669403,0.973764,0][-0.336954,0.67607,0.421631][0.0115887,-0.779834,0.625879][0.669403,0.973764,0][-0.132958,0.484071,0.195738][-0.00787725,-0.765318,0.643604][0.670232,0.987748,0][0.321663,0.72957,0.493302][-0.00787725,-0.765318,0.643604][0.65579,0.987707,0][0.0622122,0.82637,0.191128][-0.555644,0.269212,-0.786629][0.501753,0.541575,0][-0.132958,0.484071,0.195738][-0.555644,0.269212,-0.786629][0.479782,0.542559,0][-0.336954,0.67607,0.421631][-0.598808,0.28171,-0.749713][0.482527,0.50686,0][-0.336954,0.67607,0.421631][-0.598808,0.28171,-0.749713][0.482527,0.50686,0][-0.1632,0.99997,0.393645][-0.604223,0.283251,-0.744771][0.502252,0.507308,0][0.0622122,0.82637,0.191128][-0.555644,0.269212,-0.786629][0.501753,0.541575,0][0.0625333,0.892171,0.683378][0.477034,0.875827,-0.073249][0.523198,0.507189,0][0.321663,0.72957,0.493302][0.501739,0.857358,-0.114871][0.524858,0.543293,0][0.0622122,0.82637,0.191128][0.501739,0.857358,-0.114871][0.501753,0.541575,0][0.0622122,0.82637,0.191128][0.501739,0.857358,-0.114871][0.501753,0.541575,0][-0.1632,0.99997,0.393645][0.474401,0.877607,-0.068925][0.502252,0.507308,0][0.0625333,0.892171,0.683378][0.477034,0.875827,-0.073249][0.523198,0.507189,0][-0.127572,0.979871,0.820682][0.0739187,-0.821564,0.565304][0.657522,0.966407,0][-0.32353,1.03747,0.955351][0.1534,-0.864109,0.479357][0.659167,0.954701,0][-0.555731,0.911771,0.803025][0.153697,-0.864246,0.479017][0.66655,0.954737,0][-0.555731,0.911771,0.803025][0.153697,-0.864246,0.479017][0.66655,0.954737,0][-0.459399,0.799371,0.601623][0.0729307,-0.82096,0.566309][0.667045,0.966473,0][-0.127572,0.979871,0.820682][0.0739187,-0.821564,0.565304][0.657522,0.966407,0][-0.127572,0.979871,0.820682][0.38279,0.922973,0.0399][0.520065,0.481968,0][-0.315128,1.07087,0.578001][0.38623,0.921647,0.037328][0.502562,0.482897,0][-0.456585,1.09107,0.797273][0.258974,0.957211,0.129153][0.502821,0.459014,0][-0.456585,1.09107,0.797273][0.258974,0.957211,0.129153][0.502821,0.459014,0][-0.32353,1.03747,0.955351][0.250397,0.958667,0.135126][0.514859,0.457623,0][-0.127572,0.979871,0.820682][0.38279,0.922973,0.0399][0.520065,0.481968,0][-0.456585,1.09107,0.797273][-0.767644,0.389297,-0.509087][0.502821,0.459014,0][-0.315128,1.07087,0.578001][-0.707805,0.329993,-0.624594][0.502562,0.482897,0][-0.459399,0.799371,0.601623][-0.708482,0.330586,-0.623511][0.486053,0.482132,0][-0.459399,0.799371,0.601623][-0.708482,0.330586,-0.623511][0.486053,0.482132,0][-0.555731,0.911771,0.803025][-0.770003,0.392345,-0.503151][0.491396,0.458092,0][-0.456585,1.09107,0.797273][-0.767644,0.389297,-0.509087][0.502821,0.459014,0][-0.0050178,0.68607,0.475733][-0.346425,-0.926623,0.146151][0.898175,0.741533,0][-0.423655,0.86147,0.595058][-0.297094,-0.946371,0.126951][0.92857,0.743242,0][-0.608124,0.85657,0.127187][-0.298689,-0.945786,0.127573][0.928509,0.763169,0][-0.608124,0.85657,0.127187][-0.298689,-0.945786,0.127573][0.928509,0.763169,0][-0.220252,0.680671,-0.069333][-0.346425,-0.926623,0.146151][0.89813,0.764752,0][-0.0050178,0.68607,0.475733][-0.346425,-0.926623,0.146151][0.898175,0.741533,0][-0.884078,0.92617,0.35608][-0.13931,-0.988093,0.065301][0.951199,0.758785,0][-0.774328,0.929171,0.634877][-0.139697,-0.988029,0.065453][0.951245,0.746913,0][-1.2156,0.92817,0.634287][0.00225167,-0.999951,0.009687][0.977325,0.753427,0][-0.0609887,0.936371,0.169023][-0.0408488,0.668912,-0.742218][0.179117,0.417493,0][-0.220252,0.680671,-0.069333][-0.0408488,0.668912,-0.742218][0.200421,0.41655,0][-0.608124,0.85657,0.127187][-0.14093,0.692422,-0.707594][0.197108,0.463323,0][-0.608124,0.85657,0.127187][-0.14093,0.692422,-0.707594][0.197108,0.463323,0][-0.458277,1.10407,0.325365][-0.146956,0.693588,-0.705223][0.178438,0.462637,0][-0.0609887,0.936371,0.169023][-0.0408488,0.668912,-0.742218][0.179117,0.417493,0][-0.801445,1.06207,0.476976][-0.364073,0.719778,-0.591076][0.178043,0.497545,0][-0.884078,0.92617,0.35608][-0.368042,0.720599,-0.587607][0.18912,0.498445,0][-1.2156,0.92817,0.634287][-0.435684,0.731629,-0.524308][0.179579,0.539311,0][-0.423655,0.86147,0.595058][0.388656,0.726474,0.56673][0.158542,0.4631,0][-0.0050178,0.68607,0.475733][0.47452,0.704436,0.527826][0.156715,0.415817,0][-0.0609887,0.936371,0.169023][0.47452,0.704436,0.527826][0.179117,0.417493,0][-0.0609887,0.936371,0.169023][0.47452,0.704436,0.527826][0.179117,0.417493,0][-0.458277,1.10407,0.325365][0.3872,0.726782,0.56733][0.178438,0.462637,0][-0.423655,0.86147,0.595058][0.388656,0.726474,0.56673][0.158542,0.4631,0][-1.2156,0.92817,0.634287][-0.00259275,0.764857,0.644194][0.179579,0.539311,0][-0.774328,0.929171,0.634877][0.147241,0.757311,0.636239][0.16637,0.498888,0][-0.801445,1.06207,0.476976][0.155034,0.756441,0.635423][0.178043,0.497545,0][-0.423655,0.86147,0.595058][-0.297094,-0.946371,0.126951][0.92857,0.743242,0][-0.774328,0.929171,0.634877][-0.139697,-0.988029,0.065453][0.951245,0.746913,0][-0.884078,0.92617,0.35608][-0.13931,-0.988093,0.065301][0.951199,0.758785,0][-0.884078,0.92617,0.35608][-0.13931,-0.988093,0.065301][0.951199,0.758785,0][-0.608124,0.85657,0.127187][-0.298689,-0.945786,0.127573][0.928509,0.763169,0][-0.423655,0.86147,0.595058][-0.297094,-0.946371,0.126951][0.92857,0.743242,0][-0.423655,0.86147,0.595058][0.388656,0.726474,0.56673][0.158542,0.4631,0][-0.458277,1.10407,0.325365][0.3872,0.726782,0.56733][0.178438,0.462637,0][-0.801445,1.06207,0.476976][0.155034,0.756441,0.635423][0.178043,0.497545,0][-0.801445,1.06207,0.476976][0.155034,0.756441,0.635423][0.178043,0.497545,0][-0.774328,0.929171,0.634877][0.147241,0.757311,0.636239][0.16637,0.498888,0][-0.423655,0.86147,0.595058][0.388656,0.726474,0.56673][0.158542,0.4631,0][-0.801445,1.06207,0.476976][-0.364073,0.719778,-0.591076][0.178043,0.497545,0][-0.458277,1.10407,0.325365][-0.146956,0.693588,-0.705223][0.178438,0.462637,0][-0.608124,0.85657,0.127187][-0.14093,0.692422,-0.707594][0.197108,0.463323,0][-0.608124,0.85657,0.127187][-0.14093,0.692422,-0.707594][0.197108,0.463323,0][-0.884078,0.92617,0.35608][-0.368042,0.720599,-0.587607][0.18912,0.498445,0][-0.801445,1.06207,0.476976][-0.364073,0.719778,-0.591076][0.178043,0.497545,0][-0.0609887,0.936371,0.169023][0.905356,-0.232752,-0.355186][0.959433,0.967817,0][-0.0050178,0.68607,0.475733][0.905356,-0.232752,-0.355186][0.958898,0.970781,0][-0.220252,0.680671,-0.069333][0.905356,-0.232752,-0.355186][0.958882,0.965097,0][0.698438,0.671471,-0.284866][-0.453161,-0.879716,0.144033][0.507163,0.935349,0][1.14712,0.495871,-0.158238][-0.515662,-0.850554,0.103205][0.506098,0.954278,0][1.07143,0.58407,0.354946][-0.513193,-0.851842,0.104873][0.493688,0.954241,0][1.07143,0.58407,0.354946][-0.513193,-0.851842,0.104873][0.493688,0.954241,0][0.651504,0.826571,0.302589][-0.453161,-0.879716,0.144033][0.492702,0.93532,0][0.698438,0.671471,-0.284866][-0.453161,-0.879716,0.144033][0.507163,0.935349,0][1.35087,0.328751,0.323691][-0.686468,-0.727005,-0.015019][0.496418,0.968372,0][1.41024,0.294291,0.014328][-0.683196,-0.730117,-0.013144][0.503812,0.968401,0][1.62002,-0.0305805,0.292303][-0.800931,-0.592293,-0.087735][0.499756,0.984643,0][0.809899,0.912571,-0.0122731][0.420015,0.804291,0.42036][0.241587,0.531652,0][0.651504,0.826571,0.302589][0.420015,0.804291,0.42036][0.221016,0.532563,0][1.07143,0.58407,0.354946][0.4716,0.757411,0.451578][0.224214,0.487398,0][1.07143,0.58407,0.354946][0.4716,0.757411,0.451578][0.224214,0.487398,0][1.19666,0.655471,0.085397][0.479483,0.749614,0.456261][0.242243,0.48806,0][0.809899,0.912571,-0.0122731][0.420015,0.804291,0.42036][0.241587,0.531652,0][1.45306,0.40023,0.157584][0.600546,0.592676,0.536731][0.242624,0.454352,0][1.35087,0.328751,0.323691][0.603227,0.587536,0.539369][0.231928,0.453484,0][1.62002,-0.0305805,0.292303][0.664376,0.44523,0.600312][0.241141,0.414021,0][1.14712,0.495871,-0.158238][0.549482,0.584954,-0.596572][0.261455,0.487613,0][0.698438,0.671471,-0.284866][0.484606,0.611324,-0.625651][0.263219,0.533271,0][0.809899,0.912571,-0.0122731][0.484606,0.611324,-0.625651][0.241587,0.531652,0][0.809899,0.912571,-0.0122731][0.484606,0.611324,-0.625651][0.241587,0.531652,0][1.19666,0.655471,0.085397][0.558374,0.580966,-0.592197][0.242243,0.48806,0][1.14712,0.495871,-0.158238][0.549482,0.584954,-0.596572][0.261455,0.487613,0][1.62002,-0.0305805,0.292303][0.882782,0.210879,-0.419792][0.241141,0.414021,0][1.41024,0.294291,0.014328][0.754105,0.431993,-0.494679][0.253896,0.453055,0][1.45306,0.40023,0.157584][0.755742,0.429821,-0.494073][0.242624,0.454352,0][1.14712,0.495871,-0.158238][-0.515662,-0.850554,0.103205][0.506098,0.954278,0][1.41024,0.294291,0.014328][-0.683196,-0.730117,-0.013144][0.503812,0.968401,0][1.35087,0.328751,0.323691][-0.686468,-0.727005,-0.015019][0.496418,0.968372,0][1.35087,0.328751,0.323691][-0.686468,-0.727005,-0.015019][0.496418,0.968372,0][1.07143,0.58407,0.354946][-0.513193,-0.851842,0.104873][0.493688,0.954241,0][1.14712,0.495871,-0.158238][-0.515662,-0.850554,0.103205][0.506098,0.954278,0][1.41024,0.294291,0.014328][0.754105,0.431993,-0.494679][0.253896,0.453055,0][1.14712,0.495871,-0.158238][0.549482,0.584954,-0.596572][0.261455,0.487613,0][1.19666,0.655471,0.085397][0.558374,0.580966,-0.592197][0.242243,0.48806,0][1.19666,0.655471,0.085397][0.558374,0.580966,-0.592197][0.242243,0.48806,0][1.45306,0.40023,0.157584][0.755742,0.429821,-0.494073][0.242624,0.454352,0][1.41024,0.294291,0.014328][0.754105,0.431993,-0.494679][0.253896,0.453055,0][1.19666,0.655471,0.085397][0.479483,0.749614,0.456261][0.242243,0.48806,0][1.07143,0.58407,0.354946][0.4716,0.757411,0.451578][0.224214,0.487398,0][1.35087,0.328751,0.323691][0.603227,0.587536,0.539369][0.231928,0.453484,0][1.35087,0.328751,0.323691][0.603227,0.587536,0.539369][0.231928,0.453484,0][1.45306,0.40023,0.157584][0.600546,0.592676,0.536731][0.242624,0.454352,0][1.19666,0.655471,0.085397][0.479483,0.749614,0.456261][0.242243,0.48806,0][0.809899,0.912571,-0.0122731][-0.766143,0.603607,-0.220645][0.9641,0.968337,0][0.698438,0.671471,-0.284866][-0.766143,0.603607,-0.220645][0.963606,0.97107,0][0.651504,0.826571,0.302589][-0.766143,0.603607,-0.220645][0.963592,0.965828,0][1.04901,0.50487,1.26254][-0.526428,-0.787095,-0.321488][0.743108,0.93474,0][1.20952,0.478471,1.06499][-0.526286,-0.787246,-0.321351][0.729405,0.934679,0][1.32369,0.151601,1.3804][-0.636507,-0.639018,-0.431873][0.736936,0.904579,0][1.17515,0.573171,1.19622][0.117385,0.566895,0.815384][0.105131,0.609659,0][1.04901,0.50487,1.26254][0.120215,0.563677,0.817201][0.095155,0.60885,0][1.32369,0.151601,1.3804][0.210483,0.45276,0.866433][0.10374,0.572044,0][1.32369,0.151601,1.3804][0.942379,0.334502,0.005593][0.10374,0.572044,0][1.20952,0.478471,1.06499][0.876583,0.467113,-0.115792][0.115644,0.608447,0][1.17515,0.573171,1.19622][0.874253,0.470617,-0.119166][0.105131,0.609659,0][0.573944,0.852771,0.690668][-0.744502,0.220504,-0.630155][0.982064,0.968186,0][0.69184,0.64537,0.47881][-0.744502,0.220504,-0.630155][0.981645,0.970502,0][0.3793,0.697371,0.866274][-0.744501,0.220504,-0.630155][0.981633,0.96606,0][1.08294,0.605471,0.874407][0.747068,0.603323,-0.279089][0.120683,0.6316,0][0.957849,0.653271,0.730191][0.500124,0.725759,-0.472388][0.122966,0.650018,0][0.876973,0.847071,0.935232][0.521053,0.718895,-0.460102][0.104653,0.649725,0][0.876973,0.847071,0.935232][0.521053,0.718895,-0.460102][0.104653,0.649725,0][1.01596,0.77297,1.05253][0.745768,0.604272,-0.28051][0.104874,0.632758,0][1.08294,0.605471,0.874407][0.747068,0.603323,-0.279089][0.120683,0.6316,0][0.957849,0.653271,0.730191][-0.116309,-0.992424,0.039582][0.724815,0.968546,0][1.08294,0.605471,0.874407][-0.357551,-0.919096,-0.165591][0.726132,0.957171,0][0.844952,0.645571,1.16756][-0.354651,-0.920679,-0.163011][0.744872,0.957267,0][0.844952,0.645571,1.16756][-0.354651,-0.920679,-0.163011][0.744872,0.957267,0][0.681822,0.69927,1.07167][-0.115418,-0.992499,0.04031][0.748456,0.96863,0][0.957849,0.653271,0.730191][-0.116309,-0.992424,0.039582][0.724815,0.968546,0][0.844952,0.645571,1.16756][-0.0368418,0.699626,0.713559][0.090002,0.631648,0][1.01596,0.77297,1.05253][-0.0340178,0.69769,0.715591][0.104874,0.632758,0][0.876973,0.847071,0.935232][-0.25118,0.822892,0.509664][0.104653,0.649725,0][0.876973,0.847071,0.935232][-0.25118,0.822892,0.509664][0.104653,0.649725,0][0.681822,0.69927,1.07167][-0.269325,0.830471,0.48763][0.087411,0.649736,0][0.844952,0.645571,1.16756][-0.0368418,0.699626,0.713559][0.090002,0.631648,0][0.69184,0.64537,0.47881][-0.0547243,-0.994484,0.089484][0.723167,0.995937,0][0.957849,0.653271,0.730191][-0.116309,-0.992424,0.039582][0.724815,0.968546,0][0.681822,0.69927,1.07167][-0.115418,-0.992499,0.04031][0.748456,0.96863,0][0.681822,0.69927,1.07167][-0.115418,-0.992499,0.04031][0.748456,0.96863,0][0.3793,0.697371,0.866274][-0.0547243,-0.994484,0.089484][0.74997,0.996003,0][0.69184,0.64537,0.47881][-0.0547243,-0.994484,0.089484][0.723167,0.995937,0][0.573944,0.852771,0.690668][-0.314208,0.846415,0.429948][0.104178,0.681753,0][0.3793,0.697371,0.866274][-0.314208,0.846415,0.429948][0.084991,0.682607,0][0.681822,0.69927,1.07167][-0.269325,0.830471,0.48763][0.087411,0.649736,0][0.681822,0.69927,1.07167][-0.269325,0.830471,0.48763][0.087411,0.649736,0][0.876973,0.847071,0.935232][-0.25118,0.822892,0.509664][0.104653,0.649725,0][0.573944,0.852771,0.690668][-0.314208,0.846415,0.429948][0.104178,0.681753,0][0.957849,0.653271,0.730191][0.500124,0.725759,-0.472388][0.122966,0.650018,0][0.69184,0.64537,0.47881][0.43804,0.742953,-0.506104][0.124353,0.683259,0][0.573944,0.852771,0.690668][0.43804,0.742953,-0.506104][0.104178,0.681753,0][0.573944,0.852771,0.690668][0.43804,0.742953,-0.506104][0.104178,0.681753,0][0.876973,0.847071,0.935232][0.521053,0.718895,-0.460102][0.104653,0.649725,0][0.957849,0.653271,0.730191][0.500124,0.725759,-0.472388][0.122966,0.650018,0][1.08294,0.605471,0.874407][-0.357551,-0.919096,-0.165591][0.726132,0.957171,0][1.20952,0.478471,1.06499][-0.526286,-0.787246,-0.321351][0.729405,0.934679,0][1.04901,0.50487,1.26254][-0.526428,-0.787095,-0.321488][0.743108,0.93474,0][1.04901,0.50487,1.26254][-0.526428,-0.787095,-0.321488][0.743108,0.93474,0][0.844952,0.645571,1.16756][-0.354651,-0.920679,-0.163011][0.744872,0.957267,0][1.08294,0.605471,0.874407][-0.357551,-0.919096,-0.165591][0.726132,0.957171,0][1.08294,0.605471,0.874407][0.747068,0.603323,-0.279089][0.120683,0.6316,0][1.01596,0.77297,1.05253][0.745768,0.604272,-0.28051][0.104874,0.632758,0][1.17515,0.573171,1.19622][0.874253,0.470617,-0.119166][0.105131,0.609659,0][1.17515,0.573171,1.19622][0.874253,0.470617,-0.119166][0.105131,0.609659,0][1.20952,0.478471,1.06499][0.876583,0.467113,-0.115792][0.115644,0.608447,0][1.08294,0.605471,0.874407][0.747068,0.603323,-0.279089][0.120683,0.6316,0][1.17515,0.573171,1.19622][0.117385,0.566895,0.815384][0.105131,0.609659,0][1.01596,0.77297,1.05253][-0.0340178,0.69769,0.715591][0.104874,0.632758,0][0.844952,0.645571,1.16756][-0.0368418,0.699626,0.713559][0.090002,0.631648,0][0.844952,0.645571,1.16756][-0.0368418,0.699626,0.713559][0.090002,0.631648,0][1.04901,0.50487,1.26254][0.120215,0.563677,0.817201][0.095155,0.60885,0][1.17515,0.573171,1.19622][0.117385,0.566895,0.815384][0.105131,0.609659,0][0.498689,0.78007,1.09843][-0.0182533,-0.959532,-0.281008][0.412118,0.868945,0][0.725365,0.821671,0.954362][-0.0195093,-0.95888,-0.283139][0.419067,0.868976,0][0.863511,0.606471,1.37054][-0.107421,-0.897292,-0.428168][0.415247,0.88424,0][0.607268,0.89607,1.0537][-0.376744,0.629712,0.679357][0.566665,0.50164,0][0.498689,0.78007,1.09843][-0.377095,0.62995,0.678942][0.576903,0.50247,0][0.863511,0.606471,1.37054][-0.297376,0.572714,0.763915][0.568092,0.540244,0][0.863511,0.606471,1.37054][0.629188,0.7557,0.181772][0.568092,0.540244,0][0.725365,0.821671,0.954362][0.559229,0.828371,0.032635][0.555876,0.502884,0][0.607268,0.89607,1.0537][0.557939,0.829333,0.030196][0.566665,0.50164,0][0.129289,0.838671,0.353477][-0.527643,-0.177328,-0.830751][0.979203,0.968248,0][0.395748,0.69727,0.214423][-0.527643,-0.177328,-0.830751][0.978772,0.970633,0][-0.0405598,0.62057,0.507909][-0.527643,-0.177328,-0.830751][0.978759,0.96606,0][0.624454,0.864871,0.709407][0.449581,0.875778,-0.175757][0.550704,0.479121,0][0.542767,0.841471,0.526958][0.253246,0.85737,-0.448088][0.54836,0.46022,0][0.31555,0.98647,0.667984][0.268493,0.861472,-0.43102][0.567155,0.46052,0][0.31555,0.98647,0.667984][0.268493,0.861472,-0.43102][0.567155,0.46052,0][0.429139,0.99087,0.830882][0.447984,0.876004,-0.178681][0.566928,0.477933,0][0.624454,0.864871,0.709407][0.449581,0.875778,-0.175757][0.550704,0.479121,0][0.542767,0.841471,0.526958][0.288151,-0.932172,0.219146][0.421395,0.851801,0][0.624454,0.864871,0.709407][0.106872,-0.992035,-0.066673][0.420726,0.85757,0][0.283944,0.816971,0.920596][0.112211,-0.99203,-0.057318][0.411223,0.857521,0][0.283944,0.816971,0.920596][0.112211,-0.99203,-0.057318][0.411223,0.857521,0][0.149872,0.784471,0.776661][0.290295,-0.930747,0.222349][0.409405,0.851758,0][0.542767,0.841471,0.526958][0.288151,-0.932172,0.219146][0.421395,0.851801,0][0.283944,0.816971,0.920596][-0.516734,0.687329,0.510454][0.582192,0.479073,0][0.429139,0.99087,0.830882][-0.509029,0.685448,0.520625][0.566928,0.477933,0][0.31555,0.98647,0.667984][-0.693629,0.685195,0.222232][0.567155,0.46052,0][0.31555,0.98647,0.667984][-0.693629,0.685195,0.222232][0.567155,0.46052,0][0.149872,0.784471,0.776661][-0.708647,0.679522,0.189919][0.58485,0.460509,0][0.283944,0.816971,0.920596][-0.516734,0.687329,0.510454][0.582192,0.479073,0][0.395748,0.69727,0.214423][0.33128,-0.899681,0.284302][0.42223,0.83791,0][0.542767,0.841471,0.526958][0.288151,-0.932172,0.219146][0.421395,0.851801,0][0.149872,0.784471,0.776661][0.290295,-0.930747,0.222349][0.409405,0.851758,0][0.149872,0.784471,0.776661][0.290295,-0.930747,0.222349][0.409405,0.851758,0][-0.0405598,0.62057,0.507909][0.33128,-0.899681,0.284302][0.408638,0.837877,0][0.395748,0.69727,0.214423][0.33128,-0.899681,0.284302][0.42223,0.83791,0][0.129289,0.838671,0.353477][-0.737235,0.664692,0.121111][0.567643,0.427649,0][-0.0405598,0.62057,0.507909][-0.737235,0.664692,0.121111][0.587334,0.426774,0][0.149872,0.784471,0.776661][-0.708647,0.679522,0.189919][0.58485,0.460509,0][0.149872,0.784471,0.776661][-0.708647,0.679522,0.189919][0.58485,0.460509,0][0.31555,0.98647,0.667984][-0.693629,0.685195,0.222232][0.567155,0.46052,0][0.129289,0.838671,0.353477][-0.737235,0.664692,0.121111][0.567643,0.427649,0][0.542767,0.841471,0.526958][0.253246,0.85737,-0.448088][0.54836,0.46022,0][0.395748,0.69727,0.214423][0.204364,0.841434,-0.500225][0.546937,0.426104,0][0.129289,0.838671,0.353477][0.204364,0.841434,-0.500225][0.567643,0.427649,0][0.129289,0.838671,0.353477][0.204364,0.841434,-0.500225][0.567643,0.427649,0][0.31555,0.98647,0.667984][0.268493,0.861472,-0.43102][0.567155,0.46052,0][0.542767,0.841471,0.526958][0.253246,0.85737,-0.448088][0.54836,0.46022,0][0.624454,0.864871,0.709407][0.106872,-0.992035,-0.066673][0.420726,0.85757,0][0.725365,0.821671,0.954362][-0.0195093,-0.95888,-0.283139][0.419067,0.868976,0][0.498689,0.78007,1.09843][-0.0182533,-0.959532,-0.281008][0.412118,0.868945,0][0.498689,0.78007,1.09843][-0.0182533,-0.959532,-0.281008][0.412118,0.868945,0][0.283944,0.816971,0.920596][0.112211,-0.99203,-0.057318][0.411223,0.857521,0][0.624454,0.864871,0.709407][0.106872,-0.992035,-0.066673][0.420726,0.85757,0][0.624454,0.864871,0.709407][0.449581,0.875778,-0.175757][0.550704,0.479121,0][0.429139,0.99087,0.830882][0.447984,0.876004,-0.178681][0.566928,0.477933,0][0.607268,0.89607,1.0537][0.557939,0.829333,0.030196][0.566665,0.50164,0][0.607268,0.89607,1.0537][0.557939,0.829333,0.030196][0.566665,0.50164,0][0.725365,0.821671,0.954362][0.559229,0.828371,0.032635][0.555876,0.502884,0][0.624454,0.864871,0.709407][0.449581,0.875778,-0.175757][0.550704,0.479121,0][0.429139,0.99087,0.830882][-0.509029,0.685448,0.520625][0.566928,0.477933,0][0.283944,0.816971,0.920596][-0.516734,0.687329,0.510454][0.582192,0.479073,0][0.498689,0.78007,1.09843][-0.377095,0.62995,0.678942][0.576903,0.50247,0][0.498689,0.78007,1.09843][-0.377095,0.62995,0.678942][0.576903,0.50247,0][0.607268,0.89607,1.0537][-0.376744,0.629712,0.679357][0.566665,0.50164,0][0.429139,0.99087,0.830882][-0.509029,0.685448,0.520625][0.566928,0.477933,0][0.823497,0.782571,0.742935][-0.132394,-0.983424,-0.123896][0.294034,0.881957,0][0.987982,0.785371,0.546911][-0.132206,-0.983469,-0.123738][0.287373,0.881929,0][1.21644,0.610571,0.916587][-0.29007,-0.921982,-0.256533][0.291034,0.867296,0][0.911674,0.88197,0.657394][-0.165322,0.720526,0.673432][0.178098,0.652951,0][0.823497,0.782571,0.742935][-0.161475,0.719252,0.675723][0.188074,0.65376,0][1.21644,0.610571,0.916587][-0.0349398,0.669509,0.741982][0.179488,0.690566,0][1.21644,0.610571,0.916587][0.712658,0.692324,-0.113171][0.179488,0.690566,0][0.987982,0.785371,0.546911][0.602063,0.756403,-0.255685][0.167585,0.654162,0][0.911674,0.88197,0.657394][0.598611,0.757813,-0.259583][0.178098,0.652951,0][0.269541,0.770571,0.137351][-0.742064,-0.249781,-0.622053][0.984566,0.975886,0][0.472264,0.59257,-0.033021][-0.742064,-0.249781,-0.622053][0.984147,0.978201,0][0.151568,0.58837,0.351237][-0.742064,-0.249781,-0.622053][0.984135,0.973761,0][0.827454,0.804471,0.341147][0.433908,0.788132,-0.436546][0.162546,0.63101,0][0.699798,0.76397,0.196952][0.166372,0.752107,-0.637695][0.160263,0.612592,0][0.536615,0.944071,0.361523][0.187731,0.757405,-0.625376][0.178576,0.612885,0][0.536615,0.944071,0.361523][0.187731,0.757405,-0.625376][0.178576,0.612885,0][0.689048,0.961471,0.484126][0.432387,0.788127,-0.438061][0.178355,0.629852,0][0.827454,0.804471,0.341147][0.433908,0.788132,-0.436546][0.162546,0.63101,0][0.699798,0.76397,0.196952][0.311151,-0.91697,0.249703][0.285142,0.898392,0][0.827454,0.804471,0.341147][0.0699477,-0.996453,0.046792][0.285782,0.892862,0][0.583166,0.80117,0.631818][0.0731377,-0.996093,0.049487][0.294892,0.892909,0][0.583166,0.80117,0.631818][0.0731377,-0.996093,0.049487][0.294892,0.892909,0][0.416607,0.760071,0.53563][0.31196,-0.916509,0.250383][0.296635,0.898433,0][0.699798,0.76397,0.196952][0.311151,-0.91697,0.249703][0.285142,0.898392,0][0.583166,0.80117,0.631818][-0.356875,0.751666,0.554651][0.193227,0.630962,0][0.689048,0.961471,0.484126][-0.353583,0.751568,0.556889][0.178355,0.629852,0][0.536615,0.944071,0.361523][-0.594793,0.727849,0.341258][0.178576,0.612885,0][0.536615,0.944071,0.361523][-0.594793,0.727849,0.341258][0.178576,0.612885,0][0.416607,0.760071,0.53563][-0.613539,0.722311,0.319119][0.195818,0.612874,0][0.583166,0.80117,0.631818][-0.356875,0.751666,0.554651][0.193227,0.630962,0][0.472264,0.59257,-0.033021][0.365807,-0.882485,0.295645][0.28434,0.911708,0][0.699798,0.76397,0.196952][0.311151,-0.91697,0.249703][0.285142,0.898392,0][0.416607,0.760071,0.53563][0.31196,-0.916509,0.250383][0.296635,0.898433,0][0.416607,0.760071,0.53563][0.31196,-0.916509,0.250383][0.296635,0.898433,0][0.151568,0.58837,0.351237][0.365807,-0.882485,0.295645][0.29737,0.911739,0][0.472264,0.59257,-0.033021][0.365807,-0.882485,0.295645][0.28434,0.911708,0][0.269541,0.770571,0.137351][-0.658599,0.705474,0.261827][0.179051,0.580857,0][0.151568,0.58837,0.351237][-0.658599,0.705474,0.261827][0.198237,0.580004,0][0.416607,0.760071,0.53563][-0.613539,0.722311,0.319119][0.195818,0.612874,0][0.416607,0.760071,0.53563][-0.613539,0.722311,0.319119][0.195818,0.612874,0][0.536615,0.944071,0.361523][-0.594793,0.727849,0.341258][0.178576,0.612885,0][0.269541,0.770571,0.137351][-0.658599,0.705474,0.261827][0.179051,0.580857,0][0.699798,0.76397,0.196952][0.166372,0.752107,-0.637695][0.160263,0.612592,0][0.472264,0.59257,-0.033021][0.104236,0.734166,-0.670921][0.158876,0.579351,0][0.269541,0.770571,0.137351][0.104236,0.734166,-0.670921][0.179051,0.580857,0][0.269541,0.770571,0.137351][0.104236,0.734166,-0.670921][0.179051,0.580857,0][0.536615,0.944071,0.361523][0.187731,0.757405,-0.625376][0.178576,0.612885,0][0.699798,0.76397,0.196952][0.166372,0.752107,-0.637695][0.160263,0.612592,0][0.827454,0.804471,0.341147][0.0699477,-0.996453,0.046792][0.285782,0.892862,0][0.987982,0.785371,0.546911][-0.132206,-0.983469,-0.123738][0.287373,0.881929,0][0.823497,0.782571,0.742935][-0.132394,-0.983424,-0.123896][0.294034,0.881957,0][0.823497,0.782571,0.742935][-0.132394,-0.983424,-0.123896][0.294034,0.881957,0][0.583166,0.80117,0.631818][0.0731377,-0.996093,0.049487][0.294892,0.892909,0][0.827454,0.804471,0.341147][0.0699477,-0.996453,0.046792][0.285782,0.892862,0][0.827454,0.804471,0.341147][0.433908,0.788132,-0.436546][0.162546,0.63101,0][0.689048,0.961471,0.484126][0.432387,0.788127,-0.438061][0.178355,0.629852,0][0.911674,0.88197,0.657394][0.598611,0.757813,-0.259583][0.178098,0.652951,0][0.911674,0.88197,0.657394][0.598611,0.757813,-0.259583][0.178098,0.652951,0][0.987982,0.785371,0.546911][0.602063,0.756403,-0.255685][0.167585,0.654162,0][0.827454,0.804471,0.341147][0.433908,0.788132,-0.436546][0.162546,0.63101,0][0.911674,0.88197,0.657394][-0.165322,0.720526,0.673432][0.178098,0.652951,0][0.689048,0.961471,0.484126][-0.353583,0.751568,0.556889][0.178355,0.629852,0][0.583166,0.80117,0.631818][-0.356875,0.751666,0.554651][0.193227,0.630962,0][0.583166,0.80117,0.631818][-0.356875,0.751666,0.554651][0.193227,0.630962,0][0.823497,0.782571,0.742935][-0.161475,0.719252,0.675723][0.188074,0.65376,0][0.911674,0.88197,0.657394][-0.165322,0.720526,0.673432][0.178098,0.652951,0][-0.0610478,0.537571,-1.36902][0.102155,-0.868751,0.484598][0.984423,0.833626,0][-0.489708,0.570571,-1.22091][0.101626,-0.869582,0.483217][0.966619,0.833545,0][-0.408611,0.199521,-1.66339][0.168075,-0.739931,0.651347][0.976412,0.794442,0][-0.291726,0.692071,-1.39813][0.42173,0.507108,-0.751655][0.134488,0.139496,0][-0.0610478,0.537571,-1.36902][0.426272,0.517212,-0.742148][0.150103,0.140757,0][-0.408611,0.199521,-1.66339][0.359017,0.375057,-0.854657][0.13668,0.19837,0][-0.408611,0.199521,-1.66339][-0.73295,0.449104,-0.51097][0.13668,0.19837,0][-0.489708,0.570571,-1.22091][-0.6895,0.635133,-0.348131][0.118034,0.141396,0][-0.291726,0.692071,-1.39813][-0.694768,0.621204,-0.362497][0.134488,0.139496,0][0.144896,0.985571,-0.27336][0.331839,0.303216,0.893277][0.959773,0.958005,0][-0.278522,0.745471,-0.034556][0.331839,0.303216,0.893276][0.959082,0.961829,0][0.559788,0.68457,-0.325291][0.331839,0.303216,0.893277][0.959062,0.954493,0][-0.471035,0.704471,-0.921198][-0.593869,0.794359,-0.127723][0.11107,0.109622,0][-0.40871,0.77387,-0.564843][-0.464519,0.879855,0.100386][0.106416,0.07391,0][-0.0462737,0.99777,-0.824571][-0.484776,0.871961,0.068383][0.135255,0.07438,0][-0.0462737,0.99777,-0.824571][-0.484776,0.871961,0.068383][0.135255,0.07438,0][-0.174712,0.889771,-1.14504][-0.602628,0.784644,-0.145511][0.134898,0.10766,0][-0.471035,0.704471,-0.921198][-0.593869,0.794359,-0.127723][0.11107,0.109622,0][-0.40871,0.77387,-0.564843][-0.0586493,-0.997441,0.040898][0.960513,0.879191,0][-0.471035,0.704471,-0.921198][0.0206647,-0.964125,0.264643][0.963164,0.854807,0][0.145858,0.659771,-1.13398][0.0194967,-0.965036,0.261391][0.988563,0.855124,0][0.145858,0.659771,-1.13398][0.0194967,-0.965036,0.261391][0.988563,0.855124,0][0.337092,0.719271,-0.823008][-0.0590923,-0.997466,0.039622][0.991487,0.879302,0][-0.40871,0.77387,-0.564843][-0.0586493,-0.997441,0.040898][0.960513,0.879191,0][0.145858,0.659771,-1.13398][0.506881,0.678109,-0.532202][0.157199,0.109494,0][-0.174712,0.889771,-1.14504][0.498807,0.662564,-0.55875][0.134898,0.10766,0][-0.0462737,0.99777,-0.824571][0.556335,0.772296,-0.306676][0.135255,0.07438,0][-0.0462737,0.99777,-0.824571][0.556335,0.772296,-0.306676][0.135255,0.07438,0][0.337092,0.719271,-0.823008][0.5622,0.784301,-0.262303][0.162422,0.074366,0][0.145858,0.659771,-1.13398][0.506881,0.678109,-0.532202][0.157199,0.109494,0][-0.278522,0.745471,-0.034556][-0.0838863,-0.99595,-0.032368][0.9585,0.913128,0][-0.40871,0.77387,-0.564843][-0.0586493,-0.997441,0.040898][0.960513,0.879191,0][0.337092,0.719271,-0.823008][-0.0590923,-0.997466,0.039622][0.991487,0.879302,0][0.337092,0.719271,-0.823008][-0.0590923,-0.997466,0.039622][0.991487,0.879302,0][0.559788,0.68457,-0.325291][-0.0838863,-0.99595,-0.032368][0.993321,0.913218,0][-0.278522,0.745471,-0.034556][-0.0838863,-0.99595,-0.032368][0.9585,0.913128,0][0.144896,0.985571,-0.27336][0.569169,0.800256,-0.188779][0.135952,0.026653,0][0.559788,0.68457,-0.325291][0.569169,0.800256,-0.188779][0.165981,0.025309,0][0.337092,0.719271,-0.823008][0.5622,0.784301,-0.262303][0.162422,0.074366,0][0.337092,0.719271,-0.823008][0.5622,0.784301,-0.262303][0.162422,0.074366,0][-0.0462737,0.99777,-0.824571][0.556335,0.772296,-0.306676][0.135255,0.07438,0][0.144896,0.985571,-0.27336][0.569169,0.800256,-0.188779][0.135952,0.026653,0][-0.40871,0.77387,-0.564843][-0.464519,0.879855,0.100386][0.106416,0.07391,0][-0.278522,0.745471,-0.034556][-0.424849,0.891064,0.159714][0.104372,0.024304,0][0.144896,0.985571,-0.27336][-0.424849,0.891064,0.159714][0.135952,0.026653,0][0.144896,0.985571,-0.27336][-0.424849,0.891064,0.159714][0.135952,0.026653,0][-0.0462737,0.99777,-0.824571][-0.484776,0.871961,0.068383][0.135255,0.07438,0][-0.40871,0.77387,-0.564843][-0.464519,0.879855,0.100386][0.106416,0.07391,0][-0.471035,0.704471,-0.921198][0.0206647,-0.964125,0.264643][0.963164,0.854807,0][-0.489708,0.570571,-1.22091][0.101626,-0.869582,0.483217][0.966619,0.833545,0][-0.0610478,0.537571,-1.36902][0.102155,-0.868751,0.484598][0.984423,0.833626,0][-0.0610478,0.537571,-1.36902][0.102155,-0.868751,0.484598][0.984423,0.833626,0][0.145858,0.659771,-1.13398][0.0194967,-0.965036,0.261391][0.988563,0.855124,0][-0.471035,0.704471,-0.921198][0.0206647,-0.964125,0.264643][0.963164,0.854807,0][-0.489708,0.570571,-1.22091][-0.6895,0.635133,-0.348131][0.118034,0.141396,0][-0.471035,0.704471,-0.921198][-0.593869,0.794359,-0.127723][0.11107,0.109622,0][-0.174712,0.889771,-1.14504][-0.602628,0.784644,-0.145511][0.134898,0.10766,0][-0.174712,0.889771,-1.14504][-0.602628,0.784644,-0.145511][0.134898,0.10766,0][-0.291726,0.692071,-1.39813][-0.694768,0.621204,-0.362497][0.134488,0.139496,0][-0.489708,0.570571,-1.22091][-0.6895,0.635133,-0.348131][0.118034,0.141396,0][-0.174712,0.889771,-1.14504][0.498807,0.662564,-0.55875][0.134898,0.10766,0][0.145858,0.659771,-1.13398][0.506881,0.678109,-0.532202][0.157199,0.109494,0][-0.0610478,0.537571,-1.36902][0.426272,0.517212,-0.742148][0.150103,0.140757,0][-0.0610478,0.537571,-1.36902][0.426272,0.517212,-0.742148][0.150103,0.140757,0][-0.291726,0.692071,-1.39813][0.42173,0.507108,-0.751655][0.134488,0.139496,0][-0.174712,0.889771,-1.14504][0.498807,0.662564,-0.55875][0.134898,0.10766,0][1.13412,0.68957,-0.727488][-0.52077,-0.846802,0.108282][0.203561,0.971018,0][0.905016,0.795171,-1.00875][-0.519744,-0.847573,0.107173][0.212362,0.971058,0][1.23638,0.462171,-1.12743][-0.640665,-0.726275,0.249144][0.207521,0.99039,0][1.10867,0.85307,-0.890001][0.901463,0.373184,0.219312][0.455148,0.131673,0][1.13412,0.68957,-0.727488][0.895202,0.382594,0.228552][0.468122,0.132721,0][1.23638,0.462171,-1.12743][0.962272,0.251925,0.102788][0.456969,0.18059,0][1.23638,0.462171,-1.12743][0.290253,0.564245,-0.772904][0.456969,0.18059,0][0.905016,0.795171,-1.00875][0.173228,0.745113,-0.644049][0.441477,0.133251,0][1.10867,0.85307,-0.890001][0.183367,0.731877,-0.656303][0.455148,0.131673,0][0.379513,1.06247,-0.190766][-0.693784,0.271795,0.666926][0.95149,0.967596,0][0.0550913,0.948971,-0.481988][-0.693785,0.271795,0.666926][0.950916,0.970774,0][0.504307,0.745371,0.0683029][-0.693785,0.271795,0.666926][0.9509,0.964679,0][0.689419,0.91277,-0.889148][0.0162623,0.891889,-0.451961][0.43569,0.106851,0][0.435429,0.972871,-0.7293][-0.145338,0.960057,-0.239096][0.431824,0.077179,0][0.757976,1.08277,-0.493162][-0.122888,0.954934,-0.270185][0.455786,0.077569,0][0.757976,1.08277,-0.493162][-0.122888,0.954934,-0.270185][0.455786,0.077569,0][0.962292,1.00397,-0.699037][0.0289493,0.883322,-0.467873][0.455489,0.105221,0][0.689419,0.91277,-0.889148][0.0162623,0.891889,-0.451961][0.43569,0.106851,0][0.435429,0.972871,-0.7293][-0.172315,-0.961198,-0.215421][0.215381,0.94849,0][0.689419,0.91277,-0.889148][-0.352245,-0.934022,-0.059378][0.214071,0.960546,0][1.01909,0.763071,-0.483847][-0.349684,-0.934832,-0.061736][0.201514,0.960389,0][1.01909,0.763071,-0.483847][-0.349684,-0.934832,-0.061736][0.201514,0.960389,0][0.834654,0.79137,-0.239658][-0.171267,-0.961194,-0.216274][0.200068,0.948435,0][0.435429,0.972871,-0.7293][-0.172315,-0.961198,-0.215421][0.215381,0.94849,0][1.01909,0.763071,-0.483847][0.74331,0.533571,0.403476][0.474018,0.106745,0][0.962292,1.00397,-0.699037][0.763764,0.518739,0.384155][0.455489,0.105221,0][0.757976,1.08277,-0.493162][0.558914,0.62645,0.543301][0.455786,0.077569,0][0.757976,1.08277,-0.493162][0.558914,0.62645,0.543301][0.455786,0.077569,0][0.834654,0.79137,-0.239658][0.520614,0.639135,0.566098][0.478358,0.077558,0][1.01909,0.763071,-0.483847][0.74331,0.533571,0.403476][0.474018,0.106745,0][0.0550913,0.948971,-0.481988][-0.11173,-0.958123,-0.263659][0.216377,0.931712,0][0.435429,0.972871,-0.7293][-0.172315,-0.961198,-0.215421][0.215381,0.94849,0][0.834654,0.79137,-0.239658][-0.171267,-0.961194,-0.216274][0.200068,0.948435,0][0.834654,0.79137,-0.239658][-0.171267,-0.961194,-0.216274][0.200068,0.948435,0][0.504307,0.745371,0.0683029][-0.11173,-0.958123,-0.263659][0.199162,0.931668,0][0.0550913,0.948971,-0.481988][-0.11173,-0.958123,-0.263659][0.216377,0.931712,0][0.379513,1.06247,-0.190766][0.4558,0.656864,0.600646][0.456364,0.037914,0][0.504307,0.745371,0.0683029][0.4558,0.656864,0.600646][0.481315,0.036798,0][0.834654,0.79137,-0.239658][0.520614,0.639135,0.566098][0.478358,0.077558,0][0.834654,0.79137,-0.239658][0.520614,0.639135,0.566098][0.478358,0.077558,0][0.757976,1.08277,-0.493162][0.558914,0.62645,0.543301][0.455786,0.077569,0][0.379513,1.06247,-0.190766][0.4558,0.656864,0.600646][0.456364,0.037914,0][0.435429,0.972871,-0.7293][-0.145338,0.960057,-0.239096][0.431824,0.077179,0][0.0550913,0.948971,-0.481988][-0.186658,0.965773,-0.180114][0.430126,0.035962,0][0.379513,1.06247,-0.190766][-0.186658,0.965773,-0.180114][0.456364,0.037914,0][0.379513,1.06247,-0.190766][-0.186658,0.965773,-0.180114][0.456364,0.037914,0][0.757976,1.08277,-0.493162][-0.122888,0.954934,-0.270185][0.455786,0.077569,0][0.435429,0.972871,-0.7293][-0.145338,0.960057,-0.239096][0.431824,0.077179,0][0.689419,0.91277,-0.889148][-0.352245,-0.934022,-0.059378][0.214071,0.960546,0][0.905016,0.795171,-1.00875][-0.519744,-0.847573,0.107173][0.212362,0.971058,0][1.13412,0.68957,-0.727488][-0.52077,-0.846802,0.108282][0.203561,0.971018,0][1.13412,0.68957,-0.727488][-0.52077,-0.846802,0.108282][0.203561,0.971018,0][1.01909,0.763071,-0.483847][-0.349684,-0.934832,-0.061736][0.201514,0.960389,0][0.689419,0.91277,-0.889148][-0.352245,-0.934022,-0.059378][0.214071,0.960546,0][0.905016,0.795171,-1.00875][0.173228,0.745113,-0.644049][0.441477,0.133251,0][0.689419,0.91277,-0.889148][0.0162623,0.891889,-0.451961][0.43569,0.106851,0][0.962292,1.00397,-0.699037][0.0289493,0.883322,-0.467873][0.455489,0.105221,0][0.962292,1.00397,-0.699037][0.0289493,0.883322,-0.467873][0.455489,0.105221,0][1.10867,0.85307,-0.890001][0.183367,0.731877,-0.656303][0.455148,0.131673,0][0.905016,0.795171,-1.00875][0.173228,0.745113,-0.644049][0.441477,0.133251,0][0.962292,1.00397,-0.699037][0.763764,0.518739,0.384155][0.455489,0.105221,0][1.01909,0.763071,-0.483847][0.74331,0.533571,0.403476][0.474018,0.106745,0][1.13412,0.68957,-0.727488][0.895202,0.382594,0.228552][0.468122,0.132721,0][1.13412,0.68957,-0.727488][0.895202,0.382594,0.228552][0.468122,0.132721,0][1.10867,0.85307,-0.890001][0.901463,0.373184,0.219312][0.455148,0.131673,0][0.962292,1.00397,-0.699037][0.763764,0.518739,0.384155][0.455489,0.105221,0][1.04442,1.07037,0.0824829][-0.00682832,-0.968154,-0.250262][0.822809,0.790874,0][0.923012,1.16127,-0.263564][-0.00521832,-0.96803,-0.250781][0.83947,0.790949,0][1.39371,1.05037,-0.233293][-0.214922,-0.960476,-0.176902][0.830305,0.827544,0][1.0037,1.25337,-0.0539841][0.415394,0.609239,0.675482][0.533505,0.072128,0][1.04442,1.07037,0.0824829][0.402203,0.611672,0.681242][0.520528,0.07108,0][1.39371,1.05037,-0.233293][0.569162,0.569022,0.593522][0.531684,0.023201,0][1.39371,1.05037,-0.233293][0.231258,0.854632,-0.464892][0.531684,0.023201,0][0.923012,1.16127,-0.263564][-0.000952701,0.918905,-0.394478][0.547179,0.070549,0][1.0037,1.25337,-0.0539841][0.0183383,0.915773,-0.401277][0.533505,0.072128,0][0.0328732,0.754971,0.177853][-0.656422,-0.753589,0.034841][0.978913,0.976173,0][-0.0108828,0.774771,-0.218916][-0.656422,-0.753589,0.034841][0.978513,0.978387,0][0.225876,0.599871,0.458901][-0.656422,-0.753589,0.034841][0.978502,0.97414,0][0.651208,1.13487,-0.256541][-0.296973,0.919366,-0.258019][0.552968,0.096955,0][0.363932,1.03067,-0.23971][-0.565827,0.823997,-0.029462][0.556835,0.126634,0][0.481168,1.14787,0.122026][-0.527382,0.846658,-0.070987][0.532868,0.126244,0][0.481168,1.14787,0.122026][-0.527382,0.846658,-0.070987][0.532868,0.126244,0][0.740393,1.25967,0.0523029][-0.269785,0.923424,-0.272956][0.533165,0.098586,0][0.651208,1.13487,-0.256541][-0.296973,0.919366,-0.258019][0.552968,0.096955,0][0.363932,1.03067,-0.23971][0.443923,-0.817732,-0.366397][0.845184,0.748233,0][0.651208,1.13487,-0.256541][0.231812,-0.91892,-0.319139][0.842704,0.771051,0][0.82453,1.00577,0.24212][0.2351,-0.917795,-0.31997][0.818935,0.770755,0][0.82453,1.00577,0.24212][0.2351,-0.917795,-0.31997][0.818935,0.770755,0][0.574384,0.874571,0.363132][0.445053,-0.817023,-0.366607][0.816198,0.748127,0][0.363932,1.03067,-0.23971][0.443923,-0.817732,-0.366397][0.845184,0.748233,0][0.82453,1.00577,0.24212][0.0997122,0.636399,0.764888][0.514632,0.097062,0][0.740393,1.25967,0.0523029][0.143005,0.636482,0.757919][0.533165,0.098586,0][0.481168,1.14787,0.122026][-0.218501,0.627543,0.747293][0.532868,0.126244,0][0.481168,1.14787,0.122026][-0.218501,0.627543,0.747293][0.532868,0.126244,0][0.574384,0.874571,0.363132][-0.288824,0.619933,0.729564][0.51029,0.126255,0][0.82453,1.00577,0.24212][0.0997122,0.636399,0.764888][0.514632,0.097062,0][-0.0108828,0.774771,-0.218916][0.507414,-0.774663,-0.377396][0.847069,0.716473,0][0.363932,1.03067,-0.23971][0.443923,-0.817732,-0.366397][0.845184,0.748233,0][0.574384,0.874571,0.363132][0.445053,-0.817023,-0.366607][0.816198,0.748127,0][0.574384,0.874571,0.363132][0.445053,-0.817023,-0.366607][0.816198,0.748127,0][0.225876,0.599871,0.458901][0.507414,-0.774663,-0.377396][0.814482,0.716389,0][-0.0108828,0.774771,-0.218916][0.507414,-0.774663,-0.377396][0.847069,0.716473,0][0.0328732,0.754971,0.177853][-0.374024,0.60589,0.702141][0.532289,0.165908,0][0.225876,0.599871,0.458901][-0.374024,0.60589,0.702141][0.507333,0.167024,0][0.574384,0.874571,0.363132][-0.288824,0.619933,0.729564][0.51029,0.126255,0][0.574384,0.874571,0.363132][-0.288824,0.619933,0.729564][0.51029,0.126255,0][0.481168,1.14787,0.122026][-0.218501,0.627543,0.747293][0.532868,0.126244,0][0.0328732,0.754971,0.177853][-0.374024,0.60589,0.702141][0.532289,0.165908,0][0.363932,1.03067,-0.23971][-0.565827,0.823997,-0.029462][0.556835,0.126634,0][-0.0108828,0.774771,-0.218916][-0.617005,0.786389,0.029936][0.558534,0.16786,0][0.0328732,0.754971,0.177853][-0.617005,0.786389,0.029936][0.532289,0.165908,0][0.0328732,0.754971,0.177853][-0.617005,0.786389,0.029936][0.532289,0.165908,0][0.481168,1.14787,0.122026][-0.527382,0.846658,-0.070987][0.532868,0.126244,0][0.363932,1.03067,-0.23971][-0.565827,0.823997,-0.029462][0.556835,0.126634,0][0.651208,1.13487,-0.256541][0.231812,-0.91892,-0.319139][0.842704,0.771051,0][0.923012,1.16127,-0.263564][-0.00521832,-0.96803,-0.250781][0.83947,0.790949,0][1.04442,1.07037,0.0824829][-0.00682832,-0.968154,-0.250262][0.822809,0.790874,0][1.04442,1.07037,0.0824829][-0.00682832,-0.968154,-0.250262][0.822809,0.790874,0][0.82453,1.00577,0.24212][0.2351,-0.917795,-0.31997][0.818935,0.770755,0][0.651208,1.13487,-0.256541][0.231812,-0.91892,-0.319139][0.842704,0.771051,0][0.923012,1.16127,-0.263564][-0.000952701,0.918905,-0.394478][0.547179,0.070549,0][0.651208,1.13487,-0.256541][-0.296973,0.919366,-0.258019][0.552968,0.096955,0][0.740393,1.25967,0.0523029][-0.269785,0.923424,-0.272956][0.533165,0.098586,0][0.740393,1.25967,0.0523029][-0.269785,0.923424,-0.272956][0.533165,0.098586,0][1.0037,1.25337,-0.0539841][0.0183383,0.915773,-0.401277][0.533505,0.072128,0][0.923012,1.16127,-0.263564][-0.000952701,0.918905,-0.394478][0.547179,0.070549,0][0.740393,1.25967,0.0523029][0.143005,0.636482,0.757919][0.533165,0.098586,0][0.82453,1.00577,0.24212][0.0997122,0.636399,0.764888][0.514632,0.097062,0][1.04442,1.07037,0.0824829][0.402203,0.611672,0.681242][0.520528,0.07108,0][1.04442,1.07037,0.0824829][0.402203,0.611672,0.681242][0.520528,0.07108,0][1.0037,1.25337,-0.0539841][0.415394,0.609239,0.675482][0.533505,0.072128,0][0.740393,1.25967,0.0523029][0.143005,0.636482,0.757919][0.533165,0.098586,0][0.485062,1.24267,-0.180872][0.385316,-0.922763,-0.00637][0.109111,0.862695,0][0.308292,1.18237,-0.412004][0.386977,-0.922061,-0.007254][0.102123,0.862663,0][0.66889,1.26677,-0.501847][0.243101,-0.967716,0.06654][0.105967,0.847314,0][0.364082,1.32077,-0.292876][0.204425,0.917933,0.340013][0.245513,0.606755,0][0.485062,1.24267,-0.180872][0.196379,0.918102,0.344273][0.235515,0.605947,0][0.66889,1.26677,-0.501847][0.339877,0.903101,0.262475][0.244109,0.569057,0][0.66889,1.26677,-0.501847][-0.322944,0.688869,-0.648973][0.244109,0.569057,0][0.308292,1.18237,-0.412004][-0.53449,0.670016,-0.51517][0.256048,0.605538,0][0.364082,1.32077,-0.292876][-0.518198,0.673193,-0.527525][0.245513,0.606755,0][-0.0803397,0.84477,0.191277][-0.68556,-0.461861,0.562753][0.977515,0.976176,0][-0.157743,0.62977,-0.079489][-0.68556,-0.461861,0.562754][0.977116,0.978382,0][0.125377,0.80127,0.40612][-0.68556,-0.461861,0.562753][0.977105,0.974151,0][0.138824,1.07837,-0.330653][-0.738724,0.588301,-0.32892][0.260508,0.625884,0][-0.00955772,0.918971,-0.227996][-0.880212,0.455611,-0.132836][0.263488,0.648751,0][0.0681303,1.13917,-0.000370065][-0.864181,0.476723,-0.161016][0.245022,0.64845,0][0.0681303,1.13917,-0.000370065][-0.864181,0.476723,-0.161016][0.245022,0.64845,0][0.205456,1.26527,-0.145723][-0.724944,0.596796,-0.343936][0.24525,0.62714,0][0.138824,1.07837,-0.330653][-0.738724,0.588301,-0.32892][0.260508,0.625884,0][-0.00955772,0.918971,-0.227996][0.75441,-0.621365,-0.211595][0.099726,0.88058,0][0.138824,1.07837,-0.330653][0.578417,-0.810221,-0.094739][0.100767,0.871009,0][0.361885,1.19117,0.0186899][0.583666,-0.806172,-0.097059][0.110736,0.871134,0][0.361885,1.19117,0.0186899][0.583666,-0.806172,-0.097059][0.110736,0.871134,0][0.20569,1.04337,0.23921][0.767297,-0.60139,-0.222678][0.111884,0.880625,0][-0.00955772,0.918971,-0.227996][0.75441,-0.621365,-0.211595][0.099726,0.88058,0][0.361885,1.19117,0.0186899][-0.0849587,0.883212,0.461214][0.230971,0.625966,0][0.205456,1.26527,-0.145723][-0.0423507,0.893698,0.446666][0.24525,0.62714,0][0.0681303,1.13917,-0.000370065][-0.33696,0.768441,0.544019][0.245022,0.64845,0][0.0681303,1.13917,-0.000370065][-0.33696,0.768441,0.544019][0.245022,0.64845,0][0.20569,1.04337,0.23921][-0.446372,0.688142,0.572026][0.227626,0.648459,0][0.361885,1.19117,0.0186899][-0.0849587,0.883212,0.461214][0.230971,0.625966,0][-0.157743,0.62977,-0.079489][0.816744,-0.510644,-0.268648][0.098936,0.893902,0][-0.00955772,0.918971,-0.227996][0.75441,-0.621365,-0.211595][0.099726,0.88058,0][0.20569,1.04337,0.23921][0.767297,-0.60139,-0.222678][0.111884,0.880625,0][0.20569,1.04337,0.23921][0.767297,-0.60139,-0.222678][0.111884,0.880625,0][0.125377,0.80127,0.40612][0.816744,-0.510644,-0.268648][0.112604,0.893937,0][-0.157743,0.62977,-0.079489][0.816744,-0.510644,-0.268648][0.098936,0.893902,0][-0.0803397,0.84477,0.191277][-0.526013,0.616099,0.586286][0.244576,0.67901,0][0.125377,0.80127,0.40612][-0.526013,0.616099,0.586286][0.225348,0.67987,0][0.20569,1.04337,0.23921][-0.446372,0.688142,0.572026][0.227626,0.648459,0][0.20569,1.04337,0.23921][-0.446372,0.688142,0.572026][0.227626,0.648459,0][0.0681303,1.13917,-0.000370065][-0.33696,0.768441,0.544019][0.245022,0.64845,0][-0.0803397,0.84477,0.191277][-0.526013,0.616099,0.586286][0.244576,0.67901,0][-0.00955772,0.918971,-0.227996][-0.880212,0.455611,-0.132836][0.263488,0.648751,0][-0.157743,0.62977,-0.079489][-0.906605,0.414383,-0.079708][0.264797,0.680514,0][-0.0803397,0.84477,0.191277][-0.906605,0.414383,-0.079708][0.244576,0.67901,0][-0.0803397,0.84477,0.191277][-0.906605,0.414383,-0.079708][0.244576,0.67901,0][0.0681303,1.13917,-0.000370065][-0.864181,0.476723,-0.161016][0.245022,0.64845,0][-0.00955772,0.918971,-0.227996][-0.880212,0.455611,-0.132836][0.263488,0.648751,0][0.138824,1.07837,-0.330653][0.578417,-0.810221,-0.094739][0.100767,0.871009,0][0.308292,1.18237,-0.412004][0.386977,-0.922061,-0.007254][0.102123,0.862663,0][0.485062,1.24267,-0.180872][0.385316,-0.922763,-0.00637][0.109111,0.862695,0][0.485062,1.24267,-0.180872][0.385316,-0.922763,-0.00637][0.109111,0.862695,0][0.361885,1.19117,0.0186899][0.583666,-0.806172,-0.097059][0.110736,0.871134,0][0.138824,1.07837,-0.330653][0.578417,-0.810221,-0.094739][0.100767,0.871009,0][0.308292,1.18237,-0.412004][-0.53449,0.670016,-0.51517][0.256048,0.605538,0][0.138824,1.07837,-0.330653][-0.738724,0.588301,-0.32892][0.260508,0.625884,0][0.205456,1.26527,-0.145723][-0.724944,0.596796,-0.343936][0.24525,0.62714,0][0.205456,1.26527,-0.145723][-0.724944,0.596796,-0.343936][0.24525,0.62714,0][0.364082,1.32077,-0.292876][-0.518198,0.673193,-0.527525][0.245513,0.606755,0][0.308292,1.18237,-0.412004][-0.53449,0.670016,-0.51517][0.256048,0.605538,0][0.205456,1.26527,-0.145723][-0.0423507,0.893698,0.446666][0.24525,0.62714,0][0.361885,1.19117,0.0186899][-0.0849587,0.883212,0.461214][0.230971,0.625966,0][0.485062,1.24267,-0.180872][0.196379,0.918102,0.344273][0.235515,0.605947,0][0.485062,1.24267,-0.180872][0.196379,0.918102,0.344273][0.235515,0.605947,0][0.364082,1.32077,-0.292876][0.204425,0.917933,0.340013][0.245513,0.606755,0][0.205456,1.26527,-0.145723][-0.0423507,0.893698,0.446666][0.24525,0.62714,0][-1.2059,0.421041,-0.130956][0.692601,-0.710637,-0.123688][0.335846,0.951336,0][-1.21503,0.359571,0.174919][0.691378,-0.711779,-0.123965][0.328168,0.951301,0][-1.40985,0.0977707,-0.056874][0.833835,-0.545473,-0.084726][0.332392,0.934436,0][-1.30239,0.465271,0.028572][-0.674276,0.50801,-0.535982][0.11525,0.45154,0][-1.2059,0.421041,-0.130956][-0.666659,0.520263,-0.533753][0.104532,0.450675,0][-1.40985,0.0977707,-0.056874][-0.755557,0.349733,-0.553915][0.113746,0.41113,0][-1.40985,0.0977707,-0.056874][-0.817578,0.107543,0.565686][0.113746,0.41113,0][-1.21503,0.359571,0.174919][-0.701576,0.318218,0.637596][0.126544,0.450236,0][-1.30239,0.465271,0.028572][-0.712901,0.301479,0.633153][0.11525,0.45154,0][-0.551359,0.859171,0.113413][0.846543,0.516399,0.12922][0.971663,0.968415,0][-0.45563,0.63247,0.392537][0.846543,0.516399,0.12922][0.971189,0.971037,0][-0.439062,0.75487,-0.205298][0.846543,0.516399,0.12922][0.971176,0.966007,0][-1.04638,0.47817,0.266644][-0.509347,0.529008,0.678761][0.131324,0.472045,0][-0.821425,0.57077,0.335637][-0.28062,0.683081,0.67428][0.134519,0.496558,0][-0.941129,0.771371,0.0852069][-0.314426,0.664601,0.677821][0.114724,0.496236,0][-0.941129,0.771371,0.0852069][-0.314426,0.664601,0.677821][0.114724,0.496236,0][-1.15182,0.64257,0.059238][-0.525987,0.514582,0.677158][0.114969,0.473392,0][-1.04638,0.47817,0.266644][-0.509347,0.529008,0.678761][0.131324,0.472045,0][-0.821425,0.57077,0.335637][0.267935,-0.945339,-0.185864][0.325534,0.970988,0][-1.04638,0.47817,0.266644][0.489412,-0.857068,-0.160969][0.326678,0.960472,0][-1.03348,0.568471,-0.172955][0.486295,-0.858754,-0.161425][0.337632,0.960608,0][-1.03348,0.568471,-0.172955][0.486295,-0.858754,-0.161425][0.337632,0.960608,0][-0.806307,0.679371,-0.196173][0.266634,-0.945685,-0.185972][0.338893,0.971036,0][-0.821425,0.57077,0.335637][0.267935,-0.945339,-0.185864][0.325534,0.970988,0][-1.03348,0.568471,-0.172955][-0.489292,0.726221,-0.482905][0.099662,0.472133,0][-1.15182,0.64257,0.059238][-0.51223,0.705358,-0.489991][0.114969,0.473392,0][-0.941129,0.771371,0.0852069][-0.291192,0.86178,-0.415381][0.114724,0.496236,0][-0.941129,0.771371,0.0852069][-0.291192,0.86178,-0.415381][0.114724,0.496236,0][-0.806307,0.679371,-0.196173][-0.251844,0.881085,-0.40033][0.096076,0.496245,0][-1.03348,0.568471,-0.172955][-0.489292,0.726221,-0.482905][0.099662,0.472133,0][-0.45563,0.63247,0.392537][0.192546,-0.962418,-0.191513][0.324666,0.985625,0][-0.821425,0.57077,0.335637][0.267935,-0.945339,-0.185864][0.325534,0.970988,0][-0.806307,0.679371,-0.196173][0.266634,-0.945685,-0.185972][0.338893,0.971036,0][-0.806307,0.679371,-0.196173][0.266634,-0.945685,-0.185972][0.338893,0.971036,0][-0.439062,0.75487,-0.205298][0.192546,-0.962418,-0.191513][0.339684,0.985664,0][-0.45563,0.63247,0.392537][0.192546,-0.962418,-0.191513][0.324666,0.985625,0][-0.551359,0.859171,0.113413][-0.186557,0.908489,-0.373957][0.114246,0.528995,0][-0.439062,0.75487,-0.205298][-0.186557,0.908489,-0.373957][0.093634,0.529917,0][-0.806307,0.679371,-0.196173][-0.251844,0.881085,-0.40033][0.096076,0.496245,0][-0.806307,0.679371,-0.196173][-0.251844,0.881085,-0.40033][0.096076,0.496245,0][-0.941129,0.771371,0.0852069][-0.291192,0.86178,-0.415381][0.114724,0.496236,0][-0.551359,0.859171,0.113413][-0.186557,0.908489,-0.373957][0.114246,0.528995,0][-0.821425,0.57077,0.335637][-0.28062,0.683081,0.67428][0.134519,0.496558,0][-0.45563,0.63247,0.392537][-0.216402,0.714834,0.664969][0.135922,0.530607,0][-0.551359,0.859171,0.113413][-0.216402,0.714834,0.664969][0.114246,0.528995,0][-0.551359,0.859171,0.113413][-0.216402,0.714834,0.664969][0.114246,0.528995,0][-0.941129,0.771371,0.0852069][-0.314426,0.664601,0.677821][0.114724,0.496236,0][-0.821425,0.57077,0.335637][-0.28062,0.683081,0.67428][0.134519,0.496558,0][-1.04638,0.47817,0.266644][0.489412,-0.857068,-0.160969][0.326678,0.960472,0][-1.21503,0.359571,0.174919][0.691378,-0.711779,-0.123965][0.328168,0.951301,0][-1.2059,0.421041,-0.130956][0.692601,-0.710637,-0.123688][0.335846,0.951336,0][-1.2059,0.421041,-0.130956][0.692601,-0.710637,-0.123688][0.335846,0.951336,0][-1.03348,0.568471,-0.172955][0.486295,-0.858754,-0.161425][0.337632,0.960608,0][-1.04638,0.47817,0.266644][0.489412,-0.857068,-0.160969][0.326678,0.960472,0][-1.21503,0.359571,0.174919][-0.701576,0.318218,0.637596][0.126544,0.450236,0][-1.04638,0.47817,0.266644][-0.509347,0.529008,0.678761][0.131324,0.472045,0][-1.15182,0.64257,0.059238][-0.525987,0.514582,0.677158][0.114969,0.473392,0][-1.15182,0.64257,0.059238][-0.525987,0.514582,0.677158][0.114969,0.473392,0][-1.30239,0.465271,0.028572][-0.712901,0.301479,0.633153][0.11525,0.45154,0][-1.21503,0.359571,0.174919][-0.701576,0.318218,0.637596][0.126544,0.450236,0][-1.15182,0.64257,0.059238][-0.51223,0.705358,-0.489991][0.114969,0.473392,0][-1.03348,0.568471,-0.172955][-0.489292,0.726221,-0.482905][0.099662,0.472133,0][-1.2059,0.421041,-0.130956][-0.666659,0.520263,-0.533753][0.104532,0.450675,0][-1.2059,0.421041,-0.130956][-0.666659,0.520263,-0.533753][0.104532,0.450675,0][-1.30239,0.465271,0.028572][-0.674276,0.50801,-0.535982][0.11525,0.45154,0][-1.15182,0.64257,0.059238][-0.51223,0.705358,-0.489991][0.114969,0.473392,0][-0.982405,0.0159006,-0.969093][0.769489,-0.411065,0.488786][0.156643,0.970377,0][-1.23312,-0.000268936,-0.590061][0.768858,-0.412852,0.488273][0.167159,0.970425,0][-1.15837,-0.51236,-0.859614][0.826041,-0.163365,0.539414][0.161374,0.993523,0][-1.24053,0.0649605,-0.874353][-0.332314,0.130125,-0.934149][0.29232,0.129622,0][-0.982405,0.0159006,-0.969093][-0.330556,0.141502,-0.933118][0.307904,0.130881,0][-1.15837,-0.51236,-0.859614][-0.356037,-0.0744509,-0.931502][0.294507,0.188384,0][-1.15837,-0.51236,-0.859614][-0.98998,-0.141057,-0.006538][0.294507,0.188384,0][-1.23312,-0.000268936,-0.590061][-0.990554,0.129108,0.046189][0.275897,0.131518,0][-1.24053,0.0649605,-0.874353][-0.992719,0.112515,0.042997][0.29232,0.129622,0][-0.492213,0.900371,-0.374587][0.58937,0.691494,0.417707][0.956378,0.957776,0][-0.574187,0.67607,0.112288][0.58937,0.691494,0.417707][0.955687,0.961599,0][-0.0877888,0.710871,-0.631496][0.58937,0.691494,0.417707][0.955667,0.954267,0][-1.15461,0.261101,-0.419556][-0.878475,0.458681,0.133768][0.268945,0.099805,0][-0.964815,0.482071,-0.210436][-0.658142,0.715742,0.233586][0.264301,0.06416,0][-0.937748,0.660271,-0.676142][-0.695407,0.684198,0.219733][0.293085,0.06463,0][-0.937748,0.660271,-0.676142][-0.695407,0.684198,0.219733][0.293085,0.06463,0][-1.14426,0.39274,-0.812972][-0.891375,0.435287,0.126395][0.292729,0.097847,0][-1.15461,0.261101,-0.419556][-0.878475,0.458681,0.133768][0.268945,0.099805,0][-0.964815,0.482071,-0.210436][0.399263,-0.890055,0.219982][0.170766,0.943463,0][-1.15461,0.261101,-0.419556][0.614925,-0.695661,0.371379][0.1692,0.957866,0][-0.796018,0.28721,-0.965961][0.611871,-0.699528,0.369153][0.154197,0.957679,0][-0.796018,0.28721,-0.965961][0.611871,-0.699528,0.369153][0.154197,0.957679,0][-0.531628,0.512771,-0.871698][0.397918,-0.890883,0.219062][0.15247,0.943396,0][-0.964815,0.482071,-0.210436][0.399263,-0.890055,0.219982][0.170766,0.943463,0][-0.796018,0.28721,-0.965961][-0.230682,0.46261,-0.856025][0.314987,0.099677,0][-1.14426,0.39274,-0.812972][-0.245207,0.428304,-0.869729][0.292729,0.097847,0][-0.937748,0.660271,-0.676142][-0.0902448,0.699674,-0.70874][0.293085,0.06463,0][-0.937748,0.660271,-0.676142][-0.0902448,0.699674,-0.70874][0.293085,0.06463,0][-0.531628,0.512771,-0.871698][-0.0604558,0.737122,-0.67305][0.320201,0.064616,0][-0.796018,0.28721,-0.965961][-0.230682,0.46261,-0.856025][0.314987,0.099677,0][-0.574187,0.67607,0.112288][0.323726,-0.931017,0.168551][0.171955,0.923417,0][-0.964815,0.482071,-0.210436][0.399263,-0.890055,0.219982][0.170766,0.943463,0][-0.531628,0.512771,-0.871698][0.397918,-0.890883,0.219062][0.15247,0.943396,0][-0.531628,0.512771,-0.871698][0.397918,-0.890883,0.219062][0.15247,0.943396,0][-0.0877888,0.710871,-0.631496][0.323726,-0.931017,0.168551][0.151387,0.923363,0][-0.574187,0.67607,0.112288][0.323726,-0.931017,0.168551][0.171955,0.923417,0][-0.492213,0.900371,-0.374587][-0.0146707,0.789108,-0.614079][0.29378,0.016993,0][-0.0877888,0.710871,-0.631496][-0.0146707,0.789108,-0.614079][0.323753,0.015652,0][-0.531628,0.512771,-0.871698][-0.0604558,0.737122,-0.67305][0.320201,0.064616,0][-0.531628,0.512771,-0.871698][-0.0604558,0.737122,-0.67305][0.320201,0.064616,0][-0.937748,0.660271,-0.676142][-0.0902448,0.699674,-0.70874][0.293085,0.06463,0][-0.492213,0.900371,-0.374587][-0.0146707,0.789108,-0.614079][0.29378,0.016993,0][-0.964815,0.482071,-0.210436][-0.658142,0.715742,0.233586][0.264301,0.06416,0][-0.574187,0.67607,0.112288][-0.589133,0.766314,0.256293][0.262261,0.014649,0][-0.492213,0.900371,-0.374587][-0.589133,0.766314,0.256293][0.29378,0.016993,0][-0.492213,0.900371,-0.374587][-0.589133,0.766314,0.256293][0.29378,0.016993,0][-0.937748,0.660271,-0.676142][-0.695407,0.684198,0.219733][0.293085,0.06463,0][-0.964815,0.482071,-0.210436][-0.658142,0.715742,0.233586][0.264301,0.06416,0][-1.15461,0.261101,-0.419556][0.614925,-0.695661,0.371379][0.1692,0.957866,0][-1.23312,-0.000268936,-0.590061][0.768858,-0.412852,0.488273][0.167159,0.970425,0][-0.982405,0.0159006,-0.969093][0.769489,-0.411065,0.488786][0.156643,0.970377,0][-0.982405,0.0159006,-0.969093][0.769489,-0.411065,0.488786][0.156643,0.970377,0][-0.796018,0.28721,-0.965961][0.611871,-0.699528,0.369153][0.154197,0.957679,0][-1.15461,0.261101,-0.419556][0.614925,-0.695661,0.371379][0.1692,0.957866,0][-1.23312,-0.000268936,-0.590061][-0.990554,0.129108,0.046189][0.275897,0.131518,0][-1.15461,0.261101,-0.419556][-0.878475,0.458681,0.133768][0.268945,0.099805,0][-1.14426,0.39274,-0.812972][-0.891375,0.435287,0.126395][0.292729,0.097847,0][-1.14426,0.39274,-0.812972][-0.891375,0.435287,0.126395][0.292729,0.097847,0][-1.24053,0.0649605,-0.874353][-0.992719,0.112515,0.042997][0.29232,0.129622,0][-1.23312,-0.000268936,-0.590061][-0.990554,0.129108,0.046189][0.275897,0.131518,0][-1.14426,0.39274,-0.812972][-0.245207,0.428304,-0.869729][0.292729,0.097847,0][-0.796018,0.28721,-0.965961][-0.230682,0.46261,-0.856025][0.314987,0.099677,0][-0.982405,0.0159006,-0.969093][-0.330556,0.141502,-0.933118][0.307904,0.130881,0][-0.982405,0.0159006,-0.969093][-0.330556,0.141502,-0.933118][0.307904,0.130881,0][-1.24053,0.0649605,-0.874353][-0.332314,0.130125,-0.934149][0.29232,0.129622,0][-1.14426,0.39274,-0.812972][-0.245207,0.428304,-0.869729][0.292729,0.097847,0][-0.633959,0.22169,-1.27367][0.345352,-0.639021,0.687302][0.517223,0.869722,0][-0.986025,0.25516,-1.06655][0.344719,-0.640319,0.686411][0.507675,0.869676,0][-0.934461,-0.18493,-1.34921][0.418834,-0.45548,0.785567][0.512933,0.848707,0][-0.864134,0.32192,-1.29021][0.171672,0.263941,-0.949139][0.800909,0.127986,0][-0.633959,0.22169,-1.27367][0.176133,0.277068,-0.944569][0.8157,0.12916,0][-0.934461,-0.18493,-1.34921][0.114264,0.099212,-0.988484][0.803062,0.183743,0][-0.934461,-0.18493,-1.34921][-0.885607,0.173049,-0.430991][0.803062,0.183743,0][-0.986025,0.25516,-1.06655][-0.84461,0.406519,-0.348391][0.785328,0.129807,0][-0.864134,0.32192,-1.29021][-0.850046,0.388099,-0.356091][0.800909,0.127986,0][-0.205554,0.91067,-0.309513][0.401179,-0.515102,0.757446][0.961026,0.968314,0][-0.621811,0.78287,-0.175927][0.401179,-0.515102,0.757446][0.960494,0.971257,0][0.0659542,0.720171,-0.582858][0.401179,-0.515102,0.757446][0.960479,0.965613,0][-0.938362,0.460971,-0.858724][-0.737342,0.639658,-0.217172][0.77869,0.099723,0][-0.832595,0.633571,-0.595613][-0.588351,0.805713,-0.068339][0.774236,0.065905,0][-0.598338,0.776771,-0.951773][-0.613397,0.784464,-0.091437][0.80155,0.066313,0][-0.598338,0.776771,-0.951773][-0.613397,0.784464,-0.091437][0.80155,0.066313,0][-0.74921,0.57647,-1.16008][-0.747554,0.62367,-0.22847][0.801255,0.097833,0][-0.938362,0.460971,-0.858724][-0.737342,0.639658,-0.217172][0.77869,0.099723,0][-0.832595,0.633571,-0.595613][0.130009,-0.922824,0.36262][0.504393,0.894154,0][-0.938362,0.460971,-0.858724][0.240619,-0.810814,0.533557][0.505818,0.881078,0][-0.432066,0.415251,-1.15725][0.239019,-0.812883,0.531123][0.519439,0.881252,0][-0.432066,0.415251,-1.15725][0.239019,-0.812883,0.531123][0.519439,0.881252,0][-0.220571,0.577571,-0.957116][0.129307,-0.923356,0.361515][0.521003,0.89422,0][-0.832595,0.633571,-0.595613][0.130009,-0.922824,0.36262][0.504393,0.894154,0][-0.432066,0.415251,-1.15725][0.266573,0.506708,-0.819869][0.822379,0.099541,0][-0.74921,0.57647,-1.16008][0.25634,0.482378,-0.837616][0.801255,0.097833,0][-0.598338,0.776771,-0.951773][0.339556,0.669757,-0.6604][0.80155,0.066313,0][-0.598338,0.776771,-0.951773][0.339556,0.669757,-0.6604][0.80155,0.066313,0][-0.220571,0.577571,-0.957116][0.352538,0.697773,-0.623562][0.82728,0.066264,0][-0.432066,0.415251,-1.15725][0.266573,0.506708,-0.819869][0.822379,0.099541,0][-0.647556,0.76467,-0.227187][0.0874797,-0.95149,0.294983][0.50344,0.910131,0][-0.832595,0.633571,-0.595613][0.130009,-0.922824,0.36262][0.504393,0.894154,0][-0.220571,0.577571,-0.957116][0.129307,-0.923356,0.361515][0.521003,0.89422,0][-0.220571,0.577571,-0.957116][0.129307,-0.923356,0.361515][0.521003,0.89422,0][0.0309582,0.70277,-0.62857][0.0874797,-0.95149,0.294983][0.521862,0.910186,0][-0.647556,0.76467,-0.227187][0.0874797,-0.95149,0.294983][0.50344,0.910131,0][-0.365764,0.93037,-0.583672][0.387895,0.777685,-0.494716][0.802074,0.02663,0][0.0309582,0.70277,-0.62857][0.397504,0.801027,-0.4476][0.830183,0.025473,0][-0.220571,0.577571,-0.957116][0.352538,0.697773,-0.623562][0.82728,0.066264,0][-0.220571,0.577571,-0.957116][0.352538,0.697773,-0.623562][0.82728,0.066264,0][-0.598338,0.776771,-0.951773][0.339556,0.669757,-0.6604][0.80155,0.066313,0][-0.365764,0.93037,-0.583672][0.387895,0.777685,-0.494716][0.802074,0.02663,0][-0.832595,0.633571,-0.595613][-0.588351,0.805713,-0.068339][0.774236,0.065905,0][-0.647556,0.76467,-0.227187][-0.446315,0.893553,0.04864][0.772479,0.024664,0][-0.365764,0.93037,-0.583672][-0.483816,0.874947,0.019729][0.802074,0.02663,0][-0.365764,0.93037,-0.583672][-0.483816,0.874947,0.019729][0.802074,0.02663,0][-0.598338,0.776771,-0.951773][-0.613397,0.784464,-0.091437][0.80155,0.066313,0][-0.832595,0.633571,-0.595613][-0.588351,0.805713,-0.068339][0.774236,0.065905,0][-0.938362,0.460971,-0.858724][0.240619,-0.810814,0.533557][0.505818,0.881078,0][-0.986025,0.25516,-1.06655][0.344719,-0.640319,0.686411][0.507675,0.869676,0][-0.633959,0.22169,-1.27367][0.345352,-0.639021,0.687302][0.517223,0.869722,0][-0.633959,0.22169,-1.27367][0.345352,-0.639021,0.687302][0.517223,0.869722,0][-0.432066,0.415251,-1.15725][0.239019,-0.812883,0.531123][0.519439,0.881252,0][-0.938362,0.460971,-0.858724][0.240619,-0.810814,0.533557][0.505818,0.881078,0][-0.986025,0.25516,-1.06655][-0.84461,0.406519,-0.348391][0.785328,0.129807,0][-0.938362,0.460971,-0.858724][-0.737342,0.639658,-0.217172][0.77869,0.099723,0][-0.74921,0.57647,-1.16008][-0.747554,0.62367,-0.22847][0.801255,0.097833,0][-0.74921,0.57647,-1.16008][-0.747554,0.62367,-0.22847][0.801255,0.097833,0][-0.864134,0.32192,-1.29021][-0.850046,0.388099,-0.356091][0.800909,0.127986,0][-0.986025,0.25516,-1.06655][-0.84461,0.406519,-0.348391][0.785328,0.129807,0][-0.74921,0.57647,-1.16008][0.25634,0.482378,-0.837616][0.801255,0.097833,0][-0.432066,0.415251,-1.15725][0.266573,0.506708,-0.819869][0.822379,0.099541,0][-0.633959,0.22169,-1.27367][0.176133,0.277068,-0.944569][0.8157,0.12916,0][-0.633959,0.22169,-1.27367][0.176133,0.277068,-0.944569][0.8157,0.12916,0][-0.864134,0.32192,-1.29021][0.171672,0.263941,-0.949139][0.800909,0.127986,0][-0.74921,0.57647,-1.16008][0.25634,0.482378,-0.837616][0.801255,0.097833,0][-0.205554,0.91067,-0.309513][0.423957,0.86978,-0.252475][0.802147,0.021109,0][0.0659542,0.720171,-0.582858][0.423957,0.86978,-0.252475][0.830587,0.019797,0][0.0309582,0.70277,-0.62857][0.397504,0.801027,-0.4476][0.830183,0.025473,0][0.0309582,0.70277,-0.62857][0.397504,0.801027,-0.4476][0.830183,0.025473,0][-0.365764,0.93037,-0.583672][0.387895,0.777685,-0.494716][0.802074,0.02663,0][-0.205554,0.91067,-0.309513][0.423957,0.86978,-0.252475][0.802147,0.021109,0][-0.621811,0.78287,-0.175927][0.0876657,-0.951506,0.294875][0.503308,0.912354,0][-0.647556,0.76467,-0.227187][0.0874797,-0.95149,0.294983][0.50344,0.910131,0][0.0309582,0.70277,-0.62857][0.0874797,-0.95149,0.294983][0.521862,0.910186,0][0.0309582,0.70277,-0.62857][0.0874797,-0.95149,0.294983][0.521862,0.910186,0][0.0659542,0.720171,-0.582858][0.0876657,-0.951506,0.294875][0.521982,0.912408,0][-0.621811,0.78287,-0.175927][0.0876657,-0.951506,0.294875][0.503308,0.912354,0][-0.647556,0.76467,-0.227187][-0.446315,0.893553,0.04864][0.772479,0.024664,0][-0.621811,0.78287,-0.175927][-0.281467,0.945255,0.165137][0.772235,0.018926,0][-0.205554,0.91067,-0.309513][-0.281467,0.945255,0.165137][0.802147,0.021109,0][-0.205554,0.91067,-0.309513][-0.281467,0.945255,0.165137][0.802147,0.021109,0][-0.365764,0.93037,-0.583672][-0.483816,0.874947,0.019729][0.802074,0.02663,0][-0.647556,0.76467,-0.227187][-0.446315,0.893553,0.04864][0.772479,0.024664,0][-0.939801,-0.221649,0.807075][0.688249,-0.175807,-0.70385][0.289308,0.989675,0][-0.693757,-0.217699,1.04542][0.688249,-0.175807,-0.70385][0.2789,0.989654,0][-0.783133,-0.59662,1.05394][0.689784,-0.147382,-0.708856][0.279666,0.976031,0][-0.783133,-0.59662,1.05394][0.689784,-0.147382,-0.708856][0.279666,0.976031,0][-0.996025,-0.62511,0.851607][0.690017,-0.141791,-0.709769][0.288598,0.976058,0][-0.939801,-0.221649,0.807075][0.688249,-0.175807,-0.70385][0.289308,0.989675,0][-0.951825,-0.942829,0.930548][0.687718,-0.0567592,-0.723755][0.286633,0.965887,0][-0.828866,-0.90457,1.0439][0.688063,-0.0590642,-0.723243][0.281312,0.965866,0][-0.816941,-1.29344,1.05022][0.676303,0.00877578,-0.736571][0.284232,0.954177,0][-0.972055,-0.597159,1.02979][-0.98592,0.0754123,0.149248][0.627043,0.755346,0][-0.903356,-0.212569,1.00417][-0.975844,0.167208,0.140608][0.6275,0.724955,0][-0.939801,-0.221649,0.807075][-0.975844,0.167208,0.140608][0.641842,0.72432,0][-0.939801,-0.221649,0.807075][-0.975844,0.167208,0.140608][0.641842,0.72432,0][-0.996025,-0.62511,0.851607][-0.986409,0.0671603,0.149959][0.639612,0.755808,0][-0.972055,-0.597159,1.02979][-0.98592,0.0754123,0.149248][0.627043,0.755346,0][-0.935206,-0.92067,1.02988][-0.972178,-0.152171,0.178085][0.626778,0.778846,0][-0.951825,-0.942829,0.930548][-0.971756,-0.154114,0.178715][0.634235,0.779452,0][-0.816941,-1.29344,1.05022][-0.933316,-0.284121,0.219538][0.627812,0.806963,0][-0.783133,-0.59662,1.05394][-0.150046,0.047873,0.987519][0.61365,0.755658,0][-0.693757,-0.217699,1.04542][-0.160595,0.0772391,0.983994][0.612419,0.723827,0][-0.903356,-0.212569,1.00417][-0.160595,0.0772391,0.983994][0.6275,0.724955,0][-0.903356,-0.212569,1.00417][-0.160595,0.0772391,0.983994][0.6275,0.724955,0][-0.972055,-0.597159,1.02979][-0.147931,0.042029,0.988104][0.627043,0.755346,0][-0.783133,-0.59662,1.05394][-0.150046,0.047873,0.987519][0.61365,0.755658,0][-0.816941,-1.29344,1.05022][-0.132561,0.012031,0.991102][0.627812,0.806963,0][-0.828866,-0.90457,1.0439][-0.128781,-0.00715896,0.991647][0.618919,0.77975,0][-0.935206,-0.92067,1.02988][-0.12895,-0.00630696,0.991631][0.626778,0.778846,0][-0.996025,-0.62511,0.851607][0.690017,-0.141791,-0.709769][0.288598,0.976058,0][-0.783133,-0.59662,1.05394][0.689784,-0.147382,-0.708856][0.279666,0.976031,0][-0.828866,-0.90457,1.0439][0.688063,-0.0590642,-0.723243][0.281312,0.965866,0][-0.828866,-0.90457,1.0439][0.688063,-0.0590642,-0.723243][0.281312,0.965866,0][-0.951825,-0.942829,0.930548][0.687718,-0.0567592,-0.723755][0.286633,0.965887,0][-0.996025,-0.62511,0.851607][0.690017,-0.141791,-0.709769][0.288598,0.976058,0][-0.828866,-0.90457,1.0439][-0.128781,-0.00715896,0.991647][0.618919,0.77975,0][-0.783133,-0.59662,1.05394][-0.150046,0.047873,0.987519][0.61365,0.755658,0][-0.972055,-0.597159,1.02979][-0.147931,0.042029,0.988104][0.627043,0.755346,0][-0.972055,-0.597159,1.02979][-0.147931,0.042029,0.988104][0.627043,0.755346,0][-0.935206,-0.92067,1.02988][-0.12895,-0.00630696,0.991631][0.626778,0.778846,0][-0.828866,-0.90457,1.0439][-0.128781,-0.00715896,0.991647][0.618919,0.77975,0][-0.935206,-0.92067,1.02988][-0.972178,-0.152171,0.178085][0.626778,0.778846,0][-0.972055,-0.597159,1.02979][-0.98592,0.0754123,0.149248][0.627043,0.755346,0][-0.996025,-0.62511,0.851607][-0.986409,0.0671603,0.149959][0.639612,0.755808,0][-0.996025,-0.62511,0.851607][-0.986409,0.0671603,0.149959][0.639612,0.755808,0][-0.951825,-0.942829,0.930548][-0.971756,-0.154114,0.178715][0.634235,0.779452,0][-0.935206,-0.92067,1.02988][-0.972178,-0.152171,0.178085][0.626778,0.778846,0][-0.903356,-0.212569,1.00417][0.0347533,0.998021,-0.0524][0.949443,0.975443,0][-0.693757,-0.217699,1.04542][0.0347533,0.998021,-0.0524][0.949169,0.976959,0][-0.939801,-0.221649,0.807075][0.0347533,0.998021,-0.0524][0.949161,0.974052,0][-1.15263,-0.582069,0.364543][0.881061,-0.159506,-0.445298][0.038981,0.948479,0][-0.955635,-0.547899,0.77296][0.882238,-0.158499,-0.443322][0.028215,0.94843,0][-1.10798,-1.01353,0.610447][0.895721,-0.146537,-0.419775][0.034138,0.924783,0][-1.21263,-0.577359,0.637131][-0.95145,-0.271482,-0.145055][0.053114,0.079538,0][-1.15263,-0.582069,0.364543][-0.949745,-0.2849,-0.129681][0.037038,0.078239,0][-1.10798,-1.01353,0.610447][-0.954273,-0.216343,-0.206299][0.050857,0.018926,0][-1.10798,-1.01353,0.610447][-0.446696,-0.16102,0.880077][0.050857,0.018926,0][-0.955635,-0.547899,0.77296][-0.446959,0.116281,0.886965][0.070053,0.077582,0][-1.21263,-0.577359,0.637131][-0.448209,0.0943502,0.888936][0.053114,0.079538,0][-0.832863,0.703171,0.401202][0.586163,0.809307,-0.037874][0.946486,0.957921,0][-0.532043,0.50187,0.754946][0.586163,0.809307,-0.037874][0.945894,0.961201,0][-0.809544,0.66407,-0.074327][0.586163,0.809307,-0.037874][0.945877,0.954911,0][-0.904146,-0.17697,0.699682][-0.445345,0.155738,0.88171][0.077224,0.110293,0][-0.86556,0.171741,0.688546][-0.486184,0.352523,0.799595][0.082015,0.14706,0][-1.30303,0.158151,0.448496][-0.478067,0.290389,0.828931][0.052324,0.146576,0][-1.30303,0.158151,0.448496][-0.478067,0.290389,0.828931][0.052324,0.146576,0][-1.28092,-0.2449,0.539396][-0.444937,0.159556,0.881234][0.052692,0.112313,0][-0.904146,-0.17697,0.699682][-0.445345,0.155738,0.88171][0.077224,0.110293,0][-0.904146,-0.17697,0.699682][0.876983,-0.164138,-0.451619][0.026126,0.961288,0][-1.23408,-0.344379,0.16029][0.876997,-0.164172,-0.45158][0.041485,0.96148,0][-1.22109,0.0880108,-0.013201][0.80849,-0.441785,-0.388807][0.043253,0.976102,0][-1.22109,0.0880108,-0.013201][0.80849,-0.441785,-0.388807][0.043253,0.976102,0][-0.86556,0.171741,0.688546][0.791494,-0.481798,-0.376042][0.024523,0.976034,0][-0.904146,-0.17697,0.699682][0.876983,-0.164138,-0.451619][0.026126,0.961288,0][-1.23408,-0.344379,0.16029][-0.983278,-0.1258,-0.131673][0.029733,0.110425,0][-1.28092,-0.2449,0.539396][-0.980961,-0.144989,-0.129206][0.052692,0.112313,0][-1.30303,0.158151,0.448496][-0.988574,-0.0551837,-0.140274][0.052324,0.146576,0][-1.30303,0.158151,0.448496][-0.988574,-0.0551837,-0.140274][0.052324,0.146576,0][-1.22109,0.0880108,-0.013201][-0.988574,-0.0551837,-0.140274][0.024355,0.14659,0][-1.23408,-0.344379,0.16029][-0.983278,-0.1258,-0.131673][0.029733,0.110425,0][-0.809544,0.66407,-0.074327][0.729482,-0.597883,-0.332254][0.044362,0.996611,0][-0.532043,0.50187,0.754946][0.729482,-0.597883,-0.332254][0.023306,0.996556,0][-0.86556,0.171741,0.688546][0.791494,-0.481798,-0.376042][0.024523,0.976034,0][-0.86556,0.171741,0.688546][0.791494,-0.481798,-0.376042][0.024523,0.976034,0][-1.22109,0.0880108,-0.013201][0.80849,-0.441785,-0.388807][0.043253,0.976102,0][-0.809544,0.66407,-0.074327][0.729482,-0.597883,-0.332254][0.044362,0.996611,0][-0.832863,0.703171,0.401202][-0.7835,0.60095,-0.15807][0.051607,0.195712,0][-0.809544,0.66407,-0.074327][-0.7835,0.60095,-0.15807][0.020691,0.197095,0][-1.22109,0.0880108,-0.013201][-0.7835,0.60095,-0.15807][0.024355,0.14659,0][-1.22109,0.0880108,-0.013201][-0.7835,0.60095,-0.15807][0.024355,0.14659,0][-1.30303,0.158151,0.448496][-0.7835,0.60095,-0.15807][0.052324,0.146576,0][-0.832863,0.703171,0.401202][-0.7835,0.60095,-0.15807][0.051607,0.195712,0][-0.86556,0.171741,0.688546][-0.486184,0.352523,0.799595][0.082015,0.14706,0][-0.532043,0.50187,0.754946][-0.493653,0.436938,0.751926][0.084119,0.198129,0][-0.832863,0.703171,0.401202][-0.493652,0.436938,0.751926][0.051607,0.195712,0][-0.832863,0.703171,0.401202][-0.493652,0.436938,0.751926][0.051607,0.195712,0][-1.30303,0.158151,0.448496][-0.478067,0.290389,0.828931][0.052324,0.146576,0][-0.86556,0.171741,0.688546][-0.486184,0.352523,0.799595][0.082015,0.14706,0][-0.904146,-0.17697,0.699682][0.876983,-0.164138,-0.451619][0.026126,0.961288,0][-0.955635,-0.547899,0.77296][0.882238,-0.158499,-0.443322][0.028215,0.94843,0][-1.15263,-0.582069,0.364543][0.881061,-0.159506,-0.445298][0.038981,0.948479,0][-1.15263,-0.582069,0.364543][0.881061,-0.159506,-0.445298][0.038981,0.948479,0][-1.23408,-0.344379,0.16029][0.876997,-0.164172,-0.45158][0.041485,0.96148,0][-0.904146,-0.17697,0.699682][0.876983,-0.164138,-0.451619][0.026126,0.961288,0][-0.955635,-0.547899,0.77296][-0.446959,0.116281,0.886965][0.070053,0.077582,0][-0.904146,-0.17697,0.699682][-0.445345,0.155738,0.88171][0.077224,0.110293,0][-1.28092,-0.2449,0.539396][-0.444937,0.159556,0.881234][0.052692,0.112313,0][-1.28092,-0.2449,0.539396][-0.444937,0.159556,0.881234][0.052692,0.112313,0][-1.21263,-0.577359,0.637131][-0.448209,0.0943502,0.888936][0.053114,0.079538,0][-0.955635,-0.547899,0.77296][-0.446959,0.116281,0.886965][0.070053,0.077582,0][-1.28092,-0.2449,0.539396][-0.980961,-0.144989,-0.129206][0.052692,0.112313,0][-1.23408,-0.344379,0.16029][-0.983278,-0.1258,-0.131673][0.029733,0.110425,0][-1.15263,-0.582069,0.364543][-0.949745,-0.2849,-0.129681][0.037038,0.078239,0][-1.15263,-0.582069,0.364543][-0.949745,-0.2849,-0.129681][0.037038,0.078239,0][-1.21263,-0.577359,0.637131][-0.95145,-0.271482,-0.145055][0.053114,0.079538,0][-1.28092,-0.2449,0.539396][-0.980961,-0.144989,-0.129206][0.052692,0.112313,0][-1.06594,-0.562789,-0.653281][0.936823,-0.291726,0.193027][0.072791,0.864878,0][-1.13027,-0.53852,-0.305966][0.937976,-0.288031,0.192974][0.080578,0.864914,0][-1.28322,-0.776099,-0.513566][0.746125,-0.640184,0.182928][0.076294,0.882018,0][-1.25117,-0.512639,-0.517284][-0.618596,-0.0608938,-0.783346][0.897129,0.30627,0][-1.06594,-0.562789,-0.653281][-0.624761,-0.0838228,-0.776304][0.908412,0.307181,0][-1.28322,-0.776099,-0.513566][-0.580334,0.0591332,-0.812229][0.898713,0.348811,0][-1.28322,-0.776099,-0.513566][-0.85665,0.111313,0.503745][0.898713,0.348811,0][-1.13027,-0.53852,-0.305966][-0.881074,0.0515523,0.470161][0.88524,0.307643,0][-1.25117,-0.512639,-0.517284][-0.877501,0.0610773,0.47567][0.897129,0.30627,0][-1.02052,0.34893,-0.552726][0.565936,0.819284,0.092141][0.957227,0.975763,0][-1.05804,0.337481,-0.220455][0.565936,0.819284,0.092141][0.956919,0.977467,0][-0.861438,0.273451,-0.858649][0.565936,0.819284,0.092141][0.95691,0.974198,0][-1.10361,-0.326209,-0.244526][-0.909014,-0.0459457,0.414225][0.880208,0.284684,0][-1.13022,-0.0512295,-0.218688][-0.956,0.218459,0.195805][0.876845,0.258879,0][-1.259,-0.120369,-0.563747][-0.957312,0.160782,0.240214][0.897683,0.259218,0][-1.259,-0.120369,-0.563747][-0.957312,0.160782,0.240214][0.897683,0.259218,0][-1.24338,-0.383329,-0.5358][-0.906255,-0.0338337,0.421376][0.897426,0.283266,0][-1.10361,-0.326209,-0.244526][-0.909014,-0.0459457,0.414225][0.880208,0.284684,0][-1.13022,-0.0512295,-0.218688][0.957593,-0.145971,0.24841][0.083249,0.844949,0][-1.10361,-0.326209,-0.244526][0.98006,-0.0265343,0.196923][0.082089,0.855614,0][-1.01175,-0.35965,-0.744335][0.980126,-0.0230653,0.197033][0.07098,0.855475,0][-1.01175,-0.35965,-0.744335][0.980126,-0.0230653,0.197033][0.07098,0.855475,0][-0.996035,-0.0981293,-0.818512][0.956835,-0.14943,0.249274][0.069701,0.844899,0][-1.13022,-0.0512295,-0.218688][0.957593,-0.145971,0.24841][0.083249,0.844949,0][-1.01175,-0.35965,-0.744335][-0.662393,-0.139612,-0.736032][0.91354,0.284591,0][-1.24338,-0.383329,-0.5358][-0.65701,-0.137992,-0.741145][0.897426,0.283266,0][-1.259,-0.120369,-0.563747][-0.733119,0.115738,-0.67018][0.897683,0.259218,0][-1.259,-0.120369,-0.563747][-0.733119,0.115738,-0.67018][0.897683,0.259218,0][-0.996035,-0.0981293,-0.818512][-0.74178,0.193114,-0.642238][0.917314,0.259208,0][-1.01175,-0.35965,-0.744335][-0.662393,-0.139612,-0.736032][0.91354,0.284591,0][-1.05804,0.337481,-0.220455][0.932628,-0.23873,0.27058][0.084129,0.830105,0][-1.13022,-0.0512295,-0.218688][0.957593,-0.145971,0.24841][0.083249,0.844949,0][-0.996035,-0.0981293,-0.818512][0.956835,-0.14943,0.249274][0.069701,0.844899,0][-0.996035,-0.0981293,-0.818512][0.956835,-0.14943,0.249274][0.069701,0.844899,0][-0.861438,0.273451,-0.858649][0.932628,-0.23873,0.27058][0.068899,0.830065,0][-1.05804,0.337481,-0.220455][0.932628,-0.23873,0.27058][0.084129,0.830105,0][-1.02052,0.34893,-0.552726][-0.745165,0.310158,-0.590366][0.898187,0.224731,0][-0.861438,0.273451,-0.858649][-0.745165,0.310158,-0.590366][0.919886,0.22376,0][-0.996035,-0.0981293,-0.818512][-0.74178,0.193114,-0.642238][0.917314,0.259208,0][-0.996035,-0.0981293,-0.818512][-0.74178,0.193114,-0.642238][0.917314,0.259208,0][-1.259,-0.120369,-0.563747][-0.733119,0.115738,-0.67018][0.897683,0.259218,0][-1.02052,0.34893,-0.552726][-0.745165,0.310158,-0.590366][0.898187,0.224731,0][-1.13022,-0.0512295,-0.218688][-0.956,0.218459,0.195805][0.876845,0.258879,0][-1.05804,0.337481,-0.220455][-0.936138,0.337887,0.097357][0.875368,0.223034,0][-1.02052,0.34893,-0.552726][-0.936138,0.337887,0.097357][0.898187,0.224731,0][-1.02052,0.34893,-0.552726][-0.936138,0.337887,0.097357][0.898187,0.224731,0][-1.259,-0.120369,-0.563747][-0.957312,0.160782,0.240214][0.897683,0.259218,0][-1.13022,-0.0512295,-0.218688][-0.956,0.218459,0.195805][0.876845,0.258879,0][-1.10361,-0.326209,-0.244526][0.98006,-0.0265343,0.196923][0.082089,0.855614,0][-1.13027,-0.53852,-0.305966][0.937976,-0.288031,0.192974][0.080578,0.864914,0][-1.06594,-0.562789,-0.653281][0.936823,-0.291726,0.193027][0.072791,0.864878,0][-1.06594,-0.562789,-0.653281][0.936823,-0.291726,0.193027][0.072791,0.864878,0][-1.01175,-0.35965,-0.744335][0.980126,-0.0230653,0.197033][0.07098,0.855475,0][-1.10361,-0.326209,-0.244526][0.98006,-0.0265343,0.196923][0.082089,0.855614,0][-1.13027,-0.53852,-0.305966][-0.881074,0.0515523,0.470161][0.88524,0.307643,0][-1.10361,-0.326209,-0.244526][-0.909014,-0.0459457,0.414225][0.880208,0.284684,0][-1.24338,-0.383329,-0.5358][-0.906255,-0.0338337,0.421376][0.897426,0.283266,0][-1.24338,-0.383329,-0.5358][-0.906255,-0.0338337,0.421376][0.897426,0.283266,0][-1.25117,-0.512639,-0.517284][-0.877501,0.0610773,0.47567][0.897129,0.30627,0][-1.13027,-0.53852,-0.305966][-0.881074,0.0515523,0.470161][0.88524,0.307643,0][-1.24338,-0.383329,-0.5358][-0.65701,-0.137992,-0.741145][0.897426,0.283266,0][-1.01175,-0.35965,-0.744335][-0.662393,-0.139612,-0.736032][0.91354,0.284591,0][-1.06594,-0.562789,-0.653281][-0.624761,-0.0838228,-0.776304][0.908412,0.307181,0][-1.06594,-0.562789,-0.653281][-0.624761,-0.0838228,-0.776304][0.908412,0.307181,0][-1.25117,-0.512639,-0.517284][-0.618596,-0.0608938,-0.783346][0.897129,0.30627,0][-1.24338,-0.383329,-0.5358][-0.65701,-0.137992,-0.741145][0.897426,0.283266,0][-1.20728,0.123561,-0.285816][0.518291,-0.846117,0.124337][0.301544,0.961891,0][-1.24634,0.12868,-0.09225][0.521489,-0.844065,0.12491][0.306703,0.961914,0][-1.44121,0.110451,-0.240432][0.0634987,-0.997213,0.039171][0.303866,0.973246,0][-1.31771,0.24767,-0.214057][-0.309277,0.279461,-0.908983][0.504091,0.773236,0][-1.20728,0.123561,-0.285816][-0.32383,0.269216,-0.907004][0.512131,0.773885,0][-1.44121,0.110451,-0.240432][-0.197223,0.353267,-0.914497][0.50522,0.80355,0][-1.44121,0.110451,-0.240432][-0.581159,0.385229,0.716835][0.50522,0.80355,0][-1.24634,0.12868,-0.09225][-0.638478,0.36176,0.67932][0.495619,0.774214,0][-1.31771,0.24767,-0.214057][-0.631757,0.364685,0.684023][0.504091,0.773236,0][-0.710908,0.62137,-0.111036][0.718086,-0.659609,0.221966][0.95072,0.975474,0][-0.828539,0.549571,0.055933][0.547834,-0.820279,0.164379][0.950438,0.977035,0][-0.741602,0.522671,-0.305087][0.548158,-0.820041,0.164487][0.95043,0.974042,0][-1.14653,0.22912,-0.034788][-0.704766,0.331204,0.627383][0.492033,0.757854,0][-1.04636,0.387381,0.00937697][-0.548549,0.685285,0.479039][0.489636,0.739465,0][-1.1704,0.489771,-0.200193][-0.59373,0.618497,0.514729][0.504486,0.739707,0][-1.1704,0.489771,-0.200193][-0.59373,0.618497,0.514729][0.504486,0.739707,0][-1.26242,0.32221,-0.210861][-0.701062,0.333029,0.630558][0.504302,0.756843,0][-1.14653,0.22912,-0.034788][-0.704766,0.331204,0.627383][0.492033,0.757854,0][-1.04636,0.387381,0.00937697][0.640851,-0.749128,0.167682][0.308473,0.948688,0][-1.14653,0.22912,-0.034788][0.765907,-0.620733,0.167566][0.307705,0.955753,0][-1.09069,0.223671,-0.313332][0.767788,-0.618318,0.167883][0.300345,0.955661,0][-1.09069,0.223671,-0.313332][0.767788,-0.618318,0.167883][0.300345,0.955661,0][-0.978465,0.379601,-0.327423][0.637259,-0.752238,0.167448][0.299497,0.948655,0][-1.04636,0.387381,0.00937697][0.640851,-0.749128,0.167682][0.308473,0.948688,0][-1.09069,0.223671,-0.313332][-0.399054,0.246474,-0.88318][0.515785,0.757787,0][-1.26242,0.32221,-0.210861][-0.395588,0.245428,-0.885029][0.504302,0.756843,0][-1.1704,0.489771,-0.200193][-0.315995,0.558143,-0.767218][0.504486,0.739707,0][-1.1704,0.489771,-0.200193][-0.315995,0.558143,-0.767218][0.504486,0.739707,0][-0.978465,0.379601,-0.327423][-0.279612,0.640001,-0.715693][0.518475,0.739699,0][-1.09069,0.223671,-0.313332][-0.399054,0.246474,-0.88318][0.515785,0.757787,0][-0.828539,0.549571,0.055933][0.547834,-0.820279,0.164379][0.309056,0.938854,0][-1.04636,0.387381,0.00937697][0.640851,-0.749128,0.167682][0.308473,0.948688,0][-0.978465,0.379601,-0.327423][0.637259,-0.752238,0.167448][0.299497,0.948655,0][-0.978465,0.379601,-0.327423][0.637259,-0.752238,0.167448][0.299497,0.948655,0][-0.741602,0.522671,-0.305087][0.548158,-0.820041,0.164487][0.298966,0.938828,0][-0.828539,0.549571,0.055933][0.547834,-0.820279,0.164379][0.309056,0.938854,0][-0.710908,0.62137,-0.111036][-0.206894,0.769559,-0.604131][0.504845,0.715131,0][-0.741602,0.522671,-0.305087][-0.206894,0.769559,-0.604131][0.520307,0.714439,0][-0.978465,0.379601,-0.327423][-0.279612,0.640001,-0.715693][0.518475,0.739699,0][-0.978465,0.379601,-0.327423][-0.279612,0.640001,-0.715693][0.518475,0.739699,0][-1.1704,0.489771,-0.200193][-0.315995,0.558143,-0.767218][0.504486,0.739707,0][-0.710908,0.62137,-0.111036][-0.206894,0.769559,-0.604131][0.504845,0.715131,0][-1.04636,0.387381,0.00937697][-0.548549,0.685285,0.479039][0.489636,0.739465,0][-0.828539,0.549571,0.055933][-0.431126,0.816042,0.384975][0.488584,0.713922,0][-0.710908,0.62137,-0.111036][-0.431126,0.816042,0.384975][0.504845,0.715131,0][-0.710908,0.62137,-0.111036][-0.431126,0.816042,0.384975][0.504845,0.715131,0][-1.1704,0.489771,-0.200193][-0.59373,0.618497,0.514729][0.504486,0.739707,0][-1.04636,0.387381,0.00937697][-0.548549,0.685285,0.479039][0.489636,0.739465,0][-1.14653,0.22912,-0.034788][0.765907,-0.620733,0.167566][0.307705,0.955753,0][-1.24634,0.12868,-0.09225][0.521489,-0.844065,0.12491][0.306703,0.961914,0][-1.20728,0.123561,-0.285816][0.518291,-0.846117,0.124337][0.301544,0.961891,0][-1.20728,0.123561,-0.285816][0.518291,-0.846117,0.124337][0.301544,0.961891,0][-1.09069,0.223671,-0.313332][0.767788,-0.618318,0.167883][0.300345,0.955661,0][-1.14653,0.22912,-0.034788][0.765907,-0.620733,0.167566][0.307705,0.955753,0][-1.24634,0.12868,-0.09225][-0.638478,0.36176,0.67932][0.495619,0.774214,0][-1.14653,0.22912,-0.034788][-0.704766,0.331204,0.627383][0.492033,0.757854,0][-1.26242,0.32221,-0.210861][-0.701062,0.333029,0.630558][0.504302,0.756843,0][-1.26242,0.32221,-0.210861][-0.701062,0.333029,0.630558][0.504302,0.756843,0][-1.31771,0.24767,-0.214057][-0.631757,0.364685,0.684023][0.504091,0.773236,0][-1.24634,0.12868,-0.09225][-0.638478,0.36176,0.67932][0.495619,0.774214,0][-1.26242,0.32221,-0.210861][-0.395588,0.245428,-0.885029][0.504302,0.756843,0][-1.09069,0.223671,-0.313332][-0.399054,0.246474,-0.88318][0.515785,0.757787,0][-1.20728,0.123561,-0.285816][-0.32383,0.269216,-0.907004][0.512131,0.773885,0][-1.20728,0.123561,-0.285816][-0.32383,0.269216,-0.907004][0.512131,0.773885,0][-1.31771,0.24767,-0.214057][-0.309277,0.279461,-0.908983][0.504091,0.773236,0][-1.26242,0.32221,-0.210861][-0.395588,0.245428,-0.885029][0.504302,0.756843,0][-0.251883,-0.22145,1.23744][0.397683,-0.234079,-0.887162][0.825233,0.87699,0][-0.297426,-0.45624,1.27478][0.401285,-0.214584,-0.890463][0.824581,0.888571,0][-0.554443,-0.389429,1.14614][0.400845,-0.217019,-0.890071][0.816989,0.888548,0][-0.554443,-0.389429,1.14614][0.400845,-0.217019,-0.890071][0.816989,0.888548,0][-0.561823,-0.212009,1.09182][0.397683,-0.234079,-0.887162][0.816386,0.876972,0][-0.251883,-0.22145,1.23744][0.397683,-0.234079,-0.887162][0.825233,0.87699,0][-0.598326,-0.703269,1.19222][0.40452,-0.212168,-0.889578][0.818659,0.897193,0][-0.445133,-0.719749,1.26757][0.40456,-0.210179,-0.890031][0.823183,0.897211,0][-0.584502,-1.04888,1.30217][0.402933,-0.262786,-0.876692][0.820701,0.907148,0][-0.463197,-0.20873,1.26651][-0.877586,0.137131,0.459389][0.267486,0.719065,0][-0.561823,-0.212009,1.09182][-0.877586,0.137131,0.459389][0.279613,0.718527,0][-0.554443,-0.389429,1.14614][-0.878707,0.158386,0.45032][0.277728,0.745154,0][-0.554443,-0.389429,1.14614][-0.878707,0.158386,0.45032][0.277728,0.745154,0][-0.477913,-0.40685,1.31027][-0.878906,0.163474,0.448108][0.267099,0.744764,0][-0.463197,-0.20873,1.26651][-0.877586,0.137131,0.459389][0.267486,0.719065,0][-0.551092,-0.707159,1.28431][-0.880719,0.162565,0.444866][0.266874,0.764636,0][-0.598326,-0.703269,1.19222][-0.880532,0.165695,0.444081][0.27318,0.765148,0][-0.584502,-1.04888,1.30217][-0.882484,0.11017,0.457258][0.267749,0.788412,0][-0.297426,-0.45624,1.27478][0.171719,0.0285349,0.984733][0.255773,0.745028,0][-0.251883,-0.22145,1.23744][0.184636,0.156086,0.970333][0.254733,0.71811,0][-0.463197,-0.20873,1.26651][0.184636,0.156086,0.970333][0.267486,0.719065,0][-0.463197,-0.20873,1.26651][0.184636,0.156086,0.970333][0.267486,0.719065,0][-0.477913,-0.40685,1.31027][0.171585,0.0273399,0.98479][0.267099,0.744764,0][-0.297426,-0.45624,1.27478][0.171719,0.0285349,0.984733][0.255773,0.745028,0][-0.584502,-1.04888,1.30217][0.160199,0.0358729,0.986433][0.267749,0.788412,0][-0.445133,-0.719749,1.26757][0.155204,-0.0851501,0.984206][0.260229,0.7654,0][-0.551092,-0.707159,1.28431][0.155915,-0.0708741,0.985225][0.266874,0.764636,0][-0.554443,-0.389429,1.14614][0.400845,-0.217019,-0.890071][0.816989,0.888548,0][-0.297426,-0.45624,1.27478][0.401285,-0.214584,-0.890463][0.824581,0.888571,0][-0.445133,-0.719749,1.26757][0.40456,-0.210179,-0.890031][0.823183,0.897211,0][-0.445133,-0.719749,1.26757][0.40456,-0.210179,-0.890031][0.823183,0.897211,0][-0.598326,-0.703269,1.19222][0.40452,-0.212168,-0.889578][0.818659,0.897193,0][-0.554443,-0.389429,1.14614][0.400845,-0.217019,-0.890071][0.816989,0.888548,0][-0.445133,-0.719749,1.26757][0.155204,-0.0851501,0.984206][0.260229,0.7654,0][-0.297426,-0.45624,1.27478][0.171719,0.0285349,0.984733][0.255773,0.745028,0][-0.477913,-0.40685,1.31027][0.171585,0.0273399,0.98479][0.267099,0.744764,0][-0.477913,-0.40685,1.31027][0.171585,0.0273399,0.98479][0.267099,0.744764,0][-0.551092,-0.707159,1.28431][0.155915,-0.0708741,0.985225][0.266874,0.764636,0][-0.445133,-0.719749,1.26757][0.155204,-0.0851501,0.984206][0.260229,0.7654,0][-0.477913,-0.40685,1.31027][-0.878906,0.163474,0.448108][0.267099,0.744764,0][-0.554443,-0.389429,1.14614][-0.878707,0.158386,0.45032][0.277728,0.745154,0][-0.598326,-0.703269,1.19222][-0.880532,0.165695,0.444081][0.27318,0.765148,0][-0.598326,-0.703269,1.19222][-0.880532,0.165695,0.444081][0.27318,0.765148,0][-0.551092,-0.707159,1.28431][-0.880719,0.162565,0.444866][0.266874,0.764636,0][-0.477913,-0.40685,1.31027][-0.878906,0.163474,0.448108][0.267099,0.744764,0][-0.463197,-0.20873,1.26651][0.0533463,0.99738,-0.048852][0.948174,0.975443,0][-0.251883,-0.22145,1.23744][0.0533463,0.99738,-0.048852][0.9479,0.976959,0][-0.561823,-0.212009,1.09182][0.0533463,0.99738,-0.048852][0.947892,0.974052,0][-0.00370806,-0.103879,1.37487][0.387808,-0.366582,-0.845708][0.184468,0.910422,0][-0.104533,-0.395419,1.44921][0.414777,-0.294351,-0.860998][0.18529,0.895802,0][-0.42037,-0.27815,1.25934][0.410109,-0.307493,-0.858638][0.194876,0.895832,0][-0.42037,-0.27815,1.25934][0.410109,-0.307493,-0.858638][0.194876,0.895832,0][-0.398603,-0.0533295,1.16608][0.387808,-0.366582,-0.845708][0.195637,0.910444,0][-0.00370806,-0.103879,1.37487][0.387808,-0.366582,-0.845708][0.184468,0.910422,0][-0.496647,-0.698219,1.33037][0.444164,-0.198146,-0.87376][0.192766,0.884917,0][-0.301889,-0.739389,1.43821][0.442157,-0.206677,-0.872801][0.187056,0.884895,0][-0.648743,-1.19447,1.32999][0.456962,-0.139379,-0.878499][0.190189,0.87235,0][-0.276948,-0.0458994,1.39945][-0.866099,0.28865,0.40811][0.68825,0.580493,0][-0.398603,-0.0533295,1.16608][-0.866099,0.28865,0.40811][0.704527,0.579772,0][-0.42037,-0.27815,1.25934][-0.879256,0.255555,0.401995][0.701996,0.615509,0][-0.42037,-0.27815,1.25934][-0.879256,0.255555,0.401995][0.701996,0.615509,0][-0.331242,-0.29476,1.47979][-0.882197,0.247687,0.400474][0.687732,0.614985,0][-0.276948,-0.0458994,1.39945][-0.866099,0.28865,0.40811][0.68825,0.580493,0][-0.438704,-0.701389,1.45324][-0.886913,0.230734,0.400184][0.68743,0.641656,0][-0.496647,-0.698219,1.33037][-0.885387,0.23393,0.401705][0.695893,0.642343,0][-0.648743,-1.19447,1.32999][-0.869203,0.266085,0.416755][0.688604,0.673566,0][-0.00370806,-0.103879,1.37487][0.176726,0.223642,0.958516][0.671134,0.579213,0][-0.276948,-0.0458994,1.39945][0.176726,0.223642,0.958516][0.68825,0.580493,0][-0.331242,-0.29476,1.47979][0.13957,0.082929,0.986734][0.687732,0.614985,0][-0.331242,-0.29476,1.47979][0.13957,0.082929,0.986734][0.687732,0.614985,0][-0.104533,-0.395419,1.44921][0.135812,0.069218,0.988314][0.67253,0.615339,0][-0.00370806,-0.103879,1.37487][0.176726,0.223642,0.958516][0.671134,0.579213,0][-0.648743,-1.19447,1.32999][0.0349539,-0.256345,0.965953][0.688604,0.673566,0][-0.301889,-0.739389,1.43821][0.077615,-0.129263,0.988568][0.678511,0.642681,0][-0.438704,-0.701389,1.45324][0.072402,-0.145153,0.986757][0.68743,0.641656,0][-0.104533,-0.395419,1.44921][0.414777,-0.294351,-0.860998][0.18529,0.895802,0][-0.301889,-0.739389,1.43821][0.442157,-0.206677,-0.872801][0.187056,0.884895,0][-0.496647,-0.698219,1.33037][0.444164,-0.198146,-0.87376][0.192766,0.884917,0][-0.496647,-0.698219,1.33037][0.444164,-0.198146,-0.87376][0.192766,0.884917,0][-0.42037,-0.27815,1.25934][0.410109,-0.307493,-0.858638][0.194876,0.895832,0][-0.104533,-0.395419,1.44921][0.414777,-0.294351,-0.860998][0.18529,0.895802,0][-0.301889,-0.739389,1.43821][0.077615,-0.129263,0.988568][0.678511,0.642681,0][-0.104533,-0.395419,1.44921][0.135812,0.069218,0.988314][0.67253,0.615339,0][-0.331242,-0.29476,1.47979][0.13957,0.082929,0.986734][0.687732,0.614985,0][-0.331242,-0.29476,1.47979][0.13957,0.082929,0.986734][0.687732,0.614985,0][-0.438704,-0.701389,1.45324][0.072402,-0.145153,0.986757][0.68743,0.641656,0][-0.301889,-0.739389,1.43821][0.077615,-0.129263,0.988568][0.678511,0.642681,0][-0.331242,-0.29476,1.47979][-0.882197,0.247687,0.400474][0.687732,0.614985,0][-0.42037,-0.27815,1.25934][-0.879256,0.255555,0.401995][0.701996,0.615509,0][-0.496647,-0.698219,1.33037][-0.885387,0.23393,0.401705][0.695893,0.642343,0][-0.496647,-0.698219,1.33037][-0.885387,0.23393,0.401705][0.695893,0.642343,0][-0.438704,-0.701389,1.45324][-0.886913,0.230734,0.400184][0.68743,0.641656,0][-0.331242,-0.29476,1.47979][-0.882197,0.247687,0.400474][0.687732,0.614985,0][-0.276948,-0.0458994,1.39945][0.194343,0.97198,-0.132235][0.969263,0.97622,0][-0.00370806,-0.103879,1.37487][0.194343,0.97198,-0.132235][0.968904,0.978208,0][-0.398603,-0.0533295,1.16608][0.194343,0.97198,-0.132235][0.968893,0.974394,0][1.32749,0.45067,-0.278464][-0.699446,-0.6994,0.147019][0.528476,0.953816,0][1.58483,0.0748501,-0.202163][-0.827126,-0.526359,0.197002][0.532357,0.934832,0][1.42815,0.42555,0.076955][-0.698326,-0.700605,0.146605][0.537101,0.953776,0][1.48512,0.523971,-0.132005][0.51882,0.412898,-0.748559][0.118903,0.269096,0][1.58483,0.0748501,-0.202163][0.593611,0.251249,-0.764526][0.120688,0.221161,0][1.32749,0.45067,-0.278464][0.511954,0.425562,-0.74619][0.131617,0.26807,0][1.58483,0.0748501,-0.202163][0.931938,0.155778,0.327452][0.120688,0.221161,0][1.48512,0.523971,-0.132005][0.846649,0.359951,0.391946][0.118903,0.269096,0][1.42815,0.42555,0.076955][0.836727,0.377462,0.396749][0.105506,0.267549,0][0.645524,1.02717,0.121065][-0.789697,0.554265,0.263001][0.954093,0.967455,0][0.42315,0.859071,-0.19247][-0.789696,0.554265,0.263001][0.954671,0.964597,0][0.618407,0.80737,0.502937][-0.789697,0.554265,0.263001][0.954655,0.970569,0][1.26086,0.585271,0.211739][0.660048,0.59755,0.45527][0.099835,0.29342,0][1.32046,0.742571,-0.081372][0.675815,0.582541,0.451574][0.119237,0.295017,0][1.08549,0.905471,-0.0108131][0.470557,0.737698,0.484125][0.119528,0.322115,0][1.08549,0.905471,-0.0108131][0.470557,0.737698,0.484125][0.119528,0.322115,0][1.02228,0.712871,0.341219][0.436872,0.756571,0.486562][0.096047,0.322497,0][1.26086,0.585271,0.211739][0.660048,0.59755,0.45527][0.099835,0.29342,0][1.02228,0.712871,0.341219][-0.302717,-0.952973,0.014358][0.54006,0.97589,0][0.84815,0.758671,-0.277241][-0.301482,-0.95337,0.01398][0.525054,0.975945,0][1.11646,0.623671,-0.299439][-0.508473,-0.857361,0.079916][0.52647,0.964231,0][1.11646,0.623671,-0.299439][-0.508473,-0.857361,0.079916][0.52647,0.964231,0][1.26086,0.585271,0.211739][-0.511385,-0.855536,0.080895][0.538775,0.964077,0][1.02228,0.712871,0.341219][-0.302717,-0.952973,0.014358][0.54006,0.97589,0][1.08549,0.905471,-0.0108131][0.176486,0.790842,-0.586021][0.119528,0.322115,0][1.32046,0.742571,-0.081372][0.372618,0.619383,-0.691028][0.119237,0.295017,0][1.11646,0.623671,-0.299439][0.352088,0.641679,-0.681383][0.137395,0.293524,0][1.11646,0.623671,-0.299439][0.352088,0.641679,-0.681383][0.137395,0.293524,0][0.84815,0.758671,-0.277241][0.142036,0.813132,-0.564484][0.141648,0.322126,0][1.08549,0.905471,-0.0108131][0.176486,0.790842,-0.586021][0.119528,0.322115,0][0.84815,0.758671,-0.277241][-0.301482,-0.95337,0.01398][0.525054,0.975945,0][1.02228,0.712871,0.341219][-0.302717,-0.952973,0.014358][0.54006,0.97589,0][0.618407,0.80737,0.502937][-0.231027,-0.97292,-0.007319][0.541035,0.992333,0][0.618407,0.80737,0.502937][-0.231027,-0.97292,-0.007319][0.541035,0.992333,0][0.42315,0.859071,-0.19247][-0.231027,-0.97292,-0.007319][0.524165,0.992377,0][0.84815,0.758671,-0.277241][-0.301482,-0.95337,0.01398][0.525054,0.975945,0][0.84815,0.758671,-0.277241][0.142036,0.813132,-0.564484][0.141648,0.322126,0][0.42315,0.859071,-0.19247][0.0852393,0.845714,-0.526784][0.144545,0.362069,0][0.645524,1.02717,0.121065][0.0852393,0.845714,-0.526784][0.120095,0.360975,0][0.645524,1.02717,0.121065][0.0852393,0.845714,-0.526784][0.120095,0.360975,0][1.08549,0.905471,-0.0108131][0.176486,0.790842,-0.586021][0.119528,0.322115,0][0.84815,0.758671,-0.277241][0.142036,0.813132,-0.564484][0.141648,0.322126,0][1.02228,0.712871,0.341219][0.436872,0.756571,0.486562][0.096047,0.322497,0][1.08549,0.905471,-0.0108131][0.470557,0.737698,0.484125][0.119528,0.322115,0][0.645524,1.02717,0.121065][0.372251,0.788765,0.489162][0.120095,0.360975,0][0.645524,1.02717,0.121065][0.372251,0.788765,0.489162][0.120095,0.360975,0][0.618407,0.80737,0.502937][0.372251,0.788765,0.489162][0.094382,0.362887,0][1.02228,0.712871,0.341219][0.436872,0.756571,0.486562][0.096047,0.322497,0][1.32749,0.45067,-0.278464][-0.699446,-0.6994,0.147019][0.528476,0.953816,0][1.42815,0.42555,0.076955][-0.698326,-0.700605,0.146605][0.537101,0.953776,0][1.26086,0.585271,0.211739][-0.511385,-0.855536,0.080895][0.538775,0.964077,0][1.26086,0.585271,0.211739][-0.511385,-0.855536,0.080895][0.538775,0.964077,0][1.11646,0.623671,-0.299439][-0.508473,-0.857361,0.079916][0.52647,0.964231,0][1.32749,0.45067,-0.278464][-0.699446,-0.6994,0.147019][0.528476,0.953816,0][1.42815,0.42555,0.076955][0.836727,0.377462,0.396749][0.105506,0.267549,0][1.48512,0.523971,-0.132005][0.846649,0.359951,0.391946][0.118903,0.269096,0][1.32046,0.742571,-0.081372][0.675815,0.582541,0.451574][0.119237,0.295017,0][1.32046,0.742571,-0.081372][0.675815,0.582541,0.451574][0.119237,0.295017,0][1.26086,0.585271,0.211739][0.660048,0.59755,0.45527][0.099835,0.29342,0][1.42815,0.42555,0.076955][0.836727,0.377462,0.396749][0.105506,0.267549,0][1.32749,0.45067,-0.278464][0.511954,0.425562,-0.74619][0.131617,0.26807,0][1.11646,0.623671,-0.299439][0.352088,0.641679,-0.681383][0.137395,0.293524,0][1.32046,0.742571,-0.081372][0.372618,0.619383,-0.691028][0.119237,0.295017,0][1.32046,0.742571,-0.081372][0.372618,0.619383,-0.691028][0.119237,0.295017,0][1.48512,0.523971,-0.132005][0.51882,0.412898,-0.748559][0.118903,0.269096,0][1.32749,0.45067,-0.278464][0.511954,0.425562,-0.74619][0.131617,0.26807,0][0.955775,-0.144159,-0.888011][-0.802505,-0.303106,0.513918][0.084514,0.974279,0][1.09751,-0.67736,-0.756328][-0.833525,-0.0868257,0.545616][0.079747,0.997594,0][1.20586,-0.160689,-0.508588][-0.802113,-0.304721,0.513576][0.073921,0.974327,0][1.21883,-0.120399,-0.797673][0.331578,0.0367899,-0.94271][0.208892,0.086949,0][1.09751,-0.67736,-0.756328][0.332942,-0.141726,-0.932236][0.211084,0.028076,0][0.955775,-0.144159,-0.888011][0.330996,0.0513699,-0.942233][0.224507,0.085688,0][1.09751,-0.67736,-0.756328][0.977209,-0.211796,0.014339][0.211084,0.028076,0][1.21883,-0.120399,-0.797673][0.999081,0.0162417,0.039656][0.208892,0.086949,0][1.20586,-0.160689,-0.508588][0.998446,0.0368087,0.04184][0.192439,0.085049,0][0.657386,0.917471,-0.411046][-0.39227,0.870689,0.29669][0.957365,0.958004,0][0.211522,0.793871,-0.637753][-0.39227,0.870689,0.29669][0.958076,0.954493,0][0.697925,0.759571,0.106047][-0.39227,0.870689,0.29669][0.958055,0.961829,0][1.15665,0.12639,-0.356093][0.944852,0.317262,0.081242][0.185474,0.116822,0][1.1617,0.214681,-0.761603][0.951827,0.296589,0.07785][0.209302,0.118785,0][1.01415,0.52937,-0.661251][0.841175,0.527552,0.118797][0.209659,0.152065,0][1.01415,0.52937,-0.661251][0.841175,0.527552,0.118797][0.209659,0.152065,0][1.01532,0.414751,-0.175636][0.819639,0.559153,0.124662][0.18082,0.152535,0][1.15665,0.12639,-0.356093][0.944852,0.317262,0.081242][0.185474,0.116822,0][1.01532,0.414751,-0.175636][-0.596746,-0.71841,0.357465][0.070288,0.947166,0][0.582128,0.445271,-0.8369][-0.595953,-0.719348,0.356902][0.088717,0.9471,0][0.798328,0.152451,-0.90268][-0.717414,-0.535517,0.445577][0.086977,0.961487,0][0.798328,0.152451,-0.90268][-0.717414,-0.535517,0.445577][0.086977,0.961487,0][1.15665,0.12639,-0.356093][-0.718935,-0.532499,0.44674][0.071864,0.961676,0][1.01532,0.414751,-0.175636][-0.596746,-0.71841,0.357465][0.070288,0.947166,0][1.01415,0.52937,-0.661251][0.227791,0.544131,-0.807485][0.209659,0.152065,0][1.1617,0.214681,-0.761603][0.299138,0.291928,-0.908457][0.209302,0.118785,0][0.798328,0.152451,-0.90268][0.292745,0.322009,-0.900339][0.231603,0.116951,0][0.798328,0.152451,-0.90268][0.292745,0.322009,-0.900339][0.231603,0.116951,0][0.582128,0.445271,-0.8369][0.21356,0.581902,-0.784718][0.236827,0.152079,0][1.01415,0.52937,-0.661251][0.227791,0.544131,-0.807485][0.209659,0.152065,0][0.582128,0.445271,-0.8369][-0.595953,-0.719348,0.356902][0.088717,0.9471,0][1.01532,0.414751,-0.175636][-0.596746,-0.71841,0.357465][0.070288,0.947166,0][0.697925,0.759571,0.106047][-0.549523,-0.770042,0.324131][0.069089,0.926973,0][0.697925,0.759571,0.106047][-0.549523,-0.770042,0.324131][0.069089,0.926973,0][0.211522,0.793871,-0.637753][-0.549523,-0.770042,0.324131][0.089809,0.92692,0][0.582128,0.445271,-0.8369][-0.595953,-0.719348,0.356902][0.088717,0.9471,0][0.582128,0.445271,-0.8369][0.21356,0.581902,-0.784718][0.236827,0.152079,0][0.211522,0.793871,-0.637753][0.189383,0.640778,-0.744001][0.240385,0.201135,0][0.657386,0.917471,-0.411046][0.189383,0.640778,-0.744001][0.210356,0.199792,0][0.657386,0.917471,-0.411046][0.189383,0.640778,-0.744001][0.210356,0.199792,0][1.01415,0.52937,-0.661251][0.227791,0.544131,-0.807485][0.209659,0.152065,0][0.582128,0.445271,-0.8369][0.21356,0.581902,-0.784718][0.236827,0.152079,0][1.01532,0.414751,-0.175636][0.819639,0.559153,0.124662][0.18082,0.152535,0][1.01415,0.52937,-0.661251][0.841175,0.527552,0.118797][0.209659,0.152065,0][0.657386,0.917471,-0.411046][0.776159,0.615892,0.135111][0.210356,0.199792,0][0.657386,0.917471,-0.411046][0.776159,0.615892,0.135111][0.210356,0.199792,0][0.697925,0.759571,0.106047][0.776159,0.615892,0.135111][0.178776,0.202141,0][1.01532,0.414751,-0.175636][0.819639,0.559153,0.124662][0.18082,0.152535,0][0.955775,-0.144159,-0.888011][-0.802505,-0.303106,0.513918][0.084514,0.974279,0][1.20586,-0.160689,-0.508588][-0.802113,-0.304721,0.513576][0.073921,0.974327,0][1.15665,0.12639,-0.356093][-0.718935,-0.532499,0.44674][0.071864,0.961676,0][1.15665,0.12639,-0.356093][-0.718935,-0.532499,0.44674][0.071864,0.961676,0][0.798328,0.152451,-0.90268][-0.717414,-0.535517,0.445577][0.086977,0.961487,0][0.955775,-0.144159,-0.888011][-0.802505,-0.303106,0.513918][0.084514,0.974279,0][1.20586,-0.160689,-0.508588][0.998446,0.0368087,0.04184][0.192439,0.085049,0][1.21883,-0.120399,-0.797673][0.999081,0.0162417,0.039656][0.208892,0.086949,0][1.1617,0.214681,-0.761603][0.951827,0.296589,0.07785][0.209302,0.118785,0][1.1617,0.214681,-0.761603][0.951827,0.296589,0.07785][0.209302,0.118785,0][1.15665,0.12639,-0.356093][0.944852,0.317262,0.081242][0.185474,0.116822,0][1.20586,-0.160689,-0.508588][0.998446,0.0368087,0.04184][0.192439,0.085049,0][0.955775,-0.144159,-0.888011][0.330996,0.0513699,-0.942233][0.224507,0.085688,0][0.798328,0.152451,-0.90268][0.292745,0.322009,-0.900339][0.231603,0.116951,0][1.1617,0.214681,-0.761603][0.299138,0.291928,-0.908457][0.209302,0.118785,0][1.1617,0.214681,-0.761603][0.299138,0.291928,-0.908457][0.209302,0.118785,0][1.21883,-0.120399,-0.797673][0.331578,0.0367899,-0.94271][0.208892,0.086949,0][0.955775,-0.144159,-0.888011][0.330996,0.0513699,-0.942233][0.224507,0.085688,0][0.706175,0.222151,-1.29588][-0.227534,-0.617869,0.752639][0.483062,0.870137,0][1.05281,-0.148589,-1.35707][-0.319441,-0.437427,0.840604][0.478766,0.891152,0][1.06025,0.316441,-1.11226][-0.22678,-0.619147,0.751816][0.473514,0.87018,0][0.920457,0.348631,-1.3331][-0.248366,0.160673,-0.955248][0.711159,0.074935,0][1.05281,-0.148589,-1.35707][-0.172065,0.00171606,-0.985084][0.713244,0.018926,0][0.706175,0.222151,-1.29588][-0.254268,0.173474,-0.951449][0.726014,0.073736,0][1.05281,-0.148589,-1.35707][0.83479,0.245978,-0.492566][0.713244,0.018926,0][0.920457,0.348631,-1.3331][0.775287,0.460368,-0.432425][0.711159,0.074935,0][1.06025,0.316441,-1.11226][0.767883,0.47854,-0.42586][0.695505,0.073128,0][0.223666,1.04897,-0.397488][-0.398096,-0.242384,0.884743][0.953997,0.957654,0][-0.0192788,0.684871,-0.606563][-0.398096,-0.242384,0.884743][0.95468,0.954281,0][0.672842,0.866671,-0.245344][-0.398096,-0.242385,0.884743][0.954661,0.961329,0][0.996143,0.531171,-0.918411][0.637641,0.706531,-0.306965][0.688879,0.103355,0][0.779822,0.59667,-1.21648][0.649295,0.691062,-0.317569][0.711549,0.105222,0][0.614216,0.793271,-1.01586][0.483955,0.857845,-0.172885][0.711888,0.136883,0][0.614216,0.793271,-1.01586][0.483955,0.857845,-0.172885][0.711888,0.136883,0][0.881346,0.71057,-0.663685][0.459471,0.87499,-0.152576][0.684452,0.13733,0][0.996143,0.531171,-0.918411][0.637641,0.706531,-0.306965][0.688879,0.103355,0][0.881346,0.71057,-0.663685][0.0109877,-0.901264,0.433131][0.470239,0.845701,0][0.265501,0.548671,-0.984497][0.0116677,-0.901762,0.432076][0.48685,0.845641,0][0.486626,0.39795,-1.18332][-0.107034,-0.789441,0.604422][0.485282,0.858608,0][0.486626,0.39795,-1.18332][-0.107034,-0.789441,0.604422][0.485282,0.858608,0][0.996143,0.531171,-0.918411][-0.108774,-0.787393,0.606778][0.471661,0.858778,0][0.881346,0.71057,-0.663685][0.0109877,-0.901264,0.433131][0.470239,0.845701,0][0.614216,0.793271,-1.01586][-0.460253,0.583922,-0.668732][0.711888,0.136883,0][0.779822,0.59667,-1.21648][-0.35524,0.375316,-0.85612][0.711549,0.105222,0][0.486626,0.39795,-1.18332][-0.367692,0.399566,-0.839732][0.732764,0.103478,0][0.486626,0.39795,-1.18332][-0.367692,0.399566,-0.839732][0.732764,0.103478,0][0.265501,0.548671,-0.984497][-0.472498,0.609883,-0.63623][0.737734,0.136896,0][0.614216,0.793271,-1.01586][-0.460253,0.583922,-0.668732][0.711888,0.136883,0][0.265501,0.548671,-0.984497][0.0116677,-0.901762,0.432076][0.48685,0.845641,0][0.881346,0.71057,-0.663685][0.0109877,-0.901264,0.433131][0.470239,0.845701,0][0.672842,0.866671,-0.245344][0.0499637,-0.92715,0.371344][0.469159,0.827501,0][0.672842,0.866671,-0.245344][0.0499637,-0.92715,0.371344][0.469159,0.827501,0][-0.0192788,0.684871,-0.606563][0.0499637,-0.92715,0.371344][0.487834,0.827453,0][0.265501,0.548671,-0.984497][0.0116677,-0.901762,0.432076][0.48685,0.845641,0][0.614216,0.793271,-1.01586][-0.460253,0.583922,-0.668732][0.711888,0.136883,0][0.265501,0.548671,-0.984497][-0.472498,0.609883,-0.63623][0.737734,0.136896,0][-0.0192788,0.684871,-0.606563][-0.489035,0.646304,-0.585778][0.74112,0.183566,0][-0.0192788,0.684871,-0.606563][-0.489035,0.646304,-0.585778][0.74112,0.183566,0][0.223666,1.04897,-0.397488][-0.489035,0.646304,-0.585778][0.712551,0.182288,0][0.614216,0.793271,-1.01586][-0.460253,0.583922,-0.668732][0.711888,0.136883,0][0.614216,0.793271,-1.01586][0.483955,0.857845,-0.172885][0.711888,0.136883,0][0.223666,1.04897,-0.397488][0.416417,0.901543,-0.11755][0.712551,0.182288,0][0.672842,0.866671,-0.245344][0.416417,0.901543,-0.11755][0.682508,0.184522,0][0.672842,0.866671,-0.245344][0.416417,0.901543,-0.11755][0.682508,0.184522,0][0.881346,0.71057,-0.663685][0.459471,0.87499,-0.152576][0.684452,0.13733,0][0.614216,0.793271,-1.01586][0.483955,0.857845,-0.172885][0.711888,0.136883,0][0.706175,0.222151,-1.29588][-0.227534,-0.617869,0.752639][0.483062,0.870137,0][1.06025,0.316441,-1.11226][-0.22678,-0.619147,0.751816][0.473514,0.87018,0][0.996143,0.531171,-0.918411][-0.108774,-0.787393,0.606778][0.471661,0.858778,0][0.996143,0.531171,-0.918411][-0.108774,-0.787393,0.606778][0.471661,0.858778,0][0.486626,0.39795,-1.18332][-0.107034,-0.789441,0.604422][0.485282,0.858608,0][0.706175,0.222151,-1.29588][-0.227534,-0.617869,0.752639][0.483062,0.870137,0][1.06025,0.316441,-1.11226][0.767883,0.47854,-0.42586][0.695505,0.073128,0][0.920457,0.348631,-1.3331][0.775287,0.460368,-0.432425][0.711159,0.074935,0][0.779822,0.59667,-1.21648][0.649295,0.691062,-0.317569][0.711549,0.105222,0][0.779822,0.59667,-1.21648][0.649295,0.691062,-0.317569][0.711549,0.105222,0][0.996143,0.531171,-0.918411][0.637641,0.706531,-0.306965][0.688879,0.103355,0][1.06025,0.316441,-1.11226][0.767883,0.47854,-0.42586][0.695505,0.073128,0][0.706175,0.222151,-1.29588][-0.254268,0.173474,-0.951449][0.726014,0.073736,0][0.486626,0.39795,-1.18332][-0.367692,0.399566,-0.839732][0.732764,0.103478,0][0.779822,0.59667,-1.21648][-0.35524,0.375316,-0.85612][0.711549,0.105222,0][0.779822,0.59667,-1.21648][-0.35524,0.375316,-0.85612][0.711549,0.105222,0][0.920457,0.348631,-1.3331][-0.248366,0.160673,-0.955248][0.711159,0.074935,0][0.706175,0.222151,-1.29588][-0.254268,0.173474,-0.951449][0.726014,0.073736,0][0.82575,0.514171,0.495918][-0.642334,-0.449188,-0.620997][0.772879,0.9854,0][0.986144,0.037261,0.67309][-0.649773,-0.418318,-0.634669][0.773802,0.967676,0][0.704411,0.0889406,0.928991][-0.648606,-0.423416,-0.632478][0.785428,0.967641,0][0.704411,0.0889406,0.928991][-0.648606,-0.423416,-0.632478][0.785428,0.967641,0][0.506471,0.53917,0.806218][-0.642334,-0.449188,-0.620997][0.786425,0.985373,0][0.82575,0.514171,0.495918][-0.642334,-0.449188,-0.620997][0.772879,0.9854,0][0.998432,-0.343929,0.87172][-0.661757,-0.339841,-0.66827][0.77636,0.954437,0][0.901157,-0.773199,1.13561][-0.661468,-0.278235,-0.696451][0.779486,0.939195,0][0.83096,-0.28799,1.00844][-0.661712,-0.341984,-0.667221][0.783286,0.95441,0][0.947177,0.12174,0.890879][0.957615,0.271469,0.096324][0.513087,0.637997,0][0.986144,0.037261,0.67309][0.959485,0.263819,0.098935][0.529447,0.637396,0][0.82575,0.514171,0.495918][0.932243,0.355628,0.06672][0.53235,0.678383,0][0.82575,0.514171,0.495918][0.932243,0.355628,0.06672][0.53235,0.678383,0][0.774714,0.578271,0.7439][0.932243,0.355628,0.06672][0.513682,0.677557,0][0.947177,0.12174,0.890879][0.957615,0.271469,0.096324][0.513087,0.637997,0][0.971088,-0.289339,0.99125][0.982286,0.0581337,0.17814][0.512741,0.607408,0][0.901157,-0.773199,1.13561][0.965922,-0.0648463,0.25058][0.514087,0.570809,0][0.998432,-0.343929,0.87172][0.982194,0.0563527,0.179221][0.522447,0.60662,0][0.704411,0.0889406,0.928991][0.130998,0.304264,0.943537][0.495652,0.637592,0][0.947177,0.12174,0.890879][0.129896,0.298456,0.945543][0.513087,0.637997,0][0.774714,0.578271,0.7439][0.136463,0.333298,0.932893][0.513682,0.677557,0][0.774714,0.578271,0.7439][0.136463,0.333298,0.932893][0.513682,0.677557,0][0.506471,0.53917,0.806218][0.136463,0.333298,0.932893][0.494051,0.679025,0][0.704411,0.0889406,0.928991][0.130998,0.304264,0.943537][0.495652,0.637592,0][0.901157,-0.773199,1.13561][0.119792,0.26789,0.955973][0.514087,0.570809,0][0.971088,-0.289339,0.99125][0.119329,0.249859,0.960901][0.512741,0.607408,0][0.83096,-0.28799,1.00844][0.119306,0.249019,0.961122][0.502512,0.606232,0][0.986144,0.037261,0.67309][-0.649773,-0.418318,-0.634669][0.773802,0.967676,0][0.998432,-0.343929,0.87172][-0.661757,-0.339841,-0.66827][0.77636,0.954437,0][0.83096,-0.28799,1.00844][-0.661712,-0.341984,-0.667221][0.783286,0.95441,0][0.83096,-0.28799,1.00844][-0.661712,-0.341984,-0.667221][0.783286,0.95441,0][0.704411,0.0889406,0.928991][-0.648606,-0.423416,-0.632478][0.785428,0.967641,0][0.986144,0.037261,0.67309][-0.649773,-0.418318,-0.634669][0.773802,0.967676,0][0.83096,-0.28799,1.00844][0.119306,0.249019,0.961122][0.502512,0.606232,0][0.971088,-0.289339,0.99125][0.119329,0.249859,0.960901][0.512741,0.607408,0][0.947177,0.12174,0.890879][0.129896,0.298456,0.945543][0.513087,0.637997,0][0.947177,0.12174,0.890879][0.129896,0.298456,0.945543][0.513087,0.637997,0][0.704411,0.0889406,0.928991][0.130998,0.304264,0.943537][0.495652,0.637592,0][0.83096,-0.28799,1.00844][0.119306,0.249019,0.961122][0.502512,0.606232,0][0.971088,-0.289339,0.99125][0.982286,0.0581337,0.17814][0.512741,0.607408,0][0.998432,-0.343929,0.87172][0.982194,0.0563527,0.179221][0.522447,0.60662,0][0.986144,0.037261,0.67309][0.959485,0.263819,0.098935][0.529447,0.637396,0][0.986144,0.037261,0.67309][0.959485,0.263819,0.098935][0.529447,0.637396,0][0.947177,0.12174,0.890879][0.957615,0.271469,0.096324][0.513087,0.637997,0][0.971088,-0.289339,0.99125][0.982286,0.0581337,0.17814][0.512741,0.607408,0][0.774714,0.578271,0.7439][-0.202492,0.937245,-0.283845][0.966186,0.976141,0][0.82575,0.514171,0.495918][-0.202492,0.937245,-0.283845][0.966553,0.974331,0][0.506471,0.53917,0.806218][-0.202492,0.937245,-0.283845][0.966542,0.978113,0][1.34935,-0.584539,0.418652][-0.861131,0.0323653,-0.507351][0.116683,0.946764,0][1.11489,-1.08212,0.557124][-0.828016,0.250572,-0.5016][0.12138,0.923743,0][1.12032,-0.55693,0.81052][-0.861224,0.0306723,-0.507299][0.127142,0.946713,0][1.35487,-0.530159,0.672355][0.970399,-0.237668,0.042897][0.62091,0.131225,0][1.11489,-1.08212,0.557124][0.909677,-0.409708,0.068031][0.618728,0.188631,0][1.34935,-0.584539,0.418652][0.96599,-0.254569,0.045378][0.605684,0.132444,0][1.11489,-1.08212,0.557124][0.501265,-0.380208,0.777287][0.618728,0.188631,0][1.35487,-0.530159,0.672355][0.527985,-0.161689,0.83372][0.62091,0.131225,0][1.12032,-0.55693,0.81052][0.526741,-0.181087,0.830513][0.636953,0.133091,0][0.911596,0.64527,0.308388][-0.30565,0.920252,-0.244364][0.945791,0.980652,0][0.922229,0.627971,0.22971][-0.30565,0.920252,-0.244364][0.945892,0.980153,0][0.84429,0.637171,0.361795][-0.30565,0.920252,-0.244364][0.945889,0.981196,0][1.06689,-0.236449,0.860848][0.552533,0.148253,0.8202][0.643768,0.102114,0][1.37973,-0.30236,0.654875][0.549582,0.114543,0.827551][0.620535,0.100183,0][1.34067,0.0525303,0.596773][0.506148,0.301529,0.808019][0.620212,0.067731,0][1.34067,0.0525303,0.596773][0.506148,0.301529,0.808019][0.620212,0.067731,0][0.953182,0.11342,0.842106][0.489393,0.32991,0.807251][0.648333,0.067295,0][1.06689,-0.236449,0.860848][0.552533,0.148253,0.8202][0.643768,0.102114,0][0.953182,0.11342,0.842106][-0.793929,-0.420917,-0.438755][0.130738,0.973526,0][1.35398,0.0662909,0.161668][-0.791791,-0.426627,-0.4371][0.112543,0.973599,0][1.39836,-0.274559,0.298262][-0.846768,-0.222837,-0.483039][0.114255,0.959394,0][1.39836,-0.274559,0.298262][-0.846768,-0.222837,-0.483039][0.114255,0.959394,0][1.06689,-0.236449,0.860848][-0.847357,-0.219357,-0.4836][0.129176,0.959202,0][0.953182,0.11342,0.842106][-0.793929,-0.420917,-0.438755][0.130738,0.973526,0][1.34067,0.0525303,0.596773][0.976142,0.217071,0.005165][0.620212,0.067731,0][1.37973,-0.30236,0.654875][0.999122,0.0168057,0.038392][0.620535,0.100183,0][1.39836,-0.274559,0.298262][0.996918,0.0662087,0.042089][0.598788,0.101953,0][1.39836,-0.274559,0.298262][0.996918,0.0662087,0.042089][0.598788,0.101953,0][1.35398,0.0662909,0.161668][0.96852,0.248711,-0.010586][0.593722,0.067697,0][1.34067,0.0525303,0.596773][0.976142,0.217071,0.005165][0.620212,0.067731,0][1.35398,0.0662909,0.161668][-0.791791,-0.426627,-0.4371][0.112543,0.973599,0][0.953182,0.11342,0.842106][-0.793929,-0.420917,-0.438755][0.130738,0.973526,0][0.8004,0.443271,0.710194][-0.75229,-0.517649,-0.407553][0.131583,0.987669,0][0.8004,0.443271,0.710194][-0.75229,-0.517649,-0.407553][0.131583,0.987669,0][1.21125,0.394851,0.013669][-0.752279,-0.517672,-0.407545][0.111784,0.987733,0][1.35398,0.0662909,0.161668][-0.791791,-0.426627,-0.4371][0.112543,0.973599,0][1.35398,0.0662909,0.161668][0.96852,0.248711,-0.010586][0.593722,0.067697,0][1.21125,0.394851,0.013669][0.866062,0.494787,-0.071573][0.591286,0.033761,0][1.24502,0.45567,0.511507][0.881412,0.467632,-0.066583][0.619756,0.034717,0][1.24502,0.45567,0.511507][0.881412,0.467632,-0.066583][0.619756,0.034717,0][1.34067,0.0525303,0.596773][0.976142,0.217071,0.005165][0.620212,0.067731,0][1.35398,0.0662909,0.161668][0.96852,0.248711,-0.010586][0.593722,0.067697,0][0.953182,0.11342,0.842106][0.489393,0.32991,0.807251][0.648333,0.067295,0][1.34067,0.0525303,0.596773][0.506148,0.301529,0.808019][0.620212,0.067731,0][1.24502,0.45567,0.511507][0.401492,0.529746,0.74711][0.619756,0.034717,0][1.24502,0.45567,0.511507][0.401492,0.529746,0.74711][0.619756,0.034717,0][0.8004,0.443271,0.710194][0.390967,0.554684,0.734487][0.649774,0.032982,0][0.953182,0.11342,0.842106][0.489393,0.32991,0.807251][0.648333,0.067295,0][1.34935,-0.584539,0.418652][-0.861131,0.0323653,-0.507351][0.116683,0.946764,0][1.12032,-0.55693,0.81052][-0.861224,0.0306723,-0.507299][0.127142,0.946713,0][1.06689,-0.236449,0.860848][-0.847357,-0.219357,-0.4836][0.129176,0.959202,0][1.06689,-0.236449,0.860848][-0.847357,-0.219357,-0.4836][0.129176,0.959202,0][1.39836,-0.274559,0.298262][-0.846768,-0.222837,-0.483039][0.114255,0.959394,0][1.34935,-0.584539,0.418652][-0.861131,0.0323653,-0.507351][0.116683,0.946764,0][1.12032,-0.55693,0.81052][0.526741,-0.181087,0.830513][0.636953,0.133091,0][1.35487,-0.530159,0.672355][0.527985,-0.161689,0.83372][0.62091,0.131225,0][1.37973,-0.30236,0.654875][0.549582,0.114543,0.827551][0.620535,0.100183,0][1.37973,-0.30236,0.654875][0.549582,0.114543,0.827551][0.620535,0.100183,0][1.06689,-0.236449,0.860848][0.552533,0.148253,0.8202][0.643768,0.102114,0][1.12032,-0.55693,0.81052][0.526741,-0.181087,0.830513][0.636953,0.133091,0][1.34935,-0.584539,0.418652][0.96599,-0.254569,0.045378][0.605684,0.132444,0][1.39836,-0.274559,0.298262][0.996918,0.0662087,0.042089][0.598788,0.101953,0][1.37973,-0.30236,0.654875][0.999122,0.0168057,0.038392][0.620535,0.100183,0][1.37973,-0.30236,0.654875][0.999122,0.0168057,0.038392][0.620535,0.100183,0][1.35487,-0.530159,0.672355][0.970399,-0.237668,0.042897][0.62091,0.131225,0][1.34935,-0.584539,0.418652][0.96599,-0.254569,0.045378][0.605684,0.132444,0][1.24502,0.45567,0.511507][0.881412,0.467632,-0.066583][0.619756,0.034717,0][1.21125,0.394851,0.013669][0.866062,0.494787,-0.071573][0.591286,0.033761,0][0.922229,0.627971,0.22971][0.55486,0.821133,-0.133681][0.590289,0.019859,0][0.922229,0.627971,0.22971][0.55486,0.821133,-0.133681][0.590289,0.019859,0][0.911596,0.64527,0.308388][0.55486,0.821133,-0.133681][0.61957,0.021192,0][1.24502,0.45567,0.511507][0.881412,0.467632,-0.066583][0.619756,0.034717,0][0.922229,0.627971,0.22971][-0.737424,-0.546437,-0.397004][0.111473,0.993523,0][1.21125,0.394851,0.013669][-0.752279,-0.517672,-0.407545][0.111784,0.987733,0][0.8004,0.443271,0.710194][-0.75229,-0.517649,-0.407553][0.131583,0.987669,0][0.8004,0.443271,0.710194][-0.75229,-0.517649,-0.407553][0.131583,0.987669,0][0.84429,0.637171,0.361795][-0.737424,-0.546437,-0.397004][0.131929,0.993462,0][0.922229,0.627971,0.22971][-0.737424,-0.546437,-0.397004][0.111473,0.993523,0][0.911596,0.64527,0.308388][0.204236,0.850731,0.484297][0.61957,0.021192,0][0.84429,0.637171,0.361795][0.204236,0.850731,0.484297][0.650364,0.018926,0][0.8004,0.443271,0.710194][0.390967,0.554684,0.734487][0.649774,0.032982,0][0.8004,0.443271,0.710194][0.390967,0.554684,0.734487][0.649774,0.032982,0][1.24502,0.45567,0.511507][0.401492,0.529746,0.74711][0.619756,0.034717,0][0.911596,0.64527,0.308388][0.204236,0.850731,0.484297][0.61957,0.021192,0][1.12865,0.0627108,0.462285][-0.713102,-0.163644,-0.681694][0.974261,0.43603,0][1.1775,-0.476449,0.522918][-0.723421,-0.175809,-0.667648][0.975172,0.418548,0][0.917111,-0.396029,0.793693][-0.721413,-0.173418,-0.670439][0.986639,0.418514,0][0.917111,-0.396029,0.793693][-0.721413,-0.173418,-0.670439][0.986639,0.418514,0][0.809371,0.0877104,0.772585][-0.713102,-0.163644,-0.681694][0.987623,0.436004,0][1.12865,0.0627108,0.462285][-0.713102,-0.163644,-0.681694][0.974261,0.43603,0][1.1198,-0.83995,0.6964][-0.744904,-0.196513,-0.637574][0.977695,0.405491,0][0.987712,-1.24771,0.978629][-0.752764,-0.191979,-0.629675][0.980779,0.390456,0][0.974488,-0.75921,0.845501][-0.744614,-0.196678,-0.637862][0.984527,0.405464,0][1.1619,-0.40889,0.748682][0.99278,0.0575377,0.105244][0.448483,0.620791,0][1.1775,-0.476449,0.522918][0.993339,0.0459247,0.105678][0.432234,0.621387,0][1.12865,0.0627108,0.462285][0.986033,0.131559,0.102136][0.429352,0.58068,0][1.12865,0.0627108,0.462285][0.986033,0.131559,0.102136][0.429352,0.58068,0][1.07762,0.126791,0.710267][0.986033,0.131559,0.102136][0.447892,0.581501,0][1.1619,-0.40889,0.748682][0.99278,0.0575377,0.105244][0.448483,0.620791,0][1.11099,-0.780459,0.816391][0.982968,-0.133653,0.126138][0.448826,0.651171,0][0.987712,-1.24771,0.978629][0.965967,-0.196432,0.168291][0.44749,0.68752,0][1.1198,-0.83995,0.6964][0.982468,-0.135885,0.12764][0.439186,0.651953,0][0.917111,-0.396029,0.793693][0.200139,0.113198,0.973206][0.465799,0.621193,0][1.1619,-0.40889,0.748682][0.200354,0.117836,0.972611][0.448483,0.620791,0][1.07762,0.126791,0.710267][0.199226,0.0944809,0.975388][0.447892,0.581501,0][1.07762,0.126791,0.710267][0.199226,0.0944809,0.975388][0.447892,0.581501,0][0.809371,0.0877104,0.772585][0.199226,0.0944809,0.975388][0.467389,0.580043,0][0.917111,-0.396029,0.793693][0.200139,0.113198,0.973206][0.465799,0.621193,0][0.987712,-1.24771,0.978629][0.240041,0.261292,0.934937][0.44749,0.68752,0][1.11099,-0.780459,0.816391][0.213866,0.190221,0.958163][0.448826,0.651171,0][0.974488,-0.75921,0.845501][0.212949,0.187776,0.95885][0.458986,0.652339,0][1.1775,-0.476449,0.522918][-0.723421,-0.175809,-0.667648][0.975172,0.418548,0][1.1198,-0.83995,0.6964][-0.744904,-0.196513,-0.637574][0.977695,0.405491,0][0.974488,-0.75921,0.845501][-0.744614,-0.196678,-0.637862][0.984527,0.405464,0][0.974488,-0.75921,0.845501][-0.744614,-0.196678,-0.637862][0.984527,0.405464,0][0.917111,-0.396029,0.793693][-0.721413,-0.173418,-0.670439][0.986639,0.418514,0][1.1775,-0.476449,0.522918][-0.723421,-0.175809,-0.667648][0.975172,0.418548,0][0.974488,-0.75921,0.845501][0.212949,0.187776,0.95885][0.458986,0.652339,0][1.11099,-0.780459,0.816391][0.213866,0.190221,0.958163][0.448826,0.651171,0][1.1619,-0.40889,0.748682][0.200354,0.117836,0.972611][0.448483,0.620791,0][1.1619,-0.40889,0.748682][0.200354,0.117836,0.972611][0.448483,0.620791,0][0.917111,-0.396029,0.793693][0.200139,0.113198,0.973206][0.465799,0.621193,0][0.974488,-0.75921,0.845501][0.212949,0.187776,0.95885][0.458986,0.652339,0][1.11099,-0.780459,0.816391][0.982968,-0.133653,0.126138][0.448826,0.651171,0][1.1198,-0.83995,0.6964][0.982468,-0.135885,0.12764][0.439186,0.651953,0][1.1775,-0.476449,0.522918][0.993339,0.0459247,0.105678][0.432234,0.621387,0][1.1775,-0.476449,0.522918][0.993339,0.0459247,0.105678][0.432234,0.621387,0][1.1619,-0.40889,0.748682][0.99278,0.0575377,0.105244][0.448483,0.620791,0][1.11099,-0.780459,0.816391][0.982968,-0.133653,0.126138][0.448826,0.651171,0][1.07762,0.126791,0.710267][-0.202492,0.937244,-0.283852][0.96754,0.976205,0][1.12865,0.0627108,0.462285][-0.202492,0.937244,-0.283852][0.967906,0.974394,0][0.809371,0.0877104,0.772585][-0.202492,0.937244,-0.283852][0.967896,0.978177,0][1.07846,-0.495529,-0.687808][-0.70965,-0.164388,0.685108][0.642495,0.87224,0][1.18525,-0.88964,-0.542935][-0.725072,0.0558502,0.686405][0.64603,0.854951,0][1.31766,-0.477859,-0.436578][-0.709396,-0.166059,0.684968][0.65035,0.872204,0][1.28911,-0.481509,-0.657881][0.158331,-0.1294,-0.97887][0.754013,0.321315,0][1.18525,-0.88964,-0.542935][0.153809,-0.303936,-0.940194][0.752396,0.364761,0][1.07846,-0.495529,-0.687808][0.158477,-0.114911,-0.980653][0.742491,0.322246,0][1.18525,-0.88964,-0.542935][0.953804,-0.276082,-0.118475][0.752396,0.364761,0][1.28911,-0.481509,-0.657881][0.989732,-0.0489703,-0.134283][0.754013,0.321315,0][1.31766,-0.477859,-0.436578][0.990392,-0.0283173,-0.13536][0.766155,0.322718,0][0.954996,0.375151,-0.425288][-0.250545,0.968079,0.007155][0.97025,0.976142,0][0.585118,0.28013,-0.520412][-0.250545,0.968079,0.007155][0.970621,0.974313,0][1.11488,0.41489,-0.203464][-0.250545,0.968079,0.007155][0.97061,0.978135,0][1.31112,-0.241409,-0.352222][0.956364,0.269229,-0.113504][0.771295,0.299271,0][1.26226,-0.221889,-0.664847][0.960721,0.251975,-0.116296][0.753711,0.297823,0][1.17567,0.0346603,-0.609804][0.889157,0.413401,-0.196215][0.753448,0.273264,0][1.17567,0.0346603,-0.609804][0.889157,0.413401,-0.196215][0.753448,0.273264,0][1.20089,0.0387402,-0.274726][0.872418,0.430237,-0.231911][0.774729,0.272917,0][1.31112,-0.241409,-0.352222][0.956364,0.269229,-0.113504][0.771295,0.299271,0][1.20089,0.0387402,-0.274726][-0.536336,-0.465581,0.703974][0.653045,0.892344,0][0.824495,-0.0254498,-0.673675][-0.535122,-0.465757,0.70478][0.639378,0.892394,0][0.968084,-0.265289,-0.714668][-0.647695,-0.39064,0.654135][0.640669,0.881725,0][0.968084,-0.265289,-0.714668][-0.647695,-0.39064,0.654135][0.640669,0.881725,0][1.31112,-0.241409,-0.352222][-0.650739,-0.382853,0.655716][0.651875,0.881585,0][1.20089,0.0387402,-0.274726][-0.536336,-0.465581,0.703974][0.653045,0.892344,0][1.17567,0.0346603,-0.609804][0.10259,0.398604,-0.911367][0.753448,0.273264,0][1.26226,-0.221889,-0.664847][0.143657,0.129637,-0.9811][0.753711,0.297823,0][0.968084,-0.265289,-0.714668][0.140134,0.160975,-0.976959][0.737254,0.299176,0][0.968084,-0.265289,-0.714668][0.140134,0.160975,-0.976959][0.737254,0.299176,0][0.824495,-0.0254498,-0.673675][0.0943271,0.440289,-0.892887][0.7334,0.273254,0][1.17567,0.0346603,-0.609804][0.10259,0.398604,-0.911367][0.753448,0.273264,0][0.824495,-0.0254498,-0.673675][-0.535122,-0.465757,0.70478][0.639378,0.892394,0][1.20089,0.0387402,-0.274726][-0.536336,-0.465581,0.703974][0.653045,0.892344,0][1.11488,0.41489,-0.203464][-0.480112,-0.472565,0.739037][0.653933,0.907318,0][1.11488,0.41489,-0.203464][-0.480112,-0.472565,0.739037][0.653933,0.907318,0][0.585118,0.28013,-0.520412][-0.480112,-0.472565,0.739037][0.638569,0.907358,0][0.824495,-0.0254498,-0.673675][-0.535122,-0.465757,0.70478][0.639378,0.892394,0][0.824495,-0.0254498,-0.673675][0.0943271,0.440289,-0.892887][0.7334,0.273254,0][0.585118,0.28013,-0.520412][0.0804252,0.506199,-0.858658][0.730774,0.237053,0][0.954996,0.375151,-0.425288][0.0804252,0.506199,-0.858658][0.752934,0.238044,0][0.954996,0.375151,-0.425288][0.0804252,0.506199,-0.858658][0.752934,0.238044,0][1.17567,0.0346603,-0.609804][0.10259,0.398604,-0.911367][0.753448,0.273264,0][0.824495,-0.0254498,-0.673675][0.0943271,0.440289,-0.892887][0.7334,0.273254,0][1.20089,0.0387402,-0.274726][0.872418,0.430237,-0.231911][0.774729,0.272917,0][1.17567,0.0346603,-0.609804][0.889157,0.413401,-0.196215][0.753448,0.273264,0][0.954996,0.375151,-0.425288][0.828137,0.465743,-0.311885][0.752934,0.238044,0][0.954996,0.375151,-0.425288][0.828137,0.465743,-0.311885][0.752934,0.238044,0][1.11488,0.41489,-0.203464][0.828137,0.465743,-0.311885][0.776237,0.236311,0][1.20089,0.0387402,-0.274726][0.872418,0.430237,-0.231911][0.774729,0.272917,0][1.07846,-0.495529,-0.687808][-0.70965,-0.164388,0.685108][0.642495,0.87224,0][1.31766,-0.477859,-0.436578][-0.709396,-0.166059,0.684968][0.65035,0.872204,0][1.31112,-0.241409,-0.352222][-0.650739,-0.382853,0.655716][0.651875,0.881585,0][1.31112,-0.241409,-0.352222][-0.650739,-0.382853,0.655716][0.651875,0.881585,0][0.968084,-0.265289,-0.714668][-0.647695,-0.39064,0.654135][0.640669,0.881725,0][1.07846,-0.495529,-0.687808][-0.70965,-0.164388,0.685108][0.642495,0.87224,0][1.31766,-0.477859,-0.436578][0.990392,-0.0283173,-0.13536][0.766155,0.322718,0][1.28911,-0.481509,-0.657881][0.989732,-0.0489703,-0.134283][0.754013,0.321315,0][1.26226,-0.221889,-0.664847][0.960721,0.251975,-0.116296][0.753711,0.297823,0][1.26226,-0.221889,-0.664847][0.960721,0.251975,-0.116296][0.753711,0.297823,0][1.31112,-0.241409,-0.352222][0.956364,0.269229,-0.113504][0.771295,0.299271,0][1.31766,-0.477859,-0.436578][0.990392,-0.0283173,-0.13536][0.766155,0.322718,0][1.07846,-0.495529,-0.687808][0.158477,-0.114911,-0.980653][0.742491,0.322246,0][0.968084,-0.265289,-0.714668][0.140134,0.160975,-0.976959][0.737254,0.299176,0][1.26226,-0.221889,-0.664847][0.143657,0.129637,-0.9811][0.753711,0.297823,0][1.26226,-0.221889,-0.664847][0.143657,0.129637,-0.9811][0.753711,0.297823,0][1.28911,-0.481509,-0.657881][0.158331,-0.1294,-0.97887][0.754013,0.321315,0][1.07846,-0.495529,-0.687808][0.158477,-0.114911,-0.980653][0.742491,0.322246,0][1.33391,-0.433439,0.079157][-0.996665,0.0623943,-0.052589][0.700042,0.872433,0][1.23031,-0.759709,0.261011][-0.962578,0.255896,-0.089227][0.703138,0.85729,0][1.32436,-0.382119,0.3293][-0.996753,0.0611843,-0.052355][0.706922,0.872402,0][1.43866,-0.450059,0.212474][0.710608,-0.379375,-0.592547][0.441321,0.496369,0][1.23031,-0.759709,0.261011][0.639412,-0.519129,-0.567148][0.439875,0.535212,0][1.33391,-0.433439,0.079157][0.721237,-0.353903,-0.595458][0.431018,0.497201,0][1.23031,-0.759709,0.261011][0.597375,-0.284404,0.749838][0.439875,0.535212,0][1.43866,-0.450059,0.212474][0.687048,-0.10058,0.719617][0.441321,0.496369,0][1.32436,-0.382119,0.3293][0.699836,-0.0676762,0.71109][0.452176,0.497622,0][1.2812,0.45077,0.00780396][0.0147873,0.979647,-0.200183][0.981306,0.975929,0][1.10852,0.40359,-0.23601][0.0147873,0.979647,-0.200183][0.981732,0.973823,0][1.08744,0.503871,0.253155][0.0147873,0.979647,-0.200183][0.98172,0.978222,0][1.31764,-0.14281,0.33146][0.754811,0.164152,0.63507][0.456772,0.476659,0][1.47915,-0.215149,0.158103][0.751237,0.136039,0.645861][0.44105,0.475364,0][1.44832,0.0475502,0.097929][0.759048,0.334142,0.558745][0.440814,0.453407,0][1.44832,0.0475502,0.097929][0.759048,0.334142,0.558745][0.440814,0.453407,0][1.25631,0.12697,0.309527][0.75609,0.370742,0.539332][0.459842,0.453097,0][1.31764,-0.14281,0.33146][0.754811,0.164152,0.63507][0.456772,0.476659,0][1.25631,0.12697,0.309527][-0.938577,-0.34373,0.030384][0.709282,0.890042,0][1.27467,0.0380011,-0.125648][-0.938301,-0.344469,0.030546][0.697313,0.890086,0][1.33289,-0.21577,-0.028462][-0.987538,-0.157111,-0.009207][0.698442,0.880741,0][1.33289,-0.21577,-0.028462][-0.987538,-0.157111,-0.009207][0.698442,0.880741,0][1.31764,-0.14281,0.33146][-0.987901,-0.154783,-0.009677][0.708258,0.880619,0][1.25631,0.12697,0.309527][-0.938577,-0.34373,0.030384][0.709282,0.890042,0][1.44832,0.0475502,0.097929][0.788737,0.0755957,-0.610065][0.440814,0.453407,0][1.47915,-0.215149,0.158103][0.774839,-0.158728,-0.611907][0.44105,0.475364,0][1.33289,-0.21577,-0.028462][0.780601,-0.120621,-0.613281][0.426337,0.476574,0][1.33289,-0.21577,-0.028462][0.780601,-0.120621,-0.613281][0.426337,0.476574,0][1.27467,0.0380011,-0.125648][0.785651,0.123596,-0.606198][0.42289,0.453398,0][1.44832,0.0475502,0.097929][0.788737,0.0755957,-0.610065][0.440814,0.453407,0][1.27467,0.0380011,-0.125648][-0.938301,-0.344469,0.030546][0.697313,0.890086,0][1.25631,0.12697,0.309527][-0.938577,-0.34373,0.030384][0.709282,0.890042,0][1.08744,0.503871,0.253155][-0.91426,-0.40279,0.043468][0.71006,0.903157,0][1.08744,0.503871,0.253155][-0.91426,-0.40279,0.043468][0.71006,0.903157,0][1.10852,0.40359,-0.23601][-0.91426,-0.40279,0.043468][0.696604,0.903192,0][1.27467,0.0380011,-0.125648][-0.938301,-0.344469,0.030546][0.697313,0.890086,0][1.27467,0.0380011,-0.125648][0.785651,0.123596,-0.606198][0.42289,0.453398,0][1.10852,0.40359,-0.23601][0.77944,0.181535,-0.599599][0.420542,0.421031,0][1.2812,0.45077,0.00780396][0.77944,0.181535,-0.599599][0.440355,0.421918,0][1.2812,0.45077,0.00780396][0.77944,0.181535,-0.599599][0.440355,0.421918,0][1.44832,0.0475502,0.097929][0.788737,0.0755957,-0.610065][0.440814,0.453407,0][1.27467,0.0380011,-0.125648][0.785651,0.123596,-0.606198][0.42289,0.453398,0][1.25631,0.12697,0.309527][0.75609,0.370742,0.539332][0.459842,0.453097,0][1.44832,0.0475502,0.097929][0.759048,0.334142,0.558745][0.440814,0.453407,0][1.2812,0.45077,0.00780396][0.75003,0.419114,0.511662][0.440355,0.421918,0][1.2812,0.45077,0.00780396][0.75003,0.419114,0.511662][0.440355,0.421918,0][1.08744,0.503871,0.253155][0.75003,0.419114,0.511662][0.46119,0.420368,0][1.25631,0.12697,0.309527][0.75609,0.370742,0.539332][0.459842,0.453097,0][1.33391,-0.433439,0.079157][-0.996665,0.0623943,-0.052589][0.700042,0.872433,0][1.32436,-0.382119,0.3293][-0.996753,0.0611843,-0.052355][0.706922,0.872402,0][1.31764,-0.14281,0.33146][-0.987901,-0.154783,-0.009677][0.708258,0.880619,0][1.31764,-0.14281,0.33146][-0.987901,-0.154783,-0.009677][0.708258,0.880619,0][1.33289,-0.21577,-0.028462][-0.987538,-0.157111,-0.009207][0.698442,0.880741,0][1.33391,-0.433439,0.079157][-0.996665,0.0623943,-0.052589][0.700042,0.872433,0][1.32436,-0.382119,0.3293][0.699836,-0.0676762,0.71109][0.452176,0.497622,0][1.43866,-0.450059,0.212474][0.687048,-0.10058,0.719617][0.441321,0.496369,0][1.47915,-0.215149,0.158103][0.751237,0.136039,0.645861][0.44105,0.475364,0][1.47915,-0.215149,0.158103][0.751237,0.136039,0.645861][0.44105,0.475364,0][1.31764,-0.14281,0.33146][0.754811,0.164152,0.63507][0.456772,0.476659,0][1.32436,-0.382119,0.3293][0.699836,-0.0676762,0.71109][0.452176,0.497622,0][1.33391,-0.433439,0.079157][0.721237,-0.353903,-0.595458][0.431018,0.497201,0][1.33289,-0.21577,-0.028462][0.780601,-0.120621,-0.613281][0.426337,0.476574,0][1.47915,-0.215149,0.158103][0.774839,-0.158728,-0.611907][0.44105,0.475364,0][1.47915,-0.215149,0.158103][0.774839,-0.158728,-0.611907][0.44105,0.475364,0][1.43866,-0.450059,0.212474][0.710608,-0.379375,-0.592547][0.441321,0.496369,0][1.33391,-0.433439,0.079157][0.721237,-0.353903,-0.595458][0.431018,0.497201,0][0.819193,-0.0320597,0.691497][-0.541778,-0.478753,-0.690849][0.85602,0.949673,0][0.975558,-0.417179,0.834082][-0.552448,-0.442507,-0.706391][0.855182,0.965757,0][0.66973,-0.40276,1.06561][-0.550798,-0.448375,-0.703976][0.844633,0.965789,0][0.66973,-0.40276,1.06561][-0.550798,-0.448375,-0.703976][0.844633,0.965789,0][0.471693,-0.0440197,0.97063][-0.541779,-0.478753,-0.690849][0.843727,0.949698,0][0.819193,-0.0320597,0.691497][-0.541778,-0.478753,-0.690849][0.85602,0.949673,0][0.980612,-0.737479,0.994258][-0.572085,-0.348293,-0.742571][0.852861,0.97777,0][0.872875,-1.11022,1.20483][-0.576426,-0.269239,-0.771521][0.850024,0.991601,0][0.799522,-0.70764,1.11915][-0.572125,-0.347804,-0.742769][0.846576,0.977794,0][0.911077,-0.348279,1.05117][0.919964,0.339546,0.195897][0.817172,0.632618,0][0.975558,-0.417179,0.834082][0.922065,0.332404,0.198252][0.832044,0.632072,0][0.819193,-0.0320597,0.691497][0.883645,0.439671,0.160815][0.834682,0.66933,0][0.819193,-0.0320597,0.691497][0.883645,0.439671,0.160815][0.834682,0.66933,0][0.740405,0.0184402,0.935207][0.883645,0.439671,0.160815][0.817713,0.668578,0][0.911077,-0.348279,1.05117][0.919964,0.339546,0.195897][0.817172,0.632618,0][0.939067,-0.69335,1.11367][0.955655,0.0780677,0.283952][0.816857,0.604811,0][0.872875,-1.11022,1.20483][0.933565,-0.0714283,0.351219][0.818081,0.571542,0][0.980612,-0.737479,0.994258][0.955769,0.0799767,0.283036][0.825681,0.604095,0][0.66973,-0.40276,1.06561][0.0242151,0.256534,0.966232][0.801323,0.632249,0][0.911077,-0.348279,1.05117][0.0236991,0.249085,0.968192][0.817172,0.632618,0][0.740405,0.0184402,0.935207][0.0266331,0.291553,0.956184][0.817713,0.668578,0][0.740405,0.0184402,0.935207][0.0266331,0.291553,0.956184][0.817713,0.668578,0][0.471693,-0.0440197,0.97063][0.0266331,0.291553,0.956184][0.799868,0.669913,0][0.66973,-0.40276,1.06561][0.0242151,0.256534,0.966232][0.801323,0.632249,0][0.872875,-1.11022,1.20483][0.0167661,0.211066,0.977328][0.818081,0.571542,0][0.939067,-0.69335,1.11367][0.0183391,0.188449,0.981912][0.816857,0.604811,0][0.799522,-0.70764,1.11915][0.0183451,0.188365,0.981928][0.807559,0.603742,0][0.975558,-0.417179,0.834082][-0.552448,-0.442507,-0.706391][0.855182,0.965757,0][0.980612,-0.737479,0.994258][-0.572085,-0.348293,-0.742571][0.852861,0.97777,0][0.799522,-0.70764,1.11915][-0.572125,-0.347804,-0.742769][0.846576,0.977794,0][0.799522,-0.70764,1.11915][-0.572125,-0.347804,-0.742769][0.846576,0.977794,0][0.66973,-0.40276,1.06561][-0.550798,-0.448375,-0.703976][0.844633,0.965789,0][0.975558,-0.417179,0.834082][-0.552448,-0.442507,-0.706391][0.855182,0.965757,0][0.799522,-0.70764,1.11915][0.0183451,0.188365,0.981928][0.807559,0.603742,0][0.939067,-0.69335,1.11367][0.0183391,0.188449,0.981912][0.816857,0.604811,0][0.911077,-0.348279,1.05117][0.0236991,0.249085,0.968192][0.817172,0.632618,0][0.911077,-0.348279,1.05117][0.0236991,0.249085,0.968192][0.817172,0.632618,0][0.66973,-0.40276,1.06561][0.0242151,0.256534,0.966232][0.801323,0.632249,0][0.799522,-0.70764,1.11915][0.0183451,0.188365,0.981928][0.807559,0.603742,0][0.939067,-0.69335,1.11367][0.955655,0.0780677,0.283952][0.816857,0.604811,0][0.980612,-0.737479,0.994258][0.955769,0.0799767,0.283036][0.825681,0.604095,0][0.975558,-0.417179,0.834082][0.922065,0.332404,0.198252][0.832044,0.632072,0][0.975558,-0.417179,0.834082][0.922065,0.332404,0.198252][0.832044,0.632072,0][0.911077,-0.348279,1.05117][0.919964,0.339546,0.195897][0.817172,0.632618,0][0.939067,-0.69335,1.11367][0.955655,0.0780677,0.283952][0.816857,0.604811,0][0.740405,0.0184402,0.935207][-0.251861,0.928236,-0.273758][0.964833,0.976148,0][0.819193,-0.0320597,0.691497][-0.251861,0.928236,-0.273758][0.965199,0.974338,0][0.471693,-0.0440197,0.97063][-0.251861,0.928236,-0.273758][0.965189,0.978119,0][-0.346882,0.11252,-1.35399][0.324363,-0.558779,0.763252][0.906531,0.9765,0][-0.607279,0.0960608,-1.25594][0.324117,-0.560181,0.762329][0.913388,0.976531,0][-0.490445,-0.195849,-1.42595][0.348313,-0.363753,0.863922][0.909616,0.991592,0][-0.508334,0.15256,-1.3941][0.285011,0.273985,-0.918532][0.375845,0.606928,0][-0.346882,0.11252,-1.35399][0.286374,0.287757,-0.913885][0.366234,0.606152,0][-0.490445,-0.195849,-1.42595][0.263457,0.101215,-0.959347][0.374496,0.570691,0][-0.490445,-0.195849,-1.42595][-0.815124,0.0110863,-0.57918][0.374496,0.570691,0][-0.607279,0.0960608,-1.25594][-0.828365,0.249446,-0.501585][0.385972,0.605759,0][-0.508334,0.15256,-1.3941][-0.829256,0.230242,-0.509238][0.375845,0.606928,0][-0.194848,0.65307,-0.8924][0.213968,0.695934,0.685487][0.980632,0.968211,0][-0.530164,0.50207,-0.634438][0.213968,0.695934,0.685487][0.980208,0.970554,0][-0.0215109,0.535971,-0.827633][0.213969,0.695934,0.685487][0.980196,0.96606,0][-0.623302,0.241791,-1.11767][-0.785513,0.499674,-0.365096][0.390259,0.625316,0][-0.603631,0.37275,-0.934781][-0.608994,0.773431,-0.175872][0.393123,0.647297,0][-0.423737,0.49207,-1.15141][-0.629581,0.752528,-0.193208][0.375372,0.647008,0][-0.423737,0.49207,-1.15141][-0.629581,0.752528,-0.193208][0.375372,0.647008,0][-0.476431,0.33794,-1.30181][-0.790832,0.481985,-0.377194][0.375592,0.626524,0][-0.623302,0.241791,-1.11767][-0.785513,0.499674,-0.365096][0.390259,0.625316,0][-0.603631,0.37275,-0.934781][0.215999,-0.884103,0.414375][0.91574,0.95895,0][-0.623302,0.241791,-1.11767][0.277594,-0.748516,0.602217][0.914719,0.968342,0][-0.249036,0.267091,-1.25919][0.276801,-0.750869,0.599647][0.904937,0.96822,0][-0.249036,0.267091,-1.25919][0.276801,-0.750869,0.599647][0.904937,0.96822,0][-0.151043,0.402791,-1.10628][0.215611,-0.884728,0.413242][0.90381,0.958907,0][-0.603631,0.37275,-0.934781][0.215999,-0.884103,0.414375][0.91574,0.95895,0][-0.249036,0.267091,-1.25919][0.314584,0.531535,-0.786453][0.361866,0.625395,0][-0.476431,0.33794,-1.30181][0.311738,0.505521,-0.80453][0.375592,0.626524,0][-0.423737,0.49207,-1.15141][0.378991,0.613292,-0.692993][0.375372,0.647008,0][-0.423737,0.49207,-1.15141][0.378991,0.613292,-0.692993][0.375372,0.647008,0][-0.151043,0.402791,-1.10628][0.408471,0.618921,-0.670886][0.358651,0.647016,0][-0.249036,0.267091,-1.25919][0.314584,0.531535,-0.786453][0.361866,0.625395,0][-0.530164,0.50207,-0.634438][0.193137,-0.917314,0.348186][0.916515,0.945879,0][-0.603631,0.37275,-0.934781][0.215999,-0.884103,0.414375][0.91574,0.95895,0][-0.151043,0.402791,-1.10628][0.215611,-0.884728,0.413242][0.90381,0.958907,0][-0.151043,0.402791,-1.10628][0.215611,-0.884728,0.413242][0.90381,0.958907,0][-0.0215109,0.535971,-0.827633][0.193137,-0.917314,0.348186][0.903104,0.945845,0][-0.530164,0.50207,-0.634438][0.193137,-0.917314,0.348186][0.916515,0.945879,0][-0.194848,0.65307,-0.8924][0.446943,0.625096,-0.639919][0.374944,0.676385,0][-0.0215109,0.535971,-0.827633][0.446943,0.625096,-0.639919][0.35646,0.677212,0][-0.151043,0.402791,-1.10628][0.408471,0.618921,-0.670886][0.358651,0.647016,0][-0.151043,0.402791,-1.10628][0.408471,0.618921,-0.670886][0.358651,0.647016,0][-0.423737,0.49207,-1.15141][0.378991,0.613292,-0.692993][0.375372,0.647008,0][-0.194848,0.65307,-0.8924][0.446943,0.625096,-0.639919][0.374944,0.676385,0][-0.603631,0.37275,-0.934781][-0.608994,0.773431,-0.175872][0.393123,0.647297,0][-0.530164,0.50207,-0.634438][-0.551629,0.823987,-0.129428][0.394381,0.67783,0][-0.194848,0.65307,-0.8924][-0.551629,0.823987,-0.129428][0.374944,0.676385,0][-0.194848,0.65307,-0.8924][-0.551629,0.823987,-0.129428][0.374944,0.676385,0][-0.423737,0.49207,-1.15141][-0.629581,0.752528,-0.193208][0.375372,0.647008,0][-0.603631,0.37275,-0.934781][-0.608994,0.773431,-0.175872][0.393123,0.647297,0][-0.623302,0.241791,-1.11767][0.277594,-0.748516,0.602217][0.914719,0.968342,0][-0.607279,0.0960608,-1.25594][0.324117,-0.560181,0.762329][0.913388,0.976531,0][-0.346882,0.11252,-1.35399][0.324363,-0.558779,0.763252][0.906531,0.9765,0][-0.346882,0.11252,-1.35399][0.324363,-0.558779,0.763252][0.906531,0.9765,0][-0.249036,0.267091,-1.25919][0.276801,-0.750869,0.599647][0.904937,0.96822,0][-0.623302,0.241791,-1.11767][0.277594,-0.748516,0.602217][0.914719,0.968342,0][-0.607279,0.0960608,-1.25594][-0.828365,0.249446,-0.501585][0.385972,0.605759,0][-0.623302,0.241791,-1.11767][-0.785513,0.499674,-0.365096][0.390259,0.625316,0][-0.476431,0.33794,-1.30181][-0.790832,0.481985,-0.377194][0.375592,0.626524,0][-0.476431,0.33794,-1.30181][-0.790832,0.481985,-0.377194][0.375592,0.626524,0][-0.508334,0.15256,-1.3941][-0.829256,0.230242,-0.509238][0.375845,0.606928,0][-0.607279,0.0960608,-1.25594][-0.828365,0.249446,-0.501585][0.385972,0.605759,0][-0.476431,0.33794,-1.30181][0.311738,0.505521,-0.80453][0.375592,0.626524,0][-0.249036,0.267091,-1.25919][0.314584,0.531535,-0.786453][0.361866,0.625395,0][-0.346882,0.11252,-1.35399][0.286374,0.287757,-0.913885][0.366234,0.606152,0][-0.346882,0.11252,-1.35399][0.286374,0.287757,-0.913885][0.366234,0.606152,0][-0.508334,0.15256,-1.3941][0.285011,0.273985,-0.918532][0.375845,0.606928,0][-0.476431,0.33794,-1.30181][0.311738,0.505521,-0.80453][0.375592,0.626524,0][-0.923708,0.721271,-0.542983][0.362162,-0.931841,0.022604][0.407711,0.954561,0][-1.06983,0.674271,-0.169504][0.360708,-0.932421,0.02195][0.398304,0.954519,0][-1.34614,0.446971,-0.543895][0.541336,-0.83401,0.106689][0.403479,0.933857,0][-1.06548,0.83407,-0.373793][-0.248957,0.718882,-0.649021][0.922329,0.443833,0][-0.923708,0.721271,-0.542983][-0.235409,0.730164,-0.641438][0.908631,0.442726,0][-1.34614,0.446971,-0.543895][-0.381157,0.589348,-0.712312][0.920406,0.392186,0][-1.34614,0.446971,-0.543895][-0.826545,0.451687,0.335861][0.920406,0.392186,0][-1.06983,0.674271,-0.169504][-0.64458,0.624349,0.441253][0.936763,0.442166,0][-1.06548,0.83407,-0.373793][-0.663998,0.609879,0.432613][0.922329,0.443833,0][-0.0381377,0.92397,0.0165249][0.914756,0.146419,0.376542][0.949718,0.957892,0][-0.140027,0.625271,0.380181][0.914756,0.146419,0.376541][0.949105,0.961286,0][0.145289,0.720671,-0.35005][0.914756,0.146419,0.376542][0.949087,0.954775,0][-0.848553,0.735271,0.010916][-0.394772,0.756598,0.521262][0.942873,0.470039,0][-0.568689,0.734971,0.180253][-0.157962,0.793504,0.587707][0.946955,0.501368,0][-0.5207,0.991171,-0.162409][-0.192542,0.79265,0.578475][0.921656,0.500956,0][-0.5207,0.991171,-0.162409][-0.192542,0.79265,0.578475][0.921656,0.500956,0][-0.817483,0.944171,-0.275955][-0.419174,0.747324,0.515558][0.921969,0.471761,0][-0.848553,0.735271,0.010916][-0.394772,0.756598,0.521262][0.942873,0.470039,0][-0.568689,0.734971,0.180253][-0.0878223,-0.982818,-0.162347][0.395078,0.978637,0][-0.848553,0.735271,0.010916][0.135388,-0.987943,-0.075086][0.396479,0.965753,0][-0.637802,0.80527,-0.525773][0.132099,-0.988285,-0.076442][0.409899,0.965921,0][-0.637802,0.80527,-0.525773][0.132099,-0.988285,-0.076442][0.409899,0.965921,0][-0.314563,0.81937,-0.469219][-0.0890763,-0.982628,-0.162814][0.411444,0.978697,0][-0.568689,0.734971,0.180253][-0.0878223,-0.982818,-0.162347][0.395078,0.978637,0][-0.637802,0.80527,-0.525773][-0.0203057,0.860801,-0.508536][0.902406,0.470152,0][-0.817483,0.944171,-0.275955][-0.0496267,0.847674,-0.528191][0.921969,0.471761,0][-0.5207,0.991171,-0.162409][0.173257,0.900131,-0.399683][0.921656,0.500956,0][-0.5207,0.991171,-0.162409][0.173257,0.900131,-0.399683][0.921656,0.500956,0][-0.314563,0.81937,-0.469219][0.210927,0.901038,-0.379][0.897824,0.500968,0][-0.637802,0.80527,-0.525773][-0.0203057,0.860801,-0.508536][0.902406,0.470152,0][-0.140027,0.625271,0.380181][-0.159433,-0.969027,-0.188592][0.394014,0.996569,0][-0.568689,0.734971,0.180253][-0.0878223,-0.982818,-0.162347][0.395078,0.978637,0][-0.314563,0.81937,-0.469219][-0.0890763,-0.982628,-0.162814][0.411444,0.978697,0][-0.314563,0.81937,-0.469219][-0.0890763,-0.982628,-0.162814][0.411444,0.978697,0][0.145289,0.720671,-0.35005][-0.159433,-0.969027,-0.188592][0.412413,0.996617,0][-0.140027,0.625271,0.380181][-0.159433,-0.969027,-0.188592][0.394014,0.996569,0][-0.0381377,0.92397,0.0165249][0.267758,0.899205,-0.346029][0.921045,0.542824,0][0.145289,0.720671,-0.35005][0.267758,0.899205,-0.346029][0.894702,0.544003,0][-0.314563,0.81937,-0.469219][0.210927,0.901038,-0.379][0.897824,0.500968,0][-0.314563,0.81937,-0.469219][0.210927,0.901038,-0.379][0.897824,0.500968,0][-0.5207,0.991171,-0.162409][0.173257,0.900131,-0.399683][0.921656,0.500956,0][-0.0381377,0.92397,0.0165249][0.267758,0.899205,-0.346029][0.921045,0.542824,0][-0.568689,0.734971,0.180253][-0.157962,0.793504,0.587707][0.946955,0.501368,0][-0.140027,0.625271,0.380181][-0.0964987,0.792531,0.602148][0.948748,0.544885,0][-0.0381377,0.92397,0.0165249][-0.0964987,0.792531,0.602148][0.921045,0.542824,0][-0.0381377,0.92397,0.0165249][-0.0964987,0.792531,0.602148][0.921045,0.542824,0][-0.5207,0.991171,-0.162409][-0.192542,0.79265,0.578475][0.921656,0.500956,0][-0.568689,0.734971,0.180253][-0.157962,0.793504,0.587707][0.946955,0.501368,0][-0.848553,0.735271,0.010916][0.135388,-0.987943,-0.075086][0.396479,0.965753,0][-1.06983,0.674271,-0.169504][0.360708,-0.932421,0.02195][0.398304,0.954519,0][-0.923708,0.721271,-0.542983][0.362162,-0.931841,0.022604][0.407711,0.954561,0][-0.923708,0.721271,-0.542983][0.362162,-0.931841,0.022604][0.407711,0.954561,0][-0.637802,0.80527,-0.525773][0.132099,-0.988285,-0.076442][0.409899,0.965921,0][-0.848553,0.735271,0.010916][0.135388,-0.987943,-0.075086][0.396479,0.965753,0][-1.06983,0.674271,-0.169504][-0.64458,0.624349,0.441253][0.936763,0.442166,0][-0.848553,0.735271,0.010916][-0.394772,0.756598,0.521262][0.942873,0.470039,0][-0.817483,0.944171,-0.275955][-0.419174,0.747324,0.515558][0.921969,0.471761,0][-0.817483,0.944171,-0.275955][-0.419174,0.747324,0.515558][0.921969,0.471761,0][-1.06548,0.83407,-0.373793][-0.663998,0.609879,0.432613][0.922329,0.443833,0][-1.06983,0.674271,-0.169504][-0.64458,0.624349,0.441253][0.936763,0.442166,0][-0.817483,0.944171,-0.275955][-0.0496267,0.847674,-0.528191][0.921969,0.471761,0][-0.637802,0.80527,-0.525773][-0.0203057,0.860801,-0.508536][0.902406,0.470152,0][-0.923708,0.721271,-0.542983][-0.235409,0.730164,-0.641438][0.908631,0.442726,0][-0.923708,0.721271,-0.542983][-0.235409,0.730164,-0.641438][0.908631,0.442726,0][-1.06548,0.83407,-0.373793][-0.248957,0.718882,-0.649021][0.922329,0.443833,0][-0.817483,0.944171,-0.275955][-0.0496267,0.847674,-0.528191][0.921969,0.471761,0][-0.626684,0.924971,-0.828973][0.225617,-0.931804,0.28432][0.794876,0.767493,0][-0.932885,0.92257,-0.591748][0.223353,-0.933234,0.281405][0.779192,0.767422,0][-0.913316,0.669271,-0.911172][0.44856,-0.686766,0.571967][0.78782,0.732973,0][-0.830611,1.04177,-0.788785][0.171674,0.586262,-0.791723][0.967304,0.271571,0][-0.626684,0.924971,-0.828973][0.190163,0.611785,-0.767827][0.95355,0.27046,0][-0.913316,0.669271,-0.911172][-0.0074389,0.313613,-0.949522][0.965374,0.219716,0][-0.913316,0.669271,-0.911172][-0.909026,0.297652,-0.291676][0.965374,0.219716,0][-0.932885,0.92257,-0.591748][-0.765334,0.643472,-0.014409][0.981796,0.269897,0][-0.830611,1.04177,-0.788785][-0.789042,0.612712,-0.044684][0.967304,0.271571,0][-0.106379,0.94367,0.12121][0.607069,0.0797648,0.790636][0.945111,0.967461,0][-0.405631,0.700471,0.375521][0.607069,0.0797648,0.790636][0.944522,0.97072,0][0.195223,0.701071,-0.085894][0.607069,0.0797648,0.790636][0.944505,0.964469,0][-0.84449,0.980571,-0.351361][-0.483107,0.813987,0.322541][0.987931,0.297883,0][-0.651091,0.905471,-0.0120471][-0.253051,0.816568,0.518826][0.992029,0.329338,0][-0.41193,1.15077,-0.275359][-0.295377,0.821522,0.487703][0.966629,0.328924,0][-0.41193,1.15077,-0.275359][-0.295377,0.821522,0.487703][0.966629,0.328924,0][-0.651549,1.18257,-0.575044][-0.513486,0.807322,0.290796][0.966943,0.299611,0][-0.84449,0.980571,-0.351361][-0.483107,0.813987,0.322541][0.987931,0.297883,0][-0.651091,0.905471,-0.0120471][-0.200573,-0.943598,-0.263426][0.773813,0.807634,0][-0.84449,0.980571,-0.351361][-0.0465833,-0.996753,-0.065684][0.776148,0.786152,0][-0.402282,0.982771,-0.690289][-0.0498733,-0.996306,-0.069908][0.798523,0.786432,0][-0.402282,0.982771,-0.690289][-0.0498733,-0.996306,-0.069908][0.798523,0.786432,0][-0.116464,0.906071,-0.422263][-0.201168,-0.943258,-0.26419][0.801099,0.807734,0][-0.651091,0.905471,-0.0120471][-0.200573,-0.943598,-0.263426][0.773813,0.807634,0][-0.402282,0.982771,-0.690289][0.446481,0.790356,-0.419514][0.947301,0.297996,0][-0.651549,1.18257,-0.575044][0.415411,0.779434,-0.468953][0.966943,0.299611,0][-0.41193,1.15077,-0.275359][0.560903,0.805227,-0.19235][0.966629,0.328924,0][-0.41193,1.15077,-0.275359][0.560903,0.805227,-0.19235][0.966629,0.328924,0][-0.116464,0.906071,-0.422263][0.582934,0.801044,-0.136076][0.9427,0.328936,0][-0.402282,0.982771,-0.690289][0.446481,0.790356,-0.419514][0.947301,0.297996,0][-0.405631,0.700471,0.375521][-0.248719,-0.912342,-0.325224][0.772039,0.837531,0][-0.651091,0.905471,-0.0120471][-0.200573,-0.943598,-0.263426][0.773813,0.807634,0][-0.116464,0.906071,-0.422263][-0.201168,-0.943258,-0.26419][0.801099,0.807734,0][-0.116464,0.906071,-0.422263][-0.201168,-0.943258,-0.26419][0.801099,0.807734,0][0.195223,0.701071,-0.085894][-0.248719,-0.912342,-0.325224][0.802715,0.837611,0][-0.405631,0.700471,0.375521][-0.248719,-0.912342,-0.325224][0.772039,0.837531,0][-0.106379,0.94367,0.12121][0.607109,0.791861,-0.066141][0.966015,0.370962,0][0.195223,0.701071,-0.085894][0.607109,0.791861,-0.066141][0.939565,0.372145,0][-0.116464,0.906071,-0.422263][0.582934,0.801044,-0.136076][0.9427,0.328936,0][-0.116464,0.906071,-0.422263][0.582934,0.801044,-0.136076][0.9427,0.328936,0][-0.41193,1.15077,-0.275359][0.560903,0.805227,-0.19235][0.966629,0.328924,0][-0.106379,0.94367,0.12121][0.607109,0.791861,-0.066141][0.966015,0.370962,0][-0.651091,0.905471,-0.0120471][-0.253051,0.816568,0.518826][0.992029,0.329338,0][-0.405631,0.700471,0.375521][-0.193375,0.805974,0.559474][0.993829,0.37303,0][-0.106379,0.94367,0.12121][-0.193375,0.805974,0.559474][0.966015,0.370962,0][-0.106379,0.94367,0.12121][-0.193375,0.805974,0.559474][0.966015,0.370962,0][-0.41193,1.15077,-0.275359][-0.295377,0.821522,0.487703][0.966629,0.328924,0][-0.651091,0.905471,-0.0120471][-0.253051,0.816568,0.518826][0.992029,0.329338,0][-0.84449,0.980571,-0.351361][-0.0465833,-0.996753,-0.065684][0.776148,0.786152,0][-0.932885,0.92257,-0.591748][0.223353,-0.933234,0.281405][0.779192,0.767422,0][-0.626684,0.924971,-0.828973][0.225617,-0.931804,0.28432][0.794876,0.767493,0][-0.626684,0.924971,-0.828973][0.225617,-0.931804,0.28432][0.794876,0.767493,0][-0.402282,0.982771,-0.690289][-0.0498733,-0.996306,-0.069908][0.798523,0.786432,0][-0.84449,0.980571,-0.351361][-0.0465833,-0.996753,-0.065684][0.776148,0.786152,0][-0.932885,0.92257,-0.591748][-0.765334,0.643472,-0.014409][0.981796,0.269897,0][-0.84449,0.980571,-0.351361][-0.483107,0.813987,0.322541][0.987931,0.297883,0][-0.651549,1.18257,-0.575044][-0.513486,0.807322,0.290796][0.966943,0.299611,0][-0.651549,1.18257,-0.575044][-0.513486,0.807322,0.290796][0.966943,0.299611,0][-0.830611,1.04177,-0.788785][-0.789042,0.612712,-0.044684][0.967304,0.271571,0][-0.932885,0.92257,-0.591748][-0.765334,0.643472,-0.014409][0.981796,0.269897,0][-0.651549,1.18257,-0.575044][0.415411,0.779434,-0.468953][0.966943,0.299611,0][-0.402282,0.982771,-0.690289][0.446481,0.790356,-0.419514][0.947301,0.297996,0][-0.626684,0.924971,-0.828973][0.190163,0.611785,-0.767827][0.95355,0.27046,0][-0.626684,0.924971,-0.828973][0.190163,0.611785,-0.767827][0.95355,0.27046,0][-0.830611,1.04177,-0.788785][0.171674,0.586262,-0.791723][0.967304,0.271571,0][-0.651549,1.18257,-0.575044][0.415411,0.779434,-0.468953][0.966943,0.299611,0][0.455392,-0.643559,1.32024][-0.533091,0.0664862,-0.843442][0.047023,0.864231,0][0.710869,-0.628789,1.14475][-0.534517,0.0659932,-0.842577][0.039285,0.864201,0][0.615786,-0.996789,1.18607][-0.567501,0.0543732,-0.821576][0.043528,0.847202,0][0.63845,-0.589339,1.31607][0.00616891,-0.27116,0.962514][0.542946,0.288199,0][0.455392,-0.643559,1.32024][0.0165599,-0.274881,0.961336][0.53132,0.287256,0][0.615786,-0.996789,1.18607][0.112655,-0.307706,0.944789][0.54133,0.244363,0][0.615786,-0.996789,1.18607][0.88974,-0.182924,0.418213][0.54133,0.244363,0][0.710869,-0.628789,1.14475][0.887934,-0.190834,0.418516][0.555197,0.286788,0][0.63845,-0.589339,1.31607][0.887515,-0.192629,0.418581][0.542946,0.288199,0][0.500797,0.35375,1.20191][-0.24789,0.896338,-0.367599][0.965616,0.968334,0][0.702747,0.279811,0.885432][-0.24789,0.896338,-0.367599][0.965123,0.971063,0][0.159576,0.243131,1.16229][-0.24789,0.896338,-0.367599][0.965109,0.965828,0][0.77297,-0.333079,1.15062][0.910327,-0.0082173,0.413808][0.560068,0.310414,0][0.774284,-0.0590296,1.07402][0.859041,0.331052,0.390454][0.563818,0.340208,0][0.620704,-0.00563908,1.38388][0.863939,0.316447,0.391754][0.542356,0.339446,0][0.620704,-0.00563908,1.38388][0.863939,0.316447,0.391754][0.542356,0.339446,0][0.655256,-0.287539,1.4217][0.911067,0.0209357,0.411727][0.542383,0.312011,0][0.77297,-0.333079,1.15062][0.910327,-0.0082173,0.413808][0.560068,0.310414,0][0.77297,-0.333079,1.15062][-0.482955,-0.135598,-0.865082][0.037617,0.876602,0][0.382311,-0.3578,1.36912][-0.483056,-0.135191,-0.86509][0.049061,0.876333,0][0.290693,-0.0861397,1.32964][-0.399417,-0.433414,-0.807848][0.050154,0.885386,0][0.290693,-0.0861397,1.32964][-0.399417,-0.433414,-0.807848][0.050154,0.885386,0][0.774284,-0.0590296,1.07402][-0.398684,-0.435594,-0.807037][0.036664,0.885319,0][0.77297,-0.333079,1.15062][-0.482955,-0.135598,-0.865082][0.037617,0.876602,0][0.382311,-0.3578,1.36912][-0.127794,-0.059681,0.990003][0.526081,0.310302,0][0.655256,-0.287539,1.4217][-0.138574,-0.036349,0.989685][0.542383,0.312011,0][0.620704,-0.00563908,1.38388][-0.219644,0.263214,0.939401][0.542356,0.339446,0][0.620704,-0.00563908,1.38388][-0.219644,0.263214,0.939401][0.542356,0.339446,0][0.290693,-0.0861397,1.32964][-0.221354,0.27749,0.934881][0.521996,0.339906,0][0.382311,-0.3578,1.36912][-0.127794,-0.059681,0.990003][0.526081,0.310302,0][0.159576,0.243131,1.16229][-0.367018,-0.521628,-0.770197][0.050918,0.898822,0][0.702747,0.279811,0.885432][-0.367018,-0.521628,-0.770196][0.035783,0.898794,0][0.774284,-0.0590296,1.07402][-0.398684,-0.435594,-0.807037][0.036664,0.885319,0][0.774284,-0.0590296,1.07402][-0.398684,-0.435594,-0.807037][0.036664,0.885319,0][0.290693,-0.0861397,1.32964][-0.399417,-0.433414,-0.807848][0.050154,0.885386,0][0.159576,0.243131,1.16229][-0.367018,-0.521628,-0.770197][0.050918,0.898822,0][0.500797,0.35375,1.20191][-0.231521,0.371643,0.899044][0.541827,0.372216,0][0.159576,0.243131,1.16229][-0.231521,0.371643,0.899044][0.519468,0.373208,0][0.290693,-0.0861397,1.32964][-0.221354,0.27749,0.934881][0.521996,0.339906,0][0.290693,-0.0861397,1.32964][-0.221354,0.27749,0.934881][0.521996,0.339906,0][0.620704,-0.00563908,1.38388][-0.219644,0.263214,0.939401][0.542356,0.339446,0][0.500797,0.35375,1.20191][-0.231521,0.371643,0.899044][0.541827,0.372216,0][0.774284,-0.0590296,1.07402][0.859041,0.331052,0.390454][0.563818,0.340208,0][0.702747,0.279811,0.885432][0.821088,0.426477,0.379383][0.565339,0.373973,0][0.500797,0.35375,1.20191][0.821088,0.426477,0.379383][0.541827,0.372216,0][0.500797,0.35375,1.20191][0.821088,0.426477,0.379383][0.541827,0.372216,0][0.620704,-0.00563908,1.38388][0.863939,0.316447,0.391754][0.542356,0.339446,0][0.774284,-0.0590296,1.07402][0.859041,0.331052,0.390454][0.563818,0.340208,0][0.77297,-0.333079,1.15062][-0.482955,-0.135598,-0.865082][0.037617,0.876602,0][0.710869,-0.628789,1.14475][-0.534517,0.0659932,-0.842577][0.039285,0.864201,0][0.455392,-0.643559,1.32024][-0.533091,0.0664862,-0.843442][0.047023,0.864231,0][0.455392,-0.643559,1.32024][-0.533091,0.0664862,-0.843442][0.047023,0.864231,0][0.382311,-0.3578,1.36912][-0.483056,-0.135191,-0.86509][0.049061,0.876333,0][0.77297,-0.333079,1.15062][-0.482955,-0.135598,-0.865082][0.037617,0.876602,0][0.77297,-0.333079,1.15062][0.910327,-0.0082173,0.413808][0.560068,0.310414,0][0.655256,-0.287539,1.4217][0.911067,0.0209357,0.411727][0.542383,0.312011,0][0.63845,-0.589339,1.31607][0.887515,-0.192629,0.418581][0.542946,0.288199,0][0.63845,-0.589339,1.31607][0.887515,-0.192629,0.418581][0.542946,0.288199,0][0.710869,-0.628789,1.14475][0.887934,-0.190834,0.418516][0.555197,0.286788,0][0.77297,-0.333079,1.15062][0.910327,-0.0082173,0.413808][0.560068,0.310414,0][0.63845,-0.589339,1.31607][0.00616891,-0.27116,0.962514][0.542946,0.288199,0][0.655256,-0.287539,1.4217][-0.138574,-0.036349,0.989685][0.542383,0.312011,0][0.382311,-0.3578,1.36912][-0.127794,-0.059681,0.990003][0.526081,0.310302,0][0.382311,-0.3578,1.36912][-0.127794,-0.059681,0.990003][0.526081,0.310302,0][0.455392,-0.643559,1.32024][0.0165599,-0.274881,0.961336][0.53132,0.287256,0][0.63845,-0.589339,1.31607][0.00616891,-0.27116,0.962514][0.542946,0.288199,0][0.308096,1.05837,-0.446128][0.281411,-0.952689,0.114852][0.314277,0.871996,0][0.0779513,0.970771,-0.612479][0.282382,-0.952568,0.113466][0.3212,0.872028,0][0.415373,0.969371,-0.789601][0.148952,-0.94496,0.291315][0.317392,0.887233,0][0.17364,1.12397,-0.550516][0.384185,0.920928,0.065518][0.718702,0.499006,0][0.308096,1.05837,-0.446128][0.375492,0.923627,0.076931][0.728907,0.499831,0][0.415373,0.969371,-0.789601][0.483611,0.872076,-0.074862][0.720135,0.53748,0][0.415373,0.969371,-0.789601][-0.388314,0.543631,-0.744095][0.720135,0.53748,0][0.0779513,0.970771,-0.612479][-0.564553,0.594386,-0.5727][0.70795,0.500248,0][0.17364,1.12397,-0.550516][-0.551268,0.591598,-0.588316][0.718702,0.499006,0][-0.196089,0.86657,0.124398][-0.498446,-0.261034,0.826688][0.974674,0.96834,0][-0.35532,0.60517,-0.054139][-0.498446,-0.261034,0.826688][0.974222,0.970839,0][0.0937932,0.77867,0.271435][-0.498446,-0.261034,0.826688][0.974209,0.966045,0][-0.0784547,0.920071,-0.474174][-0.728351,0.59742,-0.335551][0.703399,0.479484,0][-0.215397,0.81867,-0.304142][-0.834516,0.544132,-0.086625][0.700358,0.456146,0][-0.0651877,1.07387,-0.167652][-0.823209,0.55444,-0.122161][0.719204,0.456453,0][-0.0651877,1.07387,-0.167652][-0.823209,0.55444,-0.122161][0.719204,0.456453,0][0.0478233,1.13447,-0.366236][-0.717544,0.599432,-0.3547][0.718971,0.478202,0][-0.0784547,0.920071,-0.474174][-0.728351,0.59742,-0.335551][0.703399,0.479484,0][-0.215397,0.81867,-0.304142][0.518661,-0.805442,-0.2868][0.323574,0.854279,0][-0.0784547,0.920071,-0.474174][0.416239,-0.904386,-0.093971][0.322544,0.863761,0][0.251547,1.04737,-0.234157][0.417965,-0.903281,-0.096898][0.312667,0.863637,0][0.251547,1.04737,-0.234157][0.417965,-0.903281,-0.096898][0.312667,0.863637,0][0.184137,0.972671,-0.0143981][0.519155,-0.804749,-0.287849][0.31153,0.854235,0][-0.215397,0.81867,-0.304142][0.518661,-0.805442,-0.2868][0.323574,0.854279,0][0.251547,1.04737,-0.234157][0.208081,0.931975,0.29686][0.733544,0.4794,0][0.0478233,1.13447,-0.366236][0.227701,0.934968,0.272006][0.718971,0.478202,0][-0.0651877,1.07387,-0.167652][0.0522173,0.87421,0.482732][0.719204,0.456453,0][-0.0651877,1.07387,-0.167652][0.0522173,0.87421,0.482732][0.719204,0.456453,0][0.184137,0.972671,-0.0143981][0.0230863,0.857183,0.514495][0.736958,0.456444,0][0.251547,1.04737,-0.234157][0.208081,0.931975,0.29686][0.733544,0.4794,0][-0.35532,0.60517,-0.054139][0.545461,-0.763341,-0.346097][0.324357,0.841083,0][-0.215397,0.81867,-0.304142][0.518661,-0.805442,-0.2868][0.323574,0.854279,0][0.184137,0.972671,-0.0143981][0.519155,-0.804749,-0.287849][0.31153,0.854235,0][0.184137,0.972671,-0.0143981][0.519155,-0.804749,-0.287849][0.31153,0.854235,0][0.0937932,0.77867,0.271435][0.545461,-0.763341,-0.346097][0.310817,0.841048,0][-0.35532,0.60517,-0.054139][0.545461,-0.763341,-0.346097][0.324357,0.841083,0][-0.196089,0.86657,0.124398][-0.0244957,0.825486,0.563891][0.719659,0.425264,0][0.0937932,0.77867,0.271435][-0.0244957,0.825486,0.563891][0.739283,0.424386,0][0.184137,0.972671,-0.0143981][0.0230863,0.857183,0.514495][0.736958,0.456444,0][0.184137,0.972671,-0.0143981][0.0230863,0.857183,0.514495][0.736958,0.456444,0][-0.0651877,1.07387,-0.167652][0.0522173,0.87421,0.482732][0.719204,0.456453,0][-0.196089,0.86657,0.124398][-0.0244957,0.825486,0.563891][0.719659,0.425264,0][-0.215397,0.81867,-0.304142][-0.834516,0.544132,-0.086625][0.700358,0.456146,0][-0.35532,0.60517,-0.054139][-0.852275,0.522714,-0.019955][0.699022,0.423729,0][-0.196089,0.86657,0.124398][-0.852275,0.522714,-0.019955][0.719659,0.425264,0][-0.196089,0.86657,0.124398][-0.852275,0.522714,-0.019955][0.719659,0.425264,0][-0.0651877,1.07387,-0.167652][-0.823209,0.55444,-0.122161][0.719204,0.456453,0][-0.215397,0.81867,-0.304142][-0.834516,0.544132,-0.086625][0.700358,0.456146,0][-0.0784547,0.920071,-0.474174][0.416239,-0.904386,-0.093971][0.322544,0.863761,0][0.0779513,0.970771,-0.612479][0.282382,-0.952568,0.113466][0.3212,0.872028,0][0.308096,1.05837,-0.446128][0.281411,-0.952689,0.114852][0.314277,0.871996,0][0.308096,1.05837,-0.446128][0.281411,-0.952689,0.114852][0.314277,0.871996,0][0.251547,1.04737,-0.234157][0.417965,-0.903281,-0.096898][0.312667,0.863637,0][-0.0784547,0.920071,-0.474174][0.416239,-0.904386,-0.093971][0.322544,0.863761,0][0.0779513,0.970771,-0.612479][-0.564553,0.594386,-0.5727][0.70795,0.500248,0][-0.0784547,0.920071,-0.474174][-0.728351,0.59742,-0.335551][0.703399,0.479484,0][0.0478233,1.13447,-0.366236][-0.717544,0.599432,-0.3547][0.718971,0.478202,0][0.0478233,1.13447,-0.366236][-0.717544,0.599432,-0.3547][0.718971,0.478202,0][0.17364,1.12397,-0.550516][-0.551268,0.591598,-0.588316][0.718702,0.499006,0][0.0779513,0.970771,-0.612479][-0.564553,0.594386,-0.5727][0.70795,0.500248,0][0.0478233,1.13447,-0.366236][0.227701,0.934968,0.272006][0.718971,0.478202,0][0.251547,1.04737,-0.234157][0.208081,0.931975,0.29686][0.733544,0.4794,0][0.308096,1.05837,-0.446128][0.375492,0.923627,0.076931][0.728907,0.499831,0][0.308096,1.05837,-0.446128][0.375492,0.923627,0.076931][0.728907,0.499831,0][0.17364,1.12397,-0.550516][0.384185,0.920928,0.065518][0.718702,0.499006,0][0.0478233,1.13447,-0.366236][0.227701,0.934968,0.272006][0.718971,0.478202,0][0.0735982,0.55397,0.780128][-0.178504,-0.97947,0.093675][0.871284,0.992107,0][-0.29406,0.649971,1.08314][-0.138719,-0.988822,0.054661][0.872397,0.97233,0][-0.654804,0.679871,0.708641][-0.140001,-0.988571,0.055914][0.885363,0.972369,0][-0.654804,0.679871,0.708641][-0.140001,-0.988571,0.055914][0.885363,0.972369,0][-0.347005,0.58897,0.344022][-0.178504,-0.97947,0.093675][0.886393,0.992137,0][0.0735982,0.55397,0.780128][-0.178504,-0.97947,0.093675][0.871284,0.992107,0][-0.833245,0.67607,1.0421][-0.0135083,-0.997695,-0.066503][0.882511,0.957604,0][-0.618448,0.658271,1.26532][-0.0138123,-0.99771,-0.066212][0.874785,0.957574,0][-1.03867,0.588171,1.43062][0.0963967,-0.98056,-0.170909][0.879024,0.940604,0][-0.124842,0.840971,0.557177][-0.382477,0.746794,-0.544068][0.640913,0.531691,0][-0.347005,0.58897,0.344022][-0.382477,0.746794,-0.544068][0.618851,0.532668,0][-0.654804,0.679871,0.708641][-0.463347,0.750117,-0.471841][0.622282,0.48423,0][-0.654804,0.679871,0.708641][-0.463347,0.750117,-0.471841][0.622282,0.48423,0][-0.456766,0.92747,0.885764][-0.468083,0.750035,-0.467275][0.641616,0.48494,0][-0.124842,0.840971,0.557177][-0.382477,0.746794,-0.544068][0.640913,0.531691,0][-0.719371,0.81037,1.15066][-0.626322,0.7278,-0.279334][0.642025,0.448791,0][-0.833245,0.67607,1.0421][-0.628716,0.727548,-0.274574][0.630554,0.447859,0][-1.03867,0.588171,1.43062][-0.66765,0.719784,-0.190144][0.640434,0.405538,0][-0.29406,0.649971,1.08314][0.508533,0.695981,0.506955][0.66222,0.484461,0][0.0735982,0.55397,0.780128][0.574561,0.692511,0.436243][0.664112,0.533427,0][-0.124842,0.840971,0.557177][0.57456,0.692511,0.436243][0.640913,0.531691,0][-0.124842,0.840971,0.557177][0.57456,0.692511,0.436243][0.640913,0.531691,0][-0.456766,0.92747,0.885764][0.507398,0.695984,0.508089][0.641616,0.48494,0][-0.29406,0.649971,1.08314][0.508533,0.695981,0.506955][0.66222,0.484461,0][-1.03867,0.588171,1.43062][0.175062,0.664155,0.726809][0.640434,0.405538,0][-0.618448,0.658271,1.26532][0.310439,0.680494,0.663744][0.654113,0.4474,0][-0.719371,0.81037,1.15066][0.317368,0.680929,0.66001][0.642025,0.448791,0][-0.29406,0.649971,1.08314][-0.138719,-0.988822,0.054661][0.872397,0.97233,0][-0.618448,0.658271,1.26532][-0.0138123,-0.99771,-0.066212][0.874785,0.957574,0][-0.833245,0.67607,1.0421][-0.0135083,-0.997695,-0.066503][0.882511,0.957604,0][-0.833245,0.67607,1.0421][-0.0135083,-0.997695,-0.066503][0.882511,0.957604,0][-0.654804,0.679871,0.708641][-0.140001,-0.988571,0.055914][0.885363,0.972369,0][-0.29406,0.649971,1.08314][-0.138719,-0.988822,0.054661][0.872397,0.97233,0][-0.29406,0.649971,1.08314][0.508533,0.695981,0.506955][0.66222,0.484461,0][-0.456766,0.92747,0.885764][0.507398,0.695984,0.508089][0.641616,0.48494,0][-0.719371,0.81037,1.15066][0.317368,0.680929,0.66001][0.642025,0.448791,0][-0.719371,0.81037,1.15066][0.317368,0.680929,0.66001][0.642025,0.448791,0][-0.618448,0.658271,1.26532][0.310439,0.680494,0.663744][0.654113,0.4474,0][-0.29406,0.649971,1.08314][0.508533,0.695981,0.506955][0.66222,0.484461,0][-0.719371,0.81037,1.15066][-0.626322,0.7278,-0.279334][0.642025,0.448791,0][-0.456766,0.92747,0.885764][-0.468083,0.750035,-0.467275][0.641616,0.48494,0][-0.654804,0.679871,0.708641][-0.463347,0.750117,-0.471841][0.622282,0.48423,0][-0.654804,0.679871,0.708641][-0.463347,0.750117,-0.471841][0.622282,0.48423,0][-0.833245,0.67607,1.0421][-0.628716,0.727548,-0.274574][0.630554,0.447859,0][-0.719371,0.81037,1.15066][-0.626322,0.7278,-0.279334][0.642025,0.448791,0][-0.124842,0.840971,0.557177][0.717305,-0.0442112,-0.695355][0.956259,0.967683,0][0.0735982,0.55397,0.780128][0.717305,-0.0442112,-0.695355][0.955705,0.970751,0][-0.347005,0.58897,0.344022][0.717305,-0.0442112,-0.695355][0.955689,0.964867,0][-0.187082,0.643671,0.771944][0.243547,-0.919608,-0.308231][0.438621,0.908635,0][-0.359587,0.495271,1.07844][0.236223,-0.923771,-0.301407][0.438968,0.902516,0][-0.762211,0.52857,0.660911][0.236259,-0.923751,-0.301441][0.453833,0.902556,0][-0.762211,0.52857,0.660911][0.236259,-0.923751,-0.301441][0.453833,0.902556,0][-0.441809,0.66477,0.507889][0.243547,-0.919608,-0.308231][0.454149,0.908673,0][-0.187082,0.643671,0.771944][0.243547,-0.919608,-0.308231][0.438621,0.908635,0][-1.11782,0.20184,1.18183][0.380886,-0.817474,-0.432045][0.450174,0.873179,0][-0.902996,0.18395,1.40504][0.380628,-0.817715,-0.431816][0.442235,0.873144,0][-1.25211,-0.0999289,1.48479][0.469676,-0.720785,-0.509778][0.446598,0.855705,0][-0.762211,0.52857,0.660911][-0.593584,0.736583,-0.324199][0.074155,0.242154,0][-0.65501,0.74417,0.964167][-0.6055,0.729666,-0.317738][0.051016,0.24267,0][-0.372862,0.795171,0.698366][-0.500311,0.782793,-0.370033][0.051244,0.227337,0][-0.372862,0.795171,0.698366][-0.500311,0.782793,-0.370033][0.051244,0.227337,0][-0.441809,0.66477,0.507889][-0.500311,0.782793,-0.370033][0.075277,0.226267,0][-0.762211,0.52857,0.660911][-0.593584,0.736583,-0.324199][0.074155,0.242154,0][-1.06154,0.316801,1.34432][-0.876832,0.477286,-0.057994][0.050052,0.317646,0][-1.11782,0.20184,1.18183][-0.878693,0.474328,-0.053963][0.062548,0.318658,0][-1.25211,-0.0999289,1.48479][-0.907153,0.420469,0.016704][0.051795,0.364763,0][-0.359587,0.495271,1.07844][0.334485,0.682721,0.649624][0.026595,0.241511,0][-0.187082,0.643671,0.771944][0.387874,0.730169,0.5625][0.025971,0.225452,0][-0.372862,0.795171,0.698366][0.387874,0.730169,0.5625][0.051244,0.227337,0][-0.372862,0.795171,0.698366][0.387874,0.730169,0.5625][0.051244,0.227337,0][-0.65501,0.74417,0.964167][0.327696,0.676354,0.659667][0.051016,0.24267,0][-0.359587,0.495271,1.07844][0.334485,0.682721,0.649624][0.026595,0.241511,0][-1.25211,-0.0999289,1.48479][-0.0679859,0.346437,0.935606][0.051795,0.364763,0][-0.902996,0.18395,1.40504][0.0464841,0.436406,0.898549][0.036883,0.319163,0][-1.06154,0.316801,1.34432][0.0524791,0.440867,0.896037][0.050052,0.317646,0][-0.611378,0.371631,1.27003][0.279315,-0.89772,-0.340708][0.439773,0.888309,0][-0.902996,0.18395,1.40504][0.380628,-0.817715,-0.431816][0.442235,0.873144,0][-1.11782,0.20184,1.18183][0.380886,-0.817474,-0.432045][0.450174,0.873179,0][-1.11782,0.20184,1.18183][0.380886,-0.817474,-0.432045][0.450174,0.873179,0][-0.972125,0.401481,0.895532][0.277953,-0.898612,-0.339468][0.4531,0.888355,0][-0.611378,0.371631,1.27003][0.279315,-0.89772,-0.340708][0.439773,0.888309,0][-0.611378,0.371631,1.27003][0.201976,0.567592,0.798151][0.028043,0.278793,0][-0.880384,0.617671,1.17254][0.200844,0.566648,0.799107][0.050488,0.278265,0][-1.06154,0.316801,1.34432][0.0524791,0.440867,0.896037][0.050052,0.317646,0][-1.06154,0.316801,1.34432][0.0524791,0.440867,0.896037][0.050052,0.317646,0][-0.902996,0.18395,1.40504][0.0464841,0.436406,0.898549][0.036883,0.319163,0][-0.611378,0.371631,1.27003][0.201976,0.567592,0.798151][0.028043,0.278793,0][-1.06154,0.316801,1.34432][-0.876832,0.477286,-0.057994][0.050052,0.317646,0][-0.880384,0.617671,1.17254][-0.769862,0.60832,-0.193029][0.050488,0.278265,0][-0.972125,0.401481,0.895532][-0.765622,0.612308,-0.197235][0.071551,0.279034,0][-0.972125,0.401481,0.895532][-0.765622,0.612308,-0.197235][0.071551,0.279034,0][-1.11782,0.20184,1.18183][-0.878693,0.474328,-0.053963][0.062548,0.318658,0][-1.06154,0.316801,1.34432][-0.876832,0.477286,-0.057994][0.050052,0.317646,0][-0.372862,0.795171,0.698366][0.640838,0.505336,-0.577895][0.962493,0.975992,0][-0.187082,0.643671,0.771944][0.640838,0.505336,-0.577895][0.962158,0.97785,0][-0.441809,0.66477,0.507889][0.640838,0.505336,-0.577895][0.962148,0.974287,0][-0.611378,0.371631,1.27003][0.201976,0.567592,0.798151][0.028043,0.278793,0][-0.359587,0.495271,1.07844][0.334485,0.682721,0.649624][0.026595,0.241511,0][-0.65501,0.74417,0.964167][0.327696,0.676354,0.659667][0.051016,0.24267,0][-0.65501,0.74417,0.964167][0.327696,0.676354,0.659667][0.051016,0.24267,0][-0.880384,0.617671,1.17254][0.200844,0.566648,0.799107][0.050488,0.278265,0][-0.611378,0.371631,1.27003][0.201976,0.567592,0.798151][0.028043,0.278793,0][-0.359587,0.495271,1.07844][0.236223,-0.923771,-0.301407][0.438968,0.902516,0][-0.611378,0.371631,1.27003][0.279315,-0.89772,-0.340708][0.439773,0.888309,0][-0.972125,0.401481,0.895532][0.277953,-0.898612,-0.339468][0.4531,0.888355,0][-0.972125,0.401481,0.895532][0.277953,-0.898612,-0.339468][0.4531,0.888355,0][-0.762211,0.52857,0.660911][0.236259,-0.923751,-0.301441][0.453833,0.902556,0][-0.359587,0.495271,1.07844][0.236223,-0.923771,-0.301407][0.438968,0.902516,0][-0.65501,0.74417,0.964167][-0.6055,0.729666,-0.317738][0.051016,0.24267,0][-0.762211,0.52857,0.660911][-0.593584,0.736583,-0.324199][0.074155,0.242154,0][-0.972125,0.401481,0.895532][-0.765622,0.612308,-0.197235][0.071551,0.279034,0][-0.972125,0.401481,0.895532][-0.765622,0.612308,-0.197235][0.071551,0.279034,0][-0.880384,0.617671,1.17254][-0.769862,0.60832,-0.193029][0.050488,0.278265,0][-0.65501,0.74417,0.964167][-0.6055,0.729666,-0.317738][0.051016,0.24267,0][-0.763676,0.299311,0.966893][0.844964,-0.3454,-0.408332][0.341619,0.906909,0][-0.780802,0.11052,1.09122][0.815203,-0.414374,-0.404645][0.342028,0.8997,0][-1.00484,0.18004,0.568717][0.815883,-0.412934,-0.404747][0.355124,0.899737,0][-1.00484,0.18004,0.568717][0.815883,-0.412934,-0.404747][0.355124,0.899737,0][-0.894597,0.339861,0.661734][0.844964,-0.3454,-0.408332][0.355496,0.906943,0][-0.763676,0.299311,0.966893][0.844964,-0.3454,-0.408332][0.341619,0.906909,0][-1.18452,-0.44158,0.71927][0.885282,-0.2217,-0.408809][0.351944,0.875225,0][-1.06328,-0.479509,1.00238][0.885176,-0.222107,-0.408818][0.344849,0.875194,0][-1.17762,-0.879669,0.813638][0.913344,-0.0719593,-0.40078][0.348749,0.85961,0][-1.00484,0.18004,0.568717][-0.811216,0.469874,-0.348061][0.918833,0.692898,0][-1.12601,0.229421,0.92959][-0.819209,0.454198,-0.350142][0.939434,0.692599,0][-0.959545,0.364731,0.869707][-0.676361,0.668813,-0.308587][0.939157,0.71082,0][-0.959545,0.364731,0.869707][-0.676361,0.668813,-0.308587][0.939157,0.71082,0][-0.894597,0.339861,0.661734][-0.676361,0.668813,-0.308587][0.917493,0.711776,0][-1.00484,0.18004,0.568717][-0.811216,0.469874,-0.348061][0.918833,0.692898,0][-1.24956,-0.416579,0.914028][-0.941706,0.0128513,-0.336191][0.940262,0.629413,0][-1.18452,-0.44158,0.71927][-0.942306,0.00777731,-0.334661][0.928997,0.628497,0][-1.17762,-0.879669,0.813638][-0.948461,-0.0809217,-0.306388][0.938706,0.58694,0][-0.763676,0.299311,0.966893][-0.191572,0.564738,0.802727][0.961938,0.712527,0][-0.959545,0.364731,0.869707][-0.191572,0.564738,0.802727][0.939157,0.71082,0][-1.12601,0.229421,0.92959][-0.298188,0.319647,0.899394][0.939434,0.692599,0][-1.12601,0.229421,0.92959][-0.298188,0.319647,0.899394][0.939434,0.692599,0][-0.780802,0.11052,1.09122][-0.294849,0.3287,0.897229][0.961204,0.693443,0][-0.763676,0.299311,0.966893][-0.191572,0.564738,0.802727][0.961938,0.712527,0][-1.17762,-0.879669,0.813638][-0.483545,-0.256537,0.836883][0.938706,0.58694,0][-1.06328,-0.479509,1.00238][-0.441572,-0.121986,0.888895][0.952132,0.628049,0][-1.24956,-0.416579,0.914028][-0.439087,-0.114829,0.891076][0.940262,0.629413,0][-0.921678,-0.14652,1.08933][0.837047,-0.365248,-0.407365][0.34265,0.888745,0][-1.06328,-0.479509,1.00238][0.885176,-0.222107,-0.408818][0.344849,0.875194,0][-1.18452,-0.44158,0.71927][0.885282,-0.2217,-0.408809][0.351944,0.875225,0][-1.18452,-0.44158,0.71927][0.885282,-0.2217,-0.408809][0.351944,0.875225,0][-1.12525,-0.0831289,0.614125][0.836237,-0.367194,-0.407279][0.354558,0.888787,0][-0.921678,-0.14652,1.08933][0.837047,-0.365248,-0.407365][0.34265,0.888745,0][-0.921678,-0.14652,1.08933][-0.37984,0.0821271,0.921399][0.960088,0.664444,0][-1.2515,-0.0272989,0.950027][-0.380382,0.0804231,0.921326][0.939855,0.664911,0][-1.24956,-0.416579,0.914028][-0.439087,-0.114829,0.891076][0.940262,0.629413,0][-1.24956,-0.416579,0.914028][-0.439087,-0.114829,0.891076][0.940262,0.629413,0][-1.06328,-0.479509,1.00238][-0.441572,-0.121986,0.888895][0.952132,0.628049,0][-0.921678,-0.14652,1.08933][-0.37984,0.0821271,0.921399][0.960088,0.664444,0][-1.24956,-0.416579,0.914028][-0.941706,0.0128513,-0.336191][0.940262,0.629413,0][-1.2515,-0.0272989,0.950027][-0.909349,0.212834,-0.357472][0.939855,0.664911,0][-1.12525,-0.0831289,0.614125][-0.907542,0.219904,-0.357785][0.920869,0.664211,0][-1.12525,-0.0831289,0.614125][-0.907542,0.219904,-0.357785][0.920869,0.664211,0][-1.18452,-0.44158,0.71927][-0.942306,0.00777731,-0.334661][0.928997,0.628497,0][-1.24956,-0.416579,0.914028][-0.941706,0.0128513,-0.336191][0.940262,0.629413,0][-0.959545,0.364731,0.869707][0.32237,0.946531,-0.012524][0.95332,0.975594,0][-0.763676,0.299311,0.966893][0.32237,0.946531,-0.012524][0.953015,0.977285,0][-0.894597,0.339861,0.661734][0.32237,0.946531,-0.012524][0.953006,0.974042,0][-0.921678,-0.14652,1.08933][-0.37984,0.0821271,0.921399][0.960088,0.664444,0][-0.780802,0.11052,1.09122][-0.294849,0.3287,0.897229][0.961204,0.693443,0][-1.12601,0.229421,0.92959][-0.298188,0.319647,0.899394][0.939434,0.692599,0][-1.12601,0.229421,0.92959][-0.298188,0.319647,0.899394][0.939434,0.692599,0][-1.2515,-0.0272989,0.950027][-0.380382,0.0804231,0.921326][0.939855,0.664911,0][-0.921678,-0.14652,1.08933][-0.37984,0.0821271,0.921399][0.960088,0.664444,0][-0.780802,0.11052,1.09122][0.815203,-0.414374,-0.404645][0.342028,0.8997,0][-0.921678,-0.14652,1.08933][0.837047,-0.365248,-0.407365][0.34265,0.888745,0][-1.12525,-0.0831289,0.614125][0.836237,-0.367194,-0.407279][0.354558,0.888787,0][-1.12525,-0.0831289,0.614125][0.836237,-0.367194,-0.407279][0.354558,0.888787,0][-1.00484,0.18004,0.568717][0.815883,-0.412934,-0.404747][0.355124,0.899737,0][-0.780802,0.11052,1.09122][0.815203,-0.414374,-0.404645][0.342028,0.8997,0][-1.12601,0.229421,0.92959][-0.819209,0.454198,-0.350142][0.939434,0.692599,0][-1.00484,0.18004,0.568717][-0.811216,0.469874,-0.348061][0.918833,0.692898,0][-1.12525,-0.0831289,0.614125][-0.907542,0.219904,-0.357785][0.920869,0.664211,0][-1.12525,-0.0831289,0.614125][-0.907542,0.219904,-0.357785][0.920869,0.664211,0][-1.2515,-0.0272989,0.950027][-0.909349,0.212834,-0.357472][0.939855,0.664911,0][-1.12601,0.229421,0.92959][-0.819209,0.454198,-0.350142][0.939434,0.692599,0][-0.529549,1.13347,0.432227][-0.0893883,-0.988104,0.125145][0.693468,0.969971,0][-0.19839,1.12867,0.633097][-0.0904503,-0.98778,0.126921][0.700821,0.970004,0][-0.534567,1.12527,0.780864][-0.000281326,-0.999722,-0.023601][0.696776,0.986154,0][-0.397468,1.25337,0.574751][-0.61666,0.781566,-0.094266][0.379591,0.456401,0][-0.529549,1.13347,0.432227][-0.593135,0.794549,-0.129935][0.368922,0.45554,0][-0.534567,1.12527,0.780864][-0.676524,0.736381,0.007644][0.378093,0.416175,0][-0.534567,1.12527,0.780864][0.270213,0.726824,0.631436][0.378093,0.416175,0][-0.19839,1.12867,0.633097][0.400207,0.814355,0.42031][0.390834,0.455103,0][-0.397468,1.25337,0.574751][0.369209,0.797118,0.477795][0.379591,0.456401,0][-0.0792477,0.91547,0.00951594][0.469064,-0.425236,-0.77405][0.948303,0.967575,0][0.202099,0.698971,0.298931][0.469064,-0.425236,-0.77405][0.947723,0.970783,0][-0.444523,0.70417,-0.095761][0.469064,-0.425236,-0.77405][0.947706,0.964629,0][-0.0468477,1.09167,0.530583][0.605782,0.794442,0.043485][0.395592,0.476813,0][0.0862213,0.958671,0.412865][0.738915,0.601624,-0.303403][0.398772,0.501214,0][-0.200113,1.19587,0.212866][0.717113,0.657734,-0.230509][0.379067,0.500893,0][-0.200113,1.19587,0.212866][0.717113,0.657734,-0.230509][0.379067,0.500893,0][-0.302041,1.28697,0.39577][0.569167,0.812802,0.124105][0.379311,0.478154,0][-0.0468477,1.09167,0.530583][0.605782,0.794442,0.043485][0.395592,0.476813,0][0.0862213,0.958671,0.412865][-0.415199,-0.613899,0.67137][0.703343,0.951151,0][-0.0468477,1.09167,0.530583][-0.275785,-0.856268,0.436747][0.702248,0.961223,0][-0.522192,1.09707,0.239992][-0.279399,-0.851967,0.442819][0.691758,0.961091,0][-0.522192,1.09707,0.239992][-0.279399,-0.851967,0.442819][0.691758,0.961091,0][-0.488928,0.96327,0.0617439][-0.416076,-0.611674,0.672856][0.69055,0.951104,0][0.0862213,0.958671,0.412865][-0.415199,-0.613899,0.67137][0.703343,0.951151,0][-0.522192,1.09707,0.239992][-0.357693,0.791244,-0.495973][0.364074,0.476901,0][-0.302041,1.28697,0.39577][-0.428841,0.808924,-0.402165][0.379311,0.478154,0][-0.200113,1.19587,0.212866][-0.160455,0.663504,-0.730765][0.379067,0.500893,0][-0.200113,1.19587,0.212866][-0.160455,0.663504,-0.730765][0.379067,0.500893,0][-0.488928,0.96327,0.0617439][-0.0946788,0.600337,-0.794123][0.360505,0.500902,0][-0.522192,1.09707,0.239992][-0.357693,0.791244,-0.495973][0.364074,0.476901,0][0.202099,0.698971,0.298931][-0.448285,-0.519283,0.727589][0.704175,0.937134,0][0.0862213,0.958671,0.412865][-0.415199,-0.613899,0.67137][0.703343,0.951151,0][-0.488928,0.96327,0.0617439][-0.416076,-0.611674,0.672856][0.69055,0.951104,0][-0.488928,0.96327,0.0617439][-0.416076,-0.611674,0.672856][0.69055,0.951104,0][-0.444523,0.70417,-0.095761][-0.448285,-0.519283,0.727589][0.689792,0.937097,0][0.202099,0.698971,0.298931][-0.448285,-0.519283,0.727589][0.704175,0.937134,0][-0.0792477,0.91547,0.00951594][-0.0429648,0.546364,-0.836445][0.378591,0.533504,0][-0.444523,0.70417,-0.095761][-0.0429648,0.546364,-0.836445][0.358073,0.534422,0][-0.488928,0.96327,0.0617439][-0.0946788,0.600337,-0.794123][0.360505,0.500902,0][-0.488928,0.96327,0.0617439][-0.0946788,0.600337,-0.794123][0.360505,0.500902,0][-0.200113,1.19587,0.212866][-0.160455,0.663504,-0.730765][0.379067,0.500893,0][-0.0792477,0.91547,0.00951594][-0.0429648,0.546364,-0.836445][0.378591,0.533504,0][0.0862213,0.958671,0.412865][0.738915,0.601624,-0.303403][0.398772,0.501214,0][0.202099,0.698971,0.298931][0.753014,0.545903,-0.367369][0.400169,0.535108,0][-0.0792477,0.91547,0.00951594][0.753014,0.545903,-0.367369][0.378591,0.533504,0][-0.0792477,0.91547,0.00951594][0.753014,0.545903,-0.367369][0.378591,0.533504,0][-0.200113,1.19587,0.212866][0.717113,0.657734,-0.230509][0.379067,0.500893,0][0.0862213,0.958671,0.412865][0.738915,0.601624,-0.303403][0.398772,0.501214,0][-0.0468477,1.09167,0.530583][-0.275785,-0.856268,0.436747][0.702248,0.961223,0][-0.19839,1.12867,0.633097][-0.0904503,-0.98778,0.126921][0.700821,0.970004,0][-0.529549,1.13347,0.432227][-0.0893883,-0.988104,0.125145][0.693468,0.969971,0][-0.529549,1.13347,0.432227][-0.0893883,-0.988104,0.125145][0.693468,0.969971,0][-0.522192,1.09707,0.239992][-0.279399,-0.851967,0.442819][0.691758,0.961091,0][-0.0468477,1.09167,0.530583][-0.275785,-0.856268,0.436747][0.702248,0.961223,0][-0.19839,1.12867,0.633097][0.400207,0.814355,0.42031][0.390834,0.455103,0][-0.0468477,1.09167,0.530583][0.605782,0.794442,0.043485][0.395592,0.476813,0][-0.302041,1.28697,0.39577][0.569167,0.812802,0.124105][0.379311,0.478154,0][-0.302041,1.28697,0.39577][0.569167,0.812802,0.124105][0.379311,0.478154,0][-0.397468,1.25337,0.574751][0.369209,0.797118,0.477795][0.379591,0.456401,0][-0.19839,1.12867,0.633097][0.400207,0.814355,0.42031][0.390834,0.455103,0][-0.302041,1.28697,0.39577][-0.428841,0.808924,-0.402165][0.379311,0.478154,0][-0.522192,1.09707,0.239992][-0.357693,0.791244,-0.495973][0.364074,0.476901,0][-0.529549,1.13347,0.432227][-0.593135,0.794549,-0.129935][0.368922,0.45554,0][-0.529549,1.13347,0.432227][-0.593135,0.794549,-0.129935][0.368922,0.45554,0][-0.397468,1.25337,0.574751][-0.61666,0.781566,-0.094266][0.379591,0.456401,0][-0.302041,1.28697,0.39577][-0.428841,0.808924,-0.402165][0.379311,0.478154,0][-1.19974,-0.0428391,-0.371837][0.936215,-0.334419,0.108005][0.242573,0.880809,0][-1.25,-0.11284,-0.150287][0.936284,-0.334196,0.108103][0.236794,0.880782,0][-1.30605,-0.318199,-0.367451][0.928934,-0.35706,0.097931][0.239973,0.868089,0][-1.31016,-0.095789,-0.29174][-0.643019,0.247909,-0.724615][0.439427,0.742571,0][-1.19974,-0.0428391,-0.371837][-0.643313,0.252645,-0.722717][0.431169,0.741904,0][-1.30605,-0.318199,-0.367451][-0.642233,0.236324,-0.72917][0.438268,0.711437,0][-1.30605,-0.318199,-0.367451][-0.916791,-0.143793,0.372582][0.438268,0.711437,0][-1.25,-0.11284,-0.150287][-0.920685,-0.0629537,0.385196][0.448128,0.741566,0][-1.31016,-0.095789,-0.29174][-0.920216,-0.0856887,0.381916][0.439427,0.742571,0][-1.06569,0.522771,-0.050978][0.0431123,0.949163,0.31182][0.971979,0.976142,0][-0.972395,0.435471,0.20206][0.0431123,0.949163,0.31182][0.971618,0.978143,0][-0.871049,0.57287,-0.23037][0.0431123,0.949163,0.31182][0.971607,0.974305,0][-1.21224,0.0338402,-0.044421][-0.899484,0.128418,0.417657][0.451812,0.758369,0][-1.12253,0.203171,0.06563][-0.85917,0.279049,0.428905][0.454272,0.777255,0][-1.22596,0.25796,-0.17231][-0.867775,0.252257,0.428174][0.439021,0.777007,0][-1.22596,0.25796,-0.17231][-0.867775,0.252257,0.428174][0.439021,0.777007,0][-1.29785,0.0746002,-0.242504][-0.907969,0.0822813,0.410879][0.43921,0.759407,0][-1.21224,0.0338402,-0.044421][-0.899484,0.128418,0.417657][0.451812,0.758369,0][-1.12253,0.203171,0.06563][0.846589,-0.531463,0.028881][0.234812,0.8956,0][-1.21224,0.0338402,-0.044421][0.895272,-0.44042,0.067224][0.235672,0.887685,0][-1.13867,0.135421,-0.362519][0.894325,-0.442465,0.06639][0.243917,0.887787,0][-1.13867,0.135421,-0.362519][0.894325,-0.442465,0.06639][0.243917,0.887787,0][-1.03234,0.32559,-0.31896][0.846421,-0.531738,0.028762][0.244866,0.895637,0][-1.12253,0.203171,0.06563][0.846589,-0.531463,0.028881][0.234812,0.8956,0][-1.13867,0.135421,-0.362519][-0.639408,0.43138,-0.63645][0.427417,0.758437,0][-1.29785,0.0746002,-0.242504][-0.643297,0.378621,-0.665443][0.43921,0.759407,0][-1.22596,0.25796,-0.17231][-0.624675,0.545268,-0.558985][0.439021,0.777007,0][-1.22596,0.25796,-0.17231][-0.624675,0.545268,-0.558985][0.439021,0.777007,0][-1.03234,0.32559,-0.31896][-0.619682,0.572246,-0.537149][0.424654,0.777014,0][-1.13867,0.135421,-0.362519][-0.639408,0.43138,-0.63645][0.427417,0.758437,0][-0.972395,0.435471,0.20206][0.834138,-0.551185,0.020226][0.234158,0.906617,0][-1.12253,0.203171,0.06563][0.846589,-0.531463,0.028881][0.234812,0.8956,0][-1.03234,0.32559,-0.31896][0.846421,-0.531738,0.028762][0.244866,0.895637,0][-1.03234,0.32559,-0.31896][0.846421,-0.531738,0.028762][0.244866,0.895637,0][-0.871049,0.57287,-0.23037][0.834138,-0.551185,0.020226][0.245462,0.906646,0][-0.972395,0.435471,0.20206][0.834138,-0.551185,0.020226][0.234158,0.906617,0][-1.06569,0.522771,-0.050978][-0.614256,0.597126,-0.515878][0.438653,0.802246,0][-0.871049,0.57287,-0.23037][-0.614256,0.597126,-0.515878][0.422772,0.802957,0][-1.03234,0.32559,-0.31896][-0.619682,0.572246,-0.537149][0.424654,0.777014,0][-1.03234,0.32559,-0.31896][-0.619682,0.572246,-0.537149][0.424654,0.777014,0][-1.22596,0.25796,-0.17231][-0.624675,0.545268,-0.558985][0.439021,0.777007,0][-1.06569,0.522771,-0.050978][-0.614256,0.597126,-0.515878][0.438653,0.802246,0][-1.12253,0.203171,0.06563][-0.85917,0.279049,0.428905][0.454272,0.777255,0][-0.972395,0.435471,0.20206][-0.849154,0.307617,0.429312][0.455353,0.803488,0][-1.06569,0.522771,-0.050978][-0.849154,0.307617,0.429312][0.438653,0.802246,0][-1.06569,0.522771,-0.050978][-0.849154,0.307617,0.429312][0.438653,0.802246,0][-1.22596,0.25796,-0.17231][-0.867775,0.252257,0.428174][0.439021,0.777007,0][-1.12253,0.203171,0.06563][-0.85917,0.279049,0.428905][0.454272,0.777255,0][-1.21224,0.0338402,-0.044421][0.895272,-0.44042,0.067224][0.235672,0.887685,0][-1.25,-0.11284,-0.150287][0.936284,-0.334196,0.108103][0.236794,0.880782,0][-1.19974,-0.0428391,-0.371837][0.936215,-0.334419,0.108005][0.242573,0.880809,0][-1.19974,-0.0428391,-0.371837][0.936215,-0.334419,0.108005][0.242573,0.880809,0][-1.13867,0.135421,-0.362519][0.894325,-0.442465,0.06639][0.243917,0.887787,0][-1.21224,0.0338402,-0.044421][0.895272,-0.44042,0.067224][0.235672,0.887685,0][-1.25,-0.11284,-0.150287][-0.920685,-0.0629537,0.385196][0.448128,0.741566,0][-1.21224,0.0338402,-0.044421][-0.899484,0.128418,0.417657][0.451812,0.758369,0][-1.29785,0.0746002,-0.242504][-0.907969,0.0822813,0.410879][0.43921,0.759407,0][-1.29785,0.0746002,-0.242504][-0.907969,0.0822813,0.410879][0.43921,0.759407,0][-1.31016,-0.095789,-0.29174][-0.920216,-0.0856887,0.381916][0.439427,0.742571,0][-1.25,-0.11284,-0.150287][-0.920685,-0.0629537,0.385196][0.448128,0.741566,0][-1.29785,0.0746002,-0.242504][-0.643297,0.378621,-0.665443][0.43921,0.759407,0][-1.13867,0.135421,-0.362519][-0.639408,0.43138,-0.63645][0.427417,0.758437,0][-1.19974,-0.0428391,-0.371837][-0.643313,0.252645,-0.722717][0.431169,0.741904,0][-1.19974,-0.0428391,-0.371837][-0.643313,0.252645,-0.722717][0.431169,0.741904,0][-1.31016,-0.095789,-0.29174][-0.643019,0.247909,-0.724615][0.439427,0.742571,0][-1.29785,0.0746002,-0.242504][-0.643297,0.378621,-0.665443][0.43921,0.759407,0][-0.0961363,-0.722989,1.38473][0.057334,0.095364,-0.99379][0.988857,0.481367,0][0.119802,-0.75412,1.39729][0.058249,0.099688,-0.993312][0.982532,0.481343,0][-0.0615654,-1.08834,1.28032][0.0961521,0.281903,-0.954613][0.986002,0.467447,0][0.00676674,-0.72551,1.45363][-0.545592,-0.189339,0.816382][0.75194,0.641592,0][-0.0961363,-0.722989,1.38473][-0.545331,-0.194701,0.815295][0.76054,0.642293,0][-0.0615654,-1.08834,1.28032][-0.539077,-0.278198,0.794985][0.753124,0.674022,0][-0.0615654,-1.08834,1.28032][0.301612,-0.456585,0.836995][0.753124,0.674022,0][0.119802,-0.75412,1.39729][0.405649,-0.234004,0.883567][0.742875,0.642632,0][0.00676674,-0.72551,1.45363][0.415836,-0.207873,0.885364][0.75194,0.641592,0][0.044042,0.060421,1.33617][0.0431693,0.980559,-0.191417][0.959842,0.976108,0][0.269248,0.0287008,1.22448][0.0431693,0.980559,-0.191417][0.959531,0.977832,0][-0.15907,0.0450802,1.21176][0.0431693,0.980559,-0.191417][0.959522,0.974526,0][0.197437,-0.31434,1.37365][0.487405,0.233114,0.841483][0.736689,0.608433,0][0.00075889,-0.276199,1.48301][0.488271,0.225244,0.843123][0.752347,0.608294,0][-0.00421216,-0.42913,1.50097][0.475397,-0.0198192,0.879548][0.752186,0.620208,0][-0.00421216,-0.42913,1.50097][0.475397,-0.0198192,0.879548][0.752186,0.620208,0][0.170986,-0.46548,1.40267][0.472457,-0.0313532,0.880796][0.738116,0.620848,0][0.197437,-0.31434,1.37365][0.487405,0.233114,0.841483][0.736689,0.608433,0][0.170986,-0.46548,1.40267][0.032785,-0.074896,-0.996652][0.980806,0.492156,0][-0.162047,-0.45019,1.39309][0.032115,-0.081708,-0.996139][0.990625,0.49212,0][-0.1758,-0.299789,1.3624][0.0141579,-0.351452,-0.936099][0.991271,0.496285,0][-0.1758,-0.299789,1.3624][0.0141579,-0.351452,-0.936099][0.991271,0.496285,0][0.197437,-0.31434,1.37365][0.0140289,-0.354379,-0.934997][0.980487,0.496252,0][0.170986,-0.46548,1.40267][0.032785,-0.074896,-0.996652][0.980806,0.492156,0][-0.162047,-0.45019,1.39309][-0.562211,-0.0393108,0.826059][0.76527,0.621044,0][-0.00421216,-0.42913,1.50097][-0.56262,-0.0351658,0.825967][0.752186,0.620208,0][0.00075889,-0.276199,1.48301][-0.544073,0.310393,0.779513][0.752347,0.608294,0][0.00075889,-0.276199,1.48301][-0.544073,0.310393,0.779513][0.752347,0.608294,0][-0.1758,-0.299789,1.3624][-0.54331,0.314212,0.778515][0.767073,0.608667,0][-0.162047,-0.45019,1.39309][-0.562211,-0.0393108,0.826059][0.76527,0.621044,0][-0.15907,0.0450802,1.21176][0.0119329,-0.400798,-0.916089][0.992037,0.509642,0][0.269248,0.0287008,1.22448][0.0119329,-0.400798,-0.916089][0.979666,0.509618,0][0.197437,-0.31434,1.37365][0.0140289,-0.354379,-0.934997][0.980487,0.496252,0][0.197437,-0.31434,1.37365][0.0140289,-0.354379,-0.934997][0.980487,0.496252,0][-0.1758,-0.299789,1.3624][0.0141579,-0.351452,-0.936099][0.991271,0.496285,0][-0.15907,0.0450802,1.21176][0.0119329,-0.400798,-0.916089][0.992037,0.509642,0][0.044042,0.060421,1.33617][-0.529041,0.378188,0.759664][0.752788,0.579435,0][-0.15907,0.0450802,1.21176][-0.529041,0.378188,0.759664][0.76933,0.578706,0][-0.1758,-0.299789,1.3624][-0.54331,0.314212,0.778515][0.767073,0.608667,0][-0.1758,-0.299789,1.3624][-0.54331,0.314212,0.778515][0.767073,0.608667,0][0.00075889,-0.276199,1.48301][-0.544073,0.310393,0.779513][0.752347,0.608294,0][0.044042,0.060421,1.33617][-0.529041,0.378188,0.759664][0.752788,0.579435,0][0.197437,-0.31434,1.37365][0.487405,0.233114,0.841483][0.736689,0.608433,0][0.269248,0.0287008,1.22448][0.481526,0.28013,0.830458][0.735394,0.578129,0][0.044042,0.060421,1.33617][0.481526,0.28013,0.830458][0.752788,0.579435,0][0.044042,0.060421,1.33617][0.481526,0.28013,0.830458][0.752788,0.579435,0][0.00075889,-0.276199,1.48301][0.488271,0.225244,0.843123][0.752347,0.608294,0][0.197437,-0.31434,1.37365][0.487405,0.233114,0.841483][0.736689,0.608433,0][0.170986,-0.46548,1.40267][0.032785,-0.074896,-0.996652][0.980806,0.492156,0][0.119802,-0.75412,1.39729][0.058249,0.099688,-0.993312][0.982532,0.481343,0][-0.0961363,-0.722989,1.38473][0.057334,0.095364,-0.99379][0.988857,0.481367,0][-0.0961363,-0.722989,1.38473][0.057334,0.095364,-0.99379][0.988857,0.481367,0][-0.162047,-0.45019,1.39309][0.032115,-0.081708,-0.996139][0.990625,0.49212,0][0.170986,-0.46548,1.40267][0.032785,-0.074896,-0.996652][0.980806,0.492156,0][0.170986,-0.46548,1.40267][0.472457,-0.0313532,0.880796][0.738116,0.620848,0][-0.00421216,-0.42913,1.50097][0.475397,-0.0198192,0.879548][0.752186,0.620208,0][0.00676674,-0.72551,1.45363][0.415836,-0.207873,0.885364][0.75194,0.641592,0][0.00676674,-0.72551,1.45363][0.415836,-0.207873,0.885364][0.75194,0.641592,0][0.119802,-0.75412,1.39729][0.405649,-0.234004,0.883567][0.742875,0.642632,0][0.170986,-0.46548,1.40267][0.472457,-0.0313532,0.880796][0.738116,0.620848,0][-0.00421216,-0.42913,1.50097][-0.56262,-0.0351658,0.825967][0.752186,0.620208,0][-0.162047,-0.45019,1.39309][-0.562211,-0.0393108,0.826059][0.76527,0.621044,0][-0.0961363,-0.722989,1.38473][-0.545331,-0.194701,0.815295][0.76054,0.642293,0][-0.0961363,-0.722989,1.38473][-0.545331,-0.194701,0.815295][0.76054,0.642293,0][0.00676674,-0.72551,1.45363][-0.545592,-0.189339,0.816382][0.75194,0.641592,0][-0.00421216,-0.42913,1.50097][-0.56262,-0.0351658,0.825967][0.752186,0.620208,0][0.683723,0.93607,0.633048][0.243783,-0.776461,-0.581101][0.601465,0.951041,0][0.758687,1.17327,0.348629][0.245616,-0.776336,-0.580496][0.593814,0.951003,0][1.14576,0.99697,0.577646][0.0253587,-0.771074,-0.636241][0.598031,0.9342,0][0.6366,1.15837,0.563838][-0.104761,0.285783,0.952551][0.780649,0.454576,0][0.683723,0.93607,0.633048][-0.0769399,0.290298,0.953838][0.769096,0.453642,0][1.14576,0.99697,0.577646][0.0727171,0.310485,0.947793][0.779031,0.411016,0][1.14576,0.99697,0.577646][0.288605,0.929943,0.227844][0.779031,0.411016,0][0.758687,1.17327,0.348629][0.119936,0.982399,0.143207][0.792823,0.453171,0][0.6366,1.15837,0.563838][0.0909723,0.987547,0.128358][0.780649,0.454576,0][0.0609482,0.762871,0.106456][-0.343484,-0.671811,-0.656269][0.973352,0.976121,0][0.230366,0.906971,-0.129789][-0.343484,-0.671811,-0.656269][0.972977,0.978196,0][0.129375,0.531971,0.306958][-0.343484,-0.671811,-0.656269][0.972966,0.974217,0][0.570305,1.18537,0.20975][-0.254109,0.967016,-0.017574][0.797974,0.476681,0][0.407864,1.12707,0.0492859][-0.487632,0.867025,-0.102384][0.801415,0.503105,0][0.24316,1.04437,0.38952][-0.465526,0.879621,-0.09774][0.780078,0.502755,0][0.24316,1.04437,0.38952][-0.465526,0.879621,-0.09774][0.780078,0.502755,0][0.374784,1.15797,0.508983][-0.261114,0.965093,-0.020353][0.780343,0.478131,0][0.570305,1.18537,0.20975][-0.254109,0.967016,-0.017574][0.797974,0.476681,0][0.407864,1.12707,0.0492859][0.721886,-0.612053,-0.322911][0.591181,0.970618,0][0.570305,1.18537,0.20975][0.538508,-0.713615,-0.448065][0.592324,0.96014,0][0.460009,0.845571,0.6193][0.543409,-0.711724,-0.445146][0.60324,0.960281,0][0.460009,0.845571,0.6193][0.543409,-0.711724,-0.445146][0.60324,0.960281,0][0.275231,0.71617,0.544847][0.723936,-0.610491,-0.321274][0.604492,0.970673,0][0.407864,1.12707,0.0492859][0.721886,-0.612053,-0.322911][0.591181,0.970618,0][0.460009,0.845571,0.6193][-0.44067,0.238962,0.865279][0.763843,0.476773,0][0.374784,1.15797,0.508983][-0.433667,0.240156,0.86848][0.780343,0.478131,0][0.24316,1.04437,0.38952][-0.794963,0.165833,0.583552][0.780078,0.502755,0][0.24316,1.04437,0.38952][-0.794963,0.165833,0.583552][0.780078,0.502755,0][0.275231,0.71617,0.544847][-0.818028,0.159331,0.55267][0.759976,0.502764,0][0.460009,0.845571,0.6193][-0.44067,0.238962,0.865279][0.763843,0.476773,0][0.230366,0.906971,-0.129789][0.871268,-0.453813,-0.186938][0.590308,0.985202,0][0.322417,1.03927,-0.0247331][0.853612,-0.479965,-0.202437][0.590809,0.976831,0][0.2131,0.637671,0.443511][0.853747,-0.479773,-0.202323][0.604825,0.976882,0][0.2131,0.637671,0.443511][0.853747,-0.479773,-0.202323][0.604825,0.976882,0][0.129375,0.531971,0.306958][0.871268,-0.453813,-0.186938][0.605273,0.985249,0][0.230366,0.906971,-0.129789][0.871268,-0.453813,-0.186938][0.590308,0.985202,0][0.0609482,0.762871,0.106456][-0.861565,0.204231,0.464754][0.779559,0.538068,0][0.129375,0.531971,0.306958][-0.861565,0.204231,0.464754][0.75734,0.53906,0][0.2131,0.637671,0.443511][-0.895476,0.164314,0.41367][0.758853,0.518225,0][0.2131,0.637671,0.443511][-0.895476,0.164314,0.41367][0.758853,0.518225,0][0.177645,0.993871,0.193465][-0.897518,0.161684,0.410267][0.779857,0.517798,0][0.0609482,0.762871,0.106456][-0.861565,0.204231,0.464754][0.779559,0.538068,0][0.177645,0.993871,0.193465][-0.667566,0.716405,-0.202778][0.779857,0.517798,0][0.322417,1.03927,-0.0247331][-0.682281,0.698901,-0.214546][0.802058,0.518739,0][0.230366,0.906971,-0.129789][-0.760207,0.58558,-0.281391][0.802925,0.539808,0][0.230366,0.906971,-0.129789][-0.760207,0.58558,-0.281391][0.802925,0.539808,0][0.0609482,0.762871,0.106456][-0.760207,0.58558,-0.281391][0.779559,0.538068,0][0.177645,0.993871,0.193465][-0.667566,0.716405,-0.202778][0.779857,0.517798,0][0.570305,1.18537,0.20975][0.538508,-0.713615,-0.448065][0.592324,0.96014,0][0.758687,1.17327,0.348629][0.245616,-0.776336,-0.580496][0.593814,0.951003,0][0.683723,0.93607,0.633048][0.243783,-0.776461,-0.581101][0.601465,0.951041,0][0.683723,0.93607,0.633048][0.243783,-0.776461,-0.581101][0.601465,0.951041,0][0.460009,0.845571,0.6193][0.543409,-0.711724,-0.445146][0.60324,0.960281,0][0.570305,1.18537,0.20975][0.538508,-0.713615,-0.448065][0.592324,0.96014,0][0.570305,1.18537,0.20975][-0.254109,0.967016,-0.017574][0.797974,0.476681,0][0.374784,1.15797,0.508983][-0.261114,0.965093,-0.020353][0.780343,0.478131,0][0.6366,1.15837,0.563838][0.0909723,0.987547,0.128358][0.780649,0.454576,0][0.6366,1.15837,0.563838][0.0909723,0.987547,0.128358][0.780649,0.454576,0][0.758687,1.17327,0.348629][0.119936,0.982399,0.143207][0.792823,0.453171,0][0.570305,1.18537,0.20975][-0.254109,0.967016,-0.017574][0.797974,0.476681,0][0.6366,1.15837,0.563838][-0.104761,0.285783,0.952551][0.780649,0.454576,0][0.374784,1.15797,0.508983][-0.433667,0.240156,0.86848][0.780343,0.478131,0][0.460009,0.845571,0.6193][-0.44067,0.238962,0.865279][0.763843,0.476773,0][0.460009,0.845571,0.6193][-0.44067,0.238962,0.865279][0.763843,0.476773,0][0.683723,0.93607,0.633048][-0.0769399,0.290298,0.953838][0.769096,0.453642,0][0.6366,1.15837,0.563838][-0.104761,0.285783,0.952551][0.780649,0.454576,0][0.322417,1.03927,-0.0247331][0.853612,-0.479965,-0.202437][0.590809,0.976831,0][0.407864,1.12707,0.0492859][0.721886,-0.612053,-0.322911][0.591181,0.970618,0][0.275231,0.71617,0.544847][0.723936,-0.610491,-0.321274][0.604492,0.970673,0][0.275231,0.71617,0.544847][0.723936,-0.610491,-0.321274][0.604492,0.970673,0][0.2131,0.637671,0.443511][0.853747,-0.479773,-0.202323][0.604825,0.976882,0][0.322417,1.03927,-0.0247331][0.853612,-0.479965,-0.202437][0.590809,0.976831,0][0.24316,1.04437,0.38952][-0.794963,0.165833,0.583552][0.780078,0.502755,0][0.177645,0.993871,0.193465][-0.897518,0.161684,0.410267][0.779857,0.517798,0][0.2131,0.637671,0.443511][-0.895476,0.164314,0.41367][0.758853,0.518225,0][0.2131,0.637671,0.443511][-0.895476,0.164314,0.41367][0.758853,0.518225,0][0.275231,0.71617,0.544847][-0.818028,0.159331,0.55267][0.759976,0.502764,0][0.24316,1.04437,0.38952][-0.794963,0.165833,0.583552][0.780078,0.502755,0][0.407864,1.12707,0.0492859][-0.487632,0.867025,-0.102384][0.801415,0.503105,0][0.322417,1.03927,-0.0247331][-0.682281,0.698901,-0.214546][0.802058,0.518739,0][0.177645,0.993871,0.193465][-0.667566,0.716405,-0.202778][0.779857,0.517798,0][0.177645,0.993871,0.193465][-0.667566,0.716405,-0.202778][0.779857,0.517798,0][0.24316,1.04437,0.38952][-0.465526,0.879621,-0.09774][0.780078,0.502755,0][0.407864,1.12707,0.0492859][-0.487632,0.867025,-0.102384][0.801415,0.503105,0][0.475864,1.00487,-0.323143][-0.0421183,-0.985868,-0.162144][0.852443,0.862008,0][0.606985,1.00527,-0.358507][-0.370173,-0.926949,-0.061134][0.85253,0.860448,0][0.689358,0.95277,-0.0616871][-0.370304,-0.9269,-0.061089][0.886587,0.860527,0][0.689358,0.95277,-0.0616871][-0.370304,-0.9269,-0.061089][0.886587,0.860527,0][0.558628,0.952471,-0.0247951][-0.0421183,-0.985868,-0.162144][0.886667,0.862087,0][0.475864,1.00487,-0.323143][-0.0421183,-0.985868,-0.162144][0.852443,0.862008,0][1.3492,0.674971,-0.379411][-0.261261,-0.960377,-0.097047][0.877897,0.783861,0][1.30717,0.701771,-0.532027][-0.261411,-0.960341,-0.097][0.860398,0.783787,0][1.70289,0.674069,-0.554667][-0.0776113,-0.985348,-0.151875][0.870012,0.745348,0][0.689358,0.95277,-0.0616871][0.436834,0.618145,0.653509][0.300148,0.809911,0][0.718205,1.07637,-0.206424][0.473001,0.599555,0.645603][0.31616,0.809218,0][0.496784,1.09277,-0.142336][0.225875,0.700769,0.676686][0.316144,0.810404,0][0.496784,1.09277,-0.142336][0.225875,0.700769,0.676686][0.316144,0.810404,0][0.558628,0.952471,-0.0247951][0.225875,0.700769,0.676686][0.300063,0.81114,0][0.689358,0.95277,-0.0616871][0.436834,0.618145,0.653509][0.300148,0.809911,0][1.36525,0.740271,-0.453573][0.46388,0.597389,0.654173][0.316866,0.749972,0][1.3492,0.674971,-0.379411][0.490133,0.580289,0.65041][0.308503,0.749305,0][1.70289,0.674069,-0.554667][0.330199,0.67173,0.663134][0.31566,0.718444,0][0.606985,1.00527,-0.358507][0.118863,0.846187,-0.51946][0.333008,0.810403,0][0.475864,1.00487,-0.323143][-0.0732527,0.910966,-0.405926][0.333058,0.811645,0][0.496784,1.09277,-0.142336][-0.0732527,0.910966,-0.405926][0.316144,0.810404,0][0.496784,1.09277,-0.142336][-0.0732527,0.910966,-0.405926][0.316144,0.810404,0][0.718205,1.07637,-0.206424][0.152069,0.830039,-0.536573][0.31616,0.809218,0][0.606985,1.00527,-0.358507][0.118863,0.846187,-0.51946][0.333008,0.810403,0][1.70289,0.674069,-0.554667][0.0356123,0.886506,-0.461344][0.31566,0.718444,0][1.30717,0.701771,-0.532027][0.148045,0.824228,-0.546562][0.325677,0.748945,0][1.36525,0.740271,-0.453573][0.129902,0.835753,-0.533518][0.316866,0.749972,0][0.979136,0.80817,-0.473886][-0.422735,-0.905242,-0.0428][0.854977,0.817209,0][1.30717,0.701771,-0.532027][-0.261411,-0.960341,-0.097][0.860398,0.783787,0][1.3492,0.674971,-0.379411][-0.261261,-0.960377,-0.097047][0.877897,0.783861,0][1.3492,0.674971,-0.379411][-0.261261,-0.960377,-0.097047][0.877897,0.783861,0][1.04989,0.762971,-0.217798][-0.423556,-0.904872,-0.042508][0.88435,0.817307,0][0.979136,0.80817,-0.473886][-0.422735,-0.905242,-0.0428][0.854977,0.817209,0][1.30717,0.701771,-0.532027][0.148045,0.824228,-0.546562][0.325677,0.748945,0][0.979136,0.80817,-0.473886][0.208208,0.795486,-0.56908][0.331626,0.775953,0][1.07694,0.884371,-0.340157][0.204974,0.796675,-0.56859][0.316607,0.776324,0][1.07694,0.884371,-0.340157][0.204974,0.796675,-0.56859][0.316607,0.776324,0][1.36525,0.740271,-0.453573][0.129902,0.835753,-0.533518][0.316866,0.749972,0][1.30717,0.701771,-0.532027][0.148045,0.824228,-0.546562][0.325677,0.748945,0][1.07694,0.884371,-0.340157][0.537714,0.557205,0.63276][0.316607,0.776324,0][1.04989,0.762971,-0.217798][0.539493,0.557089,0.631347][0.302512,0.775827,0][1.3492,0.674971,-0.379411][0.490133,0.580289,0.65041][0.308503,0.749305,0][1.3492,0.674971,-0.379411][0.490133,0.580289,0.65041][0.308503,0.749305,0][1.36525,0.740271,-0.453573][0.46388,0.597389,0.654173][0.316866,0.749972,0][1.07694,0.884371,-0.340157][0.537714,0.557205,0.63276][0.316607,0.776324,0][0.496784,1.09277,-0.142336][-0.947154,-0.231508,0.222044][0.945644,0.975411,0][0.475864,1.00487,-0.323143][-0.947154,-0.231508,0.222044][0.945379,0.976883,0][0.558628,0.952471,-0.0247951][-0.947154,-0.231508,0.222044][0.945371,0.974061,0][0.979136,0.80817,-0.473886][0.208208,0.795486,-0.56908][0.331626,0.775953,0][0.606985,1.00527,-0.358507][0.118863,0.846187,-0.51946][0.333008,0.810403,0][0.718205,1.07637,-0.206424][0.152069,0.830039,-0.536573][0.31616,0.809218,0][0.718205,1.07637,-0.206424][0.152069,0.830039,-0.536573][0.31616,0.809218,0][1.07694,0.884371,-0.340157][0.204974,0.796675,-0.56859][0.316607,0.776324,0][0.979136,0.80817,-0.473886][0.208208,0.795486,-0.56908][0.331626,0.775953,0][0.606985,1.00527,-0.358507][-0.370173,-0.926949,-0.061134][0.85253,0.860448,0][0.979136,0.80817,-0.473886][-0.422735,-0.905242,-0.0428][0.854977,0.817209,0][1.04989,0.762971,-0.217798][-0.423556,-0.904872,-0.042508][0.88435,0.817307,0][1.04989,0.762971,-0.217798][-0.423556,-0.904872,-0.042508][0.88435,0.817307,0][0.689358,0.95277,-0.0616871][-0.370304,-0.9269,-0.061089][0.886587,0.860527,0][0.606985,1.00527,-0.358507][-0.370173,-0.926949,-0.061134][0.85253,0.860448,0][0.718205,1.07637,-0.206424][0.473001,0.599555,0.645603][0.31616,0.809218,0][0.689358,0.95277,-0.0616871][0.436834,0.618145,0.653509][0.300148,0.809911,0][1.04989,0.762971,-0.217798][0.539493,0.557089,0.631347][0.302512,0.775827,0][1.04989,0.762971,-0.217798][0.539493,0.557089,0.631347][0.302512,0.775827,0][1.07694,0.884371,-0.340157][0.537714,0.557205,0.63276][0.316607,0.776324,0][0.718205,1.07637,-0.206424][0.473001,0.599555,0.645603][0.31616,0.809218,0][-0.788908,0.666071,-0.047559][0.55347,-0.832847,0.006116][0.94174,0.79733,0][-0.706566,0.718571,-0.344376][0.553354,-0.832924,0.006071][0.907685,0.797409,0][-0.579717,0.74707,-0.305104][0.248696,-0.963292,-0.101086][0.907597,0.79585,0][-0.579717,0.74707,-0.305104][0.248696,-0.963292,-0.101086][0.907597,0.79585,0][-0.662512,0.694571,-0.00677705][0.248696,-0.963292,-0.101086][0.941821,0.795771,0][-0.788908,0.666071,-0.047559][0.55347,-0.832847,0.006116][0.94174,0.79733,0][-1.36445,0.242101,-0.367775][0.455131,-0.889884,-0.03104][0.933051,0.873997,0][-1.70288,0.159291,-0.55328][0.282875,-0.954945,-0.089786][0.925166,0.912508,0][-1.32239,0.26891,-0.520389][0.455268,-0.889815,-0.03099][0.915553,0.874072,0][-0.788908,0.666071,-0.047559][-0.580547,0.548727,0.601551][0.364951,0.717705,0][-0.662512,0.694571,-0.00677705][-0.391988,0.674071,0.626078][0.364866,0.716477,0][-0.625645,0.838171,-0.130635][-0.391988,0.674071,0.626078][0.380947,0.717212,0][-0.625645,0.838171,-0.130635][-0.391988,0.674071,0.626078][0.380947,0.717212,0][-0.836217,0.773271,-0.200291][-0.611809,0.522707,0.593689][0.380963,0.718398,0][-0.788908,0.666071,-0.047559][-0.580547,0.548727,0.601551][0.364951,0.717705,0][-1.39032,0.29872,-0.446191][-0.602806,0.522922,0.602642][0.381669,0.777645,0][-1.70288,0.159291,-0.55328][-0.487556,0.623537,0.611139][0.380463,0.809173,0][-1.36445,0.242101,-0.367775][-0.624848,0.500613,0.599126][0.373306,0.778312,0][-0.706566,0.718571,-0.344376][-0.266735,0.77503,-0.572871][0.39781,0.717214,0][-0.836217,0.773271,-0.200291][-0.29521,0.751517,-0.589977][0.380963,0.718398,0][-0.625645,0.838171,-0.130635][-0.0967657,0.883832,-0.457687][0.380947,0.717212,0][-0.625645,0.838171,-0.130635][-0.0967657,0.883832,-0.457687][0.380947,0.717212,0][-0.579717,0.74707,-0.305104][-0.0967657,0.883832,-0.457687][0.39786,0.715972,0][-0.706566,0.718571,-0.344376][-0.266735,0.77503,-0.572871][0.39781,0.717214,0][-1.70288,0.159291,-0.55328][-0.195949,0.834624,-0.514789][0.380463,0.809173,0][-1.39032,0.29872,-0.446191][-0.274819,0.761822,-0.586602][0.381669,0.777645,0][-1.32239,0.26891,-0.520389][-0.289671,0.74614,-0.599472][0.39048,0.778671,0][-1.36445,0.242101,-0.367775][0.455131,-0.889884,-0.03104][0.933051,0.873997,0][-1.32239,0.26891,-0.520389][0.455268,-0.889815,-0.03099][0.915553,0.874072,0][-1.02562,0.443371,-0.45887][0.599579,-0.799936,0.024645][0.910131,0.840648,0][-1.02562,0.443371,-0.45887][0.599579,-0.799936,0.024645][0.910131,0.840648,0][-1.09639,0.398211,-0.202782][0.600294,-0.79939,0.024939][0.939503,0.84055,0][-1.36445,0.242101,-0.367775][0.455131,-0.889884,-0.03104][0.933051,0.873997,0][-1.32239,0.26891,-0.520389][-0.289671,0.74614,-0.599472][0.39048,0.778671,0][-1.39032,0.29872,-0.446191][-0.274819,0.761822,-0.586602][0.381669,0.777645,0][-1.14241,0.50487,-0.332998][-0.338823,0.706344,-0.621512][0.38141,0.751293,0][-1.14241,0.50487,-0.332998][-0.338823,0.706344,-0.621512][0.38141,0.751293,0][-1.02562,0.443371,-0.45887][-0.341725,0.704491,-0.622026][0.396429,0.751664,0][-1.32239,0.26891,-0.520389][-0.289671,0.74614,-0.599472][0.39048,0.778671,0][-1.36445,0.242101,-0.367775][-0.624848,0.500613,0.599126][0.373306,0.778312,0][-1.09639,0.398211,-0.202782][-0.667606,0.466784,0.580013][0.367315,0.75179,0][-1.14241,0.50487,-0.332998][-0.665949,0.467338,0.58147][0.38141,0.751293,0][-1.14241,0.50487,-0.332998][-0.665949,0.467338,0.58147][0.38141,0.751293,0][-1.39032,0.29872,-0.446191][-0.602806,0.522922,0.602642][0.381669,0.777645,0][-1.36445,0.242101,-0.367775][-0.624848,0.500613,0.599126][0.373306,0.778312,0][-0.625645,0.838171,-0.130635][0.964281,-0.0197363,0.264145][0.946631,0.975413,0][-0.662512,0.694571,-0.00677705][0.964281,-0.0197363,0.264145][0.946905,0.974061,0][-0.579717,0.74707,-0.305104][0.964281,-0.0197363,0.264145][0.946898,0.976885,0][-1.02562,0.443371,-0.45887][-0.341725,0.704491,-0.622026][0.396429,0.751664,0][-1.14241,0.50487,-0.332998][-0.338823,0.706344,-0.621512][0.38141,0.751293,0][-0.836217,0.773271,-0.200291][-0.29521,0.751517,-0.589977][0.380963,0.718398,0][-0.836217,0.773271,-0.200291][-0.29521,0.751517,-0.589977][0.380963,0.718398,0][-0.706566,0.718571,-0.344376][-0.266735,0.77503,-0.572871][0.39781,0.717214,0][-1.02562,0.443371,-0.45887][-0.341725,0.704491,-0.622026][0.396429,0.751664,0][-1.09639,0.398211,-0.202782][0.600294,-0.79939,0.024939][0.939503,0.84055,0][-1.02562,0.443371,-0.45887][0.599579,-0.799936,0.024645][0.910131,0.840648,0][-0.706566,0.718571,-0.344376][0.553354,-0.832924,0.006071][0.907685,0.797409,0][-0.706566,0.718571,-0.344376][0.553354,-0.832924,0.006071][0.907685,0.797409,0][-0.788908,0.666071,-0.047559][0.55347,-0.832847,0.006116][0.94174,0.79733,0][-1.09639,0.398211,-0.202782][0.600294,-0.79939,0.024939][0.939503,0.84055,0][-1.09639,0.398211,-0.202782][-0.667606,0.466784,0.580013][0.367315,0.75179,0][-0.788908,0.666071,-0.047559][-0.580547,0.548727,0.601551][0.364951,0.717705,0][-0.836217,0.773271,-0.200291][-0.611809,0.522707,0.593689][0.380963,0.718398,0][-0.836217,0.773271,-0.200291][-0.611809,0.522707,0.593689][0.380963,0.718398,0][-1.14241,0.50487,-0.332998][-0.665949,0.467338,0.58147][0.38141,0.751293,0][-1.09639,0.398211,-0.202782][-0.667606,0.466784,0.580013][0.367315,0.75179,0][-0.722114,0.867371,-0.276864][0.221695,-0.922789,0.315139][0.759251,0.70793,0][-0.501791,0.824171,-0.55822][0.221591,-0.922839,0.315065][0.720757,0.70802,0][-0.381532,0.82647,-0.465721][-0.0609053,-0.992597,0.105082][0.720658,0.706258,0][-0.381532,0.82647,-0.465721][-0.0609053,-0.992597,0.105082][0.720658,0.706258,0][-0.60291,0.870171,-0.182992][-0.0609053,-0.992597,0.105082][0.759342,0.70617,0][-0.722114,0.867371,-0.276864][0.221695,-0.922789,0.315139][0.759251,0.70793,0][-1.30998,0.50617,-0.801593][0.126312,-0.960864,0.246546][0.749429,0.794588,0][-1.60041,0.472571,-1.13164][-0.0312973,-0.991224,0.128431][0.740516,0.838118,0][-1.19705,0.48377,-0.946351][0.126454,-0.960819,0.246649][0.72965,0.794674,0][-0.722114,0.867371,-0.276864][-0.543353,0.798266,0.259884][0.559576,0.577267,0][-0.60291,0.870171,-0.182992][-0.337955,0.875817,0.344573][0.55948,0.57588,0][-0.467267,0.981471,-0.317132][-0.337955,0.875817,0.344573][0.577639,0.576711,0][-0.467267,0.981471,-0.317132][-0.337955,0.875817,0.344573][0.577639,0.576711,0][-0.671053,0.95787,-0.472761][-0.578668,0.778729,0.242332][0.577657,0.57805,0][-0.722114,0.867371,-0.276864][-0.543353,0.798266,0.259884][0.559576,0.577267,0][-1.28481,0.55477,-0.903099][-0.572878,0.779156,0.254413][0.578455,0.644954,0][-1.60041,0.472571,-1.13164][-0.437008,0.848599,0.298167][0.577093,0.680557,0][-1.30998,0.50617,-0.801593][-0.59989,0.761875,0.244292][0.569011,0.645707,0][-0.501791,0.824171,-0.55822][0.207895,0.670581,-0.71211][0.596682,0.576712,0][-0.671053,0.95787,-0.472761][0.179542,0.650613,-0.73788][0.577657,0.57805,0][-0.467267,0.981471,-0.317132][0.357257,0.757969,-0.545756][0.577639,0.576711,0][-0.467267,0.981471,-0.317132][0.357257,0.757969,-0.545756][0.577639,0.576711,0][-0.381532,0.82647,-0.465721][0.357257,0.75797,-0.545756][0.596738,0.57531,0][-0.501791,0.824171,-0.55822][0.207895,0.670581,-0.71211][0.596682,0.576712,0][-1.60041,0.472571,-1.13164][0.271548,0.723113,-0.635114][0.577093,0.680557,0][-1.28481,0.55477,-0.903099][0.200597,0.656662,-0.727019][0.578455,0.644954,0][-1.19705,0.48377,-0.946351][0.185931,0.641917,-0.74389][0.588404,0.646113,0][-1.30998,0.50617,-0.801593][0.126312,-0.960864,0.246546][0.749429,0.794588,0][-1.19705,0.48377,-0.946351][0.126454,-0.960819,0.246649][0.72965,0.794674,0][-0.866855,0.59677,-0.777443][0.268628,-0.898182,0.348007][0.723524,0.756895,0][-0.866855,0.59677,-0.777443][0.268628,-0.898182,0.348007][0.723524,0.756895,0][-1.0566,0.634171,-0.534592][0.26939,-0.897748,0.348536][0.756722,0.756783,0][-1.30998,0.50617,-0.801593][0.126312,-0.960864,0.246546][0.749429,0.794588,0][-1.19705,0.48377,-0.946351][0.185931,0.641917,-0.74389][0.588404,0.646113,0][-1.28481,0.55477,-0.903099][0.200597,0.656662,-0.727019][0.578455,0.644954,0][-1.0136,0.729271,-0.706338][0.135919,0.610649,-0.78015][0.578162,0.615196,0][-1.0136,0.729271,-0.706338][0.135919,0.610649,-0.78015][0.578162,0.615196,0][-0.866855,0.59677,-0.777443][0.132723,0.609385,-0.781687][0.595122,0.615615,0][-1.19705,0.48377,-0.946351][0.185931,0.641917,-0.74389][0.588404,0.646113,0][-1.30998,0.50617,-0.801593][-0.59989,0.761875,0.244292][0.569011,0.645707,0][-1.0566,0.634171,-0.534592][-0.643238,0.735461,0.212936][0.562245,0.615757,0][-1.0136,0.729271,-0.706338][-0.641987,0.735962,0.214971][0.578162,0.615196,0][-1.0136,0.729271,-0.706338][-0.641987,0.735962,0.214971][0.578162,0.615196,0][-1.28481,0.55477,-0.903099][-0.572878,0.779156,0.254413][0.578455,0.644954,0][-1.30998,0.50617,-0.801593][-0.59989,0.761875,0.244292][0.569011,0.645707,0][-0.467267,0.981471,-0.317132][0.761579,-0.176457,0.623586][0.951707,0.975584,0][-0.60291,0.870171,-0.182992][0.76158,-0.176457,0.623586][0.952019,0.974042,0][-0.381532,0.82647,-0.465721][0.76158,-0.176457,0.623586][0.95201,0.977264,0][-0.866855,0.59677,-0.777443][0.132723,0.609385,-0.781687][0.595122,0.615615,0][-1.0136,0.729271,-0.706338][0.135919,0.610649,-0.78015][0.578162,0.615196,0][-0.671053,0.95787,-0.472761][0.179542,0.650613,-0.73788][0.577657,0.57805,0][-0.671053,0.95787,-0.472761][0.179542,0.650613,-0.73788][0.577657,0.57805,0][-0.501791,0.824171,-0.55822][0.207895,0.670581,-0.71211][0.596682,0.576712,0][-0.866855,0.59677,-0.777443][0.132723,0.609385,-0.781687][0.595122,0.615615,0][-1.0566,0.634171,-0.534592][0.26939,-0.897748,0.348536][0.756722,0.756783,0][-0.866855,0.59677,-0.777443][0.268628,-0.898182,0.348007][0.723524,0.756895,0][-0.501791,0.824171,-0.55822][0.221591,-0.922839,0.315065][0.720757,0.70802,0][-0.501791,0.824171,-0.55822][0.221591,-0.922839,0.315065][0.720757,0.70802,0][-0.722114,0.867371,-0.276864][0.221695,-0.922789,0.315139][0.759251,0.70793,0][-1.0566,0.634171,-0.534592][0.26939,-0.897748,0.348536][0.756722,0.756783,0][-1.0566,0.634171,-0.534592][-0.643238,0.735461,0.212936][0.562245,0.615757,0][-0.722114,0.867371,-0.276864][-0.543353,0.798266,0.259884][0.559576,0.577267,0][-0.671053,0.95787,-0.472761][-0.578668,0.778729,0.242332][0.577657,0.57805,0][-0.671053,0.95787,-0.472761][-0.578668,0.778729,0.242332][0.577657,0.57805,0][-1.0136,0.729271,-0.706338][-0.641987,0.735962,0.214971][0.578162,0.615196,0][-1.0566,0.634171,-0.534592][-0.643238,0.735461,0.212936][0.562245,0.615757,0][0.946623,-0.19856,1.13812][-0.743829,-0.548219,-0.382329][0.979862,0.557877,0][1.087,-0.28525,0.989827][-0.744004,-0.547629,-0.382833][0.986618,0.557926,0][1.10875,-0.41733,1.26641][-0.693696,-0.66965,-0.265245][0.982861,0.572755,0][1.06578,-0.233109,1.11131][0.321473,0.583093,0.746095][0.310191,0.645161,0][0.946623,-0.19856,1.13812][0.315821,0.564565,0.762577][0.319679,0.645914,0][1.10875,-0.41733,1.26641][0.34123,0.65069,0.678354][0.31157,0.680929,0][1.10875,-0.41733,1.26641][0.961801,0.268638,0.052651][0.31157,0.680929,0][1.087,-0.28525,0.989827][0.980067,0.186764,0.067742][0.300195,0.646329,0][1.06578,-0.233109,1.11131][0.976993,0.203199,0.064772][0.310191,0.645161,0][0.803519,0.612571,0.390703][-0.770156,-0.417506,-0.482233][0.976118,0.976107,0][0.962035,0.375701,0.342581][-0.740423,-0.56008,-0.371597][0.975733,0.978239,0][0.688217,0.544471,0.63373][-0.741473,-0.556728,-0.374528][0.975721,0.974151,0][1.06295,-0.0872393,0.78914][0.987357,0.133532,0.085407][0.295916,0.626766,0][1.05124,0.205351,0.560937][0.965962,0.258533,0.008787][0.293093,0.604286,0][1.01777,0.32738,0.757259][0.97229,0.232517,0.024274][0.310615,0.604738,0][1.01777,0.32738,0.757259][0.97229,0.232517,0.024274][0.310615,0.604738,0][1.03715,0.0113907,0.952758][0.987014,0.136817,0.084165][0.310379,0.625435,0][1.06295,-0.0872393,0.78914][0.987357,0.133532,0.085407][0.295916,0.626766,0][1.05124,0.205351,0.560937][-0.744856,-0.545335,-0.384447][0.988979,0.540162,0][1.06295,-0.0872393,0.78914][-0.766504,-0.444662,-0.463407][0.988134,0.547358,0][0.862842,0.0371408,1.00104][-0.766647,-0.44369,-0.464103][0.979413,0.547283,0][0.862842,0.0371408,1.00104][-0.766647,-0.44369,-0.464103][0.979413,0.547283,0][0.807731,0.355651,0.819454][-0.744605,-0.546196,-0.38371][0.977235,0.540086,0][1.05124,0.205351,0.560937][-0.744856,-0.545335,-0.384447][0.988979,0.540162,0][0.862842,0.0371408,1.00104][0.305603,0.524388,0.794748][0.324,0.62661,0][1.03715,0.0113907,0.952758][0.306238,0.527192,0.792646][0.310379,0.625435,0][1.01777,0.32738,0.757259][0.301304,0.622211,0.722544][0.310615,0.604738,0][1.01777,0.32738,0.757259][0.301304,0.622211,0.722544][0.310615,0.604738,0][0.807731,0.355651,0.819454][0.299985,0.648272,0.699823][0.327128,0.604524,0][0.862842,0.0371408,1.00104][0.305603,0.524388,0.794748][0.324,0.62661,0][0.975224,0.350511,0.374866][-0.687235,-0.681687,-0.251022][0.989662,0.529573,0][1.05124,0.205351,0.560937][-0.744856,-0.545335,-0.384447][0.988979,0.540162,0][0.807731,0.355651,0.819454][-0.744605,-0.546196,-0.38371][0.977235,0.540086,0][0.807731,0.355651,0.819454][-0.744605,-0.546196,-0.38371][0.977235,0.540086,0][0.705888,0.516571,0.661191][-0.687235,-0.681687,-0.251022][0.976665,0.529503,0][0.975224,0.350511,0.374866][-0.687235,-0.681687,-0.251022][0.989662,0.529573,0][0.92584,0.495271,0.57394][0.287606,0.801615,0.524115][0.310934,0.580758,0][0.705888,0.516571,0.661191][0.287172,0.813786,0.505257][0.328922,0.580011,0][0.807731,0.355651,0.819454][0.299985,0.648272,0.699823][0.327128,0.604524,0][0.807731,0.355651,0.819454][0.299985,0.648272,0.699823][0.327128,0.604524,0][1.01777,0.32738,0.757259][0.301304,0.622211,0.722544][0.310615,0.604738,0][0.92584,0.495271,0.57394][0.287606,0.801615,0.524115][0.310934,0.580758,0][1.05124,0.205351,0.560937][0.965962,0.258533,0.008787][0.293093,0.604286,0][0.975224,0.350511,0.374866][0.878193,0.465194,-0.111226][0.291991,0.579497,0][0.92584,0.495271,0.57394][0.887921,0.448401,-0.102631][0.310934,0.580758,0][0.92584,0.495271,0.57394][0.887921,0.448401,-0.102631][0.310934,0.580758,0][1.01777,0.32738,0.757259][0.97229,0.232517,0.024274][0.310615,0.604738,0][1.05124,0.205351,0.560937][0.965962,0.258533,0.008787][0.293093,0.604286,0][1.06295,-0.0872393,0.78914][-0.766504,-0.444662,-0.463407][0.988134,0.547358,0][1.087,-0.28525,0.989827][-0.744004,-0.547629,-0.382833][0.986618,0.557926,0][0.946623,-0.19856,1.13812][-0.743829,-0.548219,-0.382329][0.979862,0.557877,0][0.946623,-0.19856,1.13812][-0.743829,-0.548219,-0.382329][0.979862,0.557877,0][0.862842,0.0371408,1.00104][-0.766647,-0.44369,-0.464103][0.979413,0.547283,0][1.06295,-0.0872393,0.78914][-0.766504,-0.444662,-0.463407][0.988134,0.547358,0][1.087,-0.28525,0.989827][0.980067,0.186764,0.067742][0.300195,0.646329,0][1.06295,-0.0872393,0.78914][0.987357,0.133532,0.085407][0.295916,0.626766,0][1.03715,0.0113907,0.952758][0.987014,0.136817,0.084165][0.310379,0.625435,0][1.03715,0.0113907,0.952758][0.987014,0.136817,0.084165][0.310379,0.625435,0][1.06578,-0.233109,1.11131][0.976993,0.203199,0.064772][0.310191,0.645161,0][1.087,-0.28525,0.989827][0.980067,0.186764,0.067742][0.300195,0.646329,0][1.03715,0.0113907,0.952758][0.306238,0.527192,0.792646][0.310379,0.625435,0][0.862842,0.0371408,1.00104][0.305603,0.524388,0.794748][0.324,0.62661,0][0.946623,-0.19856,1.13812][0.315821,0.564565,0.762577][0.319679,0.645914,0][0.946623,-0.19856,1.13812][0.315821,0.564565,0.762577][0.319679,0.645914,0][1.06578,-0.233109,1.11131][0.321473,0.583093,0.746095][0.310191,0.645161,0][1.03715,0.0113907,0.952758][0.306238,0.527192,0.792646][0.310379,0.625435,0][0.92584,0.495271,0.57394][0.287606,0.801615,0.524115][0.310934,0.580758,0][0.803519,0.612571,0.390703][0.282984,0.867208,0.409719][0.310989,0.576598,0][0.688217,0.544471,0.63373][0.282983,0.867208,0.409719][0.329233,0.575757,0][0.688217,0.544471,0.63373][0.282983,0.867208,0.409719][0.329233,0.575757,0][0.705888,0.516571,0.661191][0.287172,0.813786,0.505257][0.328922,0.580011,0][0.92584,0.495271,0.57394][0.287606,0.801615,0.524115][0.310934,0.580758,0][0.962035,0.375701,0.342581][-0.740423,-0.56008,-0.371597][0.98978,0.527736,0][0.975224,0.350511,0.374866][-0.687235,-0.681687,-0.251022][0.989662,0.529573,0][0.705888,0.516571,0.661191][-0.687235,-0.681687,-0.251022][0.976665,0.529503,0][0.705888,0.516571,0.661191][-0.687235,-0.681687,-0.251022][0.976665,0.529503,0][0.688217,0.544471,0.63373][-0.741473,-0.556728,-0.374528][0.976567,0.527666,0][0.962035,0.375701,0.342581][-0.740423,-0.56008,-0.371597][0.98978,0.527736,0][0.92584,0.495271,0.57394][0.887921,0.448401,-0.102631][0.310934,0.580758,0][0.975224,0.350511,0.374866][0.878193,0.465194,-0.111226][0.291991,0.579497,0][0.962035,0.375701,0.342581][0.822046,0.548051,-0.154534][0.2918,0.575196,0][0.962035,0.375701,0.342581][0.822046,0.548051,-0.154534][0.2918,0.575196,0][0.803519,0.612571,0.390703][0.822046,0.548051,-0.154534][0.310989,0.576598,0][0.92584,0.495271,0.57394][0.887921,0.448401,-0.102631][0.310934,0.580758,0][0.284772,-1.14437,1.45108][-0.412383,-0.427547,-0.804453][0.608808,0.879701,0][0.555409,-1.12838,1.30137][-0.41366,-0.422557,-0.806431][0.61672,0.87973,0][0.52547,-1.32077,1.53108][-0.308843,-0.70896,-0.634028][0.612381,0.897112,0][0.47139,-1.18515,1.45939][0.411267,0.285729,0.865574][0.831698,0.279697,0][0.284772,-1.14437,1.45108][-0.0843449,0.180737,0.979908][0.820507,0.278789,0][0.52547,-1.32077,1.53108][0.387173,0.546827,0.742346][0.830143,0.2375,0][0.52547,-1.32077,1.53108][0.387173,0.546827,0.742346][0.830143,0.2375,0][0.555409,-1.12838,1.30137][0.862819,0.134391,0.487322][0.843492,0.278339,0][0.47139,-1.18515,1.45939][0.411267,0.285729,0.865574][0.831698,0.279697,0][0.430641,-0.158199,1.32055][0.0787383,0.989425,0.121812][0.967133,0.968275,0][0.625667,-0.133309,0.9923][0.0787383,0.989425,0.121812][0.96664,0.971004,0][0.0766999,-0.122549,1.25979][0.0787383,0.989425,0.121812][0.966626,0.965771,0][0.586433,-0.874769,1.1792][0.876854,0.0963337,0.471006][0.848181,0.301083,0][0.60752,-0.53239,1.07105][0.870685,0.0852137,0.484403][0.85179,0.329763,0][0.450897,-0.582049,1.37627][0.873031,0.0870797,0.479827][0.831131,0.329029,0][0.450897,-0.582049,1.37627][0.873031,0.0870797,0.479827][0.831131,0.329029,0][0.457218,-0.916889,1.42877][0.874629,0.101079,0.474139][0.831157,0.30262,0][0.586433,-0.874769,1.1792][0.876854,0.0963337,0.471006][0.848181,0.301083,0][0.586433,-0.874769,1.1792][-0.437358,-0.278945,-0.854932][0.618425,0.867052,0][0.186152,-0.86436,1.37878][-0.437184,-0.280943,-0.854366][0.606724,0.867327,0][0.118899,-0.52026,1.31774][-0.440931,-0.196299,-0.875812][0.605606,0.85807,0][0.118899,-0.52026,1.31774][-0.440931,-0.196299,-0.875812][0.605606,0.85807,0][0.60752,-0.53239,1.07105][-0.440938,-0.194965,-0.876106][0.619399,0.858138,0][0.586433,-0.874769,1.1792][-0.437358,-0.278945,-0.854932][0.618425,0.867052,0][0.186152,-0.86436,1.37878][-0.13473,0.151778,0.979189][0.815463,0.300975,0][0.457218,-0.916889,1.42877][-0.122588,0.155669,0.980173][0.831157,0.30262,0][0.450897,-0.582049,1.37627][-0.150489,0.135645,0.979262][0.831131,0.329029,0][0.450897,-0.582049,1.37627][-0.150489,0.135645,0.979262][0.831131,0.329029,0][0.118899,-0.52026,1.31774][-0.151385,0.131322,0.979713][0.811531,0.329472,0][0.186152,-0.86436,1.37878][-0.13473,0.151778,0.979189][0.815463,0.300975,0][0.0766999,-0.122549,1.25979][-0.440874,-0.164681,-0.882333][0.604826,0.844333,0][0.625667,-0.133309,0.9923][-0.440874,-0.164681,-0.882333][0.620301,0.844361,0][0.60752,-0.53239,1.07105][-0.440938,-0.194965,-0.876106][0.619399,0.858138,0][0.60752,-0.53239,1.07105][-0.440938,-0.194965,-0.876106][0.619399,0.858138,0][0.118899,-0.52026,1.31774][-0.440931,-0.196299,-0.875812][0.605606,0.85807,0][0.0766999,-0.122549,1.25979][-0.440874,-0.164681,-0.882333][0.604826,0.844333,0][0.430641,-0.158199,1.32055][-0.152888,0.124027,0.98043][0.830621,0.360575,0][0.0766999,-0.122549,1.25979][-0.152888,0.124027,0.98043][0.809097,0.36153,0][0.118899,-0.52026,1.31774][-0.151385,0.131322,0.979713][0.811531,0.329472,0][0.118899,-0.52026,1.31774][-0.151385,0.131322,0.979713][0.811531,0.329472,0][0.450897,-0.582049,1.37627][-0.150489,0.135645,0.979262][0.831131,0.329029,0][0.430641,-0.158199,1.32055][-0.152888,0.124027,0.98043][0.830621,0.360575,0][0.60752,-0.53239,1.07105][0.870685,0.0852137,0.484403][0.85179,0.329763,0][0.625667,-0.133309,0.9923][0.867192,0.0824697,0.491098][0.853254,0.362266,0][0.430641,-0.158199,1.32055][0.867192,0.0824697,0.491098][0.830621,0.360575,0][0.430641,-0.158199,1.32055][0.867192,0.0824697,0.491098][0.830621,0.360575,0][0.450897,-0.582049,1.37627][0.873031,0.0870797,0.479827][0.831131,0.329029,0][0.60752,-0.53239,1.07105][0.870685,0.0852137,0.484403][0.85179,0.329763,0][0.186152,-0.86436,1.37878][-0.437184,-0.280943,-0.854366][0.606724,0.867327,0][0.586433,-0.874769,1.1792][-0.437358,-0.278945,-0.854932][0.618425,0.867052,0][0.555409,-1.12838,1.30137][-0.41366,-0.422557,-0.806431][0.61672,0.87973,0][0.555409,-1.12838,1.30137][-0.41366,-0.422557,-0.806431][0.61672,0.87973,0][0.284772,-1.14437,1.45108][-0.412383,-0.427547,-0.804453][0.608808,0.879701,0][0.186152,-0.86436,1.37878][-0.437184,-0.280943,-0.854366][0.606724,0.867327,0][0.555409,-1.12838,1.30137][0.862819,0.134391,0.487322][0.843492,0.278339,0][0.586433,-0.874769,1.1792][0.876854,0.0963337,0.471006][0.848181,0.301083,0][0.457218,-0.916889,1.42877][0.874629,0.101079,0.474139][0.831157,0.30262,0][0.457218,-0.916889,1.42877][0.874629,0.101079,0.474139][0.831157,0.30262,0][0.47139,-1.18515,1.45939][0.411267,0.285729,0.865574][0.831698,0.279697,0][0.555409,-1.12838,1.30137][0.862819,0.134391,0.487322][0.843492,0.278339,0][0.457218,-0.916889,1.42877][-0.122588,0.155669,0.980173][0.831157,0.30262,0][0.186152,-0.86436,1.37878][-0.13473,0.151778,0.979189][0.815463,0.300975,0][0.284772,-1.14437,1.45108][-0.0843449,0.180737,0.979908][0.820507,0.278789,0][0.284772,-1.14437,1.45108][-0.0843449,0.180737,0.979908][0.820507,0.278789,0][0.47139,-1.18515,1.45939][0.411267,0.285729,0.865574][0.831698,0.279697,0][0.457218,-0.916889,1.42877][-0.122588,0.155669,0.980173][0.831157,0.30262,0][0.724404,-0.425369,1.29885][-0.566378,-0.661989,-0.490904][0.266054,0.944483,0][0.866319,-0.4507,1.16672][-0.568414,-0.657915,-0.494018][0.27133,0.944502,0][0.890947,-0.516709,1.34333][-0.406759,-0.872873,-0.269516][0.268436,0.956092,0][0.841414,-0.45029,1.28263][0.589229,0.548572,0.593193][0.09434,0.73578,0][0.724404,-0.425369,1.29885][0.143845,0.497565,0.855417][0.087273,0.735207,0][0.890947,-0.516709,1.34333][0.519255,0.754359,0.401642][0.093357,0.709136,0][0.890947,-0.516709,1.34333][0.519255,0.754359,0.401642][0.093357,0.709136,0][0.866319,-0.4507,1.16672][0.9446,0.271099,0.185031][0.101786,0.734923,0][0.841414,-0.45029,1.28263][0.589229,0.548572,0.593193][0.09434,0.73578,0][0.753503,0.132621,0.997465][0.0419533,0.971922,-0.231535][0.958535,0.975779,0][0.821551,0.0761204,0.772639][0.0419533,0.971922,-0.231535][0.958223,0.977502,0][0.526402,0.145631,1.01093][0.0419533,0.971922,-0.231535][0.958214,0.974198,0][0.856295,-0.3257,1.03923][0.956691,0.229508,0.179076][0.104747,0.749284,0][0.838729,-0.14477,0.903085][0.954677,0.223595,0.19646][0.107026,0.767394,0][0.791647,-0.108339,1.11371][0.955721,0.223787,0.191093][0.093981,0.76693,0][0.791647,-0.108339,1.11371][0.955721,0.223787,0.191093][0.093981,0.76693,0][0.817156,-0.2968,1.21195][0.954989,0.235068,0.180939][0.093998,0.750254,0][0.856295,-0.3257,1.03923][0.956691,0.229508,0.179076][0.104747,0.749284,0][0.856295,-0.3257,1.03923][-0.612349,-0.53811,-0.579195][0.272467,0.936048,0][0.641676,-0.27253,1.21507][-0.611915,-0.53981,-0.578071][0.264665,0.936231,0][0.577235,-0.0795698,1.11961][-0.626187,-0.467034,-0.624315][0.263919,0.930058,0][0.577235,-0.0795698,1.11961][-0.626187,-0.467034,-0.624315][0.263919,0.930058,0][0.838729,-0.14477,0.903085][-0.62635,-0.465874,-0.625017][0.273117,0.930104,0][0.856295,-0.3257,1.03923][-0.612349,-0.53811,-0.579195][0.272467,0.936048,0][0.641676,-0.27253,1.21507][0.0967592,0.471038,0.87679][0.084088,0.749216,0][0.817156,-0.2968,1.21195][0.108502,0.474788,0.873386][0.093998,0.750254,0][0.791647,-0.108339,1.11371][0.0825602,0.456166,0.886056][0.093981,0.76693,0][0.791647,-0.108339,1.11371][0.0825602,0.456166,0.886056][0.093981,0.76693,0][0.577235,-0.0795698,1.11961][0.0820811,0.452257,0.888103][0.081605,0.76721,0][0.641676,-0.27253,1.21507][0.0967592,0.471038,0.87679][0.084088,0.749216,0][0.526402,0.145631,1.01093][-0.629746,-0.439384,-0.640595][0.263399,0.920899,0][0.821551,0.0761204,0.772639][-0.629746,-0.439384,-0.640595][0.273717,0.920918,0][0.838729,-0.14477,0.903085][-0.62635,-0.465874,-0.625017][0.273117,0.930104,0][0.838729,-0.14477,0.903085][-0.62635,-0.465874,-0.625017][0.273117,0.930104,0][0.577235,-0.0795698,1.11961][-0.626187,-0.467034,-0.624315][0.263919,0.930058,0][0.526402,0.145631,1.01093][-0.629746,-0.439384,-0.640595][0.263399,0.920899,0][0.753503,0.132621,0.997465][0.0812691,0.445646,0.891513][0.093659,0.786849,0][0.526402,0.145631,1.01093][0.0812691,0.445647,0.891513][0.080068,0.787452,0][0.577235,-0.0795698,1.11961][0.0820811,0.452257,0.888103][0.081605,0.76721,0][0.577235,-0.0795698,1.11961][0.0820811,0.452257,0.888103][0.081605,0.76721,0][0.791647,-0.108339,1.11371][0.0825602,0.456166,0.886056][0.093981,0.76693,0][0.753503,0.132621,0.997465][0.0812691,0.445646,0.891513][0.093659,0.786849,0][0.838729,-0.14477,0.903085][0.954677,0.223595,0.19646][0.107026,0.767394,0][0.821551,0.0761204,0.772639][0.953093,0.223301,0.204331][0.107951,0.787917,0][0.753503,0.132621,0.997465][0.953093,0.223301,0.204331][0.093659,0.786849,0][0.753503,0.132621,0.997465][0.953093,0.223301,0.204331][0.093659,0.786849,0][0.791647,-0.108339,1.11371][0.955721,0.223787,0.191093][0.093981,0.76693,0][0.838729,-0.14477,0.903085][0.954677,0.223595,0.19646][0.107026,0.767394,0][0.641676,-0.27253,1.21507][-0.611915,-0.53981,-0.578071][0.264665,0.936231,0][0.856295,-0.3257,1.03923][-0.612349,-0.53811,-0.579195][0.272467,0.936048,0][0.866319,-0.4507,1.16672][-0.568414,-0.657915,-0.494018][0.27133,0.944502,0][0.866319,-0.4507,1.16672][-0.568414,-0.657915,-0.494018][0.27133,0.944502,0][0.724404,-0.425369,1.29885][-0.566378,-0.661989,-0.490904][0.266054,0.944483,0][0.641676,-0.27253,1.21507][-0.611915,-0.53981,-0.578071][0.264665,0.936231,0][0.866319,-0.4507,1.16672][0.9446,0.271099,0.185031][0.101786,0.734923,0][0.856295,-0.3257,1.03923][0.956691,0.229508,0.179076][0.104747,0.749284,0][0.817156,-0.2968,1.21195][0.954989,0.235068,0.180939][0.093998,0.750254,0][0.817156,-0.2968,1.21195][0.954989,0.235068,0.180939][0.093998,0.750254,0][0.841414,-0.45029,1.28263][0.589229,0.548572,0.593193][0.09434,0.73578,0][0.866319,-0.4507,1.16672][0.9446,0.271099,0.185031][0.101786,0.734923,0][0.817156,-0.2968,1.21195][0.108502,0.474788,0.873386][0.093998,0.750254,0][0.641676,-0.27253,1.21507][0.0967592,0.471038,0.87679][0.084088,0.749216,0][0.724404,-0.425369,1.29885][0.143845,0.497565,0.855417][0.087273,0.735207,0][0.724404,-0.425369,1.29885][0.143845,0.497565,0.855417][0.087273,0.735207,0][0.841414,-0.45029,1.28263][0.589229,0.548572,0.593193][0.09434,0.73578,0][0.817156,-0.2968,1.21195][0.108502,0.474788,0.873386][0.093998,0.750254,0][-1.24951,0.140401,0.48065][0.835843,-0.511343,-0.199738][0.847326,0.890059,0][-1.22161,0.105631,0.688076][0.834937,-0.512771,-0.199867][0.842107,0.890035,0][-1.31963,-0.105829,0.547694][0.932549,-0.314049,-0.178116][0.844978,0.878571,0][-1.30827,0.1562,0.595808][-0.84376,0.349875,-0.40701][0.037507,0.76833,0][-1.24951,0.140401,0.48065][-0.834863,0.381715,-0.396607][0.044634,0.768905,0][-1.31963,-0.105829,0.547694][-0.877006,0.123287,-0.464392][0.038508,0.795201,0][-1.31963,-0.105829,0.547694][-0.749671,-0.0879508,0.655941][0.038508,0.795201,0][-1.22161,0.105631,0.688076][-0.697081,0.233561,0.677885][0.029997,0.769197,0][-1.30827,0.1562,0.595808][-0.708075,0.193417,0.679131][0.037507,0.76833,0][-0.882083,0.548671,0.592845][0.691569,0.721763,0.028122][0.961161,0.976164,0][-0.758531,0.423181,0.774474][0.691569,0.721763,0.028122][0.960838,0.97795,0][-0.814318,0.492471,0.369152][0.691569,0.721763,0.028122][0.960829,0.974526,0][-1.12578,0.21524,0.736385][-0.606196,0.455637,0.65186][0.026818,0.754694,0][-0.990345,0.317101,0.765][-0.415789,0.616149,0.668939][0.024694,0.738394,0][-1.11665,0.409831,0.601828][-0.450989,0.592256,0.667714][0.037857,0.738609,0][-1.11665,0.409831,0.601828][-0.450989,0.592256,0.667714][0.037857,0.738609,0][-1.22008,0.26185,0.595058][-0.613029,0.443654,0.653733][0.037694,0.753799,0][-1.12578,0.21524,0.736385][-0.606196,0.455637,0.65186][0.026818,0.754694,0][-0.990345,0.317101,0.765][0.482865,-0.849813,-0.211327][0.840317,0.903417,0][-1.12578,0.21524,0.736385][0.675019,-0.706502,-0.21261][0.841094,0.896268,0][-1.16638,0.26646,0.438287][0.672419,-0.708952,-0.212696][0.84854,0.896361,0][-1.16638,0.26646,0.438287][0.672419,-0.708952,-0.212696][0.84854,0.896361,0][-1.03969,0.37862,0.404413][0.481695,-0.850488,-0.211282][0.849397,0.90345,0][-0.990345,0.317101,0.765][0.482865,-0.849813,-0.211327][0.840317,0.903417,0][-1.16638,0.26646,0.438287][-0.742677,0.586834,-0.322579][0.047873,0.754636,0][-1.22008,0.26185,0.595058][-0.754034,0.568617,-0.328798][0.037694,0.753799,0][-1.11665,0.409831,0.601828][-0.587294,0.739278,-0.329475][0.037857,0.738609,0][-1.11665,0.409831,0.601828][-0.587294,0.739278,-0.329475][0.037857,0.738609,0][-1.03969,0.37862,0.404413][-0.54723,0.768527,-0.331519][0.050257,0.738602,0][-1.16638,0.26646,0.438287][-0.742677,0.586834,-0.322579][0.047873,0.754636,0][-0.758531,0.423181,0.774474][0.414389,-0.885979,-0.208143][0.839726,0.913366,0][-0.990345,0.317101,0.765][0.482865,-0.849813,-0.211327][0.840317,0.903417,0][-1.03969,0.37862,0.404413][0.481695,-0.850488,-0.211282][0.849397,0.90345,0][-1.03969,0.37862,0.404413][0.481695,-0.850488,-0.211282][0.849397,0.90345,0][-0.814318,0.492471,0.369152][0.414389,-0.885979,-0.208143][0.849935,0.913392,0][-0.758531,0.423181,0.774474][0.414389,-0.885979,-0.208143][0.839726,0.913366,0][-0.882083,0.548671,0.592845][-0.47833,0.812553,-0.333103][0.038175,0.716825,0][-0.814318,0.492471,0.369152][-0.47833,0.812553,-0.333103][0.051881,0.716211,0][-1.03969,0.37862,0.404413][-0.54723,0.768527,-0.331519][0.050257,0.738602,0][-1.03969,0.37862,0.404413][-0.54723,0.768527,-0.331519][0.050257,0.738602,0][-1.11665,0.409831,0.601828][-0.587294,0.739278,-0.329475][0.037857,0.738609,0][-0.882083,0.548671,0.592845][-0.47833,0.812553,-0.333103][0.038175,0.716825,0][-0.990345,0.317101,0.765][-0.415789,0.616149,0.668939][0.024694,0.738394,0][-0.758531,0.423181,0.774474][-0.346542,0.658636,0.667913][0.023761,0.715753,0][-0.882083,0.548671,0.592845][-0.346542,0.658636,0.667913][0.038175,0.716825,0][-0.882083,0.548671,0.592845][-0.346542,0.658636,0.667913][0.038175,0.716825,0][-1.11665,0.409831,0.601828][-0.450989,0.592256,0.667714][0.037857,0.738609,0][-0.990345,0.317101,0.765][-0.415789,0.616149,0.668939][0.024694,0.738394,0][-1.12578,0.21524,0.736385][0.675019,-0.706502,-0.21261][0.841094,0.896268,0][-1.22161,0.105631,0.688076][0.834937,-0.512771,-0.199867][0.842107,0.890035,0][-1.24951,0.140401,0.48065][0.835843,-0.511343,-0.199738][0.847326,0.890059,0][-1.24951,0.140401,0.48065][0.835843,-0.511343,-0.199738][0.847326,0.890059,0][-1.16638,0.26646,0.438287][0.672419,-0.708952,-0.212696][0.84854,0.896361,0][-1.12578,0.21524,0.736385][0.675019,-0.706502,-0.21261][0.841094,0.896268,0][-1.22161,0.105631,0.688076][-0.697081,0.233561,0.677885][0.029997,0.769197,0][-1.12578,0.21524,0.736385][-0.606196,0.455637,0.65186][0.026818,0.754694,0][-1.22008,0.26185,0.595058][-0.613029,0.443654,0.653733][0.037694,0.753799,0][-1.22008,0.26185,0.595058][-0.613029,0.443654,0.653733][0.037694,0.753799,0][-1.30827,0.1562,0.595808][-0.708075,0.193417,0.679131][0.037507,0.76833,0][-1.22161,0.105631,0.688076][-0.697081,0.233561,0.677885][0.029997,0.769197,0][-1.22008,0.26185,0.595058][-0.754034,0.568617,-0.328798][0.037694,0.753799,0][-1.16638,0.26646,0.438287][-0.742677,0.586834,-0.322579][0.047873,0.754636,0][-1.24951,0.140401,0.48065][-0.834863,0.381715,-0.396607][0.044634,0.768905,0][-1.24951,0.140401,0.48065][-0.834863,0.381715,-0.396607][0.044634,0.768905,0][-1.30827,0.1562,0.595808][-0.84376,0.349875,-0.40701][0.037507,0.76833,0][-1.22008,0.26185,0.595058][-0.754034,0.568617,-0.328798][0.037694,0.753799,0][0.506919,0.84327,0.71642][0.0848097,-0.987253,-0.134684][0.803065,0.906743,0][0.669661,0.892971,0.452436][0.0850147,-0.987251,-0.134564][0.794337,0.906721,0][0.7847,0.890871,0.56317][0.131046,-0.970703,-0.201401][0.794546,0.903027,0][0.7847,0.890871,0.56317][0.131046,-0.970703,-0.201401][0.794546,0.903027,0][0.652178,0.849871,0.775948][0.132975,-0.969457,-0.206083][0.802874,0.903049,0][0.506919,0.84327,0.71642][0.0848097,-0.987253,-0.134684][0.803065,0.906743,0][1.07661,0.784471,0.94324][-0.337693,-0.815951,-0.469241][0.800831,0.886793,0][1.10489,0.84877,0.799765][-0.250438,-0.843885,-0.474488][0.796368,0.886774,0][1.29172,0.591571,0.930234][-0.620143,-0.663102,-0.419187][0.798821,0.876972,0][0.675987,0.94657,0.635861][-0.404806,0.762625,0.504515][0.154842,0.726549,0][0.449551,0.875171,0.507752][-0.35968,0.86366,0.353159][0.154974,0.7177,0][0.506919,0.84327,0.71642][-0.35968,0.86366,0.353159][0.167886,0.717126,0][0.506919,0.84327,0.71642][-0.35968,0.86366,0.353159][0.167886,0.717126,0][0.652178,0.849871,0.775948][-0.417037,0.721719,0.55245][0.167238,0.726295,0][0.675987,0.94657,0.635861][-0.404806,0.762625,0.504515][0.154842,0.726549,0][1.15054,0.827971,0.890376][0.195997,0.442185,0.875247][0.154329,0.766219,0][1.07661,0.784471,0.94324][0.148438,0.456555,0.877225][0.161043,0.766763,0][1.29172,0.591571,0.930234][0.3849,0.372168,0.844596][0.155263,0.791533,0][0.669661,0.892971,0.452436][0.00157631,0.95972,-0.280956][0.141396,0.716686,0][0.449551,0.875171,0.507752][0.00157631,0.959719,-0.280956][0.154974,0.7177,0][0.675987,0.94657,0.635861][0.0966953,0.946109,-0.309076][0.154842,0.726549,0][0.675987,0.94657,0.635861][0.0966953,0.946109,-0.309076][0.154842,0.726549,0][0.7847,0.890871,0.56317][0.126206,0.939915,-0.317224][0.141755,0.725954,0][0.669661,0.892971,0.452436][0.00157631,0.95972,-0.280956][0.141396,0.716686,0][1.29172,0.591571,0.930234][0.836372,0.445524,-0.31936][0.155263,0.791533,0][1.10489,0.84877,0.799765][0.583504,0.792589,-0.176989][0.147254,0.767034,0][1.15054,0.827971,0.890376][0.723734,0.642454,-0.251916][0.154329,0.766219,0][0.897418,0.80817,0.923533][0.0600807,-0.935434,-0.348358][0.802475,0.895324,0][0.966498,0.915771,0.728037][0.0870797,-0.941074,-0.326797][0.794985,0.895297,0][1.10489,0.84877,0.799765][-0.250438,-0.843885,-0.474488][0.796368,0.886774,0][1.10489,0.84877,0.799765][-0.250438,-0.843885,-0.474488][0.796368,0.886774,0][1.07661,0.784471,0.94324][-0.337693,-0.815951,-0.469241][0.800831,0.886793,0][0.897418,0.80817,0.923533][0.0600807,-0.935434,-0.348358][0.802475,0.895324,0][1.10489,0.84877,0.799765][0.583504,0.792589,-0.176989][0.147254,0.767034,0][0.966498,0.915771,0.728037][0.304076,0.908271,-0.287371][0.142507,0.745344,0][0.93856,0.96477,0.857578][0.345904,0.900211,-0.264521][0.154566,0.745062,0][0.93856,0.96477,0.857578][0.345904,0.900211,-0.264521][0.154566,0.745062,0][1.15054,0.827971,0.890376][0.723734,0.642454,-0.251916][0.154329,0.766219,0][1.10489,0.84877,0.799765][0.583504,0.792589,-0.176989][0.147254,0.767034,0][0.93856,0.96477,0.857578][-0.294735,0.60831,0.736947][0.154566,0.745062,0][0.897418,0.80817,0.923533][-0.262128,0.600456,0.755474][0.165881,0.745476,0][1.07661,0.784471,0.94324][0.148438,0.456555,0.877225][0.161043,0.766763,0][1.07661,0.784471,0.94324][0.148438,0.456555,0.877225][0.161043,0.766763,0][1.15054,0.827971,0.890376][0.195997,0.442185,0.875247][0.154329,0.766219,0][0.93856,0.96477,0.857578][-0.294735,0.60831,0.736947][0.154566,0.745062,0][0.449551,0.875171,0.507752][0.0388147,-0.986094,-0.161593][0.954622,0.97539,0][0.669661,0.892971,0.452436][0.0850147,-0.987251,-0.134564][0.954316,0.977083,0][0.506919,0.84327,0.71642][0.0848097,-0.987253,-0.134684][0.954307,0.973837,0][0.966498,0.915771,0.728037][0.304076,0.908271,-0.287371][0.142507,0.745344,0][0.7847,0.890871,0.56317][0.126206,0.939915,-0.317224][0.141755,0.725954,0][0.675987,0.94657,0.635861][0.0966953,0.946109,-0.309076][0.154842,0.726549,0][0.675987,0.94657,0.635861][0.0966953,0.946109,-0.309076][0.154842,0.726549,0][0.93856,0.96477,0.857578][0.345904,0.900211,-0.264521][0.154566,0.745062,0][0.966498,0.915771,0.728037][0.304076,0.908271,-0.287371][0.142507,0.745344,0][0.652178,0.849871,0.775948][0.132975,-0.969457,-0.206083][0.802874,0.903049,0][0.7847,0.890871,0.56317][0.131046,-0.970703,-0.201401][0.794546,0.903027,0][0.966498,0.915771,0.728037][0.0870797,-0.941074,-0.326797][0.794985,0.895297,0][0.966498,0.915771,0.728037][0.0870797,-0.941074,-0.326797][0.794985,0.895297,0][0.897418,0.80817,0.923533][0.0600807,-0.935434,-0.348358][0.802475,0.895324,0][0.652178,0.849871,0.775948][0.132975,-0.969457,-0.206083][0.802874,0.903049,0][0.93856,0.96477,0.857578][-0.294735,0.60831,0.736947][0.154566,0.745062,0][0.675987,0.94657,0.635861][-0.404806,0.762625,0.504515][0.154842,0.726549,0][0.652178,0.849871,0.775948][-0.417037,0.721719,0.55245][0.167238,0.726295,0][0.652178,0.849871,0.775948][-0.417037,0.721719,0.55245][0.167238,0.726295,0][0.897418,0.80817,0.923533][-0.262128,0.600456,0.755474][0.165881,0.745476,0][0.93856,0.96477,0.857578][-0.294735,0.60831,0.736947][0.154566,0.745062,0][-0.269566,0.87347,0.362824][-0.0278383,-0.987509,0.155082][0.219714,0.840574,0][-0.63566,0.884871,0.3696][0.0379157,-0.988281,0.147863][0.218909,0.854887,0][-0.679298,0.825171,-0.0183561][0.0358997,-0.988322,0.148094][0.209526,0.854858,0][-0.679298,0.825171,-0.0183561][0.0358997,-0.988322,0.148094][0.209526,0.854858,0][-0.320696,0.80397,-0.0892221][-0.0278383,-0.987509,0.155082][0.20878,0.840553,0][-0.269566,0.87347,0.362824][-0.0278383,-0.987509,0.155082][0.219714,0.840574,0][-0.944629,0.792171,0.106427][0.224766,-0.966534,0.123663][0.211591,0.865543,0][-0.918756,0.82777,0.33757][0.224442,-0.966603,0.12371][0.217181,0.865565,0][-1.25179,0.690671,0.266305][0.359661,-0.927427,0.102583][0.214113,0.877845,0][-0.291865,0.98167,0.106122][-0.0716978,0.723601,-0.686485][0.570118,0.8019,0][-0.320696,0.80397,-0.0892221][-0.0716978,0.723601,-0.686485][0.554289,0.802601,0][-0.679298,0.825171,-0.0183561][-0.186397,0.718697,-0.669874][0.55675,0.767849,0][-0.679298,0.825171,-0.0183561][-0.186397,0.718697,-0.669874][0.55675,0.767849,0][-0.648159,0.994071,0.145367][-0.179669,0.719257,-0.67111][0.570622,0.768358,0][-0.291865,0.98167,0.106122][-0.0716978,0.723601,-0.686485][0.570118,0.8019,0][-0.929642,0.885871,0.205505][-0.415138,0.681513,-0.602661][0.570916,0.742422,0][-0.944629,0.792171,0.106427][-0.421161,0.680584,-0.599523][0.562685,0.741754,0][-1.25179,0.690671,0.266305][-0.505958,0.663594,-0.551044][0.569774,0.71139,0][-0.63566,0.884871,0.3696][-0.0491247,0.906924,0.418421][0.585405,0.768014,0][-0.269566,0.87347,0.362824][0.0561203,0.911345,0.4078][0.586762,0.803146,0][-0.291865,0.98167,0.106122][0.0561203,0.911345,0.4078][0.570118,0.8019,0][-0.291865,0.98167,0.106122][0.0561203,0.911345,0.4078][0.570118,0.8019,0][-0.648159,0.994071,0.145367][-0.0389397,0.907798,0.417596][0.570622,0.768358,0][-0.63566,0.884871,0.3696][-0.0491247,0.906924,0.418421][0.585405,0.768014,0][-1.25179,0.690671,0.266305][-0.420584,0.817158,0.394161][0.569774,0.71139,0][-0.918756,0.82777,0.33757][-0.289603,0.860929,0.418249][0.579588,0.741424,0][-0.929642,0.885871,0.205505][-0.281012,0.863158,0.419513][0.570916,0.742422,0][-0.63566,0.884871,0.3696][0.0379157,-0.988281,0.147863][0.218909,0.854887,0][-0.918756,0.82777,0.33757][0.224442,-0.966603,0.12371][0.217181,0.865565,0][-0.944629,0.792171,0.106427][0.224766,-0.966534,0.123663][0.211591,0.865543,0][-0.944629,0.792171,0.106427][0.224766,-0.966534,0.123663][0.211591,0.865543,0][-0.679298,0.825171,-0.0183561][0.0358997,-0.988322,0.148094][0.209526,0.854858,0][-0.63566,0.884871,0.3696][0.0379157,-0.988281,0.147863][0.218909,0.854887,0][-0.63566,0.884871,0.3696][-0.0491247,0.906924,0.418421][0.585405,0.768014,0][-0.648159,0.994071,0.145367][-0.0389397,0.907798,0.417596][0.570622,0.768358,0][-0.929642,0.885871,0.205505][-0.281012,0.863158,0.419513][0.570916,0.742422,0][-0.929642,0.885871,0.205505][-0.281012,0.863158,0.419513][0.570916,0.742422,0][-0.918756,0.82777,0.33757][-0.289603,0.860929,0.418249][0.579588,0.741424,0][-0.63566,0.884871,0.3696][-0.0491247,0.906924,0.418421][0.585405,0.768014,0][-0.929642,0.885871,0.205505][-0.415138,0.681513,-0.602661][0.570916,0.742422,0][-0.648159,0.994071,0.145367][-0.179669,0.719257,-0.67111][0.570622,0.768358,0][-0.679298,0.825171,-0.0183561][-0.186397,0.718697,-0.669874][0.55675,0.767849,0][-0.679298,0.825171,-0.0183561][-0.186397,0.718697,-0.669874][0.55675,0.767849,0][-0.944629,0.792171,0.106427][-0.421161,0.680584,-0.599523][0.562685,0.741754,0][-0.929642,0.885871,0.205505][-0.415138,0.681513,-0.602661][0.570916,0.742422,0][-0.291865,0.98167,0.106122][0.993397,-0.0453283,-0.105393][0.963846,0.976144,0][-0.269566,0.87347,0.362824][0.993397,-0.0453283,-0.105393][0.963491,0.978111,0][-0.320696,0.80397,-0.0892221][0.993397,-0.0453283,-0.105393][0.96348,0.974338,0][0.0140073,0.873971,1.22436][-0.100329,-0.960925,-0.257986][0.978851,0.63854,0][0.308241,0.84257,1.22701][-0.100342,-0.961013,-0.257656][0.986537,0.638671,0][0.125945,0.679971,1.657][-0.0944713,-0.917307,-0.386811][0.982098,0.6555,0][0.169819,0.991171,1.20489][-0.540294,0.756713,0.36806][0.601915,0.3169,0][0.0140073,0.873971,1.22436][-0.529864,0.752368,0.391391][0.614021,0.317814,0][0.125945,0.679971,1.657][-0.49696,0.736568,0.4588][0.603854,0.362514,0][0.125945,0.679971,1.657][0.599176,0.631137,0.4926][0.603854,0.362514,0][0.308241,0.84257,1.22701][0.648123,0.648697,0.39891][0.589173,0.318439,0][0.169819,0.991171,1.20489][0.662598,0.652846,0.367092][0.601915,0.3169,0][0.00286329,0.949571,0.0310449][-0.103493,-0.97811,-0.180528][0.95301,0.957833,0][0.444877,0.832371,0.412548][-0.10689,-0.992756,0.054859][0.952364,0.961411,0][-0.130581,0.894071,0.408022][-0.106714,-0.994219,0.011909][0.952345,0.954549,0][0.360102,0.87637,0.696429][0.746727,0.664056,-0.037794][0.582821,0.260031,0][0.15174,1.12947,0.651269][0.742312,0.668153,-0.050436][0.601869,0.268022,0][0.173886,1.08767,0.9935][0.754181,0.650979,0.08624][0.602033,0.295844,0][0.173886,1.08767,0.9935][0.754181,0.650979,0.08624][0.602033,0.295844,0][0.35816,0.869671,1.03387][0.745923,0.654625,0.12274][0.584632,0.297428,0][0.360102,0.87637,0.696429][0.746727,0.664056,-0.037794][0.582821,0.260031,0][0.360102,0.87637,0.696429][-0.106145,-0.99417,-0.018981][0.988025,0.616605,0][0.35816,0.869671,1.03387][-0.105646,-0.992469,-0.062001][0.988176,0.627398,0][-0.0382217,0.912471,1.02789][-0.10573,-0.992761,-0.056979][0.979135,0.627198,0][-0.0382217,0.912471,1.02789][-0.10573,-0.992761,-0.056979][0.979135,0.627198,0][-0.0958767,0.924971,0.691387][-0.106142,-0.99417,-0.018968][0.976115,0.61636,0][0.360102,0.87637,0.696429][-0.106145,-0.99417,-0.018981][0.988025,0.616605,0][-0.0958767,0.924971,0.691387][-0.618325,0.780428,0.092769][0.623397,0.260045,0][-0.0382217,0.912471,1.02789][-0.601294,0.774278,0.197328][0.618501,0.296877,0][0.173886,1.08767,0.9935][-0.605877,0.774664,0.18113][0.602033,0.295844,0][0.173886,1.08767,0.9935][-0.605877,0.774664,0.18113][0.602033,0.295844,0][0.15174,1.12947,0.651269][-0.618321,0.780519,0.092028][0.601869,0.268022,0][-0.0958767,0.924971,0.691387][-0.618325,0.780428,0.092769][0.623397,0.260045,0][-0.106744,0.928071,0.587531][-0.106503,-0.985279,0.133729][0.975874,0.611991,0][0.391913,0.87477,0.592389][-0.106462,-0.983922,0.143396][0.988899,0.612229,0][0.360102,0.87637,0.696429][-0.106145,-0.99417,-0.018981][0.988025,0.616605,0][0.360102,0.87637,0.696429][-0.106145,-0.99417,-0.018981][0.988025,0.616605,0][-0.0958767,0.924971,0.691387][-0.106142,-0.99417,-0.018968][0.976115,0.61636,0][-0.106744,0.928071,0.587531][-0.106503,-0.985279,0.133729][0.975874,0.611991,0][0.15174,1.12947,0.651269][-0.618321,0.780519,0.092028][0.601869,0.268022,0][0.100091,1.07927,0.427087][-0.618388,0.783459,-0.061555][0.602126,0.254243,0][-0.106744,0.928071,0.587531][-0.617809,0.785143,-0.043151][0.624275,0.2487,0][-0.106744,0.928071,0.587531][-0.617809,0.785143,-0.043151][0.624275,0.2487,0][-0.0958767,0.924971,0.691387][-0.618325,0.780428,0.092769][0.623397,0.260045,0][0.15174,1.12947,0.651269][-0.618321,0.780519,0.092028][0.601869,0.268022,0][0.391913,0.87477,0.592389][0.606672,0.759298,-0.235405][0.581137,0.248503,0][0.100091,1.07927,0.427087][0.583935,0.771266,-0.253316][0.602126,0.254243,0][0.15174,1.12947,0.651269][0.742312,0.668153,-0.050436][0.601869,0.268022,0][0.15174,1.12947,0.651269][0.742312,0.668153,-0.050436][0.601869,0.268022,0][0.360102,0.87637,0.696429][0.746727,0.664056,-0.037794][0.582821,0.260031,0][0.391913,0.87477,0.592389][0.606672,0.759298,-0.235405][0.581137,0.248503,0][0.35816,0.869671,1.03387][-0.105646,-0.992469,-0.062001][0.988176,0.627398,0][0.308241,0.84257,1.22701][-0.100342,-0.961013,-0.257656][0.986537,0.638671,0][0.0140073,0.873971,1.22436][-0.100329,-0.960925,-0.257986][0.978851,0.63854,0][0.0140073,0.873971,1.22436][-0.100329,-0.960925,-0.257986][0.978851,0.63854,0][-0.0382217,0.912471,1.02789][-0.10573,-0.992761,-0.056979][0.979135,0.627198,0][0.35816,0.869671,1.03387][-0.105646,-0.992469,-0.062001][0.988176,0.627398,0][0.35816,0.869671,1.03387][0.745923,0.654625,0.12274][0.584632,0.297428,0][0.173886,1.08767,0.9935][0.754181,0.650979,0.08624][0.602033,0.295844,0][0.169819,0.991171,1.20489][0.662598,0.652846,0.367092][0.601915,0.3169,0][0.169819,0.991171,1.20489][0.662598,0.652846,0.367092][0.601915,0.3169,0][0.308241,0.84257,1.22701][0.648123,0.648697,0.39891][0.589173,0.318439,0][0.35816,0.869671,1.03387][0.745923,0.654625,0.12274][0.584632,0.297428,0][0.169819,0.991171,1.20489][-0.540294,0.756713,0.36806][0.601915,0.3169,0][0.173886,1.08767,0.9935][-0.605877,0.774664,0.18113][0.602033,0.295844,0][-0.0382217,0.912471,1.02789][-0.601294,0.774278,0.197328][0.618501,0.296877,0][-0.0382217,0.912471,1.02789][-0.601294,0.774278,0.197328][0.618501,0.296877,0][0.0140073,0.873971,1.22436][-0.529864,0.752368,0.391391][0.614021,0.317814,0][0.169819,0.991171,1.20489][-0.540294,0.756713,0.36806][0.601915,0.3169,0][0.100091,1.07927,0.427087][-0.618388,0.783459,-0.061555][0.602126,0.254243,0][0.00286329,0.949571,0.0310449][-0.61888,0.78011,-0.091739][0.602589,0.229447,0][-0.130581,0.894071,0.408022][-0.61888,0.78011,-0.091739][0.625854,0.228284,0][-0.130581,0.894071,0.408022][-0.61888,0.78011,-0.091739][0.625854,0.228284,0][-0.106744,0.928071,0.587531][-0.617809,0.785143,-0.043151][0.624275,0.2487,0][0.100091,1.07927,0.427087][-0.618388,0.783459,-0.061555][0.602126,0.254243,0][-0.130581,0.894071,0.408022][-0.106714,-0.994219,0.011909][0.97544,0.604129,0][0.444877,0.832371,0.412548][-0.10689,-0.992756,0.054859][0.990472,0.604356,0][0.391913,0.87477,0.592389][-0.106462,-0.983922,0.143396][0.988899,0.612229,0][0.391913,0.87477,0.592389][-0.106462,-0.983922,0.143396][0.988899,0.612229,0][-0.106744,0.928071,0.587531][-0.106503,-0.985279,0.133729][0.975874,0.611991,0][-0.130581,0.894071,0.408022][-0.106714,-0.994219,0.011909][0.97544,0.604129,0][0.100091,1.07927,0.427087][0.583935,0.771266,-0.253316][0.602126,0.254243,0][0.391913,0.87477,0.592389][0.606672,0.759298,-0.235405][0.581137,0.248503,0][0.444877,0.832371,0.412548][0.551662,0.786519,-0.277591][0.578107,0.227756,0][0.444877,0.832371,0.412548][0.551662,0.786519,-0.277591][0.578107,0.227756,0][0.00286329,0.949571,0.0310449][0.551662,0.786519,-0.277591][0.602589,0.229447,0][0.100091,1.07927,0.427087][0.583935,0.771266,-0.253316][0.602126,0.254243,0][0.769079,1.04207,-0.323993][-0.0368483,-0.984789,-0.169801][0.388998,0.877342,0][0.519739,1.10387,-0.553352][-0.0351813,-0.984658,-0.170912][0.380899,0.877306,0][0.922402,1.04597,-0.725251][-0.173682,-0.981878,-0.075832][0.385354,0.859516,0][0.662996,1.20057,-0.415192][0.610411,0.693508,0.382683][0.847265,0.49192,0][0.769079,1.04207,-0.323993][0.603812,0.696103,0.388395][0.858853,0.492855,0][0.922402,1.04597,-0.725251][0.715737,0.63993,0.27966][0.848892,0.535607,0][0.922402,1.04597,-0.725251][-0.0921027,0.85816,-0.505052][0.848892,0.535607,0][0.519739,1.10387,-0.553352][-0.272322,0.901701,-0.335822][0.835056,0.493329,0][0.662996,1.20057,-0.415192][-0.258003,0.900251,-0.350689][0.847265,0.49192,0][0.0460902,0.809771,0.177307][-0.732908,-0.243031,0.635438][0.973168,0.968392,0][-0.180166,0.67187,-0.13639][-0.732908,-0.243031,0.635438][0.972706,0.970949,0][0.27315,0.62907,0.370078][-0.732908,-0.243031,0.635438][0.972692,0.966045,0][0.305654,1.05607,-0.435553][-0.464987,0.876746,-0.122896][0.829887,0.469752,0][0.0902903,0.93657,-0.304556][-0.621005,0.779433,0.082684][0.826434,0.443251,0][0.312591,1.08807,-0.0391751][-0.601608,0.796953,0.05416][0.847835,0.443599,0][0.312591,1.08807,-0.0391751][-0.601608,0.796953,0.05416][0.847835,0.443599,0][0.493781,1.18597,-0.21982][-0.45108,0.881536,-0.139363][0.84757,0.468296,0][0.305654,1.05607,-0.435553][-0.464987,0.876746,-0.122896][0.829887,0.469752,0][0.0902903,0.93657,-0.304556][0.392753,-0.822555,-0.411277][0.378122,0.89807,0][0.305654,1.05607,-0.435553][0.171738,-0.943924,-0.281981][0.379327,0.886978,0][0.64692,1.00537,-0.0766841][0.177829,-0.941932,-0.284853][0.390882,0.887122,0][0.64692,1.00537,-0.0766841][0.177829,-0.941932,-0.284853][0.390882,0.887122,0][0.447328,0.878771,0.190767][0.411147,-0.807686,-0.422614][0.392212,0.898122,0][0.0902903,0.93657,-0.304556][0.392753,-0.822555,-0.411277][0.378122,0.89807,0][0.64692,1.00537,-0.0766841][0.351868,0.755313,0.552894][0.864118,0.469656,0][0.493781,1.18597,-0.21982][0.392607,0.750524,0.531577][0.84757,0.468296,0][0.312591,1.08807,-0.0391751][0.0886032,0.73645,0.670664][0.847835,0.443599,0][0.312591,1.08807,-0.0391751][0.0886032,0.73645,0.670664][0.847835,0.443599,0][0.447328,0.878771,0.190767][-0.0394038,0.702022,0.711064][0.867994,0.443589,0][0.64692,1.00537,-0.0766841][0.351868,0.755313,0.552894][0.864118,0.469656,0][-0.180166,0.67187,-0.13639][0.487108,-0.737299,-0.468097][0.377206,0.913509,0][0.0902903,0.93657,-0.304556][0.392753,-0.822555,-0.411277][0.378122,0.89807,0][0.447328,0.878771,0.190767][0.411147,-0.807686,-0.422614][0.392212,0.898122,0][0.447328,0.878771,0.190767][0.411147,-0.807686,-0.422614][0.392212,0.898122,0][0.27315,0.62907,0.370078][0.487108,-0.737299,-0.468097][0.393046,0.91355,0][-0.180166,0.67187,-0.13639][0.487108,-0.737299,-0.468097][0.377206,0.913509,0][0.0460902,0.809771,0.177307][-0.139043,0.665689,0.733162][0.848351,0.408183,0][0.27315,0.62907,0.370078][-0.139043,0.665689,0.733162][0.870635,0.407187,0][0.447328,0.878771,0.190767][-0.0394038,0.702022,0.711064][0.867994,0.443589,0][0.447328,0.878771,0.190767][-0.0394038,0.702022,0.711064][0.867994,0.443589,0][0.312591,1.08807,-0.0391751][0.0886032,0.73645,0.670664][0.847835,0.443599,0][0.0460902,0.809771,0.177307][-0.139043,0.665689,0.733162][0.848351,0.408183,0][0.0902903,0.93657,-0.304556][-0.621005,0.779433,0.082684][0.826434,0.443251,0][-0.180166,0.67187,-0.13639][-0.654719,0.743611,0.135591][0.824918,0.406441,0][0.0460902,0.809771,0.177307][-0.65472,0.743611,0.135591][0.848351,0.408183,0][0.0460902,0.809771,0.177307][-0.65472,0.743611,0.135591][0.848351,0.408183,0][0.312591,1.08807,-0.0391751][-0.601608,0.796953,0.05416][0.847835,0.443599,0][0.0902903,0.93657,-0.304556][-0.621005,0.779433,0.082684][0.826434,0.443251,0][0.305654,1.05607,-0.435553][0.171738,-0.943924,-0.281981][0.379327,0.886978,0][0.519739,1.10387,-0.553352][-0.0351813,-0.984658,-0.170912][0.380899,0.877306,0][0.769079,1.04207,-0.323993][-0.0368483,-0.984789,-0.169801][0.388998,0.877342,0][0.769079,1.04207,-0.323993][-0.0368483,-0.984789,-0.169801][0.388998,0.877342,0][0.64692,1.00537,-0.0766841][0.177829,-0.941932,-0.284853][0.390882,0.887122,0][0.305654,1.05607,-0.435553][0.171738,-0.943924,-0.281981][0.379327,0.886978,0][0.519739,1.10387,-0.553352][-0.272322,0.901701,-0.335822][0.835056,0.493329,0][0.305654,1.05607,-0.435553][-0.464987,0.876746,-0.122896][0.829887,0.469752,0][0.493781,1.18597,-0.21982][-0.45108,0.881536,-0.139363][0.84757,0.468296,0][0.493781,1.18597,-0.21982][-0.45108,0.881536,-0.139363][0.84757,0.468296,0][0.662996,1.20057,-0.415192][-0.258003,0.900251,-0.350689][0.847265,0.49192,0][0.519739,1.10387,-0.553352][-0.272322,0.901701,-0.335822][0.835056,0.493329,0][0.493781,1.18597,-0.21982][0.392607,0.750524,0.531577][0.84757,0.468296,0][0.64692,1.00537,-0.0766841][0.351868,0.755313,0.552894][0.864118,0.469656,0][0.769079,1.04207,-0.323993][0.603812,0.696103,0.388395][0.858853,0.492855,0][0.769079,1.04207,-0.323993][0.603812,0.696103,0.388395][0.858853,0.492855,0][0.662996,1.20057,-0.415192][0.610411,0.693508,0.382683][0.847265,0.49192,0][0.493781,1.18597,-0.21982][0.392607,0.750524,0.531577][0.84757,0.468296,0][0.279232,0.78987,0.453873][0.254892,-0.966534,0.02902][0.01987,0.838187,0][0.170474,0.818971,0.900624][0.25138,-0.966258,0.056157][0.018857,0.856186,0][-0.305473,0.69147,0.837912][0.251101,-0.966212,0.058166][0.007057,0.85615,0][-0.305473,0.69147,0.837912][0.251101,-0.966212,0.058166][0.007057,0.85615,0][-0.275447,0.641471,0.381136][0.255349,-0.966513,0.025487][0.006119,0.83816,0][0.279232,0.78987,0.453873][0.254892,-0.966534,0.02902][0.01987,0.838187,0][-0.23392,0.677871,1.20177][0.272767,-0.953005,-0.131833][0.009653,0.869588,0][0.0496082,0.753871,1.2393][0.272738,-0.953059,-0.131504][0.016683,0.869615,0][-0.12441,0.585271,1.63232][0.28238,-0.920589,-0.269773][0.012826,0.88506,0][-0.1188,0.924371,0.838573][-0.751497,0.656965,-0.06041][0.03871,0.459895,0][-0.0100947,0.856371,0.141231][-0.735541,0.65931,-0.155851][0.039391,0.414607,0][-0.275447,0.641471,0.381136][-0.735541,0.65931,-0.155851][0.060763,0.413661,0][-0.275447,0.641471,0.381136][-0.735541,0.65931,-0.155851][0.060763,0.413661,0][-0.305473,0.69147,0.837912][-0.752267,0.656611,-0.054378][0.05744,0.460583,0][-0.1188,0.924371,0.838573][-0.751497,0.656965,-0.06041][0.03871,0.459895,0][-0.121092,0.80827,1.20748][-0.752997,0.622119,0.214392][0.038314,0.494914,0][-0.23392,0.677871,1.20177][-0.751394,0.621729,0.221044][0.049426,0.495816,0][-0.12441,0.585271,1.63232][-0.724284,0.61283,0.315994][0.039855,0.536814,0][0.279232,0.78987,0.453873][0.298957,0.95396,-0.024191][0.016918,0.412926,0][-0.0100947,0.856371,0.141231][0.298957,0.95396,-0.024191][0.039391,0.414607,0][-0.1188,0.924371,0.838573][0.291878,0.954547,0.06039][0.03871,0.459895,0][-0.1188,0.924371,0.838573][0.291878,0.954547,0.06039][0.03871,0.459895,0][0.170474,0.818971,0.900624][0.290968,0.95419,0.069701][0.018751,0.460359,0][0.279232,0.78987,0.453873][0.298957,0.95396,-0.024191][0.016918,0.412926,0][-0.12441,0.585271,1.63232][0.191691,0.868412,0.457292][0.039855,0.536814,0][0.0496082,0.753871,1.2393][0.243335,0.910626,0.333989][0.026604,0.496261,0][-0.121092,0.80827,1.20748][0.246482,0.912722,0.325861][0.038314,0.494914,0][0.170474,0.818971,0.900624][0.25138,-0.966258,0.056157][0.018857,0.856186,0][0.0496082,0.753871,1.2393][0.272738,-0.953059,-0.131504][0.016683,0.869615,0][-0.23392,0.677871,1.20177][0.272767,-0.953005,-0.131833][0.009653,0.869588,0][-0.23392,0.677871,1.20177][0.272767,-0.953005,-0.131833][0.009653,0.869588,0][-0.305473,0.69147,0.837912][0.251101,-0.966212,0.058166][0.007057,0.85615,0][0.170474,0.818971,0.900624][0.25138,-0.966258,0.056157][0.018857,0.856186,0][0.170474,0.818971,0.900624][0.290968,0.95419,0.069701][0.018751,0.460359,0][-0.1188,0.924371,0.838573][0.291878,0.954547,0.06039][0.03871,0.459895,0][-0.121092,0.80827,1.20748][0.246482,0.912722,0.325861][0.038314,0.494914,0][-0.121092,0.80827,1.20748][0.246482,0.912722,0.325861][0.038314,0.494914,0][0.0496082,0.753871,1.2393][0.243335,0.910626,0.333989][0.026604,0.496261,0][0.170474,0.818971,0.900624][0.290968,0.95419,0.069701][0.018751,0.460359,0][-0.121092,0.80827,1.20748][-0.752997,0.622119,0.214392][0.038314,0.494914,0][-0.1188,0.924371,0.838573][-0.751497,0.656965,-0.06041][0.03871,0.459895,0][-0.305473,0.69147,0.837912][-0.752267,0.656611,-0.054378][0.05744,0.460583,0][-0.305473,0.69147,0.837912][-0.752267,0.656611,-0.054378][0.05744,0.460583,0][-0.23392,0.677871,1.20177][-0.751394,0.621729,0.221044][0.049426,0.495816,0][-0.121092,0.80827,1.20748][-0.752997,0.622119,0.214392][0.038314,0.494914,0][-0.0100947,0.856371,0.141231][0.285448,-0.848978,-0.444697][0.946707,0.967579,0][0.279232,0.78987,0.453873][0.254892,-0.966534,0.02902][0.946127,0.970792,0][-0.275447,0.641471,0.381136][0.255349,-0.966513,0.025487][0.94611,0.964629,0][1.17844,0.452671,0.785295][-0.749699,-0.601044,-0.276945][0.807508,0.974776,0][1.28613,0.424931,0.55481][-0.74948,-0.601383,-0.2768][0.813862,0.974822,0][1.36293,0.0797005,0.786102][-0.841682,-0.417049,-0.342991][0.810329,0.988769,0][1.28584,0.51397,0.691248][0.456496,0.406091,0.791645][0.321997,0.32429,0][1.17844,0.452671,0.785295][0.467753,0.389854,0.793234][0.331579,0.325051,0][1.36293,0.0797005,0.786102][0.542445,0.270022,0.795514][0.32339,0.360409,0][1.36293,0.0797005,0.786102][0.983337,0.153151,-0.097946][0.32339,0.360409,0][1.28613,0.424931,0.55481][0.935652,0.29324,-0.196381][0.311904,0.325469,0][1.28584,0.51397,0.691248][0.927058,0.31123,-0.209045][0.321997,0.32429,0][0.599987,0.796471,0.353787][-0.621725,-0.758183,-0.196513][0.980319,0.975967,0][0.824665,0.65517,0.187802][-0.383863,-0.920989,-0.066541][0.979912,0.978218,0][0.615395,0.70987,0.639179][-0.391022,-0.917696,-0.070258][0.9799,0.973901,0][1.19304,0.552371,0.44212][0.77463,0.511081,-0.372484][0.307583,0.305714,0][1.05103,0.633471,0.325903][0.506542,0.685605,-0.52284][0.304733,0.283015,0][1.03423,0.821271,0.55168][0.531184,0.674075,-0.51329][0.322426,0.283471,0][1.03423,0.821271,0.55168][0.531184,0.674075,-0.51329][0.322426,0.283471,0][1.1822,0.707371,0.628717][0.763733,0.520828,-0.381379][0.322187,0.30437,0][1.19304,0.552371,0.44212][0.77463,0.511081,-0.372484][0.307583,0.305714,0][1.05103,0.633471,0.325903][-0.251504,-0.967856,0.000654][0.816083,0.958114,0][1.19304,0.552371,0.44212][-0.528234,-0.836809,-0.143942][0.815288,0.964883,0][1.03935,0.593071,0.771307][-0.524058,-0.839827,-0.141613][0.807086,0.964811,0][1.03935,0.593071,0.771307][-0.524058,-0.839827,-0.141613][0.807086,0.964811,0][0.864703,0.682071,0.726952][-0.249598,-0.968348,0.001596][0.805037,0.958042,0][1.05103,0.633471,0.325903][-0.251504,-0.967856,0.000654][0.816083,0.958114,0][1.03935,0.593071,0.771307][0.266477,0.60764,0.748174][0.335942,0.305558,0][1.1822,0.707371,0.628717][0.25918,0.613745,0.74575][0.322187,0.30437,0][1.03423,0.821271,0.55168][0.0142233,0.781941,0.62319][0.322426,0.283471,0][1.03423,0.821271,0.55168][0.0142233,0.781941,0.62319][0.322426,0.283471,0][0.864703,0.682071,0.726952][-0.0125257,0.795788,0.605447][0.339101,0.283254,0][1.03935,0.593071,0.771307][0.266477,0.60764,0.748174][0.335942,0.305558,0][0.858134,0.651971,0.208222][-0.131116,-0.989611,0.058987][0.816725,0.948156,0][1.05103,0.633471,0.325903][-0.251504,-0.967856,0.000654][0.816083,0.958114,0][0.864703,0.682071,0.726952][-0.249598,-0.968348,0.001596][0.805037,0.958042,0][0.864703,0.682071,0.726952][-0.249598,-0.968348,0.001596][0.805037,0.958042,0][0.652256,0.70567,0.652157][-0.131116,-0.989611,0.058987][0.804502,0.948089,0][0.858134,0.651971,0.208222][-0.131116,-0.989611,0.058987][0.816725,0.948156,0][0.81857,0.851871,0.448489][-0.176427,0.862655,0.474025][0.322748,0.259256,0][0.652256,0.70567,0.652157][-0.20782,0.871936,0.443327][0.340912,0.258501,0][0.864703,0.682071,0.726952][-0.0125257,0.795788,0.605447][0.339101,0.283254,0][0.864703,0.682071,0.726952][-0.0125257,0.795788,0.605447][0.339101,0.283254,0][1.03423,0.821271,0.55168][0.0142233,0.781941,0.62319][0.322426,0.283471,0][0.81857,0.851871,0.448489][-0.176427,0.862655,0.474025][0.322748,0.259256,0][1.05103,0.633471,0.325903][0.506542,0.685605,-0.52284][0.304733,0.283015,0][0.858134,0.651971,0.208222][0.266421,0.767484,-0.583086][0.303619,0.257983,0][0.81857,0.851871,0.448489][0.307652,0.756779,-0.576746][0.322748,0.259256,0][0.81857,0.851871,0.448489][0.307652,0.756779,-0.576746][0.322748,0.259256,0][1.03423,0.821271,0.55168][0.531184,0.674075,-0.51329][0.322426,0.283471,0][1.05103,0.633471,0.325903][0.506542,0.685605,-0.52284][0.304733,0.283015,0][1.19304,0.552371,0.44212][-0.528234,-0.836809,-0.143942][0.815288,0.964883,0][1.28613,0.424931,0.55481][-0.74948,-0.601383,-0.2768][0.813862,0.974822,0][1.17844,0.452671,0.785295][-0.749699,-0.601044,-0.276945][0.807508,0.974776,0][1.17844,0.452671,0.785295][-0.749699,-0.601044,-0.276945][0.807508,0.974776,0][1.03935,0.593071,0.771307][-0.524058,-0.839827,-0.141613][0.807086,0.964811,0][1.19304,0.552371,0.44212][-0.528234,-0.836809,-0.143942][0.815288,0.964883,0][1.19304,0.552371,0.44212][0.77463,0.511081,-0.372484][0.307583,0.305714,0][1.1822,0.707371,0.628717][0.763733,0.520828,-0.381379][0.322187,0.30437,0][1.28584,0.51397,0.691248][0.927058,0.31123,-0.209045][0.321997,0.32429,0][1.28584,0.51397,0.691248][0.927058,0.31123,-0.209045][0.321997,0.32429,0][1.28613,0.424931,0.55481][0.935652,0.29324,-0.196381][0.311904,0.325469,0][1.19304,0.552371,0.44212][0.77463,0.511081,-0.372484][0.307583,0.305714,0][1.28584,0.51397,0.691248][0.456496,0.406091,0.791645][0.321997,0.32429,0][1.1822,0.707371,0.628717][0.25918,0.613745,0.74575][0.322187,0.30437,0][1.03935,0.593071,0.771307][0.266477,0.60764,0.748174][0.335942,0.305558,0][1.03935,0.593071,0.771307][0.266477,0.60764,0.748174][0.335942,0.305558,0][1.17844,0.452671,0.785295][0.467753,0.389854,0.793234][0.331579,0.325051,0][1.28584,0.51397,0.691248][0.456496,0.406091,0.791645][0.321997,0.32429,0][0.81857,0.851871,0.448489][-0.176427,0.862655,0.474025][0.322748,0.259256,0][0.599987,0.796471,0.353787][-0.316599,0.890685,0.326259][0.322803,0.255055,0][0.615395,0.70987,0.639179][-0.316599,0.890685,0.326259][0.341227,0.254206,0][0.615395,0.70987,0.639179][-0.316599,0.890685,0.326259][0.341227,0.254206,0][0.652256,0.70567,0.652157][-0.20782,0.871936,0.443327][0.340912,0.258501,0][0.81857,0.851871,0.448489][-0.176427,0.862655,0.474025][0.322748,0.259256,0][0.824665,0.65517,0.187802][-0.383863,-0.920989,-0.066541][0.816836,0.946427,0][0.858134,0.651971,0.208222][-0.131116,-0.989611,0.058987][0.816725,0.948156,0][0.652256,0.70567,0.652157][-0.131116,-0.989611,0.058987][0.804502,0.948089,0][0.652256,0.70567,0.652157][-0.131116,-0.989611,0.058987][0.804502,0.948089,0][0.615395,0.70987,0.639179][-0.391022,-0.917696,-0.070258][0.804409,0.946362,0][0.824665,0.65517,0.187802][-0.383863,-0.920989,-0.066541][0.816836,0.946427,0][0.81857,0.851871,0.448489][0.307652,0.756779,-0.576746][0.322748,0.259256,0][0.858134,0.651971,0.208222][0.266421,0.767484,-0.583086][0.303619,0.257983,0][0.824665,0.65517,0.187802][0.107993,0.794823,-0.597155][0.303426,0.25364,0][0.824665,0.65517,0.187802][0.107993,0.794823,-0.597155][0.303426,0.25364,0][0.599987,0.796471,0.353787][0.107993,0.794823,-0.597155][0.322803,0.255055,0][0.81857,0.851871,0.448489][0.307652,0.756779,-0.576746][0.322748,0.259256,0]