version 1.00
1480
[0.711851,0.209096,-0.177982][0.223554,0.973435,-0.0494681][0.924647,0.340506,0][0.829297,0.16659,-0.261881][0.292125,0.953756,-0.0707941][0.92864,0.334798,0][0.663345,0.169741,-0.785025][0.244308,0.963888,-0.105987][0.952828,0.34275,0][0.663345,0.169741,-0.785025][0.244308,0.963888,-0.105987][0.952828,0.34275,0][0.575719,0.209602,-0.620212][0.194397,0.97816,-0.0735691][0.945066,0.346949,0][0.711851,0.209096,-0.177982][0.223554,0.973435,-0.0494681][0.924647,0.340506,0][0.575719,0.209602,-0.620212][0.194397,0.97816,-0.0735691][0.945066,0.346949,0][0.663345,0.169741,-0.785025][0.244308,0.963888,-0.105987][0.952828,0.34275,0][0.460649,0.171934,-1.16396][0.174944,0.973929,-0.144419][0.970145,0.352325,0][0.460649,0.171934,-1.16396][0.174944,0.973929,-0.144419][0.970145,0.352325,0][0.400969,0.210007,-0.966486][0.144896,0.984713,-0.0966731][0.960911,0.355142,0][0.575719,0.209602,-0.620212][0.194397,0.97816,-0.0735691][0.945066,0.346949,0][0.400969,0.210007,-0.966486][0.144896,0.984713,-0.0966731][0.960911,0.355142,0][0.460649,0.171934,-1.16396][0.174944,0.973929,-0.144419][0.970145,0.352325,0][0.238304,0.172693,-1.34448][0.093718,0.978031,-0.186204][0.978371,0.362592,0][0.238304,0.172693,-1.34448][0.093718,0.978031,-0.186204][0.978371,0.362592,0][0.206009,0.21022,-1.16396][0.07547,0.989442,-0.123731][0.969894,0.364129,0][0.400969,0.210007,-0.966486][0.144896,0.984713,-0.0966731][0.960911,0.355142,0][0.206009,0.21022,-1.16396][0.07547,0.989442,-0.123731][0.969894,0.364129,0][0.238304,0.172693,-1.34448][0.093718,0.978031,-0.186204][0.978371,0.362592,0][0,0.172756,-1.388][0,0.978039,-0.208423][0.980358,0.373552,0][0,0.172756,-1.388][0,0.978039,-0.208423][0.980358,0.373552,0][0,0.210278,-1.22391][0,0.990454,-0.137841][0.972615,0.373552,0][0.206009,0.21022,-1.16396][0.07547,0.989442,-0.123731][0.969894,0.364129,0][0,0.210278,-1.22391][0,0.990454,-0.137841][0.972615,0.373552,0][0,0.172756,-1.388][0,0.978039,-0.208423][0.980358,0.373552,0][-0.238304,0.172693,-1.34448][-0.093718,0.978031,-0.186204][0.978371,0.384512,0][-0.238304,0.172693,-1.34448][-0.093718,0.978031,-0.186204][0.978371,0.384512,0][-0.206009,0.21022,-1.16396][-0.07547,0.989442,-0.123731][0.969894,0.382974,0][0,0.210278,-1.22391][0,0.990454,-0.137841][0.972615,0.373552,0][-0.206009,0.21022,-1.16396][-0.07547,0.989442,-0.123731][0.969894,0.382974,0][-0.238304,0.172693,-1.34448][-0.093718,0.978031,-0.186204][0.978371,0.384512,0][-0.460649,0.171934,-1.16396][-0.174944,0.973929,-0.144419][0.970145,0.394778,0][-0.460649,0.171934,-1.16396][-0.174944,0.973929,-0.144419][0.970145,0.394778,0][-0.400969,0.210007,-0.966486][-0.144896,0.984713,-0.0966731][0.960912,0.391961,0][-0.206009,0.21022,-1.16396][-0.07547,0.989442,-0.123731][0.969894,0.382974,0][-0.400969,0.210007,-0.966486][-0.144896,0.984713,-0.0966731][0.960912,0.391961,0][-0.460649,0.171934,-1.16396][-0.174944,0.973929,-0.144419][0.970145,0.394778,0][-0.663345,0.169741,-0.785025][-0.244308,0.963888,-0.105986][0.952828,0.404355,0][-0.663345,0.169741,-0.785025][-0.244308,0.963888,-0.105986][0.952828,0.404355,0][-0.575719,0.209602,-0.620212][-0.194397,0.97816,-0.0735691][0.945066,0.400155,0][-0.400969,0.210007,-0.966486][-0.144896,0.984713,-0.0966731][0.960912,0.391961,0][-0.575719,0.209602,-0.620212][-0.194397,0.97816,-0.0735691][0.945066,0.400155,0][-0.663345,0.169741,-0.785025][-0.244308,0.963888,-0.105986][0.952828,0.404355,0][-0.829297,0.16659,-0.261881][-0.292125,0.953756,-0.0707941][0.92864,0.412306,0][-0.829297,0.16659,-0.261881][-0.292125,0.953756,-0.0707941][0.92864,0.412306,0][-0.711851,0.209096,-0.177982][-0.223554,0.973436,-0.0494681][0.924647,0.406598,0][-0.575719,0.209602,-0.620212][-0.194397,0.97816,-0.0735691][0.945066,0.400155,0][-0.711851,0.209096,-0.177982][-0.223554,0.973436,-0.0494681][0.924647,0.406598,0][-0.829297,0.16659,-0.261881][-0.292125,0.953756,-0.0707941][0.92864,0.412306,0][-0.917134,0.163857,0.261779][-0.311486,0.950118,-0.0158771][0.904265,0.416552,0][-0.917134,0.163857,0.261779][-0.311486,0.950118,-0.0158771][0.904265,0.416552,0][-0.780161,0.208661,0.261779][-0.23711,0.971395,-0.0130801][0.904234,0.409874,0][-0.711851,0.209096,-0.177982][-0.223554,0.973436,-0.0494681][0.924647,0.406598,0][-0.780161,0.208661,0.261779][-0.23711,0.971395,-0.0130801][0.904234,0.409874,0][-0.917134,0.163857,0.261779][-0.311486,0.950118,-0.0158771][0.904265,0.416552,0][-0.895639,0.162368,0.682409][-0.297379,0.952307,0.0683969][0.884604,0.415496,0][-0.895639,0.162368,0.682409][-0.297379,0.952307,0.0683969][0.884604,0.415496,0][-0.759899,0.208402,0.625868][-0.229534,0.972195,0.0463849][0.887342,0.408893,0][-0.780161,0.208661,0.261779][-0.23711,0.971395,-0.0130801][0.904234,0.409874,0][-0.759899,0.208402,0.625868][-0.229534,0.972195,0.0463849][0.887342,0.408893,0][-0.895639,0.162368,0.682409][-0.297379,0.952307,0.0683969][0.884604,0.415496,0][-0.768318,0.161886,0.988852][-0.252765,0.953543,0.163911][0.870351,0.409358,0][-0.768318,0.161886,0.988852][-0.252765,0.953543,0.163911][0.870351,0.409358,0][-0.652563,0.208297,0.897752][-0.195346,0.973301,0.120518][0.874802,0.403778,0][-0.759899,0.208402,0.625868][-0.229534,0.972195,0.0463849][0.887342,0.408893,0][-0.652563,0.208297,0.897752][-0.195346,0.973301,0.120518][0.874802,0.403778,0][-0.768318,0.161886,0.988852][-0.252765,0.953543,0.163911][0.870351,0.409358,0][-0.558976,0.161807,1.206][-0.183331,0.952164,0.244485][0.86033,0.399496,0][-0.558976,0.161807,1.206][-0.183331,0.952164,0.244485][0.86033,0.399496,0][-0.475295,0.20827,1.08901][-0.140801,0.972853,0.183665][0.866037,0.395479,0][-0.652563,0.208297,0.897752][-0.195346,0.973301,0.120518][0.874802,0.403778,0][-0.475295,0.20827,1.08901][-0.140801,0.972853,0.183665][0.866037,0.395479,0][-0.558976,0.161807,1.206][-0.183331,0.952164,0.244485][0.86033,0.399496,0][-0.293892,0.161803,1.34144][-0.096284,0.950919,0.294079][0.854067,0.387166,0][-0.293892,0.161803,1.34144][-0.096284,0.950919,0.294079][0.854067,0.387166,0][-0.249982,0.208265,1.206][-0.073833,0.972089,0.222693][0.860655,0.385059,0][-0.475295,0.20827,1.08901][-0.140801,0.972853,0.183665][0.866037,0.395479,0][-0.249982,0.208265,1.206][-0.073833,0.972089,0.222693][0.860655,0.385059,0][-0.293892,0.161803,1.34144][-0.096284,0.950919,0.294079][0.854067,0.387166,0][0,0.161803,1.388][0,0.950612,0.310381][0.851903,0.373553,0][0,0.161803,1.388][0,0.950612,0.310381][0.851903,0.373553,0][0,0.208265,1.24582][0,0.971817,0.235736][0.858805,0.37355,0][-0.249982,0.208265,1.206][-0.073833,0.972089,0.222693][0.860655,0.385059,0][0,0.208265,1.24582][0,0.971817,0.235736][0.858805,0.37355,0][0,0.161803,1.388][0,0.950612,0.310381][0.851903,0.373553,0][0.293892,0.161803,1.34144][0.096284,0.950919,0.294079][0.85407,0.359938,0][0.293892,0.161803,1.34144][0.096284,0.950919,0.294079][0.85407,0.359938,0][0.249982,0.208265,1.206][0.073833,0.972089,0.222693][0.860652,0.362046,0][0,0.208265,1.24582][0,0.971817,0.235736][0.858805,0.37355,0][0.249982,0.208265,1.206][0.073833,0.972089,0.222693][0.860652,0.362046,0][0.293892,0.161803,1.34144][0.096284,0.950919,0.294079][0.85407,0.359938,0][0.558976,0.161807,1.206][0.183331,0.952164,0.244485][0.86033,0.347609,0][0.558976,0.161807,1.206][0.183331,0.952164,0.244485][0.86033,0.347609,0][0.475295,0.20827,1.08901][0.140801,0.972853,0.183665][0.866037,0.351624,0][0.249982,0.208265,1.206][0.073833,0.972089,0.222693][0.860652,0.362046,0][0.475295,0.20827,1.08901][0.140801,0.972853,0.183665][0.866037,0.351624,0][0.558976,0.161807,1.206][0.183331,0.952164,0.244485][0.86033,0.347609,0][0.768318,0.161886,0.988852][0.252765,0.953543,0.163911][0.870351,0.337744,0][0.768318,0.161886,0.988852][0.252765,0.953543,0.163911][0.870351,0.337744,0][0.652563,0.208297,0.897752][0.195346,0.973301,0.120518][0.874803,0.343326,0][0.475295,0.20827,1.08901][0.140801,0.972853,0.183665][0.866037,0.351624,0][0.652563,0.208297,0.897752][0.195346,0.973301,0.120518][0.874803,0.343326,0][0.768318,0.161886,0.988852][0.252765,0.953543,0.163911][0.870351,0.337744,0][0.895639,0.162368,0.682409][0.297378,0.952307,0.0683969][0.884605,0.331609,0][0.895639,0.162368,0.682409][0.297378,0.952307,0.0683969][0.884605,0.331609,0][0.759898,0.208402,0.625867][0.229533,0.972195,0.0463849][0.887343,0.338212,0][0.652563,0.208297,0.897752][0.195346,0.973301,0.120518][0.874803,0.343326,0][0.759898,0.208402,0.625867][0.229533,0.972195,0.0463849][0.887343,0.338212,0][0.895639,0.162368,0.682409][0.297378,0.952307,0.0683969][0.884605,0.331609,0][0.917134,0.163857,0.261779][0.311487,0.950118,-0.0158771][0.904265,0.330551,0][0.917134,0.163857,0.261779][0.311487,0.950118,-0.0158771][0.904265,0.330551,0][0.780161,0.208661,0.261779][0.23711,0.971395,-0.0130801][0.904235,0.337228,0][0.759898,0.208402,0.625867][0.229533,0.972195,0.0463849][0.887343,0.338212,0][0.780161,0.208661,0.261779][0.23711,0.971395,-0.0130801][0.904235,0.337228,0][0.917134,0.163857,0.261779][0.311487,0.950118,-0.0158771][0.904265,0.330551,0][0.829297,0.16659,-0.261881][0.292125,0.953756,-0.0707941][0.92864,0.334798,0][0.829297,0.16659,-0.261881][0.292125,0.953756,-0.0707941][0.92864,0.334798,0][0.711851,0.209096,-0.177982][0.223554,0.973435,-0.0494681][0.924647,0.340506,0][0.780161,0.208661,0.261779][0.23711,0.971395,-0.0130801][0.904235,0.337228,0][0.524008,0.243523,-0.050795][0.11298,0.993265,-0.0256941][0.918714,0.349282,0][0.711851,0.209096,-0.177982][0.223554,0.973435,-0.0494681][0.924647,0.340506,0][0.575719,0.209602,-0.620212][0.194397,0.97816,-0.0735691][0.945066,0.346949,0][0.575719,0.209602,-0.620212][0.194397,0.97816,-0.0735691][0.945066,0.346949,0][0.431132,0.242731,-0.362312][0.09852,0.99439,-0.0384891][0.933074,0.353636,0][0.524008,0.243523,-0.050795][0.11298,0.993265,-0.0256941][0.918714,0.349282,0][0.431132,0.242731,-0.362312][0.09852,0.99439,-0.0384891][0.933074,0.353636,0][0.575719,0.209602,-0.620212][0.194397,0.97816,-0.0735691][0.945066,0.346949,0][0.400969,0.210007,-0.966486][0.144896,0.984713,-0.0966731][0.960911,0.355142,0][0.400969,0.210007,-0.966486][0.144896,0.984713,-0.0966731][0.960911,0.355142,0][0.303901,0.242035,-0.620212][0.073949,0.996084,-0.0484531][0.94491,0.359559,0][0.431132,0.242731,-0.362312][0.09852,0.99439,-0.0384891][0.933074,0.353636,0][0.303901,0.242035,-0.620212][0.073949,0.996084,-0.0484531][0.94491,0.359559,0][0.400969,0.210007,-0.966486][0.144896,0.984713,-0.0966731][0.960911,0.355142,0][0.206009,0.21022,-1.16396][0.07547,0.989442,-0.123731][0.969894,0.364129,0][0.206009,0.21022,-1.16396][0.07547,0.989442,-0.123731][0.969894,0.364129,0][0.156595,0.241585,-0.785025][0.039752,0.99759,-0.0568771][0.952425,0.366344,0][0.303901,0.242035,-0.620212][0.073949,0.996084,-0.0484531][0.94491,0.359559,0][0.156595,0.241585,-0.785025][0.039752,0.99759,-0.0568771][0.952425,0.366344,0][0.206009,0.21022,-1.16396][0.07547,0.989442,-0.123731][0.969894,0.364129,0][0,0.210278,-1.22391][0,0.990454,-0.137841][0.972615,0.373552,0][0,0.210278,-1.22391][0,0.990454,-0.137841][0.972615,0.373552,0][0,0.241434,-0.840782][0,0.998131,-0.0611181][0.954971,0.373552,0][0.156595,0.241585,-0.785025][0.039752,0.99759,-0.0568771][0.952425,0.366344,0][0,0.241434,-0.840782][0,0.998131,-0.0611181][0.954971,0.373552,0][0,0.210278,-1.22391][0,0.990454,-0.137841][0.972615,0.373552,0][-0.206009,0.21022,-1.16396][-0.07547,0.989442,-0.123731][0.969894,0.382974,0][-0.206009,0.21022,-1.16396][-0.07547,0.989442,-0.123731][0.969894,0.382974,0][-0.156595,0.241585,-0.785025][-0.039752,0.997589,-0.0568771][0.952426,0.38076,0][0,0.241434,-0.840782][0,0.998131,-0.0611181][0.954971,0.373552,0][-0.156595,0.241585,-0.785025][-0.039752,0.997589,-0.0568771][0.952426,0.38076,0][-0.206009,0.21022,-1.16396][-0.07547,0.989442,-0.123731][0.969894,0.382974,0][-0.400969,0.210007,-0.966486][-0.144896,0.984713,-0.0966731][0.960912,0.391961,0][-0.400969,0.210007,-0.966486][-0.144896,0.984713,-0.0966731][0.960912,0.391961,0][-0.303901,0.242035,-0.620212][-0.073949,0.996084,-0.0484531][0.944911,0.387545,0][-0.156595,0.241585,-0.785025][-0.039752,0.997589,-0.0568771][0.952426,0.38076,0][-0.303901,0.242035,-0.620212][-0.073949,0.996084,-0.0484531][0.944911,0.387545,0][-0.400969,0.210007,-0.966486][-0.144896,0.984713,-0.0966731][0.960912,0.391961,0][-0.575719,0.209602,-0.620212][-0.194397,0.97816,-0.0735691][0.945066,0.400155,0][-0.575719,0.209602,-0.620212][-0.194397,0.97816,-0.0735691][0.945066,0.400155,0][-0.431131,0.242731,-0.362312][-0.098521,0.99439,-0.0384891][0.933073,0.393467,0][-0.303901,0.242035,-0.620212][-0.073949,0.996084,-0.0484531][0.944911,0.387545,0][-0.431131,0.242731,-0.362312][-0.098521,0.99439,-0.0384891][0.933073,0.393467,0][-0.575719,0.209602,-0.620212][-0.194397,0.97816,-0.0735691][0.945066,0.400155,0][-0.711851,0.209096,-0.177982][-0.223554,0.973436,-0.0494681][0.924647,0.406598,0][-0.711851,0.209096,-0.177982][-0.223554,0.973436,-0.0494681][0.924647,0.406598,0][-0.524008,0.243523,-0.050794][-0.11298,0.993265,-0.0256951][0.918713,0.397822,0][-0.431131,0.242731,-0.362312][-0.098521,0.99439,-0.0384891][0.933073,0.393467,0][-0.524008,0.243523,-0.050794][-0.11298,0.993265,-0.0256951][0.918713,0.397822,0][-0.711851,0.209096,-0.177982][-0.223554,0.973436,-0.0494681][0.924647,0.406598,0][-0.780161,0.208661,0.261779][-0.23711,0.971395,-0.0130801][0.904234,0.409874,0][-0.780161,0.208661,0.261779][-0.23711,0.971395,-0.0130801][0.904234,0.409874,0][-0.56682,0.244218,0.261779][-0.119266,0.992837,-0.00710312][0.904255,0.399852,0][-0.524008,0.243523,-0.050794][-0.11298,0.993265,-0.0256951][0.918713,0.397822,0][-0.56682,0.244218,0.261779][-0.119266,0.992837,-0.00710312][0.904255,0.399852,0][-0.780161,0.208661,0.261779][-0.23711,0.971395,-0.0130801][0.904234,0.409874,0][-0.759899,0.208402,0.625868][-0.229534,0.972195,0.0463849][0.887342,0.408893,0][-0.759899,0.208402,0.625868][-0.229534,0.972195,0.0463849][0.887342,0.408893,0][-0.549388,0.244693,0.533677][-0.11471,0.993181,0.0208199][0.8917,0.399025,0][-0.56682,0.244218,0.261779][-0.119266,0.992837,-0.00710312][0.904255,0.399852,0][-0.549388,0.244693,0.533677][-0.11471,0.993181,0.0208199][0.8917,0.399025,0][-0.759899,0.208402,0.625868][-0.229534,0.972195,0.0463849][0.887342,0.408893,0][-0.652563,0.208297,0.897752][-0.195346,0.973301,0.120518][0.874802,0.403778,0][-0.652563,0.208297,0.897752][-0.195346,0.973301,0.120518][0.874802,0.403778,0][-0.472065,0.244949,0.746442][-0.096908,0.993802,0.0544649][0.881928,0.395381,0][-0.549388,0.244693,0.533677][-0.11471,0.993181,0.0208199][0.8917,0.399025,0][-0.472065,0.244949,0.746442][-0.096908,0.993802,0.0544649][0.881928,0.395381,0][-0.652563,0.208297,0.897752][-0.195346,0.973301,0.120518][0.874802,0.403778,0][-0.475295,0.20827,1.08901][-0.140801,0.972853,0.183665][0.866037,0.395479,0][-0.475295,0.20827,1.08901][-0.140801,0.972853,0.183665][0.866037,0.395479,0][-0.344465,0.24506,0.897752][-0.069123,0.994094,0.0836639][0.874991,0.38944,0][-0.472065,0.244949,0.746442][-0.096908,0.993802,0.0544649][0.881928,0.395381,0][-0.344465,0.24506,0.897752][-0.069123,0.994094,0.0836639][0.874991,0.38944,0][-0.475295,0.20827,1.08901][-0.140801,0.972853,0.183665][0.866037,0.395479,0][-0.249982,0.208265,1.206][-0.073833,0.972089,0.222693][0.860655,0.385059,0][-0.249982,0.208265,1.206][-0.073833,0.972089,0.222693][0.860655,0.385059,0][-0.181376,0.245099,0.988852][-0.035836,0.994139,0.101993][0.870817,0.381906,0][-0.344465,0.24506,0.897752][-0.069123,0.994094,0.0836639][0.874991,0.38944,0][-0.181376,0.245099,0.988852][-0.035836,0.994139,0.101993][0.870817,0.381906,0][-0.249982,0.208265,1.206][-0.073833,0.972089,0.222693][0.860655,0.385059,0][0,0.208265,1.24582][0,0.971817,0.235736][0.858805,0.37355,0][0,0.208265,1.24582][0,0.971817,0.235736][0.858805,0.37355,0][0,0.245109,1.01941][0,0.994136,0.108133][0.869417,0.373552,0][-0.181376,0.245099,0.988852][-0.035836,0.994139,0.101993][0.870817,0.381906,0][0,0.245109,1.01941][0,0.994136,0.108133][0.869417,0.373552,0][0,0.208265,1.24582][0,0.971817,0.235736][0.858805,0.37355,0][0.249982,0.208265,1.206][0.073833,0.972089,0.222693][0.860652,0.362046,0][0.249982,0.208265,1.206][0.073833,0.972089,0.222693][0.860652,0.362046,0][0.181375,0.245099,0.988852][0.035836,0.994139,0.101993][0.870817,0.365198,0][0,0.245109,1.01941][0,0.994136,0.108133][0.869417,0.373552,0][0.181375,0.245099,0.988852][0.035836,0.994139,0.101993][0.870817,0.365198,0][0.249982,0.208265,1.206][0.073833,0.972089,0.222693][0.860652,0.362046,0][0.475295,0.20827,1.08901][0.140801,0.972853,0.183665][0.866037,0.351624,0][0.475295,0.20827,1.08901][0.140801,0.972853,0.183665][0.866037,0.351624,0][0.344465,0.24506,0.897752][0.069123,0.994094,0.0836639][0.874992,0.357663,0][0.181375,0.245099,0.988852][0.035836,0.994139,0.101993][0.870817,0.365198,0][0.344465,0.24506,0.897752][0.069123,0.994094,0.0836639][0.874992,0.357663,0][0.475295,0.20827,1.08901][0.140801,0.972853,0.183665][0.866037,0.351624,0][0.652563,0.208297,0.897752][0.195346,0.973301,0.120518][0.874803,0.343326,0][0.652563,0.208297,0.897752][0.195346,0.973301,0.120518][0.874803,0.343326,0][0.472065,0.244949,0.746441][0.096908,0.993802,0.0544649][0.881927,0.351723,0][0.344465,0.24506,0.897752][0.069123,0.994094,0.0836639][0.874992,0.357663,0][0.472065,0.244949,0.746441][0.096908,0.993802,0.0544649][0.881927,0.351723,0][0.652563,0.208297,0.897752][0.195346,0.973301,0.120518][0.874803,0.343326,0][0.759898,0.208402,0.625867][0.229533,0.972195,0.0463849][0.887343,0.338212,0][0.759898,0.208402,0.625867][0.229533,0.972195,0.0463849][0.887343,0.338212,0][0.549388,0.244693,0.533677][0.11471,0.993181,0.0208199][0.891699,0.348079,0][0.472065,0.244949,0.746441][0.096908,0.993802,0.0544649][0.881927,0.351723,0][0.549388,0.244693,0.533677][0.11471,0.993181,0.0208199][0.891699,0.348079,0][0.759898,0.208402,0.625867][0.229533,0.972195,0.0463849][0.887343,0.338212,0][0.780161,0.208661,0.261779][0.23711,0.971395,-0.0130801][0.904235,0.337228,0][0.780161,0.208661,0.261779][0.23711,0.971395,-0.0130801][0.904235,0.337228,0][0.56682,0.244218,0.261779][0.119266,0.992837,-0.00710312][0.904255,0.347251,0][0.549388,0.244693,0.533677][0.11471,0.993181,0.0208199][0.891699,0.348079,0][0.56682,0.244218,0.261779][0.119266,0.992837,-0.00710312][0.904255,0.347251,0][0.780161,0.208661,0.261779][0.23711,0.971395,-0.0130801][0.904235,0.337228,0][0.711851,0.209096,-0.177982][0.223554,0.973435,-0.0494681][0.924647,0.340506,0][0.711851,0.209096,-0.177982][0.223554,0.973435,-0.0494681][0.924647,0.340506,0][0.524008,0.243523,-0.050795][0.11298,0.993265,-0.0256941][0.918714,0.349282,0][0.56682,0.244218,0.261779][0.119266,0.992837,-0.00710312][0.904255,0.347251,0][0.142527,0.272582,0.182488][0.062967,0.9979,-0.0152201][0.908041,0.366973,0][0.524008,0.243523,-0.050795][0.11298,0.993265,-0.0256941][0.918714,0.349282,0][0.431132,0.242731,-0.362312][0.09852,0.99439,-0.0384891][0.933074,0.353636,0][0.431132,0.242731,-0.362312][0.09852,0.99439,-0.0384891][0.933074,0.353636,0][0.12045,0.272234,0.108476][0.055784,0.998177,-0.0230461][0.911458,0.367993,0][0.142527,0.272582,0.182488][0.062967,0.9979,-0.0152201][0.908041,0.366973,0][0.12045,0.272234,0.108476][0.055784,0.998177,-0.0230461][0.911458,0.367993,0][0.431132,0.242731,-0.362312][0.09852,0.99439,-0.0384891][0.933074,0.353636,0][0.303901,0.242035,-0.620212][0.073949,0.996084,-0.0484531][0.94491,0.359559,0][0.303901,0.242035,-0.620212][0.073949,0.996084,-0.0484531][0.94491,0.359559,0][0.087024,0.27194,0.04811][0.042855,0.998655,-0.0291871][0.914245,0.369538,0][0.12045,0.272234,0.108476][0.055784,0.998177,-0.0230461][0.911458,0.367993,0][0.087024,0.27194,0.04811][0.042855,0.998655,-0.0291871][0.914245,0.369538,0][0.303901,0.242035,-0.620212][0.073949,0.996084,-0.0484531][0.94491,0.359559,0][0.156595,0.241585,-0.785025][0.039752,0.99759,-0.0568771][0.952425,0.366344,0][0.156595,0.241585,-0.785025][0.039752,0.99759,-0.0568771][0.952425,0.366344,0][0.045579,0.271742,0.00861696][0.023533,0.999161,-0.0335141][0.916067,0.371441,0][0.087024,0.27194,0.04811][0.042855,0.998655,-0.0291871][0.914245,0.369538,0][0.045579,0.271742,0.00861696][0.023533,0.999161,-0.0335141][0.916067,0.371441,0][0.156595,0.241585,-0.785025][0.039752,0.99759,-0.0568771][0.952425,0.366344,0][0,0.241434,-0.840782][0,0.998131,-0.0611181][0.954971,0.373552,0][0,0.241434,-0.840782][0,0.998131,-0.0611181][0.954971,0.373552,0][0,0.271671,-0.00512104][0,0.999383,-0.0351311][0.916695,0.373558,0][0.045579,0.271742,0.00861696][0.023533,0.999161,-0.0335141][0.916067,0.371441,0][0,0.271671,-0.00512104][0,0.999383,-0.0351311][0.916695,0.373558,0][0,0.241434,-0.840782][0,0.998131,-0.0611181][0.954971,0.373552,0][-0.156595,0.241585,-0.785025][-0.039752,0.997589,-0.0568771][0.952426,0.38076,0][-0.156595,0.241585,-0.785025][-0.039752,0.997589,-0.0568771][0.952426,0.38076,0][-0.045579,0.271742,0.00861696][-0.023533,0.999161,-0.0335141][0.916065,0.375654,0][0,0.271671,-0.00512104][0,0.999383,-0.0351311][0.916695,0.373558,0][-0.045579,0.271742,0.00861696][-0.023533,0.999161,-0.0335141][0.916065,0.375654,0][-0.156595,0.241585,-0.785025][-0.039752,0.997589,-0.0568771][0.952426,0.38076,0][-0.303901,0.242035,-0.620212][-0.073949,0.996084,-0.0484531][0.944911,0.387545,0][-0.303901,0.242035,-0.620212][-0.073949,0.996084,-0.0484531][0.944911,0.387545,0][-0.087024,0.27194,0.04811][-0.042855,0.998655,-0.0291871][0.914248,0.377571,0][-0.045579,0.271742,0.00861696][-0.023533,0.999161,-0.0335141][0.916065,0.375654,0][-0.087024,0.27194,0.04811][-0.042855,0.998655,-0.0291871][0.914248,0.377571,0][-0.303901,0.242035,-0.620212][-0.073949,0.996084,-0.0484531][0.944911,0.387545,0][-0.431131,0.242731,-0.362312][-0.098521,0.99439,-0.0384891][0.933073,0.393467,0][-0.431131,0.242731,-0.362312][-0.098521,0.99439,-0.0384891][0.933073,0.393467,0][-0.12045,0.272234,0.108476][-0.055784,0.998177,-0.0230461][0.911458,0.379108,0][-0.087024,0.27194,0.04811][-0.042855,0.998655,-0.0291871][0.914248,0.377571,0][-0.12045,0.272234,0.108476][-0.055784,0.998177,-0.0230461][0.911458,0.379108,0][-0.431131,0.242731,-0.362312][-0.098521,0.99439,-0.0384891][0.933073,0.393467,0][-0.524008,0.243523,-0.050794][-0.11298,0.993265,-0.0256951][0.918713,0.397822,0][-0.524008,0.243523,-0.050794][-0.11298,0.993265,-0.0256951][0.918713,0.397822,0][-0.142527,0.272582,0.182488][-0.062967,0.9979,-0.0152201][0.908039,0.380132,0][-0.12045,0.272234,0.108476][-0.055784,0.998177,-0.0230461][0.911458,0.379108,0][-0.142527,0.272582,0.182488][-0.062967,0.9979,-0.0152201][0.908039,0.380132,0][-0.524008,0.243523,-0.050794][-0.11298,0.993265,-0.0256951][0.918713,0.397822,0][-0.56682,0.244218,0.261779][-0.119266,0.992837,-0.00710312][0.904255,0.399852,0][-0.56682,0.244218,0.261779][-0.119266,0.992837,-0.00710312][0.904255,0.399852,0][-0.150855,0.272934,0.261779][-0.06541,0.997846,-0.00498112][0.904385,0.380532,0][-0.142527,0.272582,0.182488][-0.062967,0.9979,-0.0152201][0.908039,0.380132,0][-0.150855,0.272934,0.261779][-0.06541,0.997846,-0.00498112][0.904385,0.380532,0][-0.56682,0.244218,0.261779][-0.119266,0.992837,-0.00710312][0.904255,0.399852,0][-0.549388,0.244693,0.533677][-0.11471,0.993181,0.0208199][0.8917,0.399025,0][-0.549388,0.244693,0.533677][-0.11471,0.993181,0.0208199][0.8917,0.399025,0][-0.144325,0.273253,0.338135][-0.062472,0.998009,0.00871288][0.900873,0.380216,0][-0.150855,0.272934,0.261779][-0.06541,0.997846,-0.00498112][0.904385,0.380532,0][-0.144325,0.273253,0.338135][-0.062472,0.998009,0.00871288][0.900873,0.380216,0][-0.549388,0.244693,0.533677][-0.11471,0.993181,0.0208199][0.8917,0.399025,0][-0.472065,0.244949,0.746442][-0.096908,0.993802,0.0544649][0.881928,0.395381,0][-0.472065,0.244949,0.746442][-0.096908,0.993802,0.0544649][0.881928,0.395381,0][-0.123359,0.273511,0.404502][-0.052926,0.998297,0.0245499][0.897813,0.379263,0][-0.144325,0.273253,0.338135][-0.062472,0.998009,0.00871288][0.900873,0.380216,0][-0.123359,0.273511,0.404502][-0.052926,0.998297,0.0245499][0.897813,0.379263,0][-0.472065,0.244949,0.746442][-0.096908,0.993802,0.0544649][0.881928,0.395381,0][-0.344465,0.24506,0.897752][-0.069123,0.994094,0.0836639][0.874991,0.38944,0][-0.344465,0.24506,0.897752][-0.069123,0.994094,0.0836639][0.874991,0.38944,0][-0.089933,0.273697,0.455497][-0.037941,0.99853,0.0387059][0.895475,0.377704,0][-0.123359,0.273511,0.404502][-0.052926,0.998297,0.0245499][0.897813,0.379263,0][-0.089933,0.273697,0.455497][-0.037941,0.99853,0.0387059][0.895475,0.377704,0][-0.344465,0.24506,0.897752][-0.069123,0.994094,0.0836639][0.874991,0.38944,0][-0.181376,0.245099,0.988852][-0.035836,0.994139,0.101993][0.870817,0.381906,0][-0.181376,0.245099,0.988852][-0.035836,0.994139,0.101993][0.870817,0.381906,0][-0.047377,0.273807,0.487471][-0.01976,0.998644,0.0481689][0.893989,0.375747,0][-0.089933,0.273697,0.455497][-0.037941,0.99853,0.0387059][0.895475,0.377704,0][-0.047377,0.273807,0.487471][-0.01976,0.998644,0.0481689][0.893989,0.375747,0][-0.181376,0.245099,0.988852][-0.035836,0.994139,0.101993][0.870817,0.381906,0][0,0.245109,1.01941][0,0.994136,0.108133][0.869417,0.373552,0][0,0.245109,1.01941][0,0.994136,0.108133][0.869417,0.373552,0][0,0.273844,0.498351][0,0.998674,0.0514879][0.893512,0.373549,0][-0.047377,0.273807,0.487471][-0.01976,0.998644,0.0481689][0.893989,0.375747,0][0,0.273844,0.498351][0,0.998674,0.0514879][0.893512,0.373549,0][0,0.245109,1.01941][0,0.994136,0.108133][0.869417,0.373552,0][0.181375,0.245099,0.988852][0.035836,0.994139,0.101993][0.870817,0.365198,0][0.181375,0.245099,0.988852][0.035836,0.994139,0.101993][0.870817,0.365198,0][0.047377,0.273807,0.487471][0.01976,0.998644,0.0481689][0.893991,0.37136,0][0,0.273844,0.498351][0,0.998674,0.0514879][0.893512,0.373549,0][0.047377,0.273807,0.487471][0.01976,0.998644,0.0481689][0.893991,0.37136,0][0.181375,0.245099,0.988852][0.035836,0.994139,0.101993][0.870817,0.365198,0][0.344465,0.24506,0.897752][0.069123,0.994094,0.0836639][0.874992,0.357663,0][0.344465,0.24506,0.897752][0.069123,0.994094,0.0836639][0.874992,0.357663,0][0.089933,0.273697,0.455497][0.037941,0.99853,0.0387049][0.895474,0.3694,0][0.047377,0.273807,0.487471][0.01976,0.998644,0.0481689][0.893991,0.37136,0][0.089933,0.273697,0.455497][0.037941,0.99853,0.0387049][0.895474,0.3694,0][0.344465,0.24506,0.897752][0.069123,0.994094,0.0836639][0.874992,0.357663,0][0.472065,0.244949,0.746441][0.096908,0.993802,0.0544649][0.881927,0.351723,0][0.472065,0.244949,0.746441][0.096908,0.993802,0.0544649][0.881927,0.351723,0][0.123359,0.273511,0.404502][0.052926,0.998297,0.0245499][0.897814,0.36784,0][0.089933,0.273697,0.455497][0.037941,0.99853,0.0387049][0.895474,0.3694,0][0.123359,0.273511,0.404502][0.052926,0.998297,0.0245499][0.897814,0.36784,0][0.472065,0.244949,0.746441][0.096908,0.993802,0.0544649][0.881927,0.351723,0][0.549388,0.244693,0.533677][0.11471,0.993181,0.0208199][0.891699,0.348079,0][0.549388,0.244693,0.533677][0.11471,0.993181,0.0208199][0.891699,0.348079,0][0.144325,0.273253,0.338135][0.062472,0.998009,0.00871288][0.900873,0.366887,0][0.123359,0.273511,0.404502][0.052926,0.998297,0.0245499][0.897814,0.36784,0][0.144325,0.273253,0.338135][0.062472,0.998009,0.00871288][0.900873,0.366887,0][0.549388,0.244693,0.533677][0.11471,0.993181,0.0208199][0.891699,0.348079,0][0.56682,0.244218,0.261779][0.119266,0.992837,-0.00710312][0.904255,0.347251,0][0.56682,0.244218,0.261779][0.119266,0.992837,-0.00710312][0.904255,0.347251,0][0.150855,0.272934,0.261779][0.06541,0.997846,-0.00498112][0.904385,0.366573,0][0.144325,0.273253,0.338135][0.062472,0.998009,0.00871288][0.900873,0.366887,0][0.150855,0.272934,0.261779][0.06541,0.997846,-0.00498112][0.904385,0.366573,0][0.56682,0.244218,0.261779][0.119266,0.992837,-0.00710312][0.904255,0.347251,0][0.524008,0.243523,-0.050795][0.11298,0.993265,-0.0256941][0.918714,0.349282,0][0.524008,0.243523,-0.050795][0.11298,0.993265,-0.0256941][0.918714,0.349282,0][0.142527,0.272582,0.182488][0.062967,0.9979,-0.0152201][0.908041,0.366973,0][0.150855,0.272934,0.261779][0.06541,0.997846,-0.00498112][0.904385,0.366573,0][0.142527,0.272582,0.182488][0.062967,0.9979,-0.0152201][0.908041,0.366973,0][0.12045,0.272234,0.108476][0.055784,0.998177,-0.0230461][0.911458,0.367993,0][0,0.274913,0.261779][0,0.999991,-0.00427112][0.904406,0.373552,0][0.12045,0.272234,0.108476][0.055784,0.998177,-0.0230461][0.911458,0.367993,0][0.087024,0.27194,0.04811][0.042855,0.998655,-0.0291871][0.914245,0.369538,0][0,0.274913,0.261779][0,0.999991,-0.00427112][0.904406,0.373552,0][0.087024,0.27194,0.04811][0.042855,0.998655,-0.0291871][0.914245,0.369538,0][0.045579,0.271742,0.00861696][0.023533,0.999161,-0.0335141][0.916067,0.371441,0][0,0.274913,0.261779][0,0.999991,-0.00427112][0.904406,0.373552,0][0.045579,0.271742,0.00861696][0.023533,0.999161,-0.0335141][0.916067,0.371441,0][0,0.271671,-0.00512104][0,0.999383,-0.0351311][0.916695,0.373558,0][0,0.274913,0.261779][0,0.999991,-0.00427112][0.904406,0.373552,0][0,0.271671,-0.00512104][0,0.999383,-0.0351311][0.916695,0.373558,0][-0.045579,0.271742,0.00861696][-0.023533,0.999161,-0.0335141][0.916065,0.375654,0][0,0.274913,0.261779][0,0.999991,-0.00427112][0.904406,0.373552,0][-0.045579,0.271742,0.00861696][-0.023533,0.999161,-0.0335141][0.916065,0.375654,0][-0.087024,0.27194,0.04811][-0.042855,0.998655,-0.0291871][0.914248,0.377571,0][0,0.274913,0.261779][0,0.999991,-0.00427112][0.904406,0.373552,0][-0.087024,0.27194,0.04811][-0.042855,0.998655,-0.0291871][0.914248,0.377571,0][-0.12045,0.272234,0.108476][-0.055784,0.998177,-0.0230461][0.911458,0.379108,0][0,0.274913,0.261779][0,0.999991,-0.00427112][0.904406,0.373552,0][-0.12045,0.272234,0.108476][-0.055784,0.998177,-0.0230461][0.911458,0.379108,0][-0.142527,0.272582,0.182488][-0.062967,0.9979,-0.0152201][0.908039,0.380132,0][0,0.274913,0.261779][0,0.999991,-0.00427112][0.904406,0.373552,0][-0.142527,0.272582,0.182488][-0.062967,0.9979,-0.0152201][0.908039,0.380132,0][-0.150855,0.272934,0.261779][-0.06541,0.997846,-0.00498112][0.904385,0.380532,0][0,0.274913,0.261779][0,0.999991,-0.00427112][0.904406,0.373552,0][-0.150855,0.272934,0.261779][-0.06541,0.997846,-0.00498112][0.904385,0.380532,0][-0.144325,0.273253,0.338135][-0.062472,0.998009,0.00871288][0.900873,0.380216,0][0,0.274913,0.261779][0,0.999991,-0.00427112][0.904406,0.373552,0][-0.144325,0.273253,0.338135][-0.062472,0.998009,0.00871288][0.900873,0.380216,0][-0.123359,0.273511,0.404502][-0.052926,0.998297,0.0245499][0.897813,0.379263,0][0,0.274913,0.261779][0,0.999991,-0.00427112][0.904406,0.373552,0][-0.123359,0.273511,0.404502][-0.052926,0.998297,0.0245499][0.897813,0.379263,0][-0.089933,0.273697,0.455497][-0.037941,0.99853,0.0387059][0.895475,0.377704,0][0,0.274913,0.261779][0,0.999991,-0.00427112][0.904406,0.373552,0][-0.089933,0.273697,0.455497][-0.037941,0.99853,0.0387059][0.895475,0.377704,0][-0.047377,0.273807,0.487471][-0.01976,0.998644,0.0481689][0.893989,0.375747,0][0,0.274913,0.261779][0,0.999991,-0.00427112][0.904406,0.373552,0][-0.047377,0.273807,0.487471][-0.01976,0.998644,0.0481689][0.893989,0.375747,0][0,0.273844,0.498351][0,0.998674,0.0514879][0.893512,0.373549,0][0,0.274913,0.261779][0,0.999991,-0.00427112][0.904406,0.373552,0][0,0.273844,0.498351][0,0.998674,0.0514879][0.893512,0.373549,0][0.047377,0.273807,0.487471][0.01976,0.998644,0.0481689][0.893991,0.37136,0][0,0.274913,0.261779][0,0.999991,-0.00427112][0.904406,0.373552,0][0.047377,0.273807,0.487471][0.01976,0.998644,0.0481689][0.893991,0.37136,0][0.089933,0.273697,0.455497][0.037941,0.99853,0.0387049][0.895474,0.3694,0][0,0.274913,0.261779][0,0.999991,-0.00427112][0.904406,0.373552,0][0.089933,0.273697,0.455497][0.037941,0.99853,0.0387049][0.895474,0.3694,0][0.123359,0.273511,0.404502][0.052926,0.998297,0.0245499][0.897814,0.36784,0][0,0.274913,0.261779][0,0.999991,-0.00427112][0.904406,0.373552,0][0.123359,0.273511,0.404502][0.052926,0.998297,0.0245499][0.897814,0.36784,0][0.144325,0.273253,0.338135][0.062472,0.998009,0.00871288][0.900873,0.366887,0][0,0.274913,0.261779][0,0.999991,-0.00427112][0.904406,0.373552,0][0.144325,0.273253,0.338135][0.062472,0.998009,0.00871288][0.900873,0.366887,0][0.150855,0.272934,0.261779][0.06541,0.997846,-0.00498112][0.904385,0.366573,0][0,0.274913,0.261779][0,0.999991,-0.00427112][0.904406,0.373552,0][0.150855,0.272934,0.261779][0.06541,0.997846,-0.00498112][0.904385,0.366573,0][0.142527,0.272582,0.182488][0.062967,0.9979,-0.0152201][0.908041,0.366973,0][0,0.274913,0.261779][0,0.999991,-0.00427112][0.904406,0.373552,0][0.86359,0.221063,-0.27271][0.065269,0.997838,-0.00771512][0.733518,0.953404,0][0.690776,0.224343,-0.817488][0.104567,0.994426,-0.0134911][0.665288,0.928209,0][0.663345,0.169741,-0.785025][-0.767112,0.565482,0.302934][0.673802,0.923887,0][0.663345,0.169741,-0.785025][-0.767112,0.565482,0.302934][0.673802,0.923887,0][0.829297,0.16659,-0.261881][-0.811236,0.550117,0.19816][0.737792,0.947428,0][0.86359,0.221063,-0.27271][0.065269,0.997838,-0.00771512][0.733518,0.953404,0][0.690776,0.224343,-0.817488][0.104567,0.994426,-0.0134911][0.665288,0.928209,0][0.479699,0.226628,-1.21209][0.155667,0.986184,-0.0566441][0.620357,0.898917,0][0.460649,0.171934,-1.16396][-0.639355,0.621321,0.452974][0.63176,0.896588,0][0.460649,0.171934,-1.16396][-0.639355,0.621321,0.452974][0.63176,0.896588,0][0.663345,0.169741,-0.785025][-0.767112,0.565482,0.302934][0.673802,0.923887,0][0.690776,0.224343,-0.817488][0.104567,0.994426,-0.0134911][0.665288,0.928209,0][0.479699,0.226628,-1.21209][0.155667,0.986184,-0.0566441][0.620357,0.898917,0][0.248159,0.227418,-1.40008][0.078838,0.991914,-0.0994581][0.600941,0.872662,0][0.238304,0.172693,-1.34448][-0.327064,0.701824,0.632828][0.613544,0.871807,0][0.238304,0.172693,-1.34448][-0.327064,0.701824,0.632828][0.613544,0.871807,0][0.460649,0.171934,-1.16396][-0.639355,0.621321,0.452974][0.63176,0.896588,0][0.479699,0.226628,-1.21209][0.155667,0.986184,-0.0566441][0.620357,0.898917,0][0.248159,0.227418,-1.40008][0.078838,0.991914,-0.0994581][0.600941,0.872662,0][0,0.227483,-1.44539][0,0.99642,-0.0845431][0.596891,0.847506,0][0,0.172756,-1.388][0,0.72374,0.690073][0.609724,0.847505,0][0,0.172756,-1.388][0,0.72374,0.690073][0.609724,0.847505,0][0.238304,0.172693,-1.34448][-0.327064,0.701824,0.632828][0.613544,0.871807,0][0.248159,0.227418,-1.40008][0.078838,0.991914,-0.0994581][0.600941,0.872662,0][0,0.227483,-1.44539][0,0.99642,-0.0845431][0.596891,0.847506,0][-0.248159,0.227418,-1.40008][-0.078838,0.991914,-0.0994581][0.60094,0.822349,0][-0.238304,0.172693,-1.34448][0.327065,0.701824,0.632828][0.613544,0.823204,0][-0.238304,0.172693,-1.34448][0.327065,0.701824,0.632828][0.613544,0.823204,0][0,0.172756,-1.388][0,0.72374,0.690073][0.609724,0.847505,0][0,0.227483,-1.44539][0,0.99642,-0.0845431][0.596891,0.847506,0][-0.248159,0.227418,-1.40008][-0.078838,0.991914,-0.0994581][0.60094,0.822349,0][-0.479699,0.226628,-1.21209][-0.155668,0.986184,-0.0566451][0.620358,0.796094,0][-0.460649,0.171934,-1.16396][0.639355,0.621322,0.452973][0.63176,0.798423,0][-0.460649,0.171934,-1.16396][0.639355,0.621322,0.452973][0.63176,0.798423,0][-0.238304,0.172693,-1.34448][0.327065,0.701824,0.632828][0.613544,0.823204,0][-0.248159,0.227418,-1.40008][-0.078838,0.991914,-0.0994581][0.60094,0.822349,0][-0.479699,0.226628,-1.21209][-0.155668,0.986184,-0.0566451][0.620358,0.796094,0][-0.690776,0.224343,-0.817488][-0.104567,0.994426,-0.0134911][0.665288,0.766802,0][-0.663345,0.169741,-0.785025][0.767111,0.565484,0.302934][0.673802,0.771124,0][-0.663345,0.169741,-0.785025][0.767111,0.565484,0.302934][0.673802,0.771124,0][-0.460649,0.171934,-1.16396][0.639355,0.621322,0.452973][0.63176,0.798423,0][-0.479699,0.226628,-1.21209][-0.155668,0.986184,-0.0566451][0.620358,0.796094,0][-0.690776,0.224343,-0.817488][-0.104567,0.994426,-0.0134911][0.665288,0.766802,0][-0.86359,0.221063,-0.27271][-0.065269,0.997838,-0.00771512][0.733518,0.741607,0][-0.829297,0.16659,-0.261881][0.811235,0.550119,0.19816][0.737792,0.747583,0][-0.829297,0.16659,-0.261881][0.811235,0.550119,0.19816][0.737792,0.747583,0][-0.663345,0.169741,-0.785025][0.767111,0.565484,0.302934][0.673802,0.771124,0][-0.690776,0.224343,-0.817488][-0.104567,0.994426,-0.0134911][0.665288,0.766802,0][-0.86359,0.221063,-0.27271][-0.065269,0.997838,-0.00771512][0.733518,0.741607,0][-0.95506,0.218216,0.272604][-0.101608,0.994611,-0.0206151][0.804993,0.728959,0][-0.917134,0.163857,0.261779][0.824622,0.56124,0.0707649][0.803916,0.735559,0][-0.917134,0.163857,0.261779][0.824622,0.56124,0.0707649][0.803916,0.735559,0][-0.829297,0.16659,-0.261881][0.811235,0.550119,0.19816][0.737792,0.747583,0][-0.86359,0.221063,-0.27271][-0.065269,0.997838,-0.00771512][0.733518,0.741607,0][-0.95506,0.218216,0.272604][-0.101608,0.994611,-0.0206151][0.804993,0.728959,0][-0.932676,0.216665,0.710628][-0.135061,0.990826,-0.00475112][0.86454,0.735507,0][-0.895639,0.162368,0.682409][0.783796,0.605755,-0.136842][0.857737,0.741181,0][-0.895639,0.162368,0.682409][0.783796,0.605755,-0.136842][0.857737,0.741181,0][-0.917134,0.163857,0.261779][0.824622,0.56124,0.0707649][0.803916,0.735559,0][-0.95506,0.218216,0.272604][-0.101608,0.994611,-0.0206151][0.804993,0.728959,0][-0.932676,0.216665,0.710628][-0.135061,0.990826,-0.00475112][0.86454,0.735507,0][-0.80009,0.216163,1.02974][-0.108041,0.993389,0.0388039][0.903187,0.756276,0][-0.768318,0.161886,0.988852][0.637936,0.665434,-0.387603][0.892634,0.759801,0][-0.768318,0.161886,0.988852][0.637936,0.665434,-0.387603][0.892634,0.759801,0][-0.895639,0.162368,0.682409][0.783796,0.605755,-0.136842][0.857737,0.741181,0][-0.932676,0.216665,0.710628][-0.135061,0.990826,-0.00475112][0.86454,0.735507,0][-0.80009,0.216163,1.02974][-0.108041,0.993389,0.0388039][0.903187,0.756276,0][-0.582091,0.216082,1.25587][-0.065398,0.995737,0.0650519][0.92573,0.783997,0][-0.558976,0.161807,1.206][0.432382,0.702998,-0.564658][0.913556,0.785841,0][-0.558976,0.161807,1.206][0.432382,0.702998,-0.564658][0.913556,0.785841,0][-0.768318,0.161886,0.988852][0.637936,0.665434,-0.387603][0.892634,0.759801,0][-0.80009,0.216163,1.02974][-0.108041,0.993389,0.0388039][0.903187,0.756276,0][-0.582091,0.216082,1.25587][-0.065398,0.995737,0.0650519][0.92573,0.783997,0][-0.306046,0.216077,1.39692][-0.032087,0.996391,0.0785849][0.937666,0.815076,0][-0.293892,0.161803,1.34144][0.218956,0.720989,-0.657444][0.924865,0.815843,0][-0.293892,0.161803,1.34144][0.218956,0.720989,-0.657444][0.924865,0.815843,0][-0.558976,0.161807,1.206][0.432382,0.702998,-0.564658][0.913556,0.785841,0][-0.582091,0.216082,1.25587][-0.065398,0.995737,0.0650519][0.92573,0.783997,0][-0.306046,0.216077,1.39692][-0.032087,0.996391,0.0785849][0.937666,0.815076,0][0,0.216077,1.44539][0,0.996507,0.0835109][0.941378,0.847506,0][0,0.161803,1.388][0,0.7266,-0.687061][0.928375,0.847506,0][0,0.161803,1.388][0,0.7266,-0.687061][0.928375,0.847506,0][-0.293892,0.161803,1.34144][0.218956,0.720989,-0.657444][0.924865,0.815843,0][-0.306046,0.216077,1.39692][-0.032087,0.996391,0.0785849][0.937666,0.815076,0][0,0.216077,1.44539][0,0.996507,0.0835109][0.941378,0.847506,0][0.306046,0.216077,1.39692][0.032086,0.996391,0.0785849][0.937666,0.879935,0][0.293892,0.161803,1.34144][-0.218956,0.720989,-0.657444][0.924865,0.879168,0][0.293892,0.161803,1.34144][-0.218956,0.720989,-0.657444][0.924865,0.879168,0][0,0.161803,1.388][0,0.7266,-0.687061][0.928375,0.847506,0][0,0.216077,1.44539][0,0.996507,0.0835109][0.941378,0.847506,0][0.306046,0.216077,1.39692][0.032086,0.996391,0.0785849][0.937666,0.879935,0][0.582091,0.216082,1.25587][0.065399,0.995737,0.0650519][0.92573,0.911014,0][0.558976,0.161807,1.206][-0.432382,0.702998,-0.564658][0.913556,0.90917,0][0.558976,0.161807,1.206][-0.432382,0.702998,-0.564658][0.913556,0.90917,0][0.293892,0.161803,1.34144][-0.218956,0.720989,-0.657444][0.924865,0.879168,0][0.306046,0.216077,1.39692][0.032086,0.996391,0.0785849][0.937666,0.879935,0][0.582091,0.216082,1.25587][0.065399,0.995737,0.0650519][0.92573,0.911014,0][0.80009,0.216163,1.02974][0.108041,0.993389,0.0388039][0.903187,0.938735,0][0.768318,0.161886,0.988852][-0.637936,0.665434,-0.387603][0.892634,0.93521,0][0.768318,0.161886,0.988852][-0.637936,0.665434,-0.387603][0.892634,0.93521,0][0.558976,0.161807,1.206][-0.432382,0.702998,-0.564658][0.913556,0.90917,0][0.582091,0.216082,1.25587][0.065399,0.995737,0.0650519][0.92573,0.911014,0][0.80009,0.216163,1.02974][0.108041,0.993389,0.0388039][0.903187,0.938735,0][0.932676,0.216665,0.710628][0.135061,0.990826,-0.00475112][0.86454,0.959504,0][0.895639,0.162368,0.682409][-0.783797,0.605753,-0.136842][0.857737,0.95383,0][0.895639,0.162368,0.682409][-0.783797,0.605753,-0.136842][0.857737,0.95383,0][0.768318,0.161886,0.988852][-0.637936,0.665434,-0.387603][0.892634,0.93521,0][0.80009,0.216163,1.02974][0.108041,0.993389,0.0388039][0.903187,0.938735,0][0.932676,0.216665,0.710628][0.135061,0.990826,-0.00475112][0.86454,0.959504,0][0.95506,0.218216,0.272604][0.101607,0.994611,-0.0206151][0.804993,0.966052,0][0.917134,0.163857,0.261779][-0.824624,0.561238,0.0707649][0.803916,0.959452,0][0.917134,0.163857,0.261779][-0.824624,0.561238,0.0707649][0.803916,0.959452,0][0.895639,0.162368,0.682409][-0.783797,0.605753,-0.136842][0.857737,0.95383,0][0.932676,0.216665,0.710628][0.135061,0.990826,-0.00475112][0.86454,0.959504,0][0.95506,0.218216,0.272604][0.101607,0.994611,-0.0206151][0.804993,0.966052,0][0.86359,0.221063,-0.27271][0.065269,0.997838,-0.00771512][0.733518,0.953404,0][0.829297,0.16659,-0.261881][-0.811236,0.550117,0.19816][0.737792,0.947428,0][0.829297,0.16659,-0.261881][-0.811236,0.550117,0.19816][0.737792,0.947428,0][0.917134,0.163857,0.261779][-0.824624,0.561238,0.0707649][0.803916,0.959452,0][0.95506,0.218216,0.272604][0.101607,0.994611,-0.0206151][0.804993,0.966052,0][0.950031,0.10141,-0.300007][0.96195,0.140731,-0.234194][0.723707,0.967422,0][0.75992,0.10502,-0.899315][0.908862,0.149789,-0.389274][0.644656,0.938132,0][0.727276,0.169978,-0.860683][0.729445,0.617618,-0.294038][0.655151,0.932903,0][0.727276,0.169978,-0.860683][0.729445,0.617618,-0.294038][0.655151,0.932903,0][0.909222,0.166524,-0.28712][0.778187,0.600078,-0.185285][0.728735,0.960156,0][0.950031,0.10141,-0.300007][0.96195,0.140731,-0.234194][0.723707,0.967422,0][0.75992,0.10502,-0.899315][0.908862,0.149789,-0.389274][0.644656,0.938132,0][0.527714,0.107533,-1.33341][0.754357,0.180007,-0.631302][0.593344,0.903571,0][0.505045,0.172383,-1.27614][0.589508,0.675666,-0.442669][0.606891,0.901065,0][0.505045,0.172383,-1.27614][0.589508,0.675666,-0.442669][0.606891,0.901065,0][0.727276,0.169978,-0.860683][0.729445,0.617618,-0.294038][0.655151,0.932903,0][0.75992,0.10502,-0.899315][0.908862,0.149789,-0.389274][0.644656,0.938132,0][0.527714,0.107533,-1.33341][0.754357,0.180007,-0.631302][0.593344,0.903571,0][0.272998,0.108402,-1.54022][0.39754,0.214893,-0.892067][0.571691,0.874537,0][0.261271,0.173215,-1.47406][0.292521,0.747454,-0.596443][0.586337,0.873477,0][0.261271,0.173215,-1.47406][0.292521,0.747454,-0.596443][0.586337,0.873477,0][0.505045,0.172383,-1.27614][0.589508,0.675666,-0.442669][0.606891,0.901065,0][0.527714,0.107533,-1.33341][0.754357,0.180007,-0.631302][0.593344,0.903571,0][0.272998,0.108402,-1.54022][0.39754,0.214893,-0.892067][0.571691,0.874537,0][0,0.108474,-1.59007][0,0.223207,-0.974771][0.566643,0.847506,0][0,0.173284,-1.52176][0,0.767191,-0.641419][0.581781,0.847506,0][0,0.173284,-1.52176][0,0.767191,-0.641419][0.581781,0.847506,0][0.261271,0.173215,-1.47406][0.292521,0.747454,-0.596443][0.586337,0.873477,0][0.272998,0.108402,-1.54022][0.39754,0.214893,-0.892067][0.571691,0.874537,0][0,0.108474,-1.59007][0,0.223207,-0.974771][0.566643,0.847506,0][-0.272998,0.108402,-1.54022][-0.397541,0.214892,-0.892067][0.571691,0.820474,0][-0.261271,0.173215,-1.47406][-0.292521,0.747454,-0.596443][0.586337,0.821534,0][-0.261271,0.173215,-1.47406][-0.292521,0.747454,-0.596443][0.586337,0.821534,0][0,0.173284,-1.52176][0,0.767191,-0.641419][0.581781,0.847506,0][0,0.108474,-1.59007][0,0.223207,-0.974771][0.566643,0.847506,0][-0.272998,0.108402,-1.54022][-0.397541,0.214892,-0.892067][0.571691,0.820474,0][-0.527714,0.107533,-1.33341][-0.754357,0.180008,-0.631302][0.593344,0.79144,0][-0.505045,0.172383,-1.27614][-0.589508,0.675666,-0.442669][0.606891,0.793946,0][-0.505045,0.172383,-1.27614][-0.589508,0.675666,-0.442669][0.606891,0.793946,0][-0.261271,0.173215,-1.47406][-0.292521,0.747454,-0.596443][0.586337,0.821534,0][-0.272998,0.108402,-1.54022][-0.397541,0.214892,-0.892067][0.571691,0.820474,0][-0.527714,0.107533,-1.33341][-0.754357,0.180008,-0.631302][0.593344,0.79144,0][-0.75992,0.10502,-0.899314][-0.908861,0.149792,-0.389273][0.644656,0.756879,0][-0.727276,0.169978,-0.860683][-0.729445,0.617618,-0.294038][0.655151,0.762109,0][-0.727276,0.169978,-0.860683][-0.729445,0.617618,-0.294038][0.655151,0.762109,0][-0.505045,0.172383,-1.27614][-0.589508,0.675666,-0.442669][0.606891,0.793946,0][-0.527714,0.107533,-1.33341][-0.754357,0.180008,-0.631302][0.593344,0.79144,0][-0.75992,0.10502,-0.899314][-0.908861,0.149792,-0.389273][0.644656,0.756879,0][-0.950031,0.10141,-0.300007][-0.96195,0.140732,-0.234194][0.723707,0.727589,0][-0.909221,0.166524,-0.28712][-0.778187,0.600078,-0.185286][0.728735,0.734854,0][-0.909221,0.166524,-0.28712][-0.778187,0.600078,-0.185286][0.728735,0.734854,0][-0.727276,0.169978,-0.860683][-0.729445,0.617618,-0.294038][0.655151,0.762109,0][-0.75992,0.10502,-0.899314][-0.908861,0.149792,-0.389273][0.644656,0.756879,0][-0.950031,0.10141,-0.300007][-0.96195,0.140732,-0.234194][0.723707,0.727589,0][-1.05066,0.0982786,0.299891][-0.987736,0.146313,-0.054492][0.808713,0.713306,0][-1.00552,0.163527,0.287008][-0.790024,0.610772,-0.0530991][0.806883,0.721424,0][-1.00552,0.163527,0.287008][-0.790024,0.610772,-0.0530991][0.806883,0.721424,0][-0.909221,0.166524,-0.28712][-0.778187,0.600078,-0.185286][0.728735,0.734854,0][-0.950031,0.10141,-0.300007][-0.96195,0.140732,-0.234194][0.723707,0.727589,0][-1.05066,0.0982786,0.299891][-0.987736,0.146313,-0.054492][0.808713,0.713306,0][-1.02603,0.0965726,0.781759][-0.958765,0.167201,0.229812][0.881935,0.722778,0][-0.981957,0.161894,0.748177][-0.739767,0.655402,0.152296][0.873181,0.729348,0][-0.981957,0.161894,0.748177][-0.739767,0.655402,0.152296][0.873181,0.729348,0][-1.00552,0.163527,0.287008][-0.790024,0.610772,-0.0530991][0.806883,0.721424,0][-1.05066,0.0982786,0.299891][-0.987736,0.146313,-0.054492][0.808713,0.713306,0][-1.02603,0.0965726,0.781759][-0.958765,0.167201,0.229812][0.881935,0.722778,0][-0.880175,0.0960207,1.13282][-0.809076,0.192867,0.555157][0.928197,0.748205,0][-0.842366,0.161366,1.08415][-0.592217,0.710277,0.380506][0.915593,0.752353,0][-0.842366,0.161366,1.08415][-0.592217,0.710277,0.380506][0.915593,0.752353,0][-0.981957,0.161894,0.748177][-0.739767,0.655402,0.152296][0.873181,0.729348,0][-1.02603,0.0965726,0.781759][-0.958765,0.167201,0.229812][0.881935,0.722778,0][-0.880175,0.0960207,1.13282][-0.809076,0.192867,0.555157][0.928197,0.748205,0][-0.640356,0.0959308,1.38157][-0.569919,0.210203,0.794359][0.954164,0.779456,0][-0.612849,0.16128,1.32223][-0.399044,0.743794,0.536223][0.939899,0.781821,0][-0.612849,0.16128,1.32223][-0.399044,0.743794,0.536223][0.939899,0.781821,0][-0.842366,0.161366,1.08415][-0.592217,0.710277,0.380506][0.915593,0.752353,0][-0.880175,0.0960207,1.13282][-0.809076,0.192867,0.555157][0.928197,0.748205,0][-0.640356,0.0959308,1.38157][-0.569919,0.210203,0.794359][0.954164,0.779456,0][-0.336679,0.0959257,1.53674][-0.29473,0.219641,0.929996][0.96759,0.813092,0][-0.322217,0.161275,1.47073][-0.201519,0.759801,0.618136][0.952594,0.814143,0][-0.322217,0.161275,1.47073][-0.201519,0.759801,0.618136][0.952594,0.814143,0][-0.612849,0.16128,1.32223][-0.399044,0.743794,0.536223][0.939899,0.781821,0][-0.640356,0.0959308,1.38157][-0.569919,0.210203,0.794359][0.954164,0.779456,0][-0.336679,0.0959257,1.53674][-0.29473,0.219641,0.929996][0.96759,0.813092,0][0,0.0959257,1.59007][0,0.222762,0.974873][0.971748,0.847506,0][0,0.161275,1.52176][0,0.764748,0.64433][0.956542,0.847506,0][0,0.161275,1.52176][0,0.764748,0.64433][0.956542,0.847506,0][-0.322217,0.161275,1.47073][-0.201519,0.759801,0.618136][0.952594,0.814143,0][-0.336679,0.0959257,1.53674][-0.29473,0.219641,0.929996][0.96759,0.813092,0][0,0.0959257,1.59007][0,0.222762,0.974873][0.971748,0.847506,0][0.336679,0.0959257,1.53674][0.29473,0.219641,0.929996][0.96759,0.881919,0][0.322217,0.161275,1.47073][0.20152,0.759801,0.618136][0.952594,0.880868,0][0.322217,0.161275,1.47073][0.20152,0.759801,0.618136][0.952594,0.880868,0][0,0.161275,1.52176][0,0.764748,0.64433][0.956542,0.847506,0][0,0.0959257,1.59007][0,0.222762,0.974873][0.971748,0.847506,0][0.336679,0.0959257,1.53674][0.29473,0.219641,0.929996][0.96759,0.881919,0][0.640356,0.0959308,1.38157][0.569919,0.210205,0.794359][0.954164,0.915555,0][0.612848,0.16128,1.32223][0.399045,0.743793,0.536223][0.939899,0.91319,0][0.612848,0.16128,1.32223][0.399045,0.743793,0.536223][0.939899,0.91319,0][0.322217,0.161275,1.47073][0.20152,0.759801,0.618136][0.952594,0.880868,0][0.336679,0.0959257,1.53674][0.29473,0.219641,0.929996][0.96759,0.881919,0][0.640356,0.0959308,1.38157][0.569919,0.210205,0.794359][0.954164,0.915555,0][0.880175,0.0960207,1.13282][0.809076,0.192868,0.555156][0.928197,0.946805,0][0.842366,0.161366,1.08415][0.592217,0.710278,0.380506][0.915593,0.942658,0][0.842366,0.161366,1.08415][0.592217,0.710278,0.380506][0.915593,0.942658,0][0.612848,0.16128,1.32223][0.399045,0.743793,0.536223][0.939899,0.91319,0][0.640356,0.0959308,1.38157][0.569919,0.210205,0.794359][0.954164,0.915555,0][0.880175,0.0960207,1.13282][0.809076,0.192868,0.555156][0.928197,0.946805,0][1.02603,0.0965726,0.781759][0.958765,0.1672,0.229812][0.881935,0.972232,0][0.981957,0.161894,0.748177][0.739767,0.655402,0.152295][0.873181,0.965663,0][0.981957,0.161894,0.748177][0.739767,0.655402,0.152295][0.873181,0.965663,0][0.842366,0.161366,1.08415][0.592217,0.710278,0.380506][0.915593,0.942658,0][0.880175,0.0960207,1.13282][0.809076,0.192868,0.555156][0.928197,0.946805,0][1.02603,0.0965726,0.781759][0.958765,0.1672,0.229812][0.881935,0.972232,0][1.05066,0.0982786,0.299891][0.987736,0.146313,-0.054492][0.808713,0.981705,0][1.00552,0.163527,0.287008][0.790024,0.610772,-0.0530991][0.806883,0.973587,0][1.00552,0.163527,0.287008][0.790024,0.610772,-0.0530991][0.806883,0.973587,0][0.981957,0.161894,0.748177][0.739767,0.655402,0.152295][0.873181,0.965663,0][1.02603,0.0965726,0.781759][0.958765,0.1672,0.229812][0.881935,0.972232,0][1.05066,0.0982786,0.299891][0.987736,0.146313,-0.054492][0.808713,0.981705,0][0.950031,0.10141,-0.300007][0.96195,0.140731,-0.234194][0.723707,0.967422,0][0.909222,0.166524,-0.28712][0.778187,0.600078,-0.185285][0.728735,0.960156,0][0.909222,0.166524,-0.28712][0.778187,0.600078,-0.185285][0.728735,0.960156,0][1.00552,0.163527,0.287008][0.790024,0.610772,-0.0530991][0.806883,0.973587,0][1.05066,0.0982786,0.299891][0.987736,0.146313,-0.054492][0.808713,0.981705,0][0.893889,-0.365946,-0.282278][0.713533,-0.678384,-0.175117][0.746854,0.774429,0][0.715012,-0.36255,-0.84617][0.671585,-0.692262,-0.264098][0.696765,0.789563,0][0.764068,-0.292812,-0.904224][0.653994,-0.699617,-0.287799][0.690255,0.78325,0][0.764068,-0.292812,-0.904224][0.653994,-0.699617,-0.287799][0.690255,0.78325,0][0.955218,-0.296441,-0.301645][0.712625,-0.67849,-0.178374][0.744432,0.766786,0][0.893889,-0.365946,-0.282278][0.713533,-0.678384,-0.175117][0.746854,0.774429,0][0.715012,-0.36255,-0.84617][0.671585,-0.692262,-0.264098][0.696765,0.789563,0][0.496529,-0.360185,-1.25462][0.548606,-0.741954,-0.385402][0.661348,0.807855,0][0.530595,-0.290285,-1.34069][0.491531,-0.760982,-0.423442][0.651801,0.803761,0][0.530595,-0.290285,-1.34069][0.491531,-0.760982,-0.423442][0.651801,0.803761,0][0.764068,-0.292812,-0.904224][0.653994,-0.699617,-0.287799][0.690255,0.78325,0][0.715012,-0.36255,-0.84617][0.671585,-0.692262,-0.264098][0.696765,0.789563,0][0.496529,-0.360185,-1.25462][0.548606,-0.741954,-0.385402][0.661348,0.807855,0][0.256866,-0.359367,-1.4492][0.27121,-0.809162,-0.521251][0.644902,0.826969,0][0.274488,-0.289411,-1.54863][0.232101,-0.814399,-0.531868][0.634177,0.825057,0][0.274488,-0.289411,-1.54863][0.232101,-0.814399,-0.531868][0.634177,0.825057,0][0.530595,-0.290285,-1.34069][0.491531,-0.760982,-0.423442][0.651801,0.803761,0][0.496529,-0.360185,-1.25462][0.548606,-0.741954,-0.385402][0.661348,0.807855,0][0.256866,-0.359367,-1.4492][0.27121,-0.809162,-0.521251][0.644902,0.826969,0][0,-0.3593,-1.4961][0,-0.826318,-0.563204][0.640904,0.847121,0][0,-0.289339,-1.59875][0,-0.826318,-0.563204][0.629701,0.847121,0][0,-0.289339,-1.59875][0,-0.826318,-0.563204][0.629701,0.847121,0][0.274488,-0.289411,-1.54863][0.232101,-0.814399,-0.531868][0.634177,0.825057,0][0.256866,-0.359367,-1.4492][0.27121,-0.809162,-0.521251][0.644902,0.826969,0][0,-0.3593,-1.4961][0,-0.826318,-0.563204][0.640904,0.847121,0][-0.256866,-0.359367,-1.4492][-0.271211,-0.809161,-0.521251][0.644902,0.867273,0][-0.274488,-0.289411,-1.54863][-0.232101,-0.814399,-0.531868][0.634177,0.869185,0][-0.274488,-0.289411,-1.54863][-0.232101,-0.814399,-0.531868][0.634177,0.869185,0][0,-0.289339,-1.59875][0,-0.826318,-0.563204][0.629701,0.847121,0][0,-0.3593,-1.4961][0,-0.826318,-0.563204][0.640904,0.847121,0][-0.256866,-0.359367,-1.4492][-0.271211,-0.809161,-0.521251][0.644902,0.867273,0][-0.496529,-0.360185,-1.25462][-0.548606,-0.741954,-0.385402][0.661347,0.886386,0][-0.530595,-0.290285,-1.34069][-0.491531,-0.760982,-0.423442][0.651801,0.890481,0][-0.530595,-0.290285,-1.34069][-0.491531,-0.760982,-0.423442][0.651801,0.890481,0][-0.274488,-0.289411,-1.54863][-0.232101,-0.814399,-0.531868][0.634177,0.869185,0][-0.256866,-0.359367,-1.4492][-0.271211,-0.809161,-0.521251][0.644902,0.867273,0][-0.496529,-0.360185,-1.25462][-0.548606,-0.741954,-0.385402][0.661347,0.886386,0][-0.715012,-0.36255,-0.846169][-0.671586,-0.692261,-0.264098][0.696765,0.904679,0][-0.764068,-0.292812,-0.904223][-0.653994,-0.699616,-0.2878][0.690255,0.910992,0][-0.764068,-0.292812,-0.904223][-0.653994,-0.699616,-0.2878][0.690255,0.910992,0][-0.530595,-0.290285,-1.34069][-0.491531,-0.760982,-0.423442][0.651801,0.890481,0][-0.496529,-0.360185,-1.25462][-0.548606,-0.741954,-0.385402][0.661347,0.886386,0][-0.715012,-0.36255,-0.846169][-0.671586,-0.692261,-0.264098][0.696765,0.904679,0][-0.893889,-0.365946,-0.282278][-0.713534,-0.678383,-0.175118][0.746854,0.919812,0][-0.955217,-0.296441,-0.301645][-0.712626,-0.678489,-0.178374][0.744432,0.927456,0][-0.955217,-0.296441,-0.301645][-0.712626,-0.678489,-0.178374][0.744432,0.927456,0][-0.764068,-0.292812,-0.904223][-0.653994,-0.699616,-0.2878][0.690255,0.910992,0][-0.715012,-0.36255,-0.846169][-0.671586,-0.692261,-0.264098][0.696765,0.904679,0][-0.893889,-0.365946,-0.282278][-0.713534,-0.678383,-0.175118][0.746854,0.919812,0][-0.988569,-0.368892,0.282169][-0.722179,-0.688665,-0.0647979][0.797234,0.92707,0][-1.05639,-0.299589,0.301528][-0.719818,-0.692936,-0.0412389][0.798993,0.935228,0][-1.05639,-0.299589,0.301528][-0.719818,-0.692936,-0.0412389][0.798993,0.935228,0][-0.955217,-0.296441,-0.301645][-0.712626,-0.678489,-0.178374][0.744432,0.927456,0][-0.893889,-0.365946,-0.282278][-0.713534,-0.678383,-0.175118][0.746854,0.919812,0][-0.988569,-0.368892,0.282169][-0.722179,-0.688665,-0.0647979][0.797234,0.92707,0][-0.965399,-0.370497,0.735561][-0.674848,-0.729106,0.113955][0.836859,0.924284,0][-1.03163,-0.301304,0.786026][-0.652934,-0.740639,0.158529][0.84217,0.931853,0][-1.03163,-0.301304,0.786026][-0.652934,-0.740639,0.158529][0.84217,0.931853,0][-1.05639,-0.299589,0.301528][-0.719818,-0.692936,-0.0412389][0.798993,0.935228,0][-0.988569,-0.368892,0.282169][-0.722179,-0.688665,-0.0647979][0.797234,0.92707,0][-0.965399,-0.370497,0.735561][-0.674848,-0.729106,0.113955][0.836859,0.924284,0][-0.828162,-0.371017,1.06587][-0.535407,-0.780683,0.322296][0.865203,0.912806,0][-0.88498,-0.30186,1.139][-0.507011,-0.787374,0.350687][0.873181,0.919005,0][-0.88498,-0.30186,1.139][-0.507011,-0.787374,0.350687][0.873181,0.919005,0][-1.03163,-0.301304,0.786026][-0.652934,-0.740639,0.158529][0.84217,0.931853,0][-0.965399,-0.370497,0.735561][-0.674848,-0.729106,0.113955][0.836859,0.924284,0][-0.828162,-0.371017,1.06587][-0.535407,-0.780683,0.322296][0.865203,0.912806,0][-0.602514,-0.371101,1.29993][-0.356556,-0.811112,0.463643][0.885082,0.894726,0][-0.643852,-0.30195,1.38912][-0.338212,-0.813143,0.473721][0.89484,0.899146,0][-0.643852,-0.30195,1.38912][-0.338212,-0.813143,0.473721][0.89484,0.899146,0][-0.88498,-0.30186,1.139][-0.507011,-0.787374,0.350687][0.873181,0.919005,0][-0.828162,-0.371017,1.06587][-0.535407,-0.780683,0.322296][0.865203,0.912806,0][-0.602514,-0.371101,1.29993][-0.356556,-0.811112,0.463643][0.885082,0.894726,0][-0.316783,-0.371106,1.44593][-0.179022,-0.825075,0.535913][0.897409,0.872122,0][-0.338518,-0.301955,1.54513][-0.169906,-0.825507,0.538211][0.908219,0.874435,0][-0.338518,-0.301955,1.54513][-0.169906,-0.825507,0.538211][0.908219,0.874435,0][-0.643852,-0.30195,1.38912][-0.338212,-0.813143,0.473721][0.89484,0.899146,0][-0.602514,-0.371101,1.29993][-0.356556,-0.811112,0.463643][0.885082,0.894726,0][-0.316783,-0.371106,1.44593][-0.179022,-0.825075,0.535913][0.897409,0.872122,0][0,-0.371106,1.4961][0,-0.829352,0.558727][0.901646,0.847121,0][0,-0.301955,1.59875][0,-0.829352,0.558727][0.912758,0.847121,0][0,-0.301955,1.59875][0,-0.829352,0.558727][0.912758,0.847121,0][-0.338518,-0.301955,1.54513][-0.169906,-0.825507,0.538211][0.908219,0.874435,0][-0.316783,-0.371106,1.44593][-0.179022,-0.825075,0.535913][0.897409,0.872122,0][0,-0.371106,1.4961][0,-0.829352,0.558727][0.901646,0.847121,0][0.316783,-0.371106,1.44593][0.179022,-0.825075,0.535913][0.897409,0.82212,0][0.338517,-0.301955,1.54513][0.169906,-0.825506,0.538211][0.908219,0.819808,0][0.338517,-0.301955,1.54513][0.169906,-0.825506,0.538211][0.908219,0.819808,0][0,-0.301955,1.59875][0,-0.829352,0.558727][0.912758,0.847121,0][0,-0.371106,1.4961][0,-0.829352,0.558727][0.901646,0.847121,0][0.316783,-0.371106,1.44593][0.179022,-0.825075,0.535913][0.897409,0.82212,0][0.602514,-0.371101,1.29993][0.356557,-0.811111,0.463644][0.885082,0.799516,0][0.643851,-0.30195,1.38912][0.338212,-0.813142,0.473721][0.89484,0.795096,0][0.643851,-0.30195,1.38912][0.338212,-0.813142,0.473721][0.89484,0.795096,0][0.338517,-0.301955,1.54513][0.169906,-0.825506,0.538211][0.908219,0.819808,0][0.316783,-0.371106,1.44593][0.179022,-0.825075,0.535913][0.897409,0.82212,0][0.602514,-0.371101,1.29993][0.356557,-0.811111,0.463644][0.885082,0.799516,0][0.828161,-0.371017,1.06587][0.535407,-0.780682,0.322296][0.865203,0.781436,0][0.88498,-0.30186,1.139][0.507012,-0.787374,0.350687][0.873181,0.775237,0][0.88498,-0.30186,1.139][0.507012,-0.787374,0.350687][0.873181,0.775237,0][0.643851,-0.30195,1.38912][0.338212,-0.813142,0.473721][0.89484,0.795096,0][0.602514,-0.371101,1.29993][0.356557,-0.811111,0.463644][0.885082,0.799516,0][0.828161,-0.371017,1.06587][0.535407,-0.780682,0.322296][0.865203,0.781436,0][0.965399,-0.370497,0.735561][0.674848,-0.729105,0.113955][0.836858,0.769958,0][1.03163,-0.301304,0.786026][0.652934,-0.740638,0.158529][0.84217,0.762389,0][1.03163,-0.301304,0.786026][0.652934,-0.740638,0.158529][0.84217,0.762389,0][0.88498,-0.30186,1.139][0.507012,-0.787374,0.350687][0.873181,0.775237,0][0.828161,-0.371017,1.06587][0.535407,-0.780682,0.322296][0.865203,0.781436,0][0.965399,-0.370497,0.735561][0.674848,-0.729105,0.113955][0.836858,0.769958,0][0.988568,-0.368892,0.282169][0.722178,-0.688666,-0.0647969][0.797234,0.767172,0][1.05639,-0.299589,0.301528][0.719818,-0.692937,-0.0412379][0.798993,0.759014,0][1.05639,-0.299589,0.301528][0.719818,-0.692937,-0.0412379][0.798993,0.759014,0][1.03163,-0.301304,0.786026][0.652934,-0.740638,0.158529][0.84217,0.762389,0][0.965399,-0.370497,0.735561][0.674848,-0.729105,0.113955][0.836858,0.769958,0][0.988568,-0.368892,0.282169][0.722178,-0.688666,-0.0647969][0.797234,0.767172,0][0.893889,-0.365946,-0.282278][0.713533,-0.678384,-0.175117][0.746854,0.774429,0][0.955218,-0.296441,-0.301645][0.712625,-0.67849,-0.178374][0.744432,0.766786,0][0.955218,-0.296441,-0.301645][0.712625,-0.67849,-0.178374][0.744432,0.766786,0][1.05639,-0.299589,0.301528][0.719818,-0.692937,-0.0412379][0.798993,0.759014,0][0.988568,-0.368892,0.282169][0.722178,-0.688666,-0.0647969][0.797234,0.767172,0][0.715012,-0.36255,-0.84617][-0.001634,-0.999984,-0.00550388][0.696765,0.789563,0][0.893889,-0.365946,-0.282278][-0.001634,-0.999984,-0.00550388][0.746854,0.774429,0][0,-0.366587,0.0997191][-0.001634,-0.999984,-0.00550388][0.780361,0.847121,0][0.496529,-0.360185,-1.25462][-0.001178,-0.999986,-0.00515888][0.661348,0.807855,0][0.715012,-0.36255,-0.84617][-0.001178,-0.999986,-0.00515888][0.696765,0.789563,0][0,-0.366587,0.0997191][-0.001178,-0.999986,-0.00515888][0.780361,0.847121,0][0.256866,-0.359367,-1.4492][0.000326,-0.999989,-0.00460688][0.644902,0.826969,0][0.496529,-0.360185,-1.25462][0.000326,-0.999989,-0.00460688][0.661348,0.807855,0][0,-0.366587,0.0997191][0.000326,-0.999989,-0.00460688][0.780361,0.847121,0][0,-0.3593,-1.4961][0.000572,-0.99999,-0.00456588][0.640904,0.847121,0][0.256866,-0.359367,-1.4492][0.000572,-0.99999,-0.00456588][0.644902,0.826969,0][0,-0.366587,0.0997191][0.000572,-0.99999,-0.00456588][0.780361,0.847121,0][-0.256866,-0.359367,-1.4492][-0.000572,-0.999989,-0.00456588][0.644902,0.867273,0][0,-0.3593,-1.4961][-0.000572,-0.99999,-0.00456588][0.640904,0.847121,0][0,-0.366587,0.0997191][-0.000572,-0.999989,-0.00456588][0.780361,0.847121,0][-0.496529,-0.360185,-1.25462][-0.000326,-0.999989,-0.00460688][0.661347,0.886386,0][-0.256866,-0.359367,-1.4492][-0.000326,-0.999989,-0.00460688][0.644902,0.867273,0][0,-0.366587,0.0997191][-0.000326,-0.999989,-0.00460688][0.780361,0.847121,0][-0.715012,-0.36255,-0.846169][0.001178,-0.999986,-0.00515888][0.696765,0.904679,0][-0.496529,-0.360185,-1.25462][0.001178,-0.999986,-0.00515888][0.661347,0.886386,0][0,-0.366587,0.0997191][0.001178,-0.999986,-0.00515888][0.780361,0.847121,0][-0.893889,-0.365946,-0.282278][0.001634,-0.999984,-0.00550388][0.746854,0.919812,0][-0.715012,-0.36255,-0.846169][0.001634,-0.999984,-0.00550388][0.696765,0.904679,0][0,-0.366587,0.0997191][0.001634,-0.999984,-0.00550388][0.780361,0.847121,0][-0.988569,-0.368892,0.282169][0.001413,-0.999987,-0.00498488][0.797234,0.92707,0][-0.893889,-0.365946,-0.282278][0.001413,-0.999987,-0.00498488][0.746854,0.919812,0][0,-0.366587,0.0997191][0.001413,-0.999987,-0.00498488][0.780361,0.847121,0][-0.965399,-0.370497,0.735561][0.001664,-0.999992,-0.00362488][0.836859,0.924284,0][-0.988569,-0.368892,0.282169][0.001664,-0.999992,-0.00362488][0.797234,0.92707,0][0,-0.366587,0.0997191][0.001664,-0.999992,-0.00362488][0.780361,0.847121,0][-0.828162,-0.371017,1.06587][0.002367,-0.999994,-0.00255688][0.865203,0.912806,0][-0.965399,-0.370497,0.735561][0.002367,-0.999994,-0.00255688][0.836859,0.924284,0][0,-0.366587,0.0997191][0.002367,-0.999994,-0.00255688][0.780361,0.847121,0][-0.602514,-0.371101,1.29993][0.00232,-0.999994,-0.00259688][0.885082,0.894726,0][-0.828162,-0.371017,1.06587][0.00232,-0.999994,-0.00259688][0.865203,0.912806,0][0,-0.366587,0.0997191][0.00232,-0.999994,-0.00259688][0.780361,0.847121,0][-0.316783,-0.371106,1.44593][0.001517,-0.999994,-0.00299988][0.897409,0.872122,0][-0.602514,-0.371101,1.29993][0.001517,-0.999994,-0.00299988][0.885082,0.894726,0][0,-0.366587,0.0997191][0.001517,-0.999994,-0.00299988][0.780361,0.847121,0][0,-0.371106,1.4961][0.000513,-0.999995,-0.00323688][0.901646,0.847121,0][-0.316783,-0.371106,1.44593][0.000513,-0.999995,-0.00323688][0.897409,0.872122,0][0,-0.366587,0.0997191][0.000513,-0.999995,-0.00323688][0.780361,0.847121,0][0.316783,-0.371106,1.44593][-0.000513,-0.999995,-0.00323688][0.897409,0.82212,0][0,-0.371106,1.4961][-0.000513,-0.999995,-0.00323688][0.901646,0.847121,0][0,-0.366587,0.0997191][-0.000513,-0.999995,-0.00323688][0.780361,0.847121,0][0.602514,-0.371101,1.29993][-0.001517,-0.999994,-0.00299988][0.885082,0.799516,0][0.316783,-0.371106,1.44593][-0.001517,-0.999994,-0.00299988][0.897409,0.82212,0][0,-0.366587,0.0997191][-0.001517,-0.999994,-0.00299988][0.780361,0.847121,0][0.828161,-0.371017,1.06587][-0.00232,-0.999994,-0.00259688][0.865203,0.781436,0][0.602514,-0.371101,1.29993][-0.00232,-0.999994,-0.00259688][0.885082,0.799516,0][0,-0.366587,0.0997191][-0.00232,-0.999994,-0.00259688][0.780361,0.847121,0][0.965399,-0.370497,0.735561][-0.002367,-0.999994,-0.00255688][0.836858,0.769958,0][0.828161,-0.371017,1.06587][-0.002367,-0.999994,-0.00255688][0.865203,0.781436,0][0,-0.366587,0.0997191][-0.002367,-0.999994,-0.00255688][0.780361,0.847121,0][0.988568,-0.368892,0.282169][-0.001664,-0.999992,-0.00362488][0.797234,0.767172,0][0.965399,-0.370497,0.735561][-0.001664,-0.999992,-0.00362488][0.836858,0.769958,0][0,-0.366587,0.0997191][-0.001664,-0.999992,-0.00362488][0.780361,0.847121,0][0.893889,-0.365946,-0.282278][-0.001413,-0.999987,-0.00498488][0.746854,0.774429,0][0.988568,-0.368892,0.282169][-0.001413,-0.999987,-0.00498488][0.797234,0.767172,0][0,-0.366587,0.0997191][-0.001413,-0.999987,-0.00498488][0.780361,0.847121,0][-0.742729,-0.215824,-0.878971][-0.925447,0.019633,-0.378367][0.297053,0.540412,0][-0.92854,-0.219351,-0.293221][-0.971744,0.018695,-0.235295][0.312254,0.540412,0][-0.923495,0.0629634,-0.291627][-0.971656,0.018696,-0.235657][0.312254,0.701795,0][-0.923495,0.0629634,-0.291627][-0.971656,0.018696,-0.235657][0.312254,0.701795,0][-0.738693,0.0664714,-0.874194][-0.925647,0.019628,-0.377878][0.297053,0.701795,0][-0.742729,-0.215824,-0.878971][-0.925447,0.019633,-0.378367][0.297053,0.540412,0][-0.92854,-0.219351,-0.293221][-0.971744,0.018695,-0.235295][0.312254,0.540412,0][-1.02689,-0.222412,0.293107][-0.997414,0.019323,-0.069227][0.32801,0.540412,0][-1.02131,0.0599186,0.291514][-0.997308,0.019313,-0.070739][0.32801,0.701795,0][-1.02131,0.0599186,0.291514][-0.997308,0.019313,-0.070739][0.32801,0.701795,0][-0.923495,0.0629634,-0.291627][-0.971656,0.018696,-0.235657][0.312254,0.701795,0][-0.92854,-0.219351,-0.293221][-0.971744,0.018695,-0.235295][0.312254,0.540412,0][-1.02689,-0.222412,0.293107][-0.997414,0.019323,-0.069227][0.32801,0.540412,0][-1.00282,-0.224079,0.764075][-0.979171,0.021867,0.201857][0.338077,0.540412,0][-0.997373,0.0582596,0.759923][-0.979713,0.021839,0.199214][0.338077,0.701795,0][-0.997373,0.0582596,0.759923][-0.979713,0.021839,0.199214][0.338077,0.701795,0][-1.02131,0.0599186,0.291514][-0.997308,0.019313,-0.070739][0.32801,0.701795,0][-1.02689,-0.222412,0.293107][-0.997414,0.019323,-0.069227][0.32801,0.540412,0][-1.00282,-0.224079,0.764075][-0.979171,0.021867,0.201857][0.338077,0.540412,0][-0.860265,-0.224619,1.10719][-0.840227,0.0254531,0.541638][0.34507,0.540412,0][-0.85559,0.0577227,1.10117][-0.841452,0.0254331,0.539733][0.34507,0.701795,0][-0.85559,0.0577227,1.10117][-0.841452,0.0254331,0.539733][0.34507,0.701795,0][-0.997373,0.0582596,0.759923][-0.979713,0.021839,0.199214][0.338077,0.701795,0][-1.00282,-0.224079,0.764075][-0.979171,0.021867,0.201857][0.338077,0.540412,0][-0.860265,-0.224619,1.10719][-0.840227,0.0254531,0.541638][0.34507,0.540412,0][-0.62587,-0.224707,1.35032][-0.595761,0.0280361,0.802672][0.351183,0.540412,0][-0.622469,0.0576357,1.34298][-0.596762,0.0280291,0.801929][0.351183,0.701795,0][-0.622469,0.0576357,1.34298][-0.596762,0.0280291,0.801929][0.351183,0.701795,0][-0.85559,0.0577227,1.10117][-0.841452,0.0254331,0.539733][0.34507,0.701795,0][-0.860265,-0.224619,1.10719][-0.840227,0.0254531,0.541638][0.34507,0.540412,0][-0.62587,-0.224707,1.35032][-0.595761,0.0280361,0.802672][0.351183,0.540412,0][-0.329063,-0.224711,1.50198][-0.309182,0.0294361,0.950547][0.357075,0.540412,0][-0.327275,0.0576317,1.49382][-0.309739,0.0294341,0.950366][0.357075,0.701795,0][-0.327275,0.0576317,1.49382][-0.309739,0.0294341,0.950366][0.357075,0.701795,0][-0.622469,0.0576357,1.34298][-0.596762,0.0280291,0.801929][0.351183,0.701795,0][-0.62587,-0.224707,1.35032][-0.595761,0.0280361,0.802672][0.351183,0.540412,0][-0.329063,-0.224711,1.50198][-0.309182,0.0294361,0.950547][0.357075,0.540412,0][0,-0.224711,1.5541][0,0.0298971,0.999553][0.362895,0.540412,0][0,0.0576317,1.54566][0,0.0298971,0.999553][0.362895,0.701795,0][0,0.0576317,1.54566][0,0.0298971,0.999553][0.362895,0.701795,0][-0.327275,0.0576317,1.49382][-0.309739,0.0294341,0.950366][0.357075,0.701795,0][-0.329063,-0.224711,1.50198][-0.309182,0.0294361,0.950547][0.357075,0.540412,0][0,-0.224711,1.5541][0,0.0298971,0.999553][0.362895,0.540412,0][0.329063,-0.224711,1.50198][0.309182,0.0294361,0.950547][0.368714,0.540412,0][0.327275,0.0576317,1.49382][0.309739,0.0294341,0.950366][0.368714,0.701795,0][0.327275,0.0576317,1.49382][0.309739,0.0294341,0.950366][0.368714,0.701795,0][0,0.0576317,1.54566][0,0.0298971,0.999553][0.362895,0.701795,0][0,-0.224711,1.5541][0,0.0298971,0.999553][0.362895,0.540412,0][0.329063,-0.224711,1.50198][0.309182,0.0294361,0.950547][0.368714,0.540412,0][0.62587,-0.224707,1.35032][0.595762,0.0280361,0.802672][0.374606,0.540412,0][0.622469,0.0576357,1.34298][0.596762,0.0280291,0.801928][0.374606,0.701795,0][0.622469,0.0576357,1.34298][0.596762,0.0280291,0.801928][0.374606,0.701795,0][0.327275,0.0576317,1.49382][0.309739,0.0294341,0.950366][0.368714,0.701795,0][0.329063,-0.224711,1.50198][0.309182,0.0294361,0.950547][0.368714,0.540412,0][0.62587,-0.224707,1.35032][0.595762,0.0280361,0.802672][0.374606,0.540412,0][0.860265,-0.224619,1.10719][0.840227,0.0254531,0.541637][0.380719,0.540412,0][0.85559,0.0577227,1.10117][0.841452,0.0254331,0.539733][0.380719,0.701795,0][0.85559,0.0577227,1.10117][0.841452,0.0254331,0.539733][0.380719,0.701795,0][0.622469,0.0576357,1.34298][0.596762,0.0280291,0.801928][0.374606,0.701795,0][0.62587,-0.224707,1.35032][0.595762,0.0280361,0.802672][0.374606,0.540412,0][0.860265,-0.224619,1.10719][0.840227,0.0254531,0.541637][0.380719,0.540412,0][1.00282,-0.224079,0.764075][0.979171,0.021867,0.201857][0.387712,0.540412,0][0.997373,0.0582596,0.759923][0.979713,0.021838,0.199214][0.387712,0.701795,0][0.997373,0.0582596,0.759923][0.979713,0.021838,0.199214][0.387712,0.701795,0][0.85559,0.0577227,1.10117][0.841452,0.0254331,0.539733][0.380719,0.701795,0][0.860265,-0.224619,1.10719][0.840227,0.0254531,0.541637][0.380719,0.540412,0][1.00282,-0.224079,0.764075][0.979171,0.021867,0.201857][0.387712,0.540412,0][1.02689,-0.222412,0.293107][0.997414,0.019323,-0.069226][0.397779,0.540412,0][1.02131,0.0599186,0.291514][0.997308,0.019312,-0.070738][0.397779,0.701795,0][1.02131,0.0599186,0.291514][0.997308,0.019312,-0.070738][0.397779,0.701795,0][0.997373,0.0582596,0.759923][0.979713,0.021838,0.199214][0.387712,0.701795,0][1.00282,-0.224079,0.764075][0.979171,0.021867,0.201857][0.387712,0.540412,0][1.02689,-0.222412,0.293107][0.997414,0.019323,-0.069226][0.397779,0.540412,0][0.928541,-0.219351,-0.293221][0.971744,0.018696,-0.235294][0.413535,0.540412,0][0.923495,0.0629634,-0.291627][0.971657,0.018696,-0.235657][0.413535,0.701795,0][0.923495,0.0629634,-0.291627][0.971657,0.018696,-0.235657][0.413535,0.701795,0][1.02131,0.0599186,0.291514][0.997308,0.019312,-0.070738][0.397779,0.701795,0][1.02689,-0.222412,0.293107][0.997414,0.019323,-0.069226][0.397779,0.540412,0][0.928541,-0.219351,-0.293221][0.971744,0.018696,-0.235294][0.413535,0.540412,0][0.742729,-0.215824,-0.878971][0.925447,0.019633,-0.378367][0.428736,0.540412,0][0.738693,0.0664714,-0.874195][0.925647,0.019628,-0.377878][0.428736,0.701795,0][0.738693,0.0664714,-0.874195][0.925647,0.019628,-0.377878][0.428736,0.701795,0][0.923495,0.0629634,-0.291627][0.971657,0.018696,-0.235657][0.413535,0.701795,0][0.928541,-0.219351,-0.293221][0.971744,0.018696,-0.235294][0.413535,0.540412,0][0.742729,-0.215824,-0.878971][0.925447,0.019633,-0.378367][0.428736,0.540412,0][0.515777,-0.213367,-1.30325][0.795447,0.0230909,-0.605584][0.437499,0.540412,0][0.512974,0.0689142,-1.29617][0.796769,0.0230599,-0.603844][0.437499,0.701795,0][0.512974,0.0689142,-1.29617][0.796769,0.0230599,-0.603844][0.437499,0.701795,0][0.738693,0.0664714,-0.874195][0.925647,0.019628,-0.377878][0.428736,0.701795,0][0.742729,-0.215824,-0.878971][0.925447,0.019633,-0.378367][0.428736,0.540412,0][0.515777,-0.213367,-1.30325][0.795447,0.0230909,-0.605584][0.437499,0.540412,0][0.266823,-0.212517,-1.50538][0.436391,0.0283029,-0.899312][0.442935,0.540412,0][0.265373,0.0697592,-1.4972][0.438067,0.0282879,-0.898497][0.442935,0.701795,0][0.265373,0.0697592,-1.4972][0.438067,0.0282879,-0.898497][0.442935,0.701795,0][0.512974,0.0689142,-1.29617][0.796769,0.0230599,-0.603844][0.437499,0.701795,0][0.515777,-0.213367,-1.30325][0.795447,0.0230909,-0.605584][0.437499,0.540412,0][0.266823,-0.212517,-1.50538][0.436391,0.0283029,-0.899312][0.442935,0.540412,0][0,-0.212448,-1.5541][0,0.0299039,-0.999553][0.447668,0.540412,0][0,0.0698292,-1.54566][0,0.0299039,-0.999553][0.447668,0.701795,0][0,0.0698292,-1.54566][0,0.0299039,-0.999553][0.447668,0.701795,0][0.265373,0.0697592,-1.4972][0.438067,0.0282879,-0.898497][0.442935,0.701795,0][0.266823,-0.212517,-1.50538][0.436391,0.0283029,-0.899312][0.442935,0.540412,0][0,-0.212448,-1.5541][0,0.0299039,-0.999553][0.278121,0.540412,0][-0.266823,-0.212517,-1.50538][-0.436392,0.0283029,-0.899312][0.282855,0.540412,0][-0.265373,0.0697592,-1.4972][-0.438067,0.0282879,-0.898497][0.282855,0.701795,0][-0.265373,0.0697592,-1.4972][-0.438067,0.0282879,-0.898497][0.282855,0.701795,0][0,0.0698292,-1.54566][0,0.0299039,-0.999553][0.278121,0.701795,0][0,-0.212448,-1.5541][0,0.0299039,-0.999553][0.278121,0.540412,0][-0.266823,-0.212517,-1.50538][-0.436392,0.0283029,-0.899312][0.282855,0.540412,0][-0.515777,-0.213367,-1.30325][-0.795447,0.0230909,-0.605584][0.28829,0.540412,0][-0.512974,0.0689142,-1.29617][-0.796769,0.0230609,-0.603844][0.28829,0.701795,0][-0.512974,0.0689142,-1.29617][-0.796769,0.0230609,-0.603844][0.28829,0.701795,0][-0.265373,0.0697592,-1.4972][-0.438067,0.0282879,-0.898497][0.282855,0.701795,0][-0.266823,-0.212517,-1.50538][-0.436392,0.0283029,-0.899312][0.282855,0.540412,0][-0.515777,-0.213367,-1.30325][-0.795447,0.0230909,-0.605584][0.28829,0.540412,0][-0.742729,-0.215824,-0.878971][-0.925447,0.019633,-0.378367][0.297053,0.540412,0][-0.738693,0.0664714,-0.874194][-0.925647,0.019628,-0.377878][0.297053,0.701795,0][-0.738693,0.0664714,-0.874194][-0.925647,0.019628,-0.377878][0.297053,0.701795,0][-0.512974,0.0689142,-1.29617][-0.796769,0.0230609,-0.603844][0.28829,0.701795,0][-0.515777,-0.213367,-1.30325][-0.795447,0.0230909,-0.605584][0.28829,0.540412,0][-0.738693,0.0664714,-0.874194][-0.743758,-0.600665,-0.293302][0.641791,0.752016,0][-0.923495,0.0629634,-0.291627][-0.787481,-0.585486,-0.192564][0.72115,0.723038,0][-0.950031,0.10141,-0.300007][-0.96195,0.140732,-0.234194][0.723707,0.727589,0][-0.950031,0.10141,-0.300007][-0.96195,0.140732,-0.234194][0.723707,0.727589,0][-0.75992,0.10502,-0.899314][-0.908861,0.149792,-0.389273][0.644656,0.756879,0][-0.738693,0.0664714,-0.874194][-0.743758,-0.600665,-0.293302][0.641791,0.752016,0][-0.923495,0.0629634,-0.291627][-0.787481,-0.585486,-0.192564][0.72115,0.723038,0][-1.02131,0.0599186,0.291514][-0.799574,-0.596539,-0.0694519][0.806847,0.708423,0][-1.05066,0.0982786,0.299891][-0.987736,0.146313,-0.054492][0.808713,0.713306,0][-1.05066,0.0982786,0.299891][-0.987736,0.146313,-0.054492][0.808713,0.713306,0][-0.950031,0.10141,-0.300007][-0.96195,0.140732,-0.234194][0.723707,0.727589,0][-0.923495,0.0629634,-0.291627][-0.787481,-0.585486,-0.192564][0.72115,0.723038,0][-1.02131,0.0599186,0.291514][-0.799574,-0.596539,-0.0694519][0.806847,0.708423,0][-0.997373,0.0582596,0.759923][-0.756649,-0.640588,0.130881][0.882996,0.717486,0][-1.02603,0.0965726,0.781759][-0.958765,0.167201,0.229812][0.881935,0.722778,0][-1.02603,0.0965726,0.781759][-0.958765,0.167201,0.229812][0.881935,0.722778,0][-1.05066,0.0982786,0.299891][-0.987736,0.146313,-0.054492][0.808713,0.713306,0][-1.02131,0.0599186,0.291514][-0.799574,-0.596539,-0.0694519][0.806847,0.708423,0][-0.997373,0.0582596,0.759923][-0.756649,-0.640588,0.130881][0.882996,0.717486,0][-0.85559,0.0577227,1.10117][-0.611681,-0.698903,0.37065][0.933294,0.743573,0][-0.880175,0.0960207,1.13282][-0.809076,0.192867,0.555157][0.928197,0.748205,0][-0.880175,0.0960207,1.13282][-0.809076,0.192867,0.555157][0.928197,0.748205,0][-1.02603,0.0965726,0.781759][-0.958765,0.167201,0.229812][0.881935,0.722778,0][-0.997373,0.0582596,0.759923][-0.756649,-0.640588,0.130881][0.882996,0.717486,0][-0.85559,0.0577227,1.10117][-0.611681,-0.698903,0.37065][0.933294,0.743573,0][-0.622469,0.0576357,1.34298][-0.412587,-0.73498,0.538123][0.962013,0.776392,0][-0.640356,0.0959308,1.38157][-0.569919,0.210203,0.794359][0.954164,0.779456,0][-0.640356,0.0959308,1.38157][-0.569919,0.210203,0.794359][0.954164,0.779456,0][-0.880175,0.0960207,1.13282][-0.809076,0.192867,0.555157][0.928197,0.748205,0][-0.85559,0.0577227,1.10117][-0.611681,-0.698903,0.37065][0.933294,0.743573,0][-0.622469,0.0576357,1.34298][-0.412587,-0.73498,0.538123][0.962013,0.776392,0][-0.327275,0.0576317,1.49382][-0.208432,-0.752055,0.625276][0.976673,0.811609,0][-0.336679,0.0959257,1.53674][-0.29473,0.219641,0.929996][0.96759,0.813092,0][-0.336679,0.0959257,1.53674][-0.29473,0.219641,0.929996][0.96759,0.813092,0][-0.640356,0.0959308,1.38157][-0.569919,0.210203,0.794359][0.954164,0.779456,0][-0.622469,0.0576357,1.34298][-0.412587,-0.73498,0.538123][0.962013,0.776392,0][-0.327275,0.0576317,1.49382][-0.208432,-0.752055,0.625276][0.976673,0.811609,0][0,0.0576317,1.54566][0,-0.757352,0.653007][0.981273,0.847506,0][0,0.0959257,1.59007][0,0.222762,0.974873][0.971748,0.847506,0][0,0.0959257,1.59007][0,0.222762,0.974873][0.971748,0.847506,0][-0.336679,0.0959257,1.53674][-0.29473,0.219641,0.929996][0.96759,0.813092,0][-0.327275,0.0576317,1.49382][-0.208432,-0.752055,0.625276][0.976673,0.811609,0][0,0.0576317,1.54566][0,-0.757352,0.653007][0.981273,0.847506,0][0.327275,0.0576317,1.49382][0.208432,-0.752054,0.625277][0.976674,0.883402,0][0.336679,0.0959257,1.53674][0.29473,0.219641,0.929996][0.96759,0.881919,0][0.336679,0.0959257,1.53674][0.29473,0.219641,0.929996][0.96759,0.881919,0][0,0.0959257,1.59007][0,0.222762,0.974873][0.971748,0.847506,0][0,0.0576317,1.54566][0,-0.757352,0.653007][0.981273,0.847506,0][0.327275,0.0576317,1.49382][0.208432,-0.752054,0.625277][0.976674,0.883402,0][0.622469,0.0576357,1.34298][0.412588,-0.734979,0.538124][0.962013,0.918619,0][0.640356,0.0959308,1.38157][0.569919,0.210205,0.794359][0.954164,0.915555,0][0.640356,0.0959308,1.38157][0.569919,0.210205,0.794359][0.954164,0.915555,0][0.336679,0.0959257,1.53674][0.29473,0.219641,0.929996][0.96759,0.881919,0][0.327275,0.0576317,1.49382][0.208432,-0.752054,0.625277][0.976674,0.883402,0][0.622469,0.0576357,1.34298][0.412588,-0.734979,0.538124][0.962013,0.918619,0][0.85559,0.0577227,1.10117][0.611679,-0.698905,0.370649][0.933294,0.951438,0][0.880175,0.0960207,1.13282][0.809076,0.192868,0.555156][0.928197,0.946805,0][0.880175,0.0960207,1.13282][0.809076,0.192868,0.555156][0.928197,0.946805,0][0.640356,0.0959308,1.38157][0.569919,0.210205,0.794359][0.954164,0.915555,0][0.622469,0.0576357,1.34298][0.412588,-0.734979,0.538124][0.962013,0.918619,0][0.85559,0.0577227,1.10117][0.611679,-0.698905,0.370649][0.933294,0.951438,0][0.997373,0.0582596,0.759923][0.756647,-0.640591,0.130881][0.882996,0.977525,0][1.02603,0.0965726,0.781759][0.958765,0.1672,0.229812][0.881935,0.972232,0][1.02603,0.0965726,0.781759][0.958765,0.1672,0.229812][0.881935,0.972232,0][0.880175,0.0960207,1.13282][0.809076,0.192868,0.555156][0.928197,0.946805,0][0.85559,0.0577227,1.10117][0.611679,-0.698905,0.370649][0.933294,0.951438,0][0.997373,0.0582596,0.759923][0.756647,-0.640591,0.130881][0.882996,0.977525,0][1.02131,0.0599186,0.291514][0.799575,-0.596537,-0.0694519][0.806847,0.986588,0][1.05066,0.0982786,0.299891][0.987736,0.146313,-0.054492][0.808713,0.981705,0][1.05066,0.0982786,0.299891][0.987736,0.146313,-0.054492][0.808713,0.981705,0][1.02603,0.0965726,0.781759][0.958765,0.1672,0.229812][0.881935,0.972232,0][0.997373,0.0582596,0.759923][0.756647,-0.640591,0.130881][0.882996,0.977525,0][1.02131,0.0599186,0.291514][0.799575,-0.596537,-0.0694519][0.806847,0.986588,0][0.923495,0.0629634,-0.291627][0.787482,-0.585484,-0.192564][0.721151,0.971972,0][0.950031,0.10141,-0.300007][0.96195,0.140731,-0.234194][0.723707,0.967422,0][0.950031,0.10141,-0.300007][0.96195,0.140731,-0.234194][0.723707,0.967422,0][1.05066,0.0982786,0.299891][0.987736,0.146313,-0.054492][0.808713,0.981705,0][1.02131,0.0599186,0.291514][0.799575,-0.596537,-0.0694519][0.806847,0.986588,0][0.923495,0.0629634,-0.291627][0.787482,-0.585484,-0.192564][0.721151,0.971972,0][0.738693,0.0664714,-0.874195][0.743758,-0.600665,-0.293302][0.64179,0.942995,0][0.75992,0.10502,-0.899315][0.908862,0.149789,-0.389274][0.644656,0.938132,0][0.75992,0.10502,-0.899315][0.908862,0.149789,-0.389274][0.644656,0.938132,0][0.950031,0.10141,-0.300007][0.96195,0.140731,-0.234194][0.723707,0.967422,0][0.923495,0.0629634,-0.291627][0.787482,-0.585484,-0.192564][0.721151,0.971972,0][0.738693,0.0664714,-0.874195][0.743758,-0.600665,-0.293302][0.64179,0.942995,0][0.512974,0.0689142,-1.29617][0.616677,-0.655619,-0.435745][0.588653,0.908332,0][0.527714,0.107533,-1.33341][0.754357,0.180007,-0.631302][0.593344,0.903571,0][0.527714,0.107533,-1.33341][0.754357,0.180007,-0.631302][0.593344,0.903571,0][0.75992,0.10502,-0.899315][0.908862,0.149789,-0.389274][0.644656,0.938132,0][0.738693,0.0664714,-0.874195][0.743758,-0.600665,-0.293302][0.64179,0.942995,0][0.512974,0.0689142,-1.29617][0.616677,-0.655619,-0.435745][0.588653,0.908332,0][0.265373,0.0697592,-1.4972][0.312564,-0.733551,-0.603495][0.563679,0.877318,0][0.272998,0.108402,-1.54022][0.39754,0.214893,-0.892067][0.571691,0.874537,0][0.272998,0.108402,-1.54022][0.39754,0.214893,-0.892067][0.571691,0.874537,0][0.527714,0.107533,-1.33341][0.754357,0.180007,-0.631302][0.593344,0.903571,0][0.512974,0.0689142,-1.29617][0.616677,-0.655619,-0.435745][0.588653,0.908332,0][0.265373,0.0697592,-1.4972][0.312564,-0.733551,-0.603495][0.563679,0.877318,0][0,0.0698292,-1.54566][0,-0.7544,-0.656415][0.557072,0.847505,0][0,0.108474,-1.59007][0,0.223207,-0.974771][0.566643,0.847506,0][0,0.108474,-1.59007][0,0.223207,-0.974771][0.566643,0.847506,0][0.272998,0.108402,-1.54022][0.39754,0.214893,-0.892067][0.571691,0.874537,0][0.265373,0.0697592,-1.4972][0.312564,-0.733551,-0.603495][0.563679,0.877318,0][0,0.0698292,-1.54566][0,-0.7544,-0.656415][0.557072,0.847505,0][-0.265373,0.0697592,-1.4972][-0.312564,-0.733551,-0.603495][0.56368,0.817693,0][-0.272998,0.108402,-1.54022][-0.397541,0.214892,-0.892067][0.571691,0.820474,0][-0.272998,0.108402,-1.54022][-0.397541,0.214892,-0.892067][0.571691,0.820474,0][0,0.108474,-1.59007][0,0.223207,-0.974771][0.566643,0.847506,0][0,0.0698292,-1.54566][0,-0.7544,-0.656415][0.557072,0.847505,0][-0.265373,0.0697592,-1.4972][-0.312564,-0.733551,-0.603495][0.56368,0.817693,0][-0.512974,0.0689142,-1.29617][-0.616677,-0.655619,-0.435745][0.588653,0.786679,0][-0.527714,0.107533,-1.33341][-0.754357,0.180008,-0.631302][0.593344,0.79144,0][-0.527714,0.107533,-1.33341][-0.754357,0.180008,-0.631302][0.593344,0.79144,0][-0.272998,0.108402,-1.54022][-0.397541,0.214892,-0.892067][0.571691,0.820474,0][-0.265373,0.0697592,-1.4972][-0.312564,-0.733551,-0.603495][0.56368,0.817693,0][-0.512974,0.0689142,-1.29617][-0.616677,-0.655619,-0.435745][0.588653,0.786679,0][-0.738693,0.0664714,-0.874194][-0.743758,-0.600665,-0.293302][0.641791,0.752016,0][-0.75992,0.10502,-0.899314][-0.908861,0.149792,-0.389273][0.644656,0.756879,0][-0.75992,0.10502,-0.899314][-0.908861,0.149792,-0.389273][0.644656,0.756879,0][-0.527714,0.107533,-1.33341][-0.754357,0.180008,-0.631302][0.593344,0.79144,0][-0.512974,0.0689142,-1.29617][-0.616677,-0.655619,-0.435745][0.588653,0.786679,0][0.505045,0.172383,-1.27614][0.589508,0.675666,-0.442669][0.606891,0.901065,0][0.261271,0.173215,-1.47406][0.292521,0.747454,-0.596443][0.586337,0.873477,0][0.248159,0.227418,-1.40008][0.078838,0.991914,-0.0994581][0.600941,0.872662,0][0.248159,0.227418,-1.40008][0.078838,0.991914,-0.0994581][0.600941,0.872662,0][0.479699,0.226628,-1.21209][0.155667,0.986184,-0.0566441][0.620357,0.898917,0][0.505045,0.172383,-1.27614][0.589508,0.675666,-0.442669][0.606891,0.901065,0][0.261271,0.173215,-1.47406][0.292521,0.747454,-0.596443][0.586337,0.873477,0][0,0.173284,-1.52176][0,0.767191,-0.641419][0.581781,0.847506,0][0,0.227483,-1.44539][0,0.99642,-0.0845431][0.596891,0.847506,0][0,0.227483,-1.44539][0,0.99642,-0.0845431][0.596891,0.847506,0][0.248159,0.227418,-1.40008][0.078838,0.991914,-0.0994581][0.600941,0.872662,0][0.261271,0.173215,-1.47406][0.292521,0.747454,-0.596443][0.586337,0.873477,0][0,0.173284,-1.52176][0,0.767191,-0.641419][0.581781,0.847506,0][-0.261271,0.173215,-1.47406][-0.292521,0.747454,-0.596443][0.586337,0.821534,0][-0.248159,0.227418,-1.40008][-0.078838,0.991914,-0.0994581][0.60094,0.822349,0][-0.248159,0.227418,-1.40008][-0.078838,0.991914,-0.0994581][0.60094,0.822349,0][0,0.227483,-1.44539][0,0.99642,-0.0845431][0.596891,0.847506,0][0,0.173284,-1.52176][0,0.767191,-0.641419][0.581781,0.847506,0][-0.261271,0.173215,-1.47406][-0.292521,0.747454,-0.596443][0.586337,0.821534,0][-0.505045,0.172383,-1.27614][-0.589508,0.675666,-0.442669][0.606891,0.793946,0][-0.479699,0.226628,-1.21209][-0.155668,0.986184,-0.0566451][0.620358,0.796094,0][-0.479699,0.226628,-1.21209][-0.155668,0.986184,-0.0566451][0.620358,0.796094,0][-0.248159,0.227418,-1.40008][-0.078838,0.991914,-0.0994581][0.60094,0.822349,0][-0.261271,0.173215,-1.47406][-0.292521,0.747454,-0.596443][0.586337,0.821534,0][-0.505045,0.172383,-1.27614][-0.589508,0.675666,-0.442669][0.606891,0.793946,0][-0.727276,0.169978,-0.860683][-0.729445,0.617618,-0.294038][0.655151,0.762109,0][-0.690776,0.224343,-0.817488][-0.104567,0.994426,-0.0134911][0.665288,0.766802,0][-0.690776,0.224343,-0.817488][-0.104567,0.994426,-0.0134911][0.665288,0.766802,0][-0.479699,0.226628,-1.21209][-0.155668,0.986184,-0.0566451][0.620358,0.796094,0][-0.505045,0.172383,-1.27614][-0.589508,0.675666,-0.442669][0.606891,0.793946,0][-0.727276,0.169978,-0.860683][-0.729445,0.617618,-0.294038][0.655151,0.762109,0][-0.909221,0.166524,-0.28712][-0.778187,0.600078,-0.185286][0.728735,0.734854,0][-0.86359,0.221063,-0.27271][-0.065269,0.997838,-0.00771512][0.733518,0.741607,0][-0.86359,0.221063,-0.27271][-0.065269,0.997838,-0.00771512][0.733518,0.741607,0][-0.690776,0.224343,-0.817488][-0.104567,0.994426,-0.0134911][0.665288,0.766802,0][-0.727276,0.169978,-0.860683][-0.729445,0.617618,-0.294038][0.655151,0.762109,0][-0.909221,0.166524,-0.28712][-0.778187,0.600078,-0.185286][0.728735,0.734854,0][-1.00552,0.163527,0.287008][-0.790024,0.610772,-0.0530991][0.806883,0.721424,0][-0.95506,0.218216,0.272604][-0.101608,0.994611,-0.0206151][0.804993,0.728959,0][-0.95506,0.218216,0.272604][-0.101608,0.994611,-0.0206151][0.804993,0.728959,0][-0.86359,0.221063,-0.27271][-0.065269,0.997838,-0.00771512][0.733518,0.741607,0][-0.909221,0.166524,-0.28712][-0.778187,0.600078,-0.185286][0.728735,0.734854,0][-1.00552,0.163527,0.287008][-0.790024,0.610772,-0.0530991][0.806883,0.721424,0][-0.981957,0.161894,0.748177][-0.739767,0.655402,0.152296][0.873181,0.729348,0][-0.932676,0.216665,0.710628][-0.135061,0.990826,-0.00475112][0.86454,0.735507,0][-0.932676,0.216665,0.710628][-0.135061,0.990826,-0.00475112][0.86454,0.735507,0][-0.95506,0.218216,0.272604][-0.101608,0.994611,-0.0206151][0.804993,0.728959,0][-1.00552,0.163527,0.287008][-0.790024,0.610772,-0.0530991][0.806883,0.721424,0][-0.981957,0.161894,0.748177][-0.739767,0.655402,0.152296][0.873181,0.729348,0][-0.842366,0.161366,1.08415][-0.592217,0.710277,0.380506][0.915593,0.752353,0][-0.80009,0.216163,1.02974][-0.108041,0.993389,0.0388039][0.903187,0.756276,0][-0.80009,0.216163,1.02974][-0.108041,0.993389,0.0388039][0.903187,0.756276,0][-0.932676,0.216665,0.710628][-0.135061,0.990826,-0.00475112][0.86454,0.735507,0][-0.981957,0.161894,0.748177][-0.739767,0.655402,0.152296][0.873181,0.729348,0][-0.842366,0.161366,1.08415][-0.592217,0.710277,0.380506][0.915593,0.752353,0][-0.612849,0.16128,1.32223][-0.399044,0.743794,0.536223][0.939899,0.781821,0][-0.582091,0.216082,1.25587][-0.065398,0.995737,0.0650519][0.92573,0.783997,0][-0.582091,0.216082,1.25587][-0.065398,0.995737,0.0650519][0.92573,0.783997,0][-0.80009,0.216163,1.02974][-0.108041,0.993389,0.0388039][0.903187,0.756276,0][-0.842366,0.161366,1.08415][-0.592217,0.710277,0.380506][0.915593,0.752353,0][-0.612849,0.16128,1.32223][-0.399044,0.743794,0.536223][0.939899,0.781821,0][-0.322217,0.161275,1.47073][-0.201519,0.759801,0.618136][0.952594,0.814143,0][-0.306046,0.216077,1.39692][-0.032087,0.996391,0.0785849][0.937666,0.815076,0][-0.306046,0.216077,1.39692][-0.032087,0.996391,0.0785849][0.937666,0.815076,0][-0.582091,0.216082,1.25587][-0.065398,0.995737,0.0650519][0.92573,0.783997,0][-0.612849,0.16128,1.32223][-0.399044,0.743794,0.536223][0.939899,0.781821,0][-0.322217,0.161275,1.47073][-0.201519,0.759801,0.618136][0.952594,0.814143,0][0,0.161275,1.52176][0,0.764748,0.64433][0.956542,0.847506,0][0,0.216077,1.44539][0,0.996507,0.0835109][0.941378,0.847506,0][0,0.216077,1.44539][0,0.996507,0.0835109][0.941378,0.847506,0][-0.306046,0.216077,1.39692][-0.032087,0.996391,0.0785849][0.937666,0.815076,0][-0.322217,0.161275,1.47073][-0.201519,0.759801,0.618136][0.952594,0.814143,0][0,0.161275,1.52176][0,0.764748,0.64433][0.956542,0.847506,0][0.322217,0.161275,1.47073][0.20152,0.759801,0.618136][0.952594,0.880868,0][0.306046,0.216077,1.39692][0.032086,0.996391,0.0785849][0.937666,0.879935,0][0.306046,0.216077,1.39692][0.032086,0.996391,0.0785849][0.937666,0.879935,0][0,0.216077,1.44539][0,0.996507,0.0835109][0.941378,0.847506,0][0,0.161275,1.52176][0,0.764748,0.64433][0.956542,0.847506,0][0.322217,0.161275,1.47073][0.20152,0.759801,0.618136][0.952594,0.880868,0][0.612848,0.16128,1.32223][0.399045,0.743793,0.536223][0.939899,0.91319,0][0.582091,0.216082,1.25587][0.065399,0.995737,0.0650519][0.92573,0.911014,0][0.582091,0.216082,1.25587][0.065399,0.995737,0.0650519][0.92573,0.911014,0][0.306046,0.216077,1.39692][0.032086,0.996391,0.0785849][0.937666,0.879935,0][0.322217,0.161275,1.47073][0.20152,0.759801,0.618136][0.952594,0.880868,0][0.612848,0.16128,1.32223][0.399045,0.743793,0.536223][0.939899,0.91319,0][0.842366,0.161366,1.08415][0.592217,0.710278,0.380506][0.915593,0.942658,0][0.80009,0.216163,1.02974][0.108041,0.993389,0.0388039][0.903187,0.938735,0][0.80009,0.216163,1.02974][0.108041,0.993389,0.0388039][0.903187,0.938735,0][0.582091,0.216082,1.25587][0.065399,0.995737,0.0650519][0.92573,0.911014,0][0.612848,0.16128,1.32223][0.399045,0.743793,0.536223][0.939899,0.91319,0][0.842366,0.161366,1.08415][0.592217,0.710278,0.380506][0.915593,0.942658,0][0.981957,0.161894,0.748177][0.739767,0.655402,0.152295][0.873181,0.965663,0][0.932676,0.216665,0.710628][0.135061,0.990826,-0.00475112][0.86454,0.959504,0][0.932676,0.216665,0.710628][0.135061,0.990826,-0.00475112][0.86454,0.959504,0][0.80009,0.216163,1.02974][0.108041,0.993389,0.0388039][0.903187,0.938735,0][0.842366,0.161366,1.08415][0.592217,0.710278,0.380506][0.915593,0.942658,0][0.981957,0.161894,0.748177][0.739767,0.655402,0.152295][0.873181,0.965663,0][1.00552,0.163527,0.287008][0.790024,0.610772,-0.0530991][0.806883,0.973587,0][0.95506,0.218216,0.272604][0.101607,0.994611,-0.0206151][0.804993,0.966052,0][0.95506,0.218216,0.272604][0.101607,0.994611,-0.0206151][0.804993,0.966052,0][0.932676,0.216665,0.710628][0.135061,0.990826,-0.00475112][0.86454,0.959504,0][0.981957,0.161894,0.748177][0.739767,0.655402,0.152295][0.873181,0.965663,0][1.00552,0.163527,0.287008][0.790024,0.610772,-0.0530991][0.806883,0.973587,0][0.909222,0.166524,-0.28712][0.778187,0.600078,-0.185285][0.728735,0.960156,0][0.86359,0.221063,-0.27271][0.065269,0.997838,-0.00771512][0.733518,0.953404,0][0.86359,0.221063,-0.27271][0.065269,0.997838,-0.00771512][0.733518,0.953404,0][0.95506,0.218216,0.272604][0.101607,0.994611,-0.0206151][0.804993,0.966052,0][1.00552,0.163527,0.287008][0.790024,0.610772,-0.0530991][0.806883,0.973587,0][0.909222,0.166524,-0.28712][0.778187,0.600078,-0.185285][0.728735,0.960156,0][0.727276,0.169978,-0.860683][0.729445,0.617618,-0.294038][0.655151,0.932903,0][0.690776,0.224343,-0.817488][0.104567,0.994426,-0.0134911][0.665288,0.928209,0][0.690776,0.224343,-0.817488][0.104567,0.994426,-0.0134911][0.665288,0.928209,0][0.86359,0.221063,-0.27271][0.065269,0.997838,-0.00771512][0.733518,0.953404,0][0.909222,0.166524,-0.28712][0.778187,0.600078,-0.185285][0.728735,0.960156,0][0.727276,0.169978,-0.860683][0.729445,0.617618,-0.294038][0.655151,0.932903,0][0.505045,0.172383,-1.27614][0.589508,0.675666,-0.442669][0.606891,0.901065,0][0.479699,0.226628,-1.21209][0.155667,0.986184,-0.0566441][0.620357,0.898917,0][0.479699,0.226628,-1.21209][0.155667,0.986184,-0.0566441][0.620357,0.898917,0][0.690776,0.224343,-0.817488][0.104567,0.994426,-0.0134911][0.665288,0.928209,0][0.727276,0.169978,-0.860683][0.729445,0.617618,-0.294038][0.655151,0.932903,0][0.88498,-0.30186,1.139][0.839004,-0.100769,0.534713][0.873181,0.775237,0][1.03163,-0.301304,0.786026][0.976839,-0.086598,0.195669][0.84217,0.762389,0][1.03493,-0.258427,0.788539][0.906101,0.370619,0.204015][0.843318,0.758903,0][1.03493,-0.258427,0.788539][0.906101,0.370619,0.204015][0.843318,0.758903,0][0.887809,-0.258985,1.14264][0.754769,0.420122,0.503807][0.875555,0.77232,0][0.88498,-0.30186,1.139][0.839004,-0.100769,0.534713][0.873181,0.775237,0][1.03163,-0.301304,0.786026][0.976839,-0.086598,0.195669][0.84217,0.762389,0][1.05639,-0.299589,0.301528][0.99447,-0.076699,-0.071735][0.798993,0.759014,0][1.05977,-0.256707,0.302492][0.939885,0.336741,-0.056759][0.79895,0.755371,0][1.05977,-0.256707,0.302492][0.939885,0.336741,-0.056759][0.79895,0.755371,0][1.03493,-0.258427,0.788539][0.906101,0.370619,0.204015][0.843318,0.758903,0][1.03163,-0.301304,0.786026][0.976839,-0.086598,0.195669][0.84217,0.762389,0][1.05639,-0.299589,0.301528][0.99447,-0.076699,-0.071735][0.798993,0.759014,0][0.955218,-0.296441,-0.301645][0.969178,-0.074275,-0.234901][0.744432,0.766786,0][0.958271,-0.253548,-0.302609][0.916876,0.332073,-0.221509][0.743464,0.76325,0][0.958271,-0.253548,-0.302609][0.916876,0.332073,-0.221509][0.743464,0.76325,0][1.05977,-0.256707,0.302492][0.939885,0.336741,-0.056759][0.79895,0.755371,0][1.05639,-0.299589,0.301528][0.99447,-0.076699,-0.071735][0.798993,0.759014,0][0.955218,-0.296441,-0.301645][0.969178,-0.074275,-0.234901][0.744432,0.766786,0][0.764068,-0.292812,-0.904224][0.923686,-0.077861,-0.375156][0.690255,0.78325,0][0.76651,-0.249908,-0.907114][0.866399,0.343403,-0.362529][0.688445,0.780004,0][0.76651,-0.249908,-0.907114][0.866399,0.343403,-0.362529][0.688445,0.780004,0][0.958271,-0.253548,-0.302609][0.916876,0.332073,-0.221509][0.743464,0.76325,0][0.955218,-0.296441,-0.301645][0.969178,-0.074275,-0.234901][0.744432,0.766786,0][0.764068,-0.292812,-0.904224][0.923686,-0.077861,-0.375156][0.690255,0.78325,0][0.530595,-0.290285,-1.34069][0.796652,-0.0911671,-0.597523][0.651801,0.803761,0][0.532291,-0.247373,-1.34498][0.720562,0.385124,-0.576603][0.648957,0.80123,0][0.532291,-0.247373,-1.34498][0.720562,0.385124,-0.576603][0.648957,0.80123,0][0.76651,-0.249908,-0.907114][0.866399,0.343403,-0.362529][0.688445,0.780004,0][0.764068,-0.292812,-0.904224][0.923686,-0.077861,-0.375156][0.690255,0.78325,0][0.530595,-0.290285,-1.34069][0.796652,-0.0911671,-0.597523][0.651801,0.803761,0][0.274488,-0.289411,-1.54863][0.438706,-0.111825,-0.891646][0.634177,0.825057,0][0.275366,-0.246496,-1.55358][0.376276,0.448922,-0.810485][0.630498,0.823731,0][0.275366,-0.246496,-1.55358][0.376276,0.448922,-0.810485][0.630498,0.823731,0][0.532291,-0.247373,-1.34498][0.720562,0.385124,-0.576603][0.648957,0.80123,0][0.530595,-0.290285,-1.34069][0.796652,-0.0911671,-0.597523][0.651801,0.803761,0][0.274488,-0.289411,-1.54863][0.438706,-0.111825,-0.891646][0.634177,0.825057,0][0,-0.289339,-1.59875][0,-0.118252,-0.992984][0.629701,0.847121,0][0,-0.246424,-1.60386][0,0.476497,-0.879176][0.625747,0.847121,0][0,-0.246424,-1.60386][0,0.476497,-0.879176][0.625747,0.847121,0][0.275366,-0.246496,-1.55358][0.376276,0.448922,-0.810485][0.630498,0.823731,0][0.274488,-0.289411,-1.54863][0.438706,-0.111825,-0.891646][0.634177,0.825057,0][0,-0.289339,-1.59875][0,-0.118252,-0.992984][0.629701,0.847121,0][-0.274488,-0.289411,-1.54863][-0.438706,-0.111825,-0.891646][0.634177,0.869185,0][-0.275366,-0.246496,-1.55358][-0.376276,0.448922,-0.810485][0.630498,0.870511,0][-0.275366,-0.246496,-1.55358][-0.376276,0.448922,-0.810485][0.630498,0.870511,0][0,-0.246424,-1.60386][0,0.476497,-0.879176][0.625747,0.847121,0][0,-0.289339,-1.59875][0,-0.118252,-0.992984][0.629701,0.847121,0][-0.274488,-0.289411,-1.54863][-0.438706,-0.111825,-0.891646][0.634177,0.869185,0][-0.530595,-0.290285,-1.34069][-0.796653,-0.0911621,-0.597523][0.651801,0.890481,0][-0.532291,-0.247373,-1.34498][-0.720562,0.385124,-0.576602][0.648957,0.893012,0][-0.532291,-0.247373,-1.34498][-0.720562,0.385124,-0.576602][0.648957,0.893012,0][-0.275366,-0.246496,-1.55358][-0.376276,0.448922,-0.810485][0.630498,0.870511,0][-0.274488,-0.289411,-1.54863][-0.438706,-0.111825,-0.891646][0.634177,0.869185,0][-0.530595,-0.290285,-1.34069][-0.796653,-0.0911621,-0.597523][0.651801,0.890481,0][-0.764068,-0.292812,-0.904223][-0.923686,-0.077855,-0.375156][0.690255,0.910992,0][-0.76651,-0.249908,-0.907114][-0.866399,0.343403,-0.362529][0.688445,0.914238,0][-0.76651,-0.249908,-0.907114][-0.866399,0.343403,-0.362529][0.688445,0.914238,0][-0.532291,-0.247373,-1.34498][-0.720562,0.385124,-0.576602][0.648957,0.893012,0][-0.530595,-0.290285,-1.34069][-0.796653,-0.0911621,-0.597523][0.651801,0.890481,0][-0.764068,-0.292812,-0.904223][-0.923686,-0.077855,-0.375156][0.690255,0.910992,0][-0.955217,-0.296441,-0.301645][-0.969178,-0.074271,-0.234901][0.744432,0.927456,0][-0.958271,-0.253548,-0.302609][-0.916876,0.332072,-0.22151][0.743464,0.930991,0][-0.958271,-0.253548,-0.302609][-0.916876,0.332072,-0.22151][0.743464,0.930991,0][-0.76651,-0.249908,-0.907114][-0.866399,0.343403,-0.362529][0.688445,0.914238,0][-0.764068,-0.292812,-0.904223][-0.923686,-0.077855,-0.375156][0.690255,0.910992,0][-0.955217,-0.296441,-0.301645][-0.969178,-0.074271,-0.234901][0.744432,0.927456,0][-1.05639,-0.299589,0.301528][-0.994471,-0.076694,-0.071735][0.798993,0.935228,0][-1.05977,-0.256707,0.302492][-0.939885,0.336741,-0.05676][0.798951,0.93887,0][-1.05977,-0.256707,0.302492][-0.939885,0.336741,-0.05676][0.798951,0.93887,0][-0.958271,-0.253548,-0.302609][-0.916876,0.332072,-0.22151][0.743464,0.930991,0][-0.955217,-0.296441,-0.301645][-0.969178,-0.074271,-0.234901][0.744432,0.927456,0][-1.05639,-0.299589,0.301528][-0.994471,-0.076694,-0.071735][0.798993,0.935228,0][-1.03163,-0.301304,0.786026][-0.976839,-0.086594,0.195669][0.84217,0.931853,0][-1.03493,-0.258427,0.788539][-0.9061,0.370621,0.204015][0.843318,0.935338,0][-1.03493,-0.258427,0.788539][-0.9061,0.370621,0.204015][0.843318,0.935338,0][-1.05977,-0.256707,0.302492][-0.939885,0.336741,-0.05676][0.798951,0.93887,0][-1.05639,-0.299589,0.301528][-0.994471,-0.076694,-0.071735][0.798993,0.935228,0][-1.03163,-0.301304,0.786026][-0.976839,-0.086594,0.195669][0.84217,0.931853,0][-0.88498,-0.30186,1.139][-0.839004,-0.100767,0.534714][0.873181,0.919005,0][-0.887809,-0.258985,1.14264][-0.754768,0.420124,0.503807][0.875555,0.921922,0][-0.887809,-0.258985,1.14264][-0.754768,0.420124,0.503807][0.875555,0.921922,0][-1.03493,-0.258427,0.788539][-0.9061,0.370621,0.204015][0.843318,0.935338,0][-1.03163,-0.301304,0.786026][-0.976839,-0.086594,0.195669][0.84217,0.931853,0][-0.88498,-0.30186,1.139][-0.839004,-0.100767,0.534714][0.873181,0.919005,0][-0.643852,-0.30195,1.38912][-0.594716,-0.111013,0.796234][0.89484,0.899146,0][-0.64591,-0.259075,1.39356][-0.5243,0.455113,0.71971][0.898151,0.901186,0][-0.64591,-0.259075,1.39356][-0.5243,0.455113,0.71971][0.898151,0.901186,0][-0.887809,-0.258985,1.14264][-0.754768,0.420124,0.503807][0.875555,0.921922,0][-0.88498,-0.30186,1.139][-0.839004,-0.100767,0.534714][0.873181,0.919005,0][-0.643852,-0.30195,1.38912][-0.594716,-0.111013,0.796234][0.89484,0.899146,0][-0.338518,-0.301955,1.54513][-0.308567,-0.116541,0.944036][0.908219,0.874435,0][-0.3396,-0.25908,1.55007][-0.269104,0.472613,0.839179][0.91204,0.87549,0][-0.3396,-0.25908,1.55007][-0.269104,0.472613,0.839179][0.91204,0.87549,0][-0.64591,-0.259075,1.39356][-0.5243,0.455113,0.71971][0.898151,0.901186,0][-0.643852,-0.30195,1.38912][-0.594716,-0.111013,0.796234][0.89484,0.899146,0][-0.338518,-0.301955,1.54513][-0.308567,-0.116541,0.944036][0.908219,0.874435,0][0,-0.301955,1.59875][0,-0.118361,0.992971][0.912758,0.847121,0][0,-0.25908,1.60386][0,0.477994,0.878363][0.916721,0.847121,0][0,-0.25908,1.60386][0,0.477994,0.878363][0.916721,0.847121,0][-0.3396,-0.25908,1.55007][-0.269104,0.472613,0.839179][0.91204,0.87549,0][-0.338518,-0.301955,1.54513][-0.308567,-0.116541,0.944036][0.908219,0.874435,0][0,-0.301955,1.59875][0,-0.118361,0.992971][0.912758,0.847121,0][0.338517,-0.301955,1.54513][0.308566,-0.116544,0.944036][0.908219,0.819808,0][0.3396,-0.25908,1.55007][0.269104,0.472612,0.839179][0.91204,0.818752,0][0.3396,-0.25908,1.55007][0.269104,0.472612,0.839179][0.91204,0.818752,0][0,-0.25908,1.60386][0,0.477994,0.878363][0.916721,0.847121,0][0,-0.301955,1.59875][0,-0.118361,0.992971][0.912758,0.847121,0][0.338517,-0.301955,1.54513][0.308566,-0.116544,0.944036][0.908219,0.819808,0][0.643851,-0.30195,1.38912][0.594715,-0.111018,0.796234][0.89484,0.795096,0][0.64591,-0.259075,1.39356][0.524301,0.455111,0.71971][0.898151,0.793055,0][0.64591,-0.259075,1.39356][0.524301,0.455111,0.71971][0.898151,0.793055,0][0.3396,-0.25908,1.55007][0.269104,0.472612,0.839179][0.91204,0.818752,0][0.338517,-0.301955,1.54513][0.308566,-0.116544,0.944036][0.908219,0.819808,0][0.643851,-0.30195,1.38912][0.594715,-0.111018,0.796234][0.89484,0.795096,0][0.88498,-0.30186,1.139][0.839004,-0.100769,0.534713][0.873181,0.775237,0][0.887809,-0.258985,1.14264][0.754769,0.420122,0.503807][0.875555,0.77232,0][0.887809,-0.258985,1.14264][0.754769,0.420122,0.503807][0.875555,0.77232,0][0.64591,-0.259075,1.39356][0.524301,0.455111,0.71971][0.898151,0.793055,0][0.643851,-0.30195,1.38912][0.594715,-0.111018,0.796234][0.89484,0.795096,0][0.958271,-0.253548,-0.302609][0.916876,0.332073,-0.221509][0.743464,0.76325,0][0.76651,-0.249908,-0.907114][0.866399,0.343403,-0.362529][0.688445,0.780004,0][0.742729,-0.215824,-0.878971][0.678612,0.687323,-0.258984][0.688138,0.77579,0][0.742729,-0.215824,-0.878971][0.678612,0.687323,-0.258984][0.688138,0.77579,0][0.928541,-0.219351,-0.293221][0.720257,0.672698,-0.169432][0.74264,0.759432,0][0.958271,-0.253548,-0.302609][0.916876,0.332073,-0.221509][0.743464,0.76325,0][0.76651,-0.249908,-0.907114][0.866399,0.343403,-0.362529][0.688445,0.780004,0][0.532291,-0.247373,-1.34498][0.720562,0.385124,-0.576603][0.648957,0.80123,0][0.515777,-0.213367,-1.30325][0.555089,0.738719,-0.382323][0.64762,0.796777,0][0.515777,-0.213367,-1.30325][0.555089,0.738719,-0.382323][0.64762,0.796777,0][0.742729,-0.215824,-0.878971][0.678612,0.687323,-0.258984][0.688138,0.77579,0][0.76651,-0.249908,-0.907114][0.866399,0.343403,-0.362529][0.688445,0.780004,0][0.532291,-0.247373,-1.34498][0.720562,0.385124,-0.576603][0.648957,0.80123,0][0.275366,-0.246496,-1.55358][0.376276,0.448922,-0.810485][0.630498,0.823731,0][0.266823,-0.212517,-1.50538][0.274182,0.808221,-0.521156][0.626341,0.820782,0][0.266823,-0.212517,-1.50538][0.274182,0.808221,-0.521156][0.626341,0.820782,0][0.515777,-0.213367,-1.30325][0.555089,0.738719,-0.382323][0.64762,0.796777,0][0.532291,-0.247373,-1.34498][0.720562,0.385124,-0.576603][0.648957,0.80123,0][0.275366,-0.246496,-1.55358][0.376276,0.448922,-0.810485][0.630498,0.823731,0][0,-0.246424,-1.60386][0,0.476497,-0.879176][0.625747,0.847121,0][0,-0.212448,-1.5541][0,0.825849,-0.563892][0.620178,0.847121,0][0,-0.212448,-1.5541][0,0.825849,-0.563892][0.620178,0.847121,0][0.266823,-0.212517,-1.50538][0.274182,0.808221,-0.521156][0.626341,0.820782,0][0.275366,-0.246496,-1.55358][0.376276,0.448922,-0.810485][0.630498,0.823731,0][0,-0.246424,-1.60386][0,0.476497,-0.879176][0.625747,0.847121,0][-0.275366,-0.246496,-1.55358][-0.376276,0.448922,-0.810485][0.630498,0.870511,0][-0.266823,-0.212517,-1.50538][-0.274182,0.808221,-0.521156][0.626341,0.87346,0][-0.266823,-0.212517,-1.50538][-0.274182,0.808221,-0.521156][0.626341,0.87346,0][0,-0.212448,-1.5541][0,0.825849,-0.563892][0.620178,0.847121,0][0,-0.246424,-1.60386][0,0.476497,-0.879176][0.625747,0.847121,0][-0.275366,-0.246496,-1.55358][-0.376276,0.448922,-0.810485][0.630498,0.870511,0][-0.532291,-0.247373,-1.34498][-0.720562,0.385124,-0.576602][0.648957,0.893012,0][-0.515777,-0.213367,-1.30325][-0.555091,0.738717,-0.382324][0.64762,0.897465,0][-0.515777,-0.213367,-1.30325][-0.555091,0.738717,-0.382324][0.64762,0.897465,0][-0.266823,-0.212517,-1.50538][-0.274182,0.808221,-0.521156][0.626341,0.87346,0][-0.275366,-0.246496,-1.55358][-0.376276,0.448922,-0.810485][0.630498,0.870511,0][-0.532291,-0.247373,-1.34498][-0.720562,0.385124,-0.576602][0.648957,0.893012,0][-0.76651,-0.249908,-0.907114][-0.866399,0.343403,-0.362529][0.688445,0.914238,0][-0.742729,-0.215824,-0.878971][-0.678616,0.687319,-0.258984][0.688138,0.918451,0][-0.742729,-0.215824,-0.878971][-0.678616,0.687319,-0.258984][0.688138,0.918451,0][-0.515777,-0.213367,-1.30325][-0.555091,0.738717,-0.382324][0.64762,0.897465,0][-0.532291,-0.247373,-1.34498][-0.720562,0.385124,-0.576602][0.648957,0.893012,0][-0.76651,-0.249908,-0.907114][-0.866399,0.343403,-0.362529][0.688445,0.914238,0][-0.958271,-0.253548,-0.302609][-0.916876,0.332072,-0.22151][0.743464,0.930991,0][-0.92854,-0.219351,-0.293221][-0.72026,0.672694,-0.169433][0.74264,0.93481,0][-0.92854,-0.219351,-0.293221][-0.72026,0.672694,-0.169433][0.74264,0.93481,0][-0.742729,-0.215824,-0.878971][-0.678616,0.687319,-0.258984][0.688138,0.918451,0][-0.76651,-0.249908,-0.907114][-0.866399,0.343403,-0.362529][0.688445,0.914238,0][-0.958271,-0.253548,-0.302609][-0.916876,0.332072,-0.22151][0.743464,0.930991,0][-1.05977,-0.256707,0.302492][-0.939885,0.336741,-0.05676][0.798951,0.93887,0][-1.02689,-0.222412,0.293107][-0.728632,0.682339,-0.0592331][0.797653,0.942766,0][-1.02689,-0.222412,0.293107][-0.728632,0.682339,-0.0592331][0.797653,0.942766,0][-0.92854,-0.219351,-0.293221][-0.72026,0.672694,-0.169433][0.74264,0.93481,0][-0.958271,-0.253548,-0.302609][-0.916876,0.332072,-0.22151][0.743464,0.930991,0][-1.05977,-0.256707,0.302492][-0.939885,0.336741,-0.05676][0.798951,0.93887,0][-1.03493,-0.258427,0.788539][-0.9061,0.370621,0.204015][0.843318,0.935338,0][-1.00282,-0.224079,0.764075][-0.681507,0.722025,0.119284][0.842799,0.939723,0][-1.00282,-0.224079,0.764075][-0.681507,0.722025,0.119284][0.842799,0.939723,0][-1.02689,-0.222412,0.293107][-0.728632,0.682339,-0.0592331][0.797653,0.942766,0][-1.05977,-0.256707,0.302492][-0.939885,0.336741,-0.05676][0.798951,0.93887,0][-1.03493,-0.258427,0.788539][-0.9061,0.370621,0.204015][0.843318,0.935338,0][-0.887809,-0.258985,1.14264][-0.754768,0.420124,0.503807][0.875555,0.921922,0][-0.860265,-0.224619,1.10719][-0.542296,0.773369,0.328352][0.877195,0.926356,0][-0.860265,-0.224619,1.10719][-0.542296,0.773369,0.328352][0.877195,0.926356,0][-1.00282,-0.224079,0.764075][-0.681507,0.722025,0.119284][0.842799,0.939723,0][-1.03493,-0.258427,0.788539][-0.9061,0.370621,0.204015][0.843318,0.935338,0][-0.887809,-0.258985,1.14264][-0.754768,0.420124,0.503807][0.875555,0.921922,0][-0.64591,-0.259075,1.39356][-0.5243,0.455113,0.71971][0.898151,0.901186,0][-0.62587,-0.224707,1.35032][-0.36212,0.80415,0.471394][0.901909,0.904684,0][-0.62587,-0.224707,1.35032][-0.36212,0.80415,0.471394][0.901909,0.904684,0][-0.860265,-0.224619,1.10719][-0.542296,0.773369,0.328352][0.877195,0.926356,0][-0.887809,-0.258985,1.14264][-0.754768,0.420124,0.503807][0.875555,0.921922,0][-0.64591,-0.259075,1.39356][-0.5243,0.455113,0.71971][0.898151,0.901186,0][-0.3396,-0.25908,1.55007][-0.269104,0.472613,0.839179][0.91204,0.87549,0][-0.329063,-0.224711,1.50198][-0.182017,0.818427,0.54502][0.917103,0.877394,0][-0.329063,-0.224711,1.50198][-0.182017,0.818427,0.54502][0.917103,0.877394,0][-0.62587,-0.224707,1.35032][-0.36212,0.80415,0.471394][0.901909,0.904684,0][-0.64591,-0.259075,1.39356][-0.5243,0.455113,0.71971][0.898151,0.901186,0][-0.3396,-0.25908,1.55007][-0.269104,0.472613,0.839179][0.91204,0.87549,0][0,-0.25908,1.60386][0,0.477994,0.878363][0.916721,0.847121,0][0,-0.224711,1.5541][0,0.822813,0.568312][0.922313,0.847121,0][0,-0.224711,1.5541][0,0.822813,0.568312][0.922313,0.847121,0][-0.329063,-0.224711,1.50198][-0.182017,0.818427,0.54502][0.917103,0.877394,0][-0.3396,-0.25908,1.55007][-0.269104,0.472613,0.839179][0.91204,0.87549,0][0,-0.25908,1.60386][0,0.477994,0.878363][0.916721,0.847121,0][0.3396,-0.25908,1.55007][0.269104,0.472612,0.839179][0.91204,0.818752,0][0.329063,-0.224711,1.50198][0.182017,0.818427,0.54502][0.917102,0.816848,0][0.329063,-0.224711,1.50198][0.182017,0.818427,0.54502][0.917102,0.816848,0][0,-0.224711,1.5541][0,0.822813,0.568312][0.922313,0.847121,0][0,-0.25908,1.60386][0,0.477994,0.878363][0.916721,0.847121,0][0.3396,-0.25908,1.55007][0.269104,0.472612,0.839179][0.91204,0.818752,0][0.64591,-0.259075,1.39356][0.524301,0.455111,0.71971][0.898151,0.793055,0][0.62587,-0.224707,1.35032][0.362121,0.804149,0.471395][0.901909,0.789557,0][0.62587,-0.224707,1.35032][0.362121,0.804149,0.471395][0.901909,0.789557,0][0.329063,-0.224711,1.50198][0.182017,0.818427,0.54502][0.917102,0.816848,0][0.3396,-0.25908,1.55007][0.269104,0.472612,0.839179][0.91204,0.818752,0][0.64591,-0.259075,1.39356][0.524301,0.455111,0.71971][0.898151,0.793055,0][0.887809,-0.258985,1.14264][0.754769,0.420122,0.503807][0.875555,0.77232,0][0.860265,-0.224619,1.10719][0.542298,0.773368,0.328353][0.877195,0.767886,0][0.860265,-0.224619,1.10719][0.542298,0.773368,0.328353][0.877195,0.767886,0][0.62587,-0.224707,1.35032][0.362121,0.804149,0.471395][0.901909,0.789557,0][0.64591,-0.259075,1.39356][0.524301,0.455111,0.71971][0.898151,0.793055,0][0.887809,-0.258985,1.14264][0.754769,0.420122,0.503807][0.875555,0.77232,0][1.03493,-0.258427,0.788539][0.906101,0.370619,0.204015][0.843318,0.758903,0][1.00282,-0.224079,0.764075][0.681507,0.722025,0.119283][0.842799,0.754519,0][1.00282,-0.224079,0.764075][0.681507,0.722025,0.119283][0.842799,0.754519,0][0.860265,-0.224619,1.10719][0.542298,0.773368,0.328353][0.877195,0.767886,0][0.887809,-0.258985,1.14264][0.754769,0.420122,0.503807][0.875555,0.77232,0][1.03493,-0.258427,0.788539][0.906101,0.370619,0.204015][0.843318,0.758903,0][1.05977,-0.256707,0.302492][0.939885,0.336741,-0.056759][0.79895,0.755371,0][1.02689,-0.222412,0.293107][0.72863,0.682342,-0.0592321][0.797653,0.751476,0][1.02689,-0.222412,0.293107][0.72863,0.682342,-0.0592321][0.797653,0.751476,0][1.00282,-0.224079,0.764075][0.681507,0.722025,0.119283][0.842799,0.754519,0][1.03493,-0.258427,0.788539][0.906101,0.370619,0.204015][0.843318,0.758903,0][1.05977,-0.256707,0.302492][0.939885,0.336741,-0.056759][0.79895,0.755371,0][0.958271,-0.253548,-0.302609][0.916876,0.332073,-0.221509][0.743464,0.76325,0][0.928541,-0.219351,-0.293221][0.720257,0.672698,-0.169432][0.74264,0.759432,0][0.928541,-0.219351,-0.293221][0.720257,0.672698,-0.169432][0.74264,0.759432,0][1.02689,-0.222412,0.293107][0.72863,0.682342,-0.0592321][0.797653,0.751476,0][1.05977,-0.256707,0.302492][0.939885,0.336741,-0.056759][0.79895,0.755371,0][-0.501498,0.212019,-0.375118][0.061286,-0.997982,0.0166101][0.689098,0.188481,0][-0.490016,0.211474,-0.450231][0.061286,-0.997982,0.0166101][0.696134,0.207632,0][-0.448186,0.2139,-0.458798][0.061286,-0.997982,0.0166101][0.707599,0.207632,0][-0.448186,0.2139,-0.458798][0.061286,-0.997982,0.0166101][0.707599,0.207632,0][-0.423427,0.217449,-0.336903][0.061286,-0.997982,0.0166101][0.707599,0.174214,0][-0.501498,0.212019,-0.375118][0.061286,-0.997982,0.0166101][0.689098,0.188481,0][-0.406357,0.216326,-0.467365][0.061286,-0.997982,0.0166101][0.719065,0.207632,0][-0.278937,0.223725,-0.492973][0.061286,-0.997982,0.0166101][0.753964,0.207504,0][-0.366497,0.219849,-0.402768][0.061286,-0.997982,0.0166101][0.726101,0.188481,0][-0.501498,0.212019,-0.375118][0.061287,-0.997982,0.0166111][0.689098,0.188481,0][-0.617245,0.204102,-0.423685][0.061287,-0.997982,0.0166111][0.661235,0.207504,0][-0.490016,0.211474,-0.450231][0.061287,-0.997982,0.0166111][0.696134,0.207632,0][-0.423427,0.217449,-0.336903][0.061287,-0.997982,0.0166111][0.707599,0.174214,0][-0.514393,0.213766,-0.22256][0.061287,-0.997982,0.0166111][0.67755,0.149022,0][-0.501498,0.212019,-0.375118][0.061287,-0.997982,0.0166111][0.689098,0.188481,0][-0.366497,0.219849,-0.402768][0.061284,-0.997982,0.0166111][0.726101,0.188481,0][-0.295132,0.226483,-0.267467][0.061284,-0.997982,0.0166111][0.737649,0.149022,0][-0.423427,0.217449,-0.336903][0.061284,-0.997982,0.0166111][0.707599,0.174214,0][-0.423427,0.217449,-0.336903][0.061284,-0.997982,0.0166101][0.707599,0.174214,0][-0.448186,0.2139,-0.458798][0.061284,-0.997982,0.0166101][0.707599,0.207632,0][-0.406357,0.216326,-0.467365][0.061284,-0.997982,0.0166101][0.719065,0.207632,0][-0.406357,0.216326,-0.467365][0.061284,-0.997982,0.0166101][0.719065,0.207632,0][-0.366497,0.219849,-0.402768][0.061284,-0.997982,0.0166101][0.726101,0.188481,0][-0.423427,0.217449,-0.336903][0.061284,-0.997982,0.0166101][0.707599,0.174214,0][-0.473464,0.210276,-0.583248][0.061286,-0.997982,0.0166111][0.707599,0.241751,0][-0.406357,0.216326,-0.467365][0.061286,-0.997982,0.0166111][0.719065,0.207632,0][-0.448186,0.2139,-0.458798][0.061286,-0.997982,0.0166111][0.707599,0.207632,0][-0.473464,0.210276,-0.583248][0.061286,-0.997982,0.0166111][0.707599,0.241751,0][-0.448186,0.2139,-0.458798][0.061286,-0.997982,0.0166111][0.707599,0.207632,0][-0.490016,0.211474,-0.450231][0.061286,-0.997982,0.0166111][0.696134,0.207632,0][-0.368362,0.250229,-0.403273][0.432148,0.779782,0.452976][0.726101,0.188481,0][-0.280802,0.254105,-0.493479][0.432148,0.779782,0.452976][0.753964,0.207504,0][-0.4426,0.294519,-0.408691][0.432148,0.779782,0.452977][0.707599,0.193534,0][-0.280802,0.254105,-0.493479][-0.177801,0.712419,-0.678857][0.753964,0.207504,0][-0.408223,0.246707,-0.467871][-0.177801,0.712419,-0.678857][0.719065,0.207632,0][-0.4426,0.294519,-0.408691][-0.177801,0.712419,-0.678857][0.707599,0.193534,0][-0.491881,0.241854,-0.450736][-0.182692,0.712134,-0.677856][0.696134,0.207632,0][-0.619111,0.234483,-0.42419][-0.182692,0.712134,-0.677856][0.661235,0.207504,0][-0.4426,0.294519,-0.408691][-0.182692,0.712134,-0.677856][0.707599,0.193534,0][-0.619111,0.234483,-0.42419][-0.303716,0.737101,0.603688][0.661235,0.207504,0][-0.503364,0.242399,-0.375624][-0.303716,0.737101,0.603688][0.689098,0.188481,0][-0.4426,0.294519,-0.408691][-0.303716,0.737101,0.603688][0.707599,0.193534,0][-0.503364,0.242399,-0.375624][-0.669844,0.739643,-0.0650881][0.689098,0.188481,0][-0.516258,0.244146,-0.223066][-0.669844,0.739643,-0.0650881][0.67755,0.149022,0][-0.4426,0.294519,-0.408691][-0.669844,0.739643,-0.0650881][0.707599,0.193534,0][-0.516258,0.244146,-0.223066][0.471349,0.785872,0.400294][0.67755,0.149022,0][-0.425293,0.24783,-0.337409][0.471349,0.785872,0.400294][0.707599,0.174214,0][-0.4426,0.294519,-0.408691][0.471349,0.785872,0.400294][0.707599,0.193534,0][-0.425293,0.24783,-0.337409][-0.360837,0.737604,0.570734][0.707599,0.174214,0][-0.296998,0.256864,-0.267972][-0.360837,0.737604,0.570734][0.737649,0.149022,0][-0.4426,0.294519,-0.408691][-0.360837,0.737604,0.570734][0.707599,0.193534,0][-0.296998,0.256864,-0.267972][0.504183,0.807741,-0.305539][0.737649,0.149022,0][-0.368362,0.250229,-0.403273][0.504183,0.807741,-0.305539][0.726101,0.188481,0][-0.4426,0.294519,-0.408691][0.504183,0.807741,-0.305539][0.707599,0.193534,0][-0.408223,0.246707,-0.467871][0.513613,0.788389,-0.338592][0.719065,0.207632,0][-0.47533,0.240657,-0.583754][0.513613,0.788389,-0.338592][0.707599,0.241751,0][-0.4426,0.294519,-0.408691][0.513613,0.788389,-0.338592][0.707599,0.193534,0][-0.47533,0.240657,-0.583754][-0.689261,0.718619,-0.0922331][0.707599,0.241751,0][-0.491881,0.241854,-0.450736][-0.689261,0.718619,-0.0922331][0.696134,0.207632,0][-0.4426,0.294519,-0.408691][-0.689261,0.718619,-0.0922331][0.707599,0.193534,0][-0.278937,0.223725,-0.492973][-0.195377,-0.0283141,-0.980319][0.753964,0.207504,0][-0.406357,0.216326,-0.467365][-0.195377,-0.0283141,-0.980319][0.719065,0.207632,0][-0.408223,0.246707,-0.467871][-0.195377,-0.0283141,-0.980319][0.719065,0.207632,0][-0.408223,0.246707,-0.467871][-0.195377,-0.0283141,-0.980319][0.719065,0.207632,0][-0.280802,0.254105,-0.493479][-0.195377,-0.0283141,-0.980319][0.753964,0.207504,0][-0.278937,0.223725,-0.492973][-0.195377,-0.0283141,-0.980319][0.753964,0.207504,0][-0.366497,0.219849,-0.402768][0.715252,0.0555181,0.696658][0.726101,0.188481,0][-0.278937,0.223725,-0.492973][0.715252,0.0555181,0.696658][0.753964,0.207504,0][-0.280802,0.254105,-0.493479][0.715252,0.0555181,0.696658][0.753964,0.207504,0][-0.280802,0.254105,-0.493479][0.715252,0.0555181,0.696658][0.753964,0.207504,0][-0.368362,0.250229,-0.403273][0.715252,0.0555181,0.696658][0.726101,0.188481,0][-0.366497,0.219849,-0.402768][0.715252,0.0555181,0.696658][0.726101,0.188481,0][-0.617245,0.204102,-0.423685][-0.386411,-0.00837889,0.922289][0.661235,0.207504,0][-0.501498,0.212019,-0.375118][-0.386411,-0.00837889,0.922289][0.689098,0.188481,0][-0.503364,0.242399,-0.375624][-0.386411,-0.00837889,0.922289][0.689098,0.188481,0][-0.503364,0.242399,-0.375624][-0.386411,-0.00837889,0.922289][0.689098,0.188481,0][-0.619111,0.234483,-0.42419][-0.386411,-0.00837889,0.922289][0.661235,0.207504,0][-0.617245,0.204102,-0.423685][-0.386411,-0.00837889,0.922289][0.661235,0.207504,0][-0.490016,0.211474,-0.450231][-0.202569,-0.0287301,-0.978847][0.696134,0.207632,0][-0.617245,0.204102,-0.423685][-0.202569,-0.0287301,-0.978847][0.661235,0.207504,0][-0.619111,0.234483,-0.42419][-0.202569,-0.0287301,-0.978847][0.661235,0.207504,0][-0.619111,0.234483,-0.42419][-0.202569,-0.0287301,-0.978847][0.661235,0.207504,0][-0.491881,0.241854,-0.450736][-0.202569,-0.0287301,-0.978847][0.696134,0.207632,0][-0.490016,0.211474,-0.450231][-0.202569,-0.0287301,-0.978847][0.696134,0.207632,0][-0.514393,0.213766,-0.22256][0.780319,0.0582821,0.622661][0.67755,0.149022,0][-0.423427,0.217449,-0.336903][0.780319,0.0582821,0.622661][0.707599,0.174214,0][-0.425293,0.24783,-0.337409][0.780319,0.0582821,0.622661][0.707599,0.174214,0][-0.425293,0.24783,-0.337409][0.780319,0.0582821,0.622661][0.707599,0.174214,0][-0.516258,0.244146,-0.223066][0.780319,0.0582821,0.622661][0.67755,0.149022,0][-0.514393,0.213766,-0.22256][0.780319,0.0582821,0.622661][0.67755,0.149022,0][-0.501498,0.212019,-0.375118][-0.994562,-0.062454,-0.083348][0.689098,0.188481,0][-0.514393,0.213766,-0.22256][-0.994562,-0.062454,-0.083348][0.67755,0.149022,0][-0.516258,0.244146,-0.223066][-0.994562,-0.062454,-0.083348][0.67755,0.149022,0][-0.516258,0.244146,-0.223066][-0.994562,-0.062454,-0.083348][0.67755,0.149022,0][-0.503364,0.242399,-0.375624][-0.994562,-0.062454,-0.083348][0.689098,0.188481,0][-0.501498,0.212019,-0.375118][-0.994562,-0.062454,-0.083348][0.689098,0.188481,0][-0.295132,0.226483,-0.267467][0.88261,0.0464209,-0.467809][0.737649,0.149022,0][-0.366497,0.219849,-0.402768][0.88261,0.0464209,-0.467809][0.726101,0.188481,0][-0.368362,0.250229,-0.403273][0.88261,0.0464209,-0.467809][0.726101,0.188481,0][-0.368362,0.250229,-0.403273][0.88261,0.0464209,-0.467809][0.726101,0.188481,0][-0.296998,0.256864,-0.267972][0.88261,0.0464209,-0.467809][0.737649,0.149022,0][-0.295132,0.226483,-0.267467][0.88261,0.0464209,-0.467809][0.737649,0.149022,0][-0.423427,0.217449,-0.336903][-0.47514,-0.0145389,0.87979][0.707599,0.174214,0][-0.295132,0.226483,-0.267467][-0.47514,-0.0145389,0.87979][0.737649,0.149022,0][-0.296998,0.256864,-0.267972][-0.47514,-0.0145389,0.87979][0.737649,0.149022,0][-0.296998,0.256864,-0.267972][-0.47514,-0.0145389,0.87979][0.737649,0.149022,0][-0.425293,0.24783,-0.337409][-0.47514,-0.0145389,0.87979][0.707599,0.174214,0][-0.423427,0.217449,-0.336903][-0.47514,-0.0145389,0.87979][0.707599,0.174214,0][-0.406357,0.216326,-0.467365][0.863493,0.0446709,-0.502379][0.719065,0.207632,0][-0.473464,0.210276,-0.583248][0.863493,0.0446709,-0.502379][0.707599,0.241751,0][-0.47533,0.240657,-0.583754][0.863493,0.0446709,-0.502379][0.707599,0.241751,0][-0.47533,0.240657,-0.583754][0.863493,0.0446709,-0.502379][0.707599,0.241751,0][-0.408223,0.246707,-0.467871][0.863493,0.0446709,-0.502379][0.719065,0.207632,0][-0.406357,0.216326,-0.467365][0.863493,0.0446709,-0.502379][0.719065,0.207632,0][-0.473464,0.210276,-0.583248][-0.990454,-0.062864,-0.122675][0.707599,0.241751,0][-0.490016,0.211474,-0.450231][-0.990454,-0.062864,-0.122675][0.696134,0.207632,0][-0.491881,0.241854,-0.450736][-0.990454,-0.062864,-0.122675][0.696134,0.207632,0][-0.491881,0.241854,-0.450736][-0.990454,-0.062864,-0.122675][0.696134,0.207632,0][-0.47533,0.240657,-0.583754][-0.990454,-0.062864,-0.122675][0.707599,0.241751,0][-0.473464,0.210276,-0.583248][-0.990454,-0.062864,-0.122675][0.707599,0.241751,0][-0.079081,0.245961,0.350269][0.037482,-0.99918,-0.0153309][0.768482,0.158804,0][-0.100723,0.246267,0.27743][0.037482,-0.99918,-0.0153309][0.775519,0.177956,0][-0.066487,0.247943,0.251855][0.037482,-0.99918,-0.0153309][0.786984,0.177956,0][-0.066487,0.247943,0.251855][0.037482,-0.99918,-0.0153309][0.786984,0.177956,0][0.007941,0.249205,0.351569][0.037482,-0.99918,-0.0153309][0.786984,0.144537,0][-0.079081,0.245961,0.350269][0.037482,-0.99918,-0.0153309][0.768482,0.158804,0][-0.032251,0.24962,0.22628][0.037485,-0.99918,-0.0153319][0.798449,0.177956,0][0.072246,0.254728,0.148815][0.037485,-0.99918,-0.0153319][0.833349,0.177827,0][0.031413,0.251372,0.267727][0.037485,-0.99918,-0.0153319][0.805486,0.158804,0][-0.079081,0.245961,0.350269][0.037483,-0.99918,-0.0153329][0.768482,0.158804,0][-0.204647,0.241168,0.355662][0.037483,-0.99918,-0.0153329][0.740619,0.177827,0][-0.100723,0.246267,0.27743][0.037483,-0.99918,-0.0153329][0.775519,0.177956,0][0.007941,0.249205,0.351569][0.037484,-0.99918,-0.0153309][0.786984,0.144537,0][-0.02568,0.245762,0.493767][0.037484,-0.99918,-0.0153309][0.756935,0.119345,0][-0.079081,0.245961,0.350269][0.037484,-0.99918,-0.0153309][0.768482,0.158804,0][0.031413,0.251372,0.267727][0.037482,-0.99918,-0.0153309][0.805486,0.158804,0][0.153776,0.254551,0.359708][0.037482,-0.99918,-0.0153309][0.817033,0.119345,0][0.007941,0.249205,0.351569][0.037482,-0.99918,-0.0153309][0.786984,0.144537,0][0.007941,0.249205,0.351569][0.037484,-0.99918,-0.0153309][0.786984,0.144537,0][-0.066487,0.247943,0.251855][0.037484,-0.99918,-0.0153309][0.786984,0.177956,0][-0.032251,0.24962,0.22628][0.037484,-0.99918,-0.0153309][0.798449,0.177956,0][-0.032251,0.24962,0.22628][0.037484,-0.99918,-0.0153309][0.798449,0.177956,0][0.031413,0.251372,0.267727][0.037484,-0.99918,-0.0153309][0.805486,0.158804,0][0.007941,0.249205,0.351569][0.037484,-0.99918,-0.0153309][0.786984,0.144537,0][-0.142475,0.246655,0.15005][0.037484,-0.99918,-0.0153339][0.786984,0.212075,0][-0.032251,0.24962,0.22628][0.037484,-0.99918,-0.0153339][0.798449,0.177956,0][-0.066487,0.247943,0.251855][0.037484,-0.99918,-0.0153339][0.786984,0.177956,0][-0.142475,0.246655,0.15005][0.037479,-0.99918,-0.0153299][0.786984,0.212075,0][-0.066487,0.247943,0.251855][0.037479,-0.99918,-0.0153299][0.786984,0.177956,0][-0.100723,0.246267,0.27743][0.037479,-0.99918,-0.0153299][0.775519,0.177956,0][0.030272,0.281789,0.268194][0.603386,0.763934,0.228757][0.805486,0.158804,0][0.071105,0.285146,0.149281][0.603386,0.763934,0.228757][0.833349,0.177827,0][-0.03806,0.327692,0.295137][0.603386,0.763934,0.228757][0.786984,0.163858,0][0.071105,0.285146,0.149281][-0.432242,0.725751,-0.535213][0.833349,0.177827,0][-0.033392,0.280037,0.226746][-0.432242,0.725751,-0.535213][0.798449,0.177956,0][-0.03806,0.327692,0.295137][-0.432242,0.725751,-0.535213][0.786984,0.163858,0][-0.101863,0.276683,0.277897][-0.436245,0.725554,-0.532223][0.775519,0.177956,0][-0.205788,0.271584,0.356128][-0.436245,0.725554,-0.532223][0.740619,0.177827,0][-0.03806,0.327692,0.295137][-0.436245,0.725554,-0.532223][0.786984,0.163858,0][-0.205788,0.271584,0.356128][0.001108,0.734439,0.678674][0.740619,0.177827,0][-0.080222,0.276378,0.350736][0.001108,0.734439,0.678674][0.768482,0.158804,0][-0.03806,0.327692,0.295137][0.001108,0.734439,0.678674][0.786984,0.163858,0][-0.080222,0.276378,0.350736][-0.614931,0.754331,0.229881][0.768482,0.158804,0][-0.026821,0.276179,0.494234][-0.614931,0.754331,0.229881][0.756935,0.119345,0][-0.03806,0.327692,0.295137][-0.614931,0.754331,0.229881][0.786984,0.163858,0][-0.026821,0.276179,0.494234][0.616535,0.769969,0.164414][0.756935,0.119345,0][0.0068,0.279622,0.352035][0.616535,0.769969,0.164414][0.786984,0.144537,0][-0.03806,0.327692,0.295137][0.616535,0.769969,0.164414][0.786984,0.163858,0][0.0068,0.279622,0.352035][-0.064577,0.736611,0.673227][0.786984,0.144537,0][0.152635,0.284968,0.360175][-0.064577,0.736611,0.673227][0.817033,0.119345,0][-0.03806,0.327692,0.295137][-0.064577,0.736611,0.673227][0.786984,0.163858,0][0.152635,0.284968,0.360175][0.345962,0.80139,-0.487939][0.817033,0.119345,0][0.030272,0.281789,0.268194][0.345962,0.80139,-0.487939][0.805486,0.158804,0][-0.03806,0.327692,0.295137][0.345962,0.80139,-0.487939][0.786984,0.163858,0][-0.033392,0.280037,0.226746][0.339917,0.782329,-0.521936][0.798449,0.177956,0][-0.143616,0.277071,0.150517][0.339917,0.782329,-0.521936][0.786984,0.212075,0][-0.03806,0.327692,0.295137][0.339917,0.782329,-0.521936][0.786984,0.163858,0][-0.143616,0.277071,0.150517][-0.644587,0.734109,0.213522][0.786984,0.212075,0][-0.101863,0.276683,0.277897][-0.644587,0.734109,0.213522][0.775519,0.177956,0][-0.03806,0.327692,0.295137][-0.644587,0.734109,0.213522][0.786984,0.163858,0][0.072246,0.254728,0.148815][-0.59518,-0.0099981,-0.80353][0.833349,0.177827,0][-0.032251,0.24962,0.22628][-0.59518,-0.0099981,-0.80353][0.798449,0.177956,0][-0.033392,0.280037,0.226746][-0.59518,-0.0099981,-0.80353][0.798449,0.177956,0][-0.033392,0.280037,0.226746][-0.59518,-0.0099981,-0.80353][0.798449,0.177956,0][0.071105,0.285146,0.149281][-0.59518,-0.0099981,-0.80353][0.833349,0.177827,0][0.072246,0.254728,0.148815][-0.59518,-0.0099981,-0.80353][0.833349,0.177827,0][0.031413,0.251372,0.267727][0.945089,0.030462,0.325391][0.805486,0.158804,0][0.072246,0.254728,0.148815][0.945089,0.030462,0.325391][0.833349,0.177827,0][0.071105,0.285146,0.149281][0.945089,0.030462,0.325391][0.833349,0.177827,0][0.071105,0.285146,0.149281][0.945089,0.030462,0.325391][0.833349,0.177827,0][0.030272,0.281789,0.268194][0.945089,0.030462,0.325391][0.805486,0.158804,0][0.031413,0.251372,0.267727][0.945089,0.030462,0.325391][0.805486,0.158804,0][-0.204647,0.241168,0.355662][0.043423,-0.0136989,0.998963][0.740619,0.177827,0][-0.079081,0.245961,0.350269][0.043423,-0.0136989,0.998963][0.768482,0.158804,0][-0.080222,0.276378,0.350736][0.043423,-0.0136989,0.998963][0.768482,0.158804,0][-0.080222,0.276378,0.350736][0.043423,-0.0136989,0.998963][0.768482,0.158804,0][-0.205788,0.271584,0.356128][0.043423,-0.0136989,0.998963][0.740619,0.177827,0][-0.204647,0.241168,0.355662][0.043423,-0.0136989,0.998963][0.740619,0.177827,0][-0.100723,0.246267,0.27743][-0.601066,-0.0102821,-0.799133][0.775519,0.177956,0][-0.204647,0.241168,0.355662][-0.601066,-0.0102821,-0.799133][0.740619,0.177827,0][-0.205788,0.271584,0.356128][-0.601066,-0.0102821,-0.799133][0.740619,0.177827,0][-0.205788,0.271584,0.356128][-0.601066,-0.0102821,-0.799133][0.740619,0.177827,0][-0.101863,0.276683,0.277897][-0.601066,-0.0102821,-0.799133][0.775519,0.177956,0][-0.100723,0.246267,0.27743][-0.601066,-0.0102821,-0.799133][0.775519,0.177956,0][-0.02568,0.245762,0.493767][0.972462,0.032941,0.230722][0.756935,0.119345,0][0.007941,0.249205,0.351569][0.972462,0.032941,0.230722][0.786984,0.144537,0][0.0068,0.279622,0.352035][0.972462,0.032941,0.230722][0.786984,0.144537,0][0.0068,0.279622,0.352035][0.972462,0.032941,0.230722][0.786984,0.144537,0][-0.026821,0.276179,0.494234][0.972462,0.032941,0.230722][0.756935,0.119345,0][-0.02568,0.245762,0.493767][0.972462,0.032941,0.230722][0.756935,0.119345,0][-0.079081,0.245961,0.350269][-0.936459,-0.040477,0.348433][0.768482,0.158804,0][-0.02568,0.245762,0.493767][-0.93646,-0.040477,0.348433][0.756935,0.119345,0][-0.026821,0.276179,0.494234][-0.936459,-0.040477,0.348433][0.756935,0.119345,0][-0.026821,0.276179,0.494234][-0.936459,-0.040477,0.348433][0.756935,0.119345,0][-0.080222,0.276378,0.350736][-0.93646,-0.040477,0.348433][0.768482,0.158804,0][-0.079081,0.245961,0.350269][-0.936459,-0.040477,0.348433][0.768482,0.158804,0][0.153776,0.254551,0.359708][0.599929,0.0347699,-0.799298][0.817033,0.119345,0][0.031413,0.251372,0.267727][0.599929,0.0347699,-0.799297][0.805486,0.158804,0][0.030272,0.281789,0.268194][0.599929,0.0347699,-0.799297][0.805486,0.158804,0][0.030272,0.281789,0.268194][0.599929,0.0347699,-0.799297][0.805486,0.158804,0][0.152635,0.284968,0.360175][0.599929,0.0347699,-0.799297][0.817033,0.119345,0][0.153776,0.254551,0.359708][0.599929,0.0347699,-0.799298][0.817033,0.119345,0][0.007941,0.249205,0.351569][-0.055082,-0.0173849,0.99833][0.786984,0.144537,0][0.153776,0.254551,0.359708][-0.055082,-0.0173849,0.998331][0.817033,0.119345,0][0.152635,0.284968,0.360175][-0.055082,-0.0173849,0.99833][0.817033,0.119345,0][0.152635,0.284968,0.360175][-0.055082,-0.0173849,0.99833][0.817033,0.119345,0][0.0068,0.279622,0.352035][-0.055082,-0.0173849,0.998331][0.786984,0.144537,0][0.007941,0.249205,0.351569][-0.055082,-0.0173849,0.99833][0.786984,0.144537,0][-0.032251,0.24962,0.22628][0.567864,0.0339219,-0.822424][0.798449,0.177956,0][-0.142475,0.246655,0.15005][0.567864,0.0339219,-0.822424][0.786984,0.212075,0][-0.143616,0.277071,0.150517][0.567863,0.0339219,-0.822423][0.786984,0.212075,0][-0.143616,0.277071,0.150517][0.567863,0.0339219,-0.822423][0.786984,0.212075,0][-0.033392,0.280037,0.226746][0.567864,0.0339219,-0.822423][0.798449,0.177956,0][-0.032251,0.24962,0.22628][0.567864,0.0339219,-0.822424][0.798449,0.177956,0][-0.142475,0.246655,0.15005][-0.949516,-0.040386,0.311107][0.786984,0.212075,0][-0.100723,0.246267,0.27743][-0.949516,-0.040386,0.311107][0.775519,0.177956,0][-0.101863,0.276683,0.277897][-0.949516,-0.040386,0.311108][0.775519,0.177956,0][-0.101863,0.276683,0.277897][-0.949516,-0.040386,0.311108][0.775519,0.177956,0][-0.143616,0.277071,0.150517][-0.949516,-0.040386,0.311107][0.786984,0.212075,0][-0.142475,0.246655,0.15005][-0.949516,-0.040386,0.311107][0.786984,0.212075,0][0.480838,0.208849,-0.373463][-0.077996,-0.995568,0.0525461][0.692807,0.108354,0][0.492244,0.203999,-0.448433][-0.077996,-0.995568,0.0525461][0.699844,0.127506,0][0.534017,0.200284,-0.456809][-0.077996,-0.995568,0.0525461][0.711309,0.127506,0][0.534017,0.200284,-0.456809][-0.077996,-0.995568,0.0525461][0.711309,0.127506,0][0.55885,0.204769,-0.334961][-0.077996,-0.995568,0.0525461][0.711309,0.094087,0][0.480838,0.208849,-0.373463][-0.077996,-0.995568,0.0525461][0.692807,0.108354,0][0.57579,0.196569,-0.465186][-0.077998,-0.995568,0.0525441][0.722774,0.127506,0][0.70304,0.185279,-0.490216][-0.077998,-0.995568,0.0525441][0.757674,0.127377,0][0.615658,0.19686,-0.400499][-0.077998,-0.995568,0.0525441][0.729811,0.108354,0][0.480838,0.208849,-0.373463][-0.077997,-0.995568,0.0525451][0.692807,0.108354,0][0.365185,0.215324,-0.422466][-0.077997,-0.995568,0.0525451][0.664944,0.127377,0][0.492244,0.203999,-0.448433][-0.077997,-0.995568,0.0525451][0.699844,0.127506,0][0.55885,0.204769,-0.334961][-0.077995,-0.995568,0.0525441][0.711309,0.094087,0][0.468088,0.217887,-0.221151][-0.077995,-0.995568,0.0525441][0.68126,0.068895,0][0.480838,0.208849,-0.373463][-0.077995,-0.995568,0.0525441][0.692807,0.108354,0][0.615658,0.19686,-0.400499][-0.077998,-0.995568,0.0525471][0.729811,0.108354,0][0.687054,0.198415,-0.26506][-0.077998,-0.995568,0.0525471][0.741358,0.068895,0][0.55885,0.204769,-0.334961][-0.077998,-0.995568,0.0525471][0.711309,0.094087,0][0.55885,0.204769,-0.334961][-0.077998,-0.995568,0.0525451][0.711309,0.094087,0][0.534017,0.200284,-0.456809][-0.077998,-0.995568,0.0525451][0.711309,0.127506,0][0.57579,0.196569,-0.465186][-0.077998,-0.995568,0.0525451][0.722774,0.127506,0][0.57579,0.196569,-0.465186][-0.077998,-0.995568,0.0525451][0.722774,0.127506,0][0.615658,0.19686,-0.400499][-0.077998,-0.995568,0.0525451][0.729811,0.108354,0][0.55885,0.204769,-0.334961][-0.077998,-0.995568,0.0525451][0.711309,0.094087,0][0.508663,0.195704,-0.581213][-0.077997,-0.995568,0.0525451][0.711309,0.161624,0][0.57579,0.196569,-0.465186][-0.077997,-0.995568,0.0525451][0.722774,0.127506,0][0.534017,0.200284,-0.456809][-0.077997,-0.995568,0.0525451][0.711309,0.127506,0][0.508663,0.195704,-0.581213][-0.077997,-0.995568,0.0525451][0.711309,0.161624,0][0.534017,0.200284,-0.456809][-0.077997,-0.995568,0.0525451][0.711309,0.127506,0][0.492244,0.203999,-0.448433][-0.077997,-0.995568,0.0525451][0.699844,0.127506,0][0.618033,0.227167,-0.402098][0.535637,0.728122,0.427704][0.729811,0.108354,0][0.705414,0.215586,-0.491816][0.535637,0.728122,0.427704][0.757674,0.127377,0][0.550677,0.281106,-0.409571][0.535637,0.728122,0.427704][0.711309,0.113407,0][0.705414,0.215586,-0.491816][-0.076093,0.705171,-0.704943][0.757674,0.127377,0][0.578165,0.226876,-0.466786][-0.076093,0.705171,-0.704943][0.722774,0.127506,0][0.550677,0.281106,-0.409571][-0.076093,0.705171,-0.704943][0.711309,0.113407,0][0.494618,0.234305,-0.450032][-0.080978,0.705605,-0.703963][0.699844,0.127506,0][0.367559,0.24563,-0.424065][-0.080978,0.705605,-0.703963][0.664944,0.127377,0][0.550677,0.281106,-0.409571][-0.080978,0.705605,-0.703963][0.711309,0.113407,0][0.367559,0.24563,-0.424065][-0.199239,0.793473,0.575069][0.664944,0.127377,0][0.483212,0.239156,-0.375063][-0.199239,0.793473,0.575069][0.692807,0.108354,0][0.550677,0.281106,-0.409571][-0.199239,0.793473,0.575069][0.711309,0.113407,0][0.483212,0.239156,-0.375063][-0.560481,0.822616,-0.0957321][0.692807,0.108354,0][0.470462,0.248194,-0.222751][-0.560481,0.822616,-0.0957321][0.68126,0.068895,0][0.550677,0.281106,-0.409571][-0.560481,0.822616,-0.0957321][0.711309,0.113407,0][0.470462,0.248194,-0.222751][0.575381,0.726803,0.375092][0.68126,0.068895,0][0.561224,0.235076,-0.33656][0.575381,0.726803,0.375092][0.711309,0.094087,0][0.550677,0.281106,-0.409571][0.575381,0.726803,0.375092][0.711309,0.113407,0][0.561224,0.235076,-0.33656][-0.255686,0.800709,0.541747][0.711309,0.094087,0][0.689428,0.228721,-0.26666][-0.255686,0.800709,0.541747][0.741358,0.068895,0][0.550677,0.281106,-0.409571][-0.255686,0.800709,0.541747][0.711309,0.113407,0][0.689428,0.228721,-0.26666][0.611972,0.718353,-0.330846][0.741358,0.068895,0][0.618033,0.227167,-0.402098][0.611972,0.718353,-0.330846][0.729811,0.108354,0][0.550677,0.281106,-0.409571][0.611972,0.718353,-0.330846][0.711309,0.113407,0][0.578165,0.226876,-0.466786][0.61867,0.696697,-0.363126][0.722774,0.127506,0][0.511037,0.226011,-0.582812][0.61867,0.696697,-0.363126][0.711309,0.161624,0][0.550677,0.281106,-0.409571][0.61867,0.696697,-0.363126][0.711309,0.113407,0][0.511037,0.226011,-0.582812][-0.582592,0.803521,-0.122236][0.711309,0.161624,0][0.494618,0.234305,-0.450032][-0.582592,0.803521,-0.122236][0.699844,0.127506,0][0.550677,0.281106,-0.409571][-0.582592,0.803521,-0.122236][0.711309,0.113407,0][0.70304,0.185279,-0.490216][-0.195977,-0.0363671,-0.979934][0.757674,0.127377,0][0.57579,0.196569,-0.465186][-0.195977,-0.0363671,-0.979934][0.722774,0.127506,0][0.578165,0.226876,-0.466786][-0.195977,-0.0363671,-0.979934][0.722774,0.127506,0][0.578165,0.226876,-0.466786][-0.195977,-0.0363671,-0.979934][0.722774,0.127506,0][0.705414,0.215586,-0.491816][-0.195977,-0.0363671,-0.979934][0.757674,0.127377,0][0.70304,0.185279,-0.490216][-0.195977,-0.0363671,-0.979934][0.757674,0.127377,0][0.615658,0.19686,-0.400499][0.715005,-0.0191379,0.698857][0.729811,0.108354,0][0.70304,0.185279,-0.490216][0.715005,-0.0191379,0.698857][0.757674,0.127377,0][0.705414,0.215586,-0.491816][0.715005,-0.0191379,0.698857][0.757674,0.127377,0][0.705414,0.215586,-0.491816][0.715005,-0.0191379,0.698857][0.757674,0.127377,0][0.618033,0.227167,-0.402098][0.715005,-0.0191379,0.698857][0.729811,0.108354,0][0.615658,0.19686,-0.400499][0.715005,-0.0191379,0.698857][0.729811,0.108354,0][0.365185,0.215324,-0.422466][-0.385181,0.0787041,0.919479][0.664944,0.127377,0][0.480838,0.208849,-0.373463][-0.385181,0.0787041,0.919479][0.692807,0.108354,0][0.483212,0.239156,-0.375063][-0.385181,0.0787041,0.919479][0.692807,0.108354,0][0.483212,0.239156,-0.375063][-0.385181,0.0787041,0.919479][0.692807,0.108354,0][0.367559,0.24563,-0.424065][-0.385181,0.0787041,0.919479][0.664944,0.127377,0][0.365185,0.215324,-0.422466][-0.385181,0.0787041,0.919479][0.664944,0.127377,0][0.492244,0.203999,-0.448433][-0.20316,-0.0357291,-0.978494][0.699844,0.127506,0][0.365185,0.215324,-0.422466][-0.20316,-0.0357291,-0.978494][0.664944,0.127377,0][0.367559,0.24563,-0.424065][-0.20316,-0.0357291,-0.978494][0.664944,0.127377,0][0.367559,0.24563,-0.424065][-0.20316,-0.0357291,-0.978494][0.664944,0.127377,0][0.494618,0.234305,-0.450032][-0.20316,-0.0357291,-0.978494][0.699844,0.127506,0][0.492244,0.203999,-0.448433][-0.20316,-0.0357291,-0.978494][0.699844,0.127506,0][0.468088,0.217887,-0.221151][0.779934,-0.0280989,0.625231][0.68126,0.068895,0][0.55885,0.204769,-0.334961][0.779934,-0.0280989,0.625231][0.711309,0.094087,0][0.561224,0.235076,-0.33656][0.779934,-0.0280989,0.625231][0.711309,0.094087,0][0.561224,0.235076,-0.33656][0.779934,-0.0280989,0.625231][0.711309,0.094087,0][0.470462,0.248194,-0.222751][0.779934,-0.0280989,0.625231][0.68126,0.068895,0][0.468088,0.217887,-0.221151][0.779934,-0.0280989,0.625231][0.68126,0.068895,0][0.480838,0.208849,-0.373463][-0.99347,0.073207,-0.087511][0.692807,0.108354,0][0.468088,0.217887,-0.221151][-0.99347,0.073207,-0.087511][0.68126,0.068895,0][0.470462,0.248194,-0.222751][-0.99347,0.073207,-0.087511][0.68126,0.068895,0][0.470462,0.248194,-0.222751][-0.99347,0.073207,-0.087511][0.68126,0.068895,0][0.483212,0.239156,-0.375063][-0.99347,0.073207,-0.087511][0.692807,0.108354,0][0.480838,0.208849,-0.373463][-0.99347,0.073207,-0.087511][0.692807,0.108354,0][0.687054,0.198415,-0.26506][0.881183,-0.093504,-0.463437][0.741358,0.068895,0][0.615658,0.19686,-0.400499][0.881183,-0.093503,-0.463437][0.729811,0.108354,0][0.618033,0.227167,-0.402098][0.881183,-0.093503,-0.463437][0.729811,0.108354,0][0.618033,0.227167,-0.402098][0.881183,-0.093503,-0.463437][0.729811,0.108354,0][0.689428,0.228721,-0.26666][0.881183,-0.093504,-0.463437][0.741358,0.068895,0][0.687054,0.198415,-0.26506][0.881183,-0.093504,-0.463437][0.741358,0.068895,0][0.55885,0.204769,-0.334961][-0.473843,0.0833931,0.876652][0.711309,0.094087,0][0.687054,0.198415,-0.26506][-0.473843,0.0833931,0.876652][0.741358,0.068895,0][0.689428,0.228721,-0.26666][-0.473843,0.0833931,0.876652][0.741358,0.068895,0][0.689428,0.228721,-0.26666][-0.473843,0.0833931,0.876652][0.741358,0.068895,0][0.561224,0.235076,-0.33656][-0.473843,0.0833931,0.876652][0.711309,0.094087,0][0.55885,0.204769,-0.334961][-0.473843,0.0833931,0.876652][0.711309,0.094087,0][0.57579,0.196569,-0.465186][0.86206,-0.0938191,-0.498047][0.722774,0.127506,0][0.508663,0.195704,-0.581213][0.86206,-0.0938191,-0.498047][0.711309,0.161624,0][0.511037,0.226011,-0.582812][0.86206,-0.0938191,-0.498046][0.711309,0.161624,0][0.511037,0.226011,-0.582812][0.86206,-0.0938191,-0.498046][0.711309,0.161624,0][0.578165,0.226876,-0.466786][0.86206,-0.0938191,-0.498047][0.722774,0.127506,0][0.57579,0.196569,-0.465186][0.86206,-0.0938191,-0.498047][0.722774,0.127506,0][0.508663,0.195704,-0.581213][-0.989401,0.070816,-0.126772][0.711309,0.161624,0][0.492244,0.203999,-0.448433][-0.989401,0.070816,-0.126772][0.699844,0.127506,0][0.494618,0.234305,-0.450032][-0.989401,0.070816,-0.126772][0.699844,0.127506,0][0.494618,0.234305,-0.450032][-0.989401,0.070816,-0.126772][0.699844,0.127506,0][0.511037,0.226011,-0.582812][-0.989401,0.070816,-0.126772][0.711309,0.161624,0][0.508663,0.195704,-0.581213][-0.989401,0.070816,-0.126772][0.711309,0.161624,0][0.211033,0.223059,-0.829713][-0.077997,-0.995568,0.0525431][0.769224,0.080904,0][0.168257,0.223096,-0.892516][-0.077997,-0.995568,0.0525431][0.776261,0.100055,0][0.192964,0.219329,-0.927219][-0.077997,-0.995568,0.0525431][0.787726,0.100055,0][0.192964,0.219329,-0.927219][-0.077997,-0.995568,0.0525431][0.787726,0.100055,0][0.294066,0.21523,-0.854795][-0.077997,-0.995568,0.0525431][0.787726,0.066637,0][0.211033,0.223059,-0.829713][-0.077997,-0.995568,0.0525431][0.769224,0.080904,0][0.217671,0.215561,-0.961923][-0.077999,-0.995568,0.0525451][0.799191,0.100055,0][0.293266,0.204078,-1.06728][-0.077999,-0.995568,0.0525451][0.834091,0.099926,0][0.290774,0.2109,-0.941716][-0.077999,-0.995568,0.0525451][0.806228,0.080904,0][0.211033,0.223059,-0.829713][-0.077998,-0.995568,0.0525441][0.769224,0.080904,0][0.093439,0.234547,-0.786602][-0.077998,-0.995568,0.0525441][0.741361,0.099926,0][0.168257,0.223096,-0.892516][-0.077998,-0.995568,0.0525441][0.776261,0.100055,0][0.294066,0.21523,-0.854795][-0.077997,-0.995568,0.0525461][0.787726,0.066637,0][0.305528,0.222014,-0.709243][-0.077997,-0.995568,0.0525461][0.757677,0.041444,0][0.211033,0.223059,-0.829713][-0.077997,-0.995568,0.0525461][0.769224,0.080904,0][0.290774,0.2109,-0.941716][-0.077997,-0.995568,0.0525451][0.806228,0.080904,0][0.435037,0.202267,-0.891152][-0.077997,-0.995568,0.0525451][0.817775,0.041444,0][0.294066,0.21523,-0.854795][-0.077997,-0.995568,0.0525451][0.787726,0.066637,0][0.294066,0.21523,-0.854795][-0.077999,-0.995568,0.0525451][0.787726,0.066637,0][0.192964,0.219329,-0.927219][-0.077999,-0.995568,0.0525451][0.787726,0.100055,0][0.217671,0.215561,-0.961923][-0.077999,-0.995568,0.0525451][0.799191,0.100055,0][0.217671,0.215561,-0.961923][-0.077999,-0.995568,0.0525451][0.799191,0.100055,0][0.290774,0.2109,-0.941716][-0.077999,-0.995568,0.0525451][0.806228,0.080904,0][0.294066,0.21523,-0.854795][-0.077999,-0.995568,0.0525451][0.787726,0.066637,0][0.089742,0.223513,-1.00116][-0.077995,-0.995568,0.0525461][0.787726,0.134174,0][0.217671,0.215561,-0.961923][-0.077995,-0.995568,0.0525461][0.799191,0.100055,0][0.192964,0.219329,-0.927219][-0.077995,-0.995568,0.0525461][0.787726,0.100055,0][0.089742,0.223513,-1.00116][-0.077995,-0.995568,0.0525441][0.787726,0.134174,0][0.192964,0.219329,-0.927219][-0.077995,-0.995568,0.0525441][0.787726,0.100055,0][0.168257,0.223096,-0.892516][-0.077995,-0.995568,0.0525441][0.776261,0.100055,0][0.293148,0.241207,-0.943316][0.723838,0.689584,-0.0230981][0.806228,0.080904,0][0.295641,0.234385,-1.06888][0.723838,0.689584,-0.0230981][0.834091,0.099926,0][0.2418,0.296529,-0.900831][0.723838,0.689584,-0.0230981][0.787726,0.085957,0][0.295641,0.234385,-1.06888][-0.493919,0.752081,-0.43637][0.834091,0.099926,0][0.220046,0.245868,-0.963523][-0.493919,0.752081,-0.43637][0.799191,0.100055,0][0.2418,0.296529,-0.900831][-0.493919,0.752081,-0.43637][0.787726,0.085957,0][0.170631,0.253403,-0.894115][-0.496808,0.752521,-0.432313][0.776261,0.100055,0][0.095813,0.264854,-0.788202][-0.496808,0.752521,-0.432313][0.741361,0.099926,0][0.2418,0.296529,-0.900831][-0.496808,0.752521,-0.432313][0.787726,0.085957,0][0.095813,0.264854,-0.788202][0.289187,0.755858,0.587409][0.741361,0.099926,0][0.213408,0.253366,-0.831312][0.289187,0.755858,0.587409][0.769224,0.080904,0][0.2418,0.296529,-0.900831][0.289187,0.755858,0.587409][0.787726,0.085957,0][0.213408,0.253366,-0.831312][-0.428823,0.835491,0.343606][0.769224,0.080904,0][0.307902,0.252321,-0.710843][-0.428823,0.835491,0.343606][0.757677,0.041444,0][0.2418,0.296529,-0.900831][-0.428823,0.835491,0.343606][0.787726,0.085957,0][0.307902,0.252321,-0.710843][0.717184,0.691217,-0.0886891][0.757677,0.041444,0][0.296441,0.245537,-0.856394][0.717184,0.691217,-0.0886891][0.787726,0.066637,0][0.2418,0.296529,-0.900831][0.717184,0.691217,-0.0886891][0.787726,0.085957,0][0.296441,0.245537,-0.856394][0.225643,0.766165,0.601728][0.787726,0.066637,0][0.437412,0.232574,-0.892751][0.225643,0.766165,0.601728][0.817775,0.041444,0][0.2418,0.296529,-0.900831][0.225643,0.766165,0.601728][0.787726,0.085957,0][0.437412,0.232574,-0.892751][0.264635,0.729754,-0.630419][0.817775,0.041444,0][0.293148,0.241207,-0.943316][0.264635,0.729754,-0.630419][0.806228,0.080904,0][0.2418,0.296529,-0.900831][0.264635,0.729754,-0.630419][0.787726,0.085957,0][0.220046,0.245868,-0.963523][0.246413,0.710221,-0.659444][0.799191,0.100055,0][0.092116,0.25382,-1.00276][0.246413,0.710221,-0.659444][0.787726,0.134174,0][0.2418,0.296529,-0.900831][0.246413,0.710221,-0.659444][0.787726,0.085957,0][0.092116,0.25382,-1.00276][-0.464081,0.818556,0.338518][0.787726,0.134174,0][0.170631,0.253403,-0.894115][-0.464081,0.818556,0.338518][0.776261,0.100055,0][0.2418,0.296529,-0.900831][-0.464081,0.818556,0.338518][0.787726,0.085957,0][0.293266,0.204078,-1.06728][-0.810368,0.0326189,-0.585013][0.834091,0.099926,0][0.217671,0.215561,-0.961923][-0.810368,0.0326189,-0.585013][0.799191,0.100055,0][0.220046,0.245868,-0.963523][-0.810368,0.0326189,-0.585013][0.799191,0.100055,0][0.220046,0.245868,-0.963523][-0.810368,0.0326189,-0.585013][0.799191,0.100055,0][0.295641,0.234385,-1.06888][-0.810368,0.0326189,-0.585013][0.834091,0.099926,0][0.293266,0.204078,-1.06728][-0.810368,0.0326189,-0.585013][0.834091,0.099926,0][0.290774,0.2109,-0.941716][0.996757,-0.076827,0.023962][0.806228,0.080904,0][0.293266,0.204078,-1.06728][0.996756,-0.076827,0.023962][0.834091,0.099926,0][0.295641,0.234385,-1.06888][0.996757,-0.076827,0.023962][0.834091,0.099926,0][0.295641,0.234385,-1.06888][0.996757,-0.076827,0.023962][0.834091,0.099926,0][0.293148,0.241207,-0.943316][0.996756,-0.076827,0.023962][0.806228,0.080904,0][0.290774,0.2109,-0.941716][0.996757,-0.076827,0.023962][0.806228,0.080904,0][0.093439,0.234547,-0.786602][0.346042,0.0223971,0.937952][0.741361,0.099926,0][0.211033,0.223059,-0.829713][0.346042,0.0223971,0.937952][0.769224,0.080904,0][0.213408,0.253366,-0.831312][0.346043,0.0223971,0.937952][0.769224,0.080904,0][0.213408,0.253366,-0.831312][0.346043,0.0223971,0.937952][0.769224,0.080904,0][0.095813,0.264854,-0.788202][0.346042,0.0223971,0.937952][0.741361,0.099926,0][0.093439,0.234547,-0.786602][0.346042,0.0223971,0.937952][0.741361,0.099926,0][0.168257,0.223096,-0.892516][-0.814617,0.0332539,-0.579045][0.776261,0.100055,0][0.093439,0.234547,-0.786602][-0.814617,0.0332539,-0.579045][0.741361,0.099926,0][0.095813,0.264854,-0.788202][-0.814617,0.0332539,-0.579045][0.741361,0.099926,0][0.095813,0.264854,-0.788202][-0.814617,0.0332539,-0.579045][0.741361,0.099926,0][0.170631,0.253403,-0.894115][-0.814617,0.0332539,-0.579045][0.776261,0.100055,0][0.168257,0.223096,-0.892516][-0.814617,0.0332539,-0.579045][0.776261,0.100055,0][0.305528,0.222014,-0.709243][0.993865,-0.081794,-0.074446][0.757677,0.041444,0][0.294066,0.21523,-0.854795][0.993865,-0.081794,-0.074446][0.787726,0.066637,0][0.296441,0.245537,-0.856394][0.993865,-0.081794,-0.074446][0.787726,0.066637,0][0.296441,0.245537,-0.856394][0.993865,-0.081794,-0.074446][0.787726,0.066637,0][0.307902,0.252321,-0.710843][0.993865,-0.081794,-0.074446][0.757677,0.041444,0][0.305528,0.222014,-0.709243][0.993865,-0.081794,-0.074446][0.757677,0.041444,0][0.211033,0.223059,-0.829713][-0.782963,0.0937931,0.614957][0.769224,0.080904,0][0.305528,0.222014,-0.709243][-0.782963,0.0937931,0.614957][0.757677,0.041444,0][0.307902,0.252321,-0.710843][-0.782963,0.0937931,0.614957][0.757677,0.041444,0][0.307902,0.252321,-0.710843][-0.782963,0.0937931,0.614957][0.757677,0.041444,0][0.213408,0.253366,-0.831312][-0.782963,0.0937931,0.614957][0.769224,0.080904,0][0.211033,0.223059,-0.829713][-0.782963,0.0937931,0.614957][0.769224,0.080904,0][0.435037,0.202267,-0.891152][0.325818,-0.0752671,-0.942432][0.817775,0.041444,0][0.290774,0.2109,-0.941716][0.325818,-0.0752671,-0.942432][0.806228,0.080904,0][0.293148,0.241207,-0.943316][0.325818,-0.0752671,-0.942432][0.806228,0.080904,0][0.293148,0.241207,-0.943316][0.325818,-0.0752671,-0.942432][0.806228,0.080904,0][0.437412,0.232574,-0.892751][0.325818,-0.0752671,-0.942432][0.817775,0.041444,0][0.435037,0.202267,-0.891152][0.325818,-0.0752671,-0.942432][0.817775,0.041444,0][0.294066,0.21523,-0.854795][0.252307,0.0312771,0.967142][0.787726,0.066637,0][0.435037,0.202267,-0.891152][0.252307,0.0312771,0.967142][0.817775,0.041444,0][0.437412,0.232574,-0.892751][0.252307,0.0312771,0.967142][0.817775,0.041444,0][0.437412,0.232574,-0.892751][0.252307,0.0312771,0.967142][0.817775,0.041444,0][0.296441,0.245537,-0.856394][0.252307,0.0312771,0.967142][0.787726,0.066637,0][0.294066,0.21523,-0.854795][0.252307,0.0312771,0.967142][0.787726,0.066637,0][0.217671,0.215561,-0.961923][0.288313,-0.0729781,-0.954751][0.799191,0.100055,0][0.089742,0.223513,-1.00116][0.288313,-0.0729781,-0.954751][0.787726,0.134174,0][0.092116,0.25382,-1.00276][0.288313,-0.0729781,-0.954751][0.787726,0.134174,0][0.092116,0.25382,-1.00276][0.288313,-0.0729781,-0.954751][0.787726,0.134174,0][0.220046,0.245868,-0.963523][0.288313,-0.0729781,-0.954751][0.799191,0.100055,0][0.217671,0.215561,-0.961923][0.288313,-0.0729781,-0.954751][0.799191,0.100055,0][0.089742,0.223513,-1.00116][-0.806751,0.0939881,0.583369][0.787726,0.134174,0][0.168257,0.223096,-0.892516][-0.806751,0.0939881,0.583369][0.776261,0.100055,0][0.170631,0.253403,-0.894115][-0.806751,0.0939881,0.583369][0.776261,0.100055,0][0.170631,0.253403,-0.894115][-0.806751,0.0939881,0.583369][0.776261,0.100055,0][0.092116,0.25382,-1.00276][-0.806751,0.0939881,0.583369][0.787726,0.134174,0][0.089742,0.223513,-1.00116][-0.806751,0.0939881,0.583369][0.787726,0.134174,0][-0.062492,0.196904,-1.20652][-0.035222,-0.991389,0.126124][0.692807,0.108354,0][-0.036688,0.188771,-1.26324][-0.035222,-0.991389,0.126124][0.699844,0.127506,0][-0.00143,0.187854,-1.26061][-0.035222,-0.991389,0.126124][0.711309,0.127506,0][-0.00143,0.187854,-1.26061][-0.035222,-0.991389,0.126124][0.711309,0.127506,0][-0.008698,0.201063,-1.15881][-0.035222,-0.991389,0.126124][0.711309,0.094087,0][-0.062492,0.196904,-1.20652][-0.035222,-0.991389,0.126124][0.692807,0.108354,0][0.033829,0.186936,-1.25797][-0.035223,-0.991389,0.126126][0.722774,0.127506,0][0.141125,0.184195,-1.24956][-0.035223,-0.991389,0.126126][0.757674,0.127377,0][0.051303,0.193944,-1.19801][-0.035222,-0.991389,0.126126][0.729811,0.108354,0][-0.062492,0.196904,-1.20652][-0.03522,-0.991389,0.126124][0.692807,0.108354,0][-0.14404,0.191614,-1.27088][-0.03522,-0.991389,0.126124][0.664944,0.127377,0][-0.036688,0.188771,-1.26324][-0.03522,-0.991389,0.126124][0.699844,0.127506,0][-0.008698,0.201063,-1.15881][-0.035222,-0.991388,0.126128][0.711309,0.094087,0][-0.106585,0.213425,-1.08898][-0.035222,-0.991388,0.126128][0.68126,0.068895,0][-0.062492,0.196904,-1.20652][-0.035222,-0.991388,0.126128][0.692807,0.108354,0][0.051303,0.193944,-1.19801][-0.03522,-0.991389,0.126124][0.729811,0.108354,0][0.078233,0.208617,-1.07516][-0.03522,-0.991389,0.126124][0.741358,0.068895,0][-0.008698,0.201063,-1.15881][-0.03522,-0.991389,0.126124][0.711309,0.094087,0][-0.008698,0.201063,-1.15881][-0.035219,-0.991389,0.126126][0.711309,0.094087,0][-0.00143,0.187854,-1.26061][-0.035219,-0.991389,0.126126][0.711309,0.127506,0][0.033829,0.186936,-1.25797][-0.035219,-0.991389,0.126126][0.722774,0.127506,0][0.033829,0.186936,-1.25797][-0.035219,-0.991389,0.126126][0.722774,0.127506,0][0.051303,0.193944,-1.19801][-0.035219,-0.991389,0.126126][0.729811,0.108354,0][-0.008698,0.201063,-1.15881][-0.035219,-0.991389,0.126126][0.711309,0.094087,0][0.005991,0.174368,-1.36454][-0.035217,-0.991389,0.126125][0.711309,0.161624,0][0.033829,0.186936,-1.25797][-0.035217,-0.991389,0.126125][0.722774,0.127506,0][-0.00143,0.187854,-1.26061][-0.035217,-0.991389,0.126125][0.711309,0.127506,0][0.005991,0.174368,-1.36454][-0.035227,-0.991389,0.126125][0.711309,0.161624,0][-0.00143,0.187854,-1.26061][-0.035227,-0.991389,0.126125][0.711309,0.127506,0][-0.036688,0.188771,-1.26324][-0.035227,-0.991389,0.126125][0.699844,0.127506,0][0.05219,0.218903,-1.20119][0.362233,0.798885,0.480177][0.729811,0.108354,0][0.142012,0.209154,-1.25273][0.362233,0.798885,0.480177][0.757674,0.127377,0][-0.002186,0.258429,-1.22593][0.362233,0.798885,0.480177][0.711309,0.113407,0][0.142012,0.209154,-1.25273][0.076345,0.639483,-0.765006][0.757674,0.127377,0][0.034716,0.211896,-1.26115][0.076345,0.639483,-0.765006][0.722774,0.127506,0][-0.002186,0.258429,-1.22593][0.076345,0.639483,-0.765006][0.711309,0.113407,0][-0.035801,0.21373,-1.26642][0.07136,0.63961,-0.76538][0.699844,0.127506,0][-0.143153,0.216573,-1.27405][0.07136,0.63961,-0.76538][0.664944,0.127377,0][-0.002186,0.258429,-1.22593][0.07136,0.63961,-0.76538][0.711309,0.113407,0][-0.143153,0.216573,-1.27405][-0.387775,0.818392,0.424106][0.664944,0.127377,0][-0.061605,0.221863,-1.2097][-0.387775,0.818392,0.424106][0.692807,0.108354,0][-0.002186,0.258429,-1.22593][-0.387775,0.818392,0.424106][0.711309,0.113407,0][-0.061605,0.221863,-1.2097][-0.558387,0.766544,-0.317197][0.692807,0.108354,0][-0.105699,0.238384,-1.09215][-0.558387,0.766544,-0.317197][0.68126,0.068895,0][-0.002186,0.258429,-1.22593][-0.558387,0.766544,-0.317197][0.711309,0.113407,0][-0.105699,0.238384,-1.09215][0.414559,0.796517,0.440115][0.68126,0.068895,0][-0.007811,0.226022,-1.16198][0.414559,0.796517,0.440115][0.711309,0.094087,0][-0.002186,0.258429,-1.22593][0.414559,0.796517,0.440115][0.711309,0.113407,0][-0.007811,0.226022,-1.16198][-0.433617,0.818581,0.376698][0.711309,0.094087,0][0.07912,0.233576,-1.07833][-0.433617,0.818581,0.376698][0.741358,0.068895,0][-0.002186,0.258429,-1.22593][-0.433617,0.818581,0.376698][0.711309,0.113407,0][0.07912,0.233576,-1.07833][0.638199,0.735421,-0.227725][0.741358,0.068895,0][0.05219,0.218903,-1.20119][0.638199,0.735421,-0.227725][0.729811,0.108354,0][-0.002186,0.258429,-1.22593][0.638199,0.735421,-0.227725][0.711309,0.113407,0][0.034716,0.211896,-1.26115][0.654414,0.711874,-0.254907][0.722774,0.127506,0][0.006877,0.199327,-1.36772][0.654414,0.711874,-0.254907][0.711309,0.161624,0][-0.002186,0.258429,-1.22593][0.654414,0.711874,-0.254907][0.711309,0.113407,0][0.006877,0.199327,-1.36772][-0.57158,0.743764,-0.346572][0.711309,0.161624,0][-0.035801,0.21373,-1.26642][-0.57158,0.743764,-0.346572][0.699844,0.127506,0][-0.002186,0.258429,-1.22593][-0.57158,0.743764,-0.346572][0.711309,0.113407,0][0.141125,0.184195,-1.24956][0.074289,-0.128454,-0.988929][0.757674,0.127377,0][0.033829,0.186936,-1.25797][0.074289,-0.128454,-0.988929][0.722774,0.127506,0][0.034716,0.211896,-1.26115][0.074289,-0.128454,-0.988929][0.722774,0.127506,0][0.034716,0.211896,-1.26115][0.074289,-0.128454,-0.988929][0.722774,0.127506,0][0.142012,0.209154,-1.25273][0.074289,-0.128454,-0.988929][0.757674,0.127377,0][0.141125,0.184195,-1.24956][0.074289,-0.128454,-0.988929][0.757674,0.127377,0][0.051303,0.193944,-1.19801][0.503056,0.0914591,0.859401][0.729811,0.108354,0][0.141125,0.184195,-1.24956][0.503056,0.0914591,0.859401][0.757674,0.127377,0][0.142012,0.209154,-1.25273][0.503056,0.0914591,0.859401][0.757674,0.127377,0][0.142012,0.209154,-1.25273][0.503056,0.0914591,0.859401][0.757674,0.127377,0][0.05219,0.218903,-1.20119][0.503056,0.0914591,0.859401][0.729811,0.108354,0][0.051303,0.193944,-1.19801][0.503056,0.0914591,0.859401][0.729811,0.108354,0][-0.14404,0.191614,-1.27088][-0.619775,0.120675,0.775446][0.664944,0.127377,0][-0.062492,0.196904,-1.20652][-0.619775,0.120675,0.775446][0.692807,0.108354,0][-0.061605,0.221863,-1.2097][-0.619775,0.120675,0.775446][0.692807,0.108354,0][-0.061605,0.221863,-1.2097][-0.619775,0.120675,0.775446][0.692807,0.108354,0][-0.143153,0.216573,-1.27405][-0.619775,0.120675,0.775446][0.664944,0.127377,0][-0.14404,0.191614,-1.27088][-0.619775,0.120675,0.775446][0.664944,0.127377,0][-0.036688,0.188771,-1.26324][0.066959,-0.128261,-0.989478][0.699844,0.127506,0][-0.14404,0.191614,-1.27088][0.066959,-0.128261,-0.989478][0.664944,0.127377,0][-0.143153,0.216573,-1.27405][0.066959,-0.128261,-0.989478][0.664944,0.127377,0][-0.143153,0.216573,-1.27405][0.066959,-0.128261,-0.989478][0.664944,0.127377,0][-0.035801,0.21373,-1.26642][0.066959,-0.128261,-0.989478][0.699844,0.127506,0][-0.036688,0.188771,-1.26324][0.066959,-0.128261,-0.989478][0.699844,0.127506,0][-0.106585,0.213425,-1.08898][0.585633,0.0817931,0.806439][0.68126,0.068895,0][-0.008698,0.201063,-1.15881][0.585633,0.0817931,0.806439][0.711309,0.094087,0][-0.007811,0.226022,-1.16198][0.585633,0.0817931,0.806439][0.711309,0.094087,0][-0.007811,0.226022,-1.16198][0.585633,0.0817931,0.806439][0.711309,0.094087,0][-0.105699,0.238384,-1.09215][0.585633,0.0817931,0.806439][0.68126,0.068895,0][-0.106585,0.213425,-1.08898][0.585633,0.0817931,0.806439][0.68126,0.068895,0][-0.062492,0.196904,-1.20652][-0.936753,-0.011226,-0.349811][0.692807,0.108354,0][-0.106585,0.213425,-1.08898][-0.936753,-0.011226,-0.349811][0.68126,0.068895,0][-0.105699,0.238384,-1.09215][-0.936753,-0.011226,-0.349811][0.68126,0.068895,0][-0.105699,0.238384,-1.09215][-0.936753,-0.011226,-0.349811][0.68126,0.068895,0][-0.061605,0.221863,-1.2097][-0.936753,-0.011226,-0.349811][0.692807,0.108354,0][-0.062492,0.196904,-1.20652][-0.936753,-0.011226,-0.349811][0.692807,0.108354,0][0.078233,0.208617,-1.07516][0.976489,-0.061003,-0.206757][0.741358,0.068895,0][0.051303,0.193944,-1.19801][0.976489,-0.061003,-0.206757][0.729811,0.108354,0][0.05219,0.218903,-1.20119][0.976489,-0.061003,-0.206757][0.729811,0.108354,0][0.05219,0.218903,-1.20119][0.976489,-0.061003,-0.206757][0.729811,0.108354,0][0.07912,0.233576,-1.07833][0.976489,-0.061003,-0.206757][0.741358,0.068895,0][0.078233,0.208617,-1.07516][0.976489,-0.061003,-0.206757][0.741358,0.068895,0][-0.008698,0.201063,-1.15881][-0.69395,0.115084,0.710766][0.711309,0.094087,0][0.078233,0.208617,-1.07516][-0.69395,0.115084,0.710766][0.741358,0.068895,0][0.07912,0.233576,-1.07833][-0.69395,0.115084,0.710766][0.741358,0.068895,0][0.07912,0.233576,-1.07833][-0.69395,0.115084,0.710766][0.741358,0.068895,0][-0.007811,0.226022,-1.16198][-0.69395,0.115084,0.710766][0.711309,0.094087,0][-0.008698,0.201063,-1.15881][-0.69395,0.115084,0.710766][0.711309,0.094087,0][0.033829,0.186936,-1.25797][0.967317,-0.065528,-0.244956][0.722774,0.127506,0][0.005991,0.174368,-1.36454][0.967317,-0.065528,-0.244956][0.711309,0.161624,0][0.006877,0.199327,-1.36772][0.967317,-0.065528,-0.244956][0.711309,0.161624,0][0.006877,0.199327,-1.36772][0.967317,-0.065528,-0.244956][0.711309,0.161624,0][0.034716,0.211896,-1.26115][0.967317,-0.065528,-0.244956][0.722774,0.127506,0][0.033829,0.186936,-1.25797][0.967317,-0.065528,-0.244956][0.722774,0.127506,0][0.005991,0.174368,-1.36454][-0.922253,-0.016375,-0.386239][0.711309,0.161624,0][-0.036688,0.188771,-1.26324][-0.922254,-0.016375,-0.386239][0.699844,0.127506,0][-0.035801,0.21373,-1.26642][-0.922253,-0.016375,-0.386239][0.699844,0.127506,0][-0.035801,0.21373,-1.26642][-0.922253,-0.016375,-0.386239][0.699844,0.127506,0][0.006877,0.199327,-1.36772][-0.922254,-0.016375,-0.386239][0.711309,0.161624,0][0.005991,0.174368,-1.36454][-0.922253,-0.016375,-0.386239][0.711309,0.161624,0][-0.565922,0.161801,1.06155][0.134917,-0.990857,-0.000838882][0.860327,0.057403,0][-0.524252,0.1677,1.00865][0.532912,-0.845353,-0.0371839][0.87205,0.06546,0][-0.319163,0.187082,1.00865][0.252437,-0.311481,-0.916109][0.872049,0.105114,0][-0.319163,0.187082,1.00865][0.252437,-0.311481,-0.916109][0.872049,0.105114,0][-0.319163,0.187082,1.06155][0.613834,-0.789415,-0.00555491][0.860327,0.105114,0][-0.565922,0.161801,1.06155][0.134917,-0.990857,-0.000838882][0.860327,0.057403,0][-0.565922,0.161801,1.06155][0.134917,-0.990857,-0.000838882][0.860327,0.057403,0][-0.690212,0.138949,1.06156][-0.743904,-0.658605,-0.113337][0.860323,0.033372,0][-0.675389,0.142137,1.00865][-0.679974,-0.450053,-0.578867][0.872049,0.036238,0][-0.675389,0.142137,1.00865][-0.679974,-0.450053,-0.578867][0.872049,0.036238,0][-0.524252,0.1677,1.00865][0.532912,-0.845353,-0.0371839][0.87205,0.06546,0][-0.565922,0.161801,1.06155][0.134917,-0.990857,-0.000838882][0.860327,0.057403,0][-0.565922,0.161801,1.12894][0.050239,-0.386723,0.920826][0.84539,0.057403,0][-0.691779,0.138604,1.12894][-0.42953,-0.384665,0.817029][0.84539,0.033068,0][-0.690212,0.138949,1.06156][-0.743904,-0.658605,-0.113337][0.860323,0.033372,0][-0.690212,0.138949,1.06156][-0.743904,-0.658605,-0.113337][0.860323,0.033372,0][-0.565922,0.161801,1.06155][0.134917,-0.990857,-0.000838882][0.860327,0.057403,0][-0.565922,0.161801,1.12894][0.050239,-0.386723,0.920826][0.84539,0.057403,0][-0.319163,0.187082,1.12894][0.266205,-0.353072,0.896925][0.84539,0.105114,0][-0.565922,0.161801,1.12894][0.050239,-0.386723,0.920826][0.84539,0.057403,0][-0.565922,0.161801,1.06155][0.134917,-0.990857,-0.000838882][0.860327,0.057403,0][-0.565922,0.161801,1.06155][0.134917,-0.990857,-0.000838882][0.860327,0.057403,0][-0.319163,0.187082,1.06155][0.613834,-0.789415,-0.00555491][0.860327,0.105114,0][-0.319163,0.187082,1.12894][0.266205,-0.353072,0.896925][0.84539,0.105114,0][-0.524252,0.1677,1.00865][0.532912,-0.845353,-0.0371839][0.87205,0.06546,0][-0.675389,0.142137,1.00865][-0.679974,-0.450053,-0.578867][0.872049,0.036238,0][-0.477398,0.173441,0.791957][-0.53161,-0.682617,-0.501423][0.920069,0.074519,0][-0.477398,0.173441,0.791957][-0.53161,-0.682617,-0.501423][0.920069,0.074519,0][-0.341197,0.185638,0.79195][0.795231,-0.407939,0.448546][0.920071,0.100854,0][-0.524252,0.1677,1.00865][0.532912,-0.845353,-0.0371839][0.87205,0.06546,0][-0.593839,0.15739,0.640849][0.316448,-0.617596,0.720025][0.953555,0.052006,0][-0.591609,0.157756,0.527844][-0.148273,-0.489071,-0.859549][0.978598,0.052437,0][-0.471174,0.174137,0.52075][0.184293,-0.475066,-0.860435][0.98017,0.075723,0][-0.471174,0.174137,0.52075][0.184293,-0.475066,-0.860435][0.98017,0.075723,0][-0.510338,0.169499,0.63708][-0.053171,-0.724017,0.68773][0.954391,0.06815,0][-0.593839,0.15739,0.640849][0.316448,-0.617596,0.720025][0.953555,0.052006,0][-0.686175,0.139831,0.685425][-0.564889,-0.407286,0.717648][0.943677,0.034153,0][-0.685243,0.140033,0.572656][-0.756012,-0.459727,-0.465938][0.968667,0.034332,0][-0.591609,0.157756,0.527844][-0.148273,-0.489071,-0.859549][0.978598,0.052437,0][-0.591609,0.157756,0.527844][-0.148273,-0.489071,-0.859549][0.978598,0.052437,0][-0.593839,0.15739,0.640849][0.316448,-0.617596,0.720025][0.953555,0.052006,0][-0.686175,0.139831,0.685425][-0.564889,-0.407286,0.717648][0.943677,0.034153,0][-0.341197,0.185638,0.79195][0.795231,-0.407939,0.448546][0.920071,0.100854,0][-0.477398,0.173441,0.791957][-0.53161,-0.682617,-0.501423][0.920069,0.074519,0][-0.436913,0.177714,0.713491][-0.517644,-0.833864,-0.191612][0.937457,0.082348,0][-0.436913,0.177714,0.713491][-0.517644,-0.833864,-0.191612][0.937457,0.082348,0][-0.316736,0.187233,0.657148][0.914796,-0.368066,-0.166363][0.949943,0.105583,0][-0.341197,0.185638,0.79195][0.795231,-0.407939,0.448546][0.920071,0.100854,0][-0.510338,0.169499,0.63708][-0.053171,-0.724017,0.68773][0.954391,0.06815,0][-0.471174,0.174137,0.52075][0.184293,-0.475066,-0.860435][0.98017,0.075723,0][-0.38321,0.182509,0.562368][0.610659,-0.439505,-0.658734][0.970947,0.092731,0][-0.38321,0.182509,0.562368][0.610659,-0.439505,-0.658734][0.970947,0.092731,0][-0.440315,0.177378,0.676072][-0.345857,-0.841641,0.414756][0.945749,0.08169,0][-0.510338,0.169499,0.63708][-0.053171,-0.724017,0.68773][0.954391,0.06815,0][-0.316736,0.187233,0.657148][0.914796,-0.368066,-0.166363][0.949943,0.105583,0][-0.436913,0.177714,0.713491][-0.517644,-0.833864,-0.191612][0.937457,0.082348,0][-0.440315,0.177378,0.676072][-0.345857,-0.841641,0.414756][0.945749,0.08169,0][-0.440315,0.177378,0.676072][-0.345857,-0.841641,0.414756][0.945749,0.08169,0][-0.38321,0.182509,0.562368][0.610659,-0.439505,-0.658734][0.970947,0.092731,0][-0.316736,0.187233,0.657148][0.914796,-0.368066,-0.166363][0.949943,0.105583,0][-0.524252,0.328467,1.00865][-0.070317,0.714666,-0.695923][0.091618,0.782422,0][-0.552733,0.337744,1.02187][-0.070317,0.714666,-0.695923][0.08031,0.777113,0][-0.332387,0.360222,1.02187][-0.070317,0.714666,-0.695923][0.16431,0.776044,0][-0.332387,0.360222,1.02187][-0.070317,0.714666,-0.695923][0.16431,0.776044,0][-0.319163,0.347849,1.00865][-0.070317,0.714666,-0.695923][0.169715,0.78237,0][-0.524252,0.328467,1.00865][-0.070317,0.714666,-0.695923][0.091618,0.782422,0][-0.332387,0.360222,1.06155][0.68323,0.730204,0][0.163801,0.761728,0][-0.319163,0.347849,1.06155][0.68323,0.730204,0][0.170067,0.761359,0][-0.319163,0.347849,1.00865][0.683229,0.730204,0][0.169715,0.78237,0][-0.319163,0.347849,1.00865][0.683229,0.730204,0][0.169715,0.78237,0][-0.332387,0.360222,1.02187][0.683229,0.730204,0][0.16431,0.776044,0][-0.332387,0.360222,1.06155][0.68323,0.730204,0][0.163801,0.761728,0][-0.341197,0.346405,0.79195][0.545437,0.751585,0.37097][0.158886,0.863891,0][-0.353577,0.358759,0.786114][0.548533,0.751719,0.366102][0.153364,0.867092,0][-0.552733,0.337744,1.02187][0.47809,0.743323,0.467869][0.08031,0.777113,0][-0.552733,0.337744,1.02187][0.47809,0.743323,0.467869][0.08031,0.777113,0][-0.524252,0.328467,1.00865][0.47809,0.743323,0.467869][0.091618,0.782422,0][-0.341197,0.346405,0.79195][0.545437,0.751585,0.37097][0.158886,0.863891,0][-0.690212,0.299716,1.06156][-0.764446,0.638764,-0.0871951][0.025787,0.760919,0][-0.677031,0.315781,1.06353][-0.764117,0.638825,-0.0896001][0.032909,0.760116,0][-0.663505,0.318586,1.01524][-0.623043,0.664995,-0.411824][0.038818,0.777561,0][-0.663505,0.318586,1.01524][-0.623043,0.664995,-0.411824][0.038818,0.777561,0][-0.675389,0.302904,1.00865][-0.626795,0.664937,-0.406186][0.032517,0.780892,0][-0.690212,0.299716,1.06156][-0.764446,0.638764,-0.0871951][0.025787,0.760919,0][-0.466452,0.348646,0.79958][-0.615855,0.6688,-0.416448][0.112757,0.860247,0][-0.477398,0.334207,0.791957][-0.613863,0.668409,-0.420002][0.107011,0.863571,0][-0.675389,0.302904,1.00865][-0.626795,0.664937,-0.406186][0.032517,0.780892,0][-0.675389,0.302904,1.00865][-0.626795,0.664937,-0.406186][0.032517,0.780892,0][-0.663505,0.318586,1.01524][-0.623043,0.664995,-0.411824][0.038818,0.777561,0][-0.466452,0.348646,0.79958][-0.615855,0.6688,-0.416448][0.112757,0.860247,0][-0.691779,0.299371,1.12894][-0.772224,0.63518,-0.0147581][0.026343,0.734573,0][-0.678244,0.315524,1.11572][-0.772224,0.63518,-0.0147581][0.03285,0.741259,0][-0.677031,0.315781,1.06353][-0.764117,0.638825,-0.0896001][0.032909,0.760116,0][-0.677031,0.315781,1.06353][-0.764117,0.638825,-0.0896001][0.032909,0.760116,0][-0.690212,0.299716,1.06156][-0.764446,0.638764,-0.0871951][0.025787,0.760919,0][-0.691779,0.299371,1.12894][-0.772224,0.63518,-0.0147581][0.026343,0.734573,0][-0.565922,0.322567,1.12894][-0.092023,0.69752,0.710631][0.07477,0.73824,0][-0.565922,0.335791,1.11572][-0.088934,0.697674,0.710874][0.075711,0.744579,0][-0.678244,0.315524,1.11572][-0.126884,0.695319,0.707412][0.03285,0.741259,0][-0.678244,0.315524,1.11572][-0.126884,0.695319,0.707412][0.03285,0.741259,0][-0.691779,0.299371,1.12894][-0.126884,0.695319,0.707412][0.026343,0.734573,0][-0.565922,0.322567,1.12894][-0.092023,0.69752,0.710631][0.07477,0.73824,0][-0.319163,0.347849,1.12894][-0.072285,0.698384,0.712063][0.168087,0.735173,0][-0.332387,0.360222,1.11572][-0.072285,0.698384,0.712063][0.163001,0.741767,0][-0.565922,0.335791,1.11572][-0.088934,0.697674,0.710874][0.075711,0.744579,0][-0.565922,0.335791,1.11572][-0.088934,0.697674,0.710874][0.075711,0.744579,0][-0.565922,0.322567,1.12894][-0.092023,0.69752,0.710631][0.07477,0.73824,0][-0.319163,0.347849,1.12894][-0.072285,0.698384,0.712063][0.168087,0.735173,0][-0.423394,0.353002,0.716131][-0.702249,0.685594,-0.191853][0.129603,0.892289,0][-0.436913,0.338481,0.713491][-0.701558,0.685461,-0.194832][0.123057,0.893525,0][-0.477398,0.334207,0.791957][-0.613863,0.668409,-0.420002][0.107011,0.863571,0][-0.477398,0.334207,0.791957][-0.613863,0.668409,-0.420002][0.107011,0.863571,0][-0.466452,0.348646,0.79958][-0.615855,0.6688,-0.416448][0.112757,0.860247,0][-0.423394,0.353002,0.716131][-0.702249,0.685594,-0.191853][0.129603,0.892289,0][-0.332387,0.360222,1.11572][0.68323,0.730203,0][0.163001,0.741767,0][-0.319163,0.347849,1.12894][0.68323,0.730204,0][0.168087,0.735173,0][-0.319163,0.347849,1.06155][0.68323,0.730204,0][0.170067,0.761359,0][-0.319163,0.347849,1.06155][0.68323,0.730204,0][0.170067,0.761359,0][-0.332387,0.360222,1.06155][0.68323,0.730204,0][0.163801,0.761728,0][-0.332387,0.360222,1.11572][0.68323,0.730203,0][0.163001,0.741767,0][-0.591609,0.318523,0.527844][-0.281362,0.692924,-0.663846][0.067754,0.964826,0][-0.588241,0.332296,0.540892][-0.261512,0.694717,-0.670059][0.070699,0.958998,0][-0.473773,0.347839,0.53415][0.036807,0.72134,-0.691602][0.113951,0.962354,0][-0.473773,0.347839,0.53415][0.036807,0.72134,-0.691602][0.113951,0.962354,0][-0.471174,0.334904,0.52075][0.018022,0.719987,-0.693754][0.114383,0.968826,0][-0.591609,0.318523,0.527844][-0.281362,0.692924,-0.663846][0.067754,0.964826,0][-0.392027,0.355776,0.572825][0.415121,0.737372,-0.532876][0.143309,0.94622,0][-0.38321,0.343276,0.562368][0.406419,0.737254,-0.539704][0.147501,0.95111,0][-0.471174,0.334904,0.52075][0.018022,0.719987,-0.693754][0.114383,0.968826,0][-0.471174,0.334904,0.52075][0.018022,0.719987,-0.693754][0.114383,0.968826,0][-0.473773,0.347839,0.53415][0.036807,0.72134,-0.691602][0.113951,0.962354,0][-0.392027,0.355776,0.572825][0.415121,0.737372,-0.532876][0.143309,0.94622,0][-0.685243,0.3008,0.572656][-0.418312,0.671561,-0.611572][0.031311,0.94761,0][-0.672088,0.316819,0.58102][-0.418312,0.671561,-0.611572][0.038295,0.943788,0][-0.588241,0.332296,0.540892][-0.261512,0.694717,-0.670059][0.070699,0.958998,0][-0.588241,0.332296,0.540892][-0.261512,0.694717,-0.670059][0.070699,0.958998,0][-0.591609,0.318523,0.527844][-0.281362,0.692924,-0.663846][0.067754,0.964826,0][-0.685243,0.3008,0.572656][-0.418312,0.671561,-0.611572][0.031311,0.94761,0][-0.686175,0.300598,0.685425][-0.77152,0.636183,-0.00525708][0.032293,0.902792,0][-0.672777,0.316675,0.664273][-0.771521,0.636183,-0.00525708][0.038444,0.912645,0][-0.672088,0.316819,0.58102][-0.771521,0.636183,-0.00525708][0.038295,0.943788,0][-0.672088,0.316819,0.58102][-0.771521,0.636183,-0.00525708][0.038295,0.943788,0][-0.685243,0.3008,0.572656][-0.771521,0.636183,-0.00525708][0.031311,0.94761,0][-0.686175,0.300598,0.685425][-0.77152,0.636183,-0.00525708][0.032293,0.902792,0][-0.593839,0.318156,0.640849][0.0676,0.723266,0.687253][0.067233,0.922431,0][-0.597146,0.330832,0.627761][0.049894,0.722028,0.690062][0.066388,0.928724,0][-0.672777,0.316675,0.664273][0.183214,0.725576,0.663304][0.038444,0.912645,0][-0.672777,0.316675,0.664273][0.183214,0.725576,0.663304][0.038444,0.912645,0][-0.686175,0.300598,0.685425][0.183214,0.725576,0.663304][0.032293,0.902792,0][-0.593839,0.318156,0.640849][0.0676,0.723266,0.687253][0.067233,0.922431,0][-0.440315,0.338145,0.676072][-0.409693,0.688378,0.598571][0.123535,0.907807,0][-0.427778,0.352588,0.667917][-0.409693,0.688378,0.598571][0.13019,0.910786,0][-0.507185,0.343886,0.623701][-0.256018,0.708445,0.657694][0.101144,0.930397,0][-0.507185,0.343886,0.623701][-0.256018,0.708445,0.657694][0.101144,0.930397,0][-0.510338,0.330266,0.63708][-0.236859,0.709556,0.663647][0.098613,0.924261,0][-0.440315,0.338145,0.676072][-0.409693,0.688378,0.598571][0.123535,0.907807,0][-0.597146,0.330832,0.627761][0.049894,0.722028,0.690062][0.066388,0.928724,0][-0.593839,0.318156,0.640849][0.0676,0.723266,0.687253][0.067233,0.922431,0][-0.510338,0.330266,0.63708][-0.236859,0.709556,0.663647][0.098613,0.924261,0][-0.510338,0.330266,0.63708][-0.236859,0.709556,0.663647][0.098613,0.924261,0][-0.507185,0.343886,0.623701][-0.256018,0.708445,0.657694][0.101144,0.930397,0][-0.597146,0.330832,0.627761][0.049894,0.722028,0.690062][0.066388,0.928724,0][-0.427778,0.352588,0.667917][-0.736253,0.673948,0.0610409][0.13019,0.910786,0][-0.440315,0.338145,0.676072][-0.736253,0.673948,0.0610409][0.123535,0.907807,0][-0.436913,0.338481,0.713491][-0.701558,0.685461,-0.194832][0.123057,0.893525,0][-0.436913,0.338481,0.713491][-0.701558,0.685461,-0.194832][0.123057,0.893525,0][-0.423394,0.353002,0.716131][-0.702249,0.685594,-0.191853][0.129603,0.892289,0][-0.427778,0.352588,0.667917][-0.736253,0.673948,0.0610409][0.13019,0.910786,0][-0.316736,0.348,0.657148][0.670128,0.730689,0.130472][0.170742,0.914081,0][-0.330733,0.36033,0.66022][0.670128,0.730689,0.130472][0.16425,0.912934,0][-0.353577,0.358759,0.786114][0.548533,0.751719,0.366102][0.153364,0.867092,0][-0.353577,0.358759,0.786114][0.548533,0.751719,0.366102][0.153364,0.867092,0][-0.341197,0.346405,0.79195][0.545437,0.751585,0.37097][0.158886,0.863891,0][-0.316736,0.348,0.657148][0.670128,0.730689,0.130472][0.170742,0.914081,0][-0.38321,0.343276,0.562368][0.406419,0.737254,-0.539704][0.147501,0.95111,0][-0.392027,0.355776,0.572825][0.415121,0.737372,-0.532876][0.143309,0.94622,0][-0.330733,0.36033,0.66022][0.543719,0.727541,-0.418394][0.16425,0.912934,0][-0.330733,0.36033,0.66022][0.543719,0.727541,-0.418394][0.16425,0.912934,0][-0.316736,0.348,0.657148][0.543719,0.727541,-0.418394][0.170742,0.914081,0][-0.38321,0.343276,0.562368][0.406419,0.737254,-0.539704][0.147501,0.95111,0][-0.565922,0.335791,1.06155][-0.130817,0.991405,0.00182188][0.075131,0.763378,0][-0.332387,0.360222,1.06155][-0.103527,0.994622,0.00307588][0.163801,0.761728,0][-0.332387,0.360222,1.02187][-0.102798,0.994675,0.00739788][0.16431,0.776044,0][-0.332387,0.360222,1.02187][-0.102798,0.994675,0.00739788][0.16431,0.776044,0][-0.552733,0.337744,1.02187][-0.127593,0.991827,0.000424882][0.08031,0.777113,0][-0.565922,0.335791,1.06155][-0.130817,0.991405,0.00182188][0.075131,0.763378,0][-0.565922,0.335791,1.06155][-0.130817,0.991405,0.00182188][0.075131,0.763378,0][-0.552733,0.337744,1.02187][-0.127593,0.991827,0.000424882][0.08031,0.777113,0][-0.663505,0.318586,1.01524][-0.142606,0.989779,-0.00111312][0.038818,0.777561,0][-0.663505,0.318586,1.01524][-0.142606,0.989779,-0.00111312][0.038818,0.777561,0][-0.677031,0.315781,1.06353][-0.175999,0.98439,0.000401883][0.032909,0.760116,0][-0.565922,0.335791,1.06155][-0.130817,0.991405,0.00182188][0.075131,0.763378,0][-0.565922,0.335791,1.11572][-0.127729,0.991809,0.000113882][0.075711,0.744579,0][-0.565922,0.335791,1.06155][-0.130817,0.991405,0.00182188][0.075131,0.763378,0][-0.677031,0.315781,1.06353][-0.175999,0.98439,0.000401883][0.032909,0.760116,0][-0.677031,0.315781,1.06353][-0.175999,0.98439,0.000401883][0.032909,0.760116,0][-0.678244,0.315524,1.11572][-0.177403,0.984138,0.000352883][0.03285,0.741259,0][-0.565922,0.335791,1.11572][-0.127729,0.991809,0.000113882][0.075711,0.744579,0][-0.332387,0.360222,1.11572][-0.104044,0.994573,0][0.163001,0.741767,0][-0.332387,0.360222,1.06155][-0.103527,0.994622,0.00307588][0.163801,0.761728,0][-0.565922,0.335791,1.06155][-0.130817,0.991405,0.00182188][0.075131,0.763378,0][-0.565922,0.335791,1.06155][-0.130817,0.991405,0.00182188][0.075131,0.763378,0][-0.565922,0.335791,1.11572][-0.127729,0.991809,0.000113882][0.075711,0.744579,0][-0.332387,0.360222,1.11572][-0.104044,0.994573,0][0.163001,0.741767,0][-0.552733,0.337744,1.02187][-0.127593,0.991827,0.000424882][0.08031,0.777113,0][-0.353577,0.358759,0.786114][-0.107241,0.994233,-1.71185e-005][0.153364,0.867092,0][-0.466452,0.348646,0.79958][-0.123654,0.992325,-0.00128412][0.112757,0.860247,0][-0.466452,0.348646,0.79958][-0.123654,0.992325,-0.00128412][0.112757,0.860247,0][-0.663505,0.318586,1.01524][-0.142606,0.989779,-0.00111312][0.038818,0.777561,0][-0.552733,0.337744,1.02187][-0.127593,0.991827,0.000424882][0.08031,0.777113,0][-0.597146,0.330832,0.627761][-0.162142,0.986766,-0.00190312][0.066388,0.928724,0][-0.507185,0.343886,0.623701][-0.122041,0.992524,-0.00153712][0.101144,0.930397,0][-0.473773,0.347839,0.53415][-0.118491,0.992954,-0.00125512][0.113951,0.962354,0][-0.473773,0.347839,0.53415][-0.118491,0.992954,-0.00125512][0.113951,0.962354,0][-0.588241,0.332296,0.540892][-0.152371,0.988321,-0.00230312][0.070699,0.958998,0][-0.597146,0.330832,0.627761][-0.162142,0.986766,-0.00190312][0.066388,0.928724,0][-0.672777,0.316675,0.664273][-0.18317,0.983081,-0.00104112][0.038444,0.912645,0][-0.597146,0.330832,0.627761][-0.162142,0.986766,-0.00190312][0.066388,0.928724,0][-0.588241,0.332296,0.540892][-0.152371,0.988321,-0.00230312][0.070699,0.958998,0][-0.588241,0.332296,0.540892][-0.152371,0.988321,-0.00230312][0.070699,0.958998,0][-0.672088,0.316819,0.58102][-0.18317,0.983081,-0.00104112][0.038295,0.943788,0][-0.672777,0.316675,0.664273][-0.18317,0.983081,-0.00104112][0.038444,0.912645,0][-0.353577,0.358759,0.786114][-0.107241,0.994233,-1.71185e-005][0.153364,0.867092,0][-0.330733,0.36033,0.66022][-0.081412,0.996679,0.00185788][0.16425,0.912934,0][-0.423394,0.353002,0.716131][-0.082884,0.996558,0.00181188][0.129603,0.892289,0][-0.423394,0.353002,0.716131][-0.082884,0.996558,0.00181188][0.129603,0.892289,0][-0.466452,0.348646,0.79958][-0.123654,0.992325,-0.00128412][0.112757,0.860247,0][-0.353577,0.358759,0.786114][-0.107241,0.994233,-1.71185e-005][0.153364,0.867092,0][-0.507185,0.343886,0.623701][-0.122041,0.992524,-0.00153712][0.101144,0.930397,0][-0.427778,0.352588,0.667917][-0.088908,0.996039,0.00113688][0.13019,0.910786,0][-0.392027,0.355776,0.572825][-0.095432,0.995436,0.000597881][0.143309,0.94622,0][-0.392027,0.355776,0.572825][-0.095432,0.995436,0.000597881][0.143309,0.94622,0][-0.473773,0.347839,0.53415][-0.118491,0.992954,-0.00125512][0.113951,0.962354,0][-0.507185,0.343886,0.623701][-0.122041,0.992524,-0.00153712][0.101144,0.930397,0][-0.330733,0.36033,0.66022][-0.081412,0.996679,0.00185788][0.16425,0.912934,0][-0.392027,0.355776,0.572825][-0.095432,0.995436,0.000597881][0.143309,0.94622,0][-0.427778,0.352588,0.667917][-0.088908,0.996039,0.00113688][0.13019,0.910786,0][-0.427778,0.352588,0.667917][-0.088908,0.996039,0.00113688][0.13019,0.910786,0][-0.423394,0.353002,0.716131][-0.082884,0.996558,0.00181188][0.129603,0.892289,0][-0.330733,0.36033,0.66022][-0.081412,0.996679,0.00185788][0.16425,0.912934,0][-0.524252,0.1677,1.00865][0.532912,-0.845353,-0.0371839][0.050354,0.148431,0][-0.524252,0.328467,1.00865][0.992915,0,-0.118828][0.050354,0.175028,0][-0.319163,0.347849,1.00865][0.264613,0,-0.964355][0.023757,0.175028,0][-0.319163,0.347849,1.00865][0.264613,0,-0.964355][0.023757,0.175028,0][-0.319163,0.187082,1.00865][0.252437,-0.311481,-0.916109][0.023757,0.148431,0][-0.524252,0.1677,1.00865][0.532912,-0.845353,-0.0371839][0.050354,0.148431,0][-0.319163,0.187082,1.00865][0.252437,-0.311481,-0.916109][0.555697,0.148431,0][-0.319163,0.347849,1.00865][0.264613,0,-0.964355][0.555697,0.175028,0][-0.319163,0.347849,1.06155][1,0,0][0.5291,0.175028,0][-0.319163,0.347849,1.06155][1,0,0][0.5291,0.175028,0][-0.319163,0.187082,1.06155][0.613834,-0.789415,-0.00555491][0.5291,0.148431,0][-0.319163,0.187082,1.00865][0.252437,-0.311481,-0.916109][0.555697,0.148431,0][-0.690212,0.138949,1.06156][-0.743904,-0.658605,-0.113337][0.422712,0.148431,0][-0.690212,0.299716,1.06156][-0.990512,0,-0.137427][0.422712,0.175028,0][-0.675389,0.302904,1.00865][-0.781125,0,-0.624375][0.396115,0.175028,0][-0.675389,0.302904,1.00865][-0.781125,0,-0.624375][0.396115,0.175028,0][-0.675389,0.142137,1.00865][-0.679974,-0.450053,-0.578867][0.396115,0.148431,0][-0.690212,0.138949,1.06156][-0.743904,-0.658605,-0.113337][0.422712,0.148431,0][-0.691779,0.138604,1.12894][-0.42953,-0.384665,0.817029][0.44931,0.148431,0][-0.691779,0.299371,1.12894][-0.437637,0,0.899152][0.44931,0.175028,0][-0.690212,0.299716,1.06156][-0.990512,0,-0.137427][0.422712,0.175028,0][-0.690212,0.299716,1.06156][-0.990512,0,-0.137427][0.422712,0.175028,0][-0.690212,0.138949,1.06156][-0.743904,-0.658605,-0.113337][0.422712,0.148431,0][-0.691779,0.138604,1.12894][-0.42953,-0.384665,0.817029][0.44931,0.148431,0][-0.565922,0.161801,1.12894][0.050239,-0.386723,0.920826][0.475906,0.148431,0][-0.565922,0.322567,1.12894][0,1.19209e-007,1][0.475906,0.175028,0][-0.691779,0.299371,1.12894][-0.437637,0,0.899152][0.44931,0.175028,0][-0.691779,0.299371,1.12894][-0.437637,0,0.899152][0.44931,0.175028,0][-0.691779,0.138604,1.12894][-0.42953,-0.384665,0.817029][0.44931,0.148431,0][-0.565922,0.161801,1.12894][0.050239,-0.386723,0.920826][0.475906,0.148431,0][-0.319163,0.187082,1.12894][0.266205,-0.353072,0.896925][0.502503,0.148431,0][-0.319163,0.347849,1.12894][0.280404,0,0.959882][0.502503,0.175028,0][-0.565922,0.322567,1.12894][0,1.19209e-007,1][0.475906,0.175028,0][-0.565922,0.322567,1.12894][0,1.19209e-007,1][0.475906,0.175028,0][-0.565922,0.161801,1.12894][0.050239,-0.386723,0.920826][0.475906,0.148431,0][-0.319163,0.187082,1.12894][0.266205,-0.353072,0.896925][0.502503,0.148431,0][-0.319163,0.187082,1.06155][0.613834,-0.789415,-0.00555491][0.5291,0.148431,0][-0.319163,0.347849,1.06155][1,0,0][0.5291,0.175028,0][-0.319163,0.347849,1.12894][0.280404,0,0.959882][0.502503,0.175028,0][-0.319163,0.347849,1.12894][0.280404,0,0.959882][0.502503,0.175028,0][-0.319163,0.187082,1.12894][0.266205,-0.353072,0.896925][0.502503,0.148431,0][-0.319163,0.187082,1.06155][0.613834,-0.789415,-0.00555491][0.5291,0.148431,0][-0.675389,0.142137,1.00865][-0.679974,-0.450053,-0.578867][0.396115,0.148431,0][-0.675389,0.302904,1.00865][-0.781125,0,-0.624375][0.396115,0.175028,0][-0.477398,0.334207,0.791957][-0.780867,0,-0.624697][0.369518,0.175028,0][-0.477398,0.334207,0.791957][-0.780867,0,-0.624697][0.369518,0.175028,0][-0.477398,0.173441,0.791957][-0.53161,-0.682617,-0.501423][0.369518,0.148431,0][-0.675389,0.142137,1.00865][-0.679974,-0.450053,-0.578867][0.396115,0.148431,0][-0.341197,0.185638,0.79195][0.795231,-0.407939,0.448546][0.076952,0.148431,0][-0.341197,0.346405,0.79195][0.864001,0,0.503491][0.076952,0.175028,0][-0.524252,0.328467,1.00865][0.992915,0,-0.118828][0.050354,0.175028,0][-0.524252,0.328467,1.00865][0.992915,0,-0.118828][0.050354,0.175028,0][-0.524252,0.1677,1.00865][0.532912,-0.845353,-0.0371839][0.050354,0.148431,0][-0.341197,0.185638,0.79195][0.795231,-0.407939,0.448546][0.076952,0.148431,0][-0.591609,0.157756,0.527844][-0.148273,-0.489071,-0.859549][0.18334,0.148431,0][-0.591609,0.318523,0.527844][-0.217195,0,-0.976128][0.18334,0.175028,0][-0.471174,0.334904,0.52075][0.181346,0,-0.983419][0.156742,0.175028,0][-0.471174,0.334904,0.52075][0.181346,0,-0.983419][0.156742,0.175028,0][-0.471174,0.174137,0.52075][0.184293,-0.475066,-0.860435][0.156742,0.148431,0][-0.591609,0.157756,0.527844][-0.148273,-0.489071,-0.859549][0.18334,0.148431,0][-0.510338,0.169499,0.63708][-0.053171,-0.724017,0.68773][0.289727,0.148431,0][-0.510338,0.330266,0.63708][-0.245202,0,0.969472][0.289727,0.175028,0][-0.593839,0.318156,0.640849][0.245156,0,0.969484][0.263131,0.175028,0][-0.593839,0.318156,0.640849][0.245156,0,0.969484][0.263131,0.175028,0][-0.593839,0.15739,0.640849][0.316448,-0.617596,0.720025][0.263131,0.148431,0][-0.510338,0.169499,0.63708][-0.053171,-0.724017,0.68773][0.289727,0.148431,0][-0.685243,0.140033,0.572656][-0.756012,-0.459727,-0.465938][0.209936,0.148431,0][-0.685243,0.3008,0.572656][-0.840412,0,-0.541948][0.209936,0.175028,0][-0.591609,0.318523,0.527844][-0.217195,0,-0.976128][0.18334,0.175028,0][-0.591609,0.318523,0.527844][-0.217195,0,-0.976128][0.18334,0.175028,0][-0.591609,0.157756,0.527844][-0.148273,-0.489071,-0.859549][0.18334,0.148431,0][-0.685243,0.140033,0.572656][-0.756012,-0.459727,-0.465938][0.209936,0.148431,0][-0.686175,0.139831,0.685425][-0.564889,-0.407286,0.717648][0.236534,0.148431,0][-0.686175,0.300598,0.685425][-0.530907,0,0.84743][0.236534,0.175028,0][-0.685243,0.3008,0.572656][-0.840412,0,-0.541948][0.209936,0.175028,0][-0.685243,0.3008,0.572656][-0.840412,0,-0.541948][0.209936,0.175028,0][-0.685243,0.140033,0.572656][-0.756012,-0.459727,-0.465938][0.209936,0.148431,0][-0.686175,0.139831,0.685425][-0.564889,-0.407286,0.717648][0.236534,0.148431,0][-0.593839,0.15739,0.640849][0.316448,-0.617596,0.720025][0.263131,0.148431,0][-0.593839,0.318156,0.640849][0.245156,0,0.969484][0.263131,0.175028,0][-0.686175,0.300598,0.685425][-0.530907,0,0.84743][0.236534,0.175028,0][-0.686175,0.300598,0.685425][-0.530907,0,0.84743][0.236534,0.175028,0][-0.686175,0.139831,0.685425][-0.564889,-0.407286,0.717648][0.236534,0.148431,0][-0.593839,0.15739,0.640849][0.316448,-0.617596,0.720025][0.263131,0.148431,0][-0.477398,0.173441,0.791957][-0.53161,-0.682617,-0.501423][0.369518,0.148431,0][-0.477398,0.334207,0.791957][-0.780867,0,-0.624697][0.369518,0.175028,0][-0.436913,0.338481,0.713491][-0.953362,0,-0.301829][0.342921,0.175028,0][-0.436913,0.338481,0.713491][-0.953362,0,-0.301829][0.342921,0.175028,0][-0.436913,0.177714,0.713491][-0.517644,-0.833864,-0.191612][0.342921,0.148431,0][-0.477398,0.173441,0.791957][-0.53161,-0.682617,-0.501423][0.369518,0.148431,0][-0.316736,0.187233,0.657148][0.914796,-0.368066,-0.166363][0.103549,0.148431,0][-0.316736,0.348,0.657148][0.98436,0,-0.176169][0.103549,0.175028,0][-0.341197,0.346405,0.79195][0.864001,0,0.503491][0.076952,0.175028,0][-0.341197,0.346405,0.79195][0.864001,0,0.503491][0.076952,0.175028,0][-0.341197,0.185638,0.79195][0.795231,-0.407939,0.448546][0.076952,0.148431,0][-0.316736,0.187233,0.657148][0.914796,-0.368066,-0.166363][0.103549,0.148431,0][-0.471174,0.174137,0.52075][0.184293,-0.475066,-0.860435][0.156742,0.148431,0][-0.471174,0.334904,0.52075][0.181346,0,-0.983419][0.156742,0.175028,0][-0.38321,0.343276,0.562368][0.669945,0,-0.74241][0.130145,0.175028,0][-0.38321,0.343276,0.562368][0.669945,0,-0.74241][0.130145,0.175028,0][-0.38321,0.182509,0.562368][0.610659,-0.439505,-0.658734][0.130145,0.148431,0][-0.471174,0.174137,0.52075][0.184293,-0.475066,-0.860435][0.156742,0.148431,0][-0.440315,0.177378,0.676072][-0.345857,-0.841641,0.414756][0.316324,0.148431,0][-0.440315,0.338145,0.676072][-0.731887,0,0.681426][0.316324,0.175028,0][-0.510338,0.330266,0.63708][-0.245202,0,0.969472][0.289727,0.175028,0][-0.510338,0.330266,0.63708][-0.245202,0,0.969472][0.289727,0.175028,0][-0.510338,0.169499,0.63708][-0.053171,-0.724017,0.68773][0.289727,0.148431,0][-0.440315,0.177378,0.676072][-0.345857,-0.841641,0.414756][0.316324,0.148431,0][-0.436913,0.177714,0.713491][-0.517644,-0.833864,-0.191612][0.342921,0.148431,0][-0.436913,0.338481,0.713491][-0.953362,0,-0.301829][0.342921,0.175028,0][-0.440315,0.338145,0.676072][-0.731887,0,0.681426][0.316324,0.175028,0][-0.440315,0.338145,0.676072][-0.731887,0,0.681426][0.316324,0.175028,0][-0.440315,0.177378,0.676072][-0.345857,-0.841641,0.414756][0.316324,0.148431,0][-0.436913,0.177714,0.713491][-0.517644,-0.833864,-0.191612][0.342921,0.148431,0][-0.38321,0.182509,0.562368][0.610659,-0.439505,-0.658734][0.130145,0.148431,0][-0.38321,0.343276,0.562368][0.669945,0,-0.74241][0.130145,0.175028,0][-0.316736,0.348,0.657148][0.98436,0,-0.176169][0.103549,0.175028,0][-0.316736,0.348,0.657148][0.98436,0,-0.176169][0.103549,0.175028,0][-0.316736,0.187233,0.657148][0.914796,-0.368066,-0.166363][0.103549,0.148431,0][-0.38321,0.182509,0.562368][0.610659,-0.439505,-0.658734][0.130145,0.148431,0][0.311206,0.188274,0.908375][0.818274,-0.574828,0][0.89427,0.226996,0][0.198084,0.193318,0.908375][-0.834195,-0.551469,0][0.89427,0.205124,0][0.198084,0.193318,0.79809][-0.830319,-0.55718,0.0110111][0.91871,0.205124,0][0.198084,0.193318,0.79809][-0.830319,-0.55718,0.0110111][0.91871,0.205124,0][0.311206,0.188274,0.79809][0.815555,-0.578679,4.8069e-005][0.91871,0.226996,0][0.311206,0.188274,0.908375][0.818274,-0.574828,0][0.89427,0.226996,0][0.311206,0.188274,1.12894][0.626227,-0.439917,0.643671][0.845391,0.226996,0][0.198084,0.193318,1.12894][-0.634353,-0.419357,0.649412][0.84539,0.205124,0][0.198084,0.193318,1.01866][-0.834196,-0.551469,0][0.86983,0.205124,0][0.198084,0.193318,1.01866][-0.834196,-0.551469,0][0.86983,0.205124,0][0.311206,0.188274,1.01866][0.818274,-0.574828,0][0.86983,0.226997,0][0.311206,0.188274,1.12894][0.626227,-0.439917,0.643671][0.845391,0.226996,0][0.311206,0.188274,1.01866][0.818274,-0.574828,0][0.86983,0.226997,0][0.198084,0.193318,1.01866][-0.834196,-0.551469,0][0.86983,0.205124,0][0.198084,0.193318,0.908375][-0.834195,-0.551469,0][0.89427,0.205124,0][0.198084,0.193318,0.908375][-0.834195,-0.551469,0][0.89427,0.205124,0][0.311206,0.188274,0.908375][0.818274,-0.574828,0][0.89427,0.226996,0][0.311206,0.188274,1.01866][0.818274,-0.574828,0][0.86983,0.226997,0][0.191394,0.193532,0.556698][-0.416602,-0.651767,-0.633753][0.972204,0.203831,0][0.194739,0.193426,0.662682][-0.429701,-0.86585,0.256244][0.948717,0.204477,0][0.131487,0.195081,0.69737][0.320027,-0.469665,0.822798][0.94103,0.192248,0][0.131487,0.195081,0.69737][0.320027,-0.469665,0.822798][0.94103,0.192248,0][0.131487,0.195081,0.589069][-0.365048,-0.523505,-0.769859][0.96503,0.192248,0][0.191394,0.193532,0.556698][-0.416602,-0.651767,-0.633753][0.972204,0.203831,0][0.131487,0.195081,0.69737][0.320027,-0.469665,0.822798][0.94103,0.192248,0][0.071581,0.196005,0.711728][-0.783128,-0.290594,0.549788][0.937848,0.180665,0][0.071581,0.196005,0.61158][-0.851539,-0.318333,-0.416587][0.960041,0.180665,0][0.071581,0.196005,0.61158][-0.851539,-0.318333,-0.416587][0.960041,0.180665,0][0.131487,0.195081,0.589069][-0.365048,-0.523505,-0.769859][0.96503,0.192248,0][0.131487,0.195081,0.69737][0.320027,-0.469665,0.822798][0.94103,0.192248,0][0.311206,0.188274,0.79809][0.815555,-0.578679,4.8069e-005][0.91871,0.226996,0][0.198084,0.193318,0.79809][-0.830319,-0.55718,0.0110111][0.91871,0.205124,0][0.194739,0.193426,0.662682][-0.429701,-0.86585,0.256244][0.948717,0.204477,0][0.194739,0.193426,0.662682][-0.429701,-0.86585,0.256244][0.948717,0.204477,0][0.311206,0.188274,0.663509][0.811977,-0.58369,9.80696e-005][0.948534,0.226996,0][0.311206,0.188274,0.79809][0.815555,-0.578679,4.8069e-005][0.91871,0.226996,0][0.311206,0.188274,0.522379][0.394402,-0.240661,-0.886865][0.979809,0.226997,0][0.311206,0.188274,0.554046][0.822677,-0.568508,-0.000731932][0.972791,0.226996,0][0.191394,0.193532,0.556698][-0.416602,-0.651767,-0.633753][0.972204,0.203831,0][0.191394,0.193532,0.556698][-0.416602,-0.651767,-0.633753][0.972204,0.203831,0][0.239846,0.191778,0.522379][-0.269965,-0.232684,-0.934332][0.979809,0.213199,0][0.311206,0.188274,0.522379][0.394402,-0.240661,-0.886865][0.979809,0.226997,0][0.311206,0.188274,0.663509][0.811977,-0.58369,9.80696e-005][0.948534,0.226996,0][0.194739,0.193426,0.662682][-0.429701,-0.86585,0.256244][0.948717,0.204477,0][0.191394,0.193532,0.556698][-0.416602,-0.651767,-0.633753][0.972204,0.203831,0][0.191394,0.193532,0.556698][-0.416602,-0.651767,-0.633753][0.972204,0.203831,0][0.311206,0.188274,0.554046][0.822677,-0.568508,-0.000731932][0.972791,0.226996,0][0.311206,0.188274,0.663509][0.811977,-0.58369,9.80696e-005][0.948534,0.226996,0][0.311206,0.354349,0.663509][0.726281,0.687398,0][0.411737,0.920907,0][0.303291,0.362712,0.663509][0.726281,0.687398,0][0.407689,0.921377,0][0.303291,0.362712,0.79809][0.726281,0.687398,0][0.40559,0.86799,0][0.303291,0.362712,0.79809][0.726281,0.687398,0][0.40559,0.86799,0][0.311206,0.354349,0.79809][0.726281,0.687398,0][0.409653,0.868667,0][0.311206,0.354349,0.663509][0.726281,0.687398,0][0.411737,0.920907,0][0.303291,0.362712,0.908375][0.726282,0.687397,0][0.404127,0.824036,0][0.311206,0.354349,0.908375][0.726282,0.687397,0][0.408153,0.82518,0][0.311206,0.354349,0.79809][0.726281,0.687398,0][0.409653,0.868667,0][0.311206,0.354349,0.79809][0.726281,0.687398,0][0.409653,0.868667,0][0.303291,0.362712,0.79809][0.726281,0.687398,0][0.40559,0.86799,0][0.303291,0.362712,0.908375][0.726282,0.687397,0][0.404127,0.824036,0][0.311206,0.354349,0.554046][0.726281,0.687398,0][0.41565,0.963326,0][0.303291,0.362712,0.554046][0.726281,0.687398,0][0.41172,0.964972,0][0.303291,0.362712,0.663509][0.726281,0.687398,0][0.407689,0.921377,0][0.303291,0.362712,0.663509][0.726281,0.687398,0][0.407689,0.921377,0][0.311206,0.354349,0.663509][0.726281,0.687398,0][0.411737,0.920907,0][0.311206,0.354349,0.554046][0.726281,0.687398,0][0.41565,0.963326,0][0.311206,0.354349,1.01866][0.726281,0.687398,0][0.406443,0.781353,0][0.303291,0.362712,1.01866][0.726281,0.687398,0][0.402434,0.779982,0][0.303291,0.362712,1.12103][0.726281,0.687398,0][0.402932,0.740077,0][0.303291,0.362712,1.12103][0.726281,0.687398,0][0.402932,0.740077,0][0.311206,0.354349,1.12894][0.726281,0.687398,0][0.40681,0.736278,0][0.311206,0.354349,1.01866][0.726281,0.687398,0][0.406443,0.781353,0][0.206,0.367043,1.12103][0.031309,0.702693,0.710804][0.364457,0.740602,0][0.198084,0.359392,1.12894][0.031309,0.702693,0.710804][0.360555,0.736869,0][0.311206,0.354349,1.12894][0.031309,0.702693,0.710804][0.40681,0.736278,0][0.311206,0.354349,1.12894][0.031309,0.702693,0.710804][0.40681,0.736278,0][0.303291,0.362712,1.12103][0.031309,0.702693,0.710804][0.402932,0.740077,0][0.206,0.367043,1.12103][0.031309,0.702693,0.710804][0.364457,0.740602,0][0.311206,0.354349,0.908375][0.726282,0.687397,0][0.408153,0.82518,0][0.303291,0.362712,0.908375][0.726282,0.687397,0][0.404127,0.824036,0][0.303291,0.362712,1.01866][0.726281,0.687398,0][0.402434,0.779982,0][0.303291,0.362712,1.01866][0.726281,0.687398,0][0.402434,0.779982,0][0.311206,0.354349,1.01866][0.726281,0.687398,0][0.406443,0.781353,0][0.311206,0.354349,0.908375][0.726282,0.687397,0][0.408153,0.82518,0][0.206,0.367043,1.01866][-0.694974,0.719035,0][0.366706,0.781708,0][0.198084,0.359392,1.01866][-0.694974,0.719035,0][0.362872,0.780589,0][0.198084,0.359392,1.12894][-0.694974,0.719035,0][0.360555,0.736869,0][0.198084,0.359392,1.12894][-0.694974,0.719035,0][0.360555,0.736869,0][0.206,0.367043,1.12103][-0.694974,0.719035,0][0.364457,0.740602,0][0.206,0.367043,1.01866][-0.694974,0.719035,0][0.366706,0.781708,0][0.206,0.367043,0.908375][-0.694974,0.719035,0][0.368175,0.825808,0][0.198084,0.359392,0.908375][-0.694974,0.719035,0][0.364389,0.824521,0][0.198084,0.359392,1.01866][-0.694974,0.719035,0][0.362872,0.780589,0][0.198084,0.359392,1.01866][-0.694974,0.719035,0][0.362872,0.780589,0][0.206,0.367043,1.01866][-0.694974,0.719035,0][0.366706,0.781708,0][0.206,0.367043,0.908375][-0.694974,0.719035,0][0.368175,0.825808,0][0.206,0.367043,0.797993][-0.694943,0.718995,0.00999391][0.369515,0.869173,0][0.198084,0.359392,0.79809][-0.694943,0.718995,0.00998991][0.365659,0.869648,0][0.198084,0.359392,0.908375][-0.694974,0.719035,0][0.364389,0.824521,0][0.198084,0.359392,0.908375][-0.694974,0.719035,0][0.364389,0.824521,0][0.206,0.367043,0.908375][-0.694974,0.719035,0][0.368175,0.825808,0][0.206,0.367043,0.797993][-0.694943,0.718995,0.00999391][0.369515,0.869173,0][0.202332,0.367167,0.64949][-0.694871,0.718915,0.0177539][0.370449,0.92962,0][0.194739,0.3595,0.662682][-0.694871,0.718915,0.0177539][0.366806,0.923799,0][0.198084,0.359392,0.79809][-0.694943,0.718995,0.00998991][0.365659,0.869648,0][0.198084,0.359392,0.79809][-0.694943,0.718995,0.00998991][0.365659,0.869648,0][0.206,0.367043,0.797993][-0.694943,0.718995,0.00999391][0.369515,0.869173,0][0.202332,0.367167,0.64949][-0.694871,0.718915,0.0177539][0.370449,0.92962,0][0.071581,0.36208,0.711728][-0.703144,0.711047,0][0.316875,0.903151,0][0.079497,0.369908,0.70169][-0.703144,0.711047,0][0.320707,0.907886,0][0.079497,0.369908,0.617062][-0.703144,0.711047,0][0.322896,0.941934,0][0.079497,0.369908,0.617062][-0.703144,0.711047,0][0.322896,0.941934,0][0.071581,0.36208,0.61158][-0.703144,0.711047,0][0.319294,0.944791,0][0.071581,0.36208,0.711728][-0.703144,0.711047,0][0.316875,0.903151,0][0.134777,0.369003,0.596289][-0.28096,0.710841,-0.644799][0.344915,0.948249,0][0.131487,0.361155,0.589069][-0.281648,0.710865,-0.644472][0.344646,0.952349,0][0.071581,0.36208,0.61158][-0.238333,0.708564,-0.66418][0.319294,0.944791,0][0.071581,0.36208,0.61158][-0.238333,0.708564,-0.66418][0.319294,0.944791,0][0.079497,0.369908,0.617062][-0.238333,0.708564,-0.66418][0.322896,0.941934,0][0.134777,0.369003,0.596289][-0.28096,0.710841,-0.644799][0.344915,0.948249,0][0.131487,0.361155,0.69737][0.28265,0.707523,0.647704][0.342245,0.910663,0][0.128611,0.36913,0.689919][0.281131,0.707548,0.648338][0.339235,0.913684,0][0.079497,0.369908,0.70169][0.175752,0.704689,0.687405][0.320707,0.907886,0][0.079497,0.369908,0.70169][0.175752,0.704689,0.687405][0.320707,0.907886,0][0.071581,0.36208,0.711728][0.175752,0.704689,0.687405][0.316875,0.903151,0][0.131487,0.361155,0.69737][0.28265,0.707523,0.647704][0.342245,0.910663,0][0.194739,0.3595,0.662682][0.355705,0.704,0.614702][0.366806,0.923799,0][0.202332,0.367167,0.64949][0.355705,0.704,0.614702][0.370449,0.92962,0][0.128611,0.36913,0.689919][0.281131,0.707548,0.648338][0.339235,0.913684,0][0.128611,0.36913,0.689919][0.281131,0.707548,0.648338][0.339235,0.913684,0][0.131487,0.361155,0.69737][0.28265,0.707523,0.647704][0.342245,0.910663,0][0.194739,0.3595,0.662682][0.355705,0.704,0.614702][0.366806,0.923799,0][0.131487,0.361155,0.589069][-0.281648,0.710865,-0.644472][0.344646,0.952349,0][0.134777,0.369003,0.596289][-0.28096,0.710841,-0.644799][0.344915,0.948249,0][0.195579,0.367389,0.563435][-0.350312,0.713352,-0.606968][0.368894,0.961914,0][0.195579,0.367389,0.563435][-0.350312,0.713352,-0.606968][0.368894,0.961914,0][0.191394,0.359606,0.556698][-0.351104,0.713386,-0.606471][0.368781,0.966051,0][0.131487,0.361155,0.589069][-0.281648,0.710865,-0.644472][0.344646,0.952349,0][0.242365,0.365664,0.530295][-0.169085,0.727084,-0.665402][0.389645,0.973542,0][0.239846,0.357853,0.522379][-0.161355,0.726818,-0.667608][0.388468,0.977461,0][0.191394,0.359606,0.556698][-0.351104,0.713386,-0.606471][0.368781,0.966051,0][0.191394,0.359606,0.556698][-0.351104,0.713386,-0.606471][0.368781,0.966051,0][0.195579,0.367389,0.563435][-0.350312,0.713352,-0.606968][0.368894,0.961914,0][0.242365,0.365664,0.530295][-0.169085,0.727084,-0.665402][0.389645,0.973542,0][0.303291,0.362712,0.530295][0.034407,0.704917,-0.708455][0.414077,0.973439,0][0.311206,0.354349,0.522379][0.034407,0.704917,-0.708455][0.41841,0.976885,0][0.239846,0.357853,0.522379][-0.161355,0.726818,-0.667608][0.388468,0.977461,0][0.239846,0.357853,0.522379][-0.161355,0.726818,-0.667608][0.388468,0.977461,0][0.242365,0.365664,0.530295][-0.169085,0.727084,-0.665402][0.389645,0.973542,0][0.303291,0.362712,0.530295][0.034407,0.704917,-0.708455][0.414077,0.973439,0][0.303291,0.362712,0.554046][0.726281,0.687398,0][0.41172,0.964972,0][0.311206,0.354349,0.554046][0.726281,0.687398,0][0.41565,0.963326,0][0.311206,0.354349,0.522379][0.726281,0.687398,0][0.41841,0.976885,0][0.311206,0.354349,0.522379][0.726281,0.687398,0][0.41841,0.976885,0][0.303291,0.362712,0.530295][0.72628,0.687398,0][0.414077,0.973439,0][0.303291,0.362712,0.554046][0.726281,0.687398,0][0.41172,0.964972,0][0.303291,0.362712,0.908375][0.044475,0.999011,0][0.404127,0.824036,0][0.303291,0.362712,0.79809][0.04437,0.999015,-7.71191e-005][0.40559,0.86799,0][0.206,0.367043,0.797993][0.044369,0.999015,-7.81191e-005][0.369515,0.869173,0][0.206,0.367043,0.797993][0.044369,0.999015,-7.81191e-005][0.369515,0.869173,0][0.206,0.367043,0.908375][0.044475,0.999011,0][0.368175,0.825808,0][0.303291,0.362712,0.908375][0.044475,0.999011,0][0.404127,0.824036,0][0.303291,0.362712,1.12103][0.044475,0.999011,0][0.402932,0.740077,0][0.303291,0.362712,1.01866][0.044475,0.999011,0][0.402434,0.779982,0][0.206,0.367043,1.01866][0.044475,0.999011,0][0.366706,0.781708,0][0.206,0.367043,1.01866][0.044475,0.999011,0][0.366706,0.781708,0][0.206,0.367043,1.12103][0.044475,0.999011,0][0.364457,0.740602,0][0.303291,0.362712,1.12103][0.044475,0.999011,0][0.402932,0.740077,0][0.303291,0.362712,1.01866][0.044475,0.999011,0][0.402434,0.779982,0][0.303291,0.362712,0.908375][0.044475,0.999011,0][0.404127,0.824036,0][0.206,0.367043,0.908375][0.044475,0.999011,0][0.368175,0.825808,0][0.206,0.367043,0.908375][0.044475,0.999011,0][0.368175,0.825808,0][0.206,0.367043,1.01866][0.044475,0.999011,0][0.366706,0.781708,0][0.303291,0.362712,1.01866][0.044475,0.999011,0][0.402434,0.779982,0][0.195579,0.367389,0.563435][0.038965,0.999241,0.000237881][0.368894,0.961914,0][0.134777,0.369003,0.596289][0.023697,0.999719,0.000269881][0.344915,0.948249,0][0.128611,0.36913,0.689919][0.020512,0.99979,9.28808e-005][0.339235,0.913684,0][0.128611,0.36913,0.689919][0.020512,0.99979,9.28808e-005][0.339235,0.913684,0][0.202332,0.367167,0.64949][0.039873,0.999205,-8.41191e-005][0.370449,0.92962,0][0.195579,0.367389,0.563435][0.038965,0.999241,0.000237881][0.368894,0.961914,0][0.128611,0.36913,0.689919][0.020512,0.99979,9.28808e-005][0.339235,0.913684,0][0.134777,0.369003,0.596289][0.023697,0.999719,0.000269881][0.344915,0.948249,0][0.079497,0.369908,0.617062][0.016067,0.999871,-0.000155119][0.322896,0.941934,0][0.079497,0.369908,0.617062][0.016067,0.999871,-0.000155119][0.322896,0.941934,0][0.079497,0.369908,0.70169][0.016067,0.999871,-0.000155119][0.320707,0.907886,0][0.128611,0.36913,0.689919][0.020512,0.99979,9.28808e-005][0.339235,0.913684,0][0.303291,0.362712,0.79809][0.04437,0.999015,-7.71191e-005][0.40559,0.86799,0][0.303291,0.362712,0.663509][0.044079,0.999028,-0.000227119][0.407689,0.921377,0][0.202332,0.367167,0.64949][0.039873,0.999205,-8.41191e-005][0.370449,0.92962,0][0.202332,0.367167,0.64949][0.039873,0.999205,-8.41191e-005][0.370449,0.92962,0][0.206,0.367043,0.797993][0.044369,0.999015,-7.81191e-005][0.369515,0.869173,0][0.303291,0.362712,0.79809][0.04437,0.999015,-7.71191e-005][0.40559,0.86799,0][0.303291,0.362712,0.530295][0.045599,0.998934,0.00721288][0.414077,0.973439,0][0.242365,0.365664,0.530295][0.045599,0.998934,0.00721288][0.389645,0.973542,0][0.195579,0.367389,0.563435][0.038965,0.999241,0.000237881][0.368894,0.961914,0][0.195579,0.367389,0.563435][0.038965,0.999241,0.000237881][0.368894,0.961914,0][0.303291,0.362712,0.554046][0.044108,0.999026,0.00114588][0.41172,0.964972,0][0.303291,0.362712,0.530295][0.045599,0.998934,0.00721288][0.414077,0.973439,0][0.303291,0.362712,0.663509][0.044079,0.999028,-0.000227119][0.407689,0.921377,0][0.303291,0.362712,0.554046][0.044108,0.999026,0.00114588][0.41172,0.964972,0][0.195579,0.367389,0.563435][0.038965,0.999241,0.000237881][0.368894,0.961914,0][0.195579,0.367389,0.563435][0.038965,0.999241,0.000237881][0.368894,0.961914,0][0.202332,0.367167,0.64949][0.039873,0.999205,-8.41191e-005][0.370449,0.92962,0][0.303291,0.362712,0.663509][0.044079,0.999028,-0.000227119][0.407689,0.921377,0][0.198084,0.193318,0.908375][-0.834195,-0.551469,0][0.29063,0.223304,0][0.198084,0.359392,0.908375][-1,0,0][0.29063,0.249999,0][0.198084,0.359392,0.79809][-0.999907,0,0.013616][0.263935,0.249999,0][0.198084,0.359392,0.79809][-0.999907,0,0.013616][0.263935,0.249999,0][0.198084,0.193318,0.79809][-0.830319,-0.55718,0.0110111][0.263935,0.223304,0][0.198084,0.193318,0.908375][-0.834195,-0.551469,0][0.29063,0.223304,0][0.311206,0.188274,0.79809][0.815555,-0.578679,4.8069e-005][0.450799,0.223304,0][0.311206,0.354349,0.79809][1,0,0][0.450799,0.249999,0][0.311206,0.354349,0.908375][1,0,0][0.424104,0.249999,0][0.311206,0.354349,0.908375][1,0,0][0.424104,0.249999,0][0.311206,0.188274,0.908375][0.818274,-0.574828,0][0.424104,0.223304,0][0.311206,0.188274,0.79809][0.815555,-0.578679,4.8069e-005][0.450799,0.223304,0][0.198084,0.193318,1.12894][-0.634353,-0.419357,0.649412][0.344019,0.223304,0][0.198084,0.359392,1.12894][-0.708296,0,0.705916][0.344019,0.249999,0][0.198084,0.359392,1.01866][-1,0,0][0.317324,0.249999,0][0.198084,0.359392,1.01866][-1,0,0][0.317324,0.249999,0][0.198084,0.193318,1.01866][-0.834196,-0.551469,0][0.317324,0.223304,0][0.198084,0.193318,1.12894][-0.634353,-0.419357,0.649412][0.344019,0.223304,0][0.311206,0.188274,1.12894][0.626227,-0.439917,0.643671][0.370714,0.223304,0][0.311206,0.354349,1.12894][0.687994,0,0.725716][0.370714,0.249999,0][0.198084,0.359392,1.12894][-0.708296,0,0.705916][0.344019,0.249999,0][0.198084,0.359392,1.12894][-0.708296,0,0.705916][0.344019,0.249999,0][0.198084,0.193318,1.12894][-0.634353,-0.419357,0.649412][0.344019,0.223304,0][0.311206,0.188274,1.12894][0.626227,-0.439917,0.643671][0.370714,0.223304,0][0.311206,0.188274,1.01866][0.818274,-0.574828,0][0.397409,0.223304,0][0.311206,0.354349,1.01866][1,0,0][0.397409,0.249999,0][0.311206,0.354349,1.12894][0.687994,0,0.725716][0.370714,0.249999,0][0.311206,0.354349,1.12894][0.687994,0,0.725716][0.370714,0.249999,0][0.311206,0.188274,1.12894][0.626227,-0.439917,0.643671][0.370714,0.223304,0][0.311206,0.188274,1.01866][0.818274,-0.574828,0][0.397409,0.223304,0][0.198084,0.193318,1.01866][-0.834196,-0.551469,0][0.317324,0.223304,0][0.198084,0.359392,1.01866][-1,0,0][0.317324,0.249999,0][0.198084,0.359392,0.908375][-1,0,0][0.29063,0.249999,0][0.198084,0.359392,0.908375][-1,0,0][0.29063,0.249999,0][0.198084,0.193318,0.908375][-0.834195,-0.551469,0][0.29063,0.223304,0][0.198084,0.193318,1.01866][-0.834196,-0.551469,0][0.317324,0.223304,0][0.311206,0.188274,0.908375][0.818274,-0.574828,0][0.424104,0.223304,0][0.311206,0.354349,0.908375][1,0,0][0.424104,0.249999,0][0.311206,0.354349,1.01866][1,0,0][0.397409,0.249999,0][0.311206,0.354349,1.01866][1,0,0][0.397409,0.249999,0][0.311206,0.188274,1.01866][0.818274,-0.574828,0][0.397409,0.223304,0][0.311206,0.188274,0.908375][0.818274,-0.574828,0][0.424104,0.223304,0][0.194739,0.193426,0.662682][-0.429701,-0.86585,0.256244][0.23724,0.223304,0][0.194739,0.3595,0.662682][-0.829153,0,0.559022][0.23724,0.249999,0][0.131487,0.361155,0.69737][0.368481,0,0.929635][0.210545,0.249998,0][0.131487,0.361155,0.69737][0.368481,0,0.929635][0.210545,0.249998,0][0.131487,0.195081,0.69737][0.320027,-0.469665,0.822798][0.210545,0.223304,0][0.194739,0.193426,0.662682][-0.429701,-0.86585,0.256244][0.23724,0.223304,0][0.131487,0.195081,0.589069][-0.365048,-0.523505,-0.769859][0.130461,0.223304,0][0.131487,0.361155,0.589069][-0.415718,0,-0.909494][0.130461,0.249999,0][0.191394,0.359606,0.556698][-0.523285,0,-0.852158][0.103766,0.249999,0][0.191394,0.359606,0.556698][-0.523285,0,-0.852158][0.103766,0.249999,0][0.191394,0.193532,0.556698][-0.416602,-0.651767,-0.633753][0.103766,0.223304,0][0.131487,0.195081,0.589069][-0.365048,-0.523505,-0.769859][0.130461,0.223304,0][0.071581,0.196005,0.711728][-0.783128,-0.290594,0.549788][0.18385,0.223304,0][0.071581,0.36208,0.711728][-0.822883,0,0.568212][0.18385,0.249999,0][0.071581,0.36208,0.61158][-0.899858,0,-0.436182][0.157155,0.249999,0][0.071581,0.36208,0.61158][-0.899858,0,-0.436182][0.157155,0.249999,0][0.071581,0.196005,0.61158][-0.851539,-0.318333,-0.416587][0.157155,0.223304,0][0.071581,0.196005,0.711728][-0.783128,-0.290594,0.549788][0.18385,0.223304,0][0.131487,0.195081,0.69737][0.320027,-0.469665,0.822798][0.210545,0.223304,0][0.131487,0.361155,0.69737][0.368481,0,0.929635][0.210545,0.249998,0][0.071581,0.36208,0.711728][-0.822883,0,0.568212][0.18385,0.249999,0][0.071581,0.36208,0.711728][-0.822883,0,0.568212][0.18385,0.249999,0][0.071581,0.196005,0.711728][-0.783128,-0.290594,0.549788][0.18385,0.223304,0][0.131487,0.195081,0.69737][0.320027,-0.469665,0.822798][0.210545,0.223304,0][0.071581,0.196005,0.61158][-0.851539,-0.318333,-0.416587][0.157155,0.223304,0][0.071581,0.36208,0.61158][-0.899858,0,-0.436182][0.157155,0.249999,0][0.131487,0.361155,0.589069][-0.415718,0,-0.909494][0.130461,0.249999,0][0.131487,0.361155,0.589069][-0.415718,0,-0.909494][0.130461,0.249999,0][0.131487,0.195081,0.589069][-0.365048,-0.523505,-0.769859][0.130461,0.223304,0][0.071581,0.196005,0.61158][-0.851539,-0.318333,-0.416587][0.157155,0.223304,0][0.198084,0.193318,0.79809][-0.830319,-0.55718,0.0110111][0.263935,0.223304,0][0.198084,0.359392,0.79809][-0.999907,0,0.013616][0.263935,0.249999,0][0.194739,0.3595,0.662682][-0.829153,0,0.559022][0.23724,0.249999,0][0.194739,0.3595,0.662682][-0.829153,0,0.559022][0.23724,0.249999,0][0.194739,0.193426,0.662682][-0.429701,-0.86585,0.256244][0.23724,0.223304,0][0.198084,0.193318,0.79809][-0.830319,-0.55718,0.0110111][0.263935,0.223304,0][0.311206,0.188274,0.663509][0.811977,-0.58369,9.80696e-005][0.477493,0.223305,0][0.311206,0.354349,0.663509][1,0,0][0.477493,0.249999,0][0.311206,0.354349,0.79809][1,0,0][0.450799,0.249999,0][0.311206,0.354349,0.79809][1,0,0][0.450799,0.249999,0][0.311206,0.188274,0.79809][0.815555,-0.578679,4.8069e-005][0.450799,0.223304,0][0.311206,0.188274,0.663509][0.811977,-0.58369,9.80696e-005][0.477493,0.223305,0][0.311206,0.188274,0.522379][0.394402,-0.240661,-0.886865][0.530883,0.223305,0][0.311206,0.354349,0.522379][0.395274,0,-0.918563][0.530883,0.249999,0][0.311206,0.354349,0.554046][1,0,0][0.504188,0.249999,0][0.311206,0.354349,0.554046][1,0,0][0.504188,0.249999,0][0.311206,0.188274,0.554046][0.822677,-0.568508,-0.000731932][0.504188,0.223305,0][0.311206,0.188274,0.522379][0.394402,-0.240661,-0.886865][0.530883,0.223305,0][0.239846,0.191778,0.522379][-0.269965,-0.232684,-0.934332][0.077071,0.223304,0][0.239846,0.357853,0.522379][-0.283006,0,-0.959118][0.077071,0.249999,0][0.311206,0.354349,0.522379][0.395274,0,-0.918563][0.050376,0.249999,0][0.311206,0.354349,0.522379][0.395274,0,-0.918563][0.050376,0.249999,0][0.311206,0.188274,0.522379][0.394402,-0.240661,-0.886865][0.050376,0.223304,0][0.239846,0.191778,0.522379][-0.269965,-0.232684,-0.934332][0.077071,0.223304,0][0.191394,0.193532,0.556698][-0.416602,-0.651767,-0.633753][0.103766,0.223304,0][0.191394,0.359606,0.556698][-0.523285,0,-0.852158][0.103766,0.249999,0][0.239846,0.357853,0.522379][-0.283006,0,-0.959118][0.077071,0.249999,0][0.239846,0.357853,0.522379][-0.283006,0,-0.959118][0.077071,0.249999,0][0.239846,0.191778,0.522379][-0.269965,-0.232684,-0.934332][0.077071,0.223304,0][0.191394,0.193532,0.556698][-0.416602,-0.651767,-0.633753][0.103766,0.223304,0][0.311206,0.188274,0.554046][0.822677,-0.568508,-0.000731932][0.504188,0.223305,0][0.311206,0.354349,0.554046][1,0,0][0.504188,0.249999,0][0.311206,0.354349,0.663509][1,0,0][0.477493,0.249999,0][0.311206,0.354349,0.663509][1,0,0][0.477493,0.249999,0][0.311206,0.188274,0.663509][0.811977,-0.58369,9.80696e-005][0.477493,0.223305,0][0.311206,0.188274,0.554046][0.822677,-0.568508,-0.000731932][0.504188,0.223305,0][0.048166,0.196206,0.826042][0.940898,-0.338689,0][0.912516,0.176138,0][-0.040045,0.19618,0.826042][-0.746075,-0.665862,0][0.912515,0.159082,0][-0.051863,0.196082,0.751893][-0.670687,-0.70478,0.231224][0.928947,0.156797,0][-0.051863,0.196082,0.751893][-0.670687,-0.70478,0.231224][0.928947,0.156797,0][0.02453,0.19632,0.677743][0.883165,-0.358169,-0.302877][0.945379,0.171567,0][0.048166,0.196206,0.826042][0.940898,-0.338689,0][0.912516,0.176138,0][0.02453,0.19632,0.677743][0.883165,-0.358169,-0.302877][0.945379,0.171567,0][-0.051863,0.196082,0.751893][-0.670687,-0.70478,0.231224][0.928947,0.156797,0][-0.084151,0.1957,0.697612][-0.40813,-0.805078,0.43044][0.940976,0.150554,0][-0.084151,0.1957,0.697612][-0.40813,-0.805078,0.43044][0.940976,0.150554,0][-0.040045,0.19618,0.569181][0.637778,-0.407366,-0.653676][0.969437,0.159081,0][0.02453,0.19632,0.677743][0.883165,-0.358169,-0.302877][0.945379,0.171567,0][-0.040045,0.19618,0.569181][0.637778,-0.407366,-0.653676][0.969437,0.159081,0][-0.084151,0.1957,0.697612][-0.40813,-0.805078,0.43044][0.940976,0.150554,0][-0.128257,0.194897,0.677743][0.022161,-0.864733,0.501742][0.945379,0.142026,0][-0.128257,0.194897,0.677743][0.022161,-0.864733,0.501742][0.945379,0.142026,0][-0.128257,0.194897,0.529445][0.004575,-0.439722,-0.898122][0.978243,0.142026,0][-0.040045,0.19618,0.569181][0.637778,-0.407366,-0.653676][0.969437,0.159081,0][-0.128257,0.194897,0.529445][0.004575,-0.439722,-0.898122][0.978243,0.142026,0][-0.128257,0.194897,0.677743][0.022161,-0.864733,0.501742][0.945379,0.142026,0][-0.172362,0.193751,0.697612][0.440209,-0.793328,0.420533][0.940976,0.133498,0][-0.172362,0.193751,0.697612][0.440209,-0.793328,0.420533][0.940976,0.133498,0][-0.216468,0.192237,0.569181][-0.630634,-0.412992,-0.657068][0.969437,0.12497,0][-0.128257,0.194897,0.529445][0.004575,-0.439722,-0.898122][0.978243,0.142026,0][-0.216468,0.192237,0.569181][-0.630634,-0.412992,-0.657068][0.969437,0.12497,0][-0.172362,0.193751,0.697612][0.440209,-0.793328,0.420533][0.940976,0.133498,0][-0.20465,0.19268,0.751893][0.687694,-0.690485,0.224295][0.928947,0.127255,0][-0.20465,0.19268,0.751893][0.687694,-0.690485,0.224295][0.928947,0.127255,0][-0.281044,0.189283,0.677743][-0.879444,-0.364961,-0.305584][0.945379,0.112484,0][-0.216468,0.192237,0.569181][-0.630634,-0.412992,-0.657068][0.969437,0.12497,0][-0.281044,0.189283,0.677743][-0.879444,-0.364961,-0.305584][0.945379,0.112484,0][-0.20465,0.19268,0.751893][0.687694,-0.690485,0.224295][0.928947,0.127255,0][-0.216468,0.192237,0.826042][0.758395,-0.651796,0][0.912515,0.12497,0][-0.216468,0.192237,0.826042][0.758395,-0.651796,0][0.912515,0.12497,0][-0.304679,0.187961,0.826042][-0.938414,-0.345514,0][0.912515,0.107915,0][-0.281044,0.189283,0.677743][-0.879444,-0.364961,-0.305584][0.945379,0.112484,0][-0.304679,0.187961,0.826042][-0.938414,-0.345514,0][0.912515,0.107915,0][-0.216468,0.192237,0.826042][0.758395,-0.651796,0][0.912515,0.12497,0][-0.20465,0.19268,0.900192][0.687694,-0.690484,-0.224295][0.896083,0.127255,0][-0.20465,0.19268,0.900192][0.687694,-0.690484,-0.224295][0.896083,0.127255,0][-0.281044,0.189283,0.974341][-0.879444,-0.364961,0.305584][0.879651,0.112485,0][-0.304679,0.187961,0.826042][-0.938414,-0.345514,0][0.912515,0.107915,0][-0.281044,0.189283,0.974341][-0.879444,-0.364961,0.305584][0.879651,0.112485,0][-0.20465,0.19268,0.900192][0.687694,-0.690484,-0.224295][0.896083,0.127255,0][-0.172362,0.193751,0.954473][0.440208,-0.793328,-0.420533][0.884054,0.133498,0][-0.172362,0.193751,0.954473][0.440208,-0.793328,-0.420533][0.884054,0.133498,0][-0.216468,0.192237,1.0829][-0.630634,-0.412992,0.657068][0.855593,0.12497,0][-0.281044,0.189283,0.974341][-0.879444,-0.364961,0.305584][0.879651,0.112485,0][-0.216468,0.192237,1.0829][-0.630634,-0.412992,0.657068][0.855593,0.12497,0][-0.172362,0.193751,0.954473][0.440208,-0.793328,-0.420533][0.884054,0.133498,0][-0.128257,0.194897,0.974341][0.02216,-0.864733,-0.501742][0.879651,0.142026,0][-0.128257,0.194897,0.974341][0.02216,-0.864733,-0.501742][0.879651,0.142026,0][-0.128257,0.194897,1.12264][0.004575,-0.439722,0.898122][0.846787,0.142026,0][-0.216468,0.192237,1.0829][-0.630634,-0.412992,0.657068][0.855593,0.12497,0][-0.128257,0.194897,1.12264][0.004575,-0.439722,0.898122][0.846787,0.142026,0][-0.128257,0.194897,0.974341][0.02216,-0.864733,-0.501742][0.879651,0.142026,0][-0.084151,0.1957,0.954473][-0.408129,-0.805079,-0.430441][0.884054,0.150554,0][-0.084151,0.1957,0.954473][-0.408129,-0.805079,-0.430441][0.884054,0.150554,0][-0.040045,0.19618,1.0829][0.637778,-0.407366,0.653676][0.855593,0.159082,0][-0.128257,0.194897,1.12264][0.004575,-0.439722,0.898122][0.846787,0.142026,0][-0.040045,0.19618,1.0829][0.637778,-0.407366,0.653676][0.855593,0.159082,0][-0.084151,0.1957,0.954473][-0.408129,-0.805079,-0.430441][0.884054,0.150554,0][-0.051863,0.196082,0.900192][-0.670687,-0.70478,-0.231224][0.896083,0.156797,0][-0.051863,0.196082,0.900192][-0.670687,-0.70478,-0.231224][0.896083,0.156797,0][0.02453,0.19632,0.974341][0.883165,-0.358169,0.302877][0.879651,0.171567,0][-0.040045,0.19618,1.0829][0.637778,-0.407366,0.653676][0.855593,0.159082,0][0.02453,0.19632,0.974341][0.883165,-0.358169,0.302877][0.879651,0.171567,0][-0.051863,0.196082,0.900192][-0.670687,-0.70478,-0.231224][0.896083,0.156797,0][-0.040045,0.19618,0.826042][-0.746075,-0.665862,0][0.912515,0.159082,0][-0.040045,0.19618,0.826042][-0.746075,-0.665862,0][0.912515,0.159082,0][0.048166,0.196206,0.826042][0.940898,-0.338689,0][0.912516,0.176138,0][0.02453,0.19632,0.974341][0.883165,-0.358169,0.302877][0.879651,0.171567,0][0.02453,0.361612,0.677743][0.663413,0.712953,-0.227116][0.300217,0.90888,0][0.016202,0.370329,0.680758][0.663428,0.712953,-0.227074][0.296044,0.907488,0][0.039358,0.370249,0.826042][0.704155,0.710046,0][0.304249,0.850596,0][0.039358,0.370249,0.826042][0.704155,0.710046,0][0.304249,0.850596,0][0.048166,0.361498,0.826042][0.704155,0.710046,0][0.308628,0.850596,0][0.02453,0.361612,0.677743][0.663413,0.712953,-0.227116][0.300217,0.90888,0][0.016202,0.370329,0.971326][0.663428,0.712952,0.227075][0.296044,0.793704,0][0.02453,0.361612,0.974341][0.663413,0.712953,0.227115][0.300217,0.792312,0][0.048166,0.361498,0.826042][0.704155,0.710046,0][0.308628,0.850596,0][0.048166,0.361498,0.826042][0.704155,0.710046,0][0.308628,0.850596,0][0.039358,0.370249,0.826042][0.704155,0.710046,0][0.304249,0.850596,0][0.016202,0.370329,0.971326][0.663428,0.712952,0.227075][0.296044,0.793704,0][-0.040045,0.361471,0.569181][0.477474,0.724853,-0.496594][0.275546,0.9518,0][-0.046119,0.370123,0.575986][0.478558,0.724818,-0.495602][0.272449,0.948534,0][0.016202,0.370329,0.680758][0.663428,0.712953,-0.227074][0.296044,0.907488,0][0.016202,0.370329,0.680758][0.663428,0.712953,-0.227074][0.296044,0.907488,0][0.02453,0.361612,0.677743][0.663413,0.712953,-0.227116][0.300217,0.90888,0][-0.040045,0.361471,0.569181][0.477474,0.724853,-0.496594][0.275546,0.9518,0][-0.128257,0.360188,0.529445][0.281172,0.708366,-0.647426][0.241263,0.968815,0][-0.128257,0.368887,0.538985][0.281172,0.708366,-0.647426][0.241316,0.964089,0][-0.046119,0.370123,0.575986][0.478558,0.724818,-0.495602][0.272449,0.948534,0][-0.046119,0.370123,0.575986][0.478558,0.724818,-0.495602][0.272449,0.948534,0][-0.040045,0.361471,0.569181][0.477474,0.724853,-0.496594][0.275546,0.9518,0][-0.128257,0.360188,0.529445][0.281172,0.708366,-0.647426][0.241263,0.968815,0][-0.216468,0.357528,0.569181][-0.505571,0.712798,-0.486124][0.206955,0.951775,0][-0.210394,0.366459,0.575986][-0.501939,0.713014,-0.48956][0.210205,0.94857,0][-0.128257,0.368887,0.538985][-0.309965,0.701648,-0.641569][0.241316,0.964089,0][-0.128257,0.368887,0.538985][-0.309965,0.701648,-0.641569][0.241316,0.964089,0][-0.128257,0.360188,0.529445][-0.309965,0.701648,-0.641569][0.241263,0.968815,0][-0.216468,0.357528,0.569181][-0.505571,0.712798,-0.486124][0.206955,0.951775,0][-0.281044,0.354575,0.677743][-0.682863,0.696351,-0.220892][0.182282,0.908856,0][-0.272716,0.363707,0.680758][-0.682219,0.696404,-0.222707][0.186581,0.907521,0][-0.210394,0.366459,0.575986][-0.501939,0.713014,-0.48956][0.210205,0.94857,0][-0.210394,0.366459,0.575986][-0.501939,0.713014,-0.48956][0.210205,0.94857,0][-0.216468,0.357528,0.569181][-0.505571,0.712798,-0.486124][0.206955,0.951775,0][-0.281044,0.354575,0.677743][-0.682863,0.696351,-0.220892][0.182282,0.908856,0][-0.304679,0.353253,0.826042][-0.721678,0.692229,0][0.173986,0.850596,0][-0.295871,0.36246,0.826042][-0.721678,0.692229,0][0.178475,0.850596,0][-0.272716,0.363707,0.680758][-0.682219,0.696404,-0.222707][0.186581,0.907521,0][-0.272716,0.363707,0.680758][-0.682219,0.696404,-0.222707][0.186581,0.907521,0][-0.281044,0.354575,0.677743][-0.682863,0.696351,-0.220892][0.182282,0.908856,0][-0.304679,0.353253,0.826042][-0.721678,0.692229,0][0.173986,0.850596,0][-0.281044,0.354575,0.974341][-0.682865,0.69635,0.220892][0.182282,0.792336,0][-0.272716,0.363707,0.971326][-0.68222,0.696403,0.222708][0.186581,0.793672,0][-0.295871,0.36246,0.826042][-0.721678,0.692229,0][0.178475,0.850596,0][-0.295871,0.36246,0.826042][-0.721678,0.692229,0][0.178475,0.850596,0][-0.304679,0.353253,0.826042][-0.721678,0.692229,0][0.173986,0.850596,0][-0.281044,0.354575,0.974341][-0.682865,0.69635,0.220892][0.182282,0.792336,0][-0.216468,0.357528,1.0829][-0.505572,0.712797,0.486124][0.206955,0.749417,0][-0.210394,0.366459,1.0761][-0.501939,0.713013,0.48956][0.210204,0.752622,0][-0.272716,0.363707,0.971326][-0.68222,0.696403,0.222708][0.186581,0.793672,0][-0.272716,0.363707,0.971326][-0.68222,0.696403,0.222708][0.186581,0.793672,0][-0.281044,0.354575,0.974341][-0.682865,0.69635,0.220892][0.182282,0.792336,0][-0.216468,0.357528,1.0829][-0.505572,0.712797,0.486124][0.206955,0.749417,0][-0.128257,0.360188,1.12264][-0.309966,0.701647,0.64157][0.241263,0.732377,0][-0.128257,0.368887,1.1131][-0.309966,0.701647,0.64157][0.241316,0.737103,0][-0.210394,0.366459,1.0761][-0.501939,0.713013,0.48956][0.210204,0.752622,0][-0.210394,0.366459,1.0761][-0.501939,0.713013,0.48956][0.210204,0.752622,0][-0.216468,0.357528,1.0829][-0.505572,0.712797,0.486124][0.206955,0.749417,0][-0.128257,0.360188,1.12264][-0.309966,0.701647,0.64157][0.241263,0.732377,0][-0.040045,0.361471,1.0829][0.477475,0.724852,0.496595][0.275546,0.749392,0][-0.046119,0.370123,1.0761][0.478559,0.724817,0.495603][0.272449,0.752658,0][-0.128257,0.368887,1.1131][0.281173,0.708365,0.647427][0.241316,0.737103,0][-0.128257,0.368887,1.1131][0.281173,0.708365,0.647427][0.241316,0.737103,0][-0.128257,0.360188,1.12264][0.281173,0.708365,0.647427][0.241263,0.732377,0][-0.040045,0.361471,1.0829][0.477475,0.724852,0.496595][0.275546,0.749392,0][0.02453,0.361612,0.974341][0.663413,0.712953,0.227115][0.300217,0.792312,0][0.016202,0.370329,0.971326][0.663428,0.712952,0.227075][0.296044,0.793704,0][-0.046119,0.370123,1.0761][0.478559,0.724817,0.495603][0.272449,0.752658,0][-0.046119,0.370123,1.0761][0.478559,0.724817,0.495603][0.272449,0.752658,0][-0.040045,0.361471,1.0829][0.477475,0.724852,0.496595][0.275546,0.749392,0][0.02453,0.361612,0.974341][0.663413,0.712953,0.227115][0.300217,0.792312,0][0.02453,0.19632,0.677743][0.883165,-0.358169,-0.302877][0.543001,0.081169,0][0.02453,0.361612,0.677743][0.945789,0,-0.324781][0.543001,0.131821,0][0.048166,0.361498,0.826042][1,0,0][0.479053,0.131821,0][0.048166,0.361498,0.826042][1,0,0][0.479053,0.131821,0][0.048166,0.196206,0.826042][0.940898,-0.338689,0][0.479053,0.081169,0][0.02453,0.19632,0.677743][0.883165,-0.358169,-0.302877][0.543001,0.081169,0][-0.040045,0.19618,0.569181][0.637778,-0.407366,-0.653676][0.555529,0.081169,0][-0.040045,0.361471,0.569181][0.697507,0,-0.716578][0.555529,0.131821,0][0.02453,0.361612,0.677743][0.945789,0,-0.324781][0.543001,0.131821,0][0.02453,0.361612,0.677743][0.945789,0,-0.324781][0.543001,0.131821,0][0.02453,0.19632,0.677743][0.883165,-0.358169,-0.302877][0.543001,0.081169,0][-0.040045,0.19618,0.569181][0.637778,-0.407366,-0.653676][0.555529,0.081169,0][-0.128257,0.194897,0.529445][0.004575,-0.439722,-0.898122][0.313257,0.081169,0][-0.128257,0.360188,0.529445][0.005869,0,-0.999983][0.313257,0.131821,0][-0.040045,0.361471,0.569181][0.697507,0,-0.716578][0.303152,0.131821,0][-0.040045,0.361471,0.569181][0.697507,0,-0.716578][0.303152,0.131821,0][-0.040045,0.19618,0.569181][0.637778,-0.407366,-0.653676][0.303152,0.081169,0][-0.128257,0.194897,0.529445][0.004575,-0.439722,-0.898122][0.313257,0.081169,0][-0.216468,0.192237,0.569181][-0.630634,-0.412992,-0.657068][0.325027,0.081169,0][-0.216468,0.357528,0.569181][-0.692884,0,-0.721049][0.325027,0.131821,0][-0.128257,0.360188,0.529445][0.005869,0,-0.999983][0.313257,0.131821,0][-0.128257,0.360188,0.529445][0.005869,0,-0.999983][0.313257,0.131821,0][-0.128257,0.194897,0.529445][0.004575,-0.439722,-0.898122][0.313257,0.081169,0][-0.216468,0.192237,0.569181][-0.630634,-0.412992,-0.657068][0.325027,0.081169,0][-0.281044,0.189283,0.677743][-0.879444,-0.364961,-0.305584][0.340511,0.081169,0][-0.281044,0.354575,0.677743][-0.945151,0,-0.326634][0.340511,0.131821,0][-0.216468,0.357528,0.569181][-0.692884,0,-0.721049][0.325027,0.131821,0][-0.216468,0.357528,0.569181][-0.692884,0,-0.721049][0.325027,0.131821,0][-0.216468,0.192237,0.569181][-0.630634,-0.412992,-0.657068][0.325027,0.081169,0][-0.281044,0.189283,0.677743][-0.879444,-0.364961,-0.305584][0.340511,0.081169,0][-0.304679,0.187961,0.826042][-0.938414,-0.345514,0][0.359783,0.081169,0][-0.304679,0.353253,0.826042][-1,0,0][0.359783,0.131821,0][-0.281044,0.354575,0.677743][-0.945151,0,-0.326634][0.340511,0.131821,0][-0.281044,0.354575,0.677743][-0.945151,0,-0.326634][0.340511,0.131821,0][-0.281044,0.189283,0.677743][-0.879444,-0.364961,-0.305584][0.340511,0.081169,0][-0.304679,0.187961,0.826042][-0.938414,-0.345514,0][0.359783,0.081169,0][-0.281044,0.189283,0.974341][-0.879444,-0.364961,0.305584][0.378812,0.081169,0][-0.281044,0.354575,0.974341][-0.945151,0,0.326634][0.378812,0.131821,0][-0.304679,0.353253,0.826042][-1,0,0][0.359783,0.131821,0][-0.304679,0.353253,0.826042][-1,0,0][0.359783,0.131821,0][-0.304679,0.187961,0.826042][-0.938414,-0.345514,0][0.359783,0.081169,0][-0.281044,0.189283,0.974341][-0.879444,-0.364961,0.305584][0.378812,0.081169,0][-0.216468,0.192237,1.0829][-0.630634,-0.412992,0.657068][0.393869,0.081169,0][-0.216468,0.357528,1.0829][-0.692884,0,0.721049][0.393869,0.131821,0][-0.281044,0.354575,0.974341][-0.945151,0,0.326634][0.378812,0.131821,0][-0.281044,0.354575,0.974341][-0.945151,0,0.326634][0.378812,0.131821,0][-0.281044,0.189283,0.974341][-0.879444,-0.364961,0.305584][0.378812,0.081169,0][-0.216468,0.192237,1.0829][-0.630634,-0.412992,0.657068][0.393869,0.081169,0][-0.128257,0.194897,1.12264][0.004575,-0.439722,0.898122][0.405297,0.081169,0][-0.128257,0.360188,1.12264][0.005869,0,0.999983][0.405297,0.131821,0][-0.216468,0.357528,1.0829][-0.692884,0,0.721049][0.393869,0.131821,0][-0.216468,0.357528,1.0829][-0.692884,0,0.721049][0.393869,0.131821,0][-0.216468,0.192237,1.0829][-0.630634,-0.412992,0.657068][0.393869,0.081169,0][-0.128257,0.194897,1.12264][0.004575,-0.439722,0.898122][0.405297,0.081169,0][-0.040045,0.19618,1.0829][0.637778,-0.407366,0.653676][0.415097,0.081169,0][-0.040045,0.361471,1.0829][0.697507,0,0.716578][0.415097,0.131821,0][-0.128257,0.360188,1.12264][0.005869,0,0.999983][0.405297,0.131821,0][-0.128257,0.360188,1.12264][0.005869,0,0.999983][0.405297,0.131821,0][-0.128257,0.194897,1.12264][0.004575,-0.439722,0.898122][0.405297,0.081169,0][-0.040045,0.19618,1.0829][0.637778,-0.407366,0.653676][0.415097,0.081169,0][0.02453,0.19632,0.974341][0.883165,-0.358169,0.302877][0.426843,0.081169,0][0.02453,0.361612,0.974341][0.945789,0,0.324782][0.426843,0.131821,0][-0.040045,0.361471,1.0829][0.697507,0,0.716578][0.415097,0.131821,0][-0.040045,0.361471,1.0829][0.697507,0,0.716578][0.415097,0.131821,0][-0.040045,0.19618,1.0829][0.637778,-0.407366,0.653676][0.415097,0.081169,0][0.02453,0.19632,0.974341][0.883165,-0.358169,0.302877][0.426843,0.081169,0][0.048166,0.196206,0.826042][0.940898,-0.338689,0][0.479053,0.081169,0][0.048166,0.361498,0.826042][1,0,0][0.479053,0.131821,0][0.02453,0.361612,0.974341][0.945789,0,0.324782][0.426843,0.131821,0][0.02453,0.361612,0.974341][0.945789,0,0.324782][0.426843,0.131821,0][0.02453,0.19632,0.974341][0.883165,-0.358169,0.302877][0.426843,0.081169,0][0.048166,0.196206,0.826042][0.940898,-0.338689,0][0.479053,0.081169,0][-0.041584,0.370159,0.748172][-0.666021,0.710398,0.227488][0.275022,0.881646,0][-0.051863,0.359335,0.751893][-0.665887,0.7104,0.227873][0.270027,0.879692,0][-0.040045,0.359432,0.826042][-0.705304,0.708905,0][0.274575,0.850596,0][-0.040045,0.359432,0.826042][-0.705304,0.708905,0][0.274575,0.850596,0][-0.029172,0.37024,0.826042][-0.705304,0.708905,0][0.279941,0.850596,0][-0.041584,0.370159,0.748172][-0.666021,0.710398,0.227488][0.275022,0.881646,0][-0.051863,0.359335,0.900192][-0.665887,0.7104,-0.227875][0.270028,0.8215,0][-0.041584,0.370159,0.903913][-0.666021,0.710398,-0.227488][0.275022,0.819546,0][-0.029172,0.37024,0.826042][-0.705304,0.708905,0][0.279941,0.850596,0][-0.029172,0.37024,0.826042][-0.705304,0.708905,0][0.279941,0.850596,0][-0.040045,0.359432,0.826042][-0.705304,0.708905,0][0.274575,0.850596,0][-0.051863,0.359335,0.900192][-0.665887,0.7104,-0.227875][0.270028,0.8215,0][-0.076653,0.369794,0.689212][-0.486382,0.720148,0.494792][0.26167,0.905476,0][-0.084151,0.358953,0.697612][-0.484824,0.720192,0.496256][0.258056,0.901291,0][-0.051863,0.359335,0.751893][-0.665887,0.7104,0.227873][0.270027,0.879692,0][-0.051863,0.359335,0.751893][-0.665887,0.7104,0.227873][0.270027,0.879692,0][-0.041584,0.370159,0.748172][-0.666021,0.710398,0.227488][0.275022,0.881646,0][-0.076653,0.369794,0.689212][-0.486382,0.720148,0.494792][0.26167,0.905476,0][-0.128257,0.368887,0.665967][-0.301736,0.704963,0.641859][0.241331,0.915168,0][-0.128257,0.358149,0.677743][-0.301736,0.704963,0.641859][0.241253,0.909432,0][-0.084151,0.358953,0.697612][-0.484824,0.720192,0.496256][0.258056,0.901291,0][-0.084151,0.358953,0.697612][-0.484824,0.720192,0.496256][0.258056,0.901291,0][-0.076653,0.369794,0.689212][-0.486382,0.720148,0.494792][0.26167,0.905476,0][-0.128257,0.368887,0.665967][-0.301736,0.704963,0.641859][0.241331,0.915168,0][-0.17986,0.367511,0.689212][0.458539,0.731369,0.504818][0.220969,0.905554,0][-0.172362,0.357004,0.697612][0.461538,0.731359,0.502091][0.224419,0.901312,0][-0.128257,0.358149,0.677743][0.272988,0.711385,0.647618][0.241253,0.909432,0][-0.128257,0.358149,0.677743][0.272988,0.711385,0.647618][0.241253,0.909432,0][-0.128257,0.368887,0.665967][0.272988,0.711385,0.647618][0.241331,0.915168,0][-0.17986,0.367511,0.689212][0.458539,0.731369,0.504818][0.220969,0.905554,0][-0.21493,0.366286,0.748172][0.647032,0.725873,0.233363][0.207651,0.881654,0][-0.20465,0.355933,0.751893][0.647505,0.725879,0.232029][0.212522,0.879673,0][-0.172362,0.357004,0.697612][0.461538,0.731359,0.502091][0.224419,0.901312,0][-0.172362,0.357004,0.697612][0.461538,0.731359,0.502091][0.224419,0.901312,0][-0.17986,0.367511,0.689212][0.458539,0.731369,0.504818][0.220969,0.905554,0][-0.21493,0.366286,0.748172][0.647032,0.725873,0.233363][0.207651,0.881654,0][-0.227341,0.365793,0.826042][0.688317,0.72541,0][0.202773,0.850596,0][-0.216468,0.355489,0.826042][0.688317,0.72541,0][0.208026,0.850596,0][-0.20465,0.355933,0.751893][0.647505,0.725879,0.232029][0.212522,0.879673,0][-0.20465,0.355933,0.751893][0.647505,0.725879,0.232029][0.212522,0.879673,0][-0.21493,0.366286,0.748172][0.647032,0.725873,0.233363][0.207651,0.881654,0][-0.227341,0.365793,0.826042][0.688317,0.72541,0][0.202773,0.850596,0][-0.21493,0.366286,0.903913][0.647032,0.725872,-0.233363][0.207651,0.819538,0][-0.20465,0.355933,0.900192][0.647506,0.725878,-0.232029][0.212522,0.821519,0][-0.216468,0.355489,0.826042][0.688317,0.72541,0][0.208026,0.850596,0][-0.216468,0.355489,0.826042][0.688317,0.72541,0][0.208026,0.850596,0][-0.227341,0.365793,0.826042][0.688317,0.72541,0][0.202773,0.850596,0][-0.21493,0.366286,0.903913][0.647032,0.725872,-0.233363][0.207651,0.819538,0][-0.17986,0.367511,0.962872][0.458539,0.731369,-0.504819][0.220969,0.795638,0][-0.172362,0.357004,0.954473][0.461538,0.731359,-0.502092][0.224419,0.799881,0][-0.20465,0.355933,0.900192][0.647506,0.725878,-0.232029][0.212522,0.821519,0][-0.20465,0.355933,0.900192][0.647506,0.725878,-0.232029][0.212522,0.821519,0][-0.21493,0.366286,0.903913][0.647032,0.725872,-0.233363][0.207651,0.819538,0][-0.17986,0.367511,0.962872][0.458539,0.731369,-0.504819][0.220969,0.795638,0][-0.128257,0.368887,0.986118][0.272987,0.711385,-0.647618][0.241331,0.786024,0][-0.128257,0.358149,0.974341][0.272987,0.711385,-0.647618][0.241253,0.791761,0][-0.172362,0.357004,0.954473][0.461538,0.731359,-0.502092][0.224419,0.799881,0][-0.172362,0.357004,0.954473][0.461538,0.731359,-0.502092][0.224419,0.799881,0][-0.17986,0.367511,0.962872][0.458539,0.731369,-0.504819][0.220969,0.795638,0][-0.128257,0.368887,0.986118][0.272987,0.711385,-0.647618][0.241331,0.786024,0][-0.076653,0.369794,0.962872][-0.486382,0.720148,-0.494793][0.26167,0.795716,0][-0.084151,0.358953,0.954473][-0.484824,0.720191,-0.496256][0.258055,0.799901,0][-0.128257,0.358149,0.974341][-0.301736,0.704963,-0.641859][0.241253,0.791761,0][-0.128257,0.358149,0.974341][-0.301736,0.704963,-0.641859][0.241253,0.791761,0][-0.128257,0.368887,0.986118][-0.301736,0.704963,-0.641859][0.241331,0.786024,0][-0.076653,0.369794,0.962872][-0.486382,0.720148,-0.494793][0.26167,0.795716,0][-0.041584,0.370159,0.903913][-0.666021,0.710398,-0.227488][0.275022,0.819546,0][-0.051863,0.359335,0.900192][-0.665887,0.7104,-0.227875][0.270028,0.8215,0][-0.084151,0.358953,0.954473][-0.484824,0.720191,-0.496256][0.258055,0.799901,0][-0.084151,0.358953,0.954473][-0.484824,0.720191,-0.496256][0.258055,0.799901,0][-0.076653,0.369794,0.962872][-0.486382,0.720148,-0.494793][0.26167,0.795716,0][-0.041584,0.370159,0.903913][-0.666021,0.710398,-0.227488][0.275022,0.819546,0][-0.040045,0.19618,0.826042][-0.746075,-0.665862,0][0.101686,0.080501,0][-0.040045,0.359432,0.826042][-1,0,0][0.101686,0.131618,0][-0.051863,0.359335,0.751893][-0.945927,0,0.324379][0.070737,0.131618,0][-0.051863,0.359335,0.751893][-0.945927,0,0.324379][0.070737,0.131618,0][-0.051863,0.196082,0.751893][-0.670687,-0.70478,0.231224][0.070737,0.080501,0][-0.040045,0.19618,0.826042][-0.746075,-0.665862,0][0.101686,0.080501,0][-0.051863,0.196082,0.751893][-0.670687,-0.70478,0.231224][0.070737,0.080501,0][-0.051863,0.359335,0.751893][-0.945927,0,0.324379][0.070737,0.131618,0][-0.084151,0.358953,0.697612][-0.698091,0,0.716009][0.051879,0.131618,0][-0.084151,0.358953,0.697612][-0.698091,0,0.716009][0.051879,0.131618,0][-0.084151,0.1957,0.697612][-0.40813,-0.805078,0.43044][0.051879,0.080501,0][-0.051863,0.196082,0.751893][-0.670687,-0.70478,0.231224][0.070737,0.080501,0][-0.084151,0.1957,0.697612][-0.40813,-0.805078,0.43044][0.051879,0.080501,0][-0.084151,0.358953,0.697612][-0.698091,0,0.716009][0.051879,0.131618,0][-0.128257,0.358149,0.677743][-0.005789,0,0.999983][0.038592,0.131618,0][-0.128257,0.358149,0.677743][-0.005789,0,0.999983][0.038592,0.131618,0][-0.128257,0.194897,0.677743][0.022161,-0.864733,0.501742][0.038592,0.080501,0][-0.084151,0.1957,0.697612][-0.40813,-0.805078,0.43044][0.051879,0.080501,0][-0.128257,0.194897,0.677743][0.022161,-0.864733,0.501742][0.290968,0.080501,0][-0.128257,0.358149,0.677743][-0.005789,0,0.999983][0.290968,0.131618,0][-0.172362,0.357004,0.697612][0.693617,0,0.720344][0.27768,0.131618,0][-0.172362,0.357004,0.697612][0.693617,0,0.720344][0.27768,0.131618,0][-0.172362,0.193751,0.697612][0.440209,-0.793328,0.420533][0.27768,0.080501,0][-0.128257,0.194897,0.677743][0.022161,-0.864733,0.501742][0.290968,0.080501,0][-0.172362,0.193751,0.697612][0.440209,-0.793328,0.420533][0.27768,0.080501,0][-0.172362,0.357004,0.697612][0.693617,0,0.720344][0.27768,0.131618,0][-0.20465,0.355933,0.751893][0.945333,0,0.326107][0.258822,0.131618,0][-0.20465,0.355933,0.751893][0.945333,0,0.326107][0.258822,0.131618,0][-0.20465,0.19268,0.751893][0.687694,-0.690485,0.224295][0.258822,0.080501,0][-0.172362,0.193751,0.697612][0.440209,-0.793328,0.420533][0.27768,0.080501,0][-0.20465,0.19268,0.751893][0.687694,-0.690485,0.224295][0.258822,0.080501,0][-0.20465,0.355933,0.751893][0.945333,0,0.326107][0.258822,0.131618,0][-0.216468,0.355489,0.826042][1,0,0][0.227874,0.131618,0][-0.216468,0.355489,0.826042][1,0,0][0.227874,0.131618,0][-0.216468,0.192237,0.826042][0.758395,-0.651796,0][0.227874,0.080501,0][-0.20465,0.19268,0.751893][0.687694,-0.690485,0.224295][0.258822,0.080501,0][-0.216468,0.192237,0.826042][0.758395,-0.651796,0][0.227874,0.080501,0][-0.216468,0.355489,0.826042][1,0,0][0.227874,0.131618,0][-0.20465,0.355933,0.900192][0.945333,0,-0.326107][0.196926,0.131618,0][-0.20465,0.355933,0.900192][0.945333,0,-0.326107][0.196926,0.131618,0][-0.20465,0.19268,0.900192][0.687694,-0.690484,-0.224295][0.196926,0.080501,0][-0.216468,0.192237,0.826042][0.758395,-0.651796,0][0.227874,0.080501,0][-0.20465,0.19268,0.900192][0.687694,-0.690484,-0.224295][0.196926,0.080501,0][-0.20465,0.355933,0.900192][0.945333,0,-0.326107][0.196926,0.131618,0][-0.172362,0.357004,0.954473][0.693616,0,-0.720345][0.178067,0.131618,0][-0.172362,0.357004,0.954473][0.693616,0,-0.720345][0.178067,0.131618,0][-0.172362,0.193751,0.954473][0.440208,-0.793328,-0.420533][0.178067,0.080501,0][-0.20465,0.19268,0.900192][0.687694,-0.690484,-0.224295][0.196926,0.080501,0][-0.172362,0.193751,0.954473][0.440208,-0.793328,-0.420533][0.178067,0.080501,0][-0.172362,0.357004,0.954473][0.693616,0,-0.720345][0.178067,0.131618,0][-0.128257,0.358149,0.974341][-0.00579,0,-0.999983][0.16478,0.131618,0][-0.128257,0.358149,0.974341][-0.00579,0,-0.999983][0.16478,0.131618,0][-0.128257,0.194897,0.974341][0.02216,-0.864733,-0.501742][0.16478,0.080501,0][-0.172362,0.193751,0.954473][0.440208,-0.793328,-0.420533][0.178067,0.080501,0][-0.128257,0.194897,0.974341][0.02216,-0.864733,-0.501742][0.16478,0.080501,0][-0.128257,0.358149,0.974341][-0.00579,0,-0.999983][0.16478,0.131618,0][-0.084151,0.358953,0.954473][-0.698091,0,-0.716009][0.151493,0.131618,0][-0.084151,0.358953,0.954473][-0.698091,0,-0.716009][0.151493,0.131618,0][-0.084151,0.1957,0.954473][-0.408129,-0.805079,-0.430441][0.151493,0.080501,0][-0.128257,0.194897,0.974341][0.02216,-0.864733,-0.501742][0.16478,0.080501,0][-0.084151,0.1957,0.954473][-0.408129,-0.805079,-0.430441][0.151493,0.080501,0][-0.084151,0.358953,0.954473][-0.698091,0,-0.716009][0.151493,0.131618,0][-0.051863,0.359335,0.900192][-0.945927,0,-0.324379][0.132634,0.131618,0][-0.051863,0.359335,0.900192][-0.945927,0,-0.324379][0.132634,0.131618,0][-0.051863,0.196082,0.900192][-0.670687,-0.70478,-0.231224][0.132634,0.080501,0][-0.084151,0.1957,0.954473][-0.408129,-0.805079,-0.430441][0.151493,0.080501,0][-0.051863,0.196082,0.900192][-0.670687,-0.70478,-0.231224][0.132634,0.080501,0][-0.051863,0.359335,0.900192][-0.945927,0,-0.324379][0.132634,0.131618,0][-0.040045,0.359432,0.826042][-1,0,0][0.101686,0.131618,0][-0.040045,0.359432,0.826042][-1,0,0][0.101686,0.131618,0][-0.040045,0.19618,0.826042][-0.746075,-0.665862,0][0.101686,0.080501,0][-0.051863,0.196082,0.900192][-0.670687,-0.70478,-0.231224][0.132634,0.080501,0][0.039358,0.370249,0.826042][-0.001316,0.999999,0][0.304249,0.850596,0][0.016202,0.370329,0.680758][-0.004415,0.99999,2.18808e-005][0.296044,0.907488,0][-0.041584,0.370159,0.748172][-0.002939,0.999996,0.000108881][0.275022,0.881646,0][-0.041584,0.370159,0.748172][-0.002939,0.999996,0.000108881][0.275022,0.881646,0][-0.029172,0.37024,0.826042][-0.001316,0.999999,0][0.279941,0.850596,0][0.039358,0.370249,0.826042][-0.001316,0.999999,0][0.304249,0.850596,0][0.016202,0.370329,0.680758][-0.004415,0.99999,2.18808e-005][0.296044,0.907488,0][-0.046119,0.370123,0.575986][-0.012709,0.999919,-0.000458119][0.272449,0.948534,0][-0.076653,0.369794,0.689212][-0.009653,0.999953,-0.000282119][0.26167,0.905476,0][-0.076653,0.369794,0.689212][-0.009653,0.999953,-0.000282119][0.26167,0.905476,0][-0.041584,0.370159,0.748172][-0.002939,0.999996,0.000108881][0.275022,0.881646,0][0.016202,0.370329,0.680758][-0.004415,0.99999,2.18808e-005][0.296044,0.907488,0][-0.046119,0.370123,0.575986][-0.012709,0.999919,-0.000458119][0.272449,0.948534,0][-0.128257,0.368887,0.538985][-0.02225,0.999752,-0.000678119][0.241316,0.964089,0][-0.128257,0.368887,0.665967][-0.02225,0.999752,-0.000678119][0.241331,0.915168,0][-0.128257,0.368887,0.665967][-0.02225,0.999752,-0.000678119][0.241331,0.915168,0][-0.076653,0.369794,0.689212][-0.009653,0.999953,-0.000282119][0.26167,0.905476,0][-0.046119,0.370123,0.575986][-0.012709,0.999919,-0.000458119][0.272449,0.948534,0][-0.128257,0.368887,0.538985][-0.02225,0.999752,-0.000678119][0.241316,0.964089,0][-0.210394,0.366459,0.575986][-0.032457,0.999473,-0.000527119][0.210205,0.94857,0][-0.17986,0.367511,0.689212][-0.036182,0.999345,-0.000329119][0.220969,0.905554,0][-0.17986,0.367511,0.689212][-0.036182,0.999345,-0.000329119][0.220969,0.905554,0][-0.128257,0.368887,0.665967][-0.02225,0.999752,-0.000678119][0.241331,0.915168,0][-0.128257,0.368887,0.538985][-0.02225,0.999752,-0.000678119][0.241316,0.964089,0][-0.210394,0.366459,0.575986][-0.032457,0.999473,-0.000527119][0.210205,0.94857,0][-0.272716,0.363707,0.680758][-0.042744,0.999086,3.98809e-005][0.186581,0.907521,0][-0.21493,0.366286,0.748172][-0.044732,0.998999,0.000168881][0.207651,0.881654,0][-0.21493,0.366286,0.748172][-0.044732,0.998999,0.000168881][0.207651,0.881654,0][-0.17986,0.367511,0.689212][-0.036182,0.999345,-0.000329119][0.220969,0.905554,0][-0.210394,0.366459,0.575986][-0.032457,0.999473,-0.000527119][0.210205,0.94857,0][-0.272716,0.363707,0.680758][-0.042744,0.999086,3.98809e-005][0.186581,0.907521,0][-0.295871,0.36246,0.826042][-0.04692,0.998899,0][0.178475,0.850596,0][-0.227341,0.365793,0.826042][-0.04692,0.998899,0][0.202773,0.850596,0][-0.227341,0.365793,0.826042][-0.04692,0.998899,0][0.202773,0.850596,0][-0.21493,0.366286,0.748172][-0.044732,0.998999,0.000168881][0.207651,0.881654,0][-0.272716,0.363707,0.680758][-0.042744,0.999086,3.98809e-005][0.186581,0.907521,0][-0.295871,0.36246,0.826042][-0.04692,0.998899,0][0.178475,0.850596,0][-0.272716,0.363707,0.971326][-0.042744,0.999086,-4.01191e-005][0.186581,0.793672,0][-0.21493,0.366286,0.903913][-0.044732,0.998999,-0.000169119][0.207651,0.819538,0][-0.21493,0.366286,0.903913][-0.044732,0.998999,-0.000169119][0.207651,0.819538,0][-0.227341,0.365793,0.826042][-0.04692,0.998899,0][0.202773,0.850596,0][-0.295871,0.36246,0.826042][-0.04692,0.998899,0][0.178475,0.850596,0][-0.272716,0.363707,0.971326][-0.042744,0.999086,-4.01191e-005][0.186581,0.793672,0][-0.210394,0.366459,1.0761][-0.032457,0.999473,0.000526881][0.210204,0.752622,0][-0.17986,0.367511,0.962872][-0.036182,0.999345,0.000328881][0.220969,0.795638,0][-0.17986,0.367511,0.962872][-0.036182,0.999345,0.000328881][0.220969,0.795638,0][-0.21493,0.366286,0.903913][-0.044732,0.998999,-0.000169119][0.207651,0.819538,0][-0.272716,0.363707,0.971326][-0.042744,0.999086,-4.01191e-005][0.186581,0.793672,0][-0.210394,0.366459,1.0761][-0.032457,0.999473,0.000526881][0.210204,0.752622,0][-0.128257,0.368887,1.1131][-0.02225,0.999752,0.000677881][0.241316,0.737103,0][-0.128257,0.368887,0.986118][-0.02225,0.999752,0.000677881][0.241331,0.786024,0][-0.128257,0.368887,0.986118][-0.02225,0.999752,0.000677881][0.241331,0.786024,0][-0.17986,0.367511,0.962872][-0.036182,0.999345,0.000328881][0.220969,0.795638,0][-0.210394,0.366459,1.0761][-0.032457,0.999473,0.000526881][0.210204,0.752622,0][-0.128257,0.368887,1.1131][-0.02225,0.999752,0.000677881][0.241316,0.737103,0][-0.046119,0.370123,1.0761][-0.012709,0.999919,0.000457881][0.272449,0.752658,0][-0.076653,0.369794,0.962872][-0.009653,0.999953,0.000281881][0.26167,0.795716,0][-0.076653,0.369794,0.962872][-0.009653,0.999953,0.000281881][0.26167,0.795716,0][-0.128257,0.368887,0.986118][-0.02225,0.999752,0.000677881][0.241331,0.786024,0][-0.128257,0.368887,1.1131][-0.02225,0.999752,0.000677881][0.241316,0.737103,0][-0.046119,0.370123,1.0761][-0.012709,0.999919,0.000457881][0.272449,0.752658,0][0.016202,0.370329,0.971326][-0.004415,0.99999,-2.21192e-005][0.296044,0.793704,0][-0.041584,0.370159,0.903913][-0.002939,0.999996,-0.000109119][0.275022,0.819546,0][-0.041584,0.370159,0.903913][-0.002939,0.999996,-0.000109119][0.275022,0.819546,0][-0.076653,0.369794,0.962872][-0.009653,0.999953,0.000281881][0.26167,0.795716,0][-0.046119,0.370123,1.0761][-0.012709,0.999919,0.000457881][0.272449,0.752658,0][0.016202,0.370329,0.971326][-0.004415,0.99999,-2.21192e-005][0.296044,0.793704,0][0.039358,0.370249,0.826042][-0.001316,0.999999,0][0.304249,0.850596,0][-0.029172,0.37024,0.826042][-0.001316,0.999999,0][0.279941,0.850596,0][-0.029172,0.37024,0.826042][-0.001316,0.999999,0][0.279941,0.850596,0][-0.041584,0.370159,0.903913][-0.002939,0.999996,-0.000109119][0.275022,0.819546,0][0.016202,0.370329,0.971326][-0.004415,0.99999,-2.21192e-005][0.296044,0.793704,0][0.527263,0.16886,0.510254][-0.014878,-0.272777,-0.961962][0.981511,0.272367,0][0.527263,0.16886,0.586611][-0.114413,-0.99343,0.00240212][0.96459,0.272367,0][0.489401,0.17343,0.596841][-0.105191,-0.994452,0.000954118][0.962323,0.265046,0][0.489401,0.17343,0.596841][-0.105191,-0.994452,0.000954118][0.962323,0.265046,0][0.45154,0.177446,0.530714][-0.494104,-0.267073,-0.827365][0.976978,0.257725,0][0.527263,0.16886,0.510254][-0.014878,-0.272777,-0.961962][0.981511,0.272367,0][0.45154,0.177446,0.530714][-0.494104,-0.267073,-0.827365][0.976978,0.257725,0][0.489401,0.17343,0.596841][-0.105191,-0.994452,0.000954118][0.962323,0.265046,0][0.461684,0.176421,0.624789][-0.092179,-0.995742,-0.000659881][0.95613,0.259687,0][0.461684,0.176421,0.624789][-0.092179,-0.995742,-0.000659881][0.95613,0.259687,0][0.396106,0.182429,0.586611][-0.839588,-0.264565,-0.474444][0.96459,0.247007,0][0.45154,0.177446,0.530714][-0.494104,-0.267073,-0.827365][0.976978,0.257725,0][0.396106,0.182429,0.586611][-0.839588,-0.264565,-0.474444][0.96459,0.247007,0][0.461684,0.176421,0.624789][-0.092179,-0.995742,-0.000659881][0.95613,0.259687,0][0.45154,0.177446,0.662968][-0.088405,-0.996085,0][0.947669,0.257725,0][0.45154,0.177446,0.662968][-0.088405,-0.996085,0][0.947669,0.257725,0][0.375816,0.18401,0.662968][-0.964543,-0.263927,0][0.947669,0.243084,0][0.396106,0.182429,0.586611][-0.839588,-0.264565,-0.474444][0.96459,0.247007,0][0.375816,0.18401,0.662968][-0.964543,-0.263927,0][0.947669,0.243084,0][0.45154,0.177446,0.662968][-0.088405,-0.996085,0][0.947669,0.257725,0][0.461684,0.176421,0.701146][-0.092038,-0.995755,0.000742119][0.939209,0.259686,0][0.461684,0.176421,0.701146][-0.092038,-0.995755,0.000742119][0.939209,0.259686,0][0.396106,0.182429,0.739325][-0.846717,-0.270206,0.458321][0.930748,0.247007,0][0.375816,0.18401,0.662968][-0.964543,-0.263927,0][0.947669,0.243084,0][0.396106,0.182429,0.739325][-0.846717,-0.270206,0.458321][0.930748,0.247007,0][0.461684,0.176421,0.701146][-0.092038,-0.995755,0.000742119][0.939209,0.259686,0][0.489401,0.17343,0.729095][-0.104695,-0.994503,-0.00152988][0.933015,0.265046,0][0.489401,0.17343,0.729095][-0.104695,-0.994503,-0.00152988][0.933015,0.265046,0][0.445295,0.178059,0.789602][-0.822258,-0.55272,-0.135619][0.919606,0.256518,0][0.396106,0.182429,0.739325][-0.846717,-0.270206,0.458321][0.930748,0.247007,0][0.445295,0.178059,0.789602][-0.822258,-0.55272,-0.135619][0.919606,0.256518,0][0.489401,0.17343,0.729095][-0.104695,-0.994503,-0.00152988][0.933015,0.265046,0][0.527263,0.16886,0.739325][-0.113828,-0.993493,-0.00380688][0.930748,0.272367,0][0.527263,0.16886,0.739325][-0.113828,-0.993493,-0.00380688][0.930748,0.272367,0][0.527263,0.16886,0.789602][-0.113828,-0.993493,-0.00380688][0.919606,0.272366,0][0.445295,0.178059,0.789602][-0.822258,-0.55272,-0.135619][0.919606,0.256518,0][0.527263,0.16886,1.12872][-0.020436,-0.313223,0.94946][0.844457,0.272366,0][0.439052,0.178658,1.10488][-0.491113,-0.306553,0.815373][0.849738,0.255311,0][0.483157,0.174129,1.02785][0.284778,-0.714666,-0.63887][0.866809,0.263839,0][0.483157,0.174129,1.02785][0.284778,-0.714666,-0.63887][0.866809,0.263839,0][0.527263,0.16886,1.03977][-0.105258,-0.697064,-0.709241][0.864168,0.272366,0][0.527263,0.16886,1.12872][-0.020436,-0.313223,0.94946][0.844457,0.272366,0][0.439052,0.178658,1.10488][-0.491113,-0.306553,0.815373][0.849738,0.255311,0][0.374476,0.18411,1.03977][-0.830194,-0.30398,0.467306][0.864169,0.242825,0][0.45087,0.177512,0.995291][0.580381,-0.722836,-0.375054][0.874024,0.257595,0][0.45087,0.177512,0.995291][0.580381,-0.722836,-0.375054][0.874024,0.257595,0][0.483157,0.174129,1.02785][0.284778,-0.714666,-0.63887][0.866809,0.263839,0][0.439052,0.178658,1.10488][-0.491113,-0.306553,0.815373][0.849738,0.255311,0][0.374476,0.18411,1.03977][-0.830194,-0.30398,0.467306][0.864169,0.242825,0][0.35084,0.185793,0.950817][-0.952862,-0.303403,0][0.88388,0.238255,0][0.439052,0.178658,0.950817][0.68897,-0.72479,0][0.88388,0.25531,0][0.439052,0.178658,0.950817][0.68897,-0.72479,0][0.88388,0.25531,0][0.45087,0.177512,0.995291][0.580381,-0.722836,-0.375054][0.874024,0.257595,0][0.374476,0.18411,1.03977][-0.830194,-0.30398,0.467306][0.864169,0.242825,0][0.35084,0.185793,0.950817][-0.952862,-0.303403,0][0.88388,0.238255,0][0.374476,0.18411,0.861868][-0.826636,-0.300105,-0.476035][0.903592,0.242825,0][0.45087,0.177512,0.906342][0.567928,-0.73592,0.368619][0.893736,0.257596,0][0.45087,0.177512,0.906342][0.567928,-0.73592,0.368619][0.893736,0.257596,0][0.439052,0.178658,0.950817][0.68897,-0.72479,0][0.88388,0.25531,0][0.35084,0.185793,0.950817][-0.952862,-0.303403,0][0.88388,0.238255,0][0.374476,0.18411,0.861868][-0.826636,-0.300105,-0.476035][0.903592,0.242825,0][0.445295,0.178059,0.789602][-0.822258,-0.55272,-0.135619][0.919606,0.256518,0][0.483157,0.174129,0.873785][0.291862,-0.703607,0.647884][0.900951,0.263838,0][0.483157,0.174129,0.873785][0.291862,-0.703607,0.647884][0.900951,0.263838,0][0.45087,0.177512,0.906342][0.567928,-0.73592,0.368619][0.893736,0.257596,0][0.374476,0.18411,0.861868][-0.826636,-0.300105,-0.476035][0.903592,0.242825,0][0.445295,0.178059,0.789602][-0.822258,-0.55272,-0.135619][0.919606,0.256518,0][0.527263,0.16886,0.789602][-0.113766,-0.993504,0.00257612][0.919606,0.272366,0][0.527263,0.16886,0.861868][-0.09901,-0.641322,0.760857][0.903592,0.272367,0][0.527263,0.16886,0.861868][-0.09901,-0.641322,0.760857][0.903592,0.272367,0][0.483157,0.174129,0.873785][0.291862,-0.703607,0.647884][0.900951,0.263838,0][0.445295,0.178059,0.789602][-0.822258,-0.55272,-0.135619][0.919606,0.256518,0][0.527263,0.16886,0.510254][-0.014878,-0.272777,-0.961962][0.981511,0.272367,0][0.602986,0.157843,0.530714][0.469246,-0.281873,-0.836873][0.976977,0.287007,0][0.565125,0.163683,0.596841][-0.154074,-0.988059,0.00103112][0.962323,0.279687,0][0.565125,0.163683,0.596841][-0.154074,-0.988059,0.00103112][0.962323,0.279687,0][0.527263,0.16886,0.586611][-0.141898,-0.989877,0.00286812][0.96459,0.272367,0][0.527263,0.16886,0.510254][-0.014878,-0.272777,-0.961962][0.981511,0.272367,0][0.602986,0.157843,0.530714][0.469246,-0.281873,-0.836873][0.976977,0.287007,0][0.65842,0.147966,0.586611][0.825081,-0.291161,-0.484218][0.96459,0.297725,0][0.592841,0.159476,0.624789][-0.171876,-0.985118,-0.00120188][0.95613,0.285046,0][0.592841,0.159476,0.624789][-0.171876,-0.985118,-0.00120188][0.95613,0.285046,0][0.565125,0.163683,0.596841][-0.154074,-0.988059,0.00103112][0.962323,0.279687,0][0.602986,0.157843,0.530714][0.469246,-0.281873,-0.836873][0.976977,0.287007,0][0.65842,0.147966,0.586611][0.825081,-0.291161,-0.484218][0.96459,0.297725,0][0.67871,0.143922,0.662968][0.955437,-0.295195,0][0.947669,0.301649,0][0.602986,0.157843,0.662968][-0.177551,-0.984112,0][0.947669,0.287007,0][0.602986,0.157843,0.662968][-0.177551,-0.984112,0][0.947669,0.287007,0][0.592841,0.159476,0.624789][-0.171876,-0.985118,-0.00120188][0.95613,0.285046,0][0.65842,0.147966,0.586611][0.825081,-0.291161,-0.484218][0.96459,0.297725,0][0.67871,0.143922,0.662968][0.955437,-0.295195,0][0.947669,0.301649,0][0.65842,0.147966,0.739325][0.832315,-0.296462,0.468362][0.930748,0.297726,0][0.592841,0.159476,0.701146][-0.17209,-0.98508,0.00135912][0.939209,0.285046,0][0.592841,0.159476,0.701146][-0.17209,-0.98508,0.00135912][0.939209,0.285046,0][0.602986,0.157843,0.662968][-0.177551,-0.984112,0][0.947669,0.287007,0][0.67871,0.143922,0.662968][0.955437,-0.295195,0][0.947669,0.301649,0][0.65842,0.147966,0.739325][0.832315,-0.296462,0.468362][0.930748,0.297726,0][0.60923,0.156812,0.789602][0.801846,-0.576029,-0.158852][0.919606,0.288214,0][0.565125,0.163683,0.729095][-0.154724,-0.987956,-0.00168488][0.933015,0.279687,0][0.565125,0.163683,0.729095][-0.154724,-0.987956,-0.00168488][0.933015,0.279687,0][0.592841,0.159476,0.701146][-0.17209,-0.98508,0.00135912][0.939209,0.285046,0][0.65842,0.147966,0.739325][0.832315,-0.296462,0.468362][0.930748,0.297726,0][0.60923,0.156812,0.789602][0.801846,-0.576029,-0.158852][0.919606,0.288214,0][0.527263,0.16886,0.789602][-0.142663,-0.989761,-0.00459288][0.919606,0.272366,0][0.527263,0.16886,0.739325][-0.142663,-0.989761,-0.00459288][0.930748,0.272367,0][0.527263,0.16886,0.739325][-0.142663,-0.989761,-0.00459288][0.930748,0.272367,0][0.565125,0.163683,0.729095][-0.154724,-0.987956,-0.00168488][0.933015,0.279687,0][0.60923,0.156812,0.789602][0.801846,-0.576029,-0.158852][0.919606,0.288214,0][0.527263,0.16886,1.12872][-0.020436,-0.313223,0.94946][0.844457,0.272366,0][0.527263,0.16886,1.03977][-0.105258,-0.697064,-0.709241][0.864168,0.272366,0][0.571369,0.162768,1.02785][-0.460781,-0.673467,-0.578033][0.86681,0.280894,0][0.571369,0.162768,1.02785][-0.460781,-0.673467,-0.578033][0.86681,0.280894,0][0.615474,0.155761,1.10488][0.456562,-0.32487,0.828258][0.849738,0.289422,0][0.527263,0.16886,1.12872][-0.020436,-0.313223,0.94946][0.844457,0.272366,0][0.615474,0.155761,1.10488][0.456562,-0.32487,0.828258][0.849738,0.289422,0][0.571369,0.162768,1.02785][-0.460781,-0.673467,-0.578033][0.86681,0.280894,0][0.603656,0.157733,0.995291][-0.687997,-0.654044,-0.314461][0.874024,0.287137,0][0.603656,0.157733,0.995291][-0.687997,-0.654044,-0.314461][0.874024,0.287137,0][0.680049,0.143646,1.03977][0.809324,-0.337475,0.480735][0.864168,0.301908,0][0.615474,0.155761,1.10488][0.456562,-0.32487,0.828258][0.849738,0.289422,0][0.680049,0.143646,1.03977][0.809324,-0.337475,0.480735][0.864168,0.301908,0][0.603656,0.157733,0.995291][-0.687997,-0.654044,-0.314461][0.874024,0.287137,0][0.615474,0.155761,0.950817][-0.762638,-0.646826,0][0.88388,0.289422,0][0.615474,0.155761,0.950817][-0.762638,-0.646826,0][0.88388,0.289422,0][0.703686,0.138604,0.950817][0.939294,-0.343113,0][0.88388,0.306478,0][0.680049,0.143646,1.03977][0.809324,-0.337475,0.480735][0.864168,0.301908,0][0.703686,0.138604,0.950817][0.939294,-0.343113,0][0.88388,0.306478,0][0.615474,0.155761,0.950817][-0.762638,-0.646826,0][0.88388,0.289422,0][0.603656,0.157733,0.906342][-0.679556,-0.665431,0.308878][0.893736,0.287137,0][0.603656,0.157733,0.906342][-0.679556,-0.665431,0.308878][0.893736,0.287137,0][0.680049,0.143646,0.861868][0.805349,-0.333936,-0.489795][0.903592,0.301908,0][0.703686,0.138604,0.950817][0.939294,-0.343113,0][0.88388,0.306478,0][0.680049,0.143646,0.861868][0.805349,-0.333936,-0.489795][0.903592,0.301908,0][0.603656,0.157733,0.906342][-0.679556,-0.665431,0.308878][0.893736,0.287137,0][0.571369,0.162768,0.873785][-0.465383,-0.663044,0.586338][0.900951,0.280894,0][0.571369,0.162768,0.873785][-0.465383,-0.663044,0.586338][0.900951,0.280894,0][0.60923,0.156812,0.789602][0.801846,-0.576029,-0.158852][0.919606,0.288214,0][0.680049,0.143646,0.861868][0.805349,-0.333936,-0.489795][0.903592,0.301908,0][0.60923,0.156812,0.789602][0.801846,-0.576029,-0.158852][0.919606,0.288214,0][0.571369,0.162768,0.873785][-0.465383,-0.663044,0.586338][0.900951,0.280894,0][0.527263,0.16886,0.861868][-0.09901,-0.641322,0.760857][0.903592,0.272367,0][0.527263,0.16886,0.861868][-0.09901,-0.641322,0.760857][0.903592,0.272367,0][0.527263,0.16886,0.789602][-0.142711,-0.98976,0.00314212][0.919606,0.272366,0][0.60923,0.156812,0.789602][0.801846,-0.576029,-0.158852][0.919606,0.288214,0][0.45154,0.344253,0.530714][-0.511949,0.0377799,-0.858185][0.462452,0.958875,0][0.455278,0.351063,0.537144][-0.289037,0.735814,-0.612401][0.46386,0.955708,0][0.527263,0.34285,0.517694][0.082698,0.715582,-0.693616][0.490931,0.9632,0][0.527263,0.34285,0.517694][0.082698,0.715582,-0.693616][0.490931,0.9632,0][0.527263,0.335668,0.510254][-0.015268,0.0375219,-0.999179][0.491465,0.966726,0][0.45154,0.344253,0.530714][-0.511949,0.0377799,-0.858185][0.462452,0.958875,0][0.599247,0.332441,0.537144][0.436586,0.687207,-0.580637][0.51817,0.9559,0][0.602986,0.324651,0.530714][0.489029,0.0367009,-0.871495][0.520535,0.958742,0][0.527263,0.335668,0.510254][-0.015268,0.0375219,-0.999179][0.491465,0.966726,0][0.527263,0.335668,0.510254][-0.015268,0.0375219,-0.999179][0.491465,0.966726,0][0.527263,0.34285,0.517694][0.082698,0.715582,-0.693616][0.490931,0.9632,0][0.599247,0.332441,0.537144][0.436586,0.687207,-0.580637][0.51817,0.9559,0][0.396106,0.349237,0.586611][-0.869736,0.0377289,-0.492074][0.441172,0.937605,0][0.402555,0.35589,0.590308][-0.563907,0.74541,-0.35549][0.444041,0.935743,0][0.455278,0.351063,0.537144][-0.289037,0.735814,-0.612401][0.46386,0.955708,0][0.455278,0.351063,0.537144][-0.289037,0.735814,-0.612401][0.46386,0.955708,0][0.45154,0.344253,0.530714][-0.511949,0.0377799,-0.858185][0.462452,0.958875,0][0.396106,0.349237,0.586611][-0.869736,0.0377289,-0.492074][0.441172,0.937605,0][0.375816,0.350818,0.662968][-0.99929,0.037678,9.95508e-007][0.433822,0.908375,0][0.383248,0.357436,0.662968][-0.663845,0.747871,1.59108e-005][0.437255,0.908418,0][0.402555,0.35589,0.590308][-0.563907,0.74541,-0.35549][0.444041,0.935743,0][0.402555,0.35589,0.590308][-0.563907,0.74541,-0.35549][0.444041,0.935743,0][0.396106,0.349237,0.586611][-0.869736,0.0377289,-0.492074][0.441172,0.937605,0][0.375816,0.350818,0.662968][-0.99929,0.037678,9.95508e-007][0.433822,0.908375,0][0.396106,0.349237,0.739325][-0.878271,0.0387341,0.476592][0.441624,0.879209,0][0.402562,0.35589,0.735653][-0.567663,0.745788,0.348653][0.444438,0.881143,0][0.383248,0.357436,0.662968][-0.663845,0.747871,1.59108e-005][0.437255,0.908418,0][0.383248,0.357436,0.662968][-0.663845,0.747871,1.59108e-005][0.437255,0.908418,0][0.375816,0.350818,0.662968][-0.99929,0.037678,9.95508e-007][0.433822,0.908375,0][0.396106,0.349237,0.739325][-0.878271,0.0387341,0.476592][0.441624,0.879209,0][0.445295,0.344866,0.789602][-0.981802,0.077046,-0.173575][0.460359,0.860507,0][0.455348,0.351056,0.789607][-0.454926,0.730327,0.509573][0.464713,0.860455,0][0.402562,0.35589,0.735653][-0.567663,0.745788,0.348653][0.444438,0.881143,0][0.402562,0.35589,0.735653][-0.567663,0.745788,0.348653][0.444438,0.881143,0][0.396106,0.349237,0.739325][-0.878271,0.0387341,0.476592][0.441624,0.879209,0][0.445295,0.344866,0.789602][-0.981802,0.077046,-0.173575][0.460359,0.860507,0][0.374476,0.350918,0.861868][-0.864388,0.0388689,-0.501322][0.433808,0.833008,0][0.380932,0.357613,0.865542][-0.559963,0.744216,-0.36412][0.436667,0.831116,0][0.455348,0.351056,0.789607][-0.456181,0.729838,-0.509152][0.464713,0.860455,0][0.455348,0.351056,0.789607][-0.456181,0.729838,-0.509152][0.464713,0.860455,0][0.445295,0.344866,0.789602][-0.981802,0.077046,-0.173575][0.460359,0.860507,0][0.374476,0.350918,0.861868][-0.864388,0.0388689,-0.501322][0.433808,0.833008,0][0.615474,0.322568,1.10488][0.488568,0.0369041,0.871745][0.525253,0.740212,0][0.611735,0.330383,1.09845][0.439675,0.685723,0.58006][0.52292,0.743119,0][0.527263,0.34285,1.12127][0.082808,0.715334,0.693859][0.49089,0.734632,0][0.527263,0.34285,1.12127][0.082808,0.715334,0.693859][0.49089,0.734632,0][0.527263,0.335668,1.12872][-0.015292,0.0377551,0.99917][0.491425,0.731109,0][0.615474,0.322568,1.10488][0.488568,0.0369041,0.871745][0.525253,0.740212,0][0.442791,0.352291,1.09845][-0.291547,0.735066,0.612109][0.459023,0.743437,0][0.439052,0.345465,1.10488][-0.51162,0.0379461,0.858373][0.457583,0.740298,0][0.527263,0.335668,1.12872][-0.015292,0.0377551,0.99917][0.491425,0.731109,0][0.527263,0.335668,1.12872][-0.015292,0.0377551,0.99917][0.491425,0.731109,0][0.527263,0.34285,1.12127][0.082808,0.715334,0.693859][0.49089,0.734632,0][0.442791,0.352291,1.09845][-0.291547,0.735066,0.612109][0.459023,0.743437,0][0.380926,0.357614,1.03607][-0.56695,0.74344,0.354774][0.435946,0.767046,0][0.374476,0.350918,1.03977][-0.869563,0.0378221,0.492372][0.433039,0.765217,0][0.439052,0.345465,1.10488][-0.51162,0.0379461,0.858373][0.457583,0.740298,0][0.439052,0.345465,1.10488][-0.51162,0.0379461,0.858373][0.457583,0.740298,0][0.442791,0.352291,1.09845][-0.291547,0.735066,0.612109][0.459023,0.743437,0][0.380926,0.357614,1.03607][-0.56695,0.74344,0.354774][0.435946,0.767046,0][0.358272,0.359271,0.950817][-0.666695,0.745331,-1.20888e-005][0.428385,0.799153,0][0.35084,0.3526,0.950817][-0.999287,0.037743,-1.0045e-006][0.424954,0.799151,0][0.374476,0.350918,1.03977][-0.869563,0.0378221,0.492372][0.433039,0.765217,0][0.374476,0.350918,1.03977][-0.869563,0.0378221,0.492372][0.433039,0.765217,0][0.380926,0.357614,1.03607][-0.56695,0.74344,0.354774][0.435946,0.767046,0][0.358272,0.359271,0.950817][-0.666695,0.745331,-1.20888e-005][0.428385,0.799153,0][0.380932,0.357613,0.865542][-0.559963,0.744216,-0.36412][0.436667,0.831116,0][0.374476,0.350918,0.861868][-0.864388,0.0388689,-0.501322][0.433808,0.833008,0][0.35084,0.3526,0.950817][-0.999287,0.037743,-1.0045e-006][0.424954,0.799151,0][0.35084,0.3526,0.950817][-0.999287,0.037743,-1.0045e-006][0.424954,0.799151,0][0.358272,0.359271,0.950817][-0.666695,0.745331,-1.20888e-005][0.428385,0.799153,0][0.380932,0.357613,0.865542][-0.559963,0.744216,-0.36412][0.436667,0.831116,0][0.65197,0.323192,0.590308][0.676135,0.661767,-0.323892][0.538468,0.936049,0][0.65842,0.314774,0.586611][0.862129,0.0355899,-0.505437][0.542003,0.937582,0][0.602986,0.324651,0.530714][0.489029,0.0367009,-0.871495][0.520535,0.958742,0][0.602986,0.324651,0.530714][0.489029,0.0367009,-0.871495][0.520535,0.958742,0][0.599247,0.332441,0.537144][0.436586,0.687207,-0.580637][0.51817,0.9559,0][0.65197,0.323192,0.590308][0.676135,0.661767,-0.323892][0.538468,0.936049,0][0.671278,0.319422,0.662968][0.75857,0.651592,1.29223e-005][0.545767,0.908588,0][0.67871,0.31073,0.662968][0.999386,0.035045,9.95822e-007][0.549662,0.908572,0][0.65842,0.314774,0.586611][0.862129,0.0355899,-0.505437][0.542003,0.937582,0][0.65842,0.314774,0.586611][0.862129,0.0355899,-0.505437][0.542003,0.937582,0][0.65197,0.323192,0.590308][0.676135,0.661767,-0.323892][0.538468,0.936049,0][0.671278,0.319422,0.662968][0.75857,0.651592,1.29223e-005][0.545767,0.908588,0][0.651964,0.323193,0.735653][0.679152,0.661966,0.317101][0.538154,0.881134,0][0.65842,0.314774,0.739325][0.871118,0.0367721,0.489695][0.541676,0.879611,0][0.67871,0.31073,0.662968][0.999386,0.035045,9.95822e-007][0.549662,0.908572,0][0.67871,0.31073,0.662968][0.999386,0.035045,9.95822e-007][0.549662,0.908572,0][0.671278,0.319422,0.662968][0.75857,0.651592,1.29223e-005][0.545767,0.908588,0][0.651964,0.323193,0.735653][0.679152,0.661966,0.317101][0.538154,0.881134,0][0.599177,0.332453,0.789607][0.589725,0.662483,0.461888][0.517679,0.86047,0][0.60923,0.32362,0.789602][0.981828,0.086423,-0.168952][0.522504,0.860449,0][0.65842,0.314774,0.739325][0.871118,0.0367721,0.489695][0.541676,0.879611,0][0.65842,0.314774,0.739325][0.871118,0.0367721,0.489695][0.541676,0.879611,0][0.651964,0.323193,0.735653][0.679152,0.661966,0.317101][0.538154,0.881134,0][0.599177,0.332453,0.789607][0.589725,0.662483,0.461888][0.517679,0.86047,0][0.673594,0.318955,0.865542][0.674233,0.660333,-0.330712][0.546033,0.830954,0][0.680049,0.310454,0.861868][0.856898,0.0363419,-0.514204][0.549577,0.832484,0][0.60923,0.32362,0.789602][0.981828,0.086423,-0.168952][0.522504,0.860449,0][0.60923,0.32362,0.789602][0.981828,0.086423,-0.168952][0.522504,0.860449,0][0.599177,0.332453,0.789607][0.591739,0.661367,-0.460911][0.517679,0.86047,0][0.673594,0.318955,0.865542][0.674233,0.660333,-0.330712][0.546033,0.830954,0][0.680049,0.310454,1.03977][0.861852,0.0356581,0.505904][0.550245,0.765262,0][0.6736,0.318954,1.03607][0.680141,0.658239,0.322692][0.546648,0.766724,0][0.611735,0.330383,1.09845][0.439675,0.685723,0.58006][0.52292,0.743119,0][0.611735,0.330383,1.09845][0.439675,0.685723,0.58006][0.52292,0.743119,0][0.615474,0.322568,1.10488][0.488568,0.0369041,0.871745][0.525253,0.740212,0][0.680049,0.310454,1.03977][0.861852,0.0356581,0.505904][0.550245,0.765262,0][0.703686,0.305412,0.950817][0.999386,0.035029,-1.00418e-006][0.558774,0.799053,0][0.696254,0.314217,0.950817][0.762403,0.647103,-9.07714e-006][0.554834,0.798974,0][0.6736,0.318954,1.03607][0.680141,0.658239,0.322692][0.546648,0.766724,0][0.6736,0.318954,1.03607][0.680141,0.658239,0.322692][0.546648,0.766724,0][0.680049,0.310454,1.03977][0.861852,0.0356581,0.505904][0.550245,0.765262,0][0.703686,0.305412,0.950817][0.999386,0.035029,-1.00418e-006][0.558774,0.799053,0][0.680049,0.310454,0.861868][0.856898,0.0363419,-0.514204][0.549577,0.832484,0][0.673594,0.318955,0.865542][0.674233,0.660333,-0.330712][0.546033,0.830954,0][0.696254,0.314217,0.950817][0.762403,0.647103,-9.07714e-006][0.554834,0.798974,0][0.696254,0.314217,0.950817][0.762403,0.647103,-9.07714e-006][0.554834,0.798974,0][0.703686,0.305412,0.950817][0.999386,0.035029,-1.00418e-006][0.558774,0.799053,0][0.680049,0.310454,0.861868][0.856898,0.0363419,-0.514204][0.549577,0.832484,0][0.45154,0.177446,0.530714][-0.494104,-0.267073,-0.827365][0.0468,0.184811,0][0.45154,0.344253,0.530714][-0.511949,0.0377799,-0.858185][0.0468,0.212631,0][0.527263,0.335668,0.510254][-0.015268,0.0375219,-0.999179][0.01898,0.212631,0][0.527263,0.335668,0.510254][-0.015268,0.0375219,-0.999179][0.01898,0.212631,0][0.527263,0.16886,0.510254][-0.014878,-0.272777,-0.961962][0.01898,0.184811,0][0.45154,0.177446,0.530714][-0.494104,-0.267073,-0.827365][0.0468,0.184811,0][0.396106,0.182429,0.586611][-0.839588,-0.264565,-0.474444][0.07462,0.184811,0][0.396106,0.349237,0.586611][-0.869736,0.0377289,-0.492074][0.07462,0.212631,0][0.45154,0.344253,0.530714][-0.511949,0.0377799,-0.858185][0.0468,0.212631,0][0.45154,0.344253,0.530714][-0.511949,0.0377799,-0.858185][0.0468,0.212631,0][0.45154,0.177446,0.530714][-0.494104,-0.267073,-0.827365][0.0468,0.184811,0][0.396106,0.182429,0.586611][-0.839588,-0.264565,-0.474444][0.07462,0.184811,0][0.375816,0.18401,0.662968][-0.964543,-0.263927,0][0.102439,0.184811,0][0.375816,0.350818,0.662968][-0.99929,0.037678,9.95508e-007][0.102439,0.212631,0][0.396106,0.349237,0.586611][-0.869736,0.0377289,-0.492074][0.07462,0.212631,0][0.396106,0.349237,0.586611][-0.869736,0.0377289,-0.492074][0.07462,0.212631,0][0.396106,0.182429,0.586611][-0.839588,-0.264565,-0.474444][0.07462,0.184811,0][0.375816,0.18401,0.662968][-0.964543,-0.263927,0][0.102439,0.184811,0][0.396106,0.182429,0.739325][-0.846717,-0.270206,0.458321][0.130259,0.184811,0][0.396106,0.349237,0.739325][-0.878271,0.0387341,0.476592][0.130259,0.212631,0][0.375816,0.350818,0.662968][-0.99929,0.037678,9.95508e-007][0.102439,0.212631,0][0.375816,0.350818,0.662968][-0.99929,0.037678,9.95508e-007][0.102439,0.212631,0][0.375816,0.18401,0.662968][-0.964543,-0.263927,0][0.102439,0.184811,0][0.396106,0.182429,0.739325][-0.846717,-0.270206,0.458321][0.130259,0.184811,0][0.445295,0.178059,0.789602][-0.822258,-0.55272,-0.135619][0.158079,0.184811,0][0.445295,0.344866,0.789602][-0.981802,0.077046,-0.173575][0.158079,0.212631,0][0.396106,0.349237,0.739325][-0.878271,0.0387341,0.476592][0.130259,0.212631,0][0.396106,0.349237,0.739325][-0.878271,0.0387341,0.476592][0.130259,0.212631,0][0.396106,0.182429,0.739325][-0.846717,-0.270206,0.458321][0.130259,0.184811,0][0.445295,0.178059,0.789602][-0.822258,-0.55272,-0.135619][0.158079,0.184811,0][0.527263,0.16886,1.12872][-0.020436,-0.313223,0.94946][0.297178,0.184811,0][0.527263,0.335668,1.12872][-0.015292,0.0377551,0.99917][0.297178,0.212631,0][0.439052,0.345465,1.10488][-0.51162,0.0379461,0.858373][0.269358,0.212631,0][0.439052,0.345465,1.10488][-0.51162,0.0379461,0.858373][0.269358,0.212631,0][0.439052,0.178658,1.10488][-0.491113,-0.306553,0.815373][0.269358,0.184811,0][0.527263,0.16886,1.12872][-0.020436,-0.313223,0.94946][0.297178,0.184811,0][0.439052,0.178658,1.10488][-0.491113,-0.306553,0.815373][0.269358,0.184811,0][0.439052,0.345465,1.10488][-0.51162,0.0379461,0.858373][0.269358,0.212631,0][0.374476,0.350918,1.03977][-0.869563,0.0378221,0.492372][0.241539,0.212631,0][0.374476,0.350918,1.03977][-0.869563,0.0378221,0.492372][0.241539,0.212631,0][0.374476,0.18411,1.03977][-0.830194,-0.30398,0.467306][0.241539,0.184811,0][0.439052,0.178658,1.10488][-0.491113,-0.306553,0.815373][0.269358,0.184811,0][0.374476,0.18411,1.03977][-0.830194,-0.30398,0.467306][0.241539,0.184811,0][0.374476,0.350918,1.03977][-0.869563,0.0378221,0.492372][0.241539,0.212631,0][0.35084,0.3526,0.950817][-0.999287,0.037743,-1.0045e-006][0.213719,0.212631,0][0.35084,0.3526,0.950817][-0.999287,0.037743,-1.0045e-006][0.213719,0.212631,0][0.35084,0.185793,0.950817][-0.952862,-0.303403,0][0.213719,0.184811,0][0.374476,0.18411,1.03977][-0.830194,-0.30398,0.467306][0.241539,0.184811,0][0.35084,0.185793,0.950817][-0.952862,-0.303403,0][0.213719,0.184811,0][0.35084,0.3526,0.950817][-0.999287,0.037743,-1.0045e-006][0.213719,0.212631,0][0.374476,0.350918,0.861868][-0.864388,0.0388689,-0.501322][0.185899,0.212631,0][0.374476,0.350918,0.861868][-0.864388,0.0388689,-0.501322][0.185899,0.212631,0][0.374476,0.18411,0.861868][-0.826636,-0.300105,-0.476035][0.185899,0.184811,0][0.35084,0.185793,0.950817][-0.952862,-0.303403,0][0.213719,0.184811,0][0.374476,0.18411,0.861868][-0.826636,-0.300105,-0.476035][0.185899,0.184811,0][0.374476,0.350918,0.861868][-0.864388,0.0388689,-0.501322][0.185899,0.212631,0][0.445295,0.344866,0.789602][-0.981802,0.077046,-0.173575][0.158079,0.212631,0][0.445295,0.344866,0.789602][-0.981802,0.077046,-0.173575][0.158079,0.212631,0][0.445295,0.178059,0.789602][-0.822258,-0.55272,-0.135619][0.158079,0.184811,0][0.374476,0.18411,0.861868][-0.826636,-0.300105,-0.476035][0.185899,0.184811,0][0.527263,0.16886,0.510254][-0.014878,-0.272777,-0.961962][0.575377,0.184811,0][0.527263,0.335668,0.510254][-0.015268,0.0375219,-0.999179][0.575377,0.212631,0][0.602986,0.324651,0.530714][0.489029,0.0367009,-0.871495][0.547557,0.212631,0][0.602986,0.324651,0.530714][0.489029,0.0367009,-0.871495][0.547557,0.212631,0][0.602986,0.157843,0.530714][0.469246,-0.281873,-0.836873][0.547557,0.184811,0][0.527263,0.16886,0.510254][-0.014878,-0.272777,-0.961962][0.575377,0.184811,0][0.602986,0.157843,0.530714][0.469246,-0.281873,-0.836873][0.547557,0.184811,0][0.602986,0.324651,0.530714][0.489029,0.0367009,-0.871495][0.547557,0.212631,0][0.65842,0.314774,0.586611][0.862129,0.0355899,-0.505437][0.519737,0.212631,0][0.65842,0.314774,0.586611][0.862129,0.0355899,-0.505437][0.519737,0.212631,0][0.65842,0.147966,0.586611][0.825081,-0.291161,-0.484218][0.519737,0.184811,0][0.602986,0.157843,0.530714][0.469246,-0.281873,-0.836873][0.547557,0.184811,0][0.65842,0.147966,0.586611][0.825081,-0.291161,-0.484218][0.519737,0.184811,0][0.65842,0.314774,0.586611][0.862129,0.0355899,-0.505437][0.519737,0.212631,0][0.67871,0.31073,0.662968][0.999386,0.035045,9.95822e-007][0.491917,0.212631,0][0.67871,0.31073,0.662968][0.999386,0.035045,9.95822e-007][0.491917,0.212631,0][0.67871,0.143922,0.662968][0.955437,-0.295195,0][0.491917,0.184811,0][0.65842,0.147966,0.586611][0.825081,-0.291161,-0.484218][0.519737,0.184811,0][0.67871,0.143922,0.662968][0.955437,-0.295195,0][0.491917,0.184811,0][0.67871,0.31073,0.662968][0.999386,0.035045,9.95822e-007][0.491917,0.212631,0][0.65842,0.314774,0.739325][0.871118,0.0367721,0.489695][0.464097,0.212631,0][0.65842,0.314774,0.739325][0.871118,0.0367721,0.489695][0.464097,0.212631,0][0.65842,0.147966,0.739325][0.832315,-0.296462,0.468362][0.464097,0.184811,0][0.67871,0.143922,0.662968][0.955437,-0.295195,0][0.491917,0.184811,0][0.65842,0.147966,0.739325][0.832315,-0.296462,0.468362][0.464097,0.184811,0][0.65842,0.314774,0.739325][0.871118,0.0367721,0.489695][0.464097,0.212631,0][0.60923,0.32362,0.789602][0.981828,0.086423,-0.168952][0.436277,0.212631,0][0.60923,0.32362,0.789602][0.981828,0.086423,-0.168952][0.436277,0.212631,0][0.60923,0.156812,0.789602][0.801846,-0.576029,-0.158852][0.436277,0.184811,0][0.65842,0.147966,0.739325][0.832315,-0.296462,0.468362][0.464097,0.184811,0][0.615474,0.155761,1.10488][0.456562,-0.32487,0.828258][0.324998,0.184811,0][0.615474,0.322568,1.10488][0.488568,0.0369041,0.871745][0.324998,0.212631,0][0.527263,0.335668,1.12872][-0.015292,0.0377551,0.99917][0.297178,0.212631,0][0.527263,0.335668,1.12872][-0.015292,0.0377551,0.99917][0.297178,0.212631,0][0.527263,0.16886,1.12872][-0.020436,-0.313223,0.94946][0.297178,0.184811,0][0.615474,0.155761,1.10488][0.456562,-0.32487,0.828258][0.324998,0.184811,0][0.680049,0.143646,1.03977][0.809324,-0.337475,0.480735][0.352818,0.184811,0][0.680049,0.310454,1.03977][0.861852,0.0356581,0.505904][0.352818,0.212631,0][0.615474,0.322568,1.10488][0.488568,0.0369041,0.871745][0.324998,0.212631,0][0.615474,0.322568,1.10488][0.488568,0.0369041,0.871745][0.324998,0.212631,0][0.615474,0.155761,1.10488][0.456562,-0.32487,0.828258][0.324998,0.184811,0][0.680049,0.143646,1.03977][0.809324,-0.337475,0.480735][0.352818,0.184811,0][0.703686,0.138604,0.950817][0.939294,-0.343113,0][0.380638,0.184811,0][0.703686,0.305412,0.950817][0.999386,0.035029,-1.00418e-006][0.380638,0.212631,0][0.680049,0.310454,1.03977][0.861852,0.0356581,0.505904][0.352818,0.212631,0][0.680049,0.310454,1.03977][0.861852,0.0356581,0.505904][0.352818,0.212631,0][0.680049,0.143646,1.03977][0.809324,-0.337475,0.480735][0.352818,0.184811,0][0.703686,0.138604,0.950817][0.939294,-0.343113,0][0.380638,0.184811,0][0.680049,0.143646,0.861868][0.805349,-0.333936,-0.489795][0.408458,0.184811,0][0.680049,0.310454,0.861868][0.856898,0.0363419,-0.514204][0.408458,0.212631,0][0.703686,0.305412,0.950817][0.999386,0.035029,-1.00418e-006][0.380638,0.212631,0][0.703686,0.305412,0.950817][0.999386,0.035029,-1.00418e-006][0.380638,0.212631,0][0.703686,0.138604,0.950817][0.939294,-0.343113,0][0.380638,0.184811,0][0.680049,0.143646,0.861868][0.805349,-0.333936,-0.489795][0.408458,0.184811,0][0.60923,0.156812,0.789602][0.801846,-0.576029,-0.158852][0.436277,0.184811,0][0.60923,0.32362,0.789602][0.981828,0.086423,-0.168952][0.436277,0.212631,0][0.680049,0.310454,0.861868][0.856898,0.0363419,-0.514204][0.408458,0.212631,0][0.680049,0.310454,0.861868][0.856898,0.0363419,-0.514204][0.408458,0.212631,0][0.680049,0.143646,0.861868][0.805349,-0.333936,-0.489795][0.408458,0.184811,0][0.60923,0.156812,0.789602][0.801846,-0.576029,-0.158852][0.436277,0.184811,0][0.481845,0.348264,0.583848][0.42476,0.697708,0.576873][0.473467,0.939158,0][0.489401,0.332906,0.596841][0.41167,0.698379,0.585487][0.477679,0.93312,0][0.527263,0.328336,0.586611][0.083534,0.71773,0.691293][0.492087,0.936709,0][0.527263,0.328336,0.586611][0.083534,0.71773,0.691293][0.492087,0.936709,0][0.527263,0.34285,0.571577][0.103687,0.716359,0.689984][0.491077,0.943716,0][0.481845,0.348264,0.583848][0.42476,0.697708,0.576873][0.473467,0.939158,0][0.565125,0.32316,0.596841][-0.259578,0.744204,0.615451][0.506494,0.933401,0][0.57268,0.336563,0.583848][-0.242124,0.742669,0.624355][0.509125,0.939757,0][0.527263,0.34285,0.571577][0.103687,0.716359,0.689984][0.491077,0.943716,0][0.527263,0.34285,0.571577][0.103687,0.716359,0.689984][0.491077,0.943716,0][0.527263,0.328336,0.586611][0.083534,0.71773,0.691293][0.492087,0.936709,0][0.565125,0.32316,0.596841][-0.259578,0.744204,0.615451][0.506494,0.933401,0][0.448652,0.351721,0.617319][0.64878,0.68763,0.325959][0.460478,0.926349,0][0.461684,0.335898,0.624789][0.64487,0.687789,0.333302][0.46707,0.922877,0][0.489401,0.332906,0.596841][0.41167,0.698379,0.585487][0.477679,0.93312,0][0.489401,0.332906,0.596841][0.41167,0.698379,0.585487][0.477679,0.93312,0][0.481845,0.348264,0.583848][0.42476,0.697708,0.576873][0.473467,0.939158,0][0.448652,0.351721,0.617319][0.64878,0.68763,0.325959][0.460478,0.926349,0][0.436522,0.352887,0.662968][0.728959,0.684558,0][0.455707,0.908529,0][0.45154,0.336922,0.662968][0.728959,0.684558,0][0.463132,0.90854,0][0.461684,0.335898,0.624789][0.64487,0.687789,0.333302][0.46707,0.922877,0][0.461684,0.335898,0.624789][0.64487,0.687789,0.333302][0.46707,0.922877,0][0.448652,0.351721,0.617319][0.64878,0.68763,0.325959][0.460478,0.926349,0][0.436522,0.352887,0.662968][0.728959,0.684558,0][0.455707,0.908529,0][0.448652,0.351721,0.708616][0.64878,0.687631,-0.325958][0.460751,0.890764,0][0.461684,0.335898,0.701146][0.64487,0.687789,-0.3333][0.467297,0.89429,0][0.45154,0.336922,0.662968][0.728959,0.684558,0][0.463132,0.90854,0][0.45154,0.336922,0.662968][0.728959,0.684558,0][0.463132,0.90854,0][0.436522,0.352887,0.662968][0.728959,0.684558,0][0.455707,0.908529,0][0.448652,0.351721,0.708616][0.64878,0.687631,-0.325958][0.460751,0.890764,0][0.481845,0.348264,0.742088][0.424759,0.69771,-0.576872][0.47369,0.877951,0][0.489401,0.332906,0.729095][0.41167,0.69838,-0.585485][0.477939,0.883886,0][0.461684,0.335898,0.701146][0.64487,0.687789,-0.3333][0.467297,0.89429,0][0.461684,0.335898,0.701146][0.64487,0.687789,-0.3333][0.467297,0.89429,0][0.448652,0.351721,0.708616][0.64878,0.687631,-0.325958][0.460751,0.890764,0][0.481845,0.348264,0.742088][0.424759,0.69771,-0.576872][0.47369,0.877951,0][0.527263,0.34285,0.754359][0.103688,0.71636,-0.689983][0.491102,0.872395,0][0.527263,0.328336,0.739325][0.083534,0.717731,-0.691292][0.49195,0.879572,0][0.489401,0.332906,0.729095][0.41167,0.69838,-0.585485][0.477939,0.883886,0][0.489401,0.332906,0.729095][0.41167,0.69838,-0.585485][0.477939,0.883886,0][0.481845,0.348264,0.742088][0.424759,0.69771,-0.576872][0.47369,0.877951,0][0.527263,0.34285,0.754359][0.103688,0.71636,-0.689983][0.491102,0.872395,0][0.57268,0.336563,0.742088][-0.242124,0.74267,-0.624354][0.508667,0.877735,0][0.565125,0.32316,0.729095][-0.259579,0.744204,-0.61545][0.506012,0.884056,0][0.527263,0.328336,0.739325][0.083534,0.717731,-0.691292][0.49195,0.879572,0][0.527263,0.328336,0.739325][0.083534,0.717731,-0.691292][0.49195,0.879572,0][0.527263,0.34285,0.754359][0.103688,0.71636,-0.689983][0.491102,0.872395,0][0.57268,0.336563,0.742088][-0.242124,0.74267,-0.624354][0.508667,0.877735,0][0.592841,0.318953,0.624789][-0.524556,0.769449,0.364402][0.516496,0.922773,0][0.605874,0.331359,0.617319][-0.518065,0.768769,0.37497][0.522096,0.926422,0][0.57268,0.336563,0.583848][-0.242124,0.742669,0.624355][0.509125,0.939757,0][0.57268,0.336563,0.583848][-0.242124,0.742669,0.624355][0.509125,0.939757,0][0.565125,0.32316,0.596841][-0.259578,0.744204,0.615451][0.506494,0.933401,0][0.592841,0.318953,0.624789][-0.524556,0.769449,0.364402][0.516496,0.922773,0][0.602986,0.317319,0.662968][-0.6255,0.780225,0][0.51969,0.908516,0][0.618004,0.32932,0.662968][-0.6255,0.780225,0][0.526318,0.908571,0][0.605874,0.331359,0.617319][-0.518065,0.768769,0.37497][0.522096,0.926422,0][0.605874,0.331359,0.617319][-0.518065,0.768769,0.37497][0.522096,0.926422,0][0.592841,0.318953,0.624789][-0.524556,0.769449,0.364402][0.516496,0.922773,0][0.602986,0.317319,0.662968][-0.6255,0.780225,0][0.51969,0.908516,0][0.592841,0.318953,0.701146][-0.524557,0.769449,-0.364401][0.516612,0.894268,0][0.605874,0.331359,0.708616][-0.518065,0.768769,-0.37497][0.52208,0.890506,0][0.618004,0.32932,0.662968][-0.6255,0.780225,0][0.526318,0.908571,0][0.618004,0.32932,0.662968][-0.6255,0.780225,0][0.526318,0.908571,0][0.602986,0.317319,0.662968][-0.6255,0.780225,0][0.51969,0.908516,0][0.592841,0.318953,0.701146][-0.524557,0.769449,-0.364401][0.516612,0.894268,0][0.565125,0.32316,0.729095][-0.259579,0.744204,-0.61545][0.506012,0.884056,0][0.57268,0.336563,0.742088][-0.242124,0.74267,-0.624354][0.508667,0.877735,0][0.605874,0.331359,0.708616][-0.518065,0.768769,-0.37497][0.52208,0.890506,0][0.605874,0.331359,0.708616][-0.518065,0.768769,-0.37497][0.52208,0.890506,0][0.592841,0.318953,0.701146][-0.524557,0.769449,-0.364401][0.516612,0.894268,0][0.565125,0.32316,0.729095][-0.259579,0.744204,-0.61545][0.506012,0.884056,0][0.527263,0.16886,0.586611][-0.021155,0,0.999776][0.556491,0.022033,0][0.527263,0.328336,0.586611][0.021361,0,0.999772][0.556491,0.073149,0][0.489401,0.332906,0.596841][0.517436,0,0.855722][0.535605,0.073149,0][0.489401,0.332906,0.596841][0.517436,0,0.855722][0.535605,0.073149,0][0.489401,0.17343,0.596841][0.48904,0,0.872261][0.535605,0.022033,0][0.527263,0.16886,0.586611][-0.021155,0,0.999776][0.556491,0.022033,0][0.489401,0.17343,0.596841][0.48904,0,0.872261][0.535605,0.022033,0][0.489401,0.332906,0.596841][0.517436,0,0.855722][0.535605,0.073149,0][0.461684,0.335898,0.624789][0.87215,0,0.489238][0.514574,0.073149,0][0.461684,0.335898,0.624789][0.87215,0,0.489238][0.514574,0.073149,0][0.461684,0.176421,0.624789][0.863559,0,0.504248][0.514574,0.022033,0][0.489401,0.17343,0.596841][0.48904,0,0.872261][0.535605,0.022033,0][0.461684,0.176421,0.624789][0.863559,0,0.504248][0.514574,0.022033,0][0.461684,0.335898,0.624789][0.87215,0,0.489238][0.514574,0.073149,0][0.45154,0.336922,0.662968][1,0,0][0.493397,0.073149,0][0.45154,0.336922,0.662968][1,0,0][0.493397,0.073149,0][0.45154,0.177446,0.662968][1,0,0][0.493397,0.022033,0][0.461684,0.176421,0.624789][0.863559,0,0.504248][0.514574,0.022033,0][0.45154,0.177446,0.662968][1,0,0][0.493397,0.022033,0][0.45154,0.336922,0.662968][1,0,0][0.493397,0.073149,0][0.461684,0.335898,0.701146][0.872151,0,-0.489238][0.47222,0.073149,0][0.461684,0.335898,0.701146][0.872151,0,-0.489238][0.47222,0.073149,0][0.461684,0.176421,0.701146][0.863559,0,-0.504247][0.47222,0.022033,0][0.45154,0.177446,0.662968][1,0,0][0.493397,0.022033,0][0.461684,0.176421,0.701146][0.863559,0,-0.504247][0.47222,0.022033,0][0.461684,0.335898,0.701146][0.872151,0,-0.489238][0.47222,0.073149,0][0.489401,0.332906,0.729095][0.517438,0,-0.855721][0.45119,0.073149,0][0.489401,0.332906,0.729095][0.517438,0,-0.855721][0.45119,0.073149,0][0.489401,0.17343,0.729095][0.489042,0,-0.87226][0.45119,0.022033,0][0.461684,0.176421,0.701146][0.863559,0,-0.504247][0.47222,0.022033,0][0.489401,0.17343,0.729095][0.489042,0,-0.87226][0.45119,0.022033,0][0.489401,0.332906,0.729095][0.517438,0,-0.855721][0.45119,0.073149,0][0.527263,0.328336,0.739325][0.021361,0,-0.999772][0.430303,0.073149,0][0.527263,0.328336,0.739325][0.021361,0,-0.999772][0.430303,0.073149,0][0.527263,0.16886,0.739325][-0.021155,0,-0.999776][0.430303,0.022033,0][0.489401,0.17343,0.729095][0.489042,0,-0.87226][0.45119,0.022033,0][0.565125,0.163683,0.596841][-0.520748,0,0.853711][0.325001,0.022033,0][0.565125,0.32316,0.596841][-0.485568,0,0.874199][0.325001,0.073149,0][0.527263,0.328336,0.586611][0.021361,0,0.999772][0.304114,0.073149,0][0.527263,0.328336,0.586611][0.021361,0,0.999772][0.304114,0.073149,0][0.527263,0.16886,0.586611][-0.021155,0,0.999776][0.304114,0.022033,0][0.565125,0.163683,0.596841][-0.520748,0,0.853711][0.325001,0.022033,0][0.592841,0.159476,0.624789][-0.874116,0,0.485718][0.346032,0.022033,0][0.592841,0.318953,0.624789][-0.861642,0,0.507517][0.346032,0.073149,0][0.565125,0.32316,0.596841][-0.485568,0,0.874199][0.325001,0.073149,0][0.565125,0.32316,0.596841][-0.485568,0,0.874199][0.325001,0.073149,0][0.565125,0.163683,0.596841][-0.520748,0,0.853711][0.325001,0.022033,0][0.592841,0.159476,0.624789][-0.874116,0,0.485718][0.346032,0.022033,0][0.602986,0.157843,0.662968][-1,0,0][0.367209,0.022033,0][0.602986,0.317319,0.662968][-1,0,0][0.367209,0.073149,0][0.592841,0.318953,0.624789][-0.861642,0,0.507517][0.346032,0.073149,0][0.592841,0.318953,0.624789][-0.861642,0,0.507517][0.346032,0.073149,0][0.592841,0.159476,0.624789][-0.874116,0,0.485718][0.346032,0.022033,0][0.602986,0.157843,0.662968][-1,0,0][0.367209,0.022033,0][0.592841,0.159476,0.701146][-0.874116,0,-0.485717][0.388386,0.022033,0][0.592841,0.318953,0.701146][-0.861643,0,-0.507515][0.388386,0.073149,0][0.602986,0.317319,0.662968][-1,0,0][0.367209,0.073149,0][0.602986,0.317319,0.662968][-1,0,0][0.367209,0.073149,0][0.602986,0.157843,0.662968][-1,0,0][0.367209,0.022033,0][0.592841,0.159476,0.701146][-0.874116,0,-0.485717][0.388386,0.022033,0][0.565125,0.163683,0.729095][-0.52075,0,-0.853709][0.409416,0.022033,0][0.565125,0.32316,0.729095][-0.48557,0,-0.874198][0.409416,0.073149,0][0.592841,0.318953,0.701146][-0.861643,0,-0.507515][0.388386,0.073149,0][0.592841,0.318953,0.701146][-0.861643,0,-0.507515][0.388386,0.073149,0][0.592841,0.159476,0.701146][-0.874116,0,-0.485717][0.388386,0.022033,0][0.565125,0.163683,0.729095][-0.52075,0,-0.853709][0.409416,0.022033,0][0.527263,0.16886,0.739325][-0.021155,0,-0.999776][0.430303,0.022033,0][0.527263,0.328336,0.739325][0.021361,0,-0.999772][0.430303,0.073149,0][0.565125,0.32316,0.729095][-0.48557,0,-0.874198][0.409416,0.073149,0][0.565125,0.32316,0.729095][-0.48557,0,-0.874198][0.409416,0.073149,0][0.565125,0.163683,0.729095][-0.52075,0,-0.853709][0.409416,0.022033,0][0.527263,0.16886,0.739325][-0.021155,0,-0.999776][0.430303,0.022033,0][0.527263,0.34285,0.517694][0.128154,0.99175,-0.00289212][0.490931,0.9632,0][0.455278,0.351063,0.537144][0.105219,0.994448,-0.00145012][0.46386,0.955708,0][0.481845,0.348264,0.583848][0.105155,0.994455,-0.00144212][0.473467,0.939158,0][0.481845,0.348264,0.583848][0.105155,0.994455,-0.00144212][0.473467,0.939158,0][0.527263,0.34285,0.571577][0.128147,0.991751,-0.00289212][0.491077,0.943716,0][0.527263,0.34285,0.517694][0.128154,0.99175,-0.00289212][0.490931,0.9632,0][0.455278,0.351063,0.537144][0.105219,0.994448,-0.00145012][0.46386,0.955708,0][0.402555,0.35589,0.590308][0.091534,0.995802,5.28813e-005][0.444041,0.935743,0][0.448652,0.351721,0.617319][0.0915,0.995805,5.48813e-005][0.460478,0.926349,0][0.448652,0.351721,0.617319][0.0915,0.995805,5.48813e-005][0.460478,0.926349,0][0.481845,0.348264,0.583848][0.105155,0.994455,-0.00144212][0.473467,0.939158,0][0.455278,0.351063,0.537144][0.105219,0.994448,-0.00145012][0.46386,0.955708,0][0.402555,0.35589,0.590308][0.091534,0.995802,5.28813e-005][0.444041,0.935743,0][0.383248,0.357436,0.662968][0.087296,0.996182,-1.11875e-006][0.437255,0.908418,0][0.436522,0.352887,0.662968][0.087296,0.996182,-1.11875e-006][0.455707,0.908529,0][0.436522,0.352887,0.662968][0.087296,0.996182,-1.11875e-006][0.455707,0.908529,0][0.448652,0.351721,0.617319][0.0915,0.995805,5.48813e-005][0.460478,0.926349,0][0.402555,0.35589,0.590308][0.091534,0.995802,5.28813e-005][0.444041,0.935743,0][0.383248,0.357436,0.662968][0.087296,0.996182,-1.11875e-006][0.437255,0.908418,0][0.402562,0.35589,0.735653][0.091569,0.995799,-5.01187e-005][0.444438,0.881143,0][0.448652,0.351721,0.708616][0.091521,0.995803,-5.31187e-005][0.460751,0.890764,0][0.448652,0.351721,0.708616][0.091521,0.995803,-5.31187e-005][0.460751,0.890764,0][0.436522,0.352887,0.662968][0.087296,0.996182,-1.11875e-006][0.455707,0.908529,0][0.383248,0.357436,0.662968][0.087296,0.996182,-1.11875e-006][0.437255,0.908418,0][0.402562,0.35589,0.735653][0.091569,0.995799,-5.01187e-005][0.444438,0.881143,0][0.455348,0.351056,0.789607][0.102932,0.994688,-0.000270119][0.464713,0.860455,0][0.481845,0.348264,0.742088][0.104139,0.994562,0.00158988][0.47369,0.877951,0][0.481845,0.348264,0.742088][0.104139,0.994562,0.00158988][0.47369,0.877951,0][0.448652,0.351721,0.708616][0.091521,0.995803,-5.31187e-005][0.460751,0.890764,0][0.402562,0.35589,0.735653][0.091569,0.995799,-5.01187e-005][0.444438,0.881143,0][0.455348,0.351056,0.789607][0.102932,0.994688,-0.000270119][0.464713,0.860455,0][0.527263,0.34285,0.789602][0.128121,0.991758,0.000233882][0.491101,0.860335,0][0.527263,0.34285,0.754359][0.128107,0.991754,0.00363188][0.491102,0.872395,0][0.527263,0.34285,0.754359][0.128107,0.991754,0.00363188][0.491102,0.872395,0][0.481845,0.348264,0.742088][0.104139,0.994562,0.00158988][0.47369,0.877951,0][0.455348,0.351056,0.789607][0.102932,0.994688,-0.000270119][0.464713,0.860455,0][0.527263,0.34285,0.517694][0.128154,0.99175,-0.00289212][0.490931,0.9632,0][0.527263,0.34285,0.571577][0.128147,0.991751,-0.00289212][0.491077,0.943716,0][0.57268,0.336563,0.583848][0.154001,0.988069,-0.00179612][0.509125,0.939757,0][0.57268,0.336563,0.583848][0.154001,0.988069,-0.00179612][0.509125,0.939757,0][0.599247,0.332441,0.537144][0.154005,0.988068,-0.00179612][0.51817,0.9559,0][0.527263,0.34285,0.517694][0.128154,0.99175,-0.00289212][0.490931,0.9632,0][0.599247,0.332441,0.537144][0.154005,0.988068,-0.00179612][0.51817,0.9559,0][0.57268,0.336563,0.583848][0.154001,0.988069,-0.00179612][0.509125,0.939757,0][0.605874,0.331359,0.617319][0.172685,0.984977,0.000147883][0.522096,0.926422,0][0.605874,0.331359,0.617319][0.172685,0.984977,0.000147883][0.522096,0.926422,0][0.65197,0.323192,0.590308][0.172707,0.984973,0.000149883][0.538468,0.936049,0][0.599247,0.332441,0.537144][0.154005,0.988068,-0.00179612][0.51817,0.9559,0][0.65197,0.323192,0.590308][0.172707,0.984973,0.000149883][0.538468,0.936049,0][0.605874,0.331359,0.617319][0.172685,0.984977,0.000147883][0.522096,0.926422,0][0.618004,0.32932,0.662968][0.179055,0.983839,-1.11728e-006][0.526318,0.908571,0][0.618004,0.32932,0.662968][0.179055,0.983839,-1.11728e-006][0.526318,0.908571,0][0.671278,0.319422,0.662968][0.179055,0.983839,-1.11728e-006][0.545767,0.908588,0][0.65197,0.323192,0.590308][0.172707,0.984973,0.000149883][0.538468,0.936049,0][0.671278,0.319422,0.662968][0.179055,0.983839,-1.11728e-006][0.545767,0.908588,0][0.618004,0.32932,0.662968][0.179055,0.983839,-1.11728e-006][0.526318,0.908571,0][0.605874,0.331359,0.708616][0.172654,0.984983,-0.000146117][0.52208,0.890506,0][0.605874,0.331359,0.708616][0.172654,0.984983,-0.000146117][0.52208,0.890506,0][0.651964,0.323193,0.735653][0.172656,0.984982,-0.000146117][0.538154,0.881134,0][0.671278,0.319422,0.662968][0.179055,0.983839,-1.11728e-006][0.545767,0.908588,0][0.651964,0.323193,0.735653][0.172656,0.984982,-0.000146117][0.538154,0.881134,0][0.605874,0.331359,0.708616][0.172654,0.984983,-0.000146117][0.52208,0.890506,0][0.57268,0.336563,0.742088][0.155348,0.987858,0.00197788][0.508667,0.877735,0][0.57268,0.336563,0.742088][0.155348,0.987858,0.00197788][0.508667,0.877735,0][0.599177,0.332453,0.789607][0.157402,0.987534,-0.000461118][0.517679,0.86047,0][0.651964,0.323193,0.735653][0.172656,0.984982,-0.000146117][0.538154,0.881134,0][0.599177,0.332453,0.789607][0.157402,0.987534,-0.000461118][0.517679,0.86047,0][0.57268,0.336563,0.742088][0.155348,0.987858,0.00197788][0.508667,0.877735,0][0.527263,0.34285,0.754359][0.128107,0.991754,0.00363188][0.491102,0.872395,0][0.527263,0.34285,0.754359][0.128107,0.991754,0.00363188][0.491102,0.872395,0][0.527263,0.34285,0.789602][0.128121,0.991758,0.000233882][0.491101,0.860335,0][0.599177,0.332453,0.789607][0.157402,0.987534,-0.000461118][0.517679,0.86047,0][0.580207,0.33543,1.04305][-0.239733,0.743173,-0.624678][0.512004,0.762401,0][0.571369,0.319779,1.02785][-0.257413,0.744789,-0.615653][0.508778,0.76986,0][0.527263,0.325872,1.03977][0.083689,0.717851,-0.691149][0.492154,0.765947,0][0.527263,0.325872,1.03977][0.083689,0.717851,-0.691149][0.492154,0.765947,0][0.527263,0.34285,1.05735][0.103735,0.716483,-0.689848][0.49105,0.757682,0][0.580207,0.33543,1.04305][-0.239733,0.743173,-0.624678][0.512004,0.762401,0][0.483157,0.331141,1.02785][0.410394,0.69892,-0.585737][0.475503,0.770084,0][0.474319,0.349083,1.04305][0.423184,0.698293,-0.577324][0.470539,0.763035,0][0.527263,0.34285,1.05735][0.103735,0.716483,-0.689848][0.49105,0.757682,0][0.527263,0.34285,1.05735][0.103735,0.716483,-0.689848][0.49105,0.757682,0][0.527263,0.325872,1.03977][0.083689,0.717851,-0.691149][0.492154,0.765947,0][0.483157,0.331141,1.02785][0.410394,0.69892,-0.585737][0.475503,0.770084,0][0.45087,0.334524,0.995291][0.643337,0.689002,-0.333757][0.46337,0.78222,0][0.435624,0.352971,1.00403][0.647108,0.688862,-0.326682][0.455685,0.77816,0][0.474319,0.349083,1.04305][0.423184,0.698293,-0.577324][0.470539,0.763035,0][0.474319,0.349083,1.04305][0.423184,0.698293,-0.577324][0.470539,0.763035,0][0.483157,0.331141,1.02785][0.410394,0.69892,-0.585737][0.475503,0.770084,0][0.45087,0.334524,0.995291][0.643337,0.689002,-0.333757][0.46337,0.78222,0][0.439052,0.335669,0.950817][0.727531,0.686075,0][0.45895,0.798949,0][0.421484,0.354263,0.950817][0.727531,0.686075,0][0.450286,0.798976,0][0.435624,0.352971,1.00403][0.647108,0.688862,-0.326682][0.455685,0.77816,0][0.435624,0.352971,1.00403][0.647108,0.688862,-0.326682][0.455685,0.77816,0][0.45087,0.334524,0.995291][0.643337,0.689002,-0.333757][0.46337,0.78222,0][0.439052,0.335669,0.950817][0.727531,0.686075,0][0.45895,0.798949,0][0.45087,0.334524,0.906342][0.643338,0.689002,0.333755][0.463777,0.815521,0][0.435624,0.352971,0.897603][0.647108,0.688862,0.32668][0.456151,0.819749,0][0.421484,0.354263,0.950817][0.727531,0.686075,0][0.450286,0.798976,0][0.421484,0.354263,0.950817][0.727531,0.686075,0][0.450286,0.798976,0][0.439052,0.335669,0.950817][0.727531,0.686075,0][0.45895,0.798949,0][0.45087,0.334524,0.906342][0.643338,0.689002,0.333755][0.463777,0.815521,0][0.483157,0.331141,0.873785][0.410394,0.69892,0.585737][0.475823,0.827854,0][0.474319,0.349083,0.858585][0.423185,0.698292,0.577323][0.47085,0.834858,0][0.435624,0.352971,0.897603][0.647108,0.688862,0.32668][0.456151,0.819749,0][0.435624,0.352971,0.897603][0.647108,0.688862,0.32668][0.456151,0.819749,0][0.45087,0.334524,0.906342][0.643338,0.689002,0.333755][0.463777,0.815521,0][0.483157,0.331141,0.873785][0.410394,0.69892,0.585737][0.475823,0.827854,0][0.527263,0.325872,0.861868][0.083689,0.717849,0.691151][0.492061,0.832611,0][0.527263,0.34285,0.84428][0.103735,0.716482,0.68985][0.491095,0.841055,0][0.474319,0.349083,0.858585][0.423185,0.698292,0.577323][0.47085,0.834858,0][0.474319,0.349083,0.858585][0.423185,0.698292,0.577323][0.47085,0.834858,0][0.483157,0.331141,0.873785][0.410394,0.69892,0.585737][0.475823,0.827854,0][0.527263,0.325872,0.861868][0.083689,0.717849,0.691151][0.492061,0.832611,0][0.571369,0.319779,0.873785][-0.257413,0.744788,0.615654][0.508291,0.827609,0][0.580207,0.33543,0.858585][-0.239733,0.743172,0.624679][0.511435,0.835029,0][0.527263,0.34285,0.84428][0.103735,0.716482,0.68985][0.491095,0.841055,0][0.527263,0.34285,0.84428][0.103735,0.716482,0.68985][0.491095,0.841055,0][0.527263,0.325872,0.861868][0.083689,0.717849,0.691151][0.492061,0.832611,0][0.571369,0.319779,0.873785][-0.257413,0.744788,0.615654][0.508291,0.827609,0][0.618902,0.329166,1.00403][-0.514732,0.770523,-0.37596][0.526878,0.778091,0][0.603656,0.314745,0.995291][-0.521408,0.771266,-0.365078][0.520221,0.782269,0][0.571369,0.319779,1.02785][-0.257413,0.744789,-0.615653][0.508778,0.76986,0][0.571369,0.319779,1.02785][-0.257413,0.744789,-0.615653][0.508778,0.76986,0][0.580207,0.33543,1.04305][-0.239733,0.743173,-0.624678][0.512004,0.762401,0][0.618902,0.329166,1.00403][-0.514732,0.770523,-0.37596][0.526878,0.778091,0][0.633042,0.326684,0.950817][-0.622318,0.782764,0][0.53164,0.798911,0][0.615474,0.312773,0.950817][-0.622318,0.782765,-1.09331e-006][0.523907,0.798953,0][0.603656,0.314745,0.995291][-0.521408,0.771266,-0.365078][0.520221,0.782269,0][0.603656,0.314745,0.995291][-0.521408,0.771266,-0.365078][0.520221,0.782269,0][0.618902,0.329166,1.00403][-0.514732,0.770523,-0.37596][0.526878,0.778091,0][0.633042,0.326684,0.950817][-0.622318,0.782764,0][0.53164,0.798911,0][0.618902,0.329166,0.897603][-0.514731,0.770524,0.37596][0.526763,0.819944,0][0.603656,0.314745,0.906342][-0.521407,0.771267,0.365078][0.520245,0.815577,0][0.615474,0.312773,0.950817][-0.622318,0.782765,-1.09331e-006][0.523907,0.798953,0][0.615474,0.312773,0.950817][-0.622318,0.782765,-1.09331e-006][0.523907,0.798953,0][0.633042,0.326684,0.950817][-0.622318,0.782764,0][0.53164,0.798911,0][0.618902,0.329166,0.897603][-0.514731,0.770524,0.37596][0.526763,0.819944,0][0.580207,0.33543,0.858585][-0.239733,0.743172,0.624679][0.511435,0.835029,0][0.571369,0.319779,0.873785][-0.257413,0.744788,0.615654][0.508291,0.827609,0][0.603656,0.314745,0.906342][-0.521407,0.771267,0.365078][0.520245,0.815577,0][0.603656,0.314745,0.906342][-0.521407,0.771267,0.365078][0.520245,0.815577,0][0.618902,0.329166,0.897603][-0.514731,0.770524,0.37596][0.526763,0.819944,0][0.580207,0.33543,0.858585][-0.239733,0.743172,0.624679][0.511435,0.835029,0][0.483157,0.174129,1.02785][0.284778,-0.714666,-0.63887][0.185667,0.022808,0][0.483157,0.331141,1.02785][0.517191,0,-0.85587][0.185667,0.073925,0][0.527263,0.325872,1.03977][0.021391,0,-0.999771][0.16478,0.073925,0][0.527263,0.325872,1.03977][0.021391,0,-0.999771][0.16478,0.073925,0][0.527263,0.16886,1.03977][-0.105258,-0.697064,-0.709241][0.16478,0.022808,0][0.483157,0.174129,1.02785][0.284778,-0.714666,-0.63887][0.185667,0.022808,0][0.45087,0.177512,0.995291][0.580381,-0.722836,-0.375054][0.206697,0.022808,0][0.45087,0.334524,0.995291][0.872013,0,-0.489484][0.206697,0.073925,0][0.483157,0.331141,1.02785][0.517191,0,-0.85587][0.185667,0.073925,0][0.483157,0.331141,1.02785][0.517191,0,-0.85587][0.185667,0.073925,0][0.483157,0.174129,1.02785][0.284778,-0.714666,-0.63887][0.185667,0.022808,0][0.45087,0.177512,0.995291][0.580381,-0.722836,-0.375054][0.206697,0.022808,0][0.439052,0.178658,0.950817][0.68897,-0.72479,0][0.227874,0.022808,0][0.439052,0.335669,0.950817][1,0,0][0.227874,0.073925,0][0.45087,0.334524,0.995291][0.872013,0,-0.489484][0.206697,0.073925,0][0.45087,0.334524,0.995291][0.872013,0,-0.489484][0.206697,0.073925,0][0.45087,0.177512,0.995291][0.580381,-0.722836,-0.375054][0.206697,0.022808,0][0.439052,0.178658,0.950817][0.68897,-0.72479,0][0.227874,0.022808,0][0.45087,0.177512,0.906342][0.567928,-0.73592,0.368619][0.249051,0.022808,0][0.45087,0.334524,0.906342][0.872012,0,0.489484][0.249051,0.073925,0][0.439052,0.335669,0.950817][1,0,0][0.227874,0.073925,0][0.439052,0.335669,0.950817][1,0,0][0.227874,0.073925,0][0.439052,0.178658,0.950817][0.68897,-0.72479,0][0.227874,0.022808,0][0.45087,0.177512,0.906342][0.567928,-0.73592,0.368619][0.249051,0.022808,0][0.483157,0.174129,0.873785][0.291862,-0.703607,0.647884][0.270082,0.022808,0][0.483157,0.331141,0.873785][0.517191,0,0.85587][0.270082,0.073925,0][0.45087,0.334524,0.906342][0.872012,0,0.489484][0.249051,0.073925,0][0.45087,0.334524,0.906342][0.872012,0,0.489484][0.249051,0.073925,0][0.45087,0.177512,0.906342][0.567928,-0.73592,0.368619][0.249051,0.022808,0][0.483157,0.174129,0.873785][0.291862,-0.703607,0.647884][0.270082,0.022808,0][0.527263,0.16886,0.861868][-0.09901,-0.641322,0.760857][0.290968,0.022808,0][0.527263,0.325872,0.861868][0.021392,0,0.999771][0.290968,0.073925,0][0.483157,0.331141,0.873785][0.517191,0,0.85587][0.270082,0.073925,0][0.483157,0.331141,0.873785][0.517191,0,0.85587][0.270082,0.073925,0][0.483157,0.174129,0.873785][0.291862,-0.703607,0.647884][0.270082,0.022808,0][0.527263,0.16886,0.861868][-0.09901,-0.641322,0.760857][0.290968,0.022808,0][0.527263,0.16886,1.03977][-0.105258,-0.697064,-0.709241][0.16478,0.022808,0][0.527263,0.325872,1.03977][0.021391,0,-0.999771][0.16478,0.073925,0][0.571369,0.319779,1.02785][-0.485244,0,-0.874379][0.143894,0.073925,0][0.571369,0.319779,1.02785][-0.485244,0,-0.874379][0.143894,0.073925,0][0.571369,0.162768,1.02785][-0.460781,-0.673467,-0.578033][0.143894,0.022808,0][0.527263,0.16886,1.03977][-0.105258,-0.697064,-0.709241][0.16478,0.022808,0][0.571369,0.162768,1.02785][-0.460781,-0.673467,-0.578033][0.143894,0.022808,0][0.571369,0.319779,1.02785][-0.485244,0,-0.874379][0.143894,0.073925,0][0.603656,0.314745,0.995291][-0.861461,0,-0.507824][0.122862,0.073925,0][0.603656,0.314745,0.995291][-0.861461,0,-0.507824][0.122862,0.073925,0][0.603656,0.157733,0.995291][-0.687997,-0.654044,-0.314461][0.122862,0.022808,0][0.571369,0.162768,1.02785][-0.460781,-0.673467,-0.578033][0.143894,0.022808,0][0.603656,0.157733,0.995291][-0.687997,-0.654044,-0.314461][0.122862,0.022808,0][0.603656,0.314745,0.995291][-0.861461,0,-0.507824][0.122862,0.073925,0][0.615474,0.312773,0.950817][-1,0,0][0.101686,0.073925,0][0.615474,0.312773,0.950817][-1,0,0][0.101686,0.073925,0][0.615474,0.155761,0.950817][-0.762638,-0.646826,0][0.101686,0.022808,0][0.603656,0.157733,0.995291][-0.687997,-0.654044,-0.314461][0.122862,0.022808,0][0.615474,0.155761,0.950817][-0.762638,-0.646826,0][0.101686,0.022808,0][0.615474,0.312773,0.950817][-1,0,0][0.101686,0.073925,0][0.603656,0.314745,0.906342][-0.861461,0,0.507824][0.080509,0.073925,0][0.603656,0.314745,0.906342][-0.861461,0,0.507824][0.080509,0.073925,0][0.603656,0.157733,0.906342][-0.679556,-0.665431,0.308878][0.080509,0.022808,0][0.615474,0.155761,0.950817][-0.762638,-0.646826,0][0.101686,0.022808,0][0.603656,0.157733,0.906342][-0.679556,-0.665431,0.308878][0.080509,0.022808,0][0.603656,0.314745,0.906342][-0.861461,0,0.507824][0.080509,0.073925,0][0.571369,0.319779,0.873785][-0.485245,0,0.874378][0.059478,0.073925,0][0.571369,0.319779,0.873785][-0.485245,0,0.874378][0.059478,0.073925,0][0.571369,0.162768,0.873785][-0.465383,-0.663044,0.586338][0.059478,0.022808,0][0.603656,0.157733,0.906342][-0.679556,-0.665431,0.308878][0.080509,0.022808,0][0.571369,0.162768,0.873785][-0.465383,-0.663044,0.586338][0.059478,0.022808,0][0.571369,0.319779,0.873785][-0.485245,0,0.874378][0.059478,0.073925,0][0.527263,0.325872,0.861868][0.021392,0,0.999771][0.038592,0.073925,0][0.527263,0.325872,0.861868][0.021392,0,0.999771][0.038592,0.073925,0][0.527263,0.16886,0.861868][-0.09901,-0.641322,0.760857][0.038592,0.022808,0][0.571369,0.162768,0.873785][-0.465383,-0.663044,0.586338][0.059478,0.022808,0][0.527263,0.34285,1.12127][0.128426,0.991713,0.00338588][0.49089,0.734632,0][0.527263,0.34285,1.05735][0.128416,0.991715,0.00338588][0.49105,0.757682,0][0.474319,0.349083,1.04305][0.101729,0.994811,0.00164688][0.470539,0.763035,0][0.474319,0.349083,1.04305][0.101729,0.994811,0.00164688][0.470539,0.763035,0][0.442791,0.352291,1.09845][0.101804,0.994803,0.00165588][0.459023,0.743437,0][0.527263,0.34285,1.12127][0.128426,0.991713,0.00338588][0.49089,0.734632,0][0.442791,0.352291,1.09845][0.101804,0.994803,0.00165588][0.459023,0.743437,0][0.474319,0.349083,1.04305][0.101729,0.994811,0.00164688][0.470539,0.763035,0][0.435624,0.352971,1.00403][0.086194,0.996278,-7.41188e-005][0.455685,0.77816,0][0.435624,0.352971,1.00403][0.086194,0.996278,-7.41188e-005][0.455685,0.77816,0][0.380926,0.357614,1.03607][0.086233,0.996275,-7.11188e-005][0.435946,0.767046,0][0.442791,0.352291,1.09845][0.101804,0.994803,0.00165588][0.459023,0.743437,0][0.380926,0.357614,1.03607][0.086233,0.996275,-7.11188e-005][0.435946,0.767046,0][0.435624,0.352971,1.00403][0.086194,0.996278,-7.41188e-005][0.455685,0.77816,0][0.421484,0.354263,0.950817][0.081462,0.996677,0][0.450286,0.798976,0][0.421484,0.354263,0.950817][0.081462,0.996677,0][0.450286,0.798976,0][0.358272,0.359271,0.950817][0.081462,0.996677,0][0.428385,0.799153,0][0.380926,0.357614,1.03607][0.086233,0.996275,-7.11188e-005][0.435946,0.767046,0][0.358272,0.359271,0.950817][0.081462,0.996677,0][0.428385,0.799153,0][0.421484,0.354263,0.950817][0.081462,0.996677,0][0.450286,0.798976,0][0.435624,0.352971,0.897603][0.086461,0.996255,-0.000366119][0.456151,0.819749,0][0.435624,0.352971,0.897603][0.086461,0.996255,-0.000366119][0.456151,0.819749,0][0.380932,0.357613,0.865542][0.086512,0.996251,-0.000374119][0.436667,0.831116,0][0.358272,0.359271,0.950817][0.081462,0.996677,0][0.428385,0.799153,0][0.380932,0.357613,0.865542][0.086512,0.996251,-0.000374119][0.436667,0.831116,0][0.435624,0.352971,0.897603][0.086461,0.996255,-0.000366119][0.456151,0.819749,0][0.474319,0.349083,0.858585][0.099799,0.995007,-0.00131912][0.47085,0.834858,0][0.474319,0.349083,0.858585][0.099799,0.995007,-0.00131912][0.47085,0.834858,0][0.455348,0.351056,0.789607][0.102932,0.994688,-0.000270119][0.464713,0.860455,0][0.380932,0.357613,0.865542][0.086512,0.996251,-0.000374119][0.436667,0.831116,0][0.455348,0.351056,0.789607][0.102932,0.994688,-0.000270119][0.464713,0.860455,0][0.474319,0.349083,0.858585][0.099799,0.995007,-0.00131912][0.47085,0.834858,0][0.527263,0.34285,0.84428][0.128126,0.991756,-0.00193712][0.491095,0.841055,0][0.527263,0.34285,0.84428][0.128126,0.991756,-0.00193712][0.491095,0.841055,0][0.527263,0.34285,0.789602][0.128121,0.991758,0.000233882][0.491101,0.860335,0][0.455348,0.351056,0.789607][0.102932,0.994688,-0.000270119][0.464713,0.860455,0][0.527263,0.34285,1.12127][0.128426,0.991713,0.00338588][0.49089,0.734632,0][0.611735,0.330383,1.09845][0.159055,0.987267,0.00211588][0.52292,0.743119,0][0.580207,0.33543,1.04305][0.159033,0.987271,0.00211888][0.512004,0.762401,0][0.580207,0.33543,1.04305][0.159033,0.987271,0.00211888][0.512004,0.762401,0][0.527263,0.34285,1.05735][0.128416,0.991715,0.00338588][0.49105,0.757682,0][0.527263,0.34285,1.12127][0.128426,0.991713,0.00338588][0.49089,0.734632,0][0.611735,0.330383,1.09845][0.159055,0.987267,0.00211588][0.52292,0.743119,0][0.6736,0.318954,1.03607][0.181487,0.983393,-0.000225117][0.546648,0.766724,0][0.618902,0.329166,1.00403][0.181446,0.983401,-0.000221117][0.526878,0.778091,0][0.618902,0.329166,1.00403][0.181446,0.983401,-0.000221117][0.526878,0.778091,0][0.580207,0.33543,1.04305][0.159033,0.987271,0.00211888][0.512004,0.762401,0][0.611735,0.330383,1.09845][0.159055,0.987267,0.00211588][0.52292,0.743119,0][0.6736,0.318954,1.03607][0.181487,0.983393,-0.000225117][0.546648,0.766724,0][0.696254,0.314217,0.950817][0.189123,0.981953,0][0.554834,0.798974,0][0.633042,0.326684,0.950817][0.189123,0.981953,0][0.53164,0.798911,0][0.633042,0.326684,0.950817][0.189123,0.981953,0][0.53164,0.798911,0][0.618902,0.329166,1.00403][0.181446,0.983401,-0.000221117][0.526878,0.778091,0][0.6736,0.318954,1.03607][0.181487,0.983393,-0.000225117][0.546648,0.766724,0][0.696254,0.314217,0.950817][0.189123,0.981953,0][0.554834,0.798974,0][0.673594,0.318955,0.865542][0.181031,0.983477,-0.000506117][0.546033,0.830954,0][0.618902,0.329166,0.897603][0.181012,0.983481,-0.000509117][0.526763,0.819944,0][0.618902,0.329166,0.897603][0.181012,0.983481,-0.000509117][0.526763,0.819944,0][0.633042,0.326684,0.950817][0.189123,0.981953,0][0.53164,0.798911,0][0.696254,0.314217,0.950817][0.189123,0.981953,0][0.554834,0.798974,0][0.673594,0.318955,0.865542][0.181031,0.983477,-0.000506117][0.546033,0.830954,0][0.599177,0.332453,0.789607][0.157402,0.987534,-0.000461118][0.517679,0.86047,0][0.580207,0.33543,0.858585][0.161798,0.986822,-0.00191012][0.511435,0.835029,0][0.580207,0.33543,0.858585][0.161798,0.986822,-0.00191012][0.511435,0.835029,0][0.618902,0.329166,0.897603][0.181012,0.983481,-0.000509117][0.526763,0.819944,0][0.673594,0.318955,0.865542][0.181031,0.983477,-0.000506117][0.546033,0.830954,0][0.599177,0.332453,0.789607][0.157402,0.987534,-0.000461118][0.517679,0.86047,0][0.527263,0.34285,0.789602][0.128121,0.991758,0.000233882][0.491101,0.860335,0][0.527263,0.34285,0.84428][0.128126,0.991756,-0.00193712][0.491095,0.841055,0][0.527263,0.34285,0.84428][0.128126,0.991756,-0.00193712][0.491095,0.841055,0][0.580207,0.33543,0.858585][0.161798,0.986822,-0.00191012][0.511435,0.835029,0][0.599177,0.332453,0.789607][0.157402,0.987534,-0.000461118][0.517679,0.86047,0][0.053689,0.241339,-0.292292][0.004111,-0.999849,0.0168851][0.818796,0.537826,0][0.067888,0.239302,-0.416375][0.004111,-0.999849,0.0168851][0.837119,0.587699,0][0.136195,0.239302,-0.433002][0.004111,-0.999849,0.0168851][0.866977,0.587699,0][0.136195,0.239302,-0.433002][0.004111,-0.999849,0.0168851][0.866977,0.587699,0][0.184566,0.242857,-0.234288][0.004111,-0.999849,0.0168851][0.866977,0.500672,0][0.053689,0.241339,-0.292292][0.004111,-0.999849,0.0168851][0.818796,0.537826,0][0.204501,0.239302,-0.449629][0.00411,-0.999849,0.0168851][0.896834,0.587699,0][0.412604,0.239315,-0.499477][0.00411,-0.999849,0.0168851][0.987718,0.587364,0][0.274141,0.241339,-0.345955][0.00411,-0.999849,0.0168851][0.915158,0.537826,0][0.053689,0.241339,-0.292292][0.004111,-0.999849,0.0168851][0.818796,0.537826,0][-0.139843,0.239315,-0.364999][0.004111,-0.999849,0.0168851][0.746236,0.587364,0][0.067888,0.239302,-0.416375][0.004111,-0.999849,0.0168851][0.837119,0.587699,0][0.184566,0.242857,-0.234288][0.004111,-0.999849,0.0168871][0.866977,0.500672,0][0.042008,0.245537,-0.04091][0.004111,-0.999849,0.0168871][0.788724,0.435068,0][0.053689,0.241339,-0.292292][0.004111,-0.999849,0.0168871][0.818796,0.537826,0][0.274141,0.241339,-0.345955][0.00411,-0.999849,0.0168871][0.915158,0.537826,0][0.400053,0.245537,-0.128066][0.00411,-0.999849,0.0168871][0.94523,0.435068,0][0.184566,0.242857,-0.234288][0.00411,-0.999849,0.0168871][0.866977,0.500672,0][0.184566,0.242857,-0.234288][0.004109,-0.999849,0.0168861][0.866977,0.500672,0][0.136195,0.239302,-0.433002][0.004109,-0.999849,0.0168861][0.866977,0.587699,0][0.204501,0.239302,-0.449629][0.004109,-0.999849,0.0168861][0.896834,0.587699,0][0.204501,0.239302,-0.449629][0.004109,-0.999849,0.0168861][0.896834,0.587699,0][0.274141,0.241339,-0.345955][0.004109,-0.999849,0.0168861][0.915158,0.537826,0][0.184566,0.242857,-0.234288][0.004109,-0.999849,0.0168861][0.866977,0.500672,0][0.086809,0.235672,-0.635883][0.00411,-0.999849,0.0168861][0.866977,0.676549,0][0.204501,0.239302,-0.449629][0.00411,-0.999849,0.0168861][0.896834,0.587699,0][0.136195,0.239302,-0.433002][0.00411,-0.999849,0.0168861][0.866977,0.587699,0][0.086809,0.235672,-0.635883][0.00411,-0.999849,0.0168861][0.866977,0.676549,0][0.136195,0.239302,-0.433002][0.00411,-0.999849,0.0168861][0.866977,0.587699,0][0.067888,0.239302,-0.416375][0.00411,-0.999849,0.0168861][0.837119,0.587699,0][0.273936,0.291372,-0.3468][0.492971,0.75368,0.43468][0.915158,0.537826,0][0.412398,0.289349,-0.500322][0.492971,0.75368,0.43468][0.987718,0.587364,0][0.156065,0.371106,-0.351371][0.492971,0.75368,0.43468][0.866977,0.550985,0][0.412398,0.289349,-0.500322][-0.161404,0.721223,-0.673636][0.987718,0.587364,0][0.204295,0.289335,-0.450474][-0.161404,0.721223,-0.673636][0.896834,0.587699,0][0.156065,0.371106,-0.351371][-0.161404,0.721223,-0.673636][0.866977,0.550985,0][0.067683,0.289335,-0.41722][-0.166263,0.721223,-0.672454][0.837119,0.587699,0][-0.140049,0.289349,-0.365844][-0.166263,0.721223,-0.672454][0.746236,0.587364,0][0.156065,0.371106,-0.351371][-0.166263,0.721223,-0.672454][0.866977,0.550985,0][-0.140049,0.289349,-0.365844][-0.238034,0.75368,0.612622][0.746236,0.587364,0][0.053483,0.291372,-0.293137][-0.238034,0.75368,0.612622][0.818796,0.537826,0][0.156065,0.371106,-0.351371][-0.238034,0.75368,0.612622][0.866977,0.550985,0][0.053483,0.291372,-0.293137][-0.62795,0.777111,-0.0421531][0.818796,0.537826,0][0.041802,0.29557,-0.041755][-0.62795,0.777111,-0.0421531][0.788724,0.435068,0][0.156065,0.371106,-0.351371][-0.62795,0.777111,-0.0421531][0.866977,0.550985,0][0.041802,0.29557,-0.041755][0.530477,0.75747,0.380569][0.788724,0.435068,0][0.18436,0.29289,-0.235133][0.530477,0.75747,0.380569][0.866977,0.500672,0][0.156065,0.371106,-0.351371][0.530477,0.75747,0.380569][0.866977,0.550985,0][0.18436,0.29289,-0.235133][-0.296213,0.757473,0.581802][0.866977,0.500672,0][0.399848,0.29557,-0.128911][-0.296213,0.757473,0.581802][0.94523,0.435068,0][0.156065,0.371106,-0.351371][-0.296213,0.757473,0.581802][0.866977,0.550985,0][0.399848,0.29557,-0.128911][0.538322,0.77711,-0.32605][0.94523,0.435068,0][0.273936,0.291372,-0.3468][0.538322,0.77711,-0.32605][0.915158,0.537826,0][0.156065,0.371106,-0.351371][0.538322,0.77711,-0.32605][0.866977,0.550985,0][0.204295,0.289335,-0.450474][0.545385,0.757232,-0.359381][0.896834,0.587699,0][0.086603,0.285706,-0.636728][0.545385,0.757232,-0.359381][0.866977,0.676549,0][0.156065,0.371106,-0.351371][0.545385,0.757232,-0.359381][0.866977,0.550985,0][0.086603,0.285706,-0.636728][-0.649543,0.757232,-0.0685081][0.866977,0.676549,0][0.067683,0.289335,-0.41722][-0.649543,0.757232,-0.0685081][0.837119,0.587699,0][0.156065,0.371106,-0.351371][-0.649543,0.757232,-0.0685081][0.866977,0.550985,0][0.412604,0.239315,-0.499477][-0.232906,-0.0173781,-0.972344][0.987718,0.587364,0][0.204501,0.239302,-0.449629][-0.232906,-0.0173781,-0.972344][0.896834,0.587699,0][0.204295,0.289335,-0.450474][-0.232906,-0.0173781,-0.972344][0.896834,0.587699,0][0.204295,0.289335,-0.450474][-0.232906,-0.0173781,-0.972344][0.896834,0.587699,0][0.412398,0.289349,-0.500322][-0.232906,-0.0173781,-0.972344][0.987718,0.587364,0][0.412604,0.239315,-0.499477][-0.232906,-0.0173781,-0.972344][0.987718,0.587364,0][0.274141,0.241339,-0.345955][0.742607,0.0143581,0.669574][0.915158,0.537826,0][0.412604,0.239315,-0.499477][0.742607,0.0143581,0.669574][0.987718,0.587364,0][0.412398,0.289349,-0.500322][0.742607,0.0143581,0.669574][0.987718,0.587364,0][0.412398,0.289349,-0.500322][0.742607,0.0143581,0.669574][0.987718,0.587364,0][0.273936,0.291372,-0.3468][0.742607,0.0143581,0.669574][0.915158,0.537826,0][0.274141,0.241339,-0.345955][0.742607,0.0143581,0.669574][0.915158,0.537826,0][-0.139843,0.239315,-0.364999][-0.351782,0.0143621,0.935972][0.746236,0.587364,0][0.053689,0.241339,-0.292292][-0.351782,0.0143621,0.935972][0.818796,0.537826,0][0.053483,0.291372,-0.293137][-0.351782,0.0143621,0.935972][0.818796,0.537826,0][0.053483,0.291372,-0.293137][-0.351782,0.0143621,0.935972][0.818796,0.537826,0][-0.140049,0.289349,-0.365844][-0.351782,0.0143621,0.935972][0.746236,0.587364,0][-0.139843,0.239315,-0.364999][-0.351782,0.0143621,0.935972][0.746236,0.587364,0][0.067888,0.239302,-0.416375][-0.24005,-0.0173771,-0.970605][0.837119,0.587699,0][-0.139843,0.239315,-0.364999][-0.24005,-0.0173771,-0.970605][0.746236,0.587364,0][-0.140049,0.289349,-0.365844][-0.24005,-0.0173771,-0.970605][0.746236,0.587364,0][-0.140049,0.289349,-0.365844][-0.24005,-0.0173771,-0.970605][0.746236,0.587364,0][0.067683,0.289335,-0.41722][-0.24005,-0.0173771,-0.970605][0.837119,0.587699,0][0.067888,0.239302,-0.416375][-0.24005,-0.0173771,-0.970605][0.837119,0.587699,0][0.042008,0.245537,-0.04091][0.804936,0.0133291,0.593212][0.788724,0.435068,0][0.184566,0.242857,-0.234288][0.804936,0.0133291,0.593212][0.866977,0.500672,0][0.18436,0.29289,-0.235133][0.804936,0.0133291,0.593212][0.866977,0.500672,0][0.18436,0.29289,-0.235133][0.804936,0.0133291,0.593212][0.866977,0.500672,0][0.041802,0.29557,-0.041755][0.804936,0.0133291,0.593212][0.788724,0.435068,0][0.042008,0.245537,-0.04091][0.804936,0.0133291,0.593212][0.788724,0.435068,0][0.053689,0.241339,-0.292292][-0.998914,-0.00488601,-0.046333][0.818796,0.537826,0][0.042008,0.245537,-0.04091][-0.998914,-0.00488601,-0.046333][0.788724,0.435068,0][0.041802,0.29557,-0.041755][-0.998914,-0.00488601,-0.046333][0.788724,0.435068,0][0.041802,0.29557,-0.041755][-0.998914,-0.00488601,-0.046333][0.788724,0.435068,0][0.053483,0.291372,-0.293137][-0.998914,-0.00488601,-0.046334][0.818796,0.537826,0][0.053689,0.241339,-0.292292][-0.998914,-0.00488601,-0.046333][0.818796,0.537826,0][0.400053,0.245537,-0.128066][0.865861,-0.00489306,-0.50026][0.94523,0.435068,0][0.274141,0.241339,-0.345955][0.865861,-0.00489306,-0.50026][0.915158,0.537826,0][0.273936,0.291372,-0.3468][0.865861,-0.00489306,-0.500261][0.915158,0.537826,0][0.273936,0.291372,-0.3468][0.865861,-0.00489306,-0.500261][0.915158,0.537826,0][0.399848,0.29557,-0.128911][0.865861,-0.00489306,-0.50026][0.94523,0.435068,0][0.400053,0.245537,-0.128066][0.865861,-0.00489306,-0.50026][0.94523,0.435068,0][0.184566,0.242857,-0.234288][-0.442234,0.0133271,0.896801][0.866977,0.500672,0][0.400053,0.245537,-0.128066][-0.442234,0.0133271,0.896801][0.94523,0.435068,0][0.399848,0.29557,-0.128911][-0.442234,0.0133271,0.896801][0.94523,0.435068,0][0.399848,0.29557,-0.128911][-0.442234,0.0133271,0.896801][0.94523,0.435068,0][0.18436,0.29289,-0.235133][-0.442234,0.0133271,0.896801][0.866977,0.500672,0][0.184566,0.242857,-0.234288][-0.442234,0.0133271,0.896801][0.866977,0.500672,0][0.204501,0.239302,-0.449629][0.845406,-0.00554306,-0.534096][0.896834,0.587699,0][0.086809,0.235672,-0.635883][0.845406,-0.00554306,-0.534096][0.866977,0.676549,0][0.086603,0.285706,-0.636728][0.845406,-0.00554306,-0.534096][0.866977,0.676549,0][0.086603,0.285706,-0.636728][0.845406,-0.00554306,-0.534096][0.866977,0.676549,0][0.204295,0.289335,-0.450474][0.845406,-0.00554306,-0.534096][0.896834,0.587699,0][0.204501,0.239302,-0.449629][0.845406,-0.00554306,-0.534096][0.896834,0.587699,0][0.086809,0.235672,-0.635883][-0.996298,-0.00554601,-0.085785][0.866977,0.676549,0][0.067888,0.239302,-0.416375][-0.996298,-0.00554601,-0.085785][0.837119,0.587699,0][0.067683,0.289335,-0.41722][-0.996298,-0.00554601,-0.085785][0.837119,0.587699,0][0.067683,0.289335,-0.41722][-0.996298,-0.00554601,-0.085785][0.837119,0.587699,0][0.086603,0.285706,-0.636728][-0.996298,-0.00554601,-0.085785][0.866977,0.676549,0][0.086809,0.235672,-0.635883][-0.996298,-0.00554601,-0.085785][0.866977,0.676549,0][-0.559146,0.217432,0.089191][0.061287,-0.997982,0.0166101][0.683448,0.346725,0][-0.48575,0.220217,-0.014342][0.061287,-0.997982,0.0166101][0.701329,0.395393,0][-0.416933,0.224753,0.00430896][0.061287,-0.997982,0.0166101][0.730465,0.395393,0][-0.416933,0.224753,0.00430896][0.061287,-0.997982,0.0166101][0.730465,0.395393,0][-0.471311,0.224754,0.204944][0.061287,-0.997982,0.0166101][0.730465,0.31047,0][-0.559146,0.217432,0.089191][0.061287,-0.997982,0.0166101][0.683448,0.346725,0][-0.348116,0.229289,0.02296][0.061286,-0.997982,0.0166091][0.759601,0.395393,0][-0.138853,0.243098,0.080504][0.061286,-0.997982,0.0166091][0.848288,0.395067,0][-0.337045,0.232073,0.149386][0.061286,-0.997982,0.0166091][0.777482,0.346725,0][-0.559146,0.217432,0.089191][0.061287,-0.997982,0.0166091][0.683448,0.346725,0][-0.695431,0.206409,-0.070343][0.061287,-0.997982,0.0166091][0.612641,0.395067,0][-0.48575,0.220217,-0.014342][0.061287,-0.997982,0.0166091][0.701329,0.395393,0][-0.471311,0.224754,0.204944][0.061286,-0.997982,0.0166111][0.730465,0.31047,0][-0.692664,0.212864,0.30731][0.061286,-0.997982,0.0166111][0.654102,0.24645,0][-0.559146,0.217432,0.089191][0.061286,-0.997982,0.0166111][0.683448,0.346725,0][-0.337045,0.232073,0.149386][0.061285,-0.997982,0.0166101][0.777482,0.346725,0][-0.331942,0.236643,0.405075][0.061285,-0.997982,0.0166101][0.806827,0.24645,0][-0.471311,0.224754,0.204944][0.061285,-0.997982,0.0166101][0.730465,0.31047,0][-0.471311,0.224754,0.204944][0.061285,-0.997982,0.0166101][0.730465,0.31047,0][-0.416933,0.224753,0.00430896][0.061285,-0.997982,0.0166101][0.730465,0.395393,0][-0.348116,0.229289,0.02296][0.061285,-0.997982,0.0166101][0.759601,0.395393,0][-0.348116,0.229289,0.02296][0.061285,-0.997982,0.0166101][0.759601,0.395393,0][-0.337045,0.232073,0.149386][0.061285,-0.997982,0.0166101][0.777482,0.346725,0][-0.471311,0.224754,0.204944][0.061285,-0.997982,0.0166101][0.730465,0.31047,0][-0.361415,0.224753,-0.200533][0.061285,-0.997982,0.0166101][0.730465,0.482097,0][-0.348116,0.229289,0.02296][0.061285,-0.997982,0.0166101][0.759601,0.395393,0][-0.416933,0.224753,0.00430896][0.061285,-0.997982,0.0166101][0.730465,0.395393,0][-0.361415,0.224753,-0.200533][0.061285,-0.997982,0.0166101][0.730465,0.482097,0][-0.416933,0.224753,0.00430896][0.061285,-0.997982,0.0166101][0.730465,0.395393,0][-0.48575,0.220217,-0.014342][0.061285,-0.997982,0.0166101][0.701329,0.395393,0][-0.340161,0.282825,0.148541][0.172348,0.766583,0.618584][0.777482,0.346725,0][-0.14197,0.29385,0.0796599][0.172348,0.766583,0.618584][0.848288,0.395067,0][-0.44799,0.356929,0.0867509][0.172348,0.766583,0.618584][0.730465,0.359566,0][-0.14197,0.29385,0.0796599][0.135372,0.73183,-0.667907][0.848288,0.395067,0][-0.351233,0.280042,0.022115][0.135372,0.73183,-0.667907][0.759601,0.395393,0][-0.44799,0.356929,0.0867509][0.135372,0.73183,-0.667907][0.730465,0.359566,0][-0.488866,0.270968,-0.015187][0.130555,0.731514,-0.669211][0.701329,0.395393,0][-0.698548,0.25716,-0.071188][0.130555,0.731514,-0.669211][0.612641,0.395067,0][-0.44799,0.356929,0.0867509][0.130555,0.731514,-0.669211][0.730465,0.359566,0][-0.698548,0.25716,-0.071188][-0.55234,0.71881,0.422176][0.612641,0.395067,0][-0.562263,0.268184,0.088346][-0.55234,0.71881,0.422176][0.683448,0.346725,0][-0.44799,0.356929,0.0867509][-0.55234,0.71881,0.422176][0.730465,0.359566,0][-0.562263,0.268184,0.088346][-0.579894,0.740601,-0.33946][0.683448,0.346725,0][-0.695781,0.263616,0.306465][-0.579894,0.740601,-0.33946][0.654102,0.24645,0][-0.44799,0.356929,0.0867509][-0.579894,0.740601,-0.33946][0.730465,0.359566,0][-0.695781,0.263616,0.306465][0.230913,0.774251,0.589249][0.654102,0.24645,0][-0.474427,0.275506,0.2041][0.230913,0.774251,0.589249][0.730465,0.31047,0][-0.44799,0.356929,0.0867509][0.230913,0.774251,0.589249][0.730465,0.359566,0][-0.474427,0.275506,0.2041][-0.588632,0.720227,0.36713][0.730465,0.31047,0][-0.335058,0.287395,0.404231][-0.588633,0.720227,0.36713][0.806827,0.24645,0][-0.44799,0.356929,0.0867509][-0.588633,0.720227,0.36713][0.730465,0.359566,0][-0.335058,0.287395,0.404231][0.576302,0.81682,-0.0260981][0.806827,0.24645,0][-0.340161,0.282825,0.148541][0.576302,0.81682,-0.0260981][0.777482,0.346725,0][-0.44799,0.356929,0.0867509][0.576302,0.81682,-0.0260981][0.730465,0.359566,0][-0.351233,0.280042,0.022115][0.599817,0.798453,-0.0519001][0.759601,0.395393,0][-0.364532,0.275505,-0.201378][0.599817,0.798453,-0.0519001][0.730465,0.482097,0][-0.44799,0.356929,0.0867509][0.599817,0.798453,-0.0519001][0.730465,0.359566,0][-0.364532,0.275505,-0.201378][-0.584789,0.720363,-0.372959][0.730465,0.482097,0][-0.488866,0.270968,-0.015187][-0.584789,0.720363,-0.372959][0.701329,0.395393,0][-0.44799,0.356929,0.0867509][-0.584789,0.720363,-0.372959][0.730465,0.359566,0][-0.138853,0.243098,0.080504][0.265129,0.000232885,-0.964213][0.848288,0.395067,0][-0.348116,0.229289,0.02296][0.265129,0.000232885,-0.964213][0.759601,0.395393,0][-0.351233,0.280042,0.022115][0.265129,0.000232885,-0.964213][0.759601,0.395393,0][-0.351233,0.280042,0.022115][0.265129,0.000232885,-0.964213][0.759601,0.395393,0][-0.14197,0.29385,0.0796599][0.265129,0.000232885,-0.964213][0.848288,0.395067,0][-0.138853,0.243098,0.080504][0.265129,0.000232885,-0.964213][0.848288,0.395067,0][-0.337045,0.232073,0.149386][0.326304,0.0357591,0.944588][0.777482,0.346725,0][-0.138853,0.243098,0.080504][0.326304,0.0357591,0.944588][0.848288,0.395067,0][-0.14197,0.29385,0.0796599][0.326304,0.0357591,0.944588][0.848288,0.395067,0][-0.14197,0.29385,0.0796599][0.326304,0.0357591,0.944588][0.848288,0.395067,0][-0.340161,0.282825,0.148541][0.326304,0.0357591,0.944588][0.777482,0.346725,0][-0.337045,0.232073,0.149386][0.326304,0.0357591,0.944588][0.777482,0.346725,0][-0.695431,0.206409,-0.070343][-0.758626,-0.0357579,0.650544][0.612641,0.395067,0][-0.559146,0.217432,0.089191][-0.758626,-0.0357579,0.650544][0.683448,0.346725,0][-0.562263,0.268184,0.088346][-0.758626,-0.0357579,0.650544][0.683448,0.346725,0][-0.562263,0.268184,0.088346][-0.758626,-0.0357579,0.650544][0.683448,0.346725,0][-0.698548,0.25716,-0.071188][-0.758626,-0.0357579,0.650544][0.612641,0.395067,0][-0.695431,0.206409,-0.070343][-0.758626,-0.0357579,0.650544][0.612641,0.395067,0][-0.48575,0.220217,-0.014342][0.258046,-0.000234115,-0.966133][0.701329,0.395393,0][-0.695431,0.206409,-0.070343][0.258046,-0.000234115,-0.966133][0.612641,0.395067,0][-0.698548,0.25716,-0.071188][0.258046,-0.000234115,-0.966133][0.612641,0.395067,0][-0.698548,0.25716,-0.071188][0.258046,-0.000234115,-0.966133][0.612641,0.395067,0][-0.488866,0.270968,-0.015187][0.258046,-0.000234115,-0.966133][0.701329,0.395393,0][-0.48575,0.220217,-0.014342][0.258046,-0.000234115,-0.966133][0.701329,0.395393,0][-0.692664,0.212864,0.30731][0.41759,0.0407541,0.907721][0.654102,0.24645,0][-0.471311,0.224754,0.204944][0.41759,0.0407541,0.907721][0.730465,0.31047,0][-0.474427,0.275506,0.2041][0.41759,0.0407541,0.907721][0.730465,0.31047,0][-0.474427,0.275506,0.2041][0.41759,0.0407541,0.907721][0.730465,0.31047,0][-0.695781,0.263616,0.306465][0.41759,0.0407541,0.907721][0.654102,0.24645,0][-0.692664,0.212864,0.30731][0.41759,0.0407541,0.907721][0.654102,0.24645,0][-0.559146,0.217432,0.089191][-0.85074,-0.0609351,-0.522043][0.683448,0.346725,0][-0.692664,0.212864,0.30731][-0.85074,-0.0609351,-0.522043][0.654102,0.24645,0][-0.695781,0.263616,0.306465][-0.85074,-0.0609351,-0.522043][0.654102,0.24645,0][-0.695781,0.263616,0.306465][-0.85074,-0.0609351,-0.522043][0.654102,0.24645,0][-0.562263,0.268184,0.088346][-0.85074,-0.0609351,-0.522043][0.683448,0.346725,0][-0.559146,0.217432,0.089191][-0.85074,-0.0609351,-0.522043][0.683448,0.346725,0][-0.331942,0.236643,0.405075][0.997921,0.060931,-0.021006][0.806827,0.24645,0][-0.337045,0.232073,0.149386][0.997921,0.060931,-0.021006][0.777482,0.346725,0][-0.340161,0.282825,0.148541][0.997921,0.060931,-0.021006][0.777482,0.346725,0][-0.340161,0.282825,0.148541][0.997921,0.060931,-0.021006][0.777482,0.346725,0][-0.335058,0.287395,0.404231][0.997921,0.060931,-0.021006][0.806827,0.24645,0][-0.331942,0.236643,0.405075][0.997921,0.060931,-0.021006][0.806827,0.24645,0][-0.471311,0.224754,0.204944][-0.818803,-0.0407499,0.572627][0.730465,0.31047,0][-0.331942,0.236643,0.405075][-0.818803,-0.0407499,0.572627][0.806827,0.24645,0][-0.335058,0.287395,0.404231][-0.818803,-0.0407499,0.572627][0.806827,0.24645,0][-0.335058,0.287395,0.404231][-0.818803,-0.0407499,0.572627][0.806827,0.24645,0][-0.474427,0.275506,0.2041][-0.818803,-0.0407499,0.572627][0.730465,0.31047,0][-0.471311,0.224754,0.204944][-0.818803,-0.0407499,0.572627][0.730465,0.31047,0][-0.348116,0.229289,0.02296][0.996352,0.060178,-0.060512][0.759601,0.395393,0][-0.361415,0.224753,-0.200533][0.996352,0.060178,-0.060512][0.730465,0.482097,0][-0.364532,0.275505,-0.201378][0.996352,0.060178,-0.060512][0.730465,0.482097,0][-0.364532,0.275505,-0.201378][0.996352,0.060178,-0.060512][0.730465,0.482097,0][-0.351233,0.280042,0.022115][0.996352,0.060178,-0.060512][0.759601,0.395393,0][-0.348116,0.229289,0.02296][0.996352,0.060178,-0.060512][0.759601,0.395393,0][-0.361415,0.224753,-0.200533][-0.829438,-0.0601771,-0.555348][0.730465,0.482097,0][-0.48575,0.220217,-0.014342][-0.829438,-0.0601771,-0.555348][0.701329,0.395393,0][-0.488866,0.270968,-0.015187][-0.829438,-0.0601771,-0.555348][0.701329,0.395393,0][-0.488866,0.270968,-0.015187][-0.829438,-0.0601771,-0.555348][0.701329,0.395393,0][-0.364532,0.275505,-0.201378][-0.829438,-0.0601771,-0.555348][0.730465,0.482097,0][-0.361415,0.224753,-0.200533][-0.829438,-0.0601771,-0.555348][0.730465,0.482097,0][-0.294945,0.209517,-0.838701][0.044854,-0.998621,0.0272771][0.343102,0.389428,0][-0.245805,0.20926,-0.92894][0.044854,-0.998621,0.0272771][0.361096,0.438403,0][-0.188652,0.212055,-0.92057][0.044854,-0.998621,0.0272771][0.390416,0.438403,0][-0.188652,0.212055,-0.92057][0.044854,-0.998621,0.0272771][0.390416,0.438403,0][-0.213195,0.215499,-0.754141][0.044854,-0.998621,0.0272771][0.390416,0.352943,0][-0.294945,0.209517,-0.838701][0.044854,-0.998621,0.0272771][0.343102,0.389428,0][-0.131499,0.214851,-0.912199][0.044856,-0.998621,0.0272771][0.419737,0.438403,0][0.042375,0.223374,-0.886081][0.044856,-0.998621,0.0272771][0.508984,0.438074,0][-0.110488,0.21854,-0.811686][0.044856,-0.998621,0.0272771][0.437731,0.389428,0][-0.294945,0.209517,-0.838701][0.044855,-0.998621,0.0272771][0.343102,0.389428,0][-0.419868,0.200763,-0.953778][0.044855,-0.998621,0.0272771][0.271848,0.438074,0][-0.245805,0.20926,-0.92894][0.044855,-0.998621,0.0272771][0.361096,0.438403,0][-0.213195,0.215499,-0.754141][0.044855,-0.998621,0.0272771][0.390416,0.352943,0][-0.381487,0.210768,-0.650617][0.044855,-0.998621,0.0272771][0.313572,0.288519,0][-0.294945,0.209517,-0.838701][0.044855,-0.998621,0.0272771][0.343102,0.389428,0][-0.110488,0.21854,-0.811686][0.044854,-0.998621,0.0272781][0.437731,0.389428,0][-0.081905,0.225422,-0.606742][0.044854,-0.998621,0.0272781][0.467261,0.288519,0][-0.213195,0.215499,-0.754141][0.044854,-0.998621,0.0272781][0.390416,0.352943,0][-0.213195,0.215499,-0.754141][0.044854,-0.998621,0.0272781][0.390416,0.352943,0][-0.188652,0.212055,-0.92057][0.044854,-0.998621,0.0272781][0.390416,0.438403,0][-0.131499,0.214851,-0.912199][0.044854,-0.998621,0.0272781][0.419737,0.438403,0][-0.131499,0.214851,-0.912199][0.044854,-0.998621,0.0272781][0.419737,0.438403,0][-0.110488,0.21854,-0.811686][0.044854,-0.998621,0.0272781][0.437731,0.389428,0][-0.213195,0.215499,-0.754141][0.044854,-0.998621,0.0272781][0.390416,0.352943,0][-0.163595,0.20854,-1.09049][0.044854,-0.998621,0.0272771][0.390416,0.525655,0][-0.131499,0.214851,-0.912199][0.044854,-0.998621,0.0272771][0.419737,0.438403,0][-0.188652,0.212055,-0.92057][0.044854,-0.998621,0.0272771][0.390416,0.438403,0][-0.163595,0.20854,-1.09049][0.044854,-0.998621,0.0272771][0.390416,0.525655,0][-0.188652,0.212055,-0.92057][0.044854,-0.998621,0.0272771][0.390416,0.438403,0][-0.245805,0.20926,-0.92894][0.044854,-0.998621,0.0272771][0.361096,0.438403,0][-0.112335,0.259648,-0.812809][0.257881,0.772655,0.580087][0.437731,0.389428,0][0.040528,0.264482,-0.887204][0.257881,0.772655,0.580087][0.508984,0.438074,0][-0.203815,0.320567,-0.853283][0.257881,0.772655,0.580087][0.390416,0.40235,0][0.040528,0.264482,-0.887204][0.068778,0.718345,-0.692279][0.508984,0.438074,0][-0.133346,0.255959,-0.913322][0.068778,0.718345,-0.692279][0.419737,0.438403,0][-0.203815,0.320567,-0.853283][0.068778,0.718345,-0.692279][0.390416,0.40235,0][-0.247652,0.250367,-0.930063][0.063836,0.718101,-0.693005][0.361096,0.438403,0][-0.421714,0.24187,-0.954901][0.063836,0.718101,-0.693005][0.271848,0.438074,0][-0.203815,0.320567,-0.853283][0.063836,0.718101,-0.693005][0.390416,0.40235,0][-0.421714,0.24187,-0.954901][-0.485659,0.736282,0.471194][0.271848,0.438074,0][-0.296792,0.250625,-0.839823][-0.485659,0.736282,0.471194][0.343102,0.389428,0][-0.203815,0.320567,-0.853283][-0.485659,0.736282,0.471194][0.390416,0.40235,0][-0.296792,0.250625,-0.839823][-0.602473,0.746594,-0.282177][0.343102,0.389428,0][-0.383334,0.251875,-0.65174][-0.602473,0.746594,-0.282177][0.313572,0.288519,0][-0.203815,0.320567,-0.853283][-0.602473,0.746594,-0.282177][0.390416,0.40235,0][-0.383334,0.251875,-0.65174][0.312705,0.778687,0.543933][0.313572,0.288519,0][-0.215041,0.256606,-0.755264][0.312705,0.778687,0.543933][0.390416,0.352943,0][-0.203815,0.320567,-0.853283][0.312705,0.778687,0.543933][0.390416,0.40235,0][-0.215041,0.256606,-0.755264][-0.528161,0.737554,0.420784][0.390416,0.352943,0][-0.083751,0.26653,-0.607865][-0.528161,0.737554,0.420784][0.467261,0.288519,0][-0.203815,0.320567,-0.853283][-0.528161,0.737554,0.420784][0.390416,0.40235,0][-0.083751,0.26653,-0.607865][0.583798,0.804624,-0.108441][0.467261,0.288519,0][-0.112335,0.259648,-0.812809][0.583798,0.804624,-0.108441][0.437731,0.389428,0][-0.203815,0.320567,-0.853283][0.583798,0.804624,-0.108441][0.390416,0.40235,0][-0.133346,0.255959,-0.913322][0.603772,0.785384,-0.136495][0.419737,0.438403,0][-0.165441,0.249647,-1.09161][0.603772,0.785384,-0.136495][0.390416,0.525655,0][-0.203815,0.320567,-0.853283][0.603772,0.785384,-0.136495][0.390416,0.40235,0][-0.165441,0.249647,-1.09161][-0.611649,0.725931,-0.314499][0.390416,0.525655,0][-0.247652,0.250367,-0.930063][-0.611649,0.725931,-0.314499][0.361096,0.438403,0][-0.203815,0.320567,-0.853283][-0.611649,0.725931,-0.314499][0.390416,0.40235,0][0.042375,0.223374,-0.886081][0.149491,-0.0202861,-0.988555][0.508984,0.438074,0][-0.131499,0.214851,-0.912199][0.149491,-0.0202861,-0.988555][0.419737,0.438403,0][-0.133346,0.255959,-0.913322][0.149491,-0.0202861,-0.988555][0.419737,0.438403,0][-0.133346,0.255959,-0.913322][0.149491,-0.0202861,-0.988555][0.419737,0.438403,0][0.040528,0.264482,-0.887204][0.149491,-0.0202861,-0.988555][0.508984,0.438074,0][0.042375,0.223374,-0.886081][0.149491,-0.0202861,-0.988555][0.508984,0.438074,0][-0.110488,0.21854,-0.811686][0.436048,0.0441361,0.89884][0.437731,0.389428,0][0.042375,0.223374,-0.886081][0.436048,0.0441361,0.89884][0.508984,0.438074,0][0.040528,0.264482,-0.887204][0.436048,0.0441361,0.89884][0.508984,0.438074,0][0.040528,0.264482,-0.887204][0.436048,0.0441361,0.89884][0.508984,0.438074,0][-0.112335,0.259648,-0.812809][0.436048,0.0441361,0.89884][0.437731,0.389428,0][-0.110488,0.21854,-0.811686][0.436048,0.0441361,0.89884][0.437731,0.389428,0][-0.419868,0.200763,-0.953778][-0.677105,-0.0103129,0.735814][0.271848,0.438074,0][-0.294945,0.209517,-0.838701][-0.677105,-0.0103129,0.735814][0.343102,0.389428,0][-0.296792,0.250625,-0.839823][-0.677105,-0.0103129,0.735814][0.343102,0.389428,0][-0.296792,0.250625,-0.839823][-0.677105,-0.0103129,0.735814][0.343102,0.389428,0][-0.421714,0.24187,-0.954901][-0.677105,-0.0103129,0.735814][0.271848,0.438074,0][-0.419868,0.200763,-0.953778][-0.677105,-0.0103129,0.735814][0.271848,0.438074,0][-0.245805,0.20926,-0.92894][0.142225,-0.0206431,-0.989619][0.361096,0.438403,0][-0.419868,0.200763,-0.953778][0.142225,-0.0206431,-0.989619][0.271848,0.438074,0][-0.421714,0.24187,-0.954901][0.142225,-0.0206431,-0.989619][0.271848,0.438074,0][-0.421714,0.24187,-0.954901][0.142225,-0.0206431,-0.989619][0.271848,0.438074,0][-0.247652,0.250367,-0.930063][0.142225,-0.0206431,-0.989619][0.361096,0.438403,0][-0.245805,0.20926,-0.92894][0.142225,-0.0206431,-0.989619][0.361096,0.438403,0][-0.381487,0.210768,-0.650617][0.522422,0.0467211,0.851406][0.313572,0.288519,0][-0.213195,0.215499,-0.754141][0.522422,0.0467211,0.851406][0.390416,0.352943,0][-0.215041,0.256606,-0.755264][0.522422,0.0467211,0.851406][0.390416,0.352943,0][-0.215041,0.256606,-0.755264][0.522422,0.0467211,0.851406][0.390416,0.352943,0][-0.383334,0.251875,-0.65174][0.522422,0.0467211,0.851406][0.313572,0.288519,0][-0.381487,0.210768,-0.650617][0.522422,0.0467211,0.851406][0.313572,0.288519,0][-0.294945,0.209517,-0.838701][-0.907343,-0.052146,-0.417145][0.343102,0.389428,0][-0.381487,0.210768,-0.650617][-0.907343,-0.052146,-0.417145][0.313572,0.288519,0][-0.383334,0.251875,-0.65174][-0.907343,-0.052146,-0.417145][0.313572,0.288519,0][-0.383334,0.251875,-0.65174][-0.907343,-0.052146,-0.417145][0.313572,0.288519,0][-0.296792,0.250625,-0.839823][-0.907343,-0.052146,-0.417145][0.343102,0.389428,0][-0.294945,0.209517,-0.838701][-0.907343,-0.052146,-0.417145][0.343102,0.389428,0][-0.081905,0.225422,-0.606742][0.989408,0.040632,-0.139357][0.467261,0.288519,0][-0.110488,0.21854,-0.811686][0.989408,0.040632,-0.139357][0.437731,0.389428,0][-0.112335,0.259648,-0.812809][0.989408,0.040632,-0.139357][0.437731,0.389428,0][-0.112335,0.259648,-0.812809][0.989408,0.040632,-0.139357][0.437731,0.389428,0][-0.083751,0.26653,-0.607865][0.989408,0.040632,-0.139357][0.467261,0.288519,0][-0.081905,0.225422,-0.606742][0.989408,0.040632,-0.139357][0.467261,0.288519,0][-0.213195,0.215499,-0.754141][-0.746133,-0.0153289,0.665621][0.390416,0.352943,0][-0.081905,0.225422,-0.606742][-0.746133,-0.0153289,0.665621][0.467261,0.288519,0][-0.083751,0.26653,-0.607865][-0.746133,-0.0153289,0.665621][0.467261,0.288519,0][-0.083751,0.26653,-0.607865][-0.746133,-0.0153289,0.665621][0.467261,0.288519,0][-0.215041,0.256606,-0.755264][-0.746133,-0.0153289,0.665621][0.390416,0.352943,0][-0.213195,0.215499,-0.754141][-0.746133,-0.0153289,0.665621][0.390416,0.352943,0][-0.131499,0.214851,-0.912199][0.983177,0.039286,-0.178382][0.419737,0.438403,0][-0.163595,0.20854,-1.09049][0.983177,0.039286,-0.178382][0.390416,0.525655,0][-0.165441,0.249647,-1.09161][0.983177,0.039286,-0.178382][0.390416,0.525655,0][-0.165441,0.249647,-1.09161][0.983177,0.039286,-0.178382][0.390416,0.525655,0][-0.133346,0.255959,-0.913322][0.983177,0.039286,-0.178382][0.419737,0.438403,0][-0.131499,0.214851,-0.912199][0.983177,0.039286,-0.178382][0.419737,0.438403,0][-0.163595,0.20854,-1.09049][-0.890106,-0.052346,-0.452737][0.390416,0.525655,0][-0.245805,0.20926,-0.92894][-0.890106,-0.052346,-0.452737][0.361096,0.438403,0][-0.247652,0.250367,-0.930063][-0.890106,-0.052346,-0.452737][0.361096,0.438403,0][-0.247652,0.250367,-0.930063][-0.890106,-0.052346,-0.452737][0.361096,0.438403,0][-0.165441,0.249647,-1.09161][-0.890106,-0.052346,-0.452737][0.390416,0.525655,0][-0.163595,0.20854,-1.09049][-0.890106,-0.052346,-0.452737][0.390416,0.525655,0][0.45933,0.23533,0.067429][-0.093103,-0.995656,0][0.538056,0.570883,0][0.584815,0.223595,0.090793][-0.093103,-0.995656,0][0.557279,0.623204,0][0.596922,0.222462,0.161902][-0.093103,-0.995656,0][0.588602,0.623204,0][0.596922,0.222462,0.161902][-0.093103,-0.995656,0][0.588602,0.623204,0][0.390921,0.241726,0.197284][-0.093103,-0.995656,0][0.588602,0.531906,0][0.45933,0.23533,0.067429][-0.093103,-0.995656,0][0.538056,0.570883,0][0.609029,0.221331,0.233011][-0.093103,-0.995657,-8.81308e-007][0.619925,0.623204,0][0.645091,0.217959,0.449596][-0.093103,-0.995657,-8.81308e-007][0.715268,0.622853,0][0.498405,0.231676,0.296928][-0.093103,-0.995657,-8.81308e-007][0.639148,0.570883,0][0.45933,0.23533,0.067429][-0.093103,-0.995656,1.11869e-006][0.538056,0.570883,0][0.547168,0.227116,-0.12552][-0.093103,-0.995657,1.11869e-006][0.461935,0.622853,0][0.584815,0.223595,0.090793][-0.093103,-0.995657,1.11869e-006][0.557279,0.623204,0][0.390921,0.241726,0.197284][-0.093103,-0.995657,0][0.588602,0.531906,0][0.203896,0.259215,0.037588][-0.093103,-0.995657,0][0.506508,0.463082,0][0.45933,0.23533,0.067429][-0.093103,-0.995657,0][0.538056,0.570883,0][0.498405,0.231676,0.296928][-0.093103,-0.995656,0][0.639148,0.570883,0][0.26736,0.25328,0.410324][-0.093103,-0.995656,0][0.670695,0.463082,0][0.390921,0.241726,0.197284][-0.093103,-0.995656,0][0.588602,0.531906,0][0.390921,0.241726,0.197284][-0.093103,-0.995657,1.11869e-006][0.588602,0.531906,0][0.596922,0.222462,0.161902][-0.093103,-0.995657,1.11869e-006][0.588602,0.623204,0][0.609029,0.221331,0.233011][-0.093103,-0.995657,1.11869e-006][0.619925,0.623204,0][0.609029,0.221331,0.233011][-0.093103,-0.995657,1.11869e-006][0.619925,0.623204,0][0.498405,0.231676,0.296928][-0.093103,-0.995657,1.11869e-006][0.639148,0.570883,0][0.390921,0.241726,0.197284][-0.093103,-0.995657,1.11869e-006][0.588602,0.531906,0][0.807241,0.202797,0.125778][-0.093102,-0.995657,0][0.588602,0.716415,0][0.609029,0.221331,0.233011][-0.093102,-0.995657,0][0.619925,0.623204,0][0.596922,0.222462,0.161902][-0.093102,-0.995657,0][0.588602,0.623204,0][0.807241,0.202797,0.125778][-0.093103,-0.995656,0][0.588602,0.716415,0][0.596922,0.222462,0.161902][-0.093103,-0.995657,0][0.588602,0.623204,0][0.584815,0.223595,0.090793][-0.093103,-0.995656,0][0.557279,0.623204,0][0.503186,0.282803,0.296928][-0.409278,0.785716,0.463833][0.639148,0.570883,0][0.649872,0.269087,0.449596][-0.409278,0.785716,0.463833][0.715268,0.622853,0][0.522467,0.363744,0.176828][-0.409278,0.785716,0.463833][0.588602,0.584688,0][0.649872,0.269087,0.449596][0.736094,0.66752,-0.112168][0.715268,0.622853,0][0.61381,0.272459,0.233011][0.736095,0.66752,-0.112168][0.619925,0.623204,0][0.522467,0.363744,0.176828][0.736094,0.66752,-0.112168][0.588602,0.584688,0][0.589595,0.274723,0.090793][0.735255,0.667599,-0.117097][0.557279,0.623204,0][0.551949,0.278243,-0.12552][0.735255,0.667599,-0.117097][0.461935,0.622853,0][0.522467,0.363744,0.176828][0.735255,0.667599,-0.117097][0.588602,0.584688,0][0.551949,0.278243,-0.12552][-0.535545,0.797524,-0.277754][0.461935,0.622853,0][0.46411,0.286456,0.0674289][-0.535545,0.797524,-0.277754][0.538056,0.570883,0][0.522467,0.363744,0.176828][-0.535545,0.797524,-0.277754][0.588602,0.584688,0][0.46411,0.286456,0.0674289][0.144594,0.770169,-0.621235][0.538056,0.570883,0][0.208677,0.310342,0.037588][0.144594,0.770169,-0.621235][0.506508,0.463082,0][0.522467,0.363744,0.176828][0.144594,0.770169,-0.621235][0.588602,0.584688,0][0.208677,0.310342,0.037588][-0.357769,0.785471,0.505013][0.506508,0.463082,0][0.395702,0.292854,0.197284][-0.357768,0.785471,0.505013][0.588602,0.531906,0][0.522467,0.363744,0.176828][-0.357769,0.785471,0.505013][0.588602,0.584688,0][0.395702,0.292854,0.197284][-0.500563,0.798823,-0.333643][0.588602,0.531906,0][0.272141,0.304408,0.410324][-0.500563,0.798823,-0.333643][0.670695,0.463082,0][0.522467,0.363744,0.176828][-0.500563,0.798823,-0.333643][0.588602,0.584688,0][0.272141,0.304408,0.410324][0.346045,0.751332,0.56192][0.670695,0.463082,0][0.503186,0.282803,0.296928][0.346045,0.751332,0.56192][0.639148,0.570883,0][0.522467,0.363744,0.176828][0.346045,0.751332,0.56192][0.588602,0.584688,0][0.61381,0.272459,0.233011][0.377196,0.728992,0.571221][0.619925,0.623204,0][0.812022,0.253924,0.125778][0.377197,0.728992,0.571221][0.588602,0.716415,0][0.522467,0.363744,0.176828][0.377196,0.728992,0.571221][0.588602,0.584688,0][0.812022,0.253924,0.125778][0.170796,0.748293,-0.641005][0.588602,0.716415,0][0.589595,0.274723,0.090793][0.170796,0.748293,-0.641005][0.557279,0.623204,0][0.522467,0.363744,0.176828][0.170796,0.748293,-0.641005][0.588602,0.584688,0][0.645091,0.217959,0.449596][0.98202,-0.09183,-0.164937][0.715268,0.622853,0][0.609029,0.221331,0.233011][0.98202,-0.09183,-0.164937][0.619925,0.623204,0][0.61381,0.272459,0.233011][0.98202,-0.09183,-0.164937][0.619925,0.623204,0][0.61381,0.272459,0.233011][0.98202,-0.09183,-0.164937][0.619925,0.623204,0][0.649872,0.269087,0.449596][0.98202,-0.09183,-0.164937][0.715268,0.622853,0][0.645091,0.217959,0.449596][0.98202,-0.09183,-0.164937][0.715268,0.622853,0][0.498405,0.231676,0.296928][-0.716461,0.0669961,0.694403][0.639148,0.570883,0][0.645091,0.217959,0.449596][-0.716461,0.0669961,0.694403][0.715268,0.622853,0][0.649872,0.269087,0.449596][-0.716461,0.0669961,0.694403][0.715268,0.622853,0][0.649872,0.269087,0.449596][-0.716461,0.0669961,0.694403][0.715268,0.622853,0][0.503186,0.282803,0.296928][-0.716461,0.0669961,0.694403][0.639148,0.570883,0][0.498405,0.231676,0.296928][-0.716461,0.0669961,0.694403][0.639148,0.570883,0][0.547168,0.227116,-0.12552][-0.905495,0.0846689,-0.415825][0.461935,0.622853,0][0.45933,0.23533,0.067429][-0.905495,0.0846689,-0.415825][0.538056,0.570883,0][0.46411,0.286456,0.0674289][-0.905495,0.0846689,-0.415825][0.538056,0.570883,0][0.46411,0.286456,0.0674289][-0.905495,0.0846689,-0.415825][0.538056,0.570883,0][0.551949,0.278243,-0.12552][-0.905495,0.0846689,-0.415825][0.461935,0.622853,0][0.547168,0.227116,-0.12552][-0.905495,0.0846689,-0.415825][0.461935,0.622853,0][0.584815,0.223595,0.090793][0.980786,-0.091709,-0.172185][0.557279,0.623204,0][0.547168,0.227116,-0.12552][0.980786,-0.091709,-0.172185][0.461935,0.622853,0][0.551949,0.278243,-0.12552][0.980786,-0.091709,-0.172185][0.461935,0.622853,0][0.551949,0.278243,-0.12552][0.980786,-0.091709,-0.172185][0.461935,0.622853,0][0.589595,0.274723,0.090793][0.980786,-0.091709,-0.172185][0.557279,0.623204,0][0.584815,0.223595,0.090793][0.980786,-0.091709,-0.172185][0.557279,0.623204,0][0.203896,0.259215,0.037588][-0.644908,0.0603031,0.761877][0.506508,0.463082,0][0.390921,0.241726,0.197284][-0.644908,0.0603031,0.761877][0.588602,0.531906,0][0.395702,0.292854,0.197284][-0.644908,0.0603031,0.761877][0.588602,0.531906,0][0.395702,0.292854,0.197284][-0.644908,0.0603031,0.761877][0.588602,0.531906,0][0.208677,0.310342,0.037588][-0.644908,0.0603031,0.761877][0.506508,0.463082,0][0.203896,0.259215,0.037588][-0.644908,0.0603031,0.761877][0.506508,0.463082,0][0.45933,0.23533,0.067429][0.115038,-0.0107571,-0.993303][0.538056,0.570883,0][0.203896,0.259215,0.037588][0.115038,-0.0107571,-0.993303][0.506508,0.463082,0][0.208677,0.310342,0.037588][0.115038,-0.0107571,-0.993303][0.506508,0.463082,0][0.208677,0.310342,0.037588][0.115038,-0.0107571,-0.993303][0.506508,0.463082,0][0.46411,0.286456,0.0674289][0.115038,-0.0107571,-0.993303][0.538056,0.570883,0][0.45933,0.23533,0.067429][0.115038,-0.0107571,-0.993303][0.538056,0.570883,0][0.26736,0.25328,0.410324][0.437142,-0.0408749,0.898463][0.670695,0.463082,0][0.498405,0.231676,0.296928][0.437142,-0.0408749,0.898463][0.639148,0.570883,0][0.503186,0.282803,0.296928][0.437142,-0.0408749,0.898463][0.639148,0.570883,0][0.503186,0.282803,0.296928][0.437142,-0.0408749,0.898463][0.639148,0.570883,0][0.272141,0.304408,0.410324][0.437142,-0.0408749,0.898463][0.670695,0.463082,0][0.26736,0.25328,0.410324][0.437142,-0.0408749,0.898463][0.670695,0.463082,0][0.390921,0.241726,0.197284][-0.860332,0.0804459,-0.503345][0.588602,0.531906,0][0.26736,0.25328,0.410324][-0.860332,0.0804459,-0.503345][0.670695,0.463082,0][0.272141,0.304408,0.410324][-0.860332,0.0804459,-0.503345][0.670695,0.463082,0][0.272141,0.304408,0.410324][-0.860332,0.0804459,-0.503345][0.670695,0.463082,0][0.395702,0.292854,0.197284][-0.860332,0.0804459,-0.503345][0.588602,0.531906,0][0.390921,0.241726,0.197284][-0.860332,0.0804459,-0.503345][0.588602,0.531906,0][0.609029,0.221331,0.233011][0.472167,-0.0441499,0.880403][0.619925,0.623204,0][0.807241,0.202797,0.125778][0.472167,-0.0441499,0.880403][0.588602,0.716415,0][0.812022,0.253924,0.125778][0.472167,-0.0441499,0.880403][0.588602,0.716415,0][0.812022,0.253924,0.125778][0.472167,-0.0441499,0.880403][0.588602,0.716415,0][0.61381,0.272459,0.233011][0.472167,-0.0441499,0.880403][0.619925,0.623204,0][0.609029,0.221331,0.233011][0.472167,-0.0441499,0.880403][0.619925,0.623204,0][0.807241,0.202797,0.125778][0.154049,-0.0144041,-0.987958][0.588602,0.716415,0][0.584815,0.223595,0.090793][0.154049,-0.0144041,-0.987958][0.557279,0.623204,0][0.589595,0.274723,0.090793][0.154049,-0.0144041,-0.987958][0.557279,0.623204,0][0.589595,0.274723,0.090793][0.154049,-0.0144041,-0.987958][0.557279,0.623204,0][0.812022,0.253924,0.125778][0.154049,-0.0144041,-0.987958][0.588602,0.716415,0][0.807241,0.202797,0.125778][0.154049,-0.0144041,-0.987958][0.588602,0.716415,0]