version 1.00
1856
[-0.0815959,0.784623,-1.11466][0,0,1][0.262512,0.893237,0][-0.255251,0.253841,-1.11466][0,0,1][0.229156,0.79802,0][0,0.204655,-1.11466][0,0,1][0.27413,0.787898,0][0,0.204655,-1.11466][0,0,1][0.27413,0.787898,0][1.24808e-007,0.826568,-1.11466][0,0,1][0.277171,0.900437,0][-0.0815959,0.784623,-1.11466][0,0,1][0.262512,0.893237,0][0.418171,-0.150925,-1.11466][0,0,1][0.346464,0.721553,0][0,-0.427231,-1.11466][0,0,1][0.271041,0.673555,0][0.487687,-0.786067,-1.11466][0,0,1][0.355673,0.606288,0][0.487687,-0.786067,-1.11466][0,0,1][0.355673,0.606288,0][0.627458,-0.780891,-1.11466][0,0,1][0.380457,0.606555,0][0.418171,-0.150925,-1.11466][0,0,1][0.346464,0.721553,0][-0.418171,-0.150925,-1.11466][0,0,1][0.19832,0.725555,0][-0.255251,0.253841,-1.11466][0,0,1][0.229156,0.79802,0][-0.807115,0.253841,-1.11466][0,0,1][0.131402,0.800661,0][-0.807115,0.253841,-1.11466][0,0,1][0.131402,0.800661,0][-0.9064,0.173172,-1.11466][0,0,1][0.113421,0.786539,0][-0.418171,-0.150925,-1.11466][0,0,1][0.19832,0.725555,0][-0.418171,-0.150925,-1.11466][0,0,1][0.19832,0.725555,0][-0.627458,-0.780891,-1.11466][0,0,1][0.158167,0.612562,0][-0.487687,-0.786067,-1.11466][0,0,1][0.182901,0.610956,0][-0.487687,-0.786067,-1.11466][0,0,1][0.182901,0.610956,0][0,-0.427231,-1.11466][0,0,1][0.271041,0.673555,0][-0.418171,-0.150925,-1.11466][0,0,1][0.19832,0.725555,0][0,0.204655,-1.11466][0,0,1][0.27413,0.787898,0][0.255251,0.253841,-1.11466][0,0,1][0.319585,0.795577,0][0.0815961,0.784623,-1.11466][0,0,1][0.29142,0.892456,0][0.0815961,0.784623,-1.11466][0,0,1][0.29142,0.892456,0][1.24808e-007,0.826568,-1.11466][0,0,1][0.277171,0.900437,0][0,0.204655,-1.11466][0,0,1][0.27413,0.787898,0][0.418171,-0.150925,-1.11466][0,0,1][0.346464,0.721553,0][0.9064,0.173172,-1.11466][0,0,1][0.434532,0.777863,0][0.807115,0.253841,-1.11466][0,0,1][0.417339,0.792936,0][0.807115,0.253841,-1.11466][0,0,1][0.417339,0.792936,0][0.255251,0.253841,-1.11466][0,0,1][0.319585,0.795577,0][0.418171,-0.150925,-1.11466][0,0,1][0.346464,0.721553,0][0,0.204655,-1.11466][0,0,1][0.27413,0.787898,0][-0.255251,0.253841,-1.11466][0,0,1][0.229156,0.79802,0][-0.418171,-0.150925,-1.11466][0,0,1][0.19832,0.725555,0][-0.418171,-0.150925,-1.11466][0,0,1][0.19832,0.725555,0][0,-0.427231,-1.11466][0,0,1][0.271041,0.673555,0][0,0.204655,-1.11466][0,0,1][0.27413,0.787898,0][0,0.204655,-1.11466][0,0,1][0.27413,0.787898,0][0,-0.427231,-1.11466][0,0,1][0.271041,0.673555,0][0.418171,-0.150925,-1.11466][0,0,1][0.346464,0.721553,0][0.418171,-0.150925,-1.11466][0,0,1][0.346464,0.721553,0][0.255251,0.253841,-1.11466][0,0,1][0.319585,0.795577,0][0,0.204655,-1.11466][0,0,1][0.27413,0.787898,0][0,0.771264,-1.19954][-0.321941,0.626278,-0.710021][0.647557,0.729199,0][-0.0411329,0.750119,-1.19954][-0.321941,0.626278,-0.710021][0.663433,0.720025,0][-0.0669689,0.793533,-1.14953][-0.321941,0.626278,-0.710021][0.672634,0.728845,0][-0.0669689,0.793533,-1.14953][-0.321941,0.626278,-0.710021][0.672634,0.728845,0][1.25018e-007,0.827959,-1.14953][-0.321941,0.626278,-0.710021][0.647557,0.743336,0][0,0.771264,-1.19954][-0.321941,0.626278,-0.710021][0.647557,0.729199,0][-0.0411329,0.750119,-1.19954][-0.756342,0.247451,-0.60557][0.663433,0.720025,0][-0.219592,0.204655,-1.19954][-0.756342,0.247451,-0.60557][0.73231,0.483369,0][-0.247994,0.240225,-1.14953][-0.756342,0.247451,-0.60557][0.740419,0.495942,0][-0.247994,0.240225,-1.14953][-0.756342,0.247451,-0.60557][0.740419,0.495942,0][-0.0669689,0.793533,-1.14953][-0.756342,0.247451,-0.60557][0.672634,0.728845,0][-0.0411329,0.750119,-1.19954][-0.756342,0.247451,-0.60557][0.663433,0.720025,0][0.503015,-0.73628,-1.19954][-0.465506,-0.632656,-0.61891][0.453415,0.075132,0][0.509162,-0.789725,-1.14953][-0.465506,-0.632656,-0.61891][0.456901,0.062406,0][0,-0.415085,-1.14953][-0.465506,-0.632656,-0.61891][0.647557,0.220103,0][0,-0.415085,-1.14953][-0.465506,-0.632656,-0.61891][0.647557,0.220103,0][0,-0.366164,-1.19954][-0.465506,-0.632656,-0.61891][0.647557,0.235712,0][0.503015,-0.73628,-1.19954][-0.465506,-0.632656,-0.61891][0.453415,0.075132,0][0.560105,-0.734166,-1.19954][0.0252399,-0.681472,-0.731408][0.431381,0.076049,0][0.618217,-0.785686,-1.14953][0.0252399,-0.681472,-0.731408][0.416065,0.064106,0][0.509162,-0.789725,-1.14953][0.0252399,-0.681472,-0.731409][0.456901,0.062406,0][0.509162,-0.789725,-1.14953][0.0252399,-0.681472,-0.731409][0.456901,0.062406,0][0.503015,-0.73628,-1.19954][0.0252399,-0.681472,-0.731409][0.453415,0.075132,0][0.560105,-0.734166,-1.19954][0.0252399,-0.681472,-0.731408][0.431381,0.076049,0][0.560105,-0.734166,-1.19954][0.749031,0.248842,-0.614028][0.431381,0.076049,0][0.359637,-0.130745,-1.19954][0.749031,0.248842,-0.614028][0.508753,0.337851,0][0.406233,-0.147604,-1.14953][0.749031,0.248842,-0.614028][0.495443,0.332693,0][0.406233,-0.147604,-1.14953][0.749031,0.248842,-0.614028][0.495443,0.332693,0][0.618217,-0.785686,-1.14953][0.749031,0.248842,-0.614028][0.416065,0.064106,0][0.560105,-0.734166,-1.19954][0.749031,0.248842,-0.614028][0.431381,0.076049,0][-0.789652,0.204655,-1.19954][1.23045e-007,0.814887,-0.579619][0.952329,0.483369,0][-0.82452,0.240225,-1.14953][1.23045e-007,0.814887,-0.579619][0.9563,0.495942,0][-0.247994,0.240225,-1.14953][1.23045e-007,0.814887,-0.579619][0.740419,0.495942,0][-0.247994,0.240225,-1.14953][1.23045e-007,0.814887,-0.579619][0.740419,0.495942,0][-0.219592,0.204655,-1.19954][1.23045e-007,0.814887,-0.579619][0.73231,0.483369,0][-0.789652,0.204655,-1.19954][1.23045e-007,0.814887,-0.579619][0.952329,0.483369,0][-0.823483,0.177167,-1.19954][-0.44775,0.551074,-0.704158][0.965386,0.471443,0][-0.899138,0.179597,-1.14953][-0.44775,0.551074,-0.704158][0.984241,0.470422,0][-0.82452,0.240225,-1.14953][-0.44775,0.551074,-0.704158][0.9563,0.495942,0][-0.82452,0.240225,-1.14953][-0.44775,0.551074,-0.704158][0.9563,0.495942,0][-0.789652,0.204655,-1.19954][-0.44775,0.551074,-0.704158][0.952329,0.483369,0][-0.823483,0.177167,-1.19954][-0.44775,0.551074,-0.704158][0.965386,0.471443,0][-0.823483,0.177167,-1.19954][-0.432667,-0.651781,-0.622882][0.965386,0.471443,0][-0.359637,-0.130745,-1.19954][-0.432667,-0.651781,-0.622882][0.786362,0.337851,0][-0.406233,-0.147604,-1.14953][-0.432667,-0.651781,-0.622882][0.799672,0.332693,0][-0.406233,-0.147604,-1.14953][-0.432667,-0.651781,-0.622882][0.799672,0.332693,0][-0.899138,0.179597,-1.14953][-0.432667,-0.651781,-0.622882][0.984241,0.470422,0][-0.823483,0.177167,-1.19954][-0.432667,-0.651781,-0.622882][0.965386,0.471443,0][-0.560105,-0.734166,-1.19954][-0.749031,0.248842,-0.614028][0.863734,0.076049,0][-0.618217,-0.785686,-1.14953][-0.749031,0.248842,-0.614028][0.879049,0.064106,0][-0.406233,-0.147604,-1.14953][-0.749031,0.248842,-0.614028][0.799672,0.332693,0][-0.406233,-0.147604,-1.14953][-0.749031,0.248842,-0.614028][0.799672,0.332693,0][-0.359637,-0.130745,-1.19954][-0.749031,0.248842,-0.614028][0.786362,0.337851,0][-0.560105,-0.734166,-1.19954][-0.749031,0.248842,-0.614028][0.863734,0.076049,0][-0.560105,-0.734166,-1.19954][-0.0252391,-0.681472,-0.731409][0.863734,0.076049,0][-0.503015,-0.73628,-1.19954][-0.0252391,-0.681472,-0.731409][0.841699,0.075132,0][-0.509162,-0.789725,-1.14953][-0.0252391,-0.681472,-0.731409][0.838214,0.062406,0][-0.509162,-0.789725,-1.14953][-0.0252391,-0.681472,-0.731409][0.838214,0.062406,0][-0.618217,-0.785686,-1.14953][-0.0252391,-0.681472,-0.731409][0.879049,0.064106,0][-0.560105,-0.734166,-1.19954][-0.0252391,-0.681472,-0.731409][0.863734,0.076049,0][-0.503015,-0.73628,-1.19954][0.465505,-0.632657,-0.618911][0.841699,0.075132,0][0,-0.366164,-1.19954][0.465505,-0.632656,-0.618911][0.647557,0.235712,0][0,-0.415085,-1.14953][0.465505,-0.632657,-0.618911][0.647557,0.220103,0][0,-0.415085,-1.14953][0.465505,-0.632657,-0.618911][0.647557,0.220103,0][-0.509162,-0.789725,-1.14953][0.465505,-0.632656,-0.618911][0.838214,0.062406,0][-0.503015,-0.73628,-1.19954][0.465505,-0.632657,-0.618911][0.841699,0.075132,0][0.0411331,0.750119,-1.19954][0.756342,0.247451,-0.60557][0.631682,0.720025,0][0.0669691,0.793533,-1.14953][0.756342,0.247451,-0.60557][0.622481,0.728845,0][0.247994,0.240225,-1.14953][0.756342,0.247451,-0.60557][0.554696,0.495942,0][0.247994,0.240225,-1.14953][0.756342,0.247451,-0.60557][0.554696,0.495942,0][0.219592,0.204655,-1.19954][0.756342,0.247451,-0.60557][0.562804,0.483369,0][0.0411331,0.750119,-1.19954][0.756342,0.247451,-0.60557][0.631682,0.720025,0][0,0.771264,-1.19954][0.321941,0.626278,-0.710021][0.647557,0.729199,0][1.25018e-007,0.827959,-1.14953][0.321941,0.626278,-0.710021][0.647557,0.743336,0][0.0669691,0.793533,-1.14953][0.321941,0.626278,-0.710021][0.622481,0.728845,0][0.0669691,0.793533,-1.14953][0.321941,0.626278,-0.710021][0.622481,0.728845,0][0.0411331,0.750119,-1.19954][0.321941,0.626278,-0.710021][0.631682,0.720025,0][0,0.771264,-1.19954][0.321941,0.626278,-0.710021][0.647557,0.729199,0][0.823483,0.177167,-1.19954][0.432667,-0.651781,-0.622882][0.329728,0.471443,0][0.899138,0.179597,-1.14953][0.432667,-0.651781,-0.622882][0.310874,0.470422,0][0.406233,-0.147604,-1.14953][0.432667,-0.651781,-0.622882][0.495443,0.332693,0][0.406233,-0.147604,-1.14953][0.432667,-0.651781,-0.622882][0.495443,0.332693,0][0.359637,-0.130745,-1.19954][0.432667,-0.651781,-0.622882][0.508753,0.337851,0][0.823483,0.177167,-1.19954][0.432667,-0.651781,-0.622882][0.329728,0.471443,0][0.823483,0.177167,-1.19954][0.44775,0.551074,-0.704158][0.329728,0.471443,0][0.789652,0.204655,-1.19954][0.44775,0.551074,-0.704158][0.342786,0.483369,0][0.82452,0.240225,-1.14953][0.44775,0.551074,-0.704158][0.338815,0.495942,0][0.82452,0.240225,-1.14953][0.44775,0.551074,-0.704158][0.338815,0.495942,0][0.899138,0.179597,-1.14953][0.44775,0.551074,-0.704158][0.310874,0.470422,0][0.823483,0.177167,-1.19954][0.44775,0.551074,-0.704158][0.329728,0.471443,0][0.789652,0.204655,-1.19954][1.23045e-007,0.814887,-0.579619][0.342786,0.483369,0][0.219592,0.204655,-1.19954][1.23045e-007,0.814887,-0.579619][0.562804,0.483369,0][0.247994,0.240225,-1.14953][1.23045e-007,0.814887,-0.579619][0.554696,0.495942,0][0.247994,0.240225,-1.14953][1.23045e-007,0.814887,-0.579619][0.554696,0.495942,0][0.82452,0.240225,-1.14953][1.23045e-007,0.814887,-0.579619][0.338815,0.495942,0][0.789652,0.204655,-1.19954][1.23045e-007,0.814887,-0.579619][0.342786,0.483369,0][-0.219592,0.204655,-1.19954][-0.585799,0.191655,-0.787469][0.73231,0.483369,0][-0.0411329,0.750119,-1.19954][-0.5858,0.191655,-0.787469][0.663433,0.720025,0][0,0.0164109,-1.40871][-0.5858,0.191655,-0.787469][0.647557,0.401697,0][-0.0411329,0.750119,-1.19954][-0.135996,0.264557,-0.954733][0.663433,0.720025,0][0,0.771264,-1.19954][-0.135996,0.264557,-0.954733][0.647557,0.729199,0][0,0.0164109,-1.40871][-0.135996,0.264556,-0.954733][0.647557,0.401697,0][0.359637,-0.130745,-1.19954][0.54903,0.182398,-0.815657][0.508753,0.337851,0][0.560105,-0.734166,-1.19954][0.54903,0.182398,-0.815657][0.431381,0.076049,0][0,0.0164109,-1.40871][0.54903,0.182398,-0.815657][0.647557,0.401697,0][0.560105,-0.734166,-1.19954][0.00969296,-0.261719,-0.965095][0.431381,0.076049,0][0.503015,-0.73628,-1.19954][0.00969296,-0.261719,-0.965095][0.453415,0.075132,0][0,0.0164109,-1.40871][0.00969296,-0.261719,-0.965095][0.647557,0.401697,0][0.503015,-0.73628,-1.19954][-0.33285,-0.452369,-0.82739][0.453415,0.075132,0][0,-0.366164,-1.19954][-0.33285,-0.452369,-0.827389][0.647557,0.235712,0][0,0.0164109,-1.40871][-0.33285,-0.452369,-0.82739][0.647557,0.401697,0][-0.359637,-0.130745,-1.19954][-0.301607,-0.454348,-0.838213][0.786362,0.337851,0][-0.823483,0.177167,-1.19954][-0.301607,-0.454348,-0.838213][0.965386,0.471443,0][0,0.0164109,-1.40871][-0.301607,-0.454348,-0.838213][0.647557,0.401697,0][-0.823483,0.177167,-1.19954][-0.194786,0.239735,-0.951097][0.965386,0.471443,0][-0.789652,0.204655,-1.19954][-0.194786,0.239735,-0.951097][0.952329,0.483369,0][0,0.0164109,-1.40871][-0.194786,0.239735,-0.951097][0.647557,0.401697,0][-0.789652,0.204655,-1.19954][0,0.743309,-0.668948][0.952329,0.483369,0][-0.219592,0.204655,-1.19954][0,0.743309,-0.668948][0.73231,0.483369,0][0,0.0164109,-1.40871][0,0.743309,-0.668948][0.647557,0.401697,0][0,-0.366164,-1.19954][0.33285,-0.452369,-0.82739][0.647557,0.235712,0][-0.503015,-0.73628,-1.19954][0.33285,-0.452369,-0.82739][0.841699,0.075132,0][0,0.0164109,-1.40871][0.33285,-0.452369,-0.82739][0.647557,0.401697,0][-0.503015,-0.73628,-1.19954][-0.00969304,-0.261719,-0.965095][0.841699,0.075132,0][-0.560105,-0.734166,-1.19954][-0.00969304,-0.261719,-0.965095][0.863734,0.076049,0][0,0.0164109,-1.40871][-0.00969304,-0.261719,-0.965095][0.647557,0.401697,0][-0.560105,-0.734166,-1.19954][-0.54903,0.182398,-0.815657][0.863734,0.076049,0][-0.359637,-0.130745,-1.19954][-0.54903,0.182398,-0.815657][0.786362,0.337851,0][0,0.0164109,-1.40871][-0.54903,0.182398,-0.815657][0.647557,0.401697,0][0,0.771264,-1.19954][0.135996,0.264557,-0.954733][0.647557,0.729199,0][0.0411331,0.750119,-1.19954][0.135996,0.264557,-0.954733][0.631682,0.720025,0][0,0.0164109,-1.40871][0.135996,0.264556,-0.954733][0.647557,0.401697,0][0.0411331,0.750119,-1.19954][0.5858,0.191655,-0.787469][0.631682,0.720025,0][0.219592,0.204655,-1.19954][0.585799,0.191655,-0.787469][0.562804,0.483369,0][0,0.0164109,-1.40871][0.5858,0.191655,-0.787469][0.647557,0.401697,0][0.219592,0.204655,-1.19954][0,0.743309,-0.668948][0.562804,0.483369,0][0.789652,0.204655,-1.19954][0,0.743309,-0.668948][0.342786,0.483369,0][0,0.0164109,-1.40871][0,0.743309,-0.668948][0.647557,0.401697,0][0.789652,0.204655,-1.19954][0.194786,0.239735,-0.951097][0.342786,0.483369,0][0.823483,0.177167,-1.19954][0.194786,0.239735,-0.951097][0.329728,0.471443,0][0,0.0164109,-1.40871][0.194786,0.239735,-0.951097][0.647557,0.401697,0][0.823483,0.177167,-1.19954][0.301607,-0.454348,-0.838213][0.329728,0.471443,0][0.359637,-0.130745,-1.19954][0.301607,-0.454348,-0.838213][0.508753,0.337851,0][0,0.0164109,-1.40871][0.301607,-0.454348,-0.838213][0.647557,0.401697,0][-0.247994,0.240225,-1.14953][-0.905416,0.296224,-0.304095][0.740419,0.495942,0][-0.255251,0.253841,-1.11466][-0.905416,0.296224,-0.304095][0.746073,0.504709,0][-0.0815959,0.784623,-1.11466][-0.905416,0.296224,-0.304095][0.67905,0.734995,0][-0.0815959,0.784623,-1.11466][-0.905416,0.296224,-0.304095][0.67905,0.734995,0][-0.0669689,0.793533,-1.14953][-0.905416,0.296224,-0.304095][0.672634,0.728845,0][-0.247994,0.240225,-1.14953][-0.905416,0.296224,-0.304095][0.740419,0.495942,0][-0.0669689,0.793533,-1.14953][-0.456898,0.888813,0.035445][0.672634,0.728845,0][-0.0815959,0.784623,-1.11466][-0.456898,0.888813,0.035445][0.67905,0.734995,0][1.24808e-007,0.826568,-1.11466][-0.456898,0.888813,0.035445][0.647557,0.753193,0][1.24808e-007,0.826568,-1.11466][-0.456898,0.888813,0.035445][0.647557,0.753193,0][1.25018e-007,0.827959,-1.14953][-0.456898,0.888813,0.035445][0.647557,0.743336,0][-0.0669689,0.793533,-1.14953][-0.456898,0.888813,0.035445][0.672634,0.728845,0][0.0669691,0.793533,-1.14953][0.456897,0.888813,0.035446][0.622481,0.728845,0][1.25018e-007,0.827959,-1.14953][0.456897,0.888813,0.035446][0.647557,0.743336,0][1.24808e-007,0.826568,-1.11466][0.456898,0.888813,0.035446][0.647557,0.753193,0][1.24808e-007,0.826568,-1.11466][0.456898,0.888813,0.035446][0.647557,0.753193,0][0.0815961,0.784623,-1.11466][0.456898,0.888813,0.035446][0.616065,0.734995,0][0.0669691,0.793533,-1.14953][0.456897,0.888813,0.035446][0.622481,0.728845,0][0.0669691,0.793533,-1.14953][0.905416,0.296224,-0.304095][0.622481,0.728845,0][0.0815961,0.784623,-1.11466][0.905416,0.296224,-0.304095][0.616065,0.734995,0][0.255251,0.253841,-1.11466][0.905416,0.296224,-0.304095][0.549041,0.504709,0][0.255251,0.253841,-1.11466][0.905416,0.296224,-0.304095][0.549041,0.504709,0][0.247994,0.240225,-1.14953][0.905416,0.296224,-0.304095][0.554696,0.495942,0][0.0669691,0.793533,-1.14953][0.905416,0.296224,-0.304095][0.622481,0.728845,0][0.247994,0.240225,-1.14953][1.40654e-007,0.93151,-0.363716][0.554696,0.495942,0][0.255251,0.253841,-1.11466][1.40654e-007,0.93151,-0.363716][0.549041,0.504709,0][0.807115,0.253841,-1.11466][1.40654e-007,0.93151,-0.363716][0.336046,0.504709,0][0.807115,0.253841,-1.11466][1.40654e-007,0.93151,-0.363716][0.336046,0.504709,0][0.82452,0.240225,-1.14953][1.40654e-007,0.93151,-0.363716][0.338815,0.495942,0][0.247994,0.240225,-1.14953][1.40654e-007,0.93151,-0.363716][0.554696,0.495942,0][0.82452,0.240225,-1.14953][0.630551,0.776059,0.011694][0.338815,0.495942,0][0.807115,0.253841,-1.11466][0.630551,0.77606,0.011694][0.336046,0.504709,0][0.9064,0.173172,-1.11466][0.630551,0.77606,0.011694][0.297726,0.469709,0][0.9064,0.173172,-1.11466][0.630551,0.77606,0.011694][0.297726,0.469709,0][0.899138,0.179597,-1.14953][0.630551,0.77606,0.011694][0.310874,0.470422,0][0.82452,0.240225,-1.14953][0.630551,0.776059,0.011694][0.338815,0.495942,0][0.899138,0.179597,-1.14953][0.534117,-0.804609,-0.259469][0.310874,0.470422,0][0.9064,0.173172,-1.11466][0.534117,-0.804609,-0.259469][0.297726,0.469709,0][0.418171,-0.150925,-1.11466][0.534117,-0.804609,-0.259469][0.486161,0.329096,0][0.418171,-0.150925,-1.11466][0.534117,-0.804609,-0.259469][0.486161,0.329096,0][0.406233,-0.147604,-1.14953][0.534117,-0.804609,-0.259469][0.495443,0.332693,0][0.899138,0.179597,-1.14953][0.534117,-0.804609,-0.259469][0.310874,0.470422,0][0.618217,-0.785686,-1.14953][0.910257,0.302405,-0.282812][0.416065,0.064106,0][0.406233,-0.147604,-1.14953][0.910257,0.302405,-0.282812][0.495443,0.332693,0][0.418171,-0.150925,-1.11466][0.910257,0.302405,-0.282812][0.486161,0.329096,0][0.418171,-0.150925,-1.11466][0.910257,0.302405,-0.282812][0.486161,0.329096,0][0.627458,-0.780891,-1.11466][0.910257,0.302405,-0.282812][0.405385,0.055777,0][0.618217,-0.785686,-1.14953][0.910257,0.302405,-0.282812][0.416065,0.064106,0][0.509162,-0.789725,-1.14953][0.0367138,-0.991277,0.126582][0.456901,0.062406,0][0.618217,-0.785686,-1.14953][0.0367138,-0.991277,0.126582][0.416065,0.064106,0][0.627458,-0.780891,-1.11466][0.0367138,-0.991277,0.126582][0.405385,0.055777,0][0.627458,-0.780891,-1.11466][0.0367138,-0.991277,0.126582][0.405385,0.055777,0][0.487687,-0.786067,-1.11466][0.0367138,-0.991277,0.126582][0.459331,0.053531,0][0.509162,-0.789725,-1.14953][0.0367138,-0.991277,0.126582][0.456901,0.062406,0][0,-0.415085,-1.14953][-0.570628,-0.775525,-0.270082][0.647557,0.220103,0][0.509162,-0.789725,-1.14953][-0.570628,-0.775525,-0.270082][0.456901,0.062406,0][0.487687,-0.786067,-1.11466][-0.570628,-0.775525,-0.270082][0.459331,0.053531,0][0.487687,-0.786067,-1.11466][-0.570628,-0.775525,-0.270082][0.459331,0.053531,0][0,-0.427231,-1.11466][-0.570628,-0.775525,-0.270082][0.647557,0.209218,0][0,-0.415085,-1.14953][-0.570628,-0.775525,-0.270082][0.647557,0.220103,0][0,-0.415085,-1.14953][0.570628,-0.775525,-0.270082][0.647557,0.220103,0][0,-0.427231,-1.11466][0.570628,-0.775525,-0.270082][0.647557,0.209218,0][-0.487687,-0.786067,-1.11466][0.570628,-0.775525,-0.270082][0.835783,0.053531,0][-0.487687,-0.786067,-1.11466][0.570628,-0.775525,-0.270082][0.835783,0.053531,0][-0.509162,-0.789725,-1.14953][0.570628,-0.775525,-0.270082][0.838214,0.062406,0][0,-0.415085,-1.14953][0.570628,-0.775525,-0.270082][0.647557,0.220103,0][-0.509162,-0.789725,-1.14953][-0.0367141,-0.991277,0.126581][0.838214,0.062406,0][-0.487687,-0.786067,-1.11466][-0.0367141,-0.991277,0.126581][0.835783,0.053531,0][-0.627458,-0.780891,-1.11466][-0.0367141,-0.991277,0.126581][0.889729,0.055777,0][-0.627458,-0.780891,-1.11466][-0.0367141,-0.991277,0.126581][0.889729,0.055777,0][-0.618217,-0.785686,-1.14953][-0.0367141,-0.991277,0.126581][0.879049,0.064106,0][-0.509162,-0.789725,-1.14953][-0.0367141,-0.991277,0.126581][0.838214,0.062406,0][-0.618217,-0.785686,-1.14953][-0.910258,0.302405,-0.282812][0.879049,0.064106,0][-0.627458,-0.780891,-1.11466][-0.910258,0.302405,-0.282812][0.889729,0.055777,0][-0.418171,-0.150925,-1.11466][-0.910258,0.302405,-0.282812][0.808953,0.329096,0][-0.418171,-0.150925,-1.11466][-0.910258,0.302405,-0.282812][0.808953,0.329096,0][-0.406233,-0.147604,-1.14953][-0.910258,0.302405,-0.282812][0.799672,0.332693,0][-0.618217,-0.785686,-1.14953][-0.910258,0.302405,-0.282812][0.879049,0.064106,0][-0.899138,0.179597,-1.14953][-0.534117,-0.804608,-0.259469][0.984241,0.470422,0][-0.406233,-0.147604,-1.14953][-0.534117,-0.804609,-0.259469][0.799672,0.332693,0][-0.418171,-0.150925,-1.11466][-0.534117,-0.804608,-0.259469][0.808953,0.329096,0][-0.418171,-0.150925,-1.11466][-0.534117,-0.804608,-0.259469][0.808953,0.329096,0][-0.9064,0.173172,-1.11466][-0.534117,-0.804608,-0.259469][0.997388,0.469709,0][-0.899138,0.179597,-1.14953][-0.534117,-0.804608,-0.259469][0.984241,0.470422,0][-0.82452,0.240225,-1.14953][-0.630551,0.77606,0.011694][0.9563,0.495942,0][-0.899138,0.179597,-1.14953][-0.630551,0.77606,0.011694][0.984241,0.470422,0][-0.9064,0.173172,-1.11466][-0.630551,0.77606,0.011694][0.997388,0.469709,0][-0.9064,0.173172,-1.11466][-0.630551,0.77606,0.011694][0.997388,0.469709,0][-0.807115,0.253841,-1.11466][-0.630551,0.77606,0.011694][0.959069,0.504709,0][-0.82452,0.240225,-1.14953][-0.630551,0.77606,0.011694][0.9563,0.495942,0][-0.247994,0.240225,-1.14953][1.40654e-007,0.93151,-0.363716][0.740419,0.495942,0][-0.82452,0.240225,-1.14953][1.40654e-007,0.93151,-0.363716][0.9563,0.495942,0][-0.807115,0.253841,-1.11466][1.40654e-007,0.93151,-0.363716][0.959069,0.504709,0][-0.807115,0.253841,-1.11466][1.40654e-007,0.93151,-0.363716][0.959069,0.504709,0][-0.255251,0.253841,-1.11466][1.40654e-007,0.93151,-0.363716][0.746073,0.504709,0][-0.247994,0.240225,-1.14953][1.40654e-007,0.93151,-0.363716][0.740419,0.495942,0][-1.21621,-0.0414708,0.317378][0.999713,-1.50952e-007,-0.02397][0.27413,0.787898,0][-1.21964,-0.0171198,0.174303][0.999713,-1.50952e-007,-0.02397][0.229156,0.79802,0][-1.21731,0.245662,0.271642][0.999713,-1.50952e-007,-0.02397][0.262512,0.893237,0][-1.21731,0.245662,0.271642][0.999713,-1.50952e-007,-0.02397][0.262512,0.893237,0][-1.21621,0.266428,0.317378][0.999713,-1.50952e-007,-0.02397][0.277171,0.900437,0][-1.21621,-0.0414708,0.317378][0.999713,-1.50952e-007,-0.02397][0.27413,0.787898,0][-1.21059,-0.217514,0.551774][0.999713,8.49048e-007,-0.023968][0.346464,0.721553,0][-1.20778,-0.5294,0.669085][0.999713,8.49048e-007,-0.023968][0.380457,0.606555,0][-1.20966,-0.531963,0.59074][0.999713,8.49048e-007,-0.023968][0.355673,0.606288,0][-1.20966,-0.531963,0.59074][0.999713,8.49048e-007,-0.023968][0.355673,0.606288,0][-1.21621,-0.354308,0.317378][0.999713,8.49048e-007,-0.023968][0.271041,0.673555,0][-1.21059,-0.217514,0.551774][0.999713,8.49048e-007,-0.023968][0.346464,0.721553,0][-1.22183,-0.217514,0.082982][0.999713,8.49048e-007,-0.023972][0.19832,0.725555,0][-1.22839,-0.0570578,-0.190684][0.999713,8.49048e-007,-0.023972][0.113421,0.786539,0][-1.22706,-0.0171198,-0.135032][0.999713,8.49048e-007,-0.023972][0.131402,0.800661,0][-1.22706,-0.0171198,-0.135032][0.999713,8.49048e-007,-0.023972][0.131402,0.800661,0][-1.21964,-0.0171198,0.174303][0.999713,8.49048e-007,-0.023972][0.229156,0.79802,0][-1.22183,-0.217514,0.082982][0.999713,8.49048e-007,-0.023972][0.19832,0.725555,0][-1.22277,-0.531963,0.044017][0.999713,-1.15095e-006,-0.023971][0.182901,0.610956,0][-1.22465,-0.5294,-0.034329][0.999713,-1.15095e-006,-0.023971][0.158167,0.612562,0][-1.22183,-0.217514,0.082982][0.999713,-1.15095e-006,-0.023971][0.19832,0.725555,0][-1.22183,-0.217514,0.082982][0.999713,-1.15095e-006,-0.023971][0.19832,0.725555,0][-1.21621,-0.354308,0.317378][0.999713,-1.15095e-006,-0.023971][0.271041,0.673555,0][-1.22277,-0.531963,0.044017][0.999713,-1.15095e-006,-0.023971][0.182901,0.610956,0][-1.21511,0.245662,0.363115][0.999713,-1.50952e-007,-0.02397][0.29142,0.892456,0][-1.21278,-0.0171198,0.460453][0.999713,-1.50952e-007,-0.02397][0.319585,0.795577,0][-1.21621,-0.0414708,0.317378][0.999713,-1.50952e-007,-0.02397][0.27413,0.787898,0][-1.21621,-0.0414708,0.317378][0.999713,-1.50952e-007,-0.02397][0.27413,0.787898,0][-1.21621,0.266428,0.317378][0.999713,-1.50952e-007,-0.02397][0.277171,0.900437,0][-1.21511,0.245662,0.363115][0.999713,-1.50952e-007,-0.02397][0.29142,0.892456,0][-1.20536,-0.0171198,0.769789][0.999713,1.84905e-006,-0.023971][0.417339,0.792936,0][-1.20403,-0.0570578,0.82544][0.999713,1.84905e-006,-0.023971][0.434532,0.777863,0][-1.21059,-0.217514,0.551774][0.999713,1.84905e-006,-0.023971][0.346464,0.721553,0][-1.21059,-0.217514,0.551774][0.999713,1.84905e-006,-0.023971][0.346464,0.721553,0][-1.21278,-0.0171198,0.460453][0.999713,1.84905e-006,-0.023971][0.319585,0.795577,0][-1.20536,-0.0171198,0.769789][0.999713,1.84905e-006,-0.023971][0.417339,0.792936,0][-1.21621,-0.0414708,0.317378][0.999713,-1.50952e-007,-0.02397][0.27413,0.787898,0][-1.21621,-0.354308,0.317378][0.999713,-1.50952e-007,-0.02397][0.271041,0.673555,0][-1.22183,-0.217514,0.082982][0.999713,-1.50952e-007,-0.02397][0.19832,0.725555,0][-1.22183,-0.217514,0.082982][0.999713,-1.50952e-007,-0.02397][0.19832,0.725555,0][-1.21964,-0.0171198,0.174303][0.999713,-1.50952e-007,-0.02397][0.229156,0.79802,0][-1.21621,-0.0414708,0.317378][0.999713,-1.50952e-007,-0.02397][0.27413,0.787898,0][-1.21059,-0.217514,0.551774][0.999713,8.49048e-007,-0.02397][0.346464,0.721553,0][-1.21621,-0.354308,0.317378][0.999713,8.49048e-007,-0.02397][0.271041,0.673555,0][-1.21621,-0.0414708,0.317378][0.999713,8.49048e-007,-0.02397][0.27413,0.787898,0][-1.21621,-0.0414708,0.317378][0.999713,8.49048e-007,-0.02397][0.27413,0.787898,0][-1.21278,-0.0171198,0.460453][0.999713,8.49048e-007,-0.02397][0.319585,0.795577,0][-1.21059,-0.217514,0.551774][0.999713,8.49048e-007,-0.02397][0.346464,0.721553,0][-1.21621,0.266428,0.317378][-0.567359,0.754841,-0.329119][0.647557,0.753193,0][-1.21731,0.245662,0.271642][-0.567359,0.754841,-0.329119][0.67905,0.734995,0][-1.25385,0.22858,0.295463][-0.567359,0.754841,-0.329119][0.663433,0.720025,0][-1.25385,0.22858,0.295463][-0.567359,0.754841,-0.329119][0.663433,0.720025,0][-1.2533,0.239048,0.318519][-0.567359,0.754841,-0.329119][0.647557,0.729199,0][-1.21621,0.266428,0.317378][-0.567359,0.754841,-0.329119][0.647557,0.753193,0][-1.25385,0.22858,0.295463][-0.612542,0.279339,-0.739434][0.663433,0.720025,0][-1.21731,0.245662,0.271642][-0.612542,0.279339,-0.739434][0.67905,0.734995,0][-1.21964,-0.0171198,0.174303][-0.612542,0.279339,-0.739434][0.746073,0.504709,0][-1.21964,-0.0171198,0.174303][-0.612542,0.279339,-0.739434][0.746073,0.504709,0][-1.25625,-0.0414708,0.195432][-0.612542,0.279339,-0.739434][0.73231,0.483369,0][-1.25385,0.22858,0.295463][-0.612542,0.279339,-0.739434][0.663433,0.720025,0][-1.21621,-0.354308,0.317378][-0.576804,-0.691196,-0.435369][0.647557,0.209218,0][-1.20966,-0.531963,0.59074][-0.576804,-0.691196,-0.435369][0.459331,0.053531,0][-1.24654,-0.507314,0.600472][-0.576804,-0.691196,-0.435369][0.453415,0.075132,0][-1.24654,-0.507314,0.600472][-0.576804,-0.691196,-0.435369][0.453415,0.075132,0][-1.2533,-0.324075,0.318519][-0.576804,-0.691196,-0.435369][0.647557,0.235712,0][-1.21621,-0.354308,0.317378][-0.576804,-0.691196,-0.435369][0.647557,0.209218,0][-1.20966,-0.531963,0.59074][-0.547772,-0.835649,0.040464][0.459331,0.053531,0][-1.20778,-0.5294,0.669085][-0.547772,-0.835649,0.040464][0.405385,0.055777,0][-1.24577,-0.506267,0.632473][-0.547772,-0.835649,0.040464][0.431381,0.076049,0][-1.24577,-0.506267,0.632473][-0.547772,-0.835649,0.040464][0.431381,0.076049,0][-1.24654,-0.507314,0.600472][-0.547772,-0.835649,0.040464][0.453415,0.075132,0][-1.20966,-0.531963,0.59074][-0.547772,-0.835649,0.040464][0.459331,0.053531,0][-1.24577,-0.506267,0.632473][-0.569529,0.284875,0.771028][0.431381,0.076049,0][-1.20778,-0.5294,0.669085][-0.569529,0.284875,0.771028][0.405385,0.055777,0][-1.21059,-0.217514,0.551774][-0.569529,0.284875,0.771027][0.486161,0.329096,0][-1.21059,-0.217514,0.551774][-0.569529,0.284875,0.771027][0.486161,0.329096,0][-1.24847,-0.207522,0.520105][-0.569529,0.284875,0.771027][0.508753,0.337851,0][-1.24577,-0.506267,0.632473][-0.569529,0.284875,0.771028][0.431381,0.076049,0][-1.21964,-0.0171198,0.174303][-0.548507,0.836043,0.013153][0.746073,0.504709,0][-1.22706,-0.0171198,-0.135032][-0.548507,0.836043,0.013153][0.959069,0.504709,0][-1.26391,-0.0414708,-0.124103][-0.548507,0.836043,0.013153][0.952329,0.483369,0][-1.26391,-0.0414708,-0.124103][-0.548507,0.836043,0.013153][0.952329,0.483369,0][-1.25625,-0.0414708,0.195432][-0.548507,0.836043,0.013153][0.73231,0.483369,0][-1.21964,-0.0171198,0.174303][-0.548507,0.836043,0.013153][0.746073,0.504709,0][-1.22706,-0.0171198,-0.135032][-0.579816,0.668451,-0.465818][0.959069,0.504709,0][-1.22839,-0.0570578,-0.190684][-0.579816,0.668451,-0.465818][0.997388,0.469709,0][-1.26437,-0.0550798,-0.143066][-0.579816,0.668451,-0.465818][0.965386,0.471443,0][-1.26437,-0.0550798,-0.143066][-0.579816,0.668451,-0.465818][0.965386,0.471443,0][-1.26391,-0.0414708,-0.124103][-0.579816,0.668451,-0.465818][0.952329,0.483369,0][-1.22706,-0.0171198,-0.135032][-0.579816,0.668451,-0.465818][0.959069,0.504709,0][-1.26437,-0.0550798,-0.143066][-0.573854,-0.712408,-0.403939][0.965386,0.471443,0][-1.22839,-0.0570578,-0.190684][-0.573854,-0.712408,-0.403939][0.997388,0.469709,0][-1.22183,-0.217514,0.082982][-0.573854,-0.712408,-0.403939][0.808953,0.329096,0][-1.22183,-0.217514,0.082982][-0.573854,-0.712408,-0.403939][0.808953,0.329096,0][-1.25813,-0.207522,0.116933][-0.573854,-0.712408,-0.403939][0.786362,0.337851,0][-1.26437,-0.0550798,-0.143066][-0.573854,-0.712408,-0.403939][0.965386,0.471443,0][-1.22183,-0.217514,0.082982][-0.612369,0.283159,-0.738123][0.808953,0.329096,0][-1.22465,-0.5294,-0.034329][-0.612369,0.283159,-0.738123][0.889729,0.055777,0][-1.26083,-0.506267,0.00456402][-0.612369,0.283159,-0.738123][0.863734,0.076049,0][-1.26083,-0.506267,0.00456402][-0.612369,0.283159,-0.738123][0.863734,0.076049,0][-1.25813,-0.207522,0.116933][-0.612369,0.283159,-0.738123][0.786362,0.337851,0][-1.22183,-0.217514,0.082982][-0.612369,0.283159,-0.738123][0.808953,0.329096,0][-1.26083,-0.506267,0.00456402][-0.54934,-0.835479,-0.014156][0.863734,0.076049,0][-1.22465,-0.5294,-0.034329][-0.54934,-0.835479,-0.014156][0.889729,0.055777,0][-1.22277,-0.531963,0.044017][-0.54934,-0.835479,-0.014156][0.835783,0.053531,0][-1.22277,-0.531963,0.044017][-0.54934,-0.835479,-0.014156][0.835783,0.053531,0][-1.26006,-0.507314,0.036566][-0.54934,-0.835479,-0.014156][0.841699,0.075132,0][-1.26083,-0.506267,0.00456402][-0.54934,-0.835479,-0.014156][0.863734,0.076049,0][-1.26006,-0.507314,0.036566][-0.551087,-0.693573,0.463961][0.841699,0.075132,0][-1.22277,-0.531963,0.044017][-0.551087,-0.693573,0.463961][0.835783,0.053531,0][-1.21621,-0.354308,0.317378][-0.551087,-0.693573,0.463961][0.647557,0.209218,0][-1.21621,-0.354308,0.317378][-0.551087,-0.693573,0.463961][0.647557,0.209218,0][-1.2533,-0.324075,0.318519][-0.551087,-0.693573,0.463961][0.647557,0.235712,0][-1.26006,-0.507314,0.036566][-0.551087,-0.693573,0.463961][0.841699,0.075132,0][-1.21278,-0.0171198,0.460453][-0.56963,0.281033,0.772361][0.549041,0.504709,0][-1.21511,0.245662,0.363115][-0.56963,0.281033,0.772361][0.616065,0.734995,0][-1.25275,0.22858,0.341576][-0.56963,0.281033,0.772361][0.631682,0.720025,0][-1.25275,0.22858,0.341576][-0.56963,0.281033,0.772361][0.631682,0.720025,0][-1.25035,-0.0414708,0.441606][-0.56963,0.281033,0.772361][0.562804,0.483369,0][-1.21278,-0.0171198,0.460453][-0.56963,0.281033,0.772361][0.549041,0.504709,0][-1.25275,0.22858,0.341576][-0.54771,0.756805,0.356736][0.631682,0.720025,0][-1.21511,0.245662,0.363115][-0.54771,0.756805,0.356736][0.616065,0.734995,0][-1.21621,0.266428,0.317378][-0.54771,0.756805,0.356736][0.647557,0.753193,0][-1.21621,0.266428,0.317378][-0.54771,0.756805,0.356736][0.647557,0.753193,0][-1.2533,0.239048,0.318519][-0.54771,0.756805,0.356736][0.647557,0.729199,0][-1.25275,0.22858,0.341576][-0.54771,0.756805,0.356736][0.631682,0.720025,0][-1.21059,-0.217514,0.551774][-0.549922,-0.714683,0.43222][0.486161,0.329096,0][-1.20403,-0.0570578,0.82544][-0.549922,-0.714683,0.432219][0.297726,0.469709,0][-1.24223,-0.0550798,0.780104][-0.549922,-0.714683,0.43222][0.329728,0.471443,0][-1.24223,-0.0550798,0.780104][-0.549922,-0.714683,0.43222][0.329728,0.471443,0][-1.24847,-0.207522,0.520105][-0.549922,-0.714683,0.43222][0.508753,0.337851,0][-1.21059,-0.217514,0.551774][-0.549922,-0.714683,0.43222][0.486161,0.329096,0][-1.24223,-0.0550798,0.780104][-0.552358,0.670922,0.494737][0.329728,0.471443,0][-1.20403,-0.0570578,0.82544][-0.552358,0.670922,0.494737][0.297726,0.469709,0][-1.20536,-0.0171198,0.769789][-0.552358,0.670922,0.494737][0.336046,0.504709,0][-1.20536,-0.0171198,0.769789][-0.552358,0.670922,0.494737][0.336046,0.504709,0][-1.24269,-0.0414708,0.761141][-0.552358,0.670922,0.494737][0.342786,0.483369,0][-1.24223,-0.0550798,0.780104][-0.552358,0.670922,0.494737][0.329728,0.471443,0][-1.24269,-0.0414708,0.761141][-0.548508,0.836042,0.013152][0.342786,0.483369,0][-1.20536,-0.0171198,0.769789][-0.548508,0.836042,0.013152][0.336046,0.504709,0][-1.21278,-0.0171198,0.460453][-0.548508,0.836042,0.013152][0.549041,0.504709,0][-1.21278,-0.0171198,0.460453][-0.548508,0.836042,0.013152][0.549041,0.504709,0][-1.25035,-0.0414708,0.441606][-0.548508,0.836042,0.013152][0.562804,0.483369,0][-1.24269,-0.0414708,0.761141][-0.548508,0.836042,0.013152][0.342786,0.483369,0][-1.25625,-0.0414708,0.195432][-0.862926,0.182249,-0.471322][0.73231,0.483369,0][-1.3447,-0.134668,0.32133][-0.862926,0.182249,-0.471322][0.647557,0.401697,0][-1.25385,0.22858,0.295463][-0.862926,0.182249,-0.471322][0.663433,0.720025,0][-1.25385,0.22858,0.295463][-0.968085,0.236132,-0.083989][0.663433,0.720025,0][-1.3447,-0.134668,0.32133][-0.968085,0.236132,-0.083989][0.647557,0.401697,0][-1.2533,0.239048,0.318519][-0.968085,0.236132,-0.083989][0.647557,0.729199,0][-1.24847,-0.207522,0.520105][-0.860236,0.172696,0.47976][0.508753,0.337851,0][-1.3447,-0.134668,0.32133][-0.860236,0.172696,0.47976][0.647557,0.401697,0][-1.24577,-0.506267,0.632473][-0.860237,0.172696,0.479759][0.431381,0.076049,0][-1.24577,-0.506267,0.632473][-0.972013,-0.232886,0.030909][0.431381,0.076049,0][-1.3447,-0.134668,0.32133][-0.972013,-0.232886,0.030909][0.647557,0.401697,0][-1.24654,-0.507314,0.600472][-0.972013,-0.232886,0.030909][0.453415,0.075132,0][-1.24654,-0.507314,0.600472][-0.873352,-0.41772,-0.250532][0.453415,0.075132,0][-1.3447,-0.134668,0.32133][-0.873352,-0.41772,-0.250532][0.647557,0.401697,0][-1.2533,-0.324075,0.318519][-0.873352,-0.41772,-0.250532][0.647557,0.235712,0][-1.25813,-0.207522,0.116933][-0.880454,-0.417922,-0.223925][0.786362,0.337851,0][-1.3447,-0.134668,0.32133][-0.880454,-0.417922,-0.223925][0.647557,0.401697,0][-1.26437,-0.0550798,-0.143066][-0.880453,-0.417923,-0.223925][0.965386,0.471443,0][-1.26437,-0.0550798,-0.143066][-0.967962,0.214405,-0.130694][0.965386,0.471443,0][-1.3447,-0.134668,0.32133][-0.967962,0.214405,-0.130694][0.647557,0.401697,0][-1.26391,-0.0414708,-0.124103][-0.967962,0.214405,-0.130694][0.952329,0.483369,0][-1.26391,-0.0414708,-0.124103][-0.713596,0.700348,0.017111][0.952329,0.483369,0][-1.3447,-0.134668,0.32133][-0.713596,0.700348,0.017111][0.647557,0.401697,0][-1.25625,-0.0414708,0.195432][-0.713596,0.700348,0.017111][0.73231,0.483369,0][-1.2533,-0.324075,0.318519][-0.859402,-0.419057,0.292948][0.647557,0.235712,0][-1.3447,-0.134668,0.32133][-0.859402,-0.419057,0.292948][0.647557,0.401697,0][-1.26006,-0.507314,0.036566][-0.859402,-0.419057,0.292948][0.841699,0.075132,0][-1.26006,-0.507314,0.036566][-0.972384,-0.232857,0.01571][0.841699,0.075132,0][-1.3447,-0.134668,0.32133][-0.972384,-0.232857,0.01571][0.647557,0.401697,0][-1.26083,-0.506267,0.00456402][-0.972384,-0.232857,0.01571][0.863734,0.076049,0][-1.26083,-0.506267,0.00456402][-0.883663,0.171768,-0.435472][0.863734,0.076049,0][-1.3447,-0.134668,0.32133][-0.883663,0.171768,-0.435472][0.647557,0.401697,0][-1.25813,-0.207522,0.116933][-0.883663,0.171768,-0.435472][0.786362,0.337851,0][-1.2533,0.239048,0.318519][-0.962848,0.236464,0.130419][0.647557,0.729199,0][-1.3447,-0.134668,0.32133][-0.962848,0.236464,0.130419][0.647557,0.401697,0][-1.25275,0.22858,0.341576][-0.962848,0.236464,0.130419][0.631682,0.720025,0][-1.25275,0.22858,0.341576][-0.837428,0.183287,0.514898][0.631682,0.720025,0][-1.3447,-0.134668,0.32133][-0.837428,0.183287,0.514898][0.647557,0.401697,0][-1.25035,-0.0414708,0.441606][-0.837428,0.183287,0.514898][0.562804,0.483369,0][-1.25035,-0.0414708,0.441606][-0.713599,0.700346,0.017111][0.562804,0.483369,0][-1.3447,-0.134668,0.32133][-0.713599,0.700346,0.017111][0.647557,0.401697,0][-1.24269,-0.0414708,0.761141][-0.713599,0.700346,0.017111][0.342786,0.483369,0][-1.24269,-0.0414708,0.761141][-0.960425,0.214874,0.177235][0.342786,0.483369,0][-1.3447,-0.134668,0.32133][-0.960425,0.214874,0.177235][0.647557,0.401697,0][-1.24223,-0.0550798,0.780104][-0.960425,0.214874,0.177235][0.329728,0.471443,0][-1.24223,-0.0550798,0.780104][-0.867912,-0.419136,0.266559][0.329728,0.471443,0][-1.3447,-0.134668,0.32133][-0.867912,-0.419136,0.266559][0.647557,0.401697,0][-1.24847,-0.207522,0.520105][-0.867912,-0.419136,0.266559][0.508753,0.337851,0][-1.44699,-0.0908928,-0.358291][0.999713,-2.15095e-006,-0.023975][0.268231,0.795608,0][-1.44875,-0.110571,-0.431368][0.999713,-2.15095e-006,-0.023975][0.224834,0.8017,0][-1.44941,0.0323062,-0.459153][0.999713,-2.15095e-006,-0.023975][0.255965,0.895298,0][-1.44941,0.0323062,-0.459153][0.999713,-2.15095e-006,-0.023975][0.255965,0.895298,0][-1.44904,0.0518312,-0.443713][0.999713,-2.15095e-006,-0.023975][0.270003,0.90334,0][-1.44699,-0.0908928,-0.358291][0.999713,-2.15095e-006,-0.023975][0.268231,0.795608,0][-1.44322,-0.121764,-0.200799][0.999713,5.84905e-006,-0.023969][0.338544,0.737992,0][-1.43984,-0.240946,-0.059892][0.999713,5.84905e-006,-0.023969][0.372449,0.630857,0][-1.44069,-0.25909,-0.095497][0.999713,5.84905e-006,-0.023969][0.348594,0.62863,0][-1.44069,-0.25909,-0.095497][0.999713,5.84905e-006,-0.023969][0.348594,0.62863,0][-1.44491,-0.235905,-0.271499][0.999713,5.84905e-006,-0.023969][0.266431,0.68615,0][-1.44322,-0.121764,-0.200799][0.999713,5.84905e-006,-0.023969][0.338544,0.737992,0][-1.44843,-0.223227,-0.418102][0.999713,2.84905e-006,-0.023972][0.195892,0.730034,0][-1.45254,-0.208081,-0.589473][0.999713,2.84905e-006,-0.023972][0.113537,0.781531,0][-1.45218,-0.177523,-0.574757][0.999713,2.84905e-006,-0.023972][0.130702,0.796451,0][-1.45218,-0.177523,-0.574757][0.999713,2.84905e-006,-0.023972][0.130702,0.796451,0][-1.44875,-0.110571,-0.431368][0.999713,2.84905e-006,-0.023972][0.224834,0.8017,0][-1.44843,-0.223227,-0.418102][0.999713,2.84905e-006,-0.023972][0.195892,0.730034,0][-1.44677,-0.377421,-0.348925][0.999713,-2.15095e-006,-0.023971][0.182225,0.61935,0][-1.44766,-0.393189,-0.385953][0.999713,-2.15095e-006,-0.023971][0.158398,0.618917,0][-1.44843,-0.223227,-0.418102][0.999713,-2.15095e-006,-0.023971][0.195892,0.730034,0][-1.44843,-0.223227,-0.418102][0.999713,-2.15095e-006,-0.023971][0.195892,0.730034,0][-1.44491,-0.235905,-0.271499][0.999713,-2.15095e-006,-0.023971][0.266431,0.68615,0][-1.44677,-0.377421,-0.348925][0.999713,-2.15095e-006,-0.023971][0.182225,0.61935,0][-1.4484,0.0521042,-0.416751][0.999713,-7.15095e-006,-0.023973][0.2838,0.896851,0][-1.44556,-0.0486388,-0.298726][0.999713,-7.15095e-006,-0.023973][0.311909,0.806558,0][-1.44699,-0.0908928,-0.358291][0.999713,-7.15095e-006,-0.023973][0.268231,0.795608,0][-1.44699,-0.0908928,-0.358291][0.999713,-7.15095e-006,-0.023973][0.268231,0.795608,0][-1.44904,0.0518312,-0.443713][0.999713,-7.15095e-006,-0.023973][0.270003,0.90334,0][-1.4484,0.0521042,-0.416751][0.999713,-7.15095e-006,-0.023973][0.2838,0.896851,0][-1.44213,0.0183122,-0.155337][0.999713,-1.50952e-007,-0.023969][0.406041,0.811808,0][-1.44124,0.0118442,-0.11846][0.999713,-1.50952e-007,-0.023969][0.422744,0.798778,0][-1.44322,-0.121764,-0.200799][0.999713,-1.50952e-007,-0.023969][0.338544,0.737992,0][-1.44322,-0.121764,-0.200799][0.999713,-1.50952e-007,-0.023969][0.338544,0.737992,0][-1.44556,-0.0486388,-0.298726][0.999713,-1.50952e-007,-0.023969][0.311909,0.806558,0][-1.44213,0.0183122,-0.155337][0.999713,-1.50952e-007,-0.023969][0.406041,0.811808,0][-1.44699,-0.0908928,-0.358291][0.999713,4.84905e-006,-0.02397][0.268231,0.795608,0][-1.44491,-0.235905,-0.271499][0.999713,4.84905e-006,-0.02397][0.266431,0.68615,0][-1.44843,-0.223227,-0.418102][0.999713,4.84905e-006,-0.02397][0.195892,0.730034,0][-1.44843,-0.223227,-0.418102][0.999713,4.84905e-006,-0.02397][0.195892,0.730034,0][-1.44875,-0.110571,-0.431368][0.999713,4.84905e-006,-0.02397][0.224834,0.8017,0][-1.44699,-0.0908928,-0.358291][0.999713,4.84905e-006,-0.02397][0.268231,0.795608,0][-1.44322,-0.121764,-0.200799][0.999713,2.84905e-006,-0.023972][0.338544,0.737992,0][-1.44491,-0.235905,-0.271499][0.999713,2.84905e-006,-0.023972][0.266431,0.68615,0][-1.44699,-0.0908928,-0.358291][0.999713,2.84905e-006,-0.023972][0.268231,0.795608,0][-1.44699,-0.0908928,-0.358291][0.999713,2.84905e-006,-0.023972][0.268231,0.795608,0][-1.44556,-0.0486388,-0.298726][0.999713,2.84905e-006,-0.023972][0.311909,0.806558,0][-1.44322,-0.121764,-0.200799][0.999713,2.84905e-006,-0.023972][0.338544,0.737992,0][-1.44904,0.0518312,-0.443713][-0.597454,0.504338,-0.623451][0.269089,0.916384,0][-1.44941,0.0323062,-0.459153][-0.597454,0.504338,-0.623451][0.284054,0.908342,0][-1.46849,0.0292972,-0.443302][-0.597454,0.504338,-0.623451][0.276633,0.901726,0][-1.46849,0.0292972,-0.443302][-0.597454,0.504338,-0.623451][0.276633,0.901726,0][-1.46831,0.0391392,-0.435519][-0.597454,0.504338,-0.623451][0.269089,0.90578,0][-1.44904,0.0518312,-0.443713][-0.597454,0.504338,-0.623451][0.269089,0.916384,0][-1.46849,0.0292972,-0.443302][-0.617078,-0.152985,-0.771887][0.276633,0.901726,0][-1.44941,0.0323062,-0.459153][-0.617078,-0.152985,-0.771887][0.284054,0.908342,0][-1.44875,-0.110571,-0.431368][-0.617078,-0.152985,-0.771887][0.315904,0.806572,0][-1.44875,-0.110571,-0.431368][-0.617078,-0.152985,-0.771887][0.315904,0.806572,0][-1.46781,-0.117533,-0.414749][-0.617078,-0.152985,-0.771887][0.309364,0.797141,0][-1.46849,0.0292972,-0.443302][-0.617078,-0.152985,-0.771887][0.276633,0.901726,0][-1.44491,-0.235905,-0.271499][-0.55254,-0.82796,-0.095821][0.269089,0.675986,0][-1.44069,-0.25909,-0.095497][-0.55254,-0.82796,-0.095821][0.179644,0.607185,0][-1.46021,-0.245805,-0.097755][-0.55254,-0.82796,-0.095821][0.176833,0.616731,0][-1.46021,-0.245805,-0.097755][-0.55254,-0.82796,-0.095821][0.176833,0.616731,0][-1.46456,-0.221891,-0.279288][-0.55254,-0.82796,-0.095821][0.269089,0.687695,0][-1.44491,-0.235905,-0.271499][-0.55254,-0.82796,-0.095821][0.269089,0.675986,0][-1.44069,-0.25909,-0.095497][-0.548569,-0.739557,0.390035][0.179644,0.607185,0][-1.43984,-0.240946,-0.059892][-0.548569,-0.739557,0.390035][0.154009,0.608177,0][-1.45986,-0.238394,-0.083211][-0.548569,-0.739557,0.390035][0.166362,0.617136,0][-1.45986,-0.238394,-0.083211][-0.548569,-0.739557,0.390035][0.166362,0.617136,0][-1.46021,-0.245805,-0.097755][-0.548569,-0.739557,0.390035][0.176833,0.616731,0][-1.44069,-0.25909,-0.095497][-0.548569,-0.739557,0.390035][0.179644,0.607185,0][-1.45986,-0.238394,-0.083211][-0.554715,0.628665,0.545043][0.166362,0.617136,0][-1.43984,-0.240946,-0.059892][-0.554715,0.628665,0.545043][0.154009,0.608177,0][-1.44322,-0.121764,-0.200799][-0.554715,0.628665,0.545043][0.192394,0.728964,0][-1.44322,-0.121764,-0.200799][-0.554715,0.628665,0.545043][0.192394,0.728964,0][-1.4631,-0.124234,-0.218181][-0.554715,0.628665,0.545043][0.203129,0.732833,0][-1.45986,-0.238394,-0.083211][-0.554715,0.628665,0.545043][0.166362,0.617136,0][-1.44875,-0.110571,-0.431368][-0.568001,0.750878,-0.336982][0.315904,0.806572,0][-1.45218,-0.177523,-0.574757][-0.568001,0.750878,-0.336982][0.41712,0.806572,0][-1.47136,-0.186692,-0.562865][-0.568001,0.750878,-0.336982][0.413917,0.797141,0][-1.47136,-0.186692,-0.562865][-0.568001,0.750878,-0.336982][0.413917,0.797141,0][-1.46781,-0.117533,-0.414749][-0.568001,0.750878,-0.336982][0.309364,0.797141,0][-1.44875,-0.110571,-0.431368][-0.568001,0.750878,-0.336982][0.315904,0.806572,0][-1.45218,-0.177523,-0.574757][-0.608808,0.349917,-0.711977][0.41712,0.806572,0][-1.45254,-0.208081,-0.589473][-0.608808,0.349917,-0.711977][0.435329,0.791105,0][-1.47148,-0.197105,-0.56788][-0.608808,0.349917,-0.711977][0.420122,0.791871,0][-1.47148,-0.197105,-0.56788][-0.608808,0.349917,-0.711977][0.420122,0.791871,0][-1.47136,-0.186692,-0.562865][-0.608808,0.349917,-0.711977][0.413917,0.797141,0][-1.45218,-0.177523,-0.574757][-0.608808,0.349917,-0.711977][0.41712,0.806572,0][-1.47148,-0.197105,-0.56788][-0.551025,-0.832304,-0.060349][0.420122,0.791871,0][-1.45254,-0.208081,-0.589473][-0.551025,-0.832304,-0.060349][0.435329,0.791105,0][-1.44843,-0.223227,-0.418102][-0.551025,-0.832304,-0.060349][0.345784,0.728964,0][-1.44843,-0.223227,-0.418102][-0.551025,-0.832304,-0.060349][0.345784,0.728964,0][-1.46758,-0.211495,-0.405067][-0.551025,-0.832304,-0.060349][0.335049,0.732833,0][-1.47148,-0.197105,-0.56788][-0.551025,-0.832304,-0.060349][0.420122,0.791871,0][-1.44843,-0.223227,-0.418102][-0.617174,-0.148942,-0.772601][0.345784,0.728964,0][-1.44766,-0.393189,-0.385953][-0.617174,-0.148942,-0.772601][0.384169,0.608177,0][-1.46684,-0.374295,-0.374272][-0.617174,-0.148942,-0.772601][0.371816,0.617136,0][-1.46684,-0.374295,-0.374272][-0.617174,-0.148942,-0.772601][0.371816,0.617136,0][-1.46758,-0.211495,-0.405067][-0.617174,-0.148942,-0.772601][0.335049,0.732833,0][-1.44843,-0.223227,-0.418102][-0.617174,-0.148942,-0.772601][0.345784,0.728964,0][-1.46684,-0.374295,-0.374272][-0.547318,-0.765199,0.338989][0.371816,0.617136,0][-1.44766,-0.393189,-0.385953][-0.547318,-0.765199,0.338989][0.384169,0.608177,0][-1.44677,-0.377421,-0.348925][-0.547318,-0.765199,0.338989][0.358534,0.607185,0][-1.44677,-0.377421,-0.348925][-0.547318,-0.765199,0.338989][0.358534,0.607185,0][-1.46648,-0.367854,-0.359148][-0.547318,-0.765199,0.338989][0.361345,0.616731,0][-1.46684,-0.374295,-0.374272][-0.547318,-0.765199,0.338989][0.371816,0.617136,0][-1.46648,-0.367854,-0.359148][-0.566071,-0.389946,0.726296][0.361345,0.616731,0][-1.44677,-0.377421,-0.348925][-0.566071,-0.389946,0.726296][0.358534,0.607185,0][-1.44491,-0.235905,-0.271499][-0.566071,-0.389946,0.726296][0.269089,0.675986,0][-1.44491,-0.235905,-0.271499][-0.566071,-0.389946,0.726296][0.269089,0.675986,0][-1.46456,-0.221891,-0.279288][-0.566071,-0.389946,0.726296][0.269089,0.687695,0][-1.46648,-0.367854,-0.359148][-0.566071,-0.389946,0.726296][0.361345,0.616731,0][-1.44556,-0.0486388,-0.298726][-0.554843,0.626169,0.547779][0.222274,0.806572,0][-1.4484,0.0521042,-0.416751][-0.554843,0.626169,0.547779][0.254124,0.908342,0][-1.46798,0.0392772,-0.421927][-0.554843,0.626169,0.547779][0.261545,0.901726,0][-1.46798,0.0392772,-0.421927][-0.554843,0.626169,0.547779][0.261545,0.901726,0][-1.46507,-0.0642518,-0.300637][-0.554843,0.626169,0.547779][0.228814,0.797141,0][-1.44556,-0.0486388,-0.298726][-0.554843,0.626169,0.547779][0.222274,0.806572,0][-1.4484,0.0521042,-0.416751][-0.548741,0.835979,0.004699][0.254124,0.908342,0][-1.44904,0.0518312,-0.443713][-0.548741,0.835979,0.004699][0.269089,0.916384,0][-1.46831,0.0391392,-0.435519][-0.548741,0.835979,0.004699][0.269089,0.90578,0][-1.46831,0.0391392,-0.435519][-0.548741,0.835979,0.004699][0.269089,0.90578,0][-1.46798,0.0392772,-0.421927][-0.548741,0.835979,0.004699][0.261545,0.901726,0][-1.4484,0.0521042,-0.416751][-0.548741,0.835979,0.004699][0.254124,0.908342,0][-1.44322,-0.121764,-0.200799][-0.564607,-0.426957,0.706347][0.192394,0.728964,0][-1.44124,0.0118442,-0.11846][-0.564607,-0.426957,0.706347][0.102849,0.791105,0][-1.46122,0.00270221,-0.139954][-0.564607,-0.426957,0.706347][0.118056,0.791871,0][-1.46122,0.00270221,-0.139954][-0.564607,-0.426957,0.706347][0.118056,0.791871,0][-1.4631,-0.124234,-0.218181][-0.564607,-0.426957,0.706347][0.203129,0.732833,0][-1.44322,-0.121764,-0.200799][-0.564607,-0.426957,0.706347][0.192394,0.728964,0][-1.46122,0.00270221,-0.139954][-0.545974,0.82288,0.157418][0.118056,0.791871,0][-1.44124,0.0118442,-0.11846][-0.545974,0.82288,0.157418][0.102849,0.791105,0][-1.44213,0.0183122,-0.155337][-0.545974,0.82288,0.157418][0.121059,0.806572,0][-1.44213,0.0183122,-0.155337][-0.545974,0.82288,0.157418][0.121059,0.806572,0][-1.46152,0.00490621,-0.15252][-0.545974,0.82288,0.157418][0.124261,0.797141,0][-1.46122,0.00270221,-0.139954][-0.545974,0.82288,0.157418][0.118056,0.791871,0][-1.46152,0.00490621,-0.15252][-0.567991,0.750884,-0.336985][0.124261,0.797141,0][-1.44213,0.0183122,-0.155337][-0.567991,0.750884,-0.336986][0.121059,0.806572,0][-1.44556,-0.0486388,-0.298726][-0.567991,0.750884,-0.336985][0.222274,0.806572,0][-1.44556,-0.0486388,-0.298726][-0.567991,0.750884,-0.336985][0.222274,0.806572,0][-1.46507,-0.0642518,-0.300637][-0.567991,0.750884,-0.336985][0.228814,0.797141,0][-1.46152,0.00490621,-0.15252][-0.567991,0.750884,-0.336985][0.124261,0.797141,0][-1.46781,-0.117533,-0.414749][-0.865626,-0.0994639,-0.490713][0.309364,0.797141,0][-1.51374,-0.134094,-0.330362][-0.865626,-0.0994639,-0.490713][0.269089,0.761048,0][-1.46849,0.0292972,-0.443302][-0.865626,-0.0994639,-0.490713][0.276633,0.901726,0][-1.46849,0.0292972,-0.443302][-0.973662,0.152506,-0.169481][0.276633,0.901726,0][-1.51374,-0.134094,-0.330362][-0.973662,0.152506,-0.169481][0.269089,0.761048,0][-1.46831,0.0391392,-0.435519][-0.973662,0.152506,-0.169481][0.269089,0.90578,0][-1.4631,-0.124234,-0.218181][-0.851646,0.389922,0.350228][0.203129,0.732833,0][-1.51374,-0.134094,-0.330362][-0.851646,0.389922,0.350228][0.269089,0.761048,0][-1.45986,-0.238394,-0.083211][-0.851646,0.389922,0.350228][0.166362,0.617136,0][-1.45986,-0.238394,-0.083211][-0.971144,-0.202256,0.126379][0.166362,0.617136,0][-1.51374,-0.134094,-0.330362][-0.971144,-0.202256,0.126379][0.269089,0.761048,0][-1.46021,-0.245805,-0.097755][-0.971144,-0.202256,0.126379][0.176833,0.616731,0][-1.46021,-0.245805,-0.097755][-0.859748,-0.508607,-0.046387][0.176833,0.616731,0][-1.51374,-0.134094,-0.330362][-0.859748,-0.508607,-0.046387][0.269089,0.761048,0][-1.46456,-0.221891,-0.279288][-0.859748,-0.508607,-0.046387][0.269089,0.687695,0][-1.46758,-0.211495,-0.405067][-0.868208,-0.495668,-0.02299][0.335049,0.732833,0][-1.51374,-0.134094,-0.330362][-0.868208,-0.495668,-0.02299][0.269089,0.761048,0][-1.47148,-0.197105,-0.56788][-0.868208,-0.495668,-0.02299][0.420122,0.791871,0][-1.47148,-0.197105,-0.56788][-0.973361,0.108496,-0.201983][0.420122,0.791871,0][-1.51374,-0.134094,-0.330362][-0.973361,0.108496,-0.201983][0.269089,0.761048,0][-1.47136,-0.186692,-0.562865][-0.973361,0.108496,-0.201983][0.413917,0.797141,0][-1.47136,-0.186692,-0.562865][-0.730125,0.625692,-0.274642][0.413917,0.797141,0][-1.51374,-0.134094,-0.330362][-0.730125,0.625692,-0.274642][0.269089,0.761048,0][-1.46781,-0.117533,-0.414749][-0.730125,0.625692,-0.274642][0.309364,0.797141,0][-1.46456,-0.221891,-0.279288][-0.867755,-0.229736,0.440706][0.269089,0.687695,0][-1.51374,-0.134094,-0.330362][-0.867756,-0.229736,0.440706][0.269089,0.761048,0][-1.46648,-0.367854,-0.359148][-0.867756,-0.229736,0.440706][0.361345,0.616731,0][-1.46648,-0.367854,-0.359148][-0.971115,-0.210259,0.112812][0.361345,0.616731,0][-1.51374,-0.134094,-0.330362][-0.971115,-0.210259,0.112812][0.269089,0.761048,0][-1.46684,-0.374295,-0.374272][-0.971115,-0.210259,0.112812][0.371816,0.617136,0][-1.46684,-0.374295,-0.374272][-0.886217,-0.0899809,-0.454449][0.371816,0.617136,0][-1.51374,-0.134094,-0.330362][-0.886217,-0.0899809,-0.454449][0.269089,0.761048,0][-1.46758,-0.211495,-0.405067][-0.886217,-0.0899809,-0.454449][0.335049,0.732833,0][-1.46831,0.0391392,-0.435519][-0.963964,0.265248,0.020442][0.269089,0.90578,0][-1.51374,-0.134094,-0.330362][-0.963964,0.265248,0.020442][0.269089,0.761048,0][-1.46798,0.0392772,-0.421927][-0.963964,0.265248,0.020442][0.261545,0.901726,0][-1.46798,0.0392772,-0.421927][-0.827684,0.41689,0.375687][0.261545,0.901726,0][-1.51374,-0.134094,-0.330362][-0.827684,0.41689,0.375687][0.269089,0.761048,0][-1.46507,-0.0642518,-0.300637][-0.827684,0.41689,0.375687][0.228814,0.797141,0][-1.46507,-0.0642518,-0.300637][-0.730123,0.625695,-0.274639][0.228814,0.797141,0][-1.51374,-0.134094,-0.330362][-0.730123,0.625695,-0.274639][0.269089,0.761048,0][-1.46152,0.00490621,-0.15252][-0.730123,0.625695,-0.274639][0.124261,0.797141,0][-1.46152,0.00490621,-0.15252][-0.960127,0.270536,0.070477][0.124261,0.797141,0][-1.51374,-0.134094,-0.330362][-0.960127,0.270536,0.070477][0.269089,0.761048,0][-1.46122,0.00270221,-0.139954][-0.960127,0.270536,0.070477][0.118056,0.791871,0][-1.46122,0.00270221,-0.139954][-0.87567,-0.24391,0.416786][0.118056,0.791871,0][-1.51374,-0.134094,-0.330362][-0.87567,-0.24391,0.416786][0.269089,0.761048,0][-1.4631,-0.124234,-0.218181][-0.87567,-0.24391,0.416786][0.203129,0.732833,0][-1.27068,-0.173313,0.71197][0.938868,0.000435858,-0.344276][0.268231,0.795608,0][-1.29407,-0.191678,0.648162][0.938868,0.000435858,-0.344276][0.224834,0.8017,0][-1.30283,-0.0567088,0.624447][0.938868,0.000435858,-0.344276][0.255965,0.895298,0][-1.30283,-0.0567088,0.624447][0.938868,0.000435858,-0.344276][0.255965,0.895298,0][-1.29787,-0.0383208,0.637984][0.938868,0.000435858,-0.344276][0.270003,0.90334,0][-1.27068,-0.173313,0.71197][0.938868,0.000435858,-0.344276][0.268231,0.795608,0][-1.22033,-0.202917,0.849222][0.938865,0.000428858,-0.344285][0.338544,0.737992,0][-1.17537,-0.315846,0.971687][0.938865,0.000428858,-0.344285][0.372449,0.630857,0][-1.18678,-0.332872,0.940568][0.938865,0.000428858,-0.344285][0.348594,0.62863,0][-1.18678,-0.332872,0.940568][0.938865,0.000428858,-0.344285][0.348594,0.62863,0][-1.24305,-0.310469,0.787143][0.938865,0.000428858,-0.344285][0.266431,0.68615,0][-1.22033,-0.202917,0.849222][0.938865,0.000428858,-0.344285][0.338544,0.737992,0][-1.28993,-0.298072,0.659322][0.938864,0.000437858,-0.344287][0.195892,0.730034,0][-1.34472,-0.283272,0.509909][0.938864,0.000437858,-0.344287][0.113537,0.781531,0][-1.33999,-0.254466,0.522856][0.938864,0.000437858,-0.344287][0.130702,0.796451,0][-1.33999,-0.254466,0.522856][0.938864,0.000437858,-0.344287][0.130702,0.796451,0][-1.29407,-0.191678,0.648162][0.938864,0.000437858,-0.344287][0.224834,0.8017,0][-1.28993,-0.298072,0.659322][0.938864,0.000437858,-0.344287][0.195892,0.730034,0][-1.26794,-0.443846,0.719098][0.938865,0.000429858,-0.344284][0.182225,0.61935,0][-1.2798,-0.458624,0.686746][0.938865,0.000429858,-0.344284][0.158398,0.618917,0][-1.28993,-0.298072,0.659322][0.938865,0.000429858,-0.344284][0.195892,0.730034,0][-1.28993,-0.298072,0.659322][0.938865,0.000429858,-0.344284][0.195892,0.730034,0][-1.24305,-0.310469,0.787143][0.938865,0.000429858,-0.344284][0.266431,0.68615,0][-1.26794,-0.443846,0.719098][0.938865,0.000429858,-0.344284][0.182225,0.61935,0][-1.28925,-0.0381418,0.661501][0.938862,0.000423858,-0.344294][0.2838,0.896851,0][-1.25159,-0.133595,0.764076][0.938862,0.000423858,-0.344294][0.311909,0.806558,0][-1.27068,-0.173313,0.71197][0.938862,0.000423858,-0.344294][0.268231,0.795608,0][-1.27068,-0.173313,0.71197][0.938862,0.000423858,-0.344294][0.268231,0.795608,0][-1.29787,-0.0383208,0.637984][0.938862,0.000423858,-0.344294][0.270003,0.90334,0][-1.28925,-0.0381418,0.661501][0.938862,0.000423858,-0.344294][0.2838,0.896851,0][-1.20567,-0.0708078,0.889382][0.938867,0.000427858,-0.34428][0.406041,0.811808,0][-1.19388,-0.0770208,0.921523][0.938867,0.000427858,-0.34428][0.422744,0.798778,0][-1.22033,-0.202917,0.849222][0.938867,0.000427858,-0.34428][0.338544,0.737992,0][-1.22033,-0.202917,0.849222][0.938867,0.000427858,-0.34428][0.338544,0.737992,0][-1.25159,-0.133595,0.764076][0.938867,0.000427858,-0.34428][0.311909,0.806558,0][-1.20567,-0.0708078,0.889382][0.938867,0.000427858,-0.34428][0.406041,0.811808,0][-1.27068,-0.173313,0.71197][0.938866,0.000437858,-0.344282][0.268231,0.795608,0][-1.24305,-0.310469,0.787143][0.938866,0.000437858,-0.344282][0.266431,0.68615,0][-1.28993,-0.298072,0.659322][0.938866,0.000437858,-0.344282][0.195892,0.730034,0][-1.28993,-0.298072,0.659322][0.938866,0.000437858,-0.344282][0.195892,0.730034,0][-1.29407,-0.191678,0.648162][0.938866,0.000437858,-0.344282][0.224834,0.8017,0][-1.27068,-0.173313,0.71197][0.938866,0.000437858,-0.344282][0.268231,0.795608,0][-1.22033,-0.202917,0.849222][0.938865,0.000432858,-0.344286][0.338544,0.737992,0][-1.24305,-0.310469,0.787143][0.938865,0.000432858,-0.344286][0.266431,0.68615,0][-1.27068,-0.173313,0.71197][0.938865,0.000432858,-0.344286][0.268231,0.795608,0][-1.27068,-0.173313,0.71197][0.938865,0.000432858,-0.344286][0.268231,0.795608,0][-1.25159,-0.133595,0.764076][0.938865,0.000432858,-0.344286][0.311909,0.806558,0][-1.22033,-0.202917,0.849222][0.938865,0.000432858,-0.344286][0.338544,0.737992,0][-1.29787,-0.0383208,0.637984][-0.784643,0.490541,-0.379084][0.269089,0.916384,0][-1.30283,-0.0567088,0.624447][-0.784643,0.490541,-0.379084][0.284054,0.908342,0][-1.31491,-0.0596028,0.645718][-0.784643,0.490541,-0.379084][0.276633,0.901726,0][-1.31491,-0.0596028,0.645718][-0.784643,0.490541,-0.379084][0.276633,0.901726,0][-1.31241,-0.0503328,0.652542][-0.784643,0.490541,-0.379084][0.269089,0.90578,0][-1.29787,-0.0383208,0.637984][-0.784643,0.490541,-0.379084][0.269089,0.916384,0][-1.31491,-0.0596028,0.645718][-0.851893,-0.143769,-0.503596][0.276633,0.901726,0][-1.30283,-0.0567088,0.624447][-0.851893,-0.143769,-0.503596][0.284054,0.908342,0][-1.29407,-0.191678,0.648162][-0.851893,-0.143769,-0.503596][0.315904,0.806572,0][-1.29407,-0.191678,0.648162][-0.851893,-0.143769,-0.503596][0.315904,0.806572,0][-1.30591,-0.198305,0.670089][-0.851893,-0.143769,-0.503596][0.309364,0.797141,0][-1.31491,-0.0596028,0.645718][-0.851893,-0.143769,-0.503596][0.276633,0.901726,0][-1.24305,-0.310469,0.787143][-0.555349,-0.827479,0.08286][0.269089,0.675986,0][-1.18678,-0.332872,0.940568][-0.555349,-0.827479,0.08286][0.179644,0.607185,0][-1.20464,-0.320329,0.946103][-0.555349,-0.827479,0.08286][0.176833,0.616731,0][-1.20464,-0.320329,0.946103][-0.555349,-0.827479,0.08286][0.176833,0.616731,0][-1.26268,-0.297222,0.787857][-0.555349,-0.827479,0.08286][0.269089,0.687695,0][-1.24305,-0.310469,0.787143][-0.555349,-0.827479,0.08286][0.269089,0.675986,0][-1.18678,-0.332872,0.940568][-0.361499,-0.755808,0.54596][0.179644,0.607185,0][-1.17537,-0.315846,0.971687][-0.361499,-0.755808,0.54596][0.154009,0.608177,0][-1.19998,-0.313375,0.958816][-0.361499,-0.755808,0.54596][0.166362,0.617136,0][-1.19998,-0.313375,0.958816][-0.361499,-0.755808,0.54596][0.166362,0.617136,0][-1.20464,-0.320329,0.946103][-0.361499,-0.755808,0.54596][0.176833,0.616731,0][-1.18678,-0.332872,0.940568][-0.361499,-0.755808,0.54596][0.179644,0.607185,0][-1.19998,-0.313375,0.958816][-0.303627,0.642301,0.703747][0.166362,0.617136,0][-1.17537,-0.315846,0.971687][-0.303627,0.642301,0.703747][0.154009,0.608177,0][-1.22033,-0.202917,0.849222][-0.303627,0.642301,0.703747][0.192394,0.728964,0][-1.22033,-0.202917,0.849222][-0.303627,0.642301,0.703747][0.192394,0.728964,0][-1.24305,-0.205205,0.841509][-0.303627,0.642301,0.703747][0.203129,0.732833,0][-1.19998,-0.313375,0.958816][-0.303627,0.642301,0.703747][0.166362,0.617136,0][-1.29407,-0.191678,0.648162][-0.657476,0.742024,-0.130867][0.315904,0.806572,0][-1.33999,-0.254466,0.522856][-0.657476,0.742024,-0.130867][0.41712,0.806572,0][-1.35335,-0.263164,0.54065][-0.657476,0.742024,-0.130867][0.413917,0.797141,0][-1.35335,-0.263164,0.54065][-0.657476,0.742024,-0.130867][0.413917,0.797141,0][-1.30591,-0.198305,0.670089][-0.657476,0.742024,-0.130867][0.309364,0.797141,0][-1.29407,-0.191678,0.648162][-0.657476,0.742024,-0.130867][0.315904,0.806572,0][-1.33999,-0.254466,0.522856][-0.824438,0.339113,-0.453106][0.41712,0.806572,0][-1.34472,-0.283272,0.509909][-0.824437,0.339113,-0.453106][0.435329,0.791105,0][-1.35496,-0.272979,0.53624][-0.824438,0.339113,-0.453106][0.420122,0.791871,0][-1.35496,-0.272979,0.53624][-0.824438,0.339113,-0.453106][0.420122,0.791871,0][-1.35335,-0.263164,0.54065][-0.824438,0.339113,-0.453106][0.413917,0.797141,0][-1.33999,-0.254466,0.522856][-0.824438,0.339113,-0.453106][0.41712,0.806572,0][-1.35496,-0.272979,0.53624][-0.540455,-0.833385,0.115661][0.420122,0.791871,0][-1.34472,-0.283272,0.509909][-0.540455,-0.833385,0.115661][0.435329,0.791105,0][-1.28993,-0.298072,0.659322][-0.540455,-0.833385,0.115661][0.345784,0.728964,0][-1.28993,-0.298072,0.659322][-0.540455,-0.833385,0.115661][0.345784,0.728964,0][-1.3029,-0.28704,0.678191][-0.540455,-0.833385,0.115661][0.335049,0.732833,0][-1.35496,-0.272979,0.53624][-0.540455,-0.833385,0.115661][0.420122,0.791871,0][-1.28993,-0.298072,0.659322][-0.852211,-0.139885,-0.504151][0.345784,0.728964,0][-1.2798,-0.458624,0.686746][-0.852211,-0.139885,-0.504151][0.384169,0.608177,0][-1.2932,-0.440827,0.704459][-0.852211,-0.139885,-0.504151][0.371816,0.617136,0][-1.2932,-0.440827,0.704459][-0.852211,-0.139885,-0.504151][0.371816,0.617136,0][-1.3029,-0.28704,0.678191][-0.852211,-0.139885,-0.504151][0.335049,0.732833,0][-1.28993,-0.298072,0.659322][-0.852211,-0.139885,-0.504151][0.345784,0.728964,0][-1.2932,-0.440827,0.704459][-0.380767,-0.780371,0.496022][0.371816,0.617136,0][-1.2798,-0.458624,0.686746][-0.380767,-0.780371,0.496022][0.384169,0.608177,0][-1.26794,-0.443846,0.719098][-0.380767,-0.780371,0.496022][0.358534,0.607185,0][-1.26794,-0.443846,0.719098][-0.380767,-0.780371,0.496022][0.358534,0.607185,0][-1.28835,-0.43479,0.717673][-0.380767,-0.780371,0.496022][0.361345,0.616731,0][-1.2932,-0.440827,0.704459][-0.380767,-0.780371,0.496022][0.371816,0.617136,0][-1.28835,-0.43479,0.717673][-0.241161,-0.404949,0.881962][0.361345,0.616731,0][-1.26794,-0.443846,0.719098][-0.241161,-0.404949,0.881962][0.358534,0.607185,0][-1.24305,-0.310469,0.787143][-0.241161,-0.404949,0.881963][0.269089,0.675986,0][-1.24305,-0.310469,0.787143][-0.241161,-0.404949,0.881963][0.269089,0.675986,0][-1.26268,-0.297222,0.787857][-0.241161,-0.404949,0.881963][0.269089,0.687695,0][-1.28835,-0.43479,0.717673][-0.241161,-0.404949,0.881962][0.361345,0.616731,0][-1.25159,-0.133595,0.764076][-0.302656,0.639771,0.706464][0.222274,0.806572,0][-1.28925,-0.0381418,0.661501][-0.302656,0.639771,0.706464][0.254124,0.908342,0][-1.30807,-0.0502428,0.664397][-0.302656,0.639771,0.706464][0.261545,0.901726,0][-1.30807,-0.0502428,0.664397][-0.302656,0.639771,0.706464][0.261545,0.901726,0][-1.26937,-0.148337,0.76981][-0.302656,0.639771,0.706464][0.228814,0.797141,0][-1.25159,-0.133595,0.764076][-0.302656,0.639771,0.706464][0.222274,0.806572,0][-1.28925,-0.0381418,0.661501][-0.511969,0.839637,0.181376][0.254124,0.908342,0][-1.29787,-0.0383208,0.637984][-0.511969,0.839637,0.181376][0.269089,0.916384,0][-1.31241,-0.0503328,0.652542][-0.511969,0.839637,0.181376][0.269089,0.90578,0][-1.31241,-0.0503328,0.652542][-0.511969,0.839637,0.181376][0.269089,0.90578,0][-1.30807,-0.0502428,0.664397][-0.511969,0.839637,0.181376][0.261545,0.901726,0][-1.28925,-0.0381418,0.661501][-0.511969,0.839637,0.181376][0.254124,0.908342,0][-1.22033,-0.202917,0.849222][-0.247996,-0.442741,0.861672][0.192394,0.728964,0][-1.19388,-0.0770208,0.921523][-0.247996,-0.442741,0.861672][0.102849,0.791105,0][-1.21791,-0.0855948,0.9102][-0.247996,-0.442741,0.861672][0.118056,0.791871,0][-1.21791,-0.0855948,0.9102][-0.247996,-0.442741,0.861672][0.118056,0.791871,0][-1.24305,-0.205205,0.841509][-0.247996,-0.442741,0.861672][0.203129,0.732833,0][-1.22033,-0.202917,0.849222][-0.247996,-0.442741,0.861672][0.192394,0.728964,0][-1.21791,-0.0855948,0.9102][-0.450101,0.831413,0.325823][0.118056,0.791871,0][-1.19388,-0.0770208,0.921523][-0.450101,0.831413,0.325823][0.102849,0.791105,0][-1.20567,-0.0708078,0.889382][-0.450101,0.831413,0.325823][0.121059,0.806572,0][-1.20567,-0.0708078,0.889382][-0.450101,0.831413,0.325823][0.121059,0.806572,0][-1.22193,-0.0834778,0.899247][-0.450101,0.831413,0.325823][0.124261,0.797141,0][-1.21791,-0.0855948,0.9102][-0.450101,0.831413,0.325823][0.118056,0.791871,0][-1.22193,-0.0834778,0.899247][-0.657478,0.742022,-0.130864][0.124261,0.797141,0][-1.20567,-0.0708078,0.889382][-0.657478,0.742022,-0.130864][0.121059,0.806572,0][-1.25159,-0.133595,0.764076][-0.657478,0.742022,-0.130864][0.222274,0.806572,0][-1.25159,-0.133595,0.764076][-0.657478,0.742022,-0.130864][0.222274,0.806572,0][-1.26937,-0.148337,0.76981][-0.657478,0.742022,-0.130864][0.228814,0.797141,0][-1.22193,-0.0834778,0.899247][-0.657478,0.742022,-0.130864][0.124261,0.797141,0][-1.30591,-0.198305,0.670089][-0.979178,-0.0950589,-0.179375][0.309364,0.797141,0][-1.32121,-0.2142,0.762006][-0.979178,-0.0950589,-0.179375][0.269089,0.761048,0][-1.31491,-0.0596028,0.645718][-0.979178,-0.0950589,-0.179375][0.276633,0.901726,0][-1.31491,-0.0596028,0.645718][-0.976792,0.152724,0.150174][0.276633,0.901726,0][-1.32121,-0.2142,0.762006][-0.976792,0.152724,0.150174][0.269089,0.761048,0][-1.31241,-0.0503328,0.652542][-0.976792,0.152724,0.150174][0.269089,0.90578,0][-1.24305,-0.205205,0.841509][-0.67533,0.401812,0.618447][0.203129,0.732833,0][-1.32121,-0.2142,0.762006][-0.67533,0.401812,0.618447][0.269089,0.761048,0][-1.19998,-0.313375,0.958816][-0.67533,0.401812,0.618447][0.166362,0.617136,0][-1.19998,-0.313375,0.958816][-0.876152,-0.208061,0.434821][0.166362,0.617136,0][-1.32121,-0.2142,0.762006][-0.876152,-0.208061,0.434821][0.269089,0.761048,0][-1.20464,-0.320329,0.946103][-0.876152,-0.208061,0.434821][0.176833,0.616731,0][-1.20464,-0.320329,0.946103][-0.827775,-0.512285,0.228807][0.176833,0.616731,0][-1.32121,-0.2142,0.762006][-0.827775,-0.512285,0.228807][0.269089,0.761048,0][-1.26268,-0.297222,0.787857][-0.827775,-0.512285,0.228807][0.269089,0.687695,0][-1.3029,-0.28704,0.678191][-0.827743,-0.500319,0.254013][0.335049,0.732833,0][-1.32121,-0.2142,0.762006][-0.827743,-0.500319,0.254013][0.269089,0.761048,0][-1.35496,-0.272979,0.53624][-0.827743,-0.500319,0.254013][0.420122,0.791871,0][-1.35496,-0.272979,0.53624][-0.98691,0.108533,0.11929][0.420122,0.791871,0][-1.32121,-0.2142,0.762006][-0.98691,0.108533,0.11929][0.269089,0.761048,0][-1.35335,-0.263164,0.54065][-0.98691,0.108533,0.11929][0.413917,0.797141,0][-1.35335,-0.263164,0.54065][-0.784241,0.62002,-0.023277][0.413917,0.797141,0][-1.32121,-0.2142,0.762006][-0.784241,0.62002,-0.023277][0.269089,0.761048,0][-1.30591,-0.198305,0.670089][-0.784241,0.62002,-0.023277][0.309364,0.797141,0][-1.26268,-0.297222,0.787857][-0.657611,-0.241363,0.713647][0.269089,0.687695,0][-1.32121,-0.2142,0.762006][-0.657611,-0.241363,0.713647][0.269089,0.761048,0][-1.28835,-0.43479,0.717673][-0.657611,-0.241363,0.713647][0.361345,0.616731,0][-1.28835,-0.43479,0.717673][-0.880799,-0.215874,0.421417][0.361345,0.616731,0][-1.32121,-0.2142,0.762006][-0.880799,-0.215874,0.421417][0.269089,0.761048,0][-1.2932,-0.440827,0.704459][-0.880799,-0.215874,0.421417][0.371816,0.617136,0][-1.2932,-0.440827,0.704459][-0.98632,-0.0862309,-0.140491][0.371816,0.617136,0][-1.32121,-0.2142,0.762006][-0.98632,-0.0862309,-0.140491][0.269089,0.761048,0][-1.3029,-0.28704,0.678191][-0.98632,-0.0862309,-0.140491][0.335049,0.732833,0][-1.31241,-0.0503328,0.652542][-0.904961,0.268864,0.329786][0.269089,0.90578,0][-1.32121,-0.2142,0.762006][-0.904961,0.268864,0.329786][0.269089,0.761048,0][-1.30807,-0.0502428,0.664397][-0.904961,0.268864,0.329786][0.261545,0.901726,0][-1.30807,-0.0502428,0.664397][-0.64158,0.429692,0.635405][0.261545,0.901726,0][-1.32121,-0.2142,0.762006][-0.64158,0.429692,0.635405][0.269089,0.761048,0][-1.26937,-0.148337,0.76981][-0.64158,0.429692,0.635405][0.228814,0.797141,0][-1.26937,-0.148337,0.76981][-0.784239,0.620023,-0.02328][0.228814,0.797141,0][-1.32121,-0.2142,0.762006][-0.784239,0.620023,-0.02328][0.269089,0.761048,0][-1.22193,-0.0834778,0.899247][-0.784239,0.620023,-0.02328][0.124261,0.797141,0][-1.22193,-0.0834778,0.899247][-0.884183,0.275196,0.377475][0.124261,0.797141,0][-1.32121,-0.2142,0.762006][-0.884183,0.275196,0.377475][0.269089,0.761048,0][-1.21791,-0.0855948,0.9102][-0.884183,0.275196,0.377475][0.118056,0.791871,0][-1.21791,-0.0855948,0.9102][-0.674763,-0.25579,0.69229][0.118056,0.791871,0][-1.32121,-0.2142,0.762006][-0.674763,-0.25579,0.69229][0.269089,0.761048,0][-1.24305,-0.205205,0.841509][-0.674764,-0.25579,0.69229][0.203129,0.732833,0][-0.942079,-0.118479,1.04137][0.541648,0.269464,-0.796246][0.27413,0.787898,0][-1.0185,-0.135639,0.983573][0.541648,0.269464,-0.796245][0.229156,0.79802,0][-1.05526,0.0585062,1.02427][0.541648,0.269464,-0.796245][0.262512,0.893237,0][-1.05526,0.0585062,1.02427][0.541648,0.269464,-0.796245][0.262512,0.893237,0][-1.0399,0.0826402,1.04289][0.541648,0.269464,-0.796245][0.277171,0.900437,0][-0.942079,-0.118479,1.04137][0.541648,0.269464,-0.796246][0.27413,0.787898,0][-0.773623,-0.179298,1.13538][0.541649,0.26946,-0.796246][0.346464,0.721553,0][-0.618219,-0.35591,1.18132][0.541649,0.26946,-0.796246][0.380457,0.606555,0][-0.655016,-0.375691,1.1496][0.541649,0.26946,-0.796246][0.355673,0.606288,0][-0.655016,-0.375691,1.1496][0.541649,0.26946,-0.796246][0.355673,0.606288,0][-0.84269,-0.322823,1.03982][0.541649,0.26946,-0.796246][0.271041,0.673555,0][-0.773623,-0.179298,1.13538][0.541649,0.26946,-0.796246][0.346464,0.721553,0][-0.998677,-0.287641,0.945619][0.541649,0.269463,-0.796245][0.19832,0.725555,0][-1.18103,-0.246079,0.835635][0.541649,0.269463,-0.796245][0.113421,0.786539,0][-1.167,-0.20713,0.858359][0.541649,0.269463,-0.796245][0.131402,0.800661,0][-1.167,-0.20713,0.858359][0.541649,0.269463,-0.796245][0.131402,0.800661,0][-1.0185,-0.135639,0.983573][0.541649,0.269463,-0.796245][0.229156,0.79802,0][-0.998677,-0.287641,0.945619][0.541649,0.269463,-0.796245][0.19832,0.725555,0][-0.917483,-0.502044,0.928294][0.541653,0.269462,-0.796243][0.182901,0.610956,0][-0.955909,-0.518477,0.896592][0.541653,0.269462,-0.796243][0.158167,0.612562,0][-0.998677,-0.287641,0.945619][0.541653,0.269462,-0.796243][0.19832,0.725555,0][-0.998677,-0.287641,0.945619][0.541653,0.269462,-0.796243][0.19832,0.725555,0][-0.84269,-0.322823,1.03982][0.541653,0.269462,-0.796243][0.271041,0.673555,0][-0.917483,-0.502044,0.928294][0.541653,0.269462,-0.796243][0.182901,0.610956,0][-1.01134,0.0796462,1.0613][0.541652,0.269467,-0.796241][0.29142,0.892456,0][-0.881129,-0.0695058,1.0994][0.541652,0.269467,-0.796241][0.319585,0.795577,0][-0.942079,-0.118479,1.04137][0.541652,0.269467,-0.796241][0.27413,0.787898,0][-0.942079,-0.118479,1.04137][0.541652,0.269467,-0.796241][0.27413,0.787898,0][-1.0399,0.0826402,1.04289][0.541652,0.269467,-0.796241][0.277171,0.900437,0][-1.01134,0.0796462,1.0613][0.541652,0.269467,-0.796241][0.29142,0.892456,0][-0.732625,0.00198416,1.22462][0.541645,0.26947,-0.796245][0.417339,0.792936,0][-0.693221,-0.0112418,1.24695][0.541645,0.26947,-0.796245][0.434532,0.777863,0][-0.773623,-0.179298,1.13538][0.541645,0.26947,-0.796245][0.346464,0.721553,0][-0.773623,-0.179298,1.13538][0.541645,0.26947,-0.796245][0.346464,0.721553,0][-0.881129,-0.0695058,1.0994][0.541645,0.26947,-0.796245][0.319585,0.795577,0][-0.732625,0.00198416,1.22462][0.541645,0.26947,-0.796245][0.417339,0.792936,0][-0.942079,-0.118479,1.04137][0.541648,0.269465,-0.796245][0.27413,0.787898,0][-0.84269,-0.322823,1.03982][0.541648,0.269465,-0.796245][0.271041,0.673555,0][-0.998677,-0.287641,0.945619][0.541648,0.269465,-0.796245][0.19832,0.725555,0][-0.998677,-0.287641,0.945619][0.541648,0.269465,-0.796245][0.19832,0.725555,0][-1.0185,-0.135639,0.983573][0.541648,0.269465,-0.796245][0.229156,0.79802,0][-0.942079,-0.118479,1.04137][0.541648,0.269465,-0.796245][0.27413,0.787898,0][-0.773623,-0.179298,1.13538][0.541646,0.269467,-0.796246][0.346464,0.721553,0][-0.84269,-0.322823,1.03982][0.541646,0.269467,-0.796246][0.271041,0.673555,0][-0.942079,-0.118479,1.04137][0.541646,0.269467,-0.796246][0.27413,0.787898,0][-0.942079,-0.118479,1.04137][0.541646,0.269467,-0.796246][0.27413,0.787898,0][-0.881129,-0.0695058,1.0994][0.541646,0.269467,-0.796246][0.319585,0.795577,0][-0.773623,-0.179298,1.13538][0.541646,0.269467,-0.796246][0.346464,0.721553,0][-1.0399,0.0826402,1.04289][-0.890913,0.397473,0.219748][0.647557,0.753193,0][-1.05526,0.0585062,1.02427][-0.890913,0.397473,0.219748][0.67905,0.734995,0][-1.05238,0.0459012,1.05872][-0.890913,0.397473,0.219748][0.663433,0.720025,0][-1.05238,0.0459012,1.05872][-0.890913,0.397473,0.219748][0.663433,0.720025,0][-1.04464,0.0580682,1.0681][-0.890913,0.397473,0.219748][0.647557,0.729199,0][-1.0399,0.0826402,1.04289][-0.890913,0.397473,0.219748][0.647557,0.753193,0][-1.05238,0.0459012,1.05872][-0.981968,-0.188609,0.012886][0.663433,0.720025,0][-1.05526,0.0585062,1.02427][-0.981968,-0.188609,0.012886][0.67905,0.734995,0][-1.0185,-0.135639,0.983573][-0.981968,-0.188609,0.012886][0.746073,0.504709,0][-1.0185,-0.135639,0.983573][-0.981968,-0.188609,0.012886][0.746073,0.504709,0][-1.01461,-0.153614,1.01689][-0.981968,-0.188609,0.012886][0.73231,0.483369,0][-1.05238,0.0459012,1.05872][-0.981968,-0.188609,0.012886][0.663433,0.720025,0][-0.84269,-0.322823,1.03982][-0.351098,-0.923322,0.155582][0.647557,0.209218,0][-0.655016,-0.375691,1.1496][-0.351098,-0.923322,0.155582][0.459331,0.053531,0][-0.672165,-0.364292,1.17855][-0.351098,-0.923322,0.155582][0.453415,0.075132,0][-0.672165,-0.364292,1.17855][-0.351098,-0.923322,0.155582][0.453415,0.075132,0][-0.865738,-0.309763,1.06532][-0.351098,-0.923322,0.155582][0.647557,0.235712,0][-0.84269,-0.322823,1.03982][-0.351098,-0.923322,0.155582][0.647557,0.209218,0][-0.655016,-0.375691,1.1496][0.117762,-0.898226,0.423464][0.459331,0.053531,0][-0.618219,-0.35591,1.18132][0.117762,-0.898226,0.423464][0.405385,0.055777,0][-0.657135,-0.356212,1.1915][0.117762,-0.898226,0.423464][0.431381,0.076049,0][-0.657135,-0.356212,1.1915][0.117762,-0.898226,0.423464][0.431381,0.076049,0][-0.672165,-0.364292,1.17855][0.117762,-0.898226,0.423464][0.453415,0.075132,0][-0.655016,-0.375691,1.1496][0.117762,-0.898226,0.423464][0.459331,0.053531,0][-0.657135,-0.356212,1.1915][0.225827,0.426557,0.875815][0.431381,0.076049,0][-0.618219,-0.35591,1.18132][0.225827,0.426557,0.875815][0.405385,0.055777,0][-0.773623,-0.179298,1.13538][0.225827,0.426557,0.875815][0.486161,0.329096,0][-0.773623,-0.179298,1.13538][0.225827,0.426557,0.875815][0.486161,0.329096,0][-0.805991,-0.187042,1.14749][0.225827,0.426557,0.875815][0.508753,0.337851,0][-0.657135,-0.356212,1.1915][0.225827,0.426557,0.875815][0.431381,0.076049,0][-1.0185,-0.135639,0.983573][-0.65484,0.630572,0.41661][0.746073,0.504709,0][-1.167,-0.20713,0.858359][-0.65484,0.630572,0.41661][0.959069,0.504709,0][-1.16801,-0.227462,0.88755][-0.65484,0.630572,0.41661][0.952329,0.483369,0][-1.16801,-0.227462,0.88755][-0.65484,0.630572,0.41661][0.952329,0.483369,0][-1.01461,-0.153614,1.01689][-0.65484,0.630572,0.41661][0.73231,0.483369,0][-1.0185,-0.135639,0.983573][-0.65484,0.630572,0.41661][0.746073,0.504709,0][-1.167,-0.20713,0.858359][-0.954849,0.258227,0.146912][0.959069,0.504709,0][-1.18103,-0.246079,0.835635][-0.954848,0.258227,0.146912][0.997388,0.469709,0][-1.17279,-0.240733,0.879806][-0.954849,0.258227,0.146912][0.965386,0.471443,0][-1.17279,-0.240733,0.879806][-0.954849,0.258227,0.146912][0.965386,0.471443,0][-1.16801,-0.227462,0.88755][-0.954848,0.258227,0.146912][0.952329,0.483369,0][-1.167,-0.20713,0.858359][-0.954849,0.258227,0.146912][0.959069,0.504709,0][-1.17279,-0.240733,0.879806][-0.31632,-0.932946,0.171913][0.965386,0.471443,0][-1.18103,-0.246079,0.835635][-0.31632,-0.932946,0.171913][0.997388,0.469709,0][-0.998677,-0.287641,0.945619][-0.31632,-0.932946,0.171913][0.808953,0.329096,0][-0.998677,-0.287641,0.945619][-0.31632,-0.932946,0.171913][0.808953,0.329096,0][-0.999543,-0.28022,0.984298][-0.31632,-0.932946,0.171913][0.786362,0.337851,0][-1.17279,-0.240733,0.879806][-0.31632,-0.932946,0.171913][0.965386,0.471443,0][-0.998677,-0.287641,0.945619][-0.982659,-0.184931,0.013489][0.808953,0.329096,0][-0.955909,-0.518477,0.896592][-0.982659,-0.184931,0.013489][0.889729,0.055777,0][-0.958576,-0.501329,0.937338][-0.982659,-0.184931,0.013489][0.863734,0.076049,0][-0.958576,-0.501329,0.937338][-0.982659,-0.184931,0.013489][0.863734,0.076049,0][-0.999543,-0.28022,0.984298][-0.982659,-0.184931,0.013489][0.786362,0.337851,0][-0.998677,-0.287641,0.945619][-0.982659,-0.184931,0.013489][0.808953,0.329096,0][-0.958576,-0.501329,0.937338][0.0700499,-0.917785,0.39085][0.863734,0.076049,0][-0.955909,-0.518477,0.896592][0.0700499,-0.917785,0.39085][0.889729,0.055777,0][-0.917483,-0.502044,0.928294][0.0700499,-0.917785,0.39085][0.835783,0.053531,0][-0.917483,-0.502044,0.928294][0.0700499,-0.917785,0.39085][0.835783,0.053531,0][-0.942881,-0.494616,0.950286][0.0700499,-0.917785,0.39085][0.841699,0.075132,0][-0.958576,-0.501329,0.937338][0.0700499,-0.917785,0.39085][0.863734,0.076049,0][-0.942881,-0.494616,0.950286][0.416668,-0.59927,0.683567][0.841699,0.075132,0][-0.917483,-0.502044,0.928294][0.416668,-0.59927,0.683567][0.835783,0.053531,0][-0.84269,-0.322823,1.03982][0.416668,-0.59927,0.683567][0.647557,0.209218,0][-0.84269,-0.322823,1.03982][0.416668,-0.59927,0.683567][0.647557,0.209218,0][-0.865738,-0.309763,1.06532][0.416668,-0.59927,0.683567][0.647557,0.235712,0][-0.942881,-0.494616,0.950286][0.416668,-0.59927,0.683567][0.841699,0.075132,0][-0.881129,-0.0695058,1.0994][0.228574,0.423493,0.876589][0.549041,0.504709,0][-1.01134,0.0796462,1.0613][0.228574,0.423493,0.876589][0.616065,0.734995,0][-1.03025,0.0565592,1.07738][0.228574,0.423493,0.876589][0.631682,0.720025,0][-1.03025,0.0565592,1.07738][0.228574,0.423493,0.876589][0.631682,0.720025,0][-0.89643,-0.0967198,1.11654][0.228574,0.423493,0.876589][0.562804,0.483369,0][-0.881129,-0.0695058,1.0994][0.228574,0.423493,0.876589][0.549041,0.504709,0][-1.01134,0.0796462,1.0613][-0.329792,0.706346,0.626349][0.616065,0.734995,0][-1.0399,0.0826402,1.04289][-0.329792,0.706346,0.626349][0.647557,0.753193,0][-1.04464,0.0580682,1.0681][-0.329792,0.706346,0.626349][0.647557,0.729199,0][-1.04464,0.0580682,1.0681][-0.329792,0.706346,0.626349][0.647557,0.729199,0][-1.03025,0.0565592,1.07738][-0.329792,0.706346,0.626349][0.631682,0.720025,0][-1.01134,0.0796462,1.0613][-0.329792,0.706346,0.626349][0.616065,0.734995,0][-0.773623,-0.179298,1.13538][0.399751,-0.632002,0.663907][0.486161,0.329096,0][-0.693221,-0.0112418,1.24695][0.399751,-0.632002,0.663907][0.297726,0.469709,0][-0.729603,-0.0273768,1.25349][0.399751,-0.632002,0.663907][0.329728,0.471443,0][-0.729603,-0.0273768,1.25349][0.399751,-0.632002,0.663907][0.329728,0.471443,0][-0.805991,-0.187042,1.14749][0.399751,-0.632002,0.663907][0.508753,0.337851,0][-0.773623,-0.179298,1.13538][0.399751,-0.632002,0.663907][0.486161,0.329096,0][-0.729603,-0.0273768,1.25349][-0.174255,0.68127,0.71099][0.329728,0.471443,0][-0.693221,-0.0112418,1.24695][-0.174255,0.68127,0.71099][0.297726,0.469709,0][-0.732625,0.00198416,1.22462][-0.174255,0.68127,0.71099][0.336046,0.504709,0][-0.732625,0.00198416,1.22462][-0.174255,0.68127,0.71099][0.336046,0.504709,0][-0.743031,-0.0228718,1.24588][-0.174255,0.68127,0.71099][0.342786,0.483369,0][-0.729603,-0.0273768,1.25349][-0.174255,0.68127,0.71099][0.329728,0.471443,0][-0.743031,-0.0228718,1.24588][-0.654839,0.630566,0.41662][0.342786,0.483369,0][-0.732625,0.00198416,1.22462][-0.654839,0.630566,0.41662][0.336046,0.504709,0][-0.881129,-0.0695058,1.0994][-0.654839,0.630566,0.41662][0.549041,0.504709,0][-0.881129,-0.0695058,1.0994][-0.654839,0.630566,0.41662][0.549041,0.504709,0][-0.89643,-0.0967198,1.11654][-0.654839,0.630566,0.41662][0.562804,0.483369,0][-0.743031,-0.0228718,1.24588][-0.654839,0.630566,0.41662][0.342786,0.483369,0][-1.01461,-0.153614,1.01689][-0.906772,-0.243786,0.343996][0.73231,0.483369,0][-0.959038,-0.202522,1.12873][-0.906772,-0.243786,0.343996][0.647557,0.401697,0][-1.05238,0.0459012,1.05872][-0.906772,-0.243786,0.343996][0.663433,0.720025,0][-1.05238,0.0459012,1.05872][-0.718931,-0.0754239,0.690977][0.663433,0.720025,0][-0.959038,-0.202522,1.12873][-0.718931,-0.0754239,0.690977][0.647557,0.401697,0][-1.04464,0.0580682,1.0681][-0.718931,-0.0754239,0.690977][0.647557,0.729199,0][-0.805991,-0.187042,1.14749][-0.134239,0.137196,0.981406][0.508753,0.337851,0][-0.959038,-0.202522,1.12873][-0.134239,0.137196,0.981406][0.647557,0.401697,0][-0.657135,-0.356212,1.1915][-0.134239,0.137196,0.981406][0.431381,0.076049,0][-0.657135,-0.356212,1.1915][-0.407442,-0.484042,0.7744][0.431381,0.076049,0][-0.959038,-0.202522,1.12873][-0.407442,-0.484042,0.7744][0.647557,0.401697,0][-0.672165,-0.364292,1.17855][-0.407442,-0.484042,0.7744][0.453415,0.075132,0][-0.672165,-0.364292,1.17855][-0.490741,-0.718417,0.493001][0.453415,0.075132,0][-0.959038,-0.202522,1.12873][-0.490741,-0.718417,0.493001][0.647557,0.401697,0][-0.865738,-0.309763,1.06532][-0.490741,-0.718417,0.493001][0.647557,0.235712,0][-0.999543,-0.28022,0.984298][-0.474065,-0.713045,0.516555][0.786362,0.337851,0][-0.959038,-0.202522,1.12873][-0.474065,-0.713045,0.516555][0.647557,0.401697,0][-1.17279,-0.240733,0.879806][-0.474065,-0.713045,0.516555][0.965386,0.471443,0][-1.17279,-0.240733,0.879806][-0.744798,-0.115207,0.65727][0.965386,0.471443,0][-0.959038,-0.202522,1.12873][-0.744798,-0.115206,0.65727][0.647557,0.401697,0][-1.16801,-0.227462,0.88755][-0.744798,-0.115206,0.65727][0.952329,0.483369,0][-1.16801,-0.227462,0.88755][-0.690009,0.471544,0.549121][0.952329,0.483369,0][-0.959038,-0.202522,1.12873][-0.690009,0.471544,0.549121][0.647557,0.401697,0][-1.01461,-0.153614,1.01689][-0.690009,0.471544,0.549121][0.73231,0.483369,0][-0.865738,-0.309763,1.06532][-0.0205961,-0.522033,0.852676][0.647557,0.235712,0][-0.959038,-0.202522,1.12873][-0.0205961,-0.522033,0.852676][0.647557,0.401697,0][-0.942881,-0.494616,0.950286][-0.0205961,-0.522033,0.852676][0.841699,0.075132,0][-0.942881,-0.494616,0.950286][-0.420548,-0.4898,0.763698][0.841699,0.075132,0][-0.959038,-0.202522,1.12873][-0.420548,-0.4898,0.763698][0.647557,0.401697,0][-0.958576,-0.501329,0.937338][-0.420548,-0.4898,0.763698][0.863734,0.076049,0][-0.958576,-0.501329,0.937338][-0.89066,-0.246203,0.382241][0.863734,0.076049,0][-0.959038,-0.202522,1.12873][-0.89066,-0.246203,0.382241][0.647557,0.401697,0][-0.999543,-0.28022,0.984298][-0.89066,-0.246203,0.382241][0.786362,0.337851,0][-1.04464,0.0580682,1.0681][-0.540461,0.0181511,0.841173][0.647557,0.729199,0][-0.959038,-0.202522,1.12873][-0.540461,0.0181511,0.841173][0.647557,0.401697,0][-1.03025,0.0565592,1.07738][-0.540461,0.0181511,0.841173][0.631682,0.720025,0][-1.03025,0.0565592,1.07738][-0.093987,0.16861,0.981192][0.631682,0.720025,0][-0.959038,-0.202522,1.12873][-0.093987,0.16861,0.981192][0.647557,0.401697,0][-0.89643,-0.0967198,1.11654][-0.093987,0.16861,0.981192][0.562804,0.483369,0][-0.89643,-0.0967198,1.11654][-0.690008,0.471545,0.549122][0.562804,0.483369,0][-0.959038,-0.202522,1.12873][-0.690008,0.471545,0.549122][0.647557,0.401697,0][-0.743031,-0.0228718,1.24588][-0.690008,0.471545,0.549122][0.342786,0.483369,0][-0.743031,-0.0228718,1.24588][-0.488355,0.0182251,0.872455][0.342786,0.483369,0][-0.959038,-0.202522,1.12873][-0.488355,0.0182251,0.872455][0.647557,0.401697,0][-0.729603,-0.0273768,1.25349][-0.488356,0.0182251,0.872454][0.329728,0.471443,0][-0.729603,-0.0273768,1.25349][-0.0491491,-0.535995,0.842789][0.329728,0.471443,0][-0.959038,-0.202522,1.12873][-0.0491491,-0.535995,0.84279][0.647557,0.401697,0][-0.805991,-0.187042,1.14749][-0.0491491,-0.535995,0.842789][0.508753,0.337851,0][-0.606266,-0.135386,1.20599][0.704791,0.266341,-0.65752][0.268231,0.795608,0][-0.664797,-0.112584,1.15249][0.704791,0.266341,-0.65752][0.224834,0.8017,0][-0.640164,0.0359491,1.23906][0.704791,0.266341,-0.65752][0.255965,0.895298,0][-0.640164,0.0359491,1.23906][0.704791,0.266341,-0.65752][0.255965,0.895298,0][-0.623006,0.0454271,1.26129][0.704791,0.266341,-0.65752][0.270003,0.90334,0][-0.606266,-0.135386,1.20599][0.704791,0.266341,-0.65752][0.268231,0.795608,0][-0.502975,-0.252694,1.26919][0.704782,0.26634,-0.657529][0.338544,0.737992,0][-0.439113,-0.44282,1.26063][0.704782,0.26634,-0.657529][0.372449,0.630857,0][-0.470299,-0.439669,1.22848][0.704782,0.26634,-0.657529][0.348594,0.62863,0][-0.470299,-0.439669,1.22848][0.704782,0.26634,-0.657529][0.348594,0.62863,0][-0.589258,-0.319099,1.14981][0.704782,0.26634,-0.657529][0.266431,0.68615,0][-0.502975,-0.252694,1.26919][0.704782,0.26634,-0.657529][0.338544,0.737992,0][-0.690416,-0.224838,1.07956][0.704785,0.266341,-0.657527][0.195892,0.730034,0][-0.808561,-0.114349,0.997678][0.704785,0.266341,-0.657527][0.113537,0.781531,0][-0.788481,-0.0942018,1.02736][0.704785,0.266341,-0.657527][0.130702,0.796451,0][-0.788481,-0.0942018,1.02736][0.704785,0.266341,-0.657527][0.130702,0.796451,0][-0.664797,-0.112584,1.15249][0.704785,0.266341,-0.657527][0.224834,0.8017,0][-0.690416,-0.224838,1.07956][0.704785,0.266341,-0.657527][0.195892,0.730034,0][-0.6889,-0.407182,1.00732][0.704788,0.266342,-0.657523][0.182225,0.61935,0][-0.720365,-0.401021,0.976091][0.704788,0.266342,-0.657523][0.158398,0.618917,0][-0.690416,-0.224838,1.07956][0.704788,0.266342,-0.657523][0.195892,0.730034,0][-0.690416,-0.224838,1.07956][0.704788,0.266342,-0.657523][0.195892,0.730034,0][-0.589258,-0.319099,1.14981][0.704788,0.266342,-0.657523][0.266431,0.68615,0][-0.6889,-0.407182,1.00732][0.704788,0.266342,-0.657523][0.182225,0.61935,0][-0.60359,0.0305141,1.27606][0.704779,0.266339,-0.657533][0.2838,0.896851,0][-0.550383,-0.129587,1.26824][0.704779,0.266339,-0.657533][0.311909,0.806558,0][-0.606266,-0.135386,1.20599][0.704779,0.266339,-0.657533][0.268231,0.795608,0][-0.606266,-0.135386,1.20599][0.704779,0.266339,-0.657533][0.268231,0.795608,0][-0.623006,0.0454271,1.26129][0.704779,0.266339,-0.657533][0.270003,0.90334,0][-0.60359,0.0305141,1.27606][0.704779,0.266339,-0.657533][0.2838,0.896851,0][-0.426699,-0.14797,1.39337][0.704782,0.266346,-0.657528][0.406041,0.811808,0][-0.402276,-0.17473,1.40871][0.704782,0.266346,-0.657528][0.422744,0.798778,0][-0.502975,-0.252694,1.26919][0.704782,0.266346,-0.657528][0.338544,0.737992,0][-0.502975,-0.252694,1.26919][0.704782,0.266346,-0.657528][0.338544,0.737992,0][-0.550383,-0.129587,1.26824][0.704782,0.266346,-0.657528][0.311909,0.806558,0][-0.426699,-0.14797,1.39337][0.704782,0.266346,-0.657528][0.406041,0.811808,0][-0.606266,-0.135386,1.20599][0.704788,0.266342,-0.657522][0.268231,0.795608,0][-0.589258,-0.319099,1.14981][0.704788,0.266342,-0.657522][0.266431,0.68615,0][-0.690416,-0.224838,1.07956][0.704788,0.266342,-0.657522][0.195892,0.730034,0][-0.690416,-0.224838,1.07956][0.704788,0.266342,-0.657522][0.195892,0.730034,0][-0.664797,-0.112584,1.15249][0.704788,0.266342,-0.657522][0.224834,0.8017,0][-0.606266,-0.135386,1.20599][0.704788,0.266342,-0.657522][0.268231,0.795608,0][-0.502975,-0.252694,1.26919][0.704781,0.266348,-0.657528][0.338544,0.737992,0][-0.589258,-0.319099,1.14981][0.704781,0.266348,-0.657528][0.266431,0.68615,0][-0.606266,-0.135386,1.20599][0.704781,0.266348,-0.657528][0.268231,0.795608,0][-0.606266,-0.135386,1.20599][0.704781,0.266348,-0.657528][0.268231,0.795608,0][-0.550383,-0.129587,1.26824][0.704781,0.266348,-0.657528][0.311909,0.806558,0][-0.502975,-0.252694,1.26919][0.704781,0.266348,-0.657528][0.338544,0.737992,0][-0.623006,0.0454271,1.26129][-0.723064,0.626494,0.291003][0.269089,0.916384,0][-0.640164,0.0359491,1.23906][-0.723064,0.626494,0.291003][0.284054,0.908342,0][-0.645242,0.0188732,1.26321][-0.723064,0.626494,0.291003][0.276633,0.901726,0][-0.645242,0.0188732,1.26321][-0.723064,0.626494,0.291003][0.276633,0.901726,0][-0.636592,0.0236512,1.27441][-0.723064,0.626494,0.291003][0.269089,0.90578,0][-0.623006,0.0454271,1.26129][-0.723064,0.626494,0.291003][0.269089,0.916384,0][-0.645242,0.0188732,1.26321][-0.977745,0.199675,-0.064383][0.276633,0.901726,0][-0.640164,0.0359491,1.23906][-0.977745,0.199675,-0.064383][0.284054,0.908342,0][-0.664797,-0.112584,1.15249][-0.977745,0.199675,-0.064383][0.315904,0.806572,0][-0.664797,-0.112584,1.15249][-0.977745,0.199675,-0.064383][0.315904,0.806572,0][-0.670556,-0.133767,1.17424][-0.977745,0.199675,-0.064383][0.309364,0.797141,0][-0.645242,0.0188732,1.26321][-0.977745,0.199675,-0.064383][0.276633,0.901726,0][-0.589258,-0.319099,1.14981][-0.673381,-0.731997,-0.103627][0.269089,0.675986,0][-0.470299,-0.439669,1.22848][-0.673381,-0.731997,-0.103627][0.179644,0.607185,0][-0.483278,-0.431402,1.25442][-0.673381,-0.731997,-0.103627][0.176833,0.616731,0][-0.483278,-0.431402,1.25442][-0.673381,-0.731997,-0.103627][0.176833,0.616731,0][-0.605977,-0.307041,1.17328][-0.673381,-0.731997,-0.103627][0.269089,0.687695,0][-0.589258,-0.319099,1.14981][-0.673381,-0.731997,-0.103627][0.269089,0.675986,0][-0.470299,-0.439669,1.22848][-0.268793,-0.948474,0.167774][0.179644,0.607185,0][-0.439113,-0.44282,1.26063][-0.268793,-0.948474,0.167774][0.154009,0.608177,0][-0.47054,-0.432689,1.26755][-0.268793,-0.948474,0.167774][0.166362,0.617136,0][-0.47054,-0.432689,1.26755][-0.268793,-0.948474,0.167774][0.166362,0.617136,0][-0.483278,-0.431402,1.25442][-0.268793,-0.948474,0.167774][0.176833,0.616731,0][-0.470299,-0.439669,1.22848][-0.268793,-0.948474,0.167774][0.179644,0.607185,0][-0.47054,-0.432689,1.26755][0.224789,0.031652,0.973893][0.166362,0.617136,0][-0.439113,-0.44282,1.26063][0.224789,0.031652,0.973893][0.154009,0.608177,0][-0.502975,-0.252694,1.26919][0.224789,0.031652,0.973893][0.192394,0.728964,0][-0.502975,-0.252694,1.26919][0.224789,0.031652,0.973893][0.192394,0.728964,0][-0.531711,-0.250575,1.27575][0.224789,0.031652,0.973893][0.203129,0.732833,0][-0.47054,-0.432689,1.26755][0.224789,0.031652,0.973893][0.166362,0.617136,0][-0.664797,-0.112584,1.15249][-0.458197,0.694354,0.554913][0.315904,0.806572,0][-0.788481,-0.0942018,1.02736][-0.458197,0.694354,0.554913][0.41712,0.806572,0][-0.798318,-0.114781,1.04499][-0.458197,0.694354,0.554913][0.413917,0.797141,0][-0.798318,-0.114781,1.04499][-0.458197,0.694354,0.554913][0.413917,0.797141,0][-0.670556,-0.133767,1.17424][-0.458197,0.694354,0.554913][0.309364,0.797141,0][-0.664797,-0.112584,1.15249][-0.458197,0.694354,0.554913][0.315904,0.806572,0][-0.788481,-0.0942018,1.02736][-0.817389,0.546593,0.181965][0.41712,0.806572,0][-0.808561,-0.114349,0.997678][-0.817389,0.546593,0.181965][0.435329,0.791105,0][-0.805161,-0.121646,1.03488][-0.817389,0.546593,0.181965][0.420122,0.791871,0][-0.805161,-0.121646,1.03488][-0.817389,0.546593,0.181965][0.420122,0.791871,0][-0.798318,-0.114781,1.04499][-0.817389,0.546593,0.181965][0.413917,0.797141,0][-0.788481,-0.0942018,1.02736][-0.817389,0.546593,0.181965][0.41712,0.806572,0][-0.805161,-0.121646,1.03488][-0.646495,-0.757647,-0.08953][0.420122,0.791871,0][-0.808561,-0.114349,0.997678][-0.646495,-0.757647,-0.08953][0.435329,0.791105,0][-0.690416,-0.224838,1.07956][-0.646495,-0.757647,-0.08953][0.345784,0.728964,0][-0.690416,-0.224838,1.07956][-0.646495,-0.757647,-0.08953][0.345784,0.728964,0][-0.692915,-0.226617,1.11267][-0.646495,-0.757647,-0.08953][0.335049,0.732833,0][-0.805161,-0.121646,1.03488][-0.646495,-0.757647,-0.08953][0.420122,0.791871,0][-0.690416,-0.224838,1.07956][-0.977157,0.203013,-0.06285][0.345784,0.728964,0][-0.720365,-0.401021,0.976091][-0.977157,0.203013,-0.06285][0.384169,0.608177,0][-0.721602,-0.395377,1.01356][-0.977157,0.203013,-0.06285][0.371816,0.617136,0][-0.721602,-0.395377,1.01356][-0.977157,0.203013,-0.06285][0.371816,0.617136,0][-0.692915,-0.226617,1.11267][-0.977157,0.203013,-0.06285][0.335049,0.732833,0][-0.690416,-0.224838,1.07956][-0.977157,0.203013,-0.06285][0.345784,0.728964,0][-0.721602,-0.395377,1.01356][-0.314379,-0.940181,0.131247][0.371816,0.617136,0][-0.720365,-0.401021,0.976091][-0.314379,-0.940181,0.131247][0.384169,0.608177,0][-0.6889,-0.407182,1.00732][-0.314379,-0.940181,0.131247][0.358534,0.607185,0][-0.6889,-0.407182,1.00732][-0.314379,-0.940181,0.131247][0.358534,0.607185,0][-0.70875,-0.397893,1.02632][-0.314379,-0.940181,0.131247][0.361345,0.616731,0][-0.721602,-0.395377,1.01356][-0.314379,-0.940181,0.131247][0.371816,0.617136,0][-0.70875,-0.397893,1.02632][0.0642679,-0.868308,0.491844][0.361345,0.616731,0][-0.6889,-0.407182,1.00732][0.0642679,-0.868308,0.491844][0.358534,0.607185,0][-0.589258,-0.319099,1.14981][0.0642679,-0.868308,0.491844][0.269089,0.675986,0][-0.589258,-0.319099,1.14981][0.0642679,-0.868308,0.491844][0.269089,0.675986,0][-0.605977,-0.307041,1.17328][0.0642679,-0.868308,0.491844][0.269089,0.687695,0][-0.70875,-0.397893,1.02632][0.0642679,-0.868308,0.491844][0.361345,0.616731,0][-0.550383,-0.129587,1.26824][0.226101,0.027575,0.973714][0.222274,0.806572,0][-0.60359,0.0305141,1.27606][0.226101,0.027575,0.973714][0.254124,0.908342,0][-0.626804,0.0161332,1.28186][0.226101,0.027575,0.973714][0.261545,0.901726,0][-0.626804,0.0161332,1.28186][0.226101,0.027575,0.973714][0.261545,0.901726,0][-0.572126,-0.148398,1.27382][0.226101,0.027575,0.973714][0.228814,0.797141,0][-0.550383,-0.129587,1.26824][0.226101,0.027575,0.973714][0.222274,0.806572,0][-0.60359,0.0305141,1.27606][-0.160671,0.581054,0.797848][0.254124,0.908342,0][-0.623006,0.0454271,1.26129][-0.160671,0.581054,0.797848][0.269089,0.916384,0][-0.636592,0.0236512,1.27441][-0.160671,0.581054,0.797848][0.269089,0.90578,0][-0.636592,0.0236512,1.27441][-0.160671,0.581054,0.797848][0.269089,0.90578,0][-0.626804,0.0161332,1.28186][-0.160671,0.581054,0.797848][0.261545,0.901726,0][-0.60359,0.0305141,1.27606][-0.160671,0.581054,0.797848][0.254124,0.908342,0][-0.502975,-0.252694,1.26919][0.0408929,-0.884493,0.464758][0.192394,0.728964,0][-0.402276,-0.17473,1.40871][0.0408929,-0.884493,0.464758][0.102849,0.791105,0][-0.436042,-0.176503,1.4083][0.0408929,-0.884493,0.464758][0.118056,0.791871,0][-0.436042,-0.176503,1.4083][0.0408929,-0.884493,0.464758][0.118056,0.791871,0][-0.531711,-0.250575,1.27575][0.0408929,-0.884493,0.464758][0.203129,0.732833,0][-0.502975,-0.252694,1.26919][0.0408929,-0.884493,0.464758][0.192394,0.728964,0][-0.436042,-0.176503,1.4083][-0.0353529,0.472494,0.880624][0.118056,0.791871,0][-0.402276,-0.17473,1.40871][-0.0353529,0.472494,0.880624][0.102849,0.791105,0][-0.426699,-0.14797,1.39337][-0.0353529,0.472494,0.880624][0.121059,0.806572,0][-0.426699,-0.14797,1.39337][-0.0353529,0.472494,0.880624][0.121059,0.806572,0][-0.444364,-0.167385,1.40308][-0.0353529,0.472494,0.880624][0.124261,0.797141,0][-0.436042,-0.176503,1.4083][-0.0353529,0.472494,0.880624][0.118056,0.791871,0][-0.444364,-0.167385,1.40308][-0.45821,0.694335,0.554926][0.124261,0.797141,0][-0.426699,-0.14797,1.39337][-0.45821,0.694335,0.554926][0.121059,0.806572,0][-0.550383,-0.129587,1.26824][-0.45821,0.694335,0.554926][0.222274,0.806572,0][-0.550383,-0.129587,1.26824][-0.45821,0.694335,0.554926][0.222274,0.806572,0][-0.572126,-0.148398,1.27382][-0.45821,0.694335,0.554926][0.228814,0.797141,0][-0.444364,-0.167385,1.40308][-0.45821,0.694335,0.554926][0.124261,0.797141,0][-0.670556,-0.133767,1.17424][-0.971211,0.0228641,0.237122][0.309364,0.797141,0][-0.653423,-0.209851,1.25175][-0.971211,0.0228641,0.237122][0.269089,0.761048,0][-0.645242,0.0188732,1.26321][-0.971211,0.0228641,0.237122][0.276633,0.901726,0][-0.645242,0.0188732,1.26321][-0.791131,-0.00233088,0.611643][0.276633,0.901726,0][-0.653423,-0.209851,1.25175][-0.791131,-0.00233088,0.611643][0.269089,0.761048,0][-0.636592,0.0236512,1.27441][-0.791131,-0.00233088,0.611643][0.269089,0.90578,0][-0.531711,-0.250575,1.27575][-0.230846,-0.121009,0.965436][0.203129,0.732833,0][-0.653423,-0.209851,1.25175][-0.230846,-0.121009,0.965436][0.269089,0.761048,0][-0.47054,-0.432689,1.26755][-0.230846,-0.121009,0.965436][0.166362,0.617136,0][-0.47054,-0.432689,1.26755][-0.648803,-0.491272,0.581126][0.166362,0.617136,0][-0.653423,-0.209851,1.25175][-0.648803,-0.491272,0.581126][0.269089,0.761048,0][-0.483278,-0.431402,1.25442][-0.648803,-0.491271,0.581126][0.176833,0.616731,0][-0.483278,-0.431402,1.25442][-0.766951,-0.585848,0.261856][0.176833,0.616731,0][-0.653423,-0.209851,1.25175][-0.766951,-0.585848,0.261856][0.269089,0.761048,0][-0.605977,-0.307041,1.17328][-0.766951,-0.585847,0.261856][0.269089,0.687695,0][-0.692915,-0.226617,1.11267][-0.752653,-0.593422,0.285242][0.335049,0.732833,0][-0.653423,-0.209851,1.25175][-0.752654,-0.593422,0.285242][0.269089,0.761048,0][-0.805161,-0.121646,1.03488][-0.752654,-0.593422,0.285242][0.420122,0.791871,0][-0.805161,-0.121646,1.03488][-0.822579,-0.0175309,0.56838][0.420122,0.791871,0][-0.653423,-0.209851,1.25175][-0.822579,-0.0175309,0.56838][0.269089,0.761048,0][-0.798318,-0.114781,1.04499][-0.822579,-0.0175309,0.56838][0.413917,0.797141,0][-0.798318,-0.114781,1.04499][-0.567264,0.521552,0.637335][0.413917,0.797141,0][-0.653423,-0.209851,1.25175][-0.567264,0.521552,0.637335][0.269089,0.761048,0][-0.670556,-0.133767,1.17424][-0.567264,0.521552,0.637335][0.309364,0.797141,0][-0.605977,-0.307041,1.17328][-0.325911,-0.68512,0.651454][0.269089,0.687695,0][-0.653423,-0.209851,1.25175][-0.325911,-0.68512,0.651454][0.269089,0.761048,0][-0.70875,-0.397893,1.02632][-0.325911,-0.68512,0.651454][0.361345,0.616731,0][-0.70875,-0.397893,1.02632][-0.661039,-0.488417,0.569628][0.361345,0.616731,0][-0.653423,-0.209851,1.25175][-0.661039,-0.488417,0.569628][0.269089,0.761048,0][-0.721602,-0.395377,1.01356][-0.661039,-0.488417,0.569628][0.371816,0.617136,0][-0.721602,-0.395377,1.01356][-0.962074,0.00334815,0.272768][0.371816,0.617136,0][-0.653423,-0.209851,1.25175][-0.962074,0.00334815,0.272768][0.269089,0.761048,0][-0.692915,-0.226617,1.11267][-0.962074,0.00334815,0.272768][0.335049,0.732833,0][-0.636592,0.0236512,1.27441][-0.6203,-0.0313439,0.783738][0.269089,0.90578,0][-0.653423,-0.209851,1.25175][-0.6203,-0.0313439,0.783738][0.269089,0.761048,0][-0.626804,0.0161332,1.28186][-0.6203,-0.0313439,0.783738][0.261545,0.901726,0][-0.626804,0.0161332,1.28186][-0.183138,-0.108594,0.977071][0.261545,0.901726,0][-0.653423,-0.209851,1.25175][-0.183138,-0.108594,0.977071][0.269089,0.761048,0][-0.572126,-0.148398,1.27382][-0.183138,-0.108594,0.977071][0.228814,0.797141,0][-0.572126,-0.148398,1.27382][-0.56726,0.52156,0.637331][0.228814,0.797141,0][-0.653423,-0.209851,1.25175][-0.56726,0.52156,0.637331][0.269089,0.761048,0][-0.444364,-0.167385,1.40308][-0.56726,0.52156,0.637331][0.124261,0.797141,0][-0.444364,-0.167385,1.40308][-0.577241,-0.0601029,0.814359][0.124261,0.797141,0][-0.653423,-0.209851,1.25175][-0.577241,-0.0601029,0.814359][0.269089,0.761048,0][-0.436042,-0.176503,1.4083][-0.577241,-0.0601029,0.814359][0.118056,0.791871,0][-0.436042,-0.176503,1.4083][-0.354522,-0.683647,0.637919][0.118056,0.791871,0][-0.653423,-0.209851,1.25175][-0.354522,-0.683647,0.637919][0.269089,0.761048,0][-0.531711,-0.250575,1.27575][-0.354522,-0.683647,0.637919][0.203129,0.732833,0][-0.836264,-0.00821091,-0.927349][0.317589,0.122347,0.940302][0.269059,0.789102,0][-0.715359,0.0688281,-0.978208][0.317589,0.122347,0.940302][0.229039,0.797771,0][-0.914841,0.320712,-0.943607][0.317589,0.122347,0.940302][0.256266,0.891318,0][-0.914841,0.320712,-0.943607][0.317589,0.122347,0.940302][0.256266,0.891318,0][-0.96547,0.327185,-0.927349][0.317589,0.122347,0.940302][0.269059,0.898711,0][-0.836264,-0.00821091,-0.927349][0.317589,0.122347,0.940302][0.269059,0.789102,0][-0.977206,-0.282729,-0.844027][0.317587,0.122346,0.940303][0.334622,0.72643,0][-0.953838,-0.663886,-0.802326][0.317587,0.122346,0.940303][0.367436,0.615401,0][-0.880961,-0.639017,-0.830176][0.317587,0.122346,0.940303][0.345523,0.614489,0][-0.880961,-0.639017,-0.830176][0.317587,0.122346,0.940303][0.345523,0.614489,0][-0.704986,-0.348985,-0.927349][0.317587,0.122346,0.940303][0.269059,0.677733,0][-0.977206,-0.282729,-0.844027][0.317587,0.122346,0.940303][0.334622,0.72643,0][-0.547574,-0.11722,-1.01067][0.317587,0.122346,0.940303][0.203495,0.72643,0][-0.364102,0.154184,-1.10795][0.317587,0.122346,0.940303][0.126948,0.783552,0][-0.431865,0.178041,-1.08817][0.317587,0.122346,0.940303][0.142515,0.797771,0][-0.431865,0.178041,-1.08817][0.317587,0.122346,0.940303][0.142515,0.797771,0][-0.715359,0.0688281,-0.978208][0.317587,0.122346,0.940303][0.229039,0.797771,0][-0.547574,-0.11722,-1.01067][0.317587,0.122346,0.940303][0.203495,0.72643,0][-0.379908,-0.445993,-1.02452][0.317588,0.122346,0.940303][0.192597,0.614489,0][-0.309182,-0.415541,-1.05237][0.317588,0.122346,0.940303][0.170682,0.615401,0][-0.547574,-0.11722,-1.01067][0.317588,0.122346,0.940303][0.203495,0.72643,0][-0.547574,-0.11722,-1.01067][0.317588,0.122346,0.940303][0.203495,0.72643,0][-0.704986,-0.348985,-0.927349][0.317588,0.122346,0.940303][0.269059,0.677733,0][-0.379908,-0.445993,-1.02452][0.317588,0.122346,0.940303][0.192597,0.614489,0][-0.998672,0.288417,-0.911091][0.317586,0.122346,0.940303][0.281853,0.891318,0][-0.977607,-0.0321979,-0.876489][0.317586,0.122346,0.940304][0.30908,0.797771,0][-0.836264,-0.00821091,-0.927349][0.317586,0.122346,0.940303][0.269059,0.789102,0][-0.836264,-0.00821091,-0.927349][0.317586,0.122346,0.940303][0.269059,0.789102,0][-0.96547,0.327185,-0.927349][0.317586,0.122346,0.940304][0.269059,0.898711,0][-0.998672,0.288417,-0.911091][0.317586,0.122346,0.940303][0.281853,0.891318,0][-1.2611,-0.141411,-0.766529][0.317588,0.122346,0.940303][0.395605,0.797771,0][-1.29534,-0.204563,-0.746746][0.317588,0.122346,0.940303][0.41117,0.783552,0][-0.977206,-0.282729,-0.844027][0.317588,0.122346,0.940303][0.334622,0.72643,0][-0.977206,-0.282729,-0.844027][0.317588,0.122346,0.940303][0.334622,0.72643,0][-0.977607,-0.0321979,-0.876489][0.317588,0.122346,0.940303][0.30908,0.797771,0][-1.2611,-0.141411,-0.766529][0.317588,0.122346,0.940303][0.395605,0.797771,0][-0.836264,-0.00821091,-0.927349][0.317587,0.122346,0.940303][0.269059,0.789102,0][-0.704986,-0.348985,-0.927349][0.317588,0.122346,0.940303][0.269059,0.677733,0][-0.547574,-0.11722,-1.01067][0.317587,0.122346,0.940303][0.203495,0.72643,0][-0.547574,-0.11722,-1.01067][0.317587,0.122346,0.940303][0.203495,0.72643,0][-0.715359,0.0688281,-0.978208][0.317588,0.122346,0.940303][0.229039,0.797771,0][-0.836264,-0.00821091,-0.927349][0.317587,0.122346,0.940303][0.269059,0.789102,0][-0.977206,-0.282729,-0.844027][0.317587,0.122346,0.940303][0.334622,0.72643,0][-0.704986,-0.348985,-0.927349][0.317587,0.122346,0.940303][0.269059,0.677733,0][-0.836264,-0.00821091,-0.927349][0.317587,0.122346,0.940303][0.269059,0.789102,0][-0.836264,-0.00821091,-0.927349][0.317587,0.122346,0.940303][0.269059,0.789102,0][-0.977607,-0.0321979,-0.876489][0.317587,0.122346,0.940303][0.30908,0.797771,0][-0.977206,-0.282729,-0.844027][0.317587,0.122346,0.940303][0.334622,0.72643,0][-0.940761,0.289356,-0.982272][-0.317586,-0.122346,-0.940303][0.278904,0.902435,0][-0.735762,0.0305061,-1.01783][-0.317586,-0.122346,-0.940303][0.312749,0.795538,0][-0.848567,-0.0129509,-0.974076][-0.317586,-0.122346,-0.940304][0.271103,0.795538,0][-0.848567,-0.0129509,-0.974076][-0.317586,-0.122346,-0.940304][0.271103,0.795538,0][-0.966284,0.292619,-0.974076][-0.317586,-0.122346,-0.940304][0.271103,0.906578,0][-0.940761,0.289356,-0.982272][-0.317586,-0.122346,-0.940303][0.278904,0.902435,0][-0.963632,-0.265002,-0.902417][-0.317589,-0.122346,-0.940302][0.202898,0.729808,0][-0.729975,-0.320792,-0.974076][-0.317589,-0.122346,-0.940303][0.271103,0.683672,0][-0.911482,-0.619939,-0.873849][-0.317589,-0.122346,-0.940303][0.175706,0.611139,0][-0.911482,-0.619939,-0.873849][-0.317589,-0.122346,-0.940303][0.175706,0.611139,0][-0.941248,-0.630098,-0.862473][-0.317589,-0.122346,-0.940302][0.164879,0.611553,0][-0.963632,-0.265002,-0.902417][-0.317589,-0.122346,-0.940302][0.202898,0.729808,0][-0.594138,-0.122659,-1.04574][-0.317588,-0.122346,-0.940303][0.339308,0.729808,0][-0.735762,0.0305061,-1.01783][-0.317588,-0.122346,-0.940303][0.312749,0.795538,0][-0.44292,0.143319,-1.13142][-0.317588,-0.122346,-0.940303][0.42086,0.795538,0][-0.44292,0.143319,-1.13142][-0.317588,-0.122346,-0.940303][0.42086,0.795538,0][-0.41983,0.13519,-1.13816][-0.317588,-0.122346,-0.940303][0.427277,0.790151,0][-0.594138,-0.122659,-1.04574][-0.317588,-0.122346,-0.940303][0.339308,0.729808,0][-0.594138,-0.122659,-1.04574][-0.317587,-0.122346,-0.940303][0.339308,0.729808,0][-0.365792,-0.408411,-1.08568][-0.317587,-0.122346,-0.940303][0.377327,0.611553,0][-0.394681,-0.420849,-1.0743][-0.317587,-0.122346,-0.940303][0.3665,0.611139,0][-0.394681,-0.420849,-1.0743][-0.317587,-0.122346,-0.940303][0.3665,0.611139,0][-0.729975,-0.320792,-0.974076][-0.317587,-0.122346,-0.940303][0.271103,0.683672,0][-0.594138,-0.122659,-1.04574][-0.317587,-0.122346,-0.940303][0.339308,0.729808,0][-0.848567,-0.0129509,-0.974076][-0.317588,-0.122345,-0.940303][0.271103,0.795538,0][-0.961372,-0.0564079,-0.930322][-0.317588,-0.122345,-0.940303][0.229457,0.795538,0][-0.983021,0.273076,-0.96588][-0.317588,-0.122345,-0.940303][0.263302,0.902435,0][-0.983021,0.273076,-0.96588][-0.317588,-0.122345,-0.940303][0.263302,0.902435,0][-0.966284,0.292619,-0.974076][-0.317588,-0.122345,-0.940303][0.271103,0.906578,0][-0.848567,-0.0129509,-0.974076][-0.317588,-0.122345,-0.940303][0.271103,0.795538,0][-0.963632,-0.265002,-0.902417][-0.317588,-0.122348,-0.940303][0.202898,0.729808,0][-1.26588,-0.190741,-0.809995][-0.317588,-0.122348,-0.940303][0.11493,0.790151,0][-1.25421,-0.169221,-0.816736][-0.317588,-0.122348,-0.940303][0.121346,0.795538,0][-1.25421,-0.169221,-0.816736][-0.317588,-0.122348,-0.940303][0.121346,0.795538,0][-0.961372,-0.0564079,-0.930322][-0.317588,-0.122348,-0.940303][0.229457,0.795538,0][-0.963632,-0.265002,-0.902417][-0.317588,-0.122348,-0.940303][0.202898,0.729808,0][-0.848567,-0.0129509,-0.974076][-0.317587,-0.122346,-0.940303][0.271103,0.795538,0][-0.735762,0.0305061,-1.01783][-0.317587,-0.122346,-0.940303][0.312749,0.795538,0][-0.594138,-0.122659,-1.04574][-0.317587,-0.122346,-0.940303][0.339308,0.729808,0][-0.594138,-0.122659,-1.04574][-0.317587,-0.122346,-0.940303][0.339308,0.729808,0][-0.729975,-0.320792,-0.974076][-0.317587,-0.122346,-0.940303][0.271103,0.683672,0][-0.848567,-0.0129509,-0.974076][-0.317587,-0.122346,-0.940303][0.271103,0.795538,0][-0.848567,-0.0129509,-0.974076][-0.317587,-0.122347,-0.940303][0.271103,0.795538,0][-0.729975,-0.320792,-0.974076][-0.317587,-0.122347,-0.940303][0.271103,0.683672,0][-0.963632,-0.265002,-0.902417][-0.317587,-0.122347,-0.940303][0.202898,0.729808,0][-0.963632,-0.265002,-0.902417][-0.317587,-0.122347,-0.940303][0.202898,0.729808,0][-0.961372,-0.0564079,-0.930322][-0.317587,-0.122347,-0.940303][0.229457,0.795538,0][-0.848567,-0.0129509,-0.974076][-0.317587,-0.122347,-0.940303][0.271103,0.795538,0][-0.966284,0.292619,-0.974076][-0.0874409,0.801593,-0.591441][0.271103,0.906578,0][-0.96547,0.327185,-0.927349][-0.0874409,0.801593,-0.591441][0.271103,0.917417,0][-0.914841,0.320712,-0.943607][-0.0874409,0.801593,-0.591441][0.286578,0.909196,0][-0.914841,0.320712,-0.943607][-0.0874409,0.801593,-0.591441][0.286578,0.909196,0][-0.940761,0.289356,-0.982272][-0.0874409,0.801593,-0.591441][0.278904,0.902435,0][-0.966284,0.292619,-0.974076][-0.0874409,0.801593,-0.591441][0.271103,0.906578,0][-0.940761,0.289356,-0.982272][0.489595,0.487087,-0.723217][0.278904,0.902435,0][-0.914841,0.320712,-0.943607][0.489595,0.487087,-0.723217][0.286578,0.909196,0][-0.715359,0.0688281,-0.978208][0.489595,0.487087,-0.723217][0.319512,0.805176,0][-0.715359,0.0688281,-0.978208][0.489595,0.487087,-0.723217][0.319512,0.805176,0][-0.735762,0.0305061,-1.01783][0.489595,0.487087,-0.723217][0.312749,0.795538,0][-0.940761,0.289356,-0.982272][0.489595,0.487087,-0.723217][0.278904,0.902435,0][-0.704986,-0.348985,-0.927349][0.555098,-0.546807,-0.626792][0.271103,0.671704,0][-0.880961,-0.639017,-0.830176][0.555098,-0.546807,-0.626792][0.178614,0.601381,0][-0.911482,-0.619939,-0.873849][0.555098,-0.546807,-0.626792][0.175706,0.611139,0][-0.911482,-0.619939,-0.873849][0.555098,-0.546807,-0.626792][0.175706,0.611139,0][-0.729975,-0.320792,-0.974076][0.555098,-0.546807,-0.626792][0.271103,0.683672,0][-0.704986,-0.348985,-0.927349][0.555098,-0.546807,-0.626792][0.271103,0.671704,0][-0.880961,-0.639017,-0.830176][0.120525,-0.876055,-0.466907][0.178614,0.601381,0][-0.953838,-0.663886,-0.802326][0.120525,-0.876055,-0.466907][0.152106,0.602396,0][-0.941248,-0.630098,-0.862473][0.120525,-0.876055,-0.466907][0.164879,0.611553,0][-0.941248,-0.630098,-0.862473][0.120525,-0.876055,-0.466907][0.164879,0.611553,0][-0.911482,-0.619939,-0.873849][0.120525,-0.876055,-0.466907][0.175706,0.611139,0][-0.880961,-0.639017,-0.830176][0.120525,-0.876055,-0.466907][0.178614,0.601381,0][-0.941248,-0.630098,-0.862473][-0.964261,-0.0865168,-0.250432][0.164879,0.611553,0][-0.953838,-0.663886,-0.802326][-0.964261,-0.0865168,-0.250432][0.152106,0.602396,0][-0.977206,-0.282729,-0.844027][-0.964261,-0.0865168,-0.250432][0.191797,0.725853,0][-0.977206,-0.282729,-0.844027][-0.964261,-0.0865168,-0.250432][0.191797,0.725853,0][-0.963632,-0.265002,-0.902417][-0.964261,-0.0865168,-0.250432][0.202898,0.729808,0][-0.941248,-0.630098,-0.862473][-0.964261,-0.0865168,-0.250432][0.164879,0.611553,0][-0.715359,0.0688281,-0.978208][-0.470792,0.742807,-0.476018][0.319512,0.805176,0][-0.431865,0.178041,-1.08817][-0.470792,0.742807,-0.476018][0.424172,0.805176,0][-0.44292,0.143319,-1.13142][-0.470792,0.742807,-0.476018][0.42086,0.795538,0][-0.44292,0.143319,-1.13142][-0.470792,0.742807,-0.476018][0.42086,0.795538,0][-0.735762,0.0305061,-1.01783][-0.470792,0.742807,-0.476018][0.312749,0.795538,0][-0.715359,0.0688281,-0.978208][-0.470792,0.742807,-0.476018][0.319512,0.805176,0][-0.431865,0.178041,-1.08817][0.0839271,0.766449,-0.636799][0.424172,0.805176,0][-0.364102,0.154184,-1.10795][0.0839271,0.766448,-0.636799][0.443001,0.789368,0][-0.41983,0.13519,-1.13816][0.0839271,0.766448,-0.636799][0.427277,0.790151,0][-0.41983,0.13519,-1.13816][0.0839271,0.766448,-0.636799][0.427277,0.790151,0][-0.44292,0.143319,-1.13142][0.0839271,0.766448,-0.636799][0.42086,0.795538,0][-0.431865,0.178041,-1.08817][0.0839271,0.766449,-0.636799][0.424172,0.805176,0][-0.41983,0.13519,-1.13816][0.53198,-0.580561,-0.616398][0.427277,0.790151,0][-0.364102,0.154184,-1.10795][0.53198,-0.580561,-0.616398][0.443001,0.789368,0][-0.547574,-0.11722,-1.01067][0.53198,-0.580561,-0.616398][0.350409,0.725853,0][-0.547574,-0.11722,-1.01067][0.53198,-0.580561,-0.616398][0.350409,0.725853,0][-0.594138,-0.122659,-1.04574][0.53198,-0.580561,-0.616398][0.339308,0.729808,0][-0.41983,0.13519,-1.13816][0.53198,-0.580561,-0.616398][0.427277,0.790151,0][-0.547574,-0.11722,-1.01067][0.487029,0.49023,-0.722826][0.350409,0.725853,0][-0.309182,-0.415541,-1.05237][0.487029,0.49023,-0.722826][0.3901,0.602396,0][-0.365792,-0.408411,-1.08568][0.487029,0.49023,-0.722826][0.377327,0.611553,0][-0.365792,-0.408411,-1.08568][0.487029,0.49023,-0.722826][0.377327,0.611553,0][-0.594138,-0.122659,-1.04574][0.487029,0.49023,-0.722826][0.339308,0.729808,0][-0.547574,-0.11722,-1.01067][0.487029,0.49023,-0.722826][0.350409,0.725853,0][-0.365792,-0.408411,-1.08568][0.177607,-0.8562,-0.485156][0.377327,0.611553,0][-0.309182,-0.415541,-1.05237][0.177607,-0.8562,-0.485156][0.3901,0.602396,0][-0.379908,-0.445993,-1.02452][0.177607,-0.8562,-0.485156][0.363592,0.601381,0][-0.379908,-0.445993,-1.02452][0.177607,-0.8562,-0.485156][0.363592,0.601381,0][-0.394681,-0.420849,-1.0743][0.177607,-0.8562,-0.485156][0.3665,0.611139,0][-0.365792,-0.408411,-1.08568][0.177607,-0.8562,-0.485156][0.377327,0.611553,0][-0.394681,-0.420849,-1.0743][-0.359721,-0.871455,-0.333418][0.3665,0.611139,0][-0.379908,-0.445993,-1.02452][-0.359721,-0.871455,-0.333418][0.363592,0.601381,0][-0.704986,-0.348985,-0.927349][-0.359721,-0.871455,-0.333418][0.271103,0.671704,0][-0.704986,-0.348985,-0.927349][-0.359721,-0.871455,-0.333418][0.271103,0.671704,0][-0.729975,-0.320792,-0.974076][-0.359721,-0.871455,-0.333418][0.271103,0.683672,0][-0.394681,-0.420849,-1.0743][-0.359721,-0.871455,-0.333418][0.3665,0.611139,0][-0.977607,-0.0321979,-0.876489][-0.963999,-0.0903288,-0.250094][0.222695,0.805176,0][-0.998672,0.288417,-0.911091][-0.963999,-0.0903288,-0.250094][0.255628,0.909196,0][-0.983021,0.273076,-0.96588][-0.963999,-0.0903288,-0.250094][0.263302,0.902435,0][-0.983021,0.273076,-0.96588][-0.963999,-0.0903288,-0.250094][0.263302,0.902435,0][-0.961372,-0.0564079,-0.930322][-0.963999,-0.0903288,-0.250094][0.229457,0.795538,0][-0.977607,-0.0321979,-0.876489][-0.963999,-0.0903288,-0.250094][0.222695,0.805176,0][-0.983021,0.273076,-0.96588][-0.777159,0.512318,-0.365451][0.263302,0.902435,0][-0.998672,0.288417,-0.911091][-0.777159,0.512318,-0.365451][0.255628,0.909196,0][-0.96547,0.327185,-0.927349][-0.777159,0.512318,-0.365451][0.271103,0.917417,0][-0.96547,0.327185,-0.927349][-0.777159,0.512318,-0.365451][0.271103,0.917417,0][-0.966284,0.292619,-0.974076][-0.777159,0.512318,-0.365451][0.271103,0.906578,0][-0.983021,0.273076,-0.96588][-0.777159,0.512318,-0.365451][0.263302,0.902435,0][-0.977206,-0.282729,-0.844027][-0.321666,-0.882641,-0.342747][0.191797,0.725853,0][-1.29534,-0.204563,-0.746746][-0.321666,-0.882641,-0.342746][0.099205,0.789368,0][-1.26588,-0.190741,-0.809995][-0.321666,-0.882641,-0.342747][0.11493,0.790151,0][-1.26588,-0.190741,-0.809995][-0.321666,-0.882641,-0.342747][0.11493,0.790151,0][-0.963632,-0.265002,-0.902417][-0.321666,-0.882641,-0.342746][0.202898,0.729808,0][-0.977206,-0.282729,-0.844027][-0.321666,-0.882641,-0.342747][0.191797,0.725853,0][-1.26588,-0.190741,-0.809995][-0.870389,0.370301,-0.3245][0.11493,0.790151,0][-1.29534,-0.204563,-0.746746][-0.870389,0.370301,-0.3245][0.099205,0.789368,0][-1.2611,-0.141411,-0.766529][-0.870389,0.370301,-0.3245][0.118034,0.805176,0][-1.2611,-0.141411,-0.766529][-0.870389,0.370301,-0.3245][0.118034,0.805176,0][-1.25421,-0.169221,-0.816736][-0.870389,0.370301,-0.3245][0.121346,0.795538,0][-1.26588,-0.190741,-0.809995][-0.870389,0.370301,-0.3245][0.11493,0.790151,0][-1.25421,-0.169221,-0.816736][-0.470792,0.742805,-0.47602][0.121346,0.795538,0][-1.2611,-0.141411,-0.766529][-0.470792,0.742806,-0.47602][0.118034,0.805176,0][-0.977607,-0.0321979,-0.876489][-0.470792,0.742806,-0.47602][0.222695,0.805176,0][-0.977607,-0.0321979,-0.876489][-0.470792,0.742806,-0.47602][0.222695,0.805176,0][-0.961372,-0.0564079,-0.930322][-0.470792,0.742806,-0.47602][0.229457,0.795538,0][-1.25421,-0.169221,-0.816736][-0.470792,0.742805,-0.47602][0.121346,0.795538,0][-1.339,-0.00421781,-0.197456][0.905081,0.34867,0.243428][0.269059,0.789102,0][-1.31158,0.0368082,-0.358168][0.905081,0.34867,0.243428][0.229039,0.797771,0][-1.44746,0.313192,-0.248831][0.905081,0.34867,0.243428][0.256266,0.891318,0][-1.44746,0.313192,-0.248831][0.905081,0.34867,0.243428][0.256266,0.891318,0][-1.46821,0.331178,-0.197456][0.905081,0.34867,0.243428][0.269059,0.898711,0][-1.339,-0.00421781,-0.197456][0.905081,0.34867,0.243428][0.269059,0.789102,0][-1.32679,-0.219736,0.065833][0.905082,0.348669,0.243427][0.334622,0.72643,0][-1.22677,-0.571364,0.197605][0.905082,0.348669,0.243427][0.367436,0.615401,0][-1.20509,-0.566216,0.109602][0.905082,0.348669,0.243427][0.345523,0.614489,0][-1.20509,-0.566216,0.109602][0.905082,0.348669,0.243427][0.345523,0.614489,0][-1.20772,-0.344992,-0.197456][0.905082,0.348669,0.243427][0.269059,0.677733,0][-1.32679,-0.219736,0.065833][0.905082,0.348669,0.243427][0.334622,0.72643,0][-1.20346,-0.172226,-0.460746][0.905081,0.34867,0.243429][0.203495,0.72643,0][-1.1988,0.0302931,-0.768146][0.905081,0.34867,0.243429][0.126948,0.783552,0][-1.23021,0.0681572,-0.705634][0.905081,0.34867,0.243429][0.142515,0.797771,0][-1.23021,0.0681572,-0.705634][0.905081,0.34867,0.243429][0.142515,0.797771,0][-1.31158,0.0368082,-0.358168][0.905081,0.34867,0.243429][0.229039,0.797771,0][-1.20346,-0.172226,-0.460746][0.905081,0.34867,0.243429][0.203495,0.72643,0][-1.06126,-0.510808,-0.504515][0.90508,0.348671,0.243431][0.192597,0.614489,0][-1.04172,-0.500077,-0.592518][0.90508,0.348671,0.243431][0.170682,0.615401,0][-1.20346,-0.172226,-0.460746][0.90508,0.348671,0.243431][0.203495,0.72643,0][-1.20346,-0.172226,-0.460746][0.90508,0.348671,0.243431][0.203495,0.72643,0][-1.20772,-0.344992,-0.197456][0.90508,0.348671,0.243431][0.269059,0.677733,0][-1.06126,-0.510808,-0.504515][0.90508,0.348671,0.243431][0.192597,0.614489,0][-1.47153,0.303922,-0.146082][0.905081,0.348671,0.243429][0.281853,0.891318,0][-1.38686,0.00780821,-0.036745][0.90508,0.348671,0.24343][0.30908,0.797771,0][-1.339,-0.00421781,-0.197456][0.905081,0.348671,0.243429][0.269059,0.789102,0][-1.339,-0.00421781,-0.197456][0.905081,0.348671,0.243429][0.269059,0.789102,0][-1.46821,0.331178,-0.197456][0.90508,0.348671,0.243429][0.269059,0.898711,0][-1.47153,0.303922,-0.146082][0.905081,0.348671,0.243429][0.281853,0.891318,0][-1.46824,-0.0235408,0.310721][0.905081,0.348669,0.24343][0.395605,0.797771,0][-1.46612,-0.0726858,0.373233][0.905081,0.348669,0.24343][0.41117,0.783552,0][-1.32679,-0.219736,0.065833][0.905081,0.348669,0.24343][0.334622,0.72643,0][-1.32679,-0.219736,0.065833][0.905081,0.348669,0.24343][0.334622,0.72643,0][-1.38686,0.00780821,-0.036745][0.905081,0.348669,0.24343][0.30908,0.797771,0][-1.46824,-0.0235408,0.310721][0.905081,0.348669,0.24343][0.395605,0.797771,0][-1.339,-0.00421781,-0.197456][0.905081,0.348669,0.24343][0.269059,0.789102,0][-1.20772,-0.344992,-0.197456][0.905081,0.348669,0.24343][0.269059,0.677733,0][-1.20346,-0.172226,-0.460746][0.905081,0.348669,0.24343][0.203495,0.72643,0][-1.20346,-0.172226,-0.460746][0.905081,0.348669,0.24343][0.203495,0.72643,0][-1.31158,0.0368082,-0.358168][0.905081,0.348669,0.24343][0.229039,0.797771,0][-1.339,-0.00421781,-0.197456][0.905081,0.348669,0.24343][0.269059,0.789102,0][-1.32679,-0.219736,0.065833][0.905082,0.348669,0.243428][0.334622,0.72643,0][-1.20772,-0.344992,-0.197456][0.905082,0.348669,0.243428][0.269059,0.677733,0][-1.339,-0.00421781,-0.197456][0.905082,0.348669,0.243428][0.269059,0.789102,0][-1.339,-0.00421781,-0.197456][0.905082,0.348669,0.243428][0.269059,0.789102,0][-1.38686,0.00780821,-0.036745][0.905082,0.348669,0.243428][0.30908,0.797771,0][-1.32679,-0.219736,0.065833][0.905082,0.348669,0.243428][0.334622,0.72643,0][-1.48514,0.277309,-0.236768][-0.90508,-0.348671,-0.24343][0.278904,0.902435,0][-1.3455,-0.00671981,-0.349129][-0.90508,-0.348671,-0.24343][0.312749,0.795538,0][-1.37788,-0.0191948,-0.210869][-0.90508,-0.348671,-0.24343][0.271103,0.795538,0][-1.37788,-0.0191948,-0.210869][-0.90508,-0.348671,-0.24343][0.271103,0.795538,0][-1.49559,0.286376,-0.210869][-0.90508,-0.348671,-0.24343][0.271103,0.906578,0][-1.48514,0.277309,-0.236768][-0.90508,-0.348671,-0.24343][0.278904,0.902435,0][-1.36123,-0.220505,0.015566][-0.90508,-0.348671,-0.24343][0.202898,0.729808,0][-1.25929,-0.327036,-0.210869][-0.90508,-0.348671,-0.24343][0.271103,0.683672,0][-1.25657,-0.555213,0.10584][-0.90508,-0.348671,-0.24343][0.175706,0.611139,0][-1.25657,-0.555213,0.10584][-0.90508,-0.348671,-0.24343][0.175706,0.611139,0][-1.26542,-0.557315,0.141786][-0.90508,-0.348671,-0.24343][0.164879,0.611553,0][-1.36123,-0.220505,0.015566][-0.90508,-0.348671,-0.24343][0.202898,0.729808,0][-1.25516,-0.179645,-0.437305][-0.90508,-0.348671,-0.24343][0.339308,0.729808,0][-1.3455,-0.00671981,-0.349129][-0.90508,-0.348671,-0.24343][0.312749,0.795538,0][-1.26144,0.0256622,-0.708052][-0.90508,-0.348671,-0.24343][0.42086,0.795538,0][-1.26144,0.0256622,-0.708052][-0.90508,-0.348671,-0.24343][0.42086,0.795538,0][-1.25074,0.0127602,-0.729353][-0.90508,-0.348671,-0.24343][0.427277,0.790151,0][-1.25516,-0.179645,-0.437305][-0.90508,-0.348671,-0.24343][0.339308,0.729808,0][-1.25516,-0.179645,-0.437305][-0.905081,-0.348671,-0.243429][0.339308,0.729808,0][-1.10024,-0.49368,-0.563524][-0.905081,-0.348671,-0.243429][0.377327,0.611553,0][-1.10822,-0.498064,-0.527579][-0.905081,-0.348671,-0.243429][0.3665,0.611139,0][-1.10822,-0.498064,-0.527579][-0.905081,-0.348671,-0.243429][0.3665,0.611139,0][-1.25929,-0.327036,-0.210869][-0.905081,-0.348671,-0.243429][0.271103,0.683672,0][-1.25516,-0.179645,-0.437305][-0.905081,-0.348671,-0.243429][0.339308,0.729808,0][-1.37788,-0.0191948,-0.210869][-0.905081,-0.348671,-0.243428][0.271103,0.795538,0][-1.41026,-0.0316688,-0.07261][-0.905081,-0.348671,-0.243428][0.229457,0.795538,0][-1.49727,0.272636,-0.184971][-0.905081,-0.348671,-0.243428][0.263302,0.902435,0][-1.49727,0.272636,-0.184971][-0.905081,-0.348671,-0.243428][0.263302,0.902435,0][-1.49559,0.286376,-0.210869][-0.905081,-0.348671,-0.243428][0.271103,0.906578,0][-1.37788,-0.0191948,-0.210869][-0.905081,-0.348671,-0.243428][0.271103,0.795538,0][-1.36123,-0.220505,0.015566][-0.905081,-0.348669,-0.24343][0.202898,0.729808,0][-1.4936,-0.0807978,0.307614][-0.905081,-0.348669,-0.24343][0.11493,0.790151,0][-1.49432,-0.0640518,0.286313][-0.905081,-0.348669,-0.24343][0.121346,0.795538,0][-1.49432,-0.0640518,0.286313][-0.905081,-0.348669,-0.24343][0.121346,0.795538,0][-1.41026,-0.0316688,-0.07261][-0.905081,-0.348669,-0.24343][0.229457,0.795538,0][-1.36123,-0.220505,0.015566][-0.905081,-0.348669,-0.24343][0.202898,0.729808,0][-1.37788,-0.0191948,-0.210869][-0.905081,-0.34867,-0.24343][0.271103,0.795538,0][-1.3455,-0.00671981,-0.349129][-0.905081,-0.34867,-0.24343][0.312749,0.795538,0][-1.25516,-0.179645,-0.437305][-0.905081,-0.34867,-0.24343][0.339308,0.729808,0][-1.25516,-0.179645,-0.437305][-0.905081,-0.34867,-0.24343][0.339308,0.729808,0][-1.25929,-0.327036,-0.210869][-0.905081,-0.34867,-0.24343][0.271103,0.683672,0][-1.37788,-0.0191948,-0.210869][-0.905081,-0.34867,-0.24343][0.271103,0.795538,0][-1.37788,-0.0191948,-0.210869][-0.905081,-0.34867,-0.243429][0.271103,0.795538,0][-1.25929,-0.327036,-0.210869][-0.905081,-0.34867,-0.243429][0.271103,0.683672,0][-1.36123,-0.220505,0.015566][-0.905081,-0.34867,-0.243429][0.202898,0.729808,0][-1.36123,-0.220505,0.015566][-0.905081,-0.34867,-0.243429][0.202898,0.729808,0][-1.41026,-0.0316688,-0.07261][-0.905081,-0.34867,-0.243429][0.229457,0.795538,0][-1.37788,-0.0191948,-0.210869][-0.905081,-0.34867,-0.243429][0.271103,0.795538,0][-1.49559,0.286376,-0.210869][-0.682747,0.558417,-0.471197][0.271103,0.906578,0][-1.46821,0.331178,-0.197456][-0.682747,0.558417,-0.471197][0.271103,0.917417,0][-1.44746,0.313192,-0.248831][-0.682747,0.558417,-0.471197][0.286578,0.909196,0][-1.44746,0.313192,-0.248831][-0.682747,0.558417,-0.471197][0.286578,0.909196,0][-1.48514,0.277309,-0.236768][-0.682747,0.558417,-0.471197][0.278904,0.902435,0][-1.49559,0.286376,-0.210869][-0.682747,0.558417,-0.471197][0.271103,0.906578,0][-1.48514,0.277309,-0.236768][-0.424307,0.144994,-0.893835][0.278904,0.902435,0][-1.44746,0.313192,-0.248831][-0.424307,0.144994,-0.893835][0.286578,0.909196,0][-1.31158,0.0368082,-0.358168][-0.424307,0.144994,-0.893835][0.319512,0.805176,0][-1.31158,0.0368082,-0.358168][-0.424307,0.144994,-0.893835][0.319512,0.805176,0][-1.3455,-0.00671981,-0.349129][-0.424307,0.144994,-0.893835][0.312749,0.795538,0][-1.48514,0.277309,-0.236768][-0.424307,0.144994,-0.893835][0.278904,0.902435,0][-1.20772,-0.344992,-0.197456][-0.129754,-0.805026,-0.578876][0.271103,0.671704,0][-1.20509,-0.566216,0.109602][-0.129754,-0.805026,-0.578876][0.178614,0.601381,0][-1.25657,-0.555213,0.10584][-0.129754,-0.805026,-0.578876][0.175706,0.611139,0][-1.25657,-0.555213,0.10584][-0.129754,-0.805026,-0.578876][0.175706,0.611139,0][-1.25929,-0.327036,-0.210869][-0.129754,-0.805026,-0.578876][0.271103,0.683672,0][-1.20772,-0.344992,-0.197456][-0.129754,-0.805026,-0.578876][0.271103,0.671704,0][-1.20509,-0.566216,0.109602][-0.200388,-0.973928,-0.106348][0.178614,0.601381,0][-1.22677,-0.571364,0.197605][-0.200388,-0.973928,-0.106348][0.152106,0.602396,0][-1.26542,-0.557315,0.141786][-0.200388,-0.973927,-0.106348][0.164879,0.611553,0][-1.26542,-0.557315,0.141786][-0.200388,-0.973927,-0.106348][0.164879,0.611553,0][-1.25657,-0.555213,0.10584][-0.200388,-0.973927,-0.106348][0.175706,0.611139,0][-1.20509,-0.566216,0.109602][-0.200388,-0.973928,-0.106348][0.178614,0.601381,0][-1.26542,-0.557315,0.141786][-0.82459,-0.0227139,0.565274][0.164879,0.611553,0][-1.22677,-0.571364,0.197605][-0.82459,-0.0227139,0.565274][0.152106,0.602396,0][-1.32679,-0.219736,0.065833][-0.82459,-0.0227139,0.565274][0.191797,0.725853,0][-1.32679,-0.219736,0.065833][-0.82459,-0.0227139,0.565274][0.191797,0.725853,0][-1.36123,-0.220505,0.015566][-0.82459,-0.0227139,0.565274][0.202898,0.729808,0][-1.26542,-0.557315,0.141786][-0.82459,-0.0227139,0.565274][0.164879,0.611553,0][-1.31158,0.0368082,-0.358168][-0.795016,0.591875,-0.132793][0.319512,0.805176,0][-1.23021,0.0681572,-0.705634][-0.795016,0.591875,-0.132793][0.424172,0.805176,0][-1.26144,0.0256622,-0.708052][-0.795016,0.591875,-0.132793][0.42086,0.795538,0][-1.26144,0.0256622,-0.708052][-0.795016,0.591875,-0.132793][0.42086,0.795538,0][-1.3455,-0.00671981,-0.349129][-0.795016,0.591875,-0.132793][0.312749,0.795538,0][-1.31158,0.0368082,-0.358168][-0.795016,0.591875,-0.132793][0.319512,0.805176,0][-1.23021,0.0681572,-0.705634][-0.621569,0.491541,-0.60995][0.424172,0.805176,0][-1.1988,0.0302931,-0.768146][-0.621569,0.491541,-0.60995][0.443001,0.789368,0][-1.25074,0.0127602,-0.729353][-0.621569,0.491541,-0.60995][0.427277,0.790151,0][-1.25074,0.0127602,-0.729353][-0.621569,0.491541,-0.60995][0.427277,0.790151,0][-1.26144,0.0256622,-0.708052][-0.621569,0.491541,-0.60995][0.42086,0.795538,0][-1.23021,0.0681572,-0.705634][-0.621569,0.491541,-0.60995][0.424172,0.805176,0][-1.25074,0.0127602,-0.729353][-0.129286,-0.827155,-0.546901][0.427277,0.790151,0][-1.1988,0.0302931,-0.768146][-0.129286,-0.827155,-0.546901][0.443001,0.789368,0][-1.20346,-0.172226,-0.460746][-0.129286,-0.827155,-0.546901][0.350409,0.725853,0][-1.20346,-0.172226,-0.460746][-0.129286,-0.827155,-0.546901][0.350409,0.725853,0][-1.25516,-0.179645,-0.437305][-0.129286,-0.827155,-0.546901][0.339308,0.729808,0][-1.25074,0.0127602,-0.729353][-0.129286,-0.827155,-0.546901][0.427277,0.790151,0][-1.20346,-0.172226,-0.460746][-0.425963,0.148559,-0.892461][0.350409,0.725853,0][-1.04172,-0.500077,-0.592518][-0.425963,0.148559,-0.892461][0.3901,0.602396,0][-1.10024,-0.49368,-0.563524][-0.425962,0.148559,-0.892461][0.377327,0.611553,0][-1.10024,-0.49368,-0.563524][-0.425962,0.148559,-0.892461][0.377327,0.611553,0][-1.25516,-0.179645,-0.437305][-0.425963,0.148559,-0.892461][0.339308,0.729808,0][-1.20346,-0.172226,-0.460746][-0.425963,0.148559,-0.892461][0.350409,0.725853,0][-1.10024,-0.49368,-0.563524][-0.184936,-0.969753,-0.159307][0.377327,0.611553,0][-1.04172,-0.500077,-0.592518][-0.184936,-0.969753,-0.159307][0.3901,0.602396,0][-1.06126,-0.510808,-0.504515][-0.184936,-0.969753,-0.159307][0.363592,0.601381,0][-1.06126,-0.510808,-0.504515][-0.184936,-0.969753,-0.159307][0.363592,0.601381,0][-1.10822,-0.498064,-0.527579][-0.184935,-0.969753,-0.159307][0.3665,0.611139,0][-1.10024,-0.49368,-0.563524][-0.184936,-0.969753,-0.159307][0.377327,0.611553,0][-1.10822,-0.498064,-0.527579][-0.381362,-0.877171,0.291777][0.3665,0.611139,0][-1.06126,-0.510808,-0.504515][-0.381362,-0.877171,0.291777][0.363592,0.601381,0][-1.20772,-0.344992,-0.197456][-0.381362,-0.877171,0.291777][0.271103,0.671704,0][-1.20772,-0.344992,-0.197456][-0.381362,-0.877171,0.291777][0.271103,0.671704,0][-1.25929,-0.327036,-0.210869][-0.381362,-0.877171,0.291777][0.271103,0.683672,0][-1.10822,-0.498064,-0.527579][-0.381362,-0.877171,0.291777][0.3665,0.611139,0][-1.38686,0.00780821,-0.036745][-0.82369,-0.0263689,0.566427][0.222695,0.805176,0][-1.47153,0.303922,-0.146082][-0.82369,-0.0263689,0.566427][0.255628,0.909196,0][-1.49727,0.272636,-0.184971][-0.82369,-0.0263689,0.566427][0.263302,0.902435,0][-1.49727,0.272636,-0.184971][-0.82369,-0.0263689,0.566427][0.263302,0.902435,0][-1.41026,-0.0316688,-0.07261][-0.82369,-0.0263689,0.566427][0.229457,0.795538,0][-1.38686,0.00780821,-0.036745][-0.82369,-0.0263689,0.566427][0.222695,0.805176,0][-1.49727,0.272636,-0.184971][-0.861823,0.468991,0.193156][0.263302,0.902435,0][-1.47153,0.303922,-0.146082][-0.861823,0.46899,0.193156][0.255628,0.909196,0][-1.46821,0.331178,-0.197456][-0.861823,0.468991,0.193156][0.271103,0.917417,0][-1.46821,0.331178,-0.197456][-0.861823,0.468991,0.193156][0.271103,0.917417,0][-1.49559,0.286376,-0.210869][-0.861823,0.468991,0.193156][0.271103,0.906578,0][-1.49727,0.272636,-0.184971][-0.861823,0.468991,0.193156][0.263302,0.902435,0][-1.32679,-0.219736,0.065833][-0.363583,-0.89374,0.262746][0.191797,0.725853,0][-1.46612,-0.0726858,0.373233][-0.363583,-0.89374,0.262746][0.099205,0.789368,0][-1.4936,-0.0807978,0.307614][-0.363583,-0.89374,0.262746][0.11493,0.790151,0][-1.4936,-0.0807978,0.307614][-0.363583,-0.89374,0.262746][0.11493,0.790151,0][-1.36123,-0.220505,0.015566][-0.363583,-0.89374,0.262746][0.202898,0.729808,0][-1.32679,-0.219736,0.065833][-0.363583,-0.89374,0.262746][0.191797,0.725853,0][-1.4936,-0.0807978,0.307614][-0.872611,0.369158,0.319801][0.11493,0.790151,0][-1.46612,-0.0726858,0.373233][-0.872611,0.369158,0.319801][0.099205,0.789368,0][-1.46824,-0.0235408,0.310721][-0.872611,0.369158,0.319801][0.118034,0.805176,0][-1.46824,-0.0235408,0.310721][-0.872611,0.369158,0.319801][0.118034,0.805176,0][-1.49432,-0.0640518,0.286313][-0.872611,0.369158,0.319801][0.121346,0.795538,0][-1.4936,-0.0807978,0.307614][-0.872611,0.369158,0.319801][0.11493,0.790151,0][-1.49432,-0.0640518,0.286313][-0.795011,0.591881,-0.132792][0.121346,0.795538,0][-1.46824,-0.0235408,0.310721][-0.795011,0.591881,-0.132792][0.118034,0.805176,0][-1.38686,0.00780821,-0.036745][-0.795011,0.591881,-0.132792][0.222695,0.805176,0][-1.38686,0.00780821,-0.036745][-0.795011,0.591881,-0.132792][0.222695,0.805176,0][-1.41026,-0.0316688,-0.07261][-0.795011,0.591881,-0.132792][0.229457,0.795538,0][-1.49432,-0.0640518,0.286313][-0.795011,0.591881,-0.132792][0.121346,0.795538,0][-1.07961,-0.0335208,0.701217][0.874214,0.336778,-0.349759][0.269059,0.789102,0][-1.12502,-0.0293428,0.591748][0.874214,0.336778,-0.349759][0.229039,0.797771,0][-1.17752,0.184277,0.666223][0.874214,0.336778,-0.349759][0.256266,0.891318,0][-1.17752,0.184277,0.666223][0.874214,0.336778,-0.349759][0.256266,0.891318,0][-1.17153,0.205065,0.701217][0.874214,0.336778,-0.349759][0.269059,0.898711,0][-1.07961,-0.0335208,0.701217][0.874214,0.336778,-0.349759][0.269059,0.789102,0][-0.964584,-0.145863,0.880555][0.874213,0.336774,-0.349763][0.334622,0.72643,0][-0.840213,-0.375491,0.970311][0.874213,0.336774,-0.349763][0.367436,0.615401,0][-0.860332,-0.385524,0.910369][0.874213,0.336774,-0.349763][0.345523,0.614489,0][-0.860332,-0.385524,0.910369][0.874213,0.336774,-0.349763][0.345523,0.614489,0][-0.986229,-0.275932,0.701217][0.874213,0.336774,-0.349763][0.269059,0.677733,0][-0.964584,-0.145863,0.880555][0.874213,0.336774,-0.349763][0.334622,0.72643,0][-1.08954,-0.194002,0.521877][0.874214,0.336775,-0.349761][0.203495,0.72643,0][-1.21039,-0.0977688,0.312493][0.874214,0.336775,-0.349761][0.126948,0.783552,0][-1.20747,-0.0611068,0.355073][0.874214,0.336775,-0.349761][0.142515,0.797771,0][-1.20747,-0.0611068,0.355073][0.874214,0.336775,-0.349761][0.142515,0.797771,0][-1.12502,-0.0293428,0.591748][0.874214,0.336775,-0.349761][0.229039,0.797771,0][-1.08954,-0.194002,0.521877][0.874214,0.336775,-0.349761][0.203495,0.72643,0][-1.00606,-0.441664,0.492065][0.874213,0.336777,-0.349761][0.192597,0.614489,0][-1.02771,-0.447723,0.432122][0.874213,0.336777,-0.349761][0.170682,0.615401,0][-1.08954,-0.194002,0.521877][0.874213,0.336777,-0.349761][0.203495,0.72643,0][-1.08954,-0.194002,0.521877][0.874213,0.336777,-0.349761][0.203495,0.72643,0][-0.986229,-0.275932,0.701217][0.874213,0.336777,-0.349761][0.269059,0.677733,0][-1.00606,-0.441664,0.492065][0.874213,0.336777,-0.349761][0.192597,0.614489,0][-1.15314,0.19367,0.73621][0.874212,0.336777,-0.349763][0.281853,0.891318,0][-1.04875,4.11938e-005,0.810685][0.874212,0.336777,-0.349763][0.30908,0.797771,0][-1.07961,-0.0335208,0.701217][0.874212,0.336777,-0.349763][0.269059,0.789102,0][-1.07961,-0.0335208,0.701217][0.874212,0.336777,-0.349763][0.269059,0.789102,0][-1.17153,0.205065,0.701217][0.874212,0.336777,-0.349763][0.269059,0.898711,0][-1.15314,0.19367,0.73621][0.874212,0.336777,-0.349763][0.281853,0.891318,0][-0.966293,0.0318052,1.04736][0.874212,0.336782,-0.349758][0.395605,0.797771,0][-0.939537,0.00657219,1.08994][0.874212,0.336782,-0.349758][0.41117,0.783552,0][-0.964584,-0.145863,0.880555][0.874212,0.336782,-0.349758][0.334622,0.72643,0][-0.964584,-0.145863,0.880555][0.874212,0.336782,-0.349758][0.334622,0.72643,0][-1.04875,4.11938e-005,0.810685][0.874212,0.336782,-0.349758][0.30908,0.797771,0][-0.966293,0.0318052,1.04736][0.874212,0.336782,-0.349758][0.395605,0.797771,0][-1.07961,-0.0335208,0.701217][0.874214,0.336778,-0.349758][0.269059,0.789102,0][-0.986229,-0.275932,0.701217][0.874214,0.336778,-0.349758][0.269059,0.677733,0][-1.08954,-0.194002,0.521877][0.874214,0.336778,-0.349758][0.203495,0.72643,0][-1.08954,-0.194002,0.521877][0.874214,0.336778,-0.349758][0.203495,0.72643,0][-1.12502,-0.0293428,0.591748][0.874214,0.336778,-0.349758][0.229039,0.797771,0][-1.07961,-0.0335208,0.701217][0.874214,0.336778,-0.349758][0.269059,0.789102,0][-0.964584,-0.145863,0.880555][0.874211,0.336778,-0.349765][0.334622,0.72643,0][-0.986229,-0.275932,0.701217][0.874211,0.336778,-0.349765][0.269059,0.677733,0][-1.07961,-0.0335208,0.701217][0.874211,0.336778,-0.349765][0.269059,0.789102,0][-1.07961,-0.0335208,0.701217][0.874211,0.336778,-0.349765][0.269059,0.789102,0][-1.04875,4.11938e-005,0.810685][0.874211,0.336778,-0.349765][0.30908,0.797771,0][-0.964584,-0.145863,0.880555][0.874211,0.336778,-0.349765][0.334622,0.72643,0][-1.19285,0.163168,0.697166][-0.874215,-0.336778,0.349755][0.278904,0.902435,0][-1.1389,-0.0563608,0.620632][-0.874215,-0.336778,0.349755][0.312749,0.795538,0][-1.10609,-0.0437218,0.714807][-0.874215,-0.336778,0.349755][0.271103,0.795538,0][-1.10609,-0.0437218,0.714807][-0.874215,-0.336778,0.349755][0.271103,0.795538,0][-1.18983,0.173648,0.714807][-0.874215,-0.336778,0.349755][0.271103,0.906578,0][-1.19285,0.163168,0.697166][-0.874215,-0.336778,0.349755][0.278904,0.902435,0][-1.00279,-0.151692,0.869042][-0.874214,-0.336775,0.349761][0.202898,0.729808,0][-1.02173,-0.262707,0.714807][-0.874214,-0.336775,0.349761][0.271103,0.683672,0][-0.89188,-0.375743,0.930534][-0.874214,-0.336775,0.349761][0.175706,0.611139,0][-0.89188,-0.375743,0.930534][-0.874214,-0.336775,0.349761][0.175706,0.611139,0][-0.883662,-0.371646,0.955018][-0.874214,-0.336775,0.349761][0.164879,0.611553,0][-1.00279,-0.151692,0.869042][-0.874214,-0.336775,0.349761][0.202898,0.729808,0][-1.11026,-0.193092,0.560571][-0.874214,-0.336775,0.349762][0.339308,0.729808,0][-1.1389,-0.0563608,0.620632][-0.874214,-0.336775,0.349762][0.312749,0.795538,0][-1.22408,-0.0891728,0.376153][-0.874214,-0.336775,0.349762][0.42086,0.795538,0][-1.22408,-0.0891728,0.376153][-0.874214,-0.336775,0.349762][0.42086,0.795538,0][-1.22507,-0.101665,0.361644][-0.874214,-0.336775,0.349762][0.427277,0.790151,0][-1.11026,-0.193092,0.560571][-0.874214,-0.336775,0.349762][0.339308,0.729808,0][-1.11026,-0.193092,0.560571][-0.874214,-0.336778,0.349758][0.339308,0.729808,0][-1.05103,-0.436123,0.474597][-0.874214,-0.336778,0.349758][0.377327,0.611553,0][-1.04219,-0.433647,0.499082][-0.874214,-0.336778,0.349758][0.3665,0.611139,0][-1.04219,-0.433647,0.499082][-0.874214,-0.336778,0.349758][0.3665,0.611139,0][-1.02173,-0.262707,0.714807][-0.874214,-0.336778,0.349758][0.271103,0.683672,0][-1.11026,-0.193092,0.560571][-0.874214,-0.336778,0.349758][0.339308,0.729808,0][-1.10609,-0.0437218,0.714807][-0.874213,-0.336779,0.349759][0.271103,0.795538,0][-1.07329,-0.0310828,0.808982][-0.874213,-0.336779,0.349759][0.229457,0.795538,0][-1.18056,0.167903,0.732448][-0.874213,-0.336779,0.349759][0.263302,0.902435,0][-1.18056,0.167903,0.732448][-0.874213,-0.336779,0.349759][0.263302,0.902435,0][-1.18983,0.173648,0.714807][-0.874213,-0.336779,0.349759][0.271103,0.906578,0][-1.10609,-0.0437218,0.714807][-0.874213,-0.336779,0.349759][0.271103,0.795538,0][-1.00279,-0.151692,0.869042][-0.874212,-0.33678,0.34976][0.202898,0.729808,0][-0.978996,-0.00686881,1.06797][-0.874212,-0.33678,0.34976][0.11493,0.790151,0][-0.988113,0.0017292,1.05346][-0.874212,-0.33678,0.34976][0.121346,0.795538,0][-0.988113,0.0017292,1.05346][-0.874212,-0.33678,0.34976][0.121346,0.795538,0][-1.07329,-0.0310828,0.808982][-0.874212,-0.33678,0.34976][0.229457,0.795538,0][-1.00279,-0.151692,0.869042][-0.874212,-0.33678,0.34976][0.202898,0.729808,0][-1.10609,-0.0437218,0.714807][-0.874213,-0.336778,0.349759][0.271103,0.795538,0][-1.1389,-0.0563608,0.620632][-0.874213,-0.336778,0.349759][0.312749,0.795538,0][-1.11026,-0.193092,0.560571][-0.874213,-0.336778,0.349759][0.339308,0.729808,0][-1.11026,-0.193092,0.560571][-0.874213,-0.336778,0.349759][0.339308,0.729808,0][-1.02173,-0.262707,0.714807][-0.874213,-0.336778,0.349759][0.271103,0.683672,0][-1.10609,-0.0437218,0.714807][-0.874213,-0.336778,0.349759][0.271103,0.795538,0][-1.10609,-0.0437218,0.714807][-0.874212,-0.336779,0.349761][0.271103,0.795538,0][-1.02173,-0.262707,0.714807][-0.874212,-0.336779,0.349761][0.271103,0.683672,0][-1.00279,-0.151692,0.869042][-0.874212,-0.336779,0.349761][0.202898,0.729808,0][-1.00279,-0.151692,0.869042][-0.874212,-0.336779,0.349761][0.202898,0.729808,0][-1.07329,-0.0310828,0.808982][-0.874212,-0.336779,0.349761][0.229457,0.795538,0][-1.10609,-0.0437218,0.714807][-0.874212,-0.336779,0.349761][0.271103,0.795538,0][-1.17153,0.205065,0.701217][-0.879641,0.459618,-0.122404][0.271103,0.917417,0][-1.17752,0.184277,0.666223][-0.879641,0.459618,-0.122404][0.286578,0.909196,0][-1.19285,0.163168,0.697166][-0.879641,0.459618,-0.122404][0.278904,0.902435,0][-1.19285,0.163168,0.697166][-0.879641,0.459618,-0.122404][0.278904,0.902435,0][-1.18983,0.173648,0.714807][-0.879641,0.459618,-0.122404][0.271103,0.906578,0][-1.17153,0.205065,0.701217][-0.879641,0.459618,-0.122404][0.271103,0.917417,0][-1.19285,0.163168,0.697166][-0.880258,-0.0518979,-0.471648][0.278904,0.902435,0][-1.17752,0.184277,0.666223][-0.880258,-0.0518979,-0.471648][0.286578,0.909196,0][-1.12502,-0.0293428,0.591748][-0.880258,-0.0518979,-0.471648][0.319512,0.805176,0][-1.12502,-0.0293428,0.591748][-0.880258,-0.0518979,-0.471648][0.319512,0.805176,0][-1.1389,-0.0563608,0.620632][-0.880258,-0.0518979,-0.471648][0.312749,0.795538,0][-1.19285,0.163168,0.697166][-0.880258,-0.0518979,-0.471648][0.278904,0.902435,0][-0.986229,-0.275932,0.701217][-0.412265,-0.885173,-0.215653][0.271103,0.671704,0][-0.860332,-0.385524,0.910369][-0.412265,-0.885173,-0.215653][0.178614,0.601381,0][-0.89188,-0.375743,0.930534][-0.412265,-0.885173,-0.215653][0.175706,0.611139,0][-0.89188,-0.375743,0.930534][-0.412265,-0.885173,-0.215653][0.175706,0.611139,0][-1.02173,-0.262707,0.714807][-0.412265,-0.885173,-0.215653][0.271103,0.683672,0][-0.986229,-0.275932,0.701217][-0.412265,-0.885173,-0.215653][0.271103,0.671704,0][-0.860332,-0.385524,0.910369][-0.16104,-0.963192,0.215239][0.178614,0.601381,0][-0.840213,-0.375491,0.970311][-0.16104,-0.963192,0.215239][0.152106,0.602396,0][-0.883662,-0.371646,0.955018][-0.16104,-0.963192,0.215239][0.164879,0.611553,0][-0.883662,-0.371646,0.955018][-0.16104,-0.963192,0.215239][0.164879,0.611553,0][-0.89188,-0.375743,0.930534][-0.16104,-0.963192,0.215239][0.175706,0.611139,0][-0.860332,-0.385524,0.910369][-0.16104,-0.963192,0.215239][0.178614,0.601381,0][-0.883662,-0.371646,0.955018][-0.310149,0.195664,0.930335][0.164879,0.611553,0][-0.840213,-0.375491,0.970311][-0.310149,0.195664,0.930335][0.152106,0.602396,0][-0.964584,-0.145863,0.880555][-0.310149,0.195664,0.930335][0.191797,0.725853,0][-0.964584,-0.145863,0.880555][-0.310149,0.195664,0.930335][0.191797,0.725853,0][-1.00279,-0.151692,0.869042][-0.310149,0.195664,0.930335][0.202898,0.729808,0][-0.883662,-0.371646,0.955018][-0.310149,0.195664,0.930335][0.164879,0.611553,0][-1.12502,-0.0293428,0.591748][-0.776035,0.601506,0.18963][0.319512,0.805176,0][-1.20747,-0.0611068,0.355073][-0.776035,0.601506,0.18963][0.424172,0.805176,0][-1.22408,-0.0891728,0.376153][-0.776035,0.601506,0.18963][0.42086,0.795538,0][-1.22408,-0.0891728,0.376153][-0.776035,0.601506,0.18963][0.42086,0.795538,0][-1.1389,-0.0563608,0.620632][-0.776035,0.601506,0.18963][0.312749,0.795538,0][-1.12502,-0.0293428,0.591748][-0.776035,0.601506,0.18963][0.319512,0.805176,0][-1.20747,-0.0611068,0.355073][-0.90382,0.352896,-0.242019][0.424172,0.805176,0][-1.21039,-0.0977688,0.312493][-0.90382,0.352896,-0.242019][0.443001,0.789368,0][-1.22507,-0.101665,0.361644][-0.90382,0.352896,-0.242019][0.427277,0.790151,0][-1.22507,-0.101665,0.361644][-0.90382,0.352896,-0.242019][0.427277,0.790151,0][-1.22408,-0.0891728,0.376153][-0.90382,0.352896,-0.242019][0.42086,0.795538,0][-1.20747,-0.0611068,0.355073][-0.90382,0.352896,-0.242019][0.424172,0.805176,0][-1.22507,-0.101665,0.361644][-0.391177,-0.900853,-0.188269][0.427277,0.790151,0][-1.21039,-0.0977688,0.312493][-0.391177,-0.900853,-0.188269][0.443001,0.789368,0][-1.08954,-0.194002,0.521877][-0.391177,-0.900853,-0.188269][0.350409,0.725853,0][-1.08954,-0.194002,0.521877][-0.391177,-0.900853,-0.188269][0.350409,0.725853,0][-1.11026,-0.193092,0.560571][-0.391177,-0.900853,-0.188269][0.339308,0.729808,0][-1.22507,-0.101665,0.361644][-0.391177,-0.900853,-0.188269][0.427277,0.790151,0][-1.08954,-0.194002,0.521877][-0.881032,-0.0482359,-0.470591][0.350409,0.725853,0][-1.02771,-0.447723,0.432122][-0.881032,-0.0482359,-0.470591][0.3901,0.602396,0][-1.05103,-0.436123,0.474597][-0.881032,-0.0482359,-0.470591][0.377327,0.611553,0][-1.05103,-0.436123,0.474597][-0.881032,-0.0482359,-0.470591][0.377327,0.611553,0][-1.11026,-0.193092,0.560571][-0.881032,-0.0482359,-0.470591][0.339308,0.729808,0][-1.08954,-0.194002,0.521877][-0.881032,-0.0482359,-0.470591][0.350409,0.725853,0][-1.05103,-0.436123,0.474597][-0.183185,-0.969278,0.164143][0.377327,0.611553,0][-1.02771,-0.447723,0.432122][-0.183185,-0.969278,0.164143][0.3901,0.602396,0][-1.00606,-0.441664,0.492065][-0.183185,-0.969278,0.164143][0.363592,0.601381,0][-1.00606,-0.441664,0.492065][-0.183185,-0.969278,0.164143][0.363592,0.601381,0][-1.04219,-0.433647,0.499082][-0.183185,-0.969278,0.164143][0.3665,0.611139,0][-1.05103,-0.436123,0.474597][-0.183185,-0.969278,0.164143][0.377327,0.611553,0][-1.04219,-0.433647,0.499082][-0.0520981,-0.780291,0.623243][0.3665,0.611139,0][-1.00606,-0.441664,0.492065][-0.0520981,-0.780291,0.623243][0.363592,0.601381,0][-0.986229,-0.275932,0.701217][-0.0520981,-0.780291,0.623243][0.271103,0.671704,0][-0.986229,-0.275932,0.701217][-0.0520981,-0.780291,0.623243][0.271103,0.671704,0][-1.02173,-0.262707,0.714807][-0.0520981,-0.780291,0.623243][0.271103,0.683672,0][-1.04219,-0.433647,0.499082][-0.0520981,-0.780291,0.623243][0.3665,0.611139,0][-1.04875,4.11938e-005,0.810685][-0.308318,0.192127,0.93168][0.222695,0.805176,0][-1.15314,0.19367,0.73621][-0.308318,0.192127,0.93168][0.255628,0.909196,0][-1.18056,0.167903,0.732448][-0.308318,0.192127,0.93168][0.263302,0.902435,0][-1.18056,0.167903,0.732448][-0.308318,0.192127,0.93168][0.263302,0.902435,0][-1.07329,-0.0310828,0.808982][-0.308318,0.192127,0.93168][0.229457,0.795538,0][-1.04875,4.11938e-005,0.810685][-0.308318,0.192127,0.93168][0.222695,0.805176,0][-1.15314,0.19367,0.73621][-0.622323,0.586754,0.518106][0.255628,0.909196,0][-1.17153,0.205065,0.701217][-0.622323,0.586754,0.518106][0.271103,0.917417,0][-1.18983,0.173648,0.714807][-0.622323,0.586754,0.518106][0.271103,0.906578,0][-1.18983,0.173648,0.714807][-0.622323,0.586754,0.518106][0.271103,0.906578,0][-1.18056,0.167903,0.732448][-0.622323,0.586754,0.518106][0.263302,0.902435,0][-1.15314,0.19367,0.73621][-0.622323,0.586754,0.518106][0.255628,0.909196,0][-0.964584,-0.145863,0.880555][-0.0557271,-0.804011,0.591998][0.191797,0.725853,0][-0.939537,0.00657219,1.08994][-0.0557271,-0.804011,0.591998][0.099205,0.789368,0][-0.978996,-0.00686881,1.06797][-0.0557271,-0.804011,0.591998][0.11493,0.790151,0][-0.978996,-0.00686881,1.06797][-0.0557271,-0.804011,0.591998][0.11493,0.790151,0][-1.00279,-0.151692,0.869042][-0.0557271,-0.804011,0.591998][0.202898,0.729808,0][-0.964584,-0.145863,0.880555][-0.0557271,-0.804011,0.591998][0.191797,0.725853,0][-0.978996,-0.00686881,1.06797][-0.543362,0.526819,0.65362][0.11493,0.790151,0][-0.939537,0.00657219,1.08994][-0.543362,0.526819,0.65362][0.099205,0.789368,0][-0.966293,0.0318052,1.04736][-0.543362,0.526819,0.65362][0.118034,0.805176,0][-0.966293,0.0318052,1.04736][-0.543362,0.526819,0.65362][0.118034,0.805176,0][-0.988113,0.0017292,1.05346][-0.543362,0.526819,0.65362][0.121346,0.795538,0][-0.978996,-0.00686881,1.06797][-0.543362,0.526819,0.65362][0.11493,0.790151,0][-0.988113,0.0017292,1.05346][-0.776039,0.601501,0.189631][0.121346,0.795538,0][-0.966293,0.0318052,1.04736][-0.776039,0.601501,0.189631][0.118034,0.805176,0][-1.04875,4.11938e-005,0.810685][-0.776039,0.601501,0.189631][0.222695,0.805176,0][-1.04875,4.11938e-005,0.810685][-0.776039,0.601501,0.189631][0.222695,0.805176,0][-1.07329,-0.0310828,0.808982][-0.776039,0.601501,0.189631][0.229457,0.795538,0][-0.988113,0.0017292,1.05346][-0.776039,0.601501,0.189631][0.121346,0.795538,0][-0.68205,-0.13279,-1.0607][0.422035,0,0.90658][0.268231,0.795608,0][-0.638654,-0.101915,-1.0809][0.422035,0,0.90658][0.224834,0.8017,0][-0.71122,-0.0102369,-1.04712][0.422035,0,0.90658][0.255965,0.895298,0][-0.71122,-0.0102369,-1.04712][0.422035,0,0.90658][0.255965,0.895298,0][-0.729491,-0.00859093,-1.03861][0.422035,0,0.90658][0.270003,0.90334,0][-0.68205,-0.13279,-1.0607][0.422035,0,0.90658][0.268231,0.795608,0][-0.732166,-0.23829,-1.03737][0.422033,0,0.906581][0.338544,0.737992,0][-0.722768,-0.381357,-1.04174][0.422033,0,0.906581][0.372449,0.630857,0][-0.696556,-0.370864,-1.05394][0.422033,0,0.906581][0.348594,0.62863,0][-0.696556,-0.370864,-1.05394][0.422033,0,0.906581][0.348594,0.62863,0][-0.633848,-0.258981,-1.08314][0.422033,0,0.906581][0.266431,0.68615,0][-0.732166,-0.23829,-1.03737][0.422033,0,0.906581][0.338544,0.737992,0][-0.577684,-0.169313,-1.10928][0.422035,-1.06373e-006,0.90658][0.195892,0.730034,0][-0.512227,-0.064321,-1.13975][0.422035,-1.06373e-006,0.90658][0.113537,0.781531,0][-0.536719,-0.0564,-1.12835][0.422035,-1.06373e-006,0.90658][0.130702,0.796451,0][-0.536719,-0.0564,-1.12835][0.422035,-1.06373e-006,0.90658][0.130702,0.796451,0][-0.638654,-0.101915,-1.0809][0.422035,-1.06373e-006,0.90658][0.224834,0.8017,0][-0.577684,-0.169313,-1.10928][0.422035,-1.06373e-006,0.90658][0.195892,0.730034,0][-0.516394,-0.29042,-1.13781][0.422034,-1.06373e-006,0.90658][0.182225,0.61935,0][-0.490971,-0.277858,-1.14965][0.422034,-1.06373e-006,0.90658][0.158398,0.618917,0][-0.577684,-0.169313,-1.10928][0.422034,-1.06373e-006,0.90658][0.195892,0.730034,0][-0.577684,-0.169313,-1.10928][0.422034,-1.06373e-006,0.90658][0.195892,0.730034,0][-0.633848,-0.258981,-1.08314][0.422034,-1.06373e-006,0.90658][0.266431,0.68615,0][-0.516394,-0.29042,-1.13781][0.422034,-1.06373e-006,0.90658][0.182225,0.61935,0][-0.741363,-0.0236969,-1.03309][0.422034,-1.06373e-006,0.90658][0.2838,0.896851,0][-0.73295,-0.144019,-1.037][0.422033,-1.06373e-006,0.90658][0.311909,0.806558,0][-0.68205,-0.13279,-1.0607][0.422033,-1.06373e-006,0.90658][0.268231,0.795608,0][-0.68205,-0.13279,-1.0607][0.422033,-1.06373e-006,0.90658][0.268231,0.795608,0][-0.729491,-0.00859093,-1.03861][0.422033,-1.06373e-006,0.90658][0.270003,0.90334,0][-0.741363,-0.0236969,-1.03309][0.422034,-1.06373e-006,0.90658][0.2838,0.896851,0][-0.834885,-0.189534,-0.989549][0.422035,1.93627e-006,0.90658][0.406041,0.811808,0][-0.84707,-0.213832,-0.983877][0.422035,1.93627e-006,0.90658][0.422744,0.798778,0][-0.732166,-0.23829,-1.03737][0.422035,1.93627e-006,0.90658][0.338544,0.737992,0][-0.732166,-0.23829,-1.03737][0.422035,1.93627e-006,0.90658][0.338544,0.737992,0][-0.73295,-0.144019,-1.037][0.422035,1.93627e-006,0.90658][0.311909,0.806558,0][-0.834885,-0.189534,-0.989549][0.422035,1.93627e-006,0.90658][0.406041,0.811808,0][-0.68205,-0.13279,-1.0607][0.422034,0,0.90658][0.268231,0.795608,0][-0.633848,-0.258981,-1.08314][0.422034,0,0.90658][0.266431,0.68615,0][-0.577684,-0.169313,-1.10928][0.422034,0,0.90658][0.195892,0.730034,0][-0.577684,-0.169313,-1.10928][0.422034,0,0.90658][0.195892,0.730034,0][-0.638654,-0.101915,-1.0809][0.422034,0,0.90658][0.224834,0.8017,0][-0.68205,-0.13279,-1.0607][0.422034,0,0.90658][0.268231,0.795608,0][-0.732166,-0.23829,-1.03737][0.422033,0,0.906581][0.338544,0.737992,0][-0.633848,-0.258981,-1.08314][0.422033,0,0.906581][0.266431,0.68615,0][-0.68205,-0.13279,-1.0607][0.422033,0,0.906581][0.268231,0.795608,0][-0.68205,-0.13279,-1.0607][0.422033,0,0.906581][0.268231,0.795608,0][-0.73295,-0.144019,-1.037][0.422033,0,0.906581][0.311909,0.806558,0][-0.732166,-0.23829,-1.03737][0.422033,0,0.906581][0.338544,0.737992,0][-0.731428,-0.0196349,-1.05754][-0.149114,0.860607,-0.48695][0.269089,0.90578,0][-0.729491,-0.00859093,-1.03861][-0.149114,0.860607,-0.48695][0.269089,0.916384,0][-0.71122,-0.0102369,-1.04712][-0.149114,0.860607,-0.48695][0.284054,0.908342,0][-0.71122,-0.0102369,-1.04712][-0.149114,0.860607,-0.48695][0.284054,0.908342,0][-0.722218,-0.0204659,-1.06183][-0.149114,0.860607,-0.48695][0.276633,0.901726,0][-0.731428,-0.0196349,-1.05754][-0.149114,0.860607,-0.48695][0.269089,0.90578,0][-0.722218,-0.0204659,-1.06183][0.404742,0.580662,-0.70641][0.276633,0.901726,0][-0.71122,-0.0102369,-1.04712][0.404742,0.580662,-0.70641][0.284054,0.908342,0][-0.638654,-0.101915,-1.0809][0.404742,0.580662,-0.70641][0.315904,0.806572,0][-0.638654,-0.101915,-1.0809][0.404742,0.580662,-0.70641][0.315904,0.806572,0][-0.647645,-0.114679,-1.09654][0.404742,0.580662,-0.70641][0.309364,0.797141,0][-0.722218,-0.0204659,-1.06183][0.404742,0.580662,-0.70641][0.276633,0.901726,0][-0.633848,-0.258981,-1.08314][0.486453,-0.465546,-0.739344][0.269089,0.675986,0][-0.696556,-0.370864,-1.05394][0.486453,-0.465546,-0.739344][0.179644,0.607185,0][-0.709341,-0.362185,-1.06782][0.486453,-0.465546,-0.739344][0.176833,0.616731,0][-0.709341,-0.362185,-1.06782][0.486453,-0.465546,-0.739344][0.176833,0.616731,0][-0.644662,-0.246785,-1.09793][0.486453,-0.465546,-0.739344][0.269089,0.687695,0][-0.633848,-0.258981,-1.08314][0.486453,-0.465546,-0.739344][0.269089,0.675986,0][-0.696556,-0.370864,-1.05394][0.0626139,-0.819239,-0.570024][0.179644,0.607185,0][-0.722768,-0.381357,-1.04174][0.0626139,-0.819239,-0.570024][0.154009,0.608177,0][-0.720047,-0.366472,-1.06284][0.0626139,-0.819239,-0.570024][0.166362,0.617136,0][-0.720047,-0.366472,-1.06284][0.0626139,-0.819239,-0.570024][0.166362,0.617136,0][-0.709341,-0.362185,-1.06782][0.0626139,-0.819239,-0.570024][0.176833,0.616731,0][-0.696556,-0.370864,-1.05394][0.0626139,-0.819239,-0.570024][0.179644,0.607185,0][-0.720047,-0.366472,-1.06284][-0.983848,-0.0594639,-0.168842][0.166362,0.617136,0][-0.722768,-0.381357,-1.04174][-0.983848,-0.0594639,-0.168842][0.154009,0.608177,0][-0.732166,-0.23829,-1.03737][-0.983848,-0.0594639,-0.168842][0.192394,0.728964,0][-0.732166,-0.23829,-1.03737][-0.983848,-0.0594639,-0.168842][0.192394,0.728964,0][-0.729049,-0.229432,-1.05865][-0.983848,-0.0594639,-0.168842][0.203129,0.732833,0][-0.720047,-0.366472,-1.06284][-0.983848,-0.0594639,-0.168842][0.166362,0.617136,0][-0.638654,-0.101915,-1.0809][-0.512249,0.785737,-0.346725][0.315904,0.806572,0][-0.536719,-0.0564,-1.12835][-0.512248,0.785738,-0.346725][0.41712,0.806572,0][-0.542348,-0.067663,-1.14556][-0.512248,0.785738,-0.346725][0.413917,0.797141,0][-0.542348,-0.067663,-1.14556][-0.512248,0.785738,-0.346725][0.413917,0.797141,0][-0.647645,-0.114679,-1.09654][-0.512248,0.785738,-0.346725][0.309364,0.797141,0][-0.638654,-0.101915,-1.0809][-0.512249,0.785737,-0.346725][0.315904,0.806572,0][-0.536719,-0.0564,-1.12835][0.0135471,0.83459,-0.550705][0.41712,0.806572,0][-0.512227,-0.064321,-1.13975][0.0135471,0.83459,-0.550705][0.435329,0.791105,0][-0.534002,-0.070363,-1.14945][0.0135471,0.83459,-0.550705][0.420122,0.791871,0][-0.534002,-0.070363,-1.14945][0.0135471,0.83459,-0.550705][0.420122,0.791871,0][-0.542348,-0.067663,-1.14556][0.0135471,0.83459,-0.550705][0.413917,0.797141,0][-0.536719,-0.0564,-1.12835][0.0135471,0.83459,-0.550705][0.41712,0.806572,0][-0.534002,-0.070363,-1.14945][0.464077,-0.501295,-0.730298][0.420122,0.791871,0][-0.512227,-0.064321,-1.13975][0.464077,-0.501295,-0.730298][0.435329,0.791105,0][-0.577684,-0.169313,-1.10928][0.464077,-0.501295,-0.730298][0.345784,0.728964,0][-0.577684,-0.169313,-1.10928][0.464077,-0.501295,-0.730298][0.345784,0.728964,0][-0.596191,-0.17011,-1.12049][0.464077,-0.501295,-0.730298][0.335049,0.732833,0][-0.534002,-0.070363,-1.14945][0.464077,-0.501295,-0.730298][0.420122,0.791871,0][-0.577684,-0.169313,-1.10928][0.402227,0.583649,-0.705385][0.345784,0.728964,0][-0.490971,-0.277858,-1.14965][0.402227,0.583649,-0.705385][0.384169,0.608177,0][-0.513132,-0.274082,-1.15916][0.402227,0.583649,-0.705385][0.371816,0.617136,0][-0.513132,-0.274082,-1.15916][0.402227,0.583649,-0.705385][0.371816,0.617136,0][-0.596191,-0.17011,-1.12049][0.402227,0.583649,-0.705385][0.335049,0.732833,0][-0.577684,-0.169313,-1.10928][0.402227,0.583649,-0.705385][0.345784,0.728964,0][-0.513132,-0.274082,-1.15916][0.11828,-0.797173,-0.592051][0.371816,0.617136,0][-0.490971,-0.277858,-1.14965][0.11828,-0.797173,-0.592051][0.384169,0.608177,0][-0.516394,-0.29042,-1.13781][0.11828,-0.797173,-0.592051][0.358534,0.607185,0][-0.516394,-0.29042,-1.13781][0.11828,-0.797173,-0.592051][0.358534,0.607185,0][-0.523516,-0.279212,-1.15433][0.11828,-0.797173,-0.592051][0.361345,0.616731,0][-0.513132,-0.274082,-1.15916][0.11828,-0.797173,-0.592051][0.371816,0.617136,0][-0.523516,-0.279212,-1.15433][-0.402764,-0.828667,-0.388705][0.361345,0.616731,0][-0.516394,-0.29042,-1.13781][-0.402764,-0.828667,-0.388705][0.358534,0.607185,0][-0.633848,-0.258981,-1.08314][-0.402764,-0.828667,-0.388705][0.269089,0.675986,0][-0.633848,-0.258981,-1.08314][-0.402764,-0.828667,-0.388705][0.269089,0.675986,0][-0.644662,-0.246785,-1.09793][-0.402764,-0.828667,-0.388705][0.269089,0.687695,0][-0.523516,-0.279212,-1.15433][-0.402764,-0.828667,-0.388705][0.361345,0.616731,0][-0.73295,-0.144019,-1.037][-0.983591,-0.0632778,-0.168949][0.222274,0.806572,0][-0.741363,-0.0236969,-1.03309][-0.983591,-0.0632778,-0.168949][0.254124,0.908342,0][-0.737413,-0.0272509,-1.05475][-0.983591,-0.0632778,-0.168949][0.261545,0.901726,0][-0.737413,-0.0272509,-1.05475][-0.983591,-0.0632778,-0.168949][0.261545,0.901726,0][-0.728766,-0.150901,-1.05878][-0.983591,-0.0632778,-0.168949][0.228814,0.797141,0][-0.73295,-0.144019,-1.037][-0.983591,-0.0632778,-0.168949][0.222274,0.806572,0][-0.737413,-0.0272509,-1.05475][-0.804128,0.545571,-0.236073][0.261545,0.901726,0][-0.741363,-0.0236969,-1.03309][-0.804128,0.545571,-0.236073][0.254124,0.908342,0][-0.729491,-0.00859093,-1.03861][-0.804128,0.545571,-0.236073][0.269089,0.916384,0][-0.729491,-0.00859093,-1.03861][-0.804128,0.545571,-0.236073][0.269089,0.916384,0][-0.731428,-0.0196349,-1.05754][-0.804128,0.545571,-0.236073][0.269089,0.90578,0][-0.737413,-0.0272509,-1.05475][-0.804128,0.545571,-0.236073][0.261545,0.901726,0][-0.732166,-0.23829,-1.03737][-0.366075,-0.838886,-0.402814][0.192394,0.728964,0][-0.84707,-0.213832,-0.983877][-0.366075,-0.838886,-0.402814][0.102849,0.791105,0][-0.838215,-0.206196,-1.00783][-0.366075,-0.838886,-0.402814][0.118056,0.791871,0][-0.838215,-0.206196,-1.00783][-0.366075,-0.838886,-0.402814][0.118056,0.791871,0][-0.729049,-0.229432,-1.05865][-0.366075,-0.838886,-0.402814][0.203129,0.732833,0][-0.732166,-0.23829,-1.03737][-0.366075,-0.838886,-0.402814][0.192394,0.728964,0][-0.838215,-0.206196,-1.00783][-0.893498,0.400789,-0.202557][0.118056,0.791871,0][-0.84707,-0.213832,-0.983877][-0.893498,0.400789,-0.202557][0.102849,0.791105,0][-0.834885,-0.189534,-0.989549][-0.893498,0.400789,-0.202557][0.121059,0.806572,0][-0.834885,-0.189534,-0.989549][-0.893498,0.400789,-0.202557][0.121059,0.806572,0][-0.834063,-0.197916,-1.00976][-0.893498,0.400789,-0.202557][0.124261,0.797141,0][-0.838215,-0.206196,-1.00783][-0.893498,0.400789,-0.202557][0.118056,0.791871,0][-0.834063,-0.197916,-1.00976][-0.512247,0.785742,-0.346718][0.124261,0.797141,0][-0.834885,-0.189534,-0.989549][-0.512247,0.785742,-0.346718][0.121059,0.806572,0][-0.73295,-0.144019,-1.037][-0.512247,0.785742,-0.346718][0.222274,0.806572,0][-0.73295,-0.144019,-1.037][-0.512247,0.785742,-0.346718][0.222274,0.806572,0][-0.728766,-0.150901,-1.05878][-0.512247,0.785742,-0.346718][0.228814,0.797141,0][-0.834063,-0.197916,-1.00976][-0.512247,0.785742,-0.346718][0.124261,0.797141,0][-0.647645,-0.114679,-1.09654][0.0963261,0.410384,-0.906811][0.309364,0.797141,0][-0.689015,-0.170383,-1.12615][0.0963261,0.410384,-0.906811][0.269089,0.761048,0][-0.722218,-0.0204659,-1.06183][0.0963261,0.410384,-0.906811][0.276633,0.901726,0][-0.722218,-0.0204659,-1.06183][-0.38195,0.291649,-0.876958][0.276633,0.901726,0][-0.689015,-0.170383,-1.12615][-0.38195,0.291649,-0.876958][0.269089,0.761048,0][-0.731428,-0.0196349,-1.05754][-0.38195,0.291649,-0.876958][0.269089,0.90578,0][-0.729049,-0.229432,-1.05865][-0.844068,-0.0390899,-0.53481][0.203129,0.732833,0][-0.689015,-0.170383,-1.12615][-0.844068,-0.0390899,-0.53481][0.269089,0.761048,0][-0.720047,-0.366472,-1.06284][-0.844068,-0.0390899,-0.53481][0.166362,0.617136,0][-0.720047,-0.366472,-1.06284][-0.327777,-0.2429,-0.912996][0.166362,0.617136,0][-0.689015,-0.170383,-1.12615][-0.327777,-0.2429,-0.912996][0.269089,0.761048,0][-0.709341,-0.362185,-1.06782][-0.327777,-0.2429,-0.912996][0.176833,0.616731,0][-0.709341,-0.362185,-1.06782][0.090259,-0.298491,-0.950135][0.176833,0.616731,0][-0.689015,-0.170383,-1.12615][0.090259,-0.298491,-0.950135][0.269089,0.761048,0][-0.644662,-0.246785,-1.09793][0.090259,-0.298491,-0.950135][0.269089,0.687695,0][-0.596191,-0.17011,-1.12049][0.058656,-0.311812,-0.948332][0.335049,0.732833,0][-0.689015,-0.170383,-1.12615][0.058656,-0.311812,-0.948332][0.269089,0.761048,0][-0.534002,-0.070363,-1.14945][0.058656,-0.311812,-0.948332][0.420122,0.791871,0][-0.534002,-0.070363,-1.14945][-0.324088,0.292727,-0.899599][0.420122,0.791871,0][-0.689015,-0.170383,-1.12615][-0.324088,0.292727,-0.899599][0.269089,0.761048,0][-0.542348,-0.067663,-1.14556][-0.324088,0.292727,-0.899599][0.413917,0.797141,0][-0.542348,-0.067663,-1.14556][-0.537437,0.670775,-0.5111][0.413917,0.797141,0][-0.689015,-0.170383,-1.12615][-0.537437,0.670775,-0.5111][0.269089,0.761048,0][-0.647645,-0.114679,-1.09654][-0.537437,0.670775,-0.5111][0.309364,0.797141,0][-0.644662,-0.246785,-1.09793][-0.470164,-0.532794,-0.703617][0.269089,0.687695,0][-0.689015,-0.170383,-1.12615][-0.470164,-0.532794,-0.703617][0.269089,0.761048,0][-0.523516,-0.279212,-1.15433][-0.470164,-0.532794,-0.703617][0.361345,0.616731,0][-0.523516,-0.279212,-1.15433][-0.311881,-0.235945,-0.920359][0.361345,0.616731,0][-0.689015,-0.170383,-1.12615][-0.311881,-0.235945,-0.920359][0.269089,0.761048,0][-0.513132,-0.274082,-1.15916][-0.311881,-0.235945,-0.920359][0.371816,0.617136,0][-0.513132,-0.274082,-1.15916][0.0549181,0.386285,-0.920743][0.371816,0.617136,0][-0.689015,-0.170383,-1.12615][0.0549181,0.386285,-0.920743][0.269089,0.761048,0][-0.596191,-0.17011,-1.12049][0.0549181,0.386285,-0.920743][0.335049,0.732833,0][-0.731428,-0.0196349,-1.05754][-0.599077,0.185895,-0.778813][0.269089,0.90578,0][-0.689015,-0.170383,-1.12615][-0.599077,0.185895,-0.778813][0.269089,0.761048,0][-0.737413,-0.0272509,-1.05475][-0.599077,0.185895,-0.778813][0.261545,0.901726,0][-0.737413,-0.0272509,-1.05475][-0.865961,-0.0443389,-0.498142][0.261545,0.901726,0][-0.689015,-0.170383,-1.12615][-0.865961,-0.0443389,-0.498142][0.269089,0.761048,0][-0.728766,-0.150901,-1.05878][-0.865961,-0.0443389,-0.498142][0.228814,0.797141,0][-0.728766,-0.150901,-1.05878][-0.537435,0.670773,-0.511103][0.228814,0.797141,0][-0.689015,-0.170383,-1.12615][-0.537435,0.670773,-0.511103][0.269089,0.761048,0][-0.834063,-0.197916,-1.00976][-0.537435,0.670773,-0.511103][0.124261,0.797141,0][-0.834063,-0.197916,-1.00976][-0.635741,0.141684,-0.758788][0.124261,0.797141,0][-0.689015,-0.170383,-1.12615][-0.635741,0.141684,-0.758788][0.269089,0.761048,0][-0.838215,-0.206196,-1.00783][-0.635741,0.141684,-0.758788][0.118056,0.791871,0][-0.838215,-0.206196,-1.00783][-0.448607,-0.523712,-0.724208][0.118056,0.791871,0][-0.689015,-0.170383,-1.12615][-0.448607,-0.523712,-0.724208][0.269089,0.761048,0][-0.729049,-0.229432,-1.05865][-0.448607,-0.523712,-0.724208][0.203129,0.732833,0][-0.92559,-0.358717,-1.07801][0.422038,9.36274e-007,0.906578][0.268231,0.795608,0][-0.87458,-0.34809,-1.10175][0.422038,9.36274e-007,0.906578][0.224834,0.8017,0][-0.909284,-0.233405,-1.0856][0.422038,9.36274e-007,0.906578][0.255965,0.895298,0][-0.909284,-0.233405,-1.0856][0.422038,9.36274e-007,0.906578][0.255965,0.895298,0][-0.92559,-0.224343,-1.07801][0.422038,9.36274e-007,0.906578][0.270003,0.90334,0][-0.92559,-0.358717,-1.07801][0.422038,9.36274e-007,0.906578][0.268231,0.795608,0][-1.00916,-0.435545,-1.03911][0.422032,9.36275e-007,0.906581][0.338544,0.737992,0][-1.05098,-0.571658,-1.01963][0.422032,9.36275e-007,0.906581][0.372449,0.630857,0][-1.02305,-0.572778,-1.03264][0.422032,9.36275e-007,0.906581][0.348594,0.62863,0][-1.02305,-0.572778,-1.03264][0.422032,9.36275e-007,0.906581][0.348594,0.62863,0][-0.92559,-0.495245,-1.07801][0.422032,9.36275e-007,0.906581][0.266431,0.68615,0][-1.00916,-0.435545,-1.03911][0.422032,9.36275e-007,0.906581][0.338544,0.737992,0][-0.842022,-0.435545,-1.11691][0.422032,9.36275e-007,0.906581][0.195892,0.730034,0][-0.744452,-0.365519,-1.16233][0.422032,9.36275e-007,0.906581][0.113537,0.781531,0][-0.764294,-0.34809,-1.1531][0.422032,9.36275e-007,0.906581][0.130702,0.796451,0][-0.764294,-0.34809,-1.1531][0.422032,9.36275e-007,0.906581][0.130702,0.796451,0][-0.87458,-0.34809,-1.10175][0.422032,9.36275e-007,0.906581][0.224834,0.8017,0][-0.842022,-0.435545,-1.11691][0.422032,9.36275e-007,0.906581][0.195892,0.730034,0][-0.82813,-0.572778,-1.12338][0.422034,-1.06373e-006,0.90658][0.182225,0.61935,0][-0.800197,-0.571658,-1.13638][0.422034,-1.06373e-006,0.90658][0.158398,0.618917,0][-0.842022,-0.435545,-1.11691][0.422034,-1.06373e-006,0.90658][0.195892,0.730034,0][-0.842022,-0.435545,-1.11691][0.422034,-1.06373e-006,0.90658][0.195892,0.730034,0][-0.92559,-0.495245,-1.07801][0.422034,-1.06373e-006,0.90658][0.266431,0.68615,0][-0.82813,-0.572778,-1.12338][0.422034,-1.06373e-006,0.90658][0.182225,0.61935,0][-0.941896,-0.233405,-1.07042][0.422033,0,0.90658][0.2838,0.896851,0][-0.9766,-0.34809,-1.05426][0.422033,0,0.90658][0.311909,0.806558,0][-0.92559,-0.358717,-1.07801][0.422033,0,0.90658][0.268231,0.795608,0][-0.92559,-0.358717,-1.07801][0.422033,0,0.90658][0.268231,0.795608,0][-0.92559,-0.224343,-1.07801][0.422033,0,0.90658][0.270003,0.90334,0][-0.941896,-0.233405,-1.07042][0.422033,0,0.90658][0.2838,0.896851,0][-1.08689,-0.348089,-1.00292][0.422035,-2.06373e-006,0.90658][0.406041,0.811808,0][-1.10673,-0.365519,-0.993684][0.422035,-2.06373e-006,0.90658][0.422744,0.798778,0][-1.00916,-0.435545,-1.03911][0.422035,-2.06373e-006,0.90658][0.338544,0.737992,0][-1.00916,-0.435545,-1.03911][0.422035,-2.06373e-006,0.90658][0.338544,0.737992,0][-0.9766,-0.34809,-1.05426][0.422035,-2.06373e-006,0.90658][0.311909,0.806558,0][-1.08689,-0.348089,-1.00292][0.422035,-2.06373e-006,0.90658][0.406041,0.811808,0][-0.92559,-0.358717,-1.07801][0.422035,9.36274e-007,0.906579][0.268231,0.795608,0][-0.92559,-0.495245,-1.07801][0.422035,9.36274e-007,0.906579][0.266431,0.68615,0][-0.842022,-0.435545,-1.11691][0.422035,9.36274e-007,0.906579][0.195892,0.730034,0][-0.842022,-0.435545,-1.11691][0.422035,9.36274e-007,0.906579][0.195892,0.730034,0][-0.87458,-0.34809,-1.10175][0.422035,9.36274e-007,0.906579][0.224834,0.8017,0][-0.92559,-0.358717,-1.07801][0.422035,9.36274e-007,0.906579][0.268231,0.795608,0][-1.00916,-0.435545,-1.03911][0.42203,-1.06372e-006,0.906582][0.338544,0.737992,0][-0.92559,-0.495245,-1.07801][0.42203,-1.06372e-006,0.906582][0.266431,0.68615,0][-0.92559,-0.358717,-1.07801][0.42203,-1.06372e-006,0.906582][0.268231,0.795608,0][-0.92559,-0.358717,-1.07801][0.42203,-1.06372e-006,0.906582][0.268231,0.795608,0][-0.9766,-0.34809,-1.05426][0.42203,-1.06372e-006,0.906582][0.311909,0.806558,0][-1.00916,-0.435545,-1.03911][0.42203,-1.06372e-006,0.906582][0.338544,0.737992,0][-0.931746,-0.236292,-1.09497][0.15225,0.781133,-0.605518][0.269089,0.90578,0][-0.92559,-0.224343,-1.07801][0.15225,0.781133,-0.605518][0.269089,0.916384,0][-0.909284,-0.233405,-1.0856][0.15225,0.781133,-0.605518][0.284054,0.908342,0][-0.909284,-0.233405,-1.0856][0.15225,0.781133,-0.605518][0.284054,0.908342,0][-0.923526,-0.240861,-1.0988][0.15225,0.781133,-0.605518][0.276633,0.901726,0][-0.931746,-0.236292,-1.09497][0.15225,0.781133,-0.605518][0.269089,0.90578,0][-0.923526,-0.240861,-1.0988][0.569045,0.281054,-0.772785][0.276633,0.901726,0][-0.909284,-0.233405,-1.0856][0.569045,0.281054,-0.772785][0.284054,0.908342,0][-0.87458,-0.34809,-1.10175][0.569045,0.281054,-0.772785][0.315904,0.806572,0][-0.87458,-0.34809,-1.10175][0.569045,0.281054,-0.772785][0.315904,0.806572,0][-0.887863,-0.358717,-1.1154][0.569045,0.281054,-0.772785][0.309364,0.797141,0][-0.923526,-0.240861,-1.0988][0.569045,0.281054,-0.772785][0.276633,0.901726,0][-0.92559,-0.495245,-1.07801][0.264166,-0.712476,-0.650073][0.269089,0.675986,0][-1.02305,-0.572778,-1.03264][0.264166,-0.712476,-0.650073][0.179644,0.607185,0][-1.03227,-0.56202,-1.04817][0.264166,-0.712476,-0.650073][0.176833,0.616731,0][-1.03227,-0.56202,-1.04817][0.264166,-0.712476,-0.650073][0.176833,0.616731,0][-0.931746,-0.482051,-1.09497][0.264166,-0.712476,-0.650073][0.269089,0.687695,0][-0.92559,-0.495245,-1.07801][0.264166,-0.712476,-0.650073][0.269089,0.675986,0][-1.02305,-0.572778,-1.03264][-0.243913,-0.859042,-0.45006][0.179644,0.607185,0][-1.05098,-0.571658,-1.01963][-0.243913,-0.859042,-0.45006][0.154009,0.608177,0][-1.04368,-0.561563,-1.04286][-0.243913,-0.859042,-0.45006][0.166362,0.617136,0][-1.04368,-0.561563,-1.04286][-0.243913,-0.859042,-0.45006][0.166362,0.617136,0][-1.03227,-0.56202,-1.04817][-0.243913,-0.859042,-0.45006][0.176833,0.616731,0][-1.02305,-0.572778,-1.03264][-0.243913,-0.859042,-0.45006][0.179644,0.607185,0][-1.04368,-0.561563,-1.04286][-0.946845,0.264819,-0.182637][0.166362,0.617136,0][-1.05098,-0.571658,-1.01963][-0.946845,0.264819,-0.182637][0.154009,0.608177,0][-1.00916,-0.435545,-1.03911][-0.946845,0.264819,-0.182637][0.192394,0.728964,0][-1.00916,-0.435545,-1.03911][-0.946845,0.264819,-0.182637][0.192394,0.728964,0][-1.00362,-0.431185,-1.06151][-0.946845,0.264819,-0.182637][0.203129,0.732833,0][-1.04368,-0.561563,-1.04286][-0.946845,0.264819,-0.182637][0.166362,0.617136,0][-0.87458,-0.34809,-1.10175][-0.214772,0.860826,-0.461359][0.315904,0.806572,0][-0.764294,-0.34809,-1.1531][-0.214772,0.860826,-0.461359][0.41712,0.806572,0][-0.77394,-0.358717,-1.16843][-0.214772,0.860826,-0.461359][0.413917,0.797141,0][-0.77394,-0.358717,-1.16843][-0.214772,0.860826,-0.461359][0.413917,0.797141,0][-0.887863,-0.358717,-1.1154][-0.214772,0.860826,-0.461359][0.309364,0.797141,0][-0.87458,-0.34809,-1.10175][-0.214772,0.860826,-0.461359][0.315904,0.806572,0][-0.764294,-0.34809,-1.1531][0.295834,0.68797,-0.662706][0.41712,0.806572,0][-0.744452,-0.365519,-1.16233][0.295834,0.68797,-0.662706][0.435329,0.791105,0][-0.767179,-0.364656,-1.17158][0.295834,0.68797,-0.662706][0.420122,0.791871,0][-0.767179,-0.364656,-1.17158][0.295834,0.68797,-0.662706][0.420122,0.791871,0][-0.77394,-0.358717,-1.16843][0.295834,0.68797,-0.662706][0.413917,0.797141,0][-0.764294,-0.34809,-1.1531][0.295834,0.68797,-0.662706][0.41712,0.806572,0][-0.767179,-0.364656,-1.17158][0.231288,-0.735399,-0.636942][0.420122,0.791871,0][-0.744452,-0.365519,-1.16233][0.231288,-0.735399,-0.636942][0.435329,0.791105,0][-0.842022,-0.435545,-1.11691][0.231288,-0.735399,-0.636942][0.345784,0.728964,0][-0.842022,-0.435545,-1.11691][0.231288,-0.735399,-0.636942][0.345784,0.728964,0][-0.859875,-0.431185,-1.12843][0.231288,-0.735399,-0.636942][0.335049,0.732833,0][-0.767179,-0.364656,-1.17158][0.231288,-0.735399,-0.636942][0.420122,0.791871,0][-0.842022,-0.435545,-1.11691][0.5678,0.284941,-0.772277][0.345784,0.728964,0][-0.800197,-0.571658,-1.13638][0.567801,0.284941,-0.772277][0.384169,0.608177,0][-0.819813,-0.561563,-1.14708][0.567801,0.284941,-0.772277][0.371816,0.617136,0][-0.819813,-0.561563,-1.14708][0.567801,0.284941,-0.772277][0.371816,0.617136,0][-0.859875,-0.431185,-1.12843][0.5678,0.284941,-0.772277][0.335049,0.732833,0][-0.842022,-0.435545,-1.11691][0.5678,0.284941,-0.772277][0.345784,0.728964,0][-0.819813,-0.561563,-1.14708][-0.185576,-0.861442,-0.472736][0.371816,0.617136,0][-0.800197,-0.571658,-1.13638][-0.185576,-0.861442,-0.472736][0.384169,0.608177,0][-0.82813,-0.572778,-1.12338][-0.185576,-0.861442,-0.472736][0.358534,0.607185,0][-0.82813,-0.572778,-1.12338][-0.185576,-0.861442,-0.472736][0.358534,0.607185,0][-0.831222,-0.56202,-1.14177][-0.185576,-0.861442,-0.472736][0.361345,0.616731,0][-0.819813,-0.561563,-1.14708][-0.185576,-0.861442,-0.472736][0.371816,0.617136,0][-0.831222,-0.56202,-1.14177][-0.674483,-0.681062,-0.285004][0.361345,0.616731,0][-0.82813,-0.572778,-1.12338][-0.674483,-0.681062,-0.285004][0.358534,0.607185,0][-0.92559,-0.495245,-1.07801][-0.674483,-0.681062,-0.285004][0.269089,0.675986,0][-0.92559,-0.495245,-1.07801][-0.674483,-0.681062,-0.285004][0.269089,0.675986,0][-0.931746,-0.482051,-1.09497][-0.674483,-0.681062,-0.285004][0.269089,0.687695,0][-0.831222,-0.56202,-1.14177][-0.674483,-0.681062,-0.285004][0.361345,0.616731,0][-0.9766,-0.34809,-1.05426][-0.947937,0.261183,-0.182208][0.222274,0.806572,0][-0.941896,-0.233405,-1.07042][-0.947937,0.261183,-0.182208][0.254124,0.908342,0][-0.939966,-0.240861,-1.09114][-0.947937,0.261183,-0.182208][0.261545,0.901726,0][-0.939966,-0.240861,-1.09114][-0.947937,0.261183,-0.182208][0.261545,0.901726,0][-0.97563,-0.358717,-1.07454][-0.947937,0.261183,-0.182208][0.228814,0.797141,0][-0.9766,-0.34809,-1.05426][-0.947937,0.261183,-0.182208][0.222274,0.806572,0][-0.939966,-0.240861,-1.09114][-0.570415,0.754531,-0.324516][0.261545,0.901726,0][-0.941896,-0.233405,-1.07042][-0.570415,0.754531,-0.324516][0.254124,0.908342,0][-0.92559,-0.224343,-1.07801][-0.570415,0.754531,-0.324516][0.269089,0.916384,0][-0.92559,-0.224343,-1.07801][-0.570415,0.754531,-0.324516][0.269089,0.916384,0][-0.931746,-0.236292,-1.09497][-0.570415,0.754531,-0.324516][0.269089,0.90578,0][-0.939966,-0.240861,-1.09114][-0.570415,0.754531,-0.324516][0.261545,0.901726,0][-1.00916,-0.435545,-1.03911][-0.644108,-0.705133,-0.296499][0.192394,0.728964,0][-1.10673,-0.365519,-0.993684][-0.644108,-0.705133,-0.296499][0.102849,0.791105,0][-1.09631,-0.364656,-1.01836][-0.644108,-0.705133,-0.296499][0.118056,0.791871,0][-1.09631,-0.364656,-1.01836][-0.644108,-0.705133,-0.296499][0.118056,0.791871,0][-1.00362,-0.431185,-1.06151][-0.644108,-0.705133,-0.296499][0.203129,0.732833,0][-1.00916,-0.435545,-1.03911][-0.644108,-0.705133,-0.296499][0.192394,0.728964,0][-1.09631,-0.364656,-1.01836][-0.703558,0.655698,-0.273984][0.118056,0.791871,0][-1.10673,-0.365519,-0.993684][-0.703558,0.655698,-0.273984][0.102849,0.791105,0][-1.08689,-0.348089,-1.00292][-0.703558,0.655698,-0.273984][0.121059,0.806572,0][-1.08689,-0.348089,-1.00292][-0.703558,0.655698,-0.273984][0.121059,0.806572,0][-1.08955,-0.358717,-1.02151][-0.703558,0.655698,-0.273984][0.124261,0.797141,0][-1.09631,-0.364656,-1.01836][-0.703558,0.655698,-0.273984][0.118056,0.791871,0][-1.08955,-0.358717,-1.02151][-0.214772,0.860826,-0.461359][0.124261,0.797141,0][-1.08689,-0.348089,-1.00292][-0.214772,0.860826,-0.461359][0.121059,0.806572,0][-0.9766,-0.34809,-1.05426][-0.214772,0.860826,-0.461359][0.222274,0.806572,0][-0.9766,-0.34809,-1.05426][-0.214772,0.860826,-0.461359][0.222274,0.806572,0][-0.97563,-0.358717,-1.07454][-0.214771,0.860826,-0.461359][0.228814,0.797141,0][-1.08955,-0.358717,-1.02151][-0.214772,0.860826,-0.461359][0.124261,0.797141,0][-0.887863,-0.358717,-1.1154][0.209862,0.198373,-0.957396][0.309364,0.797141,0][-0.946916,-0.39939,-1.13677][0.209862,0.198373,-0.957396][0.269089,0.761048,0][-0.923526,-0.240861,-1.0988][0.209862,0.198373,-0.957396][0.276633,0.901726,0][-0.923526,-0.240861,-1.0988][-0.283337,0.262737,-0.922328][0.276633,0.901726,0][-0.946916,-0.39939,-1.13677][-0.283337,0.262737,-0.922328][0.269089,0.761048,0][-0.931746,-0.236292,-1.09497][-0.283337,0.262737,-0.922328][0.269089,0.90578,0][-1.00362,-0.431185,-1.06151][-0.820443,0.174206,-0.544542][0.203129,0.732833,0][-0.946916,-0.39939,-1.13677][-0.820443,0.174206,-0.544542][0.269089,0.761048,0][-1.04368,-0.561563,-1.04286][-0.820443,0.174206,-0.544542][0.166362,0.617136,0][-1.04368,-0.561563,-1.04286][-0.416328,-0.256669,-0.872234][0.166362,0.617136,0][-0.946916,-0.39939,-1.13677][-0.416328,-0.256669,-0.872234][0.269089,0.761048,0][-1.03227,-0.56202,-1.04817][-0.416327,-0.256669,-0.872234][0.176833,0.616731,0][-1.03227,-0.56202,-1.04817][-0.0489721,-0.457877,-0.887666][0.176833,0.616731,0][-0.946916,-0.39939,-1.13677][-0.0489721,-0.457877,-0.887666][0.269089,0.761048,0][-0.931746,-0.482051,-1.09497][-0.0489731,-0.457877,-0.887666][0.269089,0.687695,0][-0.859875,-0.431185,-1.12843][-0.0827171,-0.458632,-0.884768][0.335049,0.732833,0][-0.946916,-0.39939,-1.13677][-0.0827171,-0.458632,-0.884768][0.269089,0.761048,0][-0.767179,-0.364656,-1.17158][-0.0827171,-0.458632,-0.884768][0.420122,0.791871,0][-0.767179,-0.364656,-1.17158][-0.228988,0.239337,-0.943548][0.420122,0.791871,0][-0.946916,-0.39939,-1.13677][-0.228988,0.239337,-0.943548][0.269089,0.761048,0][-0.77394,-0.358717,-1.16843][-0.228988,0.239337,-0.943548][0.413917,0.797141,0][-0.77394,-0.358717,-1.16843][-0.285433,0.736599,-0.613148][0.413917,0.797141,0][-0.946916,-0.39939,-1.13677][-0.285433,0.736599,-0.613148][0.269089,0.761048,0][-0.887863,-0.358717,-1.1154][-0.285433,0.736599,-0.613148][0.309364,0.797141,0][-0.931746,-0.482051,-1.09497][-0.641183,-0.436752,-0.630978][0.269089,0.687695,0][-0.946916,-0.39939,-1.13677][-0.641183,-0.436752,-0.630978][0.269089,0.761048,0][-0.831222,-0.56202,-1.14177][-0.641183,-0.436752,-0.630978][0.361345,0.616731,0][-0.831222,-0.56202,-1.14177][-0.399365,-0.257082,-0.880009][0.361345,0.616731,0][-0.946916,-0.39939,-1.13677][-0.399365,-0.257082,-0.880009][0.269089,0.761048,0][-0.819813,-0.561563,-1.14708][-0.399365,-0.257082,-0.880009][0.371816,0.617136,0][-0.819813,-0.561563,-1.14708][0.161618,0.188234,-0.968735][0.371816,0.617136,0][-0.946916,-0.39939,-1.13677][0.161618,0.188234,-0.968735][0.269089,0.761048,0][-0.859875,-0.431185,-1.12843][0.161618,0.188234,-0.968735][0.335049,0.732833,0][-0.931746,-0.236292,-1.09497][-0.521567,0.257028,-0.813575][0.269089,0.90578,0][-0.946916,-0.39939,-1.13677][-0.521567,0.257028,-0.813575][0.269089,0.761048,0][-0.939966,-0.240861,-1.09114][-0.521567,0.257028,-0.813575][0.261545,0.901726,0][-0.939966,-0.240861,-1.09114][-0.84164,0.183119,-0.508044][0.261545,0.901726,0][-0.946916,-0.39939,-1.13677][-0.84164,0.183119,-0.508044][0.269089,0.761048,0][-0.97563,-0.358717,-1.07454][-0.84164,0.183119,-0.508044][0.228814,0.797141,0][-0.97563,-0.358717,-1.07454][-0.285436,0.736598,-0.613148][0.228814,0.797141,0][-0.946916,-0.39939,-1.13677][-0.285436,0.736598,-0.613148][0.269089,0.761048,0][-1.08955,-0.358717,-1.02151][-0.285436,0.736598,-0.613148][0.124261,0.797141,0][-1.08955,-0.358717,-1.02151][-0.570521,0.231921,-0.787857][0.124261,0.797141,0][-0.946916,-0.39939,-1.13677][-0.570521,0.231921,-0.787857][0.269089,0.761048,0][-1.09631,-0.364656,-1.01836][-0.570521,0.231921,-0.787857][0.118056,0.791871,0][-1.09631,-0.364656,-1.01836][-0.618529,-0.439194,-0.65156][0.118056,0.791871,0][-0.946916,-0.39939,-1.13677][-0.618529,-0.439194,-0.65156][0.269089,0.761048,0][-1.00362,-0.431185,-1.06151][-0.618529,-0.439194,-0.65156][0.203129,0.732833,0][1.21731,0.245662,0.271642][-0.999713,1.15095e-006,-0.02397][0.262512,0.893237,0][1.21964,-0.0171202,0.174303][-0.999713,1.15095e-006,-0.02397][0.229156,0.79802,0][1.21621,-0.0414712,0.317378][-0.999713,1.15095e-006,-0.02397][0.27413,0.787898,0][1.21621,-0.0414712,0.317378][-0.999713,1.15095e-006,-0.02397][0.27413,0.787898,0][1.21621,0.266428,0.317378][-0.999713,1.15095e-006,-0.02397][0.277171,0.900437,0][1.21731,0.245662,0.271642][-0.999713,1.15095e-006,-0.02397][0.262512,0.893237,0][1.21059,-0.217514,0.551774][-0.999713,1.15095e-006,-0.023968][0.346464,0.721553,0][1.21621,-0.354308,0.317378][-0.999713,1.15095e-006,-0.023968][0.271041,0.673555,0][1.20966,-0.531963,0.59074][-0.999713,1.15095e-006,-0.023968][0.355673,0.606288,0][1.20966,-0.531963,0.59074][-0.999713,1.15095e-006,-0.023968][0.355673,0.606288,0][1.20778,-0.5294,0.669085][-0.999713,1.15095e-006,-0.023968][0.380457,0.606555,0][1.21059,-0.217514,0.551774][-0.999713,1.15095e-006,-0.023968][0.346464,0.721553,0][1.22183,-0.217514,0.082982][-0.999713,1.15095e-006,-0.023972][0.19832,0.725555,0][1.21964,-0.0171202,0.174303][-0.999713,1.15095e-006,-0.023972][0.229156,0.79802,0][1.22706,-0.0171202,-0.135032][-0.999713,1.15095e-006,-0.023972][0.131402,0.800661,0][1.22706,-0.0171202,-0.135032][-0.999713,1.15095e-006,-0.023972][0.131402,0.800661,0][1.22839,-0.0570582,-0.190684][-0.999713,1.15095e-006,-0.023972][0.113421,0.786539,0][1.22183,-0.217514,0.082982][-0.999713,1.15095e-006,-0.023972][0.19832,0.725555,0][1.22183,-0.217514,0.082982][-0.999713,-8.49048e-007,-0.023971][0.19832,0.725555,0][1.22464,-0.5294,-0.034329][-0.999713,-8.49048e-007,-0.023971][0.158167,0.612562,0][1.22277,-0.531963,0.044017][-0.999713,-8.49048e-007,-0.023971][0.182901,0.610956,0][1.22277,-0.531963,0.044017][-0.999713,-8.49048e-007,-0.023971][0.182901,0.610956,0][1.21621,-0.354308,0.317378][-0.999713,-8.49048e-007,-0.023971][0.271041,0.673555,0][1.22183,-0.217514,0.082982][-0.999713,-8.49048e-007,-0.023971][0.19832,0.725555,0][1.21621,-0.0414712,0.317378][-0.999713,1.50952e-007,-0.02397][0.27413,0.787898,0][1.21278,-0.0171202,0.460453][-0.999713,1.50952e-007,-0.02397][0.319585,0.795577,0][1.21511,0.245662,0.363115][-0.999713,1.50952e-007,-0.02397][0.29142,0.892456,0][1.21511,0.245662,0.363115][-0.999713,1.50952e-007,-0.02397][0.29142,0.892456,0][1.21621,0.266428,0.317378][-0.999713,1.50952e-007,-0.02397][0.277171,0.900437,0][1.21621,-0.0414712,0.317378][-0.999713,1.50952e-007,-0.02397][0.27413,0.787898,0][1.21059,-0.217514,0.551774][-0.999713,2.15095e-006,-0.023971][0.346464,0.721553,0][1.20403,-0.0570581,0.82544][-0.999713,2.15095e-006,-0.023971][0.434532,0.777863,0][1.20536,-0.0171201,0.769789][-0.999713,2.15095e-006,-0.023971][0.417339,0.792936,0][1.20536,-0.0171201,0.769789][-0.999713,2.15095e-006,-0.023971][0.417339,0.792936,0][1.21278,-0.0171202,0.460453][-0.999713,2.15095e-006,-0.023971][0.319585,0.795577,0][1.21059,-0.217514,0.551774][-0.999713,2.15095e-006,-0.023971][0.346464,0.721553,0][1.21621,-0.0414712,0.317378][-0.999713,1.50952e-007,-0.02397][0.27413,0.787898,0][1.21964,-0.0171202,0.174303][-0.999713,1.50952e-007,-0.02397][0.229156,0.79802,0][1.22183,-0.217514,0.082982][-0.999713,1.50952e-007,-0.02397][0.19832,0.725555,0][1.22183,-0.217514,0.082982][-0.999713,1.50952e-007,-0.02397][0.19832,0.725555,0][1.21621,-0.354308,0.317378][-0.999713,1.50952e-007,-0.02397][0.271041,0.673555,0][1.21621,-0.0414712,0.317378][-0.999713,1.50952e-007,-0.02397][0.27413,0.787898,0][1.21621,-0.0414712,0.317378][-0.999713,1.50952e-007,-0.02397][0.27413,0.787898,0][1.21621,-0.354308,0.317378][-0.999713,1.50952e-007,-0.02397][0.271041,0.673555,0][1.21059,-0.217514,0.551774][-0.999713,1.50952e-007,-0.02397][0.346464,0.721553,0][1.21059,-0.217514,0.551774][-0.999713,1.50952e-007,-0.02397][0.346464,0.721553,0][1.21278,-0.0171202,0.460453][-0.999713,1.50952e-007,-0.02397][0.319585,0.795577,0][1.21621,-0.0414712,0.317378][-0.999713,1.50952e-007,-0.02397][0.27413,0.787898,0][1.25385,0.22858,0.295463][0.567359,0.75484,-0.329119][0.663433,0.720025,0][1.21731,0.245662,0.271642][0.567359,0.754841,-0.329119][0.67905,0.734995,0][1.21621,0.266428,0.317378][0.567359,0.754841,-0.329119][0.647557,0.753193,0][1.21621,0.266428,0.317378][0.567359,0.754841,-0.329119][0.647557,0.753193,0][1.2533,0.239048,0.318519][0.567359,0.754841,-0.329119][0.647557,0.729199,0][1.25385,0.22858,0.295463][0.567359,0.75484,-0.329119][0.663433,0.720025,0][1.25385,0.22858,0.295463][0.612542,0.279339,-0.739434][0.663433,0.720025,0][1.25625,-0.0414712,0.195432][0.612542,0.279339,-0.739434][0.73231,0.483369,0][1.21964,-0.0171202,0.174303][0.612542,0.279339,-0.739434][0.746073,0.504709,0][1.21964,-0.0171202,0.174303][0.612542,0.279339,-0.739434][0.746073,0.504709,0][1.21731,0.245662,0.271642][0.612542,0.279339,-0.739434][0.67905,0.734995,0][1.25385,0.22858,0.295463][0.612542,0.279339,-0.739434][0.663433,0.720025,0][1.24654,-0.507314,0.600472][0.576804,-0.691195,-0.435369][0.453415,0.075132,0][1.20966,-0.531963,0.59074][0.576804,-0.691195,-0.435369][0.459331,0.053531,0][1.21621,-0.354308,0.317378][0.576804,-0.691195,-0.435369][0.647557,0.209218,0][1.21621,-0.354308,0.317378][0.576804,-0.691195,-0.435369][0.647557,0.209218,0][1.2533,-0.324075,0.318519][0.576804,-0.691195,-0.435369][0.647557,0.235712,0][1.24654,-0.507314,0.600472][0.576804,-0.691195,-0.435369][0.453415,0.075132,0][1.24577,-0.506267,0.632473][0.547772,-0.835649,0.040464][0.431381,0.076049,0][1.20778,-0.5294,0.669085][0.547772,-0.835649,0.040464][0.405385,0.055777,0][1.20966,-0.531963,0.59074][0.547772,-0.835649,0.040464][0.459331,0.053531,0][1.20966,-0.531963,0.59074][0.547772,-0.835649,0.040464][0.459331,0.053531,0][1.24654,-0.507314,0.600472][0.547772,-0.835649,0.040464][0.453415,0.075132,0][1.24577,-0.506267,0.632473][0.547772,-0.835649,0.040464][0.431381,0.076049,0][1.24577,-0.506267,0.632473][0.569529,0.284874,0.771028][0.431381,0.076049,0][1.24847,-0.207522,0.520105][0.569529,0.284874,0.771028][0.508753,0.337851,0][1.21059,-0.217514,0.551774][0.569529,0.284874,0.771028][0.486161,0.329096,0][1.21059,-0.217514,0.551774][0.569529,0.284874,0.771028][0.486161,0.329096,0][1.20778,-0.5294,0.669085][0.569529,0.284874,0.771028][0.405385,0.055777,0][1.24577,-0.506267,0.632473][0.569529,0.284874,0.771028][0.431381,0.076049,0][1.26391,-0.0414712,-0.124103][0.548507,0.836043,0.013153][0.952329,0.483369,0][1.22706,-0.0171202,-0.135032][0.548507,0.836043,0.013153][0.959069,0.504709,0][1.21964,-0.0171202,0.174303][0.548507,0.836043,0.013153][0.746073,0.504709,0][1.21964,-0.0171202,0.174303][0.548507,0.836043,0.013153][0.746073,0.504709,0][1.25625,-0.0414712,0.195432][0.548507,0.836043,0.013153][0.73231,0.483369,0][1.26391,-0.0414712,-0.124103][0.548507,0.836043,0.013153][0.952329,0.483369,0][1.26437,-0.0550802,-0.143066][0.579815,0.668452,-0.465817][0.965386,0.471443,0][1.22839,-0.0570582,-0.190684][0.579815,0.668452,-0.465817][0.997388,0.469709,0][1.22706,-0.0171202,-0.135032][0.579815,0.668452,-0.465817][0.959069,0.504709,0][1.22706,-0.0171202,-0.135032][0.579815,0.668452,-0.465817][0.959069,0.504709,0][1.26391,-0.0414712,-0.124103][0.579815,0.668452,-0.465817][0.952329,0.483369,0][1.26437,-0.0550802,-0.143066][0.579815,0.668452,-0.465817][0.965386,0.471443,0][1.26437,-0.0550802,-0.143066][0.573854,-0.712408,-0.403939][0.965386,0.471443,0][1.25813,-0.207522,0.116933][0.573854,-0.712408,-0.403939][0.786362,0.337851,0][1.22183,-0.217514,0.082982][0.573854,-0.712408,-0.403939][0.808953,0.329096,0][1.22183,-0.217514,0.082982][0.573854,-0.712408,-0.403939][0.808953,0.329096,0][1.22839,-0.0570582,-0.190684][0.573854,-0.712408,-0.403939][0.997388,0.469709,0][1.26437,-0.0550802,-0.143066][0.573854,-0.712408,-0.403939][0.965386,0.471443,0][1.26083,-0.506267,0.00456402][0.612369,0.283159,-0.738123][0.863734,0.076049,0][1.22464,-0.5294,-0.034329][0.612369,0.283159,-0.738123][0.889729,0.055777,0][1.22183,-0.217514,0.082982][0.612369,0.283159,-0.738123][0.808953,0.329096,0][1.22183,-0.217514,0.082982][0.612369,0.283159,-0.738123][0.808953,0.329096,0][1.25813,-0.207522,0.116933][0.612369,0.283159,-0.738123][0.786362,0.337851,0][1.26083,-0.506267,0.00456402][0.612369,0.283159,-0.738123][0.863734,0.076049,0][1.26083,-0.506267,0.00456402][0.54934,-0.835479,-0.014156][0.863734,0.076049,0][1.26006,-0.507314,0.036566][0.54934,-0.835479,-0.014156][0.841699,0.075132,0][1.22277,-0.531963,0.044017][0.54934,-0.835479,-0.014156][0.835783,0.053531,0][1.22277,-0.531963,0.044017][0.54934,-0.835479,-0.014156][0.835783,0.053531,0][1.22464,-0.5294,-0.034329][0.54934,-0.835479,-0.014156][0.889729,0.055777,0][1.26083,-0.506267,0.00456402][0.54934,-0.835479,-0.014156][0.863734,0.076049,0][1.26006,-0.507314,0.036566][0.551087,-0.693573,0.463961][0.841699,0.075132,0][1.2533,-0.324075,0.318519][0.551087,-0.693573,0.463961][0.647557,0.235712,0][1.21621,-0.354308,0.317378][0.551087,-0.693573,0.463961][0.647557,0.209218,0][1.21621,-0.354308,0.317378][0.551087,-0.693573,0.463961][0.647557,0.209218,0][1.22277,-0.531963,0.044017][0.551087,-0.693573,0.463961][0.835783,0.053531,0][1.26006,-0.507314,0.036566][0.551087,-0.693573,0.463961][0.841699,0.075132,0][1.25275,0.22858,0.341576][0.56963,0.281033,0.772361][0.631682,0.720025,0][1.21511,0.245662,0.363115][0.56963,0.281033,0.772361][0.616065,0.734995,0][1.21278,-0.0171202,0.460453][0.56963,0.281033,0.772361][0.549041,0.504709,0][1.21278,-0.0171202,0.460453][0.56963,0.281033,0.772361][0.549041,0.504709,0][1.25035,-0.0414712,0.441606][0.56963,0.281033,0.772361][0.562804,0.483369,0][1.25275,0.22858,0.341576][0.56963,0.281033,0.772361][0.631682,0.720025,0][1.25275,0.22858,0.341576][0.54771,0.756804,0.356736][0.631682,0.720025,0][1.2533,0.239048,0.318519][0.54771,0.756804,0.356736][0.647557,0.729199,0][1.21621,0.266428,0.317378][0.54771,0.756804,0.356736][0.647557,0.753193,0][1.21621,0.266428,0.317378][0.54771,0.756804,0.356736][0.647557,0.753193,0][1.21511,0.245662,0.363115][0.54771,0.756804,0.356736][0.616065,0.734995,0][1.25275,0.22858,0.341576][0.54771,0.756804,0.356736][0.631682,0.720025,0][1.24223,-0.0550802,0.780104][0.549922,-0.714683,0.43222][0.329728,0.471443,0][1.20403,-0.0570581,0.82544][0.549922,-0.714683,0.43222][0.297726,0.469709,0][1.21059,-0.217514,0.551774][0.549922,-0.714683,0.43222][0.486161,0.329096,0][1.21059,-0.217514,0.551774][0.549922,-0.714683,0.43222][0.486161,0.329096,0][1.24847,-0.207522,0.520105][0.549922,-0.714683,0.43222][0.508753,0.337851,0][1.24223,-0.0550802,0.780104][0.549922,-0.714683,0.43222][0.329728,0.471443,0][1.24223,-0.0550802,0.780104][0.552358,0.670922,0.494737][0.329728,0.471443,0][1.24269,-0.0414712,0.761141][0.552358,0.670922,0.494737][0.342786,0.483369,0][1.20536,-0.0171201,0.769789][0.552358,0.670922,0.494737][0.336046,0.504709,0][1.20536,-0.0171201,0.769789][0.552358,0.670922,0.494737][0.336046,0.504709,0][1.20403,-0.0570581,0.82544][0.552358,0.670922,0.494737][0.297726,0.469709,0][1.24223,-0.0550802,0.780104][0.552358,0.670922,0.494737][0.329728,0.471443,0][1.24269,-0.0414712,0.761141][0.548508,0.836042,0.013152][0.342786,0.483369,0][1.25035,-0.0414712,0.441606][0.548508,0.836042,0.013152][0.562804,0.483369,0][1.21278,-0.0171202,0.460453][0.548508,0.836042,0.013152][0.549041,0.504709,0][1.21278,-0.0171202,0.460453][0.548508,0.836042,0.013152][0.549041,0.504709,0][1.20536,-0.0171201,0.769789][0.548508,0.836042,0.013152][0.336046,0.504709,0][1.24269,-0.0414712,0.761141][0.548508,0.836042,0.013152][0.342786,0.483369,0][1.25625,-0.0414712,0.195432][0.862926,0.182249,-0.471322][0.73231,0.483369,0][1.25385,0.22858,0.295463][0.862926,0.182249,-0.471322][0.663433,0.720025,0][1.3447,-0.134668,0.32133][0.862926,0.182249,-0.471322][0.647557,0.401697,0][1.25385,0.22858,0.295463][0.968084,0.236132,-0.083989][0.663433,0.720025,0][1.2533,0.239048,0.318519][0.968084,0.236132,-0.083989][0.647557,0.729199,0][1.3447,-0.134668,0.32133][0.968084,0.236132,-0.083989][0.647557,0.401697,0][1.24847,-0.207522,0.520105][0.860237,0.172696,0.479759][0.508753,0.337851,0][1.24577,-0.506267,0.632473][0.860237,0.172696,0.479759][0.431381,0.076049,0][1.3447,-0.134668,0.32133][0.860237,0.172696,0.479759][0.647557,0.401697,0][1.24577,-0.506267,0.632473][0.972013,-0.232887,0.030909][0.431381,0.076049,0][1.24654,-0.507314,0.600472][0.972013,-0.232887,0.030909][0.453415,0.075132,0][1.3447,-0.134668,0.32133][0.972013,-0.232887,0.030909][0.647557,0.401697,0][1.24654,-0.507314,0.600472][0.873352,-0.41772,-0.250532][0.453415,0.075132,0][1.2533,-0.324075,0.318519][0.873352,-0.41772,-0.250532][0.647557,0.235712,0][1.3447,-0.134668,0.32133][0.873352,-0.41772,-0.250532][0.647557,0.401697,0][1.25813,-0.207522,0.116933][0.880454,-0.417922,-0.223925][0.786362,0.337851,0][1.26437,-0.0550802,-0.143066][0.880453,-0.417923,-0.223925][0.965386,0.471443,0][1.3447,-0.134668,0.32133][0.880454,-0.417922,-0.223925][0.647557,0.401697,0][1.26437,-0.0550802,-0.143066][0.967962,0.214405,-0.130694][0.965386,0.471443,0][1.26391,-0.0414712,-0.124103][0.967962,0.214405,-0.130694][0.952329,0.483369,0][1.3447,-0.134668,0.32133][0.967962,0.214405,-0.130694][0.647557,0.401697,0][1.26391,-0.0414712,-0.124103][0.713596,0.700348,0.017111][0.952329,0.483369,0][1.25625,-0.0414712,0.195432][0.713596,0.700348,0.017111][0.73231,0.483369,0][1.3447,-0.134668,0.32133][0.713596,0.700348,0.017111][0.647557,0.401697,0][1.2533,-0.324075,0.318519][0.859403,-0.419057,0.292948][0.647557,0.235712,0][1.26006,-0.507314,0.036566][0.859403,-0.419057,0.292948][0.841699,0.075132,0][1.3447,-0.134668,0.32133][0.859403,-0.419057,0.292948][0.647557,0.401697,0][1.26006,-0.507314,0.036566][0.972384,-0.232857,0.01571][0.841699,0.075132,0][1.26083,-0.506267,0.00456402][0.972384,-0.232857,0.01571][0.863734,0.076049,0][1.3447,-0.134668,0.32133][0.972384,-0.232857,0.01571][0.647557,0.401697,0][1.26083,-0.506267,0.00456402][0.883663,0.171769,-0.435472][0.863734,0.076049,0][1.25813,-0.207522,0.116933][0.883663,0.171768,-0.435472][0.786362,0.337851,0][1.3447,-0.134668,0.32133][0.883663,0.171768,-0.435472][0.647557,0.401697,0][1.2533,0.239048,0.318519][0.962848,0.236463,0.130419][0.647557,0.729199,0][1.25275,0.22858,0.341576][0.962848,0.236464,0.130419][0.631682,0.720025,0][1.3447,-0.134668,0.32133][0.962848,0.236464,0.130419][0.647557,0.401697,0][1.25275,0.22858,0.341576][0.837429,0.183286,0.514898][0.631682,0.720025,0][1.25035,-0.0414712,0.441606][0.837428,0.183286,0.514898][0.562804,0.483369,0][1.3447,-0.134668,0.32133][0.837428,0.183286,0.514898][0.647557,0.401697,0][1.25035,-0.0414712,0.441606][0.713599,0.700346,0.017111][0.562804,0.483369,0][1.24269,-0.0414712,0.761141][0.713599,0.700346,0.017111][0.342786,0.483369,0][1.3447,-0.134668,0.32133][0.713599,0.700346,0.017111][0.647557,0.401697,0][1.24269,-0.0414712,0.761141][0.960424,0.21488,0.177235][0.342786,0.483369,0][1.24223,-0.0550802,0.780104][0.960424,0.21488,0.177235][0.329728,0.471443,0][1.3447,-0.134668,0.32133][0.960424,0.21488,0.177235][0.647557,0.401697,0][1.24223,-0.0550802,0.780104][0.867912,-0.419136,0.266559][0.329728,0.471443,0][1.24847,-0.207522,0.520105][0.867912,-0.419136,0.266559][0.508753,0.337851,0][1.3447,-0.134668,0.32133][0.867912,-0.419136,0.266559][0.647557,0.401697,0][1.44941,0.0323058,-0.459153][-0.999713,-8.49048e-007,-0.023975][0.255965,0.895298,0][1.44875,-0.110571,-0.431368][-0.999713,-8.49048e-007,-0.023975][0.224834,0.8017,0][1.44699,-0.0908932,-0.358291][-0.999713,-8.49048e-007,-0.023975][0.268231,0.795608,0][1.44699,-0.0908932,-0.358291][-0.999713,-8.49048e-007,-0.023975][0.268231,0.795608,0][1.44904,0.0518308,-0.443713][-0.999713,-8.49048e-007,-0.023975][0.270003,0.90334,0][1.44941,0.0323058,-0.459153][-0.999713,-8.49048e-007,-0.023975][0.255965,0.895298,0][1.44322,-0.121764,-0.200799][-0.999713,5.15095e-006,-0.023969][0.338544,0.737992,0][1.44491,-0.235905,-0.271499][-0.999713,5.15095e-006,-0.023969][0.266431,0.68615,0][1.44069,-0.25909,-0.095497][-0.999713,5.15095e-006,-0.023969][0.348594,0.62863,0][1.44069,-0.25909,-0.095497][-0.999713,5.15095e-006,-0.023969][0.348594,0.62863,0][1.43984,-0.240946,-0.059892][-0.999713,5.15095e-006,-0.023969][0.372449,0.630857,0][1.44322,-0.121764,-0.200799][-0.999713,5.15095e-006,-0.023969][0.338544,0.737992,0][1.44843,-0.223227,-0.418102][-0.999713,4.15095e-006,-0.023972][0.195892,0.730034,0][1.44875,-0.110571,-0.431368][-0.999713,4.15095e-006,-0.023972][0.224834,0.8017,0][1.45218,-0.177523,-0.574757][-0.999713,4.15095e-006,-0.023972][0.130702,0.796451,0][1.45218,-0.177523,-0.574757][-0.999713,4.15095e-006,-0.023972][0.130702,0.796451,0][1.45254,-0.208081,-0.589473][-0.999713,4.15095e-006,-0.023972][0.113537,0.781531,0][1.44843,-0.223227,-0.418102][-0.999713,4.15095e-006,-0.023972][0.195892,0.730034,0][1.44843,-0.223227,-0.418102][-0.999713,-1.84905e-006,-0.023971][0.195892,0.730034,0][1.44766,-0.393189,-0.385953][-0.999713,-1.84905e-006,-0.023971][0.158398,0.618917,0][1.44677,-0.377421,-0.348925][-0.999713,-1.84905e-006,-0.023971][0.182225,0.61935,0][1.44677,-0.377421,-0.348925][-0.999713,-1.84905e-006,-0.023971][0.182225,0.61935,0][1.44491,-0.235905,-0.271499][-0.999713,-1.84905e-006,-0.023971][0.266431,0.68615,0][1.44843,-0.223227,-0.418102][-0.999713,-1.84905e-006,-0.023971][0.195892,0.730034,0][1.44699,-0.0908932,-0.358291][-0.999713,-5.84905e-006,-0.023973][0.268231,0.795608,0][1.44556,-0.0486392,-0.298726][-0.999713,-5.84905e-006,-0.023973][0.311909,0.806558,0][1.4484,0.0521038,-0.416751][-0.999713,-5.84905e-006,-0.023973][0.2838,0.896851,0][1.4484,0.0521038,-0.416751][-0.999713,-5.84905e-006,-0.023973][0.2838,0.896851,0][1.44904,0.0518308,-0.443713][-0.999713,-5.84905e-006,-0.023973][0.270003,0.90334,0][1.44699,-0.0908932,-0.358291][-0.999713,-5.84905e-006,-0.023973][0.268231,0.795608,0][1.44322,-0.121764,-0.200799][-0.999713,1.50952e-007,-0.023969][0.338544,0.737992,0][1.44124,0.0118438,-0.11846][-0.999713,1.50952e-007,-0.023969][0.422744,0.798778,0][1.44213,0.0183118,-0.155337][-0.999713,1.50952e-007,-0.023969][0.406041,0.811808,0][1.44213,0.0183118,-0.155337][-0.999713,1.50952e-007,-0.023969][0.406041,0.811808,0][1.44556,-0.0486392,-0.298726][-0.999713,1.50952e-007,-0.023969][0.311909,0.806558,0][1.44322,-0.121764,-0.200799][-0.999713,1.50952e-007,-0.023969][0.338544,0.737992,0][1.44699,-0.0908932,-0.358291][-0.999713,5.15095e-006,-0.02397][0.268231,0.795608,0][1.44875,-0.110571,-0.431368][-0.999713,5.15095e-006,-0.02397][0.224834,0.8017,0][1.44843,-0.223227,-0.418102][-0.999713,5.15095e-006,-0.02397][0.195892,0.730034,0][1.44843,-0.223227,-0.418102][-0.999713,5.15095e-006,-0.02397][0.195892,0.730034,0][1.44491,-0.235905,-0.271499][-0.999713,5.15095e-006,-0.02397][0.266431,0.68615,0][1.44699,-0.0908932,-0.358291][-0.999713,5.15095e-006,-0.02397][0.268231,0.795608,0][1.44699,-0.0908932,-0.358291][-0.999713,2.15095e-006,-0.023972][0.268231,0.795608,0][1.44491,-0.235905,-0.271499][-0.999713,2.15095e-006,-0.023972][0.266431,0.68615,0][1.44322,-0.121764,-0.200799][-0.999713,2.15095e-006,-0.023972][0.338544,0.737992,0][1.44322,-0.121764,-0.200799][-0.999713,2.15095e-006,-0.023972][0.338544,0.737992,0][1.44556,-0.0486392,-0.298726][-0.999713,2.15095e-006,-0.023972][0.311909,0.806558,0][1.44699,-0.0908932,-0.358291][-0.999713,2.15095e-006,-0.023972][0.268231,0.795608,0][1.46849,0.0292968,-0.443302][0.597455,0.504336,-0.623452][0.276633,0.901726,0][1.44941,0.0323058,-0.459153][0.597455,0.504336,-0.623452][0.284054,0.908342,0][1.44904,0.0518308,-0.443713][0.597455,0.504336,-0.623452][0.269089,0.916384,0][1.44904,0.0518308,-0.443713][0.597455,0.504336,-0.623452][0.269089,0.916384,0][1.46831,0.0391388,-0.435519][0.597455,0.504336,-0.623452][0.269089,0.90578,0][1.46849,0.0292968,-0.443302][0.597455,0.504336,-0.623452][0.276633,0.901726,0][1.46849,0.0292968,-0.443302][0.617078,-0.152985,-0.771887][0.276633,0.901726,0][1.46781,-0.117533,-0.414749][0.617078,-0.152985,-0.771887][0.309364,0.797141,0][1.44875,-0.110571,-0.431368][0.617078,-0.152985,-0.771887][0.315904,0.806572,0][1.44875,-0.110571,-0.431368][0.617078,-0.152985,-0.771887][0.315904,0.806572,0][1.44941,0.0323058,-0.459153][0.617078,-0.152985,-0.771887][0.284054,0.908342,0][1.46849,0.0292968,-0.443302][0.617078,-0.152985,-0.771887][0.276633,0.901726,0][1.46021,-0.245805,-0.097755][0.55254,-0.82796,-0.095821][0.176833,0.616731,0][1.44069,-0.25909,-0.095497][0.55254,-0.82796,-0.095821][0.179644,0.607185,0][1.44491,-0.235905,-0.271499][0.55254,-0.82796,-0.095821][0.269089,0.675986,0][1.44491,-0.235905,-0.271499][0.55254,-0.82796,-0.095821][0.269089,0.675986,0][1.46456,-0.221891,-0.279288][0.55254,-0.82796,-0.095821][0.269089,0.687695,0][1.46021,-0.245805,-0.097755][0.55254,-0.82796,-0.095821][0.176833,0.616731,0][1.45986,-0.238394,-0.083211][0.548567,-0.739559,0.390034][0.166362,0.617136,0][1.43984,-0.240946,-0.059892][0.548567,-0.739559,0.390034][0.154009,0.608177,0][1.44069,-0.25909,-0.095497][0.548567,-0.739559,0.390034][0.179644,0.607185,0][1.44069,-0.25909,-0.095497][0.548567,-0.739559,0.390034][0.179644,0.607185,0][1.46021,-0.245805,-0.097755][0.548567,-0.739559,0.390034][0.176833,0.616731,0][1.45986,-0.238394,-0.083211][0.548567,-0.739559,0.390034][0.166362,0.617136,0][1.45986,-0.238394,-0.083211][0.554715,0.628666,0.545042][0.166362,0.617136,0][1.4631,-0.124234,-0.218181][0.554715,0.628666,0.545042][0.203129,0.732833,0][1.44322,-0.121764,-0.200799][0.554715,0.628666,0.545042][0.192394,0.728964,0][1.44322,-0.121764,-0.200799][0.554715,0.628666,0.545042][0.192394,0.728964,0][1.43984,-0.240946,-0.059892][0.554715,0.628666,0.545042][0.154009,0.608177,0][1.45986,-0.238394,-0.083211][0.554715,0.628666,0.545042][0.166362,0.617136,0][1.47136,-0.186692,-0.562865][0.568001,0.750879,-0.336982][0.413917,0.797141,0][1.45218,-0.177523,-0.574757][0.568001,0.750879,-0.336982][0.41712,0.806572,0][1.44875,-0.110571,-0.431368][0.568001,0.750879,-0.336982][0.315904,0.806572,0][1.44875,-0.110571,-0.431368][0.568001,0.750879,-0.336982][0.315904,0.806572,0][1.46781,-0.117533,-0.414749][0.568001,0.750879,-0.336982][0.309364,0.797141,0][1.47136,-0.186692,-0.562865][0.568001,0.750879,-0.336982][0.413917,0.797141,0][1.47148,-0.197105,-0.56788][0.608807,0.349919,-0.711977][0.420122,0.791871,0][1.45254,-0.208081,-0.589473][0.608807,0.349919,-0.711977][0.435329,0.791105,0][1.45218,-0.177523,-0.574757][0.608807,0.349919,-0.711977][0.41712,0.806572,0][1.45218,-0.177523,-0.574757][0.608807,0.349919,-0.711977][0.41712,0.806572,0][1.47136,-0.186692,-0.562865][0.608807,0.349919,-0.711977][0.413917,0.797141,0][1.47148,-0.197105,-0.56788][0.608807,0.349919,-0.711977][0.420122,0.791871,0][1.47148,-0.197105,-0.56788][0.551025,-0.832304,-0.060349][0.420122,0.791871,0][1.46758,-0.211495,-0.405067][0.551025,-0.832304,-0.060349][0.335049,0.732833,0][1.44843,-0.223227,-0.418102][0.551025,-0.832304,-0.060349][0.345784,0.728964,0][1.44843,-0.223227,-0.418102][0.551025,-0.832304,-0.060349][0.345784,0.728964,0][1.45254,-0.208081,-0.589473][0.551025,-0.832304,-0.060349][0.435329,0.791105,0][1.47148,-0.197105,-0.56788][0.551025,-0.832304,-0.060349][0.420122,0.791871,0][1.46684,-0.374295,-0.374272][0.617174,-0.148942,-0.772601][0.371816,0.617136,0][1.44766,-0.393189,-0.385953][0.617174,-0.148942,-0.772601][0.384169,0.608177,0][1.44843,-0.223227,-0.418102][0.617174,-0.148942,-0.772601][0.345784,0.728964,0][1.44843,-0.223227,-0.418102][0.617174,-0.148942,-0.772601][0.345784,0.728964,0][1.46758,-0.211495,-0.405067][0.617174,-0.148942,-0.772601][0.335049,0.732833,0][1.46684,-0.374295,-0.374272][0.617174,-0.148942,-0.772601][0.371816,0.617136,0][1.46684,-0.374295,-0.374272][0.547319,-0.765198,0.33899][0.371816,0.617136,0][1.46648,-0.367854,-0.359148][0.547319,-0.765198,0.33899][0.361345,0.616731,0][1.44677,-0.377421,-0.348925][0.547319,-0.765198,0.33899][0.358534,0.607185,0][1.44677,-0.377421,-0.348925][0.547319,-0.765198,0.33899][0.358534,0.607185,0][1.44766,-0.393189,-0.385953][0.547319,-0.765198,0.33899][0.384169,0.608177,0][1.46684,-0.374295,-0.374272][0.547319,-0.765198,0.33899][0.371816,0.617136,0][1.46648,-0.367854,-0.359148][0.56607,-0.389947,0.726296][0.361345,0.616731,0][1.46456,-0.221891,-0.279288][0.56607,-0.389947,0.726296][0.269089,0.687695,0][1.44491,-0.235905,-0.271499][0.56607,-0.389947,0.726296][0.269089,0.675986,0][1.44491,-0.235905,-0.271499][0.56607,-0.389947,0.726296][0.269089,0.675986,0][1.44677,-0.377421,-0.348925][0.56607,-0.389947,0.726296][0.358534,0.607185,0][1.46648,-0.367854,-0.359148][0.56607,-0.389947,0.726296][0.361345,0.616731,0][1.46798,0.0392768,-0.421927][0.554843,0.62617,0.547779][0.261545,0.901726,0][1.4484,0.0521038,-0.416751][0.554843,0.62617,0.547778][0.254124,0.908342,0][1.44556,-0.0486392,-0.298726][0.554843,0.62617,0.547778][0.222274,0.806572,0][1.44556,-0.0486392,-0.298726][0.554843,0.62617,0.547778][0.222274,0.806572,0][1.46507,-0.0642522,-0.300637][0.554843,0.62617,0.547779][0.228814,0.797141,0][1.46798,0.0392768,-0.421927][0.554843,0.62617,0.547779][0.261545,0.901726,0][1.46831,0.0391388,-0.435519][0.548741,0.835979,0.004699][0.269089,0.90578,0][1.44904,0.0518308,-0.443713][0.548741,0.835979,0.004699][0.269089,0.916384,0][1.4484,0.0521038,-0.416751][0.548741,0.835979,0.004699][0.254124,0.908342,0][1.4484,0.0521038,-0.416751][0.548741,0.835979,0.004699][0.254124,0.908342,0][1.46798,0.0392768,-0.421927][0.548741,0.835979,0.004699][0.261545,0.901726,0][1.46831,0.0391388,-0.435519][0.548741,0.835979,0.004699][0.269089,0.90578,0][1.46122,0.00270177,-0.139954][0.564607,-0.426959,0.706346][0.118056,0.791871,0][1.44124,0.0118438,-0.11846][0.564607,-0.426959,0.706346][0.102849,0.791105,0][1.44322,-0.121764,-0.200799][0.564607,-0.426959,0.706346][0.192394,0.728964,0][1.44322,-0.121764,-0.200799][0.564607,-0.426959,0.706346][0.192394,0.728964,0][1.4631,-0.124234,-0.218181][0.564607,-0.426959,0.706346][0.203129,0.732833,0][1.46122,0.00270177,-0.139954][0.564607,-0.426959,0.706346][0.118056,0.791871,0][1.46122,0.00270177,-0.139954][0.545974,0.82288,0.157418][0.118056,0.791871,0][1.46152,0.00490577,-0.15252][0.545974,0.82288,0.157418][0.124261,0.797141,0][1.44213,0.0183118,-0.155337][0.545974,0.82288,0.157418][0.121059,0.806572,0][1.44213,0.0183118,-0.155337][0.545974,0.82288,0.157418][0.121059,0.806572,0][1.44124,0.0118438,-0.11846][0.545974,0.82288,0.157418][0.102849,0.791105,0][1.46122,0.00270177,-0.139954][0.545974,0.82288,0.157418][0.118056,0.791871,0][1.46152,0.00490577,-0.15252][0.56799,0.750885,-0.336985][0.124261,0.797141,0][1.46507,-0.0642522,-0.300637][0.56799,0.750885,-0.336985][0.228814,0.797141,0][1.44556,-0.0486392,-0.298726][0.56799,0.750885,-0.336985][0.222274,0.806572,0][1.44556,-0.0486392,-0.298726][0.56799,0.750885,-0.336985][0.222274,0.806572,0][1.44213,0.0183118,-0.155337][0.56799,0.750885,-0.336985][0.121059,0.806572,0][1.46152,0.00490577,-0.15252][0.56799,0.750885,-0.336985][0.124261,0.797141,0][1.46781,-0.117533,-0.414749][0.865626,-0.0994631,-0.490713][0.309364,0.797141,0][1.46849,0.0292968,-0.443302][0.865626,-0.0994631,-0.490713][0.276633,0.901726,0][1.51374,-0.134094,-0.330362][0.865626,-0.0994631,-0.490713][0.269089,0.761048,0][1.46849,0.0292968,-0.443302][0.973662,0.152508,-0.16948][0.276633,0.901726,0][1.46831,0.0391388,-0.435519][0.973662,0.152508,-0.16948][0.269089,0.90578,0][1.51374,-0.134094,-0.330362][0.973662,0.152508,-0.16948][0.269089,0.761048,0][1.4631,-0.124234,-0.218181][0.851646,0.389922,0.350228][0.203129,0.732833,0][1.45986,-0.238394,-0.083211][0.851646,0.389922,0.350228][0.166362,0.617136,0][1.51374,-0.134094,-0.330362][0.851646,0.389922,0.350228][0.269089,0.761048,0][1.45986,-0.238394,-0.083211][0.971143,-0.202262,0.126379][0.166362,0.617136,0][1.46021,-0.245805,-0.097755][0.971143,-0.202262,0.126379][0.176833,0.616731,0][1.51374,-0.134094,-0.330362][0.971143,-0.202262,0.126379][0.269089,0.761048,0][1.46021,-0.245805,-0.097755][0.859749,-0.508607,-0.046387][0.176833,0.616731,0][1.46456,-0.221891,-0.279288][0.859749,-0.508607,-0.046387][0.269089,0.687695,0][1.51374,-0.134094,-0.330362][0.859749,-0.508607,-0.046387][0.269089,0.761048,0][1.46758,-0.211495,-0.405067][0.868207,-0.495669,-0.02299][0.335049,0.732833,0][1.47148,-0.197105,-0.56788][0.868207,-0.495669,-0.02299][0.420122,0.791871,0][1.51374,-0.134094,-0.330362][0.868207,-0.495669,-0.02299][0.269089,0.761048,0][1.47148,-0.197105,-0.56788][0.973361,0.108491,-0.201983][0.420122,0.791871,0][1.47136,-0.186692,-0.562865][0.973361,0.108491,-0.201983][0.413917,0.797141,0][1.51374,-0.134094,-0.330362][0.973361,0.108491,-0.201983][0.269089,0.761048,0][1.47136,-0.186692,-0.562865][0.730125,0.625692,-0.274642][0.413917,0.797141,0][1.46781,-0.117533,-0.414749][0.730125,0.625692,-0.274642][0.309364,0.797141,0][1.51374,-0.134094,-0.330362][0.730125,0.625692,-0.274642][0.269089,0.761048,0][1.46456,-0.221891,-0.279288][0.867756,-0.229736,0.440706][0.269089,0.687695,0][1.46648,-0.367854,-0.359148][0.867756,-0.229736,0.440706][0.361345,0.616731,0][1.51374,-0.134094,-0.330362][0.867756,-0.229736,0.440706][0.269089,0.761048,0][1.46648,-0.367854,-0.359148][0.971115,-0.210258,0.112812][0.361345,0.616731,0][1.46684,-0.374295,-0.374272][0.971115,-0.210258,0.112812][0.371816,0.617136,0][1.51374,-0.134094,-0.330362][0.971115,-0.210258,0.112812][0.269089,0.761048,0][1.46684,-0.374295,-0.374272][0.886217,-0.0899811,-0.454449][0.371816,0.617136,0][1.46758,-0.211495,-0.405067][0.886217,-0.0899811,-0.454449][0.335049,0.732833,0][1.51374,-0.134094,-0.330362][0.886217,-0.0899811,-0.454449][0.269089,0.761048,0][1.46831,0.0391388,-0.435519][0.963965,0.265244,0.020442][0.269089,0.90578,0][1.46798,0.0392768,-0.421927][0.963965,0.265244,0.020442][0.261545,0.901726,0][1.51374,-0.134094,-0.330362][0.963965,0.265244,0.020442][0.269089,0.761048,0][1.46798,0.0392768,-0.421927][0.827685,0.41689,0.375687][0.261545,0.901726,0][1.46507,-0.0642522,-0.300637][0.827685,0.41689,0.375687][0.228814,0.797141,0][1.51374,-0.134094,-0.330362][0.827685,0.41689,0.375687][0.269089,0.761048,0][1.46507,-0.0642522,-0.300637][0.730123,0.625694,-0.27464][0.228814,0.797141,0][1.46152,0.00490577,-0.15252][0.730123,0.625694,-0.27464][0.124261,0.797141,0][1.51374,-0.134094,-0.330362][0.730123,0.625694,-0.27464][0.269089,0.761048,0][1.46152,0.00490577,-0.15252][0.960127,0.270535,0.070477][0.124261,0.797141,0][1.46122,0.00270177,-0.139954][0.960127,0.270535,0.070477][0.118056,0.791871,0][1.51374,-0.134094,-0.330362][0.960127,0.270535,0.070477][0.269089,0.761048,0][1.46122,0.00270177,-0.139954][0.87567,-0.243909,0.416786][0.118056,0.791871,0][1.4631,-0.124234,-0.218181][0.87567,-0.243909,0.416786][0.203129,0.732833,0][1.51374,-0.134094,-0.330362][0.87567,-0.243909,0.416786][0.269089,0.761048,0][1.30283,-0.0567092,0.624447][-0.938868,0.000436142,-0.344276][0.255965,0.895298,0][1.29407,-0.191678,0.648162][-0.938868,0.000436142,-0.344276][0.224834,0.8017,0][1.27068,-0.173313,0.71197][-0.938868,0.000436142,-0.344276][0.268231,0.795608,0][1.27068,-0.173313,0.71197][-0.938868,0.000436142,-0.344276][0.268231,0.795608,0][1.29787,-0.0383212,0.637984][-0.938868,0.000436142,-0.344276][0.270003,0.90334,0][1.30283,-0.0567092,0.624447][-0.938868,0.000436142,-0.344276][0.255965,0.895298,0][1.22033,-0.202917,0.849222][-0.938865,0.000429142,-0.344285][0.338544,0.737992,0][1.24305,-0.310469,0.787143][-0.938865,0.000429142,-0.344285][0.266431,0.68615,0][1.18678,-0.332872,0.940568][-0.938865,0.000429142,-0.344285][0.348594,0.62863,0][1.18678,-0.332872,0.940568][-0.938865,0.000429142,-0.344285][0.348594,0.62863,0][1.17537,-0.315846,0.971687][-0.938865,0.000429142,-0.344285][0.372449,0.630857,0][1.22033,-0.202917,0.849222][-0.938865,0.000429142,-0.344285][0.338544,0.737992,0][1.28993,-0.298072,0.659322][-0.938864,0.000438142,-0.344287][0.195892,0.730034,0][1.29407,-0.191678,0.648162][-0.938864,0.000438142,-0.344287][0.224834,0.8017,0][1.33999,-0.254466,0.522856][-0.938864,0.000438142,-0.344287][0.130702,0.796451,0][1.33999,-0.254466,0.522856][-0.938864,0.000438142,-0.344287][0.130702,0.796451,0][1.34472,-0.283272,0.509909][-0.938864,0.000438142,-0.344287][0.113537,0.781531,0][1.28993,-0.298072,0.659322][-0.938864,0.000438142,-0.344287][0.195892,0.730034,0][1.28993,-0.298072,0.659322][-0.938865,0.000430142,-0.344284][0.195892,0.730034,0][1.2798,-0.458624,0.686746][-0.938865,0.000430142,-0.344284][0.158398,0.618917,0][1.26794,-0.443846,0.719098][-0.938865,0.000430142,-0.344284][0.182225,0.61935,0][1.26794,-0.443846,0.719098][-0.938865,0.000430142,-0.344284][0.182225,0.61935,0][1.24305,-0.310469,0.787143][-0.938865,0.000430142,-0.344284][0.266431,0.68615,0][1.28993,-0.298072,0.659322][-0.938865,0.000430142,-0.344284][0.195892,0.730034,0][1.27068,-0.173313,0.71197][-0.938862,0.000423142,-0.344294][0.268231,0.795608,0][1.25159,-0.133595,0.764076][-0.938862,0.000423142,-0.344294][0.311909,0.806558,0][1.28925,-0.0381422,0.661501][-0.938862,0.000423142,-0.344294][0.2838,0.896851,0][1.28925,-0.0381422,0.661501][-0.938862,0.000423142,-0.344294][0.2838,0.896851,0][1.29787,-0.0383212,0.637984][-0.938862,0.000423142,-0.344294][0.270003,0.90334,0][1.27068,-0.173313,0.71197][-0.938862,0.000423142,-0.344294][0.268231,0.795608,0][1.22033,-0.202917,0.849222][-0.938867,0.000427142,-0.34428][0.338544,0.737992,0][1.19388,-0.0770211,0.921523][-0.938867,0.000427142,-0.34428][0.422744,0.798778,0][1.20567,-0.0708081,0.889382][-0.938867,0.000427142,-0.34428][0.406041,0.811808,0][1.20567,-0.0708081,0.889382][-0.938867,0.000427142,-0.34428][0.406041,0.811808,0][1.25159,-0.133595,0.764076][-0.938867,0.000427142,-0.34428][0.311909,0.806558,0][1.22033,-0.202917,0.849222][-0.938867,0.000427142,-0.34428][0.338544,0.737992,0][1.27068,-0.173313,0.71197][-0.938866,0.000438142,-0.344282][0.268231,0.795608,0][1.29407,-0.191678,0.648162][-0.938866,0.000438142,-0.344282][0.224834,0.8017,0][1.28993,-0.298072,0.659322][-0.938866,0.000438142,-0.344282][0.195892,0.730034,0][1.28993,-0.298072,0.659322][-0.938866,0.000438142,-0.344282][0.195892,0.730034,0][1.24305,-0.310469,0.787143][-0.938866,0.000438142,-0.344282][0.266431,0.68615,0][1.27068,-0.173313,0.71197][-0.938866,0.000438142,-0.344282][0.268231,0.795608,0][1.27068,-0.173313,0.71197][-0.938865,0.000433142,-0.344286][0.268231,0.795608,0][1.24305,-0.310469,0.787143][-0.938865,0.000433142,-0.344286][0.266431,0.68615,0][1.22033,-0.202917,0.849222][-0.938865,0.000433142,-0.344286][0.338544,0.737992,0][1.22033,-0.202917,0.849222][-0.938865,0.000433142,-0.344286][0.338544,0.737992,0][1.25159,-0.133595,0.764076][-0.938865,0.000433142,-0.344286][0.311909,0.806558,0][1.27068,-0.173313,0.71197][-0.938865,0.000433142,-0.344286][0.268231,0.795608,0][1.31491,-0.0596032,0.645718][0.784641,0.490546,-0.379082][0.276633,0.901726,0][1.30283,-0.0567092,0.624447][0.784641,0.490546,-0.379082][0.284054,0.908342,0][1.29787,-0.0383212,0.637984][0.784641,0.490546,-0.379082][0.269089,0.916384,0][1.29787,-0.0383212,0.637984][0.784641,0.490546,-0.379082][0.269089,0.916384,0][1.31241,-0.0503332,0.652542][0.784641,0.490546,-0.379082][0.269089,0.90578,0][1.31491,-0.0596032,0.645718][0.784641,0.490546,-0.379082][0.276633,0.901726,0][1.31491,-0.0596032,0.645718][0.851893,-0.143769,-0.503596][0.276633,0.901726,0][1.30591,-0.198305,0.670089][0.851893,-0.143769,-0.503596][0.309364,0.797141,0][1.29407,-0.191678,0.648162][0.851893,-0.143769,-0.503596][0.315904,0.806572,0][1.29407,-0.191678,0.648162][0.851893,-0.143769,-0.503596][0.315904,0.806572,0][1.30283,-0.0567092,0.624447][0.851893,-0.143769,-0.503596][0.284054,0.908342,0][1.31491,-0.0596032,0.645718][0.851893,-0.143769,-0.503596][0.276633,0.901726,0][1.20464,-0.320329,0.946103][0.555349,-0.827479,0.08286][0.176833,0.616731,0][1.18678,-0.332872,0.940568][0.555349,-0.827479,0.08286][0.179644,0.607185,0][1.24305,-0.310469,0.787143][0.555349,-0.827479,0.08286][0.269089,0.675986,0][1.24305,-0.310469,0.787143][0.555349,-0.827479,0.08286][0.269089,0.675986,0][1.26268,-0.297222,0.787857][0.555349,-0.827479,0.08286][0.269089,0.687695,0][1.20464,-0.320329,0.946103][0.555349,-0.827479,0.08286][0.176833,0.616731,0][1.19998,-0.313375,0.958816][0.361498,-0.755809,0.54596][0.166362,0.617136,0][1.17537,-0.315846,0.971687][0.361498,-0.755809,0.54596][0.154009,0.608177,0][1.18678,-0.332872,0.940568][0.361498,-0.755809,0.54596][0.179644,0.607185,0][1.18678,-0.332872,0.940568][0.361498,-0.755809,0.54596][0.179644,0.607185,0][1.20464,-0.320329,0.946103][0.361498,-0.755809,0.54596][0.176833,0.616731,0][1.19998,-0.313375,0.958816][0.361498,-0.755809,0.54596][0.166362,0.617136,0][1.19998,-0.313375,0.958816][0.303626,0.642301,0.703748][0.166362,0.617136,0][1.24305,-0.205205,0.841509][0.303626,0.642301,0.703748][0.203129,0.732833,0][1.22033,-0.202917,0.849222][0.303626,0.642301,0.703748][0.192394,0.728964,0][1.22033,-0.202917,0.849222][0.303626,0.642301,0.703748][0.192394,0.728964,0][1.17537,-0.315846,0.971687][0.303626,0.642301,0.703748][0.154009,0.608177,0][1.19998,-0.313375,0.958816][0.303626,0.642301,0.703748][0.166362,0.617136,0][1.35335,-0.263164,0.54065][0.657475,0.742025,-0.130867][0.413917,0.797141,0][1.33999,-0.254466,0.522856][0.657475,0.742025,-0.130867][0.41712,0.806572,0][1.29407,-0.191678,0.648162][0.657475,0.742025,-0.130867][0.315904,0.806572,0][1.29407,-0.191678,0.648162][0.657475,0.742025,-0.130867][0.315904,0.806572,0][1.30591,-0.198305,0.670089][0.657475,0.742025,-0.130867][0.309364,0.797141,0][1.35335,-0.263164,0.54065][0.657475,0.742025,-0.130867][0.413917,0.797141,0][1.35496,-0.272979,0.53624][0.824439,0.339111,-0.453106][0.420122,0.791871,0][1.34472,-0.283272,0.509909][0.824439,0.339111,-0.453106][0.435329,0.791105,0][1.33999,-0.254466,0.522856][0.824439,0.339111,-0.453106][0.41712,0.806572,0][1.33999,-0.254466,0.522856][0.824439,0.339111,-0.453106][0.41712,0.806572,0][1.35335,-0.263164,0.54065][0.824438,0.339111,-0.453106][0.413917,0.797141,0][1.35496,-0.272979,0.53624][0.824439,0.339111,-0.453106][0.420122,0.791871,0][1.35496,-0.272979,0.53624][0.540454,-0.833386,0.115661][0.420122,0.791871,0][1.3029,-0.28704,0.678191][0.540454,-0.833386,0.115661][0.335049,0.732833,0][1.28993,-0.298072,0.659322][0.540454,-0.833386,0.115661][0.345784,0.728964,0][1.28993,-0.298072,0.659322][0.540454,-0.833386,0.115661][0.345784,0.728964,0][1.34472,-0.283272,0.509909][0.540454,-0.833386,0.115661][0.435329,0.791105,0][1.35496,-0.272979,0.53624][0.540454,-0.833386,0.115661][0.420122,0.791871,0][1.2932,-0.440827,0.704459][0.852211,-0.139884,-0.504151][0.371816,0.617136,0][1.2798,-0.458624,0.686746][0.852211,-0.139884,-0.504151][0.384169,0.608177,0][1.28993,-0.298072,0.659322][0.852211,-0.139884,-0.504151][0.345784,0.728964,0][1.28993,-0.298072,0.659322][0.852211,-0.139884,-0.504151][0.345784,0.728964,0][1.3029,-0.28704,0.678191][0.852211,-0.139884,-0.504151][0.335049,0.732833,0][1.2932,-0.440827,0.704459][0.852211,-0.139884,-0.504151][0.371816,0.617136,0][1.2932,-0.440827,0.704459][0.380767,-0.780371,0.496022][0.371816,0.617136,0][1.28835,-0.43479,0.717673][0.380767,-0.780371,0.496022][0.361345,0.616731,0][1.26794,-0.443846,0.719098][0.380767,-0.780371,0.496022][0.358534,0.607185,0][1.26794,-0.443846,0.719098][0.380767,-0.780371,0.496022][0.358534,0.607185,0][1.2798,-0.458624,0.686746][0.380767,-0.780371,0.496022][0.384169,0.608177,0][1.2932,-0.440827,0.704459][0.380767,-0.780371,0.496022][0.371816,0.617136,0][1.28835,-0.43479,0.717673][0.241162,-0.404948,0.881963][0.361345,0.616731,0][1.26268,-0.297222,0.787857][0.241162,-0.404948,0.881963][0.269089,0.687695,0][1.24305,-0.310469,0.787143][0.241162,-0.404948,0.881963][0.269089,0.675986,0][1.24305,-0.310469,0.787143][0.241162,-0.404948,0.881963][0.269089,0.675986,0][1.26794,-0.443846,0.719098][0.241162,-0.404948,0.881963][0.358534,0.607185,0][1.28835,-0.43479,0.717673][0.241162,-0.404948,0.881963][0.361345,0.616731,0][1.30807,-0.0502432,0.664397][0.302656,0.639771,0.706465][0.261545,0.901726,0][1.28925,-0.0381422,0.661501][0.302656,0.639771,0.706465][0.254124,0.908342,0][1.25159,-0.133595,0.764076][0.302656,0.639771,0.706465][0.222274,0.806572,0][1.25159,-0.133595,0.764076][0.302656,0.639771,0.706465][0.222274,0.806572,0][1.26937,-0.148337,0.76981][0.302656,0.639771,0.706465][0.228814,0.797141,0][1.30807,-0.0502432,0.664397][0.302656,0.639771,0.706465][0.261545,0.901726,0][1.31241,-0.0503332,0.652542][0.511967,0.839638,0.181376][0.269089,0.90578,0][1.29787,-0.0383212,0.637984][0.511967,0.839638,0.181376][0.269089,0.916384,0][1.28925,-0.0381422,0.661501][0.511967,0.839638,0.181376][0.254124,0.908342,0][1.28925,-0.0381422,0.661501][0.511967,0.839638,0.181376][0.254124,0.908342,0][1.30807,-0.0502432,0.664397][0.511967,0.839638,0.181376][0.261545,0.901726,0][1.31241,-0.0503332,0.652542][0.511967,0.839638,0.181376][0.269089,0.90578,0][1.21791,-0.0855951,0.9102][0.247997,-0.442741,0.861672][0.118056,0.791871,0][1.19388,-0.0770211,0.921523][0.247997,-0.442741,0.861672][0.102849,0.791105,0][1.22033,-0.202917,0.849222][0.247997,-0.442741,0.861672][0.192394,0.728964,0][1.22033,-0.202917,0.849222][0.247997,-0.442741,0.861672][0.192394,0.728964,0][1.24305,-0.205205,0.841509][0.247997,-0.442741,0.861672][0.203129,0.732833,0][1.21791,-0.0855951,0.9102][0.247997,-0.442741,0.861672][0.118056,0.791871,0][1.21791,-0.0855951,0.9102][0.450102,0.831413,0.325823][0.118056,0.791871,0][1.22193,-0.0834781,0.899247][0.450102,0.831413,0.325823][0.124261,0.797141,0][1.20567,-0.0708081,0.889382][0.450102,0.831413,0.325823][0.121059,0.806572,0][1.20567,-0.0708081,0.889382][0.450102,0.831413,0.325823][0.121059,0.806572,0][1.19388,-0.0770211,0.921523][0.450102,0.831413,0.325823][0.102849,0.791105,0][1.21791,-0.0855951,0.9102][0.450102,0.831413,0.325823][0.118056,0.791871,0][1.22193,-0.0834781,0.899247][0.657478,0.742022,-0.130864][0.124261,0.797141,0][1.26937,-0.148337,0.76981][0.657479,0.742022,-0.130864][0.228814,0.797141,0][1.25159,-0.133595,0.764076][0.657479,0.742022,-0.130864][0.222274,0.806572,0][1.25159,-0.133595,0.764076][0.657479,0.742022,-0.130864][0.222274,0.806572,0][1.20567,-0.0708081,0.889382][0.657479,0.742022,-0.130864][0.121059,0.806572,0][1.22193,-0.0834781,0.899247][0.657478,0.742022,-0.130864][0.124261,0.797141,0][1.30591,-0.198305,0.670089][0.979178,-0.0950591,-0.179374][0.309364,0.797141,0][1.31491,-0.0596032,0.645718][0.979178,-0.0950591,-0.179374][0.276633,0.901726,0][1.32121,-0.2142,0.762006][0.979178,-0.0950591,-0.179374][0.269089,0.761048,0][1.31491,-0.0596032,0.645718][0.976792,0.15273,0.150173][0.276633,0.901726,0][1.31241,-0.0503332,0.652542][0.976792,0.15273,0.150173][0.269089,0.90578,0][1.32121,-0.2142,0.762006][0.976792,0.15273,0.150173][0.269089,0.761048,0][1.24305,-0.205205,0.841509][0.67533,0.401813,0.618446][0.203129,0.732833,0][1.19998,-0.313375,0.958816][0.67533,0.401813,0.618446][0.166362,0.617136,0][1.32121,-0.2142,0.762006][0.67533,0.401813,0.618446][0.269089,0.761048,0][1.19998,-0.313375,0.958816][0.876151,-0.208063,0.434821][0.166362,0.617136,0][1.20464,-0.320329,0.946103][0.876151,-0.208063,0.434821][0.176833,0.616731,0][1.32121,-0.2142,0.762006][0.876151,-0.208063,0.434821][0.269089,0.761048,0][1.20464,-0.320329,0.946103][0.827775,-0.512285,0.228807][0.176833,0.616731,0][1.26268,-0.297222,0.787857][0.827775,-0.512285,0.228807][0.269089,0.687695,0][1.32121,-0.2142,0.762006][0.827775,-0.512285,0.228807][0.269089,0.761048,0][1.3029,-0.28704,0.678191][0.827743,-0.500319,0.254013][0.335049,0.732833,0][1.35496,-0.272979,0.53624][0.827743,-0.500319,0.254013][0.420122,0.791871,0][1.32121,-0.2142,0.762006][0.827743,-0.500319,0.254013][0.269089,0.761048,0][1.35496,-0.272979,0.53624][0.986911,0.108523,0.11929][0.420122,0.791871,0][1.35335,-0.263164,0.54065][0.986911,0.108523,0.11929][0.413917,0.797141,0][1.32121,-0.2142,0.762006][0.986911,0.108523,0.11929][0.269089,0.761048,0][1.35335,-0.263164,0.54065][0.784241,0.62002,-0.023277][0.413917,0.797141,0][1.30591,-0.198305,0.670089][0.784241,0.62002,-0.023277][0.309364,0.797141,0][1.32121,-0.2142,0.762006][0.784241,0.62002,-0.023277][0.269089,0.761048,0][1.26268,-0.297222,0.787857][0.657611,-0.241363,0.713647][0.269089,0.687695,0][1.28835,-0.43479,0.717673][0.657611,-0.241363,0.713647][0.361345,0.616731,0][1.32121,-0.2142,0.762006][0.657611,-0.241363,0.713647][0.269089,0.761048,0][1.28835,-0.43479,0.717673][0.880799,-0.215874,0.421416][0.361345,0.616731,0][1.2932,-0.440827,0.704459][0.880799,-0.215874,0.421416][0.371816,0.617136,0][1.32121,-0.2142,0.762006][0.880799,-0.215874,0.421416][0.269089,0.761048,0][1.2932,-0.440827,0.704459][0.98632,-0.0862311,-0.140491][0.371816,0.617136,0][1.3029,-0.28704,0.678191][0.98632,-0.0862311,-0.140491][0.335049,0.732833,0][1.32121,-0.2142,0.762006][0.98632,-0.0862311,-0.140491][0.269089,0.761048,0][1.31241,-0.0503332,0.652542][0.904961,0.268861,0.329786][0.269089,0.90578,0][1.30807,-0.0502432,0.664397][0.904961,0.268861,0.329786][0.261545,0.901726,0][1.32121,-0.2142,0.762006][0.904961,0.268861,0.329786][0.269089,0.761048,0][1.30807,-0.0502432,0.664397][0.64158,0.429692,0.635405][0.261545,0.901726,0][1.26937,-0.148337,0.76981][0.64158,0.429692,0.635405][0.228814,0.797141,0][1.32121,-0.2142,0.762006][0.64158,0.429692,0.635405][0.269089,0.761048,0][1.26937,-0.148337,0.76981][0.784238,0.620023,-0.02328][0.228814,0.797141,0][1.22193,-0.0834781,0.899247][0.784238,0.620023,-0.02328][0.124261,0.797141,0][1.32121,-0.2142,0.762006][0.784238,0.620023,-0.02328][0.269089,0.761048,0][1.22193,-0.0834781,0.899247][0.884184,0.275189,0.377477][0.124261,0.797141,0][1.21791,-0.0855951,0.9102][0.884184,0.275189,0.377477][0.118056,0.791871,0][1.32121,-0.2142,0.762006][0.884184,0.275189,0.377477][0.269089,0.761048,0][1.21791,-0.0855951,0.9102][0.674763,-0.255791,0.69229][0.118056,0.791871,0][1.24305,-0.205205,0.841509][0.674763,-0.255791,0.69229][0.203129,0.732833,0][1.32121,-0.2142,0.762006][0.674763,-0.255791,0.69229][0.269089,0.761048,0][1.05526,0.0585059,1.02427][-0.541648,0.269464,-0.796245][0.262512,0.893237,0][1.0185,-0.135639,0.983573][-0.541648,0.269464,-0.796246][0.229156,0.79802,0][0.942079,-0.118479,1.04137][-0.541648,0.269464,-0.796245][0.27413,0.787898,0][0.942079,-0.118479,1.04137][-0.541648,0.269464,-0.796245][0.27413,0.787898,0][1.0399,0.0826399,1.04289][-0.541648,0.269464,-0.796246][0.277171,0.900437,0][1.05526,0.0585059,1.02427][-0.541648,0.269464,-0.796245][0.262512,0.893237,0][0.773623,-0.179298,1.13538][-0.541648,0.26946,-0.796246][0.346464,0.721553,0][0.84269,-0.322823,1.03982][-0.541648,0.26946,-0.796246][0.271041,0.673555,0][0.655016,-0.375691,1.1496][-0.541649,0.26946,-0.796246][0.355673,0.606288,0][0.655016,-0.375691,1.1496][-0.541649,0.26946,-0.796246][0.355673,0.606288,0][0.618219,-0.35591,1.18132][-0.541649,0.26946,-0.796246][0.380457,0.606555,0][0.773623,-0.179298,1.13538][-0.541648,0.26946,-0.796246][0.346464,0.721553,0][0.998677,-0.287641,0.945619][-0.54165,0.269463,-0.796245][0.19832,0.725555,0][1.0185,-0.135639,0.983573][-0.54165,0.269463,-0.796245][0.229156,0.79802,0][1.167,-0.20713,0.858359][-0.54165,0.269463,-0.796245][0.131402,0.800661,0][1.167,-0.20713,0.858359][-0.54165,0.269463,-0.796245][0.131402,0.800661,0][1.18103,-0.246079,0.835635][-0.54165,0.269463,-0.796245][0.113421,0.786539,0][0.998677,-0.287641,0.945619][-0.54165,0.269463,-0.796245][0.19832,0.725555,0][0.998677,-0.287641,0.945619][-0.541653,0.269462,-0.796243][0.19832,0.725555,0][0.955909,-0.518477,0.896592][-0.541653,0.269462,-0.796243][0.158167,0.612562,0][0.917483,-0.502044,0.928294][-0.541653,0.269462,-0.796243][0.182901,0.610956,0][0.917483,-0.502044,0.928294][-0.541653,0.269462,-0.796243][0.182901,0.610956,0][0.84269,-0.322823,1.03982][-0.541653,0.269462,-0.796243][0.271041,0.673555,0][0.998677,-0.287641,0.945619][-0.541653,0.269462,-0.796243][0.19832,0.725555,0][0.942079,-0.118479,1.04137][-0.541653,0.269467,-0.796241][0.27413,0.787898,0][0.881129,-0.0695061,1.0994][-0.541653,0.269467,-0.796241][0.319585,0.795577,0][1.01134,0.0796459,1.0613][-0.541653,0.269467,-0.796241][0.29142,0.892456,0][1.01134,0.0796459,1.0613][-0.541653,0.269467,-0.796241][0.29142,0.892456,0][1.0399,0.0826399,1.04289][-0.541653,0.269467,-0.796241][0.277171,0.900437,0][0.942079,-0.118479,1.04137][-0.541653,0.269467,-0.796241][0.27413,0.787898,0][0.773623,-0.179298,1.13538][-0.541645,0.26947,-0.796245][0.346464,0.721553,0][0.693221,-0.0112421,1.24695][-0.541645,0.26947,-0.796245][0.434532,0.777863,0][0.732625,0.00198394,1.22462][-0.541645,0.26947,-0.796245][0.417339,0.792936,0][0.732625,0.00198394,1.22462][-0.541645,0.26947,-0.796245][0.417339,0.792936,0][0.881129,-0.0695061,1.0994][-0.541645,0.26947,-0.796245][0.319585,0.795577,0][0.773623,-0.179298,1.13538][-0.541645,0.26947,-0.796245][0.346464,0.721553,0][0.942079,-0.118479,1.04137][-0.541648,0.269465,-0.796245][0.27413,0.787898,0][1.0185,-0.135639,0.983573][-0.541648,0.269465,-0.796245][0.229156,0.79802,0][0.998677,-0.287641,0.945619][-0.541648,0.269465,-0.796245][0.19832,0.725555,0][0.998677,-0.287641,0.945619][-0.541648,0.269465,-0.796245][0.19832,0.725555,0][0.84269,-0.322823,1.03982][-0.541648,0.269465,-0.796245][0.271041,0.673555,0][0.942079,-0.118479,1.04137][-0.541648,0.269465,-0.796245][0.27413,0.787898,0][0.942079,-0.118479,1.04137][-0.541646,0.269467,-0.796246][0.27413,0.787898,0][0.84269,-0.322823,1.03982][-0.541646,0.269467,-0.796246][0.271041,0.673555,0][0.773623,-0.179298,1.13538][-0.541646,0.269467,-0.796246][0.346464,0.721553,0][0.773623,-0.179298,1.13538][-0.541646,0.269467,-0.796246][0.346464,0.721553,0][0.881129,-0.0695061,1.0994][-0.541646,0.269467,-0.796246][0.319585,0.795577,0][0.942079,-0.118479,1.04137][-0.541646,0.269467,-0.796246][0.27413,0.787898,0][1.05238,0.0459009,1.05872][0.890912,0.397476,0.219748][0.663433,0.720025,0][1.05526,0.0585059,1.02427][0.890912,0.397476,0.219748][0.67905,0.734995,0][1.0399,0.0826399,1.04289][0.890912,0.397476,0.219748][0.647557,0.753193,0][1.0399,0.0826399,1.04289][0.890912,0.397476,0.219748][0.647557,0.753193,0][1.04464,0.0580679,1.0681][0.890912,0.397476,0.219748][0.647557,0.729199,0][1.05238,0.0459009,1.05872][0.890912,0.397476,0.219748][0.663433,0.720025,0][1.05238,0.0459009,1.05872][0.981968,-0.18861,0.012886][0.663433,0.720025,0][1.01461,-0.153614,1.01689][0.981968,-0.18861,0.012886][0.73231,0.483369,0][1.0185,-0.135639,0.983573][0.981968,-0.18861,0.012886][0.746073,0.504709,0][1.0185,-0.135639,0.983573][0.981968,-0.18861,0.012886][0.746073,0.504709,0][1.05526,0.0585059,1.02427][0.981968,-0.18861,0.012886][0.67905,0.734995,0][1.05238,0.0459009,1.05872][0.981968,-0.18861,0.012886][0.663433,0.720025,0][0.672165,-0.364292,1.17855][0.351099,-0.923322,0.155582][0.453415,0.075132,0][0.655016,-0.375691,1.1496][0.351099,-0.923322,0.155582][0.459331,0.053531,0][0.84269,-0.322823,1.03982][0.351099,-0.923322,0.155582][0.647557,0.209218,0][0.84269,-0.322823,1.03982][0.351099,-0.923322,0.155582][0.647557,0.209218,0][0.865738,-0.309763,1.06532][0.351099,-0.923322,0.155582][0.647557,0.235712,0][0.672165,-0.364292,1.17855][0.351099,-0.923322,0.155582][0.453415,0.075132,0][0.657135,-0.356212,1.1915][-0.117762,-0.898226,0.423464][0.431381,0.076049,0][0.618219,-0.35591,1.18132][-0.117762,-0.898226,0.423464][0.405385,0.055777,0][0.655016,-0.375691,1.1496][-0.117762,-0.898226,0.423464][0.459331,0.053531,0][0.655016,-0.375691,1.1496][-0.117762,-0.898226,0.423464][0.459331,0.053531,0][0.672165,-0.364292,1.17855][-0.117762,-0.898226,0.423464][0.453415,0.075132,0][0.657135,-0.356212,1.1915][-0.117762,-0.898226,0.423464][0.431381,0.076049,0][0.657135,-0.356212,1.1915][-0.225829,0.426557,0.875814][0.431381,0.076049,0][0.805991,-0.187042,1.14749][-0.225829,0.426557,0.875814][0.508753,0.337851,0][0.773623,-0.179298,1.13538][-0.225829,0.426557,0.875814][0.486161,0.329096,0][0.773623,-0.179298,1.13538][-0.225829,0.426557,0.875814][0.486161,0.329096,0][0.618219,-0.35591,1.18132][-0.225829,0.426557,0.875814][0.405385,0.055777,0][0.657135,-0.356212,1.1915][-0.225829,0.426557,0.875814][0.431381,0.076049,0][1.16801,-0.227462,0.88755][0.65484,0.630572,0.41661][0.952329,0.483369,0][1.167,-0.20713,0.858359][0.65484,0.630572,0.41661][0.959069,0.504709,0][1.0185,-0.135639,0.983573][0.65484,0.630572,0.41661][0.746073,0.504709,0][1.0185,-0.135639,0.983573][0.65484,0.630572,0.41661][0.746073,0.504709,0][1.01461,-0.153614,1.01689][0.65484,0.630572,0.41661][0.73231,0.483369,0][1.16801,-0.227462,0.88755][0.65484,0.630572,0.41661][0.952329,0.483369,0][1.17279,-0.240733,0.879806][0.95485,0.258223,0.146912][0.965386,0.471443,0][1.18103,-0.246079,0.835635][0.95485,0.258223,0.146912][0.997388,0.469709,0][1.167,-0.20713,0.858359][0.95485,0.258223,0.146912][0.959069,0.504709,0][1.167,-0.20713,0.858359][0.95485,0.258223,0.146912][0.959069,0.504709,0][1.16801,-0.227462,0.88755][0.95485,0.258223,0.146912][0.952329,0.483369,0][1.17279,-0.240733,0.879806][0.95485,0.258223,0.146912][0.965386,0.471443,0][1.17279,-0.240733,0.879806][0.31632,-0.932946,0.171912][0.965386,0.471443,0][0.999543,-0.28022,0.984298][0.31632,-0.932946,0.171912][0.786362,0.337851,0][0.998677,-0.287641,0.945619][0.31632,-0.932946,0.171912][0.808953,0.329096,0][0.998677,-0.287641,0.945619][0.31632,-0.932946,0.171912][0.808953,0.329096,0][1.18103,-0.246079,0.835635][0.31632,-0.932946,0.171912][0.997388,0.469709,0][1.17279,-0.240733,0.879806][0.31632,-0.932946,0.171912][0.965386,0.471443,0][0.958576,-0.501329,0.937338][0.982659,-0.184931,0.013489][0.863734,0.076049,0][0.955909,-0.518477,0.896592][0.982659,-0.184931,0.013489][0.889729,0.055777,0][0.998677,-0.287641,0.945619][0.982659,-0.184931,0.013489][0.808953,0.329096,0][0.998677,-0.287641,0.945619][0.982659,-0.184931,0.013489][0.808953,0.329096,0][0.999543,-0.28022,0.984298][0.982659,-0.184931,0.013489][0.786362,0.337851,0][0.958576,-0.501329,0.937338][0.982659,-0.184931,0.013489][0.863734,0.076049,0][0.958576,-0.501329,0.937338][-0.0700501,-0.917785,0.39085][0.863734,0.076049,0][0.942881,-0.494616,0.950286][-0.0700501,-0.917785,0.39085][0.841699,0.075132,0][0.917483,-0.502044,0.928294][-0.0700501,-0.917785,0.39085][0.835783,0.053531,0][0.917483,-0.502044,0.928294][-0.0700501,-0.917785,0.39085][0.835783,0.053531,0][0.955909,-0.518477,0.896592][-0.0700501,-0.917785,0.39085][0.889729,0.055777,0][0.958576,-0.501329,0.937338][-0.0700501,-0.917785,0.39085][0.863734,0.076049,0][0.942881,-0.494616,0.950286][-0.416667,-0.59927,0.683567][0.841699,0.075132,0][0.865738,-0.309763,1.06532][-0.416667,-0.59927,0.683567][0.647557,0.235712,0][0.84269,-0.322823,1.03982][-0.416667,-0.59927,0.683567][0.647557,0.209218,0][0.84269,-0.322823,1.03982][-0.416667,-0.59927,0.683567][0.647557,0.209218,0][0.917483,-0.502044,0.928294][-0.416667,-0.59927,0.683567][0.835783,0.053531,0][0.942881,-0.494616,0.950286][-0.416667,-0.59927,0.683567][0.841699,0.075132,0][1.03025,0.0565589,1.07738][-0.228575,0.423493,0.876589][0.631682,0.720025,0][1.01134,0.0796459,1.0613][-0.228575,0.423493,0.876589][0.616065,0.734995,0][0.881129,-0.0695061,1.0994][-0.228575,0.423493,0.876589][0.549041,0.504709,0][0.881129,-0.0695061,1.0994][-0.228575,0.423493,0.876589][0.549041,0.504709,0][0.89643,-0.0967201,1.11654][-0.228575,0.423493,0.876589][0.562804,0.483369,0][1.03025,0.0565589,1.07738][-0.228575,0.423493,0.876589][0.631682,0.720025,0][1.04464,0.0580679,1.0681][0.329792,0.706345,0.626349][0.647557,0.729199,0][1.0399,0.0826399,1.04289][0.329792,0.706345,0.626349][0.647557,0.753193,0][1.01134,0.0796459,1.0613][0.329792,0.706345,0.626349][0.616065,0.734995,0][1.01134,0.0796459,1.0613][0.329792,0.706345,0.626349][0.616065,0.734995,0][1.03025,0.0565589,1.07738][0.329792,0.706345,0.626349][0.631682,0.720025,0][1.04464,0.0580679,1.0681][0.329792,0.706345,0.626349][0.647557,0.729199,0][0.729603,-0.0273771,1.25349][-0.399751,-0.632002,0.663907][0.329728,0.471443,0][0.693221,-0.0112421,1.24695][-0.399751,-0.632002,0.663907][0.297726,0.469709,0][0.773623,-0.179298,1.13538][-0.399751,-0.632002,0.663907][0.486161,0.329096,0][0.773623,-0.179298,1.13538][-0.399751,-0.632002,0.663907][0.486161,0.329096,0][0.805991,-0.187042,1.14749][-0.399751,-0.632002,0.663907][0.508753,0.337851,0][0.729603,-0.0273771,1.25349][-0.399751,-0.632002,0.663907][0.329728,0.471443,0][0.729603,-0.0273771,1.25349][0.174254,0.68127,0.71099][0.329728,0.471443,0][0.743031,-0.0228721,1.24588][0.174254,0.68127,0.71099][0.342786,0.483369,0][0.732625,0.00198394,1.22462][0.174254,0.68127,0.71099][0.336046,0.504709,0][0.732625,0.00198394,1.22462][0.174254,0.68127,0.71099][0.336046,0.504709,0][0.693221,-0.0112421,1.24695][0.174254,0.68127,0.71099][0.297726,0.469709,0][0.729603,-0.0273771,1.25349][0.174254,0.68127,0.71099][0.329728,0.471443,0][0.743031,-0.0228721,1.24588][0.654839,0.630566,0.41662][0.342786,0.483369,0][0.89643,-0.0967201,1.11654][0.654839,0.630566,0.41662][0.562804,0.483369,0][0.881129,-0.0695061,1.0994][0.654839,0.630566,0.41662][0.549041,0.504709,0][0.881129,-0.0695061,1.0994][0.654839,0.630566,0.41662][0.549041,0.504709,0][0.732625,0.00198394,1.22462][0.654839,0.630566,0.41662][0.336046,0.504709,0][0.743031,-0.0228721,1.24588][0.654839,0.630566,0.41662][0.342786,0.483369,0][1.01461,-0.153614,1.01689][0.906772,-0.243786,0.343996][0.73231,0.483369,0][1.05238,0.0459009,1.05872][0.906772,-0.243786,0.343996][0.663433,0.720025,0][0.959038,-0.202522,1.12873][0.906772,-0.243786,0.343996][0.647557,0.401697,0][1.05238,0.0459009,1.05872][0.718934,-0.0754251,0.690974][0.663433,0.720025,0][1.04464,0.0580679,1.0681][0.718934,-0.0754251,0.690974][0.647557,0.729199,0][0.959038,-0.202522,1.12873][0.718934,-0.0754251,0.690974][0.647557,0.401697,0][0.805991,-0.187042,1.14749][0.134239,0.137196,0.981406][0.508753,0.337851,0][0.657135,-0.356212,1.1915][0.134239,0.137196,0.981406][0.431381,0.076049,0][0.959038,-0.202522,1.12873][0.134239,0.137196,0.981406][0.647557,0.401697,0][0.657135,-0.356212,1.1915][0.407443,-0.484042,0.774399][0.431381,0.076049,0][0.672165,-0.364292,1.17855][0.407442,-0.484042,0.774399][0.453415,0.075132,0][0.959038,-0.202522,1.12873][0.407443,-0.484042,0.774399][0.647557,0.401697,0][0.672165,-0.364292,1.17855][0.490741,-0.718417,0.493001][0.453415,0.075132,0][0.865738,-0.309763,1.06532][0.490741,-0.718417,0.493001][0.647557,0.235712,0][0.959038,-0.202522,1.12873][0.490741,-0.718417,0.493001][0.647557,0.401697,0][0.999543,-0.28022,0.984298][0.474065,-0.713045,0.516555][0.786362,0.337851,0][1.17279,-0.240733,0.879806][0.474065,-0.713045,0.516555][0.965386,0.471443,0][0.959038,-0.202522,1.12873][0.474065,-0.713045,0.516555][0.647557,0.401697,0][1.17279,-0.240733,0.879806][0.744799,-0.115202,0.65727][0.965386,0.471443,0][1.16801,-0.227462,0.88755][0.744799,-0.115202,0.65727][0.952329,0.483369,0][0.959038,-0.202522,1.12873][0.744799,-0.115202,0.65727][0.647557,0.401697,0][1.16801,-0.227462,0.88755][0.690009,0.471544,0.549121][0.952329,0.483369,0][1.01461,-0.153614,1.01689][0.690009,0.471544,0.549121][0.73231,0.483369,0][0.959038,-0.202522,1.12873][0.690009,0.471544,0.549121][0.647557,0.401697,0][0.865738,-0.309763,1.06532][0.0205969,-0.522033,0.852676][0.647557,0.235712,0][0.942881,-0.494616,0.950286][0.0205969,-0.522033,0.852676][0.841699,0.075132,0][0.959038,-0.202522,1.12873][0.0205969,-0.522033,0.852676][0.647557,0.401697,0][0.942881,-0.494616,0.950286][0.420552,-0.489798,0.763698][0.841699,0.075132,0][0.958576,-0.501329,0.937338][0.420552,-0.489798,0.763698][0.863734,0.076049,0][0.959038,-0.202522,1.12873][0.420552,-0.489798,0.763698][0.647557,0.401697,0][0.958576,-0.501329,0.937338][0.890661,-0.246203,0.38224][0.863734,0.076049,0][0.999543,-0.28022,0.984298][0.890661,-0.246203,0.38224][0.786362,0.337851,0][0.959038,-0.202522,1.12873][0.890661,-0.246203,0.382241][0.647557,0.401697,0][1.04464,0.0580679,1.0681][0.540464,0.0181509,0.841171][0.647557,0.729199,0][1.03025,0.0565589,1.07738][0.540464,0.0181509,0.841172][0.631682,0.720025,0][0.959038,-0.202522,1.12873][0.540464,0.0181509,0.841172][0.647557,0.401697,0][1.03025,0.0565589,1.07738][0.093987,0.16861,0.981192][0.631682,0.720025,0][0.89643,-0.0967201,1.11654][0.093987,0.16861,0.981192][0.562804,0.483369,0][0.959038,-0.202522,1.12873][0.093987,0.16861,0.981192][0.647557,0.401697,0][0.89643,-0.0967201,1.11654][0.690008,0.471544,0.549122][0.562804,0.483369,0][0.743031,-0.0228721,1.24588][0.690008,0.471544,0.549122][0.342786,0.483369,0][0.959038,-0.202522,1.12873][0.690008,0.471544,0.549122][0.647557,0.401697,0][0.743031,-0.0228721,1.24588][0.488353,0.0182239,0.872456][0.342786,0.483369,0][0.729603,-0.0273771,1.25349][0.488353,0.0182239,0.872456][0.329728,0.471443,0][0.959038,-0.202522,1.12873][0.488353,0.0182239,0.872456][0.647557,0.401697,0][0.729603,-0.0273771,1.25349][0.0491489,-0.535995,0.842789][0.329728,0.471443,0][0.805991,-0.187042,1.14749][0.0491489,-0.535995,0.842789][0.508753,0.337851,0][0.959038,-0.202522,1.12873][0.0491489,-0.535995,0.84279][0.647557,0.401697,0][0.640164,0.035949,1.23906][-0.704791,0.266341,-0.65752][0.255965,0.895298,0][0.664797,-0.112584,1.15249][-0.704791,0.266341,-0.65752][0.224834,0.8017,0][0.606266,-0.135386,1.20599][-0.704791,0.266341,-0.65752][0.268231,0.795608,0][0.606266,-0.135386,1.20599][-0.704791,0.266341,-0.65752][0.268231,0.795608,0][0.623006,0.045427,1.26129][-0.704791,0.266341,-0.65752][0.270003,0.90334,0][0.640164,0.035949,1.23906][-0.704791,0.266341,-0.65752][0.255965,0.895298,0][0.502975,-0.252694,1.26919][-0.704782,0.26634,-0.657529][0.338544,0.737992,0][0.589258,-0.319099,1.14981][-0.704782,0.26634,-0.657529][0.266431,0.68615,0][0.470299,-0.439669,1.22848][-0.704782,0.26634,-0.657529][0.348594,0.62863,0][0.470299,-0.439669,1.22848][-0.704782,0.26634,-0.657529][0.348594,0.62863,0][0.439113,-0.44282,1.26063][-0.704782,0.26634,-0.657529][0.372449,0.630857,0][0.502975,-0.252694,1.26919][-0.704782,0.26634,-0.657529][0.338544,0.737992,0][0.690416,-0.224838,1.07956][-0.704785,0.26634,-0.657526][0.195892,0.730034,0][0.664797,-0.112584,1.15249][-0.704785,0.26634,-0.657526][0.224834,0.8017,0][0.788481,-0.0942021,1.02736][-0.704785,0.26634,-0.657526][0.130702,0.796451,0][0.788481,-0.0942021,1.02736][-0.704785,0.26634,-0.657526][0.130702,0.796451,0][0.808561,-0.114349,0.997678][-0.704785,0.26634,-0.657526][0.113537,0.781531,0][0.690416,-0.224838,1.07956][-0.704785,0.26634,-0.657526][0.195892,0.730034,0][0.690416,-0.224838,1.07956][-0.704788,0.266342,-0.657523][0.195892,0.730034,0][0.720365,-0.401021,0.976091][-0.704788,0.266342,-0.657523][0.158398,0.618917,0][0.6889,-0.407182,1.00732][-0.704788,0.266342,-0.657523][0.182225,0.61935,0][0.6889,-0.407182,1.00732][-0.704788,0.266342,-0.657523][0.182225,0.61935,0][0.589258,-0.319099,1.14981][-0.704788,0.266342,-0.657523][0.266431,0.68615,0][0.690416,-0.224838,1.07956][-0.704788,0.266342,-0.657523][0.195892,0.730034,0][0.606266,-0.135386,1.20599][-0.704779,0.266339,-0.657533][0.268231,0.795608,0][0.550383,-0.129587,1.26824][-0.704779,0.266339,-0.657533][0.311909,0.806558,0][0.60359,0.030514,1.27606][-0.704779,0.266339,-0.657533][0.2838,0.896851,0][0.60359,0.030514,1.27606][-0.704779,0.266339,-0.657533][0.2838,0.896851,0][0.623006,0.045427,1.26129][-0.704779,0.266339,-0.657533][0.270003,0.90334,0][0.606266,-0.135386,1.20599][-0.704779,0.266339,-0.657533][0.268231,0.795608,0][0.502975,-0.252694,1.26919][-0.704782,0.266346,-0.657528][0.338544,0.737992,0][0.402276,-0.17473,1.40871][-0.704782,0.266346,-0.657528][0.422744,0.798778,0][0.426699,-0.14797,1.39337][-0.704782,0.266346,-0.657528][0.406041,0.811808,0][0.426699,-0.14797,1.39337][-0.704782,0.266346,-0.657528][0.406041,0.811808,0][0.550383,-0.129587,1.26824][-0.704782,0.266346,-0.657528][0.311909,0.806558,0][0.502975,-0.252694,1.26919][-0.704782,0.266346,-0.657528][0.338544,0.737992,0][0.606266,-0.135386,1.20599][-0.704788,0.266342,-0.657523][0.268231,0.795608,0][0.664797,-0.112584,1.15249][-0.704788,0.266342,-0.657523][0.224834,0.8017,0][0.690416,-0.224838,1.07956][-0.704788,0.266342,-0.657523][0.195892,0.730034,0][0.690416,-0.224838,1.07956][-0.704788,0.266342,-0.657523][0.195892,0.730034,0][0.589258,-0.319099,1.14981][-0.704788,0.266342,-0.657523][0.266431,0.68615,0][0.606266,-0.135386,1.20599][-0.704788,0.266342,-0.657523][0.268231,0.795608,0][0.606266,-0.135386,1.20599][-0.70478,0.266348,-0.657528][0.268231,0.795608,0][0.589258,-0.319099,1.14981][-0.70478,0.266348,-0.657528][0.266431,0.68615,0][0.502975,-0.252694,1.26919][-0.70478,0.266348,-0.657528][0.338544,0.737992,0][0.502975,-0.252694,1.26919][-0.70478,0.266348,-0.657528][0.338544,0.737992,0][0.550383,-0.129587,1.26824][-0.70478,0.266348,-0.657528][0.311909,0.806558,0][0.606266,-0.135386,1.20599][-0.70478,0.266348,-0.657528][0.268231,0.795608,0][0.645242,0.018873,1.26321][0.723065,0.626493,0.291004][0.276633,0.901726,0][0.640164,0.035949,1.23906][0.723065,0.626493,0.291004][0.284054,0.908342,0][0.623006,0.045427,1.26129][0.723065,0.626493,0.291004][0.269089,0.916384,0][0.623006,0.045427,1.26129][0.723065,0.626493,0.291004][0.269089,0.916384,0][0.636592,0.023651,1.27441][0.723065,0.626493,0.291004][0.269089,0.90578,0][0.645242,0.018873,1.26321][0.723065,0.626493,0.291004][0.276633,0.901726,0][0.645242,0.018873,1.26321][0.977745,0.199676,-0.064383][0.276633,0.901726,0][0.670556,-0.133767,1.17424][0.977745,0.199676,-0.064383][0.309364,0.797141,0][0.664797,-0.112584,1.15249][0.977745,0.199676,-0.064383][0.315904,0.806572,0][0.664797,-0.112584,1.15249][0.977745,0.199676,-0.064383][0.315904,0.806572,0][0.640164,0.035949,1.23906][0.977745,0.199676,-0.064383][0.284054,0.908342,0][0.645242,0.018873,1.26321][0.977745,0.199676,-0.064383][0.276633,0.901726,0][0.483278,-0.431402,1.25442][0.673382,-0.731996,-0.103627][0.176833,0.616731,0][0.470299,-0.439669,1.22848][0.673382,-0.731996,-0.103627][0.179644,0.607185,0][0.589258,-0.319099,1.14981][0.673382,-0.731996,-0.103627][0.269089,0.675986,0][0.589258,-0.319099,1.14981][0.673382,-0.731996,-0.103627][0.269089,0.675986,0][0.605977,-0.307041,1.17328][0.673382,-0.731996,-0.103627][0.269089,0.687695,0][0.483278,-0.431402,1.25442][0.673382,-0.731996,-0.103627][0.176833,0.616731,0][0.47054,-0.432689,1.26755][0.268793,-0.948474,0.167775][0.166362,0.617136,0][0.439113,-0.44282,1.26063][0.268793,-0.948474,0.167775][0.154009,0.608177,0][0.470299,-0.439669,1.22848][0.268793,-0.948474,0.167775][0.179644,0.607185,0][0.470299,-0.439669,1.22848][0.268793,-0.948474,0.167775][0.179644,0.607185,0][0.483278,-0.431402,1.25442][0.268793,-0.948474,0.167775][0.176833,0.616731,0][0.47054,-0.432689,1.26755][0.268793,-0.948474,0.167775][0.166362,0.617136,0][0.47054,-0.432689,1.26755][-0.22479,0.031652,0.973893][0.166362,0.617136,0][0.531711,-0.250575,1.27575][-0.22479,0.031652,0.973893][0.203129,0.732833,0][0.502975,-0.252694,1.26919][-0.22479,0.031652,0.973893][0.192394,0.728964,0][0.502975,-0.252694,1.26919][-0.22479,0.031652,0.973893][0.192394,0.728964,0][0.439113,-0.44282,1.26063][-0.22479,0.031652,0.973893][0.154009,0.608177,0][0.47054,-0.432689,1.26755][-0.22479,0.031652,0.973893][0.166362,0.617136,0][0.798318,-0.114781,1.04499][0.458197,0.694354,0.554913][0.413917,0.797141,0][0.788481,-0.0942021,1.02736][0.458197,0.694354,0.554913][0.41712,0.806572,0][0.664797,-0.112584,1.15249][0.458197,0.694354,0.554913][0.315904,0.806572,0][0.664797,-0.112584,1.15249][0.458197,0.694354,0.554913][0.315904,0.806572,0][0.670556,-0.133767,1.17424][0.458197,0.694354,0.554913][0.309364,0.797141,0][0.798318,-0.114781,1.04499][0.458197,0.694354,0.554913][0.413917,0.797141,0][0.805161,-0.121646,1.03488][0.81739,0.546592,0.181965][0.420122,0.791871,0][0.808561,-0.114349,0.997678][0.81739,0.546592,0.181965][0.435329,0.791105,0][0.788481,-0.0942021,1.02736][0.81739,0.546592,0.181965][0.41712,0.806572,0][0.788481,-0.0942021,1.02736][0.81739,0.546592,0.181965][0.41712,0.806572,0][0.798318,-0.114781,1.04499][0.81739,0.546592,0.181965][0.413917,0.797141,0][0.805161,-0.121646,1.03488][0.81739,0.546592,0.181965][0.420122,0.791871,0][0.805161,-0.121646,1.03488][0.646495,-0.757647,-0.08953][0.420122,0.791871,0][0.692915,-0.226617,1.11267][0.646495,-0.757647,-0.08953][0.335049,0.732833,0][0.690416,-0.224838,1.07956][0.646495,-0.757647,-0.08953][0.345784,0.728964,0][0.690416,-0.224838,1.07956][0.646495,-0.757647,-0.08953][0.345784,0.728964,0][0.808561,-0.114349,0.997678][0.646495,-0.757647,-0.08953][0.435329,0.791105,0][0.805161,-0.121646,1.03488][0.646495,-0.757647,-0.08953][0.420122,0.791871,0][0.721602,-0.395377,1.01356][0.977157,0.203014,-0.06285][0.371816,0.617136,0][0.720365,-0.401021,0.976091][0.977157,0.203014,-0.06285][0.384169,0.608177,0][0.690416,-0.224838,1.07956][0.977157,0.203014,-0.06285][0.345784,0.728964,0][0.690416,-0.224838,1.07956][0.977157,0.203014,-0.06285][0.345784,0.728964,0][0.692915,-0.226617,1.11267][0.977157,0.203014,-0.06285][0.335049,0.732833,0][0.721602,-0.395377,1.01356][0.977157,0.203014,-0.06285][0.371816,0.617136,0][0.721602,-0.395377,1.01356][0.314379,-0.940181,0.131247][0.371816,0.617136,0][0.70875,-0.397893,1.02632][0.314379,-0.940181,0.131247][0.361345,0.616731,0][0.6889,-0.407182,1.00732][0.314379,-0.940181,0.131247][0.358534,0.607185,0][0.6889,-0.407182,1.00732][0.314379,-0.940181,0.131247][0.358534,0.607185,0][0.720365,-0.401021,0.976091][0.314379,-0.940181,0.131247][0.384169,0.608177,0][0.721602,-0.395377,1.01356][0.314379,-0.940181,0.131247][0.371816,0.617136,0][0.70875,-0.397893,1.02632][-0.0642681,-0.868308,0.491844][0.361345,0.616731,0][0.605977,-0.307041,1.17328][-0.0642681,-0.868308,0.491845][0.269089,0.687695,0][0.589258,-0.319099,1.14981][-0.0642681,-0.868308,0.491845][0.269089,0.675986,0][0.589258,-0.319099,1.14981][-0.0642681,-0.868308,0.491845][0.269089,0.675986,0][0.6889,-0.407182,1.00732][-0.0642681,-0.868308,0.491845][0.358534,0.607185,0][0.70875,-0.397893,1.02632][-0.0642681,-0.868308,0.491844][0.361345,0.616731,0][0.626804,0.016133,1.28186][-0.226101,0.027575,0.973713][0.261545,0.901726,0][0.60359,0.030514,1.27606][-0.226101,0.027575,0.973713][0.254124,0.908342,0][0.550383,-0.129587,1.26824][-0.226101,0.027575,0.973713][0.222274,0.806572,0][0.550383,-0.129587,1.26824][-0.226101,0.027575,0.973713][0.222274,0.806572,0][0.572126,-0.148398,1.27382][-0.226101,0.027575,0.973713][0.228814,0.797141,0][0.626804,0.016133,1.28186][-0.226101,0.027575,0.973713][0.261545,0.901726,0][0.636592,0.023651,1.27441][0.160671,0.581054,0.797848][0.269089,0.90578,0][0.623006,0.045427,1.26129][0.160671,0.581054,0.797848][0.269089,0.916384,0][0.60359,0.030514,1.27606][0.160671,0.581054,0.797848][0.254124,0.908342,0][0.60359,0.030514,1.27606][0.160671,0.581054,0.797848][0.254124,0.908342,0][0.626804,0.016133,1.28186][0.160671,0.581054,0.797848][0.261545,0.901726,0][0.636592,0.023651,1.27441][0.160671,0.581054,0.797848][0.269089,0.90578,0][0.436042,-0.176503,1.4083][-0.0408931,-0.884493,0.464758][0.118056,0.791871,0][0.402276,-0.17473,1.40871][-0.0408931,-0.884493,0.464758][0.102849,0.791105,0][0.502975,-0.252694,1.26919][-0.0408931,-0.884493,0.464757][0.192394,0.728964,0][0.502975,-0.252694,1.26919][-0.0408931,-0.884493,0.464757][0.192394,0.728964,0][0.531711,-0.250575,1.27575][-0.0408931,-0.884493,0.464757][0.203129,0.732833,0][0.436042,-0.176503,1.4083][-0.0408931,-0.884493,0.464758][0.118056,0.791871,0][0.436042,-0.176503,1.4083][0.0353531,0.472494,0.880624][0.118056,0.791871,0][0.444364,-0.167385,1.40308][0.0353531,0.472494,0.880624][0.124261,0.797141,0][0.426699,-0.14797,1.39337][0.0353531,0.472494,0.880624][0.121059,0.806572,0][0.426699,-0.14797,1.39337][0.0353531,0.472494,0.880624][0.121059,0.806572,0][0.402276,-0.17473,1.40871][0.0353531,0.472494,0.880624][0.102849,0.791105,0][0.436042,-0.176503,1.4083][0.0353531,0.472494,0.880624][0.118056,0.791871,0][0.444364,-0.167385,1.40308][0.458209,0.694335,0.554926][0.124261,0.797141,0][0.572126,-0.148398,1.27382][0.458209,0.694335,0.554926][0.228814,0.797141,0][0.550383,-0.129587,1.26824][0.458209,0.694335,0.554926][0.222274,0.806572,0][0.550383,-0.129587,1.26824][0.458209,0.694335,0.554926][0.222274,0.806572,0][0.426699,-0.14797,1.39337][0.458209,0.694335,0.554926][0.121059,0.806572,0][0.444364,-0.167385,1.40308][0.458209,0.694335,0.554926][0.124261,0.797141,0][0.670556,-0.133767,1.17424][0.971211,0.0228639,0.237122][0.309364,0.797141,0][0.645242,0.018873,1.26321][0.971211,0.0228639,0.237123][0.276633,0.901726,0][0.653423,-0.209851,1.25175][0.971211,0.0228639,0.237123][0.269089,0.761048,0][0.645242,0.018873,1.26321][0.791128,-0.00233112,0.611646][0.276633,0.901726,0][0.636592,0.023651,1.27441][0.791128,-0.00233112,0.611646][0.269089,0.90578,0][0.653423,-0.209851,1.25175][0.791128,-0.00233112,0.611646][0.269089,0.761048,0][0.531711,-0.250575,1.27575][0.230846,-0.121009,0.965436][0.203129,0.732833,0][0.47054,-0.432689,1.26755][0.230846,-0.121009,0.965436][0.166362,0.617136,0][0.653423,-0.209851,1.25175][0.230846,-0.121009,0.965436][0.269089,0.761048,0][0.47054,-0.432689,1.26755][0.648805,-0.491271,0.581124][0.166362,0.617136,0][0.483278,-0.431402,1.25442][0.648805,-0.491271,0.581124][0.176833,0.616731,0][0.653423,-0.209851,1.25175][0.648805,-0.491271,0.581124][0.269089,0.761048,0][0.483278,-0.431402,1.25442][0.766951,-0.585848,0.261856][0.176833,0.616731,0][0.605977,-0.307041,1.17328][0.766951,-0.585848,0.261856][0.269089,0.687695,0][0.653423,-0.209851,1.25175][0.766951,-0.585847,0.261856][0.269089,0.761048,0][0.692915,-0.226617,1.11267][0.752653,-0.593422,0.285242][0.335049,0.732833,0][0.805161,-0.121646,1.03488][0.752653,-0.593422,0.285242][0.420122,0.791871,0][0.653423,-0.209851,1.25175][0.752654,-0.593422,0.285242][0.269089,0.761048,0][0.805161,-0.121646,1.03488][0.822579,-0.0175331,0.568381][0.420122,0.791871,0][0.798318,-0.114781,1.04499][0.822579,-0.0175331,0.568381][0.413917,0.797141,0][0.653423,-0.209851,1.25175][0.822579,-0.0175331,0.568381][0.269089,0.761048,0][0.798318,-0.114781,1.04499][0.567264,0.521553,0.637334][0.413917,0.797141,0][0.670556,-0.133767,1.17424][0.567264,0.521553,0.637334][0.309364,0.797141,0][0.653423,-0.209851,1.25175][0.567264,0.521553,0.637334][0.269089,0.761048,0][0.605977,-0.307041,1.17328][0.325911,-0.68512,0.651454][0.269089,0.687695,0][0.70875,-0.397893,1.02632][0.325911,-0.685121,0.651454][0.361345,0.616731,0][0.653423,-0.209851,1.25175][0.325911,-0.685121,0.651454][0.269089,0.761048,0][0.70875,-0.397893,1.02632][0.661038,-0.488419,0.569627][0.361345,0.616731,0][0.721602,-0.395377,1.01356][0.661038,-0.488419,0.569627][0.371816,0.617136,0][0.653423,-0.209851,1.25175][0.661038,-0.488419,0.569627][0.269089,0.761048,0][0.721602,-0.395377,1.01356][0.962074,0.00334785,0.272768][0.371816,0.617136,0][0.692915,-0.226617,1.11267][0.962074,0.00334785,0.272768][0.335049,0.732833,0][0.653423,-0.209851,1.25175][0.962074,0.00334785,0.272768][0.269089,0.761048,0][0.636592,0.023651,1.27441][0.620305,-0.0313441,0.783734][0.269089,0.90578,0][0.626804,0.016133,1.28186][0.620305,-0.0313441,0.783734][0.261545,0.901726,0][0.653423,-0.209851,1.25175][0.620305,-0.0313441,0.783734][0.269089,0.761048,0][0.626804,0.016133,1.28186][0.183138,-0.108593,0.977071][0.261545,0.901726,0][0.572126,-0.148398,1.27382][0.183138,-0.108593,0.977071][0.228814,0.797141,0][0.653423,-0.209851,1.25175][0.183138,-0.108593,0.977071][0.269089,0.761048,0][0.572126,-0.148398,1.27382][0.567261,0.52156,0.637331][0.228814,0.797141,0][0.444364,-0.167385,1.40308][0.567261,0.52156,0.637331][0.124261,0.797141,0][0.653423,-0.209851,1.25175][0.567261,0.52156,0.637331][0.269089,0.761048,0][0.444364,-0.167385,1.40308][0.577241,-0.0601031,0.814359][0.124261,0.797141,0][0.436042,-0.176503,1.4083][0.577241,-0.0601031,0.814359][0.118056,0.791871,0][0.653423,-0.209851,1.25175][0.577241,-0.0601031,0.814359][0.269089,0.761048,0][0.436042,-0.176503,1.4083][0.354522,-0.683647,0.637919][0.118056,0.791871,0][0.531711,-0.250575,1.27575][0.354522,-0.683647,0.637919][0.203129,0.732833,0][0.653423,-0.209851,1.25175][0.354522,-0.683647,0.637919][0.269089,0.761048,0][0.914841,0.320712,-0.943607][-0.317589,0.122347,0.940302][0.256266,0.891318,0][0.715359,0.0688279,-0.978208][-0.317589,0.122347,0.940302][0.229039,0.797771,0][0.836264,-0.00821117,-0.927349][-0.317589,0.122347,0.940302][0.269059,0.789102,0][0.836264,-0.00821117,-0.927349][-0.317589,0.122347,0.940302][0.269059,0.789102,0][0.96547,0.327185,-0.927349][-0.317589,0.122347,0.940302][0.269059,0.898711,0][0.914841,0.320712,-0.943607][-0.317589,0.122347,0.940302][0.256266,0.891318,0][0.977206,-0.282729,-0.844027][-0.317587,0.122347,0.940303][0.334622,0.72643,0][0.704986,-0.348985,-0.927349][-0.317587,0.122347,0.940303][0.269059,0.677733,0][0.880961,-0.639017,-0.830176][-0.317587,0.122347,0.940303][0.345523,0.614489,0][0.880961,-0.639017,-0.830176][-0.317587,0.122347,0.940303][0.345523,0.614489,0][0.953838,-0.663886,-0.802326][-0.317587,0.122347,0.940303][0.367436,0.615401,0][0.977206,-0.282729,-0.844027][-0.317587,0.122347,0.940303][0.334622,0.72643,0][0.547574,-0.11722,-1.01067][-0.317587,0.122346,0.940303][0.203495,0.72643,0][0.715359,0.0688279,-0.978208][-0.317587,0.122346,0.940303][0.229039,0.797771,0][0.431865,0.178041,-1.08817][-0.317587,0.122346,0.940303][0.142515,0.797771,0][0.431865,0.178041,-1.08817][-0.317587,0.122346,0.940303][0.142515,0.797771,0][0.364102,0.154184,-1.10795][-0.317587,0.122346,0.940303][0.126948,0.783552,0][0.547574,-0.11722,-1.01067][-0.317587,0.122346,0.940303][0.203495,0.72643,0][0.547574,-0.11722,-1.01067][-0.317587,0.122346,0.940303][0.203495,0.72643,0][0.309182,-0.415541,-1.05237][-0.317587,0.122346,0.940303][0.170682,0.615401,0][0.379908,-0.445993,-1.02452][-0.317587,0.122346,0.940303][0.192597,0.614489,0][0.379908,-0.445993,-1.02452][-0.317587,0.122346,0.940303][0.192597,0.614489,0][0.704986,-0.348985,-0.927349][-0.317587,0.122346,0.940303][0.269059,0.677733,0][0.547574,-0.11722,-1.01067][-0.317587,0.122346,0.940303][0.203495,0.72643,0][0.836264,-0.00821117,-0.927349][-0.317586,0.122346,0.940303][0.269059,0.789102,0][0.977607,-0.0321982,-0.876489][-0.317586,0.122346,0.940303][0.30908,0.797771,0][0.998672,0.288417,-0.911091][-0.317586,0.122346,0.940304][0.281853,0.891318,0][0.998672,0.288417,-0.911091][-0.317586,0.122346,0.940304][0.281853,0.891318,0][0.96547,0.327185,-0.927349][-0.317586,0.122346,0.940304][0.269059,0.898711,0][0.836264,-0.00821117,-0.927349][-0.317586,0.122346,0.940303][0.269059,0.789102,0][0.977206,-0.282729,-0.844027][-0.317588,0.122346,0.940303][0.334622,0.72643,0][1.29534,-0.204563,-0.746746][-0.317588,0.122346,0.940303][0.41117,0.783552,0][1.2611,-0.141411,-0.766529][-0.317588,0.122346,0.940303][0.395605,0.797771,0][1.2611,-0.141411,-0.766529][-0.317588,0.122346,0.940303][0.395605,0.797771,0][0.977607,-0.0321982,-0.876489][-0.317588,0.122346,0.940303][0.30908,0.797771,0][0.977206,-0.282729,-0.844027][-0.317588,0.122346,0.940303][0.334622,0.72643,0][0.836264,-0.00821117,-0.927349][-0.317588,0.122346,0.940303][0.269059,0.789102,0][0.715359,0.0688279,-0.978208][-0.317588,0.122346,0.940303][0.229039,0.797771,0][0.547574,-0.11722,-1.01067][-0.317588,0.122346,0.940303][0.203495,0.72643,0][0.547574,-0.11722,-1.01067][-0.317588,0.122346,0.940303][0.203495,0.72643,0][0.704986,-0.348985,-0.927349][-0.317588,0.122346,0.940303][0.269059,0.677733,0][0.836264,-0.00821117,-0.927349][-0.317588,0.122346,0.940303][0.269059,0.789102,0][0.836264,-0.00821117,-0.927349][-0.317587,0.122346,0.940303][0.269059,0.789102,0][0.704986,-0.348985,-0.927349][-0.317587,0.122346,0.940303][0.269059,0.677733,0][0.977206,-0.282729,-0.844027][-0.317587,0.122346,0.940303][0.334622,0.72643,0][0.977206,-0.282729,-0.844027][-0.317587,0.122346,0.940303][0.334622,0.72643,0][0.977607,-0.0321982,-0.876489][-0.317587,0.122346,0.940303][0.30908,0.797771,0][0.836264,-0.00821117,-0.927349][-0.317587,0.122346,0.940303][0.269059,0.789102,0][0.848567,-0.0129512,-0.974076][0.317586,-0.122346,-0.940303][0.271103,0.795538,0][0.735762,0.0305058,-1.01783][0.317586,-0.122346,-0.940303][0.312749,0.795538,0][0.940761,0.289356,-0.982272][0.317586,-0.122346,-0.940303][0.278904,0.902435,0][0.940761,0.289356,-0.982272][0.317586,-0.122346,-0.940303][0.278904,0.902435,0][0.966284,0.292619,-0.974076][0.317586,-0.122346,-0.940303][0.271103,0.906578,0][0.848567,-0.0129512,-0.974076][0.317586,-0.122346,-0.940303][0.271103,0.795538,0][0.963632,-0.265002,-0.902417][0.317589,-0.122346,-0.940302][0.202898,0.729808,0][0.941248,-0.630098,-0.862473][0.317589,-0.122346,-0.940303][0.164879,0.611553,0][0.911482,-0.619939,-0.873849][0.317589,-0.122346,-0.940302][0.175706,0.611139,0][0.911482,-0.619939,-0.873849][0.317589,-0.122346,-0.940302][0.175706,0.611139,0][0.729975,-0.320792,-0.974076][0.317589,-0.122346,-0.940303][0.271103,0.683672,0][0.963632,-0.265002,-0.902417][0.317589,-0.122346,-0.940302][0.202898,0.729808,0][0.594138,-0.122659,-1.04574][0.317588,-0.122346,-0.940303][0.339308,0.729808,0][0.41983,0.13519,-1.13816][0.317588,-0.122346,-0.940303][0.427277,0.790151,0][0.44292,0.143319,-1.13142][0.317588,-0.122346,-0.940303][0.42086,0.795538,0][0.44292,0.143319,-1.13142][0.317588,-0.122346,-0.940303][0.42086,0.795538,0][0.735762,0.0305058,-1.01783][0.317588,-0.122346,-0.940303][0.312749,0.795538,0][0.594138,-0.122659,-1.04574][0.317588,-0.122346,-0.940303][0.339308,0.729808,0][0.394681,-0.420849,-1.0743][0.317587,-0.122346,-0.940303][0.3665,0.611139,0][0.365792,-0.408411,-1.08568][0.317587,-0.122346,-0.940303][0.377327,0.611553,0][0.594138,-0.122659,-1.04574][0.317587,-0.122346,-0.940303][0.339308,0.729808,0][0.594138,-0.122659,-1.04574][0.317587,-0.122346,-0.940303][0.339308,0.729808,0][0.729975,-0.320792,-0.974076][0.317587,-0.122346,-0.940303][0.271103,0.683672,0][0.394681,-0.420849,-1.0743][0.317587,-0.122346,-0.940303][0.3665,0.611139,0][0.983021,0.273076,-0.96588][0.317587,-0.122346,-0.940303][0.263302,0.902435,0][0.961372,-0.0564082,-0.930322][0.317587,-0.122346,-0.940303][0.229457,0.795538,0][0.848567,-0.0129512,-0.974076][0.317587,-0.122346,-0.940303][0.271103,0.795538,0][0.848567,-0.0129512,-0.974076][0.317587,-0.122346,-0.940303][0.271103,0.795538,0][0.966284,0.292619,-0.974076][0.317587,-0.122346,-0.940303][0.271103,0.906578,0][0.983021,0.273076,-0.96588][0.317587,-0.122346,-0.940303][0.263302,0.902435,0][1.25421,-0.169221,-0.816736][0.317588,-0.122348,-0.940303][0.121346,0.795538,0][1.26588,-0.190741,-0.809995][0.317588,-0.122348,-0.940303][0.11493,0.790151,0][0.963632,-0.265002,-0.902417][0.317588,-0.122348,-0.940303][0.202898,0.729808,0][0.963632,-0.265002,-0.902417][0.317588,-0.122348,-0.940303][0.202898,0.729808,0][0.961372,-0.0564082,-0.930322][0.317588,-0.122348,-0.940303][0.229457,0.795538,0][1.25421,-0.169221,-0.816736][0.317588,-0.122348,-0.940303][0.121346,0.795538,0][0.848567,-0.0129512,-0.974076][0.317587,-0.122346,-0.940303][0.271103,0.795538,0][0.729975,-0.320792,-0.974076][0.317587,-0.122346,-0.940303][0.271103,0.683672,0][0.594138,-0.122659,-1.04574][0.317587,-0.122346,-0.940303][0.339308,0.729808,0][0.594138,-0.122659,-1.04574][0.317587,-0.122346,-0.940303][0.339308,0.729808,0][0.735762,0.0305058,-1.01783][0.317587,-0.122346,-0.940303][0.312749,0.795538,0][0.848567,-0.0129512,-0.974076][0.317587,-0.122346,-0.940303][0.271103,0.795538,0][0.963632,-0.265002,-0.902417][0.317587,-0.122347,-0.940303][0.202898,0.729808,0][0.729975,-0.320792,-0.974076][0.317587,-0.122347,-0.940303][0.271103,0.683672,0][0.848567,-0.0129512,-0.974076][0.317587,-0.122347,-0.940303][0.271103,0.795538,0][0.848567,-0.0129512,-0.974076][0.317587,-0.122347,-0.940303][0.271103,0.795538,0][0.961372,-0.0564082,-0.930322][0.317587,-0.122347,-0.940303][0.229457,0.795538,0][0.963632,-0.265002,-0.902417][0.317587,-0.122347,-0.940303][0.202898,0.729808,0][0.966284,0.292619,-0.974076][0.0874401,0.801594,-0.59144][0.271103,0.906578,0][0.940761,0.289356,-0.982272][0.0874401,0.801594,-0.59144][0.278904,0.902435,0][0.914841,0.320712,-0.943607][0.0874401,0.801594,-0.59144][0.286578,0.909196,0][0.914841,0.320712,-0.943607][0.0874401,0.801594,-0.59144][0.286578,0.909196,0][0.96547,0.327185,-0.927349][0.0874401,0.801594,-0.59144][0.271103,0.917417,0][0.966284,0.292619,-0.974076][0.0874401,0.801594,-0.59144][0.271103,0.906578,0][0.940761,0.289356,-0.982272][-0.489594,0.487087,-0.723218][0.278904,0.902435,0][0.735762,0.0305058,-1.01783][-0.489594,0.487087,-0.723218][0.312749,0.795538,0][0.715359,0.0688279,-0.978208][-0.489594,0.487087,-0.723218][0.319512,0.805176,0][0.715359,0.0688279,-0.978208][-0.489594,0.487087,-0.723218][0.319512,0.805176,0][0.914841,0.320712,-0.943607][-0.489594,0.487087,-0.723218][0.286578,0.909196,0][0.940761,0.289356,-0.982272][-0.489594,0.487087,-0.723218][0.278904,0.902435,0][0.911482,-0.619939,-0.873849][-0.555098,-0.546807,-0.626792][0.175706,0.611139,0][0.880961,-0.639017,-0.830176][-0.555098,-0.546807,-0.626792][0.178614,0.601381,0][0.704986,-0.348985,-0.927349][-0.555098,-0.546807,-0.626792][0.271103,0.671704,0][0.704986,-0.348985,-0.927349][-0.555098,-0.546807,-0.626792][0.271103,0.671704,0][0.729975,-0.320792,-0.974076][-0.555098,-0.546807,-0.626792][0.271103,0.683672,0][0.911482,-0.619939,-0.873849][-0.555098,-0.546807,-0.626792][0.175706,0.611139,0][0.941248,-0.630098,-0.862473][-0.120525,-0.876055,-0.466907][0.164879,0.611553,0][0.953838,-0.663886,-0.802326][-0.120525,-0.876055,-0.466907][0.152106,0.602396,0][0.880961,-0.639017,-0.830176][-0.120525,-0.876055,-0.466907][0.178614,0.601381,0][0.880961,-0.639017,-0.830176][-0.120525,-0.876055,-0.466907][0.178614,0.601381,0][0.911482,-0.619939,-0.873849][-0.120525,-0.876055,-0.466907][0.175706,0.611139,0][0.941248,-0.630098,-0.862473][-0.120525,-0.876055,-0.466907][0.164879,0.611553,0][0.941248,-0.630098,-0.862473][0.964261,-0.0865171,-0.250432][0.164879,0.611553,0][0.963632,-0.265002,-0.902417][0.964261,-0.0865171,-0.250432][0.202898,0.729808,0][0.977206,-0.282729,-0.844027][0.964261,-0.0865171,-0.250432][0.191797,0.725853,0][0.977206,-0.282729,-0.844027][0.964261,-0.0865171,-0.250432][0.191797,0.725853,0][0.953838,-0.663886,-0.802326][0.964261,-0.0865171,-0.250432][0.152106,0.602396,0][0.941248,-0.630098,-0.862473][0.964261,-0.0865171,-0.250432][0.164879,0.611553,0][0.44292,0.143319,-1.13142][0.470792,0.742807,-0.476018][0.42086,0.795538,0][0.431865,0.178041,-1.08817][0.470792,0.742807,-0.476018][0.424172,0.805176,0][0.715359,0.0688279,-0.978208][0.470792,0.742807,-0.476018][0.319512,0.805176,0][0.715359,0.0688279,-0.978208][0.470792,0.742807,-0.476018][0.319512,0.805176,0][0.735762,0.0305058,-1.01783][0.470792,0.742807,-0.476018][0.312749,0.795538,0][0.44292,0.143319,-1.13142][0.470792,0.742807,-0.476018][0.42086,0.795538,0][0.41983,0.13519,-1.13816][-0.0839269,0.766449,-0.636799][0.427277,0.790151,0][0.364102,0.154184,-1.10795][-0.0839269,0.766449,-0.636799][0.443001,0.789368,0][0.431865,0.178041,-1.08817][-0.0839269,0.766449,-0.636799][0.424172,0.805176,0][0.431865,0.178041,-1.08817][-0.0839269,0.766449,-0.636799][0.424172,0.805176,0][0.44292,0.143319,-1.13142][-0.0839269,0.766449,-0.636799][0.42086,0.795538,0][0.41983,0.13519,-1.13816][-0.0839269,0.766449,-0.636799][0.427277,0.790151,0][0.41983,0.13519,-1.13816][-0.53198,-0.580561,-0.616398][0.427277,0.790151,0][0.594138,-0.122659,-1.04574][-0.53198,-0.580561,-0.616398][0.339308,0.729808,0][0.547574,-0.11722,-1.01067][-0.53198,-0.580561,-0.616398][0.350409,0.725853,0][0.547574,-0.11722,-1.01067][-0.53198,-0.580561,-0.616398][0.350409,0.725853,0][0.364102,0.154184,-1.10795][-0.53198,-0.580561,-0.616398][0.443001,0.789368,0][0.41983,0.13519,-1.13816][-0.53198,-0.580561,-0.616398][0.427277,0.790151,0][0.365792,-0.408411,-1.08568][-0.487029,0.49023,-0.722826][0.377327,0.611553,0][0.309182,-0.415541,-1.05237][-0.487029,0.49023,-0.722826][0.3901,0.602396,0][0.547574,-0.11722,-1.01067][-0.487029,0.49023,-0.722826][0.350409,0.725853,0][0.547574,-0.11722,-1.01067][-0.487029,0.49023,-0.722826][0.350409,0.725853,0][0.594138,-0.122659,-1.04574][-0.487029,0.49023,-0.722826][0.339308,0.729808,0][0.365792,-0.408411,-1.08568][-0.487029,0.49023,-0.722826][0.377327,0.611553,0][0.365792,-0.408411,-1.08568][-0.177607,-0.8562,-0.485156][0.377327,0.611553,0][0.394681,-0.420849,-1.0743][-0.177607,-0.8562,-0.485156][0.3665,0.611139,0][0.379908,-0.445993,-1.02452][-0.177607,-0.8562,-0.485156][0.363592,0.601381,0][0.379908,-0.445993,-1.02452][-0.177607,-0.8562,-0.485156][0.363592,0.601381,0][0.309182,-0.415541,-1.05237][-0.177607,-0.8562,-0.485156][0.3901,0.602396,0][0.365792,-0.408411,-1.08568][-0.177607,-0.8562,-0.485156][0.377327,0.611553,0][0.394681,-0.420849,-1.0743][0.359721,-0.871455,-0.333418][0.3665,0.611139,0][0.729975,-0.320792,-0.974076][0.359721,-0.871455,-0.333418][0.271103,0.683672,0][0.704986,-0.348985,-0.927349][0.359721,-0.871455,-0.333418][0.271103,0.671704,0][0.704986,-0.348985,-0.927349][0.359721,-0.871455,-0.333418][0.271103,0.671704,0][0.379908,-0.445993,-1.02452][0.359721,-0.871455,-0.333418][0.363592,0.601381,0][0.394681,-0.420849,-1.0743][0.359721,-0.871455,-0.333418][0.3665,0.611139,0][0.983021,0.273076,-0.96588][0.963999,-0.0903291,-0.250094][0.263302,0.902435,0][0.998672,0.288417,-0.911091][0.963999,-0.0903291,-0.250094][0.255628,0.909196,0][0.977607,-0.0321982,-0.876489][0.963999,-0.0903291,-0.250094][0.222695,0.805176,0][0.977607,-0.0321982,-0.876489][0.963999,-0.0903291,-0.250094][0.222695,0.805176,0][0.961372,-0.0564082,-0.930322][0.963999,-0.0903291,-0.250094][0.229457,0.795538,0][0.983021,0.273076,-0.96588][0.963999,-0.0903291,-0.250094][0.263302,0.902435,0][0.983021,0.273076,-0.96588][0.777159,0.512318,-0.365451][0.263302,0.902435,0][0.966284,0.292619,-0.974076][0.777159,0.512318,-0.365451][0.271103,0.906578,0][0.96547,0.327185,-0.927349][0.777159,0.512318,-0.365451][0.271103,0.917417,0][0.96547,0.327185,-0.927349][0.777159,0.512318,-0.365451][0.271103,0.917417,0][0.998672,0.288417,-0.911091][0.777159,0.512318,-0.365451][0.255628,0.909196,0][0.983021,0.273076,-0.96588][0.777159,0.512318,-0.365451][0.263302,0.902435,0][1.26588,-0.190741,-0.809995][0.321667,-0.882641,-0.342747][0.11493,0.790151,0][1.29534,-0.204563,-0.746746][0.321667,-0.882641,-0.342747][0.099205,0.789368,0][0.977206,-0.282729,-0.844027][0.321667,-0.882641,-0.342747][0.191797,0.725853,0][0.977206,-0.282729,-0.844027][0.321667,-0.882641,-0.342747][0.191797,0.725853,0][0.963632,-0.265002,-0.902417][0.321667,-0.882641,-0.342747][0.202898,0.729808,0][1.26588,-0.190741,-0.809995][0.321667,-0.882641,-0.342747][0.11493,0.790151,0][1.26588,-0.190741,-0.809995][0.870389,0.370301,-0.3245][0.11493,0.790151,0][1.25421,-0.169221,-0.816736][0.870389,0.370301,-0.3245][0.121346,0.795538,0][1.2611,-0.141411,-0.766529][0.870389,0.370301,-0.3245][0.118034,0.805176,0][1.2611,-0.141411,-0.766529][0.870389,0.370301,-0.3245][0.118034,0.805176,0][1.29534,-0.204563,-0.746746][0.870389,0.370301,-0.3245][0.099205,0.789368,0][1.26588,-0.190741,-0.809995][0.870389,0.370301,-0.3245][0.11493,0.790151,0][1.25421,-0.169221,-0.816736][0.470793,0.742805,-0.476019][0.121346,0.795538,0][0.961372,-0.0564082,-0.930322][0.470793,0.742805,-0.476019][0.229457,0.795538,0][0.977607,-0.0321982,-0.876489][0.470793,0.742805,-0.476019][0.222695,0.805176,0][0.977607,-0.0321982,-0.876489][0.470793,0.742805,-0.476019][0.222695,0.805176,0][1.2611,-0.141411,-0.766529][0.470793,0.742805,-0.476019][0.118034,0.805176,0][1.25421,-0.169221,-0.816736][0.470793,0.742805,-0.476019][0.121346,0.795538,0][1.44746,0.313192,-0.248831][-0.905081,0.34867,0.243428][0.256266,0.891318,0][1.31158,0.0368078,-0.358168][-0.905081,0.34867,0.243428][0.229039,0.797771,0][1.339,-0.00421821,-0.197456][-0.905081,0.34867,0.243428][0.269059,0.789102,0][1.339,-0.00421821,-0.197456][-0.905081,0.34867,0.243428][0.269059,0.789102,0][1.46821,0.331178,-0.197456][-0.905081,0.34867,0.243428][0.269059,0.898711,0][1.44746,0.313192,-0.248831][-0.905081,0.34867,0.243428][0.256266,0.891318,0][1.32679,-0.219736,0.065833][-0.905082,0.348669,0.243427][0.334622,0.72643,0][1.20772,-0.344992,-0.197456][-0.905082,0.348669,0.243427][0.269059,0.677733,0][1.20509,-0.566216,0.109602][-0.905082,0.348669,0.243427][0.345523,0.614489,0][1.20509,-0.566216,0.109602][-0.905082,0.348669,0.243427][0.345523,0.614489,0][1.22677,-0.571364,0.197605][-0.905082,0.348669,0.243427][0.367436,0.615401,0][1.32679,-0.219736,0.065833][-0.905082,0.348669,0.243427][0.334622,0.72643,0][1.20346,-0.172226,-0.460746][-0.905081,0.34867,0.243429][0.203495,0.72643,0][1.31158,0.0368078,-0.358168][-0.905081,0.34867,0.243429][0.229039,0.797771,0][1.23021,0.0681568,-0.705634][-0.905081,0.34867,0.243429][0.142515,0.797771,0][1.23021,0.0681568,-0.705634][-0.905081,0.34867,0.243429][0.142515,0.797771,0][1.1988,0.0302928,-0.768146][-0.905081,0.34867,0.243429][0.126948,0.783552,0][1.20346,-0.172226,-0.460746][-0.905081,0.34867,0.243429][0.203495,0.72643,0][1.20346,-0.172226,-0.460746][-0.90508,0.348671,0.243431][0.203495,0.72643,0][1.04172,-0.500077,-0.592518][-0.90508,0.348671,0.243431][0.170682,0.615401,0][1.06126,-0.510808,-0.504515][-0.90508,0.348671,0.243431][0.192597,0.614489,0][1.06126,-0.510808,-0.504515][-0.90508,0.348671,0.243431][0.192597,0.614489,0][1.20772,-0.344992,-0.197456][-0.90508,0.348671,0.243431][0.269059,0.677733,0][1.20346,-0.172226,-0.460746][-0.90508,0.348671,0.243431][0.203495,0.72643,0][1.339,-0.00421821,-0.197456][-0.905081,0.348671,0.243429][0.269059,0.789102,0][1.38686,0.00780779,-0.036745][-0.905081,0.348671,0.243429][0.30908,0.797771,0][1.47153,0.303922,-0.146082][-0.905081,0.348671,0.243429][0.281853,0.891318,0][1.47153,0.303922,-0.146082][-0.905081,0.348671,0.243429][0.281853,0.891318,0][1.46821,0.331178,-0.197456][-0.905081,0.348671,0.243429][0.269059,0.898711,0][1.339,-0.00421821,-0.197456][-0.905081,0.348671,0.243429][0.269059,0.789102,0][1.32679,-0.219736,0.065833][-0.905081,0.34867,0.243429][0.334622,0.72643,0][1.46612,-0.0726862,0.373233][-0.905081,0.348669,0.243429][0.41117,0.783552,0][1.46824,-0.0235412,0.310721][-0.905081,0.348669,0.243429][0.395605,0.797771,0][1.46824,-0.0235412,0.310721][-0.905081,0.348669,0.243429][0.395605,0.797771,0][1.38686,0.00780779,-0.036745][-0.905081,0.348669,0.243429][0.30908,0.797771,0][1.32679,-0.219736,0.065833][-0.905081,0.34867,0.243429][0.334622,0.72643,0][1.339,-0.00421821,-0.197456][-0.905081,0.348669,0.24343][0.269059,0.789102,0][1.31158,0.0368078,-0.358168][-0.905081,0.348669,0.24343][0.229039,0.797771,0][1.20346,-0.172226,-0.460746][-0.905081,0.348669,0.24343][0.203495,0.72643,0][1.20346,-0.172226,-0.460746][-0.905081,0.348669,0.24343][0.203495,0.72643,0][1.20772,-0.344992,-0.197456][-0.905081,0.348669,0.24343][0.269059,0.677733,0][1.339,-0.00421821,-0.197456][-0.905081,0.348669,0.24343][0.269059,0.789102,0][1.339,-0.00421821,-0.197456][-0.905082,0.348669,0.243428][0.269059,0.789102,0][1.20772,-0.344992,-0.197456][-0.905082,0.348669,0.243428][0.269059,0.677733,0][1.32679,-0.219736,0.065833][-0.905082,0.348669,0.243428][0.334622,0.72643,0][1.32679,-0.219736,0.065833][-0.905082,0.348669,0.243428][0.334622,0.72643,0][1.38686,0.00780779,-0.036745][-0.905082,0.348669,0.243428][0.30908,0.797771,0][1.339,-0.00421821,-0.197456][-0.905082,0.348669,0.243428][0.269059,0.789102,0][1.37788,-0.0191952,-0.210869][0.90508,-0.348671,-0.24343][0.271103,0.795538,0][1.3455,-0.00672022,-0.349129][0.90508,-0.348671,-0.24343][0.312749,0.795538,0][1.48514,0.277309,-0.236768][0.90508,-0.348671,-0.24343][0.278904,0.902435,0][1.48514,0.277309,-0.236768][0.90508,-0.348671,-0.24343][0.278904,0.902435,0][1.49559,0.286376,-0.210869][0.90508,-0.348671,-0.24343][0.271103,0.906578,0][1.37788,-0.0191952,-0.210869][0.90508,-0.348671,-0.24343][0.271103,0.795538,0][1.36123,-0.220505,0.015566][0.90508,-0.348671,-0.24343][0.202898,0.729808,0][1.26542,-0.557315,0.141786][0.90508,-0.348671,-0.24343][0.164879,0.611553,0][1.25657,-0.555213,0.10584][0.90508,-0.348671,-0.24343][0.175706,0.611139,0][1.25657,-0.555213,0.10584][0.90508,-0.348671,-0.24343][0.175706,0.611139,0][1.25929,-0.327036,-0.210869][0.90508,-0.348671,-0.24343][0.271103,0.683672,0][1.36123,-0.220505,0.015566][0.90508,-0.348671,-0.24343][0.202898,0.729808,0][1.25516,-0.179645,-0.437305][0.90508,-0.348671,-0.24343][0.339308,0.729808,0][1.25074,0.0127598,-0.729353][0.90508,-0.348671,-0.24343][0.427277,0.790151,0][1.26144,0.0256618,-0.708052][0.90508,-0.348671,-0.24343][0.42086,0.795538,0][1.26144,0.0256618,-0.708052][0.90508,-0.348671,-0.24343][0.42086,0.795538,0][1.3455,-0.00672022,-0.349129][0.90508,-0.348671,-0.24343][0.312749,0.795538,0][1.25516,-0.179645,-0.437305][0.90508,-0.348671,-0.24343][0.339308,0.729808,0][1.10822,-0.498064,-0.527579][0.905081,-0.348671,-0.243429][0.3665,0.611139,0][1.10024,-0.49368,-0.563524][0.905081,-0.348671,-0.243429][0.377327,0.611553,0][1.25516,-0.179645,-0.437305][0.905081,-0.348671,-0.243429][0.339308,0.729808,0][1.25516,-0.179645,-0.437305][0.905081,-0.348671,-0.243429][0.339308,0.729808,0][1.25929,-0.327036,-0.210869][0.905081,-0.348671,-0.243429][0.271103,0.683672,0][1.10822,-0.498064,-0.527579][0.905081,-0.348671,-0.243429][0.3665,0.611139,0][1.49727,0.272636,-0.184971][0.905081,-0.348671,-0.243428][0.263302,0.902435,0][1.41026,-0.0316692,-0.07261][0.905081,-0.348671,-0.243428][0.229457,0.795538,0][1.37788,-0.0191952,-0.210869][0.905081,-0.348671,-0.243428][0.271103,0.795538,0][1.37788,-0.0191952,-0.210869][0.905081,-0.348671,-0.243428][0.271103,0.795538,0][1.49559,0.286376,-0.210869][0.905081,-0.348671,-0.243428][0.271103,0.906578,0][1.49727,0.272636,-0.184971][0.905081,-0.348671,-0.243428][0.263302,0.902435,0][1.49432,-0.0640522,0.286313][0.905081,-0.348669,-0.24343][0.121346,0.795538,0][1.4936,-0.0807982,0.307614][0.905081,-0.348668,-0.24343][0.11493,0.790151,0][1.36123,-0.220505,0.015566][0.905081,-0.348669,-0.24343][0.202898,0.729808,0][1.36123,-0.220505,0.015566][0.905081,-0.348669,-0.24343][0.202898,0.729808,0][1.41026,-0.0316692,-0.07261][0.905081,-0.348668,-0.24343][0.229457,0.795538,0][1.49432,-0.0640522,0.286313][0.905081,-0.348669,-0.24343][0.121346,0.795538,0][1.37788,-0.0191952,-0.210869][0.905081,-0.34867,-0.24343][0.271103,0.795538,0][1.25929,-0.327036,-0.210869][0.905081,-0.34867,-0.24343][0.271103,0.683672,0][1.25516,-0.179645,-0.437305][0.905081,-0.34867,-0.24343][0.339308,0.729808,0][1.25516,-0.179645,-0.437305][0.905081,-0.34867,-0.24343][0.339308,0.729808,0][1.3455,-0.00672022,-0.349129][0.905081,-0.34867,-0.24343][0.312749,0.795538,0][1.37788,-0.0191952,-0.210869][0.905081,-0.34867,-0.24343][0.271103,0.795538,0][1.36123,-0.220505,0.015566][0.905081,-0.34867,-0.243429][0.202898,0.729808,0][1.25929,-0.327036,-0.210869][0.905081,-0.34867,-0.243429][0.271103,0.683672,0][1.37788,-0.0191952,-0.210869][0.905081,-0.34867,-0.243429][0.271103,0.795538,0][1.37788,-0.0191952,-0.210869][0.905081,-0.34867,-0.243429][0.271103,0.795538,0][1.41026,-0.0316692,-0.07261][0.905081,-0.34867,-0.243429][0.229457,0.795538,0][1.36123,-0.220505,0.015566][0.905081,-0.34867,-0.243429][0.202898,0.729808,0][1.49559,0.286376,-0.210869][0.682747,0.558418,-0.471196][0.271103,0.906578,0][1.48514,0.277309,-0.236768][0.682747,0.558418,-0.471196][0.278904,0.902435,0][1.44746,0.313192,-0.248831][0.682747,0.558418,-0.471196][0.286578,0.909196,0][1.44746,0.313192,-0.248831][0.682747,0.558418,-0.471196][0.286578,0.909196,0][1.46821,0.331178,-0.197456][0.682747,0.558418,-0.471196][0.271103,0.917417,0][1.49559,0.286376,-0.210869][0.682747,0.558418,-0.471196][0.271103,0.906578,0][1.48514,0.277309,-0.236768][0.424306,0.144994,-0.893835][0.278904,0.902435,0][1.3455,-0.00672022,-0.349129][0.424306,0.144994,-0.893835][0.312749,0.795538,0][1.31158,0.0368078,-0.358168][0.424306,0.144994,-0.893835][0.319512,0.805176,0][1.31158,0.0368078,-0.358168][0.424306,0.144994,-0.893835][0.319512,0.805176,0][1.44746,0.313192,-0.248831][0.424306,0.144994,-0.893835][0.286578,0.909196,0][1.48514,0.277309,-0.236768][0.424306,0.144994,-0.893835][0.278904,0.902435,0][1.25657,-0.555213,0.10584][0.129754,-0.805026,-0.578876][0.175706,0.611139,0][1.20509,-0.566216,0.109602][0.129754,-0.805026,-0.578876][0.178614,0.601381,0][1.20772,-0.344992,-0.197456][0.129754,-0.805026,-0.578876][0.271103,0.671704,0][1.20772,-0.344992,-0.197456][0.129754,-0.805026,-0.578876][0.271103,0.671704,0][1.25929,-0.327036,-0.210869][0.129754,-0.805026,-0.578876][0.271103,0.683672,0][1.25657,-0.555213,0.10584][0.129754,-0.805026,-0.578876][0.175706,0.611139,0][1.26542,-0.557315,0.141786][0.200388,-0.973927,-0.106348][0.164879,0.611553,0][1.22677,-0.571364,0.197605][0.200388,-0.973927,-0.106348][0.152106,0.602396,0][1.20509,-0.566216,0.109602][0.200388,-0.973928,-0.106348][0.178614,0.601381,0][1.20509,-0.566216,0.109602][0.200388,-0.973928,-0.106348][0.178614,0.601381,0][1.25657,-0.555213,0.10584][0.200388,-0.973927,-0.106348][0.175706,0.611139,0][1.26542,-0.557315,0.141786][0.200388,-0.973927,-0.106348][0.164879,0.611553,0][1.26542,-0.557315,0.141786][0.82459,-0.0227141,0.565274][0.164879,0.611553,0][1.36123,-0.220505,0.015566][0.82459,-0.0227141,0.565274][0.202898,0.729808,0][1.32679,-0.219736,0.065833][0.82459,-0.0227141,0.565274][0.191797,0.725853,0][1.32679,-0.219736,0.065833][0.82459,-0.0227141,0.565274][0.191797,0.725853,0][1.22677,-0.571364,0.197605][0.82459,-0.0227141,0.565274][0.152106,0.602396,0][1.26542,-0.557315,0.141786][0.82459,-0.0227141,0.565274][0.164879,0.611553,0][1.26144,0.0256618,-0.708052][0.795015,0.591876,-0.132793][0.42086,0.795538,0][1.23021,0.0681568,-0.705634][0.795015,0.591876,-0.132793][0.424172,0.805176,0][1.31158,0.0368078,-0.358168][0.795015,0.591876,-0.132793][0.319512,0.805176,0][1.31158,0.0368078,-0.358168][0.795015,0.591876,-0.132793][0.319512,0.805176,0][1.3455,-0.00672022,-0.349129][0.795015,0.591876,-0.132793][0.312749,0.795538,0][1.26144,0.0256618,-0.708052][0.795015,0.591876,-0.132793][0.42086,0.795538,0][1.25074,0.0127598,-0.729353][0.621569,0.491542,-0.60995][0.427277,0.790151,0][1.1988,0.0302928,-0.768146][0.621569,0.491542,-0.60995][0.443001,0.789368,0][1.23021,0.0681568,-0.705634][0.621569,0.491542,-0.60995][0.424172,0.805176,0][1.23021,0.0681568,-0.705634][0.621569,0.491542,-0.60995][0.424172,0.805176,0][1.26144,0.0256618,-0.708052][0.621569,0.491542,-0.60995][0.42086,0.795538,0][1.25074,0.0127598,-0.729353][0.621569,0.491542,-0.60995][0.427277,0.790151,0][1.25074,0.0127598,-0.729353][0.129286,-0.827155,-0.546901][0.427277,0.790151,0][1.25516,-0.179645,-0.437305][0.129286,-0.827155,-0.546901][0.339308,0.729808,0][1.20346,-0.172226,-0.460746][0.129286,-0.827155,-0.546901][0.350409,0.725853,0][1.20346,-0.172226,-0.460746][0.129286,-0.827155,-0.546901][0.350409,0.725853,0][1.1988,0.0302928,-0.768146][0.129286,-0.827155,-0.546901][0.443001,0.789368,0][1.25074,0.0127598,-0.729353][0.129286,-0.827155,-0.546901][0.427277,0.790151,0][1.10024,-0.49368,-0.563524][0.425962,0.148559,-0.892461][0.377327,0.611553,0][1.04172,-0.500077,-0.592518][0.425962,0.148559,-0.892461][0.3901,0.602396,0][1.20346,-0.172226,-0.460746][0.425962,0.148559,-0.892461][0.350409,0.725853,0][1.20346,-0.172226,-0.460746][0.425962,0.148559,-0.892461][0.350409,0.725853,0][1.25516,-0.179645,-0.437305][0.425962,0.148559,-0.892461][0.339308,0.729808,0][1.10024,-0.49368,-0.563524][0.425962,0.148559,-0.892461][0.377327,0.611553,0][1.10024,-0.49368,-0.563524][0.184936,-0.969753,-0.159306][0.377327,0.611553,0][1.10822,-0.498064,-0.527579][0.184936,-0.969753,-0.159306][0.3665,0.611139,0][1.06126,-0.510808,-0.504515][0.184936,-0.969753,-0.159306][0.363592,0.601381,0][1.06126,-0.510808,-0.504515][0.184936,-0.969753,-0.159306][0.363592,0.601381,0][1.04172,-0.500077,-0.592518][0.184936,-0.969753,-0.159306][0.3901,0.602396,0][1.10024,-0.49368,-0.563524][0.184936,-0.969753,-0.159306][0.377327,0.611553,0][1.10822,-0.498064,-0.527579][0.381362,-0.877171,0.291777][0.3665,0.611139,0][1.25929,-0.327036,-0.210869][0.381362,-0.877171,0.291777][0.271103,0.683672,0][1.20772,-0.344992,-0.197456][0.381362,-0.877171,0.291777][0.271103,0.671704,0][1.20772,-0.344992,-0.197456][0.381362,-0.877171,0.291777][0.271103,0.671704,0][1.06126,-0.510808,-0.504515][0.381362,-0.877171,0.291777][0.363592,0.601381,0][1.10822,-0.498064,-0.527579][0.381362,-0.877171,0.291777][0.3665,0.611139,0][1.49727,0.272636,-0.184971][0.82369,-0.0263691,0.566427][0.263302,0.902435,0][1.47153,0.303922,-0.146082][0.82369,-0.0263691,0.566427][0.255628,0.909196,0][1.38686,0.00780779,-0.036745][0.82369,-0.0263691,0.566427][0.222695,0.805176,0][1.38686,0.00780779,-0.036745][0.82369,-0.0263691,0.566427][0.222695,0.805176,0][1.41026,-0.0316692,-0.07261][0.82369,-0.0263691,0.566427][0.229457,0.795538,0][1.49727,0.272636,-0.184971][0.82369,-0.0263691,0.566427][0.263302,0.902435,0][1.49727,0.272636,-0.184971][0.861823,0.468991,0.193156][0.263302,0.902435,0][1.49559,0.286376,-0.210869][0.861823,0.468991,0.193156][0.271103,0.906578,0][1.46821,0.331178,-0.197456][0.861823,0.468991,0.193156][0.271103,0.917417,0][1.46821,0.331178,-0.197456][0.861823,0.468991,0.193156][0.271103,0.917417,0][1.47153,0.303922,-0.146082][0.861823,0.468991,0.193156][0.255628,0.909196,0][1.49727,0.272636,-0.184971][0.861823,0.468991,0.193156][0.263302,0.902435,0][1.4936,-0.0807982,0.307614][0.363583,-0.89374,0.262746][0.11493,0.790151,0][1.46612,-0.0726862,0.373233][0.363583,-0.89374,0.262746][0.099205,0.789368,0][1.32679,-0.219736,0.065833][0.363583,-0.89374,0.262746][0.191797,0.725853,0][1.32679,-0.219736,0.065833][0.363583,-0.89374,0.262746][0.191797,0.725853,0][1.36123,-0.220505,0.015566][0.363583,-0.89374,0.262746][0.202898,0.729808,0][1.4936,-0.0807982,0.307614][0.363583,-0.89374,0.262746][0.11493,0.790151,0][1.4936,-0.0807982,0.307614][0.872611,0.369159,0.3198][0.11493,0.790151,0][1.49432,-0.0640522,0.286313][0.872611,0.369159,0.3198][0.121346,0.795538,0][1.46824,-0.0235412,0.310721][0.872611,0.369159,0.3198][0.118034,0.805176,0][1.46824,-0.0235412,0.310721][0.872611,0.369159,0.3198][0.118034,0.805176,0][1.46612,-0.0726862,0.373233][0.872611,0.369159,0.3198][0.099205,0.789368,0][1.4936,-0.0807982,0.307614][0.872611,0.369159,0.3198][0.11493,0.790151,0][1.49432,-0.0640522,0.286313][0.795011,0.591882,-0.132792][0.121346,0.795538,0][1.41026,-0.0316692,-0.07261][0.795011,0.591882,-0.132792][0.229457,0.795538,0][1.38686,0.00780779,-0.036745][0.795011,0.591882,-0.132792][0.222695,0.805176,0][1.38686,0.00780779,-0.036745][0.795011,0.591882,-0.132792][0.222695,0.805176,0][1.46824,-0.0235412,0.310721][0.795011,0.591882,-0.132792][0.118034,0.805176,0][1.49432,-0.0640522,0.286313][0.795011,0.591882,-0.132792][0.121346,0.795538,0][1.17752,0.184277,0.666223][-0.874214,0.336778,-0.349759][0.256266,0.891318,0][1.12502,-0.0293431,0.591748][-0.874214,0.336778,-0.349759][0.229039,0.797771,0][1.07961,-0.0335211,0.701217][-0.874214,0.336778,-0.349759][0.269059,0.789102,0][1.07961,-0.0335211,0.701217][-0.874214,0.336778,-0.349759][0.269059,0.789102,0][1.17153,0.205065,0.701217][-0.874214,0.336778,-0.349759][0.269059,0.898711,0][1.17752,0.184277,0.666223][-0.874214,0.336778,-0.349759][0.256266,0.891318,0][0.964584,-0.145863,0.880555][-0.874213,0.336774,-0.349763][0.334622,0.72643,0][0.986229,-0.275932,0.701217][-0.874214,0.336774,-0.349763][0.269059,0.677733,0][0.860332,-0.385524,0.910369][-0.874213,0.336774,-0.349763][0.345523,0.614489,0][0.860332,-0.385524,0.910369][-0.874213,0.336774,-0.349763][0.345523,0.614489,0][0.840213,-0.375491,0.970311][-0.874213,0.336774,-0.349763][0.367436,0.615401,0][0.964584,-0.145863,0.880555][-0.874213,0.336774,-0.349763][0.334622,0.72643,0][1.08954,-0.194002,0.521877][-0.874214,0.336774,-0.349761][0.203495,0.72643,0][1.12502,-0.0293431,0.591748][-0.874214,0.336774,-0.349761][0.229039,0.797771,0][1.20747,-0.0611072,0.355073][-0.874214,0.336774,-0.349761][0.142515,0.797771,0][1.20747,-0.0611072,0.355073][-0.874214,0.336774,-0.349761][0.142515,0.797771,0][1.21039,-0.0977692,0.312493][-0.874214,0.336774,-0.349761][0.126948,0.783552,0][1.08954,-0.194002,0.521877][-0.874214,0.336774,-0.349761][0.203495,0.72643,0][1.08954,-0.194002,0.521877][-0.874213,0.336777,-0.349761][0.203495,0.72643,0][1.02771,-0.447723,0.432122][-0.874213,0.336777,-0.349761][0.170682,0.615401,0][1.00606,-0.441664,0.492065][-0.874213,0.336777,-0.349761][0.192597,0.614489,0][1.00606,-0.441664,0.492065][-0.874213,0.336777,-0.349761][0.192597,0.614489,0][0.986229,-0.275932,0.701217][-0.874213,0.336777,-0.349761][0.269059,0.677733,0][1.08954,-0.194002,0.521877][-0.874213,0.336777,-0.349761][0.203495,0.72643,0][1.07961,-0.0335211,0.701217][-0.874212,0.336777,-0.349763][0.269059,0.789102,0][1.04875,4.08771e-005,0.810685][-0.874212,0.336777,-0.349763][0.30908,0.797771,0][1.15314,0.19367,0.73621][-0.874212,0.336777,-0.349763][0.281853,0.891318,0][1.15314,0.19367,0.73621][-0.874212,0.336777,-0.349763][0.281853,0.891318,0][1.17153,0.205065,0.701217][-0.874212,0.336777,-0.349763][0.269059,0.898711,0][1.07961,-0.0335211,0.701217][-0.874212,0.336777,-0.349763][0.269059,0.789102,0][0.964584,-0.145863,0.880555][-0.874212,0.336782,-0.349758][0.334622,0.72643,0][0.939537,0.00657191,1.08994][-0.874213,0.336782,-0.349758][0.41117,0.783552,0][0.966293,0.0318049,1.04736][-0.874212,0.336782,-0.349758][0.395605,0.797771,0][0.966293,0.0318049,1.04736][-0.874212,0.336782,-0.349758][0.395605,0.797771,0][1.04875,4.08771e-005,0.810685][-0.874213,0.336782,-0.349758][0.30908,0.797771,0][0.964584,-0.145863,0.880555][-0.874212,0.336782,-0.349758][0.334622,0.72643,0][1.07961,-0.0335211,0.701217][-0.874214,0.336778,-0.349758][0.269059,0.789102,0][1.12502,-0.0293431,0.591748][-0.874214,0.336778,-0.349758][0.229039,0.797771,0][1.08954,-0.194002,0.521877][-0.874214,0.336778,-0.349758][0.203495,0.72643,0][1.08954,-0.194002,0.521877][-0.874214,0.336778,-0.349758][0.203495,0.72643,0][0.986229,-0.275932,0.701217][-0.874214,0.336778,-0.349758][0.269059,0.677733,0][1.07961,-0.0335211,0.701217][-0.874214,0.336778,-0.349758][0.269059,0.789102,0][1.07961,-0.0335211,0.701217][-0.874211,0.336778,-0.349765][0.269059,0.789102,0][0.986229,-0.275932,0.701217][-0.874211,0.336778,-0.349765][0.269059,0.677733,0][0.964584,-0.145863,0.880555][-0.874211,0.336778,-0.349765][0.334622,0.72643,0][0.964584,-0.145863,0.880555][-0.874211,0.336778,-0.349765][0.334622,0.72643,0][1.04875,4.08771e-005,0.810685][-0.874211,0.336778,-0.349765][0.30908,0.797771,0][1.07961,-0.0335211,0.701217][-0.874211,0.336778,-0.349765][0.269059,0.789102,0][1.10609,-0.0437221,0.714807][0.874215,-0.336778,0.349755][0.271103,0.795538,0][1.1389,-0.0563611,0.620632][0.874215,-0.336778,0.349755][0.312749,0.795538,0][1.19285,0.163168,0.697166][0.874215,-0.336778,0.349755][0.278904,0.902435,0][1.19285,0.163168,0.697166][0.874215,-0.336778,0.349755][0.278904,0.902435,0][1.18983,0.173648,0.714807][0.874215,-0.336778,0.349755][0.271103,0.906578,0][1.10609,-0.0437221,0.714807][0.874215,-0.336778,0.349755][0.271103,0.795538,0][1.00279,-0.151692,0.869042][0.874214,-0.336775,0.349761][0.202898,0.729808,0][0.883662,-0.371646,0.955018][0.874214,-0.336775,0.349761][0.164879,0.611553,0][0.89188,-0.375743,0.930534][0.874214,-0.336775,0.349761][0.175706,0.611139,0][0.89188,-0.375743,0.930534][0.874214,-0.336775,0.349761][0.175706,0.611139,0][1.02173,-0.262707,0.714807][0.874214,-0.336775,0.349761][0.271103,0.683672,0][1.00279,-0.151692,0.869042][0.874214,-0.336775,0.349761][0.202898,0.729808,0][1.11026,-0.193092,0.560571][0.874214,-0.336774,0.349762][0.339308,0.729808,0][1.22507,-0.101665,0.361644][0.874214,-0.336774,0.349762][0.427277,0.790151,0][1.22408,-0.0891732,0.376153][0.874214,-0.336774,0.349762][0.42086,0.795538,0][1.22408,-0.0891732,0.376153][0.874214,-0.336774,0.349762][0.42086,0.795538,0][1.1389,-0.0563611,0.620632][0.874214,-0.336774,0.349762][0.312749,0.795538,0][1.11026,-0.193092,0.560571][0.874214,-0.336774,0.349762][0.339308,0.729808,0][1.04219,-0.433647,0.499082][0.874214,-0.336778,0.349758][0.3665,0.611139,0][1.05103,-0.436123,0.474597][0.874214,-0.336778,0.349758][0.377327,0.611553,0][1.11026,-0.193092,0.560571][0.874214,-0.336778,0.349758][0.339308,0.729808,0][1.11026,-0.193092,0.560571][0.874214,-0.336778,0.349758][0.339308,0.729808,0][1.02173,-0.262707,0.714807][0.874214,-0.336778,0.349758][0.271103,0.683672,0][1.04219,-0.433647,0.499082][0.874214,-0.336778,0.349758][0.3665,0.611139,0][1.18056,0.167903,0.732448][0.874213,-0.336779,0.349759][0.263302,0.902435,0][1.07329,-0.0310831,0.808982][0.874213,-0.336779,0.349759][0.229457,0.795538,0][1.10609,-0.0437221,0.714807][0.874213,-0.336778,0.349759][0.271103,0.795538,0][1.10609,-0.0437221,0.714807][0.874213,-0.336778,0.349759][0.271103,0.795538,0][1.18983,0.173648,0.714807][0.874213,-0.336778,0.349759][0.271103,0.906578,0][1.18056,0.167903,0.732448][0.874213,-0.336779,0.349759][0.263302,0.902435,0][0.988113,0.0017289,1.05346][0.874212,-0.336781,0.34976][0.121346,0.795538,0][0.978996,-0.0068691,1.06797][0.874212,-0.336781,0.34976][0.11493,0.790151,0][1.00279,-0.151692,0.869042][0.874212,-0.336781,0.34976][0.202898,0.729808,0][1.00279,-0.151692,0.869042][0.874212,-0.336781,0.34976][0.202898,0.729808,0][1.07329,-0.0310831,0.808982][0.874212,-0.336781,0.34976][0.229457,0.795538,0][0.988113,0.0017289,1.05346][0.874212,-0.336781,0.34976][0.121346,0.795538,0][1.10609,-0.0437221,0.714807][0.874213,-0.336778,0.34976][0.271103,0.795538,0][1.02173,-0.262707,0.714807][0.874213,-0.336778,0.34976][0.271103,0.683672,0][1.11026,-0.193092,0.560571][0.874213,-0.336778,0.34976][0.339308,0.729808,0][1.11026,-0.193092,0.560571][0.874213,-0.336778,0.34976][0.339308,0.729808,0][1.1389,-0.0563611,0.620632][0.874213,-0.336778,0.34976][0.312749,0.795538,0][1.10609,-0.0437221,0.714807][0.874213,-0.336778,0.34976][0.271103,0.795538,0][1.00279,-0.151692,0.869042][0.874212,-0.336779,0.349761][0.202898,0.729808,0][1.02173,-0.262707,0.714807][0.874212,-0.336779,0.349761][0.271103,0.683672,0][1.10609,-0.0437221,0.714807][0.874212,-0.336779,0.349761][0.271103,0.795538,0][1.10609,-0.0437221,0.714807][0.874212,-0.336779,0.349761][0.271103,0.795538,0][1.07329,-0.0310831,0.808982][0.874212,-0.336779,0.349761][0.229457,0.795538,0][1.00279,-0.151692,0.869042][0.874212,-0.336779,0.349761][0.202898,0.729808,0][1.19285,0.163168,0.697166][0.879641,0.459618,-0.122404][0.278904,0.902435,0][1.17752,0.184277,0.666223][0.879641,0.459618,-0.122404][0.286578,0.909196,0][1.17153,0.205065,0.701217][0.879641,0.459618,-0.122404][0.271103,0.917417,0][1.17153,0.205065,0.701217][0.879641,0.459618,-0.122404][0.271103,0.917417,0][1.18983,0.173648,0.714807][0.879641,0.459618,-0.122405][0.271103,0.906578,0][1.19285,0.163168,0.697166][0.879641,0.459618,-0.122404][0.278904,0.902435,0][1.19285,0.163168,0.697166][0.880258,-0.0518981,-0.471648][0.278904,0.902435,0][1.1389,-0.0563611,0.620632][0.880258,-0.0518981,-0.471648][0.312749,0.795538,0][1.12502,-0.0293431,0.591748][0.880259,-0.0518981,-0.471648][0.319512,0.805176,0][1.12502,-0.0293431,0.591748][0.880259,-0.0518981,-0.471648][0.319512,0.805176,0][1.17752,0.184277,0.666223][0.880258,-0.0518981,-0.471648][0.286578,0.909196,0][1.19285,0.163168,0.697166][0.880258,-0.0518981,-0.471648][0.278904,0.902435,0][0.89188,-0.375743,0.930534][0.412265,-0.885173,-0.215653][0.175706,0.611139,0][0.860332,-0.385524,0.910369][0.412265,-0.885173,-0.215653][0.178614,0.601381,0][0.986229,-0.275932,0.701217][0.412265,-0.885173,-0.215653][0.271103,0.671704,0][0.986229,-0.275932,0.701217][0.412265,-0.885173,-0.215653][0.271103,0.671704,0][1.02173,-0.262707,0.714807][0.412265,-0.885173,-0.215653][0.271103,0.683672,0][0.89188,-0.375743,0.930534][0.412265,-0.885173,-0.215653][0.175706,0.611139,0][0.883662,-0.371646,0.955018][0.16104,-0.963192,0.215238][0.164879,0.611553,0][0.840213,-0.375491,0.970311][0.16104,-0.963192,0.215238][0.152106,0.602396,0][0.860332,-0.385524,0.910369][0.16104,-0.963192,0.215238][0.178614,0.601381,0][0.860332,-0.385524,0.910369][0.16104,-0.963192,0.215238][0.178614,0.601381,0][0.89188,-0.375743,0.930534][0.16104,-0.963192,0.215238][0.175706,0.611139,0][0.883662,-0.371646,0.955018][0.16104,-0.963192,0.215238][0.164879,0.611553,0][0.883662,-0.371646,0.955018][0.310149,0.195664,0.930335][0.164879,0.611553,0][1.00279,-0.151692,0.869042][0.310149,0.195664,0.930335][0.202898,0.729808,0][0.964584,-0.145863,0.880555][0.310149,0.195664,0.930335][0.191797,0.725853,0][0.964584,-0.145863,0.880555][0.310149,0.195664,0.930335][0.191797,0.725853,0][0.840213,-0.375491,0.970311][0.310149,0.195664,0.930335][0.152106,0.602396,0][0.883662,-0.371646,0.955018][0.310149,0.195664,0.930335][0.164879,0.611553,0][1.22408,-0.0891732,0.376153][0.776036,0.601506,0.189631][0.42086,0.795538,0][1.20747,-0.0611072,0.355073][0.776036,0.601506,0.189631][0.424172,0.805176,0][1.12502,-0.0293431,0.591748][0.776036,0.601506,0.189631][0.319512,0.805176,0][1.12502,-0.0293431,0.591748][0.776036,0.601506,0.189631][0.319512,0.805176,0][1.1389,-0.0563611,0.620632][0.776036,0.601506,0.189631][0.312749,0.795538,0][1.22408,-0.0891732,0.376153][0.776036,0.601506,0.189631][0.42086,0.795538,0][1.22507,-0.101665,0.361644][0.903821,0.352895,-0.242019][0.427277,0.790151,0][1.21039,-0.0977692,0.312493][0.903821,0.352895,-0.242019][0.443001,0.789368,0][1.20747,-0.0611072,0.355073][0.903821,0.352895,-0.242019][0.424172,0.805176,0][1.20747,-0.0611072,0.355073][0.903821,0.352895,-0.242019][0.424172,0.805176,0][1.22408,-0.0891732,0.376153][0.903821,0.352895,-0.242019][0.42086,0.795538,0][1.22507,-0.101665,0.361644][0.903821,0.352895,-0.242019][0.427277,0.790151,0][1.22507,-0.101665,0.361644][0.391177,-0.900853,-0.188269][0.427277,0.790151,0][1.11026,-0.193092,0.560571][0.391177,-0.900853,-0.188269][0.339308,0.729808,0][1.08954,-0.194002,0.521877][0.391177,-0.900853,-0.188269][0.350409,0.725853,0][1.08954,-0.194002,0.521877][0.391177,-0.900853,-0.188269][0.350409,0.725853,0][1.21039,-0.0977692,0.312493][0.391177,-0.900853,-0.188269][0.443001,0.789368,0][1.22507,-0.101665,0.361644][0.391177,-0.900853,-0.188269][0.427277,0.790151,0][1.05103,-0.436123,0.474597][0.881032,-0.0482371,-0.470591][0.377327,0.611553,0][1.02771,-0.447723,0.432122][0.881032,-0.0482371,-0.470591][0.3901,0.602396,0][1.08954,-0.194002,0.521877][0.881032,-0.0482371,-0.470591][0.350409,0.725853,0][1.08954,-0.194002,0.521877][0.881032,-0.0482371,-0.470591][0.350409,0.725853,0][1.11026,-0.193092,0.560571][0.881032,-0.0482371,-0.470591][0.339308,0.729808,0][1.05103,-0.436123,0.474597][0.881032,-0.0482371,-0.470591][0.377327,0.611553,0][1.05103,-0.436123,0.474597][0.183185,-0.969278,0.164143][0.377327,0.611553,0][1.04219,-0.433647,0.499082][0.183185,-0.969278,0.164143][0.3665,0.611139,0][1.00606,-0.441664,0.492065][0.183185,-0.969278,0.164143][0.363592,0.601381,0][1.00606,-0.441664,0.492065][0.183185,-0.969278,0.164143][0.363592,0.601381,0][1.02771,-0.447723,0.432122][0.183185,-0.969278,0.164143][0.3901,0.602396,0][1.05103,-0.436123,0.474597][0.183185,-0.969278,0.164143][0.377327,0.611553,0][1.04219,-0.433647,0.499082][0.0520979,-0.780291,0.623243][0.3665,0.611139,0][1.02173,-0.262707,0.714807][0.0520979,-0.780291,0.623243][0.271103,0.683672,0][0.986229,-0.275932,0.701217][0.0520979,-0.780291,0.623243][0.271103,0.671704,0][0.986229,-0.275932,0.701217][0.0520979,-0.780291,0.623243][0.271103,0.671704,0][1.00606,-0.441664,0.492065][0.0520979,-0.780291,0.623243][0.363592,0.601381,0][1.04219,-0.433647,0.499082][0.0520979,-0.780291,0.623243][0.3665,0.611139,0][1.18056,0.167903,0.732448][0.308317,0.192127,0.93168][0.263302,0.902435,0][1.15314,0.19367,0.73621][0.308317,0.192127,0.93168][0.255628,0.909196,0][1.04875,4.08771e-005,0.810685][0.308317,0.192127,0.93168][0.222695,0.805176,0][1.04875,4.08771e-005,0.810685][0.308317,0.192127,0.93168][0.222695,0.805176,0][1.07329,-0.0310831,0.808982][0.308317,0.192127,0.93168][0.229457,0.795538,0][1.18056,0.167903,0.732448][0.308317,0.192127,0.93168][0.263302,0.902435,0][1.18983,0.173648,0.714807][0.622323,0.586753,0.518107][0.271103,0.906578,0][1.17153,0.205065,0.701217][0.622323,0.586753,0.518107][0.271103,0.917417,0][1.15314,0.19367,0.73621][0.622323,0.586753,0.518107][0.255628,0.909196,0][1.15314,0.19367,0.73621][0.622323,0.586753,0.518107][0.255628,0.909196,0][1.18056,0.167903,0.732448][0.622323,0.586753,0.518107][0.263302,0.902435,0][1.18983,0.173648,0.714807][0.622323,0.586753,0.518107][0.271103,0.906578,0][0.978996,-0.0068691,1.06797][0.0557269,-0.804011,0.591998][0.11493,0.790151,0][0.939537,0.00657191,1.08994][0.0557269,-0.804011,0.591998][0.099205,0.789368,0][0.964584,-0.145863,0.880555][0.0557269,-0.804011,0.591998][0.191797,0.725853,0][0.964584,-0.145863,0.880555][0.0557269,-0.804011,0.591998][0.191797,0.725853,0][1.00279,-0.151692,0.869042][0.0557269,-0.804011,0.591998][0.202898,0.729808,0][0.978996,-0.0068691,1.06797][0.0557269,-0.804011,0.591998][0.11493,0.790151,0][0.978996,-0.0068691,1.06797][0.54336,0.52682,0.653621][0.11493,0.790151,0][0.988113,0.0017289,1.05346][0.54336,0.52682,0.653621][0.121346,0.795538,0][0.966293,0.0318049,1.04736][0.54336,0.52682,0.653621][0.118034,0.805176,0][0.966293,0.0318049,1.04736][0.54336,0.52682,0.653621][0.118034,0.805176,0][0.939537,0.00657191,1.08994][0.54336,0.52682,0.653621][0.099205,0.789368,0][0.978996,-0.0068691,1.06797][0.54336,0.52682,0.653621][0.11493,0.790151,0][0.988113,0.0017289,1.05346][0.77604,0.6015,0.189631][0.121346,0.795538,0][1.07329,-0.0310831,0.808982][0.77604,0.6015,0.189631][0.229457,0.795538,0][1.04875,4.08771e-005,0.810685][0.77604,0.6015,0.189631][0.222695,0.805176,0][1.04875,4.08771e-005,0.810685][0.77604,0.6015,0.189631][0.222695,0.805176,0][0.966293,0.0318049,1.04736][0.77604,0.6015,0.189631][0.118034,0.805176,0][0.988113,0.0017289,1.05346][0.77604,0.6015,0.189631][0.121346,0.795538,0][0.71122,-0.0102372,-1.04712][-0.422033,0,0.90658][0.255965,0.895298,0][0.638654,-0.101915,-1.0809][-0.422033,0,0.90658][0.224834,0.8017,0][0.68205,-0.13279,-1.0607][-0.422033,0,0.90658][0.268231,0.795608,0][0.68205,-0.13279,-1.0607][-0.422033,0,0.90658][0.268231,0.795608,0][0.729491,-0.00859116,-1.03861][-0.422033,0,0.90658][0.270003,0.90334,0][0.71122,-0.0102372,-1.04712][-0.422033,0,0.90658][0.255965,0.895298,0][0.732166,-0.23829,-1.03737][-0.422033,0,0.906581][0.338544,0.737992,0][0.633848,-0.258981,-1.08314][-0.422033,0,0.906581][0.266431,0.68615,0][0.696556,-0.370864,-1.05394][-0.422033,0,0.906581][0.348594,0.62863,0][0.696556,-0.370864,-1.05394][-0.422033,0,0.906581][0.348594,0.62863,0][0.722768,-0.381357,-1.04174][-0.422033,0,0.906581][0.372449,0.630857,0][0.732166,-0.23829,-1.03737][-0.422033,0,0.906581][0.338544,0.737992,0][0.577684,-0.169313,-1.10928][-0.422035,-9.36274e-007,0.90658][0.195892,0.730034,0][0.638654,-0.101915,-1.0809][-0.422035,-9.36274e-007,0.906579][0.224834,0.8017,0][0.536719,-0.0564001,-1.12835][-0.422035,-9.36274e-007,0.90658][0.130702,0.796451,0][0.536719,-0.0564001,-1.12835][-0.422035,-9.36274e-007,0.90658][0.130702,0.796451,0][0.512227,-0.0643211,-1.13975][-0.422035,-9.36274e-007,0.90658][0.113537,0.781531,0][0.577684,-0.169313,-1.10928][-0.422035,-9.36274e-007,0.90658][0.195892,0.730034,0][0.577684,-0.169313,-1.10928][-0.422034,0,0.90658][0.195892,0.730034,0][0.490971,-0.277858,-1.14965][-0.422034,0,0.90658][0.158398,0.618917,0][0.516394,-0.29042,-1.13781][-0.422034,0,0.90658][0.182225,0.61935,0][0.516394,-0.29042,-1.13781][-0.422034,0,0.90658][0.182225,0.61935,0][0.633848,-0.258981,-1.08314][-0.422034,0,0.90658][0.266431,0.68615,0][0.577684,-0.169313,-1.10928][-0.422034,0,0.90658][0.195892,0.730034,0][0.68205,-0.13279,-1.0607][-0.422032,-9.36275e-007,0.906581][0.268231,0.795608,0][0.73295,-0.144019,-1.037][-0.422032,-9.36275e-007,0.906581][0.311909,0.806558,0][0.741363,-0.0236972,-1.03309][-0.422032,-9.36275e-007,0.906581][0.2838,0.896851,0][0.741363,-0.0236972,-1.03309][-0.422032,-9.36275e-007,0.906581][0.2838,0.896851,0][0.729491,-0.00859116,-1.03861][-0.422032,-9.36275e-007,0.906581][0.270003,0.90334,0][0.68205,-0.13279,-1.0607][-0.422032,-9.36275e-007,0.906581][0.268231,0.795608,0][0.732166,-0.23829,-1.03737][-0.422035,2.06373e-006,0.90658][0.338544,0.737992,0][0.84707,-0.213832,-0.983877][-0.422035,2.06373e-006,0.90658][0.422744,0.798778,0][0.834885,-0.189534,-0.989549][-0.422035,2.06373e-006,0.90658][0.406041,0.811808,0][0.834885,-0.189534,-0.989549][-0.422035,2.06373e-006,0.90658][0.406041,0.811808,0][0.73295,-0.144019,-1.037][-0.422035,2.06373e-006,0.90658][0.311909,0.806558,0][0.732166,-0.23829,-1.03737][-0.422035,2.06373e-006,0.90658][0.338544,0.737992,0][0.68205,-0.13279,-1.0607][-0.422034,0,0.90658][0.268231,0.795608,0][0.638654,-0.101915,-1.0809][-0.422034,0,0.90658][0.224834,0.8017,0][0.577684,-0.169313,-1.10928][-0.422034,0,0.90658][0.195892,0.730034,0][0.577684,-0.169313,-1.10928][-0.422034,0,0.90658][0.195892,0.730034,0][0.633848,-0.258981,-1.08314][-0.422033,0,0.90658][0.266431,0.68615,0][0.68205,-0.13279,-1.0607][-0.422034,0,0.90658][0.268231,0.795608,0][0.68205,-0.13279,-1.0607][-0.422032,0,0.906581][0.268231,0.795608,0][0.633848,-0.258981,-1.08314][-0.422032,0,0.906581][0.266431,0.68615,0][0.732166,-0.23829,-1.03737][-0.422032,0,0.906581][0.338544,0.737992,0][0.732166,-0.23829,-1.03737][-0.422032,0,0.906581][0.338544,0.737992,0][0.73295,-0.144019,-1.037][-0.422032,0,0.906581][0.311909,0.806558,0][0.68205,-0.13279,-1.0607][-0.422032,0,0.906581][0.268231,0.795608,0][0.731428,-0.0196352,-1.05754][0.149115,0.860608,-0.486949][0.269089,0.90578,0][0.722218,-0.0204662,-1.06183][0.149115,0.860608,-0.486949][0.276633,0.901726,0][0.71122,-0.0102372,-1.04712][0.149115,0.860608,-0.486949][0.284054,0.908342,0][0.71122,-0.0102372,-1.04712][0.149115,0.860608,-0.486949][0.284054,0.908342,0][0.729491,-0.00859116,-1.03861][0.149115,0.860608,-0.486949][0.269089,0.916384,0][0.731428,-0.0196352,-1.05754][0.149115,0.860608,-0.486949][0.269089,0.90578,0][0.722218,-0.0204662,-1.06183][-0.404741,0.580662,-0.706411][0.276633,0.901726,0][0.647645,-0.114679,-1.09654][-0.404741,0.580662,-0.706411][0.309364,0.797141,0][0.638654,-0.101915,-1.0809][-0.404741,0.580662,-0.706411][0.315904,0.806572,0][0.638654,-0.101915,-1.0809][-0.404741,0.580662,-0.706411][0.315904,0.806572,0][0.71122,-0.0102372,-1.04712][-0.404741,0.580662,-0.706411][0.284054,0.908342,0][0.722218,-0.0204662,-1.06183][-0.404741,0.580662,-0.706411][0.276633,0.901726,0][0.709341,-0.362185,-1.06782][-0.486451,-0.465547,-0.739345][0.176833,0.616731,0][0.696556,-0.370864,-1.05394][-0.486451,-0.465547,-0.739345][0.179644,0.607185,0][0.633848,-0.258981,-1.08314][-0.486451,-0.465547,-0.739345][0.269089,0.675986,0][0.633848,-0.258981,-1.08314][-0.486451,-0.465547,-0.739345][0.269089,0.675986,0][0.644662,-0.246785,-1.09793][-0.486451,-0.465547,-0.739345][0.269089,0.687695,0][0.709341,-0.362185,-1.06782][-0.486451,-0.465547,-0.739345][0.176833,0.616731,0][0.720047,-0.366472,-1.06284][-0.0626161,-0.819239,-0.570024][0.166362,0.617136,0][0.722768,-0.381357,-1.04174][-0.0626161,-0.819239,-0.570024][0.154009,0.608177,0][0.696556,-0.370864,-1.05394][-0.0626161,-0.819239,-0.570024][0.179644,0.607185,0][0.696556,-0.370864,-1.05394][-0.0626161,-0.819239,-0.570024][0.179644,0.607185,0][0.709341,-0.362185,-1.06782][-0.0626161,-0.819239,-0.570024][0.176833,0.616731,0][0.720047,-0.366472,-1.06284][-0.0626161,-0.819239,-0.570024][0.166362,0.617136,0][0.720047,-0.366472,-1.06284][0.983848,-0.0594641,-0.168842][0.166362,0.617136,0][0.729049,-0.229432,-1.05865][0.983848,-0.0594641,-0.168842][0.203129,0.732833,0][0.732166,-0.23829,-1.03737][0.983848,-0.0594641,-0.168842][0.192394,0.728964,0][0.732166,-0.23829,-1.03737][0.983848,-0.0594641,-0.168842][0.192394,0.728964,0][0.722768,-0.381357,-1.04174][0.983848,-0.0594641,-0.168842][0.154009,0.608177,0][0.720047,-0.366472,-1.06284][0.983848,-0.0594641,-0.168842][0.166362,0.617136,0][0.542348,-0.0676631,-1.14556][0.512248,0.785738,-0.346725][0.413917,0.797141,0][0.536719,-0.0564001,-1.12835][0.512248,0.785738,-0.346725][0.41712,0.806572,0][0.638654,-0.101915,-1.0809][0.512248,0.785738,-0.346725][0.315904,0.806572,0][0.638654,-0.101915,-1.0809][0.512248,0.785738,-0.346725][0.315904,0.806572,0][0.647645,-0.114679,-1.09654][0.512248,0.785738,-0.346725][0.309364,0.797141,0][0.542348,-0.0676631,-1.14556][0.512248,0.785738,-0.346725][0.413917,0.797141,0][0.534002,-0.0703631,-1.14945][-0.0135459,0.83459,-0.550705][0.420122,0.791871,0][0.512227,-0.0643211,-1.13975][-0.0135459,0.83459,-0.550705][0.435329,0.791105,0][0.536719,-0.0564001,-1.12835][-0.0135459,0.83459,-0.550705][0.41712,0.806572,0][0.536719,-0.0564001,-1.12835][-0.0135459,0.83459,-0.550705][0.41712,0.806572,0][0.542348,-0.0676631,-1.14556][-0.0135459,0.83459,-0.550705][0.413917,0.797141,0][0.534002,-0.0703631,-1.14945][-0.0135459,0.83459,-0.550705][0.420122,0.791871,0][0.534002,-0.0703631,-1.14945][-0.464077,-0.501295,-0.730298][0.420122,0.791871,0][0.596191,-0.17011,-1.12049][-0.464077,-0.501295,-0.730298][0.335049,0.732833,0][0.577684,-0.169313,-1.10928][-0.464077,-0.501295,-0.730298][0.345784,0.728964,0][0.577684,-0.169313,-1.10928][-0.464077,-0.501295,-0.730298][0.345784,0.728964,0][0.512227,-0.0643211,-1.13975][-0.464077,-0.501295,-0.730298][0.435329,0.791105,0][0.534002,-0.0703631,-1.14945][-0.464077,-0.501295,-0.730298][0.420122,0.791871,0][0.513132,-0.274082,-1.15916][-0.402227,0.583649,-0.705385][0.371816,0.617136,0][0.490971,-0.277858,-1.14965][-0.402227,0.583649,-0.705385][0.384169,0.608177,0][0.577684,-0.169313,-1.10928][-0.402227,0.583649,-0.705385][0.345784,0.728964,0][0.577684,-0.169313,-1.10928][-0.402227,0.583649,-0.705385][0.345784,0.728964,0][0.596191,-0.17011,-1.12049][-0.402227,0.583649,-0.705385][0.335049,0.732833,0][0.513132,-0.274082,-1.15916][-0.402227,0.583649,-0.705385][0.371816,0.617136,0][0.513132,-0.274082,-1.15916][-0.11828,-0.797173,-0.592052][0.371816,0.617136,0][0.523516,-0.279212,-1.15433][-0.11828,-0.797173,-0.592052][0.361345,0.616731,0][0.516394,-0.29042,-1.13781][-0.11828,-0.797173,-0.592052][0.358534,0.607185,0][0.516394,-0.29042,-1.13781][-0.11828,-0.797173,-0.592052][0.358534,0.607185,0][0.490971,-0.277858,-1.14965][-0.11828,-0.797173,-0.592052][0.384169,0.608177,0][0.513132,-0.274082,-1.15916][-0.11828,-0.797173,-0.592052][0.371816,0.617136,0][0.523516,-0.279212,-1.15433][0.402764,-0.828667,-0.388706][0.361345,0.616731,0][0.644662,-0.246785,-1.09793][0.402764,-0.828667,-0.388706][0.269089,0.687695,0][0.633848,-0.258981,-1.08314][0.402764,-0.828667,-0.388706][0.269089,0.675986,0][0.633848,-0.258981,-1.08314][0.402764,-0.828667,-0.388706][0.269089,0.675986,0][0.516394,-0.29042,-1.13781][0.402764,-0.828667,-0.388706][0.358534,0.607185,0][0.523516,-0.279212,-1.15433][0.402764,-0.828667,-0.388706][0.361345,0.616731,0][0.737413,-0.0272512,-1.05475][0.983591,-0.0632781,-0.168949][0.261545,0.901726,0][0.741363,-0.0236972,-1.03309][0.983591,-0.0632781,-0.168949][0.254124,0.908342,0][0.73295,-0.144019,-1.037][0.983591,-0.0632781,-0.168949][0.222274,0.806572,0][0.73295,-0.144019,-1.037][0.983591,-0.0632781,-0.168949][0.222274,0.806572,0][0.728766,-0.150901,-1.05878][0.983591,-0.0632781,-0.168949][0.228814,0.797141,0][0.737413,-0.0272512,-1.05475][0.983591,-0.0632781,-0.168949][0.261545,0.901726,0][0.737413,-0.0272512,-1.05475][0.804127,0.545573,-0.236073][0.261545,0.901726,0][0.731428,-0.0196352,-1.05754][0.804127,0.545573,-0.236073][0.269089,0.90578,0][0.729491,-0.00859116,-1.03861][0.804127,0.545573,-0.236073][0.269089,0.916384,0][0.729491,-0.00859116,-1.03861][0.804127,0.545573,-0.236073][0.269089,0.916384,0][0.741363,-0.0236972,-1.03309][0.804127,0.545573,-0.236073][0.254124,0.908342,0][0.737413,-0.0272512,-1.05475][0.804127,0.545573,-0.236073][0.261545,0.901726,0][0.838215,-0.206196,-1.00783][0.366075,-0.838886,-0.402814][0.118056,0.791871,0][0.84707,-0.213832,-0.983877][0.366075,-0.838886,-0.402814][0.102849,0.791105,0][0.732166,-0.23829,-1.03737][0.366075,-0.838886,-0.402814][0.192394,0.728964,0][0.732166,-0.23829,-1.03737][0.366075,-0.838886,-0.402814][0.192394,0.728964,0][0.729049,-0.229432,-1.05865][0.366075,-0.838886,-0.402814][0.203129,0.732833,0][0.838215,-0.206196,-1.00783][0.366075,-0.838886,-0.402814][0.118056,0.791871,0][0.838215,-0.206196,-1.00783][0.893498,0.40079,-0.202557][0.118056,0.791871,0][0.834063,-0.197916,-1.00976][0.893498,0.40079,-0.202557][0.124261,0.797141,0][0.834885,-0.189534,-0.989549][0.893498,0.40079,-0.202557][0.121059,0.806572,0][0.834885,-0.189534,-0.989549][0.893498,0.40079,-0.202557][0.121059,0.806572,0][0.84707,-0.213832,-0.983877][0.893498,0.40079,-0.202557][0.102849,0.791105,0][0.838215,-0.206196,-1.00783][0.893498,0.40079,-0.202557][0.118056,0.791871,0][0.834063,-0.197916,-1.00976][0.512247,0.785741,-0.346718][0.124261,0.797141,0][0.728766,-0.150901,-1.05878][0.512247,0.785741,-0.346718][0.228814,0.797141,0][0.73295,-0.144019,-1.037][0.512247,0.785741,-0.346718][0.222274,0.806572,0][0.73295,-0.144019,-1.037][0.512247,0.785741,-0.346718][0.222274,0.806572,0][0.834885,-0.189534,-0.989549][0.512247,0.785742,-0.346718][0.121059,0.806572,0][0.834063,-0.197916,-1.00976][0.512247,0.785741,-0.346718][0.124261,0.797141,0][0.647645,-0.114679,-1.09654][-0.0963259,0.410384,-0.906811][0.309364,0.797141,0][0.722218,-0.0204662,-1.06183][-0.0963259,0.410384,-0.906811][0.276633,0.901726,0][0.689015,-0.170383,-1.12615][-0.0963259,0.410384,-0.906811][0.269089,0.761048,0][0.722218,-0.0204662,-1.06183][0.38195,0.291648,-0.876958][0.276633,0.901726,0][0.731428,-0.0196352,-1.05754][0.38195,0.291648,-0.876958][0.269089,0.90578,0][0.689015,-0.170383,-1.12615][0.38195,0.291648,-0.876958][0.269089,0.761048,0][0.729049,-0.229432,-1.05865][0.844068,-0.0390901,-0.53481][0.203129,0.732833,0][0.720047,-0.366472,-1.06284][0.844068,-0.0390901,-0.53481][0.166362,0.617136,0][0.689015,-0.170383,-1.12615][0.844068,-0.0390901,-0.53481][0.269089,0.761048,0][0.720047,-0.366472,-1.06284][0.327776,-0.242902,-0.912996][0.166362,0.617136,0][0.709341,-0.362185,-1.06782][0.327776,-0.242902,-0.912996][0.176833,0.616731,0][0.689015,-0.170383,-1.12615][0.327776,-0.242902,-0.912996][0.269089,0.761048,0][0.709341,-0.362185,-1.06782][-0.09026,-0.298491,-0.950135][0.176833,0.616731,0][0.644662,-0.246785,-1.09793][-0.09026,-0.298491,-0.950135][0.269089,0.687695,0][0.689015,-0.170383,-1.12615][-0.09026,-0.298491,-0.950135][0.269089,0.761048,0][0.596191,-0.17011,-1.12049][-0.058655,-0.311812,-0.948332][0.335049,0.732833,0][0.534002,-0.0703631,-1.14945][-0.058655,-0.311812,-0.948332][0.420122,0.791871,0][0.689015,-0.170383,-1.12615][-0.058655,-0.311812,-0.948332][0.269089,0.761048,0][0.534002,-0.0703631,-1.14945][0.324084,0.292728,-0.8996][0.420122,0.791871,0][0.542348,-0.0676631,-1.14556][0.324084,0.292728,-0.8996][0.413917,0.797141,0][0.689015,-0.170383,-1.12615][0.324084,0.292728,-0.8996][0.269089,0.761048,0][0.542348,-0.0676631,-1.14556][0.537438,0.670775,-0.511099][0.413917,0.797141,0][0.647645,-0.114679,-1.09654][0.537438,0.670775,-0.511099][0.309364,0.797141,0][0.689015,-0.170383,-1.12615][0.537438,0.670775,-0.511099][0.269089,0.761048,0][0.644662,-0.246785,-1.09793][0.470163,-0.532794,-0.703617][0.269089,0.687695,0][0.523516,-0.279212,-1.15433][0.470163,-0.532794,-0.703617][0.361345,0.616731,0][0.689015,-0.170383,-1.12615][0.470163,-0.532794,-0.703617][0.269089,0.761048,0][0.523516,-0.279212,-1.15433][0.311879,-0.235944,-0.92036][0.361345,0.616731,0][0.513132,-0.274082,-1.15916][0.311879,-0.235944,-0.92036][0.371816,0.617136,0][0.689015,-0.170383,-1.12615][0.311879,-0.235944,-0.92036][0.269089,0.761048,0][0.513132,-0.274082,-1.15916][-0.0549179,0.386285,-0.920743][0.371816,0.617136,0][0.596191,-0.17011,-1.12049][-0.0549179,0.386285,-0.920743][0.335049,0.732833,0][0.689015,-0.170383,-1.12615][-0.0549179,0.386285,-0.920743][0.269089,0.761048,0][0.731428,-0.0196352,-1.05754][0.599081,0.185892,-0.778811][0.269089,0.90578,0][0.737413,-0.0272512,-1.05475][0.599081,0.185892,-0.778811][0.261545,0.901726,0][0.689015,-0.170383,-1.12615][0.599081,0.185892,-0.778811][0.269089,0.761048,0][0.737413,-0.0272512,-1.05475][0.86596,-0.0443401,-0.498144][0.261545,0.901726,0][0.728766,-0.150901,-1.05878][0.86596,-0.0443401,-0.498144][0.228814,0.797141,0][0.689015,-0.170383,-1.12615][0.86596,-0.0443401,-0.498144][0.269089,0.761048,0][0.728766,-0.150901,-1.05878][0.537435,0.670773,-0.511103][0.228814,0.797141,0][0.834063,-0.197916,-1.00976][0.537435,0.670773,-0.511103][0.124261,0.797141,0][0.689015,-0.170383,-1.12615][0.537435,0.670773,-0.511103][0.269089,0.761048,0][0.834063,-0.197916,-1.00976][0.635741,0.141683,-0.758788][0.124261,0.797141,0][0.838215,-0.206196,-1.00783][0.635741,0.141683,-0.758788][0.118056,0.791871,0][0.689015,-0.170383,-1.12615][0.635741,0.141683,-0.758788][0.269089,0.761048,0][0.838215,-0.206196,-1.00783][0.448607,-0.523712,-0.724208][0.118056,0.791871,0][0.729049,-0.229432,-1.05865][0.448607,-0.523712,-0.724208][0.203129,0.732833,0][0.689015,-0.170383,-1.12615][0.448607,-0.523712,-0.724208][0.269089,0.761048,0][0.909284,-0.233405,-1.0856][-0.422038,1.06373e-006,0.906578][0.255965,0.895298,0][0.87458,-0.34809,-1.10175][-0.422038,1.06373e-006,0.906578][0.224834,0.8017,0][0.92559,-0.358717,-1.07801][-0.422038,1.06373e-006,0.906578][0.268231,0.795608,0][0.92559,-0.358717,-1.07801][-0.422038,1.06373e-006,0.906578][0.268231,0.795608,0][0.92559,-0.224343,-1.07801][-0.422038,1.06373e-006,0.906578][0.270003,0.90334,0][0.909284,-0.233405,-1.0856][-0.422038,1.06373e-006,0.906578][0.255965,0.895298,0][1.00916,-0.435545,-1.03911][-0.422032,1.06373e-006,0.906581][0.338544,0.737992,0][0.92559,-0.495245,-1.07801][-0.422032,1.06373e-006,0.906581][0.266431,0.68615,0][1.02305,-0.572778,-1.03264][-0.422032,1.06373e-006,0.906581][0.348594,0.62863,0][1.02305,-0.572778,-1.03264][-0.422032,1.06373e-006,0.906581][0.348594,0.62863,0][1.05098,-0.571658,-1.01963][-0.422032,1.06373e-006,0.906581][0.372449,0.630857,0][1.00916,-0.435545,-1.03911][-0.422032,1.06373e-006,0.906581][0.338544,0.737992,0][0.842022,-0.435545,-1.11691][-0.422032,2.06373e-006,0.906581][0.195892,0.730034,0][0.87458,-0.34809,-1.10175][-0.422032,2.06373e-006,0.906581][0.224834,0.8017,0][0.764294,-0.34809,-1.1531][-0.422032,2.06373e-006,0.906581][0.130702,0.796451,0][0.764294,-0.34809,-1.1531][-0.422032,2.06373e-006,0.906581][0.130702,0.796451,0][0.744452,-0.365519,-1.16233][-0.422032,2.06373e-006,0.906581][0.113537,0.781531,0][0.842022,-0.435545,-1.11691][-0.422032,2.06373e-006,0.906581][0.195892,0.730034,0][0.842022,-0.435545,-1.11691][-0.422034,-9.36275e-007,0.90658][0.195892,0.730034,0][0.800197,-0.571658,-1.13638][-0.422034,-9.36275e-007,0.90658][0.158398,0.618917,0][0.82813,-0.572778,-1.12338][-0.422034,-9.36275e-007,0.90658][0.182225,0.61935,0][0.82813,-0.572778,-1.12338][-0.422034,-9.36275e-007,0.90658][0.182225,0.61935,0][0.92559,-0.495245,-1.07801][-0.422034,-9.36275e-007,0.90658][0.266431,0.68615,0][0.842022,-0.435545,-1.11691][-0.422034,-9.36275e-007,0.90658][0.195892,0.730034,0][0.92559,-0.358717,-1.07801][-0.422032,0,0.906581][0.268231,0.795608,0][0.9766,-0.34809,-1.05426][-0.422032,0,0.906581][0.311909,0.806558,0][0.941896,-0.233405,-1.07042][-0.422032,0,0.906581][0.2838,0.896851,0][0.941896,-0.233405,-1.07042][-0.422032,0,0.906581][0.2838,0.896851,0][0.92559,-0.224343,-1.07801][-0.422032,0,0.906581][0.270003,0.90334,0][0.92559,-0.358717,-1.07801][-0.422032,0,0.906581][0.268231,0.795608,0][1.00916,-0.435545,-1.03911][-0.422035,-1.93627e-006,0.90658][0.338544,0.737992,0][1.10673,-0.365519,-0.993684][-0.422035,-1.93627e-006,0.90658][0.422744,0.798778,0][1.08689,-0.348089,-1.00292][-0.422035,-1.93627e-006,0.90658][0.406041,0.811808,0][1.08689,-0.348089,-1.00292][-0.422035,-1.93627e-006,0.90658][0.406041,0.811808,0][0.9766,-0.34809,-1.05426][-0.422035,-1.93627e-006,0.90658][0.311909,0.806558,0][1.00916,-0.435545,-1.03911][-0.422035,-1.93627e-006,0.90658][0.338544,0.737992,0][0.92559,-0.358717,-1.07801][-0.422036,1.06373e-006,0.906579][0.268231,0.795608,0][0.87458,-0.34809,-1.10175][-0.422036,1.06373e-006,0.906579][0.224834,0.8017,0][0.842022,-0.435545,-1.11691][-0.422036,1.06373e-006,0.906579][0.195892,0.730034,0][0.842022,-0.435545,-1.11691][-0.422036,1.06373e-006,0.906579][0.195892,0.730034,0][0.92559,-0.495245,-1.07801][-0.422036,1.06373e-006,0.906579][0.266431,0.68615,0][0.92559,-0.358717,-1.07801][-0.422036,1.06373e-006,0.906579][0.268231,0.795608,0][0.92559,-0.358717,-1.07801][-0.42203,-9.36275e-007,0.906582][0.268231,0.795608,0][0.92559,-0.495245,-1.07801][-0.42203,-9.36275e-007,0.906582][0.266431,0.68615,0][1.00916,-0.435545,-1.03911][-0.42203,-9.36275e-007,0.906582][0.338544,0.737992,0][1.00916,-0.435545,-1.03911][-0.42203,-9.36275e-007,0.906582][0.338544,0.737992,0][0.9766,-0.34809,-1.05426][-0.42203,-9.36275e-007,0.906582][0.311909,0.806558,0][0.92559,-0.358717,-1.07801][-0.42203,-9.36275e-007,0.906582][0.268231,0.795608,0][0.931746,-0.236292,-1.09497][-0.152252,0.781133,-0.605516][0.269089,0.90578,0][0.923526,-0.240861,-1.0988][-0.152252,0.781133,-0.605516][0.276633,0.901726,0][0.909284,-0.233405,-1.0856][-0.152252,0.781134,-0.605516][0.284054,0.908342,0][0.909284,-0.233405,-1.0856][-0.152252,0.781134,-0.605516][0.284054,0.908342,0][0.92559,-0.224343,-1.07801][-0.152252,0.781134,-0.605516][0.269089,0.916384,0][0.931746,-0.236292,-1.09497][-0.152252,0.781133,-0.605516][0.269089,0.90578,0][0.923526,-0.240861,-1.0988][-0.569048,0.281054,-0.772783][0.276633,0.901726,0][0.887863,-0.358717,-1.1154][-0.569048,0.281054,-0.772783][0.309364,0.797141,0][0.87458,-0.34809,-1.10175][-0.569048,0.281054,-0.772783][0.315904,0.806572,0][0.87458,-0.34809,-1.10175][-0.569048,0.281054,-0.772783][0.315904,0.806572,0][0.909284,-0.233405,-1.0856][-0.569048,0.281054,-0.772783][0.284054,0.908342,0][0.923526,-0.240861,-1.0988][-0.569048,0.281054,-0.772783][0.276633,0.901726,0][1.03227,-0.56202,-1.04817][-0.264165,-0.712476,-0.650073][0.176833,0.616731,0][1.02305,-0.572778,-1.03264][-0.264165,-0.712476,-0.650073][0.179644,0.607185,0][0.92559,-0.495245,-1.07801][-0.264165,-0.712476,-0.650073][0.269089,0.675986,0][0.92559,-0.495245,-1.07801][-0.264165,-0.712476,-0.650073][0.269089,0.675986,0][0.931746,-0.482051,-1.09497][-0.264165,-0.712476,-0.650073][0.269089,0.687695,0][1.03227,-0.56202,-1.04817][-0.264165,-0.712476,-0.650073][0.176833,0.616731,0][1.04368,-0.561563,-1.04286][0.243914,-0.859042,-0.45006][0.166362,0.617136,0][1.05098,-0.571658,-1.01963][0.243914,-0.859041,-0.45006][0.154009,0.608177,0][1.02305,-0.572778,-1.03264][0.243914,-0.859042,-0.45006][0.179644,0.607185,0][1.02305,-0.572778,-1.03264][0.243914,-0.859042,-0.45006][0.179644,0.607185,0][1.03227,-0.56202,-1.04817][0.243914,-0.859041,-0.45006][0.176833,0.616731,0][1.04368,-0.561563,-1.04286][0.243914,-0.859042,-0.45006][0.166362,0.617136,0][1.04368,-0.561563,-1.04286][0.946845,0.264819,-0.182637][0.166362,0.617136,0][1.00362,-0.431185,-1.06151][0.946845,0.264819,-0.182637][0.203129,0.732833,0][1.00916,-0.435545,-1.03911][0.946845,0.264819,-0.182637][0.192394,0.728964,0][1.00916,-0.435545,-1.03911][0.946845,0.264819,-0.182637][0.192394,0.728964,0][1.05098,-0.571658,-1.01963][0.946845,0.264819,-0.182637][0.154009,0.608177,0][1.04368,-0.561563,-1.04286][0.946845,0.264819,-0.182637][0.166362,0.617136,0][0.77394,-0.358717,-1.16843][0.214772,0.860826,-0.461359][0.413917,0.797141,0][0.764294,-0.34809,-1.1531][0.214772,0.860826,-0.461359][0.41712,0.806572,0][0.87458,-0.34809,-1.10175][0.214772,0.860826,-0.461359][0.315904,0.806572,0][0.87458,-0.34809,-1.10175][0.214772,0.860826,-0.461359][0.315904,0.806572,0][0.887863,-0.358717,-1.1154][0.214772,0.860826,-0.461359][0.309364,0.797141,0][0.77394,-0.358717,-1.16843][0.214772,0.860826,-0.461359][0.413917,0.797141,0][0.767179,-0.364656,-1.17158][-0.295835,0.687971,-0.662705][0.420122,0.791871,0][0.744452,-0.365519,-1.16233][-0.295835,0.687971,-0.662705][0.435329,0.791105,0][0.764294,-0.34809,-1.1531][-0.295835,0.687971,-0.662705][0.41712,0.806572,0][0.764294,-0.34809,-1.1531][-0.295835,0.687971,-0.662705][0.41712,0.806572,0][0.77394,-0.358717,-1.16843][-0.295835,0.687971,-0.662705][0.413917,0.797141,0][0.767179,-0.364656,-1.17158][-0.295835,0.687971,-0.662705][0.420122,0.791871,0][0.767179,-0.364656,-1.17158][-0.231288,-0.735398,-0.636943][0.420122,0.791871,0][0.859875,-0.431185,-1.12843][-0.231288,-0.735398,-0.636943][0.335049,0.732833,0][0.842022,-0.435545,-1.11691][-0.231288,-0.735398,-0.636943][0.345784,0.728964,0][0.842022,-0.435545,-1.11691][-0.231288,-0.735398,-0.636943][0.345784,0.728964,0][0.744452,-0.365519,-1.16233][-0.231288,-0.735398,-0.636943][0.435329,0.791105,0][0.767179,-0.364656,-1.17158][-0.231288,-0.735398,-0.636943][0.420122,0.791871,0][0.819813,-0.561563,-1.14708][-0.567801,0.284941,-0.772276][0.371816,0.617136,0][0.800197,-0.571658,-1.13638][-0.567801,0.284941,-0.772276][0.384169,0.608177,0][0.842022,-0.435545,-1.11691][-0.567801,0.284941,-0.772276][0.345784,0.728964,0][0.842022,-0.435545,-1.11691][-0.567801,0.284941,-0.772276][0.345784,0.728964,0][0.859875,-0.431185,-1.12843][-0.567801,0.284941,-0.772276][0.335049,0.732833,0][0.819813,-0.561563,-1.14708][-0.567801,0.284941,-0.772276][0.371816,0.617136,0][0.819813,-0.561563,-1.14708][0.185576,-0.861442,-0.472736][0.371816,0.617136,0][0.831222,-0.56202,-1.14177][0.185576,-0.861442,-0.472735][0.361345,0.616731,0][0.82813,-0.572778,-1.12338][0.185576,-0.861442,-0.472736][0.358534,0.607185,0][0.82813,-0.572778,-1.12338][0.185576,-0.861442,-0.472736][0.358534,0.607185,0][0.800197,-0.571658,-1.13638][0.185576,-0.861442,-0.472736][0.384169,0.608177,0][0.819813,-0.561563,-1.14708][0.185576,-0.861442,-0.472736][0.371816,0.617136,0][0.831222,-0.56202,-1.14177][0.674483,-0.681062,-0.285004][0.361345,0.616731,0][0.931746,-0.482051,-1.09497][0.674483,-0.681062,-0.285004][0.269089,0.687695,0][0.92559,-0.495245,-1.07801][0.674483,-0.681062,-0.285004][0.269089,0.675986,0][0.92559,-0.495245,-1.07801][0.674483,-0.681062,-0.285004][0.269089,0.675986,0][0.82813,-0.572778,-1.12338][0.674483,-0.681062,-0.285004][0.358534,0.607185,0][0.831222,-0.56202,-1.14177][0.674483,-0.681062,-0.285004][0.361345,0.616731,0][0.939966,-0.240861,-1.09114][0.947936,0.261184,-0.182209][0.261545,0.901726,0][0.941896,-0.233405,-1.07042][0.947936,0.261184,-0.182209][0.254124,0.908342,0][0.9766,-0.34809,-1.05426][0.947936,0.261184,-0.182209][0.222274,0.806572,0][0.9766,-0.34809,-1.05426][0.947936,0.261184,-0.182209][0.222274,0.806572,0][0.97563,-0.358717,-1.07454][0.947936,0.261184,-0.182209][0.228814,0.797141,0][0.939966,-0.240861,-1.09114][0.947936,0.261184,-0.182209][0.261545,0.901726,0][0.939966,-0.240861,-1.09114][0.570414,0.754531,-0.324516][0.261545,0.901726,0][0.931746,-0.236292,-1.09497][0.570414,0.754531,-0.324516][0.269089,0.90578,0][0.92559,-0.224343,-1.07801][0.570414,0.754531,-0.324516][0.269089,0.916384,0][0.92559,-0.224343,-1.07801][0.570414,0.754531,-0.324516][0.269089,0.916384,0][0.941896,-0.233405,-1.07042][0.570414,0.754531,-0.324516][0.254124,0.908342,0][0.939966,-0.240861,-1.09114][0.570414,0.754531,-0.324516][0.261545,0.901726,0][1.09631,-0.364656,-1.01836][0.644109,-0.705133,-0.296499][0.118056,0.791871,0][1.10673,-0.365519,-0.993684][0.644109,-0.705133,-0.296499][0.102849,0.791105,0][1.00916,-0.435545,-1.03911][0.644109,-0.705133,-0.296499][0.192394,0.728964,0][1.00916,-0.435545,-1.03911][0.644109,-0.705133,-0.296499][0.192394,0.728964,0][1.00362,-0.431185,-1.06151][0.644109,-0.705133,-0.296499][0.203129,0.732833,0][1.09631,-0.364656,-1.01836][0.644109,-0.705133,-0.296499][0.118056,0.791871,0][1.09631,-0.364656,-1.01836][0.70356,0.655695,-0.273985][0.118056,0.791871,0][1.08955,-0.358717,-1.02151][0.70356,0.655695,-0.273985][0.124261,0.797141,0][1.08689,-0.348089,-1.00292][0.70356,0.655695,-0.273985][0.121059,0.806572,0][1.08689,-0.348089,-1.00292][0.70356,0.655695,-0.273985][0.121059,0.806572,0][1.10673,-0.365519,-0.993684][0.70356,0.655695,-0.273985][0.102849,0.791105,0][1.09631,-0.364656,-1.01836][0.70356,0.655695,-0.273985][0.118056,0.791871,0][1.08955,-0.358717,-1.02151][0.214772,0.860826,-0.461359][0.124261,0.797141,0][0.97563,-0.358717,-1.07454][0.214772,0.860826,-0.461359][0.228814,0.797141,0][0.9766,-0.34809,-1.05426][0.214772,0.860826,-0.461359][0.222274,0.806572,0][0.9766,-0.34809,-1.05426][0.214772,0.860826,-0.461359][0.222274,0.806572,0][1.08689,-0.348089,-1.00292][0.214772,0.860826,-0.461359][0.121059,0.806572,0][1.08955,-0.358717,-1.02151][0.214772,0.860826,-0.461359][0.124261,0.797141,0][0.887863,-0.358717,-1.1154][-0.209862,0.198373,-0.957396][0.309364,0.797141,0][0.923526,-0.240861,-1.0988][-0.209862,0.198373,-0.957396][0.276633,0.901726,0][0.946916,-0.39939,-1.13677][-0.209862,0.198373,-0.957396][0.269089,0.761048,0][0.923526,-0.240861,-1.0988][0.283337,0.262736,-0.922329][0.276633,0.901726,0][0.931746,-0.236292,-1.09497][0.283337,0.262736,-0.922329][0.269089,0.90578,0][0.946916,-0.39939,-1.13677][0.283337,0.262736,-0.922329][0.269089,0.761048,0][1.00362,-0.431185,-1.06151][0.820442,0.174207,-0.544542][0.203129,0.732833,0][1.04368,-0.561563,-1.04286][0.820442,0.174207,-0.544542][0.166362,0.617136,0][0.946916,-0.39939,-1.13677][0.820442,0.174207,-0.544542][0.269089,0.761048,0][1.04368,-0.561563,-1.04286][0.416324,-0.256669,-0.872236][0.166362,0.617136,0][1.03227,-0.56202,-1.04817][0.416324,-0.256669,-0.872236][0.176833,0.616731,0][0.946916,-0.39939,-1.13677][0.416324,-0.256669,-0.872236][0.269089,0.761048,0][1.03227,-0.56202,-1.04817][0.0489719,-0.457878,-0.887665][0.176833,0.616731,0][0.931746,-0.482051,-1.09497][0.0489719,-0.457878,-0.887665][0.269089,0.687695,0][0.946916,-0.39939,-1.13677][0.0489719,-0.457878,-0.887665][0.269089,0.761048,0][0.859875,-0.431185,-1.12843][0.0827169,-0.458632,-0.884768][0.335049,0.732833,0][0.767179,-0.364656,-1.17158][0.0827169,-0.458632,-0.884768][0.420122,0.791871,0][0.946916,-0.39939,-1.13677][0.0827169,-0.458632,-0.884768][0.269089,0.761048,0][0.767179,-0.364656,-1.17158][0.228988,0.239339,-0.943547][0.420122,0.791871,0][0.77394,-0.358717,-1.16843][0.228988,0.239339,-0.943547][0.413917,0.797141,0][0.946916,-0.39939,-1.13677][0.228988,0.239339,-0.943547][0.269089,0.761048,0][0.77394,-0.358717,-1.16843][0.285433,0.736598,-0.613149][0.413917,0.797141,0][0.887863,-0.358717,-1.1154][0.285433,0.736598,-0.613149][0.309364,0.797141,0][0.946916,-0.39939,-1.13677][0.285433,0.736598,-0.613149][0.269089,0.761048,0][0.931746,-0.482051,-1.09497][0.641183,-0.436751,-0.630978][0.269089,0.687695,0][0.831222,-0.56202,-1.14177][0.641183,-0.436752,-0.630978][0.361345,0.616731,0][0.946916,-0.39939,-1.13677][0.641183,-0.436752,-0.630978][0.269089,0.761048,0][0.831222,-0.56202,-1.14177][0.399364,-0.257083,-0.880009][0.361345,0.616731,0][0.819813,-0.561563,-1.14708][0.399364,-0.257083,-0.880009][0.371816,0.617136,0][0.946916,-0.39939,-1.13677][0.399364,-0.257083,-0.880009][0.269089,0.761048,0][0.819813,-0.561563,-1.14708][-0.161618,0.188234,-0.968735][0.371816,0.617136,0][0.859875,-0.431185,-1.12843][-0.161618,0.188234,-0.968735][0.335049,0.732833,0][0.946916,-0.39939,-1.13677][-0.161618,0.188234,-0.968735][0.269089,0.761048,0][0.931746,-0.236292,-1.09497][0.521565,0.25703,-0.813576][0.269089,0.90578,0][0.939966,-0.240861,-1.09114][0.521565,0.25703,-0.813576][0.261545,0.901726,0][0.946916,-0.39939,-1.13677][0.521565,0.25703,-0.813576][0.269089,0.761048,0][0.939966,-0.240861,-1.09114][0.84164,0.183119,-0.508044][0.261545,0.901726,0][0.97563,-0.358717,-1.07454][0.84164,0.183119,-0.508044][0.228814,0.797141,0][0.946916,-0.39939,-1.13677][0.84164,0.183119,-0.508044][0.269089,0.761048,0][0.97563,-0.358717,-1.07454][0.285436,0.736597,-0.613148][0.228814,0.797141,0][1.08955,-0.358717,-1.02151][0.285436,0.736597,-0.613148][0.124261,0.797141,0][0.946916,-0.39939,-1.13677][0.285436,0.736597,-0.613148][0.269089,0.761048,0][1.08955,-0.358717,-1.02151][0.570521,0.23192,-0.787857][0.124261,0.797141,0][1.09631,-0.364656,-1.01836][0.570521,0.23192,-0.787857][0.118056,0.791871,0][0.946916,-0.39939,-1.13677][0.570521,0.23192,-0.787857][0.269089,0.761048,0][1.09631,-0.364656,-1.01836][0.61853,-0.439195,-0.651559][0.118056,0.791871,0][1.00362,-0.431185,-1.06151][0.61853,-0.439195,-0.651559][0.203129,0.732833,0][0.946916,-0.39939,-1.13677][0.61853,-0.439195,-0.651559][0.269089,0.761048,0][-0.252691,0.281689,-0.980185][0.187102,-0.439896,-0.878342][0.697362,0.743482,0][-0.364743,0.365615,-1.04575][0.183549,-0.443837,-0.877108][0.755161,0.776877,0][-0.320985,0.42616,-1.06121][0.257847,-0.335117,-0.906207][0.739337,0.807423,0][-0.320985,0.42616,-1.06121][0.257847,-0.335117,-0.906207][0.739337,0.807423,0][-0.186991,0.374023,-1.00366][0.257847,-0.335117,-0.906207][0.67372,0.78998,0][-0.252691,0.281689,-0.980185][0.187102,-0.439896,-0.878342][0.697362,0.743482,0][-0.340119,0.225165,-0.960876][0.0900949,-0.529526,-0.843496][0.7342,0.711128,0][-0.426703,0.323096,-1.03162][0.0776599,-0.538574,-0.838992][0.781068,0.752853,0][-0.364743,0.365615,-1.04575][0.183549,-0.443837,-0.877108][0.755161,0.776877,0][-0.364743,0.365615,-1.04575][0.183549,-0.443837,-0.877108][0.755161,0.776877,0][-0.252691,0.281689,-0.980185][0.187102,-0.439896,-0.878342][0.697362,0.743482,0][-0.340119,0.225165,-0.960876][0.0900949,-0.529526,-0.843496][0.7342,0.711128,0][-0.446354,0.198439,-0.944956][-0.0236671,-0.594375,-0.80384][0.782362,0.690483,0][-0.501255,0.30184,-1.02][-0.0436591,-0.601998,-0.797303][0.814663,0.737253,0][-0.426703,0.323096,-1.03162][0.0776599,-0.538574,-0.838992][0.781068,0.752853,0][-0.426703,0.323096,-1.03162][0.0776599,-0.538574,-0.838992][0.781068,0.752853,0][-0.340119,0.225165,-0.960876][0.0900949,-0.529526,-0.843496][0.7342,0.711128,0][-0.446354,0.198439,-0.944956][-0.0236671,-0.594375,-0.80384][0.782362,0.690483,0][-0.560999,0.204127,-0.933985][-0.203316,-0.631072,-0.748606][0.837135,0.683569,0][-0.581097,0.303925,-1.01202][-0.262282,-0.632996,-0.728371][0.852657,0.731602,0][-0.501255,0.30184,-1.02][-0.0436591,-0.601998,-0.797303][0.814663,0.737253,0][-0.501255,0.30184,-1.02][-0.0436591,-0.601998,-0.797303][0.814663,0.737253,0][-0.446354,0.198439,-0.944956][-0.0236671,-0.594375,-0.80384][0.782362,0.690483,0][-0.560999,0.204127,-0.933985][-0.203316,-0.631072,-0.748606][0.837135,0.683569,0][-0.709826,0.504446,-0.972409][0.601096,0.372064,-0.707285][0.931977,0.804938,0][-0.74374,0.47366,-1.02552][0.604638,0.349317,-0.715815][0.943462,0.793729,0][-0.753928,0.550959,-0.976158][0.575215,0.492785,-0.65291][0.956639,0.822001,0][-0.748423,0.380308,-0.946052][-0.714148,-0.447545,-0.538234][0.940202,0.746521,0][-0.714603,0.410848,-1.01728][-0.743088,-0.423504,-0.518136][0.924568,0.76818,0][-0.667271,0.349582,-1.01121][-0.503325,-0.575837,-0.644264][0.897181,0.744818,0][-0.667271,0.349582,-1.01121][-0.503325,-0.575837,-0.644264][0.897181,0.744818,0][-0.690861,0.283278,-0.934629][-0.44885,-0.599474,-0.662695][0.905069,0.708089,0][-0.748423,0.380308,-0.946052][-0.714148,-0.447545,-0.538234][0.940202,0.746521,0][-0.690861,0.283278,-0.934629][-0.44885,-0.599474,-0.662695][0.905069,0.708089,0][-0.667271,0.349582,-1.01121][-0.503325,-0.575837,-0.644264][0.897181,0.744818,0][-0.581097,0.303925,-1.01202][-0.262282,-0.632996,-0.728371][0.852657,0.731602,0][-0.581097,0.303925,-1.01202][-0.262282,-0.632996,-0.728371][0.852657,0.731602,0][-0.560999,0.204127,-0.933985][-0.203316,-0.631072,-0.748606][0.837135,0.683569,0][-0.690861,0.283278,-0.934629][-0.44885,-0.599474,-0.662695][0.905069,0.708089,0][-0.76618,0.463586,-0.959167][-0.880313,-0.232222,-0.413669][0.955363,0.782114,0][-0.74374,0.47366,-1.02552][-0.884811,-0.220632,-0.410403][0.943462,0.793729,0][-0.714603,0.410848,-1.01728][-0.743088,-0.423504,-0.518136][0.924568,0.76818,0][-0.714603,0.410848,-1.01728][-0.743088,-0.423504,-0.518136][0.924568,0.76818,0][-0.748423,0.380308,-0.946052][-0.714148,-0.447545,-0.538234][0.940202,0.746521,0][-0.76618,0.463586,-0.959167][-0.880313,-0.232222,-0.413669][0.955363,0.782114,0][-0.320985,0.42616,-1.06121][0.257847,-0.335117,-0.906207][0.739337,0.807423,0][-0.30012,0.497968,-1.07631][0.298247,-0.208928,-0.931342][0.735271,0.841094,0][-0.154537,0.482714,-1.0266][0.297293,-0.214216,-0.930445][0.667153,0.841017,0][-0.154537,0.482714,-1.0266][0.297293,-0.214216,-0.930445][0.667153,0.841017,0][-0.186991,0.374023,-1.00366][0.257847,-0.335117,-0.906207][0.67372,0.78998,0][-0.320985,0.42616,-1.06121][0.257847,-0.335117,-0.906207][0.739337,0.807423,0][-0.30012,0.497968,-1.07631][0.298247,-0.208928,-0.931342][0.735271,0.841094,0][-0.304599,0.573175,-1.08936][0.309718,-0.063302,-0.948719][0.743488,0.874189,0][-0.163592,0.586706,-1.04435][0.309936,-0.079275,-0.947447][0.67987,0.886544,0][-0.163592,0.586706,-1.04435][0.309936,-0.079275,-0.947447][0.67987,0.886544,0][-0.154537,0.482714,-1.0266][0.297293,-0.214216,-0.930445][0.667153,0.841017,0][-0.30012,0.497968,-1.07631][0.298247,-0.208928,-0.931342][0.735271,0.841094,0][-0.304599,0.573175,-1.08936][0.309718,-0.063302,-0.948719][0.743488,0.874189,0][-0.333533,0.645345,-1.09931][0.288405,0.078094,-0.954319][0.763043,0.903919,0][-0.20763,0.687366,-1.05784][0.294114,0.056464,-0.954101][0.70889,0.927706,0][-0.20763,0.687366,-1.05784][0.294114,0.056464,-0.954101][0.70889,0.927706,0][-0.163592,0.586706,-1.04435][0.309936,-0.079275,-0.947447][0.67987,0.886544,0][-0.304599,0.573175,-1.08936][0.309718,-0.063302,-0.948719][0.743488,0.874189,0][-0.333533,0.645345,-1.09931][0.288405,0.078094,-0.954319][0.763043,0.903919,0][-0.384088,0.707415,-1.10518][0.185946,0.285013,-0.940315][0.792023,0.927372,0][-0.282341,0.774841,-1.06575][0.21816,0.232145,-0.9479][0.751372,0.960474,0][-0.282341,0.774841,-1.06575][0.21816,0.232145,-0.9479][0.751372,0.960474,0][-0.20763,0.687366,-1.05784][0.294114,0.056464,-0.954101][0.70889,0.927706,0][-0.333533,0.645345,-1.09931][0.288405,0.078094,-0.954319][0.763043,0.903919,0][-0.617372,0.732473,-1.08528][-0.463043,0.643194,-0.60983][0.90457,0.919302,0][-0.673621,0.715436,-1.01413][-0.707149,0.566208,-0.423496][0.931923,0.901804,0][-0.61233,0.778682,-1.03191][-0.452011,0.644981,-0.616186][0.908012,0.934996,0][-0.472829,0.747815,-1.10316][0.00534707,0.465963,-0.884788][0.837337,0.938037,0][-0.550064,0.747836,-1.09508][-0.239063,0.608781,-0.756462][0.873928,0.931683,0][-0.535881,0.815612,-1.04655][-0.206138,0.5929,-0.778445][0.874788,0.957727,0][-0.535881,0.815612,-1.04655][-0.206138,0.5929,-0.778445][0.874788,0.957727,0][-0.424218,0.829384,-1.06071][0.0543651,0.431153,-0.90064][0.823005,0.973054,0][-0.472829,0.747815,-1.10316][0.00534707,0.465963,-0.884788][0.837337,0.938037,0][-0.384088,0.707415,-1.10518][0.185946,0.285013,-0.940315][0.792023,0.927372,0][-0.472829,0.747815,-1.10316][0.00534707,0.465963,-0.884788][0.837337,0.938037,0][-0.424218,0.829384,-1.06071][0.0543651,0.431153,-0.90064][0.823005,0.973054,0][-0.424218,0.829384,-1.06071][0.0543651,0.431153,-0.90064][0.823005,0.973054,0][-0.282341,0.774841,-1.06575][0.21816,0.232145,-0.9479][0.751372,0.960474,0][-0.384088,0.707415,-1.10518][0.185946,0.285013,-0.940315][0.792023,0.927372,0][-0.550064,0.747836,-1.09508][-0.239063,0.608781,-0.756462][0.873928,0.931683,0][-0.617372,0.732473,-1.08528][-0.463043,0.643194,-0.60983][0.90457,0.919302,0][-0.61233,0.778682,-1.03191][-0.452011,0.644981,-0.616186][0.908012,0.934996,0][-0.61233,0.778682,-1.03191][-0.452011,0.644981,-0.616186][0.908012,0.934996,0][-0.535881,0.815612,-1.04655][-0.206138,0.5929,-0.778445][0.874788,0.957727,0][-0.550064,0.747836,-1.09508][-0.239063,0.608781,-0.756462][0.873928,0.931683,0][-0.74374,0.47366,-1.02552][0.604638,0.349317,-0.715815][0.943462,0.793729,0][-0.709826,0.504446,-0.972409][0.601096,0.372064,-0.707285][0.931977,0.804938,0][-0.669706,0.461385,-0.968865][0.506297,0.326662,-0.798095][0.909481,0.789083,0][-0.669706,0.461385,-0.968865][0.506297,0.326662,-0.798095][0.909481,0.789083,0][-0.714603,0.410848,-1.01728][0.496104,0.327276,-0.804221][0.924568,0.76818,0][-0.74374,0.47366,-1.02552][0.604638,0.349317,-0.715815][0.943462,0.793729,0][-0.714603,0.410848,-1.01728][0.496104,0.327276,-0.804221][0.924568,0.76818,0][-0.669706,0.461385,-0.968865][0.506297,0.326662,-0.798095][0.909481,0.789083,0][-0.632247,0.434635,-0.967974][0.264238,0.354135,-0.897088][0.889567,0.780266,0][-0.632247,0.434635,-0.967974][0.264238,0.354135,-0.897088][0.889567,0.780266,0][-0.667271,0.349582,-1.01121][0.235129,0.357646,-0.903772][0.897181,0.744818,0][-0.714603,0.410848,-1.01728][0.496104,0.327276,-0.804221][0.924568,0.76818,0][-0.667271,0.349582,-1.01121][0.235129,0.357646,-0.903772][0.897181,0.744818,0][-0.632247,0.434635,-0.967974][0.264238,0.354135,-0.897088][0.889567,0.780266,0][-0.588236,0.421303,-0.970181][0.0366441,0.349407,-0.936254][0.867637,0.77796,0][-0.588236,0.421303,-0.970181][0.0366441,0.349407,-0.936254][0.867637,0.77796,0][-0.581097,0.303925,-1.01202][-0.00583195,0.34159,-0.939831][0.852657,0.731602,0][-0.667271,0.349582,-1.01121][0.235129,0.357646,-0.903772][0.897181,0.744818,0][-0.581097,0.303925,-1.01202][-0.00583195,0.34159,-0.939831][0.852657,0.731602,0][-0.588236,0.421303,-0.970181][0.0366441,0.349407,-0.936254][0.867637,0.77796,0][-0.541981,0.422694,-0.975271][-0.160441,0.294562,-0.942068][0.845837,0.78239,0][-0.541981,0.422694,-0.975271][-0.160441,0.294562,-0.942068][0.845837,0.78239,0][-0.501255,0.30184,-1.02][-0.178206,0.286452,-0.941375][0.814663,0.737253,0][-0.581097,0.303925,-1.01202][-0.00583195,0.34159,-0.939831][0.852657,0.731602,0][-0.501255,0.30184,-1.02][-0.178206,0.286452,-0.941375][0.814663,0.737253,0][-0.541981,0.422694,-0.975271][-0.160441,0.294562,-0.942068][0.845837,0.78239,0][-0.498011,0.438673,-0.982744][-0.285996,0.219223,-0.932817][0.826302,0.793123,0][-0.498011,0.438673,-0.982744][-0.285996,0.219223,-0.932817][0.826302,0.793123,0][-0.426703,0.323096,-1.03162][-0.295505,0.211602,-0.931612][0.781068,0.752853,0][-0.501255,0.30184,-1.02][-0.178206,0.286452,-0.941375][0.814663,0.737253,0][-0.426703,0.323096,-1.03162][-0.295505,0.211602,-0.931612][0.781068,0.752853,0][-0.498011,0.438673,-0.982744][-0.285996,0.219223,-0.932817][0.826302,0.793123,0][-0.460628,0.467675,-0.991869][-0.381329,0.129643,-0.915304][0.810942,0.809107,0][-0.460628,0.467675,-0.991869][-0.381329,0.129643,-0.915304][0.810942,0.809107,0][-0.364743,0.365615,-1.04575][-0.383798,0.126843,-0.914664][0.755161,0.776877,0][-0.426703,0.323096,-1.03162][-0.295505,0.211602,-0.931612][0.781068,0.752853,0][-0.364743,0.365615,-1.04575][-0.383798,0.126843,-0.914664][0.755161,0.776877,0][-0.460628,0.467675,-0.991869][-0.381329,0.129643,-0.915304][0.810942,0.809107,0][-0.438045,0.49754,-0.999601][-0.455961,0.0171901,-0.889834][0.802664,0.824257,0][-0.438045,0.49754,-0.999601][-0.455961,0.0171901,-0.889834][0.802664,0.824257,0][-0.320985,0.42616,-1.06121][-0.455961,0.0171901,-0.889834][0.739337,0.807423,0][-0.364743,0.365615,-1.04575][-0.383798,0.126843,-0.914664][0.755161,0.776877,0][-0.30012,0.497968,-1.07631][-0.497666,-0.106369,-0.860822][0.735271,0.841094,0][-0.320985,0.42616,-1.06121][-0.455961,0.0171901,-0.889834][0.739337,0.807423,0][-0.438045,0.49754,-0.999601][-0.455961,0.0171901,-0.889834][0.802664,0.824257,0][-0.438045,0.49754,-0.999601][-0.455961,0.0171901,-0.889834][0.802664,0.824257,0][-0.428365,0.533753,-1.00713][-0.498338,-0.11,-0.859977][0.801012,0.841168,0][-0.30012,0.497968,-1.07631][-0.497666,-0.106369,-0.860822][0.735271,0.841094,0][-0.304599,0.573175,-1.08936][-0.509002,-0.225654,-0.830661][0.743488,0.874189,0][-0.30012,0.497968,-1.07631][-0.497666,-0.106369,-0.860822][0.735271,0.841094,0][-0.428365,0.533753,-1.00713][-0.498338,-0.11,-0.859977][0.801012,0.841168,0][-0.428365,0.533753,-1.00713][-0.498338,-0.11,-0.859977][0.801012,0.841168,0][-0.42843,0.58118,-1.01565][-0.508974,-0.237452,-0.827383][0.804886,0.862265,0][-0.304599,0.573175,-1.08936][-0.509002,-0.225654,-0.830661][0.743488,0.874189,0][-0.333533,0.645345,-1.09931][-0.49329,-0.358867,-0.792388][0.763043,0.903919,0][-0.304599,0.573175,-1.08936][-0.509002,-0.225654,-0.830661][0.743488,0.874189,0][-0.42843,0.58118,-1.01565][-0.508974,-0.237452,-0.827383][0.804886,0.862265,0][-0.42843,0.58118,-1.01565][-0.508974,-0.237452,-0.827383][0.804886,0.862265,0][-0.442786,0.625854,-1.02217][-0.488335,-0.376992,-0.787024][0.815308,0.880961,0][-0.333533,0.645345,-1.09931][-0.49329,-0.358867,-0.792388][0.763043,0.903919,0][-0.384088,0.707415,-1.10518][-0.425957,-0.518863,-0.741176][0.792023,0.927372,0][-0.333533,0.645345,-1.09931][-0.49329,-0.358867,-0.792388][0.763043,0.903919,0][-0.442786,0.625854,-1.02217][-0.488335,-0.376992,-0.787024][0.815308,0.880961,0][-0.442786,0.625854,-1.02217][-0.488335,-0.376992,-0.787024][0.815308,0.880961,0][-0.470027,0.663405,-1.02608][-0.404446,-0.553982,-0.727686][0.831256,0.895426,0][-0.384088,0.707415,-1.10518][-0.425957,-0.518863,-0.741176][0.792023,0.927372,0][-0.472829,0.747815,-1.10316][-0.279787,-0.696943,-0.660296][0.837337,0.938037,0][-0.384088,0.707415,-1.10518][-0.425957,-0.518863,-0.741176][0.792023,0.927372,0][-0.470027,0.663405,-1.02608][-0.404446,-0.553982,-0.727686][0.831256,0.895426,0][-0.470027,0.663405,-1.02608][-0.404446,-0.553982,-0.727686][0.831256,0.895426,0][-0.507486,0.690156,-1.02697][-0.257602,-0.714635,-0.650337][0.851169,0.904243,0][-0.472829,0.747815,-1.10316][-0.279787,-0.696943,-0.660296][0.837337,0.938037,0][-0.550064,0.747836,-1.09508][-0.0748111,-0.841999,-0.534267][0.873928,0.931683,0][-0.472829,0.747815,-1.10316][-0.279787,-0.696943,-0.660296][0.837337,0.938037,0][-0.507486,0.690156,-1.02697][-0.257602,-0.714635,-0.650337][0.851169,0.904243,0][-0.507486,0.690156,-1.02697][-0.257602,-0.714635,-0.650337][0.851169,0.904243,0][-0.551497,0.703488,-1.02476][-0.0668461,-0.847178,-0.527087][0.873099,0.906549,0][-0.550064,0.747836,-1.09508][-0.0748111,-0.841999,-0.534267][0.873928,0.931683,0][-0.617372,0.732473,-1.08528][-0.00757114,-0.904534,-0.426334][0.90457,0.919302,0][-0.550064,0.747836,-1.09508][-0.0748111,-0.841999,-0.534267][0.873928,0.931683,0][-0.551497,0.703488,-1.02476][-0.0668461,-0.847178,-0.527087][0.873099,0.906549,0][-0.551497,0.703488,-1.02476][-0.0668461,-0.847178,-0.527087][0.873099,0.906549,0][-0.60998,0.70894,-1.01962][-0.0255121,-0.911281,-0.410995][0.901247,0.904157,0][-0.617372,0.732473,-1.08528][-0.00757114,-0.904534,-0.426334][0.90457,0.919302,0][-0.60998,0.70894,-1.01962][-0.0255121,-0.911281,-0.410995][0.901247,0.904157,0][-0.673621,0.715436,-1.01413][-0.123615,-0.938474,-0.32247][0.931923,0.901804,0][-0.617372,0.732473,-1.08528][-0.00757114,-0.904534,-0.426334][0.90457,0.919302,0][-0.753928,0.550959,-0.976158][-0.948087,0.0727441,-0.309578][0.956639,0.822001,0][-0.74374,0.47366,-1.02552][-0.884811,-0.220632,-0.410403][0.943462,0.793729,0][-0.76618,0.463586,-0.959167][-0.880313,-0.232222,-0.413669][0.955363,0.782114,0][-0.30851,0.447597,-0.941977][0.446273,-0.0113071,0.894826][0.739337,0.807423,0][-0.352269,0.387052,-0.926514][0.371618,-0.120641,0.920514][0.755161,0.776877,0][-0.252691,0.281689,-0.980185][0.375201,-0.116647,0.919575][0.697362,0.743482,0][-0.252691,0.281689,-0.980185][0.375201,-0.116647,0.919575][0.697362,0.743482,0][-0.186991,0.374023,-1.00366][0.446273,-0.0113071,0.894826][0.67372,0.78998,0][-0.30851,0.447597,-0.941977][0.446273,-0.0113071,0.894826][0.739337,0.807423,0][-0.352269,0.387052,-0.926514][0.371618,-0.120641,0.920514][0.755161,0.776877,0][-0.414229,0.344534,-0.912387][0.263722,-0.218826,0.93945][0.781068,0.752853,0][-0.340119,0.225165,-0.960876][0.276473,-0.209234,0.937968][0.7342,0.711128,0][-0.340119,0.225165,-0.960876][0.276473,-0.209234,0.937968][0.7342,0.711128,0][-0.252691,0.281689,-0.980185][0.375201,-0.116647,0.919575][0.697362,0.743482,0][-0.352269,0.387052,-0.926514][0.371618,-0.120641,0.920514][0.755161,0.776877,0][-0.414229,0.344534,-0.912387][0.263722,-0.218826,0.93945][0.781068,0.752853,0][-0.48878,0.323277,-0.900765][0.138875,-0.288313,0.947412][0.814663,0.737253,0][-0.446354,0.198439,-0.944956][0.159483,-0.279631,0.946769][0.782362,0.690483,0][-0.446354,0.198439,-0.944956][0.159483,-0.279631,0.946769][0.782362,0.690483,0][-0.340119,0.225165,-0.960876][0.276473,-0.209234,0.937968][0.7342,0.711128,0][-0.414229,0.344534,-0.912387][0.263722,-0.218826,0.93945][0.781068,0.752853,0][-0.48878,0.323277,-0.900765][0.138875,-0.288313,0.947412][0.814663,0.737253,0][-0.568622,0.325362,-0.892787][-0.087868,-0.333266,0.938729][0.852657,0.731602,0][-0.560999,0.204127,-0.933985][-0.026151,-0.326613,0.944797][0.837135,0.683569,0][-0.560999,0.204127,-0.933985][-0.026151,-0.326613,0.944797][0.837135,0.683569,0][-0.446354,0.198439,-0.944956][0.159483,-0.279631,0.946769][0.782362,0.690483,0][-0.48878,0.323277,-0.900765][0.138875,-0.288313,0.947412][0.814663,0.737253,0][-0.709826,0.504446,-0.972409][0.716923,0.571111,0.399817][0.931977,0.804938,0][-0.753928,0.550959,-0.976158][0.676325,0.666544,0.313535][0.956639,0.822001,0][-0.731266,0.495098,-0.906288][0.722922,0.552585,0.414769][0.943462,0.793729,0][-0.654796,0.371019,-0.89198][-0.342783,-0.299946,0.890243][0.897181,0.744818,0][-0.702128,0.432285,-0.898044][-0.608305,-0.191881,0.77016][0.924568,0.76818,0][-0.748423,0.380308,-0.946052][-0.575075,-0.208548,0.791073][0.940202,0.746521,0][-0.748423,0.380308,-0.946052][-0.575075,-0.208548,0.791073][0.940202,0.746521,0][-0.690861,0.283278,-0.934629][-0.284902,-0.31773,0.904366][0.905069,0.708089,0][-0.654796,0.371019,-0.89198][-0.342783,-0.299946,0.890243][0.897181,0.744818,0][-0.568622,0.325362,-0.892787][-0.087868,-0.333266,0.938729][0.852657,0.731602,0][-0.654796,0.371019,-0.89198][-0.342783,-0.299946,0.890243][0.897181,0.744818,0][-0.690861,0.283278,-0.934629][-0.284902,-0.31773,0.904366][0.905069,0.708089,0][-0.690861,0.283278,-0.934629][-0.284902,-0.31773,0.904366][0.905069,0.708089,0][-0.560999,0.204127,-0.933985][-0.026151,-0.326613,0.944797][0.837135,0.683569,0][-0.568622,0.325362,-0.892787][-0.087868,-0.333266,0.938729][0.852657,0.731602,0][-0.702128,0.432285,-0.898044][-0.608305,-0.191881,0.77016][0.924568,0.76818,0][-0.731266,0.495098,-0.906288][-0.775979,-0.0336009,0.629864][0.943462,0.793729,0][-0.76618,0.463586,-0.959167][-0.770502,-0.0435099,0.635951][0.955363,0.782114,0][-0.76618,0.463586,-0.959167][-0.770502,-0.0435099,0.635951][0.955363,0.782114,0][-0.748423,0.380308,-0.946052][-0.575075,-0.208548,0.791073][0.940202,0.746521,0][-0.702128,0.432285,-0.898044][-0.608305,-0.191881,0.77016][0.924568,0.76818,0][-0.154537,0.482714,-1.0266][0.485393,0.109033,0.867471][0.667153,0.841017,0][-0.287645,0.519405,-0.957071][0.486315,0.114268,0.866279][0.735271,0.841094,0][-0.30851,0.447597,-0.941977][0.446273,-0.0113071,0.894826][0.739337,0.807423,0][-0.30851,0.447597,-0.941977][0.446273,-0.0113071,0.894826][0.739337,0.807423,0][-0.186991,0.374023,-1.00366][0.446273,-0.0113071,0.894826][0.67372,0.78998,0][-0.154537,0.482714,-1.0266][0.485393,0.109033,0.867471][0.667153,0.841017,0][-0.163592,0.586706,-1.04435][0.496313,0.241017,0.834017][0.67987,0.886544,0][-0.292125,0.594612,-0.970123][0.495779,0.256446,0.829722][0.743488,0.874189,0][-0.287645,0.519405,-0.957071][0.486315,0.114268,0.866279][0.735271,0.841094,0][-0.287645,0.519405,-0.957071][0.486315,0.114268,0.866279][0.735271,0.841094,0][-0.154537,0.482714,-1.0266][0.485393,0.109033,0.867471][0.667153,0.841017,0][-0.163592,0.586706,-1.04435][0.496313,0.241017,0.834017][0.67987,0.886544,0][-0.20763,0.687366,-1.05784][0.477264,0.371208,0.796507][0.70889,0.927706,0][-0.321059,0.666783,-0.980072][0.470939,0.391779,0.790396][0.763043,0.903919,0][-0.292125,0.594612,-0.970123][0.495779,0.256446,0.829722][0.743488,0.874189,0][-0.292125,0.594612,-0.970123][0.495779,0.256446,0.829722][0.743488,0.874189,0][-0.163592,0.586706,-1.04435][0.496313,0.241017,0.834017][0.67987,0.886544,0][-0.20763,0.687366,-1.05784][0.477264,0.371208,0.796507][0.70889,0.927706,0][-0.282341,0.774841,-1.06575][0.395326,0.536605,0.745502][0.751372,0.960474,0][-0.371614,0.728852,-0.985942][0.36036,0.584743,0.726785][0.792023,0.927372,0][-0.321059,0.666783,-0.980072][0.470939,0.391779,0.790396][0.763043,0.903919,0][-0.321059,0.666783,-0.980072][0.470939,0.391779,0.790396][0.763043,0.903919,0][-0.20763,0.687366,-1.05784][0.477264,0.371208,0.796507][0.70889,0.927706,0][-0.282341,0.774841,-1.06575][0.395326,0.536605,0.745502][0.751372,0.960474,0][-0.604898,0.753911,-0.966041][-0.35421,0.830223,0.430425][0.90457,0.919302,0][-0.61233,0.778682,-1.03191][-0.3422,0.833692,0.433425][0.908012,0.934996,0][-0.673621,0.715436,-1.01413][-0.62779,0.702586,0.335042][0.931923,0.901804,0][-0.535881,0.815612,-1.04655][-0.0670639,0.831897,0.550862][0.874788,0.957727,0][-0.53759,0.769273,-0.975845][-0.10428,0.840404,0.531833][0.873928,0.931683,0][-0.460354,0.769252,-0.983922][0.165889,0.741853,0.649719][0.837337,0.938037,0][-0.460354,0.769252,-0.983922][0.165889,0.741853,0.649719][0.837337,0.938037,0][-0.424218,0.829384,-1.06071][0.218314,0.712896,0.666422][0.823005,0.973054,0][-0.535881,0.815612,-1.04655][-0.0670639,0.831897,0.550862][0.874788,0.957727,0][-0.424218,0.829384,-1.06071][0.218314,0.712896,0.666422][0.823005,0.973054,0][-0.460354,0.769252,-0.983922][0.165889,0.741853,0.649719][0.837337,0.938037,0][-0.371614,0.728852,-0.985942][0.36036,0.584743,0.726785][0.792023,0.927372,0][-0.371614,0.728852,-0.985942][0.36036,0.584743,0.726785][0.792023,0.927372,0][-0.282341,0.774841,-1.06575][0.395326,0.536605,0.745502][0.751372,0.960474,0][-0.424218,0.829384,-1.06071][0.218314,0.712896,0.666422][0.823005,0.973054,0][-0.61233,0.778682,-1.03191][-0.3422,0.833692,0.433425][0.908012,0.934996,0][-0.604898,0.753911,-0.966041][-0.35421,0.830223,0.430425][0.90457,0.919302,0][-0.53759,0.769273,-0.975845][-0.10428,0.840404,0.531833][0.873928,0.931683,0][-0.53759,0.769273,-0.975845][-0.10428,0.840404,0.531833][0.873928,0.931683,0][-0.535881,0.815612,-1.04655][-0.0670639,0.831897,0.550862][0.874788,0.957727,0][-0.61233,0.778682,-1.03191][-0.3422,0.833692,0.433425][0.908012,0.934996,0][-0.669706,0.461385,-0.968865][0.643964,0.56324,0.517756][0.909481,0.789083,0][-0.709826,0.504446,-0.972409][0.716923,0.571111,0.399817][0.931977,0.804938,0][-0.731266,0.495098,-0.906288][0.722922,0.552585,0.414769][0.943462,0.793729,0][-0.731266,0.495098,-0.906288][0.722922,0.552585,0.414769][0.943462,0.793729,0][-0.702128,0.432285,-0.898044][0.635191,0.566295,0.525207][0.924568,0.76818,0][-0.669706,0.461385,-0.968865][0.643964,0.56324,0.517756][0.909481,0.789083,0][-0.632247,0.434635,-0.967974][0.425847,0.63186,0.647617][0.889567,0.780266,0][-0.669706,0.461385,-0.968865][0.643964,0.56324,0.517756][0.909481,0.789083,0][-0.702128,0.432285,-0.898044][0.635191,0.566295,0.525207][0.924568,0.76818,0][-0.702128,0.432285,-0.898044][0.635191,0.566295,0.525207][0.924568,0.76818,0][-0.654796,0.371019,-0.89198][0.398562,0.638506,0.658376][0.897181,0.744818,0][-0.632247,0.434635,-0.967974][0.425847,0.63186,0.647617][0.889567,0.780266,0][-0.588236,0.421303,-0.970181][0.211053,0.649131,0.730812][0.867637,0.77796,0][-0.632247,0.434635,-0.967974][0.425847,0.63186,0.647617][0.889567,0.780266,0][-0.654796,0.371019,-0.89198][0.398562,0.638506,0.658376][0.897181,0.744818,0][-0.654796,0.371019,-0.89198][0.398562,0.638506,0.658376][0.897181,0.744818,0][-0.568622,0.325362,-0.892787][0.170468,0.644562,0.745305][0.852657,0.731602,0][-0.588236,0.421303,-0.970181][0.211053,0.649131,0.730812][0.867637,0.77796,0][-0.541981,0.422694,-0.975271][0.0212471,0.606795,0.794574][0.845837,0.78239,0][-0.588236,0.421303,-0.970181][0.211053,0.649131,0.730812][0.867637,0.77796,0][-0.568622,0.325362,-0.892787][0.170468,0.644562,0.745305][0.852657,0.731602,0][-0.568622,0.325362,-0.892787][0.170468,0.644562,0.745305][0.852657,0.731602,0][-0.48878,0.323277,-0.900765][0.00400809,0.59959,0.800297][0.814663,0.737253,0][-0.541981,0.422694,-0.975271][0.0212471,0.606795,0.794574][0.845837,0.78239,0][-0.498011,0.438673,-0.982744][-0.100813,0.537463,0.83724][0.826302,0.793123,0][-0.541981,0.422694,-0.975271][0.0212471,0.606795,0.794574][0.845837,0.78239,0][-0.48878,0.323277,-0.900765][0.00400809,0.59959,0.800297][0.814663,0.737253,0][-0.48878,0.323277,-0.900765][0.00400809,0.59959,0.800297][0.814663,0.737253,0][-0.414229,0.344534,-0.912387][-0.110089,0.530242,0.840668][0.781068,0.752853,0][-0.498011,0.438673,-0.982744][-0.100813,0.537463,0.83724][0.826302,0.793123,0][-0.460628,0.467675,-0.991869][-0.194426,0.450836,0.871175][0.810942,0.809107,0][-0.498011,0.438673,-0.982744][-0.100813,0.537463,0.83724][0.826302,0.793123,0][-0.414229,0.344534,-0.912387][-0.110089,0.530242,0.840668][0.781068,0.752853,0][-0.414229,0.344534,-0.912387][-0.110089,0.530242,0.840668][0.781068,0.752853,0][-0.352269,0.387052,-0.926514][-0.19687,0.448078,0.872048][0.755161,0.776877,0][-0.460628,0.467675,-0.991869][-0.194426,0.450836,0.871175][0.810942,0.809107,0][-0.438045,0.49754,-0.999601][-0.268545,0.339264,0.901545][0.802664,0.824257,0][-0.460628,0.467675,-0.991869][-0.194426,0.450836,0.871175][0.810942,0.809107,0][-0.352269,0.387052,-0.926514][-0.19687,0.448078,0.872048][0.755161,0.776877,0][-0.352269,0.387052,-0.926514][-0.19687,0.448078,0.872048][0.755161,0.776877,0][-0.30851,0.447597,-0.941977][-0.268545,0.339264,0.901545][0.739337,0.807423,0][-0.438045,0.49754,-0.999601][-0.268545,0.339264,0.901545][0.802664,0.824257,0][-0.287645,0.519405,-0.957071][-0.310739,0.214866,0.925891][0.735271,0.841094,0][-0.428365,0.533753,-1.00713][-0.311434,0.211193,0.926502][0.801012,0.841168,0][-0.438045,0.49754,-0.999601][-0.268545,0.339264,0.901545][0.802664,0.824257,0][-0.438045,0.49754,-0.999601][-0.268545,0.339264,0.901545][0.802664,0.824257,0][-0.30851,0.447597,-0.941977][-0.268545,0.339264,0.901545][0.739337,0.807423,0][-0.287645,0.519405,-0.957071][-0.310739,0.214866,0.925891][0.735271,0.841094,0][-0.292125,0.594612,-0.970123][-0.323583,0.0929871,0.94162][0.743488,0.874189,0][-0.42843,0.58118,-1.01565][-0.323788,0.0807881,0.942674][0.804886,0.862265,0][-0.428365,0.533753,-1.00713][-0.311434,0.211193,0.926502][0.801012,0.841168,0][-0.428365,0.533753,-1.00713][-0.311434,0.211193,0.926502][0.801012,0.841168,0][-0.287645,0.519405,-0.957071][-0.310739,0.214866,0.925891][0.735271,0.841094,0][-0.292125,0.594612,-0.970123][-0.323583,0.0929871,0.94162][0.743488,0.874189,0][-0.321059,0.666783,-0.980072][-0.311074,-0.045729,0.949285][0.763043,0.903919,0][-0.442786,0.625854,-1.02217][-0.306645,-0.064758,0.949619][0.815308,0.880961,0][-0.42843,0.58118,-1.01565][-0.323788,0.0807881,0.942674][0.804886,0.862265,0][-0.42843,0.58118,-1.01565][-0.323788,0.0807881,0.942674][0.804886,0.862265,0][-0.292125,0.594612,-0.970123][-0.323583,0.0929871,0.94162][0.743488,0.874189,0][-0.321059,0.666783,-0.980072][-0.311074,-0.045729,0.949285][0.763043,0.903919,0][-0.371614,0.728852,-0.985942][-0.249657,-0.215888,0.943962][0.792023,0.927372,0][-0.470027,0.663405,-1.02608][-0.230037,-0.254256,0.939381][0.831256,0.895426,0][-0.442786,0.625854,-1.02217][-0.306645,-0.064758,0.949619][0.815308,0.880961,0][-0.442786,0.625854,-1.02217][-0.306645,-0.064758,0.949619][0.815308,0.880961,0][-0.321059,0.666783,-0.980072][-0.311074,-0.045729,0.949285][0.763043,0.903919,0][-0.371614,0.728852,-0.985942][-0.249657,-0.215888,0.943962][0.792023,0.927372,0][-0.460354,0.769252,-0.983922][-0.116353,-0.416082,0.901852][0.837337,0.938037,0][-0.507486,0.690156,-1.02697][-0.0959921,-0.43691,0.894368][0.851169,0.904243,0][-0.470027,0.663405,-1.02608][-0.230037,-0.254256,0.939381][0.831256,0.895426,0][-0.470027,0.663405,-1.02608][-0.230037,-0.254256,0.939381][0.831256,0.895426,0][-0.371614,0.728852,-0.985942][-0.249657,-0.215888,0.943962][0.792023,0.927372,0][-0.460354,0.769252,-0.983922][-0.116353,-0.416082,0.901852][0.837337,0.938037,0][-0.53759,0.769273,-0.975845][0.0642769,-0.602979,0.795164][0.873928,0.931683,0][-0.551497,0.703488,-1.02476][0.0708209,-0.610599,0.788767][0.873099,0.906549,0][-0.507486,0.690156,-1.02697][-0.0959921,-0.43691,0.894368][0.851169,0.904243,0][-0.507486,0.690156,-1.02697][-0.0959921,-0.43691,0.894368][0.851169,0.904243,0][-0.460354,0.769252,-0.983922][-0.116353,-0.416082,0.901852][0.837337,0.938037,0][-0.53759,0.769273,-0.975845][0.0642769,-0.602979,0.795164][0.873928,0.931683,0][-0.604898,0.753911,-0.966041][0.110712,-0.701264,0.704252][0.90457,0.919302,0][-0.60998,0.70894,-1.01962][0.0903129,-0.712233,0.696109][0.901247,0.904157,0][-0.551497,0.703488,-1.02476][0.0708209,-0.610599,0.788767][0.873099,0.906549,0][-0.551497,0.703488,-1.02476][0.0708209,-0.610599,0.788767][0.873099,0.906549,0][-0.53759,0.769273,-0.975845][0.0642769,-0.602979,0.795164][0.873928,0.931683,0][-0.604898,0.753911,-0.966041][0.110712,-0.701264,0.704252][0.90457,0.919302,0][-0.60998,0.70894,-1.01962][0.0903129,-0.712233,0.696109][0.901247,0.904157,0][-0.604898,0.753911,-0.966041][0.110712,-0.701264,0.704252][0.90457,0.919302,0][-0.673621,0.715436,-1.01413][-0.0225051,-0.764715,0.643976][0.931923,0.901804,0][-0.753928,0.550959,-0.976158][-0.868727,0.209127,0.448975][0.956639,0.822001,0][-0.76618,0.463586,-0.959167][-0.770502,-0.0435099,0.635951][0.955363,0.782114,0][-0.731266,0.495098,-0.906288][-0.775979,-0.0336009,0.629864][0.943462,0.793729,0][-1.16531,-0.710631,-0.854468][-0.410259,-0.331991,-0.849393][0.22067,0.062274,0][-1.35913,-0.541928,-0.826207][-0.413009,-0.335757,-0.846576][0.234665,0.147064,0][-1.29985,-0.444494,-0.883348][-0.353573,-0.230595,-0.906538][0.191347,0.156276,0][-1.29985,-0.444494,-0.883348][-0.353573,-0.230595,-0.906538][0.191347,0.156276,0][-1.0762,-0.56192,-0.940461][-0.353573,-0.230595,-0.906539][0.155092,0.076741,0][-1.16531,-0.710631,-0.854468][-0.410259,-0.331991,-0.849393][0.22067,0.062274,0][-1.27917,-0.796283,-0.749353][-0.482086,-0.417203,-0.770412][0.282956,0.072492,0][-1.44,-0.606793,-0.751367][-0.490918,-0.425721,-0.760106][0.279734,0.153212,0][-1.35913,-0.541928,-0.826207][-0.413009,-0.335757,-0.846576][0.234665,0.147064,0][-1.35913,-0.541928,-0.826207][-0.413009,-0.335757,-0.846576][0.234665,0.147064,0][-1.16531,-0.710631,-0.854468][-0.410259,-0.331991,-0.849393][0.22067,0.062274,0][-1.27917,-0.796283,-0.749353][-0.482086,-0.417203,-0.770412][0.282956,0.072492,0][-1.41454,-0.829384,-0.627518][-0.561183,-0.477211,-0.676272][0.342844,0.103543,0][-1.53517,-0.634253,-0.665518][-0.574783,-0.483972,-0.659846][0.322702,0.173891,0][-1.44,-0.606793,-0.751367][-0.490918,-0.425721,-0.760106][0.279734,0.153212,0][-1.44,-0.606793,-0.751367][-0.490918,-0.425721,-0.760106][0.279734,0.153212,0][-1.27917,-0.796283,-0.749353][-0.482086,-0.417203,-0.770412][0.282956,0.072492,0][-1.41454,-0.829384,-0.627518][-0.561183,-0.477211,-0.676272][0.342844,0.103543,0][-1.55817,-0.806691,-0.500888][-0.680786,-0.506089,-0.529532][0.394473,0.152388,0][-1.63533,-0.621622,-0.577065][-0.717384,-0.505856,-0.479029][0.359364,0.207075,0][-1.53517,-0.634253,-0.665518][-0.574783,-0.483972,-0.659846][0.322702,0.173891,0][-1.53517,-0.634253,-0.665518][-0.574783,-0.483972,-0.659846][0.322702,0.173891,0][-1.41454,-0.829384,-0.627518][-0.561183,-0.477211,-0.676272][0.342844,0.103543,0][-1.55817,-0.806691,-0.500888][-0.680786,-0.506089,-0.529532][0.394473,0.152388,0][-1.72378,-0.281675,-0.377643][0.139778,0.41288,-0.899996][0.351205,0.345907,0][-1.82759,-0.315938,-0.420124][0.134521,0.391269,-0.910392][0.371741,0.348176,0][-1.77588,-0.197961,-0.335155][0.167096,0.526933,-0.833319][0.354378,0.384385,0][-1.78111,-0.487279,-0.317308][-0.949014,-0.311068,-0.051089][0.416046,0.306364,0][-1.79545,-0.42552,-0.443689][-0.957596,-0.287643,-0.016491][0.381724,0.308505,0][-1.74035,-0.53456,-0.487695][-0.856809,-0.440873,-0.267414][0.382591,0.26217,0][-1.74035,-0.53456,-0.487695][-0.856809,-0.440873,-0.267414][0.382591,0.26217,0][-1.71569,-0.657986,-0.367662][-0.826522,-0.466222,-0.315435][0.42558,0.240011,0][-1.78111,-0.487279,-0.317308][-0.949014,-0.311068,-0.051089][0.416046,0.306364,0][-1.71569,-0.657986,-0.367662][-0.826522,-0.466222,-0.315435][0.42558,0.240011,0][-1.74035,-0.53456,-0.487695][-0.856809,-0.440873,-0.267414][0.382591,0.26217,0][-1.63533,-0.621622,-0.577065][-0.717384,-0.505856,-0.479029][0.359364,0.207075,0][-1.63533,-0.621622,-0.577065][-0.717384,-0.505856,-0.479029][0.359364,0.207075,0][-1.55817,-0.806691,-0.500888][-0.680786,-0.506089,-0.529532][0.394473,0.152388,0][-1.71569,-0.657986,-0.367662][-0.826522,-0.466222,-0.315435][0.42558,0.240011,0][-1.79749,-0.344372,-0.309266][-0.981918,-0.101473,0.159811][0.39302,0.350527,0][-1.82759,-0.315938,-0.420124][-0.982037,-0.0900958,0.165791][0.371741,0.348176,0][-1.79545,-0.42552,-0.443689][-0.957596,-0.287643,-0.016491][0.381724,0.308505,0][-1.79545,-0.42552,-0.443689][-0.957596,-0.287643,-0.016491][0.381724,0.308505,0][-1.78111,-0.487279,-0.317308][-0.949014,-0.311068,-0.051089][0.416046,0.306364,0][-1.79749,-0.344372,-0.309266][-0.981918,-0.101473,0.159811][0.39302,0.350527,0][-1.29985,-0.444494,-0.883348][-0.353573,-0.230595,-0.906538][0.191347,0.156276,0][-1.26853,-0.325395,-0.916625][-0.316842,-0.105928,-0.942545][0.154525,0.17974,0][-1.0277,-0.381748,-0.991798][-0.317871,-0.111192,-0.941591][0.098949,0.111905,0][-1.0277,-0.381748,-0.991798][-0.317871,-0.111192,-0.941591][0.098949,0.111905,0][-1.0762,-0.56192,-0.940461][-0.353573,-0.230595,-0.906539][0.155092,0.076741,0][-1.29985,-0.444494,-0.883348][-0.353573,-0.230595,-0.906538][0.191347,0.156276,0][-1.26853,-0.325395,-0.916625][-0.316842,-0.105928,-0.942545][0.154525,0.17974,0][-1.2688,-0.197657,-0.922208][-0.296352,0.039273,-0.954271][0.128311,0.214954,0][-1.03168,-0.204793,-0.996338][-0.297763,0.023311,-0.954355][0.064043,0.161753,0][-1.03168,-0.204793,-0.996338][-0.297763,0.023311,-0.954355][0.064043,0.161753,0][-1.0277,-0.381748,-0.991798][-0.317871,-0.111192,-0.941591][0.098949,0.111905,0][-1.26853,-0.325395,-0.916625][-0.316842,-0.105928,-0.942545][0.154525,0.17974,0][-1.2688,-0.197657,-0.922208][-0.296352,0.039273,-0.954271][0.128311,0.214954,0][-1.30002,-0.0722678,-0.900183][-0.296368,0.181412,-0.937686][0.114709,0.258699,0][-1.07984,-0.0294859,-0.961527][-0.294743,0.159553,-0.942162][0.046799,0.224254,0][-1.07984,-0.0294859,-0.961527][-0.294743,0.159553,-0.942162][0.046799,0.224254,0][-1.03168,-0.204793,-0.996338][-0.297763,0.023311,-0.954355][0.064043,0.161753,0][-1.2688,-0.197657,-0.922208][-0.296352,0.039273,-0.954271][0.128311,0.214954,0][-1.30002,-0.0722678,-0.900183][-0.296368,0.181412,-0.937686][0.114709,0.258699,0][-1.35912,0.0384992,-0.852708][-0.341573,0.392299,-0.854067][0.115051,0.306693,0][-1.16748,0.127012,-0.890769][-0.327404,0.338459,-0.882186][0.048906,0.293292,0][-1.16748,0.127012,-0.890769][-0.327404,0.338459,-0.882186][0.048906,0.293292,0][-1.07984,-0.0294859,-0.961527][-0.294743,0.159553,-0.942162][0.046799,0.224254,0][-1.30002,-0.0722678,-0.900183][-0.296368,0.181412,-0.937686][0.114709,0.258699,0][-1.65042,0.107487,-0.596931][-0.628405,0.755049,-0.187103][0.21503,0.412075,0][-1.66329,0.0711282,-0.447517][-0.731704,0.674096,0.101015][0.254787,0.424993,0][-1.58179,0.171133,-0.524524][-0.62281,0.75676,-0.198551][0.202229,0.428321,0][-1.46773,0.11696,-0.759746][-0.430319,0.578396,-0.693025][0.141461,0.36049,0][-1.56477,0.125801,-0.673901][-0.535002,0.722318,-0.438213][0.177678,0.391704,0][-1.48311,0.22489,-0.614685][-0.523078,0.706877,-0.476146][0.152469,0.413836,0][-1.48311,0.22489,-0.614685][-0.523078,0.706877,-0.476146][0.152469,0.413836,0][-1.34185,0.235458,-0.740732][-0.404606,0.542116,-0.736481][0.094913,0.374839,0][-1.46773,0.11696,-0.759746][-0.430319,0.578396,-0.693025][0.141461,0.36049,0][-1.35912,0.0384992,-0.852708][-0.341573,0.392299,-0.854067][0.115051,0.306693,0][-1.46773,0.11696,-0.759746][-0.430319,0.578396,-0.693025][0.141461,0.36049,0][-1.34185,0.235458,-0.740732][-0.404606,0.542116,-0.736481][0.094913,0.374839,0][-1.34185,0.235458,-0.740732][-0.404606,0.542116,-0.736481][0.094913,0.374839,0][-1.16748,0.127012,-0.890769][-0.327404,0.338459,-0.882186][0.048906,0.293292,0][-1.35912,0.0384992,-0.852708][-0.341573,0.392299,-0.854067][0.115051,0.306693,0][-1.56477,0.125801,-0.673901][-0.535002,0.722318,-0.438213][0.177678,0.391704,0][-1.65042,0.107487,-0.596931][-0.628405,0.755049,-0.187103][0.21503,0.412075,0][-1.58179,0.171133,-0.524524][-0.62281,0.75676,-0.198551][0.202229,0.428321,0][-1.58179,0.171133,-0.524524][-0.62281,0.75676,-0.198551][0.202229,0.428321,0][-1.48311,0.22489,-0.614685][-0.523078,0.706877,-0.476146][0.152469,0.413836,0][-1.56477,0.125801,-0.673901][-0.535002,0.722318,-0.438213][0.177678,0.391704,0][-1.82759,-0.315938,-0.420124][0.134521,0.391269,-0.910392][0.371741,0.348176,0][-1.72378,-0.281675,-0.377643][0.139778,0.41288,-0.899996][0.351205,0.345907,0][-1.67644,-0.359094,-0.416189][0.00484006,0.388016,-0.92164][0.348601,0.310572,0][-1.67644,-0.359094,-0.416189][0.00484006,0.388016,-0.92164][0.348601,0.310572,0][-1.79545,-0.42552,-0.443689][-0.00680994,0.390283,-0.92067][0.381724,0.308505,0][-1.82759,-0.315938,-0.420124][0.134521,0.391269,-0.910392][0.371741,0.348176,0][-1.79545,-0.42552,-0.443689][-0.00680994,0.390283,-0.92067][0.381724,0.308505,0][-1.67644,-0.359094,-0.416189][0.00484006,0.388016,-0.92164][0.348601,0.310572,0][-1.63128,-0.408619,-0.454069][-0.243586,0.448326,-0.860041][0.341103,0.283556,0][-1.63128,-0.408619,-0.454069][-0.243586,0.448326,-0.860041][0.341103,0.283556,0][-1.74035,-0.53456,-0.487695][-0.270469,0.455082,-0.848379][0.382591,0.26217,0][-1.79545,-0.42552,-0.443689][-0.00680994,0.390283,-0.92067][0.381724,0.308505,0][-1.74035,-0.53456,-0.487695][-0.270469,0.455082,-0.848379][0.382591,0.26217,0][-1.63128,-0.408619,-0.454069][-0.243586,0.448326,-0.860041][0.341103,0.283556,0][-1.57694,-0.436191,-0.501114][-0.450997,0.467622,-0.760219][0.325481,0.259853,0][-1.57694,-0.436191,-0.501114][-0.450997,0.467622,-0.760219][0.325481,0.259853,0][-1.63533,-0.621622,-0.577065][-0.48859,0.463874,-0.738987][0.359364,0.207075,0][-1.74035,-0.53456,-0.487695][-0.270469,0.455082,-0.848379][0.382591,0.26217,0][-1.63533,-0.621622,-0.577065][-0.48859,0.463874,-0.738987][0.359364,0.207075,0][-1.57694,-0.436191,-0.501114][-0.450997,0.467622,-0.760219][0.325481,0.259853,0][-1.51873,-0.43911,-0.552722][-0.621994,0.430443,-0.654096][0.303263,0.241783,0][-1.51873,-0.43911,-0.552722][-0.621994,0.430443,-0.654096][0.303263,0.241783,0][-1.53517,-0.634253,-0.665518][-0.637175,0.423801,-0.643739][0.322702,0.173891,0][-1.63533,-0.621622,-0.577065][-0.48859,0.463874,-0.738987][0.359364,0.207075,0][-1.53517,-0.634253,-0.665518][-0.637175,0.423801,-0.643739][0.322702,0.173891,0][-1.51873,-0.43911,-0.552722][-0.621994,0.430443,-0.654096][0.303263,0.241783,0][-1.46235,-0.417092,-0.60384][-0.72942,0.365122,-0.578474][0.276624,0.231115,0][-1.46235,-0.417092,-0.60384][-0.72942,0.365122,-0.578474][0.276624,0.231115,0][-1.44,-0.606793,-0.751367][-0.737547,0.358217,-0.572456][0.279734,0.153212,0][-1.53517,-0.634253,-0.665518][-0.637175,0.423801,-0.643739][0.322702,0.173891,0][-1.44,-0.606793,-0.751367][-0.737547,0.358217,-0.572456][0.279734,0.153212,0][-1.46235,-0.417092,-0.60384][-0.72942,0.365122,-0.578474][0.276624,0.231115,0][-1.41332,-0.372292,-0.649464][-0.809715,0.282146,-0.514543][0.248172,0.228893,0][-1.41332,-0.372292,-0.649464][-0.809715,0.282146,-0.514543][0.248172,0.228893,0][-1.35913,-0.541928,-0.826207][-0.811759,0.279498,-0.512766][0.234665,0.147064,0][-1.44,-0.606793,-0.751367][-0.737547,0.358217,-0.572456][0.279734,0.153212,0][-1.35913,-0.541928,-0.826207][-0.811759,0.279498,-0.512766][0.234665,0.147064,0][-1.41332,-0.372292,-0.649464][-0.809715,0.282146,-0.514543][0.248172,0.228893,0][-1.38283,-0.324344,-0.678759][-0.872021,0.173813,-0.457568][0.226336,0.233034,0][-1.38283,-0.324344,-0.678759][-0.872021,0.173813,-0.457568][0.226336,0.233034,0][-1.29985,-0.444494,-0.883348][-0.872021,0.173813,-0.457568][0.191347,0.156276,0][-1.35913,-0.541928,-0.826207][-0.811759,0.279498,-0.512766][0.234665,0.147064,0][-1.26853,-0.325395,-0.916625][-0.90723,0.0513301,-0.417491][0.154525,0.17974,0][-1.29985,-0.444494,-0.883348][-0.872021,0.173813,-0.457568][0.191347,0.156276,0][-1.38283,-0.324344,-0.678759][-0.872021,0.173813,-0.457568][0.226336,0.233034,0][-1.38283,-0.324344,-0.678759][-0.872021,0.173813,-0.457568][0.226336,0.233034,0][-1.36809,-0.264186,-0.694605][-0.90782,0.0476861,-0.416641][0.208162,0.245207,0][-1.26853,-0.325395,-0.916625][-0.90723,0.0513301,-0.417491][0.154525,0.17974,0][-1.2688,-0.197657,-0.922208][-0.916549,-0.0695829,-0.393822][0.128311,0.214954,0][-1.26853,-0.325395,-0.916625][-0.90723,0.0513301,-0.417491][0.154525,0.17974,0][-1.36809,-0.264186,-0.694605][-0.90782,0.0476861,-0.416641][0.208162,0.245207,0][-1.36809,-0.264186,-0.694605][-0.90782,0.0476861,-0.416641][0.208162,0.245207,0][-1.3648,-0.183948,-0.701193][-0.916372,-0.0816769,-0.391907][0.190337,0.266299,0][-1.2688,-0.197657,-0.922208][-0.916549,-0.0695829,-0.393822][0.128311,0.214954,0][-1.30002,-0.0722678,-0.900183][-0.901354,-0.207561,-0.380105][0.114709,0.258699,0][-1.2688,-0.197657,-0.922208][-0.916549,-0.0695829,-0.393822][0.128311,0.214954,0][-1.3648,-0.183948,-0.701193][-0.916372,-0.0816769,-0.391907][0.190337,0.266299,0][-1.3648,-0.183948,-0.701193][-0.916372,-0.0816769,-0.391907][0.190337,0.266299,0][-1.37965,-0.106735,-0.691511][-0.896913,-0.226587,-0.379745][0.18025,0.291941,0][-1.30002,-0.0722678,-0.900183][-0.901354,-0.207561,-0.380105][0.114709,0.258699,0][-1.35912,0.0384992,-0.852708][-0.84084,-0.377969,-0.387464][0.115051,0.306693,0][-1.30002,-0.0722678,-0.900183][-0.901354,-0.207561,-0.380105][0.114709,0.258699,0][-1.37965,-0.106735,-0.691511][-0.896913,-0.226587,-0.379745][0.18025,0.291941,0][-1.37965,-0.106735,-0.691511][-0.896913,-0.226587,-0.379745][0.18025,0.291941,0][-1.41121,-0.0401038,-0.666506][-0.820824,-0.416229,-0.391155][0.178888,0.319626,0][-1.35912,0.0384992,-0.852708][-0.84084,-0.377969,-0.387464][0.115051,0.306693,0][-1.46773,0.11696,-0.759746][-0.702195,-0.576698,-0.417544][0.141461,0.36049,0][-1.35912,0.0384992,-0.852708][-0.84084,-0.377969,-0.387464][0.115051,0.306693,0][-1.41121,-0.0401038,-0.666506][-0.820824,-0.416229,-0.391155][0.178888,0.319626,0][-1.41121,-0.0401038,-0.666506][-0.820824,-0.416229,-0.391155][0.178888,0.319626,0][-1.45636,0.00942019,-0.628627][-0.681117,-0.597329,-0.423412][0.186386,0.346642,0][-1.46773,0.11696,-0.759746][-0.702195,-0.576698,-0.417544][0.141461,0.36049,0][-1.56477,0.125801,-0.673901][-0.485488,-0.753704,-0.442981][0.177678,0.391704,0][-1.46773,0.11696,-0.759746][-0.702195,-0.576698,-0.417544][0.141461,0.36049,0][-1.45636,0.00942019,-0.628627][-0.681117,-0.597329,-0.423412][0.186386,0.346642,0][-1.45636,0.00942019,-0.628627][-0.681117,-0.597329,-0.423412][0.186386,0.346642,0][-1.51071,0.0369922,-0.581581][-0.475706,-0.760436,-0.442087][0.202008,0.370345,0][-1.56477,0.125801,-0.673901][-0.485488,-0.753704,-0.442981][0.177678,0.391704,0][-1.65042,0.107487,-0.596931][-0.378779,-0.835465,-0.398151][0.21503,0.412075,0][-1.56477,0.125801,-0.673901][-0.485488,-0.753704,-0.442981][0.177678,0.391704,0][-1.51071,0.0369922,-0.581581][-0.475706,-0.760436,-0.442087][0.202008,0.370345,0][-1.51071,0.0369922,-0.581581][-0.475706,-0.760436,-0.442087][0.202008,0.370345,0][-1.5838,0.0528832,-0.517342][-0.385596,-0.84271,-0.375707][0.227385,0.396395,0][-1.65042,0.107487,-0.596931][-0.378779,-0.835465,-0.398151][0.21503,0.412075,0][-1.5838,0.0528832,-0.517342][-0.385596,-0.84271,-0.375707][0.227385,0.396395,0][-1.66329,0.0711282,-0.447517][-0.418829,-0.873372,-0.248602][0.254787,0.424993,0][-1.65042,0.107487,-0.596931][-0.378779,-0.835465,-0.398151][0.21503,0.412075,0][-1.77588,-0.197961,-0.335155][-0.93372,0.191306,0.302603][0.354378,0.384385,0][-1.82759,-0.315938,-0.420124][-0.982037,-0.0900958,0.165791][0.371741,0.348176,0][-1.79749,-0.344372,-0.309266][-0.981918,-0.101473,0.159811][0.39302,0.350527,0][-1.16463,-0.437551,-0.731224][0.86785,-0.167877,0.467605][0.191347,0.156276,0][-1.22391,-0.534985,-0.674083][0.8061,-0.273157,0.524965][0.234665,0.147064,0][-1.16531,-0.710631,-0.854468][0.809049,-0.269381,0.522372][0.22067,0.062274,0][-1.16531,-0.710631,-0.854468][0.809049,-0.269381,0.522372][0.22067,0.062274,0][-1.0762,-0.56192,-0.940461][0.86785,-0.167877,0.467605][0.155092,0.076741,0][-1.16463,-0.437551,-0.731224][0.86785,-0.167877,0.467605][0.191347,0.156276,0][-1.22391,-0.534985,-0.674083][0.8061,-0.273157,0.524965][0.234665,0.147064,0][-1.30478,-0.599849,-0.599243][0.715183,-0.363789,0.596801][0.279734,0.153212,0][-1.27917,-0.796283,-0.749353][0.726065,-0.355166,0.5888][0.282956,0.072492,0][-1.27917,-0.796283,-0.749353][0.726065,-0.355166,0.5888][0.282956,0.072492,0][-1.16531,-0.710631,-0.854468][0.809049,-0.269381,0.522372][0.22067,0.062274,0][-1.22391,-0.534985,-0.674083][0.8061,-0.273157,0.524965][0.234665,0.147064,0][-1.30478,-0.599849,-0.599243][0.715183,-0.363789,0.596801][0.279734,0.153212,0][-1.39995,-0.627309,-0.513393][0.608446,-0.423215,0.671329][0.322702,0.173891,0][-1.41454,-0.829384,-0.627518][0.626043,-0.416249,0.659399][0.342844,0.103543,0][-1.41454,-0.829384,-0.627518][0.626043,-0.416249,0.659399][0.342844,0.103543,0][-1.27917,-0.796283,-0.749353][0.726065,-0.355166,0.5888][0.282956,0.072492,0][-1.30478,-0.599849,-0.599243][0.715183,-0.363789,0.596801][0.279734,0.153212,0][-1.39995,-0.627309,-0.513393][0.608446,-0.423215,0.671329][0.322702,0.173891,0][-1.50011,-0.614679,-0.424941][0.413208,-0.447802,0.792927][0.359364,0.207075,0][-1.55817,-0.806691,-0.500888][0.467644,-0.447119,0.762491][0.394473,0.152388,0][-1.55817,-0.806691,-0.500888][0.467644,-0.447119,0.762491][0.394473,0.152388,0][-1.41454,-0.829384,-0.627518][0.626043,-0.416249,0.659399][0.342844,0.103543,0][-1.39995,-0.627309,-0.513393][0.608446,-0.423215,0.671329][0.322702,0.173891,0][-1.72378,-0.281675,-0.377643][0.89059,0.451432,-0.055306][0.351205,0.345907,0][-1.77588,-0.197961,-0.335155][0.822518,0.560587,-0.095946][0.354378,0.384385,0][-1.69237,-0.308995,-0.267999][0.901259,0.430638,-0.047785][0.371741,0.348176,0][-1.60513,-0.527617,-0.33557][0.183861,-0.387435,0.903376][0.382591,0.26217,0][-1.66024,-0.418577,-0.291565][-0.0839,-0.24278,0.966446][0.381724,0.308505,0][-1.78111,-0.487279,-0.317308][-0.047506,-0.264777,0.963139][0.416046,0.306364,0][-1.78111,-0.487279,-0.317308][-0.047506,-0.264777,0.963139][0.416046,0.306364,0][-1.71569,-0.657986,-0.367662][0.236227,-0.411651,0.880193][0.42558,0.240011,0][-1.60513,-0.527617,-0.33557][0.183861,-0.387435,0.903376][0.382591,0.26217,0][-1.50011,-0.614679,-0.424941][0.413208,-0.447802,0.792927][0.359364,0.207075,0][-1.60513,-0.527617,-0.33557][0.183861,-0.387435,0.903376][0.382591,0.26217,0][-1.71569,-0.657986,-0.367662][0.236227,-0.411651,0.880193][0.42558,0.240011,0][-1.71569,-0.657986,-0.367662][0.236227,-0.411651,0.880193][0.42558,0.240011,0][-1.55817,-0.806691,-0.500888][0.467644,-0.447119,0.762491][0.394473,0.152388,0][-1.50011,-0.614679,-0.424941][0.413208,-0.447802,0.792927][0.359364,0.207075,0][-1.66024,-0.418577,-0.291565][-0.0839,-0.24278,0.966446][0.381724,0.308505,0][-1.69237,-0.308995,-0.267999][-0.27655,-0.05387,0.959489][0.371741,0.348176,0][-1.79749,-0.344372,-0.309266][-0.270088,-0.064921,0.960644][0.39302,0.350527,0][-1.79749,-0.344372,-0.309266][-0.270088,-0.064921,0.960644][0.39302,0.350527,0][-1.78111,-0.487279,-0.317308][-0.047506,-0.264777,0.963139][0.416046,0.306364,0][-1.66024,-0.418577,-0.291565][-0.0839,-0.24278,0.966446][0.381724,0.308505,0][-1.0277,-0.381748,-0.991798][0.901438,-0.0485821,0.430174][0.098949,0.111905,0][-1.13331,-0.318452,-0.7645][0.902267,-0.0433291,0.428996][0.154525,0.17974,0][-1.16463,-0.437551,-0.731224][0.86785,-0.167877,0.467605][0.191347,0.156276,0][-1.16463,-0.437551,-0.731224][0.86785,-0.167877,0.467605][0.191347,0.156276,0][-1.0762,-0.56192,-0.940461][0.86785,-0.167877,0.467605][0.155092,0.076741,0][-1.0277,-0.381748,-0.991798][0.901438,-0.0485821,0.430174][0.098949,0.111905,0][-1.03168,-0.204793,-0.996338][0.910388,0.0853469,0.404857][0.064043,0.161753,0][-1.13359,-0.190714,-0.770083][0.909749,0.101204,0.402635][0.128311,0.214954,0][-1.13331,-0.318452,-0.7645][0.902267,-0.0433291,0.428996][0.154525,0.17974,0][-1.13331,-0.318452,-0.7645][0.902267,-0.0433291,0.428996][0.154525,0.17974,0][-1.0277,-0.381748,-0.991798][0.901438,-0.0485821,0.430174][0.098949,0.111905,0][-1.03168,-0.204793,-0.996338][0.910388,0.0853469,0.404857][0.064043,0.161753,0][-1.07984,-0.0294859,-0.961527][0.892482,0.220515,0.393509][0.046799,0.224254,0][-1.1648,-0.0653249,-0.748059][0.886861,0.242169,0.393488][0.114709,0.258699,0][-1.13359,-0.190714,-0.770083][0.909749,0.101204,0.402635][0.128311,0.214954,0][-1.13359,-0.190714,-0.770083][0.909749,0.101204,0.402635][0.128311,0.214954,0][-1.03168,-0.204793,-0.996338][0.910388,0.0853469,0.404857][0.064043,0.161753,0][-1.07984,-0.0294859,-0.961527][0.892482,0.220515,0.393509][0.046799,0.224254,0][-1.16748,0.127012,-0.890769][0.821026,0.397429,0.409838][0.048906,0.293292,0][-1.2239,0.0454422,-0.700584][0.789019,0.450353,0.417889][0.115051,0.306693,0][-1.1648,-0.0653249,-0.748059][0.886861,0.242169,0.393488][0.114709,0.258699,0][-1.1648,-0.0653249,-0.748059][0.886861,0.242169,0.393488][0.114709,0.258699,0][-1.07984,-0.0294859,-0.961527][0.892482,0.220515,0.393509][0.046799,0.224254,0][-1.16748,0.127012,-0.890769][0.821026,0.397429,0.409838][0.048906,0.293292,0][-1.5152,0.11443,-0.444806][0.0770731,0.791275,0.606584][0.21503,0.412075,0][-1.58179,0.171133,-0.524524][0.0890131,0.793311,0.602274][0.202229,0.428321,0][-1.66329,0.0711282,-0.447517][-0.21728,0.700512,0.679759][0.254787,0.424993,0][-1.48311,0.22489,-0.614685][0.378429,0.753167,0.538081][0.152469,0.413836,0][-1.42955,0.132745,-0.521777][0.338691,0.76718,0.544723][0.177678,0.391704,0][-1.33252,0.123904,-0.607622][0.610351,0.631832,0.477765][0.141461,0.36049,0][-1.33252,0.123904,-0.607622][0.610351,0.631832,0.477765][0.141461,0.36049,0][-1.34185,0.235458,-0.740732][0.658141,0.596686,0.459147][0.094913,0.374839,0][-1.48311,0.22489,-0.614685][0.378429,0.753167,0.538081][0.152469,0.413836,0][-1.34185,0.235458,-0.740732][0.658141,0.596686,0.459147][0.094913,0.374839,0][-1.33252,0.123904,-0.607622][0.610351,0.631832,0.477765][0.141461,0.36049,0][-1.2239,0.0454422,-0.700584][0.789019,0.450353,0.417889][0.115051,0.306693,0][-1.2239,0.0454422,-0.700584][0.789019,0.450353,0.417889][0.115051,0.306693,0][-1.16748,0.127012,-0.890769][0.821026,0.397429,0.409838][0.048906,0.293292,0][-1.34185,0.235458,-0.740732][0.658141,0.596686,0.459147][0.094913,0.374839,0][-1.58179,0.171133,-0.524524][0.0890131,0.793311,0.602274][0.202229,0.428321,0][-1.5152,0.11443,-0.444806][0.0770731,0.791275,0.606584][0.21503,0.412075,0][-1.42955,0.132745,-0.521777][0.338691,0.76718,0.544723][0.177678,0.391704,0][-1.42955,0.132745,-0.521777][0.338691,0.76718,0.544723][0.177678,0.391704,0][-1.48311,0.22489,-0.614685][0.378429,0.753167,0.538081][0.152469,0.413836,0][-1.58179,0.171133,-0.524524][0.0890131,0.793311,0.602274][0.202229,0.428321,0][-1.67644,-0.359094,-0.416189][0.897222,0.433839,0.082321][0.348601,0.310572,0][-1.72378,-0.281675,-0.377643][0.89059,0.451432,-0.055306][0.351205,0.345907,0][-1.69237,-0.308995,-0.267999][0.901259,0.430638,-0.047785][0.371741,0.348176,0][-1.69237,-0.308995,-0.267999][0.901259,0.430638,-0.047785][0.371741,0.348176,0][-1.66024,-0.418577,-0.291565][0.894779,0.436579,0.09365][0.381724,0.308505,0][-1.67644,-0.359094,-0.416189][0.897222,0.433839,0.082321][0.348601,0.310572,0][-1.63128,-0.408619,-0.454069][0.804,0.502118,0.318531][0.341103,0.283556,0][-1.67644,-0.359094,-0.416189][0.897222,0.433839,0.082321][0.348601,0.310572,0][-1.66024,-0.418577,-0.291565][0.894779,0.436579,0.09365][0.381724,0.308505,0][-1.66024,-0.418577,-0.291565][0.894779,0.436579,0.09365][0.381724,0.308505,0][-1.60513,-0.527617,-0.33557][0.788946,0.509482,0.343501][0.382591,0.26217,0][-1.63128,-0.408619,-0.454069][0.804,0.502118,0.318531][0.341103,0.283556,0][-1.57694,-0.436191,-0.501114][0.679572,0.525674,0.511712][0.325481,0.259853,0][-1.63128,-0.408619,-0.454069][0.804,0.502118,0.318531][0.341103,0.283556,0][-1.60513,-0.527617,-0.33557][0.788946,0.509482,0.343501][0.382591,0.26217,0][-1.60513,-0.527617,-0.33557][0.788946,0.509482,0.343501][0.382591,0.26217,0][-1.50011,-0.614679,-0.424941][0.654234,0.522555,0.54673][0.359364,0.207075,0][-1.57694,-0.436191,-0.501114][0.679572,0.525674,0.511712][0.325481,0.259853,0][-1.51873,-0.43911,-0.552722][0.55576,0.490918,0.670918][0.303263,0.241783,0][-1.57694,-0.436191,-0.501114][0.679572,0.525674,0.511712][0.325481,0.259853,0][-1.50011,-0.614679,-0.424941][0.654234,0.522555,0.54673][0.359364,0.207075,0][-1.50011,-0.614679,-0.424941][0.654234,0.522555,0.54673][0.359364,0.207075,0][-1.39995,-0.627309,-0.513393][0.543991,0.484452,0.685114][0.322702,0.173891,0][-1.51873,-0.43911,-0.552722][0.55576,0.490918,0.670918][0.303263,0.241783,0][-1.46235,-0.417092,-0.60384][0.470995,0.426762,0.772035][0.276624,0.231115,0][-1.51873,-0.43911,-0.552722][0.55576,0.490918,0.670918][0.303263,0.241783,0][-1.39995,-0.627309,-0.513393][0.543991,0.484452,0.685114][0.322702,0.173891,0][-1.39995,-0.627309,-0.513393][0.543991,0.484452,0.685114][0.322702,0.173891,0][-1.30478,-0.599849,-0.599243][0.464376,0.419933,0.77975][0.279734,0.153212,0][-1.46235,-0.417092,-0.60384][0.470995,0.426762,0.772035][0.276624,0.231115,0][-1.41332,-0.372292,-0.649464][0.401837,0.344358,0.848495][0.248172,0.228893,0][-1.46235,-0.417092,-0.60384][0.470995,0.426762,0.772035][0.276624,0.231115,0][-1.30478,-0.599849,-0.599243][0.464376,0.419933,0.77975][0.279734,0.153212,0][-1.30478,-0.599849,-0.599243][0.464376,0.419933,0.77975][0.279734,0.153212,0][-1.22391,-0.534985,-0.674083][0.399952,0.341718,0.850451][0.234665,0.147064,0][-1.41332,-0.372292,-0.649464][0.401837,0.344358,0.848495][0.248172,0.228893,0][-1.38283,-0.324344,-0.678759][0.342854,0.236196,0.90921][0.226336,0.233034,0][-1.41332,-0.372292,-0.649464][0.401837,0.344358,0.848495][0.248172,0.228893,0][-1.22391,-0.534985,-0.674083][0.399952,0.341718,0.850451][0.234665,0.147064,0][-1.22391,-0.534985,-0.674083][0.399952,0.341718,0.850451][0.234665,0.147064,0][-1.16463,-0.437551,-0.731224][0.342854,0.236196,0.90921][0.191347,0.156276,0][-1.38283,-0.324344,-0.678759][0.342854,0.236196,0.90921][0.226336,0.233034,0][-1.13331,-0.318452,-0.7645][0.304481,0.11355,0.945726][0.154525,0.17974,0][-1.36809,-0.264186,-0.694605][0.303733,0.109898,0.946398][0.208162,0.245207,0][-1.38283,-0.324344,-0.678759][0.342854,0.236196,0.90921][0.226336,0.233034,0][-1.38283,-0.324344,-0.678759][0.342854,0.236196,0.90921][0.226336,0.233034,0][-1.16463,-0.437551,-0.731224][0.342854,0.236196,0.90921][0.191347,0.156276,0][-1.13331,-0.318452,-0.7645][0.304481,0.11355,0.945726][0.154525,0.17974,0][-1.13359,-0.190714,-0.770083][0.285374,-0.00786604,0.958384][0.128311,0.214954,0][-1.3648,-0.183948,-0.701193][0.284043,-0.020037,0.958602][0.190337,0.266299,0][-1.36809,-0.264186,-0.694605][0.303733,0.109898,0.946398][0.208162,0.245207,0][-1.36809,-0.264186,-0.694605][0.303733,0.109898,0.946398][0.208162,0.245207,0][-1.13331,-0.318452,-0.7645][0.304481,0.11355,0.945726][0.154525,0.17974,0][-1.13359,-0.190714,-0.770083][0.285374,-0.00786604,0.958384][0.128311,0.214954,0][-1.1648,-0.0653249,-0.748059][0.279813,-0.14691,0.948748][0.114709,0.258699,0][-1.37965,-0.106735,-0.691511][0.280842,-0.166112,0.94527][0.18025,0.291941,0][-1.3648,-0.183948,-0.701193][0.284043,-0.020037,0.958602][0.190337,0.266299,0][-1.3648,-0.183948,-0.701193][0.284043,-0.020037,0.958602][0.190337,0.266299,0][-1.13359,-0.190714,-0.770083][0.285374,-0.00786604,0.958384][0.128311,0.214954,0][-1.1648,-0.0653249,-0.748059][0.279813,-0.14691,0.948748][0.114709,0.258699,0][-1.2239,0.0454422,-0.700584][0.301986,-0.319287,0.898254][0.115051,0.306693,0][-1.41121,-0.0401038,-0.666506][0.309747,-0.358175,0.880777][0.178888,0.319626,0][-1.37965,-0.106735,-0.691511][0.280842,-0.166112,0.94527][0.18025,0.291941,0][-1.37965,-0.106735,-0.691511][0.280842,-0.166112,0.94527][0.18025,0.291941,0][-1.1648,-0.0653249,-0.748059][0.279813,-0.14691,0.948748][0.114709,0.258699,0][-1.2239,0.0454422,-0.700584][0.301986,-0.319287,0.898254][0.115051,0.306693,0][-1.33252,0.123904,-0.607622][0.357223,-0.522297,0.774337][0.141461,0.36049,0][-1.45636,0.00942019,-0.628627][0.366471,-0.543536,0.755161][0.186386,0.346642,0][-1.41121,-0.0401038,-0.666506][0.309747,-0.358175,0.880777][0.178888,0.319626,0][-1.41121,-0.0401038,-0.666506][0.309747,-0.358175,0.880777][0.178888,0.319626,0][-1.2239,0.0454422,-0.700584][0.301986,-0.319287,0.898254][0.115051,0.306693,0][-1.33252,0.123904,-0.607622][0.357223,-0.522297,0.774337][0.141461,0.36049,0][-1.42955,0.132745,-0.521777][0.416105,-0.707407,0.571342][0.177678,0.391704,0][-1.51071,0.0369922,-0.581581][0.416679,-0.714613,0.561878][0.202008,0.370345,0][-1.45636,0.00942019,-0.628627][0.366471,-0.543536,0.755161][0.186386,0.346642,0][-1.45636,0.00942019,-0.628627][0.366471,-0.543536,0.755161][0.186386,0.346642,0][-1.33252,0.123904,-0.607622][0.357223,-0.522297,0.774337][0.141461,0.36049,0][-1.42955,0.132745,-0.521777][0.416105,-0.707407,0.571342][0.177678,0.391704,0][-1.5152,0.11443,-0.444806][0.387961,-0.796094,0.464458][0.21503,0.412075,0][-1.5838,0.0528832,-0.517342][0.365218,-0.804156,0.468986][0.227385,0.396395,0][-1.51071,0.0369922,-0.581581][0.416679,-0.714613,0.561878][0.202008,0.370345,0][-1.51071,0.0369922,-0.581581][0.416679,-0.714613,0.561878][0.202008,0.370345,0][-1.42955,0.132745,-0.521777][0.416105,-0.707407,0.571342][0.177678,0.391704,0][-1.5152,0.11443,-0.444806][0.387961,-0.796094,0.464458][0.21503,0.412075,0][-1.5838,0.0528832,-0.517342][0.365218,-0.804156,0.468986][0.227385,0.396395,0][-1.5152,0.11443,-0.444806][0.387961,-0.796094,0.464458][0.21503,0.412075,0][-1.66329,0.0711282,-0.447517][0.236594,-0.839718,0.488772][0.254787,0.424993,0][-1.77588,-0.197961,-0.335155][-0.419284,0.217723,0.881361][0.354378,0.384385,0][-1.79749,-0.344372,-0.309266][-0.270088,-0.064921,0.960644][0.39302,0.350527,0][-1.69237,-0.308995,-0.267999][-0.27655,-0.05387,0.959489][0.371741,0.348176,0][0.320985,0.42616,-1.06121][-0.257847,-0.335117,-0.906207][0.739337,0.807423,0][0.364743,0.365615,-1.04575][-0.183549,-0.443838,-0.877108][0.755161,0.776877,0][0.252691,0.281689,-0.980185][-0.187102,-0.439897,-0.878342][0.697362,0.743482,0][0.252691,0.281689,-0.980185][-0.187102,-0.439897,-0.878342][0.697362,0.743482,0][0.186991,0.374023,-1.00366][-0.257847,-0.335117,-0.906207][0.67372,0.78998,0][0.320985,0.42616,-1.06121][-0.257847,-0.335117,-0.906207][0.739337,0.807423,0][0.364743,0.365615,-1.04575][-0.183549,-0.443838,-0.877108][0.755161,0.776877,0][0.426703,0.323096,-1.03162][-0.0776601,-0.538574,-0.838992][0.781068,0.752853,0][0.340119,0.225165,-0.960876][-0.0900951,-0.529526,-0.843496][0.7342,0.711128,0][0.340119,0.225165,-0.960876][-0.0900951,-0.529526,-0.843496][0.7342,0.711128,0][0.252691,0.281689,-0.980185][-0.187102,-0.439897,-0.878342][0.697362,0.743482,0][0.364743,0.365615,-1.04575][-0.183549,-0.443838,-0.877108][0.755161,0.776877,0][0.426703,0.323096,-1.03162][-0.0776601,-0.538574,-0.838992][0.781068,0.752853,0][0.501255,0.30184,-1.02][0.0436579,-0.601998,-0.797304][0.814663,0.737253,0][0.446354,0.198439,-0.944956][0.0236669,-0.594375,-0.80384][0.782362,0.690483,0][0.446354,0.198439,-0.944956][0.0236669,-0.594375,-0.80384][0.782362,0.690483,0][0.340119,0.225165,-0.960876][-0.0900951,-0.529526,-0.843496][0.7342,0.711128,0][0.426703,0.323096,-1.03162][-0.0776601,-0.538574,-0.838992][0.781068,0.752853,0][0.501255,0.30184,-1.02][0.0436579,-0.601998,-0.797304][0.814663,0.737253,0][0.581097,0.303925,-1.01202][0.262282,-0.632996,-0.728371][0.852657,0.731602,0][0.560999,0.204127,-0.933985][0.203316,-0.631072,-0.748606][0.837135,0.683569,0][0.560999,0.204127,-0.933985][0.203316,-0.631072,-0.748606][0.837135,0.683569,0][0.446354,0.198439,-0.944956][0.0236669,-0.594375,-0.80384][0.782362,0.690483,0][0.501255,0.30184,-1.02][0.0436579,-0.601998,-0.797304][0.814663,0.737253,0][0.709826,0.504446,-0.972409][-0.601097,0.372064,-0.707284][0.931977,0.804938,0][0.753928,0.550959,-0.976158][-0.575215,0.492785,-0.65291][0.956639,0.822001,0][0.74374,0.47366,-1.02552][-0.604638,0.349317,-0.715815][0.943462,0.793729,0][0.667271,0.349582,-1.01121][0.503326,-0.575837,-0.644263][0.897181,0.744818,0][0.714603,0.410848,-1.01728][0.743088,-0.423504,-0.518136][0.924568,0.76818,0][0.748423,0.380308,-0.946052][0.714148,-0.447545,-0.538233][0.940202,0.746521,0][0.748423,0.380308,-0.946052][0.714148,-0.447545,-0.538233][0.940202,0.746521,0][0.690861,0.283278,-0.934629][0.448851,-0.599474,-0.662695][0.905069,0.708089,0][0.667271,0.349582,-1.01121][0.503326,-0.575837,-0.644263][0.897181,0.744818,0][0.581097,0.303925,-1.01202][0.262282,-0.632996,-0.728371][0.852657,0.731602,0][0.667271,0.349582,-1.01121][0.503326,-0.575837,-0.644263][0.897181,0.744818,0][0.690861,0.283278,-0.934629][0.448851,-0.599474,-0.662695][0.905069,0.708089,0][0.690861,0.283278,-0.934629][0.448851,-0.599474,-0.662695][0.905069,0.708089,0][0.560999,0.204127,-0.933985][0.203316,-0.631072,-0.748606][0.837135,0.683569,0][0.581097,0.303925,-1.01202][0.262282,-0.632996,-0.728371][0.852657,0.731602,0][0.714603,0.410848,-1.01728][0.743088,-0.423504,-0.518136][0.924568,0.76818,0][0.74374,0.47366,-1.02552][0.884811,-0.220632,-0.410403][0.943462,0.793729,0][0.76618,0.463586,-0.959167][0.880313,-0.232222,-0.413669][0.955363,0.782114,0][0.76618,0.463586,-0.959167][0.880313,-0.232222,-0.413669][0.955363,0.782114,0][0.748423,0.380308,-0.946052][0.714148,-0.447545,-0.538233][0.940202,0.746521,0][0.714603,0.410848,-1.01728][0.743088,-0.423504,-0.518136][0.924568,0.76818,0][0.154537,0.482714,-1.0266][-0.297293,-0.214216,-0.930445][0.667153,0.841017,0][0.30012,0.497968,-1.07631][-0.298247,-0.208928,-0.931342][0.735271,0.841094,0][0.320985,0.42616,-1.06121][-0.257847,-0.335117,-0.906207][0.739337,0.807423,0][0.320985,0.42616,-1.06121][-0.257847,-0.335117,-0.906207][0.739337,0.807423,0][0.186991,0.374023,-1.00366][-0.257847,-0.335117,-0.906207][0.67372,0.78998,0][0.154537,0.482714,-1.0266][-0.297293,-0.214216,-0.930445][0.667153,0.841017,0][0.163592,0.586706,-1.04435][-0.309936,-0.079275,-0.947447][0.67987,0.886544,0][0.304599,0.573175,-1.08936][-0.309718,-0.063302,-0.948719][0.743488,0.874189,0][0.30012,0.497968,-1.07631][-0.298247,-0.208928,-0.931342][0.735271,0.841094,0][0.30012,0.497968,-1.07631][-0.298247,-0.208928,-0.931342][0.735271,0.841094,0][0.154537,0.482714,-1.0266][-0.297293,-0.214216,-0.930445][0.667153,0.841017,0][0.163592,0.586706,-1.04435][-0.309936,-0.079275,-0.947447][0.67987,0.886544,0][0.20763,0.687366,-1.05784][-0.294114,0.056464,-0.954101][0.70889,0.927706,0][0.333533,0.645345,-1.09931][-0.288405,0.078094,-0.954319][0.763043,0.903919,0][0.304599,0.573175,-1.08936][-0.309718,-0.063302,-0.948719][0.743488,0.874189,0][0.304599,0.573175,-1.08936][-0.309718,-0.063302,-0.948719][0.743488,0.874189,0][0.163592,0.586706,-1.04435][-0.309936,-0.079275,-0.947447][0.67987,0.886544,0][0.20763,0.687366,-1.05784][-0.294114,0.056464,-0.954101][0.70889,0.927706,0][0.282341,0.774841,-1.06575][-0.218159,0.232145,-0.9479][0.751372,0.960474,0][0.384088,0.707415,-1.10518][-0.185946,0.285012,-0.940315][0.792023,0.927372,0][0.333533,0.645345,-1.09931][-0.288405,0.078094,-0.954319][0.763043,0.903919,0][0.333533,0.645345,-1.09931][-0.288405,0.078094,-0.954319][0.763043,0.903919,0][0.20763,0.687366,-1.05784][-0.294114,0.056464,-0.954101][0.70889,0.927706,0][0.282341,0.774841,-1.06575][-0.218159,0.232145,-0.9479][0.751372,0.960474,0][0.617372,0.732473,-1.08528][0.463043,0.643194,-0.60983][0.90457,0.919302,0][0.61233,0.778682,-1.03191][0.452011,0.644982,-0.616186][0.908012,0.934996,0][0.673621,0.715436,-1.01413][0.707149,0.566208,-0.423496][0.931923,0.901804,0][0.535881,0.815612,-1.04655][0.206138,0.5929,-0.778445][0.874788,0.957727,0][0.550064,0.747836,-1.09508][0.239063,0.608781,-0.756462][0.873928,0.931683,0][0.472829,0.747815,-1.10316][-0.00534693,0.465962,-0.884788][0.837337,0.938037,0][0.472829,0.747815,-1.10316][-0.00534693,0.465962,-0.884788][0.837337,0.938037,0][0.424218,0.829384,-1.06071][-0.0543649,0.431153,-0.90064][0.823005,0.973054,0][0.535881,0.815612,-1.04655][0.206138,0.5929,-0.778445][0.874788,0.957727,0][0.424218,0.829384,-1.06071][-0.0543649,0.431153,-0.90064][0.823005,0.973054,0][0.472829,0.747815,-1.10316][-0.00534693,0.465962,-0.884788][0.837337,0.938037,0][0.384088,0.707415,-1.10518][-0.185946,0.285012,-0.940315][0.792023,0.927372,0][0.384088,0.707415,-1.10518][-0.185946,0.285012,-0.940315][0.792023,0.927372,0][0.282341,0.774841,-1.06575][-0.218159,0.232145,-0.9479][0.751372,0.960474,0][0.424218,0.829384,-1.06071][-0.0543649,0.431153,-0.90064][0.823005,0.973054,0][0.61233,0.778682,-1.03191][0.452011,0.644982,-0.616186][0.908012,0.934996,0][0.617372,0.732473,-1.08528][0.463043,0.643194,-0.60983][0.90457,0.919302,0][0.550064,0.747836,-1.09508][0.239063,0.608781,-0.756462][0.873928,0.931683,0][0.550064,0.747836,-1.09508][0.239063,0.608781,-0.756462][0.873928,0.931683,0][0.535881,0.815612,-1.04655][0.206138,0.5929,-0.778445][0.874788,0.957727,0][0.61233,0.778682,-1.03191][0.452011,0.644982,-0.616186][0.908012,0.934996,0][0.669706,0.461385,-0.968865][-0.506298,0.326662,-0.798094][0.909481,0.789083,0][0.709826,0.504446,-0.972409][-0.601097,0.372064,-0.707284][0.931977,0.804938,0][0.74374,0.47366,-1.02552][-0.604638,0.349317,-0.715815][0.943462,0.793729,0][0.74374,0.47366,-1.02552][-0.604638,0.349317,-0.715815][0.943462,0.793729,0][0.714603,0.410848,-1.01728][-0.496104,0.327276,-0.804221][0.924568,0.76818,0][0.669706,0.461385,-0.968865][-0.506298,0.326662,-0.798094][0.909481,0.789083,0][0.632247,0.434635,-0.967974][-0.264239,0.354135,-0.897088][0.889567,0.780266,0][0.669706,0.461385,-0.968865][-0.506298,0.326662,-0.798094][0.909481,0.789083,0][0.714603,0.410848,-1.01728][-0.496104,0.327276,-0.804221][0.924568,0.76818,0][0.714603,0.410848,-1.01728][-0.496104,0.327276,-0.804221][0.924568,0.76818,0][0.667271,0.349582,-1.01121][-0.23513,0.357646,-0.903772][0.897181,0.744818,0][0.632247,0.434635,-0.967974][-0.264239,0.354135,-0.897088][0.889567,0.780266,0][0.588236,0.421303,-0.970181][-0.0366439,0.349407,-0.936254][0.867637,0.77796,0][0.632247,0.434635,-0.967974][-0.264239,0.354135,-0.897088][0.889567,0.780266,0][0.667271,0.349582,-1.01121][-0.23513,0.357646,-0.903772][0.897181,0.744818,0][0.667271,0.349582,-1.01121][-0.23513,0.357646,-0.903772][0.897181,0.744818,0][0.581097,0.303925,-1.01202][0.00583205,0.34159,-0.939831][0.852657,0.731602,0][0.588236,0.421303,-0.970181][-0.0366439,0.349407,-0.936254][0.867637,0.77796,0][0.541981,0.422694,-0.975271][0.160441,0.294562,-0.942068][0.845837,0.78239,0][0.588236,0.421303,-0.970181][-0.0366439,0.349407,-0.936254][0.867637,0.77796,0][0.581097,0.303925,-1.01202][0.00583205,0.34159,-0.939831][0.852657,0.731602,0][0.581097,0.303925,-1.01202][0.00583205,0.34159,-0.939831][0.852657,0.731602,0][0.501255,0.30184,-1.02][0.178206,0.286452,-0.941375][0.814663,0.737253,0][0.541981,0.422694,-0.975271][0.160441,0.294562,-0.942068][0.845837,0.78239,0][0.498011,0.438673,-0.982744][0.285996,0.219222,-0.932817][0.826302,0.793123,0][0.541981,0.422694,-0.975271][0.160441,0.294562,-0.942068][0.845837,0.78239,0][0.501255,0.30184,-1.02][0.178206,0.286452,-0.941375][0.814663,0.737253,0][0.501255,0.30184,-1.02][0.178206,0.286452,-0.941375][0.814663,0.737253,0][0.426703,0.323096,-1.03162][0.295505,0.211602,-0.931612][0.781068,0.752853,0][0.498011,0.438673,-0.982744][0.285996,0.219222,-0.932817][0.826302,0.793123,0][0.460628,0.467675,-0.991869][0.381329,0.129643,-0.915304][0.810942,0.809107,0][0.498011,0.438673,-0.982744][0.285996,0.219222,-0.932817][0.826302,0.793123,0][0.426703,0.323096,-1.03162][0.295505,0.211602,-0.931612][0.781068,0.752853,0][0.426703,0.323096,-1.03162][0.295505,0.211602,-0.931612][0.781068,0.752853,0][0.364743,0.365615,-1.04575][0.383798,0.126842,-0.914664][0.755161,0.776877,0][0.460628,0.467675,-0.991869][0.381329,0.129643,-0.915304][0.810942,0.809107,0][0.438045,0.49754,-0.999601][0.455961,0.0171899,-0.889834][0.802664,0.824257,0][0.460628,0.467675,-0.991869][0.381329,0.129643,-0.915304][0.810942,0.809107,0][0.364743,0.365615,-1.04575][0.383798,0.126842,-0.914664][0.755161,0.776877,0][0.364743,0.365615,-1.04575][0.383798,0.126842,-0.914664][0.755161,0.776877,0][0.320985,0.42616,-1.06121][0.455961,0.0171899,-0.889834][0.739337,0.807423,0][0.438045,0.49754,-0.999601][0.455961,0.0171899,-0.889834][0.802664,0.824257,0][0.30012,0.497968,-1.07631][0.497666,-0.106369,-0.860822][0.735271,0.841094,0][0.428365,0.533753,-1.00713][0.498338,-0.11,-0.859977][0.801012,0.841168,0][0.438045,0.49754,-0.999601][0.455961,0.0171899,-0.889834][0.802664,0.824257,0][0.438045,0.49754,-0.999601][0.455961,0.0171899,-0.889834][0.802664,0.824257,0][0.320985,0.42616,-1.06121][0.455961,0.0171899,-0.889834][0.739337,0.807423,0][0.30012,0.497968,-1.07631][0.497666,-0.106369,-0.860822][0.735271,0.841094,0][0.304599,0.573175,-1.08936][0.509002,-0.225654,-0.830661][0.743488,0.874189,0][0.42843,0.58118,-1.01565][0.508974,-0.237452,-0.827383][0.804886,0.862265,0][0.428365,0.533753,-1.00713][0.498338,-0.11,-0.859977][0.801012,0.841168,0][0.428365,0.533753,-1.00713][0.498338,-0.11,-0.859977][0.801012,0.841168,0][0.30012,0.497968,-1.07631][0.497666,-0.106369,-0.860822][0.735271,0.841094,0][0.304599,0.573175,-1.08936][0.509002,-0.225654,-0.830661][0.743488,0.874189,0][0.333533,0.645345,-1.09931][0.493291,-0.358867,-0.792388][0.763043,0.903919,0][0.442786,0.625854,-1.02217][0.488335,-0.376992,-0.787024][0.815308,0.880961,0][0.42843,0.58118,-1.01565][0.508974,-0.237452,-0.827383][0.804886,0.862265,0][0.42843,0.58118,-1.01565][0.508974,-0.237452,-0.827383][0.804886,0.862265,0][0.304599,0.573175,-1.08936][0.509002,-0.225654,-0.830661][0.743488,0.874189,0][0.333533,0.645345,-1.09931][0.493291,-0.358867,-0.792388][0.763043,0.903919,0][0.384088,0.707415,-1.10518][0.425957,-0.518863,-0.741176][0.792023,0.927372,0][0.470027,0.663405,-1.02608][0.404447,-0.553982,-0.727686][0.831256,0.895426,0][0.442786,0.625854,-1.02217][0.488335,-0.376992,-0.787024][0.815308,0.880961,0][0.442786,0.625854,-1.02217][0.488335,-0.376992,-0.787024][0.815308,0.880961,0][0.333533,0.645345,-1.09931][0.493291,-0.358867,-0.792388][0.763043,0.903919,0][0.384088,0.707415,-1.10518][0.425957,-0.518863,-0.741176][0.792023,0.927372,0][0.472829,0.747815,-1.10316][0.279787,-0.696943,-0.660296][0.837337,0.938037,0][0.507486,0.690156,-1.02697][0.257602,-0.714635,-0.650337][0.851169,0.904243,0][0.470027,0.663405,-1.02608][0.404447,-0.553982,-0.727686][0.831256,0.895426,0][0.470027,0.663405,-1.02608][0.404447,-0.553982,-0.727686][0.831256,0.895426,0][0.384088,0.707415,-1.10518][0.425957,-0.518863,-0.741176][0.792023,0.927372,0][0.472829,0.747815,-1.10316][0.279787,-0.696943,-0.660296][0.837337,0.938037,0][0.550064,0.747836,-1.09508][0.0748109,-0.841999,-0.534267][0.873928,0.931683,0][0.551497,0.703488,-1.02476][0.0668459,-0.847178,-0.527087][0.873099,0.906549,0][0.507486,0.690156,-1.02697][0.257602,-0.714635,-0.650337][0.851169,0.904243,0][0.507486,0.690156,-1.02697][0.257602,-0.714635,-0.650337][0.851169,0.904243,0][0.472829,0.747815,-1.10316][0.279787,-0.696943,-0.660296][0.837337,0.938037,0][0.550064,0.747836,-1.09508][0.0748109,-0.841999,-0.534267][0.873928,0.931683,0][0.617372,0.732473,-1.08528][0.00756986,-0.904534,-0.426334][0.90457,0.919302,0][0.60998,0.70894,-1.01962][0.0255119,-0.911281,-0.410994][0.901247,0.904157,0][0.551497,0.703488,-1.02476][0.0668459,-0.847178,-0.527087][0.873099,0.906549,0][0.551497,0.703488,-1.02476][0.0668459,-0.847178,-0.527087][0.873099,0.906549,0][0.550064,0.747836,-1.09508][0.0748109,-0.841999,-0.534267][0.873928,0.931683,0][0.617372,0.732473,-1.08528][0.00756986,-0.904534,-0.426334][0.90457,0.919302,0][0.60998,0.70894,-1.01962][0.0255119,-0.911281,-0.410994][0.901247,0.904157,0][0.617372,0.732473,-1.08528][0.00756986,-0.904534,-0.426334][0.90457,0.919302,0][0.673621,0.715436,-1.01413][0.123614,-0.938474,-0.322469][0.931923,0.901804,0][0.753928,0.550959,-0.976158][0.948087,0.0727449,-0.309579][0.956639,0.822001,0][0.76618,0.463586,-0.959167][0.880313,-0.232222,-0.413669][0.955363,0.782114,0][0.74374,0.47366,-1.02552][0.884811,-0.220632,-0.410403][0.943462,0.793729,0][0.252691,0.281689,-0.980185][-0.375202,-0.116647,0.919575][0.697362,0.743482,0][0.352269,0.387052,-0.926514][-0.371618,-0.120641,0.920514][0.755161,0.776877,0][0.30851,0.447597,-0.941977][-0.446273,-0.0113069,0.894826][0.739337,0.807423,0][0.30851,0.447597,-0.941977][-0.446273,-0.0113069,0.894826][0.739337,0.807423,0][0.186991,0.374023,-1.00366][-0.446273,-0.0113069,0.894826][0.67372,0.78998,0][0.252691,0.281689,-0.980185][-0.375202,-0.116647,0.919575][0.697362,0.743482,0][0.340119,0.225165,-0.960876][-0.276473,-0.209234,0.937968][0.7342,0.711128,0][0.414229,0.344534,-0.912387][-0.263722,-0.218826,0.93945][0.781068,0.752853,0][0.352269,0.387052,-0.926514][-0.371618,-0.120641,0.920514][0.755161,0.776877,0][0.352269,0.387052,-0.926514][-0.371618,-0.120641,0.920514][0.755161,0.776877,0][0.252691,0.281689,-0.980185][-0.375202,-0.116647,0.919575][0.697362,0.743482,0][0.340119,0.225165,-0.960876][-0.276473,-0.209234,0.937968][0.7342,0.711128,0][0.446354,0.198439,-0.944956][-0.159484,-0.279631,0.946769][0.782362,0.690483,0][0.48878,0.323277,-0.900765][-0.138875,-0.288313,0.947412][0.814663,0.737253,0][0.414229,0.344534,-0.912387][-0.263722,-0.218826,0.93945][0.781068,0.752853,0][0.414229,0.344534,-0.912387][-0.263722,-0.218826,0.93945][0.781068,0.752853,0][0.340119,0.225165,-0.960876][-0.276473,-0.209234,0.937968][0.7342,0.711128,0][0.446354,0.198439,-0.944956][-0.159484,-0.279631,0.946769][0.782362,0.690483,0][0.560999,0.204127,-0.933985][0.026151,-0.326613,0.944797][0.837135,0.683569,0][0.568622,0.325362,-0.892787][0.0878679,-0.333266,0.938729][0.852657,0.731602,0][0.48878,0.323277,-0.900765][-0.138875,-0.288313,0.947412][0.814663,0.737253,0][0.48878,0.323277,-0.900765][-0.138875,-0.288313,0.947412][0.814663,0.737253,0][0.446354,0.198439,-0.944956][-0.159484,-0.279631,0.946769][0.782362,0.690483,0][0.560999,0.204127,-0.933985][0.026151,-0.326613,0.944797][0.837135,0.683569,0][0.709826,0.504446,-0.972409][-0.716923,0.571111,0.399817][0.931977,0.804938,0][0.731266,0.495098,-0.906288][-0.722921,0.552586,0.414769][0.943462,0.793729,0][0.753928,0.550959,-0.976158][-0.676324,0.666544,0.313536][0.956639,0.822001,0][0.748423,0.380308,-0.946052][0.575076,-0.208548,0.791073][0.940202,0.746521,0][0.702128,0.432285,-0.898044][0.608306,-0.19188,0.77016][0.924568,0.76818,0][0.654796,0.371019,-0.89198][0.342784,-0.299946,0.890243][0.897181,0.744818,0][0.654796,0.371019,-0.89198][0.342784,-0.299946,0.890243][0.897181,0.744818,0][0.690861,0.283278,-0.934629][0.284902,-0.31773,0.904366][0.905069,0.708089,0][0.748423,0.380308,-0.946052][0.575076,-0.208548,0.791073][0.940202,0.746521,0][0.690861,0.283278,-0.934629][0.284902,-0.31773,0.904366][0.905069,0.708089,0][0.654796,0.371019,-0.89198][0.342784,-0.299946,0.890243][0.897181,0.744818,0][0.568622,0.325362,-0.892787][0.0878679,-0.333266,0.938729][0.852657,0.731602,0][0.568622,0.325362,-0.892787][0.0878679,-0.333266,0.938729][0.852657,0.731602,0][0.560999,0.204127,-0.933985][0.026151,-0.326613,0.944797][0.837135,0.683569,0][0.690861,0.283278,-0.934629][0.284902,-0.31773,0.904366][0.905069,0.708089,0][0.76618,0.463586,-0.959167][0.770502,-0.0435101,0.635951][0.955363,0.782114,0][0.731266,0.495098,-0.906288][0.775979,-0.0336011,0.629864][0.943462,0.793729,0][0.702128,0.432285,-0.898044][0.608306,-0.19188,0.77016][0.924568,0.76818,0][0.702128,0.432285,-0.898044][0.608306,-0.19188,0.77016][0.924568,0.76818,0][0.748423,0.380308,-0.946052][0.575076,-0.208548,0.791073][0.940202,0.746521,0][0.76618,0.463586,-0.959167][0.770502,-0.0435101,0.635951][0.955363,0.782114,0][0.30851,0.447597,-0.941977][-0.446273,-0.0113069,0.894826][0.739337,0.807423,0][0.287645,0.519405,-0.957071][-0.486316,0.114268,0.866279][0.735271,0.841094,0][0.154537,0.482714,-1.0266][-0.485393,0.109033,0.867471][0.667153,0.841017,0][0.154537,0.482714,-1.0266][-0.485393,0.109033,0.867471][0.667153,0.841017,0][0.186991,0.374023,-1.00366][-0.446273,-0.0113069,0.894826][0.67372,0.78998,0][0.30851,0.447597,-0.941977][-0.446273,-0.0113069,0.894826][0.739337,0.807423,0][0.287645,0.519405,-0.957071][-0.486316,0.114268,0.866279][0.735271,0.841094,0][0.292125,0.594612,-0.970123][-0.495779,0.256446,0.829722][0.743488,0.874189,0][0.163592,0.586706,-1.04435][-0.496314,0.241017,0.834017][0.67987,0.886544,0][0.163592,0.586706,-1.04435][-0.496314,0.241017,0.834017][0.67987,0.886544,0][0.154537,0.482714,-1.0266][-0.485393,0.109033,0.867471][0.667153,0.841017,0][0.287645,0.519405,-0.957071][-0.486316,0.114268,0.866279][0.735271,0.841094,0][0.292125,0.594612,-0.970123][-0.495779,0.256446,0.829722][0.743488,0.874189,0][0.321059,0.666783,-0.980072][-0.470939,0.391779,0.790396][0.763043,0.903919,0][0.20763,0.687366,-1.05784][-0.477264,0.371208,0.796507][0.70889,0.927706,0][0.20763,0.687366,-1.05784][-0.477264,0.371208,0.796507][0.70889,0.927706,0][0.163592,0.586706,-1.04435][-0.496314,0.241017,0.834017][0.67987,0.886544,0][0.292125,0.594612,-0.970123][-0.495779,0.256446,0.829722][0.743488,0.874189,0][0.321059,0.666783,-0.980072][-0.470939,0.391779,0.790396][0.763043,0.903919,0][0.371614,0.728852,-0.985942][-0.36036,0.584743,0.726785][0.792023,0.927372,0][0.282341,0.774841,-1.06575][-0.395326,0.536605,0.745502][0.751372,0.960474,0][0.282341,0.774841,-1.06575][-0.395326,0.536605,0.745502][0.751372,0.960474,0][0.20763,0.687366,-1.05784][-0.477264,0.371208,0.796507][0.70889,0.927706,0][0.321059,0.666783,-0.980072][-0.470939,0.391779,0.790396][0.763043,0.903919,0][0.604898,0.753911,-0.966041][0.35421,0.830223,0.430425][0.90457,0.919302,0][0.673621,0.715436,-1.01413][0.62779,0.702586,0.335041][0.931923,0.901804,0][0.61233,0.778682,-1.03191][0.342199,0.833692,0.433425][0.908012,0.934996,0][0.460354,0.769252,-0.983922][-0.165889,0.741853,0.649719][0.837337,0.938037,0][0.53759,0.769273,-0.975845][0.10428,0.840404,0.531833][0.873928,0.931683,0][0.535881,0.815612,-1.04655][0.0670641,0.831897,0.550862][0.874788,0.957727,0][0.535881,0.815612,-1.04655][0.0670641,0.831897,0.550862][0.874788,0.957727,0][0.424218,0.829384,-1.06071][-0.218313,0.712896,0.666422][0.823005,0.973054,0][0.460354,0.769252,-0.983922][-0.165889,0.741853,0.649719][0.837337,0.938037,0][0.371614,0.728852,-0.985942][-0.36036,0.584743,0.726785][0.792023,0.927372,0][0.460354,0.769252,-0.983922][-0.165889,0.741853,0.649719][0.837337,0.938037,0][0.424218,0.829384,-1.06071][-0.218313,0.712896,0.666422][0.823005,0.973054,0][0.424218,0.829384,-1.06071][-0.218313,0.712896,0.666422][0.823005,0.973054,0][0.282341,0.774841,-1.06575][-0.395326,0.536605,0.745502][0.751372,0.960474,0][0.371614,0.728852,-0.985942][-0.36036,0.584743,0.726785][0.792023,0.927372,0][0.53759,0.769273,-0.975845][0.10428,0.840404,0.531833][0.873928,0.931683,0][0.604898,0.753911,-0.966041][0.35421,0.830223,0.430425][0.90457,0.919302,0][0.61233,0.778682,-1.03191][0.342199,0.833692,0.433425][0.908012,0.934996,0][0.61233,0.778682,-1.03191][0.342199,0.833692,0.433425][0.908012,0.934996,0][0.535881,0.815612,-1.04655][0.0670641,0.831897,0.550862][0.874788,0.957727,0][0.53759,0.769273,-0.975845][0.10428,0.840404,0.531833][0.873928,0.931683,0][0.731266,0.495098,-0.906288][-0.722921,0.552586,0.414769][0.943462,0.793729,0][0.709826,0.504446,-0.972409][-0.716923,0.571111,0.399817][0.931977,0.804938,0][0.669706,0.461385,-0.968865][-0.643964,0.56324,0.517756][0.909481,0.789083,0][0.669706,0.461385,-0.968865][-0.643964,0.56324,0.517756][0.909481,0.789083,0][0.702128,0.432285,-0.898044][-0.635191,0.566295,0.525207][0.924568,0.76818,0][0.731266,0.495098,-0.906288][-0.722921,0.552586,0.414769][0.943462,0.793729,0][0.702128,0.432285,-0.898044][-0.635191,0.566295,0.525207][0.924568,0.76818,0][0.669706,0.461385,-0.968865][-0.643964,0.56324,0.517756][0.909481,0.789083,0][0.632247,0.434635,-0.967974][-0.425847,0.631859,0.647617][0.889567,0.780266,0][0.632247,0.434635,-0.967974][-0.425847,0.631859,0.647617][0.889567,0.780266,0][0.654796,0.371019,-0.89198][-0.398562,0.638506,0.658375][0.897181,0.744818,0][0.702128,0.432285,-0.898044][-0.635191,0.566295,0.525207][0.924568,0.76818,0][0.654796,0.371019,-0.89198][-0.398562,0.638506,0.658375][0.897181,0.744818,0][0.632247,0.434635,-0.967974][-0.425847,0.631859,0.647617][0.889567,0.780266,0][0.588236,0.421303,-0.970181][-0.211053,0.649131,0.730812][0.867637,0.77796,0][0.588236,0.421303,-0.970181][-0.211053,0.649131,0.730812][0.867637,0.77796,0][0.568622,0.325362,-0.892787][-0.170468,0.644562,0.745305][0.852657,0.731602,0][0.654796,0.371019,-0.89198][-0.398562,0.638506,0.658375][0.897181,0.744818,0][0.568622,0.325362,-0.892787][-0.170468,0.644562,0.745305][0.852657,0.731602,0][0.588236,0.421303,-0.970181][-0.211053,0.649131,0.730812][0.867637,0.77796,0][0.541981,0.422694,-0.975271][-0.0212469,0.606796,0.794574][0.845837,0.78239,0][0.541981,0.422694,-0.975271][-0.0212469,0.606796,0.794574][0.845837,0.78239,0][0.48878,0.323277,-0.900765][-0.00400791,0.59959,0.800297][0.814663,0.737253,0][0.568622,0.325362,-0.892787][-0.170468,0.644562,0.745305][0.852657,0.731602,0][0.48878,0.323277,-0.900765][-0.00400791,0.59959,0.800297][0.814663,0.737253,0][0.541981,0.422694,-0.975271][-0.0212469,0.606796,0.794574][0.845837,0.78239,0][0.498011,0.438673,-0.982744][0.100812,0.537463,0.83724][0.826302,0.793123,0][0.498011,0.438673,-0.982744][0.100812,0.537463,0.83724][0.826302,0.793123,0][0.414229,0.344534,-0.912387][0.110089,0.530243,0.840668][0.781068,0.752853,0][0.48878,0.323277,-0.900765][-0.00400791,0.59959,0.800297][0.814663,0.737253,0][0.414229,0.344534,-0.912387][0.110089,0.530243,0.840668][0.781068,0.752853,0][0.498011,0.438673,-0.982744][0.100812,0.537463,0.83724][0.826302,0.793123,0][0.460628,0.467675,-0.991869][0.194425,0.450836,0.871175][0.810942,0.809107,0][0.460628,0.467675,-0.991869][0.194425,0.450836,0.871175][0.810942,0.809107,0][0.352269,0.387052,-0.926514][0.19687,0.448078,0.872048][0.755161,0.776877,0][0.414229,0.344534,-0.912387][0.110089,0.530243,0.840668][0.781068,0.752853,0][0.352269,0.387052,-0.926514][0.19687,0.448078,0.872048][0.755161,0.776877,0][0.460628,0.467675,-0.991869][0.194425,0.450836,0.871175][0.810942,0.809107,0][0.438045,0.49754,-0.999601][0.268545,0.339264,0.901545][0.802664,0.824257,0][0.438045,0.49754,-0.999601][0.268545,0.339264,0.901545][0.802664,0.824257,0][0.30851,0.447597,-0.941977][0.268545,0.339264,0.901545][0.739337,0.807423,0][0.352269,0.387052,-0.926514][0.19687,0.448078,0.872048][0.755161,0.776877,0][0.287645,0.519405,-0.957071][0.310739,0.214866,0.925891][0.735271,0.841094,0][0.30851,0.447597,-0.941977][0.268545,0.339264,0.901545][0.739337,0.807423,0][0.438045,0.49754,-0.999601][0.268545,0.339264,0.901545][0.802664,0.824257,0][0.438045,0.49754,-0.999601][0.268545,0.339264,0.901545][0.802664,0.824257,0][0.428365,0.533753,-1.00713][0.311434,0.211193,0.926502][0.801012,0.841168,0][0.287645,0.519405,-0.957071][0.310739,0.214866,0.925891][0.735271,0.841094,0][0.292125,0.594612,-0.970123][0.323583,0.0929869,0.94162][0.743488,0.874189,0][0.287645,0.519405,-0.957071][0.310739,0.214866,0.925891][0.735271,0.841094,0][0.428365,0.533753,-1.00713][0.311434,0.211193,0.926502][0.801012,0.841168,0][0.428365,0.533753,-1.00713][0.311434,0.211193,0.926502][0.801012,0.841168,0][0.42843,0.58118,-1.01565][0.323788,0.0807879,0.942674][0.804886,0.862265,0][0.292125,0.594612,-0.970123][0.323583,0.0929869,0.94162][0.743488,0.874189,0][0.321059,0.666783,-0.980072][0.311074,-0.045729,0.949285][0.763043,0.903919,0][0.292125,0.594612,-0.970123][0.323583,0.0929869,0.94162][0.743488,0.874189,0][0.42843,0.58118,-1.01565][0.323788,0.0807879,0.942674][0.804886,0.862265,0][0.42843,0.58118,-1.01565][0.323788,0.0807879,0.942674][0.804886,0.862265,0][0.442786,0.625854,-1.02217][0.306645,-0.064758,0.949619][0.815308,0.880961,0][0.321059,0.666783,-0.980072][0.311074,-0.045729,0.949285][0.763043,0.903919,0][0.371614,0.728852,-0.985942][0.249657,-0.215888,0.943962][0.792023,0.927372,0][0.321059,0.666783,-0.980072][0.311074,-0.045729,0.949285][0.763043,0.903919,0][0.442786,0.625854,-1.02217][0.306645,-0.064758,0.949619][0.815308,0.880961,0][0.442786,0.625854,-1.02217][0.306645,-0.064758,0.949619][0.815308,0.880961,0][0.470027,0.663405,-1.02608][0.230037,-0.254256,0.939381][0.831256,0.895426,0][0.371614,0.728852,-0.985942][0.249657,-0.215888,0.943962][0.792023,0.927372,0][0.460354,0.769252,-0.983922][0.116353,-0.416082,0.901853][0.837337,0.938037,0][0.371614,0.728852,-0.985942][0.249657,-0.215888,0.943962][0.792023,0.927372,0][0.470027,0.663405,-1.02608][0.230037,-0.254256,0.939381][0.831256,0.895426,0][0.470027,0.663405,-1.02608][0.230037,-0.254256,0.939381][0.831256,0.895426,0][0.507486,0.690156,-1.02697][0.0959919,-0.43691,0.894369][0.851169,0.904243,0][0.460354,0.769252,-0.983922][0.116353,-0.416082,0.901853][0.837337,0.938037,0][0.53759,0.769273,-0.975845][-0.0642771,-0.602979,0.795164][0.873928,0.931683,0][0.460354,0.769252,-0.983922][0.116353,-0.416082,0.901853][0.837337,0.938037,0][0.507486,0.690156,-1.02697][0.0959919,-0.43691,0.894369][0.851169,0.904243,0][0.507486,0.690156,-1.02697][0.0959919,-0.43691,0.894369][0.851169,0.904243,0][0.551497,0.703488,-1.02476][-0.0708211,-0.610599,0.788767][0.873099,0.906549,0][0.53759,0.769273,-0.975845][-0.0642771,-0.602979,0.795164][0.873928,0.931683,0][0.604898,0.753911,-0.966041][-0.110712,-0.701265,0.704252][0.90457,0.919302,0][0.53759,0.769273,-0.975845][-0.0642771,-0.602979,0.795164][0.873928,0.931683,0][0.551497,0.703488,-1.02476][-0.0708211,-0.610599,0.788767][0.873099,0.906549,0][0.551497,0.703488,-1.02476][-0.0708211,-0.610599,0.788767][0.873099,0.906549,0][0.60998,0.70894,-1.01962][-0.0903131,-0.712233,0.696109][0.901247,0.904157,0][0.604898,0.753911,-0.966041][-0.110712,-0.701265,0.704252][0.90457,0.919302,0][0.60998,0.70894,-1.01962][-0.0903131,-0.712233,0.696109][0.901247,0.904157,0][0.673621,0.715436,-1.01413][0.0225049,-0.764715,0.643976][0.931923,0.901804,0][0.604898,0.753911,-0.966041][-0.110712,-0.701265,0.704252][0.90457,0.919302,0][0.753928,0.550959,-0.976158][0.868728,0.209127,0.448975][0.956639,0.822001,0][0.731266,0.495098,-0.906288][0.775979,-0.0336011,0.629864][0.943462,0.793729,0][0.76618,0.463586,-0.959167][0.770502,-0.0435101,0.635951][0.955363,0.782114,0][1.29985,-0.444494,-0.883348][0.353573,-0.230595,-0.906539][0.191347,0.156276,0][1.35913,-0.541928,-0.826207][0.413009,-0.335757,-0.846576][0.234665,0.147064,0][1.16531,-0.710631,-0.854468][0.410259,-0.331991,-0.849393][0.22067,0.062274,0][1.16531,-0.710631,-0.854468][0.410259,-0.331991,-0.849393][0.22067,0.062274,0][1.0762,-0.56192,-0.940461][0.353573,-0.230595,-0.906539][0.155092,0.076741,0][1.29985,-0.444494,-0.883348][0.353573,-0.230595,-0.906539][0.191347,0.156276,0][1.35913,-0.541928,-0.826207][0.413009,-0.335757,-0.846576][0.234665,0.147064,0][1.44,-0.606793,-0.751367][0.490918,-0.425721,-0.760106][0.279734,0.153212,0][1.27917,-0.796283,-0.749353][0.482085,-0.417203,-0.770412][0.282956,0.072492,0][1.27917,-0.796283,-0.749353][0.482085,-0.417203,-0.770412][0.282956,0.072492,0][1.16531,-0.710631,-0.854468][0.410259,-0.331991,-0.849393][0.22067,0.062274,0][1.35913,-0.541928,-0.826207][0.413009,-0.335757,-0.846576][0.234665,0.147064,0][1.44,-0.606793,-0.751367][0.490918,-0.425721,-0.760106][0.279734,0.153212,0][1.53517,-0.634253,-0.665518][0.574783,-0.483972,-0.659845][0.322702,0.173891,0][1.41454,-0.829384,-0.627518][0.561183,-0.477211,-0.676272][0.342844,0.103543,0][1.41454,-0.829384,-0.627518][0.561183,-0.477211,-0.676272][0.342844,0.103543,0][1.27917,-0.796283,-0.749353][0.482085,-0.417203,-0.770412][0.282956,0.072492,0][1.44,-0.606793,-0.751367][0.490918,-0.425721,-0.760106][0.279734,0.153212,0][1.53517,-0.634253,-0.665518][0.574783,-0.483972,-0.659845][0.322702,0.173891,0][1.63533,-0.621622,-0.577065][0.717385,-0.505856,-0.479029][0.359364,0.207075,0][1.55817,-0.806691,-0.500888][0.680786,-0.506089,-0.529532][0.394473,0.152388,0][1.55817,-0.806691,-0.500888][0.680786,-0.506089,-0.529532][0.394473,0.152388,0][1.41454,-0.829384,-0.627518][0.561183,-0.477211,-0.676272][0.342844,0.103543,0][1.53517,-0.634253,-0.665518][0.574783,-0.483972,-0.659845][0.322702,0.173891,0][1.72378,-0.281675,-0.377643][-0.139778,0.41288,-0.899996][0.351205,0.345907,0][1.77588,-0.197961,-0.335155][-0.167096,0.526933,-0.833319][0.354378,0.384385,0][1.82759,-0.315938,-0.420124][-0.134521,0.391268,-0.910392][0.371741,0.348176,0][1.74035,-0.53456,-0.487695][0.856809,-0.440873,-0.267414][0.382591,0.26217,0][1.79545,-0.42552,-0.443689][0.957596,-0.287643,-0.016491][0.381724,0.308505,0][1.7811,-0.487279,-0.317308][0.949014,-0.311068,-0.051089][0.416046,0.306364,0][1.7811,-0.487279,-0.317308][0.949014,-0.311068,-0.051089][0.416046,0.306364,0][1.71569,-0.657986,-0.367662][0.826521,-0.466222,-0.315435][0.42558,0.240011,0][1.74035,-0.53456,-0.487695][0.856809,-0.440873,-0.267414][0.382591,0.26217,0][1.63533,-0.621622,-0.577065][0.717385,-0.505856,-0.479029][0.359364,0.207075,0][1.74035,-0.53456,-0.487695][0.856809,-0.440873,-0.267414][0.382591,0.26217,0][1.71569,-0.657986,-0.367662][0.826521,-0.466222,-0.315435][0.42558,0.240011,0][1.71569,-0.657986,-0.367662][0.826521,-0.466222,-0.315435][0.42558,0.240011,0][1.55817,-0.806691,-0.500888][0.680786,-0.506089,-0.529532][0.394473,0.152388,0][1.63533,-0.621622,-0.577065][0.717385,-0.505856,-0.479029][0.359364,0.207075,0][1.79545,-0.42552,-0.443689][0.957596,-0.287643,-0.016491][0.381724,0.308505,0][1.82759,-0.315938,-0.420124][0.982037,-0.0900961,0.165791][0.371741,0.348176,0][1.79749,-0.344372,-0.309266][0.981918,-0.101473,0.159811][0.39302,0.350527,0][1.79749,-0.344372,-0.309266][0.981918,-0.101473,0.159811][0.39302,0.350527,0][1.7811,-0.487279,-0.317308][0.949014,-0.311068,-0.051089][0.416046,0.306364,0][1.79545,-0.42552,-0.443689][0.957596,-0.287643,-0.016491][0.381724,0.308505,0][1.0277,-0.381748,-0.991798][0.317871,-0.111192,-0.941591][0.098949,0.111905,0][1.26853,-0.325395,-0.916625][0.316842,-0.105928,-0.942545][0.154525,0.17974,0][1.29985,-0.444494,-0.883348][0.353573,-0.230595,-0.906539][0.191347,0.156276,0][1.29985,-0.444494,-0.883348][0.353573,-0.230595,-0.906539][0.191347,0.156276,0][1.0762,-0.56192,-0.940461][0.353573,-0.230595,-0.906539][0.155092,0.076741,0][1.0277,-0.381748,-0.991798][0.317871,-0.111192,-0.941591][0.098949,0.111905,0][1.03168,-0.204793,-0.996338][0.297762,0.023311,-0.954355][0.064043,0.161753,0][1.2688,-0.197657,-0.922208][0.296352,0.039273,-0.954271][0.128311,0.214954,0][1.26853,-0.325395,-0.916625][0.316842,-0.105928,-0.942545][0.154525,0.17974,0][1.26853,-0.325395,-0.916625][0.316842,-0.105928,-0.942545][0.154525,0.17974,0][1.0277,-0.381748,-0.991798][0.317871,-0.111192,-0.941591][0.098949,0.111905,0][1.03168,-0.204793,-0.996338][0.297762,0.023311,-0.954355][0.064043,0.161753,0][1.07984,-0.0294862,-0.961527][0.294743,0.159553,-0.942162][0.046799,0.224254,0][1.30002,-0.0722682,-0.900183][0.296368,0.181412,-0.937686][0.114709,0.258699,0][1.2688,-0.197657,-0.922208][0.296352,0.039273,-0.954271][0.128311,0.214954,0][1.2688,-0.197657,-0.922208][0.296352,0.039273,-0.954271][0.128311,0.214954,0][1.03168,-0.204793,-0.996338][0.297762,0.023311,-0.954355][0.064043,0.161753,0][1.07984,-0.0294862,-0.961527][0.294743,0.159553,-0.942162][0.046799,0.224254,0][1.16748,0.127012,-0.890769][0.327404,0.338459,-0.882186][0.048906,0.293292,0][1.35912,0.0384988,-0.852708][0.341572,0.392299,-0.854067][0.115051,0.306693,0][1.30002,-0.0722682,-0.900183][0.296368,0.181412,-0.937686][0.114709,0.258699,0][1.30002,-0.0722682,-0.900183][0.296368,0.181412,-0.937686][0.114709,0.258699,0][1.07984,-0.0294862,-0.961527][0.294743,0.159553,-0.942162][0.046799,0.224254,0][1.16748,0.127012,-0.890769][0.327404,0.338459,-0.882186][0.048906,0.293292,0][1.65042,0.107487,-0.596931][0.628405,0.75505,-0.187103][0.21503,0.412075,0][1.58179,0.171133,-0.524524][0.622809,0.75676,-0.198551][0.202229,0.428321,0][1.66329,0.0711277,-0.447517][0.731703,0.674097,0.101015][0.254787,0.424993,0][1.48311,0.22489,-0.614685][0.523078,0.706877,-0.476146][0.152469,0.413836,0][1.56477,0.125801,-0.673901][0.535002,0.722318,-0.438213][0.177678,0.391704,0][1.46773,0.11696,-0.759746][0.430319,0.578396,-0.693025][0.141461,0.36049,0][1.46773,0.11696,-0.759746][0.430319,0.578396,-0.693025][0.141461,0.36049,0][1.34185,0.235458,-0.740732][0.404606,0.542116,-0.736481][0.094913,0.374839,0][1.48311,0.22489,-0.614685][0.523078,0.706877,-0.476146][0.152469,0.413836,0][1.34185,0.235458,-0.740732][0.404606,0.542116,-0.736481][0.094913,0.374839,0][1.46773,0.11696,-0.759746][0.430319,0.578396,-0.693025][0.141461,0.36049,0][1.35912,0.0384988,-0.852708][0.341572,0.392299,-0.854067][0.115051,0.306693,0][1.35912,0.0384988,-0.852708][0.341572,0.392299,-0.854067][0.115051,0.306693,0][1.16748,0.127012,-0.890769][0.327404,0.338459,-0.882186][0.048906,0.293292,0][1.34185,0.235458,-0.740732][0.404606,0.542116,-0.736481][0.094913,0.374839,0][1.58179,0.171133,-0.524524][0.622809,0.75676,-0.198551][0.202229,0.428321,0][1.65042,0.107487,-0.596931][0.628405,0.75505,-0.187103][0.21503,0.412075,0][1.56477,0.125801,-0.673901][0.535002,0.722318,-0.438213][0.177678,0.391704,0][1.56477,0.125801,-0.673901][0.535002,0.722318,-0.438213][0.177678,0.391704,0][1.48311,0.22489,-0.614685][0.523078,0.706877,-0.476146][0.152469,0.413836,0][1.58179,0.171133,-0.524524][0.622809,0.75676,-0.198551][0.202229,0.428321,0][1.67644,-0.359094,-0.416189][-0.00483994,0.388016,-0.92164][0.348601,0.310572,0][1.72378,-0.281675,-0.377643][-0.139778,0.41288,-0.899996][0.351205,0.345907,0][1.82759,-0.315938,-0.420124][-0.134521,0.391268,-0.910392][0.371741,0.348176,0][1.82759,-0.315938,-0.420124][-0.134521,0.391268,-0.910392][0.371741,0.348176,0][1.79545,-0.42552,-0.443689][0.00681006,0.390283,-0.92067][0.381724,0.308505,0][1.67644,-0.359094,-0.416189][-0.00483994,0.388016,-0.92164][0.348601,0.310572,0][1.63128,-0.408619,-0.454069][0.243586,0.448326,-0.860041][0.341103,0.283556,0][1.67644,-0.359094,-0.416189][-0.00483994,0.388016,-0.92164][0.348601,0.310572,0][1.79545,-0.42552,-0.443689][0.00681006,0.390283,-0.92067][0.381724,0.308505,0][1.79545,-0.42552,-0.443689][0.00681006,0.390283,-0.92067][0.381724,0.308505,0][1.74035,-0.53456,-0.487695][0.270469,0.455083,-0.848379][0.382591,0.26217,0][1.63128,-0.408619,-0.454069][0.243586,0.448326,-0.860041][0.341103,0.283556,0][1.57694,-0.436191,-0.501114][0.450997,0.467621,-0.760219][0.325481,0.259853,0][1.63128,-0.408619,-0.454069][0.243586,0.448326,-0.860041][0.341103,0.283556,0][1.74035,-0.53456,-0.487695][0.270469,0.455083,-0.848379][0.382591,0.26217,0][1.74035,-0.53456,-0.487695][0.270469,0.455083,-0.848379][0.382591,0.26217,0][1.63533,-0.621622,-0.577065][0.48859,0.463873,-0.738987][0.359364,0.207075,0][1.57694,-0.436191,-0.501114][0.450997,0.467621,-0.760219][0.325481,0.259853,0][1.51873,-0.43911,-0.552722][0.621994,0.430443,-0.654096][0.303263,0.241783,0][1.57694,-0.436191,-0.501114][0.450997,0.467621,-0.760219][0.325481,0.259853,0][1.63533,-0.621622,-0.577065][0.48859,0.463873,-0.738987][0.359364,0.207075,0][1.63533,-0.621622,-0.577065][0.48859,0.463873,-0.738987][0.359364,0.207075,0][1.53517,-0.634253,-0.665518][0.637175,0.423801,-0.643739][0.322702,0.173891,0][1.51873,-0.43911,-0.552722][0.621994,0.430443,-0.654096][0.303263,0.241783,0][1.46235,-0.417092,-0.60384][0.72942,0.365122,-0.578474][0.276624,0.231115,0][1.51873,-0.43911,-0.552722][0.621994,0.430443,-0.654096][0.303263,0.241783,0][1.53517,-0.634253,-0.665518][0.637175,0.423801,-0.643739][0.322702,0.173891,0][1.53517,-0.634253,-0.665518][0.637175,0.423801,-0.643739][0.322702,0.173891,0][1.44,-0.606793,-0.751367][0.737547,0.358217,-0.572456][0.279734,0.153212,0][1.46235,-0.417092,-0.60384][0.72942,0.365122,-0.578474][0.276624,0.231115,0][1.41332,-0.372292,-0.649464][0.809715,0.282146,-0.514543][0.248172,0.228893,0][1.46235,-0.417092,-0.60384][0.72942,0.365122,-0.578474][0.276624,0.231115,0][1.44,-0.606793,-0.751367][0.737547,0.358217,-0.572456][0.279734,0.153212,0][1.44,-0.606793,-0.751367][0.737547,0.358217,-0.572456][0.279734,0.153212,0][1.35913,-0.541928,-0.826207][0.811759,0.279498,-0.512766][0.234665,0.147064,0][1.41332,-0.372292,-0.649464][0.809715,0.282146,-0.514543][0.248172,0.228893,0][1.38283,-0.324344,-0.678759][0.872021,0.173813,-0.457568][0.226336,0.233034,0][1.41332,-0.372292,-0.649464][0.809715,0.282146,-0.514543][0.248172,0.228893,0][1.35913,-0.541928,-0.826207][0.811759,0.279498,-0.512766][0.234665,0.147064,0][1.35913,-0.541928,-0.826207][0.811759,0.279498,-0.512766][0.234665,0.147064,0][1.29985,-0.444494,-0.883348][0.872021,0.173813,-0.457568][0.191347,0.156276,0][1.38283,-0.324344,-0.678759][0.872021,0.173813,-0.457568][0.226336,0.233034,0][1.26853,-0.325395,-0.916625][0.90723,0.0513299,-0.417491][0.154525,0.17974,0][1.36809,-0.264186,-0.694605][0.90782,0.0476869,-0.416641][0.208162,0.245207,0][1.38283,-0.324344,-0.678759][0.872021,0.173813,-0.457568][0.226336,0.233034,0][1.38283,-0.324344,-0.678759][0.872021,0.173813,-0.457568][0.226336,0.233034,0][1.29985,-0.444494,-0.883348][0.872021,0.173813,-0.457568][0.191347,0.156276,0][1.26853,-0.325395,-0.916625][0.90723,0.0513299,-0.417491][0.154525,0.17974,0][1.2688,-0.197657,-0.922208][0.916549,-0.0695831,-0.393822][0.128311,0.214954,0][1.3648,-0.183948,-0.701193][0.916372,-0.0816761,-0.391907][0.190337,0.266299,0][1.36809,-0.264186,-0.694605][0.90782,0.0476869,-0.416641][0.208162,0.245207,0][1.36809,-0.264186,-0.694605][0.90782,0.0476869,-0.416641][0.208162,0.245207,0][1.26853,-0.325395,-0.916625][0.90723,0.0513299,-0.417491][0.154525,0.17974,0][1.2688,-0.197657,-0.922208][0.916549,-0.0695831,-0.393822][0.128311,0.214954,0][1.30002,-0.0722682,-0.900183][0.901354,-0.207561,-0.380105][0.114709,0.258699,0][1.37965,-0.106735,-0.691511][0.896913,-0.226587,-0.379745][0.18025,0.291941,0][1.3648,-0.183948,-0.701193][0.916372,-0.0816761,-0.391907][0.190337,0.266299,0][1.3648,-0.183948,-0.701193][0.916372,-0.0816761,-0.391907][0.190337,0.266299,0][1.2688,-0.197657,-0.922208][0.916549,-0.0695831,-0.393822][0.128311,0.214954,0][1.30002,-0.0722682,-0.900183][0.901354,-0.207561,-0.380105][0.114709,0.258699,0][1.35912,0.0384988,-0.852708][0.84084,-0.377969,-0.387464][0.115051,0.306693,0][1.41121,-0.0401042,-0.666506][0.820824,-0.416228,-0.391154][0.178888,0.319626,0][1.37965,-0.106735,-0.691511][0.896913,-0.226587,-0.379745][0.18025,0.291941,0][1.37965,-0.106735,-0.691511][0.896913,-0.226587,-0.379745][0.18025,0.291941,0][1.30002,-0.0722682,-0.900183][0.901354,-0.207561,-0.380105][0.114709,0.258699,0][1.35912,0.0384988,-0.852708][0.84084,-0.377969,-0.387464][0.115051,0.306693,0][1.46773,0.11696,-0.759746][0.702194,-0.576698,-0.417544][0.141461,0.36049,0][1.45636,0.00941975,-0.628627][0.681117,-0.597329,-0.423412][0.186386,0.346642,0][1.41121,-0.0401042,-0.666506][0.820824,-0.416228,-0.391154][0.178888,0.319626,0][1.41121,-0.0401042,-0.666506][0.820824,-0.416228,-0.391154][0.178888,0.319626,0][1.35912,0.0384988,-0.852708][0.84084,-0.377969,-0.387464][0.115051,0.306693,0][1.46773,0.11696,-0.759746][0.702194,-0.576698,-0.417544][0.141461,0.36049,0][1.56477,0.125801,-0.673901][0.485488,-0.753704,-0.442981][0.177678,0.391704,0][1.51071,0.0369917,-0.581581][0.475706,-0.760436,-0.442087][0.202008,0.370345,0][1.45636,0.00941975,-0.628627][0.681117,-0.597329,-0.423412][0.186386,0.346642,0][1.45636,0.00941975,-0.628627][0.681117,-0.597329,-0.423412][0.186386,0.346642,0][1.46773,0.11696,-0.759746][0.702194,-0.576698,-0.417544][0.141461,0.36049,0][1.56477,0.125801,-0.673901][0.485488,-0.753704,-0.442981][0.177678,0.391704,0][1.65042,0.107487,-0.596931][0.378779,-0.835465,-0.398151][0.21503,0.412075,0][1.5838,0.0528827,-0.517342][0.385596,-0.84271,-0.375707][0.227385,0.396395,0][1.51071,0.0369917,-0.581581][0.475706,-0.760436,-0.442087][0.202008,0.370345,0][1.51071,0.0369917,-0.581581][0.475706,-0.760436,-0.442087][0.202008,0.370345,0][1.56477,0.125801,-0.673901][0.485488,-0.753704,-0.442981][0.177678,0.391704,0][1.65042,0.107487,-0.596931][0.378779,-0.835465,-0.398151][0.21503,0.412075,0][1.5838,0.0528827,-0.517342][0.385596,-0.84271,-0.375707][0.227385,0.396395,0][1.65042,0.107487,-0.596931][0.378779,-0.835465,-0.398151][0.21503,0.412075,0][1.66329,0.0711277,-0.447517][0.418829,-0.873373,-0.248601][0.254787,0.424993,0][1.77588,-0.197961,-0.335155][0.93372,0.191307,0.302603][0.354378,0.384385,0][1.79749,-0.344372,-0.309266][0.981918,-0.101473,0.159811][0.39302,0.350527,0][1.82759,-0.315938,-0.420124][0.982037,-0.0900961,0.165791][0.371741,0.348176,0][1.16531,-0.710631,-0.854468][-0.80905,-0.269381,0.522372][0.22067,0.062274,0][1.22391,-0.534985,-0.674083][-0.8061,-0.273157,0.524965][0.234665,0.147064,0][1.16463,-0.437551,-0.731224][-0.86785,-0.167877,0.467605][0.191347,0.156276,0][1.16463,-0.437551,-0.731224][-0.86785,-0.167877,0.467605][0.191347,0.156276,0][1.0762,-0.56192,-0.940461][-0.86785,-0.167877,0.467605][0.155092,0.076741,0][1.16531,-0.710631,-0.854468][-0.80905,-0.269381,0.522372][0.22067,0.062274,0][1.27917,-0.796283,-0.749353][-0.726066,-0.355166,0.5888][0.282956,0.072492,0][1.30478,-0.599849,-0.599243][-0.715183,-0.363789,0.596801][0.279734,0.153212,0][1.22391,-0.534985,-0.674083][-0.8061,-0.273157,0.524965][0.234665,0.147064,0][1.22391,-0.534985,-0.674083][-0.8061,-0.273157,0.524965][0.234665,0.147064,0][1.16531,-0.710631,-0.854468][-0.80905,-0.269381,0.522372][0.22067,0.062274,0][1.27917,-0.796283,-0.749353][-0.726066,-0.355166,0.5888][0.282956,0.072492,0][1.41454,-0.829384,-0.627518][-0.626043,-0.416249,0.659399][0.342844,0.103543,0][1.39995,-0.627309,-0.513393][-0.608446,-0.423215,0.671329][0.322702,0.173891,0][1.30478,-0.599849,-0.599243][-0.715183,-0.363789,0.596801][0.279734,0.153212,0][1.30478,-0.599849,-0.599243][-0.715183,-0.363789,0.596801][0.279734,0.153212,0][1.27917,-0.796283,-0.749353][-0.726066,-0.355166,0.5888][0.282956,0.072492,0][1.41454,-0.829384,-0.627518][-0.626043,-0.416249,0.659399][0.342844,0.103543,0][1.55817,-0.806691,-0.500888][-0.467644,-0.447119,0.762492][0.394473,0.152388,0][1.50011,-0.614679,-0.424941][-0.413208,-0.447802,0.792927][0.359364,0.207075,0][1.39995,-0.627309,-0.513393][-0.608446,-0.423215,0.671329][0.322702,0.173891,0][1.39995,-0.627309,-0.513393][-0.608446,-0.423215,0.671329][0.322702,0.173891,0][1.41454,-0.829384,-0.627518][-0.626043,-0.416249,0.659399][0.342844,0.103543,0][1.55817,-0.806691,-0.500888][-0.467644,-0.447119,0.762492][0.394473,0.152388,0][1.72378,-0.281675,-0.377643][-0.89059,0.451432,-0.055306][0.351205,0.345907,0][1.69237,-0.308995,-0.267999][-0.901259,0.430639,-0.047785][0.371741,0.348176,0][1.77588,-0.197961,-0.335155][-0.822518,0.560588,-0.095946][0.354378,0.384385,0][1.7811,-0.487279,-0.317308][0.047506,-0.264777,0.963139][0.416046,0.306364,0][1.66023,-0.418577,-0.291565][0.0839,-0.24278,0.966446][0.381724,0.308505,0][1.60513,-0.527617,-0.33557][-0.183861,-0.387436,0.903376][0.382591,0.26217,0][1.60513,-0.527617,-0.33557][-0.183861,-0.387436,0.903376][0.382591,0.26217,0][1.71569,-0.657986,-0.367662][-0.236227,-0.411651,0.880193][0.42558,0.240011,0][1.7811,-0.487279,-0.317308][0.047506,-0.264777,0.963139][0.416046,0.306364,0][1.71569,-0.657986,-0.367662][-0.236227,-0.411651,0.880193][0.42558,0.240011,0][1.60513,-0.527617,-0.33557][-0.183861,-0.387436,0.903376][0.382591,0.26217,0][1.50011,-0.614679,-0.424941][-0.413208,-0.447802,0.792927][0.359364,0.207075,0][1.50011,-0.614679,-0.424941][-0.413208,-0.447802,0.792927][0.359364,0.207075,0][1.55817,-0.806691,-0.500888][-0.467644,-0.447119,0.762492][0.394473,0.152388,0][1.71569,-0.657986,-0.367662][-0.236227,-0.411651,0.880193][0.42558,0.240011,0][1.79749,-0.344372,-0.309266][0.270088,-0.064921,0.960644][0.39302,0.350527,0][1.69237,-0.308995,-0.267999][0.27655,-0.053869,0.959489][0.371741,0.348176,0][1.66023,-0.418577,-0.291565][0.0839,-0.24278,0.966446][0.381724,0.308505,0][1.66023,-0.418577,-0.291565][0.0839,-0.24278,0.966446][0.381724,0.308505,0][1.7811,-0.487279,-0.317308][0.047506,-0.264777,0.963139][0.416046,0.306364,0][1.79749,-0.344372,-0.309266][0.270088,-0.064921,0.960644][0.39302,0.350527,0][1.16463,-0.437551,-0.731224][-0.86785,-0.167877,0.467605][0.191347,0.156276,0][1.13331,-0.318452,-0.7645][-0.902267,-0.0433289,0.428996][0.154525,0.17974,0][1.0277,-0.381748,-0.991798][-0.901438,-0.0485819,0.430174][0.098949,0.111905,0][1.0277,-0.381748,-0.991798][-0.901438,-0.0485819,0.430174][0.098949,0.111905,0][1.0762,-0.56192,-0.940461][-0.86785,-0.167877,0.467605][0.155092,0.076741,0][1.16463,-0.437551,-0.731224][-0.86785,-0.167877,0.467605][0.191347,0.156276,0][1.13331,-0.318452,-0.7645][-0.902267,-0.0433289,0.428996][0.154525,0.17974,0][1.13359,-0.190714,-0.770083][-0.909749,0.101204,0.402635][0.128311,0.214954,0][1.03168,-0.204793,-0.996338][-0.910388,0.0853471,0.404857][0.064043,0.161753,0][1.03168,-0.204793,-0.996338][-0.910388,0.0853471,0.404857][0.064043,0.161753,0][1.0277,-0.381748,-0.991798][-0.901438,-0.0485819,0.430174][0.098949,0.111905,0][1.13331,-0.318452,-0.7645][-0.902267,-0.0433289,0.428996][0.154525,0.17974,0][1.13359,-0.190714,-0.770083][-0.909749,0.101204,0.402635][0.128311,0.214954,0][1.1648,-0.0653252,-0.748059][-0.886861,0.242168,0.393488][0.114709,0.258699,0][1.07984,-0.0294862,-0.961527][-0.892482,0.220514,0.393509][0.046799,0.224254,0][1.07984,-0.0294862,-0.961527][-0.892482,0.220514,0.393509][0.046799,0.224254,0][1.03168,-0.204793,-0.996338][-0.910388,0.0853471,0.404857][0.064043,0.161753,0][1.13359,-0.190714,-0.770083][-0.909749,0.101204,0.402635][0.128311,0.214954,0][1.1648,-0.0653252,-0.748059][-0.886861,0.242168,0.393488][0.114709,0.258699,0][1.2239,0.0454418,-0.700584][-0.789019,0.450353,0.417889][0.115051,0.306693,0][1.16748,0.127012,-0.890769][-0.821026,0.397429,0.409838][0.048906,0.293292,0][1.16748,0.127012,-0.890769][-0.821026,0.397429,0.409838][0.048906,0.293292,0][1.07984,-0.0294862,-0.961527][-0.892482,0.220514,0.393509][0.046799,0.224254,0][1.1648,-0.0653252,-0.748059][-0.886861,0.242168,0.393488][0.114709,0.258699,0][1.5152,0.11443,-0.444806][-0.0770729,0.791275,0.606584][0.21503,0.412075,0][1.66329,0.0711277,-0.447517][0.21728,0.700512,0.679759][0.254787,0.424993,0][1.58179,0.171133,-0.524524][-0.0890129,0.793311,0.602274][0.202229,0.428321,0][1.33252,0.123904,-0.607622][-0.610351,0.631832,0.477765][0.141461,0.36049,0][1.42955,0.132745,-0.521777][-0.338692,0.76718,0.544723][0.177678,0.391704,0][1.48311,0.22489,-0.614685][-0.378429,0.753167,0.538081][0.152469,0.413836,0][1.48311,0.22489,-0.614685][-0.378429,0.753167,0.538081][0.152469,0.413836,0][1.34185,0.235458,-0.740732][-0.658141,0.596686,0.459147][0.094913,0.374839,0][1.33252,0.123904,-0.607622][-0.610351,0.631832,0.477765][0.141461,0.36049,0][1.2239,0.0454418,-0.700584][-0.789019,0.450353,0.417889][0.115051,0.306693,0][1.33252,0.123904,-0.607622][-0.610351,0.631832,0.477765][0.141461,0.36049,0][1.34185,0.235458,-0.740732][-0.658141,0.596686,0.459147][0.094913,0.374839,0][1.34185,0.235458,-0.740732][-0.658141,0.596686,0.459147][0.094913,0.374839,0][1.16748,0.127012,-0.890769][-0.821026,0.397429,0.409838][0.048906,0.293292,0][1.2239,0.0454418,-0.700584][-0.789019,0.450353,0.417889][0.115051,0.306693,0][1.42955,0.132745,-0.521777][-0.338692,0.76718,0.544723][0.177678,0.391704,0][1.5152,0.11443,-0.444806][-0.0770729,0.791275,0.606584][0.21503,0.412075,0][1.58179,0.171133,-0.524524][-0.0890129,0.793311,0.602274][0.202229,0.428321,0][1.58179,0.171133,-0.524524][-0.0890129,0.793311,0.602274][0.202229,0.428321,0][1.48311,0.22489,-0.614685][-0.378429,0.753167,0.538081][0.152469,0.413836,0][1.42955,0.132745,-0.521777][-0.338692,0.76718,0.544723][0.177678,0.391704,0][1.69237,-0.308995,-0.267999][-0.901259,0.430639,-0.047785][0.371741,0.348176,0][1.72378,-0.281675,-0.377643][-0.89059,0.451432,-0.055306][0.351205,0.345907,0][1.67644,-0.359094,-0.416189][-0.897222,0.433839,0.082321][0.348601,0.310572,0][1.67644,-0.359094,-0.416189][-0.897222,0.433839,0.082321][0.348601,0.310572,0][1.66023,-0.418577,-0.291565][-0.894779,0.436579,0.09365][0.381724,0.308505,0][1.69237,-0.308995,-0.267999][-0.901259,0.430639,-0.047785][0.371741,0.348176,0][1.66023,-0.418577,-0.291565][-0.894779,0.436579,0.09365][0.381724,0.308505,0][1.67644,-0.359094,-0.416189][-0.897222,0.433839,0.082321][0.348601,0.310572,0][1.63128,-0.408619,-0.454069][-0.804,0.502118,0.31853][0.341103,0.283556,0][1.63128,-0.408619,-0.454069][-0.804,0.502118,0.31853][0.341103,0.283556,0][1.60513,-0.527617,-0.33557][-0.788946,0.509482,0.343501][0.382591,0.26217,0][1.66023,-0.418577,-0.291565][-0.894779,0.436579,0.09365][0.381724,0.308505,0][1.60513,-0.527617,-0.33557][-0.788946,0.509482,0.343501][0.382591,0.26217,0][1.63128,-0.408619,-0.454069][-0.804,0.502118,0.31853][0.341103,0.283556,0][1.57694,-0.436191,-0.501114][-0.679572,0.525673,0.511712][0.325481,0.259853,0][1.57694,-0.436191,-0.501114][-0.679572,0.525673,0.511712][0.325481,0.259853,0][1.50011,-0.614679,-0.424941][-0.654234,0.522555,0.54673][0.359364,0.207075,0][1.60513,-0.527617,-0.33557][-0.788946,0.509482,0.343501][0.382591,0.26217,0][1.50011,-0.614679,-0.424941][-0.654234,0.522555,0.54673][0.359364,0.207075,0][1.57694,-0.436191,-0.501114][-0.679572,0.525673,0.511712][0.325481,0.259853,0][1.51873,-0.43911,-0.552722][-0.55576,0.490918,0.670918][0.303263,0.241783,0][1.51873,-0.43911,-0.552722][-0.55576,0.490918,0.670918][0.303263,0.241783,0][1.39995,-0.627309,-0.513393][-0.543991,0.484452,0.685113][0.322702,0.173891,0][1.50011,-0.614679,-0.424941][-0.654234,0.522555,0.54673][0.359364,0.207075,0][1.39995,-0.627309,-0.513393][-0.543991,0.484452,0.685113][0.322702,0.173891,0][1.51873,-0.43911,-0.552722][-0.55576,0.490918,0.670918][0.303263,0.241783,0][1.46235,-0.417092,-0.60384][-0.470995,0.426762,0.772035][0.276624,0.231115,0][1.46235,-0.417092,-0.60384][-0.470995,0.426762,0.772035][0.276624,0.231115,0][1.30478,-0.599849,-0.599243][-0.464376,0.419934,0.77975][0.279734,0.153212,0][1.39995,-0.627309,-0.513393][-0.543991,0.484452,0.685113][0.322702,0.173891,0][1.30478,-0.599849,-0.599243][-0.464376,0.419934,0.77975][0.279734,0.153212,0][1.46235,-0.417092,-0.60384][-0.470995,0.426762,0.772035][0.276624,0.231115,0][1.41332,-0.372292,-0.649464][-0.401837,0.344359,0.848495][0.248172,0.228893,0][1.41332,-0.372292,-0.649464][-0.401837,0.344359,0.848495][0.248172,0.228893,0][1.22391,-0.534985,-0.674083][-0.399952,0.341718,0.850451][0.234665,0.147064,0][1.30478,-0.599849,-0.599243][-0.464376,0.419934,0.77975][0.279734,0.153212,0][1.22391,-0.534985,-0.674083][-0.399952,0.341718,0.850451][0.234665,0.147064,0][1.41332,-0.372292,-0.649464][-0.401837,0.344359,0.848495][0.248172,0.228893,0][1.38283,-0.324344,-0.678759][-0.342855,0.236196,0.90921][0.226336,0.233034,0][1.38283,-0.324344,-0.678759][-0.342855,0.236196,0.90921][0.226336,0.233034,0][1.16463,-0.437551,-0.731224][-0.342854,0.236196,0.90921][0.191347,0.156276,0][1.22391,-0.534985,-0.674083][-0.399952,0.341718,0.850451][0.234665,0.147064,0][1.13331,-0.318452,-0.7645][-0.304481,0.11355,0.945726][0.154525,0.17974,0][1.16463,-0.437551,-0.731224][-0.342854,0.236196,0.90921][0.191347,0.156276,0][1.38283,-0.324344,-0.678759][-0.342855,0.236196,0.90921][0.226336,0.233034,0][1.38283,-0.324344,-0.678759][-0.342855,0.236196,0.90921][0.226336,0.233034,0][1.36809,-0.264186,-0.694605][-0.303733,0.109898,0.946398][0.208162,0.245207,0][1.13331,-0.318452,-0.7645][-0.304481,0.11355,0.945726][0.154525,0.17974,0][1.13359,-0.190714,-0.770083][-0.285374,-0.00786596,0.958384][0.128311,0.214954,0][1.13331,-0.318452,-0.7645][-0.304481,0.11355,0.945726][0.154525,0.17974,0][1.36809,-0.264186,-0.694605][-0.303733,0.109898,0.946398][0.208162,0.245207,0][1.36809,-0.264186,-0.694605][-0.303733,0.109898,0.946398][0.208162,0.245207,0][1.3648,-0.183948,-0.701193][-0.284043,-0.020037,0.958602][0.190337,0.266299,0][1.13359,-0.190714,-0.770083][-0.285374,-0.00786596,0.958384][0.128311,0.214954,0][1.1648,-0.0653252,-0.748059][-0.279813,-0.14691,0.948748][0.114709,0.258699,0][1.13359,-0.190714,-0.770083][-0.285374,-0.00786596,0.958384][0.128311,0.214954,0][1.3648,-0.183948,-0.701193][-0.284043,-0.020037,0.958602][0.190337,0.266299,0][1.3648,-0.183948,-0.701193][-0.284043,-0.020037,0.958602][0.190337,0.266299,0][1.37965,-0.106735,-0.691511][-0.280842,-0.166112,0.94527][0.18025,0.291941,0][1.1648,-0.0653252,-0.748059][-0.279813,-0.14691,0.948748][0.114709,0.258699,0][1.2239,0.0454418,-0.700584][-0.301986,-0.319287,0.898254][0.115051,0.306693,0][1.1648,-0.0653252,-0.748059][-0.279813,-0.14691,0.948748][0.114709,0.258699,0][1.37965,-0.106735,-0.691511][-0.280842,-0.166112,0.94527][0.18025,0.291941,0][1.37965,-0.106735,-0.691511][-0.280842,-0.166112,0.94527][0.18025,0.291941,0][1.41121,-0.0401042,-0.666506][-0.309747,-0.358175,0.880777][0.178888,0.319626,0][1.2239,0.0454418,-0.700584][-0.301986,-0.319287,0.898254][0.115051,0.306693,0][1.33252,0.123904,-0.607622][-0.357222,-0.522298,0.774337][0.141461,0.36049,0][1.2239,0.0454418,-0.700584][-0.301986,-0.319287,0.898254][0.115051,0.306693,0][1.41121,-0.0401042,-0.666506][-0.309747,-0.358175,0.880777][0.178888,0.319626,0][1.41121,-0.0401042,-0.666506][-0.309747,-0.358175,0.880777][0.178888,0.319626,0][1.45636,0.00941975,-0.628627][-0.366471,-0.543536,0.75516][0.186386,0.346642,0][1.33252,0.123904,-0.607622][-0.357222,-0.522298,0.774337][0.141461,0.36049,0][1.42955,0.132745,-0.521777][-0.416105,-0.707407,0.571342][0.177678,0.391704,0][1.33252,0.123904,-0.607622][-0.357222,-0.522298,0.774337][0.141461,0.36049,0][1.45636,0.00941975,-0.628627][-0.366471,-0.543536,0.75516][0.186386,0.346642,0][1.45636,0.00941975,-0.628627][-0.366471,-0.543536,0.75516][0.186386,0.346642,0][1.51071,0.0369917,-0.581581][-0.416679,-0.714613,0.561878][0.202008,0.370345,0][1.42955,0.132745,-0.521777][-0.416105,-0.707407,0.571342][0.177678,0.391704,0][1.5152,0.11443,-0.444806][-0.387961,-0.796094,0.464458][0.21503,0.412075,0][1.42955,0.132745,-0.521777][-0.416105,-0.707407,0.571342][0.177678,0.391704,0][1.51071,0.0369917,-0.581581][-0.416679,-0.714613,0.561878][0.202008,0.370345,0][1.51071,0.0369917,-0.581581][-0.416679,-0.714613,0.561878][0.202008,0.370345,0][1.5838,0.0528827,-0.517342][-0.365218,-0.804157,0.468986][0.227385,0.396395,0][1.5152,0.11443,-0.444806][-0.387961,-0.796094,0.464458][0.21503,0.412075,0][1.5838,0.0528827,-0.517342][-0.365218,-0.804157,0.468986][0.227385,0.396395,0][1.66329,0.0711277,-0.447517][-0.236594,-0.839718,0.488772][0.254787,0.424993,0][1.5152,0.11443,-0.444806][-0.387961,-0.796094,0.464458][0.21503,0.412075,0][1.77588,-0.197961,-0.335155][0.419284,0.217722,0.881361][0.354378,0.384385,0][1.69237,-0.308995,-0.267999][0.27655,-0.053869,0.959489][0.371741,0.348176,0][1.79749,-0.344372,-0.309266][0.270088,-0.064921,0.960644][0.39302,0.350527,0]