version 1.00
1272
[0.31883,-0.362708,-0.246374][-0.774133,0.624671,-0.102489][0.23072,0.64812,0][0.254603,-0.42889,-0.221618][-0.743149,0.657295,-0.125275][0.21309,0.72645,0][0.24967,-0.425284,-0.13441][-0.648649,0.755141,0.0949539][0.25092,0.74853,0][0.24967,-0.425284,-0.13441][-0.648649,0.755141,0.0949539][0.25092,0.74853,0][0.313089,-0.368798,-0.164197][-0.702783,0.700062,0.126531][0.26769,0.67414,0][0.31883,-0.362708,-0.246374][-0.774133,0.624671,-0.102489][0.23072,0.64812,0][0.313089,-0.368798,-0.164197][-0.702783,0.700062,0.126531][0.26769,0.67414,0][0.24967,-0.425284,-0.13441][-0.648649,0.755141,0.0949539][0.25092,0.74853,0][0.265329,-0.428459,-0.069541][-0.418111,0.793284,0.442587][0.28039,0.76431,0][0.265329,-0.428459,-0.069541][-0.418111,0.793284,0.442587][0.28039,0.76431,0][0.326965,-0.379144,-0.10354][-0.460928,0.728426,0.506893][0.29628,0.69352,0][0.313089,-0.368798,-0.164197][-0.702783,0.700062,0.126531][0.26769,0.67414,0][0.469324,-0.383372,-0.536001][-0.317829,0.174534,-0.931946][0.08407,0.54226,0][0.410792,-0.48356,-0.525386][-0.377338,0.118724,-0.918434][0.04561,0.63466,0][0.361003,-0.467457,-0.483299][-0.675591,0.34602,-0.651035][0.07721,0.65422,0][0.361003,-0.467457,-0.483299][-0.675591,0.34602,-0.651035][0.07721,0.65422,0][0.422045,-0.372027,-0.495187][-0.658867,0.374076,-0.652657][0.1099,0.56336,0][0.469324,-0.383372,-0.536001][-0.317829,0.174534,-0.931946][0.08407,0.54226,0][0.422045,-0.372027,-0.495187][-0.658867,0.374076,-0.652657][0.1099,0.56336,0][0.361003,-0.467457,-0.483299][-0.675591,0.34602,-0.651035][0.07721,0.65422,0][0.314856,-0.451714,-0.410435][-0.762212,0.463307,-0.452084][0.11999,0.67742,0][0.314856,-0.451714,-0.410435][-0.762212,0.463307,-0.452084][0.11999,0.67742,0][0.377797,-0.364455,-0.425505][-0.764217,0.472967,-0.438491][0.14584,0.58977,0][0.422045,-0.372027,-0.495187][-0.658867,0.374076,-0.652657][0.1099,0.56336,0][0.377797,-0.364455,-0.425505][-0.764217,0.472967,-0.438491][0.14584,0.58977,0][0.314856,-0.451714,-0.410435][-0.762212,0.463307,-0.452084][0.11999,0.67742,0][0.277493,-0.43817,-0.318545][-0.776044,0.559222,-0.291594][0.16771,0.70207,0][0.277493,-0.43817,-0.318545][-0.776044,0.559222,-0.291594][0.16771,0.70207,0][0.341553,-0.361183,-0.338133][-0.789667,0.549261,-0.273383][0.18814,0.61905,0][0.377797,-0.364455,-0.425505][-0.764217,0.472967,-0.438491][0.14584,0.58977,0][0.341553,-0.361183,-0.338133][-0.789667,0.549261,-0.273383][0.18814,0.61905,0][0.277493,-0.43817,-0.318545][-0.776044,0.559222,-0.291594][0.16771,0.70207,0][0.254603,-0.42889,-0.221618][-0.743149,0.657295,-0.125275][0.21309,0.72645,0][0.254603,-0.42889,-0.221618][-0.743149,0.657295,-0.125275][0.21309,0.72645,0][0.31883,-0.362708,-0.246374][-0.774133,0.624671,-0.102489][0.23072,0.64812,0][0.341553,-0.361183,-0.338133][-0.789667,0.549261,-0.273383][0.18814,0.61905,0][0.44728,-0.0540361,-0.198333][-0.974362,0.128884,-0.184414][0.3265,0.50352,0][0.439933,-0.143814,-0.246098][-0.948117,0.285118,-0.140646][0.28977,0.52991,0][0.432107,-0.162595,-0.182441][-0.968055,0.23459,0.0885311][0.31966,0.55486,0][0.432107,-0.162595,-0.182441][-0.968055,0.23459,0.0885311][0.31966,0.55486,0][0.439589,-0.0817747,-0.144611][-0.999821,0.00164131,0.0188575][0.35008,0.53011,0][0.44728,-0.0540361,-0.198333][-0.974362,0.128884,-0.184414][0.3265,0.50352,0][0.437811,0.0461302,-0.108948][-0.979966,0.151868,-0.128852][0.38796,0.47317,0][0.44728,-0.0540361,-0.198333][-0.974362,0.128884,-0.184414][0.3265,0.50352,0][0.439589,-0.0817747,-0.144611][-0.999821,0.00164131,0.0188575][0.35008,0.53011,0][0.439589,-0.0817747,-0.144611][-0.999821,0.00164131,0.0188575][0.35008,0.53011,0][0.432057,0.0127592,-0.065985][-0.998475,-0.00500794,0.0549758][0.40433,0.49699,0][0.437811,0.0461302,-0.108948][-0.979966,0.151868,-0.128852][0.38796,0.47317,0][0.459292,0.173429,0.018973][-0.958154,0.284008,0.0357679][0.47189,0.42535,0][0.437811,0.0461302,-0.108948][-0.979966,0.151868,-0.128852][0.38796,0.47317,0][0.432057,0.0127592,-0.065985][-0.998475,-0.00500794,0.0549758][0.40433,0.49699,0][0.432057,0.0127592,-0.065985][-0.998475,-0.00500794,0.0549758][0.40433,0.49699,0][0.455094,0.140267,0.052837][-0.969418,0.119673,0.214259][0.4842,0.44583,0][0.459292,0.173429,0.018973][-0.958154,0.284008,0.0357679][0.47189,0.42535,0][0.535765,0.320331,0.180022][-0.895539,0.398455,0.198101][0.58516,0.35793,0][0.459292,0.173429,0.018973][-0.958154,0.284008,0.0357679][0.47189,0.42535,0][0.455094,0.140267,0.052837][-0.969418,0.119673,0.214259][0.4842,0.44583,0][0.455094,0.140267,0.052837][-0.969418,0.119673,0.214259][0.4842,0.44583,0][0.532732,0.291389,0.206566][-0.898271,0.202513,0.389997][0.59539,0.37506,0][0.535765,0.320331,0.180022][-0.895539,0.398455,0.198101][0.58516,0.35793,0][0.651355,0.449842,0.331809][-0.792331,0.508412,0.337236][0.69285,0.28887,0][0.535765,0.320331,0.180022][-0.895539,0.398455,0.198101][0.58516,0.35793,0][0.532732,0.291389,0.206566][-0.898271,0.202513,0.389997][0.59539,0.37506,0][0.532732,0.291389,0.206566][-0.898271,0.202513,0.389997][0.59539,0.37506,0][0.64839,0.426077,0.352615][-0.798097,0.305355,0.519423][0.70158,0.30267,0][0.651355,0.449842,0.331809][-0.792331,0.508412,0.337236][0.69285,0.28887,0][0.78008,0.53558,0.441944][-0.624467,0.610704,0.48691][0.77209,0.23383,0][0.651355,0.449842,0.331809][-0.792331,0.508412,0.337236][0.69285,0.28887,0][0.64839,0.426077,0.352615][-0.798097,0.305355,0.519423][0.70158,0.30267,0][0.64839,0.426077,0.352615][-0.798097,0.305355,0.519423][0.70158,0.30267,0][0.777595,0.516539,0.458135][-0.620614,0.347886,0.702719][0.77889,0.24537,0][0.78008,0.53558,0.441944][-0.624467,0.610704,0.48691][0.77209,0.23383,0][0.913104,0.582643,0.509915][-0.398078,0.688811,0.605867][0.84239,0.18028,0][0.78008,0.53558,0.441944][-0.624467,0.610704,0.48691][0.77209,0.23383,0][0.777595,0.516539,0.458135][-0.620614,0.347886,0.702719][0.77889,0.24537,0][0.777595,0.516539,0.458135][-0.620614,0.347886,0.702719][0.77889,0.24537,0][0.911505,0.568678,0.522055][-0.363717,0.288109,0.885835][0.8474,0.18947,0][0.913104,0.582643,0.509915][-0.398078,0.688811,0.605867][0.84239,0.18028,0][1.00857,0.600902,0.530363][-0.129794,0.723011,0.678534][0.87193,0.15096,0][0.913104,0.582643,0.509915][-0.398078,0.688811,0.605867][0.84239,0.18028,0][0.911505,0.568678,0.522055][-0.363717,0.288109,0.885835][0.8474,0.18947,0][0.911505,0.568678,0.522055][-0.363717,0.288109,0.885835][0.8474,0.18947,0][1.00823,0.59094,0.539056][-0.0773789,0.330598,0.940594][0.87554,0.15847,0][1.00857,0.600902,0.530363][-0.129794,0.723011,0.678534][0.87193,0.15096,0][1.1004,0.609268,0.519162][0.127996,0.703357,0.699219][0.90229,0.11808,0][1.00857,0.600902,0.530363][-0.129794,0.723011,0.678534][0.87193,0.15096,0][1.00823,0.59094,0.539056][-0.0773789,0.330598,0.940594][0.87554,0.15847,0][1.00823,0.59094,0.539056][-0.0773789,0.330598,0.940594][0.87554,0.15847,0][1.10129,0.603027,0.523704][0.232972,0.317285,0.919268][0.90402,0.12226,0][1.1004,0.609268,0.519162][0.127996,0.703357,0.699219][0.90229,0.11808,0][1.19373,0.615554,0.480919][0.352327,0.63118,0.690998][0.94817,0.07042,0][1.1004,0.609268,0.519162][0.127996,0.703357,0.699219][0.90229,0.11808,0][1.10129,0.603027,0.523704][0.232972,0.317285,0.919268][0.90402,0.12226,0][1.10129,0.603027,0.523704][0.232972,0.317285,0.919268][0.90402,0.12226,0][1.19405,0.612982,0.482294][0.425914,0.403552,0.80978][0.94972,0.07172,0][1.19373,0.615554,0.480919][0.352327,0.63118,0.690998][0.94817,0.07042,0][0.439589,-0.0817747,-0.144611][-0.999821,0.00164131,0.0188575][0.35008,0.53011,0][0.432107,-0.162595,-0.182441][-0.968055,0.23459,0.0885311][0.31966,0.55486,0][0.441488,-0.17892,-0.134834][-0.764998,0.0781393,0.639275][0.34332,0.57167,0][0.441488,-0.17892,-0.134834][-0.764998,0.0781393,0.639275][0.34332,0.57167,0][0.448077,-0.102239,-0.103663][-0.871133,-0.259673,0.41677][0.37063,0.54756,0][0.439589,-0.0817747,-0.144611][-0.999821,0.00164131,0.0188575][0.35008,0.53011,0][0.432057,0.0127592,-0.065985][-0.998475,-0.00500794,0.0549758][0.40433,0.49699,0][0.439589,-0.0817747,-0.144611][-0.999821,0.00164131,0.0188575][0.35008,0.53011,0][0.448077,-0.102239,-0.103663][-0.871133,-0.259673,0.41677][0.37063,0.54756,0][0.448077,-0.102239,-0.103663][-0.871133,-0.259673,0.41677][0.37063,0.54756,0][0.440495,-0.0108767,-0.032558][-0.844179,-0.310967,0.436648][0.42011,0.51212,0][0.432057,0.0127592,-0.065985][-0.998475,-0.00500794,0.0549758][0.40433,0.49699,0][0.455094,0.140267,0.052837][-0.969418,0.119673,0.214259][0.4842,0.44583,0][0.432057,0.0127592,-0.065985][-0.998475,-0.00500794,0.0549758][0.40433,0.49699,0][0.440495,-0.0108767,-0.032558][-0.844179,-0.310967,0.436648][0.42011,0.51212,0][0.440495,-0.0108767,-0.032558][-0.844179,-0.310967,0.436648][0.42011,0.51212,0][0.463484,0.11594,0.077353][-0.830996,-0.203933,0.517549][0.49625,0.45952,0][0.455094,0.140267,0.052837][-0.969418,0.119673,0.214259][0.4842,0.44583,0][0.532732,0.291389,0.206566][-0.898271,0.202513,0.389997][0.59539,0.37506,0][0.455094,0.140267,0.052837][-0.969418,0.119673,0.214259][0.4842,0.44583,0][0.463484,0.11594,0.077353][-0.830996,-0.203933,0.517549][0.49625,0.45952,0][0.463484,0.11594,0.077353][-0.830996,-0.203933,0.517549][0.49625,0.45952,0][0.540401,0.268826,0.22184][-0.712952,-0.193389,0.674018][0.60415,0.38718,0][0.532732,0.291389,0.206566][-0.898271,0.202513,0.389997][0.59539,0.37506,0][0.64839,0.426077,0.352615][-0.798097,0.305355,0.519423][0.70158,0.30267,0][0.532732,0.291389,0.206566][-0.898271,0.202513,0.389997][0.59539,0.37506,0][0.540401,0.268826,0.22184][-0.712952,-0.193389,0.674018][0.60415,0.38718,0][0.540401,0.268826,0.22184][-0.712952,-0.193389,0.674018][0.60415,0.38718,0][0.653405,0.40609,0.363426][-0.652134,-0.103767,0.750968][0.70819,0.31308,0][0.64839,0.426077,0.352615][-0.798097,0.305355,0.519423][0.70158,0.30267,0][0.777595,0.516539,0.458135][-0.620614,0.347886,0.702719][0.77889,0.24537,0][0.64839,0.426077,0.352615][-0.798097,0.305355,0.519423][0.70158,0.30267,0][0.653405,0.40609,0.363426][-0.652134,-0.103767,0.750968][0.70819,0.31308,0][0.653405,0.40609,0.363426][-0.652134,-0.103767,0.750968][0.70819,0.31308,0][0.781559,0.499914,0.463115][-0.502232,-0.0431158,0.863657][0.7838,0.25436,0][0.777595,0.516539,0.458135][-0.620614,0.347886,0.702719][0.77889,0.24537,0][0.911505,0.568678,0.522055][-0.363717,0.288109,0.885835][0.8474,0.18947,0][0.777595,0.516539,0.458135][-0.620614,0.347886,0.702719][0.77889,0.24537,0][0.781559,0.499914,0.463115][-0.502232,-0.0431158,0.863657][0.7838,0.25436,0][0.781559,0.499914,0.463115][-0.502232,-0.0431158,0.863657][0.7838,0.25436,0][0.914767,0.556571,0.521479][-0.298169,0.00380269,0.954506][0.85159,0.19606,0][0.911505,0.568678,0.522055][-0.363717,0.288109,0.885835][0.8474,0.18947,0][1.00823,0.59094,0.539056][-0.0773789,0.330598,0.940594][0.87554,0.15847,0][0.911505,0.568678,0.522055][-0.363717,0.288109,0.885835][0.8474,0.18947,0][0.914767,0.556571,0.521479][-0.298169,0.00380269,0.954506][0.85159,0.19606,0][0.914767,0.556571,0.521479][-0.298169,0.00380269,0.954506][0.85159,0.19606,0][1.01056,0.58224,0.53878][0.0339939,-0.107417,0.993633][0.8795,0.16299,0][1.00823,0.59094,0.539056][-0.0773789,0.330598,0.940594][0.87554,0.15847,0][1.10129,0.603027,0.523704][0.232972,0.317285,0.919268][0.90402,0.12226,0][1.00823,0.59094,0.539056][-0.0773789,0.330598,0.940594][0.87554,0.15847,0][1.01056,0.58224,0.53878][0.0339939,-0.107417,0.993633][0.8795,0.16299,0][1.01056,0.58224,0.53878][0.0339939,-0.107417,0.993633][0.8795,0.16299,0][1.1018,0.59793,0.523646][0.278246,0.0392835,0.959706][0.90588,0.12443,0][1.10129,0.603027,0.523704][0.232972,0.317285,0.919268][0.90402,0.12226,0][1.19405,0.612982,0.482294][0.425914,0.403552,0.80978][0.94972,0.07172,0][1.10129,0.603027,0.523704][0.232972,0.317285,0.919268][0.90402,0.12226,0][1.1018,0.59793,0.523646][0.278246,0.0392835,0.959706][0.90588,0.12443,0][1.1018,0.59793,0.523646][0.278246,0.0392835,0.959706][0.90588,0.12443,0][1.19437,0.610565,0.483123][0.471581,0.210621,0.856301][0.95081,0.07307,0][1.19405,0.612982,0.482294][0.425914,0.403552,0.80978][0.94972,0.07172,0][0.574628,0.0420618,-0.376393][-0.24133,0.594859,-0.766748][0.25713,0.38294,0][0.576174,-0.0940914,-0.464807][-0.0711933,0.441988,-0.894191][0.18802,0.41539,0][0.53536,-0.0976496,-0.435301][-0.659384,0.411027,-0.629499][0.20419,0.4382,0][0.53536,-0.0976496,-0.435301][-0.659384,0.411027,-0.629499][0.20419,0.4382,0][0.536696,0.029027,-0.354073][-0.676953,0.430921,-0.596693][0.26677,0.4064,0][0.574628,0.0420618,-0.376393][-0.24133,0.594859,-0.766748][0.25713,0.38294,0][0.54804,0.169767,-0.247757][-0.326034,0.696867,-0.638811][0.35122,0.36107,0][0.574628,0.0420618,-0.376393][-0.24133,0.594859,-0.766748][0.25713,0.38294,0][0.536696,0.029027,-0.354073][-0.676953,0.430921,-0.596693][0.26677,0.4064,0][0.536696,0.029027,-0.354073][-0.676953,0.430921,-0.596693][0.26677,0.4064,0][0.514613,0.151298,-0.230667][-0.71519,0.499052,-0.489336][0.35461,0.38304,0][0.54804,0.169767,-0.247757][-0.326034,0.696867,-0.638811][0.35122,0.36107,0][0.551501,0.290409,-0.095117][-0.274251,0.797064,-0.538028][0.44538,0.32935,0][0.54804,0.169767,-0.247757][-0.326034,0.696867,-0.638811][0.35122,0.36107,0][0.514613,0.151298,-0.230667][-0.71519,0.499052,-0.489336][0.35461,0.38304,0][0.514613,0.151298,-0.230667][-0.71519,0.499052,-0.489336][0.35461,0.38304,0][0.523081,0.274006,-0.080076][-0.717838,0.616515,-0.323447][0.44805,0.3483,0][0.551501,0.290409,-0.095117][-0.274251,0.797064,-0.538028][0.44538,0.32935,0][0.609156,0.410789,0.07793][-0.199653,0.854893,-0.478849][0.55478,0.28073,0][0.551501,0.290409,-0.095117][-0.274251,0.797064,-0.538028][0.44538,0.32935,0][0.523081,0.274006,-0.080076][-0.717838,0.616515,-0.323447][0.44805,0.3483,0][0.523081,0.274006,-0.080076][-0.717838,0.616515,-0.323447][0.44805,0.3483,0][0.586558,0.400311,0.093883][-0.662434,0.726731,-0.181777][0.55914,0.2958,0][0.609156,0.410789,0.07793][-0.199653,0.854893,-0.478849][0.55478,0.28073,0][0.705756,0.514961,0.240506][-0.151826,0.891862,-0.426064][0.66174,0.23035,0][0.609156,0.410789,0.07793][-0.199653,0.854893,-0.478849][0.55478,0.28073,0][0.586558,0.400311,0.093883][-0.662434,0.726731,-0.181777][0.55914,0.2958,0][0.586558,0.400311,0.093883][-0.662434,0.726731,-0.181777][0.55914,0.2958,0][0.689301,0.509497,0.256889][-0.566011,0.821437,-0.0698105][0.66618,0.24191,0][0.705756,0.514961,0.240506][-0.151826,0.891862,-0.426064][0.66174,0.23035,0][0.818031,0.582453,0.363545][-0.122939,0.942677,-0.310234][0.74534,0.18939,0][0.705756,0.514961,0.240506][-0.151826,0.891862,-0.426064][0.66174,0.23035,0][0.689301,0.509497,0.256889][-0.566011,0.821437,-0.0698105][0.66618,0.24191,0][0.689301,0.509497,0.256889][-0.566011,0.821437,-0.0698105][0.66618,0.24191,0][0.806861,0.579902,0.378796][-0.417989,0.907492,0.0417464][0.74963,0.19796,0][0.818031,0.582453,0.363545][-0.122939,0.942677,-0.310234][0.74534,0.18939,0][0.935035,0.614693,0.447881][-0.0111471,0.959418,-0.281766][0.82323,0.14705,0][0.818031,0.582453,0.363545][-0.122939,0.942677,-0.310234][0.74534,0.18939,0][0.806861,0.579902,0.378796][-0.417989,0.907492,0.0417464][0.74963,0.19796,0][0.806861,0.579902,0.378796][-0.417989,0.907492,0.0417464][0.74963,0.19796,0][0.928821,0.613691,0.460546][-0.243809,0.960021,0.137538][0.82741,0.15245,0][0.935035,0.614693,0.447881][-0.0111471,0.959418,-0.281766][0.82323,0.14705,0][1.0174,0.622096,0.482884][0.0421882,0.951421,-0.30499][0.85875,0.1246,0][0.935035,0.614693,0.447881][-0.0111471,0.959418,-0.281766][0.82323,0.14705,0][0.928821,0.613691,0.460546][-0.243809,0.960021,0.137538][0.82741,0.15245,0][0.928821,0.613691,0.460546][-0.243809,0.960021,0.137538][0.82741,0.15245,0][1.01469,0.621883,0.492765][-0.0781616,0.981744,0.173407][0.86247,0.1281,0][1.0174,0.622096,0.482884][0.0421882,0.951421,-0.30499][0.85875,0.1246,0][1.10024,0.62142,0.488069][-0.026442,0.828372,-0.559554][0.89042,0.09977,0][1.0174,0.622096,0.482884][0.0421882,0.951421,-0.30499][0.85875,0.1246,0][1.01469,0.621883,0.492765][-0.0781616,0.981744,0.173407][0.86247,0.1281,0][1.01469,0.621883,0.492765][-0.0781616,0.981744,0.173407][0.86247,0.1281,0][1.09999,0.621973,0.494064][0.0270385,0.993587,0.109787][0.89447,0.10235,0][1.10024,0.62142,0.488069][-0.026442,0.828372,-0.559554][0.89042,0.09977,0][1.18798,0.618722,0.469679][-0.0936303,0.786794,-0.610072][0.94205,0.06609,0][1.10024,0.62142,0.488069][-0.026442,0.828372,-0.559554][0.89042,0.09977,0][1.09999,0.621973,0.494064][0.0270385,0.993587,0.109787][0.89447,0.10235,0][1.09999,0.621973,0.494064][0.0270385,0.993587,0.109787][0.89447,0.10235,0][1.18931,0.619743,0.471451][-0.00957879,0.96482,-0.262736][0.94228,0.06724,0][1.18798,0.618722,0.469679][-0.0936303,0.786794,-0.610072][0.94205,0.06609,0][0.536696,0.029027,-0.354073][-0.676953,0.430921,-0.596693][0.26677,0.4064,0][0.53536,-0.0976496,-0.435301][-0.659384,0.411027,-0.629499][0.20419,0.4382,0][0.495803,-0.108685,-0.382944][-0.821484,0.358055,-0.443803][0.22812,0.4673,0][0.495803,-0.108685,-0.382944][-0.821484,0.358055,-0.443803][0.22812,0.4673,0][0.49986,0.00595856,-0.311737][-0.841547,0.308125,-0.443687][0.28223,0.43691,0][0.536696,0.029027,-0.354073][-0.676953,0.430921,-0.596693][0.26677,0.4064,0][0.514613,0.151298,-0.230667][-0.71519,0.499052,-0.489336][0.35461,0.38304,0][0.536696,0.029027,-0.354073][-0.676953,0.430921,-0.596693][0.26677,0.4064,0][0.49986,0.00595856,-0.311737][-0.841547,0.308125,-0.443687][0.28223,0.43691,0][0.49986,0.00595856,-0.311737][-0.841547,0.308125,-0.443687][0.28223,0.43691,0][0.482595,0.12121,-0.198013][-0.859943,0.361988,-0.35981][0.36188,0.41152,0][0.514613,0.151298,-0.230667][-0.71519,0.499052,-0.489336][0.35461,0.38304,0][0.523081,0.274006,-0.080076][-0.717838,0.616515,-0.323447][0.44805,0.3483,0][0.514613,0.151298,-0.230667][-0.71519,0.499052,-0.489336][0.35461,0.38304,0][0.482595,0.12121,-0.198013][-0.859943,0.361988,-0.35981][0.36188,0.41152,0][0.482595,0.12121,-0.198013][-0.859943,0.361988,-0.35981][0.36188,0.41152,0][0.496114,0.245866,-0.052963][-0.852274,0.488152,-0.187982][0.45318,0.37286,0][0.523081,0.274006,-0.080076][-0.717838,0.616515,-0.323447][0.44805,0.3483,0][0.586558,0.400311,0.093883][-0.662434,0.726731,-0.181777][0.55914,0.2958,0][0.523081,0.274006,-0.080076][-0.717838,0.616515,-0.323447][0.44805,0.3483,0][0.496114,0.245866,-0.052963][-0.852274,0.488152,-0.187982][0.45318,0.37286,0][0.496114,0.245866,-0.052963][-0.852274,0.488152,-0.187982][0.45318,0.37286,0][0.564992,0.379316,0.118959][-0.793149,0.608159,-0.0325056][0.56596,0.31554,0][0.586558,0.400311,0.093883][-0.662434,0.726731,-0.181777][0.55914,0.2958,0][0.689301,0.509497,0.256889][-0.566011,0.821437,-0.0698105][0.66618,0.24191,0][0.586558,0.400311,0.093883][-0.662434,0.726731,-0.181777][0.55914,0.2958,0][0.564992,0.379316,0.118959][-0.793149,0.608159,-0.0325056][0.56596,0.31554,0][0.564992,0.379316,0.118959][-0.793149,0.608159,-0.0325056][0.56596,0.31554,0][0.673489,0.495081,0.28006][-0.691725,0.715629,0.09691][0.67352,0.25671,0][0.689301,0.509497,0.256889][-0.566011,0.821437,-0.0698105][0.66618,0.24191,0][0.806861,0.579902,0.378796][-0.417989,0.907492,0.0417464][0.74963,0.19796,0][0.689301,0.509497,0.256889][-0.566011,0.821437,-0.0698105][0.66618,0.24191,0][0.673489,0.495081,0.28006][-0.691725,0.715629,0.09691][0.67352,0.25671,0][0.673489,0.495081,0.28006][-0.691725,0.715629,0.09691][0.67352,0.25671,0][0.795891,0.569971,0.399049][-0.531797,0.815279,0.229156][0.75609,0.20887,0][0.806861,0.579902,0.378796][-0.417989,0.907492,0.0417464][0.74963,0.19796,0][0.928821,0.613691,0.460546][-0.243809,0.960021,0.137538][0.82741,0.15245,0][0.806861,0.579902,0.378796][-0.417989,0.907492,0.0417464][0.74963,0.19796,0][0.795891,0.569971,0.399049][-0.531797,0.815279,0.229156][0.75609,0.20887,0][0.795891,0.569971,0.399049][-0.531797,0.815279,0.229156][0.75609,0.20887,0][0.922498,0.606998,0.476584][-0.332069,0.878644,0.343096][0.83221,0.16016,0][0.928821,0.613691,0.460546][-0.243809,0.960021,0.137538][0.82741,0.15245,0][1.01469,0.621883,0.492765][-0.0781616,0.981744,0.173407][0.86247,0.1281,0][0.928821,0.613691,0.460546][-0.243809,0.960021,0.137538][0.82741,0.15245,0][0.922498,0.606998,0.476584][-0.332069,0.878644,0.343096][0.83221,0.16016,0][0.922498,0.606998,0.476584][-0.332069,0.878644,0.343096][0.83221,0.16016,0][1.01213,0.617618,0.505146][-0.117576,0.911324,0.394543][0.8659,0.13402,0][1.01469,0.621883,0.492765][-0.0781616,0.981744,0.173407][0.86247,0.1281,0][1.09999,0.621973,0.494064][0.0270385,0.993587,0.109787][0.89447,0.10235,0][1.01469,0.621883,0.492765][-0.0781616,0.981744,0.173407][0.86247,0.1281,0][1.01213,0.617618,0.505146][-0.117576,0.911324,0.394543][0.8659,0.13402,0][1.01213,0.617618,0.505146][-0.117576,0.911324,0.394543][0.8659,0.13402,0][1.09977,0.619531,0.502527][0.0521401,0.926665,0.372254][0.89814,0.10672,0][1.09999,0.621973,0.494064][0.0270385,0.993587,0.109787][0.89447,0.10235,0][1.18931,0.619743,0.471451][-0.00957879,0.96482,-0.262736][0.94228,0.06724,0][1.09999,0.621973,0.494064][0.0270385,0.993587,0.109787][0.89447,0.10235,0][1.09977,0.619531,0.502527][0.0521401,0.926665,0.372254][0.89814,0.10672,0][1.09977,0.619531,0.502527][0.0521401,0.926665,0.372254][0.89814,0.10672,0][1.1912,0.619845,0.474112][0.116515,0.982927,0.142406][0.94367,0.06836,0][1.18931,0.619743,0.471451][-0.00957879,0.96482,-0.262736][0.94228,0.06724,0][0.49986,0.00595856,-0.311737][-0.841547,0.308125,-0.443687][0.28223,0.43691,0][0.495803,-0.108685,-0.382944][-0.821484,0.358055,-0.443803][0.22812,0.4673,0][0.462287,-0.1249,-0.316499][-0.899543,0.320405,-0.296922][0.2578,0.49934,0][0.462287,-0.1249,-0.316499][-0.899543,0.320405,-0.296922][0.2578,0.49934,0][0.468442,-0.0232105,-0.257003][-0.922028,0.218871,-0.319311][0.30286,0.47089,0][0.49986,0.00595856,-0.311737][-0.841547,0.308125,-0.443687][0.28223,0.43691,0][0.482595,0.12121,-0.198013][-0.859943,0.361988,-0.35981][0.36188,0.41152,0][0.49986,0.00595856,-0.311737][-0.841547,0.308125,-0.443687][0.28223,0.43691,0][0.468442,-0.0232105,-0.257003][-0.922028,0.218871,-0.319311][0.30286,0.47089,0][0.468442,-0.0232105,-0.257003][-0.922028,0.218871,-0.319311][0.30286,0.47089,0][0.455628,0.08428,-0.155268][-0.932933,0.258815,-0.250302][0.37325,0.44313,0][0.482595,0.12121,-0.198013][-0.859943,0.361988,-0.35981][0.36188,0.41152,0][0.496114,0.245866,-0.052963][-0.852274,0.488152,-0.187982][0.45318,0.37286,0][0.482595,0.12121,-0.198013][-0.859943,0.361988,-0.35981][0.36188,0.41152,0][0.455628,0.08428,-0.155268][-0.932933,0.258815,-0.250302][0.37325,0.44313,0][0.455628,0.08428,-0.155268][-0.932933,0.258815,-0.250302][0.37325,0.44313,0][0.473765,0.210547,-0.018145][-0.917977,0.388491,-0.0799553][0.46118,0.39988,0][0.496114,0.245866,-0.052963][-0.852274,0.488152,-0.187982][0.45318,0.37286,0][0.564992,0.379316,0.118959][-0.793149,0.608159,-0.0325056][0.56596,0.31554,0][0.496114,0.245866,-0.052963][-0.852274,0.488152,-0.187982][0.45318,0.37286,0][0.473765,0.210547,-0.018145][-0.917977,0.388491,-0.0799553][0.46118,0.39988,0][0.473765,0.210547,-0.018145][-0.917977,0.388491,-0.0799553][0.46118,0.39988,0][0.547143,0.351218,0.149228][-0.85753,0.508137,0.0802471][0.57489,0.33728,0][0.564992,0.379316,0.118959][-0.793149,0.608159,-0.0325056][0.56596,0.31554,0][0.673489,0.495081,0.28006][-0.691725,0.715629,0.09691][0.67352,0.25671,0][0.564992,0.379316,0.118959][-0.793149,0.608159,-0.0325056][0.56596,0.31554,0][0.547143,0.351218,0.149228][-0.85753,0.508137,0.0802471][0.57489,0.33728,0][0.547143,0.351218,0.149228][-0.85753,0.508137,0.0802471][0.57489,0.33728,0][0.660145,0.474219,0.306471][-0.754905,0.618326,0.218615][0.68296,0.273,0][0.673489,0.495081,0.28006][-0.691725,0.715629,0.09691][0.67352,0.25671,0][0.795891,0.569971,0.399049][-0.531797,0.815279,0.229156][0.75609,0.20887,0][0.673489,0.495081,0.28006][-0.691725,0.715629,0.09691][0.67352,0.25671,0][0.660145,0.474219,0.306471][-0.754905,0.618326,0.218615][0.68296,0.273,0][0.660145,0.474219,0.306471][-0.754905,0.618326,0.218615][0.68296,0.273,0][0.786456,0.554436,0.421276][-0.590252,0.72135,0.362294][0.76405,0.2212,0][0.795891,0.569971,0.399049][-0.531797,0.815279,0.229156][0.75609,0.20887,0][0.922498,0.606998,0.476584][-0.332069,0.878644,0.343096][0.83221,0.16016,0][0.795891,0.569971,0.399049][-0.531797,0.815279,0.229156][0.75609,0.20887,0][0.786456,0.554436,0.421276][-0.590252,0.72135,0.362294][0.76405,0.2212,0][0.786456,0.554436,0.421276][-0.590252,0.72135,0.362294][0.76405,0.2212,0][0.916966,0.596085,0.493902][-0.374334,0.794514,0.478144][0.83724,0.16986,0][0.922498,0.606998,0.476584][-0.332069,0.878644,0.343096][0.83221,0.16016,0][1.01213,0.617618,0.505146][-0.117576,0.911324,0.394543][0.8659,0.13402,0][0.922498,0.606998,0.476584][-0.332069,0.878644,0.343096][0.83221,0.16016,0][0.916966,0.596085,0.493902][-0.374334,0.794514,0.478144][0.83724,0.16986,0][0.916966,0.596085,0.493902][-0.374334,0.794514,0.478144][0.83724,0.16986,0][1.00998,0.610248,0.518341][-0.131727,0.831941,0.539001][0.86892,0.14209,0][1.01213,0.617618,0.505146][-0.117576,0.911324,0.394543][0.8659,0.13402,0][1.09977,0.619531,0.502527][0.0521401,0.926665,0.372254][0.89814,0.10672,0][1.01213,0.617618,0.505146][-0.117576,0.911324,0.394543][0.8659,0.13402,0][1.00998,0.610248,0.518341][-0.131727,0.831941,0.539001][0.86892,0.14209,0][1.00998,0.610248,0.518341][-0.131727,0.831941,0.539001][0.86892,0.14209,0][1.09994,0.61506,0.511325][0.0773828,0.846844,0.526182][0.90065,0.11231,0][1.09977,0.619531,0.502527][0.0521401,0.926665,0.372254][0.89814,0.10672,0][1.1912,0.619845,0.474112][0.116515,0.982927,0.142406][0.94367,0.06836,0][1.09977,0.619531,0.502527][0.0521401,0.926665,0.372254][0.89814,0.10672,0][1.09994,0.61506,0.511325][0.0773828,0.846844,0.526182][0.90065,0.11231,0][1.09994,0.61506,0.511325][0.0773828,0.846844,0.526182][0.90065,0.11231,0][1.1927,0.618172,0.477856][0.23116,0.855965,0.462482][0.94611,0.06927,0][1.1912,0.619845,0.474112][0.116515,0.982927,0.142406][0.94367,0.06836,0][0.468442,-0.0232105,-0.257003][-0.922028,0.218871,-0.319311][0.30286,0.47089,0][0.462287,-0.1249,-0.316499][-0.899543,0.320405,-0.296922][0.2578,0.49934,0][0.439933,-0.143814,-0.246098][-0.948117,0.285118,-0.140646][0.28977,0.52991,0][0.439933,-0.143814,-0.246098][-0.948117,0.285118,-0.140646][0.28977,0.52991,0][0.44728,-0.0540361,-0.198333][-0.974362,0.128884,-0.184414][0.3265,0.50352,0][0.468442,-0.0232105,-0.257003][-0.922028,0.218871,-0.319311][0.30286,0.47089,0][0.455628,0.08428,-0.155268][-0.932933,0.258815,-0.250302][0.37325,0.44313,0][0.468442,-0.0232105,-0.257003][-0.922028,0.218871,-0.319311][0.30286,0.47089,0][0.44728,-0.0540361,-0.198333][-0.974362,0.128884,-0.184414][0.3265,0.50352,0][0.44728,-0.0540361,-0.198333][-0.974362,0.128884,-0.184414][0.3265,0.50352,0][0.437811,0.0461302,-0.108948][-0.979966,0.151868,-0.128852][0.38796,0.47317,0][0.455628,0.08428,-0.155268][-0.932933,0.258815,-0.250302][0.37325,0.44313,0][0.473765,0.210547,-0.018145][-0.917977,0.388491,-0.0799553][0.46118,0.39988,0][0.455628,0.08428,-0.155268][-0.932933,0.258815,-0.250302][0.37325,0.44313,0][0.437811,0.0461302,-0.108948][-0.979966,0.151868,-0.128852][0.38796,0.47317,0][0.437811,0.0461302,-0.108948][-0.979966,0.151868,-0.128852][0.38796,0.47317,0][0.459292,0.173429,0.018973][-0.958154,0.284008,0.0357679][0.47189,0.42535,0][0.473765,0.210547,-0.018145][-0.917977,0.388491,-0.0799553][0.46118,0.39988,0][0.547143,0.351218,0.149228][-0.85753,0.508137,0.0802471][0.57489,0.33728,0][0.473765,0.210547,-0.018145][-0.917977,0.388491,-0.0799553][0.46118,0.39988,0][0.459292,0.173429,0.018973][-0.958154,0.284008,0.0357679][0.47189,0.42535,0][0.459292,0.173429,0.018973][-0.958154,0.284008,0.0357679][0.47189,0.42535,0][0.535765,0.320331,0.180022][-0.895539,0.398455,0.198101][0.58516,0.35793,0][0.547143,0.351218,0.149228][-0.85753,0.508137,0.0802471][0.57489,0.33728,0][0.547143,0.351218,0.149228][-0.85753,0.508137,0.0802471][0.57489,0.33728,0][0.535765,0.320331,0.180022][-0.895539,0.398455,0.198101][0.58516,0.35793,0][0.651355,0.449842,0.331809][-0.792331,0.508412,0.337236][0.69285,0.28887,0][0.651355,0.449842,0.331809][-0.792331,0.508412,0.337236][0.69285,0.28887,0][0.660145,0.474219,0.306471][-0.754905,0.618326,0.218615][0.68296,0.273,0][0.547143,0.351218,0.149228][-0.85753,0.508137,0.0802471][0.57489,0.33728,0][0.660145,0.474219,0.306471][-0.754905,0.618326,0.218615][0.68296,0.273,0][0.651355,0.449842,0.331809][-0.792331,0.508412,0.337236][0.69285,0.28887,0][0.78008,0.53558,0.441944][-0.624467,0.610704,0.48691][0.77209,0.23383,0][0.78008,0.53558,0.441944][-0.624467,0.610704,0.48691][0.77209,0.23383,0][0.786456,0.554436,0.421276][-0.590252,0.72135,0.362294][0.76405,0.2212,0][0.660145,0.474219,0.306471][-0.754905,0.618326,0.218615][0.68296,0.273,0][0.786456,0.554436,0.421276][-0.590252,0.72135,0.362294][0.76405,0.2212,0][0.78008,0.53558,0.441944][-0.624467,0.610704,0.48691][0.77209,0.23383,0][0.913104,0.582643,0.509915][-0.398078,0.688811,0.605867][0.84239,0.18028,0][0.913104,0.582643,0.509915][-0.398078,0.688811,0.605867][0.84239,0.18028,0][0.916966,0.596085,0.493902][-0.374334,0.794514,0.478144][0.83724,0.16986,0][0.786456,0.554436,0.421276][-0.590252,0.72135,0.362294][0.76405,0.2212,0][1.00998,0.610248,0.518341][-0.131727,0.831941,0.539001][0.86892,0.14209,0][0.916966,0.596085,0.493902][-0.374334,0.794514,0.478144][0.83724,0.16986,0][0.913104,0.582643,0.509915][-0.398078,0.688811,0.605867][0.84239,0.18028,0][0.913104,0.582643,0.509915][-0.398078,0.688811,0.605867][0.84239,0.18028,0][1.00857,0.600902,0.530363][-0.129794,0.723011,0.678534][0.87193,0.15096,0][1.00998,0.610248,0.518341][-0.131727,0.831941,0.539001][0.86892,0.14209,0][1.09994,0.61506,0.511325][0.0773828,0.846844,0.526182][0.90065,0.11231,0][1.00998,0.610248,0.518341][-0.131727,0.831941,0.539001][0.86892,0.14209,0][1.00857,0.600902,0.530363][-0.129794,0.723011,0.678534][0.87193,0.15096,0][1.00857,0.600902,0.530363][-0.129794,0.723011,0.678534][0.87193,0.15096,0][1.1004,0.609268,0.519162][0.127996,0.703357,0.699219][0.90229,0.11808,0][1.09994,0.61506,0.511325][0.0773828,0.846844,0.526182][0.90065,0.11231,0][1.1927,0.618172,0.477856][0.23116,0.855965,0.462482][0.94611,0.06927,0][1.09994,0.61506,0.511325][0.0773828,0.846844,0.526182][0.90065,0.11231,0][1.1004,0.609268,0.519162][0.127996,0.703357,0.699219][0.90229,0.11808,0][1.1004,0.609268,0.519162][0.127996,0.703357,0.699219][0.90229,0.11808,0][1.19373,0.615554,0.480919][0.352327,0.63118,0.690998][0.94817,0.07042,0][1.1927,0.618172,0.477856][0.23116,0.855965,0.462482][0.94611,0.06927,0][0.377797,-0.364455,-0.425505][-0.764217,0.472967,-0.438491][0.14584,0.58977,0][0.448297,-0.244781,-0.422265][-0.789633,0.438511,-0.429172][0.17451,0.53157,0][0.489655,-0.245831,-0.48496][-0.650375,0.408906,-0.640162][0.14129,0.50558,0][0.489655,-0.245831,-0.48496][-0.650375,0.408906,-0.640162][0.14129,0.50558,0][0.422045,-0.372027,-0.495187][-0.658867,0.374076,-0.652657][0.1099,0.56336,0][0.377797,-0.364455,-0.425505][-0.764217,0.472967,-0.438491][0.14584,0.58977,0][0.377797,-0.364455,-0.425505][-0.764217,0.472967,-0.438491][0.14584,0.58977,0][0.341553,-0.361183,-0.338133][-0.789667,0.549261,-0.273383][0.18814,0.61905,0][0.413974,-0.248751,-0.343654][-0.847475,0.456897,-0.270243][0.21375,0.56025,0][0.413974,-0.248751,-0.343654][-0.847475,0.456897,-0.270243][0.21375,0.56025,0][0.448297,-0.244781,-0.422265][-0.789633,0.438511,-0.429172][0.17451,0.53157,0][0.377797,-0.364455,-0.425505][-0.764217,0.472967,-0.438491][0.14584,0.58977,0][0.341553,-0.361183,-0.338133][-0.789667,0.549261,-0.273383][0.18814,0.61905,0][0.31883,-0.362708,-0.246374][-0.774133,0.624671,-0.102489][0.23072,0.64812,0][0.39191,-0.257137,-0.261093][-0.871779,0.479394,-0.100908][0.25379,0.58813,0][0.39191,-0.257137,-0.261093][-0.871779,0.479394,-0.100908][0.25379,0.58813,0][0.413974,-0.248751,-0.343654][-0.847475,0.456897,-0.270243][0.21375,0.56025,0][0.341553,-0.361183,-0.338133][-0.789667,0.549261,-0.273383][0.18814,0.61905,0][0.31883,-0.362708,-0.246374][-0.774133,0.624671,-0.102489][0.23072,0.64812,0][0.313089,-0.368798,-0.164197][-0.702783,0.700062,0.126531][0.26769,0.67414,0][0.385463,-0.268652,-0.187149][-0.854397,0.500221,0.140661][0.28866,0.61193,0][0.385463,-0.268652,-0.187149][-0.854397,0.500221,0.140661][0.28866,0.61193,0][0.39191,-0.257137,-0.261093][-0.871779,0.479394,-0.100908][0.25379,0.58813,0][0.31883,-0.362708,-0.246374][-0.774133,0.624671,-0.102489][0.23072,0.64812,0][0.313089,-0.368798,-0.164197][-0.702783,0.700062,0.126531][0.26769,0.67414,0][0.326965,-0.379144,-0.10354][-0.460928,0.728426,0.506893][0.29628,0.69352,0][0.397277,-0.282064,-0.132616][-0.590089,0.441312,0.676046][0.3144,0.62949,0][0.397277,-0.282064,-0.132616][-0.590089,0.441312,0.676046][0.3144,0.62949,0][0.385463,-0.268652,-0.187149][-0.854397,0.500221,0.140661][0.28866,0.61193,0][0.313089,-0.368798,-0.164197][-0.702783,0.700062,0.126531][0.26769,0.67414,0][0.469324,-0.383372,-0.536001][-0.317829,0.174534,-0.931946][0.08407,0.54226,0][0.422045,-0.372027,-0.495187][-0.658867,0.374076,-0.652657][0.1099,0.56336,0][0.489655,-0.245831,-0.48496][-0.650375,0.408906,-0.640162][0.14129,0.50558,0][0.489655,-0.245831,-0.48496][-0.650375,0.408906,-0.640162][0.14129,0.50558,0][0.53341,-0.252217,-0.521095][-0.183875,0.305507,-0.934267][0.11692,0.48552,0][0.469324,-0.383372,-0.536001][-0.317829,0.174534,-0.931946][0.08407,0.54226,0][0.448297,-0.244781,-0.422265][-0.789633,0.438511,-0.429172][0.17451,0.53157,0][0.413974,-0.248751,-0.343654][-0.847475,0.456897,-0.270243][0.21375,0.56025,0][0.462287,-0.1249,-0.316499][-0.899543,0.320405,-0.296922][0.2578,0.49934,0][0.462287,-0.1249,-0.316499][-0.899543,0.320405,-0.296922][0.2578,0.49934,0][0.495803,-0.108685,-0.382944][-0.821484,0.358055,-0.443803][0.22812,0.4673,0][0.448297,-0.244781,-0.422265][-0.789633,0.438511,-0.429172][0.17451,0.53157,0][0.413974,-0.248751,-0.343654][-0.847475,0.456897,-0.270243][0.21375,0.56025,0][0.39191,-0.257137,-0.261093][-0.871779,0.479394,-0.100908][0.25379,0.58813,0][0.439933,-0.143814,-0.246098][-0.948117,0.285118,-0.140646][0.28977,0.52991,0][0.439933,-0.143814,-0.246098][-0.948117,0.285118,-0.140646][0.28977,0.52991,0][0.462287,-0.1249,-0.316499][-0.899543,0.320405,-0.296922][0.2578,0.49934,0][0.413974,-0.248751,-0.343654][-0.847475,0.456897,-0.270243][0.21375,0.56025,0][0.39191,-0.257137,-0.261093][-0.871779,0.479394,-0.100908][0.25379,0.58813,0][0.385463,-0.268652,-0.187149][-0.854397,0.500221,0.140661][0.28866,0.61193,0][0.432107,-0.162595,-0.182441][-0.968055,0.23459,0.0885311][0.31966,0.55486,0][0.432107,-0.162595,-0.182441][-0.968055,0.23459,0.0885311][0.31966,0.55486,0][0.439933,-0.143814,-0.246098][-0.948117,0.285118,-0.140646][0.28977,0.52991,0][0.39191,-0.257137,-0.261093][-0.871779,0.479394,-0.100908][0.25379,0.58813,0][0.385463,-0.268652,-0.187149][-0.854397,0.500221,0.140661][0.28866,0.61193,0][0.397277,-0.282064,-0.132616][-0.590089,0.441312,0.676046][0.3144,0.62949,0][0.441488,-0.17892,-0.134834][-0.764998,0.0781393,0.639275][0.34332,0.57167,0][0.441488,-0.17892,-0.134834][-0.764998,0.0781393,0.639275][0.34332,0.57167,0][0.432107,-0.162595,-0.182441][-0.968055,0.23459,0.0885311][0.31966,0.55486,0][0.385463,-0.268652,-0.187149][-0.854397,0.500221,0.140661][0.28866,0.61193,0][0.53341,-0.252217,-0.521095][-0.183875,0.305507,-0.934267][0.11692,0.48552,0][0.489655,-0.245831,-0.48496][-0.650375,0.408906,-0.640162][0.14129,0.50558,0][0.53536,-0.0976496,-0.435301][-0.659384,0.411027,-0.629499][0.20419,0.4382,0][0.53536,-0.0976496,-0.435301][-0.659384,0.411027,-0.629499][0.20419,0.4382,0][0.576174,-0.0940914,-0.464807][-0.0711933,0.441988,-0.894191][0.18802,0.41539,0][0.53341,-0.252217,-0.521095][-0.183875,0.305507,-0.934267][0.11692,0.48552,0][0.489655,-0.245831,-0.48496][-0.650375,0.408906,-0.640162][0.14129,0.50558,0][0.448297,-0.244781,-0.422265][-0.789633,0.438511,-0.429172][0.17451,0.53157,0][0.495803,-0.108685,-0.382944][-0.821484,0.358055,-0.443803][0.22812,0.4673,0][0.495803,-0.108685,-0.382944][-0.821484,0.358055,-0.443803][0.22812,0.4673,0][0.53536,-0.0976496,-0.435301][-0.659384,0.411027,-0.629499][0.20419,0.4382,0][0.489655,-0.245831,-0.48496][-0.650375,0.408906,-0.640162][0.14129,0.50558,0][0.326965,-0.379144,-0.10354][-0.460928,0.728426,0.506893][0.29628,0.69352,0][0.265329,-0.428459,-0.069541][-0.418111,0.793284,0.442587][0.28039,0.76431,0][0.310179,-0.439362,-0.041109][-0.132955,0.666433,0.733614][0.3094,0.76578,0][0.310179,-0.439362,-0.041109][-0.132955,0.666433,0.733614][0.3094,0.76578,0][0.366599,-0.395052,-0.07105][-0.0823549,0.581952,0.809042][0.3238,0.70234,0][0.326965,-0.379144,-0.10354][-0.460928,0.728426,0.506893][0.29628,0.69352,0][0.326965,-0.379144,-0.10354][-0.460928,0.728426,0.506893][0.29628,0.69352,0][0.366599,-0.395052,-0.07105][-0.0823549,0.581952,0.809042][0.3238,0.70234,0][0.435934,-0.301524,-0.116123][-0.0814378,0.256144,0.963202][0.33841,0.64141,0][0.435934,-0.301524,-0.116123][-0.0814378,0.256144,0.963202][0.33841,0.64141,0][0.397277,-0.282064,-0.132616][-0.590089,0.441312,0.676046][0.3144,0.62949,0][0.326965,-0.379144,-0.10354][-0.460928,0.728426,0.506893][0.29628,0.69352,0][0.397277,-0.282064,-0.132616][-0.590089,0.441312,0.676046][0.3144,0.62949,0][0.435934,-0.301524,-0.116123][-0.0814378,0.256144,0.963202][0.33841,0.64141,0][0.477678,-0.190846,-0.119615][-0.232553,-0.152111,0.960615][0.3637,0.58482,0][0.477678,-0.190846,-0.119615][-0.232553,-0.152111,0.960615][0.3637,0.58482,0][0.441488,-0.17892,-0.134834][-0.764998,0.0781393,0.639275][0.34332,0.57167,0][0.397277,-0.282064,-0.132616][-0.590089,0.441312,0.676046][0.3144,0.62949,0][0.366599,-0.395052,-0.07105][-0.0823549,0.581952,0.809042][0.92056,0.66574,0][0.310179,-0.439362,-0.041109][-0.132955,0.666433,0.733614][0.9762,0.7038,0][0.37756,-0.461513,-0.030477][0.195819,0.453564,0.869445][0.97532,0.66391,0][0.37756,-0.461513,-0.030477][0.195819,0.453564,0.869445][0.97532,0.66391,0][0.431812,-0.416306,-0.069513][0.290004,0.340208,0.894515][0.91937,0.62879,0][0.366599,-0.395052,-0.07105][-0.0823549,0.581952,0.809042][0.92056,0.66574,0][0.431812,-0.416306,-0.069513][0.290004,0.340208,0.894515][0.91937,0.62879,0][0.37756,-0.461513,-0.030477][0.195819,0.453564,0.869445][0.97532,0.66391,0][0.459625,-0.487122,-0.06133][0.497511,0.170167,0.850603][0.96669,0.61606,0][0.459625,-0.487122,-0.06133][0.497511,0.170167,0.850603][0.96669,0.61606,0][0.509259,-0.438404,-0.100546][0.569433,0.0832806,0.817808][0.91256,0.58306,0][0.431812,-0.416306,-0.069513][0.290004,0.340208,0.894515][0.91937,0.62879,0][0.509259,-0.438404,-0.100546][0.569433,0.0832806,0.817808][0.91256,0.58306,0][0.459625,-0.487122,-0.06133][0.497511,0.170167,0.850603][0.96669,0.61606,0][0.530385,-0.510114,-0.125626][0.723267,-0.155884,0.672744][0.95839,0.56629,0][0.530385,-0.510114,-0.125626][0.723267,-0.155884,0.672744][0.95839,0.56629,0][0.576472,-0.454109,-0.162754][0.785065,-0.152386,0.600376][0.90354,0.53646,0][0.509259,-0.438404,-0.100546][0.569433,0.0832806,0.817808][0.91256,0.58306,0][0.576472,-0.454109,-0.162754][0.785065,-0.152386,0.600376][0.90354,0.53646,0][0.530385,-0.510114,-0.125626][0.723267,-0.155884,0.672744][0.95839,0.56629,0][0.576391,-0.526202,-0.214508][0.843399,-0.399998,0.35872][0.95622,0.51228,0][0.576391,-0.526202,-0.214508][0.843399,-0.399998,0.35872][0.95622,0.51228,0][0.620764,-0.460245,-0.247481][0.905456,-0.306962,0.293126][0.89542,0.4885,0][0.576472,-0.454109,-0.162754][0.785065,-0.152386,0.600376][0.90354,0.53646,0][0.620764,-0.460245,-0.247481][0.905456,-0.306962,0.293126][0.89542,0.4885,0][0.576391,-0.526202,-0.214508][0.843399,-0.399998,0.35872][0.95622,0.51228,0][0.590638,-0.532937,-0.314443][0.857538,-0.51442,-0.00103973][0.95898,0.45491,0][0.590638,-0.532937,-0.314443][0.857538,-0.51442,-0.00103973][0.95898,0.45491,0][0.635471,-0.455883,-0.341897][0.923614,-0.37951,-0.053942][0.88801,0.44,0][0.620764,-0.460245,-0.247481][0.905456,-0.306962,0.293126][0.89542,0.4885,0][0.635471,-0.455883,-0.341897][0.923614,-0.37951,-0.053942][0.88801,0.44,0][0.590638,-0.532937,-0.314443][0.857538,-0.51442,-0.00103973][0.95898,0.45491,0][0.570958,-0.529294,-0.410219][0.773106,-0.520287,-0.362779][0.96214,0.39674,0][0.570958,-0.529294,-0.410219][0.773106,-0.520287,-0.362779][0.96214,0.39674,0][0.618213,-0.441631,-0.431536][0.83215,-0.37317,-0.410208][0.87997,0.39285,0][0.635471,-0.455883,-0.341897][0.923614,-0.37951,-0.053942][0.88801,0.44,0][0.618213,-0.441631,-0.431536][0.83215,-0.37317,-0.410208][0.87997,0.39285,0][0.570958,-0.529294,-0.410219][0.773106,-0.520287,-0.362779][0.96214,0.39674,0][0.523023,-0.516614,-0.486322][0.582579,-0.434916,-0.686622][0.9627,0.3408,0][0.523023,-0.516614,-0.486322][0.582579,-0.434916,-0.686622][0.9627,0.3408,0][0.574186,-0.420579,-0.501976][0.634618,-0.282439,-0.719366][0.8704,0.34824,0][0.618213,-0.441631,-0.431536][0.83215,-0.37317,-0.410208][0.87997,0.39285,0][0.574186,-0.420579,-0.501976][0.634618,-0.282439,-0.719366][0.8704,0.34824,0][0.523023,-0.516614,-0.486322][0.582579,-0.434916,-0.686622][0.9627,0.3408,0][0.46547,-0.500168,-0.527219][0.179977,-0.220415,-0.958658][0.96182,0.29989,0][0.46547,-0.500168,-0.527219][0.179977,-0.220415,-0.958658][0.96182,0.29989,0][0.520679,-0.399686,-0.539056][0.247847,-0.099042,-0.963723][0.86326,0.31263,0][0.574186,-0.420579,-0.501976][0.634618,-0.282439,-0.719366][0.8704,0.34824,0][0.47749,-0.113248,-0.079409][-0.398121,-0.496314,0.771474][0.76017,0.65987,0][0.477678,-0.190846,-0.119615][-0.232553,-0.152111,0.960615][0.79067,0.64835,0][0.526058,-0.197535,-0.118953][0.123448,-0.25912,0.957924][0.77818,0.62089,0][0.526058,-0.197535,-0.118953][0.123448,-0.25912,0.957924][0.77818,0.62089,0][0.527195,-0.1143,-0.073535][0.0887151,-0.509313,0.855996][0.74154,0.63907,0][0.47749,-0.113248,-0.079409][-0.398121,-0.496314,0.771474][0.76017,0.65987,0][0.469102,-0.0200071,-0.015136][-0.357439,-0.560578,0.746987][0.71875,0.69665,0][0.47749,-0.113248,-0.079409][-0.398121,-0.496314,0.771474][0.76017,0.65987,0][0.527195,-0.1143,-0.073535][0.0887151,-0.509313,0.855996][0.74154,0.63907,0][0.527195,-0.1143,-0.073535][0.0887151,-0.509313,0.855996][0.74154,0.63907,0][0.511397,-0.0173845,-0.00804699][0.0779757,-0.603387,0.793627][0.69725,0.68178,0][0.469102,-0.0200071,-0.015136][-0.357439,-0.560578,0.746987][0.71875,0.69665,0][0.486706,0.103922,0.091942][-0.378362,-0.539802,0.751967][0.64947,0.74288,0][0.469102,-0.0200071,-0.015136][-0.357439,-0.560578,0.746987][0.71875,0.69665,0][0.511397,-0.0173845,-0.00804699][0.0779757,-0.603387,0.793627][0.69725,0.68178,0][0.511397,-0.0173845,-0.00804699][0.0779757,-0.603387,0.793627][0.69725,0.68178,0][0.523822,0.103805,0.094635][0.119857,-0.660186,0.741478][0.63206,0.72875,0][0.486706,0.103922,0.091942][-0.378362,-0.539802,0.751967][0.64947,0.74288,0][0.55999,0.257551,0.227075][-0.275136,-0.560539,0.781087][0.54879,0.80029,0][0.486706,0.103922,0.091942][-0.378362,-0.539802,0.751967][0.64947,0.74288,0][0.523822,0.103805,0.094635][0.119857,-0.660186,0.741478][0.63206,0.72875,0][0.523822,0.103805,0.094635][0.119857,-0.660186,0.741478][0.63206,0.72875,0][0.586459,0.252867,0.224766][0.132478,-0.715405,0.686036][0.53827,0.78651,0][0.55999,0.257551,0.227075][-0.275136,-0.560539,0.781087][0.54879,0.80029,0][0.666536,0.392406,0.364835][-0.253552,-0.551669,0.79459][0.44839,0.85907,0][0.55999,0.257551,0.227075][-0.275136,-0.560539,0.781087][0.54879,0.80029,0][0.586459,0.252867,0.224766][0.132478,-0.715405,0.686036][0.53827,0.78651,0][0.586459,0.252867,0.224766][0.132478,-0.715405,0.686036][0.53827,0.78651,0][0.686359,0.385287,0.357085][0.141864,-0.771359,0.620387][0.44258,0.84617,0][0.666536,0.392406,0.364835][-0.253552,-0.551669,0.79459][0.44839,0.85907,0][0.789054,0.486989,0.463736][-0.241036,-0.466734,0.850917][0.37182,0.90334,0][0.666536,0.392406,0.364835][-0.253552,-0.551669,0.79459][0.44839,0.85907,0][0.686359,0.385287,0.357085][0.141864,-0.771359,0.620387][0.44258,0.84617,0][0.686359,0.385287,0.357085][0.141864,-0.771359,0.620387][0.44258,0.84617,0][0.802046,0.478415,0.454945][0.118952,-0.798914,0.589565][0.36841,0.89216,0][0.789054,0.486989,0.463736][-0.241036,-0.466734,0.850917][0.37182,0.90334,0][0.917413,0.545683,0.524072][-0.183001,-0.289328,0.939574][0.29561,0.93748,0][0.789054,0.486989,0.463736][-0.241036,-0.466734,0.850917][0.37182,0.90334,0][0.802046,0.478415,0.454945][0.118952,-0.798914,0.589565][0.36841,0.89216,0][0.802046,0.478415,0.454945][0.118952,-0.798914,0.589565][0.36841,0.89216,0][0.92414,0.537474,0.516054][0.163313,-0.794551,0.584823][0.29466,0.92905,0][0.917413,0.545683,0.524072][-0.183001,-0.289328,0.939574][0.29561,0.93748,0][1.01166,0.5743,0.537037][0.242056,-0.782443,0.573753][0.256,0.94801,0][0.917413,0.545683,0.524072][-0.183001,-0.289328,0.939574][0.29561,0.93748,0][0.92414,0.537474,0.516054][0.163313,-0.794551,0.584823][0.29466,0.92905,0][0.92414,0.537474,0.516054][0.163313,-0.794551,0.584823][0.29466,0.92905,0][1.01148,0.577621,0.526987][0.313321,-0.932493,-0.179687][0.25604,0.94167,0][1.01166,0.5743,0.537037][0.242056,-0.782443,0.573753][0.256,0.94801,0][1.10213,0.592854,0.5239][0.260887,-0.146266,0.954224][0.21331,0.9532,0][1.01166,0.5743,0.537037][0.242056,-0.782443,0.573753][0.256,0.94801,0][1.01148,0.577621,0.526987][0.313321,-0.932493,-0.179687][0.25604,0.94167,0][1.01148,0.577621,0.526987][0.313321,-0.932493,-0.179687][0.25604,0.94167,0][1.10327,0.58703,0.521488][0.252364,-0.665855,0.702104][0.2138,0.94951,0][1.10213,0.592854,0.5239][0.260887,-0.146266,0.954224][0.21331,0.9532,0][1.19474,0.608017,0.483147][0.528639,-0.124205,0.83971][0.15085,0.96093,0][1.10213,0.592854,0.5239][0.260887,-0.146266,0.954224][0.21331,0.9532,0][1.10327,0.58703,0.521488][0.252364,-0.665855,0.702104][0.2138,0.94951,0][1.10327,0.58703,0.521488][0.252364,-0.665855,0.702104][0.2138,0.94951,0][1.19499,0.605303,0.481868][0.526462,-0.566929,0.633584][0.15043,0.95903,0][1.19474,0.608017,0.483147][0.528639,-0.124205,0.83971][0.15085,0.96093,0][0.527195,-0.1143,-0.073535][0.0887151,-0.509313,0.855996][0.74154,0.63907,0][0.526058,-0.197535,-0.118953][0.123448,-0.25912,0.957924][0.77818,0.62089,0][0.587737,-0.199232,-0.13637][0.49313,-0.296782,0.817767][0.7616,0.58855,0][0.587737,-0.199232,-0.13637][0.49313,-0.296782,0.817767][0.7616,0.58855,0][0.587579,-0.105083,-0.088059][0.460072,-0.424282,0.779948][0.71951,0.61319,0][0.527195,-0.1143,-0.073535][0.0887151,-0.509313,0.855996][0.74154,0.63907,0][0.511397,-0.0173845,-0.00804699][0.0779757,-0.603387,0.793627][0.69725,0.68178,0][0.527195,-0.1143,-0.073535][0.0887151,-0.509313,0.855996][0.74154,0.63907,0][0.587579,-0.105083,-0.088059][0.460072,-0.424282,0.779948][0.71951,0.61319,0][0.587579,-0.105083,-0.088059][0.460072,-0.424282,0.779948][0.71951,0.61319,0][0.564045,-0.00343132,-0.015734][0.435122,-0.529259,0.728391][0.67079,0.66205,0][0.511397,-0.0173845,-0.00804699][0.0779757,-0.603387,0.793627][0.69725,0.68178,0][0.523822,0.103805,0.094635][0.119857,-0.660186,0.741478][0.63206,0.72875,0][0.511397,-0.0173845,-0.00804699][0.0779757,-0.603387,0.793627][0.69725,0.68178,0][0.564045,-0.00343132,-0.015734][0.435122,-0.529259,0.728391][0.67079,0.66205,0][0.564045,-0.00343132,-0.015734][0.435122,-0.529259,0.728391][0.67079,0.66205,0][0.568627,0.115924,0.084944][0.482153,-0.624082,0.614858][0.60921,0.71073,0][0.523822,0.103805,0.094635][0.119857,-0.660186,0.741478][0.63206,0.72875,0][0.586459,0.252867,0.224766][0.132478,-0.715405,0.686036][0.53827,0.78651,0][0.523822,0.103805,0.094635][0.119857,-0.660186,0.741478][0.63206,0.72875,0][0.568627,0.115924,0.084944][0.482153,-0.624082,0.614858][0.60921,0.71073,0][0.568627,0.115924,0.084944][0.482153,-0.624082,0.614858][0.60921,0.71073,0][0.620152,0.257449,0.211549][0.478261,-0.725394,0.495045][0.52324,0.76956,0][0.586459,0.252867,0.224766][0.132478,-0.715405,0.686036][0.53827,0.78651,0][0.686359,0.385287,0.357085][0.141864,-0.771359,0.620387][0.44258,0.84617,0][0.586459,0.252867,0.224766][0.132478,-0.715405,0.686036][0.53827,0.78651,0][0.620152,0.257449,0.211549][0.478261,-0.725394,0.495045][0.52324,0.76956,0][0.620152,0.257449,0.211549][0.478261,-0.725394,0.495045][0.52324,0.76956,0][0.711463,0.383641,0.340711][0.412491,-0.814393,0.408185][0.4333,0.83081,0][0.686359,0.385287,0.357085][0.141864,-0.771359,0.620387][0.44258,0.84617,0][0.802046,0.478415,0.454945][0.118952,-0.798914,0.589565][0.36841,0.89216,0][0.686359,0.385287,0.357085][0.141864,-0.771359,0.620387][0.44258,0.84617,0][0.711463,0.383641,0.340711][0.412491,-0.814393,0.408185][0.4333,0.83081,0][0.711463,0.383641,0.340711][0.412491,-0.814393,0.408185][0.4333,0.83081,0][0.818687,0.474683,0.437808][0.362885,-0.878726,0.31009][0.36257,0.87855,0][0.802046,0.478415,0.454945][0.118952,-0.798914,0.589565][0.36841,0.89216,0][0.92414,0.537474,0.516054][0.163313,-0.794551,0.584823][0.29466,0.92905,0][0.802046,0.478415,0.454945][0.118952,-0.798914,0.589565][0.36841,0.89216,0][0.818687,0.474683,0.437808][0.362885,-0.878726,0.31009][0.36257,0.87855,0][0.818687,0.474683,0.437808][0.362885,-0.878726,0.31009][0.36257,0.87855,0][0.933158,0.533268,0.500729][0.37051,-0.891577,0.26041][0.29206,0.91894,0][0.92414,0.537474,0.516054][0.163313,-0.794551,0.584823][0.29466,0.92905,0][1.01148,0.577621,0.526987][0.313321,-0.932493,-0.179687][0.25604,0.94167,0][0.92414,0.537474,0.516054][0.163313,-0.794551,0.584823][0.29466,0.92905,0][0.933158,0.533268,0.500729][0.37051,-0.891577,0.26041][0.29206,0.91894,0][0.933158,0.533268,0.500729][0.37051,-0.891577,0.26041][0.29206,0.91894,0][1.01384,0.579349,0.518365][0.282814,-0.959017,0.0174162][0.25491,0.934,0][1.01148,0.577621,0.526987][0.313321,-0.932493,-0.179687][0.25604,0.94167,0][1.10327,0.58703,0.521488][0.252364,-0.665855,0.702104][0.2138,0.94951,0][1.01148,0.577621,0.526987][0.313321,-0.932493,-0.179687][0.25604,0.94167,0][1.01384,0.579349,0.518365][0.282814,-0.959017,0.0174162][0.25491,0.934,0][1.01384,0.579349,0.518365][0.282814,-0.959017,0.0174162][0.25491,0.934,0][1.10397,0.583977,0.513426][0.175785,-0.965439,0.192423][0.21404,0.94479,0][1.10327,0.58703,0.521488][0.252364,-0.665855,0.702104][0.2138,0.94951,0][1.19499,0.605303,0.481868][0.526462,-0.566929,0.633584][0.15043,0.95903,0][1.10327,0.58703,0.521488][0.252364,-0.665855,0.702104][0.2138,0.94951,0][1.10397,0.583977,0.513426][0.175785,-0.965439,0.192423][0.21404,0.94479,0][1.10397,0.583977,0.513426][0.175785,-0.965439,0.192423][0.21404,0.94479,0][1.19465,0.603318,0.478734][0.402694,-0.892451,0.203394][0.15062,0.95697,0][1.19499,0.605303,0.481868][0.526462,-0.566929,0.633584][0.15043,0.95903,0][0.587579,-0.105083,-0.088059][0.460072,-0.424282,0.779948][0.71951,0.61319,0][0.587737,-0.199232,-0.13637][0.49313,-0.296782,0.817767][0.7616,0.58855,0][0.640399,-0.192183,-0.180805][0.772865,-0.267749,0.575318][0.74677,0.55479,0][0.640399,-0.192183,-0.180805][0.772865,-0.267749,0.575318][0.74677,0.55479,0][0.64162,-0.0851755,-0.123869][0.747099,-0.290758,0.597748][0.69724,0.58567,0][0.587579,-0.105083,-0.088059][0.460072,-0.424282,0.779948][0.71951,0.61319,0][0.564045,-0.00343132,-0.015734][0.435122,-0.529259,0.728391][0.67079,0.66205,0][0.587579,-0.105083,-0.088059][0.460072,-0.424282,0.779948][0.71951,0.61319,0][0.64162,-0.0851755,-0.123869][0.747099,-0.290758,0.597748][0.69724,0.58567,0][0.64162,-0.0851755,-0.123869][0.747099,-0.290758,0.597748][0.69724,0.58567,0][0.612048,0.0230703,-0.040961][0.737267,-0.360828,0.571175][0.64328,0.64054,0][0.564045,-0.00343132,-0.015734][0.435122,-0.529259,0.728391][0.67079,0.66205,0][0.568627,0.115924,0.084944][0.482153,-0.624082,0.614858][0.60921,0.71073,0][0.564045,-0.00343132,-0.015734][0.435122,-0.529259,0.728391][0.67079,0.66205,0][0.612048,0.0230703,-0.040961][0.737267,-0.360828,0.571175][0.64328,0.64054,0][0.612048,0.0230703,-0.040961][0.737267,-0.360828,0.571175][0.64328,0.64054,0][0.60821,0.140471,0.062122][0.766447,-0.487481,0.418236][0.5851,0.6911,0][0.568627,0.115924,0.084944][0.482153,-0.624082,0.614858][0.60921,0.71073,0][0.620152,0.257449,0.211549][0.478261,-0.725394,0.495045][0.52324,0.76956,0][0.568627,0.115924,0.084944][0.482153,-0.624082,0.614858][0.60921,0.71073,0][0.60821,0.140471,0.062122][0.766447,-0.487481,0.418236][0.5851,0.6911,0][0.60821,0.140471,0.062122][0.766447,-0.487481,0.418236][0.5851,0.6911,0][0.650427,0.272836,0.18946][0.734004,-0.628731,0.256779][0.50644,0.75194,0][0.620152,0.257449,0.211549][0.478261,-0.725394,0.495045][0.52324,0.76956,0][0.711463,0.383641,0.340711][0.412491,-0.814393,0.408185][0.4333,0.83081,0][0.620152,0.257449,0.211549][0.478261,-0.725394,0.495045][0.52324,0.76956,0][0.650427,0.272836,0.18946][0.734004,-0.628731,0.256779][0.50644,0.75194,0][0.650427,0.272836,0.18946][0.734004,-0.628731,0.256779][0.50644,0.75194,0][0.734765,0.39157,0.318061][0.646029,-0.749516,0.144475][0.42207,0.81547,0][0.711463,0.383641,0.340711][0.412491,-0.814393,0.408185][0.4333,0.83081,0][0.818687,0.474683,0.437808][0.362885,-0.878726,0.31009][0.36257,0.87855,0][0.711463,0.383641,0.340711][0.412491,-0.814393,0.408185][0.4333,0.83081,0][0.734765,0.39157,0.318061][0.646029,-0.749516,0.144475][0.42207,0.81547,0][0.734765,0.39157,0.318061][0.646029,-0.749516,0.144475][0.42207,0.81547,0][0.833889,0.47922,0.416711][0.556649,-0.830649,0.0128443][0.3547,0.86513,0][0.818687,0.474683,0.437808][0.362885,-0.878726,0.31009][0.36257,0.87855,0][0.933158,0.533268,0.500729][0.37051,-0.891577,0.26041][0.29206,0.91894,0][0.818687,0.474683,0.437808][0.362885,-0.878726,0.31009][0.36257,0.87855,0][0.833889,0.47922,0.416711][0.556649,-0.830649,0.0128443][0.3547,0.86513,0][0.833889,0.47922,0.416711][0.556649,-0.830649,0.0128443][0.3547,0.86513,0][0.941417,0.53557,0.482938][0.502767,-0.863007,-0.0494311][0.28787,0.90906,0][0.933158,0.533268,0.500729][0.37051,-0.891577,0.26041][0.29206,0.91894,0][1.01384,0.579349,0.518365][0.282814,-0.959017,0.0174162][0.25491,0.934,0][0.933158,0.533268,0.500729][0.37051,-0.891577,0.26041][0.29206,0.91894,0][0.941417,0.53557,0.482938][0.502767,-0.863007,-0.0494311][0.28787,0.90906,0][0.941417,0.53557,0.482938][0.502767,-0.863007,-0.0494311][0.28787,0.90906,0][1.01727,0.579002,0.510457][0.268689,-0.962853,-0.026826][0.25267,0.92641,0][1.01384,0.579349,0.518365][0.282814,-0.959017,0.0174162][0.25491,0.934,0][1.10397,0.583977,0.513426][0.175785,-0.965439,0.192423][0.21404,0.94479,0][1.01384,0.579349,0.518365][0.282814,-0.959017,0.0174162][0.25491,0.934,0][1.01727,0.579002,0.510457][0.268689,-0.962853,-0.026826][0.25267,0.92641,0][1.01727,0.579002,0.510457][0.268689,-0.962853,-0.026826][0.25267,0.92641,0][1.10431,0.584217,0.503951][0.101039,-0.977575,-0.184768][0.21358,0.9398,0][1.10397,0.583977,0.513426][0.175785,-0.965439,0.192423][0.21404,0.94479,0][1.19465,0.603318,0.478734][0.402694,-0.892451,0.203394][0.15062,0.95697,0][1.10397,0.583977,0.513426][0.175785,-0.965439,0.192423][0.21404,0.94479,0][1.10431,0.584217,0.503951][0.101039,-0.977575,-0.184768][0.21358,0.9398,0][1.10431,0.584217,0.503951][0.101039,-0.977575,-0.184768][0.21358,0.9398,0][1.19369,0.60329,0.474309][0.232945,-0.946105,-0.224992][0.15112,0.95498,0][1.19465,0.603318,0.478734][0.402694,-0.892451,0.203394][0.15062,0.95697,0][0.64162,-0.0851755,-0.123869][0.747099,-0.290758,0.597748][0.69724,0.58567,0][0.640399,-0.192183,-0.180805][0.772865,-0.267749,0.575318][0.74677,0.55479,0][0.675842,-0.178227,-0.240823][0.937499,-0.192196,0.290098][0.73404,0.51922,0][0.675842,-0.178227,-0.240823][0.937499,-0.192196,0.290098][0.73404,0.51922,0][0.678981,-0.0573177,-0.176141][0.930117,-0.114993,0.348795][0.67692,0.55555,0][0.64162,-0.0851755,-0.123869][0.747099,-0.290758,0.597748][0.69724,0.58567,0][0.612048,0.0230703,-0.040961][0.737267,-0.360828,0.571175][0.64328,0.64054,0][0.64162,-0.0851755,-0.123869][0.747099,-0.290758,0.597748][0.69724,0.58567,0][0.678981,-0.0573177,-0.176141][0.930117,-0.114993,0.348795][0.67692,0.55555,0][0.678981,-0.0573177,-0.176141][0.930117,-0.114993,0.348795][0.67692,0.55555,0][0.644579,0.0590973,-0.081428][0.92725,-0.134488,0.349457][0.61632,0.61603,0][0.612048,0.0230703,-0.040961][0.737267,-0.360828,0.571175][0.64328,0.64054,0][0.60821,0.140471,0.062122][0.766447,-0.487481,0.418236][0.5851,0.6911,0][0.612048,0.0230703,-0.040961][0.737267,-0.360828,0.571175][0.64328,0.64054,0][0.644579,0.0590973,-0.081428][0.92725,-0.134488,0.349457][0.61632,0.61603,0][0.644579,0.0590973,-0.081428][0.92725,-0.134488,0.349457][0.61632,0.61603,0][0.634447,0.174273,0.02906][0.941899,-0.279138,0.186835][0.56079,0.66945,0][0.60821,0.140471,0.062122][0.766447,-0.487481,0.418236][0.5851,0.6911,0][0.650427,0.272836,0.18946][0.734004,-0.628731,0.256779][0.50644,0.75194,0][0.60821,0.140471,0.062122][0.766447,-0.487481,0.418236][0.5851,0.6911,0][0.634447,0.174273,0.02906][0.941899,-0.279138,0.186835][0.56079,0.66945,0][0.634447,0.174273,0.02906][0.941899,-0.279138,0.186835][0.56079,0.66945,0][0.671163,0.298004,0.161175][0.894995,-0.446061,0.00360339][0.48877,0.73353,0][0.650427,0.272836,0.18946][0.734004,-0.628731,0.256779][0.50644,0.75194,0][0.734765,0.39157,0.318061][0.646029,-0.749516,0.144475][0.42207,0.81547,0][0.650427,0.272836,0.18946][0.734004,-0.628731,0.256779][0.50644,0.75194,0][0.671163,0.298004,0.161175][0.894995,-0.446061,0.00360339][0.48877,0.73353,0][0.671163,0.298004,0.161175][0.894995,-0.446061,0.00360339][0.48877,0.73353,0][0.751283,0.409529,0.292015][0.80832,-0.572775,-0.13619][0.40945,0.80024,0][0.734765,0.39157,0.318061][0.646029,-0.749516,0.144475][0.42207,0.81547,0][0.833889,0.47922,0.416711][0.556649,-0.830649,0.0128443][0.3547,0.86513,0][0.734765,0.39157,0.318061][0.646029,-0.749516,0.144475][0.42207,0.81547,0][0.751283,0.409529,0.292015][0.80832,-0.572775,-0.13619][0.40945,0.80024,0][0.751283,0.409529,0.292015][0.80832,-0.572775,-0.13619][0.40945,0.80024,0][0.844697,0.492274,0.394707][0.68516,-0.676914,-0.268968][0.34494,0.85228,0][0.833889,0.47922,0.416711][0.556649,-0.830649,0.0128443][0.3547,0.86513,0][0.941417,0.53557,0.482938][0.502767,-0.863007,-0.0494311][0.28787,0.90906,0][0.833889,0.47922,0.416711][0.556649,-0.830649,0.0128443][0.3547,0.86513,0][0.844697,0.492274,0.394707][0.68516,-0.676914,-0.268968][0.34494,0.85228,0][0.844697,0.492274,0.394707][0.68516,-0.676914,-0.268968][0.34494,0.85228,0][0.947577,0.544381,0.465468][0.586848,-0.730011,-0.350275][0.28213,0.89955,0][0.941417,0.53557,0.482938][0.502767,-0.863007,-0.0494311][0.28787,0.90906,0][1.01727,0.579002,0.510457][0.268689,-0.962853,-0.026826][0.25267,0.92641,0][0.941417,0.53557,0.482938][0.502767,-0.863007,-0.0494311][0.28787,0.90906,0][0.947577,0.544381,0.465468][0.586848,-0.730011,-0.350275][0.28213,0.89955,0][0.947577,0.544381,0.465468][0.586848,-0.730011,-0.350275][0.28213,0.89955,0][1.01981,0.582064,0.501431][0.289179,-0.884171,-0.366903][0.2496,0.91893,0][1.01727,0.579002,0.510457][0.268689,-0.962853,-0.026826][0.25267,0.92641,0][1.10431,0.584217,0.503951][0.101039,-0.977575,-0.184768][0.21358,0.9398,0][1.01727,0.579002,0.510457][0.268689,-0.962853,-0.026826][0.25267,0.92641,0][1.01981,0.582064,0.501431][0.289179,-0.884171,-0.366903][0.2496,0.91893,0][1.01981,0.582064,0.501431][0.289179,-0.884171,-0.366903][0.2496,0.91893,0][1.1042,0.587909,0.494794][0.0262249,-0.857707,-0.51347][0.21251,0.9346,0][1.10431,0.584217,0.503951][0.101039,-0.977575,-0.184768][0.21358,0.9398,0][1.19369,0.60329,0.474309][0.232945,-0.946105,-0.224992][0.15112,0.95498,0][1.10431,0.584217,0.503951][0.101039,-0.977575,-0.184768][0.21358,0.9398,0][1.1042,0.587909,0.494794][0.0262249,-0.857707,-0.51347][0.21251,0.9346,0][1.1042,0.587909,0.494794][0.0262249,-0.857707,-0.51347][0.21251,0.9346,0][1.19243,0.604917,0.470092][0.0947349,-0.83655,-0.539638][0.15078,0.95329,0][1.19369,0.60329,0.474309][0.232945,-0.946105,-0.224992][0.15112,0.95498,0][0.678981,-0.0573177,-0.176141][0.930117,-0.114993,0.348795][0.67692,0.55555,0][0.675842,-0.178227,-0.240823][0.937499,-0.192196,0.290098][0.73404,0.51922,0][0.688803,-0.159296,-0.307695][0.996399,-0.0838136,-0.0127988][0.72338,0.48244,0][0.688803,-0.159296,-0.307695][0.996399,-0.0838136,-0.0127988][0.72338,0.48244,0][0.693609,-0.0258484,-0.23691][0.995045,0.0753198,0.0649037][0.65988,0.52302,0][0.678981,-0.0573177,-0.176141][0.930117,-0.114993,0.348795][0.67692,0.55555,0][0.644579,0.0590973,-0.081428][0.92725,-0.134488,0.349457][0.61632,0.61603,0][0.678981,-0.0573177,-0.176141][0.930117,-0.114993,0.348795][0.67692,0.55555,0][0.693609,-0.0258484,-0.23691][0.995045,0.0753198,0.0649037][0.65988,0.52302,0][0.693609,-0.0258484,-0.23691][0.995045,0.0753198,0.0649037][0.65988,0.52302,0][0.656954,0.097929,-0.129856][0.988857,0.111352,0.0988028][0.59266,0.58799,0][0.644579,0.0590973,-0.081428][0.92725,-0.134488,0.349457][0.61632,0.61603,0][0.634447,0.174273,0.02906][0.941899,-0.279138,0.186835][0.56079,0.66945,0][0.644579,0.0590973,-0.081428][0.92725,-0.134488,0.349457][0.61632,0.61603,0][0.656954,0.097929,-0.129856][0.988857,0.111352,0.0988028][0.59266,0.58799,0][0.656954,0.097929,-0.129856][0.988857,0.111352,0.0988028][0.59266,0.58799,0][0.64294,0.211699,-0.008711][0.998459,-0.0258248,-0.049114][0.53806,0.64581,0][0.634447,0.174273,0.02906][0.941899,-0.279138,0.186835][0.56079,0.66945,0][0.671163,0.298004,0.161175][0.894995,-0.446061,0.00360339][0.48877,0.73353,0][0.634447,0.174273,0.02906][0.941899,-0.279138,0.186835][0.56079,0.66945,0][0.64294,0.211699,-0.008711][0.998459,-0.0258248,-0.049114][0.53806,0.64581,0][0.64294,0.211699,-0.008711][0.998459,-0.0258248,-0.049114][0.53806,0.64581,0][0.6783,0.329027,0.131435][0.952582,-0.187693,-0.239496][0.47124,0.71476,0][0.671163,0.298004,0.161175][0.894995,-0.446061,0.00360339][0.48877,0.73353,0][0.751283,0.409529,0.292015][0.80832,-0.572775,-0.13619][0.40945,0.80024,0][0.671163,0.298004,0.161175][0.894995,-0.446061,0.00360339][0.48877,0.73353,0][0.6783,0.329027,0.131435][0.952582,-0.187693,-0.239496][0.47124,0.71476,0][0.6783,0.329027,0.131435][0.952582,-0.187693,-0.239496][0.47124,0.71476,0][0.756796,0.435102,0.267276][0.867345,-0.323331,-0.378378][0.39626,0.7856,0][0.751283,0.409529,0.292015][0.80832,-0.572775,-0.13619][0.40945,0.80024,0][0.844697,0.492274,0.394707][0.68516,-0.676914,-0.268968][0.34494,0.85228,0][0.751283,0.409529,0.292015][0.80832,-0.572775,-0.13619][0.40945,0.80024,0][0.756796,0.435102,0.267276][0.867345,-0.323331,-0.378378][0.39626,0.7856,0][0.756796,0.435102,0.267276][0.867345,-0.323331,-0.378378][0.39626,0.7856,0][0.84951,0.511763,0.375199][0.742484,-0.440326,-0.504808][0.33387,0.84046,0][0.844697,0.492274,0.394707][0.68516,-0.676914,-0.268968][0.34494,0.85228,0][0.947577,0.544381,0.465468][0.586848,-0.730011,-0.350275][0.28213,0.89955,0][0.844697,0.492274,0.394707][0.68516,-0.676914,-0.268968][0.34494,0.85228,0][0.84951,0.511763,0.375199][0.742484,-0.440326,-0.504808][0.33387,0.84046,0][0.84951,0.511763,0.375199][0.742484,-0.440326,-0.504808][0.33387,0.84046,0][0.950508,0.558719,0.450976][0.627165,-0.489186,-0.606103][0.27492,0.89076,0][0.947577,0.544381,0.465468][0.586848,-0.730011,-0.350275][0.28213,0.89955,0][1.01981,0.582064,0.501431][0.289179,-0.884171,-0.366903][0.2496,0.91893,0][0.947577,0.544381,0.465468][0.586848,-0.730011,-0.350275][0.28213,0.89955,0][0.950508,0.558719,0.450976][0.627165,-0.489186,-0.606103][0.27492,0.89076,0][0.950508,0.558719,0.450976][0.627165,-0.489186,-0.606103][0.27492,0.89076,0][1.02124,0.587892,0.492826][0.292863,-0.701403,-0.649819][0.24566,0.91166,0][1.01981,0.582064,0.501431][0.289179,-0.884171,-0.366903][0.2496,0.91893,0][1.1042,0.587909,0.494794][0.0262249,-0.857707,-0.51347][0.21251,0.9346,0][1.01981,0.582064,0.501431][0.289179,-0.884171,-0.366903][0.2496,0.91893,0][1.02124,0.587892,0.492826][0.292863,-0.701403,-0.649819][0.24566,0.91166,0][1.02124,0.587892,0.492826][0.292863,-0.701403,-0.649819][0.24566,0.91166,0][1.10366,0.594487,0.487361][-0.0383428,-0.634516,-0.771958][0.21087,0.92983,0][1.1042,0.587909,0.494794][0.0262249,-0.857707,-0.51347][0.21251,0.9346,0][1.19243,0.604917,0.470092][0.0947349,-0.83655,-0.539638][0.15078,0.95329,0][1.1042,0.587909,0.494794][0.0262249,-0.857707,-0.51347][0.21251,0.9346,0][1.10366,0.594487,0.487361][-0.0383428,-0.634516,-0.771958][0.21087,0.92983,0][1.10366,0.594487,0.487361][-0.0383428,-0.634516,-0.771958][0.21087,0.92983,0][1.19115,0.607946,0.466719][-0.0276824,-0.575112,-0.817606][0.14901,0.952,0][1.19243,0.604917,0.470092][0.0947349,-0.83655,-0.539638][0.15078,0.95329,0][0.693609,-0.0258484,-0.23691][0.995045,0.0753198,0.0649037][0.65988,0.52302,0][0.688803,-0.159296,-0.307695][0.996399,-0.0838136,-0.0127988][0.72338,0.48244,0][0.679244,-0.138363,-0.371614][0.948332,0.0496565,-0.313371][0.71419,0.44557,0][0.679244,-0.138363,-0.371614][0.948332,0.0496565,-0.313371][0.71419,0.44557,0][0.684005,0.00445175,-0.296731][0.932918,0.272648,-0.235216][0.64629,0.48898,0][0.693609,-0.0258484,-0.23691][0.995045,0.0753198,0.0649037][0.65988,0.52302,0][0.656954,0.097929,-0.129856][0.988857,0.111352,0.0988028][0.59266,0.58799,0][0.693609,-0.0258484,-0.23691][0.995045,0.0753198,0.0649037][0.65988,0.52302,0][0.684005,0.00445175,-0.296731][0.932918,0.272648,-0.235216][0.64629,0.48898,0][0.684005,0.00445175,-0.296731][0.932918,0.272648,-0.235216][0.64629,0.48898,0][0.647346,0.133609,-0.178783][0.918918,0.358812,-0.163839][0.57382,0.55707,0][0.656954,0.097929,-0.129856][0.988857,0.111352,0.0988028][0.59266,0.58799,0][0.64294,0.211699,-0.008711][0.998459,-0.0258248,-0.049114][0.53806,0.64581,0][0.656954,0.097929,-0.129856][0.988857,0.111352,0.0988028][0.59266,0.58799,0][0.647346,0.133609,-0.178783][0.918918,0.358812,-0.163839][0.57382,0.55707,0][0.647346,0.133609,-0.178783][0.918918,0.358812,-0.163839][0.57382,0.55707,0][0.633367,0.246576,-0.045096][0.928243,0.253964,-0.271786][0.51834,0.62089,0][0.64294,0.211699,-0.008711][0.998459,-0.0258248,-0.049114][0.53806,0.64581,0][0.6783,0.329027,0.131435][0.952582,-0.187693,-0.239496][0.47124,0.71476,0][0.64294,0.211699,-0.008711][0.998459,-0.0258248,-0.049114][0.53806,0.64581,0][0.633367,0.246576,-0.045096][0.928243,0.253964,-0.271786][0.51834,0.62089,0][0.633367,0.246576,-0.045096][0.928243,0.253964,-0.271786][0.51834,0.62089,0][0.670031,0.360289,0.105774][0.894584,0.0977138,-0.436086][0.45462,0.69643,0][0.6783,0.329027,0.131435][0.952582,-0.187693,-0.239496][0.47124,0.71476,0][0.756796,0.435102,0.267276][0.867345,-0.323331,-0.378378][0.39626,0.7856,0][0.6783,0.329027,0.131435][0.952582,-0.187693,-0.239496][0.47124,0.71476,0][0.670031,0.360289,0.105774][0.894584,0.0977138,-0.436086][0.45462,0.69643,0][0.670031,0.360289,0.105774][0.894584,0.0977138,-0.436086][0.45462,0.69643,0][0.752434,0.463218,0.247735][0.828031,-0.0351842,-0.559578][0.383,0.77205,0][0.756796,0.435102,0.267276][0.867345,-0.323331,-0.378378][0.39626,0.7856,0][0.84951,0.511763,0.375199][0.742484,-0.440326,-0.504808][0.33387,0.84046,0][0.756796,0.435102,0.267276][0.867345,-0.323331,-0.378378][0.39626,0.7856,0][0.752434,0.463218,0.247735][0.828031,-0.0351842,-0.559578][0.383,0.77205,0][0.752434,0.463218,0.247735][0.828031,-0.0351842,-0.559578][0.383,0.77205,0][0.847532,0.534893,0.361186][0.7176,-0.0648295,-0.693431][0.32239,0.82993,0][0.84951,0.511763,0.375199][0.742484,-0.440326,-0.504808][0.33387,0.84046,0][0.950508,0.558719,0.450976][0.627165,-0.489186,-0.606103][0.27492,0.89076,0][0.84951,0.511763,0.375199][0.742484,-0.440326,-0.504808][0.33387,0.84046,0][0.847532,0.534893,0.361186][0.7176,-0.0648295,-0.693431][0.32239,0.82993,0][0.847532,0.534893,0.361186][0.7176,-0.0648295,-0.693431][0.32239,0.82993,0][0.949585,0.576361,0.441917][0.603633,-0.110272,-0.789599][0.2663,0.88324,0][0.950508,0.558719,0.450976][0.627165,-0.489186,-0.606103][0.27492,0.89076,0][1.02124,0.587892,0.492826][0.292863,-0.701403,-0.649819][0.24566,0.91166,0][0.950508,0.558719,0.450976][0.627165,-0.489186,-0.606103][0.27492,0.89076,0][0.949585,0.576361,0.441917][0.603633,-0.110272,-0.789599][0.2663,0.88324,0][0.949585,0.576361,0.441917][0.603633,-0.110272,-0.789599][0.2663,0.88324,0][1.02104,0.595532,0.487323][0.273731,-0.555506,-0.785165][0.24027,0.90513,0][1.02124,0.587892,0.492826][0.292863,-0.701403,-0.649819][0.24566,0.91166,0][1.10366,0.594487,0.487361][-0.0383428,-0.634516,-0.771958][0.21087,0.92983,0][1.02124,0.587892,0.492826][0.292863,-0.701403,-0.649819][0.24566,0.91166,0][1.02104,0.595532,0.487323][0.273731,-0.555506,-0.785165][0.24027,0.90513,0][1.02104,0.595532,0.487323][0.273731,-0.555506,-0.785165][0.24027,0.90513,0][1.10297,0.602959,0.482705][-0.0959326,-0.121042,-0.988001][0.20855,0.92603,0][1.10366,0.594487,0.487361][-0.0383428,-0.634516,-0.771958][0.21087,0.92983,0][1.19115,0.607946,0.466719][-0.0276824,-0.575112,-0.817606][0.14901,0.952,0][1.10366,0.594487,0.487361][-0.0383428,-0.634516,-0.771958][0.21087,0.92983,0][1.10297,0.602959,0.482705][-0.0959326,-0.121042,-0.988001][0.20855,0.92603,0][1.10297,0.602959,0.482705][-0.0959326,-0.121042,-0.988001][0.20855,0.92603,0][1.18979,0.611677,0.465329][-0.135521,-0.0324127,-0.990244][0.14624,0.95106,0][1.19115,0.607946,0.466719][-0.0276824,-0.575112,-0.817606][0.14901,0.952,0][0.684005,0.00445175,-0.296731][0.932918,0.272648,-0.235216][0.64629,0.48898,0][0.679244,-0.138363,-0.371614][0.948332,0.0496565,-0.313371][0.71419,0.44557,0][0.649742,-0.11861,-0.423879][0.778956,0.193286,-0.596547][0.70539,0.40971,0][0.649742,-0.11861,-0.423879][0.778956,0.193286,-0.596547][0.70539,0.40971,0][0.652286,0.0280647,-0.345281][0.743989,0.441026,-0.501973][0.63499,0.45469,0][0.684005,0.00445175,-0.296731][0.932918,0.272648,-0.235216][0.64629,0.48898,0][0.647346,0.133609,-0.178783][0.918918,0.358812,-0.163839][0.57382,0.55707,0][0.684005,0.00445175,-0.296731][0.932918,0.272648,-0.235216][0.64629,0.48898,0][0.652286,0.0280647,-0.345281][0.743989,0.441026,-0.501973][0.63499,0.45469,0][0.652286,0.0280647,-0.345281][0.743989,0.441026,-0.501973][0.63499,0.45469,0][0.618975,0.160275,-0.220023][0.712665,0.574294,-0.402859][0.55913,0.52503,0][0.647346,0.133609,-0.178783][0.918918,0.358812,-0.163839][0.57382,0.55707,0][0.633367,0.246576,-0.045096][0.928243,0.253964,-0.271786][0.51834,0.62089,0][0.647346,0.133609,-0.178783][0.918918,0.358812,-0.163839][0.57382,0.55707,0][0.618975,0.160275,-0.220023][0.712665,0.574294,-0.402859][0.55913,0.52503,0][0.618975,0.160275,-0.220023][0.712665,0.574294,-0.402859][0.55913,0.52503,0][0.608698,0.273446,-0.074476][0.734403,0.509318,-0.448606][0.50156,0.59615,0][0.633367,0.246576,-0.045096][0.928243,0.253964,-0.271786][0.51834,0.62089,0][0.670031,0.360289,0.105774][0.894584,0.0977138,-0.436086][0.45462,0.69643,0][0.633367,0.246576,-0.045096][0.928243,0.253964,-0.271786][0.51834,0.62089,0][0.608698,0.273446,-0.074476][0.734403,0.509318,-0.448606][0.50156,0.59615,0][0.608698,0.273446,-0.074476][0.734403,0.509318,-0.448606][0.50156,0.59615,0][0.651588,0.386535,0.087141][0.750111,0.351052,-0.560443][0.43896,0.67946,0][0.670031,0.360289,0.105774][0.894584,0.0977138,-0.436086][0.45462,0.69643,0][0.752434,0.463218,0.247735][0.828031,-0.0351842,-0.559578][0.383,0.77205,0][0.670031,0.360289,0.105774][0.894584,0.0977138,-0.436086][0.45462,0.69643,0][0.651588,0.386535,0.087141][0.750111,0.351052,-0.560443][0.43896,0.67946,0][0.651588,0.386535,0.087141][0.750111,0.351052,-0.560443][0.43896,0.67946,0][0.739199,0.489526,0.236231][0.659537,0.343591,-0.668548][0.3698,0.76,0][0.752434,0.463218,0.247735][0.828031,-0.0351842,-0.559578][0.383,0.77205,0][0.847532,0.534893,0.361186][0.7176,-0.0648295,-0.693431][0.32239,0.82993,0][0.752434,0.463218,0.247735][0.828031,-0.0351842,-0.559578][0.383,0.77205,0][0.739199,0.489526,0.236231][0.659537,0.343591,-0.668548][0.3698,0.76,0][0.739199,0.489526,0.236231][0.659537,0.343591,-0.668548][0.3698,0.76,0][0.839288,0.556299,0.358547][0.630321,0.172337,-0.756965][0.31079,0.82069,0][0.847532,0.534893,0.361186][0.7176,-0.0648295,-0.693431][0.32239,0.82993,0][0.949585,0.576361,0.441917][0.603633,-0.110272,-0.789599][0.2663,0.88324,0][0.847532,0.534893,0.361186][0.7176,-0.0648295,-0.693431][0.32239,0.82993,0][0.839288,0.556299,0.358547][0.630321,0.172337,-0.756965][0.31079,0.82069,0][0.839288,0.556299,0.358547][0.630321,0.172337,-0.756965][0.31079,0.82069,0][0.94586,0.592807,0.441623][0.533156,0.0832806,-0.841908][0.25728,0.87723,0][0.949585,0.576361,0.441917][0.603633,-0.110272,-0.789599][0.2663,0.88324,0][1.02104,0.595532,0.487323][0.273731,-0.555506,-0.785165][0.24027,0.90513,0][0.949585,0.576361,0.441917][0.603633,-0.110272,-0.789599][0.2663,0.88324,0][0.94586,0.592807,0.441623][0.533156,0.0832806,-0.841908][0.25728,0.87723,0][0.94586,0.592807,0.441623][0.533156,0.0832806,-0.841908][0.25728,0.87723,0][1.02159,0.603967,0.480918][0.248469,-0.423302,-0.871251][0.23177,0.90088,0][1.02104,0.595532,0.487323][0.273731,-0.555506,-0.785165][0.24027,0.90513,0][1.10297,0.602959,0.482705][-0.0959326,-0.121042,-0.988001][0.20855,0.92603,0][1.02104,0.595532,0.487323][0.273731,-0.555506,-0.785165][0.24027,0.90513,0][1.02159,0.603967,0.480918][0.248469,-0.423302,-0.871251][0.23177,0.90088,0][1.02159,0.603967,0.480918][0.248469,-0.423302,-0.871251][0.23177,0.90088,0][1.10132,0.610598,0.485297][-0.0717551,0.205368,-0.976051][0.20564,0.92312,0][1.10297,0.602959,0.482705][-0.0959326,-0.121042,-0.988001][0.20855,0.92603,0][1.18979,0.611677,0.465329][-0.135521,-0.0324127,-0.990244][0.14624,0.95106,0][1.10297,0.602959,0.482705][-0.0959326,-0.121042,-0.988001][0.20855,0.92603,0][1.10132,0.610598,0.485297][-0.0717551,0.205368,-0.976051][0.20564,0.92312,0][1.10132,0.610598,0.485297][-0.0717551,0.205368,-0.976051][0.20564,0.92312,0][1.18821,0.614741,0.466666][-0.165089,0.424239,-0.890374][0.14436,0.94965,0][1.18979,0.611677,0.465329][-0.135521,-0.0324127,-0.990244][0.14624,0.95106,0][0.652286,0.0280647,-0.345281][0.743989,0.441026,-0.501973][0.63499,0.45469,0][0.649742,-0.11861,-0.423879][0.778956,0.193286,-0.596547][0.70539,0.40971,0][0.613588,-0.105189,-0.452203][0.52908,0.305647,-0.791615][0.698,0.38137,0][0.613588,-0.105189,-0.452203][0.52908,0.305647,-0.791615][0.698,0.38137,0][0.613559,0.0412502,-0.373383][0.37436,0.582691,-0.721336][0.62533,0.42823,0][0.652286,0.0280647,-0.345281][0.743989,0.441026,-0.501973][0.63499,0.45469,0][0.618975,0.160275,-0.220023][0.712665,0.574294,-0.402859][0.55913,0.52503,0][0.652286,0.0280647,-0.345281][0.743989,0.441026,-0.501973][0.63499,0.45469,0][0.613559,0.0412502,-0.373383][0.37436,0.582691,-0.721336][0.62533,0.42823,0][0.613559,0.0412502,-0.373383][0.37436,0.582691,-0.721336][0.62533,0.42823,0][0.583253,0.173008,-0.244422][0.282868,0.741412,-0.608518][0.54753,0.50091,0][0.618975,0.160275,-0.220023][0.712665,0.574294,-0.402859][0.55913,0.52503,0][0.608698,0.273446,-0.074476][0.734403,0.509318,-0.448606][0.50156,0.59615,0][0.618975,0.160275,-0.220023][0.712665,0.574294,-0.402859][0.55913,0.52503,0][0.583253,0.173008,-0.244422][0.282868,0.741412,-0.608518][0.54753,0.50091,0][0.583253,0.173008,-0.244422][0.282868,0.741412,-0.608518][0.54753,0.50091,0][0.5809,0.289436,-0.089185][0.372551,0.727026,-0.576748][0.48889,0.57721,0][0.608698,0.273446,-0.074476][0.734403,0.509318,-0.448606][0.50156,0.59615,0][0.651588,0.386535,0.087141][0.750111,0.351052,-0.560443][0.43896,0.67946,0][0.608698,0.273446,-0.074476][0.734403,0.509318,-0.448606][0.50156,0.59615,0][0.5809,0.289436,-0.089185][0.372551,0.727026,-0.576748][0.48889,0.57721,0][0.5809,0.289436,-0.089185][0.372551,0.727026,-0.576748][0.48889,0.57721,0][0.632221,0.404847,0.079576][0.448823,0.636473,-0.627264][0.42656,0.66712,0][0.651588,0.386535,0.087141][0.750111,0.351052,-0.560443][0.43896,0.67946,0][0.739199,0.489526,0.236231][0.659537,0.343591,-0.668548][0.3698,0.76,0][0.651588,0.386535,0.087141][0.750111,0.351052,-0.560443][0.43896,0.67946,0][0.632221,0.404847,0.079576][0.448823,0.636473,-0.627264][0.42656,0.66712,0][0.632221,0.404847,0.079576][0.448823,0.636473,-0.627264][0.42656,0.66712,0][0.722717,0.506779,0.237072][0.375404,0.648268,-0.662435][0.35852,0.7515,0][0.739199,0.489526,0.236231][0.659537,0.343591,-0.668548][0.3698,0.76,0][0.839288,0.556299,0.358547][0.630321,0.172337,-0.756965][0.31079,0.82069,0][0.739199,0.489526,0.236231][0.659537,0.343591,-0.668548][0.3698,0.76,0][0.722717,0.506779,0.237072][0.375404,0.648268,-0.662435][0.35852,0.7515,0][0.722717,0.506779,0.237072][0.375404,0.648268,-0.662435][0.35852,0.7515,0][0.829488,0.575225,0.354891][0.398307,0.584525,-0.706882][0.30144,0.81408,0][0.839288,0.556299,0.358547][0.630321,0.172337,-0.756965][0.31079,0.82069,0][0.94586,0.592807,0.441623][0.533156,0.0832806,-0.841908][0.25728,0.87723,0][0.839288,0.556299,0.358547][0.630321,0.172337,-0.756965][0.31079,0.82069,0][0.829488,0.575225,0.354891][0.398307,0.584525,-0.706882][0.30144,0.81408,0][0.829488,0.575225,0.354891][0.398307,0.584525,-0.706882][0.30144,0.81408,0][0.94112,0.607997,0.440193][0.377449,0.513837,-0.770392][0.24939,0.87332,0][0.94586,0.592807,0.441623][0.533156,0.0832806,-0.841908][0.25728,0.87723,0][1.02159,0.603967,0.480918][0.248469,-0.423302,-0.871251][0.23177,0.90088,0][0.94586,0.592807,0.441623][0.533156,0.0832806,-0.841908][0.25728,0.87723,0][0.94112,0.607997,0.440193][0.377449,0.513837,-0.770392][0.24939,0.87332,0][0.94112,0.607997,0.440193][0.377449,0.513837,-0.770392][0.24939,0.87332,0][1.02015,0.616614,0.47704][0.233212,0.333118,-0.913589][0.22509,0.89891,0][1.02159,0.603967,0.480918][0.248469,-0.423302,-0.871251][0.23177,0.90088,0][1.10132,0.610598,0.485297][-0.0717551,0.205368,-0.976051][0.20564,0.92312,0][1.02159,0.603967,0.480918][0.248469,-0.423302,-0.871251][0.23177,0.90088,0][1.02015,0.616614,0.47704][0.233212,0.333118,-0.913589][0.22509,0.89891,0][1.02015,0.616614,0.47704][0.233212,0.333118,-0.913589][0.22509,0.89891,0][1.10051,0.616819,0.486172][-0.0542495,0.269606,-0.961441][0.19612,0.92451,0][1.10132,0.610598,0.485297][-0.0717551,0.205368,-0.976051][0.20564,0.92312,0][1.18821,0.614741,0.466666][-0.165089,0.424239,-0.890374][0.14436,0.94965,0][1.10132,0.610598,0.485297][-0.0717551,0.205368,-0.976051][0.20564,0.92312,0][1.10051,0.616819,0.486172][-0.0542495,0.269606,-0.961441][0.19612,0.92451,0][1.10051,0.616819,0.486172][-0.0542495,0.269606,-0.961441][0.19612,0.92451,0][1.18754,0.617028,0.46827][-0.137742,0.594472,-0.792232][0.14331,0.94753,0][1.18821,0.614741,0.466666][-0.165089,0.424239,-0.890374][0.14436,0.94965,0][0.366599,-0.395052,-0.07105][-0.0823549,0.581952,0.809042][0.92056,0.66574,0][0.431812,-0.416306,-0.069513][0.290004,0.340208,0.894515][0.91937,0.62879,0][0.488808,-0.316981,-0.118551][0.255773,0.102906,0.961244][0.85417,0.61738,0][0.488808,-0.316981,-0.118551][0.255773,0.102906,0.961244][0.85417,0.61738,0][0.435934,-0.301524,-0.116123][-0.0814378,0.256144,0.963202][0.8575,0.65091,0][0.366599,-0.395052,-0.07105][-0.0823549,0.581952,0.809042][0.92056,0.66574,0][0.431812,-0.416306,-0.069513][0.290004,0.340208,0.894515][0.91937,0.62879,0][0.509259,-0.438404,-0.100546][0.569433,0.0832806,0.817808][0.91256,0.58306,0][0.553344,-0.33062,-0.146489][0.551636,-0.0418319,0.833036][0.84767,0.57647,0][0.553344,-0.33062,-0.146489][0.551636,-0.0418319,0.833036][0.84767,0.57647,0][0.488808,-0.316981,-0.118551][0.255773,0.102906,0.961244][0.85417,0.61738,0][0.431812,-0.416306,-0.069513][0.290004,0.340208,0.894515][0.91937,0.62879,0][0.509259,-0.438404,-0.100546][0.569433,0.0832806,0.817808][0.91256,0.58306,0][0.576472,-0.454109,-0.162754][0.785065,-0.152386,0.600376][0.90354,0.53646,0][0.610276,-0.336863,-0.197777][0.78395,-0.137471,0.605412][0.84038,0.53449,0][0.610276,-0.336863,-0.197777][0.78395,-0.137471,0.605412][0.84038,0.53449,0][0.553344,-0.33062,-0.146489][0.551636,-0.0418319,0.833036][0.84767,0.57647,0][0.509259,-0.438404,-0.100546][0.569433,0.0832806,0.817808][0.91256,0.58306,0][0.576472,-0.454109,-0.162754][0.785065,-0.152386,0.600376][0.90354,0.53646,0][0.620764,-0.460245,-0.247481][0.905456,-0.306962,0.293126][0.89542,0.4885,0][0.649833,-0.33491,-0.267597][0.931307,-0.182838,0.315018][0.83341,0.49108,0][0.649833,-0.33491,-0.267597][0.931307,-0.182838,0.315018][0.83341,0.49108,0][0.610276,-0.336863,-0.197777][0.78395,-0.137471,0.605412][0.84038,0.53449,0][0.576472,-0.454109,-0.162754][0.785065,-0.152386,0.600376][0.90354,0.53646,0][0.620764,-0.460245,-0.247481][0.905456,-0.306962,0.293126][0.89542,0.4885,0][0.635471,-0.455883,-0.341897][0.923614,-0.37951,-0.053942][0.88801,0.44,0][0.666408,-0.325005,-0.346288][0.984089,-0.17764,0.00348439][0.82609,0.44751,0][0.666408,-0.325005,-0.346288][0.984089,-0.17764,0.00348439][0.82609,0.44751,0][0.649833,-0.33491,-0.267597][0.931307,-0.182838,0.315018][0.83341,0.49108,0][0.620764,-0.460245,-0.247481][0.905456,-0.306962,0.293126][0.89542,0.4885,0][0.635471,-0.455883,-0.341897][0.923614,-0.37951,-0.053942][0.88801,0.44,0][0.618213,-0.441631,-0.431536][0.83215,-0.37317,-0.410208][0.87997,0.39285,0][0.65862,-0.30809,-0.42367][0.926103,-0.128866,-0.35458][0.81746,0.40534,0][0.65862,-0.30809,-0.42367][0.926103,-0.128866,-0.35458][0.81746,0.40534,0][0.666408,-0.325005,-0.346288][0.984089,-0.17764,0.00348439][0.82609,0.44751,0][0.635471,-0.455883,-0.341897][0.923614,-0.37951,-0.053942][0.88801,0.44,0][0.618213,-0.441631,-0.431536][0.83215,-0.37317,-0.410208][0.87997,0.39285,0][0.574186,-0.420579,-0.501976][0.634618,-0.282439,-0.719366][0.8704,0.34824,0][0.622715,-0.285275,-0.484872][0.725747,-0.0225671,-0.687591][0.80753,0.36517,0][0.622715,-0.285275,-0.484872][0.725747,-0.0225671,-0.687591][0.80753,0.36517,0][0.65862,-0.30809,-0.42367][0.926103,-0.128866,-0.35458][0.81746,0.40534,0][0.618213,-0.441631,-0.431536][0.83215,-0.37317,-0.410208][0.87997,0.39285,0][0.574186,-0.420579,-0.501976][0.634618,-0.282439,-0.719366][0.8704,0.34824,0][0.520679,-0.399686,-0.539056][0.247847,-0.099042,-0.963723][0.86326,0.31263,0][0.578276,-0.266717,-0.515347][0.403382,0.115387,-0.907727][0.79883,0.33398,0][0.578276,-0.266717,-0.515347][0.403382,0.115387,-0.907727][0.79883,0.33398,0][0.622715,-0.285275,-0.484872][0.725747,-0.0225671,-0.687591][0.80753,0.36517,0][0.574186,-0.420579,-0.501976][0.634618,-0.282439,-0.719366][0.8704,0.34824,0][0.435934,-0.301524,-0.116123][-0.0814378,0.256144,0.963202][0.8575,0.65091,0][0.488808,-0.316981,-0.118551][0.255773,0.102906,0.961244][0.85417,0.61738,0][0.526058,-0.197535,-0.118953][0.123448,-0.25912,0.957924][0.77818,0.62089,0][0.526058,-0.197535,-0.118953][0.123448,-0.25912,0.957924][0.77818,0.62089,0][0.477678,-0.190846,-0.119615][-0.232553,-0.152111,0.960615][0.79067,0.64835,0][0.435934,-0.301524,-0.116123][-0.0814378,0.256144,0.963202][0.8575,0.65091,0][0.488808,-0.316981,-0.118551][0.255773,0.102906,0.961244][0.85417,0.61738,0][0.553344,-0.33062,-0.146489][0.551636,-0.0418319,0.833036][0.84767,0.57647,0][0.587737,-0.199232,-0.13637][0.49313,-0.296782,0.817767][0.7616,0.58855,0][0.587737,-0.199232,-0.13637][0.49313,-0.296782,0.817767][0.7616,0.58855,0][0.526058,-0.197535,-0.118953][0.123448,-0.25912,0.957924][0.77818,0.62089,0][0.488808,-0.316981,-0.118551][0.255773,0.102906,0.961244][0.85417,0.61738,0][0.553344,-0.33062,-0.146489][0.551636,-0.0418319,0.833036][0.84767,0.57647,0][0.610276,-0.336863,-0.197777][0.78395,-0.137471,0.605412][0.84038,0.53449,0][0.640399,-0.192183,-0.180805][0.772865,-0.267749,0.575318][0.74677,0.55479,0][0.640399,-0.192183,-0.180805][0.772865,-0.267749,0.575318][0.74677,0.55479,0][0.587737,-0.199232,-0.13637][0.49313,-0.296782,0.817767][0.7616,0.58855,0][0.553344,-0.33062,-0.146489][0.551636,-0.0418319,0.833036][0.84767,0.57647,0][0.610276,-0.336863,-0.197777][0.78395,-0.137471,0.605412][0.84038,0.53449,0][0.649833,-0.33491,-0.267597][0.931307,-0.182838,0.315018][0.83341,0.49108,0][0.675842,-0.178227,-0.240823][0.937499,-0.192196,0.290098][0.73404,0.51922,0][0.675842,-0.178227,-0.240823][0.937499,-0.192196,0.290098][0.73404,0.51922,0][0.640399,-0.192183,-0.180805][0.772865,-0.267749,0.575318][0.74677,0.55479,0][0.610276,-0.336863,-0.197777][0.78395,-0.137471,0.605412][0.84038,0.53449,0][0.649833,-0.33491,-0.267597][0.931307,-0.182838,0.315018][0.83341,0.49108,0][0.666408,-0.325005,-0.346288][0.984089,-0.17764,0.00348439][0.82609,0.44751,0][0.688803,-0.159296,-0.307695][0.996399,-0.0838136,-0.0127988][0.72338,0.48244,0][0.688803,-0.159296,-0.307695][0.996399,-0.0838136,-0.0127988][0.72338,0.48244,0][0.675842,-0.178227,-0.240823][0.937499,-0.192196,0.290098][0.73404,0.51922,0][0.649833,-0.33491,-0.267597][0.931307,-0.182838,0.315018][0.83341,0.49108,0][0.666408,-0.325005,-0.346288][0.984089,-0.17764,0.00348439][0.82609,0.44751,0][0.65862,-0.30809,-0.42367][0.926103,-0.128866,-0.35458][0.81746,0.40534,0][0.679244,-0.138363,-0.371614][0.948332,0.0496565,-0.313371][0.71419,0.44557,0][0.679244,-0.138363,-0.371614][0.948332,0.0496565,-0.313371][0.71419,0.44557,0][0.688803,-0.159296,-0.307695][0.996399,-0.0838136,-0.0127988][0.72338,0.48244,0][0.666408,-0.325005,-0.346288][0.984089,-0.17764,0.00348439][0.82609,0.44751,0][0.65862,-0.30809,-0.42367][0.926103,-0.128866,-0.35458][0.81746,0.40534,0][0.622715,-0.285275,-0.484872][0.725747,-0.0225671,-0.687591][0.80753,0.36517,0][0.649742,-0.11861,-0.423879][0.778956,0.193286,-0.596547][0.70539,0.40971,0][0.649742,-0.11861,-0.423879][0.778956,0.193286,-0.596547][0.70539,0.40971,0][0.679244,-0.138363,-0.371614][0.948332,0.0496565,-0.313371][0.71419,0.44557,0][0.65862,-0.30809,-0.42367][0.926103,-0.128866,-0.35458][0.81746,0.40534,0][0.622715,-0.285275,-0.484872][0.725747,-0.0225671,-0.687591][0.80753,0.36517,0][0.578276,-0.266717,-0.515347][0.403382,0.115387,-0.907727][0.79883,0.33398,0][0.613588,-0.105189,-0.452203][0.52908,0.305647,-0.791615][0.698,0.38137,0][0.613588,-0.105189,-0.452203][0.52908,0.305647,-0.791615][0.698,0.38137,0][0.649742,-0.11861,-0.423879][0.778956,0.193286,-0.596547][0.70539,0.40971,0][0.622715,-0.285275,-0.484872][0.725747,-0.0225671,-0.687591][0.80753,0.36517,0][0.520679,-0.399686,-0.539056][0.247847,-0.099042,-0.963723][0.06194,0.52455,0][0.46547,-0.500168,-0.527219][0.179977,-0.220415,-0.958658][0.02062,0.61595,0][0.410792,-0.48356,-0.525386][-0.377338,0.118724,-0.918434][0.04561,0.63466,0][0.410792,-0.48356,-0.525386][-0.377338,0.118724,-0.918434][0.04561,0.63466,0][0.469324,-0.383372,-0.536001][-0.317829,0.174534,-0.931946][0.08407,0.54226,0][0.520679,-0.399686,-0.539056][0.247847,-0.099042,-0.963723][0.06194,0.52455,0][0.613559,0.0412502,-0.373383][0.37436,0.582691,-0.721336][0.25229,0.36202,0][0.613588,-0.105189,-0.452203][0.52908,0.305647,-0.791615][0.17707,0.39459,0][0.576174,-0.0940914,-0.464807][-0.0711933,0.441988,-0.894191][0.18802,0.41539,0][0.576174,-0.0940914,-0.464807][-0.0711933,0.441988,-0.894191][0.18802,0.41539,0][0.574628,0.0420618,-0.376393][-0.24133,0.594859,-0.766748][0.25713,0.38294,0][0.613559,0.0412502,-0.373383][0.37436,0.582691,-0.721336][0.25229,0.36202,0][0.583253,0.173008,-0.244422][0.282868,0.741412,-0.608518][0.35127,0.3418,0][0.613559,0.0412502,-0.373383][0.37436,0.582691,-0.721336][0.25229,0.36202,0][0.574628,0.0420618,-0.376393][-0.24133,0.594859,-0.766748][0.25713,0.38294,0][0.574628,0.0420618,-0.376393][-0.24133,0.594859,-0.766748][0.25713,0.38294,0][0.54804,0.169767,-0.247757][-0.326034,0.696867,-0.638811][0.35122,0.36107,0][0.583253,0.173008,-0.244422][0.282868,0.741412,-0.608518][0.35127,0.3418,0][0.5809,0.289436,-0.089185][0.372551,0.727026,-0.576748][0.44466,0.31313,0][0.583253,0.173008,-0.244422][0.282868,0.741412,-0.608518][0.35127,0.3418,0][0.54804,0.169767,-0.247757][-0.326034,0.696867,-0.638811][0.35122,0.36107,0][0.54804,0.169767,-0.247757][-0.326034,0.696867,-0.638811][0.35122,0.36107,0][0.551501,0.290409,-0.095117][-0.274251,0.797064,-0.538028][0.44538,0.32935,0][0.5809,0.289436,-0.089185][0.372551,0.727026,-0.576748][0.44466,0.31313,0][0.632221,0.404847,0.079576][0.448823,0.636473,-0.627264][0.5527,0.26797,0][0.5809,0.289436,-0.089185][0.372551,0.727026,-0.576748][0.44466,0.31313,0][0.551501,0.290409,-0.095117][-0.274251,0.797064,-0.538028][0.44538,0.32935,0][0.551501,0.290409,-0.095117][-0.274251,0.797064,-0.538028][0.44538,0.32935,0][0.609156,0.410789,0.07793][-0.199653,0.854893,-0.478849][0.55478,0.28073,0][0.632221,0.404847,0.079576][0.448823,0.636473,-0.627264][0.5527,0.26797,0][0.722717,0.506779,0.237072][0.375404,0.648268,-0.662435][0.65934,0.22022,0][0.632221,0.404847,0.079576][0.448823,0.636473,-0.627264][0.5527,0.26797,0][0.609156,0.410789,0.07793][-0.199653,0.854893,-0.478849][0.55478,0.28073,0][0.609156,0.410789,0.07793][-0.199653,0.854893,-0.478849][0.55478,0.28073,0][0.705756,0.514961,0.240506][-0.151826,0.891862,-0.426064][0.66174,0.23035,0][0.722717,0.506779,0.237072][0.375404,0.648268,-0.662435][0.65934,0.22022,0][0.829488,0.575225,0.354891][0.398307,0.584525,-0.706882][0.74213,0.18179,0][0.722717,0.506779,0.237072][0.375404,0.648268,-0.662435][0.65934,0.22022,0][0.705756,0.514961,0.240506][-0.151826,0.891862,-0.426064][0.66174,0.23035,0][0.705756,0.514961,0.240506][-0.151826,0.891862,-0.426064][0.66174,0.23035,0][0.818031,0.582453,0.363545][-0.122939,0.942677,-0.310234][0.74534,0.18939,0][0.829488,0.575225,0.354891][0.398307,0.584525,-0.706882][0.74213,0.18179,0][0.94112,0.607997,0.440193][0.377449,0.513837,-0.770392][0.81906,0.14252,0][0.829488,0.575225,0.354891][0.398307,0.584525,-0.706882][0.74213,0.18179,0][0.818031,0.582453,0.363545][-0.122939,0.942677,-0.310234][0.74534,0.18939,0][0.818031,0.582453,0.363545][-0.122939,0.942677,-0.310234][0.74534,0.18939,0][0.935035,0.614693,0.447881][-0.0111471,0.959418,-0.281766][0.82323,0.14705,0][0.94112,0.607997,0.440193][0.377449,0.513837,-0.770392][0.81906,0.14252,0][1.02015,0.616614,0.47704][0.233212,0.333118,-0.913589][0.85361,0.12265,0][0.94112,0.607997,0.440193][0.377449,0.513837,-0.770392][0.81906,0.14252,0][0.935035,0.614693,0.447881][-0.0111471,0.959418,-0.281766][0.82323,0.14705,0][0.935035,0.614693,0.447881][-0.0111471,0.959418,-0.281766][0.82323,0.14705,0][1.0174,0.622096,0.482884][0.0421882,0.951421,-0.30499][0.85875,0.1246,0][1.02015,0.616614,0.47704][0.233212,0.333118,-0.913589][0.85361,0.12265,0][1.10051,0.616819,0.486172][-0.0542495,0.269606,-0.961441][0.88771,0.09761,0][1.02015,0.616614,0.47704][0.233212,0.333118,-0.913589][0.85361,0.12265,0][1.0174,0.622096,0.482884][0.0421882,0.951421,-0.30499][0.85875,0.1246,0][1.0174,0.622096,0.482884][0.0421882,0.951421,-0.30499][0.85875,0.1246,0][1.10024,0.62142,0.488069][-0.026442,0.828372,-0.559554][0.89042,0.09977,0][1.10051,0.616819,0.486172][-0.0542495,0.269606,-0.961441][0.88771,0.09761,0][1.18754,0.617028,0.46827][-0.137742,0.594472,-0.792232][0.94254,0.06474,0][1.10051,0.616819,0.486172][-0.0542495,0.269606,-0.961441][0.88771,0.09761,0][1.10024,0.62142,0.488069][-0.026442,0.828372,-0.559554][0.89042,0.09977,0][1.10024,0.62142,0.488069][-0.026442,0.828372,-0.559554][0.89042,0.09977,0][1.18798,0.618722,0.469679][-0.0936303,0.786794,-0.610072][0.94205,0.06609,0][1.18754,0.617028,0.46827][-0.137742,0.594472,-0.792232][0.94254,0.06474,0][0.520679,-0.399686,-0.539056][0.247847,-0.099042,-0.963723][0.06194,0.52455,0][0.469324,-0.383372,-0.536001][-0.317829,0.174534,-0.931946][0.08407,0.54226,0][0.53341,-0.252217,-0.521095][-0.183875,0.305507,-0.934267][0.11692,0.48552,0][0.53341,-0.252217,-0.521095][-0.183875,0.305507,-0.934267][0.11692,0.48552,0][0.578276,-0.266717,-0.515347][0.403382,0.115387,-0.907727][0.09735,0.46806,0][0.520679,-0.399686,-0.539056][0.247847,-0.099042,-0.963723][0.06194,0.52455,0][0.578276,-0.266717,-0.515347][0.403382,0.115387,-0.907727][0.09735,0.46806,0][0.53341,-0.252217,-0.521095][-0.183875,0.305507,-0.934267][0.11692,0.48552,0][0.576174,-0.0940914,-0.464807][-0.0711933,0.441988,-0.894191][0.18802,0.41539,0][0.576174,-0.0940914,-0.464807][-0.0711933,0.441988,-0.894191][0.18802,0.41539,0][0.613588,-0.105189,-0.452203][0.52908,0.305647,-0.791615][0.17707,0.39459,0][0.578276,-0.266717,-0.515347][0.403382,0.115387,-0.907727][0.09735,0.46806,0][1.19405,0.612982,0.482294][0.425914,0.403552,0.80978][0.94972,0.07172,0][1.22032,0.615838,0.462651][0.916349,0.146042,-0.372795][0.95335,0.06294,0][1.19373,0.615554,0.480919][0.352327,0.63118,0.690998][0.94817,0.07042,0][1.19437,0.610565,0.483123][0.471581,0.210621,0.856301][0.95081,0.07307,0][1.22032,0.615838,0.462651][0.916349,0.146042,-0.372795][0.95335,0.06294,0][1.19405,0.612982,0.482294][0.425914,0.403552,0.80978][0.94972,0.07172,0][1.19474,0.608017,0.483147][0.528639,-0.124205,0.83971][0.95183,0.07443,0][1.22032,0.615838,0.462651][0.916349,0.146042,-0.372795][0.95335,0.06294,0][1.19437,0.610565,0.483123][0.471581,0.210621,0.856301][0.95081,0.07307,0][1.19499,0.605303,0.481868][0.526462,-0.566929,0.633584][0.15043,0.95903,0][1.22032,0.615838,0.462651][0.916349,0.146042,-0.372795][0.13981,0.95643,0][1.19474,0.608017,0.483147][0.528639,-0.124205,0.83971][0.15085,0.96093,0][1.19465,0.603318,0.478734][0.402694,-0.892451,0.203394][0.15062,0.95697,0][1.22032,0.615838,0.462651][0.916349,0.146042,-0.372795][0.13981,0.95643,0][1.19499,0.605303,0.481868][0.526462,-0.566929,0.633584][0.15043,0.95903,0][1.19369,0.60329,0.474309][0.232945,-0.946105,-0.224992][0.15112,0.95498,0][1.22032,0.615838,0.462651][0.916349,0.146042,-0.372795][0.13981,0.95643,0][1.19465,0.603318,0.478734][0.402694,-0.892451,0.203394][0.15062,0.95697,0][1.19243,0.604917,0.470092][0.0947349,-0.83655,-0.539638][0.15078,0.95329,0][1.22032,0.615838,0.462651][0.916349,0.146042,-0.372795][0.13981,0.95643,0][1.19369,0.60329,0.474309][0.232945,-0.946105,-0.224992][0.15112,0.95498,0][1.19115,0.607946,0.466719][-0.0276824,-0.575112,-0.817606][0.14901,0.952,0][1.22032,0.615838,0.462651][0.916349,0.146042,-0.372795][0.13981,0.95643,0][1.19243,0.604917,0.470092][0.0947349,-0.83655,-0.539638][0.15078,0.95329,0][1.18979,0.611677,0.465329][-0.135521,-0.0324127,-0.990244][0.14624,0.95106,0][1.22032,0.615838,0.462651][0.916349,0.146042,-0.372795][0.13981,0.95643,0][1.19115,0.607946,0.466719][-0.0276824,-0.575112,-0.817606][0.14901,0.952,0][1.18821,0.614741,0.466666][-0.165089,0.424239,-0.890374][0.14436,0.94965,0][1.22032,0.615838,0.462651][0.916349,0.146042,-0.372795][0.13981,0.95643,0][1.18979,0.611677,0.465329][-0.135521,-0.0324127,-0.990244][0.14624,0.95106,0][1.18754,0.617028,0.46827][-0.137742,0.594472,-0.792232][0.14331,0.94753,0][1.22032,0.615838,0.462651][0.916349,0.146042,-0.372795][0.13981,0.95643,0][1.18821,0.614741,0.466666][-0.165089,0.424239,-0.890374][0.14436,0.94965,0][1.18798,0.618722,0.469679][-0.0936303,0.786794,-0.610072][0.94205,0.06609,0][1.22032,0.615838,0.462651][0.916349,0.146042,-0.372795][0.95335,0.06294,0][1.18754,0.617028,0.46827][-0.137742,0.594472,-0.792232][0.94254,0.06474,0][1.18931,0.619743,0.471451][-0.00957879,0.96482,-0.262736][0.94228,0.06724,0][1.22032,0.615838,0.462651][0.916349,0.146042,-0.372795][0.95335,0.06294,0][1.18798,0.618722,0.469679][-0.0936303,0.786794,-0.610072][0.94205,0.06609,0][1.1912,0.619845,0.474112][0.116515,0.982927,0.142406][0.94367,0.06836,0][1.22032,0.615838,0.462651][0.916349,0.146042,-0.372795][0.95335,0.06294,0][1.18931,0.619743,0.471451][-0.00957879,0.96482,-0.262736][0.94228,0.06724,0][1.1927,0.618172,0.477856][0.23116,0.855965,0.462482][0.94611,0.06927,0][1.22032,0.615838,0.462651][0.916349,0.146042,-0.372795][0.95335,0.06294,0][1.1912,0.619845,0.474112][0.116515,0.982927,0.142406][0.94367,0.06836,0][1.19373,0.615554,0.480919][0.352327,0.63118,0.690998][0.94817,0.07042,0][1.22032,0.615838,0.462651][0.916349,0.146042,-0.372795][0.95335,0.06294,0][1.1927,0.618172,0.477856][0.23116,0.855965,0.462482][0.94611,0.06927,0][0.448077,-0.102239,-0.103663][-0.871133,-0.259673,0.41677][0.37063,0.54756,0][0.441488,-0.17892,-0.134834][-0.764998,0.0781393,0.639275][0.34332,0.57167,0][0.477678,-0.190846,-0.119615][-0.232553,-0.152111,0.960615][0.3637,0.58482,0][0.477678,-0.190846,-0.119615][-0.232553,-0.152111,0.960615][0.3637,0.58482,0][0.47749,-0.113248,-0.079409][-0.398121,-0.496314,0.771474][0.38939,0.56029,0][0.448077,-0.102239,-0.103663][-0.871133,-0.259673,0.41677][0.37063,0.54756,0][0.440495,-0.0108767,-0.032558][-0.844179,-0.310967,0.436648][0.42011,0.51212,0][0.448077,-0.102239,-0.103663][-0.871133,-0.259673,0.41677][0.37063,0.54756,0][0.47749,-0.113248,-0.079409][-0.398121,-0.496314,0.771474][0.38939,0.56029,0][0.47749,-0.113248,-0.079409][-0.398121,-0.496314,0.771474][0.38939,0.56029,0][0.469102,-0.0200071,-0.015136][-0.357439,-0.560578,0.746987][0.43798,0.52141,0][0.440495,-0.0108767,-0.032558][-0.844179,-0.310967,0.436648][0.42011,0.51212,0][0.463484,0.11594,0.077353][-0.830996,-0.203933,0.517549][0.49625,0.45952,0][0.440495,-0.0108767,-0.032558][-0.844179,-0.310967,0.436648][0.42011,0.51212,0][0.469102,-0.0200071,-0.015136][-0.357439,-0.560578,0.746987][0.43798,0.52141,0][0.469102,-0.0200071,-0.015136][-0.357439,-0.560578,0.746987][0.43798,0.52141,0][0.486706,0.103922,0.091942][-0.378362,-0.539802,0.751967][0.51042,0.4681,0][0.463484,0.11594,0.077353][-0.830996,-0.203933,0.517549][0.49625,0.45952,0][0.540401,0.268826,0.22184][-0.712952,-0.193389,0.674018][0.60415,0.38718,0][0.463484,0.11594,0.077353][-0.830996,-0.203933,0.517549][0.49625,0.45952,0][0.486706,0.103922,0.091942][-0.378362,-0.539802,0.751967][0.51042,0.4681,0][0.486706,0.103922,0.091942][-0.378362,-0.539802,0.751967][0.51042,0.4681,0][0.55999,0.257551,0.227075][-0.275136,-0.560539,0.781087][0.61308,0.39601,0][0.540401,0.268826,0.22184][-0.712952,-0.193389,0.674018][0.60415,0.38718,0][0.653405,0.40609,0.363426][-0.652134,-0.103767,0.750968][0.70819,0.31308,0][0.540401,0.268826,0.22184][-0.712952,-0.193389,0.674018][0.60415,0.38718,0][0.55999,0.257551,0.227075][-0.275136,-0.560539,0.781087][0.61308,0.39601,0][0.55999,0.257551,0.227075][-0.275136,-0.560539,0.781087][0.61308,0.39601,0][0.666536,0.392406,0.364835][-0.253552,-0.551669,0.79459][0.71411,0.32149,0][0.653405,0.40609,0.363426][-0.652134,-0.103767,0.750968][0.70819,0.31308,0][0.781559,0.499914,0.463115][-0.502232,-0.0431158,0.863657][0.7838,0.25436,0][0.653405,0.40609,0.363426][-0.652134,-0.103767,0.750968][0.70819,0.31308,0][0.666536,0.392406,0.364835][-0.253552,-0.551669,0.79459][0.71411,0.32149,0][0.666536,0.392406,0.364835][-0.253552,-0.551669,0.79459][0.71411,0.32149,0][0.789054,0.486989,0.463736][-0.241036,-0.466734,0.850917][0.7883,0.26167,0][0.781559,0.499914,0.463115][-0.502232,-0.0431158,0.863657][0.7838,0.25436,0][0.914767,0.556571,0.521479][-0.298169,0.00380269,0.954506][0.85159,0.19606,0][0.781559,0.499914,0.463115][-0.502232,-0.0431158,0.863657][0.7838,0.25436,0][0.789054,0.486989,0.463736][-0.241036,-0.466734,0.850917][0.7883,0.26167,0][0.789054,0.486989,0.463736][-0.241036,-0.466734,0.850917][0.7883,0.26167,0][0.917413,0.545683,0.524072][-0.183001,-0.289328,0.939574][0.85555,0.20088,0][0.914767,0.556571,0.521479][-0.298169,0.00380269,0.954506][0.85159,0.19606,0][1.01056,0.58224,0.53878][0.0339939,-0.107417,0.993633][0.8795,0.16299,0][0.914767,0.556571,0.521479][-0.298169,0.00380269,0.954506][0.85159,0.19606,0][0.917413,0.545683,0.524072][-0.183001,-0.289328,0.939574][0.85555,0.20088,0][0.917413,0.545683,0.524072][-0.183001,-0.289328,0.939574][0.85555,0.20088,0][1.01166,0.5743,0.537037][0.242056,-0.782443,0.573753][0.88406,0.16509,0][1.01056,0.58224,0.53878][0.0339939,-0.107417,0.993633][0.8795,0.16299,0][1.1018,0.59793,0.523646][0.278246,0.0392835,0.959706][0.90588,0.12443,0][1.01056,0.58224,0.53878][0.0339939,-0.107417,0.993633][0.8795,0.16299,0][1.01166,0.5743,0.537037][0.242056,-0.782443,0.573753][0.88406,0.16509,0][1.01166,0.5743,0.537037][0.242056,-0.782443,0.573753][0.88406,0.16509,0][1.10213,0.592854,0.5239][0.260887,-0.146266,0.954224][0.90818,0.12532,0][1.1018,0.59793,0.523646][0.278246,0.0392835,0.959706][0.90588,0.12443,0][1.19437,0.610565,0.483123][0.471581,0.210621,0.856301][0.95081,0.07307,0][1.1018,0.59793,0.523646][0.278246,0.0392835,0.959706][0.90588,0.12443,0][1.10213,0.592854,0.5239][0.260887,-0.146266,0.954224][0.90818,0.12532,0][1.10213,0.592854,0.5239][0.260887,-0.146266,0.954224][0.90818,0.12532,0][1.19474,0.608017,0.483147][0.528639,-0.124205,0.83971][0.95183,0.07443,0][1.19437,0.610565,0.483123][0.471581,0.210621,0.856301][0.95081,0.07307,0][0.60227,-0.45509,0.086187][-0.807778,0.574112,-0.133752][0.23093,0.23716,0][0.548579,-0.512991,0.060241][-0.713103,0.696166,-0.0826837][0.16553,0.26918,0][0.544145,-0.518647,0.104272][-0.75709,0.637357,0.143494][0.18841,0.29135,0][0.544145,-0.518647,0.104272][-0.75709,0.637357,0.143494][0.18841,0.29135,0][0.592123,-0.466895,0.127567][-0.856621,0.506788,0.0967756][0.24341,0.26651,0][0.60227,-0.45509,0.086187][-0.807778,0.574112,-0.133752][0.23093,0.23716,0][0.592123,-0.466895,0.127567][-0.856621,0.506788,0.0967756][0.24341,0.26651,0][0.544145,-0.518647,0.104272][-0.75709,0.637357,0.143494][0.18841,0.29135,0][0.548826,-0.52937,0.136564][-0.711354,0.393074,0.58264][0.20395,0.30958,0][0.548826,-0.52937,0.136564][-0.711354,0.393074,0.58264][0.20395,0.30958,0][0.593287,-0.48081,0.158412][-0.794926,0.267589,0.544508][0.25223,0.28855,0][0.592123,-0.466895,0.127567][-0.856621,0.506788,0.0967756][0.24341,0.26651,0][0.698397,-0.453492,-0.05609][0.244704,0.275608,-0.929602][0.17974,0.11664,0][0.619018,-0.543136,-0.095028][-0.0396329,0.508371,-0.860226][0.06826,0.18271,0][0.599684,-0.526918,-0.074058][-0.421461,0.651517,-0.63079][0.0859,0.19941,0][0.599684,-0.526918,-0.074058][-0.421461,0.651517,-0.63079][0.0859,0.19941,0][0.673878,-0.444093,-0.037644][-0.468488,0.596659,-0.65155][0.18863,0.13929,0][0.698397,-0.453492,-0.05609][0.244704,0.275608,-0.929602][0.17974,0.11664,0][0.673878,-0.444093,-0.037644][-0.468488,0.596659,-0.65155][0.18863,0.13929,0][0.599684,-0.526918,-0.074058][-0.421461,0.651517,-0.63079][0.0859,0.19941,0][0.578636,-0.517468,-0.036271][-0.585047,0.705208,-0.400502][0.11034,0.22077,0][0.578636,-0.517468,-0.036271][-0.585047,0.705208,-0.400502][0.11034,0.22077,0][0.646516,-0.44275,-0.00322495][-0.656149,0.612657,-0.44059][0.20111,0.16921,0][0.673878,-0.444093,-0.037644][-0.468488,0.596659,-0.65155][0.18863,0.13929,0][0.646516,-0.44275,-0.00322495][-0.656149,0.612657,-0.44059][0.20111,0.16921,0][0.578636,-0.517468,-0.036271][-0.585047,0.705208,-0.400502][0.11034,0.22077,0][0.56069,-0.512578,0.010889][-0.658997,0.711532,-0.243815][0.13822,0.24485,0][0.56069,-0.512578,0.010889][-0.658997,0.711532,-0.243815][0.13822,0.24485,0][0.62137,-0.446611,0.040259][-0.744204,0.601122,-0.291225][0.21597,0.20332,0][0.646516,-0.44275,-0.00322495][-0.656149,0.612657,-0.44059][0.20111,0.16921,0][0.62137,-0.446611,0.040259][-0.744204,0.601122,-0.291225][0.21597,0.20332,0][0.56069,-0.512578,0.010889][-0.658997,0.711532,-0.243815][0.13822,0.24485,0][0.548579,-0.512991,0.060241][-0.713103,0.696166,-0.0826837][0.16553,0.26918,0][0.548579,-0.512991,0.060241][-0.713103,0.696166,-0.0826837][0.16553,0.26918,0][0.60227,-0.45509,0.086187][-0.807778,0.574112,-0.133752][0.23093,0.23716,0][0.62137,-0.446611,0.040259][-0.744204,0.601122,-0.291225][0.21597,0.20332,0][0.659793,-0.180734,0.258964][-0.986749,0.0528094,-0.153422][0.45174,0.17374,0][0.66471,-0.269957,0.189861][-0.966916,0.207785,-0.14798][0.37717,0.18736,0][0.660991,-0.284453,0.216204][-0.990071,0.111109,0.0861109][0.3859,0.20946,0][0.660991,-0.284453,0.216204][-0.990071,0.111109,0.0861109][0.3859,0.20946,0][0.658775,-0.192885,0.273894][-0.991606,-0.101775,0.079744][0.45448,0.18722,0][0.659793,-0.180734,0.258964][-0.986749,0.0528094,-0.153422][0.45174,0.17374,0][0.651488,-0.110671,0.326273][-0.998837,0.044549,-0.0184686][0.53756,0.17005,0][0.659793,-0.180734,0.258964][-0.986749,0.0528094,-0.153422][0.45174,0.17374,0][0.658775,-0.192885,0.273894][-0.991606,-0.101775,0.079744][0.45448,0.18722,0][0.658775,-0.192885,0.273894][-0.991606,-0.101775,0.079744][0.45448,0.18722,0][0.651985,-0.11401,0.328525][-0.933986,-0.184645,0.305902][0.53749,0.17129,0][0.651488,-0.110671,0.326273][-0.998837,0.044549,-0.0184686][0.53756,0.17005,0][0.658775,-0.192885,0.273894][-0.991606,-0.101775,0.079744][0.45448,0.18722,0][0.660991,-0.284453,0.216204][-0.990071,0.111109,0.0861109][0.3859,0.20946,0][0.665051,-0.296385,0.235687][-0.767076,-0.147969,0.624259][0.39455,0.22506,0][0.665051,-0.296385,0.235687][-0.767076,-0.147969,0.624259][0.39455,0.22506,0][0.663118,-0.201317,0.28408][-0.581383,-0.389219,0.714494][0.45888,0.19649,0][0.658775,-0.192885,0.273894][-0.991606,-0.101775,0.079744][0.45448,0.18722,0][0.651985,-0.11401,0.328525][-0.933986,-0.184645,0.305902][0.53749,0.17129,0][0.658775,-0.192885,0.273894][-0.991606,-0.101775,0.079744][0.45448,0.18722,0][0.663118,-0.201317,0.28408][-0.581383,-0.389219,0.714494][0.45888,0.19649,0][0.663118,-0.201317,0.28408][-0.581383,-0.389219,0.714494][0.45888,0.19649,0][0.653563,-0.116245,0.329836][-0.698251,-0.367702,0.6142][0.53737,0.1724,0][0.651985,-0.11401,0.328525][-0.933986,-0.184645,0.305902][0.53749,0.17129,0][0.695878,-0.138509,0.207116][-0.141319,0.841163,-0.521991][0.45183,0.11924,0][0.726807,-0.227724,0.097313][-0.0478715,0.714903,-0.697583][0.35774,0.09705,0][0.708251,-0.2319,0.110297][-0.669452,0.488696,-0.559474][0.35875,0.11383,0][0.708251,-0.2319,0.110297][-0.669452,0.488696,-0.559474][0.35875,0.11383,0][0.684394,-0.144212,0.214268][-0.723672,0.498811,-0.476956][0.4503,0.1286,0][0.695878,-0.138509,0.207116][-0.141319,0.841163,-0.521991][0.45183,0.11924,0][0.660884,-0.0975504,0.314561][-0.252632,0.914617,-0.315678][0.53972,0.16535,0][0.695878,-0.138509,0.207116][-0.141319,0.841163,-0.521991][0.45183,0.11924,0][0.684394,-0.144212,0.214268][-0.723672,0.498811,-0.476956][0.4503,0.1286,0][0.684394,-0.144212,0.214268][-0.723672,0.498811,-0.476956][0.4503,0.1286,0][0.657824,-0.0993347,0.316321][-0.731639,0.588227,-0.34452][0.53909,0.16625,0][0.660884,-0.0975504,0.314561][-0.252632,0.914617,-0.315678][0.53972,0.16535,0][0.684394,-0.144212,0.214268][-0.723672,0.498811,-0.476956][0.4503,0.1286,0][0.708251,-0.2319,0.110297][-0.669452,0.488696,-0.559474][0.35875,0.11383,0][0.690286,-0.241514,0.132545][-0.835849,0.361155,-0.41343][0.36284,0.13629,0][0.690286,-0.241514,0.132545][-0.835849,0.361155,-0.41343][0.36284,0.13629,0][0.67374,-0.154217,0.226625][-0.874742,0.302455,-0.378613][0.44983,0.14189,0][0.684394,-0.144212,0.214268][-0.723672,0.498811,-0.476956][0.4503,0.1286,0][0.657824,-0.0993347,0.316321][-0.731639,0.588227,-0.34452][0.53909,0.16625,0][0.684394,-0.144212,0.214268][-0.723672,0.498811,-0.476956][0.4503,0.1286,0][0.67374,-0.154217,0.226625][-0.874742,0.302455,-0.378613][0.44983,0.14189,0][0.67374,-0.154217,0.226625][-0.874742,0.302455,-0.378613][0.44983,0.14189,0][0.654976,-0.102525,0.319237][-0.879979,0.375908,-0.290396][0.53835,0.16738,0][0.657824,-0.0993347,0.316321][-0.731639,0.588227,-0.34452][0.53909,0.16625,0][0.67374,-0.154217,0.226625][-0.874742,0.302455,-0.378613][0.44983,0.14189,0][0.690286,-0.241514,0.132545][-0.835849,0.361155,-0.41343][0.36284,0.13629,0][0.674997,-0.254878,0.160485][-0.921125,0.268358,-0.28198][0.36931,0.16184,0][0.674997,-0.254878,0.160485][-0.921125,0.268358,-0.28198][0.36931,0.16184,0][0.665087,-0.167083,0.242329][-0.945308,0.169961,-0.278399][0.45037,0.15775,0][0.67374,-0.154217,0.226625][-0.874742,0.302455,-0.378613][0.44983,0.14189,0][0.654976,-0.102525,0.319237][-0.879979,0.375908,-0.290396][0.53835,0.16738,0][0.67374,-0.154217,0.226625][-0.874742,0.302455,-0.378613][0.44983,0.14189,0][0.665087,-0.167083,0.242329][-0.945308,0.169961,-0.278399][0.45037,0.15775,0][0.665087,-0.167083,0.242329][-0.945308,0.169961,-0.278399][0.45037,0.15775,0][0.65269,-0.106524,0.322818][-0.952187,0.225793,-0.205812][0.53778,0.1687,0][0.654976,-0.102525,0.319237][-0.879979,0.375908,-0.290396][0.53835,0.16738,0][0.665087,-0.167083,0.242329][-0.945308,0.169961,-0.278399][0.45037,0.15775,0][0.674997,-0.254878,0.160485][-0.921125,0.268358,-0.28198][0.36931,0.16184,0][0.66471,-0.269957,0.189861][-0.966916,0.207785,-0.14798][0.37717,0.18736,0][0.66471,-0.269957,0.189861][-0.966916,0.207785,-0.14798][0.37717,0.18736,0][0.659793,-0.180734,0.258964][-0.986749,0.0528094,-0.153422][0.45174,0.17374,0][0.665087,-0.167083,0.242329][-0.945308,0.169961,-0.278399][0.45037,0.15775,0][0.65269,-0.106524,0.322818][-0.952187,0.225793,-0.205812][0.53778,0.1687,0][0.665087,-0.167083,0.242329][-0.945308,0.169961,-0.278399][0.45037,0.15775,0][0.659793,-0.180734,0.258964][-0.986749,0.0528094,-0.153422][0.45174,0.17374,0][0.659793,-0.180734,0.258964][-0.986749,0.0528094,-0.153422][0.45174,0.17374,0][0.651488,-0.110671,0.326273][-0.998837,0.044549,-0.0184686][0.53756,0.17005,0][0.65269,-0.106524,0.322818][-0.952187,0.225793,-0.205812][0.53778,0.1687,0][0.726807,-0.227724,0.097313][-0.0478715,0.714903,-0.697583][0.35774,0.09705,0][0.730832,-0.339933,0.00676005][-0.0781794,0.580182,-0.810726][0.25913,0.08959,0][0.706284,-0.337811,0.023721][-0.56177,0.5308,-0.634559][0.26669,0.11031,0][0.706284,-0.337811,0.023721][-0.56177,0.5308,-0.634559][0.26669,0.11031,0][0.708251,-0.2319,0.110297][-0.669452,0.488696,-0.559474][0.35875,0.11383,0][0.726807,-0.227724,0.097313][-0.0478715,0.714903,-0.697583][0.35774,0.09705,0][0.708251,-0.2319,0.110297][-0.669452,0.488696,-0.559474][0.35875,0.11383,0][0.706284,-0.337811,0.023721][-0.56177,0.5308,-0.634559][0.26669,0.11031,0][0.680777,-0.341279,0.053464][-0.744905,0.472405,-0.471116][0.27753,0.13814,0][0.680777,-0.341279,0.053464][-0.744905,0.472405,-0.471116][0.27753,0.13814,0][0.690286,-0.241514,0.132545][-0.835849,0.361155,-0.41343][0.36284,0.13629,0][0.708251,-0.2319,0.110297][-0.669452,0.488696,-0.559474][0.35875,0.11383,0][0.690286,-0.241514,0.132545][-0.835849,0.361155,-0.41343][0.36284,0.13629,0][0.680777,-0.341279,0.053464][-0.744905,0.472405,-0.471116][0.27753,0.13814,0][0.657465,-0.349322,0.091157][-0.838421,0.436823,-0.325938][0.29132,0.16982,0][0.657465,-0.349322,0.091157][-0.838421,0.436823,-0.325938][0.29132,0.16982,0][0.674997,-0.254878,0.160485][-0.921125,0.268358,-0.28198][0.36931,0.16184,0][0.690286,-0.241514,0.132545][-0.835849,0.361155,-0.41343][0.36284,0.13629,0][0.657465,-0.349322,0.091157][-0.838421,0.436823,-0.325938][0.29132,0.16982,0][0.639897,-0.360718,0.131062][-0.894828,0.40675,-0.183949][0.30636,0.20115,0][0.66471,-0.269957,0.189861][-0.966916,0.207785,-0.14798][0.37717,0.18736,0][0.66471,-0.269957,0.189861][-0.966916,0.207785,-0.14798][0.37717,0.18736,0][0.674997,-0.254878,0.160485][-0.921125,0.268358,-0.28198][0.36931,0.16184,0][0.657465,-0.349322,0.091157][-0.838421,0.436823,-0.325938][0.29132,0.16982,0][0.66471,-0.269957,0.189861][-0.966916,0.207785,-0.14798][0.37717,0.18736,0][0.639897,-0.360718,0.131062][-0.894828,0.40675,-0.183949][0.30636,0.20115,0][0.630747,-0.373729,0.167104][-0.944442,0.325991,0.0419512][0.3201,0.22808,0][0.630747,-0.373729,0.167104][-0.944442,0.325991,0.0419512][0.3201,0.22808,0][0.660991,-0.284453,0.216204][-0.990071,0.111109,0.0861109][0.3859,0.20946,0][0.66471,-0.269957,0.189861][-0.966916,0.207785,-0.14798][0.37717,0.18736,0][0.660991,-0.284453,0.216204][-0.990071,0.111109,0.0861109][0.3859,0.20946,0][0.630747,-0.373729,0.167104][-0.944442,0.325991,0.0419512][0.3201,0.22808,0][0.632156,-0.386813,0.194082][-0.85758,0.120137,0.500124][0.32976,0.24802,0][0.632156,-0.386813,0.194082][-0.85758,0.120137,0.500124][0.32976,0.24802,0][0.665051,-0.296385,0.235687][-0.767076,-0.147969,0.624259][0.39455,0.22506,0][0.660991,-0.284453,0.216204][-0.990071,0.111109,0.0861109][0.3859,0.20946,0][0.730832,-0.339933,0.00676005][-0.0781794,0.580182,-0.810726][0.25913,0.08959,0][0.698397,-0.453492,-0.05609][0.244704,0.275608,-0.929602][0.17974,0.11664,0][0.673878,-0.444093,-0.037644][-0.468488,0.596659,-0.65155][0.18863,0.13929,0][0.673878,-0.444093,-0.037644][-0.468488,0.596659,-0.65155][0.18863,0.13929,0][0.706284,-0.337811,0.023721][-0.56177,0.5308,-0.634559][0.26669,0.11031,0][0.730832,-0.339933,0.00676005][-0.0781794,0.580182,-0.810726][0.25913,0.08959,0][0.706284,-0.337811,0.023721][-0.56177,0.5308,-0.634559][0.26669,0.11031,0][0.673878,-0.444093,-0.037644][-0.468488,0.596659,-0.65155][0.18863,0.13929,0][0.646516,-0.44275,-0.00322495][-0.656149,0.612657,-0.44059][0.20111,0.16921,0][0.646516,-0.44275,-0.00322495][-0.656149,0.612657,-0.44059][0.20111,0.16921,0][0.680777,-0.341279,0.053464][-0.744905,0.472405,-0.471116][0.27753,0.13814,0][0.706284,-0.337811,0.023721][-0.56177,0.5308,-0.634559][0.26669,0.11031,0][0.680777,-0.341279,0.053464][-0.744905,0.472405,-0.471116][0.27753,0.13814,0][0.646516,-0.44275,-0.00322495][-0.656149,0.612657,-0.44059][0.20111,0.16921,0][0.62137,-0.446611,0.040259][-0.744204,0.601122,-0.291225][0.21597,0.20332,0][0.62137,-0.446611,0.040259][-0.744204,0.601122,-0.291225][0.21597,0.20332,0][0.657465,-0.349322,0.091157][-0.838421,0.436823,-0.325938][0.29132,0.16982,0][0.680777,-0.341279,0.053464][-0.744905,0.472405,-0.471116][0.27753,0.13814,0][0.657465,-0.349322,0.091157][-0.838421,0.436823,-0.325938][0.29132,0.16982,0][0.62137,-0.446611,0.040259][-0.744204,0.601122,-0.291225][0.21597,0.20332,0][0.60227,-0.45509,0.086187][-0.807778,0.574112,-0.133752][0.23093,0.23716,0][0.60227,-0.45509,0.086187][-0.807778,0.574112,-0.133752][0.23093,0.23716,0][0.639897,-0.360718,0.131062][-0.894828,0.40675,-0.183949][0.30636,0.20115,0][0.657465,-0.349322,0.091157][-0.838421,0.436823,-0.325938][0.29132,0.16982,0][0.639897,-0.360718,0.131062][-0.894828,0.40675,-0.183949][0.30636,0.20115,0][0.60227,-0.45509,0.086187][-0.807778,0.574112,-0.133752][0.23093,0.23716,0][0.592123,-0.466895,0.127567][-0.856621,0.506788,0.0967756][0.24341,0.26651,0][0.592123,-0.466895,0.127567][-0.856621,0.506788,0.0967756][0.24341,0.26651,0][0.630747,-0.373729,0.167104][-0.944442,0.325991,0.0419512][0.3201,0.22808,0][0.639897,-0.360718,0.131062][-0.894828,0.40675,-0.183949][0.30636,0.20115,0][0.630747,-0.373729,0.167104][-0.944442,0.325991,0.0419512][0.3201,0.22808,0][0.592123,-0.466895,0.127567][-0.856621,0.506788,0.0967756][0.24341,0.26651,0][0.593287,-0.48081,0.158412][-0.794926,0.267589,0.544508][0.25223,0.28855,0][0.593287,-0.48081,0.158412][-0.794926,0.267589,0.544508][0.25223,0.28855,0][0.632156,-0.386813,0.194082][-0.85758,0.120137,0.500124][0.32976,0.24802,0][0.630747,-0.373729,0.167104][-0.944442,0.325991,0.0419512][0.3201,0.22808,0][0.593287,-0.48081,0.158412][-0.794926,0.267589,0.544508][0.25223,0.28855,0][0.548826,-0.52937,0.136564][-0.711354,0.393074,0.58264][0.20395,0.30958,0][0.567731,-0.543881,0.149701][-0.452341,-0.0352781,0.891147][0.21259,0.32796,0][0.567731,-0.543881,0.149701][-0.452341,-0.0352781,0.891147][0.21259,0.32796,0][0.609888,-0.496916,0.174717][-0.347332,-0.131658,0.928454][0.26019,0.30711,0][0.593287,-0.48081,0.158412][-0.794926,0.267589,0.544508][0.25223,0.28855,0][0.663118,-0.201317,0.28408][-0.581383,-0.389219,0.714494][0.45888,0.19649,0][0.665051,-0.296385,0.235687][-0.767076,-0.147969,0.624259][0.39455,0.22506,0][0.681048,-0.301358,0.241672][-0.263954,-0.319886,0.909946][0.40262,0.2365,0][0.681048,-0.301358,0.241672][-0.263954,-0.319886,0.909946][0.40262,0.2365,0][0.675971,-0.202089,0.28347][0.348622,-0.334091,0.875697][0.46607,0.20346,0][0.663118,-0.201317,0.28408][-0.581383,-0.389219,0.714494][0.45888,0.19649,0][0.653563,-0.116245,0.329836][-0.698251,-0.367702,0.6142][0.53737,0.1724,0][0.663118,-0.201317,0.28408][-0.581383,-0.389219,0.714494][0.45888,0.19649,0][0.675971,-0.202089,0.28347][0.348622,-0.334091,0.875697][0.46607,0.20346,0][0.675971,-0.202089,0.28347][0.348622,-0.334091,0.875697][0.46607,0.20346,0][0.655971,-0.117691,0.330873][-0.466908,-0.467453,0.750656][0.53717,0.17369,0][0.653563,-0.116245,0.329836][-0.698251,-0.367702,0.6142][0.53737,0.1724,0][0.665051,-0.296385,0.235687][-0.767076,-0.147969,0.624259][0.39455,0.22506,0][0.632156,-0.386813,0.194082][-0.85758,0.120137,0.500124][0.32976,0.24802,0][0.648672,-0.398755,0.207591][-0.442086,-0.169747,0.880764][0.33775,0.2643,0][0.648672,-0.398755,0.207591][-0.442086,-0.169747,0.880764][0.33775,0.2643,0][0.681048,-0.301358,0.241672][-0.263954,-0.319886,0.909946][0.40262,0.2365,0][0.665051,-0.296385,0.235687][-0.767076,-0.147969,0.624259][0.39455,0.22506,0][0.632156,-0.386813,0.194082][-0.85758,0.120137,0.500124][0.32976,0.24802,0][0.593287,-0.48081,0.158412][-0.794926,0.267589,0.544508][0.25223,0.28855,0][0.609888,-0.496916,0.174717][-0.347332,-0.131658,0.928454][0.26019,0.30711,0][0.609888,-0.496916,0.174717][-0.347332,-0.131658,0.928454][0.26019,0.30711,0][0.648672,-0.398755,0.207591][-0.442086,-0.169747,0.880764][0.33775,0.2643,0][0.632156,-0.386813,0.194082][-0.85758,0.120137,0.500124][0.32976,0.24802,0][0.609888,-0.496916,0.174717][-0.347332,-0.131658,0.928454][0.79922,0.93432,0][0.567731,-0.543881,0.149701][-0.452341,-0.0352781,0.891147][0.84233,0.93719,0][0.594074,-0.570491,0.153567][-0.025036,-0.31938,0.947296][0.8519,0.91512,0][0.594074,-0.570491,0.153567][-0.025036,-0.31938,0.947296][0.8519,0.91512,0][0.640521,-0.513655,0.169716][0.125852,-0.367595,0.921431][0.80719,0.91373,0][0.609888,-0.496916,0.174717][-0.347332,-0.131658,0.928454][0.79922,0.93432,0][0.640521,-0.513655,0.169716][0.125852,-0.367595,0.921431][0.80719,0.91373,0][0.594074,-0.570491,0.153567][-0.025036,-0.31938,0.947296][0.8519,0.91512,0][0.628794,-0.595572,0.13608][0.356539,-0.461689,0.812234][0.86535,0.88353,0][0.628794,-0.595572,0.13608][0.356539,-0.461689,0.812234][0.86535,0.88353,0][0.675941,-0.52768,0.152312][0.424993,-0.469737,0.773775][0.81343,0.88601,0][0.640521,-0.513655,0.169716][0.125852,-0.367595,0.921431][0.80719,0.91373,0][0.675941,-0.52768,0.152312][0.424993,-0.469737,0.773775][0.81343,0.88601,0][0.628794,-0.595572,0.13608][0.356539,-0.461689,0.812234][0.86535,0.88353,0][0.659766,-0.614041,0.102021][0.637858,-0.525229,0.563269][0.8776,0.84685,0][0.659766,-0.614041,0.102021][0.637858,-0.525229,0.563269][0.8776,0.84685,0][0.706782,-0.533228,0.121838][0.669444,-0.509375,0.540723][0.81676,0.85535,0][0.675941,-0.52768,0.152312][0.424993,-0.469737,0.773775][0.81343,0.88601,0][0.706782,-0.533228,0.121838][0.669444,-0.509375,0.540723][0.81676,0.85535,0][0.659766,-0.614041,0.102021][0.637858,-0.525229,0.563269][0.8776,0.84685,0][0.681197,-0.622095,0.056171][0.817384,-0.514798,0.258585][0.88529,0.80613,0][0.681197,-0.622095,0.056171][0.817384,-0.514798,0.258585][0.88529,0.80613,0][0.729564,-0.530506,0.084082][0.832173,-0.488714,0.262006][0.81528,0.82313,0][0.706782,-0.533228,0.121838][0.669444,-0.509375,0.540723][0.81676,0.85535,0][0.729564,-0.530506,0.084082][0.832173,-0.488714,0.262006][0.81528,0.82313,0][0.681197,-0.622095,0.056171][0.817384,-0.514798,0.258585][0.88529,0.80613,0][0.689823,-0.618515,0.00551003][0.898785,-0.432448,-0.071931][0.88599,0.76462,0][0.689823,-0.618515,0.00551003][0.898785,-0.432448,-0.071931][0.88599,0.76462,0][0.740308,-0.51934,0.043612][0.909858,-0.413242,-0.0372774][0.80773,0.79203,0][0.729564,-0.530506,0.084082][0.832173,-0.488714,0.262006][0.81528,0.82313,0][0.740308,-0.51934,0.043612][0.909858,-0.413242,-0.0372774][0.80773,0.79203,0][0.689823,-0.618515,0.00551003][0.898785,-0.432448,-0.071931][0.88599,0.76462,0][0.684332,-0.603846,-0.042251][0.876114,-0.289185,-0.385741][0.87944,0.72688,0][0.684332,-0.603846,-0.042251][0.876114,-0.289185,-0.385741][0.87944,0.72688,0][0.739716,-0.502818,0.00650603][0.90207,-0.317577,-0.292259][0.79398,0.7647,0][0.740308,-0.51934,0.043612][0.909858,-0.413242,-0.0372774][0.80773,0.79203,0][0.739716,-0.502818,0.00650603][0.90207,-0.317577,-0.292259][0.79398,0.7647,0][0.684332,-0.603846,-0.042251][0.876114,-0.289185,-0.385741][0.87944,0.72688,0][0.66664,-0.581297,-0.079433][0.747802,-0.111525,-0.654488][0.86762,0.6963,0][0.66664,-0.581297,-0.079433][0.747802,-0.111525,-0.654488][0.86762,0.6963,0][0.731077,-0.484364,-0.025678][0.800979,-0.13966,-0.582175][0.77494,0.74224,0][0.739716,-0.502818,0.00650603][0.90207,-0.317577,-0.292259][0.79398,0.7647,0][0.731077,-0.484364,-0.025678][0.800979,-0.13966,-0.582175][0.77494,0.74224,0][0.66664,-0.581297,-0.079433][0.747802,-0.111525,-0.654488][0.86762,0.6963,0][0.644009,-0.55846,-0.0986589][0.407631,0.254212,-0.877048][0.85612,0.67742,0][0.644009,-0.55846,-0.0986589][0.407631,0.254212,-0.877048][0.85612,0.67742,0][0.714961,-0.468738,-0.039863][0.655629,-0.000616082,-0.755083][0.75904,0.72592,0][0.731077,-0.484364,-0.025678][0.800979,-0.13966,-0.582175][0.77494,0.74224,0][0.675971,-0.202089,0.28347][0.348622,-0.334091,0.875697][0.6097,0.94322,0][0.681048,-0.301358,0.241672][-0.263954,-0.319886,0.909946][0.66912,0.92493,0][0.703137,-0.308041,0.242667][0.125183,-0.29609,0.946921][0.67257,0.91014,0][0.703137,-0.308041,0.242667][0.125183,-0.29609,0.946921][0.67257,0.91014,0][0.685242,-0.200953,0.27562][0.500239,-0.272498,0.821892][0.61039,0.93319,0][0.675971,-0.202089,0.28347][0.348622,-0.334091,0.875697][0.6097,0.94322,0][0.655971,-0.117691,0.330873][-0.466908,-0.467453,0.750656][0.54319,0.96036,0][0.675971,-0.202089,0.28347][0.348622,-0.334091,0.875697][0.6097,0.94322,0][0.685242,-0.200953,0.27562][0.500239,-0.272498,0.821892][0.61039,0.93319,0][0.685242,-0.200953,0.27562][0.500239,-0.272498,0.821892][0.61039,0.93319,0][0.659426,-0.118462,0.332095][-0.160384,-0.491538,0.85596][0.54327,0.95941,0][0.655971,-0.117691,0.330873][-0.466908,-0.467453,0.750656][0.54319,0.96036,0][0.685242,-0.200953,0.27562][0.500239,-0.272498,0.821892][0.61039,0.93319,0][0.703137,-0.308041,0.242667][0.125183,-0.29609,0.946921][0.67257,0.91014,0][0.731208,-0.307836,0.233077][0.491194,-0.227489,0.840819][0.67362,0.8924,0][0.731208,-0.307836,0.233077][0.491194,-0.227489,0.840819][0.67362,0.8924,0][0.697582,-0.199376,0.27099][0.530801,-0.232773,0.814903][0.60889,0.92134,0][0.685242,-0.200953,0.27562][0.500239,-0.272498,0.821892][0.61039,0.93319,0][0.659426,-0.118462,0.332095][-0.160384,-0.491538,0.85596][0.54327,0.95941,0][0.685242,-0.200953,0.27562][0.500239,-0.272498,0.821892][0.61039,0.93319,0][0.697582,-0.199376,0.27099][0.530801,-0.232773,0.814903][0.60889,0.92134,0][0.697582,-0.199376,0.27099][0.530801,-0.232773,0.814903][0.60889,0.92134,0][0.663935,-0.117598,0.332204][0.323622,-0.35055,0.878853][0.54293,0.95822,0][0.659426,-0.118462,0.332095][-0.160384,-0.491538,0.85596][0.54327,0.95941,0][0.697582,-0.199376,0.27099][0.530801,-0.232773,0.814903][0.60889,0.92134,0][0.731208,-0.307836,0.233077][0.491194,-0.227489,0.840819][0.67362,0.8924,0][0.756118,-0.301668,0.214145][0.743663,-0.117943,0.658069][0.67148,0.87476,0][0.756118,-0.301668,0.214145][0.743663,-0.117943,0.658069][0.67148,0.87476,0][0.708615,-0.194249,0.262105][0.761073,-0.0399157,0.647436][0.60496,0.9101,0][0.697582,-0.199376,0.27099][0.530801,-0.232773,0.814903][0.60889,0.92134,0][0.663935,-0.117598,0.332204][0.323622,-0.35055,0.878853][0.54293,0.95822,0][0.697582,-0.199376,0.27099][0.530801,-0.232773,0.814903][0.60889,0.92134,0][0.708615,-0.194249,0.262105][0.761073,-0.0399157,0.647436][0.60496,0.9101,0][0.708615,-0.194249,0.262105][0.761073,-0.0399157,0.647436][0.60496,0.9101,0][0.668186,-0.114748,0.330003][0.672987,-0.102969,0.732452][0.5421,0.9571,0][0.663935,-0.117598,0.332204][0.323622,-0.35055,0.878853][0.54293,0.95822,0][0.708615,-0.194249,0.262105][0.761073,-0.0399157,0.647436][0.60496,0.9101,0][0.756118,-0.301668,0.214145][0.743663,-0.117943,0.658069][0.67148,0.87476,0][0.774163,-0.290131,0.188625][0.900569,0.0237373,0.434065][0.66579,0.85763,0][0.774163,-0.290131,0.188625][0.900569,0.0237373,0.434065][0.66579,0.85763,0][0.715943,-0.186177,0.250271][0.868789,0.126315,0.478801][0.59897,0.8997,0][0.708615,-0.194249,0.262105][0.761073,-0.0399157,0.647436][0.60496,0.9101,0][0.668186,-0.114748,0.330003][0.672987,-0.102969,0.732452][0.5421,0.9571,0][0.708615,-0.194249,0.262105][0.761073,-0.0399157,0.647436][0.60496,0.9101,0][0.715943,-0.186177,0.250271][0.868789,0.126315,0.478801][0.59897,0.8997,0][0.715943,-0.186177,0.250271][0.868789,0.126315,0.478801][0.59897,0.8997,0][0.671058,-0.11095,0.326489][0.834937,0.179452,0.520266][0.54095,0.95612,0][0.668186,-0.114748,0.330003][0.672987,-0.102969,0.732452][0.5421,0.9571,0][0.715943,-0.186177,0.250271][0.868789,0.126315,0.478801][0.59897,0.8997,0][0.774163,-0.290131,0.188625][0.900569,0.0237373,0.434065][0.66579,0.85763,0][0.782352,-0.274672,0.159643][0.965552,0.208584,0.155568][0.65667,0.84177,0][0.782352,-0.274672,0.159643][0.965552,0.208584,0.155568][0.65667,0.84177,0][0.71954,-0.176349,0.238078][0.906974,0.293522,0.302065][0.5912,0.89047,0][0.715943,-0.186177,0.250271][0.868789,0.126315,0.478801][0.59897,0.8997,0][0.671058,-0.11095,0.326489][0.834937,0.179452,0.520266][0.54095,0.95612,0][0.715943,-0.186177,0.250271][0.868789,0.126315,0.478801][0.59897,0.8997,0][0.71954,-0.176349,0.238078][0.906974,0.293522,0.302065][0.5912,0.89047,0][0.71954,-0.176349,0.238078][0.906974,0.293522,0.302065][0.5912,0.89047,0][0.671411,-0.107292,0.322233][0.8216,0.531268,0.206707][0.53972,0.95526,0][0.671058,-0.11095,0.326489][0.834937,0.179452,0.520266][0.54095,0.95612,0][0.71954,-0.176349,0.238078][0.906974,0.293522,0.302065][0.5912,0.89047,0][0.782352,-0.274672,0.159643][0.965552,0.208584,0.155568][0.65667,0.84177,0][0.776832,-0.258198,0.131952][0.920791,0.377466,-0.0983031][0.64483,0.82783,0][0.776832,-0.258198,0.131952][0.920791,0.377466,-0.0983031][0.64483,0.82783,0][0.717994,-0.16621,0.226401][0.909563,0.369052,0.19104][0.58204,0.88267,0][0.71954,-0.176349,0.238078][0.906974,0.293522,0.302065][0.5912,0.89047,0][0.671411,-0.107292,0.322233][0.8216,0.531268,0.206707][0.53972,0.95526,0][0.71954,-0.176349,0.238078][0.906974,0.293522,0.302065][0.5912,0.89047,0][0.717994,-0.16621,0.226401][0.909563,0.369052,0.19104][0.58204,0.88267,0][0.717994,-0.16621,0.226401][0.909563,0.369052,0.19104][0.58204,0.88267,0][0.668872,-0.104583,0.318518][0.729072,0.682315,0.0538508][0.53845,0.95457,0][0.671411,-0.107292,0.322233][0.8216,0.531268,0.206707][0.53972,0.95526,0][0.717994,-0.16621,0.226401][0.909563,0.369052,0.19104][0.58204,0.88267,0][0.776832,-0.258198,0.131952][0.920791,0.377466,-0.0983031][0.64483,0.82783,0][0.763864,-0.242169,0.109401][0.717455,0.580651,-0.38484][0.63115,0.81622,0][0.763864,-0.242169,0.109401][0.717455,0.580651,-0.38484][0.63115,0.81622,0][0.715499,-0.154158,0.216946][0.870587,0.490192,0.0423142][0.5719,0.87646,0][0.717994,-0.16621,0.226401][0.909563,0.369052,0.19104][0.58204,0.88267,0][0.668872,-0.104583,0.318518][0.729072,0.682315,0.0538508][0.53845,0.95457,0][0.717994,-0.16621,0.226401][0.909563,0.369052,0.19104][0.58204,0.88267,0][0.715499,-0.154158,0.216946][0.870587,0.490192,0.0423142][0.5719,0.87646,0][0.715499,-0.154158,0.216946][0.870587,0.490192,0.0423142][0.5719,0.87646,0][0.666263,-0.101448,0.315953][0.761869,0.63922,0.104659][0.53716,0.95419,0][0.668872,-0.104583,0.318518][0.729072,0.682315,0.0538508][0.53845,0.95457,0][0.715499,-0.154158,0.216946][0.870587,0.490192,0.0423142][0.5719,0.87646,0][0.763864,-0.242169,0.109401][0.717455,0.580651,-0.38484][0.63115,0.81622,0][0.741842,-0.23545,0.098903][0.445145,0.672083,-0.591735][0.61901,0.80853,0][0.741842,-0.23545,0.098903][0.445145,0.672083,-0.591735][0.61901,0.80853,0][0.705709,-0.141856,0.208381][0.596304,0.75864,-0.262463][0.56316,0.8726,0][0.715499,-0.154158,0.216946][0.870587,0.490192,0.0423142][0.5719,0.87646,0][0.666263,-0.101448,0.315953][0.761869,0.63922,0.104659][0.53716,0.95419,0][0.715499,-0.154158,0.216946][0.870587,0.490192,0.0423142][0.5719,0.87646,0][0.705709,-0.141856,0.208381][0.596304,0.75864,-0.262463][0.56316,0.8726,0][0.705709,-0.141856,0.208381][0.596304,0.75864,-0.262463][0.56316,0.8726,0][0.663965,-0.098093,0.31436][0.506638,0.860001,-0.0609582][0.53616,0.95417,0][0.666263,-0.101448,0.315953][0.761869,0.63922,0.104659][0.53716,0.95419,0][0.763864,-0.242169,0.109401][0.717455,0.580651,-0.38484][0.63115,0.81622,0][0.775208,-0.365859,0.024021][0.839201,0.155517,-0.521111][0.7096,0.77116,0][0.7536,-0.349599,0.00665905][0.511721,0.395496,-0.762708][0.69421,0.75901,0][0.7536,-0.349599,0.00665905][0.511721,0.395496,-0.762708][0.69421,0.75901,0][0.741842,-0.23545,0.098903][0.445145,0.672083,-0.591735][0.61901,0.80853,0][0.763864,-0.242169,0.109401][0.717455,0.580651,-0.38484][0.63115,0.81622,0][0.681048,-0.301358,0.241672][-0.263954,-0.319886,0.909946][0.66912,0.92493,0][0.648672,-0.398755,0.207591][-0.442086,-0.169747,0.880764][0.72779,0.92501,0][0.676658,-0.412688,0.210835][-0.0132202,-0.340172,0.94027][0.73438,0.90766,0][0.676658,-0.412688,0.210835][-0.0132202,-0.340172,0.94027][0.73438,0.90766,0][0.703137,-0.308041,0.242667][0.125183,-0.29609,0.946921][0.67257,0.91014,0][0.681048,-0.301358,0.241672][-0.263954,-0.319886,0.909946][0.66912,0.92493,0][0.703137,-0.308041,0.242667][0.125183,-0.29609,0.946921][0.67257,0.91014,0][0.676658,-0.412688,0.210835][-0.0132202,-0.340172,0.94027][0.73438,0.90766,0][0.713903,-0.422201,0.198866][0.374533,-0.411132,0.831081][0.74123,0.88442,0][0.713903,-0.422201,0.198866][0.374533,-0.411132,0.831081][0.74123,0.88442,0][0.731208,-0.307836,0.233077][0.491194,-0.227489,0.840819][0.67362,0.8924,0][0.703137,-0.308041,0.242667][0.125183,-0.29609,0.946921][0.67257,0.91014,0][0.731208,-0.307836,0.233077][0.491194,-0.227489,0.840819][0.67362,0.8924,0][0.713903,-0.422201,0.198866][0.374533,-0.411132,0.831081][0.74123,0.88442,0][0.749122,-0.424462,0.173029][0.665916,-0.402424,0.62818][0.74463,0.85948,0][0.749122,-0.424462,0.173029][0.665916,-0.402424,0.62818][0.74463,0.85948,0][0.756118,-0.301668,0.214145][0.743663,-0.117943,0.658069][0.67148,0.87476,0][0.731208,-0.307836,0.233077][0.491194,-0.227489,0.840819][0.67362,0.8924,0][0.756118,-0.301668,0.214145][0.743663,-0.117943,0.658069][0.67148,0.87476,0][0.749122,-0.424462,0.173029][0.665916,-0.402424,0.62818][0.74463,0.85948,0][0.775914,-0.418473,0.136762][0.87153,-0.331634,0.361186][0.74339,0.83412,0][0.775914,-0.418473,0.136762][0.87153,-0.331634,0.361186][0.74339,0.83412,0][0.774163,-0.290131,0.188625][0.900569,0.0237373,0.434065][0.66579,0.85763,0][0.756118,-0.301668,0.214145][0.743663,-0.117943,0.658069][0.67148,0.87476,0][0.774163,-0.290131,0.188625][0.900569,0.0237373,0.434065][0.66579,0.85763,0][0.775914,-0.418473,0.136762][0.87153,-0.331634,0.361186][0.74339,0.83412,0][0.789689,-0.405023,0.09563][0.974833,-0.213451,0.064334][0.73684,0.81019,0][0.789689,-0.405023,0.09563][0.974833,-0.213451,0.064334][0.73684,0.81019,0][0.782352,-0.274672,0.159643][0.965552,0.208584,0.155568][0.65667,0.84177,0][0.774163,-0.290131,0.188625][0.900569,0.0237373,0.434065][0.66579,0.85763,0][0.782352,-0.274672,0.159643][0.965552,0.208584,0.155568][0.65667,0.84177,0][0.789689,-0.405023,0.09563][0.974833,-0.213451,0.064334][0.73684,0.81019,0][0.789117,-0.386345,0.055981][0.971713,-0.0463001,-0.231584][0.72526,0.78907,0][0.789117,-0.386345,0.055981][0.971713,-0.0463001,-0.231584][0.72526,0.78907,0][0.776832,-0.258198,0.131952][0.920791,0.377466,-0.0983031][0.64483,0.82783,0][0.782352,-0.274672,0.159643][0.965552,0.208584,0.155568][0.65667,0.84177,0][0.776832,-0.258198,0.131952][0.920791,0.377466,-0.0983031][0.64483,0.82783,0][0.789117,-0.386345,0.055981][0.971713,-0.0463001,-0.231584][0.72526,0.78907,0][0.775208,-0.365859,0.024021][0.839201,0.155517,-0.521111][0.7096,0.77116,0][0.775208,-0.365859,0.024021][0.839201,0.155517,-0.521111][0.7096,0.77116,0][0.763864,-0.242169,0.109401][0.717455,0.580651,-0.38484][0.63115,0.81622,0][0.776832,-0.258198,0.131952][0.920791,0.377466,-0.0983031][0.64483,0.82783,0][0.789117,-0.386345,0.055981][0.971713,-0.0463001,-0.231584][0.72526,0.78907,0][0.739716,-0.502818,0.00650603][0.90207,-0.317577,-0.292259][0.79398,0.7647,0][0.731077,-0.484364,-0.025678][0.800979,-0.13966,-0.582175][0.77494,0.74224,0][0.731077,-0.484364,-0.025678][0.800979,-0.13966,-0.582175][0.77494,0.74224,0][0.775208,-0.365859,0.024021][0.839201,0.155517,-0.521111][0.7096,0.77116,0][0.789117,-0.386345,0.055981][0.971713,-0.0463001,-0.231584][0.72526,0.78907,0][0.775208,-0.365859,0.024021][0.839201,0.155517,-0.521111][0.7096,0.77116,0][0.731077,-0.484364,-0.025678][0.800979,-0.13966,-0.582175][0.77494,0.74224,0][0.714961,-0.468738,-0.039863][0.655629,-0.000616082,-0.755083][0.75904,0.72592,0][0.714961,-0.468738,-0.039863][0.655629,-0.000616082,-0.755083][0.75904,0.72592,0][0.7536,-0.349599,0.00665905][0.511721,0.395496,-0.762708][0.69421,0.75901,0][0.775208,-0.365859,0.024021][0.839201,0.155517,-0.521111][0.7096,0.77116,0][0.648672,-0.398755,0.207591][-0.442086,-0.169747,0.880764][0.72779,0.92501,0][0.609888,-0.496916,0.174717][-0.347332,-0.131658,0.928454][0.79922,0.93432,0][0.640521,-0.513655,0.169716][0.125852,-0.367595,0.921431][0.80719,0.91373,0][0.640521,-0.513655,0.169716][0.125852,-0.367595,0.921431][0.80719,0.91373,0][0.676658,-0.412688,0.210835][-0.0132202,-0.340172,0.94027][0.73438,0.90766,0][0.648672,-0.398755,0.207591][-0.442086,-0.169747,0.880764][0.72779,0.92501,0][0.676658,-0.412688,0.210835][-0.0132202,-0.340172,0.94027][0.73438,0.90766,0][0.640521,-0.513655,0.169716][0.125852,-0.367595,0.921431][0.80719,0.91373,0][0.675941,-0.52768,0.152312][0.424993,-0.469737,0.773775][0.81343,0.88601,0][0.675941,-0.52768,0.152312][0.424993,-0.469737,0.773775][0.81343,0.88601,0][0.713903,-0.422201,0.198866][0.374533,-0.411132,0.831081][0.74123,0.88442,0][0.676658,-0.412688,0.210835][-0.0132202,-0.340172,0.94027][0.73438,0.90766,0][0.713903,-0.422201,0.198866][0.374533,-0.411132,0.831081][0.74123,0.88442,0][0.675941,-0.52768,0.152312][0.424993,-0.469737,0.773775][0.81343,0.88601,0][0.706782,-0.533228,0.121838][0.669444,-0.509375,0.540723][0.81676,0.85535,0][0.706782,-0.533228,0.121838][0.669444,-0.509375,0.540723][0.81676,0.85535,0][0.749122,-0.424462,0.173029][0.665916,-0.402424,0.62818][0.74463,0.85948,0][0.713903,-0.422201,0.198866][0.374533,-0.411132,0.831081][0.74123,0.88442,0][0.749122,-0.424462,0.173029][0.665916,-0.402424,0.62818][0.74463,0.85948,0][0.706782,-0.533228,0.121838][0.669444,-0.509375,0.540723][0.81676,0.85535,0][0.729564,-0.530506,0.084082][0.832173,-0.488714,0.262006][0.81528,0.82313,0][0.729564,-0.530506,0.084082][0.832173,-0.488714,0.262006][0.81528,0.82313,0][0.775914,-0.418473,0.136762][0.87153,-0.331634,0.361186][0.74339,0.83412,0][0.749122,-0.424462,0.173029][0.665916,-0.402424,0.62818][0.74463,0.85948,0][0.775914,-0.418473,0.136762][0.87153,-0.331634,0.361186][0.74339,0.83412,0][0.729564,-0.530506,0.084082][0.832173,-0.488714,0.262006][0.81528,0.82313,0][0.740308,-0.51934,0.043612][0.909858,-0.413242,-0.0372774][0.80773,0.79203,0][0.740308,-0.51934,0.043612][0.909858,-0.413242,-0.0372774][0.80773,0.79203,0][0.789689,-0.405023,0.09563][0.974833,-0.213451,0.064334][0.73684,0.81019,0][0.775914,-0.418473,0.136762][0.87153,-0.331634,0.361186][0.74339,0.83412,0][0.789689,-0.405023,0.09563][0.974833,-0.213451,0.064334][0.73684,0.81019,0][0.740308,-0.51934,0.043612][0.909858,-0.413242,-0.0372774][0.80773,0.79203,0][0.739716,-0.502818,0.00650603][0.90207,-0.317577,-0.292259][0.79398,0.7647,0][0.739716,-0.502818,0.00650603][0.90207,-0.317577,-0.292259][0.79398,0.7647,0][0.789117,-0.386345,0.055981][0.971713,-0.0463001,-0.231584][0.72526,0.78907,0][0.789689,-0.405023,0.09563][0.974833,-0.213451,0.064334][0.73684,0.81019,0][0.714961,-0.468738,-0.039863][0.655629,-0.000616082,-0.755083][0.17224,0.09746,0][0.644009,-0.55846,-0.0986589][0.407631,0.254212,-0.877048][0.05566,0.16686,0][0.619018,-0.543136,-0.095028][-0.0396329,0.508371,-0.860226][0.06826,0.18271,0][0.619018,-0.543136,-0.095028][-0.0396329,0.508371,-0.860226][0.06826,0.18271,0][0.698397,-0.453492,-0.05609][0.244704,0.275608,-0.929602][0.17974,0.11664,0][0.714961,-0.468738,-0.039863][0.655629,-0.000616082,-0.755083][0.17224,0.09746,0][0.705709,-0.141856,0.208381][0.596304,0.75864,-0.262463][0.45553,0.11179,0][0.741842,-0.23545,0.098903][0.445145,0.672083,-0.591735][0.36016,0.08319,0][0.726807,-0.227724,0.097313][-0.0478715,0.714903,-0.697583][0.35774,0.09705,0][0.726807,-0.227724,0.097313][-0.0478715,0.714903,-0.697583][0.35774,0.09705,0][0.695878,-0.138509,0.207116][-0.141319,0.841163,-0.521991][0.45183,0.11924,0][0.705709,-0.141856,0.208381][0.596304,0.75864,-0.262463][0.45553,0.11179,0][0.663965,-0.098093,0.31436][0.506638,0.860001,-0.0609582][0.54039,0.16443,0][0.705709,-0.141856,0.208381][0.596304,0.75864,-0.262463][0.45553,0.11179,0][0.695878,-0.138509,0.207116][-0.141319,0.841163,-0.521991][0.45183,0.11924,0][0.695878,-0.138509,0.207116][-0.141319,0.841163,-0.521991][0.45183,0.11924,0][0.660884,-0.0975504,0.314561][-0.252632,0.914617,-0.315678][0.53972,0.16535,0][0.663965,-0.098093,0.31436][0.506638,0.860001,-0.0609582][0.54039,0.16443,0][0.741842,-0.23545,0.098903][0.445145,0.672083,-0.591735][0.36016,0.08319,0][0.7536,-0.349599,0.00665905][0.511721,0.395496,-0.762708][0.25447,0.07217,0][0.730832,-0.339933,0.00676005][-0.0781794,0.580182,-0.810726][0.25913,0.08959,0][0.730832,-0.339933,0.00676005][-0.0781794,0.580182,-0.810726][0.25913,0.08959,0][0.726807,-0.227724,0.097313][-0.0478715,0.714903,-0.697583][0.35774,0.09705,0][0.741842,-0.23545,0.098903][0.445145,0.672083,-0.591735][0.36016,0.08319,0][0.7536,-0.349599,0.00665905][0.511721,0.395496,-0.762708][0.25447,0.07217,0][0.714961,-0.468738,-0.039863][0.655629,-0.000616082,-0.755083][0.17224,0.09746,0][0.698397,-0.453492,-0.05609][0.244704,0.275608,-0.929602][0.17974,0.11664,0][0.698397,-0.453492,-0.05609][0.244704,0.275608,-0.929602][0.17974,0.11664,0][0.730832,-0.339933,0.00676005][-0.0781794,0.580182,-0.810726][0.25913,0.08959,0][0.7536,-0.349599,0.00665905][0.511721,0.395496,-0.762708][0.25447,0.07217,0][0.651985,-0.11401,0.328525][-0.933986,-0.184645,0.305902][0.53749,0.17129,0][0.653855,-0.0936909,0.340673][-0.274376,0.649264,0.709347][0.54286,0.16887,0][0.651488,-0.110671,0.326273][-0.998837,0.044549,-0.0184686][0.53756,0.17005,0][0.653563,-0.116245,0.329836][-0.698251,-0.367702,0.6142][0.53737,0.1724,0][0.653855,-0.0936909,0.340673][-0.274376,0.649264,0.709347][0.54286,0.16887,0][0.651985,-0.11401,0.328525][-0.933986,-0.184645,0.305902][0.53749,0.17129,0][0.655971,-0.117691,0.330873][-0.466908,-0.467453,0.750656][0.53717,0.17369,0][0.653855,-0.0936909,0.340673][-0.274376,0.649264,0.709347][0.54286,0.16887,0][0.653563,-0.116245,0.329836][-0.698251,-0.367702,0.6142][0.53737,0.1724,0][0.659426,-0.118462,0.332095][-0.160384,-0.491538,0.85596][0.54327,0.95941,0][0.653855,-0.0936909,0.340673][-0.274376,0.649264,0.709347][0.53819,0.9586,0][0.655971,-0.117691,0.330873][-0.466908,-0.467453,0.750656][0.54319,0.96036,0][0.663935,-0.117598,0.332204][0.323622,-0.35055,0.878853][0.54293,0.95822,0][0.653855,-0.0936909,0.340673][-0.274376,0.649264,0.709347][0.53819,0.9586,0][0.659426,-0.118462,0.332095][-0.160384,-0.491538,0.85596][0.54327,0.95941,0][0.668186,-0.114748,0.330003][0.672987,-0.102969,0.732452][0.5421,0.9571,0][0.653855,-0.0936909,0.340673][-0.274376,0.649264,0.709347][0.53819,0.9586,0][0.663935,-0.117598,0.332204][0.323622,-0.35055,0.878853][0.54293,0.95822,0][0.671058,-0.11095,0.326489][0.834937,0.179452,0.520266][0.54095,0.95612,0][0.653855,-0.0936909,0.340673][-0.274376,0.649264,0.709347][0.53819,0.9586,0][0.668186,-0.114748,0.330003][0.672987,-0.102969,0.732452][0.5421,0.9571,0][0.671411,-0.107292,0.322233][0.8216,0.531268,0.206707][0.53972,0.95526,0][0.653855,-0.0936909,0.340673][-0.274376,0.649264,0.709347][0.53819,0.9586,0][0.671058,-0.11095,0.326489][0.834937,0.179452,0.520266][0.54095,0.95612,0][0.668872,-0.104583,0.318518][0.729072,0.682315,0.0538508][0.53845,0.95457,0][0.653855,-0.0936909,0.340673][-0.274376,0.649264,0.709347][0.53819,0.9586,0][0.671411,-0.107292,0.322233][0.8216,0.531268,0.206707][0.53972,0.95526,0][0.666263,-0.101448,0.315953][0.761869,0.63922,0.104659][0.53716,0.95419,0][0.653855,-0.0936909,0.340673][-0.274376,0.649264,0.709347][0.53819,0.9586,0][0.668872,-0.104583,0.318518][0.729072,0.682315,0.0538508][0.53845,0.95457,0][0.663965,-0.098093,0.31436][0.506638,0.860001,-0.0609582][0.53616,0.95417,0][0.653855,-0.0936909,0.340673][-0.274376,0.649264,0.709347][0.53819,0.9586,0][0.666263,-0.101448,0.315953][0.761869,0.63922,0.104659][0.53716,0.95419,0][0.660884,-0.0975504,0.314561][-0.252632,0.914617,-0.315678][0.53972,0.16535,0][0.653855,-0.0936909,0.340673][-0.274376,0.649264,0.709347][0.54286,0.16887,0][0.663965,-0.098093,0.31436][0.506638,0.860001,-0.0609582][0.54039,0.16443,0][0.657824,-0.0993347,0.316321][-0.731639,0.588227,-0.34452][0.53909,0.16625,0][0.653855,-0.0936909,0.340673][-0.274376,0.649264,0.709347][0.54286,0.16887,0][0.660884,-0.0975504,0.314561][-0.252632,0.914617,-0.315678][0.53972,0.16535,0][0.654976,-0.102525,0.319237][-0.879979,0.375908,-0.290396][0.53835,0.16738,0][0.653855,-0.0936909,0.340673][-0.274376,0.649264,0.709347][0.54286,0.16887,0][0.657824,-0.0993347,0.316321][-0.731639,0.588227,-0.34452][0.53909,0.16625,0][0.65269,-0.106524,0.322818][-0.952187,0.225793,-0.205812][0.53778,0.1687,0][0.653855,-0.0936909,0.340673][-0.274376,0.649264,0.709347][0.54286,0.16887,0][0.654976,-0.102525,0.319237][-0.879979,0.375908,-0.290396][0.53835,0.16738,0][0.651488,-0.110671,0.326273][-0.998837,0.044549,-0.0184686][0.53756,0.17005,0][0.653855,-0.0936909,0.340673][-0.274376,0.649264,0.709347][0.54286,0.16887,0][0.65269,-0.106524,0.322818][-0.952187,0.225793,-0.205812][0.53778,0.1687,0][-0.31883,-0.362708,-0.246374][0.774133,0.624671,-0.102489][0.23072,0.64812,0][-0.313089,-0.368798,-0.164197][0.702783,0.700062,0.126531][0.26769,0.67414,0][-0.24967,-0.425284,-0.13441][0.648649,0.755141,0.0949539][0.25092,0.74853,0][-0.24967,-0.425284,-0.13441][0.648649,0.755141,0.0949539][0.25092,0.74853,0][-0.254603,-0.42889,-0.221618][0.743149,0.657294,-0.125275][0.21309,0.72645,0][-0.31883,-0.362708,-0.246374][0.774133,0.624671,-0.102489][0.23072,0.64812,0][-0.313089,-0.368798,-0.164197][0.702783,0.700062,0.126531][0.26769,0.67414,0][-0.326965,-0.379144,-0.10354][0.460928,0.728426,0.506893][0.29628,0.69352,0][-0.265329,-0.428459,-0.069541][0.418111,0.793284,0.442587][0.28039,0.76431,0][-0.265329,-0.428459,-0.069541][0.418111,0.793284,0.442587][0.28039,0.76431,0][-0.24967,-0.425284,-0.13441][0.648649,0.755141,0.0949539][0.25092,0.74853,0][-0.313089,-0.368798,-0.164197][0.702783,0.700062,0.126531][0.26769,0.67414,0][-0.469324,-0.383372,-0.536001][0.317829,0.174534,-0.931946][0.08407,0.54226,0][-0.422045,-0.372027,-0.495187][0.658867,0.374076,-0.652657][0.1099,0.56336,0][-0.361003,-0.467457,-0.483299][0.675591,0.34602,-0.651035][0.07721,0.65422,0][-0.361003,-0.467457,-0.483299][0.675591,0.34602,-0.651035][0.07721,0.65422,0][-0.410792,-0.48356,-0.525386][0.377338,0.118724,-0.918434][0.04561,0.63466,0][-0.469324,-0.383372,-0.536001][0.317829,0.174534,-0.931946][0.08407,0.54226,0][-0.422045,-0.372027,-0.495187][0.658867,0.374076,-0.652657][0.1099,0.56336,0][-0.377797,-0.364455,-0.425505][0.764217,0.472967,-0.438491][0.14584,0.58977,0][-0.314856,-0.451714,-0.410435][0.762212,0.463307,-0.452084][0.11999,0.67742,0][-0.314856,-0.451714,-0.410435][0.762212,0.463307,-0.452084][0.11999,0.67742,0][-0.361003,-0.467457,-0.483299][0.675591,0.34602,-0.651035][0.07721,0.65422,0][-0.422045,-0.372027,-0.495187][0.658867,0.374076,-0.652657][0.1099,0.56336,0][-0.377797,-0.364455,-0.425505][0.764217,0.472967,-0.438491][0.14584,0.58977,0][-0.341553,-0.361183,-0.338133][0.789667,0.549261,-0.273383][0.18814,0.61905,0][-0.277493,-0.43817,-0.318545][0.776044,0.559222,-0.291594][0.16771,0.70207,0][-0.277493,-0.43817,-0.318545][0.776044,0.559222,-0.291594][0.16771,0.70207,0][-0.314856,-0.451714,-0.410435][0.762212,0.463307,-0.452084][0.11999,0.67742,0][-0.377797,-0.364455,-0.425505][0.764217,0.472967,-0.438491][0.14584,0.58977,0][-0.341553,-0.361183,-0.338133][0.789667,0.549261,-0.273383][0.18814,0.61905,0][-0.31883,-0.362708,-0.246374][0.774133,0.624671,-0.102489][0.23072,0.64812,0][-0.254603,-0.42889,-0.221618][0.743149,0.657294,-0.125275][0.21309,0.72645,0][-0.254603,-0.42889,-0.221618][0.743149,0.657294,-0.125275][0.21309,0.72645,0][-0.277493,-0.43817,-0.318545][0.776044,0.559222,-0.291594][0.16771,0.70207,0][-0.341553,-0.361183,-0.338133][0.789667,0.549261,-0.273383][0.18814,0.61905,0][-0.44728,-0.0540361,-0.198333][0.974362,0.128884,-0.184414][0.3265,0.50352,0][-0.439589,-0.0817747,-0.144611][0.999821,0.00164101,0.0188575][0.35008,0.53011,0][-0.432107,-0.162595,-0.182441][0.968055,0.234589,0.0885311][0.31966,0.55486,0][-0.432107,-0.162595,-0.182441][0.968055,0.234589,0.0885311][0.31966,0.55486,0][-0.439933,-0.143814,-0.246098][0.948117,0.285118,-0.140646][0.28977,0.52991,0][-0.44728,-0.0540361,-0.198333][0.974362,0.128884,-0.184414][0.3265,0.50352,0][-0.437811,0.0461302,-0.108948][0.979966,0.151867,-0.128852][0.38796,0.47317,0][-0.432057,0.0127592,-0.065985][0.998475,-0.00500825,0.0549758][0.40433,0.49699,0][-0.439589,-0.0817747,-0.144611][0.999821,0.00164101,0.0188575][0.35008,0.53011,0][-0.439589,-0.0817747,-0.144611][0.999821,0.00164101,0.0188575][0.35008,0.53011,0][-0.44728,-0.0540361,-0.198333][0.974362,0.128884,-0.184414][0.3265,0.50352,0][-0.437811,0.0461302,-0.108948][0.979966,0.151867,-0.128852][0.38796,0.47317,0][-0.459292,0.173429,0.018973][0.958155,0.284008,0.0357679][0.47189,0.42535,0][-0.455094,0.140267,0.052837][0.969418,0.119673,0.214259][0.4842,0.44583,0][-0.432057,0.0127592,-0.065985][0.998475,-0.00500825,0.0549758][0.40433,0.49699,0][-0.432057,0.0127592,-0.065985][0.998475,-0.00500825,0.0549758][0.40433,0.49699,0][-0.437811,0.0461302,-0.108948][0.979966,0.151867,-0.128852][0.38796,0.47317,0][-0.459292,0.173429,0.018973][0.958155,0.284008,0.0357679][0.47189,0.42535,0][-0.535765,0.320331,0.180022][0.895539,0.398454,0.198101][0.58516,0.35793,0][-0.532732,0.291389,0.206566][0.898271,0.202513,0.389997][0.59539,0.37506,0][-0.455094,0.140267,0.052837][0.969418,0.119673,0.214259][0.4842,0.44583,0][-0.455094,0.140267,0.052837][0.969418,0.119673,0.214259][0.4842,0.44583,0][-0.459292,0.173429,0.018973][0.958155,0.284008,0.0357679][0.47189,0.42535,0][-0.535765,0.320331,0.180022][0.895539,0.398454,0.198101][0.58516,0.35793,0][-0.651355,0.449842,0.331809][0.792331,0.508412,0.337236][0.69285,0.28887,0][-0.64839,0.426077,0.352615][0.798097,0.305354,0.519423][0.70158,0.30267,0][-0.532732,0.291389,0.206566][0.898271,0.202513,0.389997][0.59539,0.37506,0][-0.532732,0.291389,0.206566][0.898271,0.202513,0.389997][0.59539,0.37506,0][-0.535765,0.320331,0.180022][0.895539,0.398454,0.198101][0.58516,0.35793,0][-0.651355,0.449842,0.331809][0.792331,0.508412,0.337236][0.69285,0.28887,0][-0.78008,0.53558,0.441944][0.624468,0.610704,0.48691][0.77209,0.23383,0][-0.777595,0.516539,0.458135][0.620614,0.347885,0.702719][0.77889,0.24537,0][-0.64839,0.426077,0.352615][0.798097,0.305354,0.519423][0.70158,0.30267,0][-0.64839,0.426077,0.352615][0.798097,0.305354,0.519423][0.70158,0.30267,0][-0.651355,0.449842,0.331809][0.792331,0.508412,0.337236][0.69285,0.28887,0][-0.78008,0.53558,0.441944][0.624468,0.610704,0.48691][0.77209,0.23383,0][-0.913104,0.582643,0.509915][0.398078,0.688811,0.605867][0.84239,0.18028,0][-0.911505,0.568678,0.522055][0.363717,0.288109,0.885835][0.8474,0.18947,0][-0.777595,0.516539,0.458135][0.620614,0.347885,0.702719][0.77889,0.24537,0][-0.777595,0.516539,0.458135][0.620614,0.347885,0.702719][0.77889,0.24537,0][-0.78008,0.53558,0.441944][0.624468,0.610704,0.48691][0.77209,0.23383,0][-0.913104,0.582643,0.509915][0.398078,0.688811,0.605867][0.84239,0.18028,0][-1.00857,0.600902,0.530363][0.129794,0.723011,0.678534][0.87193,0.15096,0][-1.00823,0.59094,0.539056][0.077379,0.330599,0.940594][0.87554,0.15847,0][-0.911505,0.568678,0.522055][0.363717,0.288109,0.885835][0.8474,0.18947,0][-0.911505,0.568678,0.522055][0.363717,0.288109,0.885835][0.8474,0.18947,0][-0.913104,0.582643,0.509915][0.398078,0.688811,0.605867][0.84239,0.18028,0][-1.00857,0.600902,0.530363][0.129794,0.723011,0.678534][0.87193,0.15096,0][-1.1004,0.609268,0.519162][-0.127995,0.703357,0.699219][0.90229,0.11808,0][-1.10128,0.603027,0.523704][-0.232972,0.317286,0.919268][0.90402,0.12226,0][-1.00823,0.59094,0.539056][0.077379,0.330599,0.940594][0.87554,0.15847,0][-1.00823,0.59094,0.539056][0.077379,0.330599,0.940594][0.87554,0.15847,0][-1.00857,0.600902,0.530363][0.129794,0.723011,0.678534][0.87193,0.15096,0][-1.1004,0.609268,0.519162][-0.127995,0.703357,0.699219][0.90229,0.11808,0][-1.19373,0.615554,0.480919][-0.352327,0.63118,0.690998][0.94817,0.07042,0][-1.19405,0.612982,0.482294][-0.425913,0.403552,0.80978][0.94972,0.07172,0][-1.10128,0.603027,0.523704][-0.232972,0.317286,0.919268][0.90402,0.12226,0][-1.10128,0.603027,0.523704][-0.232972,0.317286,0.919268][0.90402,0.12226,0][-1.1004,0.609268,0.519162][-0.127995,0.703357,0.699219][0.90229,0.11808,0][-1.19373,0.615554,0.480919][-0.352327,0.63118,0.690998][0.94817,0.07042,0][-0.439589,-0.0817747,-0.144611][0.999821,0.00164101,0.0188575][0.35008,0.53011,0][-0.448077,-0.102239,-0.103663][0.871133,-0.259674,0.41677][0.37063,0.54756,0][-0.441488,-0.17892,-0.134834][0.764998,0.078139,0.639275][0.34332,0.57167,0][-0.441488,-0.17892,-0.134834][0.764998,0.078139,0.639275][0.34332,0.57167,0][-0.432107,-0.162595,-0.182441][0.968055,0.234589,0.0885311][0.31966,0.55486,0][-0.439589,-0.0817747,-0.144611][0.999821,0.00164101,0.0188575][0.35008,0.53011,0][-0.432057,0.0127592,-0.065985][0.998475,-0.00500825,0.0549758][0.40433,0.49699,0][-0.440495,-0.0108767,-0.032558][0.844179,-0.310967,0.436648][0.42011,0.51212,0][-0.448077,-0.102239,-0.103663][0.871133,-0.259674,0.41677][0.37063,0.54756,0][-0.448077,-0.102239,-0.103663][0.871133,-0.259674,0.41677][0.37063,0.54756,0][-0.439589,-0.0817747,-0.144611][0.999821,0.00164101,0.0188575][0.35008,0.53011,0][-0.432057,0.0127592,-0.065985][0.998475,-0.00500825,0.0549758][0.40433,0.49699,0][-0.455094,0.140267,0.052837][0.969418,0.119673,0.214259][0.4842,0.44583,0][-0.463484,0.11594,0.077353][0.830996,-0.203933,0.517549][0.49625,0.45952,0][-0.440495,-0.0108767,-0.032558][0.844179,-0.310967,0.436648][0.42011,0.51212,0][-0.440495,-0.0108767,-0.032558][0.844179,-0.310967,0.436648][0.42011,0.51212,0][-0.432057,0.0127592,-0.065985][0.998475,-0.00500825,0.0549758][0.40433,0.49699,0][-0.455094,0.140267,0.052837][0.969418,0.119673,0.214259][0.4842,0.44583,0][-0.532732,0.291389,0.206566][0.898271,0.202513,0.389997][0.59539,0.37506,0][-0.540401,0.268826,0.22184][0.712952,-0.19339,0.674018][0.60415,0.38718,0][-0.463484,0.11594,0.077353][0.830996,-0.203933,0.517549][0.49625,0.45952,0][-0.463484,0.11594,0.077353][0.830996,-0.203933,0.517549][0.49625,0.45952,0][-0.455094,0.140267,0.052837][0.969418,0.119673,0.214259][0.4842,0.44583,0][-0.532732,0.291389,0.206566][0.898271,0.202513,0.389997][0.59539,0.37506,0][-0.64839,0.426077,0.352615][0.798097,0.305354,0.519423][0.70158,0.30267,0][-0.653405,0.40609,0.363426][0.652134,-0.103767,0.750968][0.70819,0.31308,0][-0.540401,0.268826,0.22184][0.712952,-0.19339,0.674018][0.60415,0.38718,0][-0.540401,0.268826,0.22184][0.712952,-0.19339,0.674018][0.60415,0.38718,0][-0.532732,0.291389,0.206566][0.898271,0.202513,0.389997][0.59539,0.37506,0][-0.64839,0.426077,0.352615][0.798097,0.305354,0.519423][0.70158,0.30267,0][-0.777595,0.516539,0.458135][0.620614,0.347885,0.702719][0.77889,0.24537,0][-0.781559,0.499914,0.463115][0.502232,-0.0431159,0.863657][0.7838,0.25436,0][-0.653405,0.40609,0.363426][0.652134,-0.103767,0.750968][0.70819,0.31308,0][-0.653405,0.40609,0.363426][0.652134,-0.103767,0.750968][0.70819,0.31308,0][-0.64839,0.426077,0.352615][0.798097,0.305354,0.519423][0.70158,0.30267,0][-0.777595,0.516539,0.458135][0.620614,0.347885,0.702719][0.77889,0.24537,0][-0.911505,0.568678,0.522055][0.363717,0.288109,0.885835][0.8474,0.18947,0][-0.914767,0.556571,0.521479][0.298169,0.00380261,0.954506][0.85159,0.19606,0][-0.781559,0.499914,0.463115][0.502232,-0.0431159,0.863657][0.7838,0.25436,0][-0.781559,0.499914,0.463115][0.502232,-0.0431159,0.863657][0.7838,0.25436,0][-0.777595,0.516539,0.458135][0.620614,0.347885,0.702719][0.77889,0.24537,0][-0.911505,0.568678,0.522055][0.363717,0.288109,0.885835][0.8474,0.18947,0][-1.00823,0.59094,0.539056][0.077379,0.330599,0.940594][0.87554,0.15847,0][-1.01056,0.58224,0.53878][-0.0339939,-0.107417,0.993633][0.8795,0.16299,0][-0.914767,0.556571,0.521479][0.298169,0.00380261,0.954506][0.85159,0.19606,0][-0.914767,0.556571,0.521479][0.298169,0.00380261,0.954506][0.85159,0.19606,0][-0.911505,0.568678,0.522055][0.363717,0.288109,0.885835][0.8474,0.18947,0][-1.00823,0.59094,0.539056][0.077379,0.330599,0.940594][0.87554,0.15847,0][-1.10128,0.603027,0.523704][-0.232972,0.317286,0.919268][0.90402,0.12226,0][-1.1018,0.59793,0.523646][-0.278246,0.0392836,0.959706][0.90588,0.12443,0][-1.01056,0.58224,0.53878][-0.0339939,-0.107417,0.993633][0.8795,0.16299,0][-1.01056,0.58224,0.53878][-0.0339939,-0.107417,0.993633][0.8795,0.16299,0][-1.00823,0.59094,0.539056][0.077379,0.330599,0.940594][0.87554,0.15847,0][-1.10128,0.603027,0.523704][-0.232972,0.317286,0.919268][0.90402,0.12226,0][-1.19405,0.612982,0.482294][-0.425913,0.403552,0.80978][0.94972,0.07172,0][-1.19436,0.610565,0.483123][-0.47158,0.210621,0.856301][0.95081,0.07307,0][-1.1018,0.59793,0.523646][-0.278246,0.0392836,0.959706][0.90588,0.12443,0][-1.1018,0.59793,0.523646][-0.278246,0.0392836,0.959706][0.90588,0.12443,0][-1.10128,0.603027,0.523704][-0.232972,0.317286,0.919268][0.90402,0.12226,0][-1.19405,0.612982,0.482294][-0.425913,0.403552,0.80978][0.94972,0.07172,0][-0.574628,0.0420618,-0.376393][0.24133,0.594859,-0.766748][0.25713,0.38294,0][-0.536696,0.029027,-0.354073][0.676953,0.43092,-0.596693][0.26677,0.4064,0][-0.53536,-0.0976496,-0.435301][0.659385,0.411026,-0.629499][0.20419,0.4382,0][-0.53536,-0.0976496,-0.435301][0.659385,0.411026,-0.629499][0.20419,0.4382,0][-0.576174,-0.0940914,-0.464807][0.0711934,0.441988,-0.894191][0.18802,0.41539,0][-0.574628,0.0420618,-0.376393][0.24133,0.594859,-0.766748][0.25713,0.38294,0][-0.54804,0.169767,-0.247757][0.326034,0.696866,-0.638811][0.35122,0.36107,0][-0.514613,0.151298,-0.230667][0.71519,0.499052,-0.489336][0.35461,0.38304,0][-0.536696,0.029027,-0.354073][0.676953,0.43092,-0.596693][0.26677,0.4064,0][-0.536696,0.029027,-0.354073][0.676953,0.43092,-0.596693][0.26677,0.4064,0][-0.574628,0.0420618,-0.376393][0.24133,0.594859,-0.766748][0.25713,0.38294,0][-0.54804,0.169767,-0.247757][0.326034,0.696866,-0.638811][0.35122,0.36107,0][-0.551501,0.290409,-0.095117][0.274252,0.797064,-0.538028][0.44538,0.32935,0][-0.523081,0.274006,-0.080076][0.717838,0.616515,-0.323447][0.44805,0.3483,0][-0.514613,0.151298,-0.230667][0.71519,0.499052,-0.489336][0.35461,0.38304,0][-0.514613,0.151298,-0.230667][0.71519,0.499052,-0.489336][0.35461,0.38304,0][-0.54804,0.169767,-0.247757][0.326034,0.696866,-0.638811][0.35122,0.36107,0][-0.551501,0.290409,-0.095117][0.274252,0.797064,-0.538028][0.44538,0.32935,0][-0.609156,0.410789,0.07793][0.199653,0.854893,-0.478849][0.55478,0.28073,0][-0.586558,0.400311,0.093883][0.662434,0.726731,-0.181777][0.55914,0.2958,0][-0.523081,0.274006,-0.080076][0.717838,0.616515,-0.323447][0.44805,0.3483,0][-0.523081,0.274006,-0.080076][0.717838,0.616515,-0.323447][0.44805,0.3483,0][-0.551501,0.290409,-0.095117][0.274252,0.797064,-0.538028][0.44538,0.32935,0][-0.609156,0.410789,0.07793][0.199653,0.854893,-0.478849][0.55478,0.28073,0][-0.705756,0.514961,0.240506][0.151826,0.891862,-0.426064][0.66174,0.23035,0][-0.689301,0.509497,0.256889][0.566011,0.821437,-0.0698105][0.66618,0.24191,0][-0.586558,0.400311,0.093883][0.662434,0.726731,-0.181777][0.55914,0.2958,0][-0.586558,0.400311,0.093883][0.662434,0.726731,-0.181777][0.55914,0.2958,0][-0.609156,0.410789,0.07793][0.199653,0.854893,-0.478849][0.55478,0.28073,0][-0.705756,0.514961,0.240506][0.151826,0.891862,-0.426064][0.66174,0.23035,0][-0.818031,0.582453,0.363545][0.12294,0.942677,-0.310234][0.74534,0.18939,0][-0.806861,0.579902,0.378796][0.417989,0.907492,0.0417464][0.74963,0.19796,0][-0.689301,0.509497,0.256889][0.566011,0.821437,-0.0698105][0.66618,0.24191,0][-0.689301,0.509497,0.256889][0.566011,0.821437,-0.0698105][0.66618,0.24191,0][-0.705756,0.514961,0.240506][0.151826,0.891862,-0.426064][0.66174,0.23035,0][-0.818031,0.582453,0.363545][0.12294,0.942677,-0.310234][0.74534,0.18939,0][-0.935035,0.614693,0.447881][0.0111474,0.959418,-0.281766][0.82323,0.14705,0][-0.928821,0.613691,0.460546][0.24381,0.960021,0.137538][0.82741,0.15245,0][-0.806861,0.579902,0.378796][0.417989,0.907492,0.0417464][0.74963,0.19796,0][-0.806861,0.579902,0.378796][0.417989,0.907492,0.0417464][0.74963,0.19796,0][-0.818031,0.582453,0.363545][0.12294,0.942677,-0.310234][0.74534,0.18939,0][-0.935035,0.614693,0.447881][0.0111474,0.959418,-0.281766][0.82323,0.14705,0][-1.0174,0.622096,0.482884][-0.0421879,0.951421,-0.30499][0.85875,0.1246,0][-1.01469,0.621883,0.492765][0.0781619,0.981744,0.173407][0.86247,0.1281,0][-0.928821,0.613691,0.460546][0.24381,0.960021,0.137538][0.82741,0.15245,0][-0.928821,0.613691,0.460546][0.24381,0.960021,0.137538][0.82741,0.15245,0][-0.935035,0.614693,0.447881][0.0111474,0.959418,-0.281766][0.82323,0.14705,0][-1.0174,0.622096,0.482884][-0.0421879,0.951421,-0.30499][0.85875,0.1246,0][-1.10023,0.62142,0.488069][0.0264423,0.828372,-0.559554][0.89042,0.09977,0][-1.09999,0.621973,0.494064][-0.0270382,0.993587,0.109787][0.89447,0.10235,0][-1.01469,0.621883,0.492765][0.0781619,0.981744,0.173407][0.86247,0.1281,0][-1.01469,0.621883,0.492765][0.0781619,0.981744,0.173407][0.86247,0.1281,0][-1.0174,0.622096,0.482884][-0.0421879,0.951421,-0.30499][0.85875,0.1246,0][-1.10023,0.62142,0.488069][0.0264423,0.828372,-0.559554][0.89042,0.09977,0][-1.18797,0.618722,0.469679][0.0936306,0.786794,-0.610072][0.94205,0.06609,0][-1.18931,0.619743,0.471451][0.00957908,0.96482,-0.262736][0.94228,0.06724,0][-1.09999,0.621973,0.494064][-0.0270382,0.993587,0.109787][0.89447,0.10235,0][-1.09999,0.621973,0.494064][-0.0270382,0.993587,0.109787][0.89447,0.10235,0][-1.10023,0.62142,0.488069][0.0264423,0.828372,-0.559554][0.89042,0.09977,0][-1.18797,0.618722,0.469679][0.0936306,0.786794,-0.610072][0.94205,0.06609,0][-0.536696,0.029027,-0.354073][0.676953,0.43092,-0.596693][0.26677,0.4064,0][-0.49986,0.00595856,-0.311737][0.841547,0.308125,-0.443687][0.28223,0.43691,0][-0.495803,-0.108685,-0.382944][0.821484,0.358055,-0.443803][0.22812,0.4673,0][-0.495803,-0.108685,-0.382944][0.821484,0.358055,-0.443803][0.22812,0.4673,0][-0.53536,-0.0976496,-0.435301][0.659385,0.411026,-0.629499][0.20419,0.4382,0][-0.536696,0.029027,-0.354073][0.676953,0.43092,-0.596693][0.26677,0.4064,0][-0.514613,0.151298,-0.230667][0.71519,0.499052,-0.489336][0.35461,0.38304,0][-0.482595,0.12121,-0.198013][0.859943,0.361988,-0.35981][0.36188,0.41152,0][-0.49986,0.00595856,-0.311737][0.841547,0.308125,-0.443687][0.28223,0.43691,0][-0.49986,0.00595856,-0.311737][0.841547,0.308125,-0.443687][0.28223,0.43691,0][-0.536696,0.029027,-0.354073][0.676953,0.43092,-0.596693][0.26677,0.4064,0][-0.514613,0.151298,-0.230667][0.71519,0.499052,-0.489336][0.35461,0.38304,0][-0.523081,0.274006,-0.080076][0.717838,0.616515,-0.323447][0.44805,0.3483,0][-0.496114,0.245866,-0.052963][0.852274,0.488152,-0.187982][0.45318,0.37286,0][-0.482595,0.12121,-0.198013][0.859943,0.361988,-0.35981][0.36188,0.41152,0][-0.482595,0.12121,-0.198013][0.859943,0.361988,-0.35981][0.36188,0.41152,0][-0.514613,0.151298,-0.230667][0.71519,0.499052,-0.489336][0.35461,0.38304,0][-0.523081,0.274006,-0.080076][0.717838,0.616515,-0.323447][0.44805,0.3483,0][-0.586558,0.400311,0.093883][0.662434,0.726731,-0.181777][0.55914,0.2958,0][-0.564992,0.379316,0.118959][0.79315,0.608159,-0.0325056][0.56596,0.31554,0][-0.496114,0.245866,-0.052963][0.852274,0.488152,-0.187982][0.45318,0.37286,0][-0.496114,0.245866,-0.052963][0.852274,0.488152,-0.187982][0.45318,0.37286,0][-0.523081,0.274006,-0.080076][0.717838,0.616515,-0.323447][0.44805,0.3483,0][-0.586558,0.400311,0.093883][0.662434,0.726731,-0.181777][0.55914,0.2958,0][-0.689301,0.509497,0.256889][0.566011,0.821437,-0.0698105][0.66618,0.24191,0][-0.673489,0.495081,0.28006][0.691726,0.715628,0.09691][0.67352,0.25671,0][-0.564992,0.379316,0.118959][0.79315,0.608159,-0.0325056][0.56596,0.31554,0][-0.564992,0.379316,0.118959][0.79315,0.608159,-0.0325056][0.56596,0.31554,0][-0.586558,0.400311,0.093883][0.662434,0.726731,-0.181777][0.55914,0.2958,0][-0.689301,0.509497,0.256889][0.566011,0.821437,-0.0698105][0.66618,0.24191,0][-0.806861,0.579902,0.378796][0.417989,0.907492,0.0417464][0.74963,0.19796,0][-0.795891,0.569971,0.399049][0.531797,0.815279,0.229156][0.75609,0.20887,0][-0.673489,0.495081,0.28006][0.691726,0.715628,0.09691][0.67352,0.25671,0][-0.673489,0.495081,0.28006][0.691726,0.715628,0.09691][0.67352,0.25671,0][-0.689301,0.509497,0.256889][0.566011,0.821437,-0.0698105][0.66618,0.24191,0][-0.806861,0.579902,0.378796][0.417989,0.907492,0.0417464][0.74963,0.19796,0][-0.928821,0.613691,0.460546][0.24381,0.960021,0.137538][0.82741,0.15245,0][-0.922498,0.606998,0.476584][0.332069,0.878644,0.343096][0.83221,0.16016,0][-0.795891,0.569971,0.399049][0.531797,0.815279,0.229156][0.75609,0.20887,0][-0.795891,0.569971,0.399049][0.531797,0.815279,0.229156][0.75609,0.20887,0][-0.806861,0.579902,0.378796][0.417989,0.907492,0.0417464][0.74963,0.19796,0][-0.928821,0.613691,0.460546][0.24381,0.960021,0.137538][0.82741,0.15245,0][-1.01469,0.621883,0.492765][0.0781619,0.981744,0.173407][0.86247,0.1281,0][-1.01213,0.617618,0.505146][0.117577,0.911324,0.394543][0.8659,0.13402,0][-0.922498,0.606998,0.476584][0.332069,0.878644,0.343096][0.83221,0.16016,0][-0.922498,0.606998,0.476584][0.332069,0.878644,0.343096][0.83221,0.16016,0][-0.928821,0.613691,0.460546][0.24381,0.960021,0.137538][0.82741,0.15245,0][-1.01469,0.621883,0.492765][0.0781619,0.981744,0.173407][0.86247,0.1281,0][-1.09999,0.621973,0.494064][-0.0270382,0.993587,0.109787][0.89447,0.10235,0][-1.09977,0.619531,0.502527][-0.0521398,0.926665,0.372254][0.89814,0.10672,0][-1.01213,0.617618,0.505146][0.117577,0.911324,0.394543][0.8659,0.13402,0][-1.01213,0.617618,0.505146][0.117577,0.911324,0.394543][0.8659,0.13402,0][-1.01469,0.621883,0.492765][0.0781619,0.981744,0.173407][0.86247,0.1281,0][-1.09999,0.621973,0.494064][-0.0270382,0.993587,0.109787][0.89447,0.10235,0][-1.18931,0.619743,0.471451][0.00957908,0.96482,-0.262736][0.94228,0.06724,0][-1.1912,0.619845,0.474112][-0.116515,0.982927,0.142406][0.94367,0.06836,0][-1.09977,0.619531,0.502527][-0.0521398,0.926665,0.372254][0.89814,0.10672,0][-1.09977,0.619531,0.502527][-0.0521398,0.926665,0.372254][0.89814,0.10672,0][-1.09999,0.621973,0.494064][-0.0270382,0.993587,0.109787][0.89447,0.10235,0][-1.18931,0.619743,0.471451][0.00957908,0.96482,-0.262736][0.94228,0.06724,0][-0.49986,0.00595856,-0.311737][0.841547,0.308125,-0.443687][0.28223,0.43691,0][-0.468442,-0.0232105,-0.257003][0.922028,0.218871,-0.319311][0.30286,0.47089,0][-0.462287,-0.1249,-0.316499][0.899543,0.320405,-0.296922][0.2578,0.49934,0][-0.462287,-0.1249,-0.316499][0.899543,0.320405,-0.296922][0.2578,0.49934,0][-0.495803,-0.108685,-0.382944][0.821484,0.358055,-0.443803][0.22812,0.4673,0][-0.49986,0.00595856,-0.311737][0.841547,0.308125,-0.443687][0.28223,0.43691,0][-0.482595,0.12121,-0.198013][0.859943,0.361988,-0.35981][0.36188,0.41152,0][-0.455628,0.08428,-0.155268][0.932933,0.258815,-0.250302][0.37325,0.44313,0][-0.468442,-0.0232105,-0.257003][0.922028,0.218871,-0.319311][0.30286,0.47089,0][-0.468442,-0.0232105,-0.257003][0.922028,0.218871,-0.319311][0.30286,0.47089,0][-0.49986,0.00595856,-0.311737][0.841547,0.308125,-0.443687][0.28223,0.43691,0][-0.482595,0.12121,-0.198013][0.859943,0.361988,-0.35981][0.36188,0.41152,0][-0.496114,0.245866,-0.052963][0.852274,0.488152,-0.187982][0.45318,0.37286,0][-0.473765,0.210547,-0.018145][0.917977,0.388491,-0.0799553][0.46118,0.39988,0][-0.455628,0.08428,-0.155268][0.932933,0.258815,-0.250302][0.37325,0.44313,0][-0.455628,0.08428,-0.155268][0.932933,0.258815,-0.250302][0.37325,0.44313,0][-0.482595,0.12121,-0.198013][0.859943,0.361988,-0.35981][0.36188,0.41152,0][-0.496114,0.245866,-0.052963][0.852274,0.488152,-0.187982][0.45318,0.37286,0][-0.564992,0.379316,0.118959][0.79315,0.608159,-0.0325056][0.56596,0.31554,0][-0.547143,0.351218,0.149228][0.85753,0.508137,0.0802471][0.57489,0.33728,0][-0.473765,0.210547,-0.018145][0.917977,0.388491,-0.0799553][0.46118,0.39988,0][-0.473765,0.210547,-0.018145][0.917977,0.388491,-0.0799553][0.46118,0.39988,0][-0.496114,0.245866,-0.052963][0.852274,0.488152,-0.187982][0.45318,0.37286,0][-0.564992,0.379316,0.118959][0.79315,0.608159,-0.0325056][0.56596,0.31554,0][-0.673489,0.495081,0.28006][0.691726,0.715628,0.09691][0.67352,0.25671,0][-0.660145,0.474219,0.306471][0.754905,0.618325,0.218615][0.68296,0.273,0][-0.547143,0.351218,0.149228][0.85753,0.508137,0.0802471][0.57489,0.33728,0][-0.547143,0.351218,0.149228][0.85753,0.508137,0.0802471][0.57489,0.33728,0][-0.564992,0.379316,0.118959][0.79315,0.608159,-0.0325056][0.56596,0.31554,0][-0.673489,0.495081,0.28006][0.691726,0.715628,0.09691][0.67352,0.25671,0][-0.795891,0.569971,0.399049][0.531797,0.815279,0.229156][0.75609,0.20887,0][-0.786456,0.554436,0.421276][0.590253,0.72135,0.362294][0.76405,0.2212,0][-0.660145,0.474219,0.306471][0.754905,0.618325,0.218615][0.68296,0.273,0][-0.660145,0.474219,0.306471][0.754905,0.618325,0.218615][0.68296,0.273,0][-0.673489,0.495081,0.28006][0.691726,0.715628,0.09691][0.67352,0.25671,0][-0.795891,0.569971,0.399049][0.531797,0.815279,0.229156][0.75609,0.20887,0][-0.922498,0.606998,0.476584][0.332069,0.878644,0.343096][0.83221,0.16016,0][-0.916966,0.596085,0.493902][0.374335,0.794514,0.478144][0.83724,0.16986,0][-0.786456,0.554436,0.421276][0.590253,0.72135,0.362294][0.76405,0.2212,0][-0.786456,0.554436,0.421276][0.590253,0.72135,0.362294][0.76405,0.2212,0][-0.795891,0.569971,0.399049][0.531797,0.815279,0.229156][0.75609,0.20887,0][-0.922498,0.606998,0.476584][0.332069,0.878644,0.343096][0.83221,0.16016,0][-1.01213,0.617618,0.505146][0.117577,0.911324,0.394543][0.8659,0.13402,0][-1.00998,0.610248,0.518341][0.131727,0.831941,0.539001][0.86892,0.14209,0][-0.916966,0.596085,0.493902][0.374335,0.794514,0.478144][0.83724,0.16986,0][-0.916966,0.596085,0.493902][0.374335,0.794514,0.478144][0.83724,0.16986,0][-0.922498,0.606998,0.476584][0.332069,0.878644,0.343096][0.83221,0.16016,0][-1.01213,0.617618,0.505146][0.117577,0.911324,0.394543][0.8659,0.13402,0][-1.09977,0.619531,0.502527][-0.0521398,0.926665,0.372254][0.89814,0.10672,0][-1.09994,0.61506,0.511325][-0.0773825,0.846844,0.526182][0.90065,0.11231,0][-1.00998,0.610248,0.518341][0.131727,0.831941,0.539001][0.86892,0.14209,0][-1.00998,0.610248,0.518341][0.131727,0.831941,0.539001][0.86892,0.14209,0][-1.01213,0.617618,0.505146][0.117577,0.911324,0.394543][0.8659,0.13402,0][-1.09977,0.619531,0.502527][-0.0521398,0.926665,0.372254][0.89814,0.10672,0][-1.1912,0.619845,0.474112][-0.116515,0.982927,0.142406][0.94367,0.06836,0][-1.1927,0.618172,0.477856][-0.231159,0.855965,0.462482][0.94611,0.06927,0][-1.09994,0.61506,0.511325][-0.0773825,0.846844,0.526182][0.90065,0.11231,0][-1.09994,0.61506,0.511325][-0.0773825,0.846844,0.526182][0.90065,0.11231,0][-1.09977,0.619531,0.502527][-0.0521398,0.926665,0.372254][0.89814,0.10672,0][-1.1912,0.619845,0.474112][-0.116515,0.982927,0.142406][0.94367,0.06836,0][-0.468442,-0.0232105,-0.257003][0.922028,0.218871,-0.319311][0.30286,0.47089,0][-0.44728,-0.0540361,-0.198333][0.974362,0.128884,-0.184414][0.3265,0.50352,0][-0.439933,-0.143814,-0.246098][0.948117,0.285118,-0.140646][0.28977,0.52991,0][-0.439933,-0.143814,-0.246098][0.948117,0.285118,-0.140646][0.28977,0.52991,0][-0.462287,-0.1249,-0.316499][0.899543,0.320405,-0.296922][0.2578,0.49934,0][-0.468442,-0.0232105,-0.257003][0.922028,0.218871,-0.319311][0.30286,0.47089,0][-0.455628,0.08428,-0.155268][0.932933,0.258815,-0.250302][0.37325,0.44313,0][-0.437811,0.0461302,-0.108948][0.979966,0.151867,-0.128852][0.38796,0.47317,0][-0.44728,-0.0540361,-0.198333][0.974362,0.128884,-0.184414][0.3265,0.50352,0][-0.44728,-0.0540361,-0.198333][0.974362,0.128884,-0.184414][0.3265,0.50352,0][-0.468442,-0.0232105,-0.257003][0.922028,0.218871,-0.319311][0.30286,0.47089,0][-0.455628,0.08428,-0.155268][0.932933,0.258815,-0.250302][0.37325,0.44313,0][-0.473765,0.210547,-0.018145][0.917977,0.388491,-0.0799553][0.46118,0.39988,0][-0.459292,0.173429,0.018973][0.958155,0.284008,0.0357679][0.47189,0.42535,0][-0.437811,0.0461302,-0.108948][0.979966,0.151867,-0.128852][0.38796,0.47317,0][-0.437811,0.0461302,-0.108948][0.979966,0.151867,-0.128852][0.38796,0.47317,0][-0.455628,0.08428,-0.155268][0.932933,0.258815,-0.250302][0.37325,0.44313,0][-0.473765,0.210547,-0.018145][0.917977,0.388491,-0.0799553][0.46118,0.39988,0][-0.547143,0.351218,0.149228][0.85753,0.508137,0.0802471][0.57489,0.33728,0][-0.535765,0.320331,0.180022][0.895539,0.398454,0.198101][0.58516,0.35793,0][-0.459292,0.173429,0.018973][0.958155,0.284008,0.0357679][0.47189,0.42535,0][-0.459292,0.173429,0.018973][0.958155,0.284008,0.0357679][0.47189,0.42535,0][-0.473765,0.210547,-0.018145][0.917977,0.388491,-0.0799553][0.46118,0.39988,0][-0.547143,0.351218,0.149228][0.85753,0.508137,0.0802471][0.57489,0.33728,0][-0.547143,0.351218,0.149228][0.85753,0.508137,0.0802471][0.57489,0.33728,0][-0.660145,0.474219,0.306471][0.754905,0.618325,0.218615][0.68296,0.273,0][-0.651355,0.449842,0.331809][0.792331,0.508412,0.337236][0.69285,0.28887,0][-0.651355,0.449842,0.331809][0.792331,0.508412,0.337236][0.69285,0.28887,0][-0.535765,0.320331,0.180022][0.895539,0.398454,0.198101][0.58516,0.35793,0][-0.547143,0.351218,0.149228][0.85753,0.508137,0.0802471][0.57489,0.33728,0][-0.660145,0.474219,0.306471][0.754905,0.618325,0.218615][0.68296,0.273,0][-0.786456,0.554436,0.421276][0.590253,0.72135,0.362294][0.76405,0.2212,0][-0.78008,0.53558,0.441944][0.624468,0.610704,0.48691][0.77209,0.23383,0][-0.78008,0.53558,0.441944][0.624468,0.610704,0.48691][0.77209,0.23383,0][-0.651355,0.449842,0.331809][0.792331,0.508412,0.337236][0.69285,0.28887,0][-0.660145,0.474219,0.306471][0.754905,0.618325,0.218615][0.68296,0.273,0][-0.786456,0.554436,0.421276][0.590253,0.72135,0.362294][0.76405,0.2212,0][-0.916966,0.596085,0.493902][0.374335,0.794514,0.478144][0.83724,0.16986,0][-0.913104,0.582643,0.509915][0.398078,0.688811,0.605867][0.84239,0.18028,0][-0.913104,0.582643,0.509915][0.398078,0.688811,0.605867][0.84239,0.18028,0][-0.78008,0.53558,0.441944][0.624468,0.610704,0.48691][0.77209,0.23383,0][-0.786456,0.554436,0.421276][0.590253,0.72135,0.362294][0.76405,0.2212,0][-1.00998,0.610248,0.518341][0.131727,0.831941,0.539001][0.86892,0.14209,0][-1.00857,0.600902,0.530363][0.129794,0.723011,0.678534][0.87193,0.15096,0][-0.913104,0.582643,0.509915][0.398078,0.688811,0.605867][0.84239,0.18028,0][-0.913104,0.582643,0.509915][0.398078,0.688811,0.605867][0.84239,0.18028,0][-0.916966,0.596085,0.493902][0.374335,0.794514,0.478144][0.83724,0.16986,0][-1.00998,0.610248,0.518341][0.131727,0.831941,0.539001][0.86892,0.14209,0][-1.09994,0.61506,0.511325][-0.0773825,0.846844,0.526182][0.90065,0.11231,0][-1.1004,0.609268,0.519162][-0.127995,0.703357,0.699219][0.90229,0.11808,0][-1.00857,0.600902,0.530363][0.129794,0.723011,0.678534][0.87193,0.15096,0][-1.00857,0.600902,0.530363][0.129794,0.723011,0.678534][0.87193,0.15096,0][-1.00998,0.610248,0.518341][0.131727,0.831941,0.539001][0.86892,0.14209,0][-1.09994,0.61506,0.511325][-0.0773825,0.846844,0.526182][0.90065,0.11231,0][-1.1927,0.618172,0.477856][-0.231159,0.855965,0.462482][0.94611,0.06927,0][-1.19373,0.615554,0.480919][-0.352327,0.63118,0.690998][0.94817,0.07042,0][-1.1004,0.609268,0.519162][-0.127995,0.703357,0.699219][0.90229,0.11808,0][-1.1004,0.609268,0.519162][-0.127995,0.703357,0.699219][0.90229,0.11808,0][-1.09994,0.61506,0.511325][-0.0773825,0.846844,0.526182][0.90065,0.11231,0][-1.1927,0.618172,0.477856][-0.231159,0.855965,0.462482][0.94611,0.06927,0][-0.377797,-0.364455,-0.425505][0.764217,0.472967,-0.438491][0.14584,0.58977,0][-0.422045,-0.372027,-0.495187][0.658867,0.374076,-0.652657][0.1099,0.56336,0][-0.489655,-0.245831,-0.48496][0.650376,0.408905,-0.640162][0.14129,0.50558,0][-0.489655,-0.245831,-0.48496][0.650376,0.408905,-0.640162][0.14129,0.50558,0][-0.448297,-0.244781,-0.422265][0.789633,0.438511,-0.429172][0.17451,0.53157,0][-0.377797,-0.364455,-0.425505][0.764217,0.472967,-0.438491][0.14584,0.58977,0][-0.377797,-0.364455,-0.425505][0.764217,0.472967,-0.438491][0.14584,0.58977,0][-0.448297,-0.244781,-0.422265][0.789633,0.438511,-0.429172][0.17451,0.53157,0][-0.413974,-0.248751,-0.343654][0.847475,0.456896,-0.270243][0.21375,0.56025,0][-0.413974,-0.248751,-0.343654][0.847475,0.456896,-0.270243][0.21375,0.56025,0][-0.341553,-0.361183,-0.338133][0.789667,0.549261,-0.273383][0.18814,0.61905,0][-0.377797,-0.364455,-0.425505][0.764217,0.472967,-0.438491][0.14584,0.58977,0][-0.341553,-0.361183,-0.338133][0.789667,0.549261,-0.273383][0.18814,0.61905,0][-0.413974,-0.248751,-0.343654][0.847475,0.456896,-0.270243][0.21375,0.56025,0][-0.39191,-0.257137,-0.261093][0.87178,0.479393,-0.100908][0.25379,0.58813,0][-0.39191,-0.257137,-0.261093][0.87178,0.479393,-0.100908][0.25379,0.58813,0][-0.31883,-0.362708,-0.246374][0.774133,0.624671,-0.102489][0.23072,0.64812,0][-0.341553,-0.361183,-0.338133][0.789667,0.549261,-0.273383][0.18814,0.61905,0][-0.31883,-0.362708,-0.246374][0.774133,0.624671,-0.102489][0.23072,0.64812,0][-0.39191,-0.257137,-0.261093][0.87178,0.479393,-0.100908][0.25379,0.58813,0][-0.385463,-0.268652,-0.187149][0.854397,0.50022,0.140661][0.28866,0.61193,0][-0.385463,-0.268652,-0.187149][0.854397,0.50022,0.140661][0.28866,0.61193,0][-0.313089,-0.368798,-0.164197][0.702783,0.700062,0.126531][0.26769,0.67414,0][-0.31883,-0.362708,-0.246374][0.774133,0.624671,-0.102489][0.23072,0.64812,0][-0.313089,-0.368798,-0.164197][0.702783,0.700062,0.126531][0.26769,0.67414,0][-0.385463,-0.268652,-0.187149][0.854397,0.50022,0.140661][0.28866,0.61193,0][-0.397277,-0.282064,-0.132616][0.590089,0.441312,0.676046][0.3144,0.62949,0][-0.397277,-0.282064,-0.132616][0.590089,0.441312,0.676046][0.3144,0.62949,0][-0.326965,-0.379144,-0.10354][0.460928,0.728426,0.506893][0.29628,0.69352,0][-0.313089,-0.368798,-0.164197][0.702783,0.700062,0.126531][0.26769,0.67414,0][-0.469324,-0.383372,-0.536001][0.317829,0.174534,-0.931946][0.08407,0.54226,0][-0.53341,-0.252217,-0.521095][0.183875,0.305507,-0.934267][0.11692,0.48552,0][-0.489655,-0.245831,-0.48496][0.650376,0.408905,-0.640162][0.14129,0.50558,0][-0.489655,-0.245831,-0.48496][0.650376,0.408905,-0.640162][0.14129,0.50558,0][-0.422045,-0.372027,-0.495187][0.658867,0.374076,-0.652657][0.1099,0.56336,0][-0.469324,-0.383372,-0.536001][0.317829,0.174534,-0.931946][0.08407,0.54226,0][-0.448297,-0.244781,-0.422265][0.789633,0.438511,-0.429172][0.17451,0.53157,0][-0.495803,-0.108685,-0.382944][0.821484,0.358055,-0.443803][0.22812,0.4673,0][-0.462287,-0.1249,-0.316499][0.899543,0.320405,-0.296922][0.2578,0.49934,0][-0.462287,-0.1249,-0.316499][0.899543,0.320405,-0.296922][0.2578,0.49934,0][-0.413974,-0.248751,-0.343654][0.847475,0.456896,-0.270243][0.21375,0.56025,0][-0.448297,-0.244781,-0.422265][0.789633,0.438511,-0.429172][0.17451,0.53157,0][-0.413974,-0.248751,-0.343654][0.847475,0.456896,-0.270243][0.21375,0.56025,0][-0.462287,-0.1249,-0.316499][0.899543,0.320405,-0.296922][0.2578,0.49934,0][-0.439933,-0.143814,-0.246098][0.948117,0.285118,-0.140646][0.28977,0.52991,0][-0.439933,-0.143814,-0.246098][0.948117,0.285118,-0.140646][0.28977,0.52991,0][-0.39191,-0.257137,-0.261093][0.87178,0.479393,-0.100908][0.25379,0.58813,0][-0.413974,-0.248751,-0.343654][0.847475,0.456896,-0.270243][0.21375,0.56025,0][-0.39191,-0.257137,-0.261093][0.87178,0.479393,-0.100908][0.25379,0.58813,0][-0.439933,-0.143814,-0.246098][0.948117,0.285118,-0.140646][0.28977,0.52991,0][-0.432107,-0.162595,-0.182441][0.968055,0.234589,0.0885311][0.31966,0.55486,0][-0.432107,-0.162595,-0.182441][0.968055,0.234589,0.0885311][0.31966,0.55486,0][-0.385463,-0.268652,-0.187149][0.854397,0.50022,0.140661][0.28866,0.61193,0][-0.39191,-0.257137,-0.261093][0.87178,0.479393,-0.100908][0.25379,0.58813,0][-0.385463,-0.268652,-0.187149][0.854397,0.50022,0.140661][0.28866,0.61193,0][-0.432107,-0.162595,-0.182441][0.968055,0.234589,0.0885311][0.31966,0.55486,0][-0.441488,-0.17892,-0.134834][0.764998,0.078139,0.639275][0.34332,0.57167,0][-0.441488,-0.17892,-0.134834][0.764998,0.078139,0.639275][0.34332,0.57167,0][-0.397277,-0.282064,-0.132616][0.590089,0.441312,0.676046][0.3144,0.62949,0][-0.385463,-0.268652,-0.187149][0.854397,0.50022,0.140661][0.28866,0.61193,0][-0.53341,-0.252217,-0.521095][0.183875,0.305507,-0.934267][0.11692,0.48552,0][-0.576174,-0.0940914,-0.464807][0.0711934,0.441988,-0.894191][0.18802,0.41539,0][-0.53536,-0.0976496,-0.435301][0.659385,0.411026,-0.629499][0.20419,0.4382,0][-0.53536,-0.0976496,-0.435301][0.659385,0.411026,-0.629499][0.20419,0.4382,0][-0.489655,-0.245831,-0.48496][0.650376,0.408905,-0.640162][0.14129,0.50558,0][-0.53341,-0.252217,-0.521095][0.183875,0.305507,-0.934267][0.11692,0.48552,0][-0.489655,-0.245831,-0.48496][0.650376,0.408905,-0.640162][0.14129,0.50558,0][-0.53536,-0.0976496,-0.435301][0.659385,0.411026,-0.629499][0.20419,0.4382,0][-0.495803,-0.108685,-0.382944][0.821484,0.358055,-0.443803][0.22812,0.4673,0][-0.495803,-0.108685,-0.382944][0.821484,0.358055,-0.443803][0.22812,0.4673,0][-0.448297,-0.244781,-0.422265][0.789633,0.438511,-0.429172][0.17451,0.53157,0][-0.489655,-0.245831,-0.48496][0.650376,0.408905,-0.640162][0.14129,0.50558,0][-0.326965,-0.379144,-0.10354][0.460928,0.728426,0.506893][0.29628,0.69352,0][-0.366599,-0.395052,-0.07105][0.0823551,0.581952,0.809042][0.3238,0.70234,0][-0.310179,-0.439362,-0.041109][0.132955,0.666433,0.733614][0.3094,0.76578,0][-0.310179,-0.439362,-0.041109][0.132955,0.666433,0.733614][0.3094,0.76578,0][-0.265329,-0.428459,-0.069541][0.418111,0.793284,0.442587][0.28039,0.76431,0][-0.326965,-0.379144,-0.10354][0.460928,0.728426,0.506893][0.29628,0.69352,0][-0.326965,-0.379144,-0.10354][0.460928,0.728426,0.506893][0.29628,0.69352,0][-0.397277,-0.282064,-0.132616][0.590089,0.441312,0.676046][0.3144,0.62949,0][-0.435934,-0.301524,-0.116123][0.0814378,0.256144,0.963202][0.33841,0.64141,0][-0.435934,-0.301524,-0.116123][0.0814378,0.256144,0.963202][0.33841,0.64141,0][-0.366599,-0.395052,-0.07105][0.0823551,0.581952,0.809042][0.3238,0.70234,0][-0.326965,-0.379144,-0.10354][0.460928,0.728426,0.506893][0.29628,0.69352,0][-0.397277,-0.282064,-0.132616][0.590089,0.441312,0.676046][0.3144,0.62949,0][-0.441488,-0.17892,-0.134834][0.764998,0.078139,0.639275][0.34332,0.57167,0][-0.477678,-0.190846,-0.119615][0.232553,-0.152111,0.960615][0.3637,0.58482,0][-0.477678,-0.190846,-0.119615][0.232553,-0.152111,0.960615][0.3637,0.58482,0][-0.435934,-0.301524,-0.116123][0.0814378,0.256144,0.963202][0.33841,0.64141,0][-0.397277,-0.282064,-0.132616][0.590089,0.441312,0.676046][0.3144,0.62949,0][-0.366599,-0.395052,-0.07105][0.0823551,0.581952,0.809042][0.92056,0.66574,0][-0.431812,-0.416306,-0.069513][-0.290004,0.340208,0.894515][0.91937,0.62879,0][-0.37756,-0.461513,-0.030477][-0.195819,0.453564,0.869445][0.97532,0.66391,0][-0.37756,-0.461513,-0.030477][-0.195819,0.453564,0.869445][0.97532,0.66391,0][-0.310179,-0.439362,-0.041109][0.132955,0.666433,0.733614][0.9762,0.7038,0][-0.366599,-0.395052,-0.07105][0.0823551,0.581952,0.809042][0.92056,0.66574,0][-0.431812,-0.416306,-0.069513][-0.290004,0.340208,0.894515][0.91937,0.62879,0][-0.509259,-0.438404,-0.100546][-0.569433,0.0832808,0.817808][0.91256,0.58306,0][-0.459625,-0.487122,-0.06133][-0.497511,0.170167,0.850603][0.96669,0.61606,0][-0.459625,-0.487122,-0.06133][-0.497511,0.170167,0.850603][0.96669,0.61606,0][-0.37756,-0.461513,-0.030477][-0.195819,0.453564,0.869445][0.97532,0.66391,0][-0.431812,-0.416306,-0.069513][-0.290004,0.340208,0.894515][0.91937,0.62879,0][-0.509259,-0.438404,-0.100546][-0.569433,0.0832808,0.817808][0.91256,0.58306,0][-0.576472,-0.454109,-0.162754][-0.785065,-0.152386,0.600376][0.90354,0.53646,0][-0.530385,-0.510114,-0.125626][-0.723267,-0.155883,0.672744][0.95839,0.56629,0][-0.530385,-0.510114,-0.125626][-0.723267,-0.155883,0.672744][0.95839,0.56629,0][-0.459625,-0.487122,-0.06133][-0.497511,0.170167,0.850603][0.96669,0.61606,0][-0.509259,-0.438404,-0.100546][-0.569433,0.0832808,0.817808][0.91256,0.58306,0][-0.576472,-0.454109,-0.162754][-0.785065,-0.152386,0.600376][0.90354,0.53646,0][-0.620764,-0.460245,-0.247481][-0.905456,-0.306962,0.293126][0.89542,0.4885,0][-0.576391,-0.526202,-0.214508][-0.843399,-0.399998,0.35872][0.95622,0.51228,0][-0.576391,-0.526202,-0.214508][-0.843399,-0.399998,0.35872][0.95622,0.51228,0][-0.530385,-0.510114,-0.125626][-0.723267,-0.155883,0.672744][0.95839,0.56629,0][-0.576472,-0.454109,-0.162754][-0.785065,-0.152386,0.600376][0.90354,0.53646,0][-0.620764,-0.460245,-0.247481][-0.905456,-0.306962,0.293126][0.89542,0.4885,0][-0.635471,-0.455883,-0.341897][-0.923614,-0.37951,-0.053942][0.88801,0.44,0][-0.590638,-0.532937,-0.314443][-0.857538,-0.51442,-0.00103973][0.95898,0.45491,0][-0.590638,-0.532937,-0.314443][-0.857538,-0.51442,-0.00103973][0.95898,0.45491,0][-0.576391,-0.526202,-0.214508][-0.843399,-0.399998,0.35872][0.95622,0.51228,0][-0.620764,-0.460245,-0.247481][-0.905456,-0.306962,0.293126][0.89542,0.4885,0][-0.635471,-0.455883,-0.341897][-0.923614,-0.37951,-0.053942][0.88801,0.44,0][-0.618213,-0.441631,-0.431536][-0.83215,-0.37317,-0.410208][0.87997,0.39285,0][-0.570958,-0.529294,-0.410219][-0.773106,-0.520287,-0.362779][0.96214,0.39674,0][-0.570958,-0.529294,-0.410219][-0.773106,-0.520287,-0.362779][0.96214,0.39674,0][-0.590638,-0.532937,-0.314443][-0.857538,-0.51442,-0.00103973][0.95898,0.45491,0][-0.635471,-0.455883,-0.341897][-0.923614,-0.37951,-0.053942][0.88801,0.44,0][-0.618213,-0.441631,-0.431536][-0.83215,-0.37317,-0.410208][0.87997,0.39285,0][-0.574186,-0.420579,-0.501976][-0.634618,-0.282438,-0.719366][0.8704,0.34824,0][-0.523023,-0.516614,-0.486322][-0.582579,-0.434916,-0.686622][0.9627,0.3408,0][-0.523023,-0.516614,-0.486322][-0.582579,-0.434916,-0.686622][0.9627,0.3408,0][-0.570958,-0.529294,-0.410219][-0.773106,-0.520287,-0.362779][0.96214,0.39674,0][-0.618213,-0.441631,-0.431536][-0.83215,-0.37317,-0.410208][0.87997,0.39285,0][-0.574186,-0.420579,-0.501976][-0.634618,-0.282438,-0.719366][0.8704,0.34824,0][-0.520679,-0.399686,-0.539056][-0.247847,-0.0990419,-0.963723][0.86326,0.31263,0][-0.46547,-0.500168,-0.527219][-0.179977,-0.220415,-0.958658][0.96182,0.29989,0][-0.46547,-0.500168,-0.527219][-0.179977,-0.220415,-0.958658][0.96182,0.29989,0][-0.523023,-0.516614,-0.486322][-0.582579,-0.434916,-0.686622][0.9627,0.3408,0][-0.574186,-0.420579,-0.501976][-0.634618,-0.282438,-0.719366][0.8704,0.34824,0][-0.47749,-0.113248,-0.079409][0.398121,-0.496314,0.771474][0.76017,0.65987,0][-0.527195,-0.1143,-0.073535][-0.0887152,-0.509313,0.855996][0.74154,0.63907,0][-0.526058,-0.197535,-0.118953][-0.123448,-0.25912,0.957924][0.77818,0.62089,0][-0.526058,-0.197535,-0.118953][-0.123448,-0.25912,0.957924][0.77818,0.62089,0][-0.477678,-0.190846,-0.119615][0.232553,-0.152111,0.960615][0.79067,0.64835,0][-0.47749,-0.113248,-0.079409][0.398121,-0.496314,0.771474][0.76017,0.65987,0][-0.469102,-0.0200071,-0.015136][0.357439,-0.560578,0.746987][0.71875,0.69665,0][-0.511397,-0.0173845,-0.00804699][-0.0779759,-0.603387,0.793627][0.69725,0.68178,0][-0.527195,-0.1143,-0.073535][-0.0887152,-0.509313,0.855996][0.74154,0.63907,0][-0.527195,-0.1143,-0.073535][-0.0887152,-0.509313,0.855996][0.74154,0.63907,0][-0.47749,-0.113248,-0.079409][0.398121,-0.496314,0.771474][0.76017,0.65987,0][-0.469102,-0.0200071,-0.015136][0.357439,-0.560578,0.746987][0.71875,0.69665,0][-0.486706,0.103922,0.091942][0.378362,-0.539803,0.751968][0.64947,0.74288,0][-0.523822,0.103805,0.094635][-0.119857,-0.660186,0.741478][0.63206,0.72875,0][-0.511397,-0.0173845,-0.00804699][-0.0779759,-0.603387,0.793627][0.69725,0.68178,0][-0.511397,-0.0173845,-0.00804699][-0.0779759,-0.603387,0.793627][0.69725,0.68178,0][-0.469102,-0.0200071,-0.015136][0.357439,-0.560578,0.746987][0.71875,0.69665,0][-0.486706,0.103922,0.091942][0.378362,-0.539803,0.751968][0.64947,0.74288,0][-0.55999,0.257551,0.227075][0.275136,-0.560539,0.781087][0.54879,0.80029,0][-0.586459,0.252867,0.224766][-0.132478,-0.715405,0.686036][0.53827,0.78651,0][-0.523822,0.103805,0.094635][-0.119857,-0.660186,0.741478][0.63206,0.72875,0][-0.523822,0.103805,0.094635][-0.119857,-0.660186,0.741478][0.63206,0.72875,0][-0.486706,0.103922,0.091942][0.378362,-0.539803,0.751968][0.64947,0.74288,0][-0.55999,0.257551,0.227075][0.275136,-0.560539,0.781087][0.54879,0.80029,0][-0.666536,0.392406,0.364835][0.253551,-0.551669,0.79459][0.44839,0.85907,0][-0.686359,0.385287,0.357085][-0.141864,-0.771359,0.620387][0.44258,0.84617,0][-0.586459,0.252867,0.224766][-0.132478,-0.715405,0.686036][0.53827,0.78651,0][-0.586459,0.252867,0.224766][-0.132478,-0.715405,0.686036][0.53827,0.78651,0][-0.55999,0.257551,0.227075][0.275136,-0.560539,0.781087][0.54879,0.80029,0][-0.666536,0.392406,0.364835][0.253551,-0.551669,0.79459][0.44839,0.85907,0][-0.789054,0.486989,0.463736][0.241036,-0.466735,0.850917][0.37182,0.90334,0][-0.802046,0.478415,0.454945][-0.118952,-0.798914,0.589565][0.36841,0.89216,0][-0.686359,0.385287,0.357085][-0.141864,-0.771359,0.620387][0.44258,0.84617,0][-0.686359,0.385287,0.357085][-0.141864,-0.771359,0.620387][0.44258,0.84617,0][-0.666536,0.392406,0.364835][0.253551,-0.551669,0.79459][0.44839,0.85907,0][-0.789054,0.486989,0.463736][0.241036,-0.466735,0.850917][0.37182,0.90334,0][-0.917413,0.545683,0.524072][0.183001,-0.289328,0.939574][0.29561,0.93748,0][-0.92414,0.537474,0.516054][-0.163313,-0.794551,0.584823][0.29466,0.92905,0][-0.802046,0.478415,0.454945][-0.118952,-0.798914,0.589565][0.36841,0.89216,0][-0.802046,0.478415,0.454945][-0.118952,-0.798914,0.589565][0.36841,0.89216,0][-0.789054,0.486989,0.463736][0.241036,-0.466735,0.850917][0.37182,0.90334,0][-0.917413,0.545683,0.524072][0.183001,-0.289328,0.939574][0.29561,0.93748,0][-1.01166,0.5743,0.537037][-0.242056,-0.782442,0.573753][0.256,0.94801,0][-1.01148,0.577621,0.526987][-0.313321,-0.932493,-0.179687][0.25604,0.94167,0][-0.92414,0.537474,0.516054][-0.163313,-0.794551,0.584823][0.29466,0.92905,0][-0.92414,0.537474,0.516054][-0.163313,-0.794551,0.584823][0.29466,0.92905,0][-0.917413,0.545683,0.524072][0.183001,-0.289328,0.939574][0.29561,0.93748,0][-1.01166,0.5743,0.537037][-0.242056,-0.782442,0.573753][0.256,0.94801,0][-1.10213,0.592854,0.5239][-0.260887,-0.146266,0.954224][0.21331,0.9532,0][-1.10327,0.58703,0.521488][-0.252364,-0.665855,0.702104][0.2138,0.94951,0][-1.01148,0.577621,0.526987][-0.313321,-0.932493,-0.179687][0.25604,0.94167,0][-1.01148,0.577621,0.526987][-0.313321,-0.932493,-0.179687][0.25604,0.94167,0][-1.01166,0.5743,0.537037][-0.242056,-0.782442,0.573753][0.256,0.94801,0][-1.10213,0.592854,0.5239][-0.260887,-0.146266,0.954224][0.21331,0.9532,0][-1.19474,0.608017,0.483147][-0.528639,-0.124205,0.83971][0.15085,0.96093,0][-1.19498,0.605303,0.481868][-0.526462,-0.566929,0.633584][0.15043,0.95903,0][-1.10327,0.58703,0.521488][-0.252364,-0.665855,0.702104][0.2138,0.94951,0][-1.10327,0.58703,0.521488][-0.252364,-0.665855,0.702104][0.2138,0.94951,0][-1.10213,0.592854,0.5239][-0.260887,-0.146266,0.954224][0.21331,0.9532,0][-1.19474,0.608017,0.483147][-0.528639,-0.124205,0.83971][0.15085,0.96093,0][-0.527195,-0.1143,-0.073535][-0.0887152,-0.509313,0.855996][0.74154,0.63907,0][-0.587579,-0.105083,-0.088059][-0.460072,-0.424282,0.779948][0.71951,0.61319,0][-0.587737,-0.199232,-0.13637][-0.49313,-0.296782,0.817767][0.7616,0.58855,0][-0.587737,-0.199232,-0.13637][-0.49313,-0.296782,0.817767][0.7616,0.58855,0][-0.526058,-0.197535,-0.118953][-0.123448,-0.25912,0.957924][0.77818,0.62089,0][-0.527195,-0.1143,-0.073535][-0.0887152,-0.509313,0.855996][0.74154,0.63907,0][-0.511397,-0.0173845,-0.00804699][-0.0779759,-0.603387,0.793627][0.69725,0.68178,0][-0.564045,-0.00343132,-0.015734][-0.435122,-0.529259,0.728391][0.67079,0.66205,0][-0.587579,-0.105083,-0.088059][-0.460072,-0.424282,0.779948][0.71951,0.61319,0][-0.587579,-0.105083,-0.088059][-0.460072,-0.424282,0.779948][0.71951,0.61319,0][-0.527195,-0.1143,-0.073535][-0.0887152,-0.509313,0.855996][0.74154,0.63907,0][-0.511397,-0.0173845,-0.00804699][-0.0779759,-0.603387,0.793627][0.69725,0.68178,0][-0.523822,0.103805,0.094635][-0.119857,-0.660186,0.741478][0.63206,0.72875,0][-0.568627,0.115924,0.084944][-0.482153,-0.624082,0.614858][0.60921,0.71073,0][-0.564045,-0.00343132,-0.015734][-0.435122,-0.529259,0.728391][0.67079,0.66205,0][-0.564045,-0.00343132,-0.015734][-0.435122,-0.529259,0.728391][0.67079,0.66205,0][-0.511397,-0.0173845,-0.00804699][-0.0779759,-0.603387,0.793627][0.69725,0.68178,0][-0.523822,0.103805,0.094635][-0.119857,-0.660186,0.741478][0.63206,0.72875,0][-0.586459,0.252867,0.224766][-0.132478,-0.715405,0.686036][0.53827,0.78651,0][-0.620152,0.257449,0.211549][-0.478261,-0.725394,0.495045][0.52324,0.76956,0][-0.568627,0.115924,0.084944][-0.482153,-0.624082,0.614858][0.60921,0.71073,0][-0.568627,0.115924,0.084944][-0.482153,-0.624082,0.614858][0.60921,0.71073,0][-0.523822,0.103805,0.094635][-0.119857,-0.660186,0.741478][0.63206,0.72875,0][-0.586459,0.252867,0.224766][-0.132478,-0.715405,0.686036][0.53827,0.78651,0][-0.686359,0.385287,0.357085][-0.141864,-0.771359,0.620387][0.44258,0.84617,0][-0.711463,0.383641,0.340711][-0.412491,-0.814393,0.408185][0.4333,0.83081,0][-0.620152,0.257449,0.211549][-0.478261,-0.725394,0.495045][0.52324,0.76956,0][-0.620152,0.257449,0.211549][-0.478261,-0.725394,0.495045][0.52324,0.76956,0][-0.586459,0.252867,0.224766][-0.132478,-0.715405,0.686036][0.53827,0.78651,0][-0.686359,0.385287,0.357085][-0.141864,-0.771359,0.620387][0.44258,0.84617,0][-0.802046,0.478415,0.454945][-0.118952,-0.798914,0.589565][0.36841,0.89216,0][-0.818687,0.474683,0.437808][-0.362885,-0.878726,0.31009][0.36257,0.87855,0][-0.711463,0.383641,0.340711][-0.412491,-0.814393,0.408185][0.4333,0.83081,0][-0.711463,0.383641,0.340711][-0.412491,-0.814393,0.408185][0.4333,0.83081,0][-0.686359,0.385287,0.357085][-0.141864,-0.771359,0.620387][0.44258,0.84617,0][-0.802046,0.478415,0.454945][-0.118952,-0.798914,0.589565][0.36841,0.89216,0][-0.92414,0.537474,0.516054][-0.163313,-0.794551,0.584823][0.29466,0.92905,0][-0.933158,0.533268,0.500729][-0.37051,-0.891577,0.26041][0.29206,0.91894,0][-0.818687,0.474683,0.437808][-0.362885,-0.878726,0.31009][0.36257,0.87855,0][-0.818687,0.474683,0.437808][-0.362885,-0.878726,0.31009][0.36257,0.87855,0][-0.802046,0.478415,0.454945][-0.118952,-0.798914,0.589565][0.36841,0.89216,0][-0.92414,0.537474,0.516054][-0.163313,-0.794551,0.584823][0.29466,0.92905,0][-1.01148,0.577621,0.526987][-0.313321,-0.932493,-0.179687][0.25604,0.94167,0][-1.01384,0.579349,0.518365][-0.282814,-0.959017,0.0174162][0.25491,0.934,0][-0.933158,0.533268,0.500729][-0.37051,-0.891577,0.26041][0.29206,0.91894,0][-0.933158,0.533268,0.500729][-0.37051,-0.891577,0.26041][0.29206,0.91894,0][-0.92414,0.537474,0.516054][-0.163313,-0.794551,0.584823][0.29466,0.92905,0][-1.01148,0.577621,0.526987][-0.313321,-0.932493,-0.179687][0.25604,0.94167,0][-1.10327,0.58703,0.521488][-0.252364,-0.665855,0.702104][0.2138,0.94951,0][-1.10397,0.583977,0.513426][-0.175785,-0.965439,0.192423][0.21404,0.94479,0][-1.01384,0.579349,0.518365][-0.282814,-0.959017,0.0174162][0.25491,0.934,0][-1.01384,0.579349,0.518365][-0.282814,-0.959017,0.0174162][0.25491,0.934,0][-1.01148,0.577621,0.526987][-0.313321,-0.932493,-0.179687][0.25604,0.94167,0][-1.10327,0.58703,0.521488][-0.252364,-0.665855,0.702104][0.2138,0.94951,0][-1.19498,0.605303,0.481868][-0.526462,-0.566929,0.633584][0.15043,0.95903,0][-1.19465,0.603318,0.478734][-0.402694,-0.892451,0.203394][0.15062,0.95697,0][-1.10397,0.583977,0.513426][-0.175785,-0.965439,0.192423][0.21404,0.94479,0][-1.10397,0.583977,0.513426][-0.175785,-0.965439,0.192423][0.21404,0.94479,0][-1.10327,0.58703,0.521488][-0.252364,-0.665855,0.702104][0.2138,0.94951,0][-1.19498,0.605303,0.481868][-0.526462,-0.566929,0.633584][0.15043,0.95903,0][-0.587579,-0.105083,-0.088059][-0.460072,-0.424282,0.779948][0.71951,0.61319,0][-0.64162,-0.0851755,-0.123869][-0.747099,-0.290758,0.597748][0.69724,0.58567,0][-0.640399,-0.192183,-0.180805][-0.772865,-0.267749,0.575318][0.74677,0.55479,0][-0.640399,-0.192183,-0.180805][-0.772865,-0.267749,0.575318][0.74677,0.55479,0][-0.587737,-0.199232,-0.13637][-0.49313,-0.296782,0.817767][0.7616,0.58855,0][-0.587579,-0.105083,-0.088059][-0.460072,-0.424282,0.779948][0.71951,0.61319,0][-0.564045,-0.00343132,-0.015734][-0.435122,-0.529259,0.728391][0.67079,0.66205,0][-0.612048,0.0230703,-0.040961][-0.737267,-0.360828,0.571175][0.64328,0.64054,0][-0.64162,-0.0851755,-0.123869][-0.747099,-0.290758,0.597748][0.69724,0.58567,0][-0.64162,-0.0851755,-0.123869][-0.747099,-0.290758,0.597748][0.69724,0.58567,0][-0.587579,-0.105083,-0.088059][-0.460072,-0.424282,0.779948][0.71951,0.61319,0][-0.564045,-0.00343132,-0.015734][-0.435122,-0.529259,0.728391][0.67079,0.66205,0][-0.568627,0.115924,0.084944][-0.482153,-0.624082,0.614858][0.60921,0.71073,0][-0.60821,0.140471,0.062122][-0.766447,-0.487481,0.418236][0.5851,0.6911,0][-0.612048,0.0230703,-0.040961][-0.737267,-0.360828,0.571175][0.64328,0.64054,0][-0.612048,0.0230703,-0.040961][-0.737267,-0.360828,0.571175][0.64328,0.64054,0][-0.564045,-0.00343132,-0.015734][-0.435122,-0.529259,0.728391][0.67079,0.66205,0][-0.568627,0.115924,0.084944][-0.482153,-0.624082,0.614858][0.60921,0.71073,0][-0.620152,0.257449,0.211549][-0.478261,-0.725394,0.495045][0.52324,0.76956,0][-0.650427,0.272836,0.18946][-0.734004,-0.628731,0.256779][0.50644,0.75194,0][-0.60821,0.140471,0.062122][-0.766447,-0.487481,0.418236][0.5851,0.6911,0][-0.60821,0.140471,0.062122][-0.766447,-0.487481,0.418236][0.5851,0.6911,0][-0.568627,0.115924,0.084944][-0.482153,-0.624082,0.614858][0.60921,0.71073,0][-0.620152,0.257449,0.211549][-0.478261,-0.725394,0.495045][0.52324,0.76956,0][-0.711463,0.383641,0.340711][-0.412491,-0.814393,0.408185][0.4333,0.83081,0][-0.734765,0.39157,0.318061][-0.646029,-0.749515,0.144475][0.42207,0.81547,0][-0.650427,0.272836,0.18946][-0.734004,-0.628731,0.256779][0.50644,0.75194,0][-0.650427,0.272836,0.18946][-0.734004,-0.628731,0.256779][0.50644,0.75194,0][-0.620152,0.257449,0.211549][-0.478261,-0.725394,0.495045][0.52324,0.76956,0][-0.711463,0.383641,0.340711][-0.412491,-0.814393,0.408185][0.4333,0.83081,0][-0.818687,0.474683,0.437808][-0.362885,-0.878726,0.31009][0.36257,0.87855,0][-0.833889,0.47922,0.416711][-0.556649,-0.830648,0.0128443][0.3547,0.86513,0][-0.734765,0.39157,0.318061][-0.646029,-0.749515,0.144475][0.42207,0.81547,0][-0.734765,0.39157,0.318061][-0.646029,-0.749515,0.144475][0.42207,0.81547,0][-0.711463,0.383641,0.340711][-0.412491,-0.814393,0.408185][0.4333,0.83081,0][-0.818687,0.474683,0.437808][-0.362885,-0.878726,0.31009][0.36257,0.87855,0][-0.933158,0.533268,0.500729][-0.37051,-0.891577,0.26041][0.29206,0.91894,0][-0.941417,0.53557,0.482938][-0.502767,-0.863007,-0.0494311][0.28787,0.90906,0][-0.833889,0.47922,0.416711][-0.556649,-0.830648,0.0128443][0.3547,0.86513,0][-0.833889,0.47922,0.416711][-0.556649,-0.830648,0.0128443][0.3547,0.86513,0][-0.818687,0.474683,0.437808][-0.362885,-0.878726,0.31009][0.36257,0.87855,0][-0.933158,0.533268,0.500729][-0.37051,-0.891577,0.26041][0.29206,0.91894,0][-1.01384,0.579349,0.518365][-0.282814,-0.959017,0.0174162][0.25491,0.934,0][-1.01727,0.579002,0.510457][-0.268689,-0.962853,-0.026826][0.25267,0.92641,0][-0.941417,0.53557,0.482938][-0.502767,-0.863007,-0.0494311][0.28787,0.90906,0][-0.941417,0.53557,0.482938][-0.502767,-0.863007,-0.0494311][0.28787,0.90906,0][-0.933158,0.533268,0.500729][-0.37051,-0.891577,0.26041][0.29206,0.91894,0][-1.01384,0.579349,0.518365][-0.282814,-0.959017,0.0174162][0.25491,0.934,0][-1.10397,0.583977,0.513426][-0.175785,-0.965439,0.192423][0.21404,0.94479,0][-1.10431,0.584217,0.503951][-0.101039,-0.977575,-0.184768][0.21358,0.9398,0][-1.01727,0.579002,0.510457][-0.268689,-0.962853,-0.026826][0.25267,0.92641,0][-1.01727,0.579002,0.510457][-0.268689,-0.962853,-0.026826][0.25267,0.92641,0][-1.01384,0.579349,0.518365][-0.282814,-0.959017,0.0174162][0.25491,0.934,0][-1.10397,0.583977,0.513426][-0.175785,-0.965439,0.192423][0.21404,0.94479,0][-1.19465,0.603318,0.478734][-0.402694,-0.892451,0.203394][0.15062,0.95697,0][-1.19369,0.60329,0.474309][-0.232945,-0.946105,-0.224992][0.15112,0.95498,0][-1.10431,0.584217,0.503951][-0.101039,-0.977575,-0.184768][0.21358,0.9398,0][-1.10431,0.584217,0.503951][-0.101039,-0.977575,-0.184768][0.21358,0.9398,0][-1.10397,0.583977,0.513426][-0.175785,-0.965439,0.192423][0.21404,0.94479,0][-1.19465,0.603318,0.478734][-0.402694,-0.892451,0.203394][0.15062,0.95697,0][-0.64162,-0.0851755,-0.123869][-0.747099,-0.290758,0.597748][0.69724,0.58567,0][-0.678981,-0.0573177,-0.176141][-0.930117,-0.114993,0.348795][0.67692,0.55555,0][-0.675842,-0.178227,-0.240823][-0.937499,-0.192195,0.290098][0.73404,0.51922,0][-0.675842,-0.178227,-0.240823][-0.937499,-0.192195,0.290098][0.73404,0.51922,0][-0.640399,-0.192183,-0.180805][-0.772865,-0.267749,0.575318][0.74677,0.55479,0][-0.64162,-0.0851755,-0.123869][-0.747099,-0.290758,0.597748][0.69724,0.58567,0][-0.612048,0.0230703,-0.040961][-0.737267,-0.360828,0.571175][0.64328,0.64054,0][-0.644579,0.0590973,-0.081428][-0.92725,-0.134488,0.349457][0.61632,0.61603,0][-0.678981,-0.0573177,-0.176141][-0.930117,-0.114993,0.348795][0.67692,0.55555,0][-0.678981,-0.0573177,-0.176141][-0.930117,-0.114993,0.348795][0.67692,0.55555,0][-0.64162,-0.0851755,-0.123869][-0.747099,-0.290758,0.597748][0.69724,0.58567,0][-0.612048,0.0230703,-0.040961][-0.737267,-0.360828,0.571175][0.64328,0.64054,0][-0.60821,0.140471,0.062122][-0.766447,-0.487481,0.418236][0.5851,0.6911,0][-0.634447,0.174273,0.02906][-0.9419,-0.279138,0.186835][0.56079,0.66945,0][-0.644579,0.0590973,-0.081428][-0.92725,-0.134488,0.349457][0.61632,0.61603,0][-0.644579,0.0590973,-0.081428][-0.92725,-0.134488,0.349457][0.61632,0.61603,0][-0.612048,0.0230703,-0.040961][-0.737267,-0.360828,0.571175][0.64328,0.64054,0][-0.60821,0.140471,0.062122][-0.766447,-0.487481,0.418236][0.5851,0.6911,0][-0.650427,0.272836,0.18946][-0.734004,-0.628731,0.256779][0.50644,0.75194,0][-0.671163,0.298004,0.161175][-0.894996,-0.446061,0.00360339][0.48877,0.73353,0][-0.634447,0.174273,0.02906][-0.9419,-0.279138,0.186835][0.56079,0.66945,0][-0.634447,0.174273,0.02906][-0.9419,-0.279138,0.186835][0.56079,0.66945,0][-0.60821,0.140471,0.062122][-0.766447,-0.487481,0.418236][0.5851,0.6911,0][-0.650427,0.272836,0.18946][-0.734004,-0.628731,0.256779][0.50644,0.75194,0][-0.734765,0.39157,0.318061][-0.646029,-0.749515,0.144475][0.42207,0.81547,0][-0.751283,0.409529,0.292015][-0.80832,-0.572775,-0.13619][0.40945,0.80024,0][-0.671163,0.298004,0.161175][-0.894996,-0.446061,0.00360339][0.48877,0.73353,0][-0.671163,0.298004,0.161175][-0.894996,-0.446061,0.00360339][0.48877,0.73353,0][-0.650427,0.272836,0.18946][-0.734004,-0.628731,0.256779][0.50644,0.75194,0][-0.734765,0.39157,0.318061][-0.646029,-0.749515,0.144475][0.42207,0.81547,0][-0.833889,0.47922,0.416711][-0.556649,-0.830648,0.0128443][0.3547,0.86513,0][-0.844697,0.492274,0.394707][-0.68516,-0.676914,-0.268968][0.34494,0.85228,0][-0.751283,0.409529,0.292015][-0.80832,-0.572775,-0.13619][0.40945,0.80024,0][-0.751283,0.409529,0.292015][-0.80832,-0.572775,-0.13619][0.40945,0.80024,0][-0.734765,0.39157,0.318061][-0.646029,-0.749515,0.144475][0.42207,0.81547,0][-0.833889,0.47922,0.416711][-0.556649,-0.830648,0.0128443][0.3547,0.86513,0][-0.941417,0.53557,0.482938][-0.502767,-0.863007,-0.0494311][0.28787,0.90906,0][-0.947577,0.544381,0.465468][-0.586849,-0.730011,-0.350275][0.28213,0.89955,0][-0.844697,0.492274,0.394707][-0.68516,-0.676914,-0.268968][0.34494,0.85228,0][-0.844697,0.492274,0.394707][-0.68516,-0.676914,-0.268968][0.34494,0.85228,0][-0.833889,0.47922,0.416711][-0.556649,-0.830648,0.0128443][0.3547,0.86513,0][-0.941417,0.53557,0.482938][-0.502767,-0.863007,-0.0494311][0.28787,0.90906,0][-1.01727,0.579002,0.510457][-0.268689,-0.962853,-0.026826][0.25267,0.92641,0][-1.01981,0.582064,0.501431][-0.289179,-0.88417,-0.366903][0.2496,0.91893,0][-0.947577,0.544381,0.465468][-0.586849,-0.730011,-0.350275][0.28213,0.89955,0][-0.947577,0.544381,0.465468][-0.586849,-0.730011,-0.350275][0.28213,0.89955,0][-0.941417,0.53557,0.482938][-0.502767,-0.863007,-0.0494311][0.28787,0.90906,0][-1.01727,0.579002,0.510457][-0.268689,-0.962853,-0.026826][0.25267,0.92641,0][-1.10431,0.584217,0.503951][-0.101039,-0.977575,-0.184768][0.21358,0.9398,0][-1.10419,0.587909,0.494794][-0.0262252,-0.857707,-0.51347][0.21251,0.9346,0][-1.01981,0.582064,0.501431][-0.289179,-0.88417,-0.366903][0.2496,0.91893,0][-1.01981,0.582064,0.501431][-0.289179,-0.88417,-0.366903][0.2496,0.91893,0][-1.01727,0.579002,0.510457][-0.268689,-0.962853,-0.026826][0.25267,0.92641,0][-1.10431,0.584217,0.503951][-0.101039,-0.977575,-0.184768][0.21358,0.9398,0][-1.19369,0.60329,0.474309][-0.232945,-0.946105,-0.224992][0.15112,0.95498,0][-1.19243,0.604917,0.470092][-0.0947351,-0.83655,-0.539638][0.15078,0.95329,0][-1.10419,0.587909,0.494794][-0.0262252,-0.857707,-0.51347][0.21251,0.9346,0][-1.10419,0.587909,0.494794][-0.0262252,-0.857707,-0.51347][0.21251,0.9346,0][-1.10431,0.584217,0.503951][-0.101039,-0.977575,-0.184768][0.21358,0.9398,0][-1.19369,0.60329,0.474309][-0.232945,-0.946105,-0.224992][0.15112,0.95498,0][-0.678981,-0.0573177,-0.176141][-0.930117,-0.114993,0.348795][0.67692,0.55555,0][-0.693609,-0.0258484,-0.23691][-0.995045,0.0753201,0.0649037][0.65988,0.52302,0][-0.688803,-0.159296,-0.307695][-0.996399,-0.0838133,-0.0127988][0.72338,0.48244,0][-0.688803,-0.159296,-0.307695][-0.996399,-0.0838133,-0.0127988][0.72338,0.48244,0][-0.675842,-0.178227,-0.240823][-0.937499,-0.192195,0.290098][0.73404,0.51922,0][-0.678981,-0.0573177,-0.176141][-0.930117,-0.114993,0.348795][0.67692,0.55555,0][-0.644579,0.0590973,-0.081428][-0.92725,-0.134488,0.349457][0.61632,0.61603,0][-0.656954,0.097929,-0.129856][-0.988857,0.111352,0.0988028][0.59266,0.58799,0][-0.693609,-0.0258484,-0.23691][-0.995045,0.0753201,0.0649037][0.65988,0.52302,0][-0.693609,-0.0258484,-0.23691][-0.995045,0.0753201,0.0649037][0.65988,0.52302,0][-0.678981,-0.0573177,-0.176141][-0.930117,-0.114993,0.348795][0.67692,0.55555,0][-0.644579,0.0590973,-0.081428][-0.92725,-0.134488,0.349457][0.61632,0.61603,0][-0.634447,0.174273,0.02906][-0.9419,-0.279138,0.186835][0.56079,0.66945,0][-0.64294,0.211699,-0.008711][-0.998459,-0.0258245,-0.049114][0.53806,0.64581,0][-0.656954,0.097929,-0.129856][-0.988857,0.111352,0.0988028][0.59266,0.58799,0][-0.656954,0.097929,-0.129856][-0.988857,0.111352,0.0988028][0.59266,0.58799,0][-0.644579,0.0590973,-0.081428][-0.92725,-0.134488,0.349457][0.61632,0.61603,0][-0.634447,0.174273,0.02906][-0.9419,-0.279138,0.186835][0.56079,0.66945,0][-0.671163,0.298004,0.161175][-0.894996,-0.446061,0.00360339][0.48877,0.73353,0][-0.6783,0.329027,0.131435][-0.952582,-0.187693,-0.239496][0.47124,0.71476,0][-0.64294,0.211699,-0.008711][-0.998459,-0.0258245,-0.049114][0.53806,0.64581,0][-0.64294,0.211699,-0.008711][-0.998459,-0.0258245,-0.049114][0.53806,0.64581,0][-0.634447,0.174273,0.02906][-0.9419,-0.279138,0.186835][0.56079,0.66945,0][-0.671163,0.298004,0.161175][-0.894996,-0.446061,0.00360339][0.48877,0.73353,0][-0.751283,0.409529,0.292015][-0.80832,-0.572775,-0.13619][0.40945,0.80024,0][-0.756796,0.435102,0.267276][-0.867345,-0.32333,-0.378378][0.39626,0.7856,0][-0.6783,0.329027,0.131435][-0.952582,-0.187693,-0.239496][0.47124,0.71476,0][-0.6783,0.329027,0.131435][-0.952582,-0.187693,-0.239496][0.47124,0.71476,0][-0.671163,0.298004,0.161175][-0.894996,-0.446061,0.00360339][0.48877,0.73353,0][-0.751283,0.409529,0.292015][-0.80832,-0.572775,-0.13619][0.40945,0.80024,0][-0.844697,0.492274,0.394707][-0.68516,-0.676914,-0.268968][0.34494,0.85228,0][-0.84951,0.511763,0.375199][-0.742484,-0.440326,-0.504808][0.33387,0.84046,0][-0.756796,0.435102,0.267276][-0.867345,-0.32333,-0.378378][0.39626,0.7856,0][-0.756796,0.435102,0.267276][-0.867345,-0.32333,-0.378378][0.39626,0.7856,0][-0.751283,0.409529,0.292015][-0.80832,-0.572775,-0.13619][0.40945,0.80024,0][-0.844697,0.492274,0.394707][-0.68516,-0.676914,-0.268968][0.34494,0.85228,0][-0.947577,0.544381,0.465468][-0.586849,-0.730011,-0.350275][0.28213,0.89955,0][-0.950508,0.558719,0.450976][-0.627165,-0.489185,-0.606103][0.27492,0.89076,0][-0.84951,0.511763,0.375199][-0.742484,-0.440326,-0.504808][0.33387,0.84046,0][-0.84951,0.511763,0.375199][-0.742484,-0.440326,-0.504808][0.33387,0.84046,0][-0.844697,0.492274,0.394707][-0.68516,-0.676914,-0.268968][0.34494,0.85228,0][-0.947577,0.544381,0.465468][-0.586849,-0.730011,-0.350275][0.28213,0.89955,0][-1.01981,0.582064,0.501431][-0.289179,-0.88417,-0.366903][0.2496,0.91893,0][-1.02124,0.587892,0.492826][-0.292863,-0.701403,-0.649819][0.24566,0.91166,0][-0.950508,0.558719,0.450976][-0.627165,-0.489185,-0.606103][0.27492,0.89076,0][-0.950508,0.558719,0.450976][-0.627165,-0.489185,-0.606103][0.27492,0.89076,0][-0.947577,0.544381,0.465468][-0.586849,-0.730011,-0.350275][0.28213,0.89955,0][-1.01981,0.582064,0.501431][-0.289179,-0.88417,-0.366903][0.2496,0.91893,0][-1.10419,0.587909,0.494794][-0.0262252,-0.857707,-0.51347][0.21251,0.9346,0][-1.10366,0.594487,0.487361][0.0383426,-0.634516,-0.771958][0.21087,0.92983,0][-1.02124,0.587892,0.492826][-0.292863,-0.701403,-0.649819][0.24566,0.91166,0][-1.02124,0.587892,0.492826][-0.292863,-0.701403,-0.649819][0.24566,0.91166,0][-1.01981,0.582064,0.501431][-0.289179,-0.88417,-0.366903][0.2496,0.91893,0][-1.10419,0.587909,0.494794][-0.0262252,-0.857707,-0.51347][0.21251,0.9346,0][-1.19243,0.604917,0.470092][-0.0947351,-0.83655,-0.539638][0.15078,0.95329,0][-1.19114,0.607946,0.466719][0.0276822,-0.575112,-0.817606][0.14901,0.952,0][-1.10366,0.594487,0.487361][0.0383426,-0.634516,-0.771958][0.21087,0.92983,0][-1.10366,0.594487,0.487361][0.0383426,-0.634516,-0.771958][0.21087,0.92983,0][-1.10419,0.587909,0.494794][-0.0262252,-0.857707,-0.51347][0.21251,0.9346,0][-1.19243,0.604917,0.470092][-0.0947351,-0.83655,-0.539638][0.15078,0.95329,0][-0.693609,-0.0258484,-0.23691][-0.995045,0.0753201,0.0649037][0.65988,0.52302,0][-0.684005,0.00445175,-0.296731][-0.932918,0.272648,-0.235216][0.64629,0.48898,0][-0.679244,-0.138363,-0.371614][-0.948332,0.0496568,-0.313371][0.71419,0.44557,0][-0.679244,-0.138363,-0.371614][-0.948332,0.0496568,-0.313371][0.71419,0.44557,0][-0.688803,-0.159296,-0.307695][-0.996399,-0.0838133,-0.0127988][0.72338,0.48244,0][-0.693609,-0.0258484,-0.23691][-0.995045,0.0753201,0.0649037][0.65988,0.52302,0][-0.656954,0.097929,-0.129856][-0.988857,0.111352,0.0988028][0.59266,0.58799,0][-0.647346,0.133609,-0.178783][-0.918918,0.358813,-0.163839][0.57382,0.55707,0][-0.684005,0.00445175,-0.296731][-0.932918,0.272648,-0.235216][0.64629,0.48898,0][-0.684005,0.00445175,-0.296731][-0.932918,0.272648,-0.235216][0.64629,0.48898,0][-0.693609,-0.0258484,-0.23691][-0.995045,0.0753201,0.0649037][0.65988,0.52302,0][-0.656954,0.097929,-0.129856][-0.988857,0.111352,0.0988028][0.59266,0.58799,0][-0.64294,0.211699,-0.008711][-0.998459,-0.0258245,-0.049114][0.53806,0.64581,0][-0.633367,0.246576,-0.045096][-0.928243,0.253965,-0.271786][0.51834,0.62089,0][-0.647346,0.133609,-0.178783][-0.918918,0.358813,-0.163839][0.57382,0.55707,0][-0.647346,0.133609,-0.178783][-0.918918,0.358813,-0.163839][0.57382,0.55707,0][-0.656954,0.097929,-0.129856][-0.988857,0.111352,0.0988028][0.59266,0.58799,0][-0.64294,0.211699,-0.008711][-0.998459,-0.0258245,-0.049114][0.53806,0.64581,0][-0.6783,0.329027,0.131435][-0.952582,-0.187693,-0.239496][0.47124,0.71476,0][-0.670031,0.360289,0.105774][-0.894584,0.097714,-0.436085][0.45462,0.69643,0][-0.633367,0.246576,-0.045096][-0.928243,0.253965,-0.271786][0.51834,0.62089,0][-0.633367,0.246576,-0.045096][-0.928243,0.253965,-0.271786][0.51834,0.62089,0][-0.64294,0.211699,-0.008711][-0.998459,-0.0258245,-0.049114][0.53806,0.64581,0][-0.6783,0.329027,0.131435][-0.952582,-0.187693,-0.239496][0.47124,0.71476,0][-0.756796,0.435102,0.267276][-0.867345,-0.32333,-0.378378][0.39626,0.7856,0][-0.752434,0.463218,0.247735][-0.828031,-0.0351839,-0.559578][0.383,0.77205,0][-0.670031,0.360289,0.105774][-0.894584,0.097714,-0.436085][0.45462,0.69643,0][-0.670031,0.360289,0.105774][-0.894584,0.097714,-0.436085][0.45462,0.69643,0][-0.6783,0.329027,0.131435][-0.952582,-0.187693,-0.239496][0.47124,0.71476,0][-0.756796,0.435102,0.267276][-0.867345,-0.32333,-0.378378][0.39626,0.7856,0][-0.84951,0.511763,0.375199][-0.742484,-0.440326,-0.504808][0.33387,0.84046,0][-0.847532,0.534893,0.361186][-0.7176,-0.0648292,-0.693431][0.32239,0.82993,0][-0.752434,0.463218,0.247735][-0.828031,-0.0351839,-0.559578][0.383,0.77205,0][-0.752434,0.463218,0.247735][-0.828031,-0.0351839,-0.559578][0.383,0.77205,0][-0.756796,0.435102,0.267276][-0.867345,-0.32333,-0.378378][0.39626,0.7856,0][-0.84951,0.511763,0.375199][-0.742484,-0.440326,-0.504808][0.33387,0.84046,0][-0.950508,0.558719,0.450976][-0.627165,-0.489185,-0.606103][0.27492,0.89076,0][-0.949585,0.576361,0.441917][-0.603633,-0.110272,-0.789599][0.2663,0.88324,0][-0.847532,0.534893,0.361186][-0.7176,-0.0648292,-0.693431][0.32239,0.82993,0][-0.847532,0.534893,0.361186][-0.7176,-0.0648292,-0.693431][0.32239,0.82993,0][-0.84951,0.511763,0.375199][-0.742484,-0.440326,-0.504808][0.33387,0.84046,0][-0.950508,0.558719,0.450976][-0.627165,-0.489185,-0.606103][0.27492,0.89076,0][-1.02124,0.587892,0.492826][-0.292863,-0.701403,-0.649819][0.24566,0.91166,0][-1.02104,0.595532,0.487323][-0.273731,-0.555506,-0.785165][0.24027,0.90513,0][-0.949585,0.576361,0.441917][-0.603633,-0.110272,-0.789599][0.2663,0.88324,0][-0.949585,0.576361,0.441917][-0.603633,-0.110272,-0.789599][0.2663,0.88324,0][-0.950508,0.558719,0.450976][-0.627165,-0.489185,-0.606103][0.27492,0.89076,0][-1.02124,0.587892,0.492826][-0.292863,-0.701403,-0.649819][0.24566,0.91166,0][-1.10366,0.594487,0.487361][0.0383426,-0.634516,-0.771958][0.21087,0.92983,0][-1.10297,0.602959,0.482705][0.0959325,-0.121042,-0.988001][0.20855,0.92603,0][-1.02104,0.595532,0.487323][-0.273731,-0.555506,-0.785165][0.24027,0.90513,0][-1.02104,0.595532,0.487323][-0.273731,-0.555506,-0.785165][0.24027,0.90513,0][-1.02124,0.587892,0.492826][-0.292863,-0.701403,-0.649819][0.24566,0.91166,0][-1.10366,0.594487,0.487361][0.0383426,-0.634516,-0.771958][0.21087,0.92983,0][-1.19114,0.607946,0.466719][0.0276822,-0.575112,-0.817606][0.14901,0.952,0][-1.18978,0.611677,0.465329][0.135521,-0.0324128,-0.990244][0.14624,0.95106,0][-1.10297,0.602959,0.482705][0.0959325,-0.121042,-0.988001][0.20855,0.92603,0][-1.10297,0.602959,0.482705][0.0959325,-0.121042,-0.988001][0.20855,0.92603,0][-1.10366,0.594487,0.487361][0.0383426,-0.634516,-0.771958][0.21087,0.92983,0][-1.19114,0.607946,0.466719][0.0276822,-0.575112,-0.817606][0.14901,0.952,0][-0.684005,0.00445175,-0.296731][-0.932918,0.272648,-0.235216][0.64629,0.48898,0][-0.652286,0.0280647,-0.345281][-0.743988,0.441026,-0.501973][0.63499,0.45469,0][-0.649742,-0.11861,-0.423879][-0.778956,0.193286,-0.596547][0.70539,0.40971,0][-0.649742,-0.11861,-0.423879][-0.778956,0.193286,-0.596547][0.70539,0.40971,0][-0.679244,-0.138363,-0.371614][-0.948332,0.0496568,-0.313371][0.71419,0.44557,0][-0.684005,0.00445175,-0.296731][-0.932918,0.272648,-0.235216][0.64629,0.48898,0][-0.647346,0.133609,-0.178783][-0.918918,0.358813,-0.163839][0.57382,0.55707,0][-0.618975,0.160275,-0.220023][-0.712665,0.574294,-0.402859][0.55913,0.52503,0][-0.652286,0.0280647,-0.345281][-0.743988,0.441026,-0.501973][0.63499,0.45469,0][-0.652286,0.0280647,-0.345281][-0.743988,0.441026,-0.501973][0.63499,0.45469,0][-0.684005,0.00445175,-0.296731][-0.932918,0.272648,-0.235216][0.64629,0.48898,0][-0.647346,0.133609,-0.178783][-0.918918,0.358813,-0.163839][0.57382,0.55707,0][-0.633367,0.246576,-0.045096][-0.928243,0.253965,-0.271786][0.51834,0.62089,0][-0.608698,0.273446,-0.074476][-0.734403,0.509318,-0.448606][0.50156,0.59615,0][-0.618975,0.160275,-0.220023][-0.712665,0.574294,-0.402859][0.55913,0.52503,0][-0.618975,0.160275,-0.220023][-0.712665,0.574294,-0.402859][0.55913,0.52503,0][-0.647346,0.133609,-0.178783][-0.918918,0.358813,-0.163839][0.57382,0.55707,0][-0.633367,0.246576,-0.045096][-0.928243,0.253965,-0.271786][0.51834,0.62089,0][-0.670031,0.360289,0.105774][-0.894584,0.097714,-0.436085][0.45462,0.69643,0][-0.651588,0.386535,0.087141][-0.750111,0.351053,-0.560443][0.43896,0.67946,0][-0.608698,0.273446,-0.074476][-0.734403,0.509318,-0.448606][0.50156,0.59615,0][-0.608698,0.273446,-0.074476][-0.734403,0.509318,-0.448606][0.50156,0.59615,0][-0.633367,0.246576,-0.045096][-0.928243,0.253965,-0.271786][0.51834,0.62089,0][-0.670031,0.360289,0.105774][-0.894584,0.097714,-0.436085][0.45462,0.69643,0][-0.752434,0.463218,0.247735][-0.828031,-0.0351839,-0.559578][0.383,0.77205,0][-0.739199,0.489526,0.236231][-0.659537,0.343591,-0.668548][0.3698,0.76,0][-0.651588,0.386535,0.087141][-0.750111,0.351053,-0.560443][0.43896,0.67946,0][-0.651588,0.386535,0.087141][-0.750111,0.351053,-0.560443][0.43896,0.67946,0][-0.670031,0.360289,0.105774][-0.894584,0.097714,-0.436085][0.45462,0.69643,0][-0.752434,0.463218,0.247735][-0.828031,-0.0351839,-0.559578][0.383,0.77205,0][-0.847532,0.534893,0.361186][-0.7176,-0.0648292,-0.693431][0.32239,0.82993,0][-0.839288,0.556299,0.358547][-0.630321,0.172337,-0.756965][0.31079,0.82069,0][-0.739199,0.489526,0.236231][-0.659537,0.343591,-0.668548][0.3698,0.76,0][-0.739199,0.489526,0.236231][-0.659537,0.343591,-0.668548][0.3698,0.76,0][-0.752434,0.463218,0.247735][-0.828031,-0.0351839,-0.559578][0.383,0.77205,0][-0.847532,0.534893,0.361186][-0.7176,-0.0648292,-0.693431][0.32239,0.82993,0][-0.949585,0.576361,0.441917][-0.603633,-0.110272,-0.789599][0.2663,0.88324,0][-0.94586,0.592807,0.441623][-0.533156,0.0832808,-0.841908][0.25728,0.87723,0][-0.839288,0.556299,0.358547][-0.630321,0.172337,-0.756965][0.31079,0.82069,0][-0.839288,0.556299,0.358547][-0.630321,0.172337,-0.756965][0.31079,0.82069,0][-0.847532,0.534893,0.361186][-0.7176,-0.0648292,-0.693431][0.32239,0.82993,0][-0.949585,0.576361,0.441917][-0.603633,-0.110272,-0.789599][0.2663,0.88324,0][-1.02104,0.595532,0.487323][-0.273731,-0.555506,-0.785165][0.24027,0.90513,0][-1.02159,0.603967,0.480918][-0.248469,-0.423302,-0.871251][0.23177,0.90088,0][-0.94586,0.592807,0.441623][-0.533156,0.0832808,-0.841908][0.25728,0.87723,0][-0.94586,0.592807,0.441623][-0.533156,0.0832808,-0.841908][0.25728,0.87723,0][-0.949585,0.576361,0.441917][-0.603633,-0.110272,-0.789599][0.2663,0.88324,0][-1.02104,0.595532,0.487323][-0.273731,-0.555506,-0.785165][0.24027,0.90513,0][-1.10297,0.602959,0.482705][0.0959325,-0.121042,-0.988001][0.20855,0.92603,0][-1.10132,0.610598,0.485297][0.0717551,0.205368,-0.976051][0.20564,0.92312,0][-1.02159,0.603967,0.480918][-0.248469,-0.423302,-0.871251][0.23177,0.90088,0][-1.02159,0.603967,0.480918][-0.248469,-0.423302,-0.871251][0.23177,0.90088,0][-1.02104,0.595532,0.487323][-0.273731,-0.555506,-0.785165][0.24027,0.90513,0][-1.10297,0.602959,0.482705][0.0959325,-0.121042,-0.988001][0.20855,0.92603,0][-1.18978,0.611677,0.465329][0.135521,-0.0324128,-0.990244][0.14624,0.95106,0][-1.18821,0.614741,0.466666][0.165089,0.424239,-0.890374][0.14436,0.94965,0][-1.10132,0.610598,0.485297][0.0717551,0.205368,-0.976051][0.20564,0.92312,0][-1.10132,0.610598,0.485297][0.0717551,0.205368,-0.976051][0.20564,0.92312,0][-1.10297,0.602959,0.482705][0.0959325,-0.121042,-0.988001][0.20855,0.92603,0][-1.18978,0.611677,0.465329][0.135521,-0.0324128,-0.990244][0.14624,0.95106,0][-0.652286,0.0280647,-0.345281][-0.743988,0.441026,-0.501973][0.63499,0.45469,0][-0.613559,0.0412502,-0.373383][-0.37436,0.582692,-0.721336][0.62533,0.42823,0][-0.613588,-0.105189,-0.452203][-0.52908,0.305647,-0.791615][0.698,0.38137,0][-0.613588,-0.105189,-0.452203][-0.52908,0.305647,-0.791615][0.698,0.38137,0][-0.649742,-0.11861,-0.423879][-0.778956,0.193286,-0.596547][0.70539,0.40971,0][-0.652286,0.0280647,-0.345281][-0.743988,0.441026,-0.501973][0.63499,0.45469,0][-0.618975,0.160275,-0.220023][-0.712665,0.574294,-0.402859][0.55913,0.52503,0][-0.583253,0.173008,-0.244422][-0.282868,0.741412,-0.608518][0.54753,0.50091,0][-0.613559,0.0412502,-0.373383][-0.37436,0.582692,-0.721336][0.62533,0.42823,0][-0.613559,0.0412502,-0.373383][-0.37436,0.582692,-0.721336][0.62533,0.42823,0][-0.652286,0.0280647,-0.345281][-0.743988,0.441026,-0.501973][0.63499,0.45469,0][-0.618975,0.160275,-0.220023][-0.712665,0.574294,-0.402859][0.55913,0.52503,0][-0.608698,0.273446,-0.074476][-0.734403,0.509318,-0.448606][0.50156,0.59615,0][-0.5809,0.289436,-0.089185][-0.37255,0.727026,-0.576748][0.48889,0.57721,0][-0.583253,0.173008,-0.244422][-0.282868,0.741412,-0.608518][0.54753,0.50091,0][-0.583253,0.173008,-0.244422][-0.282868,0.741412,-0.608518][0.54753,0.50091,0][-0.618975,0.160275,-0.220023][-0.712665,0.574294,-0.402859][0.55913,0.52503,0][-0.608698,0.273446,-0.074476][-0.734403,0.509318,-0.448606][0.50156,0.59615,0][-0.651588,0.386535,0.087141][-0.750111,0.351053,-0.560443][0.43896,0.67946,0][-0.632221,0.404847,0.079576][-0.448823,0.636473,-0.627264][0.42656,0.66712,0][-0.5809,0.289436,-0.089185][-0.37255,0.727026,-0.576748][0.48889,0.57721,0][-0.5809,0.289436,-0.089185][-0.37255,0.727026,-0.576748][0.48889,0.57721,0][-0.608698,0.273446,-0.074476][-0.734403,0.509318,-0.448606][0.50156,0.59615,0][-0.651588,0.386535,0.087141][-0.750111,0.351053,-0.560443][0.43896,0.67946,0][-0.739199,0.489526,0.236231][-0.659537,0.343591,-0.668548][0.3698,0.76,0][-0.722717,0.506779,0.237072][-0.375404,0.648268,-0.662435][0.35852,0.7515,0][-0.632221,0.404847,0.079576][-0.448823,0.636473,-0.627264][0.42656,0.66712,0][-0.632221,0.404847,0.079576][-0.448823,0.636473,-0.627264][0.42656,0.66712,0][-0.651588,0.386535,0.087141][-0.750111,0.351053,-0.560443][0.43896,0.67946,0][-0.739199,0.489526,0.236231][-0.659537,0.343591,-0.668548][0.3698,0.76,0][-0.839288,0.556299,0.358547][-0.630321,0.172337,-0.756965][0.31079,0.82069,0][-0.829488,0.575225,0.354891][-0.398306,0.584525,-0.706882][0.30144,0.81408,0][-0.722717,0.506779,0.237072][-0.375404,0.648268,-0.662435][0.35852,0.7515,0][-0.722717,0.506779,0.237072][-0.375404,0.648268,-0.662435][0.35852,0.7515,0][-0.739199,0.489526,0.236231][-0.659537,0.343591,-0.668548][0.3698,0.76,0][-0.839288,0.556299,0.358547][-0.630321,0.172337,-0.756965][0.31079,0.82069,0][-0.94586,0.592807,0.441623][-0.533156,0.0832808,-0.841908][0.25728,0.87723,0][-0.94112,0.607997,0.440193][-0.377449,0.513837,-0.770392][0.24939,0.87332,0][-0.829488,0.575225,0.354891][-0.398306,0.584525,-0.706882][0.30144,0.81408,0][-0.829488,0.575225,0.354891][-0.398306,0.584525,-0.706882][0.30144,0.81408,0][-0.839288,0.556299,0.358547][-0.630321,0.172337,-0.756965][0.31079,0.82069,0][-0.94586,0.592807,0.441623][-0.533156,0.0832808,-0.841908][0.25728,0.87723,0][-1.02159,0.603967,0.480918][-0.248469,-0.423302,-0.871251][0.23177,0.90088,0][-1.02015,0.616614,0.47704][-0.233212,0.333119,-0.913589][0.22509,0.89891,0][-0.94112,0.607997,0.440193][-0.377449,0.513837,-0.770392][0.24939,0.87332,0][-0.94112,0.607997,0.440193][-0.377449,0.513837,-0.770392][0.24939,0.87332,0][-0.94586,0.592807,0.441623][-0.533156,0.0832808,-0.841908][0.25728,0.87723,0][-1.02159,0.603967,0.480918][-0.248469,-0.423302,-0.871251][0.23177,0.90088,0][-1.10132,0.610598,0.485297][0.0717551,0.205368,-0.976051][0.20564,0.92312,0][-1.10051,0.616819,0.486172][0.0542496,0.269606,-0.961441][0.19612,0.92451,0][-1.02015,0.616614,0.47704][-0.233212,0.333119,-0.913589][0.22509,0.89891,0][-1.02015,0.616614,0.47704][-0.233212,0.333119,-0.913589][0.22509,0.89891,0][-1.02159,0.603967,0.480918][-0.248469,-0.423302,-0.871251][0.23177,0.90088,0][-1.10132,0.610598,0.485297][0.0717551,0.205368,-0.976051][0.20564,0.92312,0][-1.18821,0.614741,0.466666][0.165089,0.424239,-0.890374][0.14436,0.94965,0][-1.18754,0.617028,0.46827][0.137742,0.594472,-0.792232][0.14331,0.94753,0][-1.10051,0.616819,0.486172][0.0542496,0.269606,-0.961441][0.19612,0.92451,0][-1.10051,0.616819,0.486172][0.0542496,0.269606,-0.961441][0.19612,0.92451,0][-1.10132,0.610598,0.485297][0.0717551,0.205368,-0.976051][0.20564,0.92312,0][-1.18821,0.614741,0.466666][0.165089,0.424239,-0.890374][0.14436,0.94965,0][-0.366599,-0.395052,-0.07105][0.0823551,0.581952,0.809042][0.92056,0.66574,0][-0.435934,-0.301524,-0.116123][0.0814378,0.256144,0.963202][0.8575,0.65091,0][-0.488808,-0.316981,-0.118551][-0.255773,0.102906,0.961244][0.85417,0.61738,0][-0.488808,-0.316981,-0.118551][-0.255773,0.102906,0.961244][0.85417,0.61738,0][-0.431812,-0.416306,-0.069513][-0.290004,0.340208,0.894515][0.91937,0.62879,0][-0.366599,-0.395052,-0.07105][0.0823551,0.581952,0.809042][0.92056,0.66574,0][-0.431812,-0.416306,-0.069513][-0.290004,0.340208,0.894515][0.91937,0.62879,0][-0.488808,-0.316981,-0.118551][-0.255773,0.102906,0.961244][0.85417,0.61738,0][-0.553344,-0.33062,-0.146489][-0.551636,-0.0418317,0.833036][0.84767,0.57647,0][-0.553344,-0.33062,-0.146489][-0.551636,-0.0418317,0.833036][0.84767,0.57647,0][-0.509259,-0.438404,-0.100546][-0.569433,0.0832808,0.817808][0.91256,0.58306,0][-0.431812,-0.416306,-0.069513][-0.290004,0.340208,0.894515][0.91937,0.62879,0][-0.509259,-0.438404,-0.100546][-0.569433,0.0832808,0.817808][0.91256,0.58306,0][-0.553344,-0.33062,-0.146489][-0.551636,-0.0418317,0.833036][0.84767,0.57647,0][-0.610276,-0.336863,-0.197777][-0.78395,-0.137471,0.605412][0.84038,0.53449,0][-0.610276,-0.336863,-0.197777][-0.78395,-0.137471,0.605412][0.84038,0.53449,0][-0.576472,-0.454109,-0.162754][-0.785065,-0.152386,0.600376][0.90354,0.53646,0][-0.509259,-0.438404,-0.100546][-0.569433,0.0832808,0.817808][0.91256,0.58306,0][-0.576472,-0.454109,-0.162754][-0.785065,-0.152386,0.600376][0.90354,0.53646,0][-0.610276,-0.336863,-0.197777][-0.78395,-0.137471,0.605412][0.84038,0.53449,0][-0.649833,-0.33491,-0.267597][-0.931307,-0.182838,0.315018][0.83341,0.49108,0][-0.649833,-0.33491,-0.267597][-0.931307,-0.182838,0.315018][0.83341,0.49108,0][-0.620764,-0.460245,-0.247481][-0.905456,-0.306962,0.293126][0.89542,0.4885,0][-0.576472,-0.454109,-0.162754][-0.785065,-0.152386,0.600376][0.90354,0.53646,0][-0.620764,-0.460245,-0.247481][-0.905456,-0.306962,0.293126][0.89542,0.4885,0][-0.649833,-0.33491,-0.267597][-0.931307,-0.182838,0.315018][0.83341,0.49108,0][-0.666408,-0.325005,-0.346288][-0.984089,-0.177639,0.00348438][0.82609,0.44751,0][-0.666408,-0.325005,-0.346288][-0.984089,-0.177639,0.00348438][0.82609,0.44751,0][-0.635471,-0.455883,-0.341897][-0.923614,-0.37951,-0.053942][0.88801,0.44,0][-0.620764,-0.460245,-0.247481][-0.905456,-0.306962,0.293126][0.89542,0.4885,0][-0.635471,-0.455883,-0.341897][-0.923614,-0.37951,-0.053942][0.88801,0.44,0][-0.666408,-0.325005,-0.346288][-0.984089,-0.177639,0.00348438][0.82609,0.44751,0][-0.65862,-0.30809,-0.42367][-0.926103,-0.128866,-0.35458][0.81746,0.40534,0][-0.65862,-0.30809,-0.42367][-0.926103,-0.128866,-0.35458][0.81746,0.40534,0][-0.618213,-0.441631,-0.431536][-0.83215,-0.37317,-0.410208][0.87997,0.39285,0][-0.635471,-0.455883,-0.341897][-0.923614,-0.37951,-0.053942][0.88801,0.44,0][-0.618213,-0.441631,-0.431536][-0.83215,-0.37317,-0.410208][0.87997,0.39285,0][-0.65862,-0.30809,-0.42367][-0.926103,-0.128866,-0.35458][0.81746,0.40534,0][-0.622715,-0.285275,-0.484872][-0.725747,-0.0225669,-0.687592][0.80753,0.36517,0][-0.622715,-0.285275,-0.484872][-0.725747,-0.0225669,-0.687592][0.80753,0.36517,0][-0.574186,-0.420579,-0.501976][-0.634618,-0.282438,-0.719366][0.8704,0.34824,0][-0.618213,-0.441631,-0.431536][-0.83215,-0.37317,-0.410208][0.87997,0.39285,0][-0.574186,-0.420579,-0.501976][-0.634618,-0.282438,-0.719366][0.8704,0.34824,0][-0.622715,-0.285275,-0.484872][-0.725747,-0.0225669,-0.687592][0.80753,0.36517,0][-0.578276,-0.266717,-0.515347][-0.403382,0.115388,-0.907727][0.79883,0.33398,0][-0.578276,-0.266717,-0.515347][-0.403382,0.115388,-0.907727][0.79883,0.33398,0][-0.520679,-0.399686,-0.539056][-0.247847,-0.0990419,-0.963723][0.86326,0.31263,0][-0.574186,-0.420579,-0.501976][-0.634618,-0.282438,-0.719366][0.8704,0.34824,0][-0.435934,-0.301524,-0.116123][0.0814378,0.256144,0.963202][0.8575,0.65091,0][-0.477678,-0.190846,-0.119615][0.232553,-0.152111,0.960615][0.79067,0.64835,0][-0.526058,-0.197535,-0.118953][-0.123448,-0.25912,0.957924][0.77818,0.62089,0][-0.526058,-0.197535,-0.118953][-0.123448,-0.25912,0.957924][0.77818,0.62089,0][-0.488808,-0.316981,-0.118551][-0.255773,0.102906,0.961244][0.85417,0.61738,0][-0.435934,-0.301524,-0.116123][0.0814378,0.256144,0.963202][0.8575,0.65091,0][-0.488808,-0.316981,-0.118551][-0.255773,0.102906,0.961244][0.85417,0.61738,0][-0.526058,-0.197535,-0.118953][-0.123448,-0.25912,0.957924][0.77818,0.62089,0][-0.587737,-0.199232,-0.13637][-0.49313,-0.296782,0.817767][0.7616,0.58855,0][-0.587737,-0.199232,-0.13637][-0.49313,-0.296782,0.817767][0.7616,0.58855,0][-0.553344,-0.33062,-0.146489][-0.551636,-0.0418317,0.833036][0.84767,0.57647,0][-0.488808,-0.316981,-0.118551][-0.255773,0.102906,0.961244][0.85417,0.61738,0][-0.553344,-0.33062,-0.146489][-0.551636,-0.0418317,0.833036][0.84767,0.57647,0][-0.587737,-0.199232,-0.13637][-0.49313,-0.296782,0.817767][0.7616,0.58855,0][-0.640399,-0.192183,-0.180805][-0.772865,-0.267749,0.575318][0.74677,0.55479,0][-0.640399,-0.192183,-0.180805][-0.772865,-0.267749,0.575318][0.74677,0.55479,0][-0.610276,-0.336863,-0.197777][-0.78395,-0.137471,0.605412][0.84038,0.53449,0][-0.553344,-0.33062,-0.146489][-0.551636,-0.0418317,0.833036][0.84767,0.57647,0][-0.610276,-0.336863,-0.197777][-0.78395,-0.137471,0.605412][0.84038,0.53449,0][-0.640399,-0.192183,-0.180805][-0.772865,-0.267749,0.575318][0.74677,0.55479,0][-0.675842,-0.178227,-0.240823][-0.937499,-0.192195,0.290098][0.73404,0.51922,0][-0.675842,-0.178227,-0.240823][-0.937499,-0.192195,0.290098][0.73404,0.51922,0][-0.649833,-0.33491,-0.267597][-0.931307,-0.182838,0.315018][0.83341,0.49108,0][-0.610276,-0.336863,-0.197777][-0.78395,-0.137471,0.605412][0.84038,0.53449,0][-0.649833,-0.33491,-0.267597][-0.931307,-0.182838,0.315018][0.83341,0.49108,0][-0.675842,-0.178227,-0.240823][-0.937499,-0.192195,0.290098][0.73404,0.51922,0][-0.688803,-0.159296,-0.307695][-0.996399,-0.0838133,-0.0127988][0.72338,0.48244,0][-0.688803,-0.159296,-0.307695][-0.996399,-0.0838133,-0.0127988][0.72338,0.48244,0][-0.666408,-0.325005,-0.346288][-0.984089,-0.177639,0.00348438][0.82609,0.44751,0][-0.649833,-0.33491,-0.267597][-0.931307,-0.182838,0.315018][0.83341,0.49108,0][-0.666408,-0.325005,-0.346288][-0.984089,-0.177639,0.00348438][0.82609,0.44751,0][-0.688803,-0.159296,-0.307695][-0.996399,-0.0838133,-0.0127988][0.72338,0.48244,0][-0.679244,-0.138363,-0.371614][-0.948332,0.0496568,-0.313371][0.71419,0.44557,0][-0.679244,-0.138363,-0.371614][-0.948332,0.0496568,-0.313371][0.71419,0.44557,0][-0.65862,-0.30809,-0.42367][-0.926103,-0.128866,-0.35458][0.81746,0.40534,0][-0.666408,-0.325005,-0.346288][-0.984089,-0.177639,0.00348438][0.82609,0.44751,0][-0.65862,-0.30809,-0.42367][-0.926103,-0.128866,-0.35458][0.81746,0.40534,0][-0.679244,-0.138363,-0.371614][-0.948332,0.0496568,-0.313371][0.71419,0.44557,0][-0.649742,-0.11861,-0.423879][-0.778956,0.193286,-0.596547][0.70539,0.40971,0][-0.649742,-0.11861,-0.423879][-0.778956,0.193286,-0.596547][0.70539,0.40971,0][-0.622715,-0.285275,-0.484872][-0.725747,-0.0225669,-0.687592][0.80753,0.36517,0][-0.65862,-0.30809,-0.42367][-0.926103,-0.128866,-0.35458][0.81746,0.40534,0][-0.622715,-0.285275,-0.484872][-0.725747,-0.0225669,-0.687592][0.80753,0.36517,0][-0.649742,-0.11861,-0.423879][-0.778956,0.193286,-0.596547][0.70539,0.40971,0][-0.613588,-0.105189,-0.452203][-0.52908,0.305647,-0.791615][0.698,0.38137,0][-0.613588,-0.105189,-0.452203][-0.52908,0.305647,-0.791615][0.698,0.38137,0][-0.578276,-0.266717,-0.515347][-0.403382,0.115388,-0.907727][0.79883,0.33398,0][-0.622715,-0.285275,-0.484872][-0.725747,-0.0225669,-0.687592][0.80753,0.36517,0][-0.520679,-0.399686,-0.539056][-0.247847,-0.0990419,-0.963723][0.06194,0.52455,0][-0.469324,-0.383372,-0.536001][0.317829,0.174534,-0.931946][0.08407,0.54226,0][-0.410792,-0.48356,-0.525386][0.377338,0.118724,-0.918434][0.04561,0.63466,0][-0.410792,-0.48356,-0.525386][0.377338,0.118724,-0.918434][0.04561,0.63466,0][-0.46547,-0.500168,-0.527219][-0.179977,-0.220415,-0.958658][0.02062,0.61595,0][-0.520679,-0.399686,-0.539056][-0.247847,-0.0990419,-0.963723][0.06194,0.52455,0][-0.613559,0.0412502,-0.373383][-0.37436,0.582692,-0.721336][0.25229,0.36202,0][-0.574628,0.0420618,-0.376393][0.24133,0.594859,-0.766748][0.25713,0.38294,0][-0.576174,-0.0940914,-0.464807][0.0711934,0.441988,-0.894191][0.18802,0.41539,0][-0.576174,-0.0940914,-0.464807][0.0711934,0.441988,-0.894191][0.18802,0.41539,0][-0.613588,-0.105189,-0.452203][-0.52908,0.305647,-0.791615][0.17707,0.39459,0][-0.613559,0.0412502,-0.373383][-0.37436,0.582692,-0.721336][0.25229,0.36202,0][-0.583253,0.173008,-0.244422][-0.282868,0.741412,-0.608518][0.35127,0.3418,0][-0.54804,0.169767,-0.247757][0.326034,0.696866,-0.638811][0.35122,0.36107,0][-0.574628,0.0420618,-0.376393][0.24133,0.594859,-0.766748][0.25713,0.38294,0][-0.574628,0.0420618,-0.376393][0.24133,0.594859,-0.766748][0.25713,0.38294,0][-0.613559,0.0412502,-0.373383][-0.37436,0.582692,-0.721336][0.25229,0.36202,0][-0.583253,0.173008,-0.244422][-0.282868,0.741412,-0.608518][0.35127,0.3418,0][-0.5809,0.289436,-0.089185][-0.37255,0.727026,-0.576748][0.44466,0.31313,0][-0.551501,0.290409,-0.095117][0.274252,0.797064,-0.538028][0.44538,0.32935,0][-0.54804,0.169767,-0.247757][0.326034,0.696866,-0.638811][0.35122,0.36107,0][-0.54804,0.169767,-0.247757][0.326034,0.696866,-0.638811][0.35122,0.36107,0][-0.583253,0.173008,-0.244422][-0.282868,0.741412,-0.608518][0.35127,0.3418,0][-0.5809,0.289436,-0.089185][-0.37255,0.727026,-0.576748][0.44466,0.31313,0][-0.632221,0.404847,0.079576][-0.448823,0.636473,-0.627264][0.5527,0.26797,0][-0.609156,0.410789,0.07793][0.199653,0.854893,-0.478849][0.55478,0.28073,0][-0.551501,0.290409,-0.095117][0.274252,0.797064,-0.538028][0.44538,0.32935,0][-0.551501,0.290409,-0.095117][0.274252,0.797064,-0.538028][0.44538,0.32935,0][-0.5809,0.289436,-0.089185][-0.37255,0.727026,-0.576748][0.44466,0.31313,0][-0.632221,0.404847,0.079576][-0.448823,0.636473,-0.627264][0.5527,0.26797,0][-0.722717,0.506779,0.237072][-0.375404,0.648268,-0.662435][0.65934,0.22022,0][-0.705756,0.514961,0.240506][0.151826,0.891862,-0.426064][0.66174,0.23035,0][-0.609156,0.410789,0.07793][0.199653,0.854893,-0.478849][0.55478,0.28073,0][-0.609156,0.410789,0.07793][0.199653,0.854893,-0.478849][0.55478,0.28073,0][-0.632221,0.404847,0.079576][-0.448823,0.636473,-0.627264][0.5527,0.26797,0][-0.722717,0.506779,0.237072][-0.375404,0.648268,-0.662435][0.65934,0.22022,0][-0.829488,0.575225,0.354891][-0.398306,0.584525,-0.706882][0.74213,0.18179,0][-0.818031,0.582453,0.363545][0.12294,0.942677,-0.310234][0.74534,0.18939,0][-0.705756,0.514961,0.240506][0.151826,0.891862,-0.426064][0.66174,0.23035,0][-0.705756,0.514961,0.240506][0.151826,0.891862,-0.426064][0.66174,0.23035,0][-0.722717,0.506779,0.237072][-0.375404,0.648268,-0.662435][0.65934,0.22022,0][-0.829488,0.575225,0.354891][-0.398306,0.584525,-0.706882][0.74213,0.18179,0][-0.94112,0.607997,0.440193][-0.377449,0.513837,-0.770392][0.81906,0.14252,0][-0.935035,0.614693,0.447881][0.0111474,0.959418,-0.281766][0.82323,0.14705,0][-0.818031,0.582453,0.363545][0.12294,0.942677,-0.310234][0.74534,0.18939,0][-0.818031,0.582453,0.363545][0.12294,0.942677,-0.310234][0.74534,0.18939,0][-0.829488,0.575225,0.354891][-0.398306,0.584525,-0.706882][0.74213,0.18179,0][-0.94112,0.607997,0.440193][-0.377449,0.513837,-0.770392][0.81906,0.14252,0][-1.02015,0.616614,0.47704][-0.233212,0.333119,-0.913589][0.85361,0.12265,0][-1.0174,0.622096,0.482884][-0.0421879,0.951421,-0.30499][0.85875,0.1246,0][-0.935035,0.614693,0.447881][0.0111474,0.959418,-0.281766][0.82323,0.14705,0][-0.935035,0.614693,0.447881][0.0111474,0.959418,-0.281766][0.82323,0.14705,0][-0.94112,0.607997,0.440193][-0.377449,0.513837,-0.770392][0.81906,0.14252,0][-1.02015,0.616614,0.47704][-0.233212,0.333119,-0.913589][0.85361,0.12265,0][-1.10051,0.616819,0.486172][0.0542496,0.269606,-0.961441][0.88771,0.09761,0][-1.10023,0.62142,0.488069][0.0264423,0.828372,-0.559554][0.89042,0.09977,0][-1.0174,0.622096,0.482884][-0.0421879,0.951421,-0.30499][0.85875,0.1246,0][-1.0174,0.622096,0.482884][-0.0421879,0.951421,-0.30499][0.85875,0.1246,0][-1.02015,0.616614,0.47704][-0.233212,0.333119,-0.913589][0.85361,0.12265,0][-1.10051,0.616819,0.486172][0.0542496,0.269606,-0.961441][0.88771,0.09761,0][-1.18754,0.617028,0.46827][0.137742,0.594472,-0.792232][0.94254,0.06474,0][-1.18797,0.618722,0.469679][0.0936306,0.786794,-0.610072][0.94205,0.06609,0][-1.10023,0.62142,0.488069][0.0264423,0.828372,-0.559554][0.89042,0.09977,0][-1.10023,0.62142,0.488069][0.0264423,0.828372,-0.559554][0.89042,0.09977,0][-1.10051,0.616819,0.486172][0.0542496,0.269606,-0.961441][0.88771,0.09761,0][-1.18754,0.617028,0.46827][0.137742,0.594472,-0.792232][0.94254,0.06474,0][-0.520679,-0.399686,-0.539056][-0.247847,-0.0990419,-0.963723][0.06194,0.52455,0][-0.578276,-0.266717,-0.515347][-0.403382,0.115388,-0.907727][0.09735,0.46806,0][-0.53341,-0.252217,-0.521095][0.183875,0.305507,-0.934267][0.11692,0.48552,0][-0.53341,-0.252217,-0.521095][0.183875,0.305507,-0.934267][0.11692,0.48552,0][-0.469324,-0.383372,-0.536001][0.317829,0.174534,-0.931946][0.08407,0.54226,0][-0.520679,-0.399686,-0.539056][-0.247847,-0.0990419,-0.963723][0.06194,0.52455,0][-0.578276,-0.266717,-0.515347][-0.403382,0.115388,-0.907727][0.09735,0.46806,0][-0.613588,-0.105189,-0.452203][-0.52908,0.305647,-0.791615][0.17707,0.39459,0][-0.576174,-0.0940914,-0.464807][0.0711934,0.441988,-0.894191][0.18802,0.41539,0][-0.576174,-0.0940914,-0.464807][0.0711934,0.441988,-0.894191][0.18802,0.41539,0][-0.53341,-0.252217,-0.521095][0.183875,0.305507,-0.934267][0.11692,0.48552,0][-0.578276,-0.266717,-0.515347][-0.403382,0.115388,-0.907727][0.09735,0.46806,0][-1.19405,0.612982,0.482294][-0.425913,0.403552,0.80978][0.94972,0.07172,0][-1.19373,0.615554,0.480919][-0.352327,0.63118,0.690998][0.94817,0.07042,0][-1.22032,0.615838,0.462651][-0.916349,0.146042,-0.372795][0.95335,0.06294,0][-1.19436,0.610565,0.483123][-0.47158,0.210621,0.856301][0.95081,0.07307,0][-1.19405,0.612982,0.482294][-0.425913,0.403552,0.80978][0.94972,0.07172,0][-1.22032,0.615838,0.462651][-0.916349,0.146042,-0.372795][0.95335,0.06294,0][-1.19474,0.608017,0.483147][-0.528639,-0.124205,0.83971][0.95183,0.07443,0][-1.19436,0.610565,0.483123][-0.47158,0.210621,0.856301][0.95081,0.07307,0][-1.22032,0.615838,0.462651][-0.916349,0.146042,-0.372795][0.95335,0.06294,0][-1.19498,0.605303,0.481868][-0.526462,-0.566929,0.633584][0.15043,0.95903,0][-1.19474,0.608017,0.483147][-0.528639,-0.124205,0.83971][0.15085,0.96093,0][-1.22032,0.615838,0.462651][-0.916349,0.146042,-0.372795][0.13981,0.95643,0][-1.19465,0.603318,0.478734][-0.402694,-0.892451,0.203394][0.15062,0.95697,0][-1.19498,0.605303,0.481868][-0.526462,-0.566929,0.633584][0.15043,0.95903,0][-1.22032,0.615838,0.462651][-0.916349,0.146042,-0.372795][0.13981,0.95643,0][-1.19369,0.60329,0.474309][-0.232945,-0.946105,-0.224992][0.15112,0.95498,0][-1.19465,0.603318,0.478734][-0.402694,-0.892451,0.203394][0.15062,0.95697,0][-1.22032,0.615838,0.462651][-0.916349,0.146042,-0.372795][0.13981,0.95643,0][-1.19243,0.604917,0.470092][-0.0947351,-0.83655,-0.539638][0.15078,0.95329,0][-1.19369,0.60329,0.474309][-0.232945,-0.946105,-0.224992][0.15112,0.95498,0][-1.22032,0.615838,0.462651][-0.916349,0.146042,-0.372795][0.13981,0.95643,0][-1.19114,0.607946,0.466719][0.0276822,-0.575112,-0.817606][0.14901,0.952,0][-1.19243,0.604917,0.470092][-0.0947351,-0.83655,-0.539638][0.15078,0.95329,0][-1.22032,0.615838,0.462651][-0.916349,0.146042,-0.372795][0.13981,0.95643,0][-1.18978,0.611677,0.465329][0.135521,-0.0324128,-0.990244][0.14624,0.95106,0][-1.19114,0.607946,0.466719][0.0276822,-0.575112,-0.817606][0.14901,0.952,0][-1.22032,0.615838,0.462651][-0.916349,0.146042,-0.372795][0.13981,0.95643,0][-1.18821,0.614741,0.466666][0.165089,0.424239,-0.890374][0.14436,0.94965,0][-1.18978,0.611677,0.465329][0.135521,-0.0324128,-0.990244][0.14624,0.95106,0][-1.22032,0.615838,0.462651][-0.916349,0.146042,-0.372795][0.13981,0.95643,0][-1.18754,0.617028,0.46827][0.137742,0.594472,-0.792232][0.14331,0.94753,0][-1.18821,0.614741,0.466666][0.165089,0.424239,-0.890374][0.14436,0.94965,0][-1.22032,0.615838,0.462651][-0.916349,0.146042,-0.372795][0.13981,0.95643,0][-1.18797,0.618722,0.469679][0.0936306,0.786794,-0.610072][0.94205,0.06609,0][-1.18754,0.617028,0.46827][0.137742,0.594472,-0.792232][0.94254,0.06474,0][-1.22032,0.615838,0.462651][-0.916349,0.146042,-0.372795][0.95335,0.06294,0][-1.18931,0.619743,0.471451][0.00957908,0.96482,-0.262736][0.94228,0.06724,0][-1.18797,0.618722,0.469679][0.0936306,0.786794,-0.610072][0.94205,0.06609,0][-1.22032,0.615838,0.462651][-0.916349,0.146042,-0.372795][0.95335,0.06294,0][-1.1912,0.619845,0.474112][-0.116515,0.982927,0.142406][0.94367,0.06836,0][-1.18931,0.619743,0.471451][0.00957908,0.96482,-0.262736][0.94228,0.06724,0][-1.22032,0.615838,0.462651][-0.916349,0.146042,-0.372795][0.95335,0.06294,0][-1.1927,0.618172,0.477856][-0.231159,0.855965,0.462482][0.94611,0.06927,0][-1.1912,0.619845,0.474112][-0.116515,0.982927,0.142406][0.94367,0.06836,0][-1.22032,0.615838,0.462651][-0.916349,0.146042,-0.372795][0.95335,0.06294,0][-1.19373,0.615554,0.480919][-0.352327,0.63118,0.690998][0.94817,0.07042,0][-1.1927,0.618172,0.477856][-0.231159,0.855965,0.462482][0.94611,0.06927,0][-1.22032,0.615838,0.462651][-0.916349,0.146042,-0.372795][0.95335,0.06294,0][-0.448077,-0.102239,-0.103663][0.871133,-0.259674,0.41677][0.37063,0.54756,0][-0.47749,-0.113248,-0.079409][0.398121,-0.496314,0.771474][0.38939,0.56029,0][-0.477678,-0.190846,-0.119615][0.232553,-0.152111,0.960615][0.3637,0.58482,0][-0.477678,-0.190846,-0.119615][0.232553,-0.152111,0.960615][0.3637,0.58482,0][-0.441488,-0.17892,-0.134834][0.764998,0.078139,0.639275][0.34332,0.57167,0][-0.448077,-0.102239,-0.103663][0.871133,-0.259674,0.41677][0.37063,0.54756,0][-0.440495,-0.0108767,-0.032558][0.844179,-0.310967,0.436648][0.42011,0.51212,0][-0.469102,-0.0200071,-0.015136][0.357439,-0.560578,0.746987][0.43798,0.52141,0][-0.47749,-0.113248,-0.079409][0.398121,-0.496314,0.771474][0.38939,0.56029,0][-0.47749,-0.113248,-0.079409][0.398121,-0.496314,0.771474][0.38939,0.56029,0][-0.448077,-0.102239,-0.103663][0.871133,-0.259674,0.41677][0.37063,0.54756,0][-0.440495,-0.0108767,-0.032558][0.844179,-0.310967,0.436648][0.42011,0.51212,0][-0.463484,0.11594,0.077353][0.830996,-0.203933,0.517549][0.49625,0.45952,0][-0.486706,0.103922,0.091942][0.378362,-0.539803,0.751968][0.51042,0.4681,0][-0.469102,-0.0200071,-0.015136][0.357439,-0.560578,0.746987][0.43798,0.52141,0][-0.469102,-0.0200071,-0.015136][0.357439,-0.560578,0.746987][0.43798,0.52141,0][-0.440495,-0.0108767,-0.032558][0.844179,-0.310967,0.436648][0.42011,0.51212,0][-0.463484,0.11594,0.077353][0.830996,-0.203933,0.517549][0.49625,0.45952,0][-0.540401,0.268826,0.22184][0.712952,-0.19339,0.674018][0.60415,0.38718,0][-0.55999,0.257551,0.227075][0.275136,-0.560539,0.781087][0.61308,0.39601,0][-0.486706,0.103922,0.091942][0.378362,-0.539803,0.751968][0.51042,0.4681,0][-0.486706,0.103922,0.091942][0.378362,-0.539803,0.751968][0.51042,0.4681,0][-0.463484,0.11594,0.077353][0.830996,-0.203933,0.517549][0.49625,0.45952,0][-0.540401,0.268826,0.22184][0.712952,-0.19339,0.674018][0.60415,0.38718,0][-0.653405,0.40609,0.363426][0.652134,-0.103767,0.750968][0.70819,0.31308,0][-0.666536,0.392406,0.364835][0.253551,-0.551669,0.79459][0.71411,0.32149,0][-0.55999,0.257551,0.227075][0.275136,-0.560539,0.781087][0.61308,0.39601,0][-0.55999,0.257551,0.227075][0.275136,-0.560539,0.781087][0.61308,0.39601,0][-0.540401,0.268826,0.22184][0.712952,-0.19339,0.674018][0.60415,0.38718,0][-0.653405,0.40609,0.363426][0.652134,-0.103767,0.750968][0.70819,0.31308,0][-0.781559,0.499914,0.463115][0.502232,-0.0431159,0.863657][0.7838,0.25436,0][-0.789054,0.486989,0.463736][0.241036,-0.466735,0.850917][0.7883,0.26167,0][-0.666536,0.392406,0.364835][0.253551,-0.551669,0.79459][0.71411,0.32149,0][-0.666536,0.392406,0.364835][0.253551,-0.551669,0.79459][0.71411,0.32149,0][-0.653405,0.40609,0.363426][0.652134,-0.103767,0.750968][0.70819,0.31308,0][-0.781559,0.499914,0.463115][0.502232,-0.0431159,0.863657][0.7838,0.25436,0][-0.914767,0.556571,0.521479][0.298169,0.00380261,0.954506][0.85159,0.19606,0][-0.917413,0.545683,0.524072][0.183001,-0.289328,0.939574][0.85555,0.20088,0][-0.789054,0.486989,0.463736][0.241036,-0.466735,0.850917][0.7883,0.26167,0][-0.789054,0.486989,0.463736][0.241036,-0.466735,0.850917][0.7883,0.26167,0][-0.781559,0.499914,0.463115][0.502232,-0.0431159,0.863657][0.7838,0.25436,0][-0.914767,0.556571,0.521479][0.298169,0.00380261,0.954506][0.85159,0.19606,0][-1.01056,0.58224,0.53878][-0.0339939,-0.107417,0.993633][0.8795,0.16299,0][-1.01166,0.5743,0.537037][-0.242056,-0.782442,0.573753][0.88406,0.16509,0][-0.917413,0.545683,0.524072][0.183001,-0.289328,0.939574][0.85555,0.20088,0][-0.917413,0.545683,0.524072][0.183001,-0.289328,0.939574][0.85555,0.20088,0][-0.914767,0.556571,0.521479][0.298169,0.00380261,0.954506][0.85159,0.19606,0][-1.01056,0.58224,0.53878][-0.0339939,-0.107417,0.993633][0.8795,0.16299,0][-1.1018,0.59793,0.523646][-0.278246,0.0392836,0.959706][0.90588,0.12443,0][-1.10213,0.592854,0.5239][-0.260887,-0.146266,0.954224][0.90818,0.12532,0][-1.01166,0.5743,0.537037][-0.242056,-0.782442,0.573753][0.88406,0.16509,0][-1.01166,0.5743,0.537037][-0.242056,-0.782442,0.573753][0.88406,0.16509,0][-1.01056,0.58224,0.53878][-0.0339939,-0.107417,0.993633][0.8795,0.16299,0][-1.1018,0.59793,0.523646][-0.278246,0.0392836,0.959706][0.90588,0.12443,0][-1.19436,0.610565,0.483123][-0.47158,0.210621,0.856301][0.95081,0.07307,0][-1.19474,0.608017,0.483147][-0.528639,-0.124205,0.83971][0.95183,0.07443,0][-1.10213,0.592854,0.5239][-0.260887,-0.146266,0.954224][0.90818,0.12532,0][-1.10213,0.592854,0.5239][-0.260887,-0.146266,0.954224][0.90818,0.12532,0][-1.1018,0.59793,0.523646][-0.278246,0.0392836,0.959706][0.90588,0.12443,0][-1.19436,0.610565,0.483123][-0.47158,0.210621,0.856301][0.95081,0.07307,0][-0.600166,-0.45509,0.086187][0.807778,0.574112,-0.133752][0.23093,0.23716,0][-0.590019,-0.466895,0.127567][0.856621,0.506788,0.0967752][0.24341,0.26651,0][-0.542041,-0.518647,0.104272][0.75709,0.637357,0.143494][0.18841,0.29135,0][-0.542041,-0.518647,0.104272][0.75709,0.637357,0.143494][0.18841,0.29135,0][-0.546475,-0.512991,0.060241][0.713103,0.696166,-0.0826836][0.16553,0.26918,0][-0.600166,-0.45509,0.086187][0.807778,0.574112,-0.133752][0.23093,0.23716,0][-0.590019,-0.466895,0.127567][0.856621,0.506788,0.0967752][0.24341,0.26651,0][-0.591183,-0.48081,0.158412][0.794926,0.267589,0.544508][0.25223,0.28855,0][-0.546722,-0.52937,0.136564][0.711354,0.393074,0.58264][0.20395,0.30958,0][-0.546722,-0.52937,0.136564][0.711354,0.393074,0.58264][0.20395,0.30958,0][-0.542041,-0.518647,0.104272][0.75709,0.637357,0.143494][0.18841,0.29135,0][-0.590019,-0.466895,0.127567][0.856621,0.506788,0.0967752][0.24341,0.26651,0][-0.696293,-0.453492,-0.05609][-0.244704,0.275608,-0.929602][0.17974,0.11664,0][-0.671774,-0.444093,-0.037644][0.468488,0.596659,-0.65155][0.18863,0.13929,0][-0.59758,-0.526918,-0.074058][0.421461,0.651517,-0.63079][0.0859,0.19941,0][-0.59758,-0.526918,-0.074058][0.421461,0.651517,-0.63079][0.0859,0.19941,0][-0.616914,-0.543136,-0.095028][0.0396328,0.508371,-0.860226][0.06826,0.18271,0][-0.696293,-0.453492,-0.05609][-0.244704,0.275608,-0.929602][0.17974,0.11664,0][-0.671774,-0.444093,-0.037644][0.468488,0.596659,-0.65155][0.18863,0.13929,0][-0.644412,-0.44275,-0.00322495][0.656149,0.612657,-0.44059][0.20111,0.16921,0][-0.576532,-0.517468,-0.036271][0.585047,0.705208,-0.400502][0.11034,0.22077,0][-0.576532,-0.517468,-0.036271][0.585047,0.705208,-0.400502][0.11034,0.22077,0][-0.59758,-0.526918,-0.074058][0.421461,0.651517,-0.63079][0.0859,0.19941,0][-0.671774,-0.444093,-0.037644][0.468488,0.596659,-0.65155][0.18863,0.13929,0][-0.644412,-0.44275,-0.00322495][0.656149,0.612657,-0.44059][0.20111,0.16921,0][-0.619266,-0.446611,0.040259][0.744204,0.601122,-0.291225][0.21597,0.20332,0][-0.558586,-0.512578,0.010889][0.658997,0.711532,-0.243815][0.13822,0.24485,0][-0.558586,-0.512578,0.010889][0.658997,0.711532,-0.243815][0.13822,0.24485,0][-0.576532,-0.517468,-0.036271][0.585047,0.705208,-0.400502][0.11034,0.22077,0][-0.644412,-0.44275,-0.00322495][0.656149,0.612657,-0.44059][0.20111,0.16921,0][-0.619266,-0.446611,0.040259][0.744204,0.601122,-0.291225][0.21597,0.20332,0][-0.600166,-0.45509,0.086187][0.807778,0.574112,-0.133752][0.23093,0.23716,0][-0.546475,-0.512991,0.060241][0.713103,0.696166,-0.0826836][0.16553,0.26918,0][-0.546475,-0.512991,0.060241][0.713103,0.696166,-0.0826836][0.16553,0.26918,0][-0.558586,-0.512578,0.010889][0.658997,0.711532,-0.243815][0.13822,0.24485,0][-0.619266,-0.446611,0.040259][0.744204,0.601122,-0.291225][0.21597,0.20332,0][-0.657689,-0.180734,0.258964][0.986749,0.0528094,-0.153421][0.45174,0.17374,0][-0.656671,-0.192885,0.273894][0.991606,-0.101775,0.0797442][0.45448,0.18722,0][-0.658887,-0.284453,0.216204][0.990071,0.111109,0.0861106][0.3859,0.20946,0][-0.658887,-0.284453,0.216204][0.990071,0.111109,0.0861106][0.3859,0.20946,0][-0.662606,-0.269957,0.189861][0.966916,0.207785,-0.14798][0.37717,0.18736,0][-0.657689,-0.180734,0.258964][0.986749,0.0528094,-0.153421][0.45174,0.17374,0][-0.649384,-0.110671,0.326273][0.998837,0.0445489,-0.0184683][0.53756,0.17005,0][-0.649881,-0.11401,0.328525][0.933986,-0.184645,0.305902][0.53749,0.17129,0][-0.656671,-0.192885,0.273894][0.991606,-0.101775,0.0797442][0.45448,0.18722,0][-0.656671,-0.192885,0.273894][0.991606,-0.101775,0.0797442][0.45448,0.18722,0][-0.657689,-0.180734,0.258964][0.986749,0.0528094,-0.153421][0.45174,0.17374,0][-0.649384,-0.110671,0.326273][0.998837,0.0445489,-0.0184683][0.53756,0.17005,0][-0.656671,-0.192885,0.273894][0.991606,-0.101775,0.0797442][0.45448,0.18722,0][-0.661014,-0.201317,0.28408][0.581383,-0.389219,0.714494][0.45888,0.19649,0][-0.662947,-0.296385,0.235687][0.767075,-0.147969,0.62426][0.39455,0.22506,0][-0.662947,-0.296385,0.235687][0.767075,-0.147969,0.62426][0.39455,0.22506,0][-0.658887,-0.284453,0.216204][0.990071,0.111109,0.0861106][0.3859,0.20946,0][-0.656671,-0.192885,0.273894][0.991606,-0.101775,0.0797442][0.45448,0.18722,0][-0.649881,-0.11401,0.328525][0.933986,-0.184645,0.305902][0.53749,0.17129,0][-0.651459,-0.116245,0.329836][0.69825,-0.367703,0.6142][0.53737,0.1724,0][-0.661014,-0.201317,0.28408][0.581383,-0.389219,0.714494][0.45888,0.19649,0][-0.661014,-0.201317,0.28408][0.581383,-0.389219,0.714494][0.45888,0.19649,0][-0.656671,-0.192885,0.273894][0.991606,-0.101775,0.0797442][0.45448,0.18722,0][-0.649881,-0.11401,0.328525][0.933986,-0.184645,0.305902][0.53749,0.17129,0][-0.693774,-0.138509,0.207116][0.141319,0.841163,-0.521991][0.45183,0.11924,0][-0.68229,-0.144212,0.214268][0.723672,0.498811,-0.476955][0.4503,0.1286,0][-0.706147,-0.2319,0.110297][0.669452,0.488695,-0.559474][0.35875,0.11383,0][-0.706147,-0.2319,0.110297][0.669452,0.488695,-0.559474][0.35875,0.11383,0][-0.724703,-0.227724,0.097313][0.0478719,0.714903,-0.697583][0.35774,0.09705,0][-0.693774,-0.138509,0.207116][0.141319,0.841163,-0.521991][0.45183,0.11924,0][-0.65878,-0.0975504,0.314561][0.252632,0.914617,-0.315678][0.53972,0.16535,0][-0.65572,-0.0993347,0.316321][0.731639,0.588226,-0.34452][0.53909,0.16625,0][-0.68229,-0.144212,0.214268][0.723672,0.498811,-0.476955][0.4503,0.1286,0][-0.68229,-0.144212,0.214268][0.723672,0.498811,-0.476955][0.4503,0.1286,0][-0.693774,-0.138509,0.207116][0.141319,0.841163,-0.521991][0.45183,0.11924,0][-0.65878,-0.0975504,0.314561][0.252632,0.914617,-0.315678][0.53972,0.16535,0][-0.68229,-0.144212,0.214268][0.723672,0.498811,-0.476955][0.4503,0.1286,0][-0.671636,-0.154217,0.226625][0.874742,0.302455,-0.378612][0.44983,0.14189,0][-0.688182,-0.241514,0.132545][0.835849,0.361154,-0.41343][0.36284,0.13629,0][-0.688182,-0.241514,0.132545][0.835849,0.361154,-0.41343][0.36284,0.13629,0][-0.706147,-0.2319,0.110297][0.669452,0.488695,-0.559474][0.35875,0.11383,0][-0.68229,-0.144212,0.214268][0.723672,0.498811,-0.476955][0.4503,0.1286,0][-0.65572,-0.0993347,0.316321][0.731639,0.588226,-0.34452][0.53909,0.16625,0][-0.652872,-0.102525,0.319237][0.879979,0.375908,-0.290396][0.53835,0.16738,0][-0.671636,-0.154217,0.226625][0.874742,0.302455,-0.378612][0.44983,0.14189,0][-0.671636,-0.154217,0.226625][0.874742,0.302455,-0.378612][0.44983,0.14189,0][-0.68229,-0.144212,0.214268][0.723672,0.498811,-0.476955][0.4503,0.1286,0][-0.65572,-0.0993347,0.316321][0.731639,0.588226,-0.34452][0.53909,0.16625,0][-0.671636,-0.154217,0.226625][0.874742,0.302455,-0.378612][0.44983,0.14189,0][-0.662983,-0.167083,0.242329][0.945308,0.169961,-0.278399][0.45037,0.15775,0][-0.672893,-0.254878,0.160485][0.921125,0.268357,-0.28198][0.36931,0.16184,0][-0.672893,-0.254878,0.160485][0.921125,0.268357,-0.28198][0.36931,0.16184,0][-0.688182,-0.241514,0.132545][0.835849,0.361154,-0.41343][0.36284,0.13629,0][-0.671636,-0.154217,0.226625][0.874742,0.302455,-0.378612][0.44983,0.14189,0][-0.652872,-0.102525,0.319237][0.879979,0.375908,-0.290396][0.53835,0.16738,0][-0.650586,-0.106524,0.322818][0.952187,0.225793,-0.205811][0.53778,0.1687,0][-0.662983,-0.167083,0.242329][0.945308,0.169961,-0.278399][0.45037,0.15775,0][-0.662983,-0.167083,0.242329][0.945308,0.169961,-0.278399][0.45037,0.15775,0][-0.671636,-0.154217,0.226625][0.874742,0.302455,-0.378612][0.44983,0.14189,0][-0.652872,-0.102525,0.319237][0.879979,0.375908,-0.290396][0.53835,0.16738,0][-0.662983,-0.167083,0.242329][0.945308,0.169961,-0.278399][0.45037,0.15775,0][-0.657689,-0.180734,0.258964][0.986749,0.0528094,-0.153421][0.45174,0.17374,0][-0.662606,-0.269957,0.189861][0.966916,0.207785,-0.14798][0.37717,0.18736,0][-0.662606,-0.269957,0.189861][0.966916,0.207785,-0.14798][0.37717,0.18736,0][-0.672893,-0.254878,0.160485][0.921125,0.268357,-0.28198][0.36931,0.16184,0][-0.662983,-0.167083,0.242329][0.945308,0.169961,-0.278399][0.45037,0.15775,0][-0.650586,-0.106524,0.322818][0.952187,0.225793,-0.205811][0.53778,0.1687,0][-0.649384,-0.110671,0.326273][0.998837,0.0445489,-0.0184683][0.53756,0.17005,0][-0.657689,-0.180734,0.258964][0.986749,0.0528094,-0.153421][0.45174,0.17374,0][-0.657689,-0.180734,0.258964][0.986749,0.0528094,-0.153421][0.45174,0.17374,0][-0.662983,-0.167083,0.242329][0.945308,0.169961,-0.278399][0.45037,0.15775,0][-0.650586,-0.106524,0.322818][0.952187,0.225793,-0.205811][0.53778,0.1687,0][-0.724703,-0.227724,0.097313][0.0478719,0.714903,-0.697583][0.35774,0.09705,0][-0.706147,-0.2319,0.110297][0.669452,0.488695,-0.559474][0.35875,0.11383,0][-0.70418,-0.337811,0.023721][0.56177,0.5308,-0.634559][0.26669,0.11031,0][-0.70418,-0.337811,0.023721][0.56177,0.5308,-0.634559][0.26669,0.11031,0][-0.728728,-0.339933,0.00676005][0.0781794,0.580182,-0.810726][0.25913,0.08959,0][-0.724703,-0.227724,0.097313][0.0478719,0.714903,-0.697583][0.35774,0.09705,0][-0.706147,-0.2319,0.110297][0.669452,0.488695,-0.559474][0.35875,0.11383,0][-0.688182,-0.241514,0.132545][0.835849,0.361154,-0.41343][0.36284,0.13629,0][-0.678673,-0.341279,0.053464][0.744905,0.472405,-0.471116][0.27753,0.13814,0][-0.678673,-0.341279,0.053464][0.744905,0.472405,-0.471116][0.27753,0.13814,0][-0.70418,-0.337811,0.023721][0.56177,0.5308,-0.634559][0.26669,0.11031,0][-0.706147,-0.2319,0.110297][0.669452,0.488695,-0.559474][0.35875,0.11383,0][-0.688182,-0.241514,0.132545][0.835849,0.361154,-0.41343][0.36284,0.13629,0][-0.672893,-0.254878,0.160485][0.921125,0.268357,-0.28198][0.36931,0.16184,0][-0.655361,-0.349322,0.091157][0.838421,0.436823,-0.325938][0.29132,0.16982,0][-0.655361,-0.349322,0.091157][0.838421,0.436823,-0.325938][0.29132,0.16982,0][-0.678673,-0.341279,0.053464][0.744905,0.472405,-0.471116][0.27753,0.13814,0][-0.688182,-0.241514,0.132545][0.835849,0.361154,-0.41343][0.36284,0.13629,0][-0.655361,-0.349322,0.091157][0.838421,0.436823,-0.325938][0.29132,0.16982,0][-0.672893,-0.254878,0.160485][0.921125,0.268357,-0.28198][0.36931,0.16184,0][-0.662606,-0.269957,0.189861][0.966916,0.207785,-0.14798][0.37717,0.18736,0][-0.662606,-0.269957,0.189861][0.966916,0.207785,-0.14798][0.37717,0.18736,0][-0.637793,-0.360718,0.131062][0.894828,0.40675,-0.183949][0.30636,0.20115,0][-0.655361,-0.349322,0.091157][0.838421,0.436823,-0.325938][0.29132,0.16982,0][-0.662606,-0.269957,0.189861][0.966916,0.207785,-0.14798][0.37717,0.18736,0][-0.658887,-0.284453,0.216204][0.990071,0.111109,0.0861106][0.3859,0.20946,0][-0.628643,-0.373729,0.167104][0.944442,0.32599,0.0419511][0.3201,0.22808,0][-0.628643,-0.373729,0.167104][0.944442,0.32599,0.0419511][0.3201,0.22808,0][-0.637793,-0.360718,0.131062][0.894828,0.40675,-0.183949][0.30636,0.20115,0][-0.662606,-0.269957,0.189861][0.966916,0.207785,-0.14798][0.37717,0.18736,0][-0.658887,-0.284453,0.216204][0.990071,0.111109,0.0861106][0.3859,0.20946,0][-0.662947,-0.296385,0.235687][0.767075,-0.147969,0.62426][0.39455,0.22506,0][-0.630052,-0.386813,0.194082][0.85758,0.120136,0.500124][0.32976,0.24802,0][-0.630052,-0.386813,0.194082][0.85758,0.120136,0.500124][0.32976,0.24802,0][-0.628643,-0.373729,0.167104][0.944442,0.32599,0.0419511][0.3201,0.22808,0][-0.658887,-0.284453,0.216204][0.990071,0.111109,0.0861106][0.3859,0.20946,0][-0.728728,-0.339933,0.00676005][0.0781794,0.580182,-0.810726][0.25913,0.08959,0][-0.70418,-0.337811,0.023721][0.56177,0.5308,-0.634559][0.26669,0.11031,0][-0.671774,-0.444093,-0.037644][0.468488,0.596659,-0.65155][0.18863,0.13929,0][-0.671774,-0.444093,-0.037644][0.468488,0.596659,-0.65155][0.18863,0.13929,0][-0.696293,-0.453492,-0.05609][-0.244704,0.275608,-0.929602][0.17974,0.11664,0][-0.728728,-0.339933,0.00676005][0.0781794,0.580182,-0.810726][0.25913,0.08959,0][-0.70418,-0.337811,0.023721][0.56177,0.5308,-0.634559][0.26669,0.11031,0][-0.678673,-0.341279,0.053464][0.744905,0.472405,-0.471116][0.27753,0.13814,0][-0.644412,-0.44275,-0.00322495][0.656149,0.612657,-0.44059][0.20111,0.16921,0][-0.644412,-0.44275,-0.00322495][0.656149,0.612657,-0.44059][0.20111,0.16921,0][-0.671774,-0.444093,-0.037644][0.468488,0.596659,-0.65155][0.18863,0.13929,0][-0.70418,-0.337811,0.023721][0.56177,0.5308,-0.634559][0.26669,0.11031,0][-0.678673,-0.341279,0.053464][0.744905,0.472405,-0.471116][0.27753,0.13814,0][-0.655361,-0.349322,0.091157][0.838421,0.436823,-0.325938][0.29132,0.16982,0][-0.619266,-0.446611,0.040259][0.744204,0.601122,-0.291225][0.21597,0.20332,0][-0.619266,-0.446611,0.040259][0.744204,0.601122,-0.291225][0.21597,0.20332,0][-0.644412,-0.44275,-0.00322495][0.656149,0.612657,-0.44059][0.20111,0.16921,0][-0.678673,-0.341279,0.053464][0.744905,0.472405,-0.471116][0.27753,0.13814,0][-0.655361,-0.349322,0.091157][0.838421,0.436823,-0.325938][0.29132,0.16982,0][-0.637793,-0.360718,0.131062][0.894828,0.40675,-0.183949][0.30636,0.20115,0][-0.600166,-0.45509,0.086187][0.807778,0.574112,-0.133752][0.23093,0.23716,0][-0.600166,-0.45509,0.086187][0.807778,0.574112,-0.133752][0.23093,0.23716,0][-0.619266,-0.446611,0.040259][0.744204,0.601122,-0.291225][0.21597,0.20332,0][-0.655361,-0.349322,0.091157][0.838421,0.436823,-0.325938][0.29132,0.16982,0][-0.637793,-0.360718,0.131062][0.894828,0.40675,-0.183949][0.30636,0.20115,0][-0.628643,-0.373729,0.167104][0.944442,0.32599,0.0419511][0.3201,0.22808,0][-0.590019,-0.466895,0.127567][0.856621,0.506788,0.0967752][0.24341,0.26651,0][-0.590019,-0.466895,0.127567][0.856621,0.506788,0.0967752][0.24341,0.26651,0][-0.600166,-0.45509,0.086187][0.807778,0.574112,-0.133752][0.23093,0.23716,0][-0.637793,-0.360718,0.131062][0.894828,0.40675,-0.183949][0.30636,0.20115,0][-0.628643,-0.373729,0.167104][0.944442,0.32599,0.0419511][0.3201,0.22808,0][-0.630052,-0.386813,0.194082][0.85758,0.120136,0.500124][0.32976,0.24802,0][-0.591183,-0.48081,0.158412][0.794926,0.267589,0.544508][0.25223,0.28855,0][-0.591183,-0.48081,0.158412][0.794926,0.267589,0.544508][0.25223,0.28855,0][-0.590019,-0.466895,0.127567][0.856621,0.506788,0.0967752][0.24341,0.26651,0][-0.628643,-0.373729,0.167104][0.944442,0.32599,0.0419511][0.3201,0.22808,0][-0.591183,-0.48081,0.158412][0.794926,0.267589,0.544508][0.25223,0.28855,0][-0.607784,-0.496916,0.174717][0.347332,-0.131658,0.928454][0.26019,0.30711,0][-0.565627,-0.543881,0.149701][0.452342,-0.0352781,0.891147][0.21259,0.32796,0][-0.565627,-0.543881,0.149701][0.452342,-0.0352781,0.891147][0.21259,0.32796,0][-0.546722,-0.52937,0.136564][0.711354,0.393074,0.58264][0.20395,0.30958,0][-0.591183,-0.48081,0.158412][0.794926,0.267589,0.544508][0.25223,0.28855,0][-0.661014,-0.201317,0.28408][0.581383,-0.389219,0.714494][0.45888,0.19649,0][-0.673867,-0.202089,0.28347][-0.348621,-0.334092,0.875697][0.46607,0.20346,0][-0.678944,-0.301358,0.241672][0.263952,-0.319887,0.909946][0.40262,0.2365,0][-0.678944,-0.301358,0.241672][0.263952,-0.319887,0.909946][0.40262,0.2365,0][-0.662947,-0.296385,0.235687][0.767075,-0.147969,0.62426][0.39455,0.22506,0][-0.661014,-0.201317,0.28408][0.581383,-0.389219,0.714494][0.45888,0.19649,0][-0.651459,-0.116245,0.329836][0.69825,-0.367703,0.6142][0.53737,0.1724,0][-0.653867,-0.117691,0.330873][0.466908,-0.467453,0.750656][0.53717,0.17369,0][-0.673867,-0.202089,0.28347][-0.348621,-0.334092,0.875697][0.46607,0.20346,0][-0.673867,-0.202089,0.28347][-0.348621,-0.334092,0.875697][0.46607,0.20346,0][-0.661014,-0.201317,0.28408][0.581383,-0.389219,0.714494][0.45888,0.19649,0][-0.651459,-0.116245,0.329836][0.69825,-0.367703,0.6142][0.53737,0.1724,0][-0.662947,-0.296385,0.235687][0.767075,-0.147969,0.62426][0.39455,0.22506,0][-0.678944,-0.301358,0.241672][0.263952,-0.319887,0.909946][0.40262,0.2365,0][-0.646568,-0.398755,0.207591][0.442086,-0.169747,0.880764][0.33775,0.2643,0][-0.646568,-0.398755,0.207591][0.442086,-0.169747,0.880764][0.33775,0.2643,0][-0.630052,-0.386813,0.194082][0.85758,0.120136,0.500124][0.32976,0.24802,0][-0.662947,-0.296385,0.235687][0.767075,-0.147969,0.62426][0.39455,0.22506,0][-0.630052,-0.386813,0.194082][0.85758,0.120136,0.500124][0.32976,0.24802,0][-0.646568,-0.398755,0.207591][0.442086,-0.169747,0.880764][0.33775,0.2643,0][-0.607784,-0.496916,0.174717][0.347332,-0.131658,0.928454][0.26019,0.30711,0][-0.607784,-0.496916,0.174717][0.347332,-0.131658,0.928454][0.26019,0.30711,0][-0.591183,-0.48081,0.158412][0.794926,0.267589,0.544508][0.25223,0.28855,0][-0.630052,-0.386813,0.194082][0.85758,0.120136,0.500124][0.32976,0.24802,0][-0.607784,-0.496916,0.174717][0.347332,-0.131658,0.928454][0.79922,0.93432,0][-0.638417,-0.513655,0.169716][-0.125852,-0.367595,0.921431][0.80719,0.91373,0][-0.59197,-0.570491,0.153567][0.0250361,-0.31938,0.947296][0.8519,0.91512,0][-0.59197,-0.570491,0.153567][0.0250361,-0.31938,0.947296][0.8519,0.91512,0][-0.565627,-0.543881,0.149701][0.452342,-0.0352781,0.891147][0.84233,0.93719,0][-0.607784,-0.496916,0.174717][0.347332,-0.131658,0.928454][0.79922,0.93432,0][-0.638417,-0.513655,0.169716][-0.125852,-0.367595,0.921431][0.80719,0.91373,0][-0.673837,-0.52768,0.152312][-0.424994,-0.469737,0.773775][0.81343,0.88601,0][-0.62669,-0.595572,0.13608][-0.356539,-0.461689,0.812234][0.86535,0.88353,0][-0.62669,-0.595572,0.13608][-0.356539,-0.461689,0.812234][0.86535,0.88353,0][-0.59197,-0.570491,0.153567][0.0250361,-0.31938,0.947296][0.8519,0.91512,0][-0.638417,-0.513655,0.169716][-0.125852,-0.367595,0.921431][0.80719,0.91373,0][-0.673837,-0.52768,0.152312][-0.424994,-0.469737,0.773775][0.81343,0.88601,0][-0.704678,-0.533228,0.121838][-0.669444,-0.509375,0.540723][0.81676,0.85535,0][-0.657662,-0.614041,0.102021][-0.637859,-0.525228,0.563269][0.8776,0.84685,0][-0.657662,-0.614041,0.102021][-0.637859,-0.525228,0.563269][0.8776,0.84685,0][-0.62669,-0.595572,0.13608][-0.356539,-0.461689,0.812234][0.86535,0.88353,0][-0.673837,-0.52768,0.152312][-0.424994,-0.469737,0.773775][0.81343,0.88601,0][-0.704678,-0.533228,0.121838][-0.669444,-0.509375,0.540723][0.81676,0.85535,0][-0.72746,-0.530506,0.084082][-0.832173,-0.488714,0.262007][0.81528,0.82313,0][-0.679093,-0.622095,0.056171][-0.817384,-0.514798,0.258585][0.88529,0.80613,0][-0.679093,-0.622095,0.056171][-0.817384,-0.514798,0.258585][0.88529,0.80613,0][-0.657662,-0.614041,0.102021][-0.637859,-0.525228,0.563269][0.8776,0.84685,0][-0.704678,-0.533228,0.121838][-0.669444,-0.509375,0.540723][0.81676,0.85535,0][-0.72746,-0.530506,0.084082][-0.832173,-0.488714,0.262007][0.81528,0.82313,0][-0.738204,-0.51934,0.043612][-0.909858,-0.413242,-0.0372775][0.80773,0.79203,0][-0.687719,-0.618515,0.00551003][-0.898785,-0.432448,-0.0719311][0.88599,0.76462,0][-0.687719,-0.618515,0.00551003][-0.898785,-0.432448,-0.0719311][0.88599,0.76462,0][-0.679093,-0.622095,0.056171][-0.817384,-0.514798,0.258585][0.88529,0.80613,0][-0.72746,-0.530506,0.084082][-0.832173,-0.488714,0.262007][0.81528,0.82313,0][-0.738204,-0.51934,0.043612][-0.909858,-0.413242,-0.0372775][0.80773,0.79203,0][-0.737612,-0.502818,0.00650603][-0.902069,-0.317578,-0.292259][0.79398,0.7647,0][-0.682228,-0.603846,-0.042251][-0.876114,-0.289185,-0.385741][0.87944,0.72688,0][-0.682228,-0.603846,-0.042251][-0.876114,-0.289185,-0.385741][0.87944,0.72688,0][-0.687719,-0.618515,0.00551003][-0.898785,-0.432448,-0.0719311][0.88599,0.76462,0][-0.738204,-0.51934,0.043612][-0.909858,-0.413242,-0.0372775][0.80773,0.79203,0][-0.737612,-0.502818,0.00650603][-0.902069,-0.317578,-0.292259][0.79398,0.7647,0][-0.728973,-0.484364,-0.025678][-0.800979,-0.139661,-0.582175][0.77494,0.74224,0][-0.664536,-0.581297,-0.079433][-0.747802,-0.111525,-0.654488][0.86762,0.6963,0][-0.664536,-0.581297,-0.079433][-0.747802,-0.111525,-0.654488][0.86762,0.6963,0][-0.682228,-0.603846,-0.042251][-0.876114,-0.289185,-0.385741][0.87944,0.72688,0][-0.737612,-0.502818,0.00650603][-0.902069,-0.317578,-0.292259][0.79398,0.7647,0][-0.728973,-0.484364,-0.025678][-0.800979,-0.139661,-0.582175][0.77494,0.74224,0][-0.712857,-0.468738,-0.039863][-0.655629,-0.000616116,-0.755083][0.75904,0.72592,0][-0.641905,-0.55846,-0.0986589][-0.407631,0.254212,-0.877048][0.85612,0.67742,0][-0.641905,-0.55846,-0.0986589][-0.407631,0.254212,-0.877048][0.85612,0.67742,0][-0.664536,-0.581297,-0.079433][-0.747802,-0.111525,-0.654488][0.86762,0.6963,0][-0.728973,-0.484364,-0.025678][-0.800979,-0.139661,-0.582175][0.77494,0.74224,0][-0.673867,-0.202089,0.28347][-0.348621,-0.334092,0.875697][0.6097,0.94322,0][-0.683138,-0.200953,0.27562][-0.500239,-0.272497,0.821892][0.61039,0.93319,0][-0.701033,-0.308041,0.242667][-0.125183,-0.29609,0.946921][0.67257,0.91014,0][-0.701033,-0.308041,0.242667][-0.125183,-0.29609,0.946921][0.67257,0.91014,0][-0.678944,-0.301358,0.241672][0.263952,-0.319887,0.909946][0.66912,0.92493,0][-0.673867,-0.202089,0.28347][-0.348621,-0.334092,0.875697][0.6097,0.94322,0][-0.653867,-0.117691,0.330873][0.466908,-0.467453,0.750656][0.54319,0.96036,0][-0.657322,-0.118462,0.332095][0.160384,-0.491538,0.85596][0.54327,0.95941,0][-0.683138,-0.200953,0.27562][-0.500239,-0.272497,0.821892][0.61039,0.93319,0][-0.683138,-0.200953,0.27562][-0.500239,-0.272497,0.821892][0.61039,0.93319,0][-0.673867,-0.202089,0.28347][-0.348621,-0.334092,0.875697][0.6097,0.94322,0][-0.653867,-0.117691,0.330873][0.466908,-0.467453,0.750656][0.54319,0.96036,0][-0.683138,-0.200953,0.27562][-0.500239,-0.272497,0.821892][0.61039,0.93319,0][-0.695478,-0.199376,0.27099][-0.530801,-0.232772,0.814903][0.60889,0.92134,0][-0.729104,-0.307836,0.233077][-0.491194,-0.227489,0.840819][0.67362,0.8924,0][-0.729104,-0.307836,0.233077][-0.491194,-0.227489,0.840819][0.67362,0.8924,0][-0.701033,-0.308041,0.242667][-0.125183,-0.29609,0.946921][0.67257,0.91014,0][-0.683138,-0.200953,0.27562][-0.500239,-0.272497,0.821892][0.61039,0.93319,0][-0.657322,-0.118462,0.332095][0.160384,-0.491538,0.85596][0.54327,0.95941,0][-0.661831,-0.117598,0.332204][-0.323623,-0.35055,0.878853][0.54293,0.95822,0][-0.695478,-0.199376,0.27099][-0.530801,-0.232772,0.814903][0.60889,0.92134,0][-0.695478,-0.199376,0.27099][-0.530801,-0.232772,0.814903][0.60889,0.92134,0][-0.683138,-0.200953,0.27562][-0.500239,-0.272497,0.821892][0.61039,0.93319,0][-0.657322,-0.118462,0.332095][0.160384,-0.491538,0.85596][0.54327,0.95941,0][-0.695478,-0.199376,0.27099][-0.530801,-0.232772,0.814903][0.60889,0.92134,0][-0.706511,-0.194249,0.262105][-0.761073,-0.0399155,0.647436][0.60496,0.9101,0][-0.754014,-0.301668,0.214145][-0.743664,-0.117942,0.658069][0.67148,0.87476,0][-0.754014,-0.301668,0.214145][-0.743664,-0.117942,0.658069][0.67148,0.87476,0][-0.729104,-0.307836,0.233077][-0.491194,-0.227489,0.840819][0.67362,0.8924,0][-0.695478,-0.199376,0.27099][-0.530801,-0.232772,0.814903][0.60889,0.92134,0][-0.661831,-0.117598,0.332204][-0.323623,-0.35055,0.878853][0.54293,0.95822,0][-0.666082,-0.114748,0.330003][-0.672987,-0.102969,0.732452][0.5421,0.9571,0][-0.706511,-0.194249,0.262105][-0.761073,-0.0399155,0.647436][0.60496,0.9101,0][-0.706511,-0.194249,0.262105][-0.761073,-0.0399155,0.647436][0.60496,0.9101,0][-0.695478,-0.199376,0.27099][-0.530801,-0.232772,0.814903][0.60889,0.92134,0][-0.661831,-0.117598,0.332204][-0.323623,-0.35055,0.878853][0.54293,0.95822,0][-0.706511,-0.194249,0.262105][-0.761073,-0.0399155,0.647436][0.60496,0.9101,0][-0.713839,-0.186177,0.250271][-0.868789,0.126315,0.478801][0.59897,0.8997,0][-0.772059,-0.290131,0.188625][-0.900569,0.0237386,0.434065][0.66579,0.85763,0][-0.772059,-0.290131,0.188625][-0.900569,0.0237386,0.434065][0.66579,0.85763,0][-0.754014,-0.301668,0.214145][-0.743664,-0.117942,0.658069][0.67148,0.87476,0][-0.706511,-0.194249,0.262105][-0.761073,-0.0399155,0.647436][0.60496,0.9101,0][-0.666082,-0.114748,0.330003][-0.672987,-0.102969,0.732452][0.5421,0.9571,0][-0.668954,-0.11095,0.326489][-0.834938,0.179453,0.520265][0.54095,0.95612,0][-0.713839,-0.186177,0.250271][-0.868789,0.126315,0.478801][0.59897,0.8997,0][-0.713839,-0.186177,0.250271][-0.868789,0.126315,0.478801][0.59897,0.8997,0][-0.706511,-0.194249,0.262105][-0.761073,-0.0399155,0.647436][0.60496,0.9101,0][-0.666082,-0.114748,0.330003][-0.672987,-0.102969,0.732452][0.5421,0.9571,0][-0.713839,-0.186177,0.250271][-0.868789,0.126315,0.478801][0.59897,0.8997,0][-0.717436,-0.176349,0.238078][-0.906974,0.293523,0.302065][0.5912,0.89047,0][-0.780248,-0.274672,0.159643][-0.965552,0.208585,0.155568][0.65667,0.84177,0][-0.780248,-0.274672,0.159643][-0.965552,0.208585,0.155568][0.65667,0.84177,0][-0.772059,-0.290131,0.188625][-0.900569,0.0237386,0.434065][0.66579,0.85763,0][-0.713839,-0.186177,0.250271][-0.868789,0.126315,0.478801][0.59897,0.8997,0][-0.668954,-0.11095,0.326489][-0.834938,0.179453,0.520265][0.54095,0.95612,0][-0.669307,-0.107292,0.322233][-0.8216,0.531268,0.206707][0.53972,0.95526,0][-0.717436,-0.176349,0.238078][-0.906974,0.293523,0.302065][0.5912,0.89047,0][-0.717436,-0.176349,0.238078][-0.906974,0.293523,0.302065][0.5912,0.89047,0][-0.713839,-0.186177,0.250271][-0.868789,0.126315,0.478801][0.59897,0.8997,0][-0.668954,-0.11095,0.326489][-0.834938,0.179453,0.520265][0.54095,0.95612,0][-0.717436,-0.176349,0.238078][-0.906974,0.293523,0.302065][0.5912,0.89047,0][-0.71589,-0.16621,0.226401][-0.909563,0.369052,0.19104][0.58204,0.88267,0][-0.774728,-0.258198,0.131952][-0.920791,0.377466,-0.0983029][0.64483,0.82783,0][-0.774728,-0.258198,0.131952][-0.920791,0.377466,-0.0983029][0.64483,0.82783,0][-0.780248,-0.274672,0.159643][-0.965552,0.208585,0.155568][0.65667,0.84177,0][-0.717436,-0.176349,0.238078][-0.906974,0.293523,0.302065][0.5912,0.89047,0][-0.669307,-0.107292,0.322233][-0.8216,0.531268,0.206707][0.53972,0.95526,0][-0.666768,-0.104583,0.318518][-0.729072,0.682315,0.0538507][0.53845,0.95457,0][-0.71589,-0.16621,0.226401][-0.909563,0.369052,0.19104][0.58204,0.88267,0][-0.71589,-0.16621,0.226401][-0.909563,0.369052,0.19104][0.58204,0.88267,0][-0.717436,-0.176349,0.238078][-0.906974,0.293523,0.302065][0.5912,0.89047,0][-0.669307,-0.107292,0.322233][-0.8216,0.531268,0.206707][0.53972,0.95526,0][-0.71589,-0.16621,0.226401][-0.909563,0.369052,0.19104][0.58204,0.88267,0][-0.713395,-0.154158,0.216946][-0.870587,0.490192,0.0423141][0.5719,0.87646,0][-0.76176,-0.242169,0.109401][-0.717455,0.580652,-0.38484][0.63115,0.81622,0][-0.76176,-0.242169,0.109401][-0.717455,0.580652,-0.38484][0.63115,0.81622,0][-0.774728,-0.258198,0.131952][-0.920791,0.377466,-0.0983029][0.64483,0.82783,0][-0.71589,-0.16621,0.226401][-0.909563,0.369052,0.19104][0.58204,0.88267,0][-0.666768,-0.104583,0.318518][-0.729072,0.682315,0.0538507][0.53845,0.95457,0][-0.664159,-0.101448,0.315953][-0.761869,0.63922,0.104659][0.53716,0.95419,0][-0.713395,-0.154158,0.216946][-0.870587,0.490192,0.0423141][0.5719,0.87646,0][-0.713395,-0.154158,0.216946][-0.870587,0.490192,0.0423141][0.5719,0.87646,0][-0.71589,-0.16621,0.226401][-0.909563,0.369052,0.19104][0.58204,0.88267,0][-0.666768,-0.104583,0.318518][-0.729072,0.682315,0.0538507][0.53845,0.95457,0][-0.713395,-0.154158,0.216946][-0.870587,0.490192,0.0423141][0.5719,0.87646,0][-0.703605,-0.141856,0.208381][-0.596303,0.75864,-0.262464][0.56316,0.8726,0][-0.739738,-0.23545,0.098903][-0.445144,0.672083,-0.591735][0.61901,0.80853,0][-0.739738,-0.23545,0.098903][-0.445144,0.672083,-0.591735][0.61901,0.80853,0][-0.76176,-0.242169,0.109401][-0.717455,0.580652,-0.38484][0.63115,0.81622,0][-0.713395,-0.154158,0.216946][-0.870587,0.490192,0.0423141][0.5719,0.87646,0][-0.664159,-0.101448,0.315953][-0.761869,0.63922,0.104659][0.53716,0.95419,0][-0.661861,-0.098093,0.31436][-0.506638,0.860002,-0.0609583][0.53616,0.95417,0][-0.703605,-0.141856,0.208381][-0.596303,0.75864,-0.262464][0.56316,0.8726,0][-0.703605,-0.141856,0.208381][-0.596303,0.75864,-0.262464][0.56316,0.8726,0][-0.713395,-0.154158,0.216946][-0.870587,0.490192,0.0423141][0.5719,0.87646,0][-0.664159,-0.101448,0.315953][-0.761869,0.63922,0.104659][0.53716,0.95419,0][-0.76176,-0.242169,0.109401][-0.717455,0.580652,-0.38484][0.63115,0.81622,0][-0.739738,-0.23545,0.098903][-0.445144,0.672083,-0.591735][0.61901,0.80853,0][-0.751496,-0.349599,0.00665905][-0.511721,0.395496,-0.762708][0.69421,0.75901,0][-0.751496,-0.349599,0.00665905][-0.511721,0.395496,-0.762708][0.69421,0.75901,0][-0.773104,-0.365859,0.024021][-0.839201,0.155518,-0.521111][0.7096,0.77116,0][-0.76176,-0.242169,0.109401][-0.717455,0.580652,-0.38484][0.63115,0.81622,0][-0.678944,-0.301358,0.241672][0.263952,-0.319887,0.909946][0.66912,0.92493,0][-0.701033,-0.308041,0.242667][-0.125183,-0.29609,0.946921][0.67257,0.91014,0][-0.674554,-0.412688,0.210835][0.0132201,-0.340172,0.94027][0.73438,0.90766,0][-0.674554,-0.412688,0.210835][0.0132201,-0.340172,0.94027][0.73438,0.90766,0][-0.646568,-0.398755,0.207591][0.442086,-0.169747,0.880764][0.72779,0.92501,0][-0.678944,-0.301358,0.241672][0.263952,-0.319887,0.909946][0.66912,0.92493,0][-0.701033,-0.308041,0.242667][-0.125183,-0.29609,0.946921][0.67257,0.91014,0][-0.729104,-0.307836,0.233077][-0.491194,-0.227489,0.840819][0.67362,0.8924,0][-0.711799,-0.422201,0.198866][-0.374533,-0.411132,0.831081][0.74123,0.88442,0][-0.711799,-0.422201,0.198866][-0.374533,-0.411132,0.831081][0.74123,0.88442,0][-0.674554,-0.412688,0.210835][0.0132201,-0.340172,0.94027][0.73438,0.90766,0][-0.701033,-0.308041,0.242667][-0.125183,-0.29609,0.946921][0.67257,0.91014,0][-0.729104,-0.307836,0.233077][-0.491194,-0.227489,0.840819][0.67362,0.8924,0][-0.754014,-0.301668,0.214145][-0.743664,-0.117942,0.658069][0.67148,0.87476,0][-0.747018,-0.424462,0.173029][-0.665916,-0.402424,0.62818][0.74463,0.85948,0][-0.747018,-0.424462,0.173029][-0.665916,-0.402424,0.62818][0.74463,0.85948,0][-0.711799,-0.422201,0.198866][-0.374533,-0.411132,0.831081][0.74123,0.88442,0][-0.729104,-0.307836,0.233077][-0.491194,-0.227489,0.840819][0.67362,0.8924,0][-0.754014,-0.301668,0.214145][-0.743664,-0.117942,0.658069][0.67148,0.87476,0][-0.772059,-0.290131,0.188625][-0.900569,0.0237386,0.434065][0.66579,0.85763,0][-0.77381,-0.418473,0.136762][-0.87153,-0.331634,0.361186][0.74339,0.83412,0][-0.77381,-0.418473,0.136762][-0.87153,-0.331634,0.361186][0.74339,0.83412,0][-0.747018,-0.424462,0.173029][-0.665916,-0.402424,0.62818][0.74463,0.85948,0][-0.754014,-0.301668,0.214145][-0.743664,-0.117942,0.658069][0.67148,0.87476,0][-0.772059,-0.290131,0.188625][-0.900569,0.0237386,0.434065][0.66579,0.85763,0][-0.780248,-0.274672,0.159643][-0.965552,0.208585,0.155568][0.65667,0.84177,0][-0.787585,-0.405023,0.09563][-0.974833,-0.213451,0.064334][0.73684,0.81019,0][-0.787585,-0.405023,0.09563][-0.974833,-0.213451,0.064334][0.73684,0.81019,0][-0.77381,-0.418473,0.136762][-0.87153,-0.331634,0.361186][0.74339,0.83412,0][-0.772059,-0.290131,0.188625][-0.900569,0.0237386,0.434065][0.66579,0.85763,0][-0.780248,-0.274672,0.159643][-0.965552,0.208585,0.155568][0.65667,0.84177,0][-0.774728,-0.258198,0.131952][-0.920791,0.377466,-0.0983029][0.64483,0.82783,0][-0.787013,-0.386345,0.055981][-0.971713,-0.0462996,-0.231584][0.72526,0.78907,0][-0.787013,-0.386345,0.055981][-0.971713,-0.0462996,-0.231584][0.72526,0.78907,0][-0.787585,-0.405023,0.09563][-0.974833,-0.213451,0.064334][0.73684,0.81019,0][-0.780248,-0.274672,0.159643][-0.965552,0.208585,0.155568][0.65667,0.84177,0][-0.774728,-0.258198,0.131952][-0.920791,0.377466,-0.0983029][0.64483,0.82783,0][-0.76176,-0.242169,0.109401][-0.717455,0.580652,-0.38484][0.63115,0.81622,0][-0.773104,-0.365859,0.024021][-0.839201,0.155518,-0.521111][0.7096,0.77116,0][-0.773104,-0.365859,0.024021][-0.839201,0.155518,-0.521111][0.7096,0.77116,0][-0.787013,-0.386345,0.055981][-0.971713,-0.0462996,-0.231584][0.72526,0.78907,0][-0.774728,-0.258198,0.131952][-0.920791,0.377466,-0.0983029][0.64483,0.82783,0][-0.787013,-0.386345,0.055981][-0.971713,-0.0462996,-0.231584][0.72526,0.78907,0][-0.773104,-0.365859,0.024021][-0.839201,0.155518,-0.521111][0.7096,0.77116,0][-0.728973,-0.484364,-0.025678][-0.800979,-0.139661,-0.582175][0.77494,0.74224,0][-0.728973,-0.484364,-0.025678][-0.800979,-0.139661,-0.582175][0.77494,0.74224,0][-0.737612,-0.502818,0.00650603][-0.902069,-0.317578,-0.292259][0.79398,0.7647,0][-0.787013,-0.386345,0.055981][-0.971713,-0.0462996,-0.231584][0.72526,0.78907,0][-0.773104,-0.365859,0.024021][-0.839201,0.155518,-0.521111][0.7096,0.77116,0][-0.751496,-0.349599,0.00665905][-0.511721,0.395496,-0.762708][0.69421,0.75901,0][-0.712857,-0.468738,-0.039863][-0.655629,-0.000616116,-0.755083][0.75904,0.72592,0][-0.712857,-0.468738,-0.039863][-0.655629,-0.000616116,-0.755083][0.75904,0.72592,0][-0.728973,-0.484364,-0.025678][-0.800979,-0.139661,-0.582175][0.77494,0.74224,0][-0.773104,-0.365859,0.024021][-0.839201,0.155518,-0.521111][0.7096,0.77116,0][-0.646568,-0.398755,0.207591][0.442086,-0.169747,0.880764][0.72779,0.92501,0][-0.674554,-0.412688,0.210835][0.0132201,-0.340172,0.94027][0.73438,0.90766,0][-0.638417,-0.513655,0.169716][-0.125852,-0.367595,0.921431][0.80719,0.91373,0][-0.638417,-0.513655,0.169716][-0.125852,-0.367595,0.921431][0.80719,0.91373,0][-0.607784,-0.496916,0.174717][0.347332,-0.131658,0.928454][0.79922,0.93432,0][-0.646568,-0.398755,0.207591][0.442086,-0.169747,0.880764][0.72779,0.92501,0][-0.674554,-0.412688,0.210835][0.0132201,-0.340172,0.94027][0.73438,0.90766,0][-0.711799,-0.422201,0.198866][-0.374533,-0.411132,0.831081][0.74123,0.88442,0][-0.673837,-0.52768,0.152312][-0.424994,-0.469737,0.773775][0.81343,0.88601,0][-0.673837,-0.52768,0.152312][-0.424994,-0.469737,0.773775][0.81343,0.88601,0][-0.638417,-0.513655,0.169716][-0.125852,-0.367595,0.921431][0.80719,0.91373,0][-0.674554,-0.412688,0.210835][0.0132201,-0.340172,0.94027][0.73438,0.90766,0][-0.711799,-0.422201,0.198866][-0.374533,-0.411132,0.831081][0.74123,0.88442,0][-0.747018,-0.424462,0.173029][-0.665916,-0.402424,0.62818][0.74463,0.85948,0][-0.704678,-0.533228,0.121838][-0.669444,-0.509375,0.540723][0.81676,0.85535,0][-0.704678,-0.533228,0.121838][-0.669444,-0.509375,0.540723][0.81676,0.85535,0][-0.673837,-0.52768,0.152312][-0.424994,-0.469737,0.773775][0.81343,0.88601,0][-0.711799,-0.422201,0.198866][-0.374533,-0.411132,0.831081][0.74123,0.88442,0][-0.747018,-0.424462,0.173029][-0.665916,-0.402424,0.62818][0.74463,0.85948,0][-0.77381,-0.418473,0.136762][-0.87153,-0.331634,0.361186][0.74339,0.83412,0][-0.72746,-0.530506,0.084082][-0.832173,-0.488714,0.262007][0.81528,0.82313,0][-0.72746,-0.530506,0.084082][-0.832173,-0.488714,0.262007][0.81528,0.82313,0][-0.704678,-0.533228,0.121838][-0.669444,-0.509375,0.540723][0.81676,0.85535,0][-0.747018,-0.424462,0.173029][-0.665916,-0.402424,0.62818][0.74463,0.85948,0][-0.77381,-0.418473,0.136762][-0.87153,-0.331634,0.361186][0.74339,0.83412,0][-0.787585,-0.405023,0.09563][-0.974833,-0.213451,0.064334][0.73684,0.81019,0][-0.738204,-0.51934,0.043612][-0.909858,-0.413242,-0.0372775][0.80773,0.79203,0][-0.738204,-0.51934,0.043612][-0.909858,-0.413242,-0.0372775][0.80773,0.79203,0][-0.72746,-0.530506,0.084082][-0.832173,-0.488714,0.262007][0.81528,0.82313,0][-0.77381,-0.418473,0.136762][-0.87153,-0.331634,0.361186][0.74339,0.83412,0][-0.787585,-0.405023,0.09563][-0.974833,-0.213451,0.064334][0.73684,0.81019,0][-0.787013,-0.386345,0.055981][-0.971713,-0.0462996,-0.231584][0.72526,0.78907,0][-0.737612,-0.502818,0.00650603][-0.902069,-0.317578,-0.292259][0.79398,0.7647,0][-0.737612,-0.502818,0.00650603][-0.902069,-0.317578,-0.292259][0.79398,0.7647,0][-0.738204,-0.51934,0.043612][-0.909858,-0.413242,-0.0372775][0.80773,0.79203,0][-0.787585,-0.405023,0.09563][-0.974833,-0.213451,0.064334][0.73684,0.81019,0][-0.712857,-0.468738,-0.039863][-0.655629,-0.000616116,-0.755083][0.17224,0.09746,0][-0.696293,-0.453492,-0.05609][-0.244704,0.275608,-0.929602][0.17974,0.11664,0][-0.616914,-0.543136,-0.095028][0.0396328,0.508371,-0.860226][0.06826,0.18271,0][-0.616914,-0.543136,-0.095028][0.0396328,0.508371,-0.860226][0.06826,0.18271,0][-0.641905,-0.55846,-0.0986589][-0.407631,0.254212,-0.877048][0.05566,0.16686,0][-0.712857,-0.468738,-0.039863][-0.655629,-0.000616116,-0.755083][0.17224,0.09746,0][-0.703605,-0.141856,0.208381][-0.596303,0.75864,-0.262464][0.45553,0.11179,0][-0.693774,-0.138509,0.207116][0.141319,0.841163,-0.521991][0.45183,0.11924,0][-0.724703,-0.227724,0.097313][0.0478719,0.714903,-0.697583][0.35774,0.09705,0][-0.724703,-0.227724,0.097313][0.0478719,0.714903,-0.697583][0.35774,0.09705,0][-0.739738,-0.23545,0.098903][-0.445144,0.672083,-0.591735][0.36016,0.08319,0][-0.703605,-0.141856,0.208381][-0.596303,0.75864,-0.262464][0.45553,0.11179,0][-0.661861,-0.098093,0.31436][-0.506638,0.860002,-0.0609583][0.54039,0.16443,0][-0.65878,-0.0975504,0.314561][0.252632,0.914617,-0.315678][0.53972,0.16535,0][-0.693774,-0.138509,0.207116][0.141319,0.841163,-0.521991][0.45183,0.11924,0][-0.693774,-0.138509,0.207116][0.141319,0.841163,-0.521991][0.45183,0.11924,0][-0.703605,-0.141856,0.208381][-0.596303,0.75864,-0.262464][0.45553,0.11179,0][-0.661861,-0.098093,0.31436][-0.506638,0.860002,-0.0609583][0.54039,0.16443,0][-0.739738,-0.23545,0.098903][-0.445144,0.672083,-0.591735][0.36016,0.08319,0][-0.724703,-0.227724,0.097313][0.0478719,0.714903,-0.697583][0.35774,0.09705,0][-0.728728,-0.339933,0.00676005][0.0781794,0.580182,-0.810726][0.25913,0.08959,0][-0.728728,-0.339933,0.00676005][0.0781794,0.580182,-0.810726][0.25913,0.08959,0][-0.751496,-0.349599,0.00665905][-0.511721,0.395496,-0.762708][0.25447,0.07217,0][-0.739738,-0.23545,0.098903][-0.445144,0.672083,-0.591735][0.36016,0.08319,0][-0.751496,-0.349599,0.00665905][-0.511721,0.395496,-0.762708][0.25447,0.07217,0][-0.728728,-0.339933,0.00676005][0.0781794,0.580182,-0.810726][0.25913,0.08959,0][-0.696293,-0.453492,-0.05609][-0.244704,0.275608,-0.929602][0.17974,0.11664,0][-0.696293,-0.453492,-0.05609][-0.244704,0.275608,-0.929602][0.17974,0.11664,0][-0.712857,-0.468738,-0.039863][-0.655629,-0.000616116,-0.755083][0.17224,0.09746,0][-0.751496,-0.349599,0.00665905][-0.511721,0.395496,-0.762708][0.25447,0.07217,0][-0.649881,-0.11401,0.328525][0.933986,-0.184645,0.305902][0.53749,0.17129,0][-0.649384,-0.110671,0.326273][0.998837,0.0445489,-0.0184683][0.53756,0.17005,0][-0.651751,-0.0936909,0.340673][0.274376,0.649264,0.709347][0.54286,0.16887,0][-0.651459,-0.116245,0.329836][0.69825,-0.367703,0.6142][0.53737,0.1724,0][-0.649881,-0.11401,0.328525][0.933986,-0.184645,0.305902][0.53749,0.17129,0][-0.651751,-0.0936909,0.340673][0.274376,0.649264,0.709347][0.54286,0.16887,0][-0.653867,-0.117691,0.330873][0.466908,-0.467453,0.750656][0.53717,0.17369,0][-0.651459,-0.116245,0.329836][0.69825,-0.367703,0.6142][0.53737,0.1724,0][-0.651751,-0.0936909,0.340673][0.274376,0.649264,0.709347][0.54286,0.16887,0][-0.657322,-0.118462,0.332095][0.160384,-0.491538,0.85596][0.54327,0.95941,0][-0.653867,-0.117691,0.330873][0.466908,-0.467453,0.750656][0.54319,0.96036,0][-0.651751,-0.0936909,0.340673][0.274376,0.649264,0.709347][0.53819,0.9586,0][-0.661831,-0.117598,0.332204][-0.323623,-0.35055,0.878853][0.54293,0.95822,0][-0.657322,-0.118462,0.332095][0.160384,-0.491538,0.85596][0.54327,0.95941,0][-0.651751,-0.0936909,0.340673][0.274376,0.649264,0.709347][0.53819,0.9586,0][-0.666082,-0.114748,0.330003][-0.672987,-0.102969,0.732452][0.5421,0.9571,0][-0.661831,-0.117598,0.332204][-0.323623,-0.35055,0.878853][0.54293,0.95822,0][-0.651751,-0.0936909,0.340673][0.274376,0.649264,0.709347][0.53819,0.9586,0][-0.668954,-0.11095,0.326489][-0.834938,0.179453,0.520265][0.54095,0.95612,0][-0.666082,-0.114748,0.330003][-0.672987,-0.102969,0.732452][0.5421,0.9571,0][-0.651751,-0.0936909,0.340673][0.274376,0.649264,0.709347][0.53819,0.9586,0][-0.669307,-0.107292,0.322233][-0.8216,0.531268,0.206707][0.53972,0.95526,0][-0.668954,-0.11095,0.326489][-0.834938,0.179453,0.520265][0.54095,0.95612,0][-0.651751,-0.0936909,0.340673][0.274376,0.649264,0.709347][0.53819,0.9586,0][-0.666768,-0.104583,0.318518][-0.729072,0.682315,0.0538507][0.53845,0.95457,0][-0.669307,-0.107292,0.322233][-0.8216,0.531268,0.206707][0.53972,0.95526,0][-0.651751,-0.0936909,0.340673][0.274376,0.649264,0.709347][0.53819,0.9586,0][-0.664159,-0.101448,0.315953][-0.761869,0.63922,0.104659][0.53716,0.95419,0][-0.666768,-0.104583,0.318518][-0.729072,0.682315,0.0538507][0.53845,0.95457,0][-0.651751,-0.0936909,0.340673][0.274376,0.649264,0.709347][0.53819,0.9586,0][-0.661861,-0.098093,0.31436][-0.506638,0.860002,-0.0609583][0.53616,0.95417,0][-0.664159,-0.101448,0.315953][-0.761869,0.63922,0.104659][0.53716,0.95419,0][-0.651751,-0.0936909,0.340673][0.274376,0.649264,0.709347][0.53819,0.9586,0][-0.65878,-0.0975504,0.314561][0.252632,0.914617,-0.315678][0.53972,0.16535,0][-0.661861,-0.098093,0.31436][-0.506638,0.860002,-0.0609583][0.54039,0.16443,0][-0.651751,-0.0936909,0.340673][0.274376,0.649264,0.709347][0.54286,0.16887,0][-0.65572,-0.0993347,0.316321][0.731639,0.588226,-0.34452][0.53909,0.16625,0][-0.65878,-0.0975504,0.314561][0.252632,0.914617,-0.315678][0.53972,0.16535,0][-0.651751,-0.0936909,0.340673][0.274376,0.649264,0.709347][0.54286,0.16887,0][-0.652872,-0.102525,0.319237][0.879979,0.375908,-0.290396][0.53835,0.16738,0][-0.65572,-0.0993347,0.316321][0.731639,0.588226,-0.34452][0.53909,0.16625,0][-0.651751,-0.0936909,0.340673][0.274376,0.649264,0.709347][0.54286,0.16887,0][-0.650586,-0.106524,0.322818][0.952187,0.225793,-0.205811][0.53778,0.1687,0][-0.652872,-0.102525,0.319237][0.879979,0.375908,-0.290396][0.53835,0.16738,0][-0.651751,-0.0936909,0.340673][0.274376,0.649264,0.709347][0.54286,0.16887,0][-0.649384,-0.110671,0.326273][0.998837,0.0445489,-0.0184683][0.53756,0.17005,0][-0.650586,-0.106524,0.322818][0.952187,0.225793,-0.205811][0.53778,0.1687,0][-0.651751,-0.0936909,0.340673][0.274376,0.649264,0.709347][0.54286,0.16887,0][-0.565627,-0.543881,0.149701][0.653949,-0.691868,-0.306053][0.251268,0.812573,0][-0.59197,-0.570491,0.153567][0.653949,-0.691869,-0.306053][0.253571,0.820087,0][-0.62669,-0.595572,0.13608][0.653949,-0.691869,-0.306053][0.249639,0.828112,0][-0.62669,-0.595572,0.13608][0.630115,-0.759607,-0.161097][0.249639,0.828112,0][-0.657662,-0.614041,0.102021][0.630115,-0.759607,-0.161097][0.240624,0.834966,0][-0.679093,-0.622095,0.056171][0.630115,-0.759607,-0.161097][0.227739,0.839337,0][-0.679093,-0.622095,0.056171][0.629915,-0.759805,-0.160948][0.227739,0.839337,0][-0.687719,-0.618515,0.00551003][0.629915,-0.759805,-0.160948][0.212945,0.840562,0][-0.682228,-0.603846,-0.042251][0.629915,-0.759805,-0.160948][0.198494,0.838454,0][-0.62669,-0.595572,0.13608][0.629961,-0.759767,-0.160943][0.249639,0.828112,0][-0.679093,-0.622095,0.056171][0.629961,-0.759768,-0.160943][0.227739,0.839337,0][-0.682228,-0.603846,-0.042251][0.629961,-0.759767,-0.160943][0.198494,0.838454,0][-0.682228,-0.603846,-0.042251][0.62988,-0.759808,-0.161067][0.198494,0.838454,0][-0.664536,-0.581297,-0.079433][0.62988,-0.759808,-0.161067][0.186749,0.833598,0][-0.641905,-0.55846,-0.0986589][0.62988,-0.759808,-0.161067][0.180176,0.827859,0][-0.641905,-0.55846,-0.0986589][0.490143,-0.847542,0.203547][0.180176,0.827859,0][-0.616914,-0.543136,-0.095028][0.490143,-0.847542,0.203547][0.180542,0.82327,0][-0.59758,-0.526918,-0.074058][0.490143,-0.847542,0.203547][0.185876,0.817651,0][-0.682228,-0.603846,-0.042251][0.629976,-0.759753,-0.160955][0.198494,0.838454,0][-0.641905,-0.55846,-0.0986589][0.629976,-0.759753,-0.160955][0.180176,0.827859,0][-0.59758,-0.526918,-0.074058][0.629976,-0.759753,-0.160955][0.185876,0.817651,0][-0.59758,-0.526918,-0.074058][0.630093,-0.759646,-0.160998][0.185876,0.817651,0][-0.576532,-0.517468,-0.036271][0.630093,-0.759646,-0.160998][0.19637,0.813236,0][-0.558586,-0.512578,0.010889][0.630093,-0.759646,-0.160998][0.209775,0.809721,0][-0.558586,-0.512578,0.010889][0.630316,-0.759454,-0.161034][0.209775,0.809721,0][-0.546475,-0.512991,0.060241][0.630316,-0.759454,-0.161034][0.224049,0.807639,0][-0.542041,-0.518647,0.104272][0.630316,-0.759454,-0.161034][0.23702,0.80731,0][-0.59758,-0.526918,-0.074058][0.630111,-0.759629,-0.161009][0.185876,0.817651,0][-0.558586,-0.512578,0.010889][0.630111,-0.759629,-0.161009][0.209775,0.809721,0][-0.542041,-0.518647,0.104272][0.630111,-0.759629,-0.161009][0.23702,0.80731,0][-0.682228,-0.603846,-0.042251][0.629974,-0.759753,-0.16096][0.198494,0.838454,0][-0.59758,-0.526918,-0.074058][0.629974,-0.759753,-0.16096][0.185876,0.817651,0][-0.542041,-0.518647,0.104272][0.629974,-0.759753,-0.16096][0.23702,0.80731,0][-0.62669,-0.595572,0.13608][0.629964,-0.759765,-0.160944][0.249639,0.828112,0][-0.682228,-0.603846,-0.042251][0.629964,-0.759765,-0.160944][0.198494,0.838454,0][-0.542041,-0.518647,0.104272][0.629964,-0.759765,-0.160944][0.23702,0.80731,0][-0.565627,-0.543881,0.149701][0.654229,-0.752245,-0.0781816][0.251268,0.812573,0][-0.62669,-0.595572,0.13608][0.654229,-0.752245,-0.0781816][0.249639,0.828112,0][-0.542041,-0.518647,0.104272][0.654229,-0.752245,-0.0781816][0.23702,0.80731,0][-0.546722,-0.52937,0.136564][0.501552,-0.840173,-0.20629][0.246826,0.808967,0][-0.565627,-0.543881,0.149701][0.501552,-0.840173,-0.20629][0.251268,0.812573,0][-0.542041,-0.518647,0.104272][0.501552,-0.840173,-0.20629][0.23702,0.80731,0][-0.37756,-0.461513,-0.030477][0.289879,-0.956784,0.0231226][0.195549,0.796814,0][-0.459625,-0.487122,-0.06133][0.289879,-0.956784,0.0231226][0.187778,0.805587,0][-0.530385,-0.510114,-0.125626][0.289879,-0.956784,0.0231226][0.170231,0.815096,0][-0.530385,-0.510114,-0.125626][0.289853,-0.956791,0.0231581][0.170231,0.815096,0][-0.576391,-0.526202,-0.214508][0.289853,-0.956791,0.0231581][0.145274,0.823707,0][-0.590638,-0.532937,-0.314443][0.289853,-0.956791,0.0231581][0.116707,0.830108,0][-0.590638,-0.532937,-0.314443][0.289881,-0.956782,0.0231714][0.116707,0.830108,0][-0.570958,-0.529294,-0.410219][0.289881,-0.956782,0.0231714][0.0888782,0.833327,0][-0.523023,-0.516614,-0.486322][0.289881,-0.956782,0.0231714][0.0663295,0.833057,0][-0.530385,-0.510114,-0.125626][0.289851,-0.956792,0.0231587][0.170231,0.815096,0][-0.590638,-0.532937,-0.314443][0.289851,-0.956791,0.0231587][0.116707,0.830108,0][-0.523023,-0.516614,-0.486322][0.289851,-0.956792,0.0231587][0.0663295,0.833057,0][-0.523023,-0.516614,-0.486322][0.289847,-0.956793,0.0231322][0.0663295,0.833057,0][-0.46547,-0.500168,-0.527219][0.289847,-0.956793,0.0231322][0.0537826,0.83013,0][-0.410792,-0.48356,-0.525386][0.289847,-0.956793,0.0231322][0.0535715,0.825251,0][-0.410792,-0.48356,-0.525386][0.289893,-0.95678,0.0231271][0.0535715,0.825251,0][-0.361003,-0.467457,-0.483299][0.289893,-0.95678,0.0231271][0.0650108,0.818723,0][-0.314856,-0.451714,-0.410435][0.289893,-0.95678,0.0231271][0.0853564,0.810926,0][-0.523023,-0.516614,-0.486322][0.289856,-0.95679,0.0231608][0.0663295,0.833057,0][-0.410792,-0.48356,-0.525386][0.289856,-0.95679,0.0231608][0.0535715,0.825251,0][-0.314856,-0.451714,-0.410435][0.289856,-0.95679,0.0231608][0.0853564,0.810926,0][-0.530385,-0.510114,-0.125626][0.289856,-0.95679,0.0231588][0.170231,0.815096,0][-0.523023,-0.516614,-0.486322][0.289856,-0.95679,0.0231588][0.0663295,0.833057,0][-0.314856,-0.451714,-0.410435][0.289856,-0.95679,0.0231588][0.0853564,0.810926,0][-0.314856,-0.451714,-0.410435][0.289872,-0.956785,0.0231513][0.0853564,0.810926,0][-0.277493,-0.43817,-0.318545][0.289872,-0.956785,0.0231513][0.111296,0.802917,0][-0.254603,-0.42889,-0.221618][0.289872,-0.956785,0.0231513][0.138881,0.795914,0][-0.254603,-0.42889,-0.221618][0.289924,-0.956769,0.0231603][0.138881,0.795914,0][-0.24967,-0.425284,-0.13441][0.289924,-0.956769,0.0231603][0.163911,0.790984,0][-0.265329,-0.428459,-0.069541][0.289924,-0.95677,0.0231603][0.182791,0.789008,0][-0.314856,-0.451714,-0.410435][0.289859,-0.956789,0.0231558][0.0853564,0.810926,0][-0.254603,-0.42889,-0.221618][0.289859,-0.956789,0.0231558][0.138881,0.795914,0][-0.265329,-0.428459,-0.069541][0.289859,-0.956789,0.0231558][0.182791,0.789008,0][-0.530385,-0.510114,-0.125626][0.289854,-0.956791,0.0231567][0.170231,0.815096,0][-0.314856,-0.451714,-0.410435][0.289854,-0.956791,0.0231567][0.0853564,0.810926,0][-0.265329,-0.428459,-0.069541][0.289854,-0.956791,0.0231567][0.182791,0.789008,0][-0.37756,-0.461513,-0.030477][0.289851,-0.956791,0.02317][0.195549,0.796814,0][-0.530385,-0.510114,-0.125626][0.289851,-0.956791,0.02317][0.170231,0.815096,0][-0.265329,-0.428459,-0.069541][0.289851,-0.956791,0.02317][0.182791,0.789008,0][-0.310179,-0.439362,-0.041109][0.331599,-0.928516,0.167036][0.19149,0.79089,0][-0.37756,-0.461513,-0.030477][0.331599,-0.928516,0.167036][0.195549,0.796814,0][-0.265329,-0.428459,-0.069541][0.331599,-0.928516,0.167036][0.182791,0.789008,0][0.310179,-0.439362,-0.041109][-0.242863,-0.969997,0.0111526][0.11675,0.778583,0][0.265329,-0.428459,-0.069541][-0.242863,-0.969997,0.0111526][0.125516,0.777044,0][0.24967,-0.425284,-0.13441][-0.242863,-0.969996,0.0111526][0.144304,0.779758,0][0.24967,-0.425284,-0.13441][-0.289808,-0.956804,0.0231683][0.144304,0.779758,0][0.254603,-0.42889,-0.221618][-0.289808,-0.956804,0.0231683][0.169122,0.785666,0][0.277493,-0.43817,-0.318545][-0.289808,-0.956804,0.0231683][0.196411,0.793744,0][0.277493,-0.43817,-0.318545][-0.289832,-0.956797,0.0231693][0.196411,0.793744,0][0.314856,-0.451714,-0.410435][-0.289832,-0.956797,0.0231693][0.222016,0.802765,0][0.361003,-0.467457,-0.483299][-0.289832,-0.956797,0.0231693][0.242041,0.811353,0][0.24967,-0.425284,-0.13441][-0.289846,-0.956793,0.0231619][0.144304,0.779758,0][0.277493,-0.43817,-0.318545][-0.289846,-0.956793,0.0231619][0.196411,0.793744,0][0.361003,-0.467457,-0.483299][-0.289846,-0.956793,0.0231619][0.242041,0.811353,0][0.361003,-0.467457,-0.483299][-0.289845,-0.956793,0.0231889][0.242041,0.811353,0][0.410792,-0.48356,-0.525386][-0.289845,-0.956793,0.0231889][0.253215,0.818325,0][0.46547,-0.500168,-0.527219][-0.289845,-0.956793,0.0231889][0.252813,0.823192,0][0.46547,-0.500168,-0.527219][-0.289865,-0.956787,0.0231605][0.252813,0.823192,0][0.523023,-0.516614,-0.486322][-0.289865,-0.956787,0.0231605][0.240161,0.825625,0][0.570958,-0.529294,-0.410219][-0.289865,-0.956787,0.0231605][0.217619,0.82501,0][0.361003,-0.467457,-0.483299][-0.289859,-0.956789,0.0231539][0.242041,0.811353,0][0.46547,-0.500168,-0.527219][-0.289859,-0.956789,0.0231539][0.252813,0.823192,0][0.570958,-0.529294,-0.410219][-0.289859,-0.956789,0.0231539][0.217619,0.82501,0][0.570958,-0.529294,-0.410219][-0.289834,-0.956797,0.0231612][0.217619,0.82501,0][0.590638,-0.532937,-0.314443][-0.289834,-0.956797,0.0231612][0.189938,0.820703,0][0.576391,-0.526202,-0.214508][-0.289834,-0.956797,0.0231612][0.161644,0.813186,0][0.576391,-0.526202,-0.214508][-0.289845,-0.956793,0.0231627][0.161644,0.813186,0][0.530385,-0.510114,-0.125626][-0.289845,-0.956793,0.0231627][0.137044,0.803604,0][0.459625,-0.487122,-0.06133][-0.289845,-0.956793,0.0231627][0.119882,0.793415,0][0.570958,-0.529294,-0.410219][-0.289847,-0.956793,0.0231614][0.217619,0.82501,0][0.576391,-0.526202,-0.214508][-0.289847,-0.956793,0.0231614][0.161644,0.813186,0][0.459625,-0.487122,-0.06133][-0.289847,-0.956793,0.0231614][0.119882,0.793415,0][0.361003,-0.467457,-0.483299][-0.28986,-0.956789,0.0231569][0.242041,0.811353,0][0.570958,-0.529294,-0.410219][-0.28986,-0.956789,0.0231569][0.217619,0.82501,0][0.459625,-0.487122,-0.06133][-0.28986,-0.956789,0.0231569][0.119882,0.793415,0][0.24967,-0.425284,-0.13441][-0.28986,-0.956789,0.0231569][0.144304,0.779758,0][0.361003,-0.467457,-0.483299][-0.28986,-0.956789,0.0231569][0.242041,0.811353,0][0.459625,-0.487122,-0.06133][-0.28986,-0.956789,0.0231569][0.119882,0.793415,0][0.310179,-0.439362,-0.041109][-0.297969,-0.953296,0.0494109][0.11675,0.778583,0][0.24967,-0.425284,-0.13441][-0.297969,-0.953296,0.0494109][0.144304,0.779758,0][0.459625,-0.487122,-0.06133][-0.297969,-0.953296,0.0494109][0.119882,0.793415,0][0.37756,-0.461513,-0.030477][-0.307926,-0.950946,-0.0297263][0.112462,0.784343,0][0.310179,-0.439362,-0.041109][-0.307926,-0.950946,-0.0297263][0.11675,0.778583,0][0.459625,-0.487122,-0.06133][-0.307926,-0.950946,-0.0297263][0.119882,0.793415,0][0.567731,-0.543881,0.149701][-0.501552,-0.840173,-0.20629][0.0561675,0.797906,0][0.548826,-0.52937,0.136564][-0.501552,-0.840172,-0.20629][0.0607473,0.794477,0][0.544145,-0.518647,0.104272][-0.501552,-0.840173,-0.20629][0.0706109,0.793205,0][0.544145,-0.518647,0.104272][-0.630316,-0.759454,-0.161034][0.0706109,0.793205,0][0.548579,-0.512991,0.060241][-0.630316,-0.759454,-0.161034][0.0835591,0.794043,0][0.56069,-0.512578,0.010889][-0.630316,-0.759454,-0.161034][0.0977408,0.796682,0][0.56069,-0.512578,0.010889][-0.630094,-0.759646,-0.160998][0.0977408,0.796682,0][0.578636,-0.517468,-0.036271][-0.630093,-0.759646,-0.160998][0.110997,0.800721,0][0.599684,-0.526918,-0.074058][-0.630093,-0.759646,-0.160998][0.12131,0.805543,0][0.544145,-0.518647,0.104272][-0.630111,-0.759629,-0.161009][0.0706109,0.793205,0][0.56069,-0.512578,0.010889][-0.630111,-0.759629,-0.161009][0.0977408,0.796682,0][0.599684,-0.526918,-0.074058][-0.630111,-0.759629,-0.161009][0.12131,0.805543,0][0.599684,-0.526918,-0.074058][-0.490142,-0.847543,0.203548][0.12131,0.805543,0][0.619018,-0.543136,-0.095028][-0.490142,-0.847543,0.203548][0.12642,0.811368,0][0.644009,-0.55846,-0.0986589][-0.490142,-0.847543,0.203548][0.126605,0.815967,0][0.644009,-0.55846,-0.0986589][-0.629881,-0.759808,-0.161067][0.126605,0.815967,0][0.66664,-0.581297,-0.079433][-0.629881,-0.759808,-0.161067][0.119813,0.821444,0][0.684332,-0.603846,-0.042251][-0.629881,-0.759808,-0.161067][0.107886,0.825836,0][0.599684,-0.526918,-0.074058][-0.629975,-0.759753,-0.160955][0.12131,0.805543,0][0.644009,-0.55846,-0.0986589][-0.629975,-0.759753,-0.160955][0.126605,0.815967,0][0.684332,-0.603846,-0.042251][-0.629975,-0.759753,-0.160955][0.107886,0.825836,0][0.544145,-0.518647,0.104272][-0.629974,-0.759753,-0.16096][0.0706109,0.793205,0][0.599684,-0.526918,-0.074058][-0.629974,-0.759753,-0.16096][0.12131,0.805543,0][0.684332,-0.603846,-0.042251][-0.629974,-0.759753,-0.16096][0.107886,0.825836,0][0.684332,-0.603846,-0.042251][-0.629915,-0.759804,-0.160948][0.107886,0.825836,0][0.689823,-0.618515,0.00551003][-0.629915,-0.759804,-0.160948][0.0933641,0.827375,0][0.681197,-0.622095,0.056171][-0.629915,-0.759804,-0.160948][0.0786299,0.825571,0][0.681197,-0.622095,0.056171][-0.630115,-0.759607,-0.161097][0.0786299,0.825571,0][0.659766,-0.614041,0.102021][-0.630115,-0.759607,-0.161097][0.065926,0.820699,0][0.628794,-0.595572,0.13608][-0.630115,-0.759607,-0.161097][0.0571868,0.813497,0][0.684332,-0.603846,-0.042251][-0.629961,-0.759767,-0.160943][0.107886,0.825836,0][0.681197,-0.622095,0.056171][-0.629961,-0.759767,-0.160943][0.0786299,0.825571,0][0.628794,-0.595572,0.13608][-0.629961,-0.759767,-0.160943][0.0571868,0.813497,0][0.544145,-0.518647,0.104272][-0.629964,-0.759765,-0.160944][0.0706109,0.793205,0][0.684332,-0.603846,-0.042251][-0.629964,-0.759765,-0.160944][0.107886,0.825836,0][0.628794,-0.595572,0.13608][-0.629964,-0.759765,-0.160944][0.0571868,0.813497,0][0.567731,-0.543881,0.149701][-0.654229,-0.752245,-0.0781819][0.0561675,0.797906,0][0.544145,-0.518647,0.104272][-0.654229,-0.752245,-0.0781819][0.0706109,0.793205,0][0.628794,-0.595572,0.13608][-0.654229,-0.752245,-0.0781819][0.0571868,0.813497,0][0.594074,-0.570491,0.153567][-0.653949,-0.691869,-0.306051][0.0535715,0.805324,0][0.567731,-0.543881,0.149701][-0.653949,-0.691869,-0.306051][0.0561675,0.797906,0][0.628794,-0.595572,0.13608][-0.653949,-0.691869,-0.306051][0.0571868,0.813497,0]