version 1.00
2364
[0.143031,-0.763906,-1.13832][0.419285,-0.696666,0.582115][0.708554,0.606471,0][0.140214,-0.763336,-1.13832][-0.141217,-0.693163,0.706812][0.708966,0.604085,0][0.140214,-0.763336,-1.18254][-0.141217,-0.693163,-0.706812][0.726407,0.612374,0][0.140214,-0.763336,-1.18254][-0.141217,-0.693163,-0.706812][0.726407,0.612374,0][0.143031,-0.763906,-1.18254][0.419285,-0.696665,-0.582115][0.725091,0.614914,0][0.143031,-0.763906,-1.13832][0.419285,-0.696666,0.582115][0.708554,0.606471,0][0.107029,-0.716146,-1.179][0,0,-1][0.125166,0.093366,0][0.138235,-0.753916,-1.179][-0.501308,0.562588,-0.657407][0.086521,0.016144,0][0.133722,-0.756016,-1.179][-0.146264,0.784255,-0.602952][0.0951,0.014335,0][0.133722,-0.756016,-1.179][-0.146264,0.784255,-0.602952][0.0951,0.014335,0][0.0975811,-0.724966,-1.179][0,0,-1][0.144877,0.081976,0][0.107029,-0.716146,-1.179][0,0,-1][0.125166,0.093366,0][0.00961107,-0.421786,-1.18254][-0.0840319,0.75276,-0.65291][0.384384,0.48221,0][-0.0356519,-0.439586,-1.18254][-0.384034,0.634269,-0.670985][0.411487,0.426576,0][-0.0356519,-0.439586,-1.13832][-0.384034,0.634269,0.670985][0.434367,0.445905,0][-0.0356519,-0.439586,-1.13832][-0.384034,0.634269,0.670985][0.434367,0.445905,0][0.00961107,-0.421786,-1.13832][-0.0840319,0.75276,0.65291][0.417003,0.490323,0][0.00961107,-0.421786,-1.18254][-0.0840319,0.75276,-0.65291][0.384384,0.48221,0][0.0975811,-0.724966,-1.13832][0,0,1][0.40249,0.044215,0][0.140214,-0.763336,-1.13832][-0.141217,-0.693163,0.706812][0.377193,0.009403,0][0.143031,-0.763906,-1.13832][0.419285,-0.696666,0.582115][0.375215,0.008542,0][0.143031,-0.763906,-1.13832][0.419285,-0.696666,0.582115][0.375215,0.008542,0][0.107029,-0.716146,-1.13832][0,0,1][0.394182,0.049207,0][0.0975811,-0.724966,-1.13832][0,0,1][0.40249,0.044215,0][0.155096,-0.703097,-1.18323][0.719744,0.389814,-0.574468][0.677334,0.65891,0][0.149474,-0.700326,-1.13832][0.639105,0.456006,0.619357][0.660413,0.63421,0][0.145025,-0.757167,-1.13832][0.703489,-0.15202,0.694257][0.703444,0.610979,0][0.145025,-0.757167,-1.13832][0.703489,-0.15202,0.694257][0.703444,0.610979,0][0.145025,-0.757167,-1.18254][0.69832,-0.169117,-0.69552][0.721821,0.62065,0][0.155096,-0.703097,-1.18323][0.719744,0.389814,-0.574468][0.677334,0.65891,0][0.137338,-0.762746,-1.13832][-0.264192,-0.691431,0.672403][0.709438,0.601415,0][0.0879371,-0.733956,-1.13832][-0.34211,-0.613834,0.711455][0.701436,0.553965,0][0.0879371,-0.733956,-1.18254][-0.34211,-0.613834,-0.711455][0.731013,0.548729,0][0.0879371,-0.733956,-1.18254][-0.34211,-0.613834,-0.711455][0.731013,0.548729,0][0.137338,-0.762746,-1.18254][-0.264192,-0.691431,-0.672403][0.727481,0.610139,0][0.137338,-0.762746,-1.13832][-0.264192,-0.691431,0.672403][0.709438,0.601415,0][0.101267,-0.452676,-1.18254][0.465119,0.583995,-0.665293][0.40272,0.599998,0][0.0544891,-0.428676,-1.18254][0.227944,0.70386,-0.672772][0.383814,0.542139,0][0.0544891,-0.428676,-1.13832][0.227944,0.70386,0.672772][0.417427,0.534537,0][0.0544891,-0.428676,-1.13832][0.227944,0.70386,0.672772][0.417427,0.534537,0][0.101267,-0.452676,-1.13832][0.465119,0.583995,0.665293][0.431518,0.582176,0][0.101267,-0.452676,-1.18254][0.465119,0.583995,-0.665293][0.40272,0.599998,0][0.143939,-0.760836,-1.13832][0.678042,-0.200596,0.707121][0.374069,0.01065,0][0.145025,-0.757167,-1.13832][0.703489,-0.15202,0.694257][0.372699,0.013174,0][0.149474,-0.700326,-1.13832][0.639105,0.456006,0.619357][0.360564,0.054199,0][0.149474,-0.700326,-1.13832][0.639105,0.456006,0.619357][0.360564,0.054199,0][0.124025,-0.710706,-1.13832][0,0,1][0.38086,0.050547,0][0.143939,-0.760836,-1.13832][0.678042,-0.200596,0.707121][0.374069,0.01065,0][0.143939,-0.760836,-1.13832][0.678042,-0.200596,0.707121][0.706332,0.608493,0][0.143939,-0.760836,-1.18254][0.678042,-0.200596,-0.707121][0.723504,0.617734,0][0.145025,-0.757167,-1.18254][0.69832,-0.169117,-0.69552][0.721821,0.62065,0][0.145025,-0.757167,-1.18254][0.69832,-0.169117,-0.69552][0.721821,0.62065,0][0.145025,-0.757167,-1.13832][0.703489,-0.15202,0.694257][0.703444,0.610979,0][0.143939,-0.760836,-1.13832][0.678042,-0.200596,0.707121][0.706332,0.608493,0][0.143104,-0.705796,-1.179][-0.60758,-0.540696,-0.581803][0.059118,0.096863,0][0.142412,-0.746436,-1.179][-0.729228,0.155328,-0.666408][0.076384,0.027351,0][0.141002,-0.749746,-1.179][-0.639608,0.344682,-0.687093][0.080118,0.022211,0][0.141002,-0.749746,-1.179][-0.639608,0.344682,-0.687093][0.080118,0.022211,0][0.124025,-0.710706,-1.179][0,0,-1][0.093825,0.09598,0][0.143104,-0.705796,-1.179][-0.60758,-0.540696,-0.581803][0.059118,0.096863,0][-0.0884669,-0.555476,-1.13832][-0.729032,-0.075597,0.680292][0.551305,0.393686,0][-0.0877119,-0.519026,-1.13832][-0.726814,0.121478,0.676006][0.515593,0.395238,0][-0.0877119,-0.519026,-1.18254][-0.726814,0.121478,-0.676006][0.516438,0.361819,0][-0.0877119,-0.519026,-1.18254][-0.726814,0.121478,-0.676006][0.516438,0.361819,0][-0.0884669,-0.555476,-1.18254][-0.729032,-0.0755971,-0.680292][0.561599,0.36195,0][-0.0884669,-0.555476,-1.13832][-0.729032,-0.075597,0.680292][0.551305,0.393686,0][0.0139521,-0.514846,-1.13832][0,0,1][0.431074,0.211456,0][-0.0384219,-0.517016,-1.13832][0,0,1][0.469846,0.218042,0][-0.0358909,-0.553026,-1.13832][0,0,1][0.473609,0.191217,0][-0.0358909,-0.553026,-1.13832][0,0,1][0.473609,0.191217,0][0.0156201,-0.550626,-1.13832][0,0,1][0.435433,0.184944,0][0.0139521,-0.514846,-1.13832][0,0,1][0.431074,0.211456,0][0.0529031,-0.512806,-1.13832][0,0,1][0.402171,0.206876,0][0.0552291,-0.549896,-1.13832][0,0,1][0.406251,0.179299,0][0.0922781,-0.546196,-1.13832][0.407644,0.225719,0.884804][0.378485,0.176234,0][0.0922781,-0.546196,-1.13832][0.407644,0.225719,0.884804][0.378485,0.176234,0][0.0994631,-0.510366,-1.13832][0.678136,-0.164597,0.716268][0.367622,0.201399,0][0.0529031,-0.512806,-1.13832][0,0,1][0.402171,0.206876,0][0.0922781,-0.546196,-1.13832][0.407644,0.225719,0.884804][0.493445,0.637659,0][0.0922781,-0.546196,-1.18254][0.390523,0.23119,-0.891091][0.495645,0.667515,0][0.0994631,-0.510366,-1.18254][0.678136,-0.164597,-0.716268][0.456445,0.65402,0][0.0994631,-0.510366,-1.18254][0.678136,-0.164597,-0.716268][0.456445,0.65402,0][0.0994631,-0.510366,-1.13832][0.678136,-0.164597,0.716268][0.469608,0.619883,0][0.0922781,-0.546196,-1.13832][0.407644,0.225719,0.884804][0.493445,0.637659,0][0.0552291,-0.549896,-1.179][0,0,-1][0.148329,0.399414,0][0.0529031,-0.512806,-1.179][0,0,-1][0.137647,0.464025,0][0.0875641,-0.512506,-1.179][-0.679094,0.132197,-0.722049][0.077997,0.450821,0][0.0875641,-0.512506,-1.179][-0.679094,0.132197,-0.722049][0.077997,0.450821,0][0.0815721,-0.559376,-1.179][-0.3437,-0.260458,-0.902237][0.106845,0.37269,0][0.0552291,-0.549896,-1.179][0,0,-1][0.148329,0.399414,0][0.0139521,-0.514846,-1.179][0,0,-1][0.205352,0.475934,0][0.0156201,-0.550626,-1.179][0,0,-1][0.216642,0.413837,0][-0.0358909,-0.553026,-1.179][0,0,-1][0.306067,0.430092,0][-0.0358909,-0.553026,-1.179][0,0,-1][0.306067,0.430092,0][-0.0384219,-0.517016,-1.179][0,0,-1][0.296159,0.492946,0][0.0139521,-0.514846,-1.179][0,0,-1][0.205352,0.475934,0][0.0123261,-0.480006,-1.179][0,0,-1][0.19435,0.536425,0][-0.0386799,-0.481836,-1.179][0,0,-1][0.282678,0.553468,0][-0.0332109,-0.451356,-1.179][0.285765,-0.67528,-0.679952][0.261227,0.603646,0][-0.0332109,-0.451356,-1.179][0.285765,-0.67528,-0.679952][0.261227,0.603646,0][0.00983807,-0.439226,-1.179][0.0741126,-0.738646,-0.670008][0.182486,0.607442,0][0.0123261,-0.480006,-1.179][0,0,-1][0.19435,0.536425,0][-0.0761569,-0.483016,-1.13832][-0.662503,0.320679,0.676945][0.480833,0.40574,0][-0.0628079,-0.463126,-1.13832][-0.550413,0.486511,0.678493][0.46002,0.419277,0][-0.0628079,-0.463126,-1.18254][-0.550413,0.486511,-0.678493][0.446774,0.391435,0][-0.0628079,-0.463126,-1.18254][-0.550413,0.486511,-0.678493][0.446774,0.391435,0][-0.0761569,-0.483016,-1.18254][-0.662503,0.320679,-0.676945][0.473137,0.375212,0][-0.0761569,-0.483016,-1.13832][-0.662503,0.320679,0.676945][0.480833,0.40574,0][0.0123261,-0.480006,-1.13832][0,0,1][0.42683,0.237279,0][0.00961107,-0.421786,-1.13832][-0.0840319,0.75276,0.65291][0.419737,0.280425,0][-0.0356519,-0.439586,-1.13832][-0.384034,0.634269,0.670985][0.455731,0.274428,0][-0.0356519,-0.439586,-1.13832][-0.384034,0.634269,0.670985][0.455731,0.274428,0][-0.0386799,-0.481836,-1.13832][0,0,1][0.464545,0.243896,0][0.0123261,-0.480006,-1.13832][0,0,1][0.42683,0.237279,0][0.0525901,-0.477706,-1.13832][0,0,1][0.396923,0.232681,0][0.112227,-0.465696,-1.13832][0.771023,0.164893,0.615089][0.351284,0.232194,0][0.101267,-0.452676,-1.13832][0.465119,0.583995,0.665293][0.357295,0.243457,0][0.101267,-0.452676,-1.13832][0.465119,0.583995,0.665293][0.357295,0.243457,0][0.0544891,-0.428676,-1.13832][0.227944,0.70386,0.672772][0.387879,0.268369,0][0.0525901,-0.477706,-1.13832][0,0,1][0.396923,0.232681,0][0.112227,-0.465696,-1.13832][0.771023,0.164893,0.615089][0.435881,0.596845,0][0.112227,-0.465696,-1.18254][0.771023,0.164893,-0.615089][0.41478,0.619316,0][0.101267,-0.452676,-1.18254][0.465119,0.583995,-0.665293][0.40272,0.599998,0][0.101267,-0.452676,-1.18254][0.465119,0.583995,-0.665293][0.40272,0.599998,0][0.101267,-0.452676,-1.13832][0.465119,0.583995,0.665293][0.431518,0.582176,0][0.112227,-0.465696,-1.13832][0.771023,0.164893,0.615089][0.435881,0.596845,0][0.0525901,-0.477706,-1.179][0,0,-1][0.124292,0.524432,0][0.0516891,-0.442356,-1.179][-0.141947,-0.718358,-0.681038][0.111852,0.585502,0][0.0878381,-0.454156,-1.179][-0.394511,-0.641322,-0.658078][0.054439,0.550919,0][0.0878381,-0.454156,-1.179][-0.394511,-0.641322,-0.658078][0.054439,0.550919,0][0.0997691,-0.466136,-1.179][-0.764812,-0.205905,-0.610464][0.038687,0.525634,0][0.0525901,-0.477706,-1.179][0,0,-1][0.124292,0.524432,0][0.0139521,-0.514846,-1.179][0,0,-1][0.205352,0.475934,0][-0.0384219,-0.517016,-1.179][0,0,-1][0.296159,0.492946,0][-0.0386799,-0.481836,-1.179][0,0,-1][0.282678,0.553468,0][-0.0386799,-0.481836,-1.179][0,0,-1][0.282678,0.553468,0][0.0123261,-0.480006,-1.179][0,0,-1][0.19435,0.536425,0][0.0139521,-0.514846,-1.179][0,0,-1][0.205352,0.475934,0][-0.0877119,-0.519026,-1.13832][-0.726814,0.121478,0.676006][0.515593,0.395238,0][-0.0761569,-0.483016,-1.13832][-0.662503,0.320679,0.676945][0.480833,0.40574,0][-0.0761569,-0.483016,-1.18254][-0.662503,0.320679,-0.676945][0.473137,0.375212,0][-0.0761569,-0.483016,-1.18254][-0.662503,0.320679,-0.676945][0.473137,0.375212,0][-0.0877119,-0.519026,-1.18254][-0.726814,0.121478,-0.676006][0.516438,0.361819,0][-0.0877119,-0.519026,-1.13832][-0.726814,0.121478,0.676006][0.515593,0.395238,0][0.0139521,-0.514846,-1.13832][0,0,1][0.431074,0.211456,0][0.0123261,-0.480006,-1.13832][0,0,1][0.42683,0.237279,0][-0.0386799,-0.481836,-1.13832][0,0,1][0.464545,0.243896,0][-0.0386799,-0.481836,-1.13832][0,0,1][0.464545,0.243896,0][-0.0384219,-0.517016,-1.13832][0,0,1][0.469846,0.218042,0][0.0139521,-0.514846,-1.13832][0,0,1][0.431074,0.211456,0][0.0525901,-0.477706,-1.13832][0,0,1][0.396923,0.232681,0][0.0529031,-0.512806,-1.13832][0,0,1][0.402171,0.206876,0][0.0994631,-0.510366,-1.13832][0.678136,-0.164597,0.716268][0.367622,0.201399,0][0.0994631,-0.510366,-1.13832][0.678136,-0.164597,0.716268][0.367622,0.201399,0][0.112227,-0.465696,-1.13832][0.771023,0.164893,0.615089][0.351284,0.232194,0][0.0525901,-0.477706,-1.13832][0,0,1][0.396923,0.232681,0][0.0994631,-0.510366,-1.13832][0.678136,-0.164597,0.716268][0.469608,0.619883,0][0.0994631,-0.510366,-1.18254][0.678136,-0.164597,-0.716268][0.456445,0.65402,0][0.112227,-0.465696,-1.18254][0.771023,0.164893,-0.615089][0.41478,0.619316,0][0.112227,-0.465696,-1.18254][0.771023,0.164893,-0.615089][0.41478,0.619316,0][0.112227,-0.465696,-1.13832][0.771023,0.164893,0.615089][0.435881,0.596845,0][0.0994631,-0.510366,-1.13832][0.678136,-0.164597,0.716268][0.469608,0.619883,0][0.0525901,-0.477706,-1.179][0,0,-1][0.124292,0.524432,0][0.0997691,-0.466136,-1.179][-0.764812,-0.205905,-0.610464][0.038687,0.525634,0][0.0875641,-0.512506,-1.179][-0.679094,0.132197,-0.722049][0.077997,0.450821,0][0.0875641,-0.512506,-1.179][-0.679094,0.132197,-0.722049][0.077997,0.450821,0][0.0529031,-0.512806,-1.179][0,0,-1][0.137647,0.464025,0][0.0525901,-0.477706,-1.179][0,0,-1][0.124292,0.524432,0][-0.0303479,-0.588586,-1.179][0,0,-1][0.310621,0.366822,0][-0.0358909,-0.553026,-1.179][0,0,-1][0.306067,0.430092,0][0.0156201,-0.550626,-1.179][0,0,-1][0.216642,0.413837,0][0.0156201,-0.550626,-1.179][0,0,-1][0.216642,0.413837,0][0.0174281,-0.581416,-1.179][0,0,-1][0.225732,0.360225,0][-0.0303479,-0.588586,-1.179][0,0,-1][0.310621,0.366822,0][-0.0791129,-0.595906,-1.13832][-0.682686,-0.29334,0.669247][0.58865,0.402424,0][-0.0884669,-0.555476,-1.13832][-0.729032,-0.075597,0.680292][0.551305,0.393686,0][-0.0884669,-0.555476,-1.18254][-0.729032,-0.0755971,-0.680292][0.561599,0.36195,0][-0.0884669,-0.555476,-1.18254][-0.729032,-0.0755971,-0.680292][0.561599,0.36195,0][-0.0791129,-0.595906,-1.18254][-0.682686,-0.29334,-0.669247][0.607749,0.3769,0][-0.0791129,-0.595906,-1.13832][-0.682686,-0.29334,0.669247][0.58865,0.402424,0][0.0156201,-0.550626,-1.13832][0,0,1][0.435433,0.184944,0][-0.0358909,-0.553026,-1.13832][0,0,1][0.473609,0.191217,0][-0.0303479,-0.588586,-1.13832][0,0,1][0.47509,0.164256,0][-0.0303479,-0.588586,-1.13832][0,0,1][0.47509,0.164256,0][0.0174281,-0.581416,-1.13832][0,0,1][0.438911,0.162063,0][0.0156201,-0.550626,-1.13832][0,0,1][0.435433,0.184944,0][0.0571691,-0.574896,-1.13832][0,0,1][0.408729,0.16065,0][0.127346,-0.559456,-1.13832][0.651831,0.425718,0.627599][0.354821,0.161029,0][0.0922781,-0.546196,-1.13832][0.407644,0.225719,0.884804][0.378485,0.176234,0][0.0922781,-0.546196,-1.13832][0.407644,0.225719,0.884804][0.378485,0.176234,0][0.0552291,-0.549896,-1.13832][0,0,1][0.406251,0.179299,0][0.0571691,-0.574896,-1.13832][0,0,1][0.408729,0.16065,0][0.127346,-0.559456,-1.13832][0.651831,0.425718,0.627599][0.524149,0.630699,0][0.132248,-0.556086,-1.18065][0.726887,0.493312,-0.477785][0.529987,0.666751,0][0.0922781,-0.546196,-1.18254][0.390523,0.23119,-0.891091][0.495645,0.667515,0][0.0922781,-0.546196,-1.18254][0.390523,0.23119,-0.891091][0.495645,0.667515,0][0.0922781,-0.546196,-1.13832][0.407644,0.225719,0.884804][0.493445,0.637659,0][0.127346,-0.559456,-1.13832][0.651831,0.425718,0.627599][0.524149,0.630699,0][0.0815721,-0.559376,-1.179][-0.3437,-0.260458,-0.902237][0.106845,0.37269,0][0.122656,-0.565446,-1.179][-0.676398,-0.46234,-0.573347][0.038687,0.346001,0][0.0571691,-0.574896,-1.179][0,0,-1][0.154891,0.355707,0][0.0571691,-0.574896,-1.179][0,0,-1][0.154891,0.355707,0][0.0552291,-0.549896,-1.179][0,0,-1][0.148329,0.399414,0][0.0815721,-0.559376,-1.179][-0.3437,-0.260458,-0.902237][0.106845,0.37269,0][0.0174281,-0.581416,-1.179][0,0,-1][0.225732,0.360225,0][0.0278791,-0.627437,-1.179][0,0,-1][0.225992,0.27705,0][-0.0110259,-0.633066,-1.179][0,0,-1][0.295037,0.282781,0][-0.0110259,-0.633066,-1.179][0,0,-1][0.295037,0.282781,0][-0.0303479,-0.588586,-1.179][0,0,-1][0.310621,0.366822,0][0.0174281,-0.581416,-1.179][0,0,-1][0.225732,0.360225,0][-0.0507349,-0.638816,-1.13832][-0.554531,-0.481103,0.678996][0.628172,0.427503,0][-0.0791129,-0.595906,-1.13832][-0.682686,-0.29334,0.669247][0.58865,0.402424,0][-0.0791129,-0.595906,-1.18254][-0.682686,-0.29334,-0.669247][0.607749,0.3769,0][-0.0791129,-0.595906,-1.18254][-0.682686,-0.29334,-0.669247][0.607749,0.3769,0][-0.0507349,-0.638816,-1.18254][-0.554531,-0.481103,-0.678996][0.655563,0.410785,0][-0.0507349,-0.638816,-1.13832][-0.554531,-0.481103,0.678996][0.628172,0.427503,0][0.0174281,-0.581416,-1.13832][0,0,1][0.438911,0.162063,0][-0.0303479,-0.588586,-1.13832][0,0,1][0.47509,0.164256,0][-0.0110259,-0.633066,-1.13832][0,0,1][0.467852,0.128597,0][-0.0110259,-0.633066,-1.13832][0,0,1][0.467852,0.128597,0][0.0278791,-0.627437,-1.13832][0,0,1][0.438423,0.126657,0][0.0174281,-0.581416,-1.13832][0,0,1][0.438911,0.162063,0][0.0571691,-0.574896,-1.13832][0,0,1][0.408729,0.16065,0][0.0649601,-0.625096,-1.13832][0,0,1][0.410846,0.122592,0][0.123927,-0.616086,-1.13832][0.470008,0.251641,0.846032][0.366166,0.119997,0][0.123927,-0.616086,-1.13832][0.470008,0.251641,0.846032][0.366166,0.119997,0][0.127346,-0.559456,-1.13832][0.651831,0.425718,0.627599][0.354821,0.161029,0][0.0571691,-0.574896,-1.13832][0,0,1][0.408729,0.16065,0][0.127346,-0.559456,-1.13832][0.651831,0.425718,0.627599][0.524149,0.630699,0][0.123927,-0.616086,-1.13832][0.470008,0.251641,0.846032][0.567269,0.638571,0][0.123927,-0.616086,-1.18254][0.469489,0.242234,-0.84906][0.578355,0.667515,0][0.123927,-0.616086,-1.18254][0.469489,0.242234,-0.84906][0.578355,0.667515,0][0.132248,-0.556086,-1.18065][0.726887,0.493312,-0.477785][0.529987,0.666751,0][0.127346,-0.559456,-1.13832][0.651831,0.425718,0.627599][0.524149,0.630699,0][0.0571691,-0.574896,-1.179][0,0,-1][0.154891,0.355707,0][0.122656,-0.565446,-1.179][-0.676398,-0.46234,-0.573347][0.038687,0.346001,0][0.109708,-0.622036,-1.179][-0.41686,-0.213584,-0.883521][0.083309,0.253954,0][0.109708,-0.622036,-1.179][-0.41686,-0.213584,-0.883521][0.083309,0.253954,0][0.0649601,-0.625096,-1.179][0,0,-1][0.161379,0.266398,0][0.0571691,-0.574896,-1.179][0,0,-1][0.154891,0.355707,0][0.0278791,-0.627437,-1.179][0,0,-1][0.225992,0.27705,0][0.0400251,-0.652206,-1.179][0,0,-1][0.214932,0.229708,0][0.00419807,-0.653646,-1.179][0,0,-1][0.27704,0.241412,0][0.00419807,-0.653646,-1.179][0,0,-1][0.27704,0.241412,0][-0.0110259,-0.633066,-1.179][0,0,-1][0.295037,0.282781,0][0.0278791,-0.627437,-1.179][0,0,-1][0.225992,0.27705,0][-0.0323689,-0.655116,-1.13832][-0.445314,-0.565629,0.694088][0.643481,0.444173,0][-0.0507349,-0.638816,-1.13832][-0.554531,-0.481103,0.678996][0.628172,0.427503,0][-0.0507349,-0.638816,-1.18254][-0.554531,-0.481103,-0.678996][0.655563,0.410785,0][-0.0507349,-0.638816,-1.18254][-0.554531,-0.481103,-0.678996][0.655563,0.410785,0][-0.0323689,-0.655116,-1.18254][-0.445314,-0.565629,-0.694088][0.672726,0.43005,0][-0.0323689,-0.655116,-1.13832][-0.445314,-0.565629,0.694088][0.643481,0.444173,0][0.0278791,-0.627437,-1.13832][0,0,1][0.438423,0.126657,0][-0.0110259,-0.633066,-1.13832][0,0,1][0.467852,0.128597,0][0.00419807,-0.653646,-1.13832][0,0,1][0.459891,0.111122,0][0.00419807,-0.653646,-1.13832][0,0,1][0.459891,0.111122,0][0.0400251,-0.652206,-1.13832][0,0,1][0.433374,0.106586,0][0.0278791,-0.627437,-1.13832][0,0,1][0.438423,0.126657,0][0.0691781,-0.647496,-1.13832][0,0,1][0.411246,0.105494,0][0.147073,-0.629566,-1.13832][0.730987,0.330632,0.596943][0.351284,0.1065,0][0.123927,-0.616086,-1.13832][0.470008,0.251641,0.846032][0.366166,0.119997,0][0.123927,-0.616086,-1.13832][0.470008,0.251641,0.846032][0.366166,0.119997,0][0.0649601,-0.625096,-1.13832][0,0,1][0.410846,0.122592,0][0.0691781,-0.647496,-1.13832][0,0,1][0.411246,0.105494,0][0.147073,-0.629566,-1.13832][0.730987,0.330632,0.596943][0.587483,0.631154,0][0.147073,-0.629566,-1.18254][0.730987,0.330632,-0.596943][0.59806,0.665442,0][0.123927,-0.616086,-1.18254][0.469489,0.242234,-0.84906][0.578355,0.667515,0][0.123927,-0.616086,-1.18254][0.469489,0.242234,-0.84906][0.578355,0.667515,0][0.123927,-0.616086,-1.13832][0.470008,0.251641,0.846032][0.567269,0.638571,0][0.147073,-0.629566,-1.13832][0.730987,0.330632,0.596943][0.587483,0.631154,0][0.0691781,-0.647496,-1.179][0,0,-1][0.163003,0.226254,0][0.0649601,-0.625096,-1.179][0,0,-1][0.161379,0.266398,0][0.109708,-0.622036,-1.179][-0.41686,-0.213584,-0.883521][0.083309,0.253954,0][0.109708,-0.622036,-1.179][-0.41686,-0.213584,-0.883521][0.083309,0.253954,0][0.135807,-0.633036,-1.179][-0.697399,-0.402313,-0.59311][0.042846,0.224728,0][0.0691781,-0.647496,-1.179][0,0,-1][0.163003,0.226254,0][0.0400251,-0.652206,-1.179][0,0,-1][0.214932,0.229708,0][0.0690491,-0.687616,-1.179][0,0,-1][0.179102,0.157399,0][0.0539461,-0.690736,-1.179][0,0,-1][0.206272,0.158027,0][0.0539461,-0.690736,-1.179][0,0,-1][0.206272,0.158027,0][0.00419807,-0.653646,-1.179][0,0,-1][0.27704,0.241412,0][0.0400251,-0.652206,-1.179][0,0,-1][0.214932,0.229708,0][0.0298751,-0.698436,-1.13832][-0.418188,-0.560855,0.714536][0.676353,0.495993,0][-0.0323689,-0.655116,-1.13832][-0.445314,-0.565629,0.694088][0.643481,0.444173,0][-0.0323689,-0.655116,-1.18254][-0.445314,-0.565629,-0.694088][0.672726,0.43005,0][-0.0323689,-0.655116,-1.18254][-0.445314,-0.565629,-0.694088][0.672726,0.43005,0][0.0298751,-0.698436,-1.18254][-0.418188,-0.560855,-0.714536][0.708035,0.487511,0][0.0298751,-0.698436,-1.13832][-0.418188,-0.560855,0.714536][0.676353,0.495993,0][0.0400251,-0.652206,-1.13832][0,0,1][0.433374,0.106586,0][0.00419807,-0.653646,-1.13832][0,0,1][0.459891,0.111122,0][0.0539461,-0.690736,-1.13832][0,0,1][0.42917,0.07614,0][0.0539461,-0.690736,-1.13832][0,0,1][0.42917,0.07614,0][0.0690491,-0.687616,-1.13832][0,0,1][0.417601,0.076071,0][0.0400251,-0.652206,-1.13832][0,0,1][0.433374,0.106586,0][0.0691781,-0.647496,-1.13832][0,0,1][0.411246,0.105494,0][0.0872531,-0.684487,-1.13832][0,0,1][0.403753,0.07553,0][0.137283,-0.679426,-1.13832][0.693483,-0.133063,0.708078][0.366249,0.071438,0][0.137283,-0.679426,-1.13832][0.693483,-0.133063,0.708078][0.366249,0.071438,0][0.147073,-0.629566,-1.13832][0.730987,0.330632,0.596943][0.351284,0.1065,0][0.0691781,-0.647496,-1.13832][0,0,1][0.411246,0.105494,0][0.137283,-0.679426,-1.13832][0.693483,-0.133063,0.708078][0.636754,0.633073,0][0.137283,-0.679426,-1.18254][0.693483,-0.133063,-0.708078][0.639407,0.665369,0][0.147073,-0.629566,-1.18254][0.730987,0.330632,-0.596943][0.59806,0.665442,0][0.147073,-0.629566,-1.18254][0.730987,0.330632,-0.596943][0.59806,0.665442,0][0.147073,-0.629566,-1.13832][0.730987,0.330632,0.596943][0.587483,0.631154,0][0.137283,-0.679426,-1.13832][0.693483,-0.133063,0.708078][0.636754,0.633073,0][0.0691781,-0.647496,-1.179][0,0,-1][0.163003,0.226254,0][0.135807,-0.633036,-1.179][-0.697399,-0.402313,-0.59311][0.042846,0.224728,0][0.130152,-0.677886,-1.179][-0.700462,0.0827425,-0.708877][0.070306,0.149939,0][0.130152,-0.677886,-1.179][-0.700462,0.0827425,-0.708877][0.070306,0.149939,0][0.0872531,-0.684487,-1.179][0,0,-1][0.146593,0.155578,0][0.0691781,-0.647496,-1.179][0,0,-1][0.163003,0.226254,0][0.0690491,-0.687616,-1.179][0,0,-1][0.179102,0.157399,0][0.0826661,-0.708436,-1.179][0,0,-1][0.163955,0.116252,0][0.0694171,-0.708106,-1.179][0,0,-1][0.186581,0.122066,0][0.0694171,-0.708106,-1.179][0,0,-1][0.186581,0.122066,0][0.0539461,-0.690736,-1.179][0,0,-1][0.206272,0.158027,0][0.0690491,-0.687616,-1.179][0,0,-1][0.179102,0.157399,0][0.0472361,-0.712286,-1.13832][-0.399029,-0.607308,0.686988][0.686888,0.514136,0][0.0298751,-0.698436,-1.13832][-0.418188,-0.560855,0.714536][0.676353,0.495993,0][0.0298751,-0.698436,-1.18254][-0.418188,-0.560855,-0.714536][0.708035,0.487511,0][0.0298751,-0.698436,-1.18254][-0.418188,-0.560855,-0.714536][0.708035,0.487511,0][0.0472361,-0.712286,-1.18254][-0.399029,-0.607308,-0.686988][0.717835,0.506768,0][0.0472361,-0.712286,-1.13832][-0.399029,-0.607308,0.686988][0.686888,0.514136,0][0.0690491,-0.687616,-1.13832][0,0,1][0.417601,0.076071,0][0.0539461,-0.690736,-1.13832][0,0,1][0.42917,0.07614,0][0.0694171,-0.708106,-1.13832][0,0,1][0.420528,0.060979,0][0.0694171,-0.708106,-1.13832][0,0,1][0.420528,0.060979,0][0.0826661,-0.708436,-1.13832][0,0,1][0.410857,0.058667,0][0.0690491,-0.687616,-1.13832][0,0,1][0.417601,0.076071,0][0.0989181,-0.704306,-1.13832][0,0,1][0.398285,0.059161,0][0.134365,-0.694996,-1.13832][0.401645,0.231678,0.886006][0.37082,0.060464,0][0.137283,-0.679426,-1.13832][0.693483,-0.133063,0.708078][0.366249,0.071438,0][0.137283,-0.679426,-1.13832][0.693483,-0.133063,0.708078][0.366249,0.071438,0][0.0872531,-0.684487,-1.13832][0,0,1][0.403753,0.07553,0][0.0989181,-0.704306,-1.13832][0,0,1][0.398285,0.059161,0][0.134365,-0.694996,-1.13832][0.401645,0.231678,0.886006][0.650131,0.639728,0][0.134365,-0.694996,-1.18254][0.402315,0.241895,-0.882966][0.657351,0.663982,0][0.137283,-0.679426,-1.18254][0.693483,-0.133063,-0.708078][0.639407,0.665369,0][0.137283,-0.679426,-1.18254][0.693483,-0.133063,-0.708078][0.639407,0.665369,0][0.137283,-0.679426,-1.13832][0.693483,-0.133063,0.708078][0.636754,0.633073,0][0.134365,-0.694996,-1.13832][0.401645,0.231678,0.886006][0.650131,0.639728,0][0.0989181,-0.704306,-1.179][0,0,-1][0.13441,0.11691,0][0.0872531,-0.684487,-1.179][0,0,-1][0.146593,0.155578,0][0.130152,-0.677886,-1.179][-0.700462,0.0827425,-0.708877][0.070306,0.149939,0][0.130152,-0.677886,-1.179][-0.700462,0.0827425,-0.708877][0.070306,0.149939,0][0.127251,-0.704216,-1.179][-0.329316,-0.266775,-0.905749][0.085715,0.105853,0][0.0989181,-0.704306,-1.179][0,0,-1][0.13441,0.11691,0][0.0975811,-0.724966,-1.179][0,0,-1][0.144877,0.081976,0][0.0694171,-0.708106,-1.179][0,0,-1][0.186581,0.122066,0][0.0826661,-0.708436,-1.179][0,0,-1][0.163955,0.116252,0][0.0826661,-0.708436,-1.179][0,0,-1][0.163955,0.116252,0][0.107029,-0.716146,-1.179][0,0,-1][0.125166,0.093366,0][0.0975811,-0.724966,-1.179][0,0,-1][0.144877,0.081976,0][0.0879371,-0.733956,-1.13832][-0.34211,-0.613834,0.711455][0.701436,0.553965,0][0.0472361,-0.712286,-1.13832][-0.399029,-0.607308,0.686988][0.686888,0.514136,0][0.0472361,-0.712286,-1.18254][-0.399029,-0.607308,-0.686988][0.717835,0.506768,0][0.0472361,-0.712286,-1.18254][-0.399029,-0.607308,-0.686988][0.717835,0.506768,0][0.0879371,-0.733956,-1.18254][-0.34211,-0.613834,-0.711455][0.731013,0.548729,0][0.0879371,-0.733956,-1.13832][-0.34211,-0.613834,0.711455][0.701436,0.553965,0][0.0975811,-0.724966,-1.13832][0,0,1][0.40249,0.044215,0][0.107029,-0.716146,-1.13832][0,0,1][0.394182,0.049207,0][0.0826661,-0.708436,-1.13832][0,0,1][0.410857,0.058667,0][0.0826661,-0.708436,-1.13832][0,0,1][0.410857,0.058667,0][0.0694171,-0.708106,-1.13832][0,0,1][0.420528,0.060979,0][0.0975811,-0.724966,-1.13832][0,0,1][0.40249,0.044215,0][0.124025,-0.710706,-1.13832][0,0,1][0.38086,0.050547,0][0.149474,-0.700326,-1.13832][0.639105,0.456006,0.619357][0.360564,0.054199,0][0.134365,-0.694996,-1.13832][0.401645,0.231678,0.886006][0.37082,0.060464,0][0.134365,-0.694996,-1.13832][0.401645,0.231678,0.886006][0.37082,0.060464,0][0.0989181,-0.704306,-1.13832][0,0,1][0.398285,0.059161,0][0.124025,-0.710706,-1.13832][0,0,1][0.38086,0.050547,0][0.149474,-0.700326,-1.13832][0.639105,0.456006,0.619357][0.660413,0.63421,0][0.155096,-0.703097,-1.18323][0.719744,0.389814,-0.574468][0.677334,0.65891,0][0.134365,-0.694996,-1.18254][0.402315,0.241895,-0.882966][0.657351,0.663982,0][0.134365,-0.694996,-1.18254][0.402315,0.241895,-0.882966][0.657351,0.663982,0][0.134365,-0.694996,-1.13832][0.401645,0.231678,0.886006][0.650131,0.639728,0][0.149474,-0.700326,-1.13832][0.639105,0.456006,0.619357][0.660413,0.63421,0][0.127251,-0.704216,-1.179][-0.329316,-0.266775,-0.905749][0.085715,0.105853,0][0.143104,-0.705796,-1.179][-0.60758,-0.540696,-0.581803][0.059118,0.096863,0][0.124025,-0.710706,-1.179][0,0,-1][0.093825,0.09598,0][0.124025,-0.710706,-1.179][0,0,-1][0.093825,0.09598,0][0.0989181,-0.704306,-1.179][0,0,-1][0.13441,0.11691,0][0.127251,-0.704216,-1.179][-0.329316,-0.266775,-0.905749][0.085715,0.105853,0][0.0156201,-0.550626,-1.179][0,0,-1][0.216642,0.413837,0][0.0139521,-0.514846,-1.179][0,0,-1][0.205352,0.475934,0][0.0529031,-0.512806,-1.179][0,0,-1][0.137647,0.464025,0][0.0529031,-0.512806,-1.179][0,0,-1][0.137647,0.464025,0][0.0552291,-0.549896,-1.179][0,0,-1][0.148329,0.399414,0][0.0156201,-0.550626,-1.179][0,0,-1][0.216642,0.413837,0][0.0571691,-0.574896,-1.179][0,0,-1][0.154891,0.355707,0][0.0174281,-0.581416,-1.179][0,0,-1][0.225732,0.360225,0][0.0156201,-0.550626,-1.179][0,0,-1][0.216642,0.413837,0][0.0156201,-0.550626,-1.179][0,0,-1][0.216642,0.413837,0][0.0552291,-0.549896,-1.179][0,0,-1][0.148329,0.399414,0][0.0571691,-0.574896,-1.179][0,0,-1][0.154891,0.355707,0][0.0571691,-0.574896,-1.179][0,0,-1][0.154891,0.355707,0][0.0649601,-0.625096,-1.179][0,0,-1][0.161379,0.266398,0][0.0278791,-0.627437,-1.179][0,0,-1][0.225992,0.27705,0][0.0278791,-0.627437,-1.179][0,0,-1][0.225992,0.27705,0][0.0174281,-0.581416,-1.179][0,0,-1][0.225732,0.360225,0][0.0571691,-0.574896,-1.179][0,0,-1][0.154891,0.355707,0][0.0649601,-0.625096,-1.179][0,0,-1][0.161379,0.266398,0][0.0691781,-0.647496,-1.179][0,0,-1][0.163003,0.226254,0][0.0400251,-0.652206,-1.179][0,0,-1][0.214932,0.229708,0][0.0400251,-0.652206,-1.179][0,0,-1][0.214932,0.229708,0][0.0278791,-0.627437,-1.179][0,0,-1][0.225992,0.27705,0][0.0649601,-0.625096,-1.179][0,0,-1][0.161379,0.266398,0][0.0691781,-0.647496,-1.179][0,0,-1][0.163003,0.226254,0][0.0872531,-0.684487,-1.179][0,0,-1][0.146593,0.155578,0][0.0690491,-0.687616,-1.179][0,0,-1][0.179102,0.157399,0][0.0690491,-0.687616,-1.179][0,0,-1][0.179102,0.157399,0][0.0400251,-0.652206,-1.179][0,0,-1][0.214932,0.229708,0][0.0691781,-0.647496,-1.179][0,0,-1][0.163003,0.226254,0][0.0872531,-0.684487,-1.179][0,0,-1][0.146593,0.155578,0][0.0989181,-0.704306,-1.179][0,0,-1][0.13441,0.11691,0][0.0826661,-0.708436,-1.179][0,0,-1][0.163955,0.116252,0][0.0826661,-0.708436,-1.179][0,0,-1][0.163955,0.116252,0][0.0690491,-0.687616,-1.179][0,0,-1][0.179102,0.157399,0][0.0872531,-0.684487,-1.179][0,0,-1][0.146593,0.155578,0][0.0989181,-0.704306,-1.179][0,0,-1][0.13441,0.11691,0][0.124025,-0.710706,-1.179][0,0,-1][0.093825,0.09598,0][0.107029,-0.716146,-1.179][0,0,-1][0.125166,0.093366,0][0.107029,-0.716146,-1.179][0,0,-1][0.125166,0.093366,0][0.0826661,-0.708436,-1.179][0,0,-1][0.163955,0.116252,0][0.0989181,-0.704306,-1.179][0,0,-1][0.13441,0.11691,0][0.124025,-0.710706,-1.179][0,0,-1][0.093825,0.09598,0][0.141002,-0.749746,-1.179][-0.639608,0.344682,-0.687093][0.080118,0.022211,0][0.138235,-0.753916,-1.179][-0.501308,0.562588,-0.657407][0.086521,0.016144,0][0.138235,-0.753916,-1.179][-0.501308,0.562588,-0.657407][0.086521,0.016144,0][0.107029,-0.716146,-1.179][0,0,-1][0.125166,0.093366,0][0.124025,-0.710706,-1.179][0,0,-1][0.093825,0.09598,0][0.143031,-0.763906,-1.13832][0.419285,-0.696666,0.582115][0.708554,0.606471,0][0.143031,-0.763906,-1.18254][0.419285,-0.696665,-0.582115][0.725091,0.614914,0][0.143939,-0.760836,-1.18254][0.678042,-0.200596,-0.707121][0.723504,0.617734,0][0.143939,-0.760836,-1.18254][0.678042,-0.200596,-0.707121][0.723504,0.617734,0][0.143939,-0.760836,-1.13832][0.678042,-0.200596,0.707121][0.706332,0.608493,0][0.143031,-0.763906,-1.13832][0.419285,-0.696666,0.582115][0.708554,0.606471,0][0.124025,-0.710706,-1.13832][0,0,1][0.38086,0.050547,0][0.107029,-0.716146,-1.13832][0,0,1][0.394182,0.049207,0][0.143031,-0.763906,-1.13832][0.419285,-0.696666,0.582115][0.375215,0.008542,0][0.143031,-0.763906,-1.13832][0.419285,-0.696666,0.582115][0.375215,0.008542,0][0.143939,-0.760836,-1.13832][0.678042,-0.200596,0.707121][0.374069,0.01065,0][0.124025,-0.710706,-1.13832][0,0,1][0.38086,0.050547,0][0.107029,-0.716146,-1.13832][0,0,1][0.394182,0.049207,0][0.124025,-0.710706,-1.13832][0,0,1][0.38086,0.050547,0][0.0989181,-0.704306,-1.13832][0,0,1][0.398285,0.059161,0][0.0989181,-0.704306,-1.13832][0,0,1][0.398285,0.059161,0][0.0826661,-0.708436,-1.13832][0,0,1][0.410857,0.058667,0][0.107029,-0.716146,-1.13832][0,0,1][0.394182,0.049207,0][0.0826661,-0.708436,-1.13832][0,0,1][0.410857,0.058667,0][0.0989181,-0.704306,-1.13832][0,0,1][0.398285,0.059161,0][0.0872531,-0.684487,-1.13832][0,0,1][0.403753,0.07553,0][0.0872531,-0.684487,-1.13832][0,0,1][0.403753,0.07553,0][0.0690491,-0.687616,-1.13832][0,0,1][0.417601,0.076071,0][0.0826661,-0.708436,-1.13832][0,0,1][0.410857,0.058667,0][0.0690491,-0.687616,-1.13832][0,0,1][0.417601,0.076071,0][0.0872531,-0.684487,-1.13832][0,0,1][0.403753,0.07553,0][0.0691781,-0.647496,-1.13832][0,0,1][0.411246,0.105494,0][0.0691781,-0.647496,-1.13832][0,0,1][0.411246,0.105494,0][0.0400251,-0.652206,-1.13832][0,0,1][0.433374,0.106586,0][0.0690491,-0.687616,-1.13832][0,0,1][0.417601,0.076071,0][0.0400251,-0.652206,-1.13832][0,0,1][0.433374,0.106586,0][0.0691781,-0.647496,-1.13832][0,0,1][0.411246,0.105494,0][0.0649601,-0.625096,-1.13832][0,0,1][0.410846,0.122592,0][0.0649601,-0.625096,-1.13832][0,0,1][0.410846,0.122592,0][0.0278791,-0.627437,-1.13832][0,0,1][0.438423,0.126657,0][0.0400251,-0.652206,-1.13832][0,0,1][0.433374,0.106586,0][0.0278791,-0.627437,-1.13832][0,0,1][0.438423,0.126657,0][0.0649601,-0.625096,-1.13832][0,0,1][0.410846,0.122592,0][0.0571691,-0.574896,-1.13832][0,0,1][0.408729,0.16065,0][0.0571691,-0.574896,-1.13832][0,0,1][0.408729,0.16065,0][0.0174281,-0.581416,-1.13832][0,0,1][0.438911,0.162063,0][0.0278791,-0.627437,-1.13832][0,0,1][0.438423,0.126657,0][0.0571691,-0.574896,-1.13832][0,0,1][0.408729,0.16065,0][0.0552291,-0.549896,-1.13832][0,0,1][0.406251,0.179299,0][0.0156201,-0.550626,-1.13832][0,0,1][0.435433,0.184944,0][0.0156201,-0.550626,-1.13832][0,0,1][0.435433,0.184944,0][0.0174281,-0.581416,-1.13832][0,0,1][0.438911,0.162063,0][0.0571691,-0.574896,-1.13832][0,0,1][0.408729,0.16065,0][0.0156201,-0.550626,-1.13832][0,0,1][0.435433,0.184944,0][0.0552291,-0.549896,-1.13832][0,0,1][0.406251,0.179299,0][0.0529031,-0.512806,-1.13832][0,0,1][0.402171,0.206876,0][0.0529031,-0.512806,-1.13832][0,0,1][0.402171,0.206876,0][0.0139521,-0.514846,-1.13832][0,0,1][0.431074,0.211456,0][0.0156201,-0.550626,-1.13832][0,0,1][0.435433,0.184944,0][0.0529031,-0.512806,-1.13832][0,0,1][0.402171,0.206876,0][0.0525901,-0.477706,-1.13832][0,0,1][0.396923,0.232681,0][0.0123261,-0.480006,-1.13832][0,0,1][0.42683,0.237279,0][0.0123261,-0.480006,-1.13832][0,0,1][0.42683,0.237279,0][0.0139521,-0.514846,-1.13832][0,0,1][0.431074,0.211456,0][0.0529031,-0.512806,-1.13832][0,0,1][0.402171,0.206876,0][0.0123261,-0.480006,-1.13832][0,0,1][0.42683,0.237279,0][0.0525901,-0.477706,-1.13832][0,0,1][0.396923,0.232681,0][0.0544891,-0.428676,-1.13832][0.227944,0.70386,0.672772][0.387879,0.268369,0][0.0544891,-0.428676,-1.13832][0.227944,0.70386,0.672772][0.387879,0.268369,0][0.00961107,-0.421786,-1.13832][-0.0840319,0.75276,0.65291][0.419737,0.280425,0][0.0123261,-0.480006,-1.13832][0,0,1][0.42683,0.237279,0][0.0544891,-0.428676,-1.18254][0.227944,0.70386,-0.672772][0.383814,0.542139,0][0.00961107,-0.421786,-1.18254][-0.0840319,0.75276,-0.65291][0.384384,0.48221,0][0.00961107,-0.421786,-1.13832][-0.0840319,0.75276,0.65291][0.417003,0.490323,0][0.00961107,-0.421786,-1.13832][-0.0840319,0.75276,0.65291][0.417003,0.490323,0][0.0544891,-0.428676,-1.13832][0.227944,0.70386,0.672772][0.417427,0.534537,0][0.0544891,-0.428676,-1.18254][0.227944,0.70386,-0.672772][0.383814,0.542139,0][0.0123261,-0.480006,-1.179][0,0,-1][0.19435,0.536425,0][0.00983807,-0.439226,-1.179][0.0741126,-0.738646,-0.670008][0.182486,0.607442,0][0.0516891,-0.442356,-1.179][-0.141947,-0.718358,-0.681038][0.111852,0.585502,0][0.0516891,-0.442356,-1.179][-0.141947,-0.718358,-0.681038][0.111852,0.585502,0][0.0525901,-0.477706,-1.179][0,0,-1][0.124292,0.524432,0][0.0123261,-0.480006,-1.179][0,0,-1][0.19435,0.536425,0][0.0123261,-0.480006,-1.179][0,0,-1][0.19435,0.536425,0][0.0525901,-0.477706,-1.179][0,0,-1][0.124292,0.524432,0][0.0529031,-0.512806,-1.179][0,0,-1][0.137647,0.464025,0][0.0529031,-0.512806,-1.179][0,0,-1][0.137647,0.464025,0][0.0139521,-0.514846,-1.179][0,0,-1][0.205352,0.475934,0][0.0123261,-0.480006,-1.179][0,0,-1][0.19435,0.536425,0][-0.0303479,-0.588586,-1.179][0,0,-1][0.310621,0.366822,0][-0.0110259,-0.633066,-1.179][0,0,-1][0.295037,0.282781,0][-0.0410599,-0.633416,-1.179][0.58758,0.431607,-0.684445][0.346762,0.294073,0][-0.0410599,-0.633416,-1.179][0.58758,0.431607,-0.684445][0.346762,0.294073,0][-0.0639329,-0.594326,-1.179][0.684026,0.275138,-0.675579][0.370572,0.370266,0][-0.0303479,-0.588586,-1.179][0,0,-1][0.310621,0.366822,0][-0.0110259,-0.633066,-1.179][0,0,-1][0.295037,0.282781,0][0.00419807,-0.653646,-1.179][0,0,-1][0.27704,0.241412,0][-0.0187849,-0.657926,-1.179][0.479287,0.553309,-0.681274][0.318203,0.243169,0][-0.0187849,-0.657926,-1.179][0.479287,0.553309,-0.681274][0.318203,0.243169,0][-0.0410599,-0.633416,-1.179][0.58758,0.431607,-0.684445][0.346762,0.294073,0][-0.0110259,-0.633066,-1.179][0,0,-1][0.295037,0.282781,0][0.00419807,-0.653646,-1.179][0,0,-1][0.27704,0.241412,0][0.0539461,-0.690736,-1.179][0,0,-1][0.206272,0.158027,0][0.0315151,-0.691936,-1.179][0.423577,0.547333,-0.721809][0.245279,0.164834,0][0.0315151,-0.691936,-1.179][0.423577,0.547333,-0.721809][0.245279,0.164834,0][-0.0187849,-0.657926,-1.179][0.479287,0.553309,-0.681274][0.318203,0.243169,0][0.00419807,-0.653646,-1.179][0,0,-1][0.27704,0.241412,0][0.0539461,-0.690736,-1.179][0,0,-1][0.206272,0.158027,0][0.0694171,-0.708106,-1.179][0,0,-1][0.186581,0.122066,0][0.0546821,-0.712366,-1.179][0.498228,0.780562,-0.377482][0.213576,0.120577,0][0.0546821,-0.712366,-1.179][0.498228,0.780562,-0.377482][0.213576,0.120577,0][0.0315151,-0.691936,-1.179][0.423577,0.547333,-0.721809][0.245279,0.164834,0][0.0539461,-0.690736,-1.179][0,0,-1][0.206272,0.158027,0][0.0694171,-0.708106,-1.179][0,0,-1][0.186581,0.122066,0][0.0975811,-0.724966,-1.179][0,0,-1][0.144877,0.081976,0][0.0914601,-0.732406,-1.179][0.43985,0.740193,-0.508574][0.158336,0.071608,0][0.0914601,-0.732406,-1.179][0.43985,0.740193,-0.508574][0.158336,0.071608,0][0.0546821,-0.712366,-1.179][0.498228,0.780562,-0.377482][0.213576,0.120577,0][0.0694171,-0.708106,-1.179][0,0,-1][0.186581,0.122066,0][0.0975811,-0.724966,-1.179][0,0,-1][0.144877,0.081976,0][0.133722,-0.756016,-1.179][-0.146264,0.784255,-0.602952][0.0951,0.014335,0][0.130621,-0.756976,-1.179][0.104653,0.909216,-0.402957][0.100808,0.013906,0][0.130621,-0.756976,-1.179][0.104653,0.909216,-0.402957][0.100808,0.013906,0][0.0914601,-0.732406,-1.179][0.43985,0.740193,-0.508574][0.158336,0.071608,0][0.0975811,-0.724966,-1.179][0,0,-1][0.144877,0.081976,0][0.140214,-0.763336,-1.13832][-0.141217,-0.693163,0.706812][0.708966,0.604085,0][0.137338,-0.762746,-1.13832][-0.264192,-0.691431,0.672403][0.709438,0.601415,0][0.137338,-0.762746,-1.18254][-0.264192,-0.691431,-0.672403][0.727481,0.610139,0][0.137338,-0.762746,-1.18254][-0.264192,-0.691431,-0.672403][0.727481,0.610139,0][0.140214,-0.763336,-1.18254][-0.141217,-0.693163,-0.706812][0.726407,0.612374,0][0.140214,-0.763336,-1.13832][-0.141217,-0.693163,0.706812][0.708966,0.604085,0][0.0879371,-0.733956,-1.13832][-0.34211,-0.613834,0.711455][0.41097,0.039121,0][0.137338,-0.762746,-1.13832][-0.264192,-0.691431,0.672403][0.379212,0.010283,0][0.140214,-0.763336,-1.13832][-0.141217,-0.693163,0.706812][0.377193,0.009403,0][0.140214,-0.763336,-1.13832][-0.141217,-0.693163,0.706812][0.377193,0.009403,0][0.0975811,-0.724966,-1.13832][0,0,1][0.40249,0.044215,0][0.0879371,-0.733956,-1.13832][-0.34211,-0.613834,0.711455][0.41097,0.039121,0][0.0694171,-0.708106,-1.13832][0,0,1][0.420528,0.060979,0][0.0472361,-0.712286,-1.13832][-0.399029,-0.607308,0.686988][0.437458,0.061372,0][0.0879371,-0.733956,-1.13832][-0.34211,-0.613834,0.711455][0.41097,0.039121,0][0.0879371,-0.733956,-1.13832][-0.34211,-0.613834,0.711455][0.41097,0.039121,0][0.0975811,-0.724966,-1.13832][0,0,1][0.40249,0.044215,0][0.0694171,-0.708106,-1.13832][0,0,1][0.420528,0.060979,0][0.0539461,-0.690736,-1.13832][0,0,1][0.42917,0.07614,0][0.0298751,-0.698436,-1.13832][-0.418188,-0.560855,0.714536][0.448037,0.074245,0][0.0472361,-0.712286,-1.13832][-0.399029,-0.607308,0.686988][0.437458,0.061372,0][0.0472361,-0.712286,-1.13832][-0.399029,-0.607308,0.686988][0.437458,0.061372,0][0.0694171,-0.708106,-1.13832][0,0,1][0.420528,0.060979,0][0.0539461,-0.690736,-1.13832][0,0,1][0.42917,0.07614,0][0.00419807,-0.653646,-1.13832][0,0,1][0.459891,0.111122,0][-0.0323689,-0.655116,-1.13832][-0.445314,-0.565629,0.694088][0.486955,0.115752,0][0.0298751,-0.698436,-1.13832][-0.418188,-0.560855,0.714536][0.448037,0.074245,0][0.0298751,-0.698436,-1.13832][-0.418188,-0.560855,0.714536][0.448037,0.074245,0][0.0539461,-0.690736,-1.13832][0,0,1][0.42917,0.07614,0][0.00419807,-0.653646,-1.13832][0,0,1][0.459891,0.111122,0][-0.0110259,-0.633066,-1.13832][0,0,1][0.467852,0.128597,0][-0.0507349,-0.638816,-1.13832][-0.554531,-0.481103,0.678996][0.49789,0.130575,0][-0.0323689,-0.655116,-1.13832][-0.445314,-0.565629,0.694088][0.486955,0.115752,0][-0.0323689,-0.655116,-1.13832][-0.445314,-0.565629,0.694088][0.486955,0.115752,0][0.00419807,-0.653646,-1.13832][0,0,1][0.459891,0.111122,0][-0.0110259,-0.633066,-1.13832][0,0,1][0.467852,0.128597,0][-0.0303479,-0.588586,-1.13832][0,0,1][0.47509,0.164256,0][-0.0791129,-0.595906,-1.13832][-0.682686,-0.29334,0.669247][0.512019,0.166497,0][-0.0507349,-0.638816,-1.13832][-0.554531,-0.481103,0.678996][0.49789,0.130575,0][-0.0507349,-0.638816,-1.13832][-0.554531,-0.481103,0.678996][0.49789,0.130575,0][-0.0110259,-0.633066,-1.13832][0,0,1][0.467852,0.128597,0][-0.0303479,-0.588586,-1.13832][0,0,1][0.47509,0.164256,0][-0.0358909,-0.553026,-1.13832][0,0,1][0.473609,0.191217,0][-0.0884669,-0.555476,-1.13832][-0.729032,-0.075597,0.680292][0.512574,0.197622,0][-0.0791129,-0.595906,-1.13832][-0.682686,-0.29334,0.669247][0.512019,0.166497,0][-0.0791129,-0.595906,-1.13832][-0.682686,-0.29334,0.669247][0.512019,0.166497,0][-0.0303479,-0.588586,-1.13832][0,0,1][0.47509,0.164256,0][-0.0358909,-0.553026,-1.13832][0,0,1][0.473609,0.191217,0][-0.0358909,-0.553026,-1.13832][0,0,1][0.473609,0.191217,0][-0.0384219,-0.517016,-1.13832][0,0,1][0.469846,0.218042,0][-0.0877119,-0.519026,-1.13832][-0.726814,0.121478,0.676006][0.506332,0.224256,0][-0.0877119,-0.519026,-1.13832][-0.726814,0.121478,0.676006][0.506332,0.224256,0][-0.0884669,-0.555476,-1.13832][-0.729032,-0.075597,0.680292][0.512574,0.197622,0][-0.0358909,-0.553026,-1.13832][0,0,1][0.473609,0.191217,0][-0.0384219,-0.517016,-1.13832][0,0,1][0.469846,0.218042,0][-0.0386799,-0.481836,-1.13832][0,0,1][0.464545,0.243896,0][-0.0761569,-0.483016,-1.13832][-0.662503,0.320679,0.676945][0.492233,0.248878,0][-0.0761569,-0.483016,-1.13832][-0.662503,0.320679,0.676945][0.492233,0.248878,0][-0.0877119,-0.519026,-1.13832][-0.726814,0.121478,0.676006][0.506332,0.224256,0][-0.0384219,-0.517016,-1.13832][0,0,1][0.469846,0.218042,0][-0.0386799,-0.481836,-1.13832][0,0,1][0.464545,0.243896,0][-0.0356519,-0.439586,-1.13832][-0.384034,0.634269,0.670985][0.455731,0.274428,0][-0.0628079,-0.463126,-1.13832][-0.550413,0.486511,0.678493][0.479333,0.26139,0][-0.0628079,-0.463126,-1.13832][-0.550413,0.486511,0.678493][0.479333,0.26139,0][-0.0761569,-0.483016,-1.13832][-0.662503,0.320679,0.676945][0.492233,0.248878,0][-0.0386799,-0.481836,-1.13832][0,0,1][0.464545,0.243896,0][-0.0356519,-0.439586,-1.18254][-0.384034,0.634269,-0.670985][0.411487,0.426576,0][-0.0628079,-0.463126,-1.18254][-0.550413,0.486511,-0.678493][0.446774,0.391435,0][-0.0628079,-0.463126,-1.13832][-0.550413,0.486511,0.678493][0.46002,0.419277,0][-0.0628079,-0.463126,-1.13832][-0.550413,0.486511,0.678493][0.46002,0.419277,0][-0.0356519,-0.439586,-1.13832][-0.384034,0.634269,0.670985][0.434367,0.445905,0][-0.0356519,-0.439586,-1.18254][-0.384034,0.634269,-0.670985][0.411487,0.426576,0][-0.0386799,-0.481836,-1.179][0,0,-1][0.282678,0.553468,0][-0.0650849,-0.483506,-1.179][0.688717,-0.237539,-0.685014][0.328692,0.561049,0][-0.0564469,-0.464846,-1.179][0.564606,-0.514673,-0.645237][0.306472,0.589678,0][-0.0564469,-0.464846,-1.179][0.564606,-0.514673,-0.645237][0.306472,0.589678,0][-0.0332109,-0.451356,-1.179][0.285765,-0.67528,-0.679952][0.261227,0.603646,0][-0.0386799,-0.481836,-1.179][0,0,-1][0.282678,0.553468,0][-0.0384219,-0.517016,-1.179][0,0,-1][0.296159,0.492946,0][-0.0734259,-0.519016,-1.179][0.726692,-0.0834352,-0.681878][0.357076,0.50335,0][-0.0650849,-0.483506,-1.179][0.688717,-0.237539,-0.685014][0.328692,0.561049,0][-0.0650849,-0.483506,-1.179][0.688717,-0.237539,-0.685014][0.328692,0.561049,0][-0.0386799,-0.481836,-1.179][0,0,-1][0.282678,0.553468,0][-0.0384219,-0.517016,-1.179][0,0,-1][0.296159,0.492946,0][-0.0358909,-0.553026,-1.179][0,0,-1][0.306067,0.430092,0][-0.0733509,-0.555066,-1.179][0.726368,0.0866713,-0.681819][0.371207,0.441422,0][-0.0734259,-0.519016,-1.179][0.726692,-0.0834352,-0.681878][0.357076,0.50335,0][-0.0734259,-0.519016,-1.179][0.726692,-0.0834352,-0.681878][0.357076,0.50335,0][-0.0384219,-0.517016,-1.179][0,0,-1][0.296159,0.492946,0][-0.0358909,-0.553026,-1.179][0,0,-1][0.306067,0.430092,0][-0.0358909,-0.553026,-1.179][0,0,-1][0.306067,0.430092,0][-0.0303479,-0.588586,-1.179][0,0,-1][0.310621,0.366822,0][-0.0639329,-0.594326,-1.179][0.684026,0.275138,-0.675579][0.370572,0.370266,0][-0.0639329,-0.594326,-1.179][0.684026,0.275138,-0.675579][0.370572,0.370266,0][-0.0733509,-0.555066,-1.179][0.726368,0.0866713,-0.681819][0.371207,0.441422,0][-0.0358909,-0.553026,-1.179][0,0,-1][0.306067,0.430092,0][0.140214,-0.763336,-1.18254][-0.141217,-0.693163,-0.706812][0.559168,0.084351,0][0.135676,-0.755365,-1.18254][-0.17089,0.621034,-0.764927][0.570289,0.085966,0][0.138235,-0.753916,-1.18254][-0.440318,0.472552,-0.763423][0.567959,0.09114,0][0.138235,-0.753916,-1.18254][-0.440318,0.472552,-0.763423][0.567959,0.09114,0][0.143031,-0.763906,-1.18254][0.419285,-0.696665,-0.582115][0.556558,0.08572,0][0.140214,-0.763336,-1.18254][-0.141217,-0.693163,-0.706812][0.559168,0.084351,0][0.143939,-0.760836,-1.18254][0.678042,-0.200596,-0.707121][0.558134,0.088917,0][0.141002,-0.749746,-1.18254][-0.60326,0.325094,-0.72828][0.568728,0.096804,0][0.142412,-0.746436,-1.18254][-0.65576,0.130596,-0.743589][0.569917,0.100566,0][0.142412,-0.746436,-1.18254][-0.65576,0.130596,-0.743589][0.569917,0.100566,0][0.145025,-0.757167,-1.18254][0.69832,-0.169117,-0.69552][0.559956,0.092837,0][0.143939,-0.760836,-1.18254][0.678042,-0.200596,-0.707121][0.558134,0.088917,0][0.155096,-0.703097,-1.18323][0.719744,0.389814,-0.574468][0.594971,0.144384,0][0.145025,-0.757167,-1.18254][0.69832,-0.169117,-0.69552][0.559956,0.092837,0][0.142412,-0.746436,-1.18254][-0.65576,0.130596,-0.743589][0.569917,0.100566,0][0.142412,-0.746436,-1.18254][-0.65576,0.130596,-0.743589][0.569917,0.100566,0][0.143104,-0.705796,-1.18322][-0.351752,-0.229285,-0.907578][0.601192,0.134171,0][0.155096,-0.703097,-1.18323][0.719744,0.389814,-0.574468][0.594971,0.144384,0][0.0875641,-0.512506,-1.18254][-0.707888,0.137803,-0.692751][0.791751,0.265539,0][0.0994631,-0.510366,-1.18254][0.678136,-0.164597,-0.716268][0.793162,0.279441,0][0.0922781,-0.546196,-1.18254][0.390523,0.23119,-0.891091][0.754276,0.264563,0][0.0922781,-0.546196,-1.18254][0.390523,0.23119,-0.891091][0.754276,0.264563,0][0.0815721,-0.559376,-1.18254][-0.650168,-0.4927,-0.578384][0.746014,0.248388,0][0.0875641,-0.512506,-1.18254][-0.707888,0.137803,-0.692751][0.791751,0.265539,0][-0.0356519,-0.439586,-1.18254][-0.384034,0.634269,-0.670985][0.96447,0.194243,0][0.00961107,-0.421786,-1.18254][-0.0840319,0.75276,-0.65291][0.946224,0.24109,0][0.00983807,-0.439226,-1.18254][0.0662162,-0.659946,-0.748389][0.931652,0.228199,0][0.00983807,-0.439226,-1.18254][0.0662162,-0.659946,-0.748389][0.931652,0.228199,0][-0.0332109,-0.451356,-1.18254][0.263648,-0.623015,-0.736439][0.952984,0.187642,0][-0.0356519,-0.439586,-1.18254][-0.384034,0.634269,-0.670985][0.96447,0.194243,0][0.101267,-0.452676,-1.18254][0.465119,0.583995,-0.665293][0.86169,0.291356,0][0.112227,-0.465696,-1.18254][0.771023,0.164893,-0.615089][0.845996,0.296168,0][0.0997691,-0.466136,-1.18254][-0.527239,-0.141945,-0.837777][0.848165,0.281617,0][0.0997691,-0.466136,-1.18254][-0.527239,-0.141945,-0.837777][0.848165,0.281617,0][0.0878381,-0.454156,-1.18254][-0.338247,-0.549859,-0.763705][0.867015,0.280136,0][0.101267,-0.452676,-1.18254][0.465119,0.583995,-0.665293][0.86169,0.291356,0][0.0544891,-0.428676,-1.18254][0.227944,0.70386,-0.672772][0.90982,0.2708,0][0.101267,-0.452676,-1.18254][0.465119,0.583995,-0.665293][0.86169,0.291356,0][0.0878381,-0.454156,-1.18254][-0.338247,-0.549859,-0.763705][0.867015,0.280136,0][0.0878381,-0.454156,-1.18254][-0.338247,-0.549859,-0.763705][0.867015,0.280136,0][0.0516891,-0.442356,-1.18254][-0.131407,-0.665018,-0.735176][0.899483,0.259188,0][0.0544891,-0.428676,-1.18254][0.227944,0.70386,-0.672772][0.90982,0.2708,0][0.0997691,-0.466136,-1.18254][-0.527239,-0.141945,-0.837777][0.848165,0.281617,0][0.112227,-0.465696,-1.18254][0.771023,0.164893,-0.615089][0.845996,0.296168,0][0.0994631,-0.510366,-1.18254][0.678136,-0.164597,-0.716268][0.793162,0.279441,0][0.0994631,-0.510366,-1.18254][0.678136,-0.164597,-0.716268][0.793162,0.279441,0][0.0875641,-0.512506,-1.18254][-0.707888,0.137803,-0.692751][0.791751,0.265539,0][0.0997691,-0.466136,-1.18254][-0.527239,-0.141945,-0.837777][0.848165,0.281617,0][0.0922781,-0.546196,-1.18254][0.390523,0.23119,-0.891091][0.754276,0.264563,0][0.132248,-0.556086,-1.18065][0.726887,0.493312,-0.477785][0.716233,0.296168,0][0.122656,-0.565446,-1.18254][-0.239048,-0.196351,-0.950948][0.713659,0.277155,0][0.122656,-0.565446,-1.18254][-0.239048,-0.196351,-0.950948][0.713659,0.277155,0][0.0815721,-0.559376,-1.18254][-0.650168,-0.4927,-0.578384][0.746014,0.248388,0][0.0922781,-0.546196,-1.18254][0.390523,0.23119,-0.891091][0.754276,0.264563,0][0.122656,-0.565446,-1.18254][-0.239048,-0.196351,-0.950948][0.713659,0.277155,0][0.132248,-0.556086,-1.18065][0.726887,0.493312,-0.477785][0.716233,0.296168,0][0.123927,-0.616086,-1.18254][0.469489,0.242234,-0.84906][0.656356,0.237296,0][0.123927,-0.616086,-1.18254][0.469489,0.242234,-0.84906][0.656356,0.237296,0][0.109708,-0.622036,-1.18254][-0.720484,-0.36915,-0.587053][0.666324,0.222897,0][0.122656,-0.565446,-1.18254][-0.239048,-0.196351,-0.950948][0.713659,0.277155,0][0.123927,-0.616086,-1.18254][0.469489,0.242234,-0.84906][0.656356,0.237296,0][0.147073,-0.629566,-1.18254][0.730987,0.330632,-0.596943][0.621227,0.229017,0][0.135807,-0.633036,-1.18254][-0.425518,-0.245471,-0.871021][0.638794,0.218675,0][0.135807,-0.633036,-1.18254][-0.425518,-0.245471,-0.871021][0.638794,0.218675,0][0.109708,-0.622036,-1.18254][-0.720484,-0.36915,-0.587053][0.666324,0.222897,0][0.123927,-0.616086,-1.18254][0.469489,0.242234,-0.84906][0.656356,0.237296,0][0.135807,-0.633036,-1.18254][-0.425518,-0.245471,-0.871021][0.638794,0.218675,0][0.147073,-0.629566,-1.18254][0.730987,0.330632,-0.596943][0.621227,0.229017,0][0.137283,-0.679426,-1.18254][0.693483,-0.133063,-0.708078][0.630236,0.154437,0][0.137283,-0.679426,-1.18254][0.693483,-0.133063,-0.708078][0.630236,0.154437,0][0.130152,-0.677886,-1.18254][-0.703969,0.0831567,-0.705345][0.641699,0.151521,0][0.135807,-0.633036,-1.18254][-0.425518,-0.245471,-0.871021][0.638794,0.218675,0][0.134365,-0.694996,-1.18254][0.402315,0.241895,-0.882966][0.615762,0.138193,0][0.127251,-0.704216,-1.18254][-0.640641,-0.512475,-0.571794][0.610201,0.126921,0][0.130152,-0.677886,-1.18254][-0.703969,0.0831567,-0.705345][0.641699,0.151521,0][0.130152,-0.677886,-1.18254][-0.703969,0.0831567,-0.705345][0.641699,0.151521,0][0.137283,-0.679426,-1.18254][0.693483,-0.133063,-0.708078][0.630236,0.154437,0][0.134365,-0.694996,-1.18254][0.402315,0.241895,-0.882966][0.615762,0.138193,0][0.155096,-0.703097,-1.18323][0.719744,0.389814,-0.574468][0.594971,0.144384,0][0.143104,-0.705796,-1.18322][-0.351752,-0.229285,-0.907578][0.601192,0.134171,0][0.127251,-0.704216,-1.18254][-0.640641,-0.512475,-0.571794][0.610201,0.126921,0][0.127251,-0.704216,-1.18254][-0.640641,-0.512475,-0.571794][0.610201,0.126921,0][0.134365,-0.694996,-1.18254][0.402315,0.241895,-0.882966][0.615762,0.138193,0][0.155096,-0.703097,-1.18323][0.719744,0.389814,-0.574468][0.594971,0.144384,0][0.143031,-0.763906,-1.18254][0.419285,-0.696665,-0.582115][0.556558,0.08572,0][0.138235,-0.753916,-1.18254][-0.440318,0.472552,-0.763423][0.567959,0.09114,0][0.141002,-0.749746,-1.18254][-0.60326,0.325094,-0.72828][0.568728,0.096804,0][0.141002,-0.749746,-1.18254][-0.60326,0.325094,-0.72828][0.568728,0.096804,0][0.143939,-0.760836,-1.18254][0.678042,-0.200596,-0.707121][0.558134,0.088917,0][0.143031,-0.763906,-1.18254][0.419285,-0.696665,-0.582115][0.556558,0.08572,0][0.00983807,-0.439226,-1.18254][0.0662162,-0.659946,-0.748389][0.931652,0.228199,0][0.00961107,-0.421786,-1.18254][-0.0840319,0.75276,-0.65291][0.946224,0.24109,0][0.0544891,-0.428676,-1.18254][0.227944,0.70386,-0.672772][0.90982,0.2708,0][0.0544891,-0.428676,-1.18254][0.227944,0.70386,-0.672772][0.90982,0.2708,0][0.0516891,-0.442356,-1.18254][-0.131407,-0.665018,-0.735176][0.899483,0.259188,0][0.00983807,-0.439226,-1.18254][0.0662162,-0.659946,-0.748389][0.931652,0.228199,0][-0.0507349,-0.638816,-1.18254][-0.554531,-0.481103,-0.678996][0.815321,0.02964,0][-0.0791129,-0.595906,-1.18254][-0.682686,-0.29334,-0.669247][0.87269,0.040943,0][-0.0639329,-0.594326,-1.18254][0.622374,0.250339,-0.741607][0.861692,0.054225,0][-0.0639329,-0.594326,-1.18254][0.622374,0.250339,-0.741607][0.861692,0.054225,0][-0.0410599,-0.633416,-1.18254][0.549724,0.4038,-0.731266][0.811806,0.041638,0][-0.0507349,-0.638816,-1.18254][-0.554531,-0.481103,-0.678996][0.815321,0.02964,0][-0.0323689,-0.655116,-1.18254][-0.445314,-0.565629,-0.694088][0.787193,0.031452,0][-0.0507349,-0.638816,-1.18254][-0.554531,-0.481103,-0.678996][0.815321,0.02964,0][-0.0410599,-0.633416,-1.18254][0.549724,0.4038,-0.731266][0.811806,0.041638,0][-0.0410599,-0.633416,-1.18254][0.549724,0.4038,-0.731266][0.811806,0.041638,0][-0.0187849,-0.657926,-1.18254][0.444025,0.512601,-0.734903][0.773927,0.040148,0][-0.0323689,-0.655116,-1.18254][-0.445314,-0.565629,-0.694088][0.787193,0.031452,0][0.0298751,-0.698436,-1.18254][-0.418188,-0.560855,-0.714536][0.702093,0.047226,0][-0.0323689,-0.655116,-1.18254][-0.445314,-0.565629,-0.694088][0.787193,0.031452,0][-0.0187849,-0.657926,-1.18254][0.444025,0.512601,-0.734903][0.773927,0.040148,0][-0.0187849,-0.657926,-1.18254][0.444025,0.512601,-0.734903][0.773927,0.040148,0][0.0315151,-0.691936,-1.18254][0.438955,0.571915,-0.692987][0.705889,0.05384,0][0.0298751,-0.698436,-1.18254][-0.418188,-0.560855,-0.714536][0.702093,0.047226,0][0.0472361,-0.712286,-1.18254][-0.399029,-0.607308,-0.686988][0.676696,0.050447,0][0.0298751,-0.698436,-1.18254][-0.418188,-0.560855,-0.714536][0.702093,0.047226,0][0.0315151,-0.691936,-1.18254][0.438955,0.571915,-0.692987][0.705889,0.05384,0][0.0315151,-0.691936,-1.18254][0.438955,0.571915,-0.692987][0.705889,0.05384,0][0.0546821,-0.708225,-1.18254][0.50675,0.765352,-0.396788][0.670457,0.056655,0][0.0472361,-0.712286,-1.18254][-0.399029,-0.607308,-0.686988][0.676696,0.050447,0][0.0879371,-0.733956,-1.18254][-0.34211,-0.613834,-0.711455][0.625762,0.066915,0][0.0472361,-0.712286,-1.18254][-0.399029,-0.607308,-0.686988][0.676696,0.050447,0][0.0546821,-0.708225,-1.18254][0.50675,0.765352,-0.396788][0.670457,0.056655,0][0.0546821,-0.708225,-1.18254][0.50675,0.765352,-0.396788][0.670457,0.056655,0][0.0914601,-0.73004,-1.18254][0.436996,0.752792,-0.492279][0.624114,0.071246,0][0.0879371,-0.733956,-1.18254][-0.34211,-0.613834,-0.711455][0.625762,0.066915,0][0.137338,-0.762746,-1.18254][-0.264192,-0.691431,-0.672403][0.561802,0.082826,0][0.130621,-0.754697,-1.18254][0.223044,0.778166,-0.587119][0.571932,0.082605,0][0.135676,-0.755365,-1.18254][-0.17089,0.621034,-0.764927][0.570289,0.085966,0][0.135676,-0.755365,-1.18254][-0.17089,0.621034,-0.764927][0.570289,0.085966,0][0.140214,-0.763336,-1.18254][-0.141217,-0.693163,-0.706812][0.559168,0.084351,0][0.137338,-0.762746,-1.18254][-0.264192,-0.691431,-0.672403][0.561802,0.082826,0][0.130621,-0.754697,-1.18254][0.223044,0.778166,-0.587119][0.571932,0.082605,0][0.137338,-0.762746,-1.18254][-0.264192,-0.691431,-0.672403][0.561802,0.082826,0][0.0879371,-0.733956,-1.18254][-0.34211,-0.613834,-0.711455][0.625762,0.066915,0][0.0879371,-0.733956,-1.18254][-0.34211,-0.613834,-0.711455][0.625762,0.066915,0][0.0914601,-0.73004,-1.18254][0.436996,0.752792,-0.492279][0.624114,0.071246,0][0.130621,-0.754697,-1.18254][0.223044,0.778166,-0.587119][0.571932,0.082605,0][-0.0628079,-0.463126,-1.18254][-0.550413,0.486511,-0.678493][0.966617,0.15651,0][-0.0356519,-0.439586,-1.18254][-0.384034,0.634269,-0.670985][0.96447,0.194243,0][-0.0332109,-0.451356,-1.18254][0.263648,-0.623015,-0.736439][0.952984,0.187642,0][-0.0332109,-0.451356,-1.18254][0.263648,-0.623015,-0.736439][0.952984,0.187642,0][-0.0564469,-0.464846,-1.18254][0.46108,-0.420303,-0.781505][0.960099,0.160034,0][-0.0628079,-0.463126,-1.18254][-0.550413,0.486511,-0.678493][0.966617,0.15651,0][-0.0650849,-0.483506,-1.18254][0.645471,-0.222624,-0.730621][0.952568,0.138996,0][-0.0761569,-0.483016,-1.18254][-0.662503,0.320679,-0.676945][0.961226,0.130948,0][-0.0628079,-0.463126,-1.18254][-0.550413,0.486511,-0.678493][0.966617,0.15651,0][-0.0628079,-0.463126,-1.18254][-0.550413,0.486511,-0.678493][0.966617,0.15651,0][-0.0564469,-0.464846,-1.18254][0.46108,-0.420303,-0.781505][0.960099,0.160034,0][-0.0650849,-0.483506,-1.18254][0.645471,-0.222624,-0.730621][0.952568,0.138996,0][-0.0734259,-0.519016,-1.18254][0.674497,-0.0774425,-0.734204][0.93008,0.104244,0][-0.0877119,-0.519026,-1.18254][-0.726814,0.121478,-0.676006][0.940711,0.09355,0][-0.0761569,-0.483016,-1.18254][-0.662503,0.320679,-0.676945][0.961226,0.130948,0][-0.0761569,-0.483016,-1.18254][-0.662503,0.320679,-0.676945][0.961226,0.130948,0][-0.0650849,-0.483506,-1.18254][0.645471,-0.222624,-0.730621][0.952568,0.138996,0][-0.0734259,-0.519016,-1.18254][0.674497,-0.0774425,-0.734204][0.93008,0.104244,0][-0.0733509,-0.555066,-1.18254][0.674073,0.0804314,-0.734273][0.900781,0.076966,0][-0.0884669,-0.555476,-1.18254][-0.729032,-0.0755971,-0.680292][0.912405,0.064928,0][-0.0877119,-0.519026,-1.18254][-0.726814,0.121478,-0.676006][0.940711,0.09355,0][-0.0877119,-0.519026,-1.18254][-0.726814,0.121478,-0.676006][0.940711,0.09355,0][-0.0734259,-0.519016,-1.18254][0.674497,-0.0774425,-0.734204][0.93008,0.104244,0][-0.0733509,-0.555066,-1.18254][0.674073,0.0804314,-0.734273][0.900781,0.076966,0][-0.0791129,-0.595906,-1.18254][-0.682686,-0.29334,-0.669247][0.87269,0.040943,0][-0.0884669,-0.555476,-1.18254][-0.729032,-0.0755971,-0.680292][0.912405,0.064928,0][-0.0733509,-0.555066,-1.18254][0.674073,0.0804314,-0.734273][0.900781,0.076966,0][-0.0733509,-0.555066,-1.18254][0.674073,0.0804314,-0.734273][0.900781,0.076966,0][-0.0639329,-0.594326,-1.18254][0.622374,0.250339,-0.741607][0.861692,0.054225,0][-0.0791129,-0.595906,-1.18254][-0.682686,-0.29334,-0.669247][0.87269,0.040943,0][0.135676,-0.755365,-1.18254][-0.17089,0.621034,-0.764927][0.63426,0.692588,0][0.133722,-0.756016,-1.179][-0.146264,0.784255,-0.602952][0.632868,0.695541,0][0.138235,-0.753916,-1.179][-0.501308,0.562588,-0.657407][0.629384,0.694206,0][0.138235,-0.753916,-1.179][-0.501308,0.562588,-0.657407][0.629384,0.694206,0][0.138235,-0.753916,-1.18254][-0.440318,0.472552,-0.763423][0.629816,0.691287,0][0.135676,-0.755365,-1.18254][-0.17089,0.621034,-0.764927][0.63426,0.692588,0][0.141002,-0.749746,-1.18254][-0.60326,0.325094,-0.72828][0.625081,0.691861,0][0.141002,-0.749746,-1.179][-0.639608,0.344682,-0.687093][0.625748,0.694828,0][0.142412,-0.746436,-1.179][-0.729228,0.155328,-0.666408][0.623198,0.695796,0][0.142412,-0.746436,-1.179][-0.729228,0.155328,-0.666408][0.623198,0.695796,0][0.142412,-0.746436,-1.18254][-0.65576,0.130596,-0.743589][0.621925,0.693101,0][0.141002,-0.749746,-1.18254][-0.60326,0.325094,-0.72828][0.625081,0.691861,0][0.143104,-0.705796,-1.18322][-0.351752,-0.229285,-0.907578][0.600066,0.71278,0][0.142412,-0.746436,-1.18254][-0.65576,0.130596,-0.743589][0.621925,0.693101,0][0.142412,-0.746436,-1.179][-0.729228,0.155328,-0.666408][0.623198,0.695796,0][0.142412,-0.746436,-1.179][-0.729228,0.155328,-0.666408][0.623198,0.695796,0][0.143104,-0.705796,-1.179][-0.60758,-0.540696,-0.581803][0.603179,0.714127,0][0.143104,-0.705796,-1.18322][-0.351752,-0.229285,-0.907578][0.600066,0.71278,0][0.0875641,-0.512506,-1.18254][-0.707888,0.137803,-0.692751][0.519497,0.875309,0][0.0815721,-0.559376,-1.18254][-0.650168,-0.4927,-0.578384][0.52414,0.83879,0][0.0815721,-0.559376,-1.179][-0.3437,-0.260458,-0.902237][0.527151,0.838626,0][0.0815721,-0.559376,-1.179][-0.3437,-0.260458,-0.902237][0.527151,0.838626,0][0.0875641,-0.512506,-1.179][-0.679094,0.132197,-0.722049][0.522093,0.875262,0][0.0875641,-0.512506,-1.18254][-0.707888,0.137803,-0.692751][0.519497,0.875309,0][-0.0332109,-0.451356,-1.18254][0.263648,-0.623015,-0.736439][0.596247,0.976519,0][0.00983807,-0.439226,-1.18254][0.0662162,-0.659946,-0.748389][0.564798,0.965784,0][0.00983807,-0.439226,-1.179][0.0741126,-0.738646,-0.670008][0.566315,0.963463,0][0.00983807,-0.439226,-1.179][0.0741126,-0.738646,-0.670008][0.566315,0.963463,0][-0.0332109,-0.451356,-1.179][0.285765,-0.67528,-0.679952][0.597026,0.973852,0][-0.0332109,-0.451356,-1.18254][0.263648,-0.623015,-0.736439][0.596247,0.976519,0][0.0997691,-0.466136,-1.18254][-0.527239,-0.141945,-0.837777][0.519544,0.912194,0][0.0997691,-0.466136,-1.179][-0.764812,-0.205905,-0.610464][0.522124,0.912036,0][0.0878381,-0.454156,-1.179][-0.394511,-0.641322,-0.658078][0.52525,0.923782,0][0.0878381,-0.454156,-1.179][-0.394511,-0.641322,-0.658078][0.52525,0.923782,0][0.0878381,-0.454156,-1.18254][-0.338247,-0.549859,-0.763705][0.522888,0.924784,0][0.0997691,-0.466136,-1.18254][-0.527239,-0.141945,-0.837777][0.519544,0.912194,0][0.0516891,-0.442356,-1.18254][-0.131407,-0.665018,-0.735176][0.540365,0.9475,0][0.0878381,-0.454156,-1.18254][-0.338247,-0.549859,-0.763705][0.522888,0.924784,0][0.0878381,-0.454156,-1.179][-0.394511,-0.641322,-0.658078][0.52525,0.923782,0][0.0878381,-0.454156,-1.179][-0.394511,-0.641322,-0.658078][0.52525,0.923782,0][0.0516891,-0.442356,-1.179][-0.141947,-0.718358,-0.681038][0.542166,0.945635,0][0.0516891,-0.442356,-1.18254][-0.131407,-0.665018,-0.735176][0.540365,0.9475,0][0.0997691,-0.466136,-1.18254][-0.527239,-0.141945,-0.837777][0.519544,0.912194,0][0.0875641,-0.512506,-1.18254][-0.707888,0.137803,-0.692751][0.519497,0.875309,0][0.0875641,-0.512506,-1.179][-0.679094,0.132197,-0.722049][0.522093,0.875262,0][0.0875641,-0.512506,-1.179][-0.679094,0.132197,-0.722049][0.522093,0.875262,0][0.0997691,-0.466136,-1.179][-0.764812,-0.205905,-0.610464][0.522124,0.912036,0][0.0997691,-0.466136,-1.18254][-0.527239,-0.141945,-0.837777][0.519544,0.912194,0][0.0815721,-0.559376,-1.18254][-0.650168,-0.4927,-0.578384][0.52414,0.83879,0][0.122656,-0.565446,-1.18254][-0.239048,-0.196351,-0.950948][0.519497,0.807694,0][0.122656,-0.565446,-1.179][-0.676398,-0.46234,-0.573347][0.522288,0.808231,0][0.122656,-0.565446,-1.179][-0.676398,-0.46234,-0.573347][0.522288,0.808231,0][0.0815721,-0.559376,-1.179][-0.3437,-0.260458,-0.902237][0.527151,0.838626,0][0.0815721,-0.559376,-1.18254][-0.650168,-0.4927,-0.578384][0.52414,0.83879,0][0.122656,-0.565446,-1.18254][-0.239048,-0.196351,-0.950948][0.519497,0.807694,0][0.109708,-0.622036,-1.18254][-0.720484,-0.36915,-0.587053][0.543258,0.770152,0][0.109708,-0.622036,-1.179][-0.41686,-0.213584,-0.883521][0.545852,0.771533,0][0.109708,-0.622036,-1.179][-0.41686,-0.213584,-0.883521][0.545852,0.771533,0][0.122656,-0.565446,-1.179][-0.676398,-0.46234,-0.573347][0.522288,0.808231,0][0.122656,-0.565446,-1.18254][-0.239048,-0.196351,-0.950948][0.519497,0.807694,0][0.109708,-0.622036,-1.18254][-0.720484,-0.36915,-0.587053][0.543258,0.770152,0][0.135807,-0.633036,-1.18254][-0.425518,-0.245471,-0.871021][0.553287,0.751524,0][0.135807,-0.633036,-1.179][-0.697399,-0.402313,-0.59311][0.554977,0.753957,0][0.135807,-0.633036,-1.179][-0.697399,-0.402313,-0.59311][0.554977,0.753957,0][0.109708,-0.622036,-1.179][-0.41686,-0.213584,-0.883521][0.545852,0.771533,0][0.109708,-0.622036,-1.18254][-0.720484,-0.36915,-0.587053][0.543258,0.770152,0][0.135807,-0.633036,-1.18254][-0.425518,-0.245471,-0.871021][0.553287,0.751524,0][0.130152,-0.677886,-1.18254][-0.703969,0.0831567,-0.705345][0.591161,0.74607,0][0.130152,-0.677886,-1.179][-0.700462,0.0827425,-0.708877][0.592731,0.748428,0][0.130152,-0.677886,-1.179][-0.700462,0.0827425,-0.708877][0.592731,0.748428,0][0.135807,-0.633036,-1.179][-0.697399,-0.402313,-0.59311][0.554977,0.753957,0][0.135807,-0.633036,-1.18254][-0.425518,-0.245471,-0.871021][0.553287,0.751524,0][0.127251,-0.704216,-1.18254][-0.640641,-0.512475,-0.571794][0.601899,0.726351,0][0.127251,-0.704216,-1.179][-0.329316,-0.266775,-0.905749][0.60517,0.726988,0][0.130152,-0.677886,-1.179][-0.700462,0.0827425,-0.708877][0.592731,0.748428,0][0.130152,-0.677886,-1.179][-0.700462,0.0827425,-0.708877][0.592731,0.748428,0][0.130152,-0.677886,-1.18254][-0.703969,0.0831567,-0.705345][0.591161,0.74607,0][0.127251,-0.704216,-1.18254][-0.640641,-0.512475,-0.571794][0.601899,0.726351,0][0.143104,-0.705796,-1.18322][-0.351752,-0.229285,-0.907578][0.600066,0.71278,0][0.143104,-0.705796,-1.179][-0.60758,-0.540696,-0.581803][0.603179,0.714127,0][0.127251,-0.704216,-1.179][-0.329316,-0.266775,-0.905749][0.60517,0.726988,0][0.127251,-0.704216,-1.179][-0.329316,-0.266775,-0.905749][0.60517,0.726988,0][0.127251,-0.704216,-1.18254][-0.640641,-0.512475,-0.571794][0.601899,0.726351,0][0.143104,-0.705796,-1.18322][-0.351752,-0.229285,-0.907578][0.600066,0.71278,0][0.138235,-0.753916,-1.18254][-0.440318,0.472552,-0.763423][0.629816,0.691287,0][0.138235,-0.753916,-1.179][-0.501308,0.562588,-0.657407][0.629384,0.694206,0][0.141002,-0.749746,-1.179][-0.639608,0.344682,-0.687093][0.625748,0.694828,0][0.141002,-0.749746,-1.179][-0.639608,0.344682,-0.687093][0.625748,0.694828,0][0.141002,-0.749746,-1.18254][-0.60326,0.325094,-0.72828][0.625081,0.691861,0][0.138235,-0.753916,-1.18254][-0.440318,0.472552,-0.763423][0.629816,0.691287,0][0.00983807,-0.439226,-1.18254][0.0662162,-0.659946,-0.748389][0.564798,0.965784,0][0.0516891,-0.442356,-1.18254][-0.131407,-0.665018,-0.735176][0.540365,0.9475,0][0.0516891,-0.442356,-1.179][-0.141947,-0.718358,-0.681038][0.542166,0.945635,0][0.0516891,-0.442356,-1.179][-0.141947,-0.718358,-0.681038][0.542166,0.945635,0][0.00983807,-0.439226,-1.179][0.0741126,-0.738646,-0.670008][0.566315,0.963463,0][0.00983807,-0.439226,-1.18254][0.0662162,-0.659946,-0.748389][0.564798,0.965784,0][-0.0410599,-0.633416,-1.18254][0.549724,0.4038,-0.731266][0.690834,0.856274,0][-0.0639329,-0.594326,-1.18254][0.622374,0.250339,-0.741607][0.686924,0.893221,0][-0.0639329,-0.594326,-1.179][0.684026,0.275138,-0.675579][0.683993,0.892398,0][-0.0639329,-0.594326,-1.179][0.684026,0.275138,-0.675579][0.683993,0.892398,0][-0.0410599,-0.633416,-1.179][0.58758,0.431607,-0.684445][0.687828,0.856321,0][-0.0410599,-0.633416,-1.18254][0.549724,0.4038,-0.731266][0.690834,0.856274,0][-0.0187849,-0.657926,-1.18254][0.444025,0.512601,-0.734903][0.687789,0.829162,0][-0.0410599,-0.633416,-1.18254][0.549724,0.4038,-0.731266][0.690834,0.856274,0][-0.0410599,-0.633416,-1.179][0.58758,0.431607,-0.684445][0.687828,0.856321,0][-0.0410599,-0.633416,-1.179][0.58758,0.431607,-0.684445][0.687828,0.856321,0][-0.0187849,-0.657926,-1.179][0.479287,0.553309,-0.681274][0.684977,0.82991,0][-0.0187849,-0.657926,-1.18254][0.444025,0.512601,-0.734903][0.687789,0.829162,0][0.0315151,-0.691936,-1.18254][0.438955,0.571915,-0.692987][0.671058,0.781396,0][-0.0187849,-0.657926,-1.18254][0.444025,0.512601,-0.734903][0.687789,0.829162,0][-0.0187849,-0.657926,-1.179][0.479287,0.553309,-0.681274][0.684977,0.82991,0][-0.0187849,-0.657926,-1.179][0.479287,0.553309,-0.681274][0.684977,0.82991,0][0.0315151,-0.691936,-1.179][0.423577,0.547333,-0.721809][0.668276,0.782269,0][0.0315151,-0.691936,-1.18254][0.438955,0.571915,-0.692987][0.671058,0.781396,0][0.0315151,-0.691936,-1.18254][0.438955,0.571915,-0.692987][0.671058,0.781396,0][0.0315151,-0.691936,-1.179][0.423577,0.547333,-0.721809][0.668276,0.782269,0][0.0546821,-0.712366,-1.179][0.498228,0.780562,-0.377482][0.662679,0.757971,0][0.0546821,-0.712366,-1.179][0.498228,0.780562,-0.377482][0.662679,0.757971,0][0.0546821,-0.708225,-1.18254][0.50675,0.765352,-0.396788][0.665301,0.75703,0][0.0315151,-0.691936,-1.18254][0.438955,0.571915,-0.692987][0.671058,0.781396,0][0.0914601,-0.73004,-1.18254][0.436996,0.752792,-0.492279][0.650572,0.726684,0][0.0546821,-0.708225,-1.18254][0.50675,0.765352,-0.396788][0.665301,0.75703,0][0.0546821,-0.712366,-1.179][0.498228,0.780562,-0.377482][0.662679,0.757971,0][0.0546821,-0.712366,-1.179][0.498228,0.780562,-0.377482][0.662679,0.757971,0][0.0914601,-0.732406,-1.179][0.43985,0.740193,-0.508574][0.647989,0.727822,0][0.0914601,-0.73004,-1.18254][0.436996,0.752792,-0.492279][0.650572,0.726684,0][0.130621,-0.754697,-1.18254][0.223044,0.778166,-0.587119][0.637152,0.694261,0][0.130621,-0.756976,-1.179][0.104653,0.909216,-0.402957][0.635139,0.696371,0][0.133722,-0.756016,-1.179][-0.146264,0.784255,-0.602952][0.632868,0.695541,0][0.133722,-0.756016,-1.179][-0.146264,0.784255,-0.602952][0.632868,0.695541,0][0.135676,-0.755365,-1.18254][-0.17089,0.621034,-0.764927][0.63426,0.692588,0][0.130621,-0.754697,-1.18254][0.223044,0.778166,-0.587119][0.637152,0.694261,0][0.130621,-0.754697,-1.18254][0.223044,0.778166,-0.587119][0.637152,0.694261,0][0.0914601,-0.73004,-1.18254][0.436996,0.752792,-0.492279][0.650572,0.726684,0][0.0914601,-0.732406,-1.179][0.43985,0.740193,-0.508574][0.647989,0.727822,0][0.0914601,-0.732406,-1.179][0.43985,0.740193,-0.508574][0.647989,0.727822,0][0.130621,-0.756976,-1.179][0.104653,0.909216,-0.402957][0.635139,0.696371,0][0.130621,-0.754697,-1.18254][0.223044,0.778166,-0.587119][0.637152,0.694261,0][-0.0332109,-0.451356,-1.18254][0.263648,-0.623015,-0.736439][0.596247,0.976519,0][-0.0332109,-0.451356,-1.179][0.285765,-0.67528,-0.679952][0.597026,0.973852,0][-0.0564469,-0.464846,-1.179][0.564606,-0.514673,-0.645237][0.618128,0.975522,0][-0.0564469,-0.464846,-1.179][0.564606,-0.514673,-0.645237][0.618128,0.975522,0][-0.0564469,-0.464846,-1.18254][0.46108,-0.420303,-0.781505][0.618583,0.978349,0][-0.0332109,-0.451356,-1.18254][0.263648,-0.623015,-0.736439][0.596247,0.976519,0][-0.0564469,-0.464846,-1.18254][0.46108,-0.420303,-0.781505][0.618583,0.978349,0][-0.0564469,-0.464846,-1.179][0.564606,-0.514673,-0.645237][0.618128,0.975522,0][-0.0650849,-0.483506,-1.179][0.688717,-0.237539,-0.685014][0.632329,0.967488,0][-0.0650849,-0.483506,-1.179][0.688717,-0.237539,-0.685014][0.632329,0.967488,0][-0.0650849,-0.483506,-1.18254][0.645471,-0.222624,-0.730621][0.633911,0.969941,0][-0.0564469,-0.464846,-1.18254][0.46108,-0.420303,-0.781505][0.618583,0.978349,0][-0.0734259,-0.519016,-1.18254][0.674497,-0.0774425,-0.734204][0.656795,0.949447,0][-0.0650849,-0.483506,-1.18254][0.645471,-0.222624,-0.730621][0.633911,0.969941,0][-0.0650849,-0.483506,-1.179][0.688717,-0.237539,-0.685014][0.632329,0.967488,0][-0.0650849,-0.483506,-1.179][0.688717,-0.237539,-0.685014][0.632329,0.967488,0][-0.0734259,-0.519016,-1.179][0.726692,-0.0834352,-0.681878][0.654652,0.947424,0][-0.0734259,-0.519016,-1.18254][0.674497,-0.0774425,-0.734204][0.656795,0.949447,0][-0.0733509,-0.555066,-1.18254][0.674073,0.0804314,-0.734273][0.674365,0.924668,0][-0.0734259,-0.519016,-1.18254][0.674497,-0.0774425,-0.734204][0.656795,0.949447,0][-0.0734259,-0.519016,-1.179][0.726692,-0.0834352,-0.681878][0.654652,0.947424,0][-0.0734259,-0.519016,-1.179][0.726692,-0.0834352,-0.681878][0.654652,0.947424,0][-0.0733509,-0.555066,-1.179][0.726368,0.0866713,-0.681819][0.67177,0.923195,0][-0.0733509,-0.555066,-1.18254][0.674073,0.0804314,-0.734273][0.674365,0.924668,0][-0.0639329,-0.594326,-1.18254][0.622374,0.250339,-0.741607][0.686924,0.893221,0][-0.0733509,-0.555066,-1.18254][0.674073,0.0804314,-0.734273][0.674365,0.924668,0][-0.0733509,-0.555066,-1.179][0.726368,0.0866713,-0.681819][0.67177,0.923195,0][-0.0733509,-0.555066,-1.179][0.726368,0.0866713,-0.681819][0.67177,0.923195,0][-0.0639329,-0.594326,-1.179][0.684026,0.275138,-0.675579][0.683993,0.892398,0][-0.0639329,-0.594326,-1.18254][0.622374,0.250339,-0.741607][0.686924,0.893221,0][0.00174907,-0.402866,-1.16077][0.134431,-0.990923,0.000634867][0.268281,0.821149,0][-0.0112009,-0.409266,-1.16077][0.692827,-0.721104,-0.000596894][0.248107,0.821272,0][-0.0121389,-0.408036,-1.16345][0.287739,-0.30921,-0.906419][0.248219,0.817389,0][-0.0121389,-0.408036,-1.16345][0.287739,-0.30921,-0.906419][0.248219,0.817389,0][0.00157807,-0.401546,-1.16345][0.0561045,-0.438571,-0.896944][0.268499,0.817352,0][0.00174907,-0.402866,-1.16077][0.134431,-0.990923,0.000634867][0.268281,0.821149,0][0.0273821,-0.415666,-1.16077][-0.801346,-0.598199,0.00133238][0.310063,0.820914,0][0.0163561,-0.405676,-1.16077][-0.451341,-0.89235,0.00188622][0.28923,0.821476,0][0.0169491,-0.404246,-1.16345][-0.186121,-0.384561,-0.904142][0.289273,0.817523,0][0.0169491,-0.404246,-1.16345][-0.186121,-0.384561,-0.904142][0.289273,0.817523,0][0.0284171,-0.414816,-1.16345][-0.382635,-0.286142,-0.878472][0.310398,0.81692,0][0.0273821,-0.415666,-1.16077][-0.801346,-0.598199,0.00133238][0.310063,0.820914,0][-0.0175249,-0.420396,-1.16077][0.925534,-0.378663,0.000548249][0.230359,0.821271,0][-0.0217479,-0.435886,-1.16077][0.963993,-0.265923,-0.00138907][0.20867,0.821737,0][-0.0232789,-0.436086,-1.16345][0.406902,-0.111316,-0.906664][0.207486,0.817699,0][-0.0232789,-0.436086,-1.16345][0.406902,-0.111316,-0.906664][0.207486,0.817699,0][-0.0187149,-0.419776,-1.16345][0.456783,-0.191585,-0.868703][0.230089,0.81734,0][-0.0175249,-0.420396,-1.16077][0.925534,-0.378663,0.000548249][0.230359,0.821271,0][0.00157807,-0.401546,-1.16345][0.0561045,-0.438571,-0.896944][0.268499,0.817352,0][-0.0121389,-0.408036,-1.16345][0.287739,-0.30921,-0.906419][0.248219,0.817389,0][-0.0140159,-0.405586,-1.16345][-0.390106,0.419579,-0.819616][0.248456,0.813383,0][-0.0140159,-0.405586,-1.16345][-0.390106,0.419579,-0.819616][0.248456,0.813383,0][0.00123607,-0.398896,-1.16345][-0.0782439,0.581634,-0.809679][0.268553,0.813551,0][0.00157807,-0.401546,-1.16345][0.0561045,-0.438571,-0.896944][0.268499,0.817352,0][0.0284171,-0.414816,-1.16345][-0.382635,-0.286142,-0.878472][0.310398,0.81692,0][0.0169491,-0.404246,-1.16345][-0.186121,-0.384561,-0.904142][0.289273,0.817523,0][0.0181351,-0.401396,-1.16345][0.251296,0.510724,-0.822199][0.289322,0.813421,0][0.0181351,-0.401396,-1.16345][0.251296,0.510724,-0.822199][0.289322,0.813421,0][0.0304861,-0.413126,-1.16345][0.450366,0.338697,-0.826108][0.310503,0.813299,0][0.0284171,-0.414816,-1.16345][-0.382635,-0.286142,-0.878472][0.310398,0.81692,0][-0.0210949,-0.418536,-1.16345][-0.508646,0.210021,-0.834967][0.230029,0.813688,0][-0.0187149,-0.419776,-1.16345][0.456783,-0.191585,-0.868703][0.230089,0.81734,0][-0.0232789,-0.436086,-1.16345][0.406902,-0.111316,-0.906664][0.207486,0.817699,0][-0.0232789,-0.436086,-1.16345][0.406902,-0.111316,-0.906664][0.207486,0.817699,0][-0.0263409,-0.436486,-1.16345][-0.59529,0.173978,-0.78445][0.205557,0.813729,0][-0.0210949,-0.418536,-1.16345][-0.508646,0.210021,-0.834967][0.230029,0.813688,0][0.00106507,-0.397566,-1.16077][-0.134668,0.990891,-0.000796719][0.268597,0.809363,0][0.00123607,-0.398896,-1.16345][-0.0782439,0.581634,-0.809679][0.268553,0.813551,0][-0.0140159,-0.405586,-1.16345][-0.390106,0.419579,-0.819616][0.248456,0.813383,0][-0.0140159,-0.405586,-1.16345][-0.390106,0.419579,-0.819616][0.248456,0.813383,0][-0.0149539,-0.404356,-1.16077][-0.666266,0.745714,0.000218027][0.248538,0.809377,0][0.00106507,-0.397566,-1.16077][-0.134668,0.990891,-0.000796719][0.268597,0.809363,0][0.0315211,-0.412276,-1.16077][0.795791,0.605572,-0.000368649][0.310741,0.809321,0][0.0304861,-0.413126,-1.16345][0.450366,0.338697,-0.826108][0.310503,0.813299,0][0.0181351,-0.401396,-1.16345][0.251296,0.510724,-0.822199][0.289322,0.813421,0][0.0181351,-0.401396,-1.16345][0.251296,0.510724,-0.822199][0.289322,0.813421,0][0.0187281,-0.399976,-1.16077][0.433359,0.901221,-0.000735888][0.289448,0.809342,0][0.0315211,-0.412276,-1.16077][0.795791,0.605572,-0.000368649][0.310741,0.809321,0][-0.0210949,-0.418536,-1.16345][-0.508646,0.210021,-0.834967][0.230029,0.813688,0][-0.0263409,-0.436486,-1.16345][-0.59529,0.173978,-0.78445][0.205557,0.813729,0][-0.0278719,-0.436686,-1.16077][-0.95909,0.283095,0.00175907][0.204552,0.809478,0][-0.0278719,-0.436686,-1.16077][-0.95909,0.283095,0.00175907][0.204552,0.809478,0][-0.0222849,-0.417906,-1.16077][-0.922945,0.384931,0.000710778][0.229744,0.80941,0][-0.0210949,-0.418536,-1.16345][-0.508646,0.210021,-0.834967][0.230029,0.813688,0][0.00106507,-0.397566,-1.16077][-0.134668,0.990891,-0.000796719][0.268597,0.809363,0][-0.0149539,-0.404356,-1.16077][-0.666266,0.745714,0.000218027][0.248538,0.809377,0][-0.0140159,-0.405586,-1.1581][-0.388371,0.419576,0.820442][0.248576,0.805542,0][-0.0140159,-0.405586,-1.1581][-0.388371,0.419576,0.820442][0.248576,0.805542,0][0.00123607,-0.398896,-1.1581][-0.0812265,0.579431,0.810963][0.26845,0.805368,0][0.00106507,-0.397566,-1.16077][-0.134668,0.990891,-0.000796719][0.268597,0.809363,0][0.0315211,-0.412276,-1.16077][0.795791,0.605572,-0.000368649][0.310741,0.809321,0][0.0187281,-0.399976,-1.16077][0.433359,0.901221,-0.000735888][0.289448,0.809342,0][0.0181351,-0.401396,-1.1581][0.25336,0.507734,0.823417][0.28929,0.805344,0][0.0181351,-0.401396,-1.1581][0.25336,0.507734,0.823417][0.28929,0.805344,0][0.0304861,-0.413126,-1.1581][0.447776,0.339516,0.827179][0.310362,0.805246,0][0.0315211,-0.412276,-1.16077][0.795791,0.605572,-0.000368649][0.310741,0.809321,0][-0.0222849,-0.417906,-1.16077][-0.922945,0.384931,0.000710778][0.229744,0.80941,0][-0.0278719,-0.436686,-1.16077][-0.95909,0.283095,0.00175907][0.204552,0.809478,0][-0.0263409,-0.436486,-1.1581][-0.595426,0.17686,0.783701][0.205649,0.805266,0][-0.0263409,-0.436486,-1.1581][-0.595426,0.17686,0.783701][0.205649,0.805266,0][-0.0210949,-0.418536,-1.1581][-0.509071,0.207669,0.835296][0.23006,0.805357,0][-0.0222849,-0.417906,-1.16077][-0.922945,0.384931,0.000710778][0.229744,0.80941,0][0.00123607,-0.398896,-1.1581][-0.0812265,0.579431,0.810963][0.26845,0.805368,0][-0.0140159,-0.405586,-1.1581][-0.388371,0.419576,0.820442][0.248576,0.805542,0][-0.0121389,-0.408036,-1.1581][0.283387,-0.31014,0.907472][0.248333,0.801614,0][-0.0121389,-0.408036,-1.1581][0.283387,-0.31014,0.907472][0.248333,0.801614,0][0.00157807,-0.401546,-1.1581][0.0617429,-0.437115,0.897284][0.268321,0.801648,0][0.00123607,-0.398896,-1.1581][-0.0812265,0.579431,0.810963][0.26845,0.805368,0][0.0304861,-0.413126,-1.1581][0.447776,0.339516,0.827179][0.310362,0.805246,0][0.0181351,-0.401396,-1.1581][0.25336,0.507734,0.823417][0.28929,0.805344,0][0.0169491,-0.404246,-1.1581][-0.190077,-0.383164,0.903912][0.28909,0.801368,0][0.0169491,-0.404246,-1.1581][-0.190077,-0.383164,0.903912][0.28909,0.801368,0][0.0284171,-0.414816,-1.1581][-0.380062,-0.289049,0.878637][0.310052,0.801746,0][0.0304861,-0.413126,-1.1581][0.447776,0.339516,0.827179][0.310362,0.805246,0][-0.0210949,-0.418536,-1.1581][-0.509071,0.207669,0.835296][0.23006,0.805357,0][-0.0263409,-0.436486,-1.1581][-0.595426,0.17686,0.783701][0.205649,0.805266,0][-0.0232789,-0.436086,-1.1581][0.404616,-0.113223,0.90745][0.207657,0.801363,0][-0.0232789,-0.436086,-1.1581][0.404616,-0.113223,0.90745][0.207657,0.801363,0][-0.0187149,-0.419776,-1.1581][0.457232,-0.188919,0.86905][0.230275,0.801666,0][-0.0210949,-0.418536,-1.1581][-0.509071,0.207669,0.835296][0.23006,0.805357,0][0.00157807,-0.401546,-1.1581][0.0617429,-0.437115,0.897284][0.268321,0.801648,0][-0.0121389,-0.408036,-1.1581][0.283387,-0.31014,0.907472][0.248333,0.801614,0][-0.0112009,-0.409266,-1.16077][0.692827,-0.721104,-0.000596894][0.248298,0.797816,0][-0.0112009,-0.409266,-1.16077][0.692827,-0.721104,-0.000596894][0.248298,0.797816,0][0.00174907,-0.402866,-1.16077][0.134431,-0.990923,0.000634867][0.268169,0.79793,0][0.00157807,-0.401546,-1.1581][0.0617429,-0.437115,0.897284][0.268321,0.801648,0][0.0284171,-0.414816,-1.1581][-0.380062,-0.289049,0.878637][0.310052,0.801746,0][0.0169491,-0.404246,-1.1581][-0.190077,-0.383164,0.903912][0.28909,0.801368,0][0.0163561,-0.405676,-1.16077][-0.451341,-0.89235,0.00188622][0.289065,0.797528,0][0.0163561,-0.405676,-1.16077][-0.451341,-0.89235,0.00188622][0.289065,0.797528,0][0.0273821,-0.415666,-1.16077][-0.801346,-0.598199,0.00133238][0.309717,0.797829,0][0.0284171,-0.414816,-1.1581][-0.380062,-0.289049,0.878637][0.310052,0.801746,0][-0.0187149,-0.419776,-1.1581][0.457232,-0.188919,0.86905][0.230275,0.801666,0][-0.0232789,-0.436086,-1.1581][0.404616,-0.113223,0.90745][0.207657,0.801363,0][-0.0217479,-0.435886,-1.16077][0.963993,-0.265923,-0.00138907][0.208772,0.797335,0][-0.0217479,-0.435886,-1.16077][0.963993,-0.265923,-0.00138907][0.208772,0.797335,0][-0.0175249,-0.420396,-1.16077][0.925534,-0.378663,0.000548249][0.230511,0.797788,0][-0.0187149,-0.419776,-1.1581][0.457232,-0.188919,0.86905][0.230275,0.801666,0][0.0169491,-0.404246,-1.16345][-0.186121,-0.384561,-0.904142][0.289273,0.817523,0][0.00157807,-0.401546,-1.16345][0.0561045,-0.438571,-0.896944][0.268499,0.817352,0][0.00123607,-0.398896,-1.16345][-0.0782439,0.581634,-0.809679][0.268553,0.813551,0][0.00123607,-0.398896,-1.16345][-0.0782439,0.581634,-0.809679][0.268553,0.813551,0][0.0181351,-0.401396,-1.16345][0.251296,0.510724,-0.822199][0.289322,0.813421,0][0.0169491,-0.404246,-1.16345][-0.186121,-0.384561,-0.904142][0.289273,0.817523,0][0.0163561,-0.405676,-1.16077][-0.451341,-0.89235,0.00188622][0.28923,0.821476,0][0.00174907,-0.402866,-1.16077][0.134431,-0.990923,0.000634867][0.268281,0.821149,0][0.00157807,-0.401546,-1.16345][0.0561045,-0.438571,-0.896944][0.268499,0.817352,0][0.00157807,-0.401546,-1.16345][0.0561045,-0.438571,-0.896944][0.268499,0.817352,0][0.0169491,-0.404246,-1.16345][-0.186121,-0.384561,-0.904142][0.289273,0.817523,0][0.0163561,-0.405676,-1.16077][-0.451341,-0.89235,0.00188622][0.28923,0.821476,0][0.0169491,-0.404246,-1.1581][-0.190077,-0.383164,0.903912][0.28909,0.801368,0][0.00157807,-0.401546,-1.1581][0.0617429,-0.437115,0.897284][0.268321,0.801648,0][0.00174907,-0.402866,-1.16077][0.134431,-0.990923,0.000634867][0.268169,0.79793,0][0.00174907,-0.402866,-1.16077][0.134431,-0.990923,0.000634867][0.268169,0.79793,0][0.0163561,-0.405676,-1.16077][-0.451341,-0.89235,0.00188622][0.289065,0.797528,0][0.0169491,-0.404246,-1.1581][-0.190077,-0.383164,0.903912][0.28909,0.801368,0][0.0181351,-0.401396,-1.1581][0.25336,0.507734,0.823417][0.28929,0.805344,0][0.00123607,-0.398896,-1.1581][-0.0812265,0.579431,0.810963][0.26845,0.805368,0][0.00157807,-0.401546,-1.1581][0.0617429,-0.437115,0.897284][0.268321,0.801648,0][0.00157807,-0.401546,-1.1581][0.0617429,-0.437115,0.897284][0.268321,0.801648,0][0.0169491,-0.404246,-1.1581][-0.190077,-0.383164,0.903912][0.28909,0.801368,0][0.0181351,-0.401396,-1.1581][0.25336,0.507734,0.823417][0.28929,0.805344,0][0.0187281,-0.399976,-1.16077][0.433359,0.901221,-0.000735888][0.289448,0.809342,0][0.00106507,-0.397566,-1.16077][-0.134668,0.990891,-0.000796719][0.268597,0.809363,0][0.00123607,-0.398896,-1.1581][-0.0812265,0.579431,0.810963][0.26845,0.805368,0][0.00123607,-0.398896,-1.1581][-0.0812265,0.579431,0.810963][0.26845,0.805368,0][0.0181351,-0.401396,-1.1581][0.25336,0.507734,0.823417][0.28929,0.805344,0][0.0187281,-0.399976,-1.16077][0.433359,0.901221,-0.000735888][0.289448,0.809342,0][0.0181351,-0.401396,-1.16345][0.251296,0.510724,-0.822199][0.289322,0.813421,0][0.00123607,-0.398896,-1.16345][-0.0782439,0.581634,-0.809679][0.268553,0.813551,0][0.00106507,-0.397566,-1.16077][-0.134668,0.990891,-0.000796719][0.268597,0.809363,0][0.00106507,-0.397566,-1.16077][-0.134668,0.990891,-0.000796719][0.268597,0.809363,0][0.0187281,-0.399976,-1.16077][0.433359,0.901221,-0.000735888][0.289448,0.809342,0][0.0181351,-0.401396,-1.16345][0.251296,0.510724,-0.822199][0.289322,0.813421,0][0.0347731,-0.427546,-1.16345][-0.38644,-0.192947,-0.901906][0.329398,0.817579,0][0.0284171,-0.414816,-1.16345][-0.382635,-0.286142,-0.878472][0.310398,0.81692,0][0.0304861,-0.413126,-1.16345][0.450366,0.338697,-0.826108][0.310503,0.813299,0][0.0304861,-0.413126,-1.16345][0.450366,0.338697,-0.826108][0.310503,0.813299,0][0.0378351,-0.427156,-1.16345][0.531977,0.283683,-0.797825][0.33112,0.813475,0][0.0347731,-0.427546,-1.16345][-0.38644,-0.192947,-0.901906][0.329398,0.817579,0][0.0332421,-0.427746,-1.16077][-0.897521,-0.440949,0.00451334][0.32842,0.821737,0][0.0273821,-0.415666,-1.16077][-0.801346,-0.598199,0.00133238][0.310063,0.820914,0][0.0284171,-0.414816,-1.16345][-0.382635,-0.286142,-0.878472][0.310398,0.81692,0][0.0284171,-0.414816,-1.16345][-0.382635,-0.286142,-0.878472][0.310398,0.81692,0][0.0347731,-0.427546,-1.16345][-0.38644,-0.192947,-0.901906][0.329398,0.817579,0][0.0332421,-0.427746,-1.16077][-0.897521,-0.440949,0.00451334][0.32842,0.821737,0][0.0347731,-0.427546,-1.1581][-0.389451,-0.189762,0.901287][0.329164,0.800838,0][0.0284171,-0.414816,-1.1581][-0.380062,-0.289049,0.878637][0.310052,0.801746,0][0.0273821,-0.415666,-1.16077][-0.801346,-0.598199,0.00133238][0.309717,0.797829,0][0.0273821,-0.415666,-1.16077][-0.801346,-0.598199,0.00133238][0.309717,0.797829,0][0.0332421,-0.427746,-1.16077][-0.897521,-0.440949,0.00451334][0.328106,0.796748,0][0.0347731,-0.427546,-1.1581][-0.389451,-0.189762,0.901287][0.329164,0.800838,0][0.0378351,-0.427156,-1.1581][0.531056,0.278168,0.800376][0.330998,0.804869,0][0.0304861,-0.413126,-1.1581][0.447776,0.339516,0.827179][0.310362,0.805246,0][0.0284171,-0.414816,-1.1581][-0.380062,-0.289049,0.878637][0.310052,0.801746,0][0.0284171,-0.414816,-1.1581][-0.380062,-0.289049,0.878637][0.310052,0.801746,0][0.0347731,-0.427546,-1.1581][-0.389451,-0.189762,0.901287][0.329164,0.800838,0][0.0378351,-0.427156,-1.1581][0.531056,0.278168,0.800376][0.330998,0.804869,0][0.0393661,-0.426956,-1.16077][0.883651,0.468144,-0.00125614][0.332026,0.809196,0][0.0315211,-0.412276,-1.16077][0.795791,0.605572,-0.000368649][0.310741,0.809321,0][0.0304861,-0.413126,-1.1581][0.447776,0.339516,0.827179][0.310362,0.805246,0][0.0304861,-0.413126,-1.1581][0.447776,0.339516,0.827179][0.310362,0.805246,0][0.0378351,-0.427156,-1.1581][0.531056,0.278168,0.800376][0.330998,0.804869,0][0.0393661,-0.426956,-1.16077][0.883651,0.468144,-0.00125614][0.332026,0.809196,0][0.0378351,-0.427156,-1.16345][0.531977,0.283683,-0.797825][0.33112,0.813475,0][0.0304861,-0.413126,-1.16345][0.450366,0.338697,-0.826108][0.310503,0.813299,0][0.0315211,-0.412276,-1.16077][0.795791,0.605572,-0.000368649][0.310741,0.809321,0][0.0315211,-0.412276,-1.16077][0.795791,0.605572,-0.000368649][0.310741,0.809321,0][0.0393661,-0.426956,-1.16077][0.883651,0.468144,-0.00125614][0.332026,0.809196,0][0.0378351,-0.427156,-1.16345][0.531977,0.283683,-0.797825][0.33112,0.813475,0][-0.0112009,-0.409266,-1.16077][0.692827,-0.721104,-0.000596894][0.248107,0.821272,0][-0.0175249,-0.420396,-1.16077][0.925534,-0.378663,0.000548249][0.230359,0.821271,0][-0.0187149,-0.419776,-1.16345][0.456783,-0.191585,-0.868703][0.230089,0.81734,0][-0.0187149,-0.419776,-1.16345][0.456783,-0.191585,-0.868703][0.230089,0.81734,0][-0.0121389,-0.408036,-1.16345][0.287739,-0.30921,-0.906419][0.248219,0.817389,0][-0.0112009,-0.409266,-1.16077][0.692827,-0.721104,-0.000596894][0.248107,0.821272,0][-0.0121389,-0.408036,-1.1581][0.283387,-0.31014,0.907472][0.248333,0.801614,0][-0.0187149,-0.419776,-1.1581][0.457232,-0.188919,0.86905][0.230275,0.801666,0][-0.0175249,-0.420396,-1.16077][0.925534,-0.378663,0.000548249][0.230511,0.797788,0][-0.0175249,-0.420396,-1.16077][0.925534,-0.378663,0.000548249][0.230511,0.797788,0][-0.0112009,-0.409266,-1.16077][0.692827,-0.721104,-0.000596894][0.248298,0.797816,0][-0.0121389,-0.408036,-1.1581][0.283387,-0.31014,0.907472][0.248333,0.801614,0][-0.0140159,-0.405586,-1.1581][-0.388371,0.419576,0.820442][0.248576,0.805542,0][-0.0210949,-0.418536,-1.1581][-0.509071,0.207669,0.835296][0.23006,0.805357,0][-0.0187149,-0.419776,-1.1581][0.457232,-0.188919,0.86905][0.230275,0.801666,0][-0.0187149,-0.419776,-1.1581][0.457232,-0.188919,0.86905][0.230275,0.801666,0][-0.0121389,-0.408036,-1.1581][0.283387,-0.31014,0.907472][0.248333,0.801614,0][-0.0140159,-0.405586,-1.1581][-0.388371,0.419576,0.820442][0.248576,0.805542,0][-0.0149539,-0.404356,-1.16077][-0.666266,0.745714,0.000218027][0.248538,0.809377,0][-0.0222849,-0.417906,-1.16077][-0.922945,0.384931,0.000710778][0.229744,0.80941,0][-0.0210949,-0.418536,-1.1581][-0.509071,0.207669,0.835296][0.23006,0.805357,0][-0.0210949,-0.418536,-1.1581][-0.509071,0.207669,0.835296][0.23006,0.805357,0][-0.0140159,-0.405586,-1.1581][-0.388371,0.419576,0.820442][0.248576,0.805542,0][-0.0149539,-0.404356,-1.16077][-0.666266,0.745714,0.000218027][0.248538,0.809377,0][-0.0140159,-0.405586,-1.16345][-0.390106,0.419579,-0.819616][0.248456,0.813383,0][-0.0210949,-0.418536,-1.16345][-0.508646,0.210021,-0.834967][0.230029,0.813688,0][-0.0222849,-0.417906,-1.16077][-0.922945,0.384931,0.000710778][0.229744,0.80941,0][-0.0222849,-0.417906,-1.16077][-0.922945,0.384931,0.000710778][0.229744,0.80941,0][-0.0149539,-0.404356,-1.16077][-0.666266,0.745714,0.000218027][0.248538,0.809377,0][-0.0140159,-0.405586,-1.16345][-0.390106,0.419579,-0.819616][0.248456,0.813383,0][-0.0121389,-0.408036,-1.16345][0.287739,-0.30921,-0.906419][0.248219,0.817389,0][-0.0187149,-0.419776,-1.16345][0.456783,-0.191585,-0.868703][0.230089,0.81734,0][-0.0210949,-0.418536,-1.16345][-0.508646,0.210021,-0.834967][0.230029,0.813688,0][-0.0210949,-0.418536,-1.16345][-0.508646,0.210021,-0.834967][0.230029,0.813688,0][-0.0140159,-0.405586,-1.16345][-0.390106,0.419579,-0.819616][0.248456,0.813383,0][-0.0121389,-0.408036,-1.16345][0.287739,-0.30921,-0.906419][0.248219,0.817389,0][0.00296807,-0.364876,-1.12029][0.757314,7.0265e-005,-0.653051][0.146905,0.847421,0][-0.000198935,-0.364876,-1.1216][-8.39385e-005,3.14342e-005,-1][0.147269,0.851573,0][-0.000198935,-0.336376,-1.1334][-5.99158e-005,-0.706986,-0.707228][0.081937,0.852259,0][-0.000198935,-0.336376,-1.1334][-5.99158e-005,-0.706986,-0.707228][0.081937,0.852259,0][0.00296807,-0.335446,-1.13247][0.75734,-0.461575,-0.461935][0.084087,0.848165,0][0.00296807,-0.364876,-1.12029][0.757314,7.0265e-005,-0.653051][0.146905,0.847421,0][0.00296807,-0.394296,-1.13247][0.756795,0.461887,-0.462516][0.189127,0.804898,0][-0.000198935,-0.393376,-1.1334][-3.07398e-005,0.707483,-0.706731][0.192755,0.806078,0][-0.000198935,-0.364876,-1.1216][-8.39385e-005,3.14342e-005,-1][0.147269,0.851573,0][-0.000198935,-0.364876,-1.1216][-8.39385e-005,3.14342e-005,-1][0.147269,0.851573,0][0.00296807,-0.364876,-1.12029][0.757314,7.0265e-005,-0.653051][0.146905,0.847421,0][0.00296807,-0.394296,-1.13247][0.756795,0.461887,-0.462516][0.189127,0.804898,0][0.00296807,-0.406486,-1.1619][0.757326,0.653036,3.44519e-005][0.188785,0.742772,0][-0.000198935,-0.405176,-1.1619][-6.18138e-005,1,8.14266e-007][0.192454,0.74041,0][-0.000198935,-0.393376,-1.1334][-3.07398e-005,0.707483,-0.706731][0.192755,0.806078,0][-0.000198935,-0.393376,-1.1334][-3.07398e-005,0.707483,-0.706731][0.192755,0.806078,0][0.00296807,-0.394296,-1.13247][0.756795,0.461887,-0.462516][0.189127,0.804898,0][0.00296807,-0.406486,-1.1619][0.757326,0.653036,3.44519e-005][0.188785,0.742772,0][0.00296807,-0.394296,-1.19133][0.757115,0.461867,0.462012][0.143898,0.698747,0][-0.000198935,-0.393376,-1.1904][-9.38255e-005,0.707598,0.706615][0.1461,0.694838,0][-0.000198935,-0.405176,-1.1619][-6.18138e-005,1,8.14266e-007][0.192454,0.74041,0][-0.000198935,-0.405176,-1.1619][-6.18138e-005,1,8.14266e-007][0.192454,0.74041,0][0.00296807,-0.406486,-1.1619][0.757326,0.653036,3.44519e-005][0.188785,0.742772,0][0.00296807,-0.394296,-1.19133][0.757115,0.461867,0.462012][0.143898,0.698747,0][0.00296807,-0.364876,-1.20352][0.757357,3.91413e-005,0.653001][0.080775,0.698854,0][-0.000198935,-0.364876,-1.20221][-3.96793e-005,3.14358e-005,1][0.080049,0.694838,0][-0.000198935,-0.393376,-1.1904][-9.38255e-005,0.707598,0.706615][0.1461,0.694838,0][-0.000198935,-0.393376,-1.1904][-9.38255e-005,0.707598,0.706615][0.1461,0.694838,0][0.00296807,-0.394296,-1.19133][0.757115,0.461867,0.462012][0.143898,0.698747,0][0.00296807,-0.364876,-1.20352][0.757357,3.91413e-005,0.653001][0.080775,0.698854,0][0.00296807,-0.335446,-1.19133][0.757635,-0.461529,0.461498][0.037493,0.741734,0][-0.000198935,-0.336376,-1.1904][-6.30239e-005,-0.707102,0.707112][0.033572,0.740881,0][-0.000198935,-0.364876,-1.20221][-3.96793e-005,3.14358e-005,1][0.080049,0.694838,0][-0.000198935,-0.364876,-1.20221][-3.96793e-005,3.14358e-005,1][0.080049,0.694838,0][0.00296807,-0.364876,-1.20352][0.757357,3.91413e-005,0.653001][0.080775,0.698854,0][0.00296807,-0.335446,-1.19133][0.757635,-0.461529,0.461498][0.037493,0.741734,0][0.00296807,-0.323256,-1.1619][0.757354,-0.653005,8.14723e-007][0.038936,0.804128,0][-0.000198935,-0.324566,-1.1619][-6.18457e-005,-1,8.24341e-007][0.035253,0.806887,0][-0.000198935,-0.336376,-1.1904][-6.30239e-005,-0.707102,0.707112][0.033572,0.740881,0][-0.000198935,-0.336376,-1.1904][-6.30239e-005,-0.707102,0.707112][0.033572,0.740881,0][0.00296807,-0.335446,-1.19133][0.757635,-0.461529,0.461498][0.037493,0.741734,0][0.00296807,-0.323256,-1.1619][0.757354,-0.653005,8.14723e-007][0.038936,0.804128,0][0.00296807,-0.335446,-1.13247][0.75734,-0.461575,-0.461935][0.084087,0.848165,0][-0.000198935,-0.336376,-1.1334][-5.99158e-005,-0.706986,-0.707228][0.081937,0.852259,0][-0.000198935,-0.324566,-1.1619][-6.18457e-005,-1,8.24341e-007][0.035253,0.806887,0][-0.000198935,-0.324566,-1.1619][-6.18457e-005,-1,8.24341e-007][0.035253,0.806887,0][0.00296807,-0.323256,-1.1619][0.757354,-0.653005,8.14723e-007][0.038936,0.804128,0][0.00296807,-0.335446,-1.13247][0.75734,-0.461575,-0.461935][0.084087,0.848165,0][0.00428007,-0.364876,-1.11712][0.995496,1.81092e-006,0.0948034][0.14643,0.844241,0][0.00296807,-0.364876,-1.12029][0.757314,7.0265e-005,-0.653051][0.146905,0.847421,0][0.00296807,-0.335446,-1.13247][0.75734,-0.461575,-0.461935][0.084087,0.848165,0][0.00296807,-0.335446,-1.13247][0.75734,-0.461575,-0.461935][0.084087,0.848165,0][0.00428007,-0.333206,-1.13024][0.995522,0.0667926,0.0668994][0.085981,0.844746,0][0.00428007,-0.364876,-1.11712][0.995496,1.81092e-006,0.0948034][0.14643,0.844241,0][0.00428007,-0.396536,-1.13024][0.995522,-0.0668096,0.0668787][0.186012,0.804055,0][0.00296807,-0.394296,-1.13247][0.756795,0.461887,-0.462516][0.189127,0.804898,0][0.00296807,-0.364876,-1.12029][0.757314,7.0265e-005,-0.653051][0.146905,0.847421,0][0.00296807,-0.364876,-1.12029][0.757314,7.0265e-005,-0.653051][0.146905,0.847421,0][0.00428007,-0.364876,-1.11712][0.995496,1.81092e-006,0.0948034][0.14643,0.844241,0][0.00428007,-0.396536,-1.13024][0.995522,-0.0668096,0.0668787][0.186012,0.804055,0][0.00428007,-0.409656,-1.1619][0.995495,-0.094815,1.3468e-005][0.185677,0.745033,0][0.00296807,-0.406486,-1.1619][0.757326,0.653036,3.44519e-005][0.188785,0.742772,0][0.00296807,-0.394296,-1.13247][0.756795,0.461887,-0.462516][0.189127,0.804898,0][0.00296807,-0.394296,-1.13247][0.756795,0.461887,-0.462516][0.189127,0.804898,0][0.00428007,-0.396536,-1.13024][0.995522,-0.0668096,0.0668787][0.186012,0.804055,0][0.00428007,-0.409656,-1.1619][0.995495,-0.094815,1.3468e-005][0.185677,0.745033,0][0.00428007,-0.396536,-1.19357][0.995492,-0.0670438,-0.0670831][0.142051,0.701978,0][0.00296807,-0.394296,-1.19133][0.757115,0.461867,0.462012][0.143898,0.698747,0][0.00296807,-0.406486,-1.1619][0.757326,0.653036,3.44519e-005][0.188785,0.742772,0][0.00296807,-0.406486,-1.1619][0.757326,0.653036,3.44519e-005][0.188785,0.742772,0][0.00428007,-0.409656,-1.1619][0.995495,-0.094815,1.3468e-005][0.185677,0.745033,0][0.00428007,-0.396536,-1.19357][0.995492,-0.0670438,-0.0670831][0.142051,0.701978,0][0.00428007,-0.364876,-1.20669][0.995432,-4.71861e-005,-0.095478][0.08138,0.702058,0][0.00296807,-0.364876,-1.20352][0.757357,3.91413e-005,0.653001][0.080775,0.698854,0][0.00296807,-0.394296,-1.19133][0.757115,0.461867,0.462012][0.143898,0.698747,0][0.00296807,-0.394296,-1.19133][0.757115,0.461867,0.462012][0.143898,0.698747,0][0.00428007,-0.396536,-1.19357][0.995492,-0.0670438,-0.0670831][0.142051,0.701978,0][0.00428007,-0.364876,-1.20669][0.995432,-4.71861e-005,-0.095478][0.08138,0.702058,0][0.00428007,-0.333206,-1.19357][0.995491,0.0670967,-0.0670481][0.040963,0.742462,0][0.00296807,-0.335446,-1.19133][0.757635,-0.461529,0.461498][0.037493,0.741734,0][0.00296807,-0.364876,-1.20352][0.757357,3.91413e-005,0.653001][0.080775,0.698854,0][0.00296807,-0.364876,-1.20352][0.757357,3.91413e-005,0.653001][0.080775,0.698854,0][0.00428007,-0.364876,-1.20669][0.995432,-4.71861e-005,-0.095478][0.08138,0.702058,0][0.00428007,-0.333206,-1.19357][0.995491,0.0670967,-0.0670481][0.040963,0.742462,0][0.00428007,-0.320086,-1.1619][0.995431,0.0954823,-2.63542e-005][0.041963,0.802085,0][0.00296807,-0.323256,-1.1619][0.757354,-0.653005,8.14723e-007][0.038936,0.804128,0][0.00296807,-0.335446,-1.19133][0.757635,-0.461529,0.461498][0.037493,0.741734,0][0.00296807,-0.335446,-1.19133][0.757635,-0.461529,0.461498][0.037493,0.741734,0][0.00428007,-0.333206,-1.19357][0.995491,0.0670967,-0.0670481][0.040963,0.742462,0][0.00428007,-0.320086,-1.1619][0.995431,0.0954823,-2.63542e-005][0.041963,0.802085,0][0.00428007,-0.333206,-1.13024][0.995522,0.0667926,0.0668994][0.085981,0.844746,0][0.00296807,-0.335446,-1.13247][0.75734,-0.461575,-0.461935][0.084087,0.848165,0][0.00296807,-0.323256,-1.1619][0.757354,-0.653005,8.14723e-007][0.038936,0.804128,0][0.00296807,-0.323256,-1.1619][0.757354,-0.653005,8.14723e-007][0.038936,0.804128,0][0.00428007,-0.320086,-1.1619][0.995431,0.0954823,-2.63542e-005][0.041963,0.802085,0][0.00428007,-0.333206,-1.13024][0.995522,0.0667926,0.0668994][0.085981,0.844746,0][0.00296807,-0.364876,-1.11395][0.662889,-3.55584e-006,0.748717][0.145865,0.841115,0][0.00428007,-0.364876,-1.11712][0.995496,1.81092e-006,0.0948034][0.14643,0.844241,0][0.00428007,-0.333206,-1.13024][0.995522,0.0667926,0.0668994][0.085981,0.844746,0][0.00428007,-0.333206,-1.13024][0.995522,0.0667926,0.0668994][0.085981,0.844746,0][0.00296807,-0.330966,-1.128][0.663365,0.529131,0.529119][0.087446,0.841868,0][0.00296807,-0.364876,-1.11395][0.662889,-3.55584e-006,0.748717][0.145865,0.841115,0][0.00296807,-0.398776,-1.128][0.663394,-0.529136,0.529077][0.1833,0.803157,0][0.00428007,-0.396536,-1.13024][0.995522,-0.0668096,0.0668787][0.186012,0.804055,0][0.00428007,-0.364876,-1.11712][0.995496,1.81092e-006,0.0948034][0.14643,0.844241,0][0.00428007,-0.364876,-1.11712][0.995496,1.81092e-006,0.0948034][0.14643,0.844241,0][0.00296807,-0.364876,-1.11395][0.662889,-3.55584e-006,0.748717][0.145865,0.841115,0][0.00296807,-0.398776,-1.128][0.663394,-0.529136,0.529077][0.1833,0.803157,0][0.00296807,-0.412826,-1.1619][0.662889,-0.748717,7.67442e-005][0.183241,0.746716,0][0.00428007,-0.409656,-1.1619][0.995495,-0.094815,1.3468e-005][0.185677,0.745033,0][0.00428007,-0.396536,-1.13024][0.995522,-0.0668096,0.0668787][0.186012,0.804055,0][0.00428007,-0.396536,-1.13024][0.995522,-0.0668096,0.0668787][0.186012,0.804055,0][0.00296807,-0.398776,-1.128][0.663394,-0.529136,0.529077][0.1833,0.803157,0][0.00296807,-0.412826,-1.1619][0.662889,-0.748717,7.67442e-005][0.183241,0.746716,0][0.00296807,-0.398776,-1.19581][0.663377,-0.529055,-0.52918][0.140864,0.704798,0][0.00428007,-0.396536,-1.19357][0.995492,-0.0670438,-0.0670831][0.142051,0.701978,0][0.00428007,-0.409656,-1.1619][0.995495,-0.094815,1.3468e-005][0.185677,0.745033,0][0.00428007,-0.409656,-1.1619][0.995495,-0.094815,1.3468e-005][0.185677,0.745033,0][0.00296807,-0.412826,-1.1619][0.662889,-0.748717,7.67442e-005][0.183241,0.746716,0][0.00296807,-0.398776,-1.19581][0.663377,-0.529055,-0.52918][0.140864,0.704798,0][0.00296807,-0.364876,-1.20985][0.66259,-9.24421e-005,-0.748982][0.082119,0.705113,0][0.00428007,-0.364876,-1.20669][0.995432,-4.71861e-005,-0.095478][0.08138,0.702058,0][0.00428007,-0.396536,-1.19357][0.995492,-0.0670438,-0.0670831][0.142051,0.701978,0][0.00428007,-0.396536,-1.19357][0.995492,-0.0670438,-0.0670831][0.142051,0.701978,0][0.00296807,-0.398776,-1.19581][0.663377,-0.529055,-0.52918][0.140864,0.704798,0][0.00296807,-0.364876,-1.20985][0.66259,-9.24421e-005,-0.748982][0.082119,0.705113,0][0.00296807,-0.330966,-1.19581][0.663373,0.529107,-0.529134][0.043876,0.74316,0][0.00428007,-0.333206,-1.19357][0.995491,0.0670967,-0.0670481][0.040963,0.742462,0][0.00428007,-0.364876,-1.20669][0.995432,-4.71861e-005,-0.095478][0.08138,0.702058,0][0.00428007,-0.364876,-1.20669][0.995432,-4.71861e-005,-0.095478][0.08138,0.702058,0][0.00296807,-0.364876,-1.20985][0.66259,-9.24421e-005,-0.748982][0.082119,0.705113,0][0.00296807,-0.330966,-1.19581][0.663373,0.529107,-0.529134][0.043876,0.74316,0][0.00296807,-0.316926,-1.1619][0.663641,0.748051,6.26712e-005][0.044422,0.800322,0][0.00428007,-0.320086,-1.1619][0.995431,0.0954823,-2.63542e-005][0.041963,0.802085,0][0.00428007,-0.333206,-1.19357][0.995491,0.0670967,-0.0670481][0.040963,0.742462,0][0.00428007,-0.333206,-1.19357][0.995491,0.0670967,-0.0670481][0.040963,0.742462,0][0.00296807,-0.330966,-1.19581][0.663373,0.529107,-0.529134][0.043876,0.74316,0][0.00296807,-0.316926,-1.1619][0.663641,0.748051,6.26712e-005][0.044422,0.800322,0][0.00296807,-0.330966,-1.128][0.663365,0.529131,0.529119][0.087446,0.841868,0][0.00428007,-0.333206,-1.13024][0.995522,0.0667926,0.0668994][0.085981,0.844746,0][0.00428007,-0.320086,-1.1619][0.995431,0.0954823,-2.63542e-005][0.041963,0.802085,0][0.00428007,-0.320086,-1.1619][0.995431,0.0954823,-2.63542e-005][0.041963,0.802085,0][0.00296807,-0.316926,-1.1619][0.663641,0.748051,6.26712e-005][0.044422,0.800322,0][0.00296807,-0.330966,-1.128][0.663365,0.529131,0.529119][0.087446,0.841868,0][-0.000198935,-0.364876,-1.11264][-5.161e-005,-4.72506e-005,1][0.145367,0.838432,0][0.00296807,-0.364876,-1.11395][0.662889,-3.55584e-006,0.748717][0.145865,0.841115,0][0.00296807,-0.330966,-1.128][0.663365,0.529131,0.529119][0.087446,0.841868,0][0.00296807,-0.330966,-1.128][0.663365,0.529131,0.529119][0.087446,0.841868,0][-0.000198935,-0.330036,-1.12707][-1.63231e-005,0.707107,0.707106][0.088753,0.839214,0][-0.000198935,-0.364876,-1.11264][-5.161e-005,-4.72506e-005,1][0.145367,0.838432,0][-0.000198935,-0.399706,-1.12707][-5.15811e-005,-0.707103,0.707111][0.180702,0.802431,0][0.00296807,-0.398776,-1.128][0.663394,-0.529136,0.529077][0.1833,0.803157,0][0.00296807,-0.364876,-1.11395][0.662889,-3.55584e-006,0.748717][0.145865,0.841115,0][0.00296807,-0.364876,-1.11395][0.662889,-3.55584e-006,0.748717][0.145865,0.841115,0][-0.000198935,-0.364876,-1.11264][-5.161e-005,-4.72506e-005,1][0.145367,0.838432,0][-0.000198935,-0.399706,-1.12707][-5.15811e-005,-0.707103,0.707111][0.180702,0.802431,0][-0.000198935,-0.414136,-1.1619][-5.08158e-005,-1,4.66989e-005][0.180801,0.74824,0][0.00296807,-0.412826,-1.1619][0.662889,-0.748717,7.67442e-005][0.183241,0.746716,0][0.00296807,-0.398776,-1.128][0.663394,-0.529136,0.529077][0.1833,0.803157,0][0.00296807,-0.398776,-1.128][0.663394,-0.529136,0.529077][0.1833,0.803157,0][-0.000198935,-0.399706,-1.12707][-5.15811e-005,-0.707103,0.707111][0.180702,0.802431,0][-0.000198935,-0.414136,-1.1619][-5.08158e-005,-1,4.66989e-005][0.180801,0.74824,0][-0.000198935,-0.399706,-1.19674][-5.16898e-005,-0.707055,-0.707158][0.139728,0.707434,0][0.00296807,-0.398776,-1.19581][0.663377,-0.529055,-0.52918][0.140864,0.704798,0][0.00296807,-0.412826,-1.1619][0.662889,-0.748717,7.67442e-005][0.183241,0.746716,0][0.00296807,-0.412826,-1.1619][0.662889,-0.748717,7.67442e-005][0.183241,0.746716,0][-0.000198935,-0.414136,-1.1619][-5.08158e-005,-1,4.66989e-005][0.180801,0.74824,0][-0.000198935,-0.399706,-1.19674][-5.16898e-005,-0.707055,-0.707158][0.139728,0.707434,0][-0.000198935,-0.364876,-1.21116][-5.08323e-005,-4.72434e-005,-1][0.082864,0.707787,0][0.00296807,-0.364876,-1.20985][0.66259,-9.24421e-005,-0.748982][0.082119,0.705113,0][0.00296807,-0.398776,-1.19581][0.663377,-0.529055,-0.52918][0.140864,0.704798,0][0.00296807,-0.398776,-1.19581][0.663377,-0.529055,-0.52918][0.140864,0.704798,0][-0.000198935,-0.399706,-1.19674][-5.16898e-005,-0.707055,-0.707158][0.139728,0.707434,0][-0.000198935,-0.364876,-1.21116][-5.08323e-005,-4.72434e-005,-1][0.082864,0.707787,0][-0.000198935,-0.330036,-1.19674][-8.58116e-005,0.70706,-0.707154][0.046721,0.743821,0][0.00296807,-0.330966,-1.19581][0.663373,0.529107,-0.529134][0.043876,0.74316,0][0.00296807,-0.364876,-1.20985][0.66259,-9.24421e-005,-0.748982][0.082119,0.705113,0][0.00296807,-0.364876,-1.20985][0.66259,-9.24421e-005,-0.748982][0.082119,0.705113,0][-0.000198935,-0.364876,-1.21116][-5.08323e-005,-4.72434e-005,-1][0.082864,0.707787,0][-0.000198935,-0.330036,-1.19674][-8.58116e-005,0.70706,-0.707154][0.046721,0.743821,0][-0.000198935,-0.315606,-1.1619][-5.18192e-005,1,4.66756e-005][0.046894,0.798674,0][0.00296807,-0.316926,-1.1619][0.663641,0.748051,6.26712e-005][0.044422,0.800322,0][0.00296807,-0.330966,-1.19581][0.663373,0.529107,-0.529134][0.043876,0.74316,0][0.00296807,-0.330966,-1.19581][0.663373,0.529107,-0.529134][0.043876,0.74316,0][-0.000198935,-0.330036,-1.19674][-8.58116e-005,0.70706,-0.707154][0.046721,0.743821,0][-0.000198935,-0.315606,-1.1619][-5.18192e-005,1,4.66756e-005][0.046894,0.798674,0][-0.000198935,-0.330036,-1.12707][-1.63231e-005,0.707107,0.707106][0.088753,0.839214,0][0.00296807,-0.330966,-1.128][0.663365,0.529131,0.529119][0.087446,0.841868,0][0.00296807,-0.316926,-1.1619][0.663641,0.748051,6.26712e-005][0.044422,0.800322,0][0.00296807,-0.316926,-1.1619][0.663641,0.748051,6.26712e-005][0.044422,0.800322,0][-0.000198935,-0.315606,-1.1619][-5.18192e-005,1,4.66756e-005][0.046894,0.798674,0][-0.000198935,-0.330036,-1.12707][-1.63231e-005,0.707107,0.707106][0.088753,0.839214,0][-0.00336493,-0.364876,-1.11395][-0.662934,-7.76127e-005,0.748678][0.14436,0.835878,0][-0.000198935,-0.364876,-1.11264][-5.161e-005,-4.72506e-005,1][0.145367,0.838432,0][-0.000198935,-0.330036,-1.12707][-1.63231e-005,0.707107,0.707106][0.088753,0.839214,0][-0.000198935,-0.330036,-1.12707][-1.63231e-005,0.707107,0.707106][0.088753,0.839214,0][-0.00336493,-0.330966,-1.128][-0.663446,0.529091,0.529058][0.089835,0.836764,0][-0.00336493,-0.364876,-1.11395][-0.662934,-7.76127e-005,0.748678][0.14436,0.835878,0][-0.00336493,-0.398776,-1.128][-0.663439,-0.529056,0.529102][0.17838,0.801227,0][-0.000198935,-0.399706,-1.12707][-5.15811e-005,-0.707103,0.707111][0.180702,0.802431,0][-0.000198935,-0.364876,-1.11264][-5.161e-005,-4.72506e-005,1][0.145367,0.838432,0][-0.000198935,-0.364876,-1.11264][-5.161e-005,-4.72506e-005,1][0.145367,0.838432,0][-0.00336493,-0.364876,-1.11395][-0.662934,-7.76127e-005,0.748678][0.14436,0.835878,0][-0.00336493,-0.398776,-1.128][-0.663439,-0.529056,0.529102][0.17838,0.801227,0][-0.00336493,-0.412826,-1.1619][-0.662934,-0.748678,3.44063e-006][0.178547,0.749482,0][-0.000198935,-0.414136,-1.1619][-5.08158e-005,-1,4.66989e-005][0.180801,0.74824,0][-0.000198935,-0.399706,-1.12707][-5.15811e-005,-0.707103,0.707111][0.180702,0.802431,0][-0.000198935,-0.399706,-1.12707][-5.15811e-005,-0.707103,0.707111][0.180702,0.802431,0][-0.00336493,-0.398776,-1.128][-0.663439,-0.529056,0.529102][0.17838,0.801227,0][-0.00336493,-0.412826,-1.1619][-0.662934,-0.748678,3.44063e-006][0.178547,0.749482,0][-0.00336493,-0.398776,-1.19581][-0.66341,-0.529097,-0.529097][0.138758,0.709836,0][-0.000198935,-0.399706,-1.19674][-5.16898e-005,-0.707055,-0.707158][0.139728,0.707434,0][-0.000198935,-0.414136,-1.1619][-5.08158e-005,-1,4.66989e-005][0.180801,0.74824,0][-0.000198935,-0.414136,-1.1619][-5.08158e-005,-1,4.66989e-005][0.180801,0.74824,0][-0.00336493,-0.412826,-1.1619][-0.662934,-0.748678,3.44063e-006][0.178547,0.749482,0][-0.00336493,-0.398776,-1.19581][-0.66341,-0.529097,-0.529097][0.138758,0.709836,0][-0.00336493,-0.364876,-1.20985][-0.662634,1.12471e-005,-0.748943][0.084151,0.710151,0][-0.000198935,-0.364876,-1.21116][-5.08323e-005,-4.72434e-005,-1][0.082864,0.707787,0][-0.000198935,-0.399706,-1.19674][-5.16898e-005,-0.707055,-0.707158][0.139728,0.707434,0][-0.000198935,-0.399706,-1.19674][-5.16898e-005,-0.707055,-0.707158][0.139728,0.707434,0][-0.00336493,-0.398776,-1.19581][-0.66341,-0.529097,-0.529097][0.138758,0.709836,0][-0.00336493,-0.364876,-1.20985][-0.662634,1.12471e-005,-0.748943][0.084151,0.710151,0][-0.00336493,-0.330966,-1.19581][-0.663393,0.529075,-0.529141][0.049104,0.745081,0][-0.000198935,-0.330036,-1.19674][-8.58116e-005,0.70706,-0.707154][0.046721,0.743821,0][-0.000198935,-0.364876,-1.21116][-5.08323e-005,-4.72434e-005,-1][0.082864,0.707787,0][-0.000198935,-0.364876,-1.21116][-5.08323e-005,-4.72434e-005,-1][0.082864,0.707787,0][-0.00336493,-0.364876,-1.20985][-0.662634,1.12471e-005,-0.748943][0.084151,0.710151,0][-0.00336493,-0.330966,-1.19581][-0.663393,0.529075,-0.529141][0.049104,0.745081,0][-0.00336493,-0.316926,-1.1619][-0.663686,0.748011,1.75204e-005][0.049201,0.797324,0][-0.000198935,-0.315606,-1.1619][-5.18192e-005,1,4.66756e-005][0.046894,0.798674,0][-0.000198935,-0.330036,-1.19674][-8.58116e-005,0.70706,-0.707154][0.046721,0.743821,0][-0.000198935,-0.330036,-1.19674][-8.58116e-005,0.70706,-0.707154][0.046721,0.743821,0][-0.00336493,-0.330966,-1.19581][-0.663393,0.529075,-0.529141][0.049104,0.745081,0][-0.00336493,-0.316926,-1.1619][-0.663686,0.748011,1.75204e-005][0.049201,0.797324,0][-0.00336493,-0.330966,-1.128][-0.663446,0.529091,0.529058][0.089835,0.836764,0][-0.000198935,-0.330036,-1.12707][-1.63231e-005,0.707107,0.707106][0.088753,0.839214,0][-0.000198935,-0.315606,-1.1619][-5.18192e-005,1,4.66756e-005][0.046894,0.798674,0][-0.000198935,-0.315606,-1.1619][-5.18192e-005,1,4.66756e-005][0.046894,0.798674,0][-0.00336493,-0.316926,-1.1619][-0.663686,0.748011,1.75204e-005][0.049201,0.797324,0][-0.00336493,-0.330966,-1.128][-0.663446,0.529091,0.529058][0.089835,0.836764,0][-0.00467693,-0.364876,-1.11712][-0.995496,-2.33195e-005,0.0948043][0.143161,0.833678,0][-0.00336493,-0.364876,-1.11395][-0.662934,-7.76127e-005,0.748678][0.14436,0.835878,0][-0.00336493,-0.330966,-1.128][-0.663446,0.529091,0.529058][0.089835,0.836764,0][-0.00336493,-0.330966,-1.128][-0.663446,0.529091,0.529058][0.089835,0.836764,0][-0.00467693,-0.333206,-1.13024][-0.995519,0.066851,0.0668774][0.090735,0.834542,0][-0.00467693,-0.364876,-1.11712][-0.995496,-2.33195e-005,0.0948043][0.143161,0.833678,0][-0.00467693,-0.396536,-1.13024][-0.995523,-0.0667909,0.066883][0.176067,0.80017,0][-0.00336493,-0.398776,-1.128][-0.663439,-0.529056,0.529102][0.17838,0.801227,0][-0.00336493,-0.364876,-1.11395][-0.662934,-7.76127e-005,0.748678][0.14436,0.835878,0][-0.00336493,-0.364876,-1.11395][-0.662934,-7.76127e-005,0.748678][0.14436,0.835878,0][-0.00467693,-0.364876,-1.11712][-0.995496,-2.33195e-005,0.0948043][0.143161,0.833678,0][-0.00467693,-0.396536,-1.13024][-0.995523,-0.0667909,0.066883][0.176067,0.80017,0][-0.00467693,-0.409656,-1.1619][-0.995494,-0.0948214,1.49426e-005][0.176157,0.750036,0][-0.00336493,-0.412826,-1.1619][-0.662934,-0.748678,3.44063e-006][0.178547,0.749482,0][-0.00336493,-0.398776,-1.128][-0.663439,-0.529056,0.529102][0.17838,0.801227,0][-0.00336493,-0.398776,-1.128][-0.663439,-0.529056,0.529102][0.17838,0.801227,0][-0.00467693,-0.396536,-1.13024][-0.995523,-0.0667909,0.066883][0.176067,0.80017,0][-0.00467693,-0.409656,-1.1619][-0.995494,-0.0948214,1.49426e-005][0.176157,0.750036,0][-0.00467693,-0.396536,-1.19357][-0.995494,-0.0670554,-0.0670494][0.13777,0.711936,0][-0.00336493,-0.398776,-1.19581][-0.66341,-0.529097,-0.529097][0.138758,0.709836,0][-0.00336493,-0.412826,-1.1619][-0.662934,-0.748678,3.44063e-006][0.178547,0.749482,0][-0.00336493,-0.412826,-1.1619][-0.662934,-0.748678,3.44063e-006][0.178547,0.749482,0][-0.00467693,-0.409656,-1.1619][-0.995494,-0.0948214,1.49426e-005][0.176157,0.750036,0][-0.00467693,-0.396536,-1.19357][-0.995494,-0.0670554,-0.0670494][0.13777,0.711936,0][-0.00467693,-0.364876,-1.20669][-0.995432,2.5596e-005,-0.0954771][0.08545,0.712289,0][-0.00336493,-0.364876,-1.20985][-0.662634,1.12471e-005,-0.748943][0.084151,0.710151,0][-0.00336493,-0.398776,-1.19581][-0.66341,-0.529097,-0.529097][0.138758,0.709836,0][-0.00336493,-0.398776,-1.19581][-0.66341,-0.529097,-0.529097][0.138758,0.709836,0][-0.00467693,-0.396536,-1.19357][-0.995494,-0.0670554,-0.0670494][0.13777,0.711936,0][-0.00467693,-0.364876,-1.20669][-0.995432,2.5596e-005,-0.0954771][0.08545,0.712289,0][-0.00467693,-0.333206,-1.19357][-0.995491,0.0670455,-0.0670995][0.051586,0.745992,0][-0.00336493,-0.330966,-1.19581][-0.663393,0.529075,-0.529141][0.049104,0.745081,0][-0.00336493,-0.364876,-1.20985][-0.662634,1.12471e-005,-0.748943][0.084151,0.710151,0][-0.00336493,-0.364876,-1.20985][-0.662634,1.12471e-005,-0.748943][0.084151,0.710151,0][-0.00467693,-0.364876,-1.20669][-0.995432,2.5596e-005,-0.0954771][0.08545,0.712289,0][-0.00467693,-0.333206,-1.19357][-0.995491,0.0670455,-0.0670995][0.051586,0.745992,0][-0.00467693,-0.320086,-1.1619][-0.995432,0.095476,5.4846e-005][0.051603,0.796518,0][-0.00336493,-0.316926,-1.1619][-0.663686,0.748011,1.75204e-005][0.049201,0.797324,0][-0.00336493,-0.330966,-1.19581][-0.663393,0.529075,-0.529141][0.049104,0.745081,0][-0.00336493,-0.330966,-1.19581][-0.663393,0.529075,-0.529141][0.049104,0.745081,0][-0.00467693,-0.333206,-1.19357][-0.995491,0.0670455,-0.0670995][0.051586,0.745992,0][-0.00467693,-0.320086,-1.1619][-0.995432,0.095476,5.4846e-005][0.051603,0.796518,0][-0.00467693,-0.333206,-1.13024][-0.995519,0.066851,0.0668774][0.090735,0.834542,0][-0.00336493,-0.330966,-1.128][-0.663446,0.529091,0.529058][0.089835,0.836764,0][-0.00336493,-0.316926,-1.1619][-0.663686,0.748011,1.75204e-005][0.049201,0.797324,0][-0.00336493,-0.316926,-1.1619][-0.663686,0.748011,1.75204e-005][0.049201,0.797324,0][-0.00467693,-0.320086,-1.1619][-0.995432,0.095476,5.4846e-005][0.051603,0.796518,0][-0.00467693,-0.333206,-1.13024][-0.995519,0.066851,0.0668774][0.090735,0.834542,0][-0.00336493,-0.364876,-1.12029][-0.757332,-7.94843e-006,-0.65303][0.141864,0.831502,0][-0.00467693,-0.364876,-1.11712][-0.995496,-2.33195e-005,0.0948043][0.143161,0.833678,0][-0.00467693,-0.333206,-1.13024][-0.995519,0.066851,0.0668774][0.090735,0.834542,0][-0.00467693,-0.333206,-1.13024][-0.995519,0.066851,0.0668774][0.090735,0.834542,0][-0.00336493,-0.335446,-1.13247][-0.757365,-0.461534,-0.461936][0.091268,0.832145,0][-0.00336493,-0.364876,-1.12029][-0.757332,-7.94843e-006,-0.65303][0.141864,0.831502,0][-0.00336493,-0.394296,-1.13247][-0.756853,0.461911,-0.462398][0.173921,0.798637,0][-0.00467693,-0.396536,-1.13024][-0.995523,-0.0667909,0.066883][0.176067,0.80017,0][-0.00467693,-0.364876,-1.11712][-0.995496,-2.33195e-005,0.0948043][0.143161,0.833678,0][-0.00467693,-0.364876,-1.11712][-0.995496,-2.33195e-005,0.0948043][0.143161,0.833678,0][-0.00336493,-0.364876,-1.12029][-0.757332,-7.94843e-006,-0.65303][0.141864,0.831502,0][-0.00336493,-0.394296,-1.13247][-0.756853,0.461911,-0.462398][0.173921,0.798637,0][-0.00336493,-0.406486,-1.1619][-0.757353,0.653006,-5.09693e-005][0.173786,0.750564,0][-0.00467693,-0.409656,-1.1619][-0.995494,-0.0948214,1.49426e-005][0.176157,0.750036,0][-0.00467693,-0.396536,-1.13024][-0.995523,-0.0667909,0.066883][0.176067,0.80017,0][-0.00467693,-0.396536,-1.13024][-0.995523,-0.0667909,0.066883][0.176067,0.80017,0][-0.00336493,-0.394296,-1.13247][-0.756853,0.461911,-0.462398][0.173921,0.798637,0][-0.00336493,-0.406486,-1.1619][-0.757353,0.653006,-5.09693e-005][0.173786,0.750564,0][-0.00336493,-0.394296,-1.19133][-0.757129,0.461831,0.462026][0.137066,0.714116,0][-0.00467693,-0.396536,-1.19357][-0.995494,-0.0670554,-0.0670494][0.13777,0.711936,0][-0.00467693,-0.409656,-1.1619][-0.995494,-0.0948214,1.49426e-005][0.176157,0.750036,0][-0.00467693,-0.409656,-1.1619][-0.995494,-0.0948214,1.49426e-005][0.176157,0.750036,0][-0.00336493,-0.406486,-1.1619][-0.757353,0.653006,-5.09693e-005][0.173786,0.750564,0][-0.00336493,-0.394296,-1.19133][-0.757129,0.461831,0.462026][0.137066,0.714116,0][-0.00336493,-0.364876,-1.20352][-0.757402,2.32043e-005,0.652948][0.086827,0.714355,0][-0.00467693,-0.364876,-1.20669][-0.995432,2.5596e-005,-0.0954771][0.08545,0.712289,0][-0.00467693,-0.396536,-1.19357][-0.995494,-0.0670554,-0.0670494][0.13777,0.711936,0][-0.00467693,-0.396536,-1.19357][-0.995494,-0.0670554,-0.0670494][0.13777,0.711936,0][-0.00336493,-0.394296,-1.19133][-0.757129,0.461831,0.462026][0.137066,0.714116,0][-0.00336493,-0.364876,-1.20352][-0.757402,2.32043e-005,0.652948][0.086827,0.714355,0][-0.00336493,-0.335446,-1.19133][-0.757666,-0.461479,0.461498][0.054007,0.747197,0][-0.00467693,-0.333206,-1.19357][-0.995491,0.0670455,-0.0670995][0.051586,0.745992,0][-0.00467693,-0.364876,-1.20669][-0.995432,2.5596e-005,-0.0954771][0.08545,0.712289,0][-0.00467693,-0.364876,-1.20669][-0.995432,2.5596e-005,-0.0954771][0.08545,0.712289,0][-0.00336493,-0.364876,-1.20352][-0.757402,2.32043e-005,0.652948][0.086827,0.714355,0][-0.00336493,-0.335446,-1.19133][-0.757666,-0.461479,0.461498][0.054007,0.747197,0][-0.00336493,-0.323256,-1.1619][-0.75739,-0.652962,-1.73126e-005][0.053954,0.795735,0][-0.00467693,-0.320086,-1.1619][-0.995432,0.095476,5.4846e-005][0.051603,0.796518,0][-0.00467693,-0.333206,-1.19357][-0.995491,0.0670455,-0.0670995][0.051586,0.745992,0][-0.00467693,-0.333206,-1.19357][-0.995491,0.0670455,-0.0670995][0.051586,0.745992,0][-0.00336493,-0.335446,-1.19133][-0.757666,-0.461479,0.461498][0.054007,0.747197,0][-0.00336493,-0.323256,-1.1619][-0.75739,-0.652962,-1.73126e-005][0.053954,0.795735,0][-0.00336493,-0.335446,-1.13247][-0.757365,-0.461534,-0.461936][0.091268,0.832145,0][-0.00467693,-0.333206,-1.13024][-0.995519,0.066851,0.0668774][0.090735,0.834542,0][-0.00467693,-0.320086,-1.1619][-0.995432,0.095476,5.4846e-005][0.051603,0.796518,0][-0.00467693,-0.320086,-1.1619][-0.995432,0.095476,5.4846e-005][0.051603,0.796518,0][-0.00336493,-0.323256,-1.1619][-0.75739,-0.652962,-1.73126e-005][0.053954,0.795735,0][-0.00336493,-0.335446,-1.13247][-0.757365,-0.461534,-0.461936][0.091268,0.832145,0][-0.000198935,-0.364876,-1.1216][-8.39385e-005,3.14342e-005,-1][0.140209,0.829083,0][-0.00336493,-0.364876,-1.12029][-0.757332,-7.94843e-006,-0.65303][0.141864,0.831502,0][-0.00336493,-0.335446,-1.13247][-0.757365,-0.461534,-0.461936][0.091268,0.832145,0][-0.00336493,-0.335446,-1.13247][-0.757365,-0.461534,-0.461936][0.091268,0.832145,0][-0.000198935,-0.336376,-1.1334][-5.99158e-005,-0.706986,-0.707228][0.092079,0.8297,0][-0.000198935,-0.364876,-1.1216][-8.39385e-005,3.14342e-005,-1][0.140209,0.829083,0][-0.000198935,-0.393376,-1.1334][-3.07398e-005,0.707483,-0.706731][0.171507,0.796779,0][-0.00336493,-0.394296,-1.13247][-0.756853,0.461911,-0.462398][0.173921,0.798637,0][-0.00336493,-0.364876,-1.12029][-0.757332,-7.94843e-006,-0.65303][0.141864,0.831502,0][-0.00336493,-0.364876,-1.12029][-0.757332,-7.94843e-006,-0.65303][0.141864,0.831502,0][-0.000198935,-0.364876,-1.1216][-8.39385e-005,3.14342e-005,-1][0.140209,0.829083,0][-0.000198935,-0.393376,-1.1334][-3.07398e-005,0.707483,-0.706731][0.171507,0.796779,0][-0.000198935,-0.405176,-1.1619][-6.18138e-005,1,8.14266e-007][0.171482,0.751189,0][-0.00336493,-0.406486,-1.1619][-0.757353,0.653006,-5.09693e-005][0.173786,0.750564,0][-0.00336493,-0.394296,-1.13247][-0.756853,0.461911,-0.462398][0.173921,0.798637,0][-0.00336493,-0.394296,-1.13247][-0.756853,0.461911,-0.462398][0.173921,0.798637,0][-0.000198935,-0.393376,-1.1334][-3.07398e-005,0.707483,-0.706731][0.171507,0.796779,0][-0.000198935,-0.405176,-1.1619][-6.18138e-005,1,8.14266e-007][0.171482,0.751189,0][-0.000198935,-0.393376,-1.1904][-9.38255e-005,0.707598,0.706615][0.136427,0.716624,0][-0.00336493,-0.394296,-1.19133][-0.757129,0.461831,0.462026][0.137066,0.714116,0][-0.00336493,-0.406486,-1.1619][-0.757353,0.653006,-5.09693e-005][0.173786,0.750564,0][-0.00336493,-0.406486,-1.1619][-0.757353,0.653006,-5.09693e-005][0.173786,0.750564,0][-0.000198935,-0.405176,-1.1619][-6.18138e-005,1,8.14266e-007][0.171482,0.751189,0][-0.000198935,-0.393376,-1.1904][-9.38255e-005,0.707598,0.706615][0.136427,0.716624,0][-0.000198935,-0.364876,-1.20221][-3.96793e-005,3.14358e-005,1][0.088602,0.716545,0][-0.00336493,-0.364876,-1.20352][-0.757402,2.32043e-005,0.652948][0.086827,0.714355,0][-0.00336493,-0.394296,-1.19133][-0.757129,0.461831,0.462026][0.137066,0.714116,0][-0.00336493,-0.394296,-1.19133][-0.757129,0.461831,0.462026][0.137066,0.714116,0][-0.000198935,-0.393376,-1.1904][-9.38255e-005,0.707598,0.706615][0.136427,0.716624,0][-0.000198935,-0.364876,-1.20221][-3.96793e-005,3.14358e-005,1][0.088602,0.716545,0][-0.000198935,-0.336376,-1.1904][-6.30239e-005,-0.707102,0.707112][0.056624,0.748354,0][-0.00336493,-0.335446,-1.19133][-0.757666,-0.461479,0.461498][0.054007,0.747197,0][-0.00336493,-0.364876,-1.20352][-0.757402,2.32043e-005,0.652948][0.086827,0.714355,0][-0.00336493,-0.364876,-1.20352][-0.757402,2.32043e-005,0.652948][0.086827,0.714355,0][-0.000198935,-0.364876,-1.20221][-3.96793e-005,3.14358e-005,1][0.088602,0.716545,0][-0.000198935,-0.336376,-1.1904][-6.30239e-005,-0.707102,0.707112][0.056624,0.748354,0][-0.000198935,-0.324566,-1.1619][-6.18457e-005,-1,8.24341e-007][0.056326,0.794911,0][-0.00336493,-0.323256,-1.1619][-0.75739,-0.652962,-1.73126e-005][0.053954,0.795735,0][-0.00336493,-0.335446,-1.19133][-0.757666,-0.461479,0.461498][0.054007,0.747197,0][-0.00336493,-0.335446,-1.19133][-0.757666,-0.461479,0.461498][0.054007,0.747197,0][-0.000198935,-0.336376,-1.1904][-6.30239e-005,-0.707102,0.707112][0.056624,0.748354,0][-0.000198935,-0.324566,-1.1619][-6.18457e-005,-1,8.24341e-007][0.056326,0.794911,0][-0.000198935,-0.336376,-1.1334][-5.99158e-005,-0.706986,-0.707228][0.092079,0.8297,0][-0.00336493,-0.335446,-1.13247][-0.757365,-0.461534,-0.461936][0.091268,0.832145,0][-0.00336493,-0.323256,-1.1619][-0.75739,-0.652962,-1.73126e-005][0.053954,0.795735,0][-0.00336493,-0.323256,-1.1619][-0.75739,-0.652962,-1.73126e-005][0.053954,0.795735,0][-0.000198935,-0.324566,-1.1619][-6.18457e-005,-1,8.24341e-007][0.056326,0.794911,0][-0.000198935,-0.336376,-1.1334][-5.99158e-005,-0.706986,-0.707228][0.092079,0.8297,0][-0.0960669,-0.335442,-1.14042][-0.449739,0.636874,-0.626199][0.859598,0.54273,0][-0.105143,-0.345601,-1.15243][-0.215379,0.923734,-0.316745][0.877029,0.549284,0][-0.108978,-0.346222,-1.14866][-0.50248,0.86189,-0.0682606][0.875299,0.55485,0][-0.108978,-0.346222,-1.14866][-0.50248,0.86189,-0.0682606][0.875299,0.55485,0][-0.0995979,-0.335723,-1.13625][-0.769075,0.574249,-0.280644][0.856138,0.547363,0][-0.0960669,-0.335442,-1.14042][-0.449739,0.636874,-0.626199][0.859598,0.54273,0][-0.0929039,-0.322348,-1.13649][-0.594016,-0.0504018,-0.802873][0.84912,0.533446,0][-0.0960669,-0.335442,-1.14042][-0.449739,0.636874,-0.626199][0.859598,0.54273,0][-0.0995979,-0.335723,-1.13625][-0.769075,0.574249,-0.280644][0.856138,0.547363,0][-0.0995979,-0.335723,-1.13625][-0.769075,0.574249,-0.280644][0.856138,0.547363,0][-0.0963289,-0.32219,-1.13219][-0.930656,-0.0341538,-0.364297][0.845089,0.53701,0][-0.0929039,-0.322348,-1.13649][-0.594016,-0.0504018,-0.802873][0.84912,0.533446,0][-0.0965019,-0.309828,-1.1417][-0.426819,-0.711232,-0.558547][0.912132,0.444582,0][-0.0929039,-0.322348,-1.13649][-0.594016,-0.0504018,-0.802873][0.899417,0.438913,0][-0.0963289,-0.32219,-1.13219][-0.930656,-0.0341538,-0.364297][0.900989,0.433792,0][-0.0963289,-0.32219,-1.13219][-0.930656,-0.0341538,-0.364297][0.900989,0.433792,0][-0.100048,-0.309251,-1.13758][-0.748681,-0.625205,-0.220442][0.914895,0.43957,0][-0.0965019,-0.309828,-1.1417][-0.426819,-0.711232,-0.558547][0.912132,0.444582,0][-0.105897,-0.301236,-1.15466][-0.183473,-0.957585,-0.222191][0.92533,0.457342,0][-0.0965019,-0.309828,-1.1417][-0.426819,-0.711232,-0.558547][0.912132,0.444582,0][-0.100048,-0.309251,-1.13758][-0.748681,-0.625205,-0.220442][0.914895,0.43957,0][-0.100048,-0.309251,-1.13758][-0.748681,-0.625205,-0.220442][0.914895,0.43957,0][-0.109758,-0.300371,-1.15097][-0.472759,-0.880982,0.0192317][0.929376,0.453425,0][-0.105897,-0.301236,-1.15466][-0.183473,-0.957585,-0.222191][0.92533,0.457342,0][-0.122857,-0.297933,-1.16877][-0.266369,-0.929393,0.255493][0.942494,0.473104,0][-0.118572,-0.298876,-1.17188][0.0170312,-0.998598,0.0501239][0.937522,0.475813,0][-0.105897,-0.301236,-1.15466][-0.183473,-0.957585,-0.222191][0.92533,0.457342,0][-0.105897,-0.301236,-1.15466][-0.183473,-0.957585,-0.222191][0.92533,0.457342,0][-0.109758,-0.300371,-1.15097][-0.472759,-0.880982,0.0192317][0.929376,0.453425,0][-0.122857,-0.297933,-1.16877][-0.266369,-0.929393,0.255493][0.942494,0.473104,0][-0.122857,-0.297933,-1.16877][-0.266369,-0.929393,0.255493][0.942494,0.473104,0][-0.135836,-0.302586,-1.18621][-0.104699,-0.849706,0.516757][0.951984,0.494768,0][-0.13113,-0.303378,-1.18876][0.21544,-0.923731,0.316711][0.946505,0.496033,0][-0.13113,-0.303378,-1.18876][0.21544,-0.923731,0.316711][0.946505,0.496033,0][-0.118572,-0.298876,-1.17188][0.0170312,-0.998598,0.0501239][0.937522,0.475813,0][-0.122857,-0.297933,-1.16877][-0.266369,-0.929393,0.255493][0.942494,0.473104,0][-0.140207,-0.313538,-1.20077][0.44976,-0.63685,0.626209][0.950088,0.513987,0][-0.13113,-0.303378,-1.18876][0.21544,-0.923731,0.316711][0.946505,0.496033,0][-0.135836,-0.302586,-1.18621][-0.104699,-0.849706,0.516757][0.951984,0.494768,0][-0.135836,-0.302586,-1.18621][-0.104699,-0.849706,0.516757][0.951984,0.494768,0][-0.145216,-0.313085,-1.19863][0.0274645,-0.55937,0.828463][0.95581,0.5145,0][-0.140207,-0.313538,-1.20077][0.44976,-0.63685,0.626209][0.950088,0.513987,0][-0.14337,-0.326632,-1.2047][0.593983,0.0504626,0.802893][0.94759,0.527643,0][-0.140207,-0.313538,-1.20077][0.44976,-0.63685,0.626209][0.950088,0.513987,0][-0.145216,-0.313085,-1.19863][0.0274645,-0.55937,0.828463][0.95581,0.5145,0][-0.145216,-0.313085,-1.19863][0.0274645,-0.55937,0.828463][0.95581,0.5145,0][-0.148485,-0.326617,-1.20268][0.0757676,0.0513026,0.995805][0.952683,0.53013,0][-0.14337,-0.326632,-1.2047][0.593983,0.0504626,0.802893][0.94759,0.527643,0][-0.139771,-0.339151,-1.19948][0.42687,0.711268,0.558462][0.938413,0.538081,0][-0.14337,-0.326632,-1.2047][0.593983,0.0504626,0.802893][0.94759,0.527643,0][-0.148485,-0.326617,-1.20268][0.0757676,0.0513026,0.995805][0.952683,0.53013,0][-0.148485,-0.326617,-1.20268][0.0757676,0.0513026,0.995805][0.952683,0.53013,0][-0.144766,-0.339556,-1.1973][0.00710699,0.640135,0.768229][0.942363,0.542318,0][-0.139771,-0.339151,-1.19948][0.42687,0.711268,0.558462][0.938413,0.538081,0][-0.130376,-0.347743,-1.18653][0.183372,0.957586,0.222271][0.921889,0.546393,0][-0.139771,-0.339151,-1.19948][0.42687,0.711268,0.558462][0.938413,0.538081,0][-0.144766,-0.339556,-1.1973][0.00710699,0.640135,0.768229][0.942363,0.542318,0][-0.144766,-0.339556,-1.1973][0.00710699,0.640135,0.768229][0.942363,0.542318,0][-0.135056,-0.348436,-1.18391][-0.134369,0.893129,0.429262][0.924229,0.551648,0][-0.130376,-0.347743,-1.18653][0.183372,0.957586,0.222271][0.921889,0.546393,0][-0.121957,-0.350875,-1.16611][-0.298233,0.940716,0.161587][0.900176,0.557144,0][-0.117701,-0.350104,-1.16931][-0.0169479,0.998596,-0.0501822][0.899794,0.551159,0][-0.130376,-0.347743,-1.18653][0.183372,0.957586,0.222271][0.921889,0.546393,0][-0.130376,-0.347743,-1.18653][0.183372,0.957586,0.222271][0.921889,0.546393,0][-0.135056,-0.348436,-1.18391][-0.134369,0.893129,0.429262][0.924229,0.551648,0][-0.121957,-0.350875,-1.16611][-0.298233,0.940716,0.161587][0.900176,0.557144,0][-0.121957,-0.350875,-1.16611][-0.298233,0.940716,0.161587][0.900176,0.557144,0][-0.108978,-0.346222,-1.14866][-0.50248,0.86189,-0.0682606][0.875299,0.55485,0][-0.105143,-0.345601,-1.15243][-0.215379,0.923734,-0.316745][0.877029,0.549284,0][-0.105143,-0.345601,-1.15243][-0.215379,0.923734,-0.316745][0.877029,0.549284,0][-0.117701,-0.350104,-1.16931][-0.0169479,0.998596,-0.0501822][0.899794,0.551159,0][-0.121957,-0.350875,-1.16611][-0.298233,0.940716,0.161587][0.900176,0.557144,0][-0.0995979,-0.335723,-1.13625][-0.769075,0.574249,-0.280644][0.856138,0.547363,0][-0.108978,-0.346222,-1.14866][-0.50248,0.86189,-0.0682606][0.875299,0.55485,0][-0.110915,-0.348091,-1.14469][-0.770228,0.576202,0.273385][0.872891,0.559571,0][-0.110915,-0.348091,-1.14469][-0.770228,0.576202,0.273385][0.872891,0.559571,0][-0.100704,-0.336662,-1.13118][-0.92294,0.338976,0.182421][0.851993,0.551248,0][-0.0995979,-0.335723,-1.13625][-0.769075,0.574249,-0.280644][0.856138,0.547363,0][-0.0963289,-0.32219,-1.13219][-0.930656,-0.0341538,-0.364297][0.845089,0.53701,0][-0.0995979,-0.335723,-1.13625][-0.769075,0.574249,-0.280644][0.856138,0.547363,0][-0.100704,-0.336662,-1.13118][-0.92294,0.338976,0.182421][0.851993,0.551248,0][-0.100704,-0.336662,-1.13118][-0.92294,0.338976,0.182421][0.851993,0.551248,0][-0.0971459,-0.321932,-1.12676][-0.984624,-0.00793811,0.174505][0.84031,0.539637,0][-0.0963289,-0.32219,-1.13219][-0.930656,-0.0341538,-0.364297][0.845089,0.53701,0][-0.100048,-0.309251,-1.13758][-0.748681,-0.625205,-0.220442][0.914895,0.43957,0][-0.0963289,-0.32219,-1.13219][-0.930656,-0.0341538,-0.364297][0.900989,0.433792,0][-0.0971459,-0.321932,-1.12676][-0.984624,-0.00793811,0.174505][0.901414,0.428355,0][-0.0971459,-0.321932,-1.12676][-0.984624,-0.00793811,0.174505][0.901414,0.428355,0][-0.101194,-0.307847,-1.13263][-0.911212,-0.350135,0.21702][0.916709,0.434258,0][-0.100048,-0.309251,-1.13758][-0.748681,-0.625205,-0.220442][0.914895,0.43957,0][-0.109758,-0.300371,-1.15097][-0.472759,-0.880982,0.0192317][0.929376,0.453425,0][-0.100048,-0.309251,-1.13758][-0.748681,-0.625205,-0.220442][0.914895,0.43957,0][-0.101194,-0.307847,-1.13263][-0.911212,-0.350135,0.21702][0.916709,0.434258,0][-0.101194,-0.307847,-1.13263][-0.911212,-0.350135,0.21702][0.916709,0.434258,0][-0.111764,-0.298182,-1.1472][-0.75068,-0.571781,0.330978][0.932381,0.449385,0][-0.109758,-0.300371,-1.15097][-0.472759,-0.880982,0.0192317][0.929376,0.453425,0][-0.126023,-0.295526,-1.16658][-0.604817,-0.630036,0.487085][0.946689,0.470816,0][-0.122857,-0.297933,-1.16877][-0.266369,-0.929393,0.255493][0.942494,0.473104,0][-0.109758,-0.300371,-1.15097][-0.472759,-0.880982,0.0192317][0.929376,0.453425,0][-0.109758,-0.300371,-1.15097][-0.472759,-0.880982,0.0192317][0.929376,0.453425,0][-0.111764,-0.298182,-1.1472][-0.75068,-0.571781,0.330978][0.932381,0.449385,0][-0.126023,-0.295526,-1.16658][-0.604817,-0.630036,0.487085][0.946689,0.470816,0][-0.126023,-0.295526,-1.16658][-0.604817,-0.630036,0.487085][0.946689,0.470816,0][-0.140151,-0.300591,-1.18557][-0.502366,-0.550661,0.666634][0.957011,0.494431,0][-0.135836,-0.302586,-1.18621][-0.104699,-0.849706,0.516757][0.951984,0.494768,0][-0.135836,-0.302586,-1.18621][-0.104699,-0.849706,0.516757][0.951984,0.494768,0][-0.122857,-0.297933,-1.16877][-0.266369,-0.929393,0.255493][0.942494,0.473104,0][-0.126023,-0.295526,-1.16658][-0.604817,-0.630036,0.487085][0.946689,0.470816,0][-0.145216,-0.313085,-1.19863][0.0274645,-0.55937,0.828463][0.95581,0.5145,0][-0.135836,-0.302586,-1.18621][-0.104699,-0.849706,0.516757][0.951984,0.494768,0][-0.140151,-0.300591,-1.18557][-0.502366,-0.550661,0.666634][0.957011,0.494431,0][-0.140151,-0.300591,-1.18557][-0.502366,-0.550661,0.666634][0.957011,0.494431,0][-0.150362,-0.312021,-1.19908][-0.454204,-0.311259,0.834755][0.961253,0.515877,0][-0.145216,-0.313085,-1.19863][0.0274645,-0.55937,0.828463][0.95581,0.5145,0][-0.148485,-0.326617,-1.20268][0.0757676,0.0513026,0.995805][0.952683,0.53013,0][-0.145216,-0.313085,-1.19863][0.0274645,-0.55937,0.828463][0.95581,0.5145,0][-0.150362,-0.312021,-1.19908][-0.454204,-0.311259,0.834755][0.961253,0.515877,0][-0.150362,-0.312021,-1.19908][-0.454204,-0.311259,0.834755][0.961253,0.515877,0][-0.15392,-0.32675,-1.20349][-0.455685,0.0369384,0.889375][0.95803,0.532705,0][-0.148485,-0.326617,-1.20268][0.0757676,0.0513026,0.995805][0.952683,0.53013,0][-0.144766,-0.339556,-1.1973][0.00710699,0.640135,0.768229][0.942363,0.542318,0][-0.148485,-0.326617,-1.20268][0.0757676,0.0513026,0.995805][0.952683,0.53013,0][-0.15392,-0.32675,-1.20349][-0.455685,0.0369384,0.889375][0.95803,0.532705,0][-0.15392,-0.32675,-1.20349][-0.455685,0.0369384,0.889375][0.95803,0.532705,0][-0.149872,-0.340835,-1.19763][-0.465881,0.377766,0.800155][0.946855,0.545762,0][-0.144766,-0.339556,-1.1973][0.00710699,0.640135,0.768229][0.942363,0.542318,0][-0.135056,-0.348436,-1.18391][-0.134369,0.893129,0.429262][0.924229,0.551648,0][-0.144766,-0.339556,-1.1973][0.00710699,0.640135,0.768229][0.942363,0.542318,0][-0.149872,-0.340835,-1.19763][-0.465881,0.377766,0.800155][0.946855,0.545762,0][-0.149872,-0.340835,-1.19763][-0.465881,0.377766,0.800155][0.946855,0.545762,0][-0.139302,-0.350501,-1.18306][-0.52185,0.597339,0.608982][0.927106,0.555964,0][-0.135056,-0.348436,-1.18391][-0.134369,0.893129,0.429262][0.924229,0.551648,0][-0.125043,-0.353157,-1.16368][-0.626614,0.654864,0.422501][0.900522,0.562348,0][-0.121957,-0.350875,-1.16611][-0.298233,0.940716,0.161587][0.900176,0.557144,0][-0.135056,-0.348436,-1.18391][-0.134369,0.893129,0.429262][0.924229,0.551648,0][-0.135056,-0.348436,-1.18391][-0.134369,0.893129,0.429262][0.924229,0.551648,0][-0.139302,-0.350501,-1.18306][-0.52185,0.597339,0.608982][0.927106,0.555964,0][-0.125043,-0.353157,-1.16368][-0.626614,0.654864,0.422501][0.900522,0.562348,0][-0.125043,-0.353157,-1.16368][-0.626614,0.654864,0.422501][0.900522,0.562348,0][-0.110915,-0.348091,-1.14469][-0.770228,0.576202,0.273385][0.872891,0.559571,0][-0.108978,-0.346222,-1.14866][-0.50248,0.86189,-0.0682606][0.875299,0.55485,0][-0.108978,-0.346222,-1.14866][-0.50248,0.86189,-0.0682606][0.875299,0.55485,0][-0.121957,-0.350875,-1.16611][-0.298233,0.940716,0.161587][0.900176,0.557144,0][-0.125043,-0.353157,-1.16368][-0.626614,0.654864,0.422501][0.900522,0.562348,0][-0.100704,-0.336662,-1.13118][-0.92294,0.338976,0.182421][0.851993,0.551248,0][-0.110915,-0.348091,-1.14469][-0.770228,0.576202,0.273385][0.872891,0.559571,0][-0.110435,-0.350707,-1.14158][-0.802234,-0.0402888,0.595649][0.870192,0.563222,0][-0.110435,-0.350707,-1.14158][-0.802234,-0.0402888,0.595649][0.870192,0.563222,0][-0.0990899,-0.338008,-1.12656][-0.781045,-0.0461533,0.622767][0.847711,0.554245,0][-0.100704,-0.336662,-1.13118][-0.92294,0.338976,0.182421][0.851993,0.551248,0][-0.0971459,-0.321932,-1.12676][-0.984624,-0.00793811,0.174505][0.84031,0.539637,0][-0.100704,-0.336662,-1.13118][-0.92294,0.338976,0.182421][0.851993,0.551248,0][-0.0990899,-0.338008,-1.12656][-0.781045,-0.0461533,0.622767][0.847711,0.554245,0][-0.0990899,-0.338008,-1.12656][-0.781045,-0.0461533,0.622767][0.847711,0.554245,0][-0.0951359,-0.32164,-1.12166][-0.761646,0.0196035,0.647696][0.83511,0.541715,0][-0.0971459,-0.321932,-1.12676][-0.984624,-0.00793811,0.174505][0.84031,0.539637,0][-0.101194,-0.307847,-1.13263][-0.911212,-0.350135,0.21702][0.916709,0.434258,0][-0.0971459,-0.321932,-1.12676][-0.984624,-0.00793811,0.174505][0.901414,0.428355,0][-0.0951359,-0.32164,-1.12166][-0.761646,0.0196035,0.647696][0.901183,0.42275,0][-0.0951359,-0.32164,-1.12166][-0.761646,0.0196035,0.647696][0.901183,0.42275,0][-0.0996339,-0.305991,-1.12817][-0.783189,0.0818382,0.616374][0.917683,0.429182,0][-0.101194,-0.307847,-1.13263][-0.911212,-0.350135,0.21702][0.916709,0.434258,0][-0.111764,-0.298182,-1.1472][-0.75068,-0.571781,0.330978][0.932381,0.449385,0][-0.101194,-0.307847,-1.13263][-0.911212,-0.350135,0.21702][0.916709,0.434258,0][-0.0996339,-0.305991,-1.12817][-0.783189,0.0818382,0.616374][0.917683,0.429182,0][-0.0996339,-0.305991,-1.12817][-0.783189,0.0818382,0.616374][0.917683,0.429182,0][-0.111378,-0.295252,-1.14436][-0.804129,0.0726397,0.59][0.934348,0.445616,0][-0.111764,-0.298182,-1.1472][-0.75068,-0.571781,0.330978][0.932381,0.449385,0][-0.126023,-0.295526,-1.16658][-0.604817,-0.630036,0.487085][0.946689,0.470816,0][-0.111764,-0.298182,-1.1472][-0.75068,-0.571781,0.330978][0.932381,0.449385,0][-0.111378,-0.295252,-1.14436][-0.804129,0.0726397,0.59][0.934348,0.445616,0][-0.111378,-0.295252,-1.14436][-0.804129,0.0726397,0.59][0.934348,0.445616,0][-0.127221,-0.292301,-1.16589][-0.804261,0.0575034,0.591488][0.949868,0.469073,0][-0.126023,-0.295526,-1.16658][-0.604817,-0.630036,0.487085][0.946689,0.470816,0][-0.140151,-0.300591,-1.18557][-0.502366,-0.550661,0.666634][0.957011,0.494431,0][-0.126023,-0.295526,-1.16658][-0.604817,-0.630036,0.487085][0.946689,0.470816,0][-0.127221,-0.292301,-1.16589][-0.804261,0.0575034,0.591488][0.949868,0.469073,0][-0.127221,-0.292301,-1.16589][-0.804261,0.0575034,0.591488][0.949868,0.469073,0][-0.142919,-0.297929,-1.18699][-0.803713,0.0726049,0.590571][0.961246,0.494801,0][-0.140151,-0.300591,-1.18557][-0.502366,-0.550661,0.666634][0.957011,0.494431,0][-0.150362,-0.312021,-1.19908][-0.454204,-0.311259,0.834755][0.961253,0.515877,0][-0.140151,-0.300591,-1.18557][-0.502366,-0.550661,0.666634][0.957011,0.494431,0][-0.142919,-0.297929,-1.18699][-0.803713,0.0726049,0.590571][0.961246,0.494801,0][-0.142919,-0.297929,-1.18699][-0.803713,0.0726049,0.590571][0.961246,0.494801,0][-0.154264,-0.310627,-1.20201][-0.823285,0.0784347,0.562182][0.966084,0.517766,0][-0.150362,-0.312021,-1.19908][-0.454204,-0.311259,0.834755][0.961253,0.515877,0][-0.15392,-0.32675,-1.20349][-0.455685,0.0369384,0.889375][0.95803,0.532705,0][-0.150362,-0.312021,-1.19908][-0.454204,-0.311259,0.834755][0.961253,0.515877,0][-0.154264,-0.310627,-1.20201][-0.823285,0.0784347,0.562182][0.966084,0.517766,0][-0.154264,-0.310627,-1.20201][-0.823285,0.0784347,0.562182][0.966084,0.517766,0][-0.158218,-0.326995,-1.20691][-0.843073,0.0126873,0.53765][0.963106,0.535134,0][-0.15392,-0.32675,-1.20349][-0.455685,0.0369384,0.889375][0.95803,0.532705,0][-0.149872,-0.340835,-1.19763][-0.465881,0.377766,0.800155][0.946855,0.545762,0][-0.15392,-0.32675,-1.20349][-0.455685,0.0369384,0.889375][0.95803,0.532705,0][-0.158218,-0.326995,-1.20691][-0.843073,0.0126873,0.53765][0.963106,0.535134,0][-0.158218,-0.326995,-1.20691][-0.843073,0.0126873,0.53765][0.963106,0.535134,0][-0.15372,-0.342645,-1.2004][-0.821107,-0.0496132,0.568614][0.951379,0.548362,0][-0.149872,-0.340835,-1.19763][-0.465881,0.377766,0.800155][0.946855,0.545762,0][-0.139302,-0.350501,-1.18306][-0.52185,0.597339,0.608982][0.927106,0.555964,0][-0.149872,-0.340835,-1.19763][-0.465881,0.377766,0.800155][0.946855,0.545762,0][-0.15372,-0.342645,-1.2004][-0.821107,-0.0496132,0.568614][0.951379,0.548362,0][-0.15372,-0.342645,-1.2004][-0.821107,-0.0496132,0.568614][0.951379,0.548362,0][-0.141976,-0.353384,-1.18421][-0.801787,-0.0402757,0.596251][0.930119,0.559183,0][-0.139302,-0.350501,-1.18306][-0.52185,0.597339,0.608982][0.927106,0.555964,0][-0.125043,-0.353157,-1.16368][-0.626614,0.654864,0.422501][0.900522,0.562348,0][-0.139302,-0.350501,-1.18306][-0.52185,0.597339,0.608982][0.927106,0.555964,0][-0.141976,-0.353384,-1.18421][-0.801787,-0.0402757,0.596251][0.930119,0.559183,0][-0.141976,-0.353384,-1.18421][-0.801787,-0.0402757,0.596251][0.930119,0.559183,0][-0.126133,-0.356335,-1.16268][-0.802869,-0.025077,0.595627][0.900806,0.566373,0][-0.125043,-0.353157,-1.16368][-0.626614,0.654864,0.422501][0.900522,0.562348,0][-0.110915,-0.348091,-1.14469][-0.770228,0.576202,0.273385][0.872891,0.559571,0][-0.125043,-0.353157,-1.16368][-0.626614,0.654864,0.422501][0.900522,0.562348,0][-0.126133,-0.356335,-1.16268][-0.802869,-0.025077,0.595627][0.900806,0.566373,0][-0.126133,-0.356335,-1.16268][-0.802869,-0.025077,0.595627][0.900806,0.566373,0][-0.110435,-0.350707,-1.14158][-0.802234,-0.0402888,0.595649][0.870192,0.563222,0][-0.110915,-0.348091,-1.14469][-0.770228,0.576202,0.273385][0.872891,0.559571,0][-0.0990899,-0.338008,-1.12656][-0.781045,-0.0461533,0.622767][0.847711,0.554245,0][-0.110435,-0.350707,-1.14158][-0.802234,-0.0402888,0.595649][0.870192,0.563222,0][-0.107667,-0.353369,-1.14015][-0.470917,-0.559337,0.682187][0.867495,0.566856,0][-0.107667,-0.353369,-1.14015][-0.470917,-0.559337,0.682187][0.867495,0.566856,0][-0.0951869,-0.3394,-1.12364][-0.385945,-0.371029,0.844621][0.843646,0.557125,0][-0.0990899,-0.338008,-1.12656][-0.781045,-0.0461533,0.622767][0.847711,0.554245,0][-0.0951359,-0.32164,-1.12166][-0.761646,0.0196035,0.647696][0.83511,0.541715,0][-0.0990899,-0.338008,-1.12656][-0.781045,-0.0461533,0.622767][0.847711,0.554245,0][-0.0951869,-0.3394,-1.12364][-0.385945,-0.371029,0.844621][0.843646,0.557125,0][-0.0951869,-0.3394,-1.12364][-0.385945,-0.371029,0.844621][0.843646,0.557125,0][-0.0908379,-0.321396,-1.11824][-0.347468,0.0411738,0.936788][0.829827,0.543924,0][-0.0951359,-0.32164,-1.12166][-0.761646,0.0196035,0.647696][0.83511,0.541715,0][-0.0996339,-0.305991,-1.12817][-0.783189,0.0818382,0.616374][0.917683,0.429182,0][-0.0951359,-0.32164,-1.12166][-0.761646,0.0196035,0.647696][0.901183,0.42275,0][-0.0908379,-0.321396,-1.11824][-0.347468,0.0411738,0.936788][0.901054,0.417027,0][-0.0908379,-0.321396,-1.11824][-0.347468,0.0411738,0.936788][0.901054,0.417027,0][-0.0957849,-0.304181,-1.12541][-0.399727,0.440492,0.803856][0.918669,0.424323,0][-0.0996339,-0.305991,-1.12817][-0.783189,0.0818382,0.616374][0.917683,0.429182,0][-0.111378,-0.295252,-1.14436][-0.804129,0.0726397,0.59][0.934348,0.445616,0][-0.0996339,-0.305991,-1.12817][-0.783189,0.0818382,0.616374][0.917683,0.429182,0][-0.0957849,-0.304181,-1.12541][-0.399727,0.440492,0.803856][0.918669,0.424323,0][-0.0957849,-0.304181,-1.12541][-0.399727,0.440492,0.803856][0.918669,0.424323,0][-0.108704,-0.292369,-1.14322][-0.489872,0.63861,0.593467][0.936328,0.441907,0][-0.111378,-0.295252,-1.14436][-0.804129,0.0726397,0.59][0.934348,0.445616,0][-0.127221,-0.292301,-1.16589][-0.804261,0.0575034,0.591488][0.949868,0.469073,0][-0.111378,-0.295252,-1.14436][-0.804129,0.0726397,0.59][0.934348,0.445616,0][-0.108704,-0.292369,-1.14322][-0.489872,0.63861,0.593467][0.936328,0.441907,0][-0.108704,-0.292369,-1.14322][-0.489872,0.63861,0.593467][0.936328,0.441907,0][-0.126132,-0.289123,-1.1669][-0.602818,0.688746,0.40279][0.953025,0.467338,0][-0.127221,-0.292301,-1.16589][-0.804261,0.0575034,0.591488][0.949868,0.469073,0][-0.142919,-0.297929,-1.18699][-0.803713,0.0726049,0.590571][0.961246,0.494801,0][-0.127221,-0.292301,-1.16589][-0.804261,0.0575034,0.591488][0.949868,0.469073,0][-0.126132,-0.289123,-1.1669][-0.602818,0.688746,0.40279][0.953025,0.467338,0][-0.126132,-0.289123,-1.1669][-0.602818,0.688746,0.40279][0.953025,0.467338,0][-0.143399,-0.295313,-1.19011][-0.74851,0.616587,0.244036][0.965436,0.495116,0][-0.142919,-0.297929,-1.18699][-0.803713,0.0726049,0.590571][0.961246,0.494801,0][-0.154264,-0.310627,-1.20201][-0.823285,0.0784347,0.562182][0.966084,0.517766,0][-0.142919,-0.297929,-1.18699][-0.803713,0.0726049,0.590571][0.961246,0.494801,0][-0.143399,-0.295313,-1.19011][-0.74851,0.616587,0.244036][0.965436,0.495116,0][-0.143399,-0.295313,-1.19011][-0.74851,0.616587,0.244036][0.965436,0.495116,0][-0.155879,-0.309282,-1.20662][-0.910782,0.397032,0.113324][0.970748,0.519495,0][-0.154264,-0.310627,-1.20201][-0.823285,0.0784347,0.562182][0.966084,0.517766,0][-0.158218,-0.326995,-1.20691][-0.843073,0.0126873,0.53765][0.963106,0.535134,0][-0.154264,-0.310627,-1.20201][-0.823285,0.0784347,0.562182][0.966084,0.517766,0][-0.155879,-0.309282,-1.20662][-0.910782,0.397032,0.113324][0.970748,0.519495,0][-0.155879,-0.309282,-1.20662][-0.910782,0.397032,0.113324][0.970748,0.519495,0][-0.160228,-0.327286,-1.21202][-0.998262,-0.0141014,0.0572238][0.967885,0.53741,0][-0.158218,-0.326995,-1.20691][-0.843073,0.0126873,0.53765][0.963106,0.535134,0][-0.15372,-0.342645,-1.2004][-0.821107,-0.0496132,0.568614][0.951379,0.548362,0][-0.158218,-0.326995,-1.20691][-0.843073,0.0126873,0.53765][0.963106,0.535134,0][-0.160228,-0.327286,-1.21202][-0.998262,-0.0141014,0.0572238][0.967885,0.53741,0][-0.160228,-0.327286,-1.21202][-0.998262,-0.0141014,0.0572238][0.967885,0.53741,0][-0.15528,-0.344501,-1.20485][-0.896964,-0.414418,0.153989][0.955675,0.55089,0][-0.15372,-0.342645,-1.2004][-0.821107,-0.0496132,0.568614][0.951379,0.548362,0][-0.141976,-0.353384,-1.18421][-0.801787,-0.0402757,0.596251][0.930119,0.559183,0][-0.15372,-0.342645,-1.2004][-0.821107,-0.0496132,0.568614][0.951379,0.548362,0][-0.15528,-0.344501,-1.20485][-0.896964,-0.414418,0.153989][0.955675,0.55089,0][-0.15528,-0.344501,-1.20485][-0.896964,-0.414418,0.153989][0.955675,0.55089,0][-0.142362,-0.356314,-1.18704][-0.741307,-0.59944,0.301888][0.933104,0.562374,0][-0.141976,-0.353384,-1.18421][-0.801787,-0.0402757,0.596251][0.930119,0.559183,0][-0.126133,-0.356335,-1.16268][-0.802869,-0.025077,0.595627][0.900806,0.566373,0][-0.141976,-0.353384,-1.18421][-0.801787,-0.0402757,0.596251][0.930119,0.559183,0][-0.142362,-0.356314,-1.18704][-0.741307,-0.59944,0.301888][0.933104,0.562374,0][-0.142362,-0.356314,-1.18704][-0.741307,-0.59944,0.301888][0.933104,0.562374,0][-0.124934,-0.35956,-1.16336][-0.608419,-0.654445,0.448919][0.901105,0.570445,0][-0.126133,-0.356335,-1.16268][-0.802869,-0.025077,0.595627][0.900806,0.566373,0][-0.110435,-0.350707,-1.14158][-0.802234,-0.0402888,0.595649][0.870192,0.563222,0][-0.126133,-0.356335,-1.16268][-0.802869,-0.025077,0.595627][0.900806,0.566373,0][-0.124934,-0.35956,-1.16336][-0.608419,-0.654445,0.448919][0.901105,0.570445,0][-0.124934,-0.35956,-1.16336][-0.608419,-0.654445,0.448919][0.901105,0.570445,0][-0.107667,-0.353369,-1.14015][-0.470917,-0.559337,0.682187][0.867495,0.566856,0][-0.110435,-0.350707,-1.14158][-0.802234,-0.0402888,0.595649][0.870192,0.563222,0][-0.103352,-0.355364,-1.1408][-0.0673257,-0.770243,0.634187][0.864927,0.571085,0][-0.0900409,-0.340465,-1.12318][0.0657831,-0.550318,0.83236][0.839905,0.560637,0][-0.0951869,-0.3394,-1.12364][-0.385945,-0.371029,0.844621][0.843646,0.557125,0][-0.0951869,-0.3394,-1.12364][-0.385945,-0.371029,0.844621][0.843646,0.557125,0][-0.107667,-0.353369,-1.14015][-0.470917,-0.559337,0.682187][0.867495,0.566856,0][-0.103352,-0.355364,-1.1408][-0.0673257,-0.770243,0.634187][0.864927,0.571085,0][-0.0900409,-0.340465,-1.12318][0.0657831,-0.550318,0.83236][0.839905,0.560637,0][-0.0854029,-0.321264,-1.11743][0.142977,0.0520318,0.988357][0.824857,0.546835,0][-0.0908379,-0.321396,-1.11824][-0.347468,0.0411738,0.936788][0.829827,0.543924,0][-0.0908379,-0.321396,-1.11824][-0.347468,0.0411738,0.936788][0.829827,0.543924,0][-0.0951869,-0.3394,-1.12364][-0.385945,-0.371029,0.844621][0.843646,0.557125,0][-0.0900409,-0.340465,-1.12318][0.0657831,-0.550318,0.83236][0.839905,0.560637,0][-0.0906799,-0.302902,-1.12507][0.0455938,0.63285,0.772931][0.920401,0.419466,0][-0.0957849,-0.304181,-1.12541][-0.399727,0.440492,0.803856][0.918669,0.424323,0][-0.0908379,-0.321396,-1.11824][-0.347468,0.0411738,0.936788][0.901054,0.417027,0][-0.0908379,-0.321396,-1.11824][-0.347468,0.0411738,0.936788][0.901054,0.417027,0][-0.0854029,-0.321264,-1.11743][0.142977,0.0520318,0.988357][0.901701,0.411307,0][-0.0906799,-0.302902,-1.12507][0.0455938,0.63285,0.772931][0.920401,0.419466,0][-0.104458,-0.290304,-1.14407][-0.114972,0.893022,0.435079][0.93932,0.437989,0][-0.108704,-0.292369,-1.14322][-0.489872,0.63861,0.593467][0.936328,0.441907,0][-0.0957849,-0.304181,-1.12541][-0.399727,0.440492,0.803856][0.918669,0.424323,0][-0.0957849,-0.304181,-1.12541][-0.399727,0.440492,0.803856][0.918669,0.424323,0][-0.0906799,-0.302902,-1.12507][0.0455938,0.63285,0.772931][0.920401,0.419466,0][-0.104458,-0.290304,-1.14407][-0.114972,0.893022,0.435079][0.93932,0.437989,0][-0.123045,-0.286841,-1.16933][-0.288244,0.945099,0.153957][0.957164,0.465068,0][-0.126132,-0.289123,-1.1669][-0.602818,0.688746,0.40279][0.953025,0.467338,0][-0.108704,-0.292369,-1.14322][-0.489872,0.63861,0.593467][0.936328,0.441907,0][-0.108704,-0.292369,-1.14322][-0.489872,0.63861,0.593467][0.936328,0.441907,0][-0.104458,-0.290304,-1.14407][-0.114972,0.893022,0.435079][0.93932,0.437989,0][-0.123045,-0.286841,-1.16933][-0.288244,0.945099,0.153957][0.957164,0.465068,0][-0.123045,-0.286841,-1.16933][-0.288244,0.945099,0.153957][0.957164,0.465068,0][-0.141462,-0.293443,-1.19408][-0.502317,0.860149,-0.0884385][0.970351,0.494697,0][-0.143399,-0.295313,-1.19011][-0.74851,0.616587,0.244036][0.965436,0.495116,0][-0.143399,-0.295313,-1.19011][-0.74851,0.616587,0.244036][0.965436,0.495116,0][-0.126132,-0.289123,-1.1669][-0.602818,0.688746,0.40279][0.953025,0.467338,0][-0.123045,-0.286841,-1.16933][-0.288244,0.945099,0.153957][0.957164,0.465068,0][-0.141462,-0.293443,-1.19408][-0.502317,0.860149,-0.0884385][0.970351,0.494697,0][-0.154773,-0.308342,-1.21169][-0.761793,0.564293,-0.318191][0.975788,0.520614,0][-0.155879,-0.309282,-1.20662][-0.910782,0.397032,0.113324][0.970748,0.519495,0][-0.155879,-0.309282,-1.20662][-0.910782,0.397032,0.113324][0.970748,0.519495,0][-0.143399,-0.295313,-1.19011][-0.74851,0.616587,0.244036][0.965436,0.495116,0][-0.141462,-0.293443,-1.19408][-0.502317,0.860149,-0.0884385][0.970351,0.494697,0][-0.154773,-0.308342,-1.21169][-0.761793,0.564293,-0.318191][0.975788,0.520614,0][-0.159411,-0.327545,-1.21745][-0.90379,-0.0368109,-0.42639][0.97261,0.539664,0][-0.160228,-0.327286,-1.21202][-0.998262,-0.0141014,0.0572238][0.967885,0.53741,0][-0.160228,-0.327286,-1.21202][-0.998262,-0.0141014,0.0572238][0.967885,0.53741,0][-0.155879,-0.309282,-1.20662][-0.910782,0.397032,0.113324][0.970748,0.519495,0][-0.154773,-0.308342,-1.21169][-0.761793,0.564293,-0.318191][0.975788,0.520614,0][-0.154134,-0.345905,-1.20981][-0.74165,-0.618842,-0.258824][0.959724,0.554091,0][-0.15528,-0.344501,-1.20485][-0.896964,-0.414418,0.153989][0.955675,0.55089,0][-0.160228,-0.327286,-1.21202][-0.998262,-0.0141014,0.0572238][0.967885,0.53741,0][-0.160228,-0.327286,-1.21202][-0.998262,-0.0141014,0.0572238][0.967885,0.53741,0][-0.159411,-0.327545,-1.21745][-0.90379,-0.0368109,-0.42639][0.97261,0.539664,0][-0.154134,-0.345905,-1.20981][-0.74165,-0.618842,-0.258824][0.959724,0.554091,0][-0.140356,-0.358505,-1.19081][-0.513934,-0.857367,-0.0281594][0.935926,0.566322,0][-0.142362,-0.356314,-1.18704][-0.741307,-0.59944,0.301888][0.933104,0.562374,0][-0.15528,-0.344501,-1.20485][-0.896964,-0.414418,0.153989][0.955675,0.55089,0][-0.15528,-0.344501,-1.20485][-0.896964,-0.414418,0.153989][0.955675,0.55089,0][-0.154134,-0.345905,-1.20981][-0.74165,-0.618842,-0.258824][0.959724,0.554091,0][-0.140356,-0.358505,-1.19081][-0.513934,-0.857367,-0.0281594][0.935926,0.566322,0][-0.0986459,-0.356157,-1.14335][0.335441,-0.791458,0.510954][0.862314,0.57605,0][-0.0850319,-0.340918,-1.12533][0.462914,-0.609805,0.643311][0.836498,0.56501,0][-0.0900409,-0.340465,-1.12318][0.0657831,-0.550318,0.83236][0.839905,0.560637,0][-0.0900409,-0.340465,-1.12318][0.0657831,-0.550318,0.83236][0.839905,0.560637,0][-0.103352,-0.355364,-1.1408][-0.0673257,-0.770243,0.634187][0.864927,0.571085,0][-0.0986459,-0.356157,-1.14335][0.335441,-0.791458,0.510954][0.862314,0.57605,0][-0.0850319,-0.340918,-1.12533][0.462914,-0.609805,0.643311][0.836498,0.56501,0][-0.0802869,-0.321278,-1.11944][0.594055,0.0503542,0.802847][0.820667,0.55055,0][-0.0854029,-0.321264,-1.11743][0.142977,0.0520318,0.988357][0.824857,0.546835,0][-0.0854029,-0.321264,-1.11743][0.142977,0.0520318,0.988357][0.824857,0.546835,0][-0.0900409,-0.340465,-1.12318][0.0657831,-0.550318,0.83236][0.839905,0.560637,0][-0.0850319,-0.340918,-1.12533][0.462914,-0.609805,0.643311][0.836498,0.56501,0][-0.0856849,-0.302497,-1.12726][0.440896,0.686518,0.57819][0.923084,0.414606,0][-0.0906799,-0.302902,-1.12507][0.0455938,0.63285,0.772931][0.920401,0.419466,0][-0.0854029,-0.321264,-1.11743][0.142977,0.0520318,0.988357][0.901701,0.411307,0][-0.0854029,-0.321264,-1.11743][0.142977,0.0520318,0.988357][0.901701,0.411307,0][-0.0802869,-0.321278,-1.11944][0.594055,0.0503542,0.802847][0.903407,0.405959,0][-0.0856849,-0.302497,-1.12726][0.440896,0.686518,0.57819][0.923084,0.414606,0][-0.0997779,-0.28961,-1.14669][0.193686,0.952113,0.236575][0.943372,0.434081,0][-0.104458,-0.290304,-1.14407][-0.114972,0.893022,0.435079][0.93932,0.437989,0][-0.0906799,-0.302902,-1.12507][0.0455938,0.63285,0.772931][0.920401,0.419466,0][-0.0906799,-0.302902,-1.12507][0.0455938,0.63285,0.772931][0.920401,0.419466,0][-0.0856849,-0.302497,-1.12726][0.440896,0.686518,0.57819][0.923084,0.414606,0][-0.0997779,-0.28961,-1.14669][0.193686,0.952113,0.236575][0.943372,0.434081,0][-0.11879,-0.286069,-1.17252][-0.0170225,0.998598,-0.0501173][0.962155,0.462343,0][-0.123045,-0.286841,-1.16933][-0.288244,0.945099,0.153957][0.957164,0.465068,0][-0.104458,-0.290304,-1.14407][-0.114972,0.893022,0.435079][0.93932,0.437989,0][-0.104458,-0.290304,-1.14407][-0.114972,0.893022,0.435079][0.93932,0.437989,0][-0.0997779,-0.28961,-1.14669][0.193686,0.952113,0.236575][0.943372,0.434081,0][-0.11879,-0.286069,-1.17252][-0.0170225,0.998598,-0.0501173][0.962155,0.462343,0][-0.11879,-0.286069,-1.17252][-0.0170225,0.998598,-0.0501173][0.962155,0.462343,0][-0.137627,-0.292822,-1.19784][-0.2255,0.916512,-0.330386][0.975834,0.493401,0][-0.141462,-0.293443,-1.19408][-0.502317,0.860149,-0.0884385][0.970351,0.494697,0][-0.141462,-0.293443,-1.19408][-0.502317,0.860149,-0.0884385][0.970351,0.494697,0][-0.123045,-0.286841,-1.16933][-0.288244,0.945099,0.153957][0.957164,0.465068,0][-0.11879,-0.286069,-1.17252][-0.0170225,0.998598,-0.0501173][0.962155,0.462343,0][-0.137627,-0.292822,-1.19784][-0.2255,0.916512,-0.330386][0.975834,0.493401,0][-0.151242,-0.308061,-1.21586][-0.46289,0.609808,-0.643325][0.981353,0.521052,0][-0.154773,-0.308342,-1.21169][-0.761793,0.564293,-0.318191][0.975788,0.520614,0][-0.154773,-0.308342,-1.21169][-0.761793,0.564293,-0.318191][0.975788,0.520614,0][-0.141462,-0.293443,-1.19408][-0.502317,0.860149,-0.0884385][0.970351,0.494697,0][-0.137627,-0.292822,-1.19784][-0.2255,0.916512,-0.330386][0.975834,0.493401,0][-0.151242,-0.308061,-1.21586][-0.46289,0.609808,-0.643325][0.981353,0.521052,0][-0.155986,-0.327702,-1.22175][-0.594084,-0.0503882,-0.802823][0.977465,0.542023,0][-0.159411,-0.327545,-1.21745][-0.90379,-0.0368109,-0.42639][0.97261,0.539664,0][-0.159411,-0.327545,-1.21745][-0.90379,-0.0368109,-0.42639][0.97261,0.539664,0][-0.154773,-0.308342,-1.21169][-0.761793,0.564293,-0.318191][0.975788,0.520614,0][-0.151242,-0.308061,-1.21586][-0.46289,0.609808,-0.643325][0.981353,0.521052,0][-0.150588,-0.346482,-1.21393][-0.440881,-0.686512,-0.578208][0.963541,0.558169,0][-0.154134,-0.345905,-1.20981][-0.74165,-0.618842,-0.258824][0.959724,0.554091,0][-0.159411,-0.327545,-1.21745][-0.90379,-0.0368109,-0.42639][0.97261,0.539664,0][-0.159411,-0.327545,-1.21745][-0.90379,-0.0368109,-0.42639][0.97261,0.539664,0][-0.155986,-0.327702,-1.22175][-0.594084,-0.0503882,-0.802823][0.977465,0.542023,0][-0.150588,-0.346482,-1.21393][-0.440881,-0.686512,-0.578208][0.963541,0.558169,0][-0.136496,-0.359369,-1.1945][-0.233456,-0.927834,-0.290898][0.938575,0.571309,0][-0.140356,-0.358505,-1.19081][-0.513934,-0.857367,-0.0281594][0.935926,0.566322,0][-0.154134,-0.345905,-1.20981][-0.74165,-0.618842,-0.258824][0.959724,0.554091,0][-0.154134,-0.345905,-1.20981][-0.74165,-0.618842,-0.258824][0.959724,0.554091,0][-0.150588,-0.346482,-1.21393][-0.440881,-0.686512,-0.578208][0.963541,0.558169,0][-0.136496,-0.359369,-1.1945][-0.233456,-0.927834,-0.290898][0.938575,0.571309,0][-0.0815009,-0.340637,-1.12949][0.761724,-0.564313,0.31832][0.724148,0.826342,0][-0.0850319,-0.340918,-1.12533][0.462914,-0.609805,0.643311][0.720737,0.821832,0][-0.0986459,-0.356157,-1.14335][0.335441,-0.791458,0.510954][0.747343,0.811157,0][-0.0986459,-0.356157,-1.14335][0.335441,-0.791458,0.510954][0.747343,0.811157,0][-0.0948109,-0.355535,-1.14711][0.63333,-0.756497,0.16311][0.749894,0.816266,0][-0.0815009,-0.340637,-1.12949][0.761724,-0.564313,0.31832][0.724148,0.826342,0][-0.0768619,-0.321434,-1.12374][0.90379,0.0368195,0.42639][0.708694,0.840251,0][-0.0802869,-0.321278,-1.11944][0.594055,0.0503542,0.802847][0.704459,0.836423,0][-0.0850319,-0.340918,-1.12533][0.462914,-0.609805,0.643311][0.720737,0.821832,0][-0.0850319,-0.340918,-1.12533][0.462914,-0.609805,0.643311][0.720737,0.821832,0][-0.0815009,-0.340637,-1.12949][0.761724,-0.564313,0.31832][0.724148,0.826342,0][-0.0768619,-0.321434,-1.12374][0.90379,0.0368195,0.42639][0.708694,0.840251,0][-0.0768619,-0.321434,-1.12374][0.90379,0.0368195,0.42639][0.787084,0.980275,0][-0.0821389,-0.303075,-1.13138][0.741685,0.618818,0.258783][0.806195,0.972215,0][-0.0856849,-0.302497,-1.12726][0.440896,0.686518,0.57819][0.808908,0.977191,0][-0.0856849,-0.302497,-1.12726][0.440896,0.686518,0.57819][0.808908,0.977191,0][-0.0802869,-0.321278,-1.11944][0.594055,0.0503542,0.802847][0.788752,0.985744,0][-0.0768619,-0.321434,-1.12374][0.90379,0.0368195,0.42639][0.787084,0.980275,0][-0.0821389,-0.303075,-1.13138][0.741685,0.618818,0.258783][0.806195,0.972215,0][-0.0959169,-0.290474,-1.15038][0.472661,0.881243,0.00108392][0.825556,0.953287,0][-0.0997779,-0.28961,-1.14669][0.193686,0.952113,0.236575][0.829718,0.957317,0][-0.0997779,-0.28961,-1.14669][0.193686,0.952113,0.236575][0.829718,0.957317,0][-0.0856849,-0.302497,-1.12726][0.440896,0.686518,0.57819][0.808908,0.977191,0][-0.0821389,-0.303075,-1.13138][0.741685,0.618818,0.258783][0.806195,0.972215,0][-0.0959169,-0.290474,-1.15038][0.472661,0.881243,0.00108392][0.825556,0.953287,0][-0.114505,-0.287012,-1.17563][0.256245,0.934182,-0.248278][0.843843,0.925622,0][-0.11879,-0.286069,-1.17252][-0.0170225,0.998598,-0.0501173][0.848983,0.928425,0][-0.11879,-0.286069,-1.17252][-0.0170225,0.998598,-0.0501173][0.848983,0.928425,0][-0.0997779,-0.28961,-1.14669][0.193686,0.952113,0.236575][0.829718,0.957317,0][-0.0959169,-0.290474,-1.15038][0.472661,0.881243,0.00108392][0.825556,0.953287,0][-0.132921,-0.293616,-1.20039][0.085271,0.848353,-0.522519][0.857296,0.895306,0][-0.137627,-0.292822,-1.19784][-0.2255,0.916512,-0.330386][0.862945,0.896623,0][-0.11879,-0.286069,-1.17252][-0.0170225,0.998598,-0.0501173][0.848983,0.928425,0][-0.11879,-0.286069,-1.17252][-0.0170225,0.998598,-0.0501173][0.848983,0.928425,0][-0.114505,-0.287012,-1.17563][0.256245,0.934182,-0.248278][0.843843,0.925622,0][-0.132921,-0.293616,-1.20039][0.085271,0.848353,-0.522519][0.857296,0.895306,0][-0.146232,-0.308515,-1.218][-0.0657307,0.550285,-0.832386][0.862839,0.868746,0][-0.151242,-0.308061,-1.21586][-0.46289,0.609808,-0.643325][0.868577,0.868262,0][-0.137627,-0.292822,-1.19784][-0.2255,0.916512,-0.330386][0.862945,0.896623,0][-0.137627,-0.292822,-1.19784][-0.2255,0.916512,-0.330386][0.862945,0.896623,0][-0.132921,-0.293616,-1.20039][0.085271,0.848353,-0.522519][0.857296,0.895306,0][-0.146232,-0.308515,-1.218][-0.0657307,0.550285,-0.832386][0.862839,0.868746,0][-0.150871,-0.327717,-1.22376][-0.143004,-0.0521096,-0.988349][0.859562,0.849214,0][-0.155986,-0.327702,-1.22175][-0.594084,-0.0503882,-0.802823][0.864528,0.84678,0][-0.151242,-0.308061,-1.21586][-0.46289,0.609808,-0.643325][0.868577,0.868262,0][-0.151242,-0.308061,-1.21586][-0.46289,0.609808,-0.643325][0.868577,0.868262,0][-0.146232,-0.308515,-1.218][-0.0657307,0.550285,-0.832386][0.862839,0.868746,0][-0.150871,-0.327717,-1.22376][-0.143004,-0.0521096,-0.988349][0.859562,0.849214,0][-0.150871,-0.327717,-1.22376][-0.143004,-0.0521096,-0.988349][0.859562,0.849214,0][-0.145594,-0.346077,-1.21611][-0.0455762,-0.632845,-0.772936][0.846367,0.834422,0][-0.150588,-0.346482,-1.21393][-0.440881,-0.686512,-0.578208][0.850302,0.830229,0][-0.150588,-0.346482,-1.21393][-0.440881,-0.686512,-0.578208][0.850302,0.830229,0][-0.155986,-0.327702,-1.22175][-0.594084,-0.0503882,-0.802823][0.864528,0.84678,0][-0.150871,-0.327717,-1.22376][-0.143004,-0.0521096,-0.988349][0.859562,0.849214,0][-0.145594,-0.346077,-1.21611][-0.0455762,-0.632845,-0.772936][0.846367,0.834422,0][-0.131815,-0.358676,-1.19712][0.107648,-0.870934,-0.479464][0.822063,0.821922,0][-0.136496,-0.359369,-1.1945][-0.233456,-0.927834,-0.290898][0.82479,0.81682,0][-0.136496,-0.359369,-1.1945][-0.233456,-0.927834,-0.290898][0.82479,0.81682,0][-0.150588,-0.346482,-1.21393][-0.440881,-0.686512,-0.578208][0.850302,0.830229,0][-0.145594,-0.346077,-1.21611][-0.0455762,-0.632845,-0.772936][0.846367,0.834422,0][-0.0803939,-0.339698,-1.13456][0.910763,-0.397102,-0.113227][0.727914,0.829998,0][-0.0815009,-0.340637,-1.12949][0.761724,-0.564313,0.31832][0.724148,0.826342,0][-0.0948109,-0.355535,-1.14711][0.63333,-0.756497,0.16311][0.749894,0.816266,0][-0.0948109,-0.355535,-1.14711][0.63333,-0.756497,0.16311][0.749894,0.816266,0][-0.0928739,-0.353667,-1.15108][0.78775,-0.566887,-0.241018][0.752462,0.820662,0][-0.0803939,-0.339698,-1.13456][0.910763,-0.397102,-0.113227][0.727914,0.829998,0][-0.0760449,-0.321693,-1.12917][0.998262,0.0140975,-0.0572214][0.71364,0.843221,0][-0.0768619,-0.321434,-1.12374][0.90379,0.0368195,0.42639][0.708694,0.840251,0][-0.0815009,-0.340637,-1.12949][0.761724,-0.564313,0.31832][0.724148,0.826342,0][-0.0815009,-0.340637,-1.12949][0.761724,-0.564313,0.31832][0.724148,0.826342,0][-0.0803939,-0.339698,-1.13456][0.910763,-0.397102,-0.113227][0.727914,0.829998,0][-0.0760449,-0.321693,-1.12917][0.998262,0.0140975,-0.0572214][0.71364,0.843221,0][-0.0760449,-0.321693,-1.12917][0.998262,0.0140975,-0.0572214][0.7865,0.974544,0][-0.0809929,-0.304479,-1.13633][0.89697,0.414398,-0.154011][0.804437,0.967264,0][-0.0821389,-0.303075,-1.13138][0.741685,0.618818,0.258783][0.806195,0.972215,0][-0.0821389,-0.303075,-1.13138][0.741685,0.618818,0.258783][0.806195,0.972215,0][-0.0768619,-0.321434,-1.12374][0.90379,0.0368195,0.42639][0.787084,0.980275,0][-0.0760449,-0.321693,-1.12917][0.998262,0.0140975,-0.0572214][0.7865,0.974544,0][-0.0809929,-0.304479,-1.13633][0.89697,0.414398,-0.154011][0.804437,0.967264,0][-0.0939109,-0.292665,-1.15414][0.727579,0.614089,-0.305816][0.822497,0.949272,0][-0.0959169,-0.290474,-1.15038][0.472661,0.881243,0.00108392][0.825556,0.953287,0][-0.0959169,-0.290474,-1.15038][0.472661,0.881243,0.00108392][0.825556,0.953287,0][-0.0821389,-0.303075,-1.13138][0.741685,0.618818,0.258783][0.806195,0.972215,0][-0.0809929,-0.304479,-1.13633][0.89697,0.414398,-0.154011][0.804437,0.967264,0][-0.0939109,-0.292665,-1.15414][0.727579,0.614089,-0.305816][0.822497,0.949272,0][-0.111339,-0.289419,-1.17782][0.579807,0.664989,-0.470759][0.839584,0.923293,0][-0.114505,-0.287012,-1.17563][0.256245,0.934182,-0.248278][0.843843,0.925622,0][-0.114505,-0.287012,-1.17563][0.256245,0.934182,-0.248278][0.843843,0.925622,0][-0.0959169,-0.290474,-1.15038][0.472661,0.881243,0.00108392][0.825556,0.953287,0][-0.0939109,-0.292665,-1.15414][0.727579,0.614089,-0.305816][0.822497,0.949272,0][-0.128607,-0.295609,-1.20103][0.46893,0.592224,-0.655267][0.852261,0.894899,0][-0.132921,-0.293616,-1.20039][0.085271,0.848353,-0.522519][0.857296,0.895306,0][-0.114505,-0.287012,-1.17563][0.256245,0.934182,-0.248278][0.843843,0.925622,0][-0.114505,-0.287012,-1.17563][0.256245,0.934182,-0.248278][0.843843,0.925622,0][-0.111339,-0.289419,-1.17782][0.579807,0.664989,-0.470759][0.839584,0.923293,0][-0.128607,-0.295609,-1.20103][0.46893,0.592224,-0.655267][0.852261,0.894899,0][-0.141087,-0.309579,-1.21755][0.385915,0.37106,-0.844621][0.857676,0.869921,0][-0.146232,-0.308515,-1.218][-0.0657307,0.550285,-0.832386][0.862839,0.868746,0][-0.132921,-0.293616,-1.20039][0.085271,0.848353,-0.522519][0.857296,0.895306,0][-0.132921,-0.293616,-1.20039][0.085271,0.848353,-0.522519][0.857296,0.895306,0][-0.128607,-0.295609,-1.20103][0.46893,0.592224,-0.655267][0.852261,0.894899,0][-0.141087,-0.309579,-1.21755][0.385915,0.37106,-0.844621][0.857676,0.869921,0][-0.145436,-0.327583,-1.22295][0.347443,-0.041133,-0.936798][0.854765,0.851525,0][-0.150871,-0.327717,-1.22376][-0.143004,-0.0521096,-0.988349][0.859562,0.849214,0][-0.146232,-0.308515,-1.218][-0.0657307,0.550285,-0.832386][0.862839,0.868746,0][-0.146232,-0.308515,-1.218][-0.0657307,0.550285,-0.832386][0.862839,0.868746,0][-0.141087,-0.309579,-1.21755][0.385915,0.37106,-0.844621][0.857676,0.869921,0][-0.145436,-0.327583,-1.22295][0.347443,-0.041133,-0.936798][0.854765,0.851525,0][-0.145436,-0.327583,-1.22295][0.347443,-0.041133,-0.936798][0.854765,0.851525,0][-0.140488,-0.344798,-1.21578][0.399736,-0.44049,-0.803853][0.842214,0.837708,0][-0.145594,-0.346077,-1.21611][-0.0455762,-0.632845,-0.772936][0.846367,0.834422,0][-0.145594,-0.346077,-1.21611][-0.0455762,-0.632845,-0.772936][0.846367,0.834422,0][-0.150871,-0.327717,-1.22376][-0.143004,-0.0521096,-0.988349][0.859562,0.849214,0][-0.145436,-0.327583,-1.22295][0.347443,-0.041133,-0.936798][0.854765,0.851525,0][-0.140488,-0.344798,-1.21578][0.399736,-0.44049,-0.803853][0.842214,0.837708,0][-0.127569,-0.356611,-1.19797][0.489928,-0.629957,-0.602598][0.819189,0.825936,0][-0.131815,-0.358676,-1.19712][0.107648,-0.870934,-0.479464][0.822063,0.821922,0][-0.131815,-0.358676,-1.19712][0.107648,-0.870934,-0.479464][0.822063,0.821922,0][-0.145594,-0.346077,-1.21611][-0.0455762,-0.632845,-0.772936][0.846367,0.834422,0][-0.140488,-0.344798,-1.21578][0.399736,-0.44049,-0.803853][0.842214,0.837708,0][-0.0928739,-0.353667,-1.15108][0.78775,-0.566887,-0.241018][0.752462,0.820662,0][-0.0933539,-0.35105,-1.15419][0.803697,-0.0725235,-0.590602][0.755147,0.8244,0][-0.0820089,-0.338352,-1.13918][0.823248,-0.0783862,-0.562244][0.732019,0.833027,0][-0.0820089,-0.338352,-1.13918][0.823248,-0.0783862,-0.562244][0.732019,0.833027,0][-0.0803939,-0.339698,-1.13456][0.910763,-0.397102,-0.113227][0.727914,0.829998,0][-0.0928739,-0.353667,-1.15108][0.78775,-0.566887,-0.241018][0.752462,0.820662,0][-0.0760449,-0.321693,-1.12917][0.998262,0.0140975,-0.0572214][0.71364,0.843221,0][-0.0803939,-0.339698,-1.13456][0.910763,-0.397102,-0.113227][0.727914,0.829998,0][-0.0820089,-0.338352,-1.13918][0.823248,-0.0783862,-0.562244][0.732019,0.833027,0][-0.0820089,-0.338352,-1.13918][0.823248,-0.0783862,-0.562244][0.732019,0.833027,0][-0.0780549,-0.321984,-1.13427][0.843071,-0.0126798,-0.537652][0.718893,0.84552,0][-0.0760449,-0.321693,-1.12917][0.998262,0.0140975,-0.0572214][0.71364,0.843221,0][-0.0809929,-0.304479,-1.13633][0.89697,0.414398,-0.154011][0.804437,0.967264,0][-0.0760449,-0.321693,-1.12917][0.998262,0.0140975,-0.0572214][0.7865,0.974544,0][-0.0780549,-0.321984,-1.13427][0.843071,-0.0126798,-0.537652][0.786661,0.968828,0][-0.0780549,-0.321984,-1.13427][0.843071,-0.0126798,-0.537652][0.786661,0.968828,0][-0.0825529,-0.306335,-1.14079][0.821057,0.0495276,-0.568693][0.803436,0.9623,0][-0.0809929,-0.304479,-1.13633][0.89697,0.414398,-0.154011][0.804437,0.967264,0][-0.0809929,-0.304479,-1.13633][0.89697,0.414398,-0.154011][0.804437,0.967264,0][-0.0825529,-0.306335,-1.14079][0.821057,0.0495276,-0.568693][0.803436,0.9623,0][-0.0942969,-0.295595,-1.15698][0.801783,0.0402376,-0.596259][0.820488,0.945482,0][-0.0942969,-0.295595,-1.15698][0.801783,0.0402376,-0.596259][0.820488,0.945482,0][-0.0939109,-0.292665,-1.15414][0.727579,0.614089,-0.305816][0.822497,0.949272,0][-0.0809929,-0.304479,-1.13633][0.89697,0.414398,-0.154011][0.804437,0.967264,0][-0.0939109,-0.292665,-1.15414][0.727579,0.614089,-0.305816][0.822497,0.949272,0][-0.0942969,-0.295595,-1.15698][0.801783,0.0402376,-0.596259][0.820488,0.945482,0][-0.110141,-0.292644,-1.17851][0.802859,0.0251504,-0.595638][0.836359,0.921522,0][-0.110141,-0.292644,-1.17851][0.802859,0.0251504,-0.595638][0.836359,0.921522,0][-0.111339,-0.289419,-1.17782][0.579807,0.664989,-0.470759][0.839584,0.923293,0][-0.0939109,-0.292665,-1.15414][0.727579,0.614089,-0.305816][0.822497,0.949272,0][-0.111339,-0.289419,-1.17782][0.579807,0.664989,-0.470759][0.839584,0.923293,0][-0.110141,-0.292644,-1.17851][0.802859,0.0251504,-0.595638][0.836359,0.921522,0][-0.125838,-0.298273,-1.19961][0.802262,0.0401891,-0.595618][0.847989,0.895237,0][-0.125838,-0.298273,-1.19961][0.802262,0.0401891,-0.595618][0.847989,0.895237,0][-0.128607,-0.295609,-1.20103][0.46893,0.592224,-0.655267][0.852261,0.894899,0][-0.111339,-0.289419,-1.17782][0.579807,0.664989,-0.470759][0.839584,0.923293,0][-0.128607,-0.295609,-1.20103][0.46893,0.592224,-0.655267][0.852261,0.894899,0][-0.125838,-0.298273,-1.19961][0.802262,0.0401891,-0.595618][0.847989,0.895237,0][-0.137184,-0.310971,-1.21462][0.781015,0.0461816,-0.622803][0.852914,0.871711,0][-0.137184,-0.310971,-1.21462][0.781015,0.0461816,-0.622803][0.852914,0.871711,0][-0.141087,-0.309579,-1.21755][0.385915,0.37106,-0.844621][0.857676,0.869921,0][-0.128607,-0.295609,-1.20103][0.46893,0.592224,-0.655267][0.852261,0.894899,0][-0.145436,-0.327583,-1.22295][0.347443,-0.041133,-0.936798][0.854765,0.851525,0][-0.141087,-0.309579,-1.21755][0.385915,0.37106,-0.844621][0.857676,0.869921,0][-0.137184,-0.310971,-1.21462][0.781015,0.0461816,-0.622803][0.852914,0.871711,0][-0.137184,-0.310971,-1.21462][0.781015,0.0461816,-0.622803][0.852914,0.871711,0][-0.141137,-0.327338,-1.21953][0.761599,-0.019572,-0.647753][0.849888,0.853857,0][-0.145436,-0.327583,-1.22295][0.347443,-0.041133,-0.936798][0.854765,0.851525,0][-0.140488,-0.344798,-1.21578][0.399736,-0.44049,-0.803853][0.842214,0.837708,0][-0.145436,-0.327583,-1.22295][0.347443,-0.041133,-0.936798][0.854765,0.851525,0][-0.141137,-0.327338,-1.21953][0.761599,-0.019572,-0.647753][0.849888,0.853857,0][-0.141137,-0.327338,-1.21953][0.761599,-0.019572,-0.647753][0.849888,0.853857,0][-0.136639,-0.342988,-1.21301][0.783159,-0.0818922,-0.616406][0.837813,0.840284,0][-0.140488,-0.344798,-1.21578][0.399736,-0.44049,-0.803853][0.842214,0.837708,0][-0.140488,-0.344798,-1.21578][0.399736,-0.44049,-0.803853][0.842214,0.837708,0][-0.136639,-0.342988,-1.21301][0.783159,-0.0818922,-0.616406][0.837813,0.840284,0][-0.124895,-0.353728,-1.19682][0.804145,-0.072564,-0.589987][0.816124,0.829166,0][-0.124895,-0.353728,-1.19682][0.804145,-0.072564,-0.589987][0.816124,0.829166,0][-0.127569,-0.356611,-1.19797][0.489928,-0.629957,-0.602598][0.819189,0.825936,0][-0.140488,-0.344798,-1.21578][0.399736,-0.44049,-0.803853][0.842214,0.837708,0][-0.127569,-0.356611,-1.19797][0.489928,-0.629957,-0.602598][0.819189,0.825936,0][-0.124895,-0.353728,-1.19682][0.804145,-0.072564,-0.589987][0.816124,0.829166,0][-0.109052,-0.356679,-1.17529][0.804272,-0.0575475,-0.591468][0.786321,0.821587,0][-0.109052,-0.356679,-1.17529][0.804272,-0.0575475,-0.591468][0.786321,0.821587,0][-0.110142,-0.359857,-1.17429][0.590581,-0.678584,-0.436735][0.786667,0.817449,0][-0.127569,-0.356611,-1.19797][0.489928,-0.629957,-0.602598][0.819189,0.825936,0][-0.110142,-0.359857,-1.17429][0.590581,-0.678584,-0.436735][0.786667,0.817449,0][-0.109052,-0.356679,-1.17529][0.804272,-0.0575475,-0.591468][0.786321,0.821587,0][-0.0933539,-0.35105,-1.15419][0.803697,-0.0725235,-0.590602][0.755147,0.8244,0][-0.0933539,-0.35105,-1.15419][0.803697,-0.0725235,-0.590602][0.755147,0.8244,0][-0.0928739,-0.353667,-1.15108][0.78775,-0.566887,-0.241018][0.752462,0.820662,0][-0.110142,-0.359857,-1.17429][0.590581,-0.678584,-0.436735][0.786667,0.817449,0][-0.0820089,-0.338352,-1.13918][0.823248,-0.0783862,-0.562244][0.732019,0.833027,0][-0.0933539,-0.35105,-1.15419][0.803697,-0.0725235,-0.590602][0.755147,0.8244,0][-0.0961229,-0.348389,-1.15562][0.50234,0.550708,-0.666615][0.757832,0.828142,0][-0.0961229,-0.348389,-1.15562][0.50234,0.550708,-0.666615][0.757832,0.828142,0][-0.0859119,-0.336959,-1.14211][0.454172,0.311271,-0.834768][0.736338,0.836203,0][-0.0820089,-0.338352,-1.13918][0.823248,-0.0783862,-0.562244][0.732019,0.833027,0][-0.0780549,-0.321984,-1.13427][0.843071,-0.0126798,-0.537652][0.718893,0.84552,0][-0.0820089,-0.338352,-1.13918][0.823248,-0.0783862,-0.562244][0.732019,0.833027,0][-0.0859119,-0.336959,-1.14211][0.454172,0.311271,-0.834768][0.736338,0.836203,0][-0.0859119,-0.336959,-1.14211][0.454172,0.311271,-0.834768][0.736338,0.836203,0][-0.0823529,-0.322228,-1.13769][0.45568,-0.0369518,-0.889376][0.724099,0.847743,0][-0.0780549,-0.321984,-1.13427][0.843071,-0.0126798,-0.537652][0.718893,0.84552,0][-0.0825529,-0.306335,-1.14079][0.821057,0.0495276,-0.568693][0.803436,0.9623,0][-0.0780549,-0.321984,-1.13427][0.843071,-0.0126798,-0.537652][0.786661,0.968828,0][-0.0823529,-0.322228,-1.13769][0.45568,-0.0369518,-0.889376][0.786883,0.963184,0][-0.0823529,-0.322228,-1.13769][0.45568,-0.0369518,-0.889376][0.786883,0.963184,0][-0.0864019,-0.308143,-1.14355][0.465829,-0.377835,-0.800152][0.802435,0.957094,0][-0.0825529,-0.306335,-1.14079][0.821057,0.0495276,-0.568693][0.803436,0.9623,0][-0.0942969,-0.295595,-1.15698][0.801783,0.0402376,-0.596259][0.820488,0.945482,0][-0.0825529,-0.306335,-1.14079][0.821057,0.0495276,-0.568693][0.803436,0.9623,0][-0.0864019,-0.308143,-1.14355][0.465829,-0.377835,-0.800152][0.802435,0.957094,0][-0.0864019,-0.308143,-1.14355][0.465829,-0.377835,-0.800152][0.802435,0.957094,0][-0.0969709,-0.298479,-1.15813][0.521854,-0.597338,-0.608979][0.818493,0.941634,0][-0.0942969,-0.295595,-1.15698][0.801783,0.0402376,-0.596259][0.820488,0.945482,0][-0.110141,-0.292644,-1.17851][0.802859,0.0251504,-0.595638][0.836359,0.921522,0][-0.0942969,-0.295595,-1.15698][0.801783,0.0402376,-0.596259][0.820488,0.945482,0][-0.0969709,-0.298479,-1.15813][0.521854,-0.597338,-0.608979][0.818493,0.941634,0][-0.0969709,-0.298479,-1.15813][0.521854,-0.597338,-0.608979][0.818493,0.941634,0][-0.11123,-0.295822,-1.1775][0.626666,-0.654776,-0.422562][0.833134,0.919751,0][-0.110141,-0.292644,-1.17851][0.802859,0.0251504,-0.595638][0.836359,0.921522,0][-0.125838,-0.298273,-1.19961][0.802262,0.0401891,-0.595618][0.847989,0.895237,0][-0.110141,-0.292644,-1.17851][0.802859,0.0251504,-0.595638][0.836359,0.921522,0][-0.11123,-0.295822,-1.1775][0.626666,-0.654776,-0.422562][0.833134,0.919751,0][-0.11123,-0.295822,-1.1775][0.626666,-0.654776,-0.422562][0.833134,0.919751,0][-0.125358,-0.300888,-1.19649][0.770178,-0.576302,-0.273317][0.84367,0.89562,0][-0.125838,-0.298273,-1.19961][0.802262,0.0401891,-0.595618][0.847989,0.895237,0][-0.137184,-0.310971,-1.21462][0.781015,0.0461816,-0.622803][0.852914,0.871711,0][-0.125838,-0.298273,-1.19961][0.802262,0.0401891,-0.595618][0.847989,0.895237,0][-0.125358,-0.300888,-1.19649][0.770178,-0.576302,-0.273317][0.84367,0.89562,0][-0.125358,-0.300888,-1.19649][0.770178,-0.576302,-0.273317][0.84367,0.89562,0][-0.135569,-0.312317,-1.21][0.922935,-0.338996,-0.182407][0.847973,0.873643,0][-0.137184,-0.310971,-1.21462][0.781015,0.0461816,-0.622803][0.852914,0.871711,0][-0.141137,-0.327338,-1.21953][0.761599,-0.019572,-0.647753][0.849888,0.853857,0][-0.137184,-0.310971,-1.21462][0.781015,0.0461816,-0.622803][0.852914,0.871711,0][-0.135569,-0.312317,-1.21][0.922935,-0.338996,-0.182407][0.847973,0.873643,0][-0.135569,-0.312317,-1.21][0.922935,-0.338996,-0.182407][0.847973,0.873643,0][-0.139127,-0.327048,-1.21442][0.984624,0.00800778,-0.174505][0.844666,0.856351,0][-0.141137,-0.327338,-1.21953][0.761599,-0.019572,-0.647753][0.849888,0.853857,0][-0.136639,-0.342988,-1.21301][0.783159,-0.0818922,-0.616406][0.837813,0.840284,0][-0.141137,-0.327338,-1.21953][0.761599,-0.019572,-0.647753][0.849888,0.853857,0][-0.139127,-0.327048,-1.21442][0.984624,0.00800778,-0.174505][0.844666,0.856351,0][-0.139127,-0.327048,-1.21442][0.984624,0.00800778,-0.174505][0.844666,0.856351,0][-0.135079,-0.341133,-1.20856][0.911217,0.350148,-0.216981][0.83318,0.842931,0][-0.136639,-0.342988,-1.21301][0.783159,-0.0818922,-0.616406][0.837813,0.840284,0][-0.124895,-0.353728,-1.19682][0.804145,-0.072564,-0.589987][0.816124,0.829166,0][-0.136639,-0.342988,-1.21301][0.783159,-0.0818922,-0.616406][0.837813,0.840284,0][-0.135079,-0.341133,-1.20856][0.911217,0.350148,-0.216981][0.83318,0.842931,0][-0.135079,-0.341133,-1.20856][0.911217,0.350148,-0.216981][0.83318,0.842931,0][-0.12451,-0.350798,-1.19399][0.750692,0.571758,-0.33099][0.813035,0.83241,0][-0.124895,-0.353728,-1.19682][0.804145,-0.072564,-0.589987][0.816124,0.829166,0][-0.109052,-0.356679,-1.17529][0.804272,-0.0575475,-0.591468][0.786321,0.821587,0][-0.124895,-0.353728,-1.19682][0.804145,-0.072564,-0.589987][0.816124,0.829166,0][-0.12451,-0.350798,-1.19399][0.750692,0.571758,-0.33099][0.813035,0.83241,0][-0.12451,-0.350798,-1.19399][0.750692,0.571758,-0.33099][0.813035,0.83241,0][-0.11025,-0.353454,-1.17461][0.60478,0.630076,-0.487078][0.785991,0.825658,0][-0.109052,-0.356679,-1.17529][0.804272,-0.0575475,-0.591468][0.786321,0.821587,0][-0.0933539,-0.35105,-1.15419][0.803697,-0.0725235,-0.590602][0.755147,0.8244,0][-0.109052,-0.356679,-1.17529][0.804272,-0.0575475,-0.591468][0.786321,0.821587,0][-0.11025,-0.353454,-1.17461][0.60478,0.630076,-0.487078][0.785991,0.825658,0][-0.11025,-0.353454,-1.17461][0.60478,0.630076,-0.487078][0.785991,0.825658,0][-0.0961229,-0.348389,-1.15562][0.50234,0.550708,-0.666615][0.757832,0.828142,0][-0.0933539,-0.35105,-1.15419][0.803697,-0.0725235,-0.590602][0.755147,0.8244,0][-0.0859119,-0.336959,-1.14211][0.454172,0.311271,-0.834768][0.736338,0.836203,0][-0.0961229,-0.348389,-1.15562][0.50234,0.550708,-0.666615][0.757832,0.828142,0][-0.100438,-0.346394,-1.15497][0.104748,0.849686,-0.51678][0.760214,0.832975,0][-0.100438,-0.346394,-1.15497][0.104748,0.849686,-0.51678][0.760214,0.832975,0][-0.0910569,-0.335894,-1.14256][-0.0274485,0.559315,-0.828501][0.740497,0.840303,0][-0.0859119,-0.336959,-1.14211][0.454172,0.311271,-0.834768][0.736338,0.836203,0][-0.0823529,-0.322228,-1.13769][0.45568,-0.0369518,-0.889376][0.724099,0.847743,0][-0.0859119,-0.336959,-1.14211][0.454172,0.311271,-0.834768][0.736338,0.836203,0][-0.0910569,-0.335894,-1.14256][-0.0274485,0.559315,-0.828501][0.740497,0.840303,0][-0.0910569,-0.335894,-1.14256][-0.0274485,0.559315,-0.828501][0.740497,0.840303,0][-0.0877879,-0.322362,-1.1385][-0.075721,-0.051263,-0.99581][0.728916,0.850569,0][-0.0823529,-0.322228,-1.13769][0.45568,-0.0369518,-0.889376][0.724099,0.847743,0][-0.0864019,-0.308143,-1.14355][0.465829,-0.377835,-0.800152][0.802435,0.957094,0][-0.0823529,-0.322228,-1.13769][0.45568,-0.0369518,-0.889376][0.786883,0.963184,0][-0.0877879,-0.322362,-1.1385][-0.075721,-0.051263,-0.99581][0.786411,0.957638,0][-0.0877879,-0.322362,-1.1385][-0.075721,-0.051263,-0.99581][0.786411,0.957638,0][-0.0915069,-0.309422,-1.14389][-0.00696447,-0.640112,-0.76825][0.800575,0.951635,0][-0.0864019,-0.308143,-1.14355][0.465829,-0.377835,-0.800152][0.802435,0.957094,0][-0.0969709,-0.298479,-1.15813][0.521854,-0.597338,-0.608979][0.818493,0.941634,0][-0.0864019,-0.308143,-1.14355][0.465829,-0.377835,-0.800152][0.802435,0.957094,0][-0.0915069,-0.309422,-1.14389][-0.00696447,-0.640112,-0.76825][0.800575,0.951635,0][-0.0915069,-0.309422,-1.14389][-0.00696447,-0.640112,-0.76825][0.800575,0.951635,0][-0.101217,-0.300544,-1.15728][0.134332,-0.893165,-0.429198][0.815439,0.9375,0][-0.0969709,-0.298479,-1.15813][0.521854,-0.597338,-0.608979][0.818493,0.941634,0][-0.101217,-0.300544,-1.15728][0.134332,-0.893165,-0.429198][0.815439,0.9375,0][-0.114316,-0.298104,-1.17508][0.298282,-0.940691,-0.161641][0.828878,0.91742,0][-0.11123,-0.295822,-1.1775][0.626666,-0.654776,-0.422562][0.833134,0.919751,0][-0.11123,-0.295822,-1.1775][0.626666,-0.654776,-0.422562][0.833134,0.919751,0][-0.0969709,-0.298479,-1.15813][0.521854,-0.597338,-0.608979][0.818493,0.941634,0][-0.101217,-0.300544,-1.15728][0.134332,-0.893165,-0.429198][0.815439,0.9375,0][-0.127295,-0.302757,-1.19252][0.502462,-0.8619,0.0682674][0.838539,0.895275,0][-0.125358,-0.300888,-1.19649][0.770178,-0.576302,-0.273317][0.84367,0.89562,0][-0.11123,-0.295822,-1.1775][0.626666,-0.654776,-0.422562][0.833134,0.919751,0][-0.11123,-0.295822,-1.1775][0.626666,-0.654776,-0.422562][0.833134,0.919751,0][-0.114316,-0.298104,-1.17508][0.298282,-0.940691,-0.161641][0.828878,0.91742,0][-0.127295,-0.302757,-1.19252][0.502462,-0.8619,0.0682674][0.838539,0.895275,0][-0.135569,-0.312317,-1.21][0.922935,-0.338996,-0.182407][0.847973,0.873643,0][-0.125358,-0.300888,-1.19649][0.770178,-0.576302,-0.273317][0.84367,0.89562,0][-0.127295,-0.302757,-1.19252][0.502462,-0.8619,0.0682674][0.838539,0.895275,0][-0.127295,-0.302757,-1.19252][0.502462,-0.8619,0.0682674][0.838539,0.895275,0][-0.136676,-0.313256,-1.20493][0.769058,-0.574259,0.280672][0.842395,0.875044,0][-0.135569,-0.312317,-1.21][0.922935,-0.338996,-0.182407][0.847973,0.873643,0][-0.139127,-0.327048,-1.21442][0.984624,0.00800778,-0.174505][0.844666,0.856351,0][-0.135569,-0.312317,-1.21][0.922935,-0.338996,-0.182407][0.847973,0.873643,0][-0.136676,-0.313256,-1.20493][0.769058,-0.574259,0.280672][0.842395,0.875044,0][-0.136676,-0.313256,-1.20493][0.769058,-0.574259,0.280672][0.842395,0.875044,0][-0.139944,-0.326789,-1.20899][0.930638,0.0341204,0.364346][0.83912,0.858996,0][-0.139127,-0.327048,-1.21442][0.984624,0.00800778,-0.174505][0.844666,0.856351,0][-0.135079,-0.341133,-1.20856][0.911217,0.350148,-0.216981][0.83318,0.842931,0][-0.139127,-0.327048,-1.21442][0.984624,0.00800778,-0.174505][0.844666,0.856351,0][-0.139944,-0.326789,-1.20899][0.930638,0.0341204,0.364346][0.83912,0.858996,0][-0.139944,-0.326789,-1.20899][0.930638,0.0341204,0.364346][0.83912,0.858996,0][-0.136226,-0.339728,-1.2036][0.748669,0.625211,0.220466][0.828566,0.846431,0][-0.135079,-0.341133,-1.20856][0.911217,0.350148,-0.216981][0.83318,0.842931,0][-0.12451,-0.350798,-1.19399][0.750692,0.571758,-0.33099][0.813035,0.83241,0][-0.135079,-0.341133,-1.20856][0.911217,0.350148,-0.216981][0.83318,0.842931,0][-0.136226,-0.339728,-1.2036][0.748669,0.625211,0.220466][0.828566,0.846431,0][-0.136226,-0.339728,-1.2036][0.748669,0.625211,0.220466][0.828566,0.846431,0][-0.126516,-0.348607,-1.19022][0.472825,0.880946,-0.0192676][0.810065,0.836777,0][-0.12451,-0.350798,-1.19399][0.750692,0.571758,-0.33099][0.813035,0.83241,0][-0.126516,-0.348607,-1.19022][0.472825,0.880946,-0.0192676][0.810065,0.836777,0][-0.113416,-0.351047,-1.17242][0.266419,0.929378,-0.255493][0.785578,0.830927,0][-0.11025,-0.353454,-1.17461][0.60478,0.630076,-0.487078][0.785991,0.825658,0][-0.11025,-0.353454,-1.17461][0.60478,0.630076,-0.487078][0.785991,0.825658,0][-0.12451,-0.350798,-1.19399][0.750692,0.571758,-0.33099][0.813035,0.83241,0][-0.126516,-0.348607,-1.19022][0.472825,0.880946,-0.0192676][0.810065,0.836777,0][-0.100438,-0.346394,-1.15497][0.104748,0.849686,-0.51678][0.760214,0.832975,0][-0.0961229,-0.348389,-1.15562][0.50234,0.550708,-0.666615][0.757832,0.828142,0][-0.11025,-0.353454,-1.17461][0.60478,0.630076,-0.487078][0.785991,0.825658,0][-0.11025,-0.353454,-1.17461][0.60478,0.630076,-0.487078][0.785991,0.825658,0][-0.113416,-0.351047,-1.17242][0.266419,0.929378,-0.255493][0.785578,0.830927,0][-0.100438,-0.346394,-1.15497][0.104748,0.849686,-0.51678][0.760214,0.832975,0][-0.100438,-0.346394,-1.15497][0.104748,0.849686,-0.51678][0.760214,0.832975,0][-0.105143,-0.345601,-1.15243][-0.215379,0.923734,-0.316745][0.761914,0.838693,0][-0.0960669,-0.335442,-1.14042][-0.449739,0.636874,-0.626199][0.743946,0.845133,0][-0.0960669,-0.335442,-1.14042][-0.449739,0.636874,-0.626199][0.743946,0.845133,0][-0.0910569,-0.335894,-1.14256][-0.0274485,0.559315,-0.828501][0.740497,0.840303,0][-0.100438,-0.346394,-1.15497][0.104748,0.849686,-0.51678][0.760214,0.832975,0][-0.0877879,-0.322362,-1.1385][-0.075721,-0.051263,-0.99581][0.728916,0.850569,0][-0.0910569,-0.335894,-1.14256][-0.0274485,0.559315,-0.828501][0.740497,0.840303,0][-0.0960669,-0.335442,-1.14042][-0.449739,0.636874,-0.626199][0.743946,0.845133,0][-0.0960669,-0.335442,-1.14042][-0.449739,0.636874,-0.626199][0.743946,0.845133,0][-0.0929039,-0.322348,-1.13649][-0.594016,-0.0504018,-0.802873][0.732982,0.854367,0][-0.0877879,-0.322362,-1.1385][-0.075721,-0.051263,-0.99581][0.728916,0.850569,0][-0.0915069,-0.309422,-1.14389][-0.00696447,-0.640112,-0.76825][0.800575,0.951635,0][-0.0877879,-0.322362,-1.1385][-0.075721,-0.051263,-0.99581][0.786411,0.957638,0][-0.0929039,-0.322348,-1.13649][-0.594016,-0.0504018,-0.802873][0.784751,0.952355,0][-0.0929039,-0.322348,-1.13649][-0.594016,-0.0504018,-0.802873][0.784751,0.952355,0][-0.0965019,-0.309828,-1.1417][-0.426819,-0.711232,-0.558547][0.797751,0.946494,0][-0.0915069,-0.309422,-1.14389][-0.00696447,-0.640112,-0.76825][0.800575,0.951635,0][-0.0915069,-0.309422,-1.14389][-0.00696447,-0.640112,-0.76825][0.800575,0.951635,0][-0.0965019,-0.309828,-1.1417][-0.426819,-0.711232,-0.558547][0.797751,0.946494,0][-0.105897,-0.301236,-1.15466][-0.183473,-0.957585,-0.222191][0.811307,0.933469,0][-0.105897,-0.301236,-1.15466][-0.183473,-0.957585,-0.222191][0.811307,0.933469,0][-0.101217,-0.300544,-1.15728][0.134332,-0.893165,-0.429198][0.815439,0.9375,0][-0.0915069,-0.309422,-1.14389][-0.00696447,-0.640112,-0.76825][0.800575,0.951635,0][-0.105897,-0.301236,-1.15466][-0.183473,-0.957585,-0.222191][0.811307,0.933469,0][-0.118572,-0.298876,-1.17188][0.0170312,-0.998598,0.0501239][0.8238,0.914647,0][-0.114316,-0.298104,-1.17508][0.298282,-0.940691,-0.161641][0.828878,0.91742,0][-0.114316,-0.298104,-1.17508][0.298282,-0.940691,-0.161641][0.828878,0.91742,0][-0.101217,-0.300544,-1.15728][0.134332,-0.893165,-0.429198][0.815439,0.9375,0][-0.105897,-0.301236,-1.15466][-0.183473,-0.957585,-0.222191][0.811307,0.933469,0][-0.13113,-0.303378,-1.18876][0.21544,-0.923731,0.316711][0.832918,0.893993,0][-0.127295,-0.302757,-1.19252][0.502462,-0.8619,0.0682674][0.838539,0.895275,0][-0.114316,-0.298104,-1.17508][0.298282,-0.940691,-0.161641][0.828878,0.91742,0][-0.114316,-0.298104,-1.17508][0.298282,-0.940691,-0.161641][0.828878,0.91742,0][-0.118572,-0.298876,-1.17188][0.0170312,-0.998598,0.0501239][0.8238,0.914647,0][-0.13113,-0.303378,-1.18876][0.21544,-0.923731,0.316711][0.832918,0.893993,0][-0.127295,-0.302757,-1.19252][0.502462,-0.8619,0.0682674][0.838539,0.895275,0][-0.13113,-0.303378,-1.18876][0.21544,-0.923731,0.316711][0.832918,0.893993,0][-0.140207,-0.313538,-1.20077][0.44976,-0.63685,0.626209][0.836502,0.875599,0][-0.140207,-0.313538,-1.20077][0.44976,-0.63685,0.626209][0.836502,0.875599,0][-0.136676,-0.313256,-1.20493][0.769058,-0.574259,0.280672][0.842395,0.875044,0][-0.127295,-0.302757,-1.19252][0.502462,-0.8619,0.0682674][0.838539,0.895275,0][-0.139944,-0.326789,-1.20899][0.930638,0.0341204,0.364346][0.83912,0.858996,0][-0.136676,-0.313256,-1.20493][0.769058,-0.574259,0.280672][0.842395,0.875044,0][-0.140207,-0.313538,-1.20077][0.44976,-0.63685,0.626209][0.836502,0.875599,0][-0.140207,-0.313538,-1.20077][0.44976,-0.63685,0.626209][0.836502,0.875599,0][-0.14337,-0.326632,-1.2047][0.593983,0.0504626,0.802893][0.833834,0.861566,0][-0.139944,-0.326789,-1.20899][0.930638,0.0341204,0.364346][0.83912,0.858996,0][-0.136226,-0.339728,-1.2036][0.748669,0.625211,0.220466][0.828566,0.846431,0][-0.139944,-0.326789,-1.20899][0.930638,0.0341204,0.364346][0.83912,0.858996,0][-0.14337,-0.326632,-1.2047][0.593983,0.0504626,0.802893][0.833834,0.861566,0][-0.14337,-0.326632,-1.2047][0.593983,0.0504626,0.802893][0.833834,0.861566,0][-0.139771,-0.339151,-1.19948][0.42687,0.711268,0.558462][0.824464,0.850756,0][-0.136226,-0.339728,-1.2036][0.748669,0.625211,0.220466][0.828566,0.846431,0][-0.136226,-0.339728,-1.2036][0.748669,0.625211,0.220466][0.828566,0.846431,0][-0.139771,-0.339151,-1.19948][0.42687,0.711268,0.558462][0.824464,0.850756,0][-0.130376,-0.347743,-1.18653][0.183372,0.957586,0.222271][0.807617,0.842131,0][-0.130376,-0.347743,-1.18653][0.183372,0.957586,0.222271][0.807617,0.842131,0][-0.126516,-0.348607,-1.19022][0.472825,0.880946,-0.0192676][0.810065,0.836777,0][-0.136226,-0.339728,-1.2036][0.748669,0.625211,0.220466][0.828566,0.846431,0][-0.130376,-0.347743,-1.18653][0.183372,0.957586,0.222271][0.807617,0.842131,0][-0.117701,-0.350104,-1.16931][-0.0169479,0.998596,-0.0501822][0.785119,0.837025,0][-0.113416,-0.351047,-1.17242][0.266419,0.929378,-0.255493][0.785578,0.830927,0][-0.113416,-0.351047,-1.17242][0.266419,0.929378,-0.255493][0.785578,0.830927,0][-0.126516,-0.348607,-1.19022][0.472825,0.880946,-0.0192676][0.810065,0.836777,0][-0.130376,-0.347743,-1.18653][0.183372,0.957586,0.222271][0.807617,0.842131,0][-0.105143,-0.345601,-1.15243][-0.215379,0.923734,-0.316745][0.761914,0.838693,0][-0.100438,-0.346394,-1.15497][0.104748,0.849686,-0.51678][0.760214,0.832975,0][-0.113416,-0.351047,-1.17242][0.266419,0.929378,-0.255493][0.785578,0.830927,0][-0.113416,-0.351047,-1.17242][0.266419,0.929378,-0.255493][0.785578,0.830927,0][-0.117701,-0.350104,-1.16931][-0.0169479,0.998596,-0.0501822][0.785119,0.837025,0][-0.105143,-0.345601,-1.15243][-0.215379,0.923734,-0.316745][0.761914,0.838693,0][-0.142362,-0.356314,-1.18704][-0.741307,-0.59944,0.301888][0.933104,0.562374,0][-0.123749,-0.363537,-1.17108][-0.81365,-0.317378,0.487078][0.908803,0.577596,0][-0.117982,-0.363001,-1.16235][-0.725535,-0.354697,0.589736][0.895709,0.577986,0][-0.117982,-0.363001,-1.16235][-0.725535,-0.354697,0.589736][0.895709,0.577986,0][-0.124934,-0.35956,-1.16336][-0.608419,-0.654445,0.448919][0.901105,0.570445,0][-0.142362,-0.356314,-1.18704][-0.741307,-0.59944,0.301888][0.933104,0.562374,0][-0.107667,-0.353369,-1.14015][-0.470917,-0.559337,0.682187][0.867495,0.566856,0][-0.124934,-0.35956,-1.16336][-0.608419,-0.654445,0.448919][0.901105,0.570445,0][-0.117982,-0.363001,-1.16235][-0.725535,-0.354697,0.589736][0.895709,0.577986,0][-0.117982,-0.363001,-1.16235][-0.725535,-0.354697,0.589736][0.895709,0.577986,0][-0.111322,-0.362482,-1.15429][-0.683249,-0.284184,0.672614][0.882761,0.578765,0][-0.107667,-0.353369,-1.14015][-0.470917,-0.559337,0.682187][0.867495,0.566856,0][-0.127569,-0.356611,-1.19797][0.489928,-0.629957,-0.602598][0.819189,0.825936,0][-0.110142,-0.359857,-1.17429][0.590581,-0.678584,-0.436735][0.786667,0.817449,0][-0.11131,-0.363135,-1.16728][0.767358,-0.384687,-0.513008][0.781246,0.809722,0][-0.11131,-0.363135,-1.16728][0.767358,-0.384687,-0.513008][0.781246,0.809722,0][-0.11797,-0.363653,-1.17535][0.694774,-0.347388,-0.629771][0.794504,0.810232,0][-0.127569,-0.356611,-1.19797][0.489928,-0.629957,-0.602598][0.819189,0.825936,0][-0.0928739,-0.353667,-1.15108][0.78775,-0.566887,-0.241018][0.752462,0.820662,0][-0.105543,-0.362598,-1.15855][0.831885,-0.317529,-0.45513][0.768084,0.808766,0][-0.11131,-0.363135,-1.16728][0.767358,-0.384687,-0.513008][0.781246,0.809722,0][-0.11131,-0.363135,-1.16728][0.767358,-0.384687,-0.513008][0.781246,0.809722,0][-0.110142,-0.359857,-1.17429][0.590581,-0.678584,-0.436735][0.786667,0.817449,0][-0.0928739,-0.353667,-1.15108][0.78775,-0.566887,-0.241018][0.752462,0.820662,0][-0.103352,-0.355364,-1.1408][-0.0673257,-0.770243,0.634187][0.864927,0.571085,0][-0.107667,-0.353369,-1.14015][-0.470917,-0.559337,0.682187][0.867495,0.566856,0][-0.111322,-0.362482,-1.15429][-0.683249,-0.284184,0.672614][0.882761,0.578765,0][-0.111322,-0.362482,-1.15429][-0.683249,-0.284184,0.672614][0.882761,0.578765,0][-0.105552,-0.362121,-1.14904][-0.441873,-0.351362,0.825405][0.873451,0.579313,0][-0.103352,-0.355364,-1.1408][-0.0673257,-0.770243,0.634187][0.864927,0.571085,0][-0.142362,-0.356314,-1.18704][-0.741307,-0.59944,0.301888][0.933104,0.562374,0][-0.140356,-0.358505,-1.19081][-0.513934,-0.857367,-0.0281594][0.935926,0.566322,0][-0.127076,-0.363948,-1.17813][-0.828929,-0.510498,0.228622][0.918284,0.577192,0][-0.127076,-0.363948,-1.17813][-0.828929,-0.510498,0.228622][0.918284,0.577192,0][-0.123749,-0.363537,-1.17108][-0.81365,-0.317378,0.487078][0.908803,0.577596,0][-0.142362,-0.356314,-1.18704][-0.741307,-0.59944,0.301888][0.933104,0.562374,0][-0.0986459,-0.356157,-1.14335][0.335441,-0.791458,0.510954][0.862314,0.57605,0][-0.103352,-0.355364,-1.1408][-0.0673257,-0.770243,0.634187][0.864927,0.571085,0][-0.105552,-0.362121,-1.14904][-0.441873,-0.351362,0.825405][0.873451,0.579313,0][-0.105552,-0.362121,-1.14904][-0.441873,-0.351362,0.825405][0.873451,0.579313,0][-0.102219,-0.362013,-1.14802][0.381998,-0.603544,0.699866][0.869619,0.580025,0][-0.0986459,-0.356157,-1.14335][0.335441,-0.791458,0.510954][0.862314,0.57605,0][-0.136496,-0.359369,-1.1945][-0.233456,-0.927834,-0.290898][0.938575,0.571309,0][-0.127073,-0.364123,-1.18161][-0.329316,-0.844277,-0.422785][0.922309,0.577876,0][-0.127076,-0.363948,-1.17813][-0.828929,-0.510498,0.228622][0.918284,0.577192,0][-0.127076,-0.363948,-1.17813][-0.828929,-0.510498,0.228622][0.918284,0.577192,0][-0.140356,-0.358505,-1.19081][-0.513934,-0.857367,-0.0281594][0.935926,0.566322,0][-0.136496,-0.359369,-1.1945][-0.233456,-0.927834,-0.290898][0.938575,0.571309,0][-0.0948109,-0.355535,-1.14711][0.63333,-0.756497,0.16311][0.749894,0.816266,0][-0.0986459,-0.356157,-1.14335][0.335441,-0.791458,0.510954][0.747343,0.811157,0][-0.102219,-0.362013,-1.14802][0.381998,-0.603544,0.699866][0.754807,0.807343,0][-0.102219,-0.362013,-1.14802][0.381998,-0.603544,0.699866][0.754807,0.807343,0][-0.102216,-0.362188,-1.1515][0.881744,-0.439781,-0.170645][0.75868,0.808106,0][-0.0948109,-0.355535,-1.14711][0.63333,-0.756497,0.16311][0.749894,0.816266,0][-0.12374,-0.364015,-1.18059][0.463876,-0.508344,-0.725538][0.804155,0.810733,0][-0.127073,-0.364123,-1.18161][-0.329316,-0.844277,-0.422785][0.808277,0.810089,0][-0.136496,-0.359369,-1.1945][-0.233456,-0.927834,-0.290898][0.82479,0.81682,0][-0.136496,-0.359369,-1.1945][-0.233456,-0.927834,-0.290898][0.82479,0.81682,0][-0.131815,-0.358676,-1.19712][0.107648,-0.870934,-0.479464][0.822063,0.821922,0][-0.12374,-0.364015,-1.18059][0.463876,-0.508344,-0.725538][0.804155,0.810733,0][-0.0928739,-0.353667,-1.15108][0.78775,-0.566887,-0.241018][0.752462,0.820662,0][-0.0948109,-0.355535,-1.14711][0.63333,-0.756497,0.16311][0.749894,0.816266,0][-0.102216,-0.362188,-1.1515][0.881744,-0.439781,-0.170645][0.75868,0.808106,0][-0.102216,-0.362188,-1.1515][0.881744,-0.439781,-0.170645][0.75868,0.808106,0][-0.105543,-0.362598,-1.15855][0.831885,-0.317529,-0.45513][0.768084,0.808766,0][-0.0928739,-0.353667,-1.15108][0.78775,-0.566887,-0.241018][0.752462,0.820662,0][-0.11797,-0.363653,-1.17535][0.694774,-0.347388,-0.629771][0.794504,0.810232,0][-0.12374,-0.364015,-1.18059][0.463876,-0.508344,-0.725538][0.804155,0.810733,0][-0.131815,-0.358676,-1.19712][0.107648,-0.870934,-0.479464][0.822063,0.821922,0][-0.131815,-0.358676,-1.19712][0.107648,-0.870934,-0.479464][0.822063,0.821922,0][-0.127569,-0.356611,-1.19797][0.489928,-0.629957,-0.602598][0.819189,0.825936,0][-0.11797,-0.363653,-1.17535][0.694774,-0.347388,-0.629771][0.794504,0.810232,0][-0.103462,-0.423513,-1.15735][0.890915,-0.218951,0.397907][0.771718,0.738779,0][-0.100971,-0.570034,-1.14999][0.571575,0.791793,0.215329][0.780649,0.568105,0][-0.100119,-0.570305,-1.15565][0.62046,0.77638,-0.110736][0.787176,0.568269,0][-0.100119,-0.570305,-1.15565][0.62046,0.77638,-0.110736][0.787176,0.568269,0][-0.10261,-0.423783,-1.16301][0.965344,-0.24244,-0.0966099][0.778039,0.739245,0][-0.103462,-0.423513,-1.15735][0.890915,-0.218951,0.397907][0.771718,0.738779,0][-0.10261,-0.423783,-1.16301][0.965344,-0.24244,-0.0966099][0.778039,0.739245,0][-0.100119,-0.570305,-1.15565][0.62046,0.77638,-0.110736][0.787176,0.568269,0][-0.102215,-0.570608,-1.16098][0.49979,0.758947,-0.417384][0.793752,0.568599,0][-0.102215,-0.570608,-1.16098][0.49979,0.758947,-0.417384][0.793752,0.568599,0][-0.104706,-0.424086,-1.16834][0.782272,-0.268903,-0.561909][0.784391,0.739479,0][-0.10261,-0.423783,-1.16301][0.965344,-0.24244,-0.0966099][0.778039,0.739245,0][-0.104706,-0.424086,-1.16834][0.782272,-0.268903,-0.561909][0.784391,0.739479,0][-0.102215,-0.570608,-1.16098][0.49979,0.758947,-0.417384][0.793752,0.568599,0][-0.106697,-0.570863,-1.16455][0.241653,0.744203,-0.622708][0.800266,0.569037,0][-0.106697,-0.570863,-1.16455][0.241653,0.744203,-0.622708][0.800266,0.569037,0][-0.109188,-0.424341,-1.1719][0.390704,-0.291183,-0.873248][0.790766,0.739882,0][-0.104706,-0.424086,-1.16834][0.782272,-0.268903,-0.561909][0.784391,0.739479,0][-0.109188,-0.424341,-1.1719][0.390704,-0.291183,-0.873248][0.790766,0.739882,0][-0.106697,-0.570863,-1.16455][0.241653,0.744203,-0.622708][0.800266,0.569037,0][-0.112365,-0.571002,-1.16539][-0.0847182,0.73619,-0.671452][0.806772,0.569677,0][-0.112365,-0.571002,-1.16539][-0.0847182,0.73619,-0.671452][0.806772,0.569677,0][-0.114856,-0.42448,-1.17275][-0.104382,-0.303271,-0.94717][0.797036,0.7403,0][-0.109188,-0.424341,-1.1719][0.390704,-0.291183,-0.873248][0.790766,0.739882,0][-0.114856,-0.42448,-1.17275][-0.104382,-0.303271,-0.94717][0.797036,0.7403,0][-0.112365,-0.571002,-1.16539][-0.0847182,0.73619,-0.671452][0.806772,0.569677,0][-0.117699,-0.570987,-1.16329][-0.391989,0.737008,-0.550603][0.813188,0.57046,0][-0.117699,-0.570987,-1.16329][-0.391989,0.737008,-0.550603][0.813188,0.57046,0][-0.12019,-0.424465,-1.17065][-0.570355,-0.302104,-0.763825][0.803463,0.740451,0][-0.114856,-0.42448,-1.17275][-0.104382,-0.303271,-0.94717][0.797036,0.7403,0][-0.12019,-0.424465,-1.17065][-0.570355,-0.302104,-0.763825][0.917337,0.646952,0][-0.117699,-0.570987,-1.16329][-0.391989,0.737008,-0.550603][0.924731,0.817132,0][-0.12127,-0.570823,-1.15881][-0.597594,0.746509,-0.292583][0.918141,0.818073,0][-0.12127,-0.570823,-1.15881][-0.597594,0.746509,-0.292583][0.918141,0.818073,0][-0.123761,-0.424301,-1.16617][-0.882309,-0.287785,-0.372439][0.910956,0.647019,0][-0.12019,-0.424465,-1.17065][-0.570355,-0.302104,-0.763825][0.917337,0.646952,0][-0.123761,-0.424301,-1.16617][-0.882309,-0.287785,-0.372439][0.910956,0.647019,0][-0.12127,-0.570823,-1.15881][-0.597594,0.746509,-0.292583][0.918141,0.818073,0][-0.122122,-0.570553,-1.15315][-0.646656,0.76205,0.0334075][0.91161,0.81896,0][-0.122122,-0.570553,-1.15315][-0.646656,0.76205,0.0334075][0.91161,0.81896,0][-0.124613,-0.424031,-1.16051][-0.956682,-0.264309,0.122065][0.904679,0.647135,0][-0.123761,-0.424301,-1.16617][-0.882309,-0.287785,-0.372439][0.910956,0.647019,0][-0.124613,-0.424031,-1.16051][-0.956682,-0.264309,0.122065][0.904679,0.647135,0][-0.122122,-0.570553,-1.15315][-0.646656,0.76205,0.0334075][0.91161,0.81896,0][-0.120027,-0.57025,-1.14782][-0.525945,0.779569,0.34008][0.90507,0.81905,0][-0.120027,-0.57025,-1.14782][-0.525945,0.779569,0.34008][0.90507,0.81905,0][-0.122517,-0.423728,-1.15518][-0.773629,-0.237758,0.587341][0.898498,0.647293,0][-0.124613,-0.424031,-1.16051][-0.956682,-0.264309,0.122065][0.904679,0.647135,0][-0.122517,-0.423728,-1.15518][-0.773629,-0.237758,0.587341][0.898498,0.647293,0][-0.120027,-0.57025,-1.14782][-0.525945,0.779569,0.34008][0.90507,0.81905,0][-0.115544,-0.569994,-1.14426][-0.267798,0.794157,0.545526][0.898388,0.819052,0][-0.115544,-0.569994,-1.14426][-0.267798,0.794157,0.545526][0.898388,0.819052,0][-0.118035,-0.423473,-1.15162][-0.382121,-0.215421,0.898653][0.892278,0.647604,0][-0.122517,-0.423728,-1.15518][-0.773629,-0.237758,0.587341][0.898498,0.647293,0][-0.118035,-0.423473,-1.15162][-0.382121,-0.215421,0.898653][0.892278,0.647604,0][-0.115544,-0.569994,-1.14426][-0.267798,0.794157,0.545526][0.898388,0.819052,0][-0.109877,-0.569856,-1.14341][0.0585787,0.802176,0.594207][0.891738,0.819488,0][-0.109877,-0.569856,-1.14341][0.0585787,0.802176,0.594207][0.891738,0.819488,0][-0.112368,-0.423334,-1.15077][0.112976,-0.20332,0.972573][0.885928,0.647925,0][-0.118035,-0.423473,-1.15162][-0.382121,-0.215421,0.898653][0.892278,0.647604,0][-0.112368,-0.423334,-1.15077][0.112976,-0.20332,0.972573][0.885928,0.647925,0][-0.109877,-0.569856,-1.14341][0.0585787,0.802176,0.594207][0.891738,0.819488,0][-0.104543,-0.56987,-1.14551][0.36579,0.80127,0.473459][0.885265,0.819143,0][-0.104543,-0.56987,-1.14551][0.36579,0.80127,0.473459][0.885265,0.819143,0][-0.107034,-0.423349,-1.15287][0.578905,-0.204554,0.78932][0.879606,0.648184,0][-0.112368,-0.423334,-1.15077][0.112976,-0.20332,0.972573][0.885928,0.647925,0][-0.107034,-0.423349,-1.15287][0.578905,-0.204554,0.78932][0.765156,0.738263,0][-0.104543,-0.56987,-1.14551][0.36579,0.80127,0.473459][0.774239,0.568615,0][-0.100971,-0.570034,-1.14999][0.571575,0.791793,0.215329][0.780649,0.568105,0][-0.100971,-0.570034,-1.14999][0.571575,0.791793,0.215329][0.780649,0.568105,0][-0.103462,-0.423513,-1.15735][0.890915,-0.218951,0.397907][0.771718,0.738779,0][-0.107034,-0.423349,-1.15287][0.578905,-0.204554,0.78932][0.765156,0.738263,0][-0.110023,-0.700963,-1.1577][-0.0552601,-0.821382,-0.567695][0.778216,0.41842,0][-0.104953,-0.700839,-1.15695][0.257886,-0.813744,-0.52088][0.776523,0.421691,0][-0.100944,-0.700611,-1.15376][0.505629,-0.799663,-0.323851][0.774186,0.423924,0][-0.100944,-0.700611,-1.15376][0.505629,-0.799663,-0.323851][0.774186,0.423924,0][-0.104927,-0.700531,-1.15081][0.0170104,-0.998598,0.0501214][0.772117,0.420912,0][-0.110023,-0.700963,-1.1577][-0.0552601,-0.821382,-0.567695][0.778216,0.41842,0][-0.112893,-0.70037,-1.14493][0.016911,-0.998595,0.0502208][0.882811,0.969297,0][-0.117989,-0.700803,-1.15182][-0.547485,-0.811595,-0.203897][0.88912,0.971808,0][-0.114795,-0.700951,-1.15583][-0.350111,-0.820645,-0.451625][0.890176,0.976532,0][-0.114795,-0.700951,-1.15583][-0.350111,-0.820645,-0.451625][0.890176,0.976532,0][-0.10891,-0.700451,-1.14787][0.0169134,-0.998597,0.0501782][0.880043,0.973523,0][-0.112893,-0.70037,-1.14493][0.016911,-0.998595,0.0502208][0.882811,0.969297,0][-0.107798,-0.699938,-1.13804][0.0820799,-0.758097,0.646956][0.877956,0.964493,0][-0.112893,-0.70037,-1.14493][0.016911,-0.998595,0.0502208][0.882811,0.969297,0][-0.10891,-0.700451,-1.14787][0.0169134,-0.998597,0.0501782][0.880043,0.973523,0][-0.10891,-0.700451,-1.14787][0.0169134,-0.998597,0.0501782][0.880043,0.973523,0][-0.103026,-0.699952,-1.13992][0.376923,-0.75894,0.530979][0.873142,0.965301,0][-0.107798,-0.699938,-1.13804][0.0820799,-0.758097,0.646956][0.877956,0.964493,0][-0.0990689,-0.700339,-1.14899][0.621443,-0.782903,-0.0295232][0.771232,0.425256,0][-0.0998309,-0.700098,-1.14393][0.574429,-0.767947,0.283353][0.767591,0.425602,0][-0.104927,-0.700531,-1.15081][0.0170104,-0.998598,0.0501214][0.772117,0.420912,0][-0.104927,-0.700531,-1.15081][0.0170104,-0.998598,0.0501214][0.772117,0.420912,0][-0.100944,-0.700611,-1.15376][0.505629,-0.799663,-0.323851][0.774186,0.423924,0][-0.0990689,-0.700339,-1.14899][0.621443,-0.782903,-0.0295232][0.771232,0.425256,0][-0.111322,-0.362482,-1.15429][-0.683249,-0.284184,0.672614][0.882761,0.578765,0][-0.118128,-0.418014,-1.15189][-0.403428,0.312426,0.860021][0.892016,0.641251,0][-0.112461,-0.417875,-1.15105][0.0828551,0.264241,0.960891][0.885723,0.641378,0][-0.112461,-0.417875,-1.15105][0.0828551,0.264241,0.960891][0.885723,0.641378,0][-0.105552,-0.362121,-1.14904][-0.441873,-0.351362,0.825405][0.873451,0.579313,0][-0.111322,-0.362482,-1.15429][-0.683249,-0.284184,0.672614][0.882761,0.578765,0][-0.117982,-0.363001,-1.16235][-0.725535,-0.354697,0.589736][0.895709,0.577986,0][-0.12261,-0.41827,-1.15546][-0.772355,0.314821,0.551684][0.898253,0.641094,0][-0.118128,-0.418014,-1.15189][-0.403428,0.312426,0.860021][0.892016,0.641251,0][-0.118128,-0.418014,-1.15189][-0.403428,0.312426,0.860021][0.892016,0.641251,0][-0.111322,-0.362482,-1.15429][-0.683249,-0.284184,0.672614][0.882761,0.578765,0][-0.117982,-0.363001,-1.16235][-0.725535,-0.354697,0.589736][0.895709,0.577986,0][-0.117982,-0.363001,-1.16235][-0.725535,-0.354697,0.589736][0.895709,0.577986,0][-0.123749,-0.363537,-1.17108][-0.81365,-0.317378,0.487078][0.908803,0.577596,0][-0.124706,-0.418573,-1.16078][-0.957722,0.265501,0.110809][0.90445,0.640886,0][-0.124706,-0.418573,-1.16078][-0.957722,0.265501,0.110809][0.90445,0.640886,0][-0.12261,-0.41827,-1.15546][-0.772355,0.314821,0.551684][0.898253,0.641094,0][-0.117982,-0.363001,-1.16235][-0.725535,-0.354697,0.589736][0.895709,0.577986,0][-0.123749,-0.363537,-1.17108][-0.81365,-0.317378,0.487078][0.908803,0.577596,0][-0.127076,-0.363948,-1.17813][-0.828929,-0.510498,0.228622][0.918284,0.577192,0][-0.123854,-0.418842,-1.16645][-0.908012,0.180083,-0.378266][0.910695,0.64052,0][-0.123854,-0.418842,-1.16645][-0.908012,0.180083,-0.378266][0.910695,0.64052,0][-0.124706,-0.418573,-1.16078][-0.957722,0.265501,0.110809][0.90445,0.640886,0][-0.123749,-0.363537,-1.17108][-0.81365,-0.317378,0.487078][0.908803,0.577596,0][-0.127076,-0.363948,-1.17813][-0.828929,-0.510498,0.228622][0.918284,0.577192,0][-0.127073,-0.364123,-1.18161][-0.329316,-0.844277,-0.422785][0.922309,0.577876,0][-0.120283,-0.419007,-1.17093][-0.588028,0.123119,-0.799415][0.917019,0.640019,0][-0.120283,-0.419007,-1.17093][-0.588028,0.123119,-0.799415][0.917019,0.640019,0][-0.123854,-0.418842,-1.16645][-0.908012,0.180083,-0.378266][0.910695,0.64052,0][-0.127076,-0.363948,-1.17813][-0.828929,-0.510498,0.228622][0.918284,0.577192,0][-0.12374,-0.364015,-1.18059][0.463876,-0.508344,-0.725538][0.804155,0.810733,0][-0.114948,-0.419022,-1.17302][-0.0901162,0.163696,-0.982386][0.796727,0.746625,0][-0.120283,-0.419007,-1.17093][-0.588028,0.123119,-0.799415][0.802941,0.747241,0][-0.120283,-0.419007,-1.17093][-0.588028,0.123119,-0.799415][0.802941,0.747241,0][-0.127073,-0.364123,-1.18161][-0.329316,-0.844277,-0.422785][0.808277,0.810089,0][-0.12374,-0.364015,-1.18059][0.463876,-0.508344,-0.725538][0.804155,0.810733,0][-0.11797,-0.363653,-1.17535][0.694774,-0.347388,-0.629771][0.794504,0.810232,0][-0.109281,-0.418883,-1.17218][0.394028,0.238177,-0.887701][0.790413,0.746414,0][-0.114948,-0.419022,-1.17302][-0.0901162,0.163696,-0.982386][0.796727,0.746625,0][-0.114948,-0.419022,-1.17302][-0.0901162,0.163696,-0.982386][0.796727,0.746625,0][-0.12374,-0.364015,-1.18059][0.463876,-0.508344,-0.725538][0.804155,0.810733,0][-0.11797,-0.363653,-1.17535][0.694774,-0.347388,-0.629771][0.794504,0.810232,0][-0.11131,-0.363135,-1.16728][0.767358,-0.384687,-0.513008][0.781246,0.809722,0][-0.104799,-0.418627,-1.16861][0.762197,0.283852,-0.581793][0.784026,0.745963,0][-0.109281,-0.418883,-1.17218][0.394028,0.238177,-0.887701][0.790413,0.746414,0][-0.109281,-0.418883,-1.17218][0.394028,0.238177,-0.887701][0.790413,0.746414,0][-0.11797,-0.363653,-1.17535][0.694774,-0.347388,-0.629771][0.794504,0.810232,0][-0.11131,-0.363135,-1.16728][0.767358,-0.384687,-0.513008][0.781246,0.809722,0][-0.11131,-0.363135,-1.16728][0.767358,-0.384687,-0.513008][0.781246,0.809722,0][-0.105543,-0.362598,-1.15855][0.831885,-0.317529,-0.45513][0.768084,0.808766,0][-0.102703,-0.418324,-1.16329][0.948392,0.285269,-0.138471][0.777703,0.745624,0][-0.102703,-0.418324,-1.16329][0.948392,0.285269,-0.138471][0.777703,0.745624,0][-0.104799,-0.418627,-1.16861][0.762197,0.283852,-0.581793][0.784026,0.745963,0][-0.11131,-0.363135,-1.16728][0.767358,-0.384687,-0.513008][0.781246,0.809722,0][-0.105543,-0.362598,-1.15855][0.831885,-0.317529,-0.45513][0.768084,0.808766,0][-0.102216,-0.362188,-1.1515][0.881744,-0.439781,-0.170645][0.75868,0.808106,0][-0.103555,-0.418054,-1.15763][0.900729,0.247814,0.356756][0.77136,0.745396,0][-0.103555,-0.418054,-1.15763][0.900729,0.247814,0.356756][0.77136,0.745396,0][-0.102703,-0.418324,-1.16329][0.948392,0.285269,-0.138471][0.777703,0.745624,0][-0.105543,-0.362598,-1.15855][0.831885,-0.317529,-0.45513][0.768084,0.808766,0][-0.102216,-0.362188,-1.1515][0.881744,-0.439781,-0.170645][0.75868,0.808106,0][-0.102219,-0.362013,-1.14802][0.381998,-0.603544,0.699866][0.754807,0.807343,0][-0.107126,-0.41789,-1.15315][0.582214,0.222424,0.78202][0.764936,0.745346,0][-0.107126,-0.41789,-1.15315][0.582214,0.222424,0.78202][0.764936,0.745346,0][-0.103555,-0.418054,-1.15763][0.900729,0.247814,0.356756][0.77136,0.745396,0][-0.102216,-0.362188,-1.1515][0.881744,-0.439781,-0.170645][0.75868,0.808106,0][-0.105552,-0.362121,-1.14904][-0.441873,-0.351362,0.825405][0.873451,0.579313,0][-0.112461,-0.417875,-1.15105][0.0828551,0.264241,0.960891][0.885723,0.641378,0][-0.107126,-0.41789,-1.15315][0.582214,0.222424,0.78202][0.879423,0.641426,0][-0.107126,-0.41789,-1.15315][0.582214,0.222424,0.78202][0.879423,0.641426,0][-0.102219,-0.362013,-1.14802][0.381998,-0.603544,0.699866][0.869619,0.580025,0][-0.105552,-0.362121,-1.14904][-0.441873,-0.351362,0.825405][0.873451,0.579313,0][-0.118035,-0.423473,-1.15162][-0.382121,-0.215421,0.898653][0.892278,0.647604,0][-0.112368,-0.423334,-1.15077][0.112976,-0.20332,0.972573][0.885928,0.647925,0][-0.112253,-0.420613,-1.1495][0.112553,0.0402574,0.99283][0.885818,0.644691,0][-0.112253,-0.420613,-1.1495][0.112553,0.0402574,0.99283][0.885818,0.644691,0][-0.118648,-0.42077,-1.15045][-0.399285,0.0276833,0.916409][0.892117,0.644501,0][-0.118035,-0.423473,-1.15162][-0.382121,-0.215421,0.898653][0.892278,0.647604,0][-0.122517,-0.423728,-1.15518][-0.773629,-0.237758,0.587341][0.898498,0.647293,0][-0.118035,-0.423473,-1.15162][-0.382121,-0.215421,0.898653][0.892278,0.647604,0][-0.118648,-0.42077,-1.15045][-0.399285,0.0276833,0.916409][0.892117,0.644501,0][-0.118648,-0.42077,-1.15045][-0.399285,0.0276833,0.916409][0.892117,0.644501,0][-0.123706,-0.421058,-1.15447][-0.804044,0.00465623,0.594551][0.898355,0.644326,0][-0.122517,-0.423728,-1.15518][-0.773629,-0.237758,0.587341][0.898498,0.647293,0][-0.124613,-0.424031,-1.16051][-0.956682,-0.264309,0.122065][0.904679,0.647135,0][-0.122517,-0.423728,-1.15518][-0.773629,-0.237758,0.587341][0.898498,0.647293,0][-0.123706,-0.421058,-1.15447][-0.804044,0.00465623,0.594551][0.898355,0.644326,0][-0.123706,-0.421058,-1.15447][-0.804044,0.00465623,0.594551][0.898355,0.644326,0][-0.126071,-0.4214,-1.16048][-0.993266,-0.0227075,0.113609][0.904557,0.644021,0][-0.124613,-0.424031,-1.16051][-0.956682,-0.264309,0.122065][0.904679,0.647135,0][-0.123761,-0.424301,-1.16617][-0.882309,-0.287785,-0.372439][0.910956,0.647019,0][-0.124613,-0.424031,-1.16051][-0.956682,-0.264309,0.122065][0.904679,0.647135,0][-0.126071,-0.4214,-1.16048][-0.993266,-0.0227075,0.113609][0.904557,0.644021,0][-0.126071,-0.4214,-1.16048][-0.993266,-0.0227075,0.113609][0.904557,0.644021,0][-0.125109,-0.421704,-1.16687][-0.916313,-0.0470328,-0.397691][0.910853,0.643828,0][-0.123761,-0.424301,-1.16617][-0.882309,-0.287785,-0.372439][0.910956,0.647019,0][-0.12019,-0.424465,-1.17065][-0.570355,-0.302104,-0.763825][0.917337,0.646952,0][-0.123761,-0.424301,-1.16617][-0.882309,-0.287785,-0.372439][0.910956,0.647019,0][-0.125109,-0.421704,-1.16687][-0.916313,-0.0470328,-0.397691][0.910853,0.643828,0][-0.125109,-0.421704,-1.16687][-0.916313,-0.0470328,-0.397691][0.910853,0.643828,0][-0.121079,-0.42189,-1.17193][-0.593788,-0.0619161,-0.802235][0.917671,0.643502,0][-0.12019,-0.424465,-1.17065][-0.570355,-0.302104,-0.763825][0.917337,0.646952,0][-0.114856,-0.42448,-1.17275][-0.104382,-0.303271,-0.94717][0.797036,0.7403,0][-0.12019,-0.424465,-1.17065][-0.570355,-0.302104,-0.763825][0.803463,0.740451,0][-0.121079,-0.42189,-1.17193][-0.593788,-0.0619161,-0.802235][0.803679,0.743861,0][-0.121079,-0.42189,-1.17193][-0.593788,-0.0619161,-0.802235][0.803679,0.743861,0][-0.11506,-0.421906,-1.17429][-0.112072,-0.0630655,-0.991697][0.796951,0.743381,0][-0.114856,-0.42448,-1.17275][-0.104382,-0.303271,-0.94717][0.797036,0.7403,0][-0.109188,-0.424341,-1.1719][0.390704,-0.291183,-0.873248][0.790766,0.739882,0][-0.114856,-0.42448,-1.17275][-0.104382,-0.303271,-0.94717][0.797036,0.7403,0][-0.11506,-0.421906,-1.17429][-0.112072,-0.0630655,-0.991697][0.796951,0.743381,0][-0.11506,-0.421906,-1.17429][-0.112072,-0.0630655,-0.991697][0.796951,0.743381,0][-0.108665,-0.42175,-1.17334][0.399675,-0.0506625,-0.915256][0.790613,0.743031,0][-0.109188,-0.424341,-1.1719][0.390704,-0.291183,-0.873248][0.790766,0.739882,0][-0.104706,-0.424086,-1.16834][0.782272,-0.268903,-0.561909][0.784391,0.739479,0][-0.109188,-0.424341,-1.1719][0.390704,-0.291183,-0.873248][0.790766,0.739882,0][-0.108665,-0.42175,-1.17334][0.399675,-0.0506625,-0.915256][0.790613,0.743031,0][-0.108665,-0.42175,-1.17334][0.399675,-0.0506625,-0.915256][0.790613,0.743031,0][-0.103608,-0.421462,-1.16932][0.8044,-0.0276376,-0.593444][0.784237,0.742782,0][-0.104706,-0.424086,-1.16834][0.782272,-0.268903,-0.561909][0.784391,0.739479,0][-0.10261,-0.423783,-1.16301][0.965344,-0.24244,-0.0966099][0.778039,0.739245,0][-0.104706,-0.424086,-1.16834][0.782272,-0.268903,-0.561909][0.784391,0.739479,0][-0.103608,-0.421462,-1.16932][0.8044,-0.0276376,-0.593444][0.784237,0.742782,0][-0.103608,-0.421462,-1.16932][0.8044,-0.0276376,-0.593444][0.784237,0.742782,0][-0.101243,-0.42112,-1.16331][0.99365,-0.000291153,-0.112513][0.777906,0.742304,0][-0.10261,-0.423783,-1.16301][0.965344,-0.24244,-0.0966099][0.778039,0.739245,0][-0.103462,-0.423513,-1.15735][0.890915,-0.218951,0.397907][0.771718,0.738779,0][-0.10261,-0.423783,-1.16301][0.965344,-0.24244,-0.0966099][0.778039,0.739245,0][-0.101243,-0.42112,-1.16331][0.99365,-0.000291153,-0.112513][0.777906,0.742304,0][-0.101243,-0.42112,-1.16331][0.99365,-0.000291153,-0.112513][0.777906,0.742304,0][-0.102204,-0.420815,-1.15692][0.916709,0.0241471,0.398825][0.771514,0.742013,0][-0.103462,-0.423513,-1.15735][0.890915,-0.218951,0.397907][0.771718,0.738779,0][-0.107034,-0.423349,-1.15287][0.578905,-0.204554,0.78932][0.765156,0.738263,0][-0.103462,-0.423513,-1.15735][0.890915,-0.218951,0.397907][0.771718,0.738779,0][-0.102204,-0.420815,-1.15692][0.916709,0.0241471,0.398825][0.771514,0.742013,0][-0.102204,-0.420815,-1.15692][0.916709,0.0241471,0.398825][0.771514,0.742013,0][-0.106234,-0.42063,-1.15186][0.594252,0.0388605,0.803339][0.764545,0.741762,0][-0.107034,-0.423349,-1.15287][0.578905,-0.204554,0.78932][0.765156,0.738263,0][-0.112368,-0.423334,-1.15077][0.112976,-0.20332,0.972573][0.885928,0.647925,0][-0.107034,-0.423349,-1.15287][0.578905,-0.204554,0.78932][0.879606,0.648184,0][-0.106234,-0.42063,-1.15186][0.594252,0.0388605,0.803339][0.879054,0.644925,0][-0.106234,-0.42063,-1.15186][0.594252,0.0388605,0.803339][0.879054,0.644925,0][-0.112253,-0.420613,-1.1495][0.112553,0.0402574,0.99283][0.885818,0.644691,0][-0.112368,-0.423334,-1.15077][0.112976,-0.20332,0.972573][0.885928,0.647925,0][-0.118648,-0.42077,-1.15045][-0.399285,0.0276833,0.916409][0.892117,0.644501,0][-0.112253,-0.420613,-1.1495][0.112553,0.0402574,0.99283][0.885818,0.644691,0][-0.112461,-0.417875,-1.15105][0.0828551,0.264241,0.960891][0.885723,0.641378,0][-0.112461,-0.417875,-1.15105][0.0828551,0.264241,0.960891][0.885723,0.641378,0][-0.118128,-0.418014,-1.15189][-0.403428,0.312426,0.860021][0.892016,0.641251,0][-0.118648,-0.42077,-1.15045][-0.399285,0.0276833,0.916409][0.892117,0.644501,0][-0.123706,-0.421058,-1.15447][-0.804044,0.00465623,0.594551][0.898355,0.644326,0][-0.118648,-0.42077,-1.15045][-0.399285,0.0276833,0.916409][0.892117,0.644501,0][-0.118128,-0.418014,-1.15189][-0.403428,0.312426,0.860021][0.892016,0.641251,0][-0.118128,-0.418014,-1.15189][-0.403428,0.312426,0.860021][0.892016,0.641251,0][-0.12261,-0.41827,-1.15546][-0.772355,0.314821,0.551684][0.898253,0.641094,0][-0.123706,-0.421058,-1.15447][-0.804044,0.00465623,0.594551][0.898355,0.644326,0][-0.126071,-0.4214,-1.16048][-0.993266,-0.0227075,0.113609][0.904557,0.644021,0][-0.123706,-0.421058,-1.15447][-0.804044,0.00465623,0.594551][0.898355,0.644326,0][-0.12261,-0.41827,-1.15546][-0.772355,0.314821,0.551684][0.898253,0.641094,0][-0.12261,-0.41827,-1.15546][-0.772355,0.314821,0.551684][0.898253,0.641094,0][-0.124706,-0.418573,-1.16078][-0.957722,0.265501,0.110809][0.90445,0.640886,0][-0.126071,-0.4214,-1.16048][-0.993266,-0.0227075,0.113609][0.904557,0.644021,0][-0.125109,-0.421704,-1.16687][-0.916313,-0.0470328,-0.397691][0.910853,0.643828,0][-0.126071,-0.4214,-1.16048][-0.993266,-0.0227075,0.113609][0.904557,0.644021,0][-0.124706,-0.418573,-1.16078][-0.957722,0.265501,0.110809][0.90445,0.640886,0][-0.124706,-0.418573,-1.16078][-0.957722,0.265501,0.110809][0.90445,0.640886,0][-0.123854,-0.418842,-1.16645][-0.908012,0.180083,-0.378266][0.910695,0.64052,0][-0.125109,-0.421704,-1.16687][-0.916313,-0.0470328,-0.397691][0.910853,0.643828,0][-0.121079,-0.42189,-1.17193][-0.593788,-0.0619161,-0.802235][0.917671,0.643502,0][-0.125109,-0.421704,-1.16687][-0.916313,-0.0470328,-0.397691][0.910853,0.643828,0][-0.123854,-0.418842,-1.16645][-0.908012,0.180083,-0.378266][0.910695,0.64052,0][-0.123854,-0.418842,-1.16645][-0.908012,0.180083,-0.378266][0.910695,0.64052,0][-0.120283,-0.419007,-1.17093][-0.588028,0.123119,-0.799415][0.917019,0.640019,0][-0.121079,-0.42189,-1.17193][-0.593788,-0.0619161,-0.802235][0.917671,0.643502,0][-0.11506,-0.421906,-1.17429][-0.112072,-0.0630655,-0.991697][0.796951,0.743381,0][-0.121079,-0.42189,-1.17193][-0.593788,-0.0619161,-0.802235][0.803679,0.743861,0][-0.120283,-0.419007,-1.17093][-0.588028,0.123119,-0.799415][0.802941,0.747241,0][-0.120283,-0.419007,-1.17093][-0.588028,0.123119,-0.799415][0.802941,0.747241,0][-0.114948,-0.419022,-1.17302][-0.0901162,0.163696,-0.982386][0.796727,0.746625,0][-0.11506,-0.421906,-1.17429][-0.112072,-0.0630655,-0.991697][0.796951,0.743381,0][-0.108665,-0.42175,-1.17334][0.399675,-0.0506625,-0.915256][0.790613,0.743031,0][-0.11506,-0.421906,-1.17429][-0.112072,-0.0630655,-0.991697][0.796951,0.743381,0][-0.114948,-0.419022,-1.17302][-0.0901162,0.163696,-0.982386][0.796727,0.746625,0][-0.114948,-0.419022,-1.17302][-0.0901162,0.163696,-0.982386][0.796727,0.746625,0][-0.109281,-0.418883,-1.17218][0.394028,0.238177,-0.887701][0.790413,0.746414,0][-0.108665,-0.42175,-1.17334][0.399675,-0.0506625,-0.915256][0.790613,0.743031,0][-0.103608,-0.421462,-1.16932][0.8044,-0.0276376,-0.593444][0.784237,0.742782,0][-0.108665,-0.42175,-1.17334][0.399675,-0.0506625,-0.915256][0.790613,0.743031,0][-0.109281,-0.418883,-1.17218][0.394028,0.238177,-0.887701][0.790413,0.746414,0][-0.109281,-0.418883,-1.17218][0.394028,0.238177,-0.887701][0.790413,0.746414,0][-0.104799,-0.418627,-1.16861][0.762197,0.283852,-0.581793][0.784026,0.745963,0][-0.103608,-0.421462,-1.16932][0.8044,-0.0276376,-0.593444][0.784237,0.742782,0][-0.101243,-0.42112,-1.16331][0.99365,-0.000291153,-0.112513][0.777906,0.742304,0][-0.103608,-0.421462,-1.16932][0.8044,-0.0276376,-0.593444][0.784237,0.742782,0][-0.104799,-0.418627,-1.16861][0.762197,0.283852,-0.581793][0.784026,0.745963,0][-0.104799,-0.418627,-1.16861][0.762197,0.283852,-0.581793][0.784026,0.745963,0][-0.102703,-0.418324,-1.16329][0.948392,0.285269,-0.138471][0.777703,0.745624,0][-0.101243,-0.42112,-1.16331][0.99365,-0.000291153,-0.112513][0.777906,0.742304,0][-0.102204,-0.420815,-1.15692][0.916709,0.0241471,0.398825][0.771514,0.742013,0][-0.101243,-0.42112,-1.16331][0.99365,-0.000291153,-0.112513][0.777906,0.742304,0][-0.102703,-0.418324,-1.16329][0.948392,0.285269,-0.138471][0.777703,0.745624,0][-0.102703,-0.418324,-1.16329][0.948392,0.285269,-0.138471][0.777703,0.745624,0][-0.103555,-0.418054,-1.15763][0.900729,0.247814,0.356756][0.77136,0.745396,0][-0.102204,-0.420815,-1.15692][0.916709,0.0241471,0.398825][0.771514,0.742013,0][-0.106234,-0.42063,-1.15186][0.594252,0.0388605,0.803339][0.764545,0.741762,0][-0.102204,-0.420815,-1.15692][0.916709,0.0241471,0.398825][0.771514,0.742013,0][-0.103555,-0.418054,-1.15763][0.900729,0.247814,0.356756][0.77136,0.745396,0][-0.103555,-0.418054,-1.15763][0.900729,0.247814,0.356756][0.77136,0.745396,0][-0.107126,-0.41789,-1.15315][0.582214,0.222424,0.78202][0.764936,0.745346,0][-0.106234,-0.42063,-1.15186][0.594252,0.0388605,0.803339][0.764545,0.741762,0][-0.112253,-0.420613,-1.1495][0.112553,0.0402574,0.99283][0.885818,0.644691,0][-0.106234,-0.42063,-1.15186][0.594252,0.0388605,0.803339][0.879054,0.644925,0][-0.107126,-0.41789,-1.15315][0.582214,0.222424,0.78202][0.879423,0.641426,0][-0.107126,-0.41789,-1.15315][0.582214,0.222424,0.78202][0.879423,0.641426,0][-0.112461,-0.417875,-1.15105][0.0828551,0.264241,0.960891][0.885723,0.641378,0][-0.112253,-0.420613,-1.1495][0.112553,0.0402574,0.99283][0.885818,0.644691,0][-0.100119,-0.570305,-1.15565][0.62046,0.77638,-0.110736][0.787176,0.568269,0][-0.100971,-0.570034,-1.14999][0.571575,0.791793,0.215329][0.780649,0.568105,0][-0.0972499,-0.56989,-1.14838][0.682893,0.679264,0.268806][0.780411,0.56416,0][-0.0972499,-0.56989,-1.14838][0.682893,0.679264,0.268806][0.780411,0.56416,0][-0.0960849,-0.570259,-1.15611][0.741154,0.660818,-0.118362][0.787097,0.564188,0][-0.100119,-0.570305,-1.15565][0.62046,0.77638,-0.110736][0.787176,0.568269,0][-0.102215,-0.570608,-1.16098][0.49979,0.758947,-0.417384][0.793752,0.568599,0][-0.100119,-0.570305,-1.15565][0.62046,0.77638,-0.110736][0.787176,0.568269,0][-0.0960849,-0.570259,-1.15611][0.741154,0.660818,-0.118362][0.787097,0.564188,0][-0.0960849,-0.570259,-1.15611][0.741154,0.660818,-0.118362][0.787097,0.564188,0][-0.0989499,-0.570673,-1.16339][0.597813,0.640142,-0.482533][0.79378,0.564544,0][-0.102215,-0.570608,-1.16098][0.49979,0.758947,-0.417384][0.793752,0.568599,0][-0.106697,-0.570863,-1.16455][0.241653,0.744203,-0.622708][0.800266,0.569037,0][-0.102215,-0.570608,-1.16098][0.49979,0.758947,-0.417384][0.793752,0.568599,0][-0.0989499,-0.570673,-1.16339][0.597813,0.640142,-0.482533][0.79378,0.564544,0][-0.0989499,-0.570673,-1.16339][0.597813,0.640142,-0.482533][0.79378,0.564544,0][-0.105075,-0.571022,-1.16826][0.291384,0.622641,-0.726233][0.800377,0.56495,0][-0.106697,-0.570863,-1.16455][0.241653,0.744203,-0.622708][0.800266,0.569037,0][-0.112365,-0.571002,-1.16539][-0.0847182,0.73619,-0.671452][0.806772,0.569677,0][-0.106697,-0.570863,-1.16455][0.241653,0.744203,-0.622708][0.800266,0.569037,0][-0.105075,-0.571022,-1.16826][0.291384,0.622641,-0.726233][0.800377,0.56495,0][-0.105075,-0.571022,-1.16826][0.291384,0.622641,-0.726233][0.800377,0.56495,0][-0.112821,-0.571212,-1.16942][-0.0961716,0.613101,-0.784129][0.80718,0.565397,0][-0.112365,-0.571002,-1.16539][-0.0847182,0.73619,-0.671452][0.806772,0.569677,0][-0.117699,-0.570987,-1.16329][-0.391989,0.737008,-0.550603][0.813188,0.57046,0][-0.112365,-0.571002,-1.16539][-0.0847182,0.73619,-0.671452][0.806772,0.569677,0][-0.112821,-0.571212,-1.16942][-0.0961716,0.613101,-0.784129][0.80718,0.565397,0][-0.112821,-0.571212,-1.16942][-0.0961716,0.613101,-0.784129][0.80718,0.565397,0][-0.120111,-0.571192,-1.16655][-0.46089,0.614106,-0.640667][0.814894,0.566407,0][-0.117699,-0.570987,-1.16329][-0.391989,0.737008,-0.550603][0.813188,0.57046,0][-0.12127,-0.570823,-1.15881][-0.597594,0.746509,-0.292583][0.918141,0.818073,0][-0.117699,-0.570987,-1.16329][-0.391989,0.737008,-0.550603][0.924731,0.817132,0][-0.120111,-0.571192,-1.16655][-0.46089,0.614106,-0.640667][0.926561,0.821199,0][-0.120111,-0.571192,-1.16655][-0.46089,0.614106,-0.640667][0.926561,0.821199,0][-0.124992,-0.570967,-1.16043][-0.705046,0.625409,-0.334325][0.918745,0.822329,0][-0.12127,-0.570823,-1.15881][-0.597594,0.746509,-0.292583][0.918141,0.818073,0][-0.122122,-0.570553,-1.15315][-0.646656,0.76205,0.0334075][0.91161,0.81896,0][-0.12127,-0.570823,-1.15881][-0.597594,0.746509,-0.292583][0.918141,0.818073,0][-0.124992,-0.570967,-1.16043][-0.705046,0.625409,-0.334325][0.918745,0.822329,0][-0.124992,-0.570967,-1.16043][-0.705046,0.625409,-0.334325][0.918745,0.822329,0][-0.126156,-0.570598,-1.15269][-0.763296,0.643886,0.0528219][0.911947,0.822768,0][-0.122122,-0.570553,-1.15315][-0.646656,0.76205,0.0334075][0.91161,0.81896,0][-0.120027,-0.57025,-1.14782][-0.525945,0.779569,0.34008][0.90507,0.81905,0][-0.122122,-0.570553,-1.15315][-0.646656,0.76205,0.0334075][0.91161,0.81896,0][-0.126156,-0.570598,-1.15269][-0.763296,0.643886,0.0528219][0.911947,0.822768,0][-0.126156,-0.570598,-1.15269][-0.763296,0.643886,0.0528219][0.911947,0.822768,0][-0.123292,-0.570184,-1.14541][-0.620038,0.664557,0.417033][0.905359,0.823114,0][-0.120027,-0.57025,-1.14782][-0.525945,0.779569,0.34008][0.90507,0.81905,0][-0.115544,-0.569994,-1.14426][-0.267798,0.794157,0.545526][0.898388,0.819052,0][-0.120027,-0.57025,-1.14782][-0.525945,0.779569,0.34008][0.90507,0.81905,0][-0.123292,-0.570184,-1.14541][-0.620038,0.664557,0.417033][0.905359,0.823114,0][-0.123292,-0.570184,-1.14541][-0.620038,0.664557,0.417033][0.905359,0.823114,0][-0.117166,-0.569835,-1.14054][-0.313533,0.682036,0.6607][0.898575,0.823468,0][-0.115544,-0.569994,-1.14426][-0.267798,0.794157,0.545526][0.898388,0.819052,0][-0.109877,-0.569856,-1.14341][0.0585787,0.802176,0.594207][0.891738,0.819488,0][-0.115544,-0.569994,-1.14426][-0.267798,0.794157,0.545526][0.898388,0.819052,0][-0.117166,-0.569835,-1.14054][-0.313533,0.682036,0.6607][0.898575,0.823468,0][-0.117166,-0.569835,-1.14054][-0.313533,0.682036,0.6607][0.898575,0.823468,0][-0.109421,-0.569646,-1.13939][0.0740088,0.691434,0.718639][0.89162,0.823536,0][-0.109877,-0.569856,-1.14341][0.0585787,0.802176,0.594207][0.891738,0.819488,0][-0.104543,-0.56987,-1.14551][0.36579,0.80127,0.473459][0.885265,0.819143,0][-0.109877,-0.569856,-1.14341][0.0585787,0.802176,0.594207][0.891738,0.819488,0][-0.109421,-0.569646,-1.13939][0.0740088,0.691434,0.718639][0.89162,0.823536,0][-0.109421,-0.569646,-1.13939][0.0740088,0.691434,0.718639][0.89162,0.823536,0][-0.102131,-0.569667,-1.14225][0.438685,0.690448,0.575184][0.883894,0.823206,0][-0.104543,-0.56987,-1.14551][0.36579,0.80127,0.473459][0.885265,0.819143,0][-0.100971,-0.570034,-1.14999][0.571575,0.791793,0.215329][0.780649,0.568105,0][-0.104543,-0.56987,-1.14551][0.36579,0.80127,0.473459][0.774239,0.568615,0][-0.102131,-0.569667,-1.14225][0.438685,0.690448,0.575184][0.77274,0.564656,0][-0.102131,-0.569667,-1.14225][0.438685,0.690448,0.575184][0.77274,0.564656,0][-0.0972499,-0.56989,-1.14838][0.682893,0.679264,0.268806][0.780411,0.56416,0][-0.100971,-0.570034,-1.14999][0.571575,0.791793,0.215329][0.780649,0.568105,0][-0.0960849,-0.570259,-1.15611][0.741154,0.660818,-0.118362][0.787097,0.564188,0][-0.0972499,-0.56989,-1.14838][0.682893,0.679264,0.268806][0.780411,0.56416,0][-0.0970589,-0.581088,-1.14781][0.705087,-0.62537,0.334313][0.780809,0.554313,0][-0.0970589,-0.581088,-1.14781][0.705087,-0.62537,0.334313][0.780809,0.554313,0][-0.0958949,-0.581457,-1.15555][0.763314,-0.643861,-0.0528694][0.787679,0.554767,0][-0.0960849,-0.570259,-1.15611][0.741154,0.660818,-0.118362][0.787097,0.564188,0][-0.0989499,-0.570673,-1.16339][0.597813,0.640142,-0.482533][0.79378,0.564544,0][-0.0960849,-0.570259,-1.15611][0.741154,0.660818,-0.118362][0.787097,0.564188,0][-0.0958949,-0.581457,-1.15555][0.763314,-0.643861,-0.0528694][0.787679,0.554767,0][-0.0958949,-0.581457,-1.15555][0.763314,-0.643861,-0.0528694][0.787679,0.554767,0][-0.0987589,-0.581871,-1.16283][0.620044,-0.664554,-0.417029][0.794226,0.555267,0][-0.0989499,-0.570673,-1.16339][0.597813,0.640142,-0.482533][0.79378,0.564544,0][-0.105075,-0.571022,-1.16826][0.291384,0.622641,-0.726233][0.800377,0.56495,0][-0.0989499,-0.570673,-1.16339][0.597813,0.640142,-0.482533][0.79378,0.564544,0][-0.0987589,-0.581871,-1.16283][0.620044,-0.664554,-0.417029][0.794226,0.555267,0][-0.0987589,-0.581871,-1.16283][0.620044,-0.664554,-0.417029][0.794226,0.555267,0][-0.104885,-0.58222,-1.1677][0.313577,-0.682014,-0.660702][0.800704,0.555659,0][-0.105075,-0.571022,-1.16826][0.291384,0.622641,-0.726233][0.800377,0.56495,0][-0.112821,-0.571212,-1.16942][-0.0961716,0.613101,-0.784129][0.80718,0.565397,0][-0.105075,-0.571022,-1.16826][0.291384,0.622641,-0.726233][0.800377,0.56495,0][-0.104885,-0.58222,-1.1677][0.313577,-0.682014,-0.660702][0.800704,0.555659,0][-0.104885,-0.58222,-1.1677][0.313577,-0.682014,-0.660702][0.800704,0.555659,0][-0.11263,-0.58241,-1.16886][-0.0739611,-0.691548,-0.718534][0.807296,0.555792,0][-0.112821,-0.571212,-1.16942][-0.0961716,0.613101,-0.784129][0.80718,0.565397,0][-0.120111,-0.571192,-1.16655][-0.46089,0.614106,-0.640667][0.814894,0.566407,0][-0.112821,-0.571212,-1.16942][-0.0961716,0.613101,-0.784129][0.80718,0.565397,0][-0.11263,-0.58241,-1.16886][-0.0739611,-0.691548,-0.718534][0.807296,0.555792,0][-0.11263,-0.58241,-1.16886][-0.0739611,-0.691548,-0.718534][0.807296,0.555792,0][-0.11992,-0.58239,-1.16599][-0.43864,-0.690568,-0.575075][0.8146,0.554973,0][-0.120111,-0.571192,-1.16655][-0.46089,0.614106,-0.640667][0.814894,0.566407,0][-0.124992,-0.570967,-1.16043][-0.705046,0.625409,-0.334325][0.918745,0.822329,0][-0.120111,-0.571192,-1.16655][-0.46089,0.614106,-0.640667][0.926561,0.821199,0][-0.11992,-0.58239,-1.16599][-0.43864,-0.690568,-0.575075][0.926479,0.832908,0][-0.11992,-0.58239,-1.16599][-0.43864,-0.690568,-0.575075][0.926479,0.832908,0][-0.124802,-0.582165,-1.15987][-0.682921,-0.679245,-0.268785][0.919299,0.8321,0][-0.124992,-0.570967,-1.16043][-0.705046,0.625409,-0.334325][0.918745,0.822329,0][-0.126156,-0.570598,-1.15269][-0.763296,0.643886,0.0528219][0.911947,0.822768,0][-0.124992,-0.570967,-1.16043][-0.705046,0.625409,-0.334325][0.918745,0.822329,0][-0.124802,-0.582165,-1.15987][-0.682921,-0.679245,-0.268785][0.919299,0.8321,0][-0.124802,-0.582165,-1.15987][-0.682921,-0.679245,-0.268785][0.919299,0.8321,0][-0.125966,-0.581796,-1.15213][-0.741211,-0.660756,0.118358][0.912437,0.832223,0][-0.126156,-0.570598,-1.15269][-0.763296,0.643886,0.0528219][0.911947,0.822768,0][-0.123292,-0.570184,-1.14541][-0.620038,0.664557,0.417033][0.905359,0.823114,0][-0.126156,-0.570598,-1.15269][-0.763296,0.643886,0.0528219][0.911947,0.822768,0][-0.125966,-0.581796,-1.15213][-0.741211,-0.660756,0.118358][0.912437,0.832223,0][-0.125966,-0.581796,-1.15213][-0.741211,-0.660756,0.118358][0.912437,0.832223,0][-0.123102,-0.581382,-1.14485][-0.597827,-0.640106,0.482563][0.905688,0.832451,0][-0.123292,-0.570184,-1.14541][-0.620038,0.664557,0.417033][0.905359,0.823114,0][-0.117166,-0.569835,-1.14054][-0.313533,0.682036,0.6607][0.898575,0.823468,0][-0.123292,-0.570184,-1.14541][-0.620038,0.664557,0.417033][0.905359,0.823114,0][-0.123102,-0.581382,-1.14485][-0.597827,-0.640106,0.482563][0.905688,0.832451,0][-0.123102,-0.581382,-1.14485][-0.597827,-0.640106,0.482563][0.905688,0.832451,0][-0.116976,-0.581033,-1.13998][-0.2914,-0.622594,0.726266][0.89897,0.832835,0][-0.117166,-0.569835,-1.14054][-0.313533,0.682036,0.6607][0.898575,0.823468,0][-0.109421,-0.569646,-1.13939][0.0740088,0.691434,0.718639][0.89162,0.823536,0][-0.117166,-0.569835,-1.14054][-0.313533,0.682036,0.6607][0.898575,0.823468,0][-0.116976,-0.581033,-1.13998][-0.2914,-0.622594,0.726266][0.89897,0.832835,0][-0.116976,-0.581033,-1.13998][-0.2914,-0.622594,0.726266][0.89897,0.832835,0][-0.109231,-0.580843,-1.13882][0.0961565,-0.613098,0.784133][0.892202,0.83333,0][-0.109421,-0.569646,-1.13939][0.0740088,0.691434,0.718639][0.89162,0.823536,0][-0.102131,-0.569667,-1.14225][0.438685,0.690448,0.575184][0.883894,0.823206,0][-0.109421,-0.569646,-1.13939][0.0740088,0.691434,0.718639][0.89162,0.823536,0][-0.109231,-0.580843,-1.13882][0.0961565,-0.613098,0.784133][0.892202,0.83333,0][-0.109231,-0.580843,-1.13882][0.0961565,-0.613098,0.784133][0.892202,0.83333,0][-0.10194,-0.580863,-1.14169][0.46087,-0.614078,0.640708][0.884987,0.834779,0][-0.102131,-0.569667,-1.14225][0.438685,0.690448,0.575184][0.883894,0.823206,0][-0.0972499,-0.56989,-1.14838][0.682893,0.679264,0.268806][0.780411,0.56416,0][-0.102131,-0.569667,-1.14225][0.438685,0.690448,0.575184][0.77274,0.564656,0][-0.10194,-0.580863,-1.14169][0.46087,-0.614078,0.640708][0.773143,0.552998,0][-0.10194,-0.580863,-1.14169][0.46087,-0.614078,0.640708][0.773143,0.552998,0][-0.0970589,-0.581088,-1.14781][0.705087,-0.62537,0.334313][0.780809,0.554313,0][-0.0972499,-0.56989,-1.14838][0.682893,0.679264,0.268806][0.780411,0.56416,0][-0.0958949,-0.581457,-1.15555][0.763314,-0.643861,-0.0528694][0.787679,0.554767,0][-0.0970589,-0.581088,-1.14781][0.705087,-0.62537,0.334313][0.780809,0.554313,0][-0.100843,-0.581235,-1.14946][0.597631,-0.746458,0.29264][0.781232,0.550018,0][-0.100843,-0.581235,-1.14946][0.597631,-0.746458,0.29264][0.781232,0.550018,0][-0.0999959,-0.581504,-1.15508][0.646657,-0.762047,-0.0334615][0.787842,0.550695,0][-0.0958949,-0.581457,-1.15555][0.763314,-0.643861,-0.0528694][0.787679,0.554767,0][-0.0987589,-0.581871,-1.16283][0.620044,-0.664554,-0.417029][0.794226,0.555267,0][-0.0958949,-0.581457,-1.15555][0.763314,-0.643861,-0.0528694][0.787679,0.554767,0][-0.0999959,-0.581504,-1.15508][0.646657,-0.762047,-0.0334615][0.787842,0.550695,0][-0.0999959,-0.581504,-1.15508][0.646657,-0.762047,-0.0334615][0.787842,0.550695,0][-0.102079,-0.581804,-1.16038][0.525924,-0.779528,-0.340207][0.794379,0.551265,0][-0.0987589,-0.581871,-1.16283][0.620044,-0.664554,-0.417029][0.794226,0.555267,0][-0.104885,-0.58222,-1.1677][0.313577,-0.682014,-0.660702][0.800704,0.555659,0][-0.0987589,-0.581871,-1.16283][0.620044,-0.664554,-0.417029][0.794226,0.555267,0][-0.102079,-0.581804,-1.16038][0.525924,-0.779528,-0.340207][0.794379,0.551265,0][-0.102079,-0.581804,-1.16038][0.525924,-0.779528,-0.340207][0.794379,0.551265,0][-0.106534,-0.582058,-1.16392][0.267851,-0.794198,-0.54544][0.800729,0.551711,0][-0.104885,-0.58222,-1.1677][0.313577,-0.682014,-0.660702][0.800704,0.555659,0][-0.11263,-0.58241,-1.16886][-0.0739611,-0.691548,-0.718534][0.807296,0.555792,0][-0.104885,-0.58222,-1.1677][0.313577,-0.682014,-0.660702][0.800704,0.555659,0][-0.106534,-0.582058,-1.16392][0.267851,-0.794198,-0.54544][0.800729,0.551711,0][-0.106534,-0.582058,-1.16392][0.267851,-0.794198,-0.54544][0.800729,0.551711,0][-0.112167,-0.582196,-1.16476][-0.0585621,-0.802221,-0.594148][0.807042,0.551957,0][-0.11263,-0.58241,-1.16886][-0.0739611,-0.691548,-0.718534][0.807296,0.555792,0][-0.11992,-0.58239,-1.16599][-0.43864,-0.690568,-0.575075][0.8146,0.554973,0][-0.11263,-0.58241,-1.16886][-0.0739611,-0.691548,-0.718534][0.807296,0.555792,0][-0.112167,-0.582196,-1.16476][-0.0585621,-0.802221,-0.594148][0.807042,0.551957,0][-0.112167,-0.582196,-1.16476][-0.0585621,-0.802221,-0.594148][0.807042,0.551957,0][-0.117468,-0.582181,-1.16268][-0.365731,-0.801418,-0.473255][0.81301,0.551146,0][-0.11992,-0.58239,-1.16599][-0.43864,-0.690568,-0.575075][0.8146,0.554973,0][-0.124802,-0.582165,-1.15987][-0.682921,-0.679245,-0.268785][0.919299,0.8321,0][-0.11992,-0.58239,-1.16599][-0.43864,-0.690568,-0.575075][0.926479,0.832908,0][-0.117468,-0.582181,-1.16268][-0.365731,-0.801418,-0.473255][0.925008,0.83659,0][-0.117468,-0.582181,-1.16268][-0.365731,-0.801418,-0.473255][0.925008,0.83659,0][-0.121018,-0.582018,-1.15822][-0.571458,-0.791857,-0.215403][0.918959,0.836139,0][-0.124802,-0.582165,-1.15987][-0.682921,-0.679245,-0.268785][0.919299,0.8321,0][-0.125966,-0.581796,-1.15213][-0.741211,-0.660756,0.118358][0.912437,0.832223,0][-0.124802,-0.582165,-1.15987][-0.682921,-0.679245,-0.268785][0.919299,0.8321,0][-0.121018,-0.582018,-1.15822][-0.571458,-0.791857,-0.215403][0.918959,0.836139,0][-0.121018,-0.582018,-1.15822][-0.571458,-0.791857,-0.215403][0.918959,0.836139,0][-0.121865,-0.581751,-1.1526][-0.620579,-0.776292,0.110693][0.91255,0.836592,0][-0.125966,-0.581796,-1.15213][-0.741211,-0.660756,0.118358][0.912437,0.832223,0][-0.123102,-0.581382,-1.14485][-0.597827,-0.640106,0.482563][0.905688,0.832451,0][-0.125966,-0.581796,-1.15213][-0.741211,-0.660756,0.118358][0.912437,0.832223,0][-0.121865,-0.581751,-1.1526][-0.620579,-0.776292,0.110693][0.91255,0.836592,0][-0.121865,-0.581751,-1.1526][-0.620579,-0.776292,0.110693][0.91255,0.836592,0][-0.119782,-0.581448,-1.1473][-0.499705,-0.758946,0.417487][0.905982,0.836593,0][-0.123102,-0.581382,-1.14485][-0.597827,-0.640106,0.482563][0.905688,0.832451,0][-0.116976,-0.581033,-1.13998][-0.2914,-0.622594,0.726266][0.89897,0.832835,0][-0.123102,-0.581382,-1.14485][-0.597827,-0.640106,0.482563][0.905688,0.832451,0][-0.119782,-0.581448,-1.1473][-0.499705,-0.758946,0.417487][0.905982,0.836593,0][-0.119782,-0.581448,-1.1473][-0.499705,-0.758946,0.417487][0.905982,0.836593,0][-0.115327,-0.581195,-1.14376][-0.241728,-0.744131,0.622765][0.899373,0.836861,0][-0.116976,-0.581033,-1.13998][-0.2914,-0.622594,0.726266][0.89897,0.832835,0][-0.109231,-0.580843,-1.13882][0.0961565,-0.613098,0.784133][0.892202,0.83333,0][-0.116976,-0.581033,-1.13998][-0.2914,-0.622594,0.726266][0.89897,0.832835,0][-0.115327,-0.581195,-1.14376][-0.241728,-0.744131,0.622765][0.899373,0.836861,0][-0.115327,-0.581195,-1.14376][-0.241728,-0.744131,0.622765][0.899373,0.836861,0][-0.109694,-0.581057,-1.14292][0.0847124,-0.73612,0.671529][0.892891,0.83728,0][-0.109231,-0.580843,-1.13882][0.0961565,-0.613098,0.784133][0.892202,0.83333,0][-0.10194,-0.580863,-1.14169][0.46087,-0.614078,0.640708][0.884987,0.834779,0][-0.109231,-0.580843,-1.13882][0.0961565,-0.613098,0.784133][0.892202,0.83333,0][-0.109694,-0.581057,-1.14292][0.0847124,-0.73612,0.671529][0.892891,0.83728,0][-0.109694,-0.581057,-1.14292][0.0847124,-0.73612,0.671529][0.892891,0.83728,0][-0.104392,-0.581071,-1.145][0.391905,-0.737069,0.550581][0.886752,0.838339,0][-0.10194,-0.580863,-1.14169][0.46087,-0.614078,0.640708][0.884987,0.834779,0][-0.0970589,-0.581088,-1.14781][0.705087,-0.62537,0.334313][0.780809,0.554313,0][-0.10194,-0.580863,-1.14169][0.46087,-0.614078,0.640708][0.773143,0.552998,0][-0.104392,-0.581071,-1.145][0.391905,-0.737069,0.550581][0.77498,0.548892,0][-0.104392,-0.581071,-1.145][0.391905,-0.737069,0.550581][0.77498,0.548892,0][-0.100843,-0.581235,-1.14946][0.597631,-0.746458,0.29264][0.781232,0.550018,0][-0.0970589,-0.581088,-1.14781][0.705087,-0.62537,0.334313][0.780809,0.554313,0][-0.0991789,-0.629526,-1.15267][0.993528,0.0112029,-0.113035][0.790558,0.495313,0][-0.0999959,-0.581504,-1.15508][0.646657,-0.762047,-0.0334615][0.787842,0.550695,0][-0.100843,-0.581235,-1.14946][0.597631,-0.746458,0.29264][0.781232,0.550018,0][-0.100843,-0.581235,-1.14946][0.597631,-0.746458,0.29264][0.781232,0.550018,0][-0.100026,-0.629257,-1.14705][0.91658,0.0355745,0.398265][0.78427,0.495589,0][-0.0991789,-0.629526,-1.15267][0.993528,0.0112029,-0.113035][0.790558,0.495313,0][-0.101262,-0.629827,-1.15797][0.804249,-0.0161755,-0.594073][0.797055,0.495017,0][-0.102079,-0.581804,-1.16038][0.525924,-0.779528,-0.340207][0.794379,0.551265,0][-0.0999959,-0.581504,-1.15508][0.646657,-0.762047,-0.0334615][0.787842,0.550695,0][-0.0999959,-0.581504,-1.15508][0.646657,-0.762047,-0.0334615][0.787842,0.550695,0][-0.0991789,-0.629526,-1.15267][0.993528,0.0112029,-0.113035][0.790558,0.495313,0][-0.101262,-0.629827,-1.15797][0.804249,-0.0161755,-0.594073][0.797055,0.495017,0][-0.105717,-0.63008,-1.16151][0.53241,0.0823308,-0.842473][0.803848,0.494667,0][-0.106534,-0.582058,-1.16392][0.267851,-0.794198,-0.54544][0.800729,0.551711,0][-0.102079,-0.581804,-1.16038][0.525924,-0.779528,-0.340207][0.794379,0.551265,0][-0.102079,-0.581804,-1.16038][0.525924,-0.779528,-0.340207][0.794379,0.551265,0][-0.101262,-0.629827,-1.15797][0.804249,-0.0161755,-0.594073][0.797055,0.495017,0][-0.105717,-0.63008,-1.16151][0.53241,0.0823308,-0.842473][0.803848,0.494667,0][-0.11135,-0.630218,-1.16235][-0.145348,0.561127,-0.814869][0.81069,0.495589,0][-0.112167,-0.582196,-1.16476][-0.0585621,-0.802221,-0.594148][0.807042,0.551957,0][-0.106534,-0.582058,-1.16392][0.267851,-0.794198,-0.54544][0.800729,0.551711,0][-0.106534,-0.582058,-1.16392][0.267851,-0.794198,-0.54544][0.800729,0.551711,0][-0.105717,-0.63008,-1.16151][0.53241,0.0823308,-0.842473][0.803848,0.494667,0][-0.11135,-0.630218,-1.16235][-0.145348,0.561127,-0.814869][0.81069,0.495589,0][-0.116652,-0.630204,-1.16026][-0.583207,0.369227,-0.723561][0.816831,0.497606,0][-0.117468,-0.582181,-1.16268][-0.365731,-0.801418,-0.473255][0.81301,0.551146,0][-0.112167,-0.582196,-1.16476][-0.0585621,-0.802221,-0.594148][0.807042,0.551957,0][-0.112167,-0.582196,-1.16476][-0.0585621,-0.802221,-0.594148][0.807042,0.551957,0][-0.11135,-0.630218,-1.16235][-0.145348,0.561127,-0.814869][0.81069,0.495589,0][-0.116652,-0.630204,-1.16026][-0.583207,0.369227,-0.723561][0.816831,0.497606,0][-0.120202,-0.630041,-1.15581][-0.809324,0.4681,-0.354791][0.922147,0.892675,0][-0.121018,-0.582018,-1.15822][-0.571458,-0.791857,-0.215403][0.918959,0.836139,0][-0.117468,-0.582181,-1.16268][-0.365731,-0.801418,-0.473255][0.925008,0.83659,0][-0.117468,-0.582181,-1.16268][-0.365731,-0.801418,-0.473255][0.925008,0.83659,0][-0.116652,-0.630204,-1.16026][-0.583207,0.369227,-0.723561][0.928351,0.890596,0][-0.120202,-0.630041,-1.15581][-0.809324,0.4681,-0.354791][0.922147,0.892675,0][-0.121049,-0.629772,-1.15018][-0.962474,0.110263,0.247963][0.915135,0.89376,0][-0.121865,-0.581751,-1.1526][-0.620579,-0.776292,0.110693][0.91255,0.836592,0][-0.121018,-0.582018,-1.15822][-0.571458,-0.791857,-0.215403][0.918959,0.836139,0][-0.121018,-0.582018,-1.15822][-0.571458,-0.791857,-0.215403][0.918959,0.836139,0][-0.120202,-0.630041,-1.15581][-0.809324,0.4681,-0.354791][0.922147,0.892675,0][-0.121049,-0.629772,-1.15018][-0.962474,0.110263,0.247963][0.915135,0.89376,0][-0.118966,-0.629471,-1.14489][-0.804256,0.0161596,0.594063][0.908316,0.893373,0][-0.119782,-0.581448,-1.1473][-0.499705,-0.758946,0.417487][0.905982,0.836593,0][-0.121865,-0.581751,-1.1526][-0.620579,-0.776292,0.110693][0.91255,0.836592,0][-0.121865,-0.581751,-1.1526][-0.620579,-0.776292,0.110693][0.91255,0.836592,0][-0.121049,-0.629772,-1.15018][-0.962474,0.110263,0.247963][0.915135,0.89376,0][-0.118966,-0.629471,-1.14489][-0.804256,0.0161596,0.594063][0.908316,0.893373,0][-0.114511,-0.629218,-1.14135][-0.399461,0.0392192,0.915911][0.901743,0.892994,0][-0.115327,-0.581195,-1.14376][-0.241728,-0.744131,0.622765][0.899373,0.836861,0][-0.119782,-0.581448,-1.1473][-0.499705,-0.758946,0.417487][0.905982,0.836593,0][-0.119782,-0.581448,-1.1473][-0.499705,-0.758946,0.417487][0.905982,0.836593,0][-0.118966,-0.629471,-1.14489][-0.804256,0.0161596,0.594063][0.908316,0.893373,0][-0.114511,-0.629218,-1.14135][-0.399461,0.0392192,0.915911][0.901743,0.892994,0][-0.108878,-0.62908,-1.14051][0.112304,0.0517684,0.992324][0.895404,0.892626,0][-0.109694,-0.581057,-1.14292][0.0847124,-0.73612,0.671529][0.892891,0.83728,0][-0.115327,-0.581195,-1.14376][-0.241728,-0.744131,0.622765][0.899373,0.836861,0][-0.115327,-0.581195,-1.14376][-0.241728,-0.744131,0.622765][0.899373,0.836861,0][-0.114511,-0.629218,-1.14135][-0.399461,0.0392192,0.915911][0.901743,0.892994,0][-0.108878,-0.62908,-1.14051][0.112304,0.0517684,0.992324][0.895404,0.892626,0][-0.103576,-0.629094,-1.14259][0.594008,0.0504313,0.802877][0.889184,0.892323,0][-0.104392,-0.581071,-1.145][0.391905,-0.737069,0.550581][0.886752,0.838339,0][-0.109694,-0.581057,-1.14292][0.0847124,-0.73612,0.671529][0.892891,0.83728,0][-0.109694,-0.581057,-1.14292][0.0847124,-0.73612,0.671529][0.892891,0.83728,0][-0.108878,-0.62908,-1.14051][0.112304,0.0517684,0.992324][0.895404,0.892626,0][-0.103576,-0.629094,-1.14259][0.594008,0.0504313,0.802877][0.889184,0.892323,0][-0.100026,-0.629257,-1.14705][0.91658,0.0355745,0.398265][0.78427,0.495589,0][-0.100843,-0.581235,-1.14946][0.597631,-0.746458,0.29264][0.781232,0.550018,0][-0.104392,-0.581071,-1.145][0.391905,-0.737069,0.550581][0.77498,0.548892,0][-0.104392,-0.581071,-1.145][0.391905,-0.737069,0.550581][0.77498,0.548892,0][-0.103576,-0.629094,-1.14259][0.594008,0.0504313,0.802877][0.778175,0.495796,0][-0.100026,-0.629257,-1.14705][0.91658,0.0355745,0.398265][0.78427,0.495589,0][-0.0980199,-0.697696,-1.14925][0.978541,-0.179347,-0.101447][0.771808,0.427078,0][-0.0988669,-0.697428,-1.14362][0.90302,-0.155356,0.400524][0.767648,0.427861,0][-0.0998309,-0.700098,-1.14393][0.574429,-0.767947,0.283353][0.767591,0.425602,0][-0.0998309,-0.700098,-1.14393][0.574429,-0.767947,0.283353][0.767591,0.425602,0][-0.0990689,-0.700339,-1.14899][0.621443,-0.782903,-0.0295232][0.771232,0.425256,0][-0.0980199,-0.697696,-1.14925][0.978541,-0.179347,-0.101447][0.771808,0.427078,0][-0.100103,-0.697996,-1.15454][0.792774,-0.206098,-0.573613][0.775234,0.425467,0][-0.0980199,-0.697696,-1.14925][0.978541,-0.179347,-0.101447][0.771808,0.427078,0][-0.0990689,-0.700339,-1.14899][0.621443,-0.782903,-0.0295232][0.771232,0.425256,0][-0.0990689,-0.700339,-1.14899][0.621443,-0.782903,-0.0295232][0.771232,0.425256,0][-0.100944,-0.700611,-1.15376][0.505629,-0.799663,-0.323851][0.774186,0.423924,0][-0.100103,-0.697996,-1.15454][0.792774,-0.206098,-0.573613][0.775234,0.425467,0][-0.104558,-0.698251,-1.15809][0.395411,-0.228771,-0.889558][0.778072,0.422896,0][-0.100103,-0.697996,-1.15454][0.792774,-0.206098,-0.573613][0.775234,0.425467,0][-0.100944,-0.700611,-1.15376][0.505629,-0.799663,-0.323851][0.774186,0.423924,0][-0.100944,-0.700611,-1.15376][0.505629,-0.799663,-0.323851][0.774186,0.423924,0][-0.104953,-0.700839,-1.15695][0.257886,-0.813744,-0.52088][0.776523,0.421691,0][-0.104558,-0.698251,-1.15809][0.395411,-0.228771,-0.889558][0.778072,0.422896,0][-0.110191,-0.698389,-1.15893][-0.107003,-0.241066,-0.964592][0.780303,0.419306,0][-0.104558,-0.698251,-1.15809][0.395411,-0.228771,-0.889558][0.778072,0.422896,0][-0.104953,-0.700839,-1.15695][0.257886,-0.813744,-0.52088][0.776523,0.421691,0][-0.104953,-0.700839,-1.15695][0.257886,-0.813744,-0.52088][0.776523,0.421691,0][-0.110023,-0.700963,-1.1577][-0.0552601,-0.821382,-0.567695][0.778216,0.41842,0][-0.110191,-0.698389,-1.15893][-0.107003,-0.241066,-0.964592][0.780303,0.419306,0][-0.115493,-0.698375,-1.15684][-0.579886,-0.239743,-0.778624][0.781979,0.414274,0][-0.110191,-0.698389,-1.15893][-0.107003,-0.241066,-0.964592][0.780303,0.419306,0][-0.110023,-0.700963,-1.1577][-0.0552601,-0.821382,-0.567695][0.778216,0.41842,0][-0.110023,-0.700963,-1.1577][-0.0552601,-0.821382,-0.567695][0.778216,0.41842,0][-0.114795,-0.700951,-1.15583][-0.350111,-0.820645,-0.451625][0.779018,0.413858,0][-0.115493,-0.698375,-1.15684][-0.579886,-0.239743,-0.778624][0.781979,0.414274,0][-0.119043,-0.698211,-1.15239][-0.896552,-0.225285,-0.381367][0.891282,0.970819,0][-0.115493,-0.698375,-1.15684][-0.579886,-0.239743,-0.778624][0.893234,0.975966,0][-0.114795,-0.700951,-1.15583][-0.350111,-0.820645,-0.451625][0.890176,0.976532,0][-0.114795,-0.700951,-1.15583][-0.350111,-0.820645,-0.451625][0.890176,0.976532,0][-0.117989,-0.700803,-1.15182][-0.547485,-0.811595,-0.203897][0.88912,0.971808,0][-0.119043,-0.698211,-1.15239][-0.896552,-0.225285,-0.381367][0.891282,0.970819,0][-0.11989,-0.697942,-1.14676][-0.972111,-0.201207,0.120479][0.888914,0.967098,0][-0.119043,-0.698211,-1.15239][-0.896552,-0.225285,-0.381367][0.891282,0.970819,0][-0.117989,-0.700803,-1.15182][-0.547485,-0.811595,-0.203897][0.88912,0.971808,0][-0.117989,-0.700803,-1.15182][-0.547485,-0.811595,-0.203897][0.88912,0.971808,0][-0.118752,-0.700562,-1.14675][-0.594612,-0.796618,0.108797][0.88737,0.968406,0][-0.11989,-0.697942,-1.14676][-0.972111,-0.201207,0.120479][0.888914,0.967098,0][-0.117807,-0.697642,-1.14147][-0.786243,-0.174519,0.59276][0.885868,0.964587,0][-0.11989,-0.697942,-1.14676][-0.972111,-0.201207,0.120479][0.888914,0.967098,0][-0.118752,-0.700562,-1.14675][-0.594612,-0.796618,0.108797][0.88737,0.968406,0][-0.118752,-0.700562,-1.14675][-0.594612,-0.796618,0.108797][0.88737,0.968406,0][-0.116877,-0.70029,-1.14199][-0.478638,-0.779936,0.403245][0.884814,0.966179,0][-0.117807,-0.697642,-1.14147][-0.786243,-0.174519,0.59276][0.885868,0.964587,0][-0.113352,-0.697388,-1.13792][-0.388915,-0.151858,0.908672][0.882324,0.962887,0][-0.117807,-0.697642,-1.14147][-0.786243,-0.174519,0.59276][0.885868,0.964587,0][-0.116877,-0.70029,-1.14199][-0.478638,-0.779936,0.403245][0.884814,0.966179,0][-0.116877,-0.70029,-1.14199][-0.478638,-0.779936,0.403245][0.884814,0.966179,0][-0.112867,-0.700062,-1.1388][-0.231011,-0.765841,0.600101][0.881781,0.964836,0][-0.113352,-0.697388,-1.13792][-0.388915,-0.151858,0.908672][0.882324,0.962887,0][-0.107719,-0.69725,-1.13708][0.113477,-0.139524,0.983695][0.877958,0.962121,0][-0.113352,-0.697388,-1.13792][-0.388915,-0.151858,0.908672][0.882324,0.962887,0][-0.112867,-0.700062,-1.1388][-0.231011,-0.765841,0.600101][0.881781,0.964836,0][-0.112867,-0.700062,-1.1388][-0.231011,-0.765841,0.600101][0.881781,0.964836,0][-0.107798,-0.699938,-1.13804][0.0820799,-0.758097,0.646956][0.877956,0.964493,0][-0.107719,-0.69725,-1.13708][0.113477,-0.139524,0.983695][0.877958,0.962121,0][-0.102417,-0.697264,-1.13917][0.586358,-0.140759,0.797729][0.872646,0.962272,0][-0.107719,-0.69725,-1.13708][0.113477,-0.139524,0.983695][0.877958,0.962121,0][-0.107798,-0.699938,-1.13804][0.0820799,-0.758097,0.646956][0.877956,0.964493,0][-0.107798,-0.699938,-1.13804][0.0820799,-0.758097,0.646956][0.877956,0.964493,0][-0.103026,-0.699952,-1.13992][0.376923,-0.75894,0.530979][0.873142,0.965301,0][-0.102417,-0.697264,-1.13917][0.586358,-0.140759,0.797729][0.872646,0.962272,0][-0.0988669,-0.697428,-1.14362][0.90302,-0.155356,0.400524][0.767648,0.427861,0][-0.102417,-0.697264,-1.13917][0.586358,-0.140759,0.797729][0.762457,0.42762,0][-0.103026,-0.699952,-1.13992][0.376923,-0.75894,0.530979][0.763101,0.42475,0][-0.103026,-0.699952,-1.13992][0.376923,-0.75894,0.530979][0.763101,0.42475,0][-0.0998309,-0.700098,-1.14393][0.574429,-0.767947,0.283353][0.767591,0.425602,0][-0.0988669,-0.697428,-1.14362][0.90302,-0.155356,0.400524][0.767648,0.427861,0][-0.107798,-0.699938,-1.13804][0.0820799,-0.758097,0.646956][0.877956,0.964493,0][-0.112867,-0.700062,-1.1388][-0.231011,-0.765841,0.600101][0.881781,0.964836,0][-0.116877,-0.70029,-1.14199][-0.478638,-0.779936,0.403245][0.884814,0.966179,0][-0.116877,-0.70029,-1.14199][-0.478638,-0.779936,0.403245][0.884814,0.966179,0][-0.112893,-0.70037,-1.14493][0.016911,-0.998595,0.0502208][0.882811,0.969297,0][-0.107798,-0.699938,-1.13804][0.0820799,-0.758097,0.646956][0.877956,0.964493,0][-0.118752,-0.700562,-1.14675][-0.594612,-0.796618,0.108797][0.88737,0.968406,0][-0.117989,-0.700803,-1.15182][-0.547485,-0.811595,-0.203897][0.88912,0.971808,0][-0.112893,-0.70037,-1.14493][0.016911,-0.998595,0.0502208][0.882811,0.969297,0][-0.112893,-0.70037,-1.14493][0.016911,-0.998595,0.0502208][0.882811,0.969297,0][-0.116877,-0.70029,-1.14199][-0.478638,-0.779936,0.403245][0.884814,0.966179,0][-0.118752,-0.700562,-1.14675][-0.594612,-0.796618,0.108797][0.88737,0.968406,0][-0.104927,-0.700531,-1.15081][0.0170104,-0.998598,0.0501214][0.772117,0.420912,0][-0.0998309,-0.700098,-1.14393][0.574429,-0.767947,0.283353][0.767591,0.425602,0][-0.103026,-0.699952,-1.13992][0.376923,-0.75894,0.530979][0.763101,0.42475,0][-0.103026,-0.699952,-1.13992][0.376923,-0.75894,0.530979][0.763101,0.42475,0][-0.10891,-0.700451,-1.14787][0.0169134,-0.998597,0.0501782][0.769453,0.417006,0][-0.104927,-0.700531,-1.15081][0.0170104,-0.998598,0.0501214][0.772117,0.420912,0][-0.110023,-0.700963,-1.1577][-0.0552601,-0.821382,-0.567695][0.778216,0.41842,0][-0.104927,-0.700531,-1.15081][0.0170104,-0.998598,0.0501214][0.772117,0.420912,0][-0.10891,-0.700451,-1.14787][0.0169134,-0.998597,0.0501782][0.769453,0.417006,0][-0.10891,-0.700451,-1.14787][0.0169134,-0.998597,0.0501782][0.769453,0.417006,0][-0.114795,-0.700951,-1.15583][-0.350111,-0.820645,-0.451625][0.779018,0.413858,0][-0.110023,-0.700963,-1.1577][-0.0552601,-0.821382,-0.567695][0.778216,0.41842,0][-0.114511,-0.629218,-1.14135][-0.399461,0.0392192,0.915911][0.901743,0.892994,0][-0.118966,-0.629471,-1.14489][-0.804256,0.0161596,0.594063][0.908316,0.893373,0][-0.118733,-0.64314,-1.1442][-0.804246,0.0161588,0.594076][0.906614,0.909623,0][-0.118733,-0.64314,-1.1442][-0.804246,0.0161588,0.594076][0.906614,0.909623,0][-0.114278,-0.642887,-1.14066][-0.399458,0.039214,0.915913][0.899994,0.90853,0][-0.114511,-0.629218,-1.14135][-0.399461,0.0392192,0.915911][0.901743,0.892994,0][-0.108878,-0.62908,-1.14051][0.112304,0.0517684,0.992324][0.895404,0.892626,0][-0.114511,-0.629218,-1.14135][-0.399461,0.0392192,0.915911][0.901743,0.892994,0][-0.114278,-0.642887,-1.14066][-0.399458,0.039214,0.915913][0.899994,0.90853,0][-0.114278,-0.642887,-1.14066][-0.399458,0.039214,0.915913][0.899994,0.90853,0][-0.108645,-0.642749,-1.13982][0.112342,0.0517612,0.992321][0.893667,0.907459,0][-0.108878,-0.62908,-1.14051][0.112304,0.0517684,0.992324][0.895404,0.892626,0][-0.103576,-0.629094,-1.14259][0.594008,0.0504313,0.802877][0.889184,0.892323,0][-0.108878,-0.62908,-1.14051][0.112304,0.0517684,0.992324][0.895404,0.892626,0][-0.108645,-0.642749,-1.13982][0.112342,0.0517612,0.992321][0.893667,0.907459,0][-0.108645,-0.642749,-1.13982][0.112342,0.0517612,0.992321][0.893667,0.907459,0][-0.103344,-0.642763,-1.14191][0.594064,0.050416,0.802836][0.88759,0.906392,0][-0.103576,-0.629094,-1.14259][0.594008,0.0504313,0.802877][0.889184,0.892323,0][-0.100026,-0.629257,-1.14705][0.91658,0.0355745,0.398265][0.78427,0.495589,0][-0.103576,-0.629094,-1.14259][0.594008,0.0504313,0.802877][0.778175,0.495796,0][-0.103344,-0.642763,-1.14191][0.594064,0.050416,0.802836][0.776804,0.481982,0][-0.103344,-0.642763,-1.14191][0.594064,0.050416,0.802836][0.776804,0.481982,0][-0.0997939,-0.642927,-1.14636][0.9166,0.0355643,0.398222][0.782744,0.481001,0][-0.100026,-0.629257,-1.14705][0.91658,0.0355745,0.398265][0.78427,0.495589,0][-0.0991789,-0.629526,-1.15267][0.993528,0.0112029,-0.113035][0.790558,0.495313,0][-0.100026,-0.629257,-1.14705][0.91658,0.0355745,0.398265][0.78427,0.495589,0][-0.0997939,-0.642927,-1.14636][0.9166,0.0355643,0.398222][0.782744,0.481001,0][-0.0997939,-0.642927,-1.14636][0.9166,0.0355643,0.398222][0.782744,0.481001,0][-0.0989469,-0.643196,-1.15199][0.99353,0.011189,-0.113014][0.789008,0.479998,0][-0.0991789,-0.629526,-1.15267][0.993528,0.0112029,-0.113035][0.790558,0.495313,0][-0.101262,-0.629827,-1.15797][0.804249,-0.0161755,-0.594073][0.797055,0.495017,0][-0.0991789,-0.629526,-1.15267][0.993528,0.0112029,-0.113035][0.790558,0.495313,0][-0.0989469,-0.643196,-1.15199][0.99353,0.011189,-0.113014][0.789008,0.479998,0][-0.0989469,-0.643196,-1.15199][0.99353,0.011189,-0.113014][0.789008,0.479998,0][-0.10103,-0.643496,-1.15728][0.804254,-0.0161891,-0.594065][0.795491,0.478968,0][-0.101262,-0.629827,-1.15797][0.804249,-0.0161755,-0.594073][0.797055,0.495017,0][-0.105717,-0.63008,-1.16151][0.53241,0.0823308,-0.842473][0.803848,0.494667,0][-0.101262,-0.629827,-1.15797][0.804249,-0.0161755,-0.594073][0.797055,0.495017,0][-0.10103,-0.643496,-1.15728][0.804254,-0.0161891,-0.594065][0.795491,0.478968,0][-0.10103,-0.643496,-1.15728][0.804254,-0.0161891,-0.594065][0.795491,0.478968,0][-0.105485,-0.64375,-1.16082][0.695289,-0.0242828,-0.71832][0.802112,0.477924,0][-0.105717,-0.63008,-1.16151][0.53241,0.0823308,-0.842473][0.803848,0.494667,0][-0.138487,-0.63381,-1.19664][-0.393379,0.739323,-0.546493][0.863428,0.477809,0][-0.136086,-0.63386,-1.19845][0.156564,0.592943,-0.789877][0.861728,0.475962,0][-0.135865,-0.646846,-1.1978][0.147658,-0.580879,-0.800485][0.862816,0.470326,0][-0.135865,-0.646846,-1.1978][0.147658,-0.580879,-0.800485][0.862816,0.470326,0][-0.138344,-0.646795,-1.19595][-0.430918,-0.707549,-0.560074][0.864875,0.469378,0][-0.138487,-0.63381,-1.19664][-0.393379,0.739323,-0.546493][0.863428,0.477809,0][-0.141785,-0.633743,-1.19419][-0.390318,0.739291,-0.548726][0.866769,0.48099,0][-0.138487,-0.63381,-1.19664][-0.393379,0.739323,-0.546493][0.863428,0.477809,0][-0.138344,-0.646795,-1.19595][-0.430918,-0.707549,-0.560074][0.864875,0.469378,0][-0.138344,-0.646795,-1.19595][-0.430918,-0.707549,-0.560074][0.864875,0.469378,0][-0.141509,-0.646731,-1.19361][-0.428969,-0.707449,-0.561695][0.868577,0.468238,0][-0.141785,-0.633743,-1.19419][-0.390318,0.739291,-0.548726][0.866769,0.48099,0][-0.145096,-0.633677,-1.19176][-0.387128,0.739488,-0.550717][0.976155,0.911006,0][-0.141785,-0.633743,-1.19419][-0.390318,0.739291,-0.548726][0.979569,0.907805,0][-0.141509,-0.646731,-1.19361][-0.428969,-0.707449,-0.561695][0.981353,0.920688,0][-0.141509,-0.646731,-1.19361][-0.428969,-0.707449,-0.561695][0.981353,0.920688,0][-0.144874,-0.646665,-1.19113][-0.426828,-0.707883,-0.562778][0.977426,0.919441,0][-0.145096,-0.633677,-1.19176][-0.387128,0.739488,-0.550717][0.976155,0.911006,0][-0.147533,-0.63363,-1.19][-0.785186,0.6121,-0.0938938][0.974333,0.912921,0][-0.145096,-0.633677,-1.19176][-0.387128,0.739488,-0.550717][0.976155,0.911006,0][-0.144874,-0.646665,-1.19113][-0.426828,-0.707883,-0.562778][0.977426,0.919441,0][-0.144874,-0.646665,-1.19113][-0.426828,-0.707883,-0.562778][0.977426,0.919441,0][-0.147312,-0.646616,-1.18935][-0.823243,-0.561616,-0.0828181][0.975418,0.918509,0][-0.147533,-0.63363,-1.19][-0.785186,0.6121,-0.0938938][0.974333,0.912921,0][-0.118966,-0.629471,-1.14489][-0.804256,0.0161596,0.594063][0.908316,0.893373,0][-0.121049,-0.629772,-1.15018][-0.962474,0.110263,0.247963][0.915135,0.89376,0][-0.120816,-0.643443,-1.1495][-0.891214,0.00762066,0.453519][0.913398,0.910703,0][-0.120816,-0.643443,-1.1495][-0.891214,0.00762066,0.453519][0.913398,0.910703,0][-0.118733,-0.64314,-1.1442][-0.804246,0.0161588,0.594076][0.906614,0.909623,0][-0.118966,-0.629471,-1.14489][-0.804256,0.0161596,0.594063][0.908316,0.893373,0][-0.113556,-0.68537,-1.13853][-0.399464,0.0392175,0.915909][0.886078,0.953553,0][-0.118011,-0.685623,-1.14207][-0.804249,0.0161714,0.594073][0.891293,0.955875,0][-0.117807,-0.697642,-1.14147][-0.786243,-0.174519,0.59276][0.885868,0.964587,0][-0.117807,-0.697642,-1.14147][-0.786243,-0.174519,0.59276][0.885868,0.964587,0][-0.113352,-0.697388,-1.13792][-0.388915,-0.151858,0.908672][0.882324,0.962887,0][-0.113556,-0.68537,-1.13853][-0.399464,0.0392175,0.915909][0.886078,0.953553,0][-0.107923,-0.685233,-1.13769][0.112318,0.0517479,0.992324][0.880765,0.951747,0][-0.113556,-0.68537,-1.13853][-0.399464,0.0392175,0.915909][0.886078,0.953553,0][-0.113352,-0.697388,-1.13792][-0.388915,-0.151858,0.908672][0.882324,0.962887,0][-0.113352,-0.697388,-1.13792][-0.388915,-0.151858,0.908672][0.882324,0.962887,0][-0.107719,-0.69725,-1.13708][0.113477,-0.139524,0.983695][0.877958,0.962121,0][-0.107923,-0.685233,-1.13769][0.112318,0.0517479,0.992324][0.880765,0.951747,0][-0.102621,-0.685246,-1.13977][0.594058,0.0504276,0.80284][0.87514,0.950109,0][-0.107923,-0.685233,-1.13769][0.112318,0.0517479,0.992324][0.880765,0.951747,0][-0.107719,-0.69725,-1.13708][0.113477,-0.139524,0.983695][0.877958,0.962121,0][-0.107719,-0.69725,-1.13708][0.113477,-0.139524,0.983695][0.877958,0.962121,0][-0.102417,-0.697264,-1.13917][0.586358,-0.140759,0.797729][0.872646,0.962272,0][-0.102621,-0.685246,-1.13977][0.594058,0.0504276,0.80284][0.87514,0.950109,0][-0.0990719,-0.68541,-1.14423][0.916599,0.0355975,0.398221][0.770401,0.437933,0][-0.102621,-0.685246,-1.13977][0.594058,0.0504276,0.80284][0.76493,0.439508,0][-0.102417,-0.697264,-1.13917][0.586358,-0.140759,0.797729][0.762457,0.42762,0][-0.102417,-0.697264,-1.13917][0.586358,-0.140759,0.797729][0.762457,0.42762,0][-0.0988669,-0.697428,-1.14362][0.90302,-0.155356,0.400524][0.767648,0.427861,0][-0.0990719,-0.68541,-1.14423][0.916599,0.0355975,0.398221][0.770401,0.437933,0][-0.0982249,-0.685677,-1.14985][0.993529,0.0112569,-0.113019][0.775547,0.436137,0][-0.0990719,-0.68541,-1.14423][0.916599,0.0355975,0.398221][0.770401,0.437933,0][-0.0988669,-0.697428,-1.14362][0.90302,-0.155356,0.400524][0.767648,0.427861,0][-0.0988669,-0.697428,-1.14362][0.90302,-0.155356,0.400524][0.767648,0.427861,0][-0.0980199,-0.697696,-1.14925][0.978541,-0.179347,-0.101447][0.771808,0.427078,0][-0.0982249,-0.685677,-1.14985][0.993529,0.0112569,-0.113019][0.775547,0.436137,0][-0.100308,-0.685979,-1.15515][0.804258,-0.0161297,-0.594062][0.780492,0.433717,0][-0.0982249,-0.685677,-1.14985][0.993529,0.0112569,-0.113019][0.775547,0.436137,0][-0.0980199,-0.697696,-1.14925][0.978541,-0.179347,-0.101447][0.771808,0.427078,0][-0.0980199,-0.697696,-1.14925][0.978541,-0.179347,-0.101447][0.771808,0.427078,0][-0.100103,-0.697996,-1.15454][0.792774,-0.206098,-0.573613][0.775234,0.425467,0][-0.100308,-0.685979,-1.15515][0.804258,-0.0161297,-0.594062][0.780492,0.433717,0][-0.104763,-0.686233,-1.15869][0.526373,-0.147256,-0.837405][0.78562,0.430691,0][-0.100308,-0.685979,-1.15515][0.804258,-0.0161297,-0.594062][0.780492,0.433717,0][-0.100103,-0.697996,-1.15454][0.792774,-0.206098,-0.573613][0.775234,0.425467,0][-0.100103,-0.697996,-1.15454][0.792774,-0.206098,-0.573613][0.775234,0.425467,0][-0.104558,-0.698251,-1.15809][0.395411,-0.228771,-0.889558][0.778072,0.422896,0][-0.104763,-0.686233,-1.15869][0.526373,-0.147256,-0.837405][0.78562,0.430691,0][-0.110396,-0.686371,-1.15953][-0.0721594,-0.542657,-0.836849][0.789879,0.426039,0][-0.104763,-0.686233,-1.15869][0.526373,-0.147256,-0.837405][0.78562,0.430691,0][-0.104558,-0.698251,-1.15809][0.395411,-0.228771,-0.889558][0.778072,0.422896,0][-0.104558,-0.698251,-1.15809][0.395411,-0.228771,-0.889558][0.778072,0.422896,0][-0.110191,-0.698389,-1.15893][-0.107003,-0.241066,-0.964592][0.780303,0.419306,0][-0.110396,-0.686371,-1.15953][-0.0721594,-0.542657,-0.836849][0.789879,0.426039,0][-0.115697,-0.686355,-1.15744][-0.496518,-0.461087,-0.735438][0.79274,0.420763,0][-0.110396,-0.686371,-1.15953][-0.0721594,-0.542657,-0.836849][0.789879,0.426039,0][-0.110191,-0.698389,-1.15893][-0.107003,-0.241066,-0.964592][0.780303,0.419306,0][-0.110191,-0.698389,-1.15893][-0.107003,-0.241066,-0.964592][0.780303,0.419306,0][-0.115493,-0.698375,-1.15684][-0.579886,-0.239743,-0.778624][0.781979,0.414274,0][-0.115697,-0.686355,-1.15744][-0.496518,-0.461087,-0.735438][0.79274,0.420763,0][-0.119247,-0.686193,-1.15299][-0.700899,-0.632957,-0.328795][0.900703,0.963727,0][-0.115697,-0.686355,-1.15744][-0.496518,-0.461087,-0.735438][0.903612,0.969174,0][-0.115493,-0.698375,-1.15684][-0.579886,-0.239743,-0.778624][0.893234,0.975966,0][-0.115493,-0.698375,-1.15684][-0.579886,-0.239743,-0.778624][0.893234,0.975966,0][-0.119043,-0.698211,-1.15239][-0.896552,-0.225285,-0.381367][0.891282,0.970819,0][-0.119247,-0.686193,-1.15299][-0.700899,-0.632957,-0.328795][0.900703,0.963727,0][-0.120094,-0.685924,-1.14736][-0.9553,-0.118243,0.270961][0.896315,0.959033,0][-0.119247,-0.686193,-1.15299][-0.700899,-0.632957,-0.328795][0.900703,0.963727,0][-0.119043,-0.698211,-1.15239][-0.896552,-0.225285,-0.381367][0.891282,0.970819,0][-0.119043,-0.698211,-1.15239][-0.896552,-0.225285,-0.381367][0.891282,0.970819,0][-0.11989,-0.697942,-1.14676][-0.972111,-0.201207,0.120479][0.888914,0.967098,0][-0.120094,-0.685924,-1.14736][-0.9553,-0.118243,0.270961][0.896315,0.959033,0][-0.118011,-0.685623,-1.14207][-0.804249,0.0161714,0.594073][0.891293,0.955875,0][-0.120094,-0.685924,-1.14736][-0.9553,-0.118243,0.270961][0.896315,0.959033,0][-0.11989,-0.697942,-1.14676][-0.972111,-0.201207,0.120479][0.888914,0.967098,0][-0.11989,-0.697942,-1.14676][-0.972111,-0.201207,0.120479][0.888914,0.967098,0][-0.117807,-0.697642,-1.14147][-0.786243,-0.174519,0.59276][0.885868,0.964587,0][-0.118011,-0.685623,-1.14207][-0.804249,0.0161714,0.594073][0.891293,0.955875,0][-0.11135,-0.630218,-1.16235][-0.145348,0.561127,-0.814869][0.81069,0.495589,0][-0.105717,-0.63008,-1.16151][0.53241,0.0823308,-0.842473][0.803848,0.494667,0][-0.110141,-0.631822,-1.16665][0.16127,0.493846,-0.854464][0.810286,0.490852,0][-0.110141,-0.631822,-1.16665][0.16127,0.493846,-0.854464][0.810286,0.490852,0][-0.113202,-0.631758,-1.16435][-0.424371,0.648838,-0.631601][0.813172,0.492849,0][-0.11135,-0.630218,-1.16235][-0.145348,0.561127,-0.814869][0.81069,0.495589,0][-0.105717,-0.63008,-1.16151][0.53241,0.0823308,-0.842473][0.803848,0.494667,0][-0.105485,-0.64375,-1.16082][0.695289,-0.0242828,-0.71832][0.802112,0.477924,0][-0.10992,-0.644807,-1.166][0.429418,-0.0380272,-0.902305][0.811144,0.475902,0][-0.10992,-0.644807,-1.166][0.429418,-0.0380272,-0.902305][0.811144,0.475902,0][-0.110141,-0.631822,-1.16665][0.16127,0.493846,-0.854464][0.810286,0.490852,0][-0.105717,-0.63008,-1.16151][0.53241,0.0823308,-0.842473][0.803848,0.494667,0][-0.104763,-0.686233,-1.15869][0.526373,-0.147256,-0.837405][0.78562,0.430691,0][-0.110396,-0.686371,-1.15953][-0.0721594,-0.542657,-0.836849][0.789879,0.426039,0][-0.112295,-0.685103,-1.16167][-0.364485,-0.762952,-0.533906][0.793146,0.426508,0][-0.112295,-0.685103,-1.16167][-0.364485,-0.762952,-0.533906][0.793146,0.426508,0][-0.109234,-0.685166,-1.16397][0.176869,-0.61551,-0.768027][0.792246,0.429649,0][-0.104763,-0.686233,-1.15869][0.526373,-0.147256,-0.837405][0.78562,0.430691,0][-0.116652,-0.630204,-1.16026][-0.583207,0.369227,-0.723561][0.816831,0.497606,0][-0.11135,-0.630218,-1.16235][-0.145348,0.561127,-0.814869][0.81069,0.495589,0][-0.113202,-0.631758,-1.16435][-0.424371,0.648838,-0.631601][0.813172,0.492849,0][-0.113202,-0.631758,-1.16435][-0.424371,0.648838,-0.631601][0.813172,0.492849,0][-0.1174,-0.631673,-1.16124][-0.518208,0.546078,-0.658224][0.81788,0.495938,0][-0.116652,-0.630204,-1.16026][-0.583207,0.369227,-0.723561][0.816831,0.497606,0][-0.110396,-0.686371,-1.15953][-0.0721594,-0.542657,-0.836849][0.789879,0.426039,0][-0.115697,-0.686355,-1.15744][-0.496518,-0.461087,-0.735438][0.79274,0.420763,0][-0.116493,-0.685018,-1.15856][-0.442746,-0.627745,-0.640244][0.794612,0.421301,0][-0.116493,-0.685018,-1.15856][-0.442746,-0.627745,-0.640244][0.794612,0.421301,0][-0.112295,-0.685103,-1.16167][-0.364485,-0.762952,-0.533906][0.793146,0.426508,0][-0.110396,-0.686371,-1.15953][-0.0721594,-0.542657,-0.836849][0.789879,0.426039,0][-0.120202,-0.630041,-1.15581][-0.809324,0.4681,-0.354791][0.922147,0.892675,0][-0.116652,-0.630204,-1.16026][-0.583207,0.369227,-0.723561][0.928351,0.890596,0][-0.1174,-0.631673,-1.16124][-0.518208,0.546078,-0.658224][0.929421,0.89227,0][-0.1174,-0.631673,-1.16124][-0.518208,0.546078,-0.658224][0.929421,0.89227,0][-0.121611,-0.631589,-1.15814][-0.447568,0.694168,-0.56375][0.924646,0.895415,0][-0.120202,-0.630041,-1.15581][-0.809324,0.4681,-0.354791][0.922147,0.892675,0][-0.115697,-0.686355,-1.15744][-0.496518,-0.461087,-0.735438][0.903612,0.969174,0][-0.119247,-0.686193,-1.15299][-0.700899,-0.632957,-0.328795][0.900703,0.963727,0][-0.120704,-0.684934,-1.15546][-0.438669,-0.722155,-0.534847][0.904115,0.963314,0][-0.120704,-0.684934,-1.15546][-0.438669,-0.722155,-0.534847][0.904115,0.963314,0][-0.116493,-0.685018,-1.15856][-0.442746,-0.627745,-0.640244][0.905533,0.968649,0][-0.115697,-0.686355,-1.15744][-0.496518,-0.461087,-0.735438][0.903612,0.969174,0][-0.121049,-0.629772,-1.15018][-0.962474,0.110263,0.247963][0.915135,0.89376,0][-0.120202,-0.630041,-1.15581][-0.809324,0.4681,-0.354791][0.922147,0.892675,0][-0.121611,-0.631589,-1.15814][-0.447568,0.694168,-0.56375][0.924646,0.895415,0][-0.121611,-0.631589,-1.15814][-0.447568,0.694168,-0.56375][0.924646,0.895415,0][-0.124706,-0.631529,-1.15589][-0.821492,0.560782,-0.103315][0.921725,0.897485,0][-0.121049,-0.629772,-1.15018][-0.962474,0.110263,0.247963][0.915135,0.89376,0][-0.119247,-0.686193,-1.15299][-0.700899,-0.632957,-0.328795][0.900703,0.963727,0][-0.120094,-0.685924,-1.14736][-0.9553,-0.118243,0.270961][0.896315,0.959033,0][-0.123799,-0.684873,-1.15321][-0.832876,-0.550898,-0.0531831][0.903213,0.960069,0][-0.123799,-0.684873,-1.15321][-0.832876,-0.550898,-0.0531831][0.903213,0.960069,0][-0.120704,-0.684934,-1.15546][-0.438669,-0.722155,-0.534847][0.904115,0.963314,0][-0.119247,-0.686193,-1.15299][-0.700899,-0.632957,-0.328795][0.900703,0.963727,0][-0.120816,-0.643443,-1.1495][-0.891214,0.00762066,0.453519][0.913398,0.910703,0][-0.121049,-0.629772,-1.15018][-0.962474,0.110263,0.247963][0.915135,0.89376,0][-0.124706,-0.631529,-1.15589][-0.821492,0.560782,-0.103315][0.921725,0.897485,0][-0.124706,-0.631529,-1.15589][-0.821492,0.560782,-0.103315][0.921725,0.897485,0][-0.124485,-0.644514,-1.15524][-0.989293,-0.00951531,0.145635][0.922812,0.912821,0][-0.120816,-0.643443,-1.1495][-0.891214,0.00762066,0.453519][0.913398,0.910703,0][-0.113202,-0.631758,-1.16435][-0.424371,0.648838,-0.631601][0.813172,0.492849,0][-0.110141,-0.631822,-1.16665][0.16127,0.493846,-0.854464][0.810286,0.490852,0][-0.115775,-0.639171,-1.16641][0.105196,0.433851,-0.894822][0.820355,0.484281,0][-0.115775,-0.639171,-1.16641][0.105196,0.433851,-0.894822][0.820355,0.484281,0][-0.117288,-0.639139,-1.16526][-0.284179,0.8702,-0.402484][0.821784,0.486601,0][-0.113202,-0.631758,-1.16435][-0.424371,0.648838,-0.631601][0.813172,0.492849,0][-0.110141,-0.631822,-1.16665][0.16127,0.493846,-0.854464][0.810286,0.490852,0][-0.10992,-0.644807,-1.166][0.429418,-0.0380272,-0.902305][0.811144,0.475902,0][-0.115615,-0.648629,-1.16594][0.491143,-0.0353761,-0.87036][0.817626,0.469738,0][-0.115615,-0.648629,-1.16594][0.491143,-0.0353761,-0.87036][0.817626,0.469738,0][-0.115775,-0.639171,-1.16641][0.105196,0.433851,-0.894822][0.820355,0.484281,0][-0.110141,-0.631822,-1.16665][0.16127,0.493846,-0.854464][0.810286,0.490852,0][-0.109234,-0.685166,-1.16397][0.176869,-0.61551,-0.768027][0.792246,0.429649,0][-0.112295,-0.685103,-1.16167][-0.364485,-0.762952,-0.533906][0.793146,0.426508,0][-0.116627,-0.677992,-1.1633][-0.253341,-0.915482,-0.312589][0.803569,0.426347,0][-0.116627,-0.677992,-1.1633][-0.253341,-0.915482,-0.312589][0.803569,0.426347,0][-0.115115,-0.678025,-1.16446][0.121034,-0.518993,-0.846166][0.803791,0.429042,0][-0.109234,-0.685166,-1.16397][0.176869,-0.61551,-0.768027][0.792246,0.429649,0][-0.1174,-0.631673,-1.16124][-0.518208,0.546078,-0.658224][0.81788,0.495938,0][-0.113202,-0.631758,-1.16435][-0.424371,0.648838,-0.631601][0.813172,0.492849,0][-0.117288,-0.639139,-1.16526][-0.284179,0.8702,-0.402484][0.821784,0.486601,0][-0.117288,-0.639139,-1.16526][-0.284179,0.8702,-0.402484][0.821784,0.486601,0][-0.119371,-0.639096,-1.1637][-0.281743,0.869998,-0.404629][0.823539,0.489557,0][-0.1174,-0.631673,-1.16124][-0.518208,0.546078,-0.658224][0.81788,0.495938,0][-0.112295,-0.685103,-1.16167][-0.364485,-0.762952,-0.533906][0.793146,0.426508,0][-0.116493,-0.685018,-1.15856][-0.442746,-0.627745,-0.640244][0.794612,0.421301,0][-0.118711,-0.677951,-1.16175][-0.251033,-0.915198,-0.31527][0.803225,0.42292,0][-0.118711,-0.677951,-1.16175][-0.251033,-0.915198,-0.31527][0.803225,0.42292,0][-0.116627,-0.677992,-1.1633][-0.253341,-0.915482,-0.312589][0.803569,0.426347,0][-0.112295,-0.685103,-1.16167][-0.364485,-0.762952,-0.533906][0.793146,0.426508,0][-0.121611,-0.631589,-1.15814][-0.447568,0.694168,-0.56375][0.924646,0.895415,0][-0.1174,-0.631673,-1.16124][-0.518208,0.546078,-0.658224][0.929421,0.89227,0][-0.119371,-0.639096,-1.1637][-0.281743,0.869998,-0.404629][0.935308,0.898709,0][-0.119371,-0.639096,-1.1637][-0.281743,0.869998,-0.404629][0.935308,0.898709,0][-0.121467,-0.639055,-1.16217][-0.278631,0.870308,-0.406114][0.933535,0.901726,0][-0.121611,-0.631589,-1.15814][-0.447568,0.694168,-0.56375][0.924646,0.895415,0][-0.116493,-0.685018,-1.15856][-0.442746,-0.627745,-0.640244][0.905533,0.968649,0][-0.120704,-0.684934,-1.15546][-0.438669,-0.722155,-0.534847][0.904115,0.963314,0][-0.120807,-0.677908,-1.16022][-0.248162,-0.915386,-0.316992][0.914704,0.963555,0][-0.120807,-0.677908,-1.16022][-0.248162,-0.915386,-0.316992][0.914704,0.963555,0][-0.118711,-0.677951,-1.16175][-0.251033,-0.915198,-0.31527][0.914315,0.967064,0][-0.116493,-0.685018,-1.15856][-0.442746,-0.627745,-0.640244][0.905533,0.968649,0][-0.124706,-0.631529,-1.15589][-0.821492,0.560782,-0.103315][0.921725,0.897485,0][-0.121611,-0.631589,-1.15814][-0.447568,0.694168,-0.56375][0.924646,0.895415,0][-0.121467,-0.639055,-1.16217][-0.278631,0.870308,-0.406114][0.933535,0.901726,0][-0.121467,-0.639055,-1.16217][-0.278631,0.870308,-0.406114][0.933535,0.901726,0][-0.123015,-0.639026,-1.16106][-0.873944,0.454959,-0.170983][0.932107,0.904107,0][-0.124706,-0.631529,-1.15589][-0.821492,0.560782,-0.103315][0.921725,0.897485,0][-0.120704,-0.684934,-1.15546][-0.438669,-0.722155,-0.534847][0.904115,0.963314,0][-0.123799,-0.684873,-1.15321][-0.832876,-0.550898,-0.0531831][0.903213,0.960069,0][-0.122354,-0.677879,-1.15911][-0.858402,-0.49792,-0.123372][0.91494,0.9608,0][-0.122354,-0.677879,-1.15911][-0.858402,-0.49792,-0.123372][0.91494,0.9608,0][-0.120807,-0.677908,-1.16022][-0.248162,-0.915386,-0.316992][0.914704,0.963555,0][-0.120704,-0.684934,-1.15546][-0.438669,-0.722155,-0.534847][0.904115,0.963314,0][-0.124485,-0.644514,-1.15524][-0.989293,-0.00951531,0.145635][0.922812,0.912821,0][-0.124706,-0.631529,-1.15589][-0.821492,0.560782,-0.103315][0.921725,0.897485,0][-0.123015,-0.639026,-1.16106][-0.873944,0.454959,-0.170983][0.932107,0.904107,0][-0.123015,-0.639026,-1.16106][-0.873944,0.454959,-0.170983][0.932107,0.904107,0][-0.122854,-0.648484,-1.16059][-0.976828,-0.0058694,0.213947][0.929418,0.919057,0][-0.124485,-0.644514,-1.15524][-0.989293,-0.00951531,0.145635][0.922812,0.912821,0][-0.138542,-0.63561,-1.17939][-0.467827,0.708431,0.528454][0.963351,0.910764,0][-0.147533,-0.63363,-1.19][-0.785186,0.6121,-0.0938938][0.974333,0.912921,0][-0.147312,-0.646616,-1.18935][-0.823243,-0.561616,-0.0828181][0.975418,0.918509,0][-0.147312,-0.646616,-1.18935][-0.823243,-0.561616,-0.0828181][0.975418,0.918509,0][-0.138343,-0.647301,-1.1788][-0.887745,-0.319959,0.330961][0.965239,0.928249,0][-0.138542,-0.63561,-1.17939][-0.467827,0.708431,0.528454][0.963351,0.910764,0][-0.135615,-0.68368,-1.1785][0.128453,-0.970827,0.20247][0.943174,0.976159,0][-0.137726,-0.68364,-1.17698][-0.444287,-0.667524,0.597512][0.944425,0.973645,0][-0.146626,-0.686975,-1.18732][-0.763947,-0.644533,-0.0310151][0.954895,0.978262,0][-0.146626,-0.686975,-1.18732][-0.763947,-0.644533,-0.0310151][0.954895,0.978262,0][-0.14419,-0.687022,-1.18908][-0.361269,-0.803404,-0.473315][0.955502,0.98096,0][-0.135615,-0.68368,-1.1785][0.128453,-0.970827,0.20247][0.943174,0.976159,0][-0.132749,-0.683737,-1.1806][0.129451,-0.97086,0.201678][0.941486,0.980003,0][-0.135615,-0.68368,-1.1785][0.128453,-0.970827,0.20247][0.943174,0.976159,0][-0.14419,-0.687022,-1.18908][-0.361269,-0.803404,-0.473315][0.955502,0.98096,0][-0.14419,-0.687022,-1.18908][-0.361269,-0.803404,-0.473315][0.955502,0.98096,0][-0.140879,-0.687088,-1.19152][-0.364256,-0.803296,-0.471203][0.95658,0.985744,0][-0.132749,-0.683737,-1.1806][0.129451,-0.97086,0.201678][0.941486,0.980003,0][-0.129897,-0.683795,-1.18272][0.130505,-0.970872,0.20094][0.831233,0.41425,0][-0.132749,-0.683737,-1.1806][0.129451,-0.97086,0.201678][0.829709,0.410608,0][-0.140879,-0.687088,-1.19152][-0.364256,-0.803296,-0.471203][0.843823,0.40579,0][-0.140879,-0.687088,-1.19152][-0.364256,-0.803296,-0.471203][0.843823,0.40579,0][-0.13758,-0.687154,-1.19397][-0.367178,-0.803398,-0.468756][0.842771,0.410189,0][-0.129897,-0.683795,-1.18272][0.130505,-0.970872,0.20094][0.831233,0.41425,0][-0.127821,-0.683839,-1.18429][0.684033,-0.690235,-0.235955][0.832376,0.416613,0][-0.129897,-0.683795,-1.18272][0.130505,-0.970872,0.20094][0.831233,0.41425,0][-0.13758,-0.687154,-1.19397][-0.367178,-0.803398,-0.468756][0.842771,0.410189,0][-0.13758,-0.687154,-1.19397][-0.367178,-0.803398,-0.468756][0.842771,0.410189,0][-0.135179,-0.687205,-1.19578][0.178122,-0.663721,-0.726462][0.842207,0.412562,0][-0.127821,-0.683839,-1.18429][0.684033,-0.690235,-0.235955][0.832376,0.416613,0][-0.135865,-0.646846,-1.1978][0.147658,-0.580879,-0.800485][0.862816,0.470326,0][-0.136086,-0.63386,-1.19845][0.156564,0.592943,-0.789877][0.861728,0.475962,0][-0.128638,-0.635808,-1.1867][0.660731,0.685798,-0.305148][0.850873,0.477993,0][-0.128638,-0.635808,-1.1867][0.660731,0.685798,-0.305148][0.850873,0.477993,0][-0.128439,-0.6475,-1.18612][0.568613,-0.349199,-0.744808][0.852562,0.460618,0][-0.135865,-0.646846,-1.1978][0.147658,-0.580879,-0.800485][0.862816,0.470326,0][-0.130713,-0.635764,-1.18513][0.0973003,0.989976,0.10237][0.85125,0.480631,0][-0.128638,-0.635808,-1.1867][0.660731,0.685798,-0.305148][0.850873,0.477993,0][-0.136086,-0.63386,-1.19845][0.156564,0.592943,-0.789877][0.861728,0.475962,0][-0.136086,-0.63386,-1.19845][0.156564,0.592943,-0.789877][0.861728,0.475962,0][-0.138487,-0.63381,-1.19664][-0.393379,0.739323,-0.546493][0.863428,0.477809,0][-0.130713,-0.635764,-1.18513][0.0973003,0.989976,0.10237][0.85125,0.480631,0][-0.133566,-0.635706,-1.18301][0.0961209,0.990009,0.103167][0.852011,0.484542,0][-0.130713,-0.635764,-1.18513][0.0973003,0.989976,0.10237][0.85125,0.480631,0][-0.138487,-0.63381,-1.19664][-0.393379,0.739323,-0.546493][0.863428,0.477809,0][-0.138487,-0.63381,-1.19664][-0.393379,0.739323,-0.546493][0.863428,0.477809,0][-0.141785,-0.633743,-1.19419][-0.390318,0.739291,-0.548726][0.866769,0.48099,0][-0.133566,-0.635706,-1.18301][0.0961209,0.990009,0.103167][0.852011,0.484542,0][-0.136432,-0.635649,-1.18091][0.0949455,0.990023,0.104112][0.963748,0.908063,0][-0.133566,-0.635706,-1.18301][0.0961209,0.990009,0.103167][0.964554,0.904067,0][-0.141785,-0.633743,-1.19419][-0.390318,0.739291,-0.548726][0.979569,0.907805,0][-0.141785,-0.633743,-1.19419][-0.390318,0.739291,-0.548726][0.979569,0.907805,0][-0.145096,-0.633677,-1.19176][-0.387128,0.739488,-0.550717][0.976155,0.911006,0][-0.136432,-0.635649,-1.18091][0.0949455,0.990023,0.104112][0.963748,0.908063,0][-0.138542,-0.63561,-1.17939][-0.467827,0.708431,0.528454][0.963351,0.910764,0][-0.136432,-0.635649,-1.18091][0.0949455,0.990023,0.104112][0.963748,0.908063,0][-0.145096,-0.633677,-1.19176][-0.387128,0.739488,-0.550717][0.976155,0.911006,0][-0.145096,-0.633677,-1.19176][-0.387128,0.739488,-0.550717][0.976155,0.911006,0][-0.147533,-0.63363,-1.19][-0.785186,0.6121,-0.0938938][0.974333,0.912921,0][-0.138542,-0.63561,-1.17939][-0.467827,0.708431,0.528454][0.963351,0.910764,0][-0.122854,-0.648484,-1.16059][-0.976828,-0.0058694,0.213947][0.929418,0.919057,0][-0.122526,-0.667797,-1.15962][-0.976826,-0.00586975,0.213957][0.921407,0.945842,0][-0.124034,-0.671031,-1.15391][-0.989297,-0.00948934,0.145606][0.912589,0.947327,0][-0.124034,-0.671031,-1.15391][-0.989297,-0.00948934,0.145606][0.912589,0.947327,0][-0.124485,-0.644514,-1.15524][-0.989293,-0.00951531,0.145635][0.922812,0.912821,0][-0.122854,-0.648484,-1.16059][-0.976828,-0.0058694,0.213947][0.929418,0.919057,0][-0.124034,-0.671031,-1.15391][-0.989297,-0.00948934,0.145606][0.912589,0.947327,0][-0.120342,-0.671354,-1.1481][-0.891235,0.0076307,0.453477][0.904125,0.94421,0][-0.120816,-0.643443,-1.1495][-0.891214,0.00762066,0.453519][0.913398,0.910703,0][-0.120816,-0.643443,-1.1495][-0.891214,0.00762066,0.453519][0.913398,0.910703,0][-0.124485,-0.644514,-1.15524][-0.989293,-0.00951531,0.145635][0.922812,0.912821,0][-0.124034,-0.671031,-1.15391][-0.989297,-0.00948934,0.145606][0.912589,0.947327,0][-0.118259,-0.671052,-1.1428][-0.804223,0.0161531,0.594107][0.897778,0.941653,0][-0.118733,-0.64314,-1.1442][-0.804246,0.0161588,0.594076][0.906614,0.909623,0][-0.120816,-0.643443,-1.1495][-0.891214,0.00762066,0.453519][0.913398,0.910703,0][-0.120816,-0.643443,-1.1495][-0.891214,0.00762066,0.453519][0.913398,0.910703,0][-0.120342,-0.671354,-1.1481][-0.891235,0.0076307,0.453477][0.904125,0.94421,0][-0.118259,-0.671052,-1.1428][-0.804223,0.0161531,0.594107][0.897778,0.941653,0][-0.113804,-0.670799,-1.13926][-0.399493,0.0391968,0.915898][0.891715,0.939402,0][-0.114278,-0.642887,-1.14066][-0.399458,0.039214,0.915913][0.899994,0.90853,0][-0.118733,-0.64314,-1.1442][-0.804246,0.0161588,0.594076][0.906614,0.909623,0][-0.118733,-0.64314,-1.1442][-0.804246,0.0161588,0.594076][0.906614,0.909623,0][-0.118259,-0.671052,-1.1428][-0.804223,0.0161531,0.594107][0.897778,0.941653,0][-0.113804,-0.670799,-1.13926][-0.399493,0.0391968,0.915898][0.891715,0.939402,0][-0.108171,-0.670661,-1.13842][0.112304,0.0517286,0.992326][0.885785,0.937428,0][-0.108645,-0.642749,-1.13982][0.112342,0.0517612,0.992321][0.893667,0.907459,0][-0.114278,-0.642887,-1.14066][-0.399458,0.039214,0.915913][0.899994,0.90853,0][-0.114278,-0.642887,-1.14066][-0.399458,0.039214,0.915913][0.899994,0.90853,0][-0.113804,-0.670799,-1.13926][-0.399493,0.0391968,0.915898][0.891715,0.939402,0][-0.108171,-0.670661,-1.13842][0.112304,0.0517286,0.992326][0.885785,0.937428,0][-0.102869,-0.670675,-1.1405][0.594063,0.0504166,0.802837][0.879936,0.935647,0][-0.103344,-0.642763,-1.14191][0.594064,0.050416,0.802836][0.88759,0.906392,0][-0.108645,-0.642749,-1.13982][0.112342,0.0517612,0.992321][0.893667,0.907459,0][-0.108645,-0.642749,-1.13982][0.112342,0.0517612,0.992321][0.893667,0.907459,0][-0.108171,-0.670661,-1.13842][0.112304,0.0517286,0.992326][0.885785,0.937428,0][-0.102869,-0.670675,-1.1405][0.594063,0.0504166,0.802837][0.879936,0.935647,0][-0.0993189,-0.670838,-1.14496][0.916615,0.035576,0.398186][0.775314,0.45181,0][-0.0997939,-0.642927,-1.14636][0.9166,0.0355643,0.398222][0.782744,0.481001,0][-0.103344,-0.642763,-1.14191][0.594064,0.050416,0.802836][0.776804,0.481982,0][-0.103344,-0.642763,-1.14191][0.594064,0.050416,0.802836][0.776804,0.481982,0][-0.102869,-0.670675,-1.1405][0.594063,0.0504166,0.802837][0.769654,0.453555,0][-0.0993189,-0.670838,-1.14496][0.916615,0.035576,0.398186][0.775314,0.45181,0][-0.0984729,-0.671107,-1.15058][0.993521,0.0112044,-0.113096][0.781117,0.449916,0][-0.0989469,-0.643196,-1.15199][0.99353,0.011189,-0.113014][0.789008,0.479998,0][-0.0997939,-0.642927,-1.14636][0.9166,0.0355643,0.398222][0.782744,0.481001,0][-0.0997939,-0.642927,-1.14636][0.9166,0.0355643,0.398222][0.782744,0.481001,0][-0.0993189,-0.670838,-1.14496][0.916615,0.035576,0.398186][0.775314,0.45181,0][-0.0984729,-0.671107,-1.15058][0.993521,0.0112044,-0.113096][0.781117,0.449916,0][-0.100556,-0.671408,-1.15588][0.80428,-0.0161675,-0.594031][0.787005,0.447731,0][-0.10103,-0.643496,-1.15728][0.804254,-0.0161891,-0.594065][0.795491,0.478968,0][-0.0989469,-0.643196,-1.15199][0.99353,0.011189,-0.113014][0.789008,0.479998,0][-0.0989469,-0.643196,-1.15199][0.99353,0.011189,-0.113014][0.789008,0.479998,0][-0.0984729,-0.671107,-1.15058][0.993521,0.0112044,-0.113096][0.781117,0.449916,0][-0.100556,-0.671408,-1.15588][0.80428,-0.0161675,-0.594031][0.787005,0.447731,0][-0.10501,-0.671662,-1.15942][0.695268,-0.0242731,-0.71834][0.793047,0.445269,0][-0.105485,-0.64375,-1.16082][0.695289,-0.0242828,-0.71832][0.802112,0.477924,0][-0.10103,-0.643496,-1.15728][0.804254,-0.0161891,-0.594065][0.795491,0.478968,0][-0.10103,-0.643496,-1.15728][0.804254,-0.0161891,-0.594065][0.795491,0.478968,0][-0.100556,-0.671408,-1.15588][0.80428,-0.0161675,-0.594031][0.787005,0.447731,0][-0.10501,-0.671662,-1.15942][0.695268,-0.0242731,-0.71834][0.793047,0.445269,0][-0.10947,-0.671324,-1.16466][0.429387,-0.038016,-0.90232][0.801614,0.44224,0][-0.10992,-0.644807,-1.166][0.429418,-0.0380272,-0.902305][0.811144,0.475902,0][-0.105485,-0.64375,-1.16082][0.695289,-0.0242828,-0.71832][0.802112,0.477924,0][-0.105485,-0.64375,-1.16082][0.695289,-0.0242828,-0.71832][0.802112,0.477924,0][-0.10501,-0.671662,-1.15942][0.695268,-0.0242731,-0.71834][0.793047,0.445269,0][-0.10947,-0.671324,-1.16466][0.429387,-0.038016,-0.90232][0.801614,0.44224,0][-0.10947,-0.671324,-1.16466][0.429387,-0.038016,-0.90232][0.801614,0.44224,0][-0.115286,-0.667942,-1.16497][0.491128,-0.035378,-0.870369][0.810166,0.443814,0][-0.115615,-0.648629,-1.16594][0.491143,-0.0353761,-0.87036][0.817626,0.469738,0][-0.115615,-0.648629,-1.16594][0.491143,-0.0353761,-0.87036][0.817626,0.469738,0][-0.10992,-0.644807,-1.166][0.429418,-0.0380272,-0.902305][0.811144,0.475902,0][-0.10947,-0.671324,-1.16466][0.429387,-0.038016,-0.90232][0.801614,0.44224,0][-0.123799,-0.684873,-1.15321][-0.832876,-0.550898,-0.0531831][0.903213,0.960069,0][-0.124034,-0.671031,-1.15391][-0.989297,-0.00948934,0.145606][0.912589,0.947327,0][-0.122526,-0.667797,-1.15962][-0.976826,-0.00586975,0.213957][0.921407,0.945842,0][-0.122526,-0.667797,-1.15962][-0.976826,-0.00586975,0.213957][0.921407,0.945842,0][-0.122354,-0.677879,-1.15911][-0.858402,-0.49792,-0.123372][0.91494,0.9608,0][-0.123799,-0.684873,-1.15321][-0.832876,-0.550898,-0.0531831][0.903213,0.960069,0][-0.120342,-0.671354,-1.1481][-0.891235,0.0076307,0.453477][0.904125,0.94421,0][-0.124034,-0.671031,-1.15391][-0.989297,-0.00948934,0.145606][0.912589,0.947327,0][-0.123799,-0.684873,-1.15321][-0.832876,-0.550898,-0.0531831][0.903213,0.960069,0][-0.123799,-0.684873,-1.15321][-0.832876,-0.550898,-0.0531831][0.903213,0.960069,0][-0.120094,-0.685924,-1.14736][-0.9553,-0.118243,0.270961][0.896315,0.959033,0][-0.120342,-0.671354,-1.1481][-0.891235,0.0076307,0.453477][0.904125,0.94421,0][-0.118259,-0.671052,-1.1428][-0.804223,0.0161531,0.594107][0.897778,0.941653,0][-0.120342,-0.671354,-1.1481][-0.891235,0.0076307,0.453477][0.904125,0.94421,0][-0.120094,-0.685924,-1.14736][-0.9553,-0.118243,0.270961][0.896315,0.959033,0][-0.120094,-0.685924,-1.14736][-0.9553,-0.118243,0.270961][0.896315,0.959033,0][-0.118011,-0.685623,-1.14207][-0.804249,0.0161714,0.594073][0.891293,0.955875,0][-0.118259,-0.671052,-1.1428][-0.804223,0.0161531,0.594107][0.897778,0.941653,0][-0.113804,-0.670799,-1.13926][-0.399493,0.0391968,0.915898][0.891715,0.939402,0][-0.118259,-0.671052,-1.1428][-0.804223,0.0161531,0.594107][0.897778,0.941653,0][-0.118011,-0.685623,-1.14207][-0.804249,0.0161714,0.594073][0.891293,0.955875,0][-0.118011,-0.685623,-1.14207][-0.804249,0.0161714,0.594073][0.891293,0.955875,0][-0.113556,-0.68537,-1.13853][-0.399464,0.0392175,0.915909][0.886078,0.953553,0][-0.113804,-0.670799,-1.13926][-0.399493,0.0391968,0.915898][0.891715,0.939402,0][-0.108171,-0.670661,-1.13842][0.112304,0.0517286,0.992326][0.885785,0.937428,0][-0.113804,-0.670799,-1.13926][-0.399493,0.0391968,0.915898][0.891715,0.939402,0][-0.113556,-0.68537,-1.13853][-0.399464,0.0392175,0.915909][0.886078,0.953553,0][-0.113556,-0.68537,-1.13853][-0.399464,0.0392175,0.915909][0.886078,0.953553,0][-0.107923,-0.685233,-1.13769][0.112318,0.0517479,0.992324][0.880765,0.951747,0][-0.108171,-0.670661,-1.13842][0.112304,0.0517286,0.992326][0.885785,0.937428,0][-0.102869,-0.670675,-1.1405][0.594063,0.0504166,0.802837][0.879936,0.935647,0][-0.108171,-0.670661,-1.13842][0.112304,0.0517286,0.992326][0.885785,0.937428,0][-0.107923,-0.685233,-1.13769][0.112318,0.0517479,0.992324][0.880765,0.951747,0][-0.107923,-0.685233,-1.13769][0.112318,0.0517479,0.992324][0.880765,0.951747,0][-0.102621,-0.685246,-1.13977][0.594058,0.0504276,0.80284][0.87514,0.950109,0][-0.102869,-0.670675,-1.1405][0.594063,0.0504166,0.802837][0.879936,0.935647,0][-0.0993189,-0.670838,-1.14496][0.916615,0.035576,0.398186][0.775314,0.45181,0][-0.102869,-0.670675,-1.1405][0.594063,0.0504166,0.802837][0.769654,0.453555,0][-0.102621,-0.685246,-1.13977][0.594058,0.0504276,0.80284][0.76493,0.439508,0][-0.102621,-0.685246,-1.13977][0.594058,0.0504276,0.80284][0.76493,0.439508,0][-0.0990719,-0.68541,-1.14423][0.916599,0.0355975,0.398221][0.770401,0.437933,0][-0.0993189,-0.670838,-1.14496][0.916615,0.035576,0.398186][0.775314,0.45181,0][-0.0984729,-0.671107,-1.15058][0.993521,0.0112044,-0.113096][0.781117,0.449916,0][-0.0993189,-0.670838,-1.14496][0.916615,0.035576,0.398186][0.775314,0.45181,0][-0.0990719,-0.68541,-1.14423][0.916599,0.0355975,0.398221][0.770401,0.437933,0][-0.0990719,-0.68541,-1.14423][0.916599,0.0355975,0.398221][0.770401,0.437933,0][-0.0982249,-0.685677,-1.14985][0.993529,0.0112569,-0.113019][0.775547,0.436137,0][-0.0984729,-0.671107,-1.15058][0.993521,0.0112044,-0.113096][0.781117,0.449916,0][-0.100556,-0.671408,-1.15588][0.80428,-0.0161675,-0.594031][0.787005,0.447731,0][-0.0984729,-0.671107,-1.15058][0.993521,0.0112044,-0.113096][0.781117,0.449916,0][-0.0982249,-0.685677,-1.14985][0.993529,0.0112569,-0.113019][0.775547,0.436137,0][-0.0982249,-0.685677,-1.14985][0.993529,0.0112569,-0.113019][0.775547,0.436137,0][-0.100308,-0.685979,-1.15515][0.804258,-0.0161297,-0.594062][0.780492,0.433717,0][-0.100556,-0.671408,-1.15588][0.80428,-0.0161675,-0.594031][0.787005,0.447731,0][-0.10501,-0.671662,-1.15942][0.695268,-0.0242731,-0.71834][0.793047,0.445269,0][-0.100556,-0.671408,-1.15588][0.80428,-0.0161675,-0.594031][0.787005,0.447731,0][-0.100308,-0.685979,-1.15515][0.804258,-0.0161297,-0.594062][0.780492,0.433717,0][-0.100308,-0.685979,-1.15515][0.804258,-0.0161297,-0.594062][0.780492,0.433717,0][-0.104763,-0.686233,-1.15869][0.526373,-0.147256,-0.837405][0.78562,0.430691,0][-0.10501,-0.671662,-1.15942][0.695268,-0.0242731,-0.71834][0.793047,0.445269,0][-0.104763,-0.686233,-1.15869][0.526373,-0.147256,-0.837405][0.78562,0.430691,0][-0.109234,-0.685166,-1.16397][0.176869,-0.61551,-0.768027][0.792246,0.429649,0][-0.10947,-0.671324,-1.16466][0.429387,-0.038016,-0.90232][0.801614,0.44224,0][-0.10947,-0.671324,-1.16466][0.429387,-0.038016,-0.90232][0.801614,0.44224,0][-0.10501,-0.671662,-1.15942][0.695268,-0.0242731,-0.71834][0.793047,0.445269,0][-0.104763,-0.686233,-1.15869][0.526373,-0.147256,-0.837405][0.78562,0.430691,0][-0.115286,-0.667942,-1.16497][0.491128,-0.035378,-0.870369][0.810166,0.443814,0][-0.10947,-0.671324,-1.16466][0.429387,-0.038016,-0.90232][0.801614,0.44224,0][-0.109234,-0.685166,-1.16397][0.176869,-0.61551,-0.768027][0.792246,0.429649,0][-0.109234,-0.685166,-1.16397][0.176869,-0.61551,-0.768027][0.792246,0.429649,0][-0.115115,-0.678025,-1.16446][0.121034,-0.518993,-0.846166][0.803791,0.429042,0][-0.115286,-0.667942,-1.16497][0.491128,-0.035378,-0.870369][0.810166,0.443814,0][-0.127821,-0.683839,-1.18429][0.684033,-0.690235,-0.235955][0.832376,0.416613,0][-0.135179,-0.687205,-1.19578][0.178122,-0.663721,-0.726462][0.842207,0.412562,0][-0.135414,-0.673363,-1.19647][0.130085,0.504725,-0.853423][0.8465,0.417364,0][-0.135414,-0.673363,-1.19647][0.130085,0.504725,-0.853423][0.8465,0.417364,0][-0.128033,-0.671375,-1.18492][0.559643,0.292016,-0.775581][0.844098,0.43052,0][-0.127821,-0.683839,-1.18429][0.684033,-0.690235,-0.235955][0.832376,0.416613,0][-0.137894,-0.673312,-1.19462][-0.452366,0.635517,-0.625686][0.848693,0.416959,0][-0.135414,-0.673363,-1.19647][0.130085,0.504725,-0.853423][0.8465,0.417364,0][-0.135179,-0.687205,-1.19578][0.178122,-0.663721,-0.726462][0.842207,0.412562,0][-0.135179,-0.687205,-1.19578][0.178122,-0.663721,-0.726462][0.842207,0.412562,0][-0.13758,-0.687154,-1.19397][-0.367178,-0.803398,-0.468756][0.842771,0.410189,0][-0.137894,-0.673312,-1.19462][-0.452366,0.635517,-0.625686][0.848693,0.416959,0][-0.141059,-0.673248,-1.19228][-0.450681,0.635047,-0.627377][0.85228,0.415915,0][-0.137894,-0.673312,-1.19462][-0.452366,0.635517,-0.625686][0.848693,0.416959,0][-0.13758,-0.687154,-1.19397][-0.367178,-0.803398,-0.468756][0.842771,0.410189,0][-0.13758,-0.687154,-1.19397][-0.367178,-0.803398,-0.468756][0.842771,0.410189,0][-0.140879,-0.687088,-1.19152][-0.364256,-0.803296,-0.471203][0.843823,0.40579,0][-0.141059,-0.673248,-1.19228][-0.450681,0.635047,-0.627377][0.85228,0.415915,0][-0.144424,-0.67318,-1.1898][-0.448587,0.635214,-0.628707][0.961621,0.973765,0][-0.141059,-0.673248,-1.19228][-0.450681,0.635047,-0.627377][0.965711,0.974893,0][-0.140879,-0.687088,-1.19152][-0.364256,-0.803296,-0.471203][0.95658,0.985744,0][-0.140879,-0.687088,-1.19152][-0.364256,-0.803296,-0.471203][0.95658,0.985744,0][-0.14419,-0.687022,-1.18908][-0.361269,-0.803404,-0.473315][0.955502,0.98096,0][-0.144424,-0.67318,-1.1898][-0.448587,0.635214,-0.628707][0.961621,0.973765,0][-0.146862,-0.673132,-1.18802][-0.840668,0.52397,-0.136866][0.959326,0.973438,0][-0.144424,-0.67318,-1.1898][-0.448587,0.635214,-0.628707][0.961621,0.973765,0][-0.14419,-0.687022,-1.18908][-0.361269,-0.803404,-0.473315][0.955502,0.98096,0][-0.14419,-0.687022,-1.18908][-0.361269,-0.803404,-0.473315][0.955502,0.98096,0][-0.146626,-0.686975,-1.18732][-0.763947,-0.644533,-0.0310151][0.954895,0.978262,0][-0.146862,-0.673132,-1.18802][-0.840668,0.52397,-0.136866][0.959326,0.973438,0][-0.146862,-0.673132,-1.18802][-0.840668,0.52397,-0.136866][0.959326,0.973438,0][-0.146626,-0.686975,-1.18732][-0.763947,-0.644533,-0.0310151][0.954895,0.978262,0][-0.137726,-0.68364,-1.17698][-0.444287,-0.667524,0.597512][0.944425,0.973645,0][-0.137726,-0.68364,-1.17698][-0.444287,-0.667524,0.597512][0.944425,0.973645,0][-0.137937,-0.671176,-1.1776][-0.897834,0.32137,0.301025][0.956287,0.95933,0][-0.146862,-0.673132,-1.18802][-0.840668,0.52397,-0.136866][0.959326,0.973438,0][-0.123015,-0.639026,-1.16106][-0.873944,0.454959,-0.170983][0.932107,0.904107,0][-0.138542,-0.63561,-1.17939][-0.467827,0.708431,0.528454][0.963351,0.910764,0][-0.138343,-0.647301,-1.1788][-0.887745,-0.319959,0.330961][0.965239,0.928249,0][-0.138343,-0.647301,-1.1788][-0.887745,-0.319959,0.330961][0.965239,0.928249,0][-0.122854,-0.648484,-1.16059][-0.976828,-0.0058694,0.213947][0.929418,0.919057,0][-0.123015,-0.639026,-1.16106][-0.873944,0.454959,-0.170983][0.932107,0.904107,0][-0.123015,-0.639026,-1.16106][-0.873944,0.454959,-0.170983][0.932107,0.904107,0][-0.121467,-0.639055,-1.16217][-0.278631,0.870308,-0.406114][0.933535,0.901726,0][-0.136432,-0.635649,-1.18091][0.0949455,0.990023,0.104112][0.963748,0.908063,0][-0.136432,-0.635649,-1.18091][0.0949455,0.990023,0.104112][0.963748,0.908063,0][-0.138542,-0.63561,-1.17939][-0.467827,0.708431,0.528454][0.963351,0.910764,0][-0.123015,-0.639026,-1.16106][-0.873944,0.454959,-0.170983][0.932107,0.904107,0][-0.121467,-0.639055,-1.16217][-0.278631,0.870308,-0.406114][0.933535,0.901726,0][-0.119371,-0.639096,-1.1637][-0.281743,0.869998,-0.404629][0.935308,0.898709,0][-0.133566,-0.635706,-1.18301][0.0961209,0.990009,0.103167][0.964554,0.904067,0][-0.133566,-0.635706,-1.18301][0.0961209,0.990009,0.103167][0.964554,0.904067,0][-0.136432,-0.635649,-1.18091][0.0949455,0.990023,0.104112][0.963748,0.908063,0][-0.121467,-0.639055,-1.16217][-0.278631,0.870308,-0.406114][0.933535,0.901726,0][-0.119371,-0.639096,-1.1637][-0.281743,0.869998,-0.404629][0.823539,0.489557,0][-0.117288,-0.639139,-1.16526][-0.284179,0.8702,-0.402484][0.821784,0.486601,0][-0.130713,-0.635764,-1.18513][0.0973003,0.989976,0.10237][0.85125,0.480631,0][-0.130713,-0.635764,-1.18513][0.0973003,0.989976,0.10237][0.85125,0.480631,0][-0.133566,-0.635706,-1.18301][0.0961209,0.990009,0.103167][0.852011,0.484542,0][-0.119371,-0.639096,-1.1637][-0.281743,0.869998,-0.404629][0.823539,0.489557,0][-0.117288,-0.639139,-1.16526][-0.284179,0.8702,-0.402484][0.821784,0.486601,0][-0.115775,-0.639171,-1.16641][0.105196,0.433851,-0.894822][0.820355,0.484281,0][-0.128638,-0.635808,-1.1867][0.660731,0.685798,-0.305148][0.850873,0.477993,0][-0.128638,-0.635808,-1.1867][0.660731,0.685798,-0.305148][0.850873,0.477993,0][-0.130713,-0.635764,-1.18513][0.0973003,0.989976,0.10237][0.85125,0.480631,0][-0.117288,-0.639139,-1.16526][-0.284179,0.8702,-0.402484][0.821784,0.486601,0][-0.128439,-0.6475,-1.18612][0.568613,-0.349199,-0.744808][0.852562,0.460618,0][-0.128638,-0.635808,-1.1867][0.660731,0.685798,-0.305148][0.850873,0.477993,0][-0.115775,-0.639171,-1.16641][0.105196,0.433851,-0.894822][0.820355,0.484281,0][-0.115775,-0.639171,-1.16641][0.105196,0.433851,-0.894822][0.820355,0.484281,0][-0.115615,-0.648629,-1.16594][0.491143,-0.0353761,-0.87036][0.817626,0.469738,0][-0.128439,-0.6475,-1.18612][0.568613,-0.349199,-0.744808][0.852562,0.460618,0][-0.115286,-0.667942,-1.16497][0.491128,-0.035378,-0.870369][0.810166,0.443814,0][-0.128033,-0.671375,-1.18492][0.559643,0.292016,-0.775581][0.844098,0.43052,0][-0.128439,-0.6475,-1.18612][0.568613,-0.349199,-0.744808][0.852562,0.460618,0][-0.128439,-0.6475,-1.18612][0.568613,-0.349199,-0.744808][0.852562,0.460618,0][-0.115615,-0.648629,-1.16594][0.491143,-0.0353761,-0.87036][0.817626,0.469738,0][-0.115286,-0.667942,-1.16497][0.491128,-0.035378,-0.870369][0.810166,0.443814,0][-0.115115,-0.678025,-1.16446][0.121034,-0.518993,-0.846166][0.803791,0.429042,0][-0.127821,-0.683839,-1.18429][0.684033,-0.690235,-0.235955][0.832376,0.416613,0][-0.128033,-0.671375,-1.18492][0.559643,0.292016,-0.775581][0.844098,0.43052,0][-0.128033,-0.671375,-1.18492][0.559643,0.292016,-0.775581][0.844098,0.43052,0][-0.115286,-0.667942,-1.16497][0.491128,-0.035378,-0.870369][0.810166,0.443814,0][-0.115115,-0.678025,-1.16446][0.121034,-0.518993,-0.846166][0.803791,0.429042,0][-0.115115,-0.678025,-1.16446][0.121034,-0.518993,-0.846166][0.803791,0.429042,0][-0.116627,-0.677992,-1.1633][-0.253341,-0.915482,-0.312589][0.803569,0.426347,0][-0.129897,-0.683795,-1.18272][0.130505,-0.970872,0.20094][0.831233,0.41425,0][-0.129897,-0.683795,-1.18272][0.130505,-0.970872,0.20094][0.831233,0.41425,0][-0.127821,-0.683839,-1.18429][0.684033,-0.690235,-0.235955][0.832376,0.416613,0][-0.115115,-0.678025,-1.16446][0.121034,-0.518993,-0.846166][0.803791,0.429042,0][-0.116627,-0.677992,-1.1633][-0.253341,-0.915482,-0.312589][0.803569,0.426347,0][-0.118711,-0.677951,-1.16175][-0.251033,-0.915198,-0.31527][0.803225,0.42292,0][-0.132749,-0.683737,-1.1806][0.129451,-0.97086,0.201678][0.829709,0.410608,0][-0.132749,-0.683737,-1.1806][0.129451,-0.97086,0.201678][0.829709,0.410608,0][-0.129897,-0.683795,-1.18272][0.130505,-0.970872,0.20094][0.831233,0.41425,0][-0.116627,-0.677992,-1.1633][-0.253341,-0.915482,-0.312589][0.803569,0.426347,0][-0.118711,-0.677951,-1.16175][-0.251033,-0.915198,-0.31527][0.914315,0.967064,0][-0.120807,-0.677908,-1.16022][-0.248162,-0.915386,-0.316992][0.914704,0.963555,0][-0.135615,-0.68368,-1.1785][0.128453,-0.970827,0.20247][0.943174,0.976159,0][-0.135615,-0.68368,-1.1785][0.128453,-0.970827,0.20247][0.943174,0.976159,0][-0.132749,-0.683737,-1.1806][0.129451,-0.97086,0.201678][0.941486,0.980003,0][-0.118711,-0.677951,-1.16175][-0.251033,-0.915198,-0.31527][0.914315,0.967064,0][-0.120807,-0.677908,-1.16022][-0.248162,-0.915386,-0.316992][0.914704,0.963555,0][-0.122354,-0.677879,-1.15911][-0.858402,-0.49792,-0.123372][0.91494,0.9608,0][-0.137726,-0.68364,-1.17698][-0.444287,-0.667524,0.597512][0.944425,0.973645,0][-0.137726,-0.68364,-1.17698][-0.444287,-0.667524,0.597512][0.944425,0.973645,0][-0.135615,-0.68368,-1.1785][0.128453,-0.970827,0.20247][0.943174,0.976159,0][-0.120807,-0.677908,-1.16022][-0.248162,-0.915386,-0.316992][0.914704,0.963555,0][-0.137937,-0.671176,-1.1776][-0.897834,0.32137,0.301025][0.956287,0.95933,0][-0.137726,-0.68364,-1.17698][-0.444287,-0.667524,0.597512][0.944425,0.973645,0][-0.122354,-0.677879,-1.15911][-0.858402,-0.49792,-0.123372][0.91494,0.9608,0][-0.122354,-0.677879,-1.15911][-0.858402,-0.49792,-0.123372][0.91494,0.9608,0][-0.122526,-0.667797,-1.15962][-0.976826,-0.00586975,0.213957][0.921407,0.945842,0][-0.137937,-0.671176,-1.1776][-0.897834,0.32137,0.301025][0.956287,0.95933,0][-0.122854,-0.648484,-1.16059][-0.976828,-0.0058694,0.213947][0.929418,0.919057,0][-0.138343,-0.647301,-1.1788][-0.887745,-0.319959,0.330961][0.965239,0.928249,0][-0.137937,-0.671176,-1.1776][-0.897834,0.32137,0.301025][0.956287,0.95933,0][-0.137937,-0.671176,-1.1776][-0.897834,0.32137,0.301025][0.956287,0.95933,0][-0.122526,-0.667797,-1.15962][-0.976826,-0.00586975,0.213957][0.921407,0.945842,0][-0.122854,-0.648484,-1.16059][-0.976828,-0.0058694,0.213947][0.929418,0.919057,0][-0.137937,-0.671176,-1.1776][-0.897834,0.32137,0.301025][0.956287,0.95933,0][-0.138343,-0.647301,-1.1788][-0.887745,-0.319959,0.330961][0.965239,0.928249,0][-0.136233,-0.647344,-1.18036][-0.428892,-0.707697,-0.561441][0.968014,0.929971,0][-0.136233,-0.647344,-1.18036][-0.428892,-0.707697,-0.561441][0.968014,0.929971,0][-0.135827,-0.671219,-1.17916][-0.450586,0.635363,-0.627126][0.959707,0.959447,0][-0.137937,-0.671176,-1.1776][-0.897834,0.32137,0.301025][0.956287,0.95933,0][-0.138343,-0.647301,-1.1788][-0.887745,-0.319959,0.330961][0.965239,0.928249,0][-0.147312,-0.646616,-1.18935][-0.823243,-0.561616,-0.0828181][0.975418,0.918509,0][-0.144874,-0.646665,-1.19113][-0.426828,-0.707883,-0.562778][0.977426,0.919441,0][-0.144874,-0.646665,-1.19113][-0.426828,-0.707883,-0.562778][0.977426,0.919441,0][-0.136233,-0.647344,-1.18036][-0.428892,-0.707697,-0.561441][0.968014,0.929971,0][-0.138343,-0.647301,-1.1788][-0.887745,-0.319959,0.330961][0.965239,0.928249,0][-0.135827,-0.671219,-1.17916][-0.450586,0.635363,-0.627126][0.959707,0.959447,0][-0.144424,-0.67318,-1.1898][-0.448587,0.635214,-0.628707][0.961621,0.973765,0][-0.146862,-0.673132,-1.18802][-0.840668,0.52397,-0.136866][0.959326,0.973438,0][-0.146862,-0.673132,-1.18802][-0.840668,0.52397,-0.136866][0.959326,0.973438,0][-0.137937,-0.671176,-1.1776][-0.897834,0.32137,0.301025][0.956287,0.95933,0][-0.135827,-0.671219,-1.17916][-0.450586,0.635363,-0.627126][0.959707,0.959447,0][-0.136233,-0.647344,-1.18036][-0.428892,-0.707697,-0.561441][0.968014,0.929971,0][-0.144874,-0.646665,-1.19113][-0.426828,-0.707883,-0.562778][0.977426,0.919441,0][-0.141509,-0.646731,-1.19361][-0.428969,-0.707449,-0.561695][0.981353,0.920688,0][-0.141509,-0.646731,-1.19361][-0.428969,-0.707449,-0.561695][0.981353,0.920688,0][-0.133275,-0.647402,-1.18254][-0.428943,-0.707696,-0.561404][0.972001,0.932122,0][-0.136233,-0.647344,-1.18036][-0.428892,-0.707697,-0.561441][0.968014,0.929971,0][-0.135827,-0.671219,-1.17916][-0.450586,0.635363,-0.627126][0.959707,0.959447,0][-0.136233,-0.647344,-1.18036][-0.428892,-0.707697,-0.561441][0.968014,0.929971,0][-0.133275,-0.647402,-1.18254][-0.428943,-0.707696,-0.561404][0.972001,0.932122,0][-0.133275,-0.647402,-1.18254][-0.428943,-0.707696,-0.561404][0.972001,0.932122,0][-0.132869,-0.671277,-1.18135][-0.450606,0.635259,-0.627216][0.964193,0.959767,0][-0.135827,-0.671219,-1.17916][-0.450586,0.635363,-0.627126][0.959707,0.959447,0][-0.132869,-0.671277,-1.18135][-0.450606,0.635259,-0.627216][0.964193,0.959767,0][-0.141059,-0.673248,-1.19228][-0.450681,0.635047,-0.627377][0.965711,0.974893,0][-0.144424,-0.67318,-1.1898][-0.448587,0.635214,-0.628707][0.961621,0.973765,0][-0.144424,-0.67318,-1.1898][-0.448587,0.635214,-0.628707][0.961621,0.973765,0][-0.135827,-0.671219,-1.17916][-0.450586,0.635363,-0.627126][0.959707,0.959447,0][-0.132869,-0.671277,-1.18135][-0.450606,0.635259,-0.627216][0.964193,0.959767,0][-0.133275,-0.647402,-1.18254][-0.428943,-0.707696,-0.561404][0.859076,0.456922,0][-0.141509,-0.646731,-1.19361][-0.428969,-0.707449,-0.561695][0.868577,0.468238,0][-0.138344,-0.646795,-1.19595][-0.430918,-0.707549,-0.560074][0.864875,0.469378,0][-0.138344,-0.646795,-1.19595][-0.430918,-0.707549,-0.560074][0.864875,0.469378,0][-0.130652,-0.647455,-1.18448][-0.428966,-0.707753,-0.561314][0.855625,0.458818,0][-0.133275,-0.647402,-1.18254][-0.428943,-0.707696,-0.561404][0.859076,0.456922,0][-0.132869,-0.671277,-1.18135][-0.450606,0.635259,-0.627216][0.85109,0.430053,0][-0.133275,-0.647402,-1.18254][-0.428943,-0.707696,-0.561404][0.859076,0.456922,0][-0.130652,-0.647455,-1.18448][-0.428966,-0.707753,-0.561314][0.855625,0.458818,0][-0.130652,-0.647455,-1.18448][-0.428966,-0.707753,-0.561314][0.855625,0.458818,0][-0.130246,-0.67133,-1.18328][-0.450454,0.635297,-0.627288][0.847333,0.430399,0][-0.132869,-0.671277,-1.18135][-0.450606,0.635259,-0.627216][0.85109,0.430053,0][-0.130246,-0.67133,-1.18328][-0.450454,0.635297,-0.627288][0.847333,0.430399,0][-0.137894,-0.673312,-1.19462][-0.452366,0.635517,-0.625686][0.848693,0.416959,0][-0.141059,-0.673248,-1.19228][-0.450681,0.635047,-0.627377][0.85228,0.415915,0][-0.141059,-0.673248,-1.19228][-0.450681,0.635047,-0.627377][0.85228,0.415915,0][-0.132869,-0.671277,-1.18135][-0.450606,0.635259,-0.627216][0.85109,0.430053,0][-0.130246,-0.67133,-1.18328][-0.450454,0.635297,-0.627288][0.847333,0.430399,0][-0.130652,-0.647455,-1.18448][-0.428966,-0.707753,-0.561314][0.855625,0.458818,0][-0.138344,-0.646795,-1.19595][-0.430918,-0.707549,-0.560074][0.864875,0.469378,0][-0.135865,-0.646846,-1.1978][0.147658,-0.580879,-0.800485][0.862816,0.470326,0][-0.135865,-0.646846,-1.1978][0.147658,-0.580879,-0.800485][0.862816,0.470326,0][-0.128439,-0.6475,-1.18612][0.568613,-0.349199,-0.744808][0.852562,0.460618,0][-0.130652,-0.647455,-1.18448][-0.428966,-0.707753,-0.561314][0.855625,0.458818,0][-0.130246,-0.67133,-1.18328][-0.450454,0.635297,-0.627288][0.847333,0.430399,0][-0.130652,-0.647455,-1.18448][-0.428966,-0.707753,-0.561314][0.855625,0.458818,0][-0.128439,-0.6475,-1.18612][0.568613,-0.349199,-0.744808][0.852562,0.460618,0][-0.128439,-0.6475,-1.18612][0.568613,-0.349199,-0.744808][0.852562,0.460618,0][-0.128033,-0.671375,-1.18492][0.559643,0.292016,-0.775581][0.844098,0.43052,0][-0.130246,-0.67133,-1.18328][-0.450454,0.635297,-0.627288][0.847333,0.430399,0][-0.128033,-0.671375,-1.18492][0.559643,0.292016,-0.775581][0.844098,0.43052,0][-0.135414,-0.673363,-1.19647][0.130085,0.504725,-0.853423][0.8465,0.417364,0][-0.137894,-0.673312,-1.19462][-0.452366,0.635517,-0.625686][0.848693,0.416959,0][-0.137894,-0.673312,-1.19462][-0.452366,0.635517,-0.625686][0.848693,0.416959,0][-0.130246,-0.67133,-1.18328][-0.450454,0.635297,-0.627288][0.847333,0.430399,0][-0.128033,-0.671375,-1.18492][0.559643,0.292016,-0.775581][0.844098,0.43052,0][0.249639,0.378264,0.99181][0.0243691,-0.993227,0.113607][0.465288,0.894007,0][0,0.379624,1.0084][0,-0.995623,0.0934632][0.493597,0.894007,0][0,0.382471,0.999693][0,-0.767071,-0.641562][0.493597,0.910061,0][0,0.382471,0.999693][0,-0.767071,-0.641562][0.493597,0.910061,0][0.247422,0.381435,0.98235][-0.144671,-0.779557,-0.609395][0.465288,0.910061,0][0.249639,0.378264,0.99181][0.0243691,-0.993227,0.113607][0.465288,0.894007,0][0.613304,0.37872,0.84111][0.0683783,-0.992699,0.0993604][0.419697,0.894007,0][0.249639,0.378264,0.99181][0.0243691,-0.993227,0.113607][0.465288,0.894007,0][0.247422,0.381435,0.98235][-0.144671,-0.779557,-0.609395][0.465288,0.910061,0][0.247422,0.381435,0.98235][-0.144671,-0.779557,-0.609395][0.465288,0.910061,0][0.608209,0.381782,0.833228][-0.335441,-0.781816,-0.525589][0.419697,0.910061,0][0.613304,0.37872,0.84111][0.0683783,-0.992699,0.0993604][0.419697,0.894007,0][0.865608,0.380729,0.603515][0.0899895,-0.993594,0.0683605][0.397448,0.894007,0][0.613304,0.37872,0.84111][0.0683783,-0.992699,0.0993604][0.419697,0.894007,0][0.608209,0.381782,0.833228][-0.335441,-0.781816,-0.525589][0.419697,0.910061,0][0.608209,0.381782,0.833228][-0.335441,-0.781816,-0.525589][0.419697,0.910061,0][0.859386,0.383313,0.598617][-0.492613,-0.777833,-0.390268][0.397448,0.910061,0][0.865608,0.380729,0.603515][0.0899895,-0.993594,0.0683605][0.397448,0.894007,0][1.05159,0.380001,0.277222][0.105874,-0.993643,0.0382772][0.354127,0.894007,0][0.865608,0.380729,0.603515][0.0899895,-0.993594,0.0683605][0.397448,0.894007,0][0.859386,0.383313,0.598617][-0.492613,-0.777833,-0.390268][0.397448,0.910061,0][0.859386,0.383313,0.598617][-0.492613,-0.777833,-0.390268][0.397448,0.910061,0][1.04372,0.382758,0.274166][-0.58522,-0.777614,-0.229858][0.354127,0.910061,0][1.05159,0.380001,0.277222][0.105874,-0.993643,0.0382772][0.354127,0.894007,0][1.13765,0.382787,-0.104781][0.101904,-0.994729,0.0113815][0.30887,0.894007,0][1.05159,0.380001,0.277222][0.105874,-0.993643,0.0382772][0.354127,0.894007,0][1.04372,0.382758,0.274166][-0.58522,-0.777614,-0.229858][0.354127,0.910061,0][1.04372,0.382758,0.274166][-0.58522,-0.777614,-0.229858][0.354127,0.910061,0][1.13124,0.384881,-0.10514][-0.631071,-0.771962,-0.076322][0.30887,0.910061,0][1.13765,0.382787,-0.104781][0.101904,-0.994729,0.0113815][0.30887,0.894007,0][1.14089,0.381975,-0.379974][0.105263,-0.994391,-0.0103391][0.276581,0.894007,0][1.13765,0.382787,-0.104781][0.101904,-0.994729,0.0113815][0.30887,0.894007,0][1.13124,0.384881,-0.10514][-0.631071,-0.771962,-0.076322][0.30887,0.910061,0][1.13124,0.384881,-0.10514][-0.631071,-0.771962,-0.076322][0.30887,0.910061,0][1.13397,0.384258,-0.379974][-0.635242,-0.769443,0.0665225][0.276581,0.910061,0][1.14089,0.381975,-0.379974][0.105263,-0.994391,-0.0103391][0.276581,0.894007,0][0.898397,0.384619,-0.996436][0.0891055,-0.993779,-0.0668136][0.197727,0.894007,0][1.07162,0.381021,-0.703724][0.106737,-0.993127,-0.0480224][0.238378,0.894007,0][1.06431,0.383529,-0.701276][-0.583925,-0.779939,0.225224][0.238378,0.910061,0][1.06431,0.383529,-0.701276][-0.583925,-0.779939,0.225224][0.238378,0.910061,0][0.892958,0.386892,-0.992098][-0.489588,-0.776087,0.397483][0.197727,0.910061,0][0.898397,0.384619,-0.996436][0.0891055,-0.993779,-0.0668136][0.197727,0.894007,0][0.708938,0.365545,-1.1845][-0.243105,-0.460366,0.853794][0.167129,0.916764,0][0.716719,0.364151,-1.18769][0.649293,-0.389841,0.653025][0.167129,0.89704,0][0.725605,0.380964,-1.15661][0.160332,-0.972896,0.166633][0.178559,0.894007,0][0.725605,0.380964,-1.15661][0.160332,-0.972896,0.166633][0.178559,0.894007,0][0.718683,0.382485,-1.15332][-0.402418,-0.750121,0.524765][0.178559,0.910061,0][0.708938,0.365545,-1.1845][-0.243105,-0.460366,0.853794][0.167129,0.916764,0][0.749922,-0.0326024,-1.13129][0.700377,-0.247457,0.669505][0.113095,0.894007,0][0.761174,0.0793326,-1.14882][0.739215,0.113333,0.663865][0.12712,0.894007,0][0.754702,0.0793436,-1.14584][0.0684866,0.162993,0.984247][0.12712,0.910061,0][0.754702,0.0793436,-1.14584][0.0684866,0.162993,0.984247][0.12712,0.910061,0][0.743598,-0.0301265,-1.12822][0.0970064,-0.00446038,0.995274][0.113095,0.910061,0][0.749922,-0.0326024,-1.13129][0.700377,-0.247457,0.669505][0.113095,0.894007,0][0.465018,-0.252394,-1.15716][0.276971,-0.702186,0.655913][0.070552,0.894007,0][0.682103,-0.123502,-1.14206][0.477719,-0.601352,0.640438][0.100829,0.894007,0][0.677193,-0.119885,-1.13916][-0.000899301,-0.134024,0.990978][0.100829,0.910061,0][0.677193,-0.119885,-1.13916][-0.000899301,-0.134024,0.990978][0.100829,0.910061,0][0.461792,-0.247246,-1.15441][-0.00116777,-0.0778916,0.996961][0.070552,0.910061,0][0.465018,-0.252394,-1.15716][0.276971,-0.702186,0.655913][0.070552,0.894007,0][0.247422,0.381435,0.98235][-0.144671,-0.779557,-0.609395][0.465288,0.910061,0][0,0.382471,0.999693][0,-0.767071,-0.641562][0.493597,0.910061,0][0,0.390652,0.995549][0,-0.0782596,-0.996933][0.493597,0.920989,0][0,0.390652,0.995549][0,-0.0782596,-0.996933][0.493597,0.920989,0][0.246367,0.390547,0.977843][-0.228925,-0.0803252,-0.970124][0.465288,0.920989,0][0.247422,0.381435,0.98235][-0.144671,-0.779557,-0.609395][0.465288,0.910061,0][0.608209,0.381782,0.833228][-0.335441,-0.781816,-0.525589][0.419697,0.910061,0][0.247422,0.381435,0.98235][-0.144671,-0.779557,-0.609395][0.465288,0.910061,0][0.246367,0.390547,0.977843][-0.228925,-0.0803252,-0.970124][0.465288,0.920989,0][0.246367,0.390547,0.977843][-0.228925,-0.0803252,-0.970124][0.465288,0.920989,0][0.605783,0.390582,0.829474][-0.538074,-0.0807609,-0.839019][0.419697,0.920989,0][0.608209,0.381782,0.833228][-0.335441,-0.781816,-0.525589][0.419697,0.910061,0][0.859386,0.383313,0.598617][-0.492613,-0.777833,-0.390268][0.397448,0.910061,0][0.608209,0.381782,0.833228][-0.335441,-0.781816,-0.525589][0.419697,0.910061,0][0.605783,0.390582,0.829474][-0.538074,-0.0807609,-0.839019][0.419697,0.920989,0][0.605783,0.390582,0.829474][-0.538074,-0.0807609,-0.839019][0.419697,0.920989,0][0.856422,0.390738,0.596284][-0.782039,-0.0801315,-0.618057][0.397448,0.920989,0][0.859386,0.383313,0.598617][-0.492613,-0.777833,-0.390268][0.397448,0.910061,0][1.04372,0.382758,0.274166][-0.58522,-0.777614,-0.229858][0.354127,0.910061,0][0.859386,0.383313,0.598617][-0.492613,-0.777833,-0.390268][0.397448,0.910061,0][0.856422,0.390738,0.596284][-0.782039,-0.0801315,-0.618057][0.397448,0.920989,0][0.856422,0.390738,0.596284][-0.782039,-0.0801315,-0.618057][0.397448,0.920989,0][1.03997,0.390682,0.272711][-0.928337,-0.080167,-0.362992][0.354127,0.920989,0][1.04372,0.382758,0.274166][-0.58522,-0.777614,-0.229858][0.354127,0.910061,0][1.13124,0.384881,-0.10514][-0.631071,-0.771962,-0.076322][0.30887,0.910061,0][1.04372,0.382758,0.274166][-0.58522,-0.777614,-0.229858][0.354127,0.910061,0][1.03997,0.390682,0.272711][-0.928337,-0.080167,-0.362992][0.354127,0.920989,0][1.03997,0.390682,0.272711][-0.928337,-0.080167,-0.362992][0.354127,0.920989,0][1.12819,0.390897,-0.105312][-0.989585,-0.0792238,-0.120186][0.30887,0.920989,0][1.13124,0.384881,-0.10514][-0.631071,-0.771962,-0.076322][0.30887,0.910061,0][1.13397,0.384258,-0.379974][-0.635242,-0.769443,0.0665225][0.276581,0.910061,0][1.13124,0.384881,-0.10514][-0.631071,-0.771962,-0.076322][0.30887,0.910061,0][1.12819,0.390897,-0.105312][-0.989585,-0.0792238,-0.120186][0.30887,0.920989,0][1.12819,0.390897,-0.105312][-0.989585,-0.0792238,-0.120186][0.30887,0.920989,0][1.13067,0.390832,-0.379974][-0.991364,-0.0783232,0.105184][0.276581,0.920989,0][1.13397,0.384258,-0.379974][-0.635242,-0.769443,0.0665225][0.276581,0.910061,0][0.892958,0.386892,-0.992098][-0.489588,-0.776087,0.397483][0.197727,0.910061,0][1.06431,0.383529,-0.701276][-0.583925,-0.779939,0.225224][0.238378,0.910061,0][1.06083,0.390755,-0.700085][-0.927432,-0.082186,0.364851][0.238378,0.920989,0][1.06083,0.390755,-0.700085][-0.927432,-0.082186,0.364851][0.238378,0.920989,0][0.890336,0.393419,-0.990073][-0.777187,-0.0755692,0.624715][0.197727,0.920989,0][0.892958,0.386892,-0.992098][-0.489588,-0.776087,0.397483][0.197727,0.910061,0][0.708938,0.365545,-1.1845][-0.243105,-0.460366,0.853794][0.167129,0.916764,0][0.718683,0.382485,-1.15332][-0.402418,-0.750121,0.524765][0.178559,0.910061,0][0.713024,0.387055,-1.1548][-0.790434,-0.0307544,0.611774][0.178559,0.920989,0][0.713024,0.387055,-1.1548][-0.790434,-0.0307544,0.611774][0.178559,0.920989,0][0.702044,0.369828,-1.18711][-0.880931,-0.174087,0.440063][0.167129,0.924284,0][0.708938,0.365545,-1.1845][-0.243105,-0.460366,0.853794][0.167129,0.916764,0][0.736989,-0.0278904,-1.13084][-0.580844,0.249294,0.774902][0.113095,0.920989,0][0.743598,-0.0301265,-1.12822][0.0970064,-0.00446038,0.995274][0.113095,0.910061,0][0.754702,0.0793436,-1.14584][0.0684866,0.162993,0.984247][0.12712,0.910061,0][0.754702,0.0793436,-1.14584][0.0684866,0.162993,0.984247][0.12712,0.910061,0][0.748078,0.0798246,-1.14835][-0.66115,0.113394,0.741635][0.12712,0.920989,0][0.736989,-0.0278904,-1.13084][-0.580844,0.249294,0.774902][0.113095,0.920989,0][0.461792,-0.247246,-1.15441][-0.00116777,-0.0778916,0.996961][0.070552,0.910061,0][0.677193,-0.119885,-1.13916][-0.000899301,-0.134024,0.990978][0.100829,0.910061,0][0.672199,-0.116271,-1.14164][-0.49951,0.463013,0.732194][0.100829,0.920989,0][0.672199,-0.116271,-1.14164][-0.49951,0.463013,0.732194][0.100829,0.920989,0][0.458738,-0.2418,-1.15675][-0.276679,0.607803,0.744328][0.070552,0.920989,0][0.461792,-0.247246,-1.15441][-0.00116777,-0.0778916,0.996961][0.070552,0.910061,0][0.246367,0.390547,0.977843][-0.228925,-0.0803252,-0.970124][0.465288,0.920989,0][0,0.390652,0.995549][0,-0.0782596,-0.996933][0.493597,0.920989,0][0,0.399378,0.998389][0,0.657893,-0.753111][0.493597,0.930687,0][0,0.399378,0.998389][0,0.657893,-0.753111][0.493597,0.930687,0][0.24709,0.400265,0.980933][-0.17094,0.670734,-0.721731][0.465288,0.930687,0][0.246367,0.390547,0.977843][-0.228925,-0.0803252,-0.970124][0.465288,0.920989,0][0.605783,0.390582,0.829474][-0.538074,-0.0807609,-0.839019][0.419697,0.920989,0][0.246367,0.390547,0.977843][-0.228925,-0.0803252,-0.970124][0.465288,0.920989,0][0.24709,0.400265,0.980933][-0.17094,0.670734,-0.721731][0.465288,0.930687,0][0.24709,0.400265,0.980933][-0.17094,0.670734,-0.721731][0.465288,0.930687,0][0.607446,0.399968,0.832047][-0.398489,0.673045,-0.62307][0.419697,0.930687,0][0.605783,0.390582,0.829474][-0.538074,-0.0807609,-0.839019][0.419697,0.920989,0][0.856422,0.390738,0.596284][-0.782039,-0.0801315,-0.618057][0.397448,0.920989,0][0.605783,0.390582,0.829474][-0.538074,-0.0807609,-0.839019][0.419697,0.920989,0][0.607446,0.399968,0.832047][-0.398489,0.673045,-0.62307][0.419697,0.930687,0][0.607446,0.399968,0.832047][-0.398489,0.673045,-0.62307][0.419697,0.930687,0][0.858453,0.398657,0.597883][-0.58285,0.668943,-0.461304][0.397448,0.930687,0][0.856422,0.390738,0.596284][-0.782039,-0.0801315,-0.618057][0.397448,0.920989,0][1.03997,0.390682,0.272711][-0.928337,-0.080167,-0.362992][0.354127,0.920989,0][0.856422,0.390738,0.596284][-0.782039,-0.0801315,-0.618057][0.397448,0.920989,0][0.858453,0.398657,0.597883][-0.58285,0.668943,-0.461304][0.397448,0.930687,0][0.858453,0.398657,0.597883][-0.58285,0.668943,-0.461304][0.397448,0.930687,0][1.04253,0.399132,0.273708][-0.692226,0.668701,-0.271409][0.354127,0.930687,0][1.03997,0.390682,0.272711][-0.928337,-0.080167,-0.362992][0.354127,0.920989,0][1.12819,0.390897,-0.105312][-0.989585,-0.0792238,-0.120186][0.30887,0.920989,0][1.03997,0.390682,0.272711][-0.928337,-0.080167,-0.362992][0.354127,0.920989,0][1.04253,0.399132,0.273708][-0.692226,0.668701,-0.271409][0.354127,0.930687,0][1.04253,0.399132,0.273708][-0.692226,0.668701,-0.271409][0.354127,0.930687,0][1.13028,0.397315,-0.105194][-0.743297,0.662876,-0.0900317][0.30887,0.930687,0][1.12819,0.390897,-0.105312][-0.989585,-0.0792238,-0.120186][0.30887,0.920989,0][1.13067,0.390832,-0.379974][-0.991364,-0.0783232,0.105184][0.276581,0.920989,0][1.12819,0.390897,-0.105312][-0.989585,-0.0792238,-0.120186][0.30887,0.920989,0][1.13028,0.397315,-0.105194][-0.743297,0.662876,-0.0900317][0.30887,0.930687,0][1.13028,0.397315,-0.105194][-0.743297,0.662876,-0.0900317][0.30887,0.930687,0][1.13293,0.397843,-0.379974][-0.747561,0.659501,0.0788012][0.276581,0.930687,0][1.13067,0.390832,-0.379974][-0.991364,-0.0783232,0.105184][0.276581,0.920989,0][0.890336,0.393419,-0.990073][-0.777187,-0.0755692,0.624715][0.197727,0.920989,0][1.06083,0.390755,-0.700085][-0.927432,-0.082186,0.364851][0.238378,0.920989,0][1.06322,0.398461,-0.700851][-0.691129,0.66883,0.273874][0.238378,0.930687,0][1.06322,0.398461,-0.700851][-0.691129,0.66883,0.273874][0.238378,0.930687,0][0.892066,0.400375,-0.991549][-0.583433,0.671739,0.456479][0.197727,0.930687,0][0.890336,0.393419,-0.990073][-0.777187,-0.0755692,0.624715][0.197727,0.920989,0][0.702044,0.369828,-1.18711][-0.880931,-0.174087,0.440063][0.167129,0.924284,0][0.713024,0.387055,-1.1548][-0.790434,-0.0307544,0.611774][0.178559,0.920989,0][0.711944,0.392001,-1.16019][-0.726934,0.635367,0.260531][0.178559,0.930687,0][0.711944,0.392001,-1.16019][-0.726934,0.635367,0.260531][0.178559,0.930687,0][0.700077,0.374487,-1.19396][-0.956988,0.256323,-0.135917][0.167129,0.930687,0][0.702044,0.369828,-1.18711][-0.880931,-0.174087,0.440063][0.167129,0.924284,0][0.733967,-0.0272005,-1.13762][-0.929494,0.362609,0.0674928][0.113095,0.930687,0][0.736989,-0.0278904,-1.13084][-0.580844,0.249294,0.774902][0.113095,0.920989,0][0.748078,0.0798246,-1.14835][-0.66115,0.113394,0.741635][0.12712,0.920989,0][0.748078,0.0798246,-1.14835][-0.66115,0.113394,0.741635][0.12712,0.920989,0][0.745185,0.0804915,-1.15489][-0.999264,-0.0222385,0.0312688][0.12712,0.930687,0][0.733967,-0.0272005,-1.13762][-0.929494,0.362609,0.0674928][0.113095,0.930687,0][0.458738,-0.2418,-1.15675][-0.276679,0.607803,0.744328][0.070552,0.920989,0][0.672199,-0.116271,-1.14164][-0.49951,0.463013,0.732194][0.100829,0.920989,0][0.670048,-0.114774,-1.14803][-0.663787,0.747833,0.0115147][0.100829,0.930687,0][0.670048,-0.114774,-1.14803][-0.663787,0.747833,0.0115147][0.100829,0.930687,0][0.457645,-0.23924,-1.16281][-0.384755,0.922358,0.0349248][0.070552,0.930687,0][0.458738,-0.2418,-1.15675][-0.276679,0.607803,0.744328][0.070552,0.920989,0][0.24709,0.400265,0.980933][-0.17094,0.670734,-0.721731][0.465288,0.930687,0][0,0.399378,0.998389][0,0.657893,-0.753111][0.493597,0.930687,0][0,0.403533,1.00655][0,0.998135,-0.0610489][0.493597,0.943747,0][0,0.403533,1.00655][0,0.998135,-0.0610489][0.493597,0.943747,0][0.249168,0.404893,0.989805][-0.0106512,0.999289,-0.0361649][0.465288,0.943747,0][0.24709,0.400265,0.980933][-0.17094,0.670734,-0.721731][0.465288,0.930687,0][0.607446,0.399968,0.832047][-0.398489,0.673045,-0.62307][0.419697,0.930687,0][0.24709,0.400265,0.980933][-0.17094,0.670734,-0.721731][0.465288,0.930687,0][0.249168,0.404893,0.989805][-0.0106512,0.999289,-0.0361649][0.465288,0.943747,0][0.249168,0.404893,0.989805][-0.0106512,0.999289,-0.0361649][0.465288,0.943747,0][0.612224,0.404437,0.839439][-0.0149698,0.999447,-0.0296874][0.419697,0.943747,0][0.607446,0.399968,0.832047][-0.398489,0.673045,-0.62307][0.419697,0.930687,0][0.858453,0.398657,0.597883][-0.58285,0.668943,-0.461304][0.397448,0.930687,0][0.607446,0.399968,0.832047][-0.398489,0.673045,-0.62307][0.419697,0.930687,0][0.612224,0.404437,0.839439][-0.0149698,0.999447,-0.0296874][0.419697,0.943747,0][0.612224,0.404437,0.839439][-0.0149698,0.999447,-0.0296874][0.419697,0.943747,0][0.864289,0.402428,0.602476][-0.0309085,0.999163,-0.0267837][0.397448,0.943747,0][0.858453,0.398657,0.597883][-0.58285,0.668943,-0.461304][0.397448,0.930687,0][1.04253,0.399132,0.273708][-0.692226,0.668701,-0.271409][0.354127,0.930687,0][0.858453,0.398657,0.597883][-0.58285,0.668943,-0.461304][0.397448,0.930687,0][0.864289,0.402428,0.602476][-0.0309085,0.999163,-0.0267837][0.397448,0.943747,0][0.864289,0.402428,0.602476][-0.0309085,0.999163,-0.0267837][0.397448,0.943747,0][1.04992,0.403156,0.276574][-0.037513,0.999145,-0.0173756][0.354127,0.943747,0][1.04253,0.399132,0.273708][-0.692226,0.668701,-0.271409][0.354127,0.930687,0][1.13028,0.397315,-0.105194][-0.743297,0.662876,-0.0900317][0.30887,0.930687,0][1.04253,0.399132,0.273708][-0.692226,0.668701,-0.271409][0.354127,0.930687,0][1.04992,0.403156,0.276574][-0.037513,0.999145,-0.0173756][0.354127,0.943747,0][1.04992,0.403156,0.276574][-0.037513,0.999145,-0.0173756][0.354127,0.943747,0][1.13629,0.40037,-0.104857][-0.0511169,0.998671,-0.00663521][0.30887,0.943747,0][1.13028,0.397315,-0.105194][-0.743297,0.662876,-0.0900317][0.30887,0.930687,0][1.13293,0.397843,-0.379974][-0.747561,0.659501,0.0788012][0.276581,0.930687,0][1.13028,0.397315,-0.105194][-0.743297,0.662876,-0.0900317][0.30887,0.930687,0][1.13629,0.40037,-0.104857][-0.0511169,0.998671,-0.00663521][0.30887,0.943747,0][1.13629,0.40037,-0.104857][-0.0511169,0.998671,-0.00663521][0.30887,0.943747,0][1.13943,0.401182,-0.379974][-0.0503269,0.998719,0.00533358][0.276581,0.943747,0][1.13293,0.397843,-0.379974][-0.747561,0.659501,0.0788012][0.276581,0.930687,0][0.892066,0.400375,-0.991549][-0.583433,0.671739,0.456479][0.197727,0.930687,0][1.06322,0.398461,-0.700851][-0.691129,0.66883,0.273874][0.238378,0.930687,0][1.07008,0.402136,-0.703125][-0.0354037,0.999247,0.0158946][0.238378,0.943747,0][1.07008,0.402136,-0.703125][-0.0354037,0.999247,0.0158946][0.238378,0.943747,0][0.897135,0.403688,-0.99566][-0.0420784,0.999,0.0151135][0.197727,0.943747,0][0.892066,0.400375,-0.991549][-0.583433,0.671739,0.456479][0.197727,0.930687,0][0.700077,0.374487,-1.19396][-0.956988,0.256323,-0.135917][0.167129,0.930687,0][0.711944,0.392001,-1.16019][-0.726934,0.635367,0.260531][0.178559,0.930687,0][0.716075,0.394423,-1.16632][-0.274752,0.949151,-0.153702][0.178559,0.943747,0][0.716075,0.394423,-1.16632][-0.274752,0.949151,-0.153702][0.178559,0.943747,0][0.704188,0.376796,-1.20106][-0.560927,0.508843,-0.653024][0.167129,0.936844,0][0.700077,0.374487,-1.19396][-0.956988,0.256323,-0.135917][0.167129,0.930687,0][0.736302,-0.0284644,-1.14459][-0.67128,0.238457,-0.701798][0.113095,0.943747,0][0.733967,-0.0272005,-1.13762][-0.929494,0.362609,0.0674928][0.113095,0.930687,0][0.745185,0.0804915,-1.15489][-0.999264,-0.0222385,0.0312688][0.12712,0.930687,0][0.745185,0.0804915,-1.15489][-0.999264,-0.0222385,0.0312688][0.12712,0.930687,0][0.747715,0.0809536,-1.16162][-0.709545,-0.140323,-0.690547][0.12712,0.943747,0][0.736302,-0.0284644,-1.14459][-0.67128,0.238457,-0.701798][0.113095,0.943747,0][0.457645,-0.23924,-1.16281][-0.384755,0.922358,0.0349248][0.070552,0.930687,0][0.670048,-0.114774,-1.14803][-0.663787,0.747833,0.0115147][0.100829,0.930687,0][0.672,-0.116271,-1.15461][-0.439876,0.57409,-0.690601][0.100829,0.943747,0][0.672,-0.116271,-1.15461][-0.439876,0.57409,-0.690601][0.100829,0.943747,0][0.459153,-0.241072,-1.16904][-0.259473,0.670207,-0.695339][0.070552,0.943747,0][0.457645,-0.23924,-1.16281][-0.384755,0.922358,0.0349248][0.070552,0.930687,0][0.249168,0.404893,0.989805][-0.0106512,0.999289,-0.0361649][0.465288,0.943747,0][0,0.403533,1.00655][0,0.998135,-0.0610489][0.493597,0.943747,0][0,0.400686,1.01526][0,0.751068,0.660225][0.493597,0.959646,0][0,0.400686,1.01526][0,0.751068,0.660225][0.493597,0.959646,0][0.251385,0.401722,0.999269][0.1512,0.740394,0.654947][0.465288,0.959646,0][0.249168,0.404893,0.989805][-0.0106512,0.999289,-0.0361649][0.465288,0.943747,0][0.612224,0.404437,0.839439][-0.0149698,0.999447,-0.0296874][0.419697,0.943747,0][0.249168,0.404893,0.989805][-0.0106512,0.999289,-0.0361649][0.465288,0.943747,0][0.251385,0.401722,0.999269][0.1512,0.740394,0.654947][0.465288,0.959646,0][0.251385,0.401722,0.999269][0.1512,0.740394,0.654947][0.465288,0.959646,0][0.617319,0.401374,0.84732][0.368936,0.738389,0.564507][0.419697,0.959646,0][0.612224,0.404437,0.839439][-0.0149698,0.999447,-0.0296874][0.419697,0.943747,0][0.864289,0.402428,0.602476][-0.0309085,0.999163,-0.0267837][0.397448,0.943747,0][0.612224,0.404437,0.839439][-0.0149698,0.999447,-0.0296874][0.419697,0.943747,0][0.617319,0.401374,0.84732][0.368936,0.738389,0.564507][0.419697,0.959646,0][0.617319,0.401374,0.84732][0.368936,0.738389,0.564507][0.419697,0.959646,0][0.870511,0.399844,0.607375][0.527874,0.742009,0.413245][0.397448,0.959646,0][0.864289,0.402428,0.602476][-0.0309085,0.999163,-0.0267837][0.397448,0.943747,0][1.04992,0.403156,0.276574][-0.037513,0.999145,-0.0173756][0.354127,0.943747,0][0.864289,0.402428,0.602476][-0.0309085,0.999163,-0.0267837][0.397448,0.943747,0][0.870511,0.399844,0.607375][0.527874,0.742009,0.413245][0.397448,0.959646,0][0.870511,0.399844,0.607375][0.527874,0.742009,0.413245][0.397448,0.959646,0][1.0578,0.400399,0.27963][0.625763,0.742175,0.239996][0.354127,0.959646,0][1.04992,0.403156,0.276574][-0.037513,0.999145,-0.0173756][0.354127,0.943747,0][1.13629,0.40037,-0.104857][-0.0511169,0.998671,-0.00663521][0.30887,0.943747,0][1.04992,0.403156,0.276574][-0.037513,0.999145,-0.0173756][0.354127,0.943747,0][1.0578,0.400399,0.27963][0.625763,0.742175,0.239996][0.354127,0.959646,0][1.0578,0.400399,0.27963][0.625763,0.742175,0.239996][0.354127,0.959646,0][1.1427,0.398276,-0.104498][0.66092,0.746608,0.0758969][0.30887,0.959646,0][1.13629,0.40037,-0.104857][-0.0511169,0.998671,-0.00663521][0.30887,0.943747,0][1.13943,0.401182,-0.379974][-0.0503269,0.998719,0.00533358][0.276581,0.943747,0][1.13629,0.40037,-0.104857][-0.0511169,0.998671,-0.00663521][0.30887,0.943747,0][1.1427,0.398276,-0.104498][0.66092,0.746608,0.0758969][0.30887,0.959646,0][1.1427,0.398276,-0.104498][0.66092,0.746608,0.0758969][0.30887,0.959646,0][1.14635,0.398896,-0.379974][0.66667,0.742556,-0.0645167][0.276581,0.959646,0][1.13943,0.401182,-0.379974][-0.0503269,0.998719,0.00533358][0.276581,0.943747,0][0.897135,0.403688,-0.99566][-0.0420784,0.999,0.0151135][0.197727,0.943747,0][1.07008,0.402136,-0.703125][-0.0354037,0.999247,0.0158946][0.238378,0.943747,0][1.07739,0.399628,-0.705574][0.626907,0.740421,-0.242413][0.238378,0.959646,0][1.07739,0.399628,-0.705574][0.626907,0.740421,-0.242413][0.238378,0.959646,0][0.902574,0.401414,-0.999999][0.514263,0.745098,-0.42469][0.197727,0.959646,0][0.897135,0.403688,-0.99566][-0.0420784,0.999,0.0151135][0.197727,0.943747,0][0.704188,0.376796,-1.20106][-0.560927,0.508843,-0.653024][0.167129,0.936844,0][0.716075,0.394423,-1.16632][-0.274752,0.949151,-0.153702][0.178559,0.943747,0][0.722997,0.392899,-1.1696][0.299756,0.8488,-0.435529][0.178559,0.959646,0][0.722997,0.392899,-1.1696][0.299756,0.8488,-0.435529][0.178559,0.959646,0][0.711969,0.375401,-1.20424][0.0902607,0.481045,-0.872037][0.167129,0.950887,0][0.704188,0.376796,-1.20106][-0.560927,0.508843,-0.653024][0.167129,0.936844,0][0.736302,-0.0284644,-1.14459][-0.67128,0.238457,-0.701798][0.113095,0.943747,0][0.747715,0.0809536,-1.16162][-0.709545,-0.140323,-0.690547][0.12712,0.943747,0][0.754188,0.0809426,-1.1646][-0.00765909,-0.16103,-0.98692][0.12712,0.959646,0][0.754188,0.0809426,-1.1646][-0.00765909,-0.16103,-0.98692][0.12712,0.959646,0][0.742626,-0.0309374,-1.14766][0.0210527,-0.0421672,-0.998889][0.113095,0.959646,0][0.736302,-0.0284644,-1.14459][-0.67128,0.238457,-0.701798][0.113095,0.943747,0][0.462379,-0.246217,-1.17179][0.0231236,0.016912,-0.99959][0.070552,0.959646,0][0.459153,-0.241072,-1.16904][-0.259473,0.670207,-0.695339][0.070552,0.943747,0][0.672,-0.116271,-1.15461][-0.439876,0.57409,-0.690601][0.100829,0.943747,0][0.672,-0.116271,-1.15461][-0.439876,0.57409,-0.690601][0.100829,0.943747,0][0.67691,-0.119888,-1.15751][0.052893,0.035272,-0.997977][0.100829,0.959646,0][0.462379,-0.246217,-1.17179][0.0231236,0.016912,-0.99959][0.070552,0.959646,0][0.251385,0.401722,0.999269][0.1512,0.740394,0.654947][0.465288,0.959646,0][0,0.400686,1.01526][0,0.751068,0.660225][0.493597,0.959646,0][0,0.392504,1.01941][0,0.0757111,0.99713][0.493597,0.975184,0][0,0.392504,1.01941][0,0.0757111,0.99713][0.493597,0.975184,0][0.252441,0.39261,1.00377][0.225371,0.0742556,0.971439][0.465288,0.975184,0][0.251385,0.401722,0.999269][0.1512,0.740394,0.654947][0.465288,0.959646,0][0.617319,0.401374,0.84732][0.368936,0.738389,0.564507][0.419697,0.959646,0][0.251385,0.401722,0.999269][0.1512,0.740394,0.654947][0.465288,0.959646,0][0.252441,0.39261,1.00377][0.225371,0.0742556,0.971439][0.465288,0.975184,0][0.252441,0.39261,1.00377][0.225371,0.0742556,0.971439][0.465288,0.975184,0][0.619745,0.392574,0.851075][0.544092,0.0740378,0.835753][0.419697,0.975184,0][0.617319,0.401374,0.84732][0.368936,0.738389,0.564507][0.419697,0.959646,0][0.870511,0.399844,0.607375][0.527874,0.742009,0.413245][0.397448,0.959646,0][0.617319,0.401374,0.84732][0.368936,0.738389,0.564507][0.419697,0.959646,0][0.619745,0.392574,0.851075][0.544092,0.0740378,0.835753][0.419697,0.975184,0][0.619745,0.392574,0.851075][0.544092,0.0740378,0.835753][0.419697,0.975184,0][0.873475,0.392419,0.609708][0.784647,0.0745458,0.615444][0.397448,0.975184,0][0.870511,0.399844,0.607375][0.527874,0.742009,0.413245][0.397448,0.959646,0][1.0578,0.400399,0.27963][0.625763,0.742175,0.239996][0.354127,0.959646,0][0.870511,0.399844,0.607375][0.527874,0.742009,0.413245][0.397448,0.959646,0][0.873475,0.392419,0.609708][0.784647,0.0745458,0.615444][0.397448,0.975184,0][0.873475,0.392419,0.609708][0.784647,0.0745458,0.615444][0.397448,0.975184,0][1.06156,0.392475,0.281086][0.930631,0.074435,0.35831][0.354127,0.975184,0][1.0578,0.400399,0.27963][0.625763,0.742175,0.239996][0.354127,0.959646,0][1.1427,0.398276,-0.104498][0.66092,0.746608,0.0758969][0.30887,0.959646,0][1.0578,0.400399,0.27963][0.625763,0.742175,0.239996][0.354127,0.959646,0][1.06156,0.392475,0.281086][0.930631,0.074435,0.35831][0.354127,0.975184,0][1.06156,0.392475,0.281086][0.930631,0.074435,0.35831][0.354127,0.975184,0][1.14575,0.392259,-0.104326][0.990788,0.0750842,0.112702][0.30887,0.975184,0][1.1427,0.398276,-0.104498][0.66092,0.746608,0.0758969][0.30887,0.959646,0][1.14635,0.398896,-0.379974][0.66667,0.742556,-0.0645167][0.276581,0.959646,0][1.1427,0.398276,-0.104498][0.66092,0.746608,0.0758969][0.30887,0.959646,0][1.14575,0.392259,-0.104326][0.990788,0.0750842,0.112702][0.30887,0.975184,0][1.14575,0.392259,-0.104326][0.990788,0.0750842,0.112702][0.30887,0.975184,0][1.14964,0.392325,-0.379974][0.992814,0.0742688,-0.0938355][0.276581,0.975184,0][1.14635,0.398896,-0.379974][0.66667,0.742556,-0.0645167][0.276581,0.959646,0][0.902574,0.401414,-0.999999][0.514263,0.745098,-0.42469][0.197727,0.959646,0][1.07739,0.399628,-0.705574][0.626907,0.740421,-0.242413][0.238378,0.959646,0][1.08087,0.392402,-0.706764][0.929758,0.0741791,-0.36062][0.238378,0.975184,0][1.08087,0.392402,-0.706764][0.929758,0.0741791,-0.36062][0.238378,0.975184,0][0.905196,0.394888,-1.00202][0.77609,0.0773896,-0.625856][0.197727,0.975184,0][0.902574,0.401414,-0.999999][0.514263,0.745098,-0.42469][0.197727,0.959646,0][0.718863,0.371122,-1.20164][0.720778,0.267032,-0.639666][0.167129,0.960981,0][0.711969,0.375401,-1.20424][0.0902607,0.481045,-0.872037][0.167129,0.950887,0][0.722997,0.392899,-1.1696][0.299756,0.8488,-0.435529][0.178559,0.959646,0][0.722997,0.392899,-1.1696][0.299756,0.8488,-0.435529][0.178559,0.959646,0][0.728656,0.388329,-1.16812][0.795601,0.250951,-0.551401][0.178559,0.975184,0][0.718863,0.371122,-1.20164][0.720778,0.267032,-0.639666][0.167129,0.960981,0][0.742626,-0.0309374,-1.14766][0.0210527,-0.0421672,-0.998889][0.113095,0.959646,0][0.754188,0.0809426,-1.1646][-0.00765909,-0.16103,-0.98692][0.12712,0.959646,0][0.760811,0.0804605,-1.16208][0.697534,-0.0928137,-0.710515][0.12712,0.975184,0][0.760811,0.0804605,-1.16208][0.697534,-0.0928137,-0.710515][0.12712,0.975184,0][0.749235,-0.0331764,-1.14504][0.671595,-0.288502,-0.682441][0.113095,0.975184,0][0.742626,-0.0309374,-1.14766][0.0210527,-0.0421672,-0.998889][0.113095,0.959646,0][0.465433,-0.251665,-1.16946][0.293711,-0.62917,-0.719638][0.070552,0.975184,0][0.462379,-0.246217,-1.17179][0.0231236,0.016912,-0.99959][0.070552,0.959646,0][0.67691,-0.119888,-1.15751][0.052893,0.035272,-0.997977][0.100829,0.959646,0][0.67691,-0.119888,-1.15751][0.052893,0.035272,-0.997977][0.100829,0.959646,0][0.681904,-0.123502,-1.15504][0.519132,-0.508759,-0.686779][0.100829,0.975184,0][0.465433,-0.251665,-1.16946][0.293711,-0.62917,-0.719638][0.070552,0.975184,0][0.252441,0.39261,1.00377][0.225371,0.0742556,0.971439][0.465288,0.975184,0][0,0.392504,1.01941][0,0.0757111,0.99713][0.493597,0.975184,0][0,0.383778,1.01656][0,-0.641997,0.766707][0.493597,0.989566,0][0,0.383778,1.01656][0,-0.641997,0.766707][0.493597,0.989566,0][0.251717,0.382891,1.00069][0.174667,-0.631577,0.755382][0.465288,0.989566,0][0.252441,0.39261,1.00377][0.225371,0.0742556,0.971439][0.465288,0.975184,0][0.619745,0.392574,0.851075][0.544092,0.0740378,0.835753][0.419697,0.975184,0][0.252441,0.39261,1.00377][0.225371,0.0742556,0.971439][0.465288,0.975184,0][0.251717,0.382891,1.00069][0.174667,-0.631577,0.755382][0.465288,0.989566,0][0.251717,0.382891,1.00069][0.174667,-0.631577,0.755382][0.465288,0.989566,0][0.618083,0.383189,0.848502][0.424539,-0.629596,0.650674][0.419697,0.989566,0][0.619745,0.392574,0.851075][0.544092,0.0740378,0.835753][0.419697,0.975184,0][0.873475,0.392419,0.609708][0.784647,0.0745458,0.615444][0.397448,0.975184,0][0.619745,0.392574,0.851075][0.544092,0.0740378,0.835753][0.419697,0.975184,0][0.618083,0.383189,0.848502][0.424539,-0.629596,0.650674][0.419697,0.989566,0][0.618083,0.383189,0.848502][0.424539,-0.629596,0.650674][0.419697,0.989566,0][0.871444,0.3845,0.608109][0.60936,-0.633098,0.477354][0.397448,0.989566,0][0.873475,0.392419,0.609708][0.784647,0.0745458,0.615444][0.397448,0.975184,0][1.06156,0.392475,0.281086][0.930631,0.074435,0.35831][0.354127,0.975184,0][0.873475,0.392419,0.609708][0.784647,0.0745458,0.615444][0.397448,0.975184,0][0.871444,0.3845,0.608109][0.60936,-0.633098,0.477354][0.397448,0.989566,0][0.871444,0.3845,0.608109][0.60936,-0.633098,0.477354][0.397448,0.989566,0][1.05898,0.384024,0.280089][0.722374,-0.633376,0.277506][0.354127,0.989566,0][1.06156,0.392475,0.281086][0.930631,0.074435,0.35831][0.354127,0.975184,0][1.14575,0.392259,-0.104326][0.990788,0.0750842,0.112702][0.30887,0.975184,0][1.06156,0.392475,0.281086][0.930631,0.074435,0.35831][0.354127,0.975184,0][1.05898,0.384024,0.280089][0.722374,-0.633376,0.277506][0.354127,0.989566,0][1.05898,0.384024,0.280089][0.722374,-0.633376,0.277506][0.354127,0.989566,0][1.14366,0.385842,-0.104444][0.765298,-0.63769,0.0875861][0.30887,0.989566,0][1.14575,0.392259,-0.104326][0.990788,0.0750842,0.112702][0.30887,0.975184,0][1.14964,0.392325,-0.379974][0.992814,0.0742688,-0.0938355][0.276581,0.975184,0][1.14575,0.392259,-0.104326][0.990788,0.0750842,0.112702][0.30887,0.975184,0][1.14366,0.385842,-0.104444][0.765298,-0.63769,0.0875861][0.30887,0.989566,0][1.14366,0.385842,-0.104444][0.765298,-0.63769,0.0875861][0.30887,0.989566,0][1.14738,0.385317,-0.379974][0.770682,-0.632922,-0.0738863][0.276581,0.989566,0][1.14964,0.392325,-0.379974][0.992814,0.0742688,-0.0938355][0.276581,0.975184,0][0.905196,0.394888,-1.00202][0.77609,0.0773896,-0.625856][0.197727,0.975184,0][1.08087,0.392402,-0.706764][0.929758,0.0741791,-0.36062][0.238378,0.975184,0][1.07848,0.384696,-0.705998][0.721609,-0.631252,-0.284254][0.238378,0.989566,0][1.07848,0.384696,-0.705998][0.721609,-0.631252,-0.284254][0.238378,0.989566,0][0.903466,0.387932,-1.00055][0.605613,-0.632025,-0.483504][0.197727,0.989566,0][0.905196,0.394888,-1.00202][0.77609,0.0773896,-0.625856][0.197727,0.975184,0][0.728656,0.388329,-1.16812][0.795601,0.250951,-0.551401][0.178559,0.975184,0][0.729736,0.383386,-1.16274][0.697208,-0.665876,-0.265537][0.178559,0.989566,0][0.72083,0.366463,-1.19478][0.99933,-0.0343329,-0.0126487][0.167129,0.977658,0][0.72083,0.366463,-1.19478][0.99933,-0.0343329,-0.0126487][0.167129,0.977658,0][0.718863,0.371122,-1.20164][0.720778,0.267032,-0.639666][0.167129,0.960981,0][0.728656,0.388329,-1.16812][0.795601,0.250951,-0.551401][0.178559,0.975184,0][0.749235,-0.0331764,-1.14504][0.671595,-0.288502,-0.682441][0.113095,0.975184,0][0.760811,0.0804605,-1.16208][0.697534,-0.0928137,-0.710515][0.12712,0.975184,0][0.763705,0.0797946,-1.15554][0.999563,0.013283,-0.0264182][0.12712,0.989566,0][0.763705,0.0797946,-1.15554][0.999563,0.013283,-0.0264182][0.12712,0.989566,0][0.752257,-0.0338634,-1.13826][0.93163,-0.3634,-0.00253087][0.113095,0.989566,0][0.749235,-0.0331764,-1.14504][0.671595,-0.288502,-0.682441][0.113095,0.975184,0][0.681904,-0.123502,-1.15504][0.519132,-0.508759,-0.686779][0.100829,0.975184,0][0.684055,-0.124999,-1.14864][0.676257,-0.736414,-0.0192605][0.100829,0.989566,0][0.466526,-0.254223,-1.1634][0.397391,-0.916511,-0.0456858][0.070552,0.989566,0][0.466526,-0.254223,-1.1634][0.397391,-0.916511,-0.0456858][0.070552,0.989566,0][0.465433,-0.251665,-1.16946][0.293711,-0.62917,-0.719638][0.070552,0.975184,0][0.681904,-0.123502,-1.15504][0.519132,-0.508759,-0.686779][0.100829,0.975184,0][0.251717,0.382891,1.00069][0.174667,-0.631577,0.755382][0.465288,0.878388,0][0,0.383778,1.01656][0,-0.641997,0.766707][0.493597,0.878388,0][0,0.379624,1.0084][0,-0.995623,0.0934632][0.493597,0.894007,0][0,0.379624,1.0084][0,-0.995623,0.0934632][0.493597,0.894007,0][0.249639,0.378264,0.99181][0.0243691,-0.993227,0.113607][0.465288,0.894007,0][0.251717,0.382891,1.00069][0.174667,-0.631577,0.755382][0.465288,0.878388,0][0.618083,0.383189,0.848502][0.424539,-0.629596,0.650674][0.419697,0.878388,0][0.251717,0.382891,1.00069][0.174667,-0.631577,0.755382][0.465288,0.878388,0][0.249639,0.378264,0.99181][0.0243691,-0.993227,0.113607][0.465288,0.894007,0][0.249639,0.378264,0.99181][0.0243691,-0.993227,0.113607][0.465288,0.894007,0][0.613304,0.37872,0.84111][0.0683783,-0.992699,0.0993604][0.419697,0.894007,0][0.618083,0.383189,0.848502][0.424539,-0.629596,0.650674][0.419697,0.878388,0][0.871444,0.3845,0.608109][0.60936,-0.633098,0.477354][0.397448,0.878388,0][0.618083,0.383189,0.848502][0.424539,-0.629596,0.650674][0.419697,0.878388,0][0.613304,0.37872,0.84111][0.0683783,-0.992699,0.0993604][0.419697,0.894007,0][0.613304,0.37872,0.84111][0.0683783,-0.992699,0.0993604][0.419697,0.894007,0][0.865608,0.380729,0.603515][0.0899895,-0.993594,0.0683605][0.397448,0.894007,0][0.871444,0.3845,0.608109][0.60936,-0.633098,0.477354][0.397448,0.878388,0][1.05898,0.384024,0.280089][0.722374,-0.633376,0.277506][0.354127,0.878388,0][0.871444,0.3845,0.608109][0.60936,-0.633098,0.477354][0.397448,0.878388,0][0.865608,0.380729,0.603515][0.0899895,-0.993594,0.0683605][0.397448,0.894007,0][0.865608,0.380729,0.603515][0.0899895,-0.993594,0.0683605][0.397448,0.894007,0][1.05159,0.380001,0.277222][0.105874,-0.993643,0.0382772][0.354127,0.894007,0][1.05898,0.384024,0.280089][0.722374,-0.633376,0.277506][0.354127,0.878388,0][1.14366,0.385842,-0.104444][0.765298,-0.63769,0.0875861][0.30887,0.878388,0][1.05898,0.384024,0.280089][0.722374,-0.633376,0.277506][0.354127,0.878388,0][1.05159,0.380001,0.277222][0.105874,-0.993643,0.0382772][0.354127,0.894007,0][1.05159,0.380001,0.277222][0.105874,-0.993643,0.0382772][0.354127,0.894007,0][1.13765,0.382787,-0.104781][0.101904,-0.994729,0.0113815][0.30887,0.894007,0][1.14366,0.385842,-0.104444][0.765298,-0.63769,0.0875861][0.30887,0.878388,0][1.14738,0.385317,-0.379974][0.770682,-0.632922,-0.0738863][0.276581,0.878388,0][1.14366,0.385842,-0.104444][0.765298,-0.63769,0.0875861][0.30887,0.878388,0][1.13765,0.382787,-0.104781][0.101904,-0.994729,0.0113815][0.30887,0.894007,0][1.13765,0.382787,-0.104781][0.101904,-0.994729,0.0113815][0.30887,0.894007,0][1.14089,0.381975,-0.379974][0.105263,-0.994391,-0.0103391][0.276581,0.894007,0][1.14738,0.385317,-0.379974][0.770682,-0.632922,-0.0738863][0.276581,0.878388,0][0.903466,0.387932,-1.00055][0.605613,-0.632025,-0.483504][0.197727,0.878388,0][1.07848,0.384696,-0.705998][0.721609,-0.631252,-0.284254][0.238378,0.878388,0][1.07162,0.381021,-0.703724][0.106737,-0.993127,-0.0480224][0.238378,0.894007,0][1.07162,0.381021,-0.703724][0.106737,-0.993127,-0.0480224][0.238378,0.894007,0][0.898397,0.384619,-0.996436][0.0891055,-0.993779,-0.0668136][0.197727,0.894007,0][0.903466,0.387932,-1.00055][0.605613,-0.632025,-0.483504][0.197727,0.878388,0][0.716719,0.364151,-1.18769][0.649293,-0.389841,0.653025][0.167129,0.89704,0][0.72083,0.366463,-1.19478][0.99933,-0.0343329,-0.0126487][0.167129,0.883331,0][0.729736,0.383386,-1.16274][0.697208,-0.665876,-0.265537][0.178559,0.878388,0][0.729736,0.383386,-1.16274][0.697208,-0.665876,-0.265537][0.178559,0.878388,0][0.725605,0.380964,-1.15661][0.160332,-0.972896,0.166633][0.178559,0.894007,0][0.716719,0.364151,-1.18769][0.649293,-0.389841,0.653025][0.167129,0.89704,0][0.752257,-0.0338634,-1.13826][0.93163,-0.3634,-0.00253087][0.113095,0.878388,0][0.763705,0.0797946,-1.15554][0.999563,0.013283,-0.0264182][0.12712,0.878388,0][0.761174,0.0793326,-1.14882][0.739215,0.113333,0.663865][0.12712,0.894007,0][0.761174,0.0793326,-1.14882][0.739215,0.113333,0.663865][0.12712,0.894007,0][0.749922,-0.0326024,-1.13129][0.700377,-0.247457,0.669505][0.113095,0.894007,0][0.752257,-0.0338634,-1.13826][0.93163,-0.3634,-0.00253087][0.113095,0.878388,0][0.466526,-0.254223,-1.1634][0.397391,-0.916511,-0.0456858][0.070552,0.878388,0][0.684055,-0.124999,-1.14864][0.676257,-0.736414,-0.0192605][0.100829,0.878388,0][0.682103,-0.123502,-1.14206][0.477719,-0.601352,0.640438][0.100829,0.894007,0][0.682103,-0.123502,-1.14206][0.477719,-0.601352,0.640438][0.100829,0.894007,0][0.465018,-0.252394,-1.15716][0.276971,-0.702186,0.655913][0.070552,0.894007,0][0.466526,-0.254223,-1.1634][0.397391,-0.916511,-0.0456858][0.070552,0.878388,0][0.681904,-0.123502,-1.15504][0.519132,-0.508759,-0.686779][0.100829,0.975184,0][0.67691,-0.119888,-1.15751][0.052893,0.035272,-0.997977][0.100829,0.959646,0][0.742626,-0.0309374,-1.14766][0.0210527,-0.0421672,-0.998889][0.113095,0.959646,0][0.742626,-0.0309374,-1.14766][0.0210527,-0.0421672,-0.998889][0.113095,0.959646,0][0.749235,-0.0331764,-1.14504][0.671595,-0.288502,-0.682441][0.113095,0.975184,0][0.681904,-0.123502,-1.15504][0.519132,-0.508759,-0.686779][0.100829,0.975184,0][0.67691,-0.119888,-1.15751][0.052893,0.035272,-0.997977][0.100829,0.959646,0][0.672,-0.116271,-1.15461][-0.439876,0.57409,-0.690601][0.100829,0.943747,0][0.736302,-0.0284644,-1.14459][-0.67128,0.238457,-0.701798][0.113095,0.943747,0][0.736302,-0.0284644,-1.14459][-0.67128,0.238457,-0.701798][0.113095,0.943747,0][0.742626,-0.0309374,-1.14766][0.0210527,-0.0421672,-0.998889][0.113095,0.959646,0][0.67691,-0.119888,-1.15751][0.052893,0.035272,-0.997977][0.100829,0.959646,0][0.670048,-0.114774,-1.14803][-0.663787,0.747833,0.0115147][0.100829,0.930687,0][0.733967,-0.0272005,-1.13762][-0.929494,0.362609,0.0674928][0.113095,0.930687,0][0.736302,-0.0284644,-1.14459][-0.67128,0.238457,-0.701798][0.113095,0.943747,0][0.736302,-0.0284644,-1.14459][-0.67128,0.238457,-0.701798][0.113095,0.943747,0][0.672,-0.116271,-1.15461][-0.439876,0.57409,-0.690601][0.100829,0.943747,0][0.670048,-0.114774,-1.14803][-0.663787,0.747833,0.0115147][0.100829,0.930687,0][0.672199,-0.116271,-1.14164][-0.49951,0.463013,0.732194][0.100829,0.920989,0][0.736989,-0.0278904,-1.13084][-0.580844,0.249294,0.774902][0.113095,0.920989,0][0.733967,-0.0272005,-1.13762][-0.929494,0.362609,0.0674928][0.113095,0.930687,0][0.733967,-0.0272005,-1.13762][-0.929494,0.362609,0.0674928][0.113095,0.930687,0][0.670048,-0.114774,-1.14803][-0.663787,0.747833,0.0115147][0.100829,0.930687,0][0.672199,-0.116271,-1.14164][-0.49951,0.463013,0.732194][0.100829,0.920989,0][0.677193,-0.119885,-1.13916][-0.000899301,-0.134024,0.990978][0.100829,0.910061,0][0.743598,-0.0301265,-1.12822][0.0970064,-0.00446038,0.995274][0.113095,0.910061,0][0.736989,-0.0278904,-1.13084][-0.580844,0.249294,0.774902][0.113095,0.920989,0][0.736989,-0.0278904,-1.13084][-0.580844,0.249294,0.774902][0.113095,0.920989,0][0.672199,-0.116271,-1.14164][-0.49951,0.463013,0.732194][0.100829,0.920989,0][0.677193,-0.119885,-1.13916][-0.000899301,-0.134024,0.990978][0.100829,0.910061,0][0.682103,-0.123502,-1.14206][0.477719,-0.601352,0.640438][0.100829,0.894007,0][0.749922,-0.0326024,-1.13129][0.700377,-0.247457,0.669505][0.113095,0.894007,0][0.743598,-0.0301265,-1.12822][0.0970064,-0.00446038,0.995274][0.113095,0.910061,0][0.743598,-0.0301265,-1.12822][0.0970064,-0.00446038,0.995274][0.113095,0.910061,0][0.677193,-0.119885,-1.13916][-0.000899301,-0.134024,0.990978][0.100829,0.910061,0][0.682103,-0.123502,-1.14206][0.477719,-0.601352,0.640438][0.100829,0.894007,0][0.682103,-0.123502,-1.14206][0.477719,-0.601352,0.640438][0.100829,0.894007,0][0.684055,-0.124999,-1.14864][0.676257,-0.736414,-0.0192605][0.100829,0.878388,0][0.752257,-0.0338634,-1.13826][0.93163,-0.3634,-0.00253087][0.113095,0.878388,0][0.752257,-0.0338634,-1.13826][0.93163,-0.3634,-0.00253087][0.113095,0.878388,0][0.749922,-0.0326024,-1.13129][0.700377,-0.247457,0.669505][0.113095,0.894007,0][0.682103,-0.123502,-1.14206][0.477719,-0.601352,0.640438][0.100829,0.894007,0][0.684055,-0.124999,-1.14864][0.676257,-0.736414,-0.0192605][0.100829,0.989566,0][0.681904,-0.123502,-1.15504][0.519132,-0.508759,-0.686779][0.100829,0.975184,0][0.749235,-0.0331764,-1.14504][0.671595,-0.288502,-0.682441][0.113095,0.975184,0][0.749235,-0.0331764,-1.14504][0.671595,-0.288502,-0.682441][0.113095,0.975184,0][0.752257,-0.0338634,-1.13826][0.93163,-0.3634,-0.00253087][0.113095,0.989566,0][0.684055,-0.124999,-1.14864][0.676257,-0.736414,-0.0192605][0.100829,0.989566,0][0.754188,0.0809426,-1.1646][-0.00765909,-0.16103,-0.98692][0.12712,0.959646,0][0.747715,0.0809536,-1.16162][-0.709545,-0.140323,-0.690547][0.12712,0.943747,0][0.710314,0.314679,-1.20234][-0.694126,-0.153232,-0.703355][0.156849,0.943747,0][0.710314,0.314679,-1.20234][-0.694126,-0.153232,-0.703355][0.156849,0.943747,0][0.717872,0.318371,-1.20578][-0.0323953,-0.062711,-0.997506][0.156849,0.959646,0][0.754188,0.0809426,-1.1646][-0.00765909,-0.16103,-0.98692][0.12712,0.959646,0][0.747715,0.0809536,-1.16162][-0.709545,-0.140323,-0.690547][0.12712,0.943747,0][0.745185,0.0804915,-1.15489][-0.999264,-0.0222385,0.0312688][0.12712,0.930687,0][0.708184,0.310558,-1.19464][-0.985677,-0.161086,0.0499216][0.156849,0.930687,0][0.708184,0.310558,-1.19464][-0.985677,-0.161086,0.0499216][0.156849,0.930687,0][0.710314,0.314679,-1.20234][-0.694126,-0.153232,-0.703355][0.156849,0.943747,0][0.747715,0.0809536,-1.16162][-0.709545,-0.140323,-0.690547][0.12712,0.943747,0][0.745185,0.0804915,-1.15489][-0.999264,-0.0222385,0.0312688][0.12712,0.930687,0][0.748078,0.0798246,-1.14835][-0.66115,0.113394,0.741635][0.12712,0.920989,0][0.71273,0.308423,-1.18719][-0.640081,-0.0389539,0.767319][0.156849,0.920989,0][0.71273,0.308423,-1.18719][-0.640081,-0.0389539,0.767319][0.156849,0.920989,0][0.708184,0.310558,-1.19464][-0.985677,-0.161086,0.0499216][0.156849,0.930687,0][0.745185,0.0804915,-1.15489][-0.999264,-0.0222385,0.0312688][0.12712,0.930687,0][0.748078,0.0798246,-1.14835][-0.66115,0.113394,0.741635][0.12712,0.920989,0][0.754702,0.0793436,-1.14584][0.0684866,0.162993,0.984247][0.12712,0.910061,0][0.721288,0.309529,-1.18436][0.024839,0.0971938,0.994955][0.156849,0.910061,0][0.721288,0.309529,-1.18436][0.024839,0.0971938,0.994955][0.156849,0.910061,0][0.71273,0.308423,-1.18719][-0.640081,-0.0389539,0.767319][0.156849,0.920989,0][0.748078,0.0798246,-1.14835][-0.66115,0.113394,0.741635][0.12712,0.920989,0][0.761174,0.0793326,-1.14882][0.739215,0.113333,0.663865][0.12712,0.894007,0][0.728846,0.313222,-1.18781][0.708537,0.1813,0.681987][0.156849,0.894007,0][0.721288,0.309529,-1.18436][0.024839,0.0971938,0.994955][0.156849,0.910061,0][0.721288,0.309529,-1.18436][0.024839,0.0971938,0.994955][0.156849,0.910061,0][0.754702,0.0793436,-1.14584][0.0684866,0.162993,0.984247][0.12712,0.910061,0][0.761174,0.0793326,-1.14882][0.739215,0.113333,0.663865][0.12712,0.894007,0][0.763705,0.0797946,-1.15554][0.999563,0.013283,-0.0264182][0.12712,0.878388,0][0.730976,0.317342,-1.1955][0.982396,0.161275,-0.0942753][0.156849,0.878388,0][0.728846,0.313222,-1.18781][0.708537,0.1813,0.681987][0.156849,0.894007,0][0.728846,0.313222,-1.18781][0.708537,0.1813,0.681987][0.156849,0.894007,0][0.761174,0.0793326,-1.14882][0.739215,0.113333,0.663865][0.12712,0.894007,0][0.763705,0.0797946,-1.15554][0.999563,0.013283,-0.0264182][0.12712,0.878388,0][0.760811,0.0804605,-1.16208][0.697534,-0.0928137,-0.710515][0.12712,0.975184,0][0.72643,0.319474,-1.20295][0.628729,0.0529042,-0.775823][0.156849,0.975184,0][0.730976,0.317342,-1.1955][0.982396,0.161275,-0.0942753][0.156849,0.989566,0][0.730976,0.317342,-1.1955][0.982396,0.161275,-0.0942753][0.156849,0.989566,0][0.763705,0.0797946,-1.15554][0.999563,0.013283,-0.0264182][0.12712,0.989566,0][0.760811,0.0804605,-1.16208][0.697534,-0.0928137,-0.710515][0.12712,0.975184,0][0.754188,0.0809426,-1.1646][-0.00765909,-0.16103,-0.98692][0.12712,0.959646,0][0.717872,0.318371,-1.20578][-0.0323953,-0.062711,-0.997506][0.156849,0.959646,0][0.72643,0.319474,-1.20295][0.628729,0.0529042,-0.775823][0.156849,0.975184,0][0.72643,0.319474,-1.20295][0.628729,0.0529042,-0.775823][0.156849,0.975184,0][0.760811,0.0804605,-1.16208][0.697534,-0.0928137,-0.710515][0.12712,0.975184,0][0.754188,0.0809426,-1.1646][-0.00765909,-0.16103,-0.98692][0.12712,0.959646,0][0.717872,0.318371,-1.20578][-0.0323953,-0.062711,-0.997506][0.156849,0.959646,0][0.710314,0.314679,-1.20234][-0.694126,-0.153232,-0.703355][0.156849,0.943747,0][0.704188,0.376796,-1.20106][-0.560927,0.508843,-0.653024][0.167129,0.936844,0][0.704188,0.376796,-1.20106][-0.560927,0.508843,-0.653024][0.167129,0.936844,0][0.711969,0.375401,-1.20424][0.0902607,0.481045,-0.872037][0.167129,0.950887,0][0.717872,0.318371,-1.20578][-0.0323953,-0.062711,-0.997506][0.156849,0.959646,0][0.710314,0.314679,-1.20234][-0.694126,-0.153232,-0.703355][0.156849,0.943747,0][0.708184,0.310558,-1.19464][-0.985677,-0.161086,0.0499216][0.156849,0.930687,0][0.700077,0.374487,-1.19396][-0.956988,0.256323,-0.135917][0.167129,0.930687,0][0.700077,0.374487,-1.19396][-0.956988,0.256323,-0.135917][0.167129,0.930687,0][0.704188,0.376796,-1.20106][-0.560927,0.508843,-0.653024][0.167129,0.936844,0][0.710314,0.314679,-1.20234][-0.694126,-0.153232,-0.703355][0.156849,0.943747,0][0.708184,0.310558,-1.19464][-0.985677,-0.161086,0.0499216][0.156849,0.930687,0][0.71273,0.308423,-1.18719][-0.640081,-0.0389539,0.767319][0.156849,0.920989,0][0.702044,0.369828,-1.18711][-0.880931,-0.174087,0.440063][0.167129,0.924284,0][0.702044,0.369828,-1.18711][-0.880931,-0.174087,0.440063][0.167129,0.924284,0][0.700077,0.374487,-1.19396][-0.956988,0.256323,-0.135917][0.167129,0.930687,0][0.708184,0.310558,-1.19464][-0.985677,-0.161086,0.0499216][0.156849,0.930687,0][0.71273,0.308423,-1.18719][-0.640081,-0.0389539,0.767319][0.156849,0.920989,0][0.721288,0.309529,-1.18436][0.024839,0.0971938,0.994955][0.156849,0.910061,0][0.708938,0.365545,-1.1845][-0.243105,-0.460366,0.853794][0.167129,0.916764,0][0.708938,0.365545,-1.1845][-0.243105,-0.460366,0.853794][0.167129,0.916764,0][0.702044,0.369828,-1.18711][-0.880931,-0.174087,0.440063][0.167129,0.924284,0][0.71273,0.308423,-1.18719][-0.640081,-0.0389539,0.767319][0.156849,0.920989,0][0.721288,0.309529,-1.18436][0.024839,0.0971938,0.994955][0.156849,0.910061,0][0.728846,0.313222,-1.18781][0.708537,0.1813,0.681987][0.156849,0.894007,0][0.716719,0.364151,-1.18769][0.649293,-0.389841,0.653025][0.167129,0.89704,0][0.716719,0.364151,-1.18769][0.649293,-0.389841,0.653025][0.167129,0.89704,0][0.708938,0.365545,-1.1845][-0.243105,-0.460366,0.853794][0.167129,0.916764,0][0.721288,0.309529,-1.18436][0.024839,0.0971938,0.994955][0.156849,0.910061,0][0.730976,0.317342,-1.1955][0.982396,0.161275,-0.0942753][0.156849,0.878388,0][0.72083,0.366463,-1.19478][0.99933,-0.0343329,-0.0126487][0.167129,0.883331,0][0.716719,0.364151,-1.18769][0.649293,-0.389841,0.653025][0.167129,0.89704,0][0.716719,0.364151,-1.18769][0.649293,-0.389841,0.653025][0.167129,0.89704,0][0.728846,0.313222,-1.18781][0.708537,0.1813,0.681987][0.156849,0.894007,0][0.730976,0.317342,-1.1955][0.982396,0.161275,-0.0942753][0.156849,0.878388,0][0.72643,0.319474,-1.20295][0.628729,0.0529042,-0.775823][0.156849,0.975184,0][0.718863,0.371122,-1.20164][0.720778,0.267032,-0.639666][0.167129,0.960981,0][0.72083,0.366463,-1.19478][0.99933,-0.0343329,-0.0126487][0.167129,0.977658,0][0.72083,0.366463,-1.19478][0.99933,-0.0343329,-0.0126487][0.167129,0.977658,0][0.730976,0.317342,-1.1955][0.982396,0.161275,-0.0942753][0.156849,0.989566,0][0.72643,0.319474,-1.20295][0.628729,0.0529042,-0.775823][0.156849,0.975184,0][0.717872,0.318371,-1.20578][-0.0323953,-0.062711,-0.997506][0.156849,0.959646,0][0.711969,0.375401,-1.20424][0.0902607,0.481045,-0.872037][0.167129,0.950887,0][0.718863,0.371122,-1.20164][0.720778,0.267032,-0.639666][0.167129,0.960981,0][0.718863,0.371122,-1.20164][0.720778,0.267032,-0.639666][0.167129,0.960981,0][0.72643,0.319474,-1.20295][0.628729,0.0529042,-0.775823][0.156849,0.975184,0][0.717872,0.318371,-1.20578][-0.0323953,-0.062711,-0.997506][0.156849,0.959646,0][0.728656,0.388329,-1.16812][0.795601,0.250951,-0.551401][0.178559,0.975184,0][0.722997,0.392899,-1.1696][0.299756,0.8488,-0.435529][0.178559,0.959646,0][0.902574,0.401414,-0.999999][0.514263,0.745098,-0.42469][0.197727,0.959646,0][0.902574,0.401414,-0.999999][0.514263,0.745098,-0.42469][0.197727,0.959646,0][0.905196,0.394888,-1.00202][0.77609,0.0773896,-0.625856][0.197727,0.975184,0][0.728656,0.388329,-1.16812][0.795601,0.250951,-0.551401][0.178559,0.975184,0][0.722997,0.392899,-1.1696][0.299756,0.8488,-0.435529][0.178559,0.959646,0][0.716075,0.394423,-1.16632][-0.274752,0.949151,-0.153702][0.178559,0.943747,0][0.897135,0.403688,-0.99566][-0.0420784,0.999,0.0151135][0.197727,0.943747,0][0.897135,0.403688,-0.99566][-0.0420784,0.999,0.0151135][0.197727,0.943747,0][0.902574,0.401414,-0.999999][0.514263,0.745098,-0.42469][0.197727,0.959646,0][0.722997,0.392899,-1.1696][0.299756,0.8488,-0.435529][0.178559,0.959646,0][0.711944,0.392001,-1.16019][-0.726934,0.635367,0.260531][0.178559,0.930687,0][0.892066,0.400375,-0.991549][-0.583433,0.671739,0.456479][0.197727,0.930687,0][0.897135,0.403688,-0.99566][-0.0420784,0.999,0.0151135][0.197727,0.943747,0][0.897135,0.403688,-0.99566][-0.0420784,0.999,0.0151135][0.197727,0.943747,0][0.716075,0.394423,-1.16632][-0.274752,0.949151,-0.153702][0.178559,0.943747,0][0.711944,0.392001,-1.16019][-0.726934,0.635367,0.260531][0.178559,0.930687,0][0.713024,0.387055,-1.1548][-0.790434,-0.0307544,0.611774][0.178559,0.920989,0][0.890336,0.393419,-0.990073][-0.777187,-0.0755692,0.624715][0.197727,0.920989,0][0.892066,0.400375,-0.991549][-0.583433,0.671739,0.456479][0.197727,0.930687,0][0.892066,0.400375,-0.991549][-0.583433,0.671739,0.456479][0.197727,0.930687,0][0.711944,0.392001,-1.16019][-0.726934,0.635367,0.260531][0.178559,0.930687,0][0.713024,0.387055,-1.1548][-0.790434,-0.0307544,0.611774][0.178559,0.920989,0][0.718683,0.382485,-1.15332][-0.402418,-0.750121,0.524765][0.178559,0.910061,0][0.892958,0.386892,-0.992098][-0.489588,-0.776087,0.397483][0.197727,0.910061,0][0.890336,0.393419,-0.990073][-0.777187,-0.0755692,0.624715][0.197727,0.920989,0][0.890336,0.393419,-0.990073][-0.777187,-0.0755692,0.624715][0.197727,0.920989,0][0.713024,0.387055,-1.1548][-0.790434,-0.0307544,0.611774][0.178559,0.920989,0][0.718683,0.382485,-1.15332][-0.402418,-0.750121,0.524765][0.178559,0.910061,0][0.725605,0.380964,-1.15661][0.160332,-0.972896,0.166633][0.178559,0.894007,0][0.898397,0.384619,-0.996436][0.0891055,-0.993779,-0.0668136][0.197727,0.894007,0][0.892958,0.386892,-0.992098][-0.489588,-0.776087,0.397483][0.197727,0.910061,0][0.892958,0.386892,-0.992098][-0.489588,-0.776087,0.397483][0.197727,0.910061,0][0.718683,0.382485,-1.15332][-0.402418,-0.750121,0.524765][0.178559,0.910061,0][0.725605,0.380964,-1.15661][0.160332,-0.972896,0.166633][0.178559,0.894007,0][0.729736,0.383386,-1.16274][0.697208,-0.665876,-0.265537][0.178559,0.878388,0][0.903466,0.387932,-1.00055][0.605613,-0.632025,-0.483504][0.197727,0.878388,0][0.898397,0.384619,-0.996436][0.0891055,-0.993779,-0.0668136][0.197727,0.894007,0][0.898397,0.384619,-0.996436][0.0891055,-0.993779,-0.0668136][0.197727,0.894007,0][0.725605,0.380964,-1.15661][0.160332,-0.972896,0.166633][0.178559,0.894007,0][0.729736,0.383386,-1.16274][0.697208,-0.665876,-0.265537][0.178559,0.878388,0][0.729736,0.383386,-1.16274][0.697208,-0.665876,-0.265537][0.178559,0.989566,0][0.728656,0.388329,-1.16812][0.795601,0.250951,-0.551401][0.178559,0.975184,0][0.905196,0.394888,-1.00202][0.77609,0.0773896,-0.625856][0.197727,0.975184,0][0.905196,0.394888,-1.00202][0.77609,0.0773896,-0.625856][0.197727,0.975184,0][0.903466,0.387932,-1.00055][0.605613,-0.632025,-0.483504][0.197727,0.989566,0][0.729736,0.383386,-1.16274][0.697208,-0.665876,-0.265537][0.178559,0.989566,0][0.188847,-0.329614,-1.15598][0.175291,-0.751077,0.636519][0.035572,0.894007,0][0.465018,-0.252394,-1.15716][0.276971,-0.702186,0.655913][0.070552,0.894007,0][0.461792,-0.247246,-1.15441][-0.00116777,-0.0778916,0.996961][0.070552,0.910061,0][0.461792,-0.247246,-1.15441][-0.00116777,-0.0778916,0.996961][0.070552,0.910061,0][0.187279,-0.323444,-1.15268][0.0106396,-0.0503216,0.998676][0.035523,0.910061,0][0.188847,-0.329614,-1.15598][0.175291,-0.751077,0.636519][0.035572,0.894007,0][0.187279,-0.323444,-1.15268][0.0106396,-0.0503216,0.998676][0.035523,0.910061,0][0.461792,-0.247246,-1.15441][-0.00116777,-0.0778916,0.996961][0.070552,0.910061,0][0.458738,-0.2418,-1.15675][-0.276679,0.607803,0.744328][0.070552,0.920989,0][0.458738,-0.2418,-1.15675][-0.276679,0.607803,0.744328][0.070552,0.920989,0][0.185794,-0.316912,-1.15548][-0.162441,0.68048,0.714535][0.035546,0.920989,0][0.187279,-0.323444,-1.15268][0.0106396,-0.0503216,0.998676][0.035523,0.910061,0][0.185794,-0.316912,-1.15548][-0.162441,0.68048,0.714535][0.035546,0.920989,0][0.458738,-0.2418,-1.15675][-0.276679,0.607803,0.744328][0.070552,0.920989,0][0.457645,-0.23924,-1.16281][-0.384755,0.922358,0.0349248][0.070552,0.930687,0][0.457645,-0.23924,-1.16281][-0.384755,0.922358,0.0349248][0.070552,0.930687,0][0.185262,-0.313845,-1.16275][-0.232019,0.971285,0.0526608][0.035627,0.930687,0][0.185794,-0.316912,-1.15548][-0.162441,0.68048,0.714535][0.035546,0.920989,0][0.185262,-0.313845,-1.16275][-0.232019,0.971285,0.0526608][0.035627,0.930687,0][0.457645,-0.23924,-1.16281][-0.384755,0.922358,0.0349248][0.070552,0.930687,0][0.459153,-0.241072,-1.16904][-0.259473,0.670207,-0.695339][0.070552,0.943747,0][0.459153,-0.241072,-1.16904][-0.259473,0.670207,-0.695339][0.070552,0.943747,0][0.185996,-0.316039,-1.17022][-0.177702,0.742655,-0.645667][0.035794,0.943747,0][0.185262,-0.313845,-1.16275][-0.232019,0.971285,0.0526608][0.035627,0.930687,0][0.187564,-0.322209,-1.17352][-0.0084093,0.0297219,-0.999523][0.035871,0.959646,0][0.185996,-0.316039,-1.17022][-0.177702,0.742655,-0.645667][0.035794,0.943747,0][0.459153,-0.241072,-1.16904][-0.259473,0.670207,-0.695339][0.070552,0.943747,0][0.459153,-0.241072,-1.16904][-0.259473,0.670207,-0.695339][0.070552,0.943747,0][0.462379,-0.246217,-1.17179][0.0231236,0.016912,-0.99959][0.070552,0.959646,0][0.187564,-0.322209,-1.17352][-0.0084093,0.0297219,-0.999523][0.035871,0.959646,0][0.187564,-0.322209,-1.17352][-0.0084093,0.0297219,-0.999523][0.035871,0.959646,0][0.462379,-0.246217,-1.17179][0.0231236,0.016912,-0.99959][0.070552,0.959646,0][0.465433,-0.251665,-1.16946][0.293711,-0.62917,-0.719638][0.070552,0.975184,0][0.465433,-0.251665,-1.16946][0.293711,-0.62917,-0.719638][0.070552,0.975184,0][0.189049,-0.328741,-1.17072][0.161346,-0.690164,-0.705437][0.035889,0.975184,0][0.187564,-0.322209,-1.17352][-0.0084093,0.0297219,-0.999523][0.035871,0.959646,0][0.189049,-0.328741,-1.17072][0.161346,-0.690164,-0.705437][0.035889,0.975184,0][0.465433,-0.251665,-1.16946][0.293711,-0.62917,-0.719638][0.070552,0.975184,0][0.466526,-0.254223,-1.1634][0.397391,-0.916511,-0.0456858][0.070552,0.989566,0][0.466526,-0.254223,-1.1634][0.397391,-0.916511,-0.0456858][0.070552,0.989566,0][0.189581,-0.331808,-1.16345][0.227186,-0.972465,-0.0519457][0.035842,0.989566,0][0.189049,-0.328741,-1.17072][0.161346,-0.690164,-0.705437][0.035889,0.975184,0][0.189581,-0.331808,-1.16345][0.227186,-0.972465,-0.0519457][0.03568,0.878388,0][0.466526,-0.254223,-1.1634][0.397391,-0.916511,-0.0456858][0.070552,0.878388,0][0.465018,-0.252394,-1.15716][0.276971,-0.702186,0.655913][0.070552,0.894007,0][0.465018,-0.252394,-1.15716][0.276971,-0.702186,0.655913][0.070552,0.894007,0][0.188847,-0.329614,-1.15598][0.175291,-0.751077,0.636519][0.035572,0.894007,0][0.189581,-0.331808,-1.16345][0.227186,-0.972465,-0.0519457][0.03568,0.878388,0][0,-0.365411,-1.15698][0,-0.793477,0.6086][0.011768,0.894007,0][0.188847,-0.329614,-1.15598][0.175291,-0.751077,0.636519][0.035572,0.894007,0][0.187279,-0.323444,-1.15268][0.0106396,-0.0503216,0.998676][0.035523,0.910061,0][0.187279,-0.323444,-1.15268][0.0106396,-0.0503216,0.998676][0.035523,0.910061,0][0,-0.360103,-1.15414][0,-0.0960785,0.995374][0.011752,0.910061,0][0,-0.365411,-1.15698][0,-0.793477,0.6086][0.011768,0.894007,0][0,-0.360103,-1.15414][0,-0.0960785,0.995374][0.011752,0.910061,0][0.187279,-0.323444,-1.15268][0.0106396,-0.0503216,0.998676][0.035523,0.910061,0][0.185794,-0.316912,-1.15548][-0.162441,0.68048,0.714535][0.035546,0.920989,0][0.185794,-0.316912,-1.15548][-0.162441,0.68048,0.714535][0.035546,0.920989,0][0,-0.354486,-1.15655][0,0.68458,0.728938][0.011737,0.920989,0][0,-0.360103,-1.15414][0,-0.0960785,0.995374][0.011752,0.910061,0][0,-0.354486,-1.15655][0,0.68458,0.728938][0.011737,0.920989,0][0.185794,-0.316912,-1.15548][-0.162441,0.68048,0.714535][0.035546,0.920989,0][0.185262,-0.313845,-1.16275][-0.232019,0.971285,0.0526608][0.035627,0.930687,0][0.185262,-0.313845,-1.16275][-0.232019,0.971285,0.0526608][0.035627,0.930687,0][0,-0.351846,-1.1628][0,0.99825,0.0591375][0.011722,0.930687,0][0,-0.354486,-1.15655][0,0.68458,0.728938][0.011737,0.920989,0][0,-0.351846,-1.1628][0,0.99825,0.0591375][0.011722,0.930687,0][0.185262,-0.313845,-1.16275][-0.232019,0.971285,0.0526608][0.035627,0.930687,0][0.185996,-0.316039,-1.17022][-0.177702,0.742655,-0.645667][0.035794,0.943747,0][0.185996,-0.316039,-1.17022][-0.177702,0.742655,-0.645667][0.035794,0.943747,0][0,-0.353735,-1.16923][0,0.755445,-0.655212][0.011713,0.943747,0][0,-0.351846,-1.1628][0,0.99825,0.0591375][0.011722,0.930687,0][0,-0.353735,-1.16923][0,0.755445,-0.655212][0.011713,0.943747,0][0.185996,-0.316039,-1.17022][-0.177702,0.742655,-0.645667][0.035794,0.943747,0][0.187564,-0.322209,-1.17352][-0.0084093,0.0297219,-0.999523][0.035871,0.959646,0][0.187564,-0.322209,-1.17352][-0.0084093,0.0297219,-0.999523][0.035871,0.959646,0][0,-0.35904,-1.17207][0,-0.0103307,-0.999947][0.011724,0.959646,0][0,-0.353735,-1.16923][0,0.755445,-0.655212][0.011713,0.943747,0][0,-0.35904,-1.17207][0,-0.0103307,-0.999947][0.011724,0.959646,0][0.187564,-0.322209,-1.17352][-0.0084093,0.0297219,-0.999523][0.035871,0.959646,0][0.189049,-0.328741,-1.17072][0.161346,-0.690164,-0.705437][0.035889,0.975184,0][0.189049,-0.328741,-1.17072][0.161346,-0.690164,-0.705437][0.035889,0.975184,0][0,-0.36466,-1.16965][0,-0.73064,-0.682763][0.011744,0.975184,0][0,-0.35904,-1.17207][0,-0.0103307,-0.999947][0.011724,0.959646,0][0,-0.36466,-1.16965][0,-0.73064,-0.682763][0.011744,0.975184,0][0.189049,-0.328741,-1.17072][0.161346,-0.690164,-0.705437][0.035889,0.975184,0][0.189581,-0.331808,-1.16345][0.227186,-0.972465,-0.0519457][0.035842,0.989566,0][0.189581,-0.331808,-1.16345][0.227186,-0.972465,-0.0519457][0.035842,0.989566,0][0,-0.367297,-1.1634][0,-0.998512,-0.0545279][0.011761,0.989566,0][0,-0.36466,-1.16965][0,-0.73064,-0.682763][0.011744,0.975184,0][0,-0.367297,-1.1634][0,-0.998512,-0.0545279][0.011758,0.878388,0][0.189581,-0.331808,-1.16345][0.227186,-0.972465,-0.0519457][0.03568,0.878388,0][0.188847,-0.329614,-1.15598][0.175291,-0.751077,0.636519][0.035572,0.894007,0][0.188847,-0.329614,-1.15598][0.175291,-0.751077,0.636519][0.035572,0.894007,0][0,-0.365411,-1.15698][0,-0.793477,0.6086][0.011768,0.894007,0][0,-0.367297,-1.1634][0,-0.998512,-0.0545279][0.011758,0.878388,0][0,0.382471,0.999693][0,-0.767071,-0.641562][0.493597,0.910061,0][0,0.379624,1.0084][0,-0.995623,0.0934632][0.493597,0.894007,0][-0.249639,0.378264,0.99181][-0.0243691,-0.993227,0.113607][0.465288,0.894007,0][-0.249639,0.378264,0.99181][-0.0243691,-0.993227,0.113607][0.465288,0.894007,0][-0.247422,0.381435,0.98235][0.144671,-0.779557,-0.609394][0.465288,0.910061,0][0,0.382471,0.999693][0,-0.767071,-0.641562][0.493597,0.910061,0][-0.247422,0.381435,0.98235][0.144671,-0.779557,-0.609394][0.465288,0.910061,0][-0.249639,0.378264,0.99181][-0.0243691,-0.993227,0.113607][0.465288,0.894007,0][-0.613304,0.37872,0.84111][-0.0683784,-0.992699,0.0993606][0.419697,0.894007,0][-0.613304,0.37872,0.84111][-0.0683784,-0.992699,0.0993606][0.419697,0.894007,0][-0.608209,0.381782,0.833228][0.335441,-0.781816,-0.525589][0.419697,0.910061,0][-0.247422,0.381435,0.98235][0.144671,-0.779557,-0.609394][0.465288,0.910061,0][-0.608209,0.381782,0.833228][0.335441,-0.781816,-0.525589][0.419697,0.910061,0][-0.613304,0.37872,0.84111][-0.0683784,-0.992699,0.0993606][0.419697,0.894007,0][-0.865608,0.380729,0.603515][-0.0899898,-0.993594,0.0683607][0.397448,0.894007,0][-0.865608,0.380729,0.603515][-0.0899898,-0.993594,0.0683607][0.397448,0.894007,0][-0.859386,0.383313,0.598617][0.492613,-0.777833,-0.390268][0.397448,0.910061,0][-0.608209,0.381782,0.833228][0.335441,-0.781816,-0.525589][0.419697,0.910061,0][-0.859386,0.383313,0.598617][0.492613,-0.777833,-0.390268][0.397448,0.910061,0][-0.865608,0.380729,0.603515][-0.0899898,-0.993594,0.0683607][0.397448,0.894007,0][-1.05159,0.380001,0.277222][-0.105875,-0.993642,0.0382775][0.354127,0.894007,0][-1.05159,0.380001,0.277222][-0.105875,-0.993642,0.0382775][0.354127,0.894007,0][-1.04372,0.382758,0.274166][0.58522,-0.777614,-0.229858][0.354127,0.910061,0][-0.859386,0.383313,0.598617][0.492613,-0.777833,-0.390268][0.397448,0.910061,0][-1.04372,0.382758,0.274166][0.58522,-0.777614,-0.229858][0.354127,0.910061,0][-1.05159,0.380001,0.277222][-0.105875,-0.993642,0.0382775][0.354127,0.894007,0][-1.13765,0.382787,-0.104781][-0.101905,-0.994729,0.0113815][0.30887,0.894007,0][-1.13765,0.382787,-0.104781][-0.101905,-0.994729,0.0113815][0.30887,0.894007,0][-1.13124,0.384881,-0.10514][0.631071,-0.771962,-0.076322][0.30887,0.910061,0][-1.04372,0.382758,0.274166][0.58522,-0.777614,-0.229858][0.354127,0.910061,0][-1.13124,0.384881,-0.10514][0.631071,-0.771962,-0.076322][0.30887,0.910061,0][-1.13765,0.382787,-0.104781][-0.101905,-0.994729,0.0113815][0.30887,0.894007,0][-1.14089,0.381975,-0.379974][-0.105338,-0.994382,-0.0103791][0.276581,0.894007,0][-1.14089,0.381975,-0.379974][-0.105338,-0.994382,-0.0103791][0.276581,0.894007,0][-1.13397,0.384258,-0.379974][0.635226,-0.769443,0.0666663][0.276581,0.910061,0][-1.13124,0.384881,-0.10514][0.631071,-0.771962,-0.076322][0.30887,0.910061,0][-1.06431,0.383529,-0.701276][0.583961,-0.779948,0.225102][0.238378,0.910061,0][-1.07162,0.381021,-0.703724][-0.10681,-0.993119,-0.0480239][0.238378,0.894007,0][-0.898397,0.384619,-0.996436][-0.0891054,-0.993779,-0.0668135][0.197727,0.894007,0][-0.898397,0.384619,-0.996436][-0.0891054,-0.993779,-0.0668135][0.197727,0.894007,0][-0.892958,0.386892,-0.992098][0.489588,-0.776087,0.397482][0.197727,0.910061,0][-1.06431,0.383529,-0.701276][0.583961,-0.779948,0.225102][0.238378,0.910061,0][-0.708938,0.365545,-1.1845][0.243105,-0.460366,0.853794][0.167129,0.916764,0][-0.718683,0.382485,-1.15332][0.402418,-0.75012,0.524766][0.178559,0.910061,0][-0.725605,0.380964,-1.15661][-0.160332,-0.972896,0.166633][0.178559,0.894007,0][-0.725605,0.380964,-1.15661][-0.160332,-0.972896,0.166633][0.178559,0.894007,0][-0.716719,0.364151,-1.18769][-0.649293,-0.389841,0.653026][0.167129,0.89704,0][-0.708938,0.365545,-1.1845][0.243105,-0.460366,0.853794][0.167129,0.916764,0][-0.754702,0.0793436,-1.14584][-0.0684867,0.162993,0.984247][0.12712,0.910061,0][-0.761174,0.0793326,-1.14882][-0.739215,0.113333,0.663864][0.12712,0.894007,0][-0.749922,-0.0326024,-1.13129][-0.700377,-0.247457,0.669505][0.113095,0.894007,0][-0.749922,-0.0326024,-1.13129][-0.700377,-0.247457,0.669505][0.113095,0.894007,0][-0.743598,-0.0301265,-1.12822][-0.0970064,-0.00446043,0.995274][0.113095,0.910061,0][-0.754702,0.0793436,-1.14584][-0.0684867,0.162993,0.984247][0.12712,0.910061,0][-0.677193,-0.119885,-1.13916][0.000899161,-0.134024,0.990978][0.100829,0.910061,0][-0.682103,-0.123502,-1.14206][-0.477719,-0.601352,0.640438][0.100829,0.894007,0][-0.465018,-0.252394,-1.15716][-0.276971,-0.702186,0.655913][0.070552,0.894007,0][-0.465018,-0.252394,-1.15716][-0.276971,-0.702186,0.655913][0.070552,0.894007,0][-0.461792,-0.247246,-1.15441][0.00116785,-0.0778915,0.996961][0.070552,0.910061,0][-0.677193,-0.119885,-1.13916][0.000899161,-0.134024,0.990978][0.100829,0.910061,0][0,0.390652,0.995549][0,-0.0782596,-0.996933][0.493597,0.920989,0][0,0.382471,0.999693][0,-0.767071,-0.641562][0.493597,0.910061,0][-0.247422,0.381435,0.98235][0.144671,-0.779557,-0.609394][0.465288,0.910061,0][-0.247422,0.381435,0.98235][0.144671,-0.779557,-0.609394][0.465288,0.910061,0][-0.246367,0.390547,0.977843][0.228925,-0.0803252,-0.970124][0.465288,0.920989,0][0,0.390652,0.995549][0,-0.0782596,-0.996933][0.493597,0.920989,0][-0.246367,0.390547,0.977843][0.228925,-0.0803252,-0.970124][0.465288,0.920989,0][-0.247422,0.381435,0.98235][0.144671,-0.779557,-0.609394][0.465288,0.910061,0][-0.608209,0.381782,0.833228][0.335441,-0.781816,-0.525589][0.419697,0.910061,0][-0.608209,0.381782,0.833228][0.335441,-0.781816,-0.525589][0.419697,0.910061,0][-0.605783,0.390582,0.829474][0.538074,-0.0807604,-0.83902][0.419697,0.920989,0][-0.246367,0.390547,0.977843][0.228925,-0.0803252,-0.970124][0.465288,0.920989,0][-0.605783,0.390582,0.829474][0.538074,-0.0807604,-0.83902][0.419697,0.920989,0][-0.608209,0.381782,0.833228][0.335441,-0.781816,-0.525589][0.419697,0.910061,0][-0.859386,0.383313,0.598617][0.492613,-0.777833,-0.390268][0.397448,0.910061,0][-0.859386,0.383313,0.598617][0.492613,-0.777833,-0.390268][0.397448,0.910061,0][-0.856422,0.390738,0.596284][0.782039,-0.0801312,-0.618057][0.397448,0.920989,0][-0.605783,0.390582,0.829474][0.538074,-0.0807604,-0.83902][0.419697,0.920989,0][-0.856422,0.390738,0.596284][0.782039,-0.0801312,-0.618057][0.397448,0.920989,0][-0.859386,0.383313,0.598617][0.492613,-0.777833,-0.390268][0.397448,0.910061,0][-1.04372,0.382758,0.274166][0.58522,-0.777614,-0.229858][0.354127,0.910061,0][-1.04372,0.382758,0.274166][0.58522,-0.777614,-0.229858][0.354127,0.910061,0][-1.03996,0.390682,0.272711][0.928337,-0.0801665,-0.362992][0.354127,0.920989,0][-0.856422,0.390738,0.596284][0.782039,-0.0801312,-0.618057][0.397448,0.920989,0][-1.03996,0.390682,0.272711][0.928337,-0.0801665,-0.362992][0.354127,0.920989,0][-1.04372,0.382758,0.274166][0.58522,-0.777614,-0.229858][0.354127,0.910061,0][-1.13124,0.384881,-0.10514][0.631071,-0.771962,-0.076322][0.30887,0.910061,0][-1.13124,0.384881,-0.10514][0.631071,-0.771962,-0.076322][0.30887,0.910061,0][-1.12819,0.390897,-0.105312][0.989585,-0.0792238,-0.120186][0.30887,0.920989,0][-1.03996,0.390682,0.272711][0.928337,-0.0801665,-0.362992][0.354127,0.920989,0][-1.12819,0.390897,-0.105312][0.989585,-0.0792238,-0.120186][0.30887,0.920989,0][-1.13124,0.384881,-0.10514][0.631071,-0.771962,-0.076322][0.30887,0.910061,0][-1.13397,0.384258,-0.379974][0.635226,-0.769443,0.0666663][0.276581,0.910061,0][-1.13397,0.384258,-0.379974][0.635226,-0.769443,0.0666663][0.276581,0.910061,0][-1.13067,0.390832,-0.379974][0.991367,-0.0782366,0.105213][0.276581,0.920989,0][-1.12819,0.390897,-0.105312][0.989585,-0.0792238,-0.120186][0.30887,0.920989,0][-1.06083,0.390755,-0.700085][0.927447,-0.0821126,0.364829][0.238378,0.920989,0][-1.06431,0.383529,-0.701276][0.583961,-0.779948,0.225102][0.238378,0.910061,0][-0.892958,0.386892,-0.992098][0.489588,-0.776087,0.397482][0.197727,0.910061,0][-0.892958,0.386892,-0.992098][0.489588,-0.776087,0.397482][0.197727,0.910061,0][-0.890336,0.393419,-0.990073][0.777187,-0.075569,0.624715][0.197727,0.920989,0][-1.06083,0.390755,-0.700085][0.927447,-0.0821126,0.364829][0.238378,0.920989,0][-0.713024,0.387055,-1.1548][0.790434,-0.0307545,0.611774][0.178559,0.920989,0][-0.718683,0.382485,-1.15332][0.402418,-0.75012,0.524766][0.178559,0.910061,0][-0.708938,0.365545,-1.1845][0.243105,-0.460366,0.853794][0.167129,0.916764,0][-0.708938,0.365545,-1.1845][0.243105,-0.460366,0.853794][0.167129,0.916764,0][-0.702044,0.369828,-1.18711][0.880931,-0.174086,0.440062][0.167129,0.924284,0][-0.713024,0.387055,-1.1548][0.790434,-0.0307545,0.611774][0.178559,0.920989,0][-0.736989,-0.0278904,-1.13084][0.580844,0.249294,0.774902][0.113095,0.920989,0][-0.748078,0.0798246,-1.14835][0.66115,0.113394,0.741635][0.12712,0.920989,0][-0.754702,0.0793436,-1.14584][-0.0684867,0.162993,0.984247][0.12712,0.910061,0][-0.754702,0.0793436,-1.14584][-0.0684867,0.162993,0.984247][0.12712,0.910061,0][-0.743598,-0.0301265,-1.12822][-0.0970064,-0.00446043,0.995274][0.113095,0.910061,0][-0.736989,-0.0278904,-1.13084][0.580844,0.249294,0.774902][0.113095,0.920989,0][-0.672199,-0.116271,-1.14164][0.499511,0.463014,0.732194][0.100829,0.920989,0][-0.677193,-0.119885,-1.13916][0.000899161,-0.134024,0.990978][0.100829,0.910061,0][-0.461792,-0.247246,-1.15441][0.00116785,-0.0778915,0.996961][0.070552,0.910061,0][-0.461792,-0.247246,-1.15441][0.00116785,-0.0778915,0.996961][0.070552,0.910061,0][-0.458738,-0.2418,-1.15675][0.276679,0.607803,0.744328][0.070552,0.920989,0][-0.672199,-0.116271,-1.14164][0.499511,0.463014,0.732194][0.100829,0.920989,0][0,0.399378,0.998389][0,0.657893,-0.753111][0.493597,0.930687,0][0,0.390652,0.995549][0,-0.0782596,-0.996933][0.493597,0.920989,0][-0.246367,0.390547,0.977843][0.228925,-0.0803252,-0.970124][0.465288,0.920989,0][-0.246367,0.390547,0.977843][0.228925,-0.0803252,-0.970124][0.465288,0.920989,0][-0.24709,0.400265,0.980933][0.17094,0.670734,-0.721731][0.465288,0.930687,0][0,0.399378,0.998389][0,0.657893,-0.753111][0.493597,0.930687,0][-0.24709,0.400265,0.980933][0.17094,0.670734,-0.721731][0.465288,0.930687,0][-0.246367,0.390547,0.977843][0.228925,-0.0803252,-0.970124][0.465288,0.920989,0][-0.605783,0.390582,0.829474][0.538074,-0.0807604,-0.83902][0.419697,0.920989,0][-0.605783,0.390582,0.829474][0.538074,-0.0807604,-0.83902][0.419697,0.920989,0][-0.607446,0.399968,0.832047][0.398489,0.673046,-0.62307][0.419697,0.930687,0][-0.24709,0.400265,0.980933][0.17094,0.670734,-0.721731][0.465288,0.930687,0][-0.607446,0.399968,0.832047][0.398489,0.673046,-0.62307][0.419697,0.930687,0][-0.605783,0.390582,0.829474][0.538074,-0.0807604,-0.83902][0.419697,0.920989,0][-0.856422,0.390738,0.596284][0.782039,-0.0801312,-0.618057][0.397448,0.920989,0][-0.856422,0.390738,0.596284][0.782039,-0.0801312,-0.618057][0.397448,0.920989,0][-0.858453,0.398657,0.597883][0.58285,0.668943,-0.461304][0.397448,0.930687,0][-0.607446,0.399968,0.832047][0.398489,0.673046,-0.62307][0.419697,0.930687,0][-0.858453,0.398657,0.597883][0.58285,0.668943,-0.461304][0.397448,0.930687,0][-0.856422,0.390738,0.596284][0.782039,-0.0801312,-0.618057][0.397448,0.920989,0][-1.03996,0.390682,0.272711][0.928337,-0.0801665,-0.362992][0.354127,0.920989,0][-1.03996,0.390682,0.272711][0.928337,-0.0801665,-0.362992][0.354127,0.920989,0][-1.04253,0.399132,0.273708][0.692226,0.6687,-0.271409][0.354127,0.930687,0][-0.858453,0.398657,0.597883][0.58285,0.668943,-0.461304][0.397448,0.930687,0][-1.04253,0.399132,0.273708][0.692226,0.6687,-0.271409][0.354127,0.930687,0][-1.03996,0.390682,0.272711][0.928337,-0.0801665,-0.362992][0.354127,0.920989,0][-1.12819,0.390897,-0.105312][0.989585,-0.0792238,-0.120186][0.30887,0.920989,0][-1.12819,0.390897,-0.105312][0.989585,-0.0792238,-0.120186][0.30887,0.920989,0][-1.13028,0.397315,-0.105194][0.743297,0.662875,-0.0900316][0.30887,0.930687,0][-1.04253,0.399132,0.273708][0.692226,0.6687,-0.271409][0.354127,0.930687,0][-1.13028,0.397315,-0.105194][0.743297,0.662875,-0.0900316][0.30887,0.930687,0][-1.12819,0.390897,-0.105312][0.989585,-0.0792238,-0.120186][0.30887,0.920989,0][-1.13067,0.390832,-0.379974][0.991367,-0.0782366,0.105213][0.276581,0.920989,0][-1.13067,0.390832,-0.379974][0.991367,-0.0782366,0.105213][0.276581,0.920989,0][-1.13293,0.397843,-0.379974][0.74756,0.65952,0.0786614][0.276581,0.930687,0][-1.13028,0.397315,-0.105194][0.743297,0.662875,-0.0900316][0.30887,0.930687,0][-1.06322,0.398461,-0.700851][0.69108,0.668836,0.273985][0.238378,0.930687,0][-1.06083,0.390755,-0.700085][0.927447,-0.0821126,0.364829][0.238378,0.920989,0][-0.890336,0.393419,-0.990073][0.777187,-0.075569,0.624715][0.197727,0.920989,0][-0.890336,0.393419,-0.990073][0.777187,-0.075569,0.624715][0.197727,0.920989,0][-0.892066,0.400375,-0.991549][0.583433,0.671739,0.456479][0.197727,0.930687,0][-1.06322,0.398461,-0.700851][0.69108,0.668836,0.273985][0.238378,0.930687,0][-0.711944,0.392001,-1.16019][0.726934,0.635367,0.260531][0.178559,0.930687,0][-0.713024,0.387055,-1.1548][0.790434,-0.0307545,0.611774][0.178559,0.920989,0][-0.702044,0.369828,-1.18711][0.880931,-0.174086,0.440062][0.167129,0.924284,0][-0.702044,0.369828,-1.18711][0.880931,-0.174086,0.440062][0.167129,0.924284,0][-0.700077,0.374487,-1.19396][0.956988,0.256323,-0.135917][0.167129,0.930687,0][-0.711944,0.392001,-1.16019][0.726934,0.635367,0.260531][0.178559,0.930687,0][-0.733967,-0.0272005,-1.13762][0.929494,0.362609,0.0674928][0.113095,0.930687,0][-0.745185,0.0804915,-1.15489][0.999264,-0.0222385,0.0312688][0.12712,0.930687,0][-0.748078,0.0798246,-1.14835][0.66115,0.113394,0.741635][0.12712,0.920989,0][-0.748078,0.0798246,-1.14835][0.66115,0.113394,0.741635][0.12712,0.920989,0][-0.736989,-0.0278904,-1.13084][0.580844,0.249294,0.774902][0.113095,0.920989,0][-0.733967,-0.0272005,-1.13762][0.929494,0.362609,0.0674928][0.113095,0.930687,0][-0.670048,-0.114774,-1.14803][0.663787,0.747833,0.0115147][0.100829,0.930687,0][-0.672199,-0.116271,-1.14164][0.499511,0.463014,0.732194][0.100829,0.920989,0][-0.458738,-0.2418,-1.15675][0.276679,0.607803,0.744328][0.070552,0.920989,0][-0.458738,-0.2418,-1.15675][0.276679,0.607803,0.744328][0.070552,0.920989,0][-0.457645,-0.23924,-1.16281][0.384755,0.922358,0.0349249][0.070552,0.930687,0][-0.670048,-0.114774,-1.14803][0.663787,0.747833,0.0115147][0.100829,0.930687,0][0,0.403533,1.00655][0,0.998135,-0.0610489][0.493597,0.943747,0][0,0.399378,0.998389][0,0.657893,-0.753111][0.493597,0.930687,0][-0.24709,0.400265,0.980933][0.17094,0.670734,-0.721731][0.465288,0.930687,0][-0.24709,0.400265,0.980933][0.17094,0.670734,-0.721731][0.465288,0.930687,0][-0.249168,0.404893,0.989805][0.0106512,0.999289,-0.0361647][0.465288,0.943747,0][0,0.403533,1.00655][0,0.998135,-0.0610489][0.493597,0.943747,0][-0.249168,0.404893,0.989805][0.0106512,0.999289,-0.0361647][0.465288,0.943747,0][-0.24709,0.400265,0.980933][0.17094,0.670734,-0.721731][0.465288,0.930687,0][-0.607446,0.399968,0.832047][0.398489,0.673046,-0.62307][0.419697,0.930687,0][-0.607446,0.399968,0.832047][0.398489,0.673046,-0.62307][0.419697,0.930687,0][-0.612224,0.404437,0.839439][0.01497,0.999447,-0.0296877][0.419697,0.943747,0][-0.249168,0.404893,0.989805][0.0106512,0.999289,-0.0361647][0.465288,0.943747,0][-0.612224,0.404437,0.839439][0.01497,0.999447,-0.0296877][0.419697,0.943747,0][-0.607446,0.399968,0.832047][0.398489,0.673046,-0.62307][0.419697,0.930687,0][-0.858453,0.398657,0.597883][0.58285,0.668943,-0.461304][0.397448,0.930687,0][-0.858453,0.398657,0.597883][0.58285,0.668943,-0.461304][0.397448,0.930687,0][-0.864289,0.402428,0.602476][0.0309088,0.999163,-0.0267838][0.397448,0.943747,0][-0.612224,0.404437,0.839439][0.01497,0.999447,-0.0296877][0.419697,0.943747,0][-0.864289,0.402428,0.602476][0.0309088,0.999163,-0.0267838][0.397448,0.943747,0][-0.858453,0.398657,0.597883][0.58285,0.668943,-0.461304][0.397448,0.930687,0][-1.04253,0.399132,0.273708][0.692226,0.6687,-0.271409][0.354127,0.930687,0][-1.04253,0.399132,0.273708][0.692226,0.6687,-0.271409][0.354127,0.930687,0][-1.04992,0.403156,0.276574][0.0375132,0.999145,-0.0173756][0.354127,0.943747,0][-0.864289,0.402428,0.602476][0.0309088,0.999163,-0.0267838][0.397448,0.943747,0][-1.04992,0.403156,0.276574][0.0375132,0.999145,-0.0173756][0.354127,0.943747,0][-1.04253,0.399132,0.273708][0.692226,0.6687,-0.271409][0.354127,0.930687,0][-1.13028,0.397315,-0.105194][0.743297,0.662875,-0.0900316][0.30887,0.930687,0][-1.13028,0.397315,-0.105194][0.743297,0.662875,-0.0900316][0.30887,0.930687,0][-1.13629,0.40037,-0.104857][0.051116,0.998671,-0.00663517][0.30887,0.943747,0][-1.04992,0.403156,0.276574][0.0375132,0.999145,-0.0173756][0.354127,0.943747,0][-1.13629,0.40037,-0.104857][0.051116,0.998671,-0.00663517][0.30887,0.943747,0][-1.13028,0.397315,-0.105194][0.743297,0.662875,-0.0900316][0.30887,0.930687,0][-1.13293,0.397843,-0.379974][0.74756,0.65952,0.0786614][0.276581,0.930687,0][-1.13293,0.397843,-0.379974][0.74756,0.65952,0.0786614][0.276581,0.930687,0][-1.13942,0.401182,-0.379974][0.0504047,0.998715,0.005344][0.276581,0.943747,0][-1.13629,0.40037,-0.104857][0.051116,0.998671,-0.00663517][0.30887,0.943747,0][-1.07008,0.402136,-0.703125][0.0354675,0.999244,0.015921][0.238378,0.943747,0][-1.06322,0.398461,-0.700851][0.69108,0.668836,0.273985][0.238378,0.930687,0][-0.892066,0.400375,-0.991549][0.583433,0.671739,0.456479][0.197727,0.930687,0][-0.892066,0.400375,-0.991549][0.583433,0.671739,0.456479][0.197727,0.930687,0][-0.897135,0.403688,-0.99566][0.0420787,0.999,0.0151137][0.197727,0.943747,0][-1.07008,0.402136,-0.703125][0.0354675,0.999244,0.015921][0.238378,0.943747,0][-0.716075,0.394423,-1.16632][0.274752,0.949151,-0.153702][0.178559,0.943747,0][-0.711944,0.392001,-1.16019][0.726934,0.635367,0.260531][0.178559,0.930687,0][-0.700077,0.374487,-1.19396][0.956988,0.256323,-0.135917][0.167129,0.930687,0][-0.700077,0.374487,-1.19396][0.956988,0.256323,-0.135917][0.167129,0.930687,0][-0.704188,0.376796,-1.20106][0.560927,0.508843,-0.653024][0.167129,0.936844,0][-0.716075,0.394423,-1.16632][0.274752,0.949151,-0.153702][0.178559,0.943747,0][-0.736302,-0.0284644,-1.14459][0.67128,0.238457,-0.701799][0.113095,0.943747,0][-0.747715,0.0809536,-1.16162][0.709545,-0.140323,-0.690547][0.12712,0.943747,0][-0.745185,0.0804915,-1.15489][0.999264,-0.0222385,0.0312688][0.12712,0.930687,0][-0.745185,0.0804915,-1.15489][0.999264,-0.0222385,0.0312688][0.12712,0.930687,0][-0.733967,-0.0272005,-1.13762][0.929494,0.362609,0.0674928][0.113095,0.930687,0][-0.736302,-0.0284644,-1.14459][0.67128,0.238457,-0.701799][0.113095,0.943747,0][-0.672,-0.116271,-1.15461][0.439876,0.57409,-0.690601][0.100829,0.943747,0][-0.670048,-0.114774,-1.14803][0.663787,0.747833,0.0115147][0.100829,0.930687,0][-0.457645,-0.23924,-1.16281][0.384755,0.922358,0.0349249][0.070552,0.930687,0][-0.457645,-0.23924,-1.16281][0.384755,0.922358,0.0349249][0.070552,0.930687,0][-0.459153,-0.241072,-1.16904][0.259473,0.670206,-0.69534][0.070552,0.943747,0][-0.672,-0.116271,-1.15461][0.439876,0.57409,-0.690601][0.100829,0.943747,0][0,0.400686,1.01526][0,0.751068,0.660225][0.493597,0.959646,0][0,0.403533,1.00655][0,0.998135,-0.0610489][0.493597,0.943747,0][-0.249168,0.404893,0.989805][0.0106512,0.999289,-0.0361647][0.465288,0.943747,0][-0.249168,0.404893,0.989805][0.0106512,0.999289,-0.0361647][0.465288,0.943747,0][-0.251385,0.401722,0.999269][-0.1512,0.740394,0.654946][0.465288,0.959646,0][0,0.400686,1.01526][0,0.751068,0.660225][0.493597,0.959646,0][-0.251385,0.401722,0.999269][-0.1512,0.740394,0.654946][0.465288,0.959646,0][-0.249168,0.404893,0.989805][0.0106512,0.999289,-0.0361647][0.465288,0.943747,0][-0.612224,0.404437,0.839439][0.01497,0.999447,-0.0296877][0.419697,0.943747,0][-0.612224,0.404437,0.839439][0.01497,0.999447,-0.0296877][0.419697,0.943747,0][-0.617319,0.401374,0.84732][-0.368935,0.738389,0.564508][0.419697,0.959646,0][-0.251385,0.401722,0.999269][-0.1512,0.740394,0.654946][0.465288,0.959646,0][-0.617319,0.401374,0.84732][-0.368935,0.738389,0.564508][0.419697,0.959646,0][-0.612224,0.404437,0.839439][0.01497,0.999447,-0.0296877][0.419697,0.943747,0][-0.864289,0.402428,0.602476][0.0309088,0.999163,-0.0267838][0.397448,0.943747,0][-0.864289,0.402428,0.602476][0.0309088,0.999163,-0.0267838][0.397448,0.943747,0][-0.870511,0.399844,0.607375][-0.527875,0.742009,0.413245][0.397448,0.959646,0][-0.617319,0.401374,0.84732][-0.368935,0.738389,0.564508][0.419697,0.959646,0][-0.870511,0.399844,0.607375][-0.527875,0.742009,0.413245][0.397448,0.959646,0][-0.864289,0.402428,0.602476][0.0309088,0.999163,-0.0267838][0.397448,0.943747,0][-1.04992,0.403156,0.276574][0.0375132,0.999145,-0.0173756][0.354127,0.943747,0][-1.04992,0.403156,0.276574][0.0375132,0.999145,-0.0173756][0.354127,0.943747,0][-1.0578,0.400399,0.27963][-0.625763,0.742174,0.239996][0.354127,0.959646,0][-0.870511,0.399844,0.607375][-0.527875,0.742009,0.413245][0.397448,0.959646,0][-1.0578,0.400399,0.27963][-0.625763,0.742174,0.239996][0.354127,0.959646,0][-1.04992,0.403156,0.276574][0.0375132,0.999145,-0.0173756][0.354127,0.943747,0][-1.13629,0.40037,-0.104857][0.051116,0.998671,-0.00663517][0.30887,0.943747,0][-1.13629,0.40037,-0.104857][0.051116,0.998671,-0.00663517][0.30887,0.943747,0][-1.1427,0.398276,-0.104498][-0.66092,0.746609,0.0758968][0.30887,0.959646,0][-1.0578,0.400399,0.27963][-0.625763,0.742174,0.239996][0.354127,0.959646,0][-1.1427,0.398276,-0.104498][-0.66092,0.746609,0.0758968][0.30887,0.959646,0][-1.13629,0.40037,-0.104857][0.051116,0.998671,-0.00663517][0.30887,0.943747,0][-1.13942,0.401182,-0.379974][0.0504047,0.998715,0.005344][0.276581,0.943747,0][-1.13942,0.401182,-0.379974][0.0504047,0.998715,0.005344][0.276581,0.943747,0][-1.14635,0.398896,-0.379974][-0.66667,0.742567,-0.0643892][0.276581,0.959646,0][-1.1427,0.398276,-0.104498][-0.66092,0.746609,0.0758968][0.30887,0.959646,0][-1.07739,0.399628,-0.705574][-0.626861,0.740426,-0.242518][0.238378,0.959646,0][-1.07008,0.402136,-0.703125][0.0354675,0.999244,0.015921][0.238378,0.943747,0][-0.897135,0.403688,-0.99566][0.0420787,0.999,0.0151137][0.197727,0.943747,0][-0.897135,0.403688,-0.99566][0.0420787,0.999,0.0151137][0.197727,0.943747,0][-0.902574,0.401414,-0.999999][-0.514263,0.745098,-0.42469][0.197727,0.959646,0][-1.07739,0.399628,-0.705574][-0.626861,0.740426,-0.242518][0.238378,0.959646,0][-0.722997,0.392899,-1.1696][-0.299756,0.8488,-0.435529][0.178559,0.959646,0][-0.716075,0.394423,-1.16632][0.274752,0.949151,-0.153702][0.178559,0.943747,0][-0.704188,0.376796,-1.20106][0.560927,0.508843,-0.653024][0.167129,0.936844,0][-0.704188,0.376796,-1.20106][0.560927,0.508843,-0.653024][0.167129,0.936844,0][-0.711969,0.375401,-1.20424][-0.0902607,0.481045,-0.872037][0.167129,0.950887,0][-0.722997,0.392899,-1.1696][-0.299756,0.8488,-0.435529][0.178559,0.959646,0][-0.754188,0.0809426,-1.1646][0.00765898,-0.16103,-0.98692][0.12712,0.959646,0][-0.747715,0.0809536,-1.16162][0.709545,-0.140323,-0.690547][0.12712,0.943747,0][-0.736302,-0.0284644,-1.14459][0.67128,0.238457,-0.701799][0.113095,0.943747,0][-0.736302,-0.0284644,-1.14459][0.67128,0.238457,-0.701799][0.113095,0.943747,0][-0.742626,-0.0309374,-1.14766][-0.0210528,-0.0421672,-0.998889][0.113095,0.959646,0][-0.754188,0.0809426,-1.1646][0.00765898,-0.16103,-0.98692][0.12712,0.959646,0][-0.462379,-0.246217,-1.17179][-0.0231236,0.016912,-0.99959][0.070552,0.959646,0][-0.67691,-0.119888,-1.15751][-0.0528932,0.0352719,-0.997977][0.100829,0.959646,0][-0.672,-0.116271,-1.15461][0.439876,0.57409,-0.690601][0.100829,0.943747,0][-0.672,-0.116271,-1.15461][0.439876,0.57409,-0.690601][0.100829,0.943747,0][-0.459153,-0.241072,-1.16904][0.259473,0.670206,-0.69534][0.070552,0.943747,0][-0.462379,-0.246217,-1.17179][-0.0231236,0.016912,-0.99959][0.070552,0.959646,0][0,0.392504,1.01941][0,0.0757111,0.99713][0.493597,0.975184,0][0,0.400686,1.01526][0,0.751068,0.660225][0.493597,0.959646,0][-0.251385,0.401722,0.999269][-0.1512,0.740394,0.654946][0.465288,0.959646,0][-0.251385,0.401722,0.999269][-0.1512,0.740394,0.654946][0.465288,0.959646,0][-0.252441,0.39261,1.00377][-0.225371,0.074255,0.971439][0.465288,0.975184,0][0,0.392504,1.01941][0,0.0757111,0.99713][0.493597,0.975184,0][-0.252441,0.39261,1.00377][-0.225371,0.074255,0.971439][0.465288,0.975184,0][-0.251385,0.401722,0.999269][-0.1512,0.740394,0.654946][0.465288,0.959646,0][-0.617319,0.401374,0.84732][-0.368935,0.738389,0.564508][0.419697,0.959646,0][-0.617319,0.401374,0.84732][-0.368935,0.738389,0.564508][0.419697,0.959646,0][-0.619745,0.392574,0.851075][-0.544091,0.0740373,0.835753][0.419697,0.975184,0][-0.252441,0.39261,1.00377][-0.225371,0.074255,0.971439][0.465288,0.975184,0][-0.619745,0.392574,0.851075][-0.544091,0.0740373,0.835753][0.419697,0.975184,0][-0.617319,0.401374,0.84732][-0.368935,0.738389,0.564508][0.419697,0.959646,0][-0.870511,0.399844,0.607375][-0.527875,0.742009,0.413245][0.397448,0.959646,0][-0.870511,0.399844,0.607375][-0.527875,0.742009,0.413245][0.397448,0.959646,0][-0.873475,0.392419,0.609708][-0.784647,0.0745454,0.615444][0.397448,0.975184,0][-0.619745,0.392574,0.851075][-0.544091,0.0740373,0.835753][0.419697,0.975184,0][-0.873475,0.392419,0.609708][-0.784647,0.0745454,0.615444][0.397448,0.975184,0][-0.870511,0.399844,0.607375][-0.527875,0.742009,0.413245][0.397448,0.959646,0][-1.0578,0.400399,0.27963][-0.625763,0.742174,0.239996][0.354127,0.959646,0][-1.0578,0.400399,0.27963][-0.625763,0.742174,0.239996][0.354127,0.959646,0][-1.06155,0.392475,0.281086][-0.930631,0.074435,0.35831][0.354127,0.975184,0][-0.873475,0.392419,0.609708][-0.784647,0.0745454,0.615444][0.397448,0.975184,0][-1.06155,0.392475,0.281086][-0.930631,0.074435,0.35831][0.354127,0.975184,0][-1.0578,0.400399,0.27963][-0.625763,0.742174,0.239996][0.354127,0.959646,0][-1.1427,0.398276,-0.104498][-0.66092,0.746609,0.0758968][0.30887,0.959646,0][-1.1427,0.398276,-0.104498][-0.66092,0.746609,0.0758968][0.30887,0.959646,0][-1.14575,0.392259,-0.104326][-0.990788,0.0750838,0.112702][0.30887,0.975184,0][-1.06155,0.392475,0.281086][-0.930631,0.074435,0.35831][0.354127,0.975184,0][-1.14575,0.392259,-0.104326][-0.990788,0.0750838,0.112702][0.30887,0.975184,0][-1.1427,0.398276,-0.104498][-0.66092,0.746609,0.0758968][0.30887,0.959646,0][-1.14635,0.398896,-0.379974][-0.66667,0.742567,-0.0643892][0.276581,0.959646,0][-1.14635,0.398896,-0.379974][-0.66667,0.742567,-0.0643892][0.276581,0.959646,0][-1.14964,0.392325,-0.379974][-0.992821,0.0742018,-0.0938162][0.276581,0.975184,0][-1.14575,0.392259,-0.104326][-0.990788,0.0750838,0.112702][0.30887,0.975184,0][-1.08087,0.392402,-0.706764][-0.929756,0.0741138,-0.360639][0.238378,0.975184,0][-1.07739,0.399628,-0.705574][-0.626861,0.740426,-0.242518][0.238378,0.959646,0][-0.902574,0.401414,-0.999999][-0.514263,0.745098,-0.42469][0.197727,0.959646,0][-0.902574,0.401414,-0.999999][-0.514263,0.745098,-0.42469][0.197727,0.959646,0][-0.905196,0.394888,-1.00202][-0.77609,0.0773895,-0.625856][0.197727,0.975184,0][-1.08087,0.392402,-0.706764][-0.929756,0.0741138,-0.360639][0.238378,0.975184,0][-0.718863,0.371122,-1.20164][-0.720778,0.267032,-0.639666][0.167129,0.960981,0][-0.728656,0.388329,-1.16812][-0.795601,0.250951,-0.551401][0.178559,0.975184,0][-0.722997,0.392899,-1.1696][-0.299756,0.8488,-0.435529][0.178559,0.959646,0][-0.722997,0.392899,-1.1696][-0.299756,0.8488,-0.435529][0.178559,0.959646,0][-0.711969,0.375401,-1.20424][-0.0902607,0.481045,-0.872037][0.167129,0.950887,0][-0.718863,0.371122,-1.20164][-0.720778,0.267032,-0.639666][0.167129,0.960981,0][-0.742626,-0.0309374,-1.14766][-0.0210528,-0.0421672,-0.998889][0.113095,0.959646,0][-0.749235,-0.0331764,-1.14504][-0.671595,-0.288502,-0.682441][0.113095,0.975184,0][-0.760811,0.0804605,-1.16208][-0.697534,-0.0928138,-0.710515][0.12712,0.975184,0][-0.760811,0.0804605,-1.16208][-0.697534,-0.0928138,-0.710515][0.12712,0.975184,0][-0.754188,0.0809426,-1.1646][0.00765898,-0.16103,-0.98692][0.12712,0.959646,0][-0.742626,-0.0309374,-1.14766][-0.0210528,-0.0421672,-0.998889][0.113095,0.959646,0][-0.465433,-0.251665,-1.16946][-0.293711,-0.629169,-0.719638][0.070552,0.975184,0][-0.681904,-0.123502,-1.15504][-0.519132,-0.508759,-0.686779][0.100829,0.975184,0][-0.67691,-0.119888,-1.15751][-0.0528932,0.0352719,-0.997977][0.100829,0.959646,0][-0.67691,-0.119888,-1.15751][-0.0528932,0.0352719,-0.997977][0.100829,0.959646,0][-0.462379,-0.246217,-1.17179][-0.0231236,0.016912,-0.99959][0.070552,0.959646,0][-0.465433,-0.251665,-1.16946][-0.293711,-0.629169,-0.719638][0.070552,0.975184,0][0,0.383778,1.01656][0,-0.641997,0.766707][0.493597,0.989566,0][0,0.392504,1.01941][0,0.0757111,0.99713][0.493597,0.975184,0][-0.252441,0.39261,1.00377][-0.225371,0.074255,0.971439][0.465288,0.975184,0][-0.252441,0.39261,1.00377][-0.225371,0.074255,0.971439][0.465288,0.975184,0][-0.251717,0.382891,1.00069][-0.174667,-0.631577,0.755382][0.465288,0.989566,0][0,0.383778,1.01656][0,-0.641997,0.766707][0.493597,0.989566,0][-0.251717,0.382891,1.00069][-0.174667,-0.631577,0.755382][0.465288,0.989566,0][-0.252441,0.39261,1.00377][-0.225371,0.074255,0.971439][0.465288,0.975184,0][-0.619745,0.392574,0.851075][-0.544091,0.0740373,0.835753][0.419697,0.975184,0][-0.619745,0.392574,0.851075][-0.544091,0.0740373,0.835753][0.419697,0.975184,0][-0.618083,0.383189,0.848502][-0.424539,-0.629596,0.650674][0.419697,0.989566,0][-0.251717,0.382891,1.00069][-0.174667,-0.631577,0.755382][0.465288,0.989566,0][-0.618083,0.383189,0.848502][-0.424539,-0.629596,0.650674][0.419697,0.989566,0][-0.619745,0.392574,0.851075][-0.544091,0.0740373,0.835753][0.419697,0.975184,0][-0.873475,0.392419,0.609708][-0.784647,0.0745454,0.615444][0.397448,0.975184,0][-0.873475,0.392419,0.609708][-0.784647,0.0745454,0.615444][0.397448,0.975184,0][-0.871444,0.3845,0.608109][-0.60936,-0.633098,0.477354][0.397448,0.989566,0][-0.618083,0.383189,0.848502][-0.424539,-0.629596,0.650674][0.419697,0.989566,0][-0.871444,0.3845,0.608109][-0.60936,-0.633098,0.477354][0.397448,0.989566,0][-0.873475,0.392419,0.609708][-0.784647,0.0745454,0.615444][0.397448,0.975184,0][-1.06155,0.392475,0.281086][-0.930631,0.074435,0.35831][0.354127,0.975184,0][-1.06155,0.392475,0.281086][-0.930631,0.074435,0.35831][0.354127,0.975184,0][-1.05898,0.384024,0.280089][-0.722374,-0.633377,0.277506][0.354127,0.989566,0][-0.871444,0.3845,0.608109][-0.60936,-0.633098,0.477354][0.397448,0.989566,0][-1.05898,0.384024,0.280089][-0.722374,-0.633377,0.277506][0.354127,0.989566,0][-1.06155,0.392475,0.281086][-0.930631,0.074435,0.35831][0.354127,0.975184,0][-1.14575,0.392259,-0.104326][-0.990788,0.0750838,0.112702][0.30887,0.975184,0][-1.14575,0.392259,-0.104326][-0.990788,0.0750838,0.112702][0.30887,0.975184,0][-1.14366,0.385842,-0.104444][-0.765298,-0.637689,0.087586][0.30887,0.989566,0][-1.05898,0.384024,0.280089][-0.722374,-0.633377,0.277506][0.354127,0.989566,0][-1.14366,0.385842,-0.104444][-0.765298,-0.637689,0.087586][0.30887,0.989566,0][-1.14575,0.392259,-0.104326][-0.990788,0.0750838,0.112702][0.30887,0.975184,0][-1.14964,0.392325,-0.379974][-0.992821,0.0742018,-0.0938162][0.276581,0.975184,0][-1.14964,0.392325,-0.379974][-0.992821,0.0742018,-0.0938162][0.276581,0.975184,0][-1.14738,0.385317,-0.379974][-0.770668,-0.632925,-0.0739988][0.276581,0.989566,0][-1.14366,0.385842,-0.104444][-0.765298,-0.637689,0.087586][0.30887,0.989566,0][-1.07848,0.384696,-0.705998][-0.721639,-0.631263,-0.284155][0.238378,0.989566,0][-1.08087,0.392402,-0.706764][-0.929756,0.0741138,-0.360639][0.238378,0.975184,0][-0.905196,0.394888,-1.00202][-0.77609,0.0773895,-0.625856][0.197727,0.975184,0][-0.905196,0.394888,-1.00202][-0.77609,0.0773895,-0.625856][0.197727,0.975184,0][-0.903466,0.387932,-1.00055][-0.605614,-0.632025,-0.483504][0.197727,0.989566,0][-1.07848,0.384696,-0.705998][-0.721639,-0.631263,-0.284155][0.238378,0.989566,0][-0.72083,0.366463,-1.19478][-0.99933,-0.0343329,-0.0126487][0.167129,0.977658,0][-0.729736,0.383386,-1.16274][-0.697208,-0.665876,-0.265537][0.178559,0.989566,0][-0.728656,0.388329,-1.16812][-0.795601,0.250951,-0.551401][0.178559,0.975184,0][-0.728656,0.388329,-1.16812][-0.795601,0.250951,-0.551401][0.178559,0.975184,0][-0.718863,0.371122,-1.20164][-0.720778,0.267032,-0.639666][0.167129,0.960981,0][-0.72083,0.366463,-1.19478][-0.99933,-0.0343329,-0.0126487][0.167129,0.977658,0][-0.763705,0.0797946,-1.15554][-0.999563,0.0132831,-0.026418][0.12712,0.989566,0][-0.760811,0.0804605,-1.16208][-0.697534,-0.0928138,-0.710515][0.12712,0.975184,0][-0.749235,-0.0331764,-1.14504][-0.671595,-0.288502,-0.682441][0.113095,0.975184,0][-0.749235,-0.0331764,-1.14504][-0.671595,-0.288502,-0.682441][0.113095,0.975184,0][-0.752257,-0.0338634,-1.13826][-0.93163,-0.3634,-0.00253069][0.113095,0.989566,0][-0.763705,0.0797946,-1.15554][-0.999563,0.0132831,-0.026418][0.12712,0.989566,0][-0.466526,-0.254223,-1.1634][-0.397391,-0.916511,-0.0456858][0.070552,0.989566,0][-0.684055,-0.124999,-1.14864][-0.676257,-0.736414,-0.0192605][0.100829,0.989566,0][-0.681904,-0.123502,-1.15504][-0.519132,-0.508759,-0.686779][0.100829,0.975184,0][-0.681904,-0.123502,-1.15504][-0.519132,-0.508759,-0.686779][0.100829,0.975184,0][-0.465433,-0.251665,-1.16946][-0.293711,-0.629169,-0.719638][0.070552,0.975184,0][-0.466526,-0.254223,-1.1634][-0.397391,-0.916511,-0.0456858][0.070552,0.989566,0][0,0.379624,1.0084][0,-0.995623,0.0934632][0.493597,0.894007,0][0,0.383778,1.01656][0,-0.641997,0.766707][0.493597,0.878388,0][-0.251717,0.382891,1.00069][-0.174667,-0.631577,0.755382][0.465288,0.878388,0][-0.251717,0.382891,1.00069][-0.174667,-0.631577,0.755382][0.465288,0.878388,0][-0.249639,0.378264,0.99181][-0.0243691,-0.993227,0.113607][0.465288,0.894007,0][0,0.379624,1.0084][0,-0.995623,0.0934632][0.493597,0.894007,0][-0.249639,0.378264,0.99181][-0.0243691,-0.993227,0.113607][0.465288,0.894007,0][-0.251717,0.382891,1.00069][-0.174667,-0.631577,0.755382][0.465288,0.878388,0][-0.618083,0.383189,0.848502][-0.424539,-0.629596,0.650674][0.419697,0.878388,0][-0.618083,0.383189,0.848502][-0.424539,-0.629596,0.650674][0.419697,0.878388,0][-0.613304,0.37872,0.84111][-0.0683784,-0.992699,0.0993606][0.419697,0.894007,0][-0.249639,0.378264,0.99181][-0.0243691,-0.993227,0.113607][0.465288,0.894007,0][-0.613304,0.37872,0.84111][-0.0683784,-0.992699,0.0993606][0.419697,0.894007,0][-0.618083,0.383189,0.848502][-0.424539,-0.629596,0.650674][0.419697,0.878388,0][-0.871444,0.3845,0.608109][-0.60936,-0.633098,0.477354][0.397448,0.878388,0][-0.871444,0.3845,0.608109][-0.60936,-0.633098,0.477354][0.397448,0.878388,0][-0.865608,0.380729,0.603515][-0.0899898,-0.993594,0.0683607][0.397448,0.894007,0][-0.613304,0.37872,0.84111][-0.0683784,-0.992699,0.0993606][0.419697,0.894007,0][-0.865608,0.380729,0.603515][-0.0899898,-0.993594,0.0683607][0.397448,0.894007,0][-0.871444,0.3845,0.608109][-0.60936,-0.633098,0.477354][0.397448,0.878388,0][-1.05898,0.384024,0.280089][-0.722374,-0.633377,0.277506][0.354127,0.878388,0][-1.05898,0.384024,0.280089][-0.722374,-0.633377,0.277506][0.354127,0.878388,0][-1.05159,0.380001,0.277222][-0.105875,-0.993642,0.0382775][0.354127,0.894007,0][-0.865608,0.380729,0.603515][-0.0899898,-0.993594,0.0683607][0.397448,0.894007,0][-1.05159,0.380001,0.277222][-0.105875,-0.993642,0.0382775][0.354127,0.894007,0][-1.05898,0.384024,0.280089][-0.722374,-0.633377,0.277506][0.354127,0.878388,0][-1.14366,0.385842,-0.104444][-0.765298,-0.637689,0.087586][0.30887,0.878388,0][-1.14366,0.385842,-0.104444][-0.765298,-0.637689,0.087586][0.30887,0.878388,0][-1.13765,0.382787,-0.104781][-0.101905,-0.994729,0.0113815][0.30887,0.894007,0][-1.05159,0.380001,0.277222][-0.105875,-0.993642,0.0382775][0.354127,0.894007,0][-1.13765,0.382787,-0.104781][-0.101905,-0.994729,0.0113815][0.30887,0.894007,0][-1.14366,0.385842,-0.104444][-0.765298,-0.637689,0.087586][0.30887,0.878388,0][-1.14738,0.385317,-0.379974][-0.770668,-0.632925,-0.0739988][0.276581,0.878388,0][-1.14738,0.385317,-0.379974][-0.770668,-0.632925,-0.0739988][0.276581,0.878388,0][-1.14089,0.381975,-0.379974][-0.105338,-0.994382,-0.0103791][0.276581,0.894007,0][-1.13765,0.382787,-0.104781][-0.101905,-0.994729,0.0113815][0.30887,0.894007,0][-1.07162,0.381021,-0.703724][-0.10681,-0.993119,-0.0480239][0.238378,0.894007,0][-1.07848,0.384696,-0.705998][-0.721639,-0.631263,-0.284155][0.238378,0.878388,0][-0.903466,0.387932,-1.00055][-0.605614,-0.632025,-0.483504][0.197727,0.878388,0][-0.903466,0.387932,-1.00055][-0.605614,-0.632025,-0.483504][0.197727,0.878388,0][-0.898397,0.384619,-0.996436][-0.0891054,-0.993779,-0.0668135][0.197727,0.894007,0][-1.07162,0.381021,-0.703724][-0.10681,-0.993119,-0.0480239][0.238378,0.894007,0][-0.716719,0.364151,-1.18769][-0.649293,-0.389841,0.653026][0.167129,0.89704,0][-0.725605,0.380964,-1.15661][-0.160332,-0.972896,0.166633][0.178559,0.894007,0][-0.729736,0.383386,-1.16274][-0.697208,-0.665876,-0.265537][0.178559,0.878388,0][-0.729736,0.383386,-1.16274][-0.697208,-0.665876,-0.265537][0.178559,0.878388,0][-0.72083,0.366463,-1.19478][-0.99933,-0.0343329,-0.0126487][0.167129,0.883331,0][-0.716719,0.364151,-1.18769][-0.649293,-0.389841,0.653026][0.167129,0.89704,0][-0.761174,0.0793326,-1.14882][-0.739215,0.113333,0.663864][0.12712,0.894007,0][-0.763705,0.0797946,-1.15554][-0.999563,0.0132831,-0.026418][0.12712,0.878388,0][-0.752257,-0.0338634,-1.13826][-0.93163,-0.3634,-0.00253069][0.113095,0.878388,0][-0.752257,-0.0338634,-1.13826][-0.93163,-0.3634,-0.00253069][0.113095,0.878388,0][-0.749922,-0.0326024,-1.13129][-0.700377,-0.247457,0.669505][0.113095,0.894007,0][-0.761174,0.0793326,-1.14882][-0.739215,0.113333,0.663864][0.12712,0.894007,0][-0.682103,-0.123502,-1.14206][-0.477719,-0.601352,0.640438][0.100829,0.894007,0][-0.684055,-0.124999,-1.14864][-0.676257,-0.736414,-0.0192605][0.100829,0.878388,0][-0.466526,-0.254223,-1.1634][-0.397391,-0.916511,-0.0456858][0.070552,0.878388,0][-0.466526,-0.254223,-1.1634][-0.397391,-0.916511,-0.0456858][0.070552,0.878388,0][-0.465018,-0.252394,-1.15716][-0.276971,-0.702186,0.655913][0.070552,0.894007,0][-0.682103,-0.123502,-1.14206][-0.477719,-0.601352,0.640438][0.100829,0.894007,0][-0.681904,-0.123502,-1.15504][-0.519132,-0.508759,-0.686779][0.100829,0.975184,0][-0.749235,-0.0331764,-1.14504][-0.671595,-0.288502,-0.682441][0.113095,0.975184,0][-0.742626,-0.0309374,-1.14766][-0.0210528,-0.0421672,-0.998889][0.113095,0.959646,0][-0.742626,-0.0309374,-1.14766][-0.0210528,-0.0421672,-0.998889][0.113095,0.959646,0][-0.67691,-0.119888,-1.15751][-0.0528932,0.0352719,-0.997977][0.100829,0.959646,0][-0.681904,-0.123502,-1.15504][-0.519132,-0.508759,-0.686779][0.100829,0.975184,0][-0.67691,-0.119888,-1.15751][-0.0528932,0.0352719,-0.997977][0.100829,0.959646,0][-0.742626,-0.0309374,-1.14766][-0.0210528,-0.0421672,-0.998889][0.113095,0.959646,0][-0.736302,-0.0284644,-1.14459][0.67128,0.238457,-0.701799][0.113095,0.943747,0][-0.736302,-0.0284644,-1.14459][0.67128,0.238457,-0.701799][0.113095,0.943747,0][-0.672,-0.116271,-1.15461][0.439876,0.57409,-0.690601][0.100829,0.943747,0][-0.67691,-0.119888,-1.15751][-0.0528932,0.0352719,-0.997977][0.100829,0.959646,0][-0.736302,-0.0284644,-1.14459][0.67128,0.238457,-0.701799][0.113095,0.943747,0][-0.733967,-0.0272005,-1.13762][0.929494,0.362609,0.0674928][0.113095,0.930687,0][-0.670048,-0.114774,-1.14803][0.663787,0.747833,0.0115147][0.100829,0.930687,0][-0.670048,-0.114774,-1.14803][0.663787,0.747833,0.0115147][0.100829,0.930687,0][-0.672,-0.116271,-1.15461][0.439876,0.57409,-0.690601][0.100829,0.943747,0][-0.736302,-0.0284644,-1.14459][0.67128,0.238457,-0.701799][0.113095,0.943747,0][-0.733967,-0.0272005,-1.13762][0.929494,0.362609,0.0674928][0.113095,0.930687,0][-0.736989,-0.0278904,-1.13084][0.580844,0.249294,0.774902][0.113095,0.920989,0][-0.672199,-0.116271,-1.14164][0.499511,0.463014,0.732194][0.100829,0.920989,0][-0.672199,-0.116271,-1.14164][0.499511,0.463014,0.732194][0.100829,0.920989,0][-0.670048,-0.114774,-1.14803][0.663787,0.747833,0.0115147][0.100829,0.930687,0][-0.733967,-0.0272005,-1.13762][0.929494,0.362609,0.0674928][0.113095,0.930687,0][-0.736989,-0.0278904,-1.13084][0.580844,0.249294,0.774902][0.113095,0.920989,0][-0.743598,-0.0301265,-1.12822][-0.0970064,-0.00446043,0.995274][0.113095,0.910061,0][-0.677193,-0.119885,-1.13916][0.000899161,-0.134024,0.990978][0.100829,0.910061,0][-0.677193,-0.119885,-1.13916][0.000899161,-0.134024,0.990978][0.100829,0.910061,0][-0.672199,-0.116271,-1.14164][0.499511,0.463014,0.732194][0.100829,0.920989,0][-0.736989,-0.0278904,-1.13084][0.580844,0.249294,0.774902][0.113095,0.920989,0][-0.743598,-0.0301265,-1.12822][-0.0970064,-0.00446043,0.995274][0.113095,0.910061,0][-0.749922,-0.0326024,-1.13129][-0.700377,-0.247457,0.669505][0.113095,0.894007,0][-0.682103,-0.123502,-1.14206][-0.477719,-0.601352,0.640438][0.100829,0.894007,0][-0.682103,-0.123502,-1.14206][-0.477719,-0.601352,0.640438][0.100829,0.894007,0][-0.677193,-0.119885,-1.13916][0.000899161,-0.134024,0.990978][0.100829,0.910061,0][-0.743598,-0.0301265,-1.12822][-0.0970064,-0.00446043,0.995274][0.113095,0.910061,0][-0.682103,-0.123502,-1.14206][-0.477719,-0.601352,0.640438][0.100829,0.894007,0][-0.749922,-0.0326024,-1.13129][-0.700377,-0.247457,0.669505][0.113095,0.894007,0][-0.752257,-0.0338634,-1.13826][-0.93163,-0.3634,-0.00253069][0.113095,0.878388,0][-0.752257,-0.0338634,-1.13826][-0.93163,-0.3634,-0.00253069][0.113095,0.878388,0][-0.684055,-0.124999,-1.14864][-0.676257,-0.736414,-0.0192605][0.100829,0.878388,0][-0.682103,-0.123502,-1.14206][-0.477719,-0.601352,0.640438][0.100829,0.894007,0][-0.684055,-0.124999,-1.14864][-0.676257,-0.736414,-0.0192605][0.100829,0.989566,0][-0.752257,-0.0338634,-1.13826][-0.93163,-0.3634,-0.00253069][0.113095,0.989566,0][-0.749235,-0.0331764,-1.14504][-0.671595,-0.288502,-0.682441][0.113095,0.975184,0][-0.749235,-0.0331764,-1.14504][-0.671595,-0.288502,-0.682441][0.113095,0.975184,0][-0.681904,-0.123502,-1.15504][-0.519132,-0.508759,-0.686779][0.100829,0.975184,0][-0.684055,-0.124999,-1.14864][-0.676257,-0.736414,-0.0192605][0.100829,0.989566,0][-0.754188,0.0809426,-1.1646][0.00765898,-0.16103,-0.98692][0.12712,0.959646,0][-0.717872,0.318371,-1.20578][0.0323953,-0.062711,-0.997506][0.156849,0.959646,0][-0.710314,0.314679,-1.20234][0.694126,-0.153232,-0.703355][0.156849,0.943747,0][-0.710314,0.314679,-1.20234][0.694126,-0.153232,-0.703355][0.156849,0.943747,0][-0.747715,0.0809536,-1.16162][0.709545,-0.140323,-0.690547][0.12712,0.943747,0][-0.754188,0.0809426,-1.1646][0.00765898,-0.16103,-0.98692][0.12712,0.959646,0][-0.747715,0.0809536,-1.16162][0.709545,-0.140323,-0.690547][0.12712,0.943747,0][-0.710314,0.314679,-1.20234][0.694126,-0.153232,-0.703355][0.156849,0.943747,0][-0.708184,0.310558,-1.19464][0.985677,-0.161086,0.0499216][0.156849,0.930687,0][-0.708184,0.310558,-1.19464][0.985677,-0.161086,0.0499216][0.156849,0.930687,0][-0.745185,0.0804915,-1.15489][0.999264,-0.0222385,0.0312688][0.12712,0.930687,0][-0.747715,0.0809536,-1.16162][0.709545,-0.140323,-0.690547][0.12712,0.943747,0][-0.745185,0.0804915,-1.15489][0.999264,-0.0222385,0.0312688][0.12712,0.930687,0][-0.708184,0.310558,-1.19464][0.985677,-0.161086,0.0499216][0.156849,0.930687,0][-0.71273,0.308423,-1.18719][0.640081,-0.0389539,0.767319][0.156849,0.920989,0][-0.71273,0.308423,-1.18719][0.640081,-0.0389539,0.767319][0.156849,0.920989,0][-0.748078,0.0798246,-1.14835][0.66115,0.113394,0.741635][0.12712,0.920989,0][-0.745185,0.0804915,-1.15489][0.999264,-0.0222385,0.0312688][0.12712,0.930687,0][-0.748078,0.0798246,-1.14835][0.66115,0.113394,0.741635][0.12712,0.920989,0][-0.71273,0.308423,-1.18719][0.640081,-0.0389539,0.767319][0.156849,0.920989,0][-0.721288,0.309529,-1.18436][-0.0248393,0.0971938,0.994955][0.156849,0.910061,0][-0.721288,0.309529,-1.18436][-0.0248393,0.0971938,0.994955][0.156849,0.910061,0][-0.754702,0.0793436,-1.14584][-0.0684867,0.162993,0.984247][0.12712,0.910061,0][-0.748078,0.0798246,-1.14835][0.66115,0.113394,0.741635][0.12712,0.920989,0][-0.721288,0.309529,-1.18436][-0.0248393,0.0971938,0.994955][0.156849,0.910061,0][-0.728846,0.313222,-1.18781][-0.708537,0.1813,0.681987][0.156849,0.894007,0][-0.761174,0.0793326,-1.14882][-0.739215,0.113333,0.663864][0.12712,0.894007,0][-0.761174,0.0793326,-1.14882][-0.739215,0.113333,0.663864][0.12712,0.894007,0][-0.754702,0.0793436,-1.14584][-0.0684867,0.162993,0.984247][0.12712,0.910061,0][-0.721288,0.309529,-1.18436][-0.0248393,0.0971938,0.994955][0.156849,0.910061,0][-0.728846,0.313222,-1.18781][-0.708537,0.1813,0.681987][0.156849,0.894007,0][-0.730976,0.317342,-1.1955][-0.982396,0.161275,-0.0942756][0.156849,0.878388,0][-0.763705,0.0797946,-1.15554][-0.999563,0.0132831,-0.026418][0.12712,0.878388,0][-0.763705,0.0797946,-1.15554][-0.999563,0.0132831,-0.026418][0.12712,0.878388,0][-0.761174,0.0793326,-1.14882][-0.739215,0.113333,0.663864][0.12712,0.894007,0][-0.728846,0.313222,-1.18781][-0.708537,0.1813,0.681987][0.156849,0.894007,0][-0.730976,0.317342,-1.1955][-0.982396,0.161275,-0.0942756][0.156849,0.989566,0][-0.72643,0.319474,-1.20295][-0.628729,0.0529042,-0.775823][0.156849,0.975184,0][-0.760811,0.0804605,-1.16208][-0.697534,-0.0928138,-0.710515][0.12712,0.975184,0][-0.760811,0.0804605,-1.16208][-0.697534,-0.0928138,-0.710515][0.12712,0.975184,0][-0.763705,0.0797946,-1.15554][-0.999563,0.0132831,-0.026418][0.12712,0.989566,0][-0.730976,0.317342,-1.1955][-0.982396,0.161275,-0.0942756][0.156849,0.989566,0][-0.754188,0.0809426,-1.1646][0.00765898,-0.16103,-0.98692][0.12712,0.959646,0][-0.760811,0.0804605,-1.16208][-0.697534,-0.0928138,-0.710515][0.12712,0.975184,0][-0.72643,0.319474,-1.20295][-0.628729,0.0529042,-0.775823][0.156849,0.975184,0][-0.72643,0.319474,-1.20295][-0.628729,0.0529042,-0.775823][0.156849,0.975184,0][-0.717872,0.318371,-1.20578][0.0323953,-0.062711,-0.997506][0.156849,0.959646,0][-0.754188,0.0809426,-1.1646][0.00765898,-0.16103,-0.98692][0.12712,0.959646,0][-0.717872,0.318371,-1.20578][0.0323953,-0.062711,-0.997506][0.156849,0.959646,0][-0.711969,0.375401,-1.20424][-0.0902607,0.481045,-0.872037][0.167129,0.950887,0][-0.704188,0.376796,-1.20106][0.560927,0.508843,-0.653024][0.167129,0.936844,0][-0.704188,0.376796,-1.20106][0.560927,0.508843,-0.653024][0.167129,0.936844,0][-0.710314,0.314679,-1.20234][0.694126,-0.153232,-0.703355][0.156849,0.943747,0][-0.717872,0.318371,-1.20578][0.0323953,-0.062711,-0.997506][0.156849,0.959646,0][-0.710314,0.314679,-1.20234][0.694126,-0.153232,-0.703355][0.156849,0.943747,0][-0.704188,0.376796,-1.20106][0.560927,0.508843,-0.653024][0.167129,0.936844,0][-0.700077,0.374487,-1.19396][0.956988,0.256323,-0.135917][0.167129,0.930687,0][-0.700077,0.374487,-1.19396][0.956988,0.256323,-0.135917][0.167129,0.930687,0][-0.708184,0.310558,-1.19464][0.985677,-0.161086,0.0499216][0.156849,0.930687,0][-0.710314,0.314679,-1.20234][0.694126,-0.153232,-0.703355][0.156849,0.943747,0][-0.708184,0.310558,-1.19464][0.985677,-0.161086,0.0499216][0.156849,0.930687,0][-0.700077,0.374487,-1.19396][0.956988,0.256323,-0.135917][0.167129,0.930687,0][-0.702044,0.369828,-1.18711][0.880931,-0.174086,0.440062][0.167129,0.924284,0][-0.702044,0.369828,-1.18711][0.880931,-0.174086,0.440062][0.167129,0.924284,0][-0.71273,0.308423,-1.18719][0.640081,-0.0389539,0.767319][0.156849,0.920989,0][-0.708184,0.310558,-1.19464][0.985677,-0.161086,0.0499216][0.156849,0.930687,0][-0.71273,0.308423,-1.18719][0.640081,-0.0389539,0.767319][0.156849,0.920989,0][-0.702044,0.369828,-1.18711][0.880931,-0.174086,0.440062][0.167129,0.924284,0][-0.708938,0.365545,-1.1845][0.243105,-0.460366,0.853794][0.167129,0.916764,0][-0.708938,0.365545,-1.1845][0.243105,-0.460366,0.853794][0.167129,0.916764,0][-0.721288,0.309529,-1.18436][-0.0248393,0.0971938,0.994955][0.156849,0.910061,0][-0.71273,0.308423,-1.18719][0.640081,-0.0389539,0.767319][0.156849,0.920989,0][-0.721288,0.309529,-1.18436][-0.0248393,0.0971938,0.994955][0.156849,0.910061,0][-0.708938,0.365545,-1.1845][0.243105,-0.460366,0.853794][0.167129,0.916764,0][-0.716719,0.364151,-1.18769][-0.649293,-0.389841,0.653026][0.167129,0.89704,0][-0.716719,0.364151,-1.18769][-0.649293,-0.389841,0.653026][0.167129,0.89704,0][-0.728846,0.313222,-1.18781][-0.708537,0.1813,0.681987][0.156849,0.894007,0][-0.721288,0.309529,-1.18436][-0.0248393,0.0971938,0.994955][0.156849,0.910061,0][-0.716719,0.364151,-1.18769][-0.649293,-0.389841,0.653026][0.167129,0.89704,0][-0.72083,0.366463,-1.19478][-0.99933,-0.0343329,-0.0126487][0.167129,0.883331,0][-0.730976,0.317342,-1.1955][-0.982396,0.161275,-0.0942756][0.156849,0.878388,0][-0.730976,0.317342,-1.1955][-0.982396,0.161275,-0.0942756][0.156849,0.878388,0][-0.728846,0.313222,-1.18781][-0.708537,0.1813,0.681987][0.156849,0.894007,0][-0.716719,0.364151,-1.18769][-0.649293,-0.389841,0.653026][0.167129,0.89704,0][-0.72083,0.366463,-1.19478][-0.99933,-0.0343329,-0.0126487][0.167129,0.977658,0][-0.718863,0.371122,-1.20164][-0.720778,0.267032,-0.639666][0.167129,0.960981,0][-0.72643,0.319474,-1.20295][-0.628729,0.0529042,-0.775823][0.156849,0.975184,0][-0.72643,0.319474,-1.20295][-0.628729,0.0529042,-0.775823][0.156849,0.975184,0][-0.730976,0.317342,-1.1955][-0.982396,0.161275,-0.0942756][0.156849,0.989566,0][-0.72083,0.366463,-1.19478][-0.99933,-0.0343329,-0.0126487][0.167129,0.977658,0][-0.718863,0.371122,-1.20164][-0.720778,0.267032,-0.639666][0.167129,0.960981,0][-0.711969,0.375401,-1.20424][-0.0902607,0.481045,-0.872037][0.167129,0.950887,0][-0.717872,0.318371,-1.20578][0.0323953,-0.062711,-0.997506][0.156849,0.959646,0][-0.717872,0.318371,-1.20578][0.0323953,-0.062711,-0.997506][0.156849,0.959646,0][-0.72643,0.319474,-1.20295][-0.628729,0.0529042,-0.775823][0.156849,0.975184,0][-0.718863,0.371122,-1.20164][-0.720778,0.267032,-0.639666][0.167129,0.960981,0][-0.728656,0.388329,-1.16812][-0.795601,0.250951,-0.551401][0.178559,0.975184,0][-0.905196,0.394888,-1.00202][-0.77609,0.0773895,-0.625856][0.197727,0.975184,0][-0.902574,0.401414,-0.999999][-0.514263,0.745098,-0.42469][0.197727,0.959646,0][-0.902574,0.401414,-0.999999][-0.514263,0.745098,-0.42469][0.197727,0.959646,0][-0.722997,0.392899,-1.1696][-0.299756,0.8488,-0.435529][0.178559,0.959646,0][-0.728656,0.388329,-1.16812][-0.795601,0.250951,-0.551401][0.178559,0.975184,0][-0.722997,0.392899,-1.1696][-0.299756,0.8488,-0.435529][0.178559,0.959646,0][-0.902574,0.401414,-0.999999][-0.514263,0.745098,-0.42469][0.197727,0.959646,0][-0.897135,0.403688,-0.99566][0.0420787,0.999,0.0151137][0.197727,0.943747,0][-0.897135,0.403688,-0.99566][0.0420787,0.999,0.0151137][0.197727,0.943747,0][-0.716075,0.394423,-1.16632][0.274752,0.949151,-0.153702][0.178559,0.943747,0][-0.722997,0.392899,-1.1696][-0.299756,0.8488,-0.435529][0.178559,0.959646,0][-0.897135,0.403688,-0.99566][0.0420787,0.999,0.0151137][0.197727,0.943747,0][-0.892066,0.400375,-0.991549][0.583433,0.671739,0.456479][0.197727,0.930687,0][-0.711944,0.392001,-1.16019][0.726934,0.635367,0.260531][0.178559,0.930687,0][-0.711944,0.392001,-1.16019][0.726934,0.635367,0.260531][0.178559,0.930687,0][-0.716075,0.394423,-1.16632][0.274752,0.949151,-0.153702][0.178559,0.943747,0][-0.897135,0.403688,-0.99566][0.0420787,0.999,0.0151137][0.197727,0.943747,0][-0.892066,0.400375,-0.991549][0.583433,0.671739,0.456479][0.197727,0.930687,0][-0.890336,0.393419,-0.990073][0.777187,-0.075569,0.624715][0.197727,0.920989,0][-0.713024,0.387055,-1.1548][0.790434,-0.0307545,0.611774][0.178559,0.920989,0][-0.713024,0.387055,-1.1548][0.790434,-0.0307545,0.611774][0.178559,0.920989,0][-0.711944,0.392001,-1.16019][0.726934,0.635367,0.260531][0.178559,0.930687,0][-0.892066,0.400375,-0.991549][0.583433,0.671739,0.456479][0.197727,0.930687,0][-0.890336,0.393419,-0.990073][0.777187,-0.075569,0.624715][0.197727,0.920989,0][-0.892958,0.386892,-0.992098][0.489588,-0.776087,0.397482][0.197727,0.910061,0][-0.718683,0.382485,-1.15332][0.402418,-0.75012,0.524766][0.178559,0.910061,0][-0.718683,0.382485,-1.15332][0.402418,-0.75012,0.524766][0.178559,0.910061,0][-0.713024,0.387055,-1.1548][0.790434,-0.0307545,0.611774][0.178559,0.920989,0][-0.890336,0.393419,-0.990073][0.777187,-0.075569,0.624715][0.197727,0.920989,0][-0.892958,0.386892,-0.992098][0.489588,-0.776087,0.397482][0.197727,0.910061,0][-0.898397,0.384619,-0.996436][-0.0891054,-0.993779,-0.0668135][0.197727,0.894007,0][-0.725605,0.380964,-1.15661][-0.160332,-0.972896,0.166633][0.178559,0.894007,0][-0.725605,0.380964,-1.15661][-0.160332,-0.972896,0.166633][0.178559,0.894007,0][-0.718683,0.382485,-1.15332][0.402418,-0.75012,0.524766][0.178559,0.910061,0][-0.892958,0.386892,-0.992098][0.489588,-0.776087,0.397482][0.197727,0.910061,0][-0.898397,0.384619,-0.996436][-0.0891054,-0.993779,-0.0668135][0.197727,0.894007,0][-0.903466,0.387932,-1.00055][-0.605614,-0.632025,-0.483504][0.197727,0.878388,0][-0.729736,0.383386,-1.16274][-0.697208,-0.665876,-0.265537][0.178559,0.878388,0][-0.729736,0.383386,-1.16274][-0.697208,-0.665876,-0.265537][0.178559,0.878388,0][-0.725605,0.380964,-1.15661][-0.160332,-0.972896,0.166633][0.178559,0.894007,0][-0.898397,0.384619,-0.996436][-0.0891054,-0.993779,-0.0668135][0.197727,0.894007,0][-0.729736,0.383386,-1.16274][-0.697208,-0.665876,-0.265537][0.178559,0.989566,0][-0.903466,0.387932,-1.00055][-0.605614,-0.632025,-0.483504][0.197727,0.989566,0][-0.905196,0.394888,-1.00202][-0.77609,0.0773895,-0.625856][0.197727,0.975184,0][-0.905196,0.394888,-1.00202][-0.77609,0.0773895,-0.625856][0.197727,0.975184,0][-0.728656,0.388329,-1.16812][-0.795601,0.250951,-0.551401][0.178559,0.975184,0][-0.729736,0.383386,-1.16274][-0.697208,-0.665876,-0.265537][0.178559,0.989566,0][-0.461792,-0.247246,-1.15441][0.00116785,-0.0778915,0.996961][0.070552,0.910061,0][-0.465018,-0.252394,-1.15716][-0.276971,-0.702186,0.655913][0.070552,0.894007,0][-0.188847,-0.329614,-1.15598][-0.175291,-0.751077,0.636519][0.035572,0.894007,0][-0.188847,-0.329614,-1.15598][-0.175291,-0.751077,0.636519][0.035572,0.894007,0][-0.187279,-0.323444,-1.15268][-0.0106396,-0.0503217,0.998676][0.035523,0.910061,0][-0.461792,-0.247246,-1.15441][0.00116785,-0.0778915,0.996961][0.070552,0.910061,0][-0.458738,-0.2418,-1.15675][0.276679,0.607803,0.744328][0.070552,0.920989,0][-0.461792,-0.247246,-1.15441][0.00116785,-0.0778915,0.996961][0.070552,0.910061,0][-0.187279,-0.323444,-1.15268][-0.0106396,-0.0503217,0.998676][0.035523,0.910061,0][-0.187279,-0.323444,-1.15268][-0.0106396,-0.0503217,0.998676][0.035523,0.910061,0][-0.185794,-0.316912,-1.15548][0.162441,0.68048,0.714535][0.035546,0.920989,0][-0.458738,-0.2418,-1.15675][0.276679,0.607803,0.744328][0.070552,0.920989,0][-0.457645,-0.23924,-1.16281][0.384755,0.922358,0.0349249][0.070552,0.930687,0][-0.458738,-0.2418,-1.15675][0.276679,0.607803,0.744328][0.070552,0.920989,0][-0.185794,-0.316912,-1.15548][0.162441,0.68048,0.714535][0.035546,0.920989,0][-0.185794,-0.316912,-1.15548][0.162441,0.68048,0.714535][0.035546,0.920989,0][-0.185262,-0.313845,-1.16275][0.232019,0.971285,0.0526607][0.035627,0.930687,0][-0.457645,-0.23924,-1.16281][0.384755,0.922358,0.0349249][0.070552,0.930687,0][-0.459153,-0.241072,-1.16904][0.259473,0.670206,-0.69534][0.070552,0.943747,0][-0.457645,-0.23924,-1.16281][0.384755,0.922358,0.0349249][0.070552,0.930687,0][-0.185262,-0.313845,-1.16275][0.232019,0.971285,0.0526607][0.035627,0.930687,0][-0.185262,-0.313845,-1.16275][0.232019,0.971285,0.0526607][0.035627,0.930687,0][-0.185996,-0.316039,-1.17022][0.177702,0.742655,-0.645667][0.035794,0.943747,0][-0.459153,-0.241072,-1.16904][0.259473,0.670206,-0.69534][0.070552,0.943747,0][-0.187564,-0.322209,-1.17352][0.00840929,0.0297219,-0.999523][0.035871,0.959646,0][-0.462379,-0.246217,-1.17179][-0.0231236,0.016912,-0.99959][0.070552,0.959646,0][-0.459153,-0.241072,-1.16904][0.259473,0.670206,-0.69534][0.070552,0.943747,0][-0.459153,-0.241072,-1.16904][0.259473,0.670206,-0.69534][0.070552,0.943747,0][-0.185996,-0.316039,-1.17022][0.177702,0.742655,-0.645667][0.035794,0.943747,0][-0.187564,-0.322209,-1.17352][0.00840929,0.0297219,-0.999523][0.035871,0.959646,0][-0.465433,-0.251665,-1.16946][-0.293711,-0.629169,-0.719638][0.070552,0.975184,0][-0.462379,-0.246217,-1.17179][-0.0231236,0.016912,-0.99959][0.070552,0.959646,0][-0.187564,-0.322209,-1.17352][0.00840929,0.0297219,-0.999523][0.035871,0.959646,0][-0.187564,-0.322209,-1.17352][0.00840929,0.0297219,-0.999523][0.035871,0.959646,0][-0.189049,-0.328741,-1.17072][-0.161346,-0.690164,-0.705437][0.035889,0.975184,0][-0.465433,-0.251665,-1.16946][-0.293711,-0.629169,-0.719638][0.070552,0.975184,0][-0.466526,-0.254223,-1.1634][-0.397391,-0.916511,-0.0456858][0.070552,0.989566,0][-0.465433,-0.251665,-1.16946][-0.293711,-0.629169,-0.719638][0.070552,0.975184,0][-0.189049,-0.328741,-1.17072][-0.161346,-0.690164,-0.705437][0.035889,0.975184,0][-0.189049,-0.328741,-1.17072][-0.161346,-0.690164,-0.705437][0.035889,0.975184,0][-0.189581,-0.331808,-1.16345][-0.227186,-0.972465,-0.0519455][0.035842,0.989566,0][-0.466526,-0.254223,-1.1634][-0.397391,-0.916511,-0.0456858][0.070552,0.989566,0][-0.465018,-0.252394,-1.15716][-0.276971,-0.702186,0.655913][0.070552,0.894007,0][-0.466526,-0.254223,-1.1634][-0.397391,-0.916511,-0.0456858][0.070552,0.878388,0][-0.189581,-0.331808,-1.16345][-0.227186,-0.972465,-0.0519455][0.03568,0.878388,0][-0.189581,-0.331808,-1.16345][-0.227186,-0.972465,-0.0519455][0.03568,0.878388,0][-0.188847,-0.329614,-1.15598][-0.175291,-0.751077,0.636519][0.035572,0.894007,0][-0.465018,-0.252394,-1.15716][-0.276971,-0.702186,0.655913][0.070552,0.894007,0][-0.187279,-0.323444,-1.15268][-0.0106396,-0.0503217,0.998676][0.035523,0.910061,0][-0.188847,-0.329614,-1.15598][-0.175291,-0.751077,0.636519][0.035572,0.894007,0][0,-0.365411,-1.15698][0,-0.793477,0.6086][0.011768,0.894007,0][0,-0.365411,-1.15698][0,-0.793477,0.6086][0.011768,0.894007,0][0,-0.360103,-1.15414][0,-0.0960785,0.995374][0.011752,0.910061,0][-0.187279,-0.323444,-1.15268][-0.0106396,-0.0503217,0.998676][0.035523,0.910061,0][-0.185794,-0.316912,-1.15548][0.162441,0.68048,0.714535][0.035546,0.920989,0][-0.187279,-0.323444,-1.15268][-0.0106396,-0.0503217,0.998676][0.035523,0.910061,0][0,-0.360103,-1.15414][0,-0.0960785,0.995374][0.011752,0.910061,0][0,-0.360103,-1.15414][0,-0.0960785,0.995374][0.011752,0.910061,0][0,-0.354486,-1.15655][0,0.68458,0.728938][0.011737,0.920989,0][-0.185794,-0.316912,-1.15548][0.162441,0.68048,0.714535][0.035546,0.920989,0][-0.185262,-0.313845,-1.16275][0.232019,0.971285,0.0526607][0.035627,0.930687,0][-0.185794,-0.316912,-1.15548][0.162441,0.68048,0.714535][0.035546,0.920989,0][0,-0.354486,-1.15655][0,0.68458,0.728938][0.011737,0.920989,0][0,-0.354486,-1.15655][0,0.68458,0.728938][0.011737,0.920989,0][0,-0.351846,-1.1628][0,0.99825,0.0591375][0.011722,0.930687,0][-0.185262,-0.313845,-1.16275][0.232019,0.971285,0.0526607][0.035627,0.930687,0][-0.185996,-0.316039,-1.17022][0.177702,0.742655,-0.645667][0.035794,0.943747,0][-0.185262,-0.313845,-1.16275][0.232019,0.971285,0.0526607][0.035627,0.930687,0][0,-0.351846,-1.1628][0,0.99825,0.0591375][0.011722,0.930687,0][0,-0.351846,-1.1628][0,0.99825,0.0591375][0.011722,0.930687,0][0,-0.353735,-1.16923][0,0.755445,-0.655212][0.011713,0.943747,0][-0.185996,-0.316039,-1.17022][0.177702,0.742655,-0.645667][0.035794,0.943747,0][-0.187564,-0.322209,-1.17352][0.00840929,0.0297219,-0.999523][0.035871,0.959646,0][-0.185996,-0.316039,-1.17022][0.177702,0.742655,-0.645667][0.035794,0.943747,0][0,-0.353735,-1.16923][0,0.755445,-0.655212][0.011713,0.943747,0][0,-0.353735,-1.16923][0,0.755445,-0.655212][0.011713,0.943747,0][0,-0.35904,-1.17207][0,-0.0103307,-0.999947][0.011724,0.959646,0][-0.187564,-0.322209,-1.17352][0.00840929,0.0297219,-0.999523][0.035871,0.959646,0][-0.189049,-0.328741,-1.17072][-0.161346,-0.690164,-0.705437][0.035889,0.975184,0][-0.187564,-0.322209,-1.17352][0.00840929,0.0297219,-0.999523][0.035871,0.959646,0][0,-0.35904,-1.17207][0,-0.0103307,-0.999947][0.011724,0.959646,0][0,-0.35904,-1.17207][0,-0.0103307,-0.999947][0.011724,0.959646,0][0,-0.36466,-1.16965][0,-0.73064,-0.682763][0.011744,0.975184,0][-0.189049,-0.328741,-1.17072][-0.161346,-0.690164,-0.705437][0.035889,0.975184,0][-0.189581,-0.331808,-1.16345][-0.227186,-0.972465,-0.0519455][0.035842,0.989566,0][-0.189049,-0.328741,-1.17072][-0.161346,-0.690164,-0.705437][0.035889,0.975184,0][0,-0.36466,-1.16965][0,-0.73064,-0.682763][0.011744,0.975184,0][0,-0.36466,-1.16965][0,-0.73064,-0.682763][0.011744,0.975184,0][0,-0.367297,-1.1634][0,-0.998512,-0.0545279][0.011761,0.989566,0][-0.189581,-0.331808,-1.16345][-0.227186,-0.972465,-0.0519455][0.035842,0.989566,0][-0.188847,-0.329614,-1.15598][-0.175291,-0.751077,0.636519][0.035572,0.894007,0][-0.189581,-0.331808,-1.16345][-0.227186,-0.972465,-0.0519455][0.03568,0.878388,0][0,-0.367297,-1.1634][0,-0.998512,-0.0545279][0.011758,0.878388,0][0,-0.367297,-1.1634][0,-0.998512,-0.0545279][0.011758,0.878388,0][0,-0.365411,-1.15698][0,-0.793477,0.6086][0.011768,0.894007,0][-0.188847,-0.329614,-1.15598][-0.175291,-0.751077,0.636519][0.035572,0.894007,0][1.07162,0.381021,-0.703724][0.106737,-0.993127,-0.0480224][0.238378,0.894007,0][1.14089,0.381975,-0.379974][0.105263,-0.994391,-0.0103391][0.276581,0.894007,0][1.13397,0.384258,-0.379974][-0.635242,-0.769443,0.0665225][0.276581,0.910061,0][1.13397,0.384258,-0.379974][-0.635242,-0.769443,0.0665225][0.276581,0.910061,0][1.06431,0.383529,-0.701276][-0.583925,-0.779939,0.225224][0.238378,0.910061,0][1.07162,0.381021,-0.703724][0.106737,-0.993127,-0.0480224][0.238378,0.894007,0][1.06431,0.383529,-0.701276][-0.583925,-0.779939,0.225224][0.238378,0.910061,0][1.13397,0.384258,-0.379974][-0.635242,-0.769443,0.0665225][0.276581,0.910061,0][1.13067,0.390832,-0.379974][-0.991364,-0.0783232,0.105184][0.276581,0.920989,0][1.13067,0.390832,-0.379974][-0.991364,-0.0783232,0.105184][0.276581,0.920989,0][1.06083,0.390755,-0.700085][-0.927432,-0.082186,0.364851][0.238378,0.920989,0][1.06431,0.383529,-0.701276][-0.583925,-0.779939,0.225224][0.238378,0.910061,0][1.06083,0.390755,-0.700085][-0.927432,-0.082186,0.364851][0.238378,0.920989,0][1.13067,0.390832,-0.379974][-0.991364,-0.0783232,0.105184][0.276581,0.920989,0][1.13293,0.397843,-0.379974][-0.747561,0.659501,0.0788012][0.276581,0.930687,0][1.13293,0.397843,-0.379974][-0.747561,0.659501,0.0788012][0.276581,0.930687,0][1.06322,0.398461,-0.700851][-0.691129,0.66883,0.273874][0.238378,0.930687,0][1.06083,0.390755,-0.700085][-0.927432,-0.082186,0.364851][0.238378,0.920989,0][1.06322,0.398461,-0.700851][-0.691129,0.66883,0.273874][0.238378,0.930687,0][1.13293,0.397843,-0.379974][-0.747561,0.659501,0.0788012][0.276581,0.930687,0][1.13943,0.401182,-0.379974][-0.0503269,0.998719,0.00533358][0.276581,0.943747,0][1.13943,0.401182,-0.379974][-0.0503269,0.998719,0.00533358][0.276581,0.943747,0][1.07008,0.402136,-0.703125][-0.0354037,0.999247,0.0158946][0.238378,0.943747,0][1.06322,0.398461,-0.700851][-0.691129,0.66883,0.273874][0.238378,0.930687,0][1.07008,0.402136,-0.703125][-0.0354037,0.999247,0.0158946][0.238378,0.943747,0][1.13943,0.401182,-0.379974][-0.0503269,0.998719,0.00533358][0.276581,0.943747,0][1.14635,0.398896,-0.379974][0.66667,0.742556,-0.0645167][0.276581,0.959646,0][1.14635,0.398896,-0.379974][0.66667,0.742556,-0.0645167][0.276581,0.959646,0][1.07739,0.399628,-0.705574][0.626907,0.740421,-0.242413][0.238378,0.959646,0][1.07008,0.402136,-0.703125][-0.0354037,0.999247,0.0158946][0.238378,0.943747,0][1.07739,0.399628,-0.705574][0.626907,0.740421,-0.242413][0.238378,0.959646,0][1.14635,0.398896,-0.379974][0.66667,0.742556,-0.0645167][0.276581,0.959646,0][1.14964,0.392325,-0.379974][0.992814,0.0742688,-0.0938355][0.276581,0.975184,0][1.14964,0.392325,-0.379974][0.992814,0.0742688,-0.0938355][0.276581,0.975184,0][1.08087,0.392402,-0.706764][0.929758,0.0741791,-0.36062][0.238378,0.975184,0][1.07739,0.399628,-0.705574][0.626907,0.740421,-0.242413][0.238378,0.959646,0][1.08087,0.392402,-0.706764][0.929758,0.0741791,-0.36062][0.238378,0.975184,0][1.14964,0.392325,-0.379974][0.992814,0.0742688,-0.0938355][0.276581,0.975184,0][1.14738,0.385317,-0.379974][0.770682,-0.632922,-0.0738863][0.276581,0.989566,0][1.14738,0.385317,-0.379974][0.770682,-0.632922,-0.0738863][0.276581,0.989566,0][1.07848,0.384696,-0.705998][0.721609,-0.631252,-0.284254][0.238378,0.989566,0][1.08087,0.392402,-0.706764][0.929758,0.0741791,-0.36062][0.238378,0.975184,0][1.07848,0.384696,-0.705998][0.721609,-0.631252,-0.284254][0.238378,0.878388,0][1.14738,0.385317,-0.379974][0.770682,-0.632922,-0.0738863][0.276581,0.878388,0][1.14089,0.381975,-0.379974][0.105263,-0.994391,-0.0103391][0.276581,0.894007,0][1.14089,0.381975,-0.379974][0.105263,-0.994391,-0.0103391][0.276581,0.894007,0][1.07162,0.381021,-0.703724][0.106737,-0.993127,-0.0480224][0.238378,0.894007,0][1.07848,0.384696,-0.705998][0.721609,-0.631252,-0.284254][0.238378,0.878388,0][-1.06431,0.383529,-0.701276][0.583961,-0.779948,0.225102][0.238378,0.910061,0][-1.13397,0.384258,-0.379974][0.635226,-0.769443,0.0666663][0.276581,0.910061,0][-1.14089,0.381975,-0.379974][-0.105338,-0.994382,-0.0103791][0.276581,0.894007,0][-1.14089,0.381975,-0.379974][-0.105338,-0.994382,-0.0103791][0.276581,0.894007,0][-1.07162,0.381021,-0.703724][-0.10681,-0.993119,-0.0480239][0.238378,0.894007,0][-1.06431,0.383529,-0.701276][0.583961,-0.779948,0.225102][0.238378,0.910061,0][-1.06083,0.390755,-0.700085][0.927447,-0.0821126,0.364829][0.238378,0.920989,0][-1.13067,0.390832,-0.379974][0.991367,-0.0782366,0.105213][0.276581,0.920989,0][-1.13397,0.384258,-0.379974][0.635226,-0.769443,0.0666663][0.276581,0.910061,0][-1.13397,0.384258,-0.379974][0.635226,-0.769443,0.0666663][0.276581,0.910061,0][-1.06431,0.383529,-0.701276][0.583961,-0.779948,0.225102][0.238378,0.910061,0][-1.06083,0.390755,-0.700085][0.927447,-0.0821126,0.364829][0.238378,0.920989,0][-1.06322,0.398461,-0.700851][0.69108,0.668836,0.273985][0.238378,0.930687,0][-1.13293,0.397843,-0.379974][0.74756,0.65952,0.0786614][0.276581,0.930687,0][-1.13067,0.390832,-0.379974][0.991367,-0.0782366,0.105213][0.276581,0.920989,0][-1.13067,0.390832,-0.379974][0.991367,-0.0782366,0.105213][0.276581,0.920989,0][-1.06083,0.390755,-0.700085][0.927447,-0.0821126,0.364829][0.238378,0.920989,0][-1.06322,0.398461,-0.700851][0.69108,0.668836,0.273985][0.238378,0.930687,0][-1.07008,0.402136,-0.703125][0.0354675,0.999244,0.015921][0.238378,0.943747,0][-1.13942,0.401182,-0.379974][0.0504047,0.998715,0.005344][0.276581,0.943747,0][-1.13293,0.397843,-0.379974][0.74756,0.65952,0.0786614][0.276581,0.930687,0][-1.13293,0.397843,-0.379974][0.74756,0.65952,0.0786614][0.276581,0.930687,0][-1.06322,0.398461,-0.700851][0.69108,0.668836,0.273985][0.238378,0.930687,0][-1.07008,0.402136,-0.703125][0.0354675,0.999244,0.015921][0.238378,0.943747,0][-1.07739,0.399628,-0.705574][-0.626861,0.740426,-0.242518][0.238378,0.959646,0][-1.14635,0.398896,-0.379974][-0.66667,0.742567,-0.0643892][0.276581,0.959646,0][-1.13942,0.401182,-0.379974][0.0504047,0.998715,0.005344][0.276581,0.943747,0][-1.13942,0.401182,-0.379974][0.0504047,0.998715,0.005344][0.276581,0.943747,0][-1.07008,0.402136,-0.703125][0.0354675,0.999244,0.015921][0.238378,0.943747,0][-1.07739,0.399628,-0.705574][-0.626861,0.740426,-0.242518][0.238378,0.959646,0][-1.08087,0.392402,-0.706764][-0.929756,0.0741138,-0.360639][0.238378,0.975184,0][-1.14964,0.392325,-0.379974][-0.992821,0.0742018,-0.0938162][0.276581,0.975184,0][-1.14635,0.398896,-0.379974][-0.66667,0.742567,-0.0643892][0.276581,0.959646,0][-1.14635,0.398896,-0.379974][-0.66667,0.742567,-0.0643892][0.276581,0.959646,0][-1.07739,0.399628,-0.705574][-0.626861,0.740426,-0.242518][0.238378,0.959646,0][-1.08087,0.392402,-0.706764][-0.929756,0.0741138,-0.360639][0.238378,0.975184,0][-1.07848,0.384696,-0.705998][-0.721639,-0.631263,-0.284155][0.238378,0.989566,0][-1.14738,0.385317,-0.379974][-0.770668,-0.632925,-0.0739988][0.276581,0.989566,0][-1.14964,0.392325,-0.379974][-0.992821,0.0742018,-0.0938162][0.276581,0.975184,0][-1.14964,0.392325,-0.379974][-0.992821,0.0742018,-0.0938162][0.276581,0.975184,0][-1.08087,0.392402,-0.706764][-0.929756,0.0741138,-0.360639][0.238378,0.975184,0][-1.07848,0.384696,-0.705998][-0.721639,-0.631263,-0.284155][0.238378,0.989566,0][-1.07162,0.381021,-0.703724][-0.10681,-0.993119,-0.0480239][0.238378,0.894007,0][-1.14089,0.381975,-0.379974][-0.105338,-0.994382,-0.0103791][0.276581,0.894007,0][-1.14738,0.385317,-0.379974][-0.770668,-0.632925,-0.0739988][0.276581,0.878388,0][-1.14738,0.385317,-0.379974][-0.770668,-0.632925,-0.0739988][0.276581,0.878388,0][-1.07848,0.384696,-0.705998][-0.721639,-0.631263,-0.284155][0.238378,0.878388,0][-1.07162,0.381021,-0.703724][-0.10681,-0.993119,-0.0480239][0.238378,0.894007,0][0.235632,0.375738,0.869382][0.0243692,-0.993228,0.113594][0.465288,0.894007,0][0,0.377022,0.88504][0,-0.995616,0.0935365][0.493597,0.894007,0][0,0.379709,0.876823][0,-0.767081,-0.64155][0.493597,0.910061,0][0,0.379709,0.876823][0,-0.767081,-0.64155][0.493597,0.910061,0][0.23354,0.378732,0.860453][-0.144682,-0.779532,-0.609423][0.465288,0.910061,0][0.235632,0.375738,0.869382][0.0243692,-0.993228,0.113594][0.465288,0.894007,0][0.578892,0.376169,0.727138][0.068369,-0.992701,0.0993491][0.419697,0.894007,0][0.235632,0.375738,0.869382][0.0243692,-0.993228,0.113594][0.465288,0.894007,0][0.23354,0.378732,0.860453][-0.144682,-0.779532,-0.609423][0.465288,0.910061,0][0.23354,0.378732,0.860453][-0.144682,-0.779532,-0.609423][0.465288,0.910061,0][0.574083,0.379059,0.719699][-0.335435,-0.781821,-0.525584][0.419697,0.910061,0][0.578892,0.376169,0.727138][0.068369,-0.992701,0.0993491][0.419697,0.894007,0][0.81704,0.378065,0.502874][0.0899869,-0.993594,0.0683577][0.397448,0.894007,0][0.578892,0.376169,0.727138][0.068369,-0.992701,0.0993491][0.419697,0.894007,0][0.574083,0.379059,0.719699][-0.335435,-0.781821,-0.525584][0.419697,0.910061,0][0.574083,0.379059,0.719699][-0.335435,-0.781821,-0.525584][0.419697,0.910061,0][0.811167,0.380504,0.498251][-0.492616,-0.77783,-0.390269][0.397448,0.910061,0][0.81704,0.378065,0.502874][0.0899869,-0.993594,0.0683577][0.397448,0.894007,0][0.992589,0.377378,0.194889][0.105914,-0.993638,0.038295][0.354127,0.894007,0][0.81704,0.378065,0.502874][0.0899869,-0.993594,0.0683577][0.397448,0.894007,0][0.811167,0.380504,0.498251][-0.492616,-0.77783,-0.390269][0.397448,0.910061,0][0.811167,0.380504,0.498251][-0.492616,-0.77783,-0.390269][0.397448,0.910061,0][0.985155,0.37998,0.192005][-0.585174,-0.777653,-0.229841][0.354127,0.910061,0][0.992589,0.377378,0.194889][0.105914,-0.993638,0.038295][0.354127,0.894007,0][1.07382,0.380007,-0.16568][0.0976567,-0.995139,0.0126969][0.30887,0.894007,0][0.992589,0.377378,0.194889][0.105914,-0.993638,0.038295][0.354127,0.894007,0][0.985155,0.37998,0.192005][-0.585174,-0.777653,-0.229841][0.354127,0.910061,0][0.985155,0.37998,0.192005][-0.585174,-0.777653,-0.229841][0.354127,0.910061,0][1.06777,0.381984,-0.166019][-0.632605,-0.7695,-0.0876355][0.30887,0.910061,0][1.07382,0.380007,-0.16568][0.0976567,-0.995139,0.0126969][0.30887,0.894007,0][1.08377,0.379376,-0.379974][0.108477,-0.994066,-0.00804763][0.282226,0.894007,0][1.07382,0.380007,-0.16568][0.0976567,-0.995139,0.0126969][0.30887,0.894007,0][1.06777,0.381984,-0.166019][-0.632605,-0.7695,-0.0876355][0.30887,0.910061,0][1.06777,0.381984,-0.166019][-0.632605,-0.7695,-0.0876355][0.30887,0.910061,0][1.07733,0.381499,-0.379974][-0.633743,-0.771738,0.0528166][0.282226,0.910061,0][1.08377,0.379376,-0.379974][0.108477,-0.994066,-0.00804763][0.282226,0.894007,0][0.847988,0.381737,-1.00731][0.0890888,-0.993781,-0.0668003][0.197727,0.894007,0][1.01149,0.378341,-0.731017][0.107784,-0.993023,-0.0478367][0.238378,0.894007,0][1.00459,0.380708,-0.728706][-0.5842,-0.780462,0.222687][0.238378,0.910061,0][1.00459,0.380708,-0.728706][-0.5842,-0.780462,0.222687][0.238378,0.910061,0][0.842855,0.383883,-1.00321][-0.489607,-0.776073,0.397488][0.197727,0.910061,0][0.847988,0.381737,-1.00731][0.0890888,-0.993781,-0.0668003][0.197727,0.894007,0][0.66916,0.363734,-1.18482][-0.243142,-0.460377,0.853777][0.167129,0.916764,0][0.676505,0.362418,-1.18782][0.649276,-0.389863,0.653029][0.167129,0.89704,0][0.684892,0.378287,-1.15849][0.160365,-0.972898,0.166593][0.178559,0.894007,0][0.684892,0.378287,-1.15849][0.160365,-0.972898,0.166593][0.178559,0.894007,0][0.678358,0.379722,-1.15539][-0.402439,-0.750111,0.524763][0.178559,0.910061,0][0.66916,0.363734,-1.18482][-0.243142,-0.460377,0.853777][0.167129,0.916764,0][0.707845,-0.0120744,-1.1346][0.700379,-0.247442,0.669508][0.113095,0.894007,0][0.718466,0.0935796,-1.15114][0.73925,0.11333,0.663827][0.12712,0.894007,0][0.712356,0.0935895,-1.14833][0.0684527,0.162996,0.984249][0.12712,0.910061,0][0.712356,0.0935895,-1.14833][0.0684527,0.162996,0.984249][0.12712,0.910061,0][0.701876,-0.00973737,-1.1317][0.0970303,-0.00446842,0.995271][0.113095,0.910061,0][0.707845,-0.0120744,-1.1346][0.700379,-0.247442,0.669508][0.113095,0.894007,0][0.438926,-0.219534,-1.15901][0.287845,-0.694896,0.658988][0.070552,0.894007,0][0.643831,-0.0978744,-1.14476][0.477757,-0.601379,0.640384][0.100829,0.894007,0][0.639196,-0.0944604,-1.14202][-0.000915075,-0.134014,0.990979][0.100829,0.910061,0][0.639196,-0.0944604,-1.14202][-0.000915075,-0.134014,0.990979][0.100829,0.910061,0][0.435881,-0.214674,-1.15642][-0.000972644,-0.0729284,0.997337][0.070552,0.910061,0][0.438926,-0.219534,-1.15901][0.287845,-0.694896,0.658988][0.070552,0.894007,0][0.23354,0.378732,0.860453][-0.144682,-0.779532,-0.609423][0.465288,0.910061,0][0,0.379709,0.876823][0,-0.767081,-0.64155][0.493597,0.910061,0][0,0.387432,0.872911][0,-0.078233,-0.996935][0.493597,0.920989,0][0,0.387432,0.872911][0,-0.078233,-0.996935][0.493597,0.920989,0][0.232543,0.387332,0.856199][-0.228914,-0.0803806,-0.970122][0.465288,0.920989,0][0.23354,0.378732,0.860453][-0.144682,-0.779532,-0.609423][0.465288,0.910061,0][0.574083,0.379059,0.719699][-0.335435,-0.781821,-0.525584][0.419697,0.910061,0][0.23354,0.378732,0.860453][-0.144682,-0.779532,-0.609423][0.465288,0.910061,0][0.232543,0.387332,0.856199][-0.228914,-0.0803806,-0.970122][0.465288,0.920989,0][0.232543,0.387332,0.856199][-0.228914,-0.0803806,-0.970122][0.465288,0.920989,0][0.571793,0.387366,0.716155][-0.538075,-0.0808152,-0.839014][0.419697,0.920989,0][0.574083,0.379059,0.719699][-0.335435,-0.781821,-0.525584][0.419697,0.910061,0][0.811167,0.380504,0.498251][-0.492616,-0.77783,-0.390269][0.397448,0.910061,0][0.574083,0.379059,0.719699][-0.335435,-0.781821,-0.525584][0.419697,0.910061,0][0.571793,0.387366,0.716155][-0.538075,-0.0808152,-0.839014][0.419697,0.920989,0][0.571793,0.387366,0.716155][-0.538075,-0.0808152,-0.839014][0.419697,0.920989,0][0.808369,0.387513,0.496049][-0.782036,-0.0801464,-0.618059][0.397448,0.920989,0][0.811167,0.380504,0.498251][-0.492616,-0.77783,-0.390269][0.397448,0.910061,0][0.985155,0.37998,0.192005][-0.585174,-0.777653,-0.229841][0.354127,0.910061,0][0.811167,0.380504,0.498251][-0.492616,-0.77783,-0.390269][0.397448,0.910061,0][0.808369,0.387513,0.496049][-0.782036,-0.0801464,-0.618059][0.397448,0.920989,0][0.808369,0.387513,0.496049][-0.782036,-0.0801464,-0.618059][0.397448,0.920989,0][0.981613,0.387459,0.190631][-0.92834,-0.0801576,-0.362988][0.354127,0.920989,0][0.985155,0.37998,0.192005][-0.585174,-0.777653,-0.229841][0.354127,0.910061,0][1.06777,0.381984,-0.166019][-0.632605,-0.7695,-0.0876355][0.30887,0.910061,0][0.985155,0.37998,0.192005][-0.585174,-0.777653,-0.229841][0.354127,0.910061,0][0.981613,0.387459,0.190631][-0.92834,-0.0801576,-0.362988][0.354127,0.920989,0][0.981613,0.387459,0.190631][-0.92834,-0.0801576,-0.362988][0.354127,0.920989,0][1.06489,0.387663,-0.166181][-0.987367,-0.0787541,-0.137494][0.30887,0.920989,0][1.06777,0.381984,-0.166019][-0.632605,-0.7695,-0.0876355][0.30887,0.910061,0][1.07733,0.381499,-0.379974][-0.633743,-0.771738,0.0528166][0.282226,0.910061,0][1.06777,0.381984,-0.166019][-0.632605,-0.7695,-0.0876355][0.30887,0.910061,0][1.06489,0.387663,-0.166181][-0.987367,-0.0787541,-0.137494][0.30887,0.920989,0][1.06489,0.387663,-0.166181][-0.987367,-0.0787541,-0.137494][0.30887,0.920989,0][1.07426,0.387612,-0.379974][-0.993367,-0.0788304,0.0837065][0.282226,0.920989,0][1.07733,0.381499,-0.379974][-0.633743,-0.771738,0.0528166][0.282226,0.910061,0][0.842855,0.383883,-1.00321][-0.489607,-0.776073,0.397488][0.197727,0.910061,0][1.00459,0.380708,-0.728706][-0.5842,-0.780462,0.222687][0.238378,0.910061,0][1.00131,0.387528,-0.727582][-0.928905,-0.0822309,0.361074][0.238378,0.920989,0][1.00131,0.387528,-0.727582][-0.928905,-0.0822309,0.361074][0.238378,0.920989,0][0.84038,0.390043,-1.0013][-0.777184,-0.0755746,0.624719][0.197727,0.920989,0][0.842855,0.383883,-1.00321][-0.489607,-0.776073,0.397488][0.197727,0.910061,0][0.66916,0.363734,-1.18482][-0.243142,-0.460377,0.853777][0.167129,0.916764,0][0.678358,0.379722,-1.15539][-0.402439,-0.750111,0.524763][0.178559,0.910061,0][0.673017,0.384036,-1.15679][-0.790438,-0.0307355,0.61177][0.178559,0.920989,0][0.673017,0.384036,-1.15679][-0.790438,-0.0307355,0.61177][0.178559,0.920989,0][0.662653,0.367776,-1.18728][-0.880909,-0.174112,0.440095][0.167129,0.924284,0][0.66916,0.363734,-1.18482][-0.243142,-0.460377,0.853777][0.167129,0.916764,0][0.695637,-0.00762641,-1.13417][-0.580799,0.249278,0.77494][0.113095,0.920989,0][0.701876,-0.00973737,-1.1317][0.0970303,-0.00446842,0.995271][0.113095,0.910061,0][0.712356,0.0935895,-1.14833][0.0684527,0.162996,0.984249][0.12712,0.910061,0][0.712356,0.0935895,-1.14833][0.0684527,0.162996,0.984249][0.12712,0.910061,0][0.706104,0.0940446,-1.1507][-0.661135,0.113392,0.741649][0.12712,0.920989,0][0.695637,-0.00762641,-1.13417][-0.580799,0.249278,0.77494][0.113095,0.920989,0][0.435881,-0.214674,-1.15642][-0.000972644,-0.0729284,0.997337][0.070552,0.910061,0][0.639196,-0.0944604,-1.14202][-0.000915075,-0.134014,0.990979][0.100829,0.910061,0][0.634483,-0.0910494,-1.14436][-0.499517,0.463025,0.732182][0.100829,0.920989,0][0.634483,-0.0910494,-1.14436][-0.499517,0.463025,0.732182][0.100829,0.920989,0][0.432999,-0.209535,-1.15862][-0.288123,0.604933,0.742322][0.070552,0.920989,0][0.435881,-0.214674,-1.15642][-0.000972644,-0.0729284,0.997337][0.070552,0.910061,0][0.232543,0.387332,0.856199][-0.228914,-0.0803806,-0.970122][0.465288,0.920989,0][0,0.387432,0.872911][0,-0.078233,-0.996935][0.493597,0.920989,0][0,0.395668,0.875592][0,0.657906,-0.7531][0.493597,0.930687,0][0,0.395668,0.875592][0,0.657906,-0.7531][0.493597,0.930687,0][0.233226,0.396505,0.859115][-0.17094,0.670742,-0.721723][0.465288,0.930687,0][0.232543,0.387332,0.856199][-0.228914,-0.0803806,-0.970122][0.465288,0.920989,0][0.571793,0.387366,0.716155][-0.538075,-0.0808152,-0.839014][0.419697,0.920989,0][0.232543,0.387332,0.856199][-0.228914,-0.0803806,-0.970122][0.465288,0.920989,0][0.233226,0.396505,0.859115][-0.17094,0.670742,-0.721723][0.465288,0.930687,0][0.233226,0.396505,0.859115][-0.17094,0.670742,-0.721723][0.465288,0.930687,0][0.573362,0.396225,0.718583][-0.398483,0.673052,-0.623067][0.419697,0.930687,0][0.571793,0.387366,0.716155][-0.538075,-0.0808152,-0.839014][0.419697,0.920989,0][0.808369,0.387513,0.496049][-0.782036,-0.0801464,-0.618059][0.397448,0.920989,0][0.571793,0.387366,0.716155][-0.538075,-0.0808152,-0.839014][0.419697,0.920989,0][0.573362,0.396225,0.718583][-0.398483,0.673052,-0.623067][0.419697,0.930687,0][0.573362,0.396225,0.718583][-0.398483,0.673052,-0.623067][0.419697,0.930687,0][0.810286,0.394988,0.497558][-0.582849,0.668947,-0.461299][0.397448,0.930687,0][0.808369,0.387513,0.496049][-0.782036,-0.0801464,-0.618059][0.397448,0.920989,0][0.981613,0.387459,0.190631][-0.92834,-0.0801576,-0.362988][0.354127,0.920989,0][0.808369,0.387513,0.496049][-0.782036,-0.0801464,-0.618059][0.397448,0.920989,0][0.810286,0.394988,0.497558][-0.582849,0.668947,-0.461299][0.397448,0.930687,0][0.810286,0.394988,0.497558][-0.582849,0.668947,-0.461299][0.397448,0.930687,0][0.984039,0.395436,0.191573][-0.692208,0.668722,-0.271404][0.354127,0.930687,0][0.981613,0.387459,0.190631][-0.92834,-0.0801576,-0.362988][0.354127,0.920989,0][1.06489,0.387663,-0.166181][-0.987367,-0.0787541,-0.137494][0.30887,0.920989,0][0.981613,0.387459,0.190631][-0.92834,-0.0801576,-0.362988][0.354127,0.920989,0][0.984039,0.395436,0.191573][-0.692208,0.668722,-0.271404][0.354127,0.930687,0][0.984039,0.395436,0.191573][-0.692208,0.668722,-0.271404][0.354127,0.930687,0][1.06686,0.39372,-0.16607][-0.743838,0.660337,-0.103246][0.30887,0.930687,0][1.06489,0.387663,-0.166181][-0.987367,-0.0787541,-0.137494][0.30887,0.920989,0][1.07426,0.387612,-0.379974][-0.993367,-0.0788304,0.0837065][0.282226,0.920989,0][1.06489,0.387663,-0.166181][-0.987367,-0.0787541,-0.137494][0.30887,0.920989,0][1.06686,0.39372,-0.16607][-0.743838,0.660337,-0.103246][0.30887,0.930687,0][1.06686,0.39372,-0.16607][-0.743838,0.660337,-0.103246][0.30887,0.930687,0][1.07636,0.394132,-0.379974][-0.746981,0.661889,0.0626338][0.282226,0.930687,0][1.07426,0.387612,-0.379974][-0.993367,-0.0788304,0.0837065][0.282226,0.920989,0][0.84038,0.390043,-1.0013][-0.777184,-0.0755746,0.624719][0.197727,0.920989,0][1.00131,0.387528,-0.727582][-0.928905,-0.0822309,0.361074][0.238378,0.920989,0][1.00357,0.394802,-0.728305][-0.691738,0.669388,0.270958][0.238378,0.930687,0][1.00357,0.394802,-0.728305][-0.691738,0.669388,0.270958][0.238378,0.930687,0][0.842013,0.396608,-1.00269][-0.583458,0.671703,0.4565][0.197727,0.930687,0][0.84038,0.390043,-1.0013][-0.777184,-0.0755746,0.624719][0.197727,0.920989,0][0.662653,0.367776,-1.18728][-0.880909,-0.174112,0.440095][0.167129,0.924284,0][0.673017,0.384036,-1.15679][-0.790438,-0.0307355,0.61177][0.178559,0.920989,0][0.671997,0.388704,-1.16187][-0.726968,0.63532,0.260551][0.178559,0.930687,0][0.671997,0.388704,-1.16187][-0.726968,0.63532,0.260551][0.178559,0.930687,0][0.660796,0.372173,-1.19375][-0.956977,0.25634,-0.135957][0.167129,0.930687,0][0.662653,0.367776,-1.18728][-0.880909,-0.174112,0.440095][0.167129,0.924284,0][0.692785,-0.00697541,-1.14057][-0.929504,0.362597,0.0674228][0.113095,0.930687,0][0.695637,-0.00762641,-1.13417][-0.580799,0.249278,0.77494][0.113095,0.920989,0][0.706104,0.0940446,-1.1507][-0.661135,0.113392,0.741649][0.12712,0.920989,0][0.706104,0.0940446,-1.1507][-0.661135,0.113392,0.741649][0.12712,0.920989,0][0.703373,0.0946736,-1.15687][-0.999265,-0.0222358,0.0312365][0.12712,0.930687,0][0.692785,-0.00697541,-1.14057][-0.929504,0.362597,0.0674228][0.113095,0.930687,0][0.432999,-0.209535,-1.15862][-0.288123,0.604933,0.742322][0.070552,0.920989,0][0.634483,-0.0910494,-1.14436][-0.499517,0.463025,0.732182][0.100829,0.920989,0][0.632452,-0.0896354,-1.1504][-0.663792,0.747829,0.0115251][0.100829,0.930687,0][0.632452,-0.0896354,-1.1504][-0.663792,0.747829,0.0115251][0.100829,0.930687,0][0.431967,-0.207118,-1.16434][-0.401385,0.915284,0.0338504][0.070552,0.930687,0][0.432999,-0.209535,-1.15862][-0.288123,0.604933,0.742322][0.070552,0.920989,0][0.233226,0.396505,0.859115][-0.17094,0.670742,-0.721723][0.465288,0.930687,0][0,0.395668,0.875592][0,0.657906,-0.7531][0.493597,0.930687,0][0,0.39959,0.883298][0,0.998136,-0.0610271][0.493597,0.943747,0][0,0.39959,0.883298][0,0.998136,-0.0610271][0.493597,0.943747,0][0.235188,0.400873,0.86749][-0.010639,0.999291,-0.0361155][0.465288,0.943747,0][0.233226,0.396505,0.859115][-0.17094,0.670742,-0.721723][0.465288,0.930687,0][0.573362,0.396225,0.718583][-0.398483,0.673052,-0.623067][0.419697,0.930687,0][0.233226,0.396505,0.859115][-0.17094,0.670742,-0.721723][0.465288,0.930687,0][0.235188,0.400873,0.86749][-0.010639,0.999291,-0.0361155][0.465288,0.943747,0][0.235188,0.400873,0.86749][-0.010639,0.999291,-0.0361155][0.465288,0.943747,0][0.577873,0.400443,0.725561][-0.0149548,0.999448,-0.0296607][0.419697,0.943747,0][0.573362,0.396225,0.718583][-0.398483,0.673052,-0.623067][0.419697,0.930687,0][0.810286,0.394988,0.497558][-0.582849,0.668947,-0.461299][0.397448,0.930687,0][0.573362,0.396225,0.718583][-0.398483,0.673052,-0.623067][0.419697,0.930687,0][0.577873,0.400443,0.725561][-0.0149548,0.999448,-0.0296607][0.419697,0.943747,0][0.577873,0.400443,0.725561][-0.0149548,0.999448,-0.0296607][0.419697,0.943747,0][0.815794,0.398547,0.501894][-0.0308331,0.999167,-0.0267262][0.397448,0.943747,0][0.810286,0.394988,0.497558][-0.582849,0.668947,-0.461299][0.397448,0.930687,0][0.984039,0.395436,0.191573][-0.692208,0.668722,-0.271404][0.354127,0.930687,0][0.810286,0.394988,0.497558][-0.582849,0.668947,-0.461299][0.397448,0.930687,0][0.815794,0.398547,0.501894][-0.0308331,0.999167,-0.0267262][0.397448,0.943747,0][0.815794,0.398547,0.501894][-0.0308331,0.999167,-0.0267262][0.397448,0.943747,0][0.991013,0.399234,0.194278][-0.0375054,0.999145,-0.0173746][0.354127,0.943747,0][0.984039,0.395436,0.191573][-0.692208,0.668722,-0.271404][0.354127,0.930687,0][1.06686,0.39372,-0.16607][-0.743838,0.660337,-0.103246][0.30887,0.930687,0][0.984039,0.395436,0.191573][-0.692208,0.668722,-0.271404][0.354127,0.930687,0][0.991013,0.399234,0.194278][-0.0375054,0.999145,-0.0173746][0.354127,0.943747,0][0.991013,0.399234,0.194278][-0.0375054,0.999145,-0.0173746][0.354127,0.943747,0][1.07254,0.396604,-0.165752][-0.0553541,0.998435,-0.00800539][0.30887,0.943747,0][1.06686,0.39372,-0.16607][-0.743838,0.660337,-0.103246][0.30887,0.930687,0][1.07636,0.394132,-0.379974][-0.746981,0.661889,0.0626338][0.282226,0.930687,0][1.06686,0.39372,-0.16607][-0.743838,0.660337,-0.103246][0.30887,0.930687,0][1.07254,0.396604,-0.165752][-0.0553541,0.998435,-0.00800539][0.30887,0.943747,0][1.07254,0.396604,-0.165752][-0.0553541,0.998435,-0.00800539][0.30887,0.943747,0][1.08241,0.397237,-0.379974][-0.0469807,0.998887,0.0042937][0.282226,0.943747,0][1.07636,0.394132,-0.379974][-0.746981,0.661889,0.0626338][0.282226,0.930687,0][0.842013,0.396608,-1.00269][-0.583458,0.671703,0.4565][0.197727,0.930687,0][1.00357,0.394802,-0.728305][-0.691738,0.669388,0.270958][0.238378,0.930687,0][1.01004,0.398271,-0.730451][-0.0345217,0.999284,0.015496][0.238378,0.943747,0][1.01004,0.398271,-0.730451][-0.0345217,0.999284,0.015496][0.238378,0.943747,0][0.846798,0.399736,-1.00657][-0.0421323,0.998997,0.0151623][0.197727,0.943747,0][0.842013,0.396608,-1.00269][-0.583458,0.671703,0.4565][0.197727,0.930687,0][0.660796,0.372173,-1.19375][-0.956977,0.25634,-0.135957][0.167129,0.930687,0][0.671997,0.388704,-1.16187][-0.726968,0.63532,0.260551][0.178559,0.930687,0][0.675897,0.390991,-1.16766][-0.27479,0.949146,-0.153667][0.178559,0.943747,0][0.675897,0.390991,-1.16766][-0.27479,0.949146,-0.153667][0.178559,0.943747,0][0.664677,0.374352,-1.20045][-0.56096,0.50881,-0.653021][0.167129,0.936844,0][0.660796,0.372173,-1.19375][-0.956977,0.25634,-0.135957][0.167129,0.930687,0][0.694989,-0.00816941,-1.14714][-0.671279,0.238473,-0.701794][0.113095,0.943747,0][0.692785,-0.00697541,-1.14057][-0.929504,0.362597,0.0674228][0.113095,0.930687,0][0.703373,0.0946736,-1.15687][-0.999265,-0.0222358,0.0312365][0.12712,0.930687,0][0.703373,0.0946736,-1.15687][-0.999265,-0.0222358,0.0312365][0.12712,0.930687,0][0.705762,0.0951107,-1.16322][-0.709482,-0.140339,-0.690608][0.12712,0.943747,0][0.694989,-0.00816941,-1.14714][-0.671279,0.238473,-0.701794][0.113095,0.943747,0][0.431967,-0.207118,-1.16434][-0.401385,0.915284,0.0338504][0.070552,0.930687,0][0.632452,-0.0896354,-1.1504][-0.663792,0.747829,0.0115251][0.100829,0.930687,0][0.634295,-0.0910494,-1.1566][-0.439823,0.574049,-0.69067][0.100829,0.943747,0][0.634295,-0.0910494,-1.1566][-0.439823,0.574049,-0.69067][0.100829,0.943747,0][0.433391,-0.208847,-1.17022][-0.271598,0.666244,-0.694517][0.070552,0.943747,0][0.431967,-0.207118,-1.16434][-0.401385,0.915284,0.0338504][0.070552,0.930687,0][0.235188,0.400873,0.86749][-0.010639,0.999291,-0.0361155][0.465288,0.943747,0][0,0.39959,0.883298][0,0.998136,-0.0610271][0.493597,0.943747,0][0,0.396902,0.891515][0,0.751054,0.660241][0.493597,0.959646,0][0,0.396902,0.891515][0,0.751054,0.660241][0.493597,0.959646,0][0.23728,0.39788,0.876422][0.151196,0.740429,0.654908][0.465288,0.959646,0][0.235188,0.400873,0.86749][-0.010639,0.999291,-0.0361155][0.465288,0.943747,0][0.577873,0.400443,0.725561][-0.0149548,0.999448,-0.0296607][0.419697,0.943747,0][0.235188,0.400873,0.86749][-0.010639,0.999291,-0.0361155][0.465288,0.943747,0][0.23728,0.39788,0.876422][0.151196,0.740429,0.654908][0.465288,0.959646,0][0.23728,0.39788,0.876422][0.151196,0.740429,0.654908][0.465288,0.959646,0][0.582682,0.397552,0.733][0.368932,0.738393,0.564505][0.419697,0.959646,0][0.577873,0.400443,0.725561][-0.0149548,0.999448,-0.0296607][0.419697,0.943747,0][0.815794,0.398547,0.501894][-0.0308331,0.999167,-0.0267262][0.397448,0.943747,0][0.577873,0.400443,0.725561][-0.0149548,0.999448,-0.0296607][0.419697,0.943747,0][0.582682,0.397552,0.733][0.368932,0.738393,0.564505][0.419697,0.959646,0][0.582682,0.397552,0.733][0.368932,0.738393,0.564505][0.419697,0.959646,0][0.821667,0.396107,0.506517][0.527901,0.74198,0.413264][0.397448,0.959646,0][0.815794,0.398547,0.501894][-0.0308331,0.999167,-0.0267262][0.397448,0.943747,0][0.991013,0.399234,0.194278][-0.0375054,0.999145,-0.0173746][0.354127,0.943747,0][0.815794,0.398547,0.501894][-0.0308331,0.999167,-0.0267262][0.397448,0.943747,0][0.821667,0.396107,0.506517][0.527901,0.74198,0.413264][0.397448,0.959646,0][0.821667,0.396107,0.506517][0.527901,0.74198,0.413264][0.397448,0.959646,0][0.998451,0.396631,0.197163][0.625775,0.742159,0.240011][0.354127,0.959646,0][0.991013,0.399234,0.194278][-0.0375054,0.999145,-0.0173746][0.354127,0.943747,0][1.07254,0.396604,-0.165752][-0.0553541,0.998435,-0.00800539][0.30887,0.943747,0][0.991013,0.399234,0.194278][-0.0375054,0.999145,-0.0173746][0.354127,0.943747,0][0.998451,0.396631,0.197163][0.625775,0.742159,0.240011][0.354127,0.959646,0][0.998451,0.396631,0.197163][0.625775,0.742159,0.240011][0.354127,0.959646,0][1.07858,0.394628,-0.165412][0.657488,0.748418,0.0870635][0.30887,0.959646,0][1.07254,0.396604,-0.165752][-0.0553541,0.998435,-0.00800539][0.30887,0.943747,0][1.08241,0.397237,-0.379974][-0.0469807,0.998887,0.0042937][0.282226,0.943747,0][1.07254,0.396604,-0.165752][-0.0553541,0.998435,-0.00800539][0.30887,0.943747,0][1.07858,0.394628,-0.165412][0.657488,0.748418,0.0870635][0.30887,0.959646,0][1.07858,0.394628,-0.165412][0.657488,0.748418,0.0870635][0.30887,0.959646,0][1.08885,0.39511,-0.379974][0.669042,0.741508,-0.0504908][0.282226,0.959646,0][1.08241,0.397237,-0.379974][-0.0469807,0.998887,0.0042937][0.282226,0.943747,0][0.846798,0.399736,-1.00657][-0.0421323,0.998997,0.0151623][0.197727,0.943747,0][1.01004,0.398271,-0.730451][-0.0345217,0.999284,0.015496][0.238378,0.943747,0][1.01694,0.395903,-0.732763][0.628269,0.739995,-0.24018][0.238378,0.959646,0][1.01694,0.395903,-0.732763][0.628269,0.739995,-0.24018][0.238378,0.959646,0][0.851931,0.39759,-1.01067][0.514277,0.745079,-0.424707][0.197727,0.959646,0][0.846798,0.399736,-1.00657][-0.0421323,0.998997,0.0151623][0.197727,0.943747,0][0.664677,0.374352,-1.20045][-0.56096,0.50881,-0.653021][0.167129,0.936844,0][0.675897,0.390991,-1.16766][-0.27479,0.949146,-0.153667][0.178559,0.943747,0][0.682431,0.389553,-1.17076][0.299774,0.848789,-0.435537][0.178559,0.959646,0][0.682431,0.389553,-1.17076][0.299774,0.848789,-0.435537][0.178559,0.959646,0][0.672021,0.373037,-1.20345][0.09018,0.481103,-0.872013][0.167129,0.950887,0][0.664677,0.374352,-1.20045][-0.56096,0.50881,-0.653021][0.167129,0.936844,0][0.694989,-0.00816941,-1.14714][-0.671279,0.238473,-0.701794][0.113095,0.943747,0][0.705762,0.0951107,-1.16322][-0.709482,-0.140339,-0.690608][0.12712,0.943747,0][0.711871,0.0950996,-1.16603][-0.00771534,-0.161028,-0.98692][0.12712,0.959646,0][0.711871,0.0950996,-1.16603][-0.00771534,-0.161028,-0.98692][0.12712,0.959646,0][0.700958,-0.0105034,-1.15004][0.0210422,-0.0421642,-0.998889][0.113095,0.959646,0][0.694989,-0.00816941,-1.14714][-0.671279,0.238473,-0.701794][0.113095,0.943747,0][0.436435,-0.213704,-1.17282][0.0220807,0.0210225,-0.999535][0.070552,0.959646,0][0.433391,-0.208847,-1.17022][-0.271598,0.666244,-0.694517][0.070552,0.943747,0][0.634295,-0.0910494,-1.1566][-0.439823,0.574049,-0.69067][0.100829,0.943747,0][0.634295,-0.0910494,-1.1566][-0.439823,0.574049,-0.69067][0.100829,0.943747,0][0.63893,-0.0944633,-1.15934][0.0529044,0.0352639,-0.997977][0.100829,0.959646,0][0.436435,-0.213704,-1.17282][0.0220807,0.0210225,-0.999535][0.070552,0.959646,0][0.23728,0.39788,0.876422][0.151196,0.740429,0.654908][0.465288,0.959646,0][0,0.396902,0.891515][0,0.751054,0.660241][0.493597,0.959646,0][0,0.38918,0.89543][0,0.0757326,0.997128][0.493597,0.975184,0][0,0.38918,0.89543][0,0.0757326,0.997128][0.493597,0.975184,0][0.238276,0.389279,0.880674][0.225363,0.0742527,0.971441][0.465288,0.975184,0][0.23728,0.39788,0.876422][0.151196,0.740429,0.654908][0.465288,0.959646,0][0.582682,0.397552,0.733][0.368932,0.738393,0.564505][0.419697,0.959646,0][0.23728,0.39788,0.876422][0.151196,0.740429,0.654908][0.465288,0.959646,0][0.238276,0.389279,0.880674][0.225363,0.0742527,0.971441][0.465288,0.975184,0][0.238276,0.389279,0.880674][0.225363,0.0742527,0.971441][0.465288,0.975184,0][0.584972,0.389246,0.736544][0.544094,0.0740239,0.835752][0.419697,0.975184,0][0.582682,0.397552,0.733][0.368932,0.738393,0.564505][0.419697,0.959646,0][0.821667,0.396107,0.506517][0.527901,0.74198,0.413264][0.397448,0.959646,0][0.582682,0.397552,0.733][0.368932,0.738393,0.564505][0.419697,0.959646,0][0.584972,0.389246,0.736544][0.544094,0.0740239,0.835752][0.419697,0.975184,0][0.584972,0.389246,0.736544][0.544094,0.0740239,0.835752][0.419697,0.975184,0][0.824465,0.389099,0.508719][0.784647,0.0745827,0.61544][0.397448,0.975184,0][0.821667,0.396107,0.506517][0.527901,0.74198,0.413264][0.397448,0.959646,0][0.998451,0.396631,0.197163][0.625775,0.742159,0.240011][0.354127,0.959646,0][0.821667,0.396107,0.506517][0.527901,0.74198,0.413264][0.397448,0.959646,0][0.824465,0.389099,0.508719][0.784647,0.0745827,0.61544][0.397448,0.975184,0][0.824465,0.389099,0.508719][0.784647,0.0745827,0.61544][0.397448,0.975184,0][1.00199,0.389152,0.198536][0.930631,0.074455,0.358304][0.354127,0.975184,0][0.998451,0.396631,0.197163][0.625775,0.742159,0.240011][0.354127,0.959646,0][1.07858,0.394628,-0.165412][0.657488,0.748418,0.0870635][0.30887,0.959646,0][0.998451,0.396631,0.197163][0.625775,0.742159,0.240011][0.354127,0.959646,0][1.00199,0.389152,0.198536][0.930631,0.074455,0.358304][0.354127,0.975184,0][1.00199,0.389152,0.198536][0.930631,0.074455,0.358304][0.354127,0.975184,0][1.08146,0.388949,-0.165251][0.98869,0.0753348,0.129682][0.30887,0.975184,0][1.07858,0.394628,-0.165412][0.657488,0.748418,0.0870635][0.30887,0.959646,0][1.08885,0.39511,-0.379974][0.669042,0.741508,-0.0504908][0.282226,0.959646,0][1.07858,0.394628,-0.165412][0.657488,0.748418,0.0870635][0.30887,0.959646,0][1.08146,0.388949,-0.165251][0.98869,0.0753348,0.129682][0.30887,0.975184,0][1.08146,0.388949,-0.165251][0.98869,0.0753348,0.129682][0.30887,0.975184,0][1.09192,0.389,-0.379974][0.994555,0.0741618,-0.0732139][0.282226,0.975184,0][1.08885,0.39511,-0.379974][0.669042,0.741508,-0.0504908][0.282226,0.959646,0][0.851931,0.39759,-1.01067][0.514277,0.745079,-0.424707][0.197727,0.959646,0][1.01694,0.395903,-0.732763][0.628269,0.739995,-0.24018][0.238378,0.959646,0][1.02022,0.389084,-0.733886][0.931081,0.0741617,-0.357195][0.238378,0.975184,0][1.02022,0.389084,-0.733886][0.931081,0.0741617,-0.357195][0.238378,0.975184,0][0.854406,0.391429,-1.01258][0.776096,0.0773331,-0.625855][0.197727,0.975184,0][0.851931,0.39759,-1.01067][0.514277,0.745079,-0.424707][0.197727,0.959646,0][0.678528,0.368997,-1.201][0.720741,0.267008,-0.639718][0.167129,0.960981,0][0.672021,0.373037,-1.20345][0.09018,0.481103,-0.872013][0.167129,0.950887,0][0.682431,0.389553,-1.17076][0.299774,0.848789,-0.435537][0.178559,0.959646,0][0.682431,0.389553,-1.17076][0.299774,0.848789,-0.435537][0.178559,0.959646,0][0.687772,0.385238,-1.16936][0.795655,0.250807,-0.551389][0.178559,0.975184,0][0.678528,0.368997,-1.201][0.720741,0.267008,-0.639718][0.167129,0.960981,0][0.700958,-0.0105034,-1.15004][0.0210422,-0.0421642,-0.998889][0.113095,0.959646,0][0.711871,0.0950996,-1.16603][-0.00771534,-0.161028,-0.98692][0.12712,0.959646,0][0.718123,0.0946445,-1.16365][0.697518,-0.092811,-0.710531][0.12712,0.975184,0][0.718123,0.0946445,-1.16365][0.697518,-0.092811,-0.710531][0.12712,0.975184,0][0.707196,-0.0126164,-1.14757][0.671623,-0.288504,-0.682414][0.113095,0.975184,0][0.700958,-0.0105034,-1.15004][0.0210422,-0.0421642,-0.998889][0.113095,0.959646,0][0.439318,-0.218846,-1.17062][0.303457,-0.622426,-0.721457][0.070552,0.975184,0][0.436435,-0.213704,-1.17282][0.0220807,0.0210225,-0.999535][0.070552,0.959646,0][0.63893,-0.0944633,-1.15934][0.0529044,0.0352639,-0.997977][0.100829,0.959646,0][0.63893,-0.0944633,-1.15934][0.0529044,0.0352639,-0.997977][0.100829,0.959646,0][0.643643,-0.0978744,-1.15701][0.519139,-0.508767,-0.686769][0.100829,0.975184,0][0.439318,-0.218846,-1.17062][0.303457,-0.622426,-0.721457][0.070552,0.975184,0][0.238276,0.389279,0.880674][0.225363,0.0742527,0.971441][0.465288,0.975184,0][0,0.38918,0.89543][0,0.0757326,0.997128][0.493597,0.975184,0][0,0.380944,0.892746][0,-0.641946,0.76675][0.493597,0.989566,0][0,0.380944,0.892746][0,-0.641946,0.76675][0.493597,0.989566,0][0.237593,0.380106,0.87776][0.174666,-0.631603,0.75536][0.465288,0.989566,0][0.238276,0.389279,0.880674][0.225363,0.0742527,0.971441][0.465288,0.975184,0][0.584972,0.389246,0.736544][0.544094,0.0740239,0.835752][0.419697,0.975184,0][0.238276,0.389279,0.880674][0.225363,0.0742527,0.971441][0.465288,0.975184,0][0.237593,0.380106,0.87776][0.174666,-0.631603,0.75536][0.465288,0.989566,0][0.237593,0.380106,0.87776][0.174666,-0.631603,0.75536][0.465288,0.989566,0][0.583403,0.380387,0.734115][0.424531,-0.629614,0.650661][0.419697,0.989566,0][0.584972,0.389246,0.736544][0.544094,0.0740239,0.835752][0.419697,0.975184,0][0.824465,0.389099,0.508719][0.784647,0.0745827,0.61544][0.397448,0.975184,0][0.584972,0.389246,0.736544][0.544094,0.0740239,0.835752][0.419697,0.975184,0][0.583403,0.380387,0.734115][0.424531,-0.629614,0.650661][0.419697,0.989566,0][0.583403,0.380387,0.734115][0.424531,-0.629614,0.650661][0.419697,0.989566,0][0.822548,0.381624,0.50721][0.609367,-0.633087,0.477361][0.397448,0.989566,0][0.824465,0.389099,0.508719][0.784647,0.0745827,0.61544][0.397448,0.975184,0][1.00199,0.389152,0.198536][0.930631,0.074455,0.358304][0.354127,0.975184,0][0.824465,0.389099,0.508719][0.784647,0.0745827,0.61544][0.397448,0.975184,0][0.822548,0.381624,0.50721][0.609367,-0.633087,0.477361][0.397448,0.989566,0][0.822548,0.381624,0.50721][0.609367,-0.633087,0.477361][0.397448,0.989566,0][0.999564,0.381176,0.197595][0.7224,-0.633344,0.277514][0.354127,0.989566,0][1.00199,0.389152,0.198536][0.930631,0.074455,0.358304][0.354127,0.975184,0][1.08146,0.388949,-0.165251][0.98869,0.0753348,0.129682][0.30887,0.975184,0][1.00199,0.389152,0.198536][0.930631,0.074455,0.358304][0.354127,0.975184,0][0.999564,0.381176,0.197595][0.7224,-0.633344,0.277514][0.354127,0.989566,0][0.999564,0.381176,0.197595][0.7224,-0.633344,0.277514][0.354127,0.989566,0][1.07949,0.382891,-0.165362][0.762311,-0.639348,0.100582][0.30887,0.989566,0][1.08146,0.388949,-0.165251][0.98869,0.0753348,0.129682][0.30887,0.975184,0][1.09192,0.389,-0.379974][0.994555,0.0741618,-0.0732139][0.282226,0.975184,0][1.08146,0.388949,-0.165251][0.98869,0.0753348,0.129682][0.30887,0.975184,0][1.07949,0.382891,-0.165362][0.762311,-0.639348,0.100582][0.30887,0.989566,0][1.07949,0.382891,-0.165362][0.762311,-0.639348,0.100582][0.30887,0.989566,0][1.08981,0.382483,-0.379974][0.772779,-0.632043,-0.0577444][0.282226,0.989566,0][1.09192,0.389,-0.379974][0.994555,0.0741618,-0.0732139][0.282226,0.975184,0][0.854406,0.391429,-1.01258][0.776096,0.0773331,-0.625855][0.197727,0.975184,0][1.02022,0.389084,-0.733886][0.931081,0.0741617,-0.357195][0.238378,0.975184,0][1.01796,0.38181,-0.733163][0.722991,-0.630852,-0.281621][0.238378,0.989566,0][1.01796,0.38181,-0.733163][0.722991,-0.630852,-0.281621][0.238378,0.989566,0][0.852773,0.384864,-1.01119][0.605614,-0.632026,-0.483502][0.197727,0.989566,0][0.854406,0.391429,-1.01258][0.776096,0.0773331,-0.625855][0.197727,0.975184,0][0.687772,0.385238,-1.16936][0.795655,0.250807,-0.551389][0.178559,0.975184,0][0.688791,0.380573,-1.16428][0.697188,-0.665908,-0.265511][0.178559,0.989566,0][0.680385,0.3646,-1.19452][0.99933,-0.0343251,-0.0126791][0.167129,0.977658,0][0.680385,0.3646,-1.19452][0.99933,-0.0343251,-0.0126791][0.167129,0.977658,0][0.678528,0.368997,-1.201][0.720741,0.267008,-0.639718][0.167129,0.960981,0][0.687772,0.385238,-1.16936][0.795655,0.250807,-0.551389][0.178559,0.975184,0][0.707196,-0.0126164,-1.14757][0.671623,-0.288504,-0.682414][0.113095,0.975184,0][0.718123,0.0946445,-1.16365][0.697518,-0.092811,-0.710531][0.12712,0.975184,0][0.720854,0.0940156,-1.15748][0.999562,0.0132735,-0.0264556][0.12712,0.989566,0][0.720854,0.0940156,-1.15748][0.999562,0.0132735,-0.0264556][0.12712,0.989566,0][0.710048,-0.0132654,-1.14117][0.931621,-0.363422,-0.00254475][0.113095,0.989566,0][0.707196,-0.0126164,-1.14757][0.671623,-0.288504,-0.682414][0.113095,0.975184,0][0.643643,-0.0978744,-1.15701][0.519139,-0.508767,-0.686769][0.100829,0.975184,0][0.645673,-0.0992874,-1.15097][0.676254,-0.736417,-0.0192708][0.100829,0.989566,0][0.440349,-0.22126,-1.1649][0.411788,-0.910165,-0.0450571][0.070552,0.989566,0][0.440349,-0.22126,-1.1649][0.411788,-0.910165,-0.0450571][0.070552,0.989566,0][0.439318,-0.218846,-1.17062][0.303457,-0.622426,-0.721457][0.070552,0.975184,0][0.643643,-0.0978744,-1.15701][0.519139,-0.508767,-0.686769][0.100829,0.975184,0][0.237593,0.380106,0.87776][0.174666,-0.631603,0.75536][0.465288,0.878388,0][0,0.380944,0.892746][0,-0.641946,0.76675][0.493597,0.878388,0][0,0.377022,0.88504][0,-0.995616,0.0935365][0.493597,0.894007,0][0,0.377022,0.88504][0,-0.995616,0.0935365][0.493597,0.894007,0][0.235632,0.375738,0.869382][0.0243692,-0.993228,0.113594][0.465288,0.894007,0][0.237593,0.380106,0.87776][0.174666,-0.631603,0.75536][0.465288,0.878388,0][0.583403,0.380387,0.734115][0.424531,-0.629614,0.650661][0.419697,0.878388,0][0.237593,0.380106,0.87776][0.174666,-0.631603,0.75536][0.465288,0.878388,0][0.235632,0.375738,0.869382][0.0243692,-0.993228,0.113594][0.465288,0.894007,0][0.235632,0.375738,0.869382][0.0243692,-0.993228,0.113594][0.465288,0.894007,0][0.578892,0.376169,0.727138][0.068369,-0.992701,0.0993491][0.419697,0.894007,0][0.583403,0.380387,0.734115][0.424531,-0.629614,0.650661][0.419697,0.878388,0][0.822548,0.381624,0.50721][0.609367,-0.633087,0.477361][0.397448,0.878388,0][0.583403,0.380387,0.734115][0.424531,-0.629614,0.650661][0.419697,0.878388,0][0.578892,0.376169,0.727138][0.068369,-0.992701,0.0993491][0.419697,0.894007,0][0.578892,0.376169,0.727138][0.068369,-0.992701,0.0993491][0.419697,0.894007,0][0.81704,0.378065,0.502874][0.0899869,-0.993594,0.0683577][0.397448,0.894007,0][0.822548,0.381624,0.50721][0.609367,-0.633087,0.477361][0.397448,0.878388,0][0.999564,0.381176,0.197595][0.7224,-0.633344,0.277514][0.354127,0.878388,0][0.822548,0.381624,0.50721][0.609367,-0.633087,0.477361][0.397448,0.878388,0][0.81704,0.378065,0.502874][0.0899869,-0.993594,0.0683577][0.397448,0.894007,0][0.81704,0.378065,0.502874][0.0899869,-0.993594,0.0683577][0.397448,0.894007,0][0.992589,0.377378,0.194889][0.105914,-0.993638,0.038295][0.354127,0.894007,0][0.999564,0.381176,0.197595][0.7224,-0.633344,0.277514][0.354127,0.878388,0][1.07949,0.382891,-0.165362][0.762311,-0.639348,0.100582][0.30887,0.878388,0][0.999564,0.381176,0.197595][0.7224,-0.633344,0.277514][0.354127,0.878388,0][0.992589,0.377378,0.194889][0.105914,-0.993638,0.038295][0.354127,0.894007,0][0.992589,0.377378,0.194889][0.105914,-0.993638,0.038295][0.354127,0.894007,0][1.07382,0.380007,-0.16568][0.0976567,-0.995139,0.0126969][0.30887,0.894007,0][1.07949,0.382891,-0.165362][0.762311,-0.639348,0.100582][0.30887,0.878388,0][1.08981,0.382483,-0.379974][0.772779,-0.632043,-0.0577444][0.282226,0.878388,0][1.07949,0.382891,-0.165362][0.762311,-0.639348,0.100582][0.30887,0.878388,0][1.07382,0.380007,-0.16568][0.0976567,-0.995139,0.0126969][0.30887,0.894007,0][1.07382,0.380007,-0.16568][0.0976567,-0.995139,0.0126969][0.30887,0.894007,0][1.08377,0.379376,-0.379974][0.108477,-0.994066,-0.00804763][0.282226,0.894007,0][1.08981,0.382483,-0.379974][0.772779,-0.632043,-0.0577444][0.282226,0.878388,0][0.852773,0.384864,-1.01119][0.605614,-0.632026,-0.483502][0.197727,0.878388,0][1.01796,0.38181,-0.733163][0.722991,-0.630852,-0.281621][0.238378,0.878388,0][1.01149,0.378341,-0.731017][0.107784,-0.993023,-0.0478367][0.238378,0.894007,0][1.01149,0.378341,-0.731017][0.107784,-0.993023,-0.0478367][0.238378,0.894007,0][0.847988,0.381737,-1.00731][0.0890888,-0.993781,-0.0668003][0.197727,0.894007,0][0.852773,0.384864,-1.01119][0.605614,-0.632026,-0.483502][0.197727,0.878388,0][0.676505,0.362418,-1.18782][0.649276,-0.389863,0.653029][0.167129,0.89704,0][0.680385,0.3646,-1.19452][0.99933,-0.0343251,-0.0126791][0.167129,0.883331,0][0.688791,0.380573,-1.16428][0.697188,-0.665908,-0.265511][0.178559,0.878388,0][0.688791,0.380573,-1.16428][0.697188,-0.665908,-0.265511][0.178559,0.878388,0][0.684892,0.378287,-1.15849][0.160365,-0.972898,0.166593][0.178559,0.894007,0][0.676505,0.362418,-1.18782][0.649276,-0.389863,0.653029][0.167129,0.89704,0][0.710048,-0.0132654,-1.14117][0.931621,-0.363422,-0.00254475][0.113095,0.878388,0][0.720854,0.0940156,-1.15748][0.999562,0.0132735,-0.0264556][0.12712,0.878388,0][0.718466,0.0935796,-1.15114][0.73925,0.11333,0.663827][0.12712,0.894007,0][0.718466,0.0935796,-1.15114][0.73925,0.11333,0.663827][0.12712,0.894007,0][0.707845,-0.0120744,-1.1346][0.700379,-0.247442,0.669508][0.113095,0.894007,0][0.710048,-0.0132654,-1.14117][0.931621,-0.363422,-0.00254475][0.113095,0.878388,0][0.440349,-0.22126,-1.1649][0.411788,-0.910165,-0.0450571][0.070552,0.878388,0][0.645673,-0.0992874,-1.15097][0.676254,-0.736417,-0.0192708][0.100829,0.878388,0][0.643831,-0.0978744,-1.14476][0.477757,-0.601379,0.640384][0.100829,0.894007,0][0.643831,-0.0978744,-1.14476][0.477757,-0.601379,0.640384][0.100829,0.894007,0][0.438926,-0.219534,-1.15901][0.287845,-0.694896,0.658988][0.070552,0.894007,0][0.440349,-0.22126,-1.1649][0.411788,-0.910165,-0.0450571][0.070552,0.878388,0][0.643643,-0.0978744,-1.15701][0.519139,-0.508767,-0.686769][0.100829,0.975184,0][0.63893,-0.0944633,-1.15934][0.0529044,0.0352639,-0.997977][0.100829,0.959646,0][0.700958,-0.0105034,-1.15004][0.0210422,-0.0421642,-0.998889][0.113095,0.959646,0][0.700958,-0.0105034,-1.15004][0.0210422,-0.0421642,-0.998889][0.113095,0.959646,0][0.707196,-0.0126164,-1.14757][0.671623,-0.288504,-0.682414][0.113095,0.975184,0][0.643643,-0.0978744,-1.15701][0.519139,-0.508767,-0.686769][0.100829,0.975184,0][0.63893,-0.0944633,-1.15934][0.0529044,0.0352639,-0.997977][0.100829,0.959646,0][0.634295,-0.0910494,-1.1566][-0.439823,0.574049,-0.69067][0.100829,0.943747,0][0.694989,-0.00816941,-1.14714][-0.671279,0.238473,-0.701794][0.113095,0.943747,0][0.694989,-0.00816941,-1.14714][-0.671279,0.238473,-0.701794][0.113095,0.943747,0][0.700958,-0.0105034,-1.15004][0.0210422,-0.0421642,-0.998889][0.113095,0.959646,0][0.63893,-0.0944633,-1.15934][0.0529044,0.0352639,-0.997977][0.100829,0.959646,0][0.632452,-0.0896354,-1.1504][-0.663792,0.747829,0.0115251][0.100829,0.930687,0][0.692785,-0.00697541,-1.14057][-0.929504,0.362597,0.0674228][0.113095,0.930687,0][0.694989,-0.00816941,-1.14714][-0.671279,0.238473,-0.701794][0.113095,0.943747,0][0.694989,-0.00816941,-1.14714][-0.671279,0.238473,-0.701794][0.113095,0.943747,0][0.634295,-0.0910494,-1.1566][-0.439823,0.574049,-0.69067][0.100829,0.943747,0][0.632452,-0.0896354,-1.1504][-0.663792,0.747829,0.0115251][0.100829,0.930687,0][0.634483,-0.0910494,-1.14436][-0.499517,0.463025,0.732182][0.100829,0.920989,0][0.695637,-0.00762641,-1.13417][-0.580799,0.249278,0.77494][0.113095,0.920989,0][0.692785,-0.00697541,-1.14057][-0.929504,0.362597,0.0674228][0.113095,0.930687,0][0.692785,-0.00697541,-1.14057][-0.929504,0.362597,0.0674228][0.113095,0.930687,0][0.632452,-0.0896354,-1.1504][-0.663792,0.747829,0.0115251][0.100829,0.930687,0][0.634483,-0.0910494,-1.14436][-0.499517,0.463025,0.732182][0.100829,0.920989,0][0.639196,-0.0944604,-1.14202][-0.000915075,-0.134014,0.990979][0.100829,0.910061,0][0.701876,-0.00973737,-1.1317][0.0970303,-0.00446842,0.995271][0.113095,0.910061,0][0.695637,-0.00762641,-1.13417][-0.580799,0.249278,0.77494][0.113095,0.920989,0][0.695637,-0.00762641,-1.13417][-0.580799,0.249278,0.77494][0.113095,0.920989,0][0.634483,-0.0910494,-1.14436][-0.499517,0.463025,0.732182][0.100829,0.920989,0][0.639196,-0.0944604,-1.14202][-0.000915075,-0.134014,0.990979][0.100829,0.910061,0][0.643831,-0.0978744,-1.14476][0.477757,-0.601379,0.640384][0.100829,0.894007,0][0.707845,-0.0120744,-1.1346][0.700379,-0.247442,0.669508][0.113095,0.894007,0][0.701876,-0.00973737,-1.1317][0.0970303,-0.00446842,0.995271][0.113095,0.910061,0][0.701876,-0.00973737,-1.1317][0.0970303,-0.00446842,0.995271][0.113095,0.910061,0][0.639196,-0.0944604,-1.14202][-0.000915075,-0.134014,0.990979][0.100829,0.910061,0][0.643831,-0.0978744,-1.14476][0.477757,-0.601379,0.640384][0.100829,0.894007,0][0.643831,-0.0978744,-1.14476][0.477757,-0.601379,0.640384][0.100829,0.894007,0][0.645673,-0.0992874,-1.15097][0.676254,-0.736417,-0.0192708][0.100829,0.878388,0][0.710048,-0.0132654,-1.14117][0.931621,-0.363422,-0.00254475][0.113095,0.878388,0][0.710048,-0.0132654,-1.14117][0.931621,-0.363422,-0.00254475][0.113095,0.878388,0][0.707845,-0.0120744,-1.1346][0.700379,-0.247442,0.669508][0.113095,0.894007,0][0.643831,-0.0978744,-1.14476][0.477757,-0.601379,0.640384][0.100829,0.894007,0][0.645673,-0.0992874,-1.15097][0.676254,-0.736417,-0.0192708][0.100829,0.989566,0][0.643643,-0.0978744,-1.15701][0.519139,-0.508767,-0.686769][0.100829,0.975184,0][0.707196,-0.0126164,-1.14757][0.671623,-0.288504,-0.682414][0.113095,0.975184,0][0.707196,-0.0126164,-1.14757][0.671623,-0.288504,-0.682414][0.113095,0.975184,0][0.710048,-0.0132654,-1.14117][0.931621,-0.363422,-0.00254475][0.113095,0.989566,0][0.645673,-0.0992874,-1.15097][0.676254,-0.736417,-0.0192708][0.100829,0.989566,0][0.711871,0.0950996,-1.16603][-0.00771534,-0.161028,-0.98692][0.12712,0.959646,0][0.705762,0.0951107,-1.16322][-0.709482,-0.140339,-0.690608][0.12712,0.943747,0][0.670459,0.315721,-1.20166][-0.69415,-0.15324,-0.70333][0.156849,0.943747,0][0.670459,0.315721,-1.20166][-0.69415,-0.15324,-0.70333][0.156849,0.943747,0][0.677593,0.319206,-1.20491][-0.0323659,-0.0627076,-0.997507][0.156849,0.959646,0][0.711871,0.0950996,-1.16603][-0.00771534,-0.161028,-0.98692][0.12712,0.959646,0][0.705762,0.0951107,-1.16322][-0.709482,-0.140339,-0.690608][0.12712,0.943747,0][0.703373,0.0946736,-1.15687][-0.999265,-0.0222358,0.0312365][0.12712,0.930687,0][0.668449,0.311832,-1.19439][-0.985677,-0.161085,0.0499269][0.156849,0.930687,0][0.668449,0.311832,-1.19439][-0.985677,-0.161085,0.0499269][0.156849,0.930687,0][0.670459,0.315721,-1.20166][-0.69415,-0.15324,-0.70333][0.156849,0.943747,0][0.705762,0.0951107,-1.16322][-0.709482,-0.140339,-0.690608][0.12712,0.943747,0][0.703373,0.0946736,-1.15687][-0.999265,-0.0222358,0.0312365][0.12712,0.930687,0][0.706104,0.0940446,-1.1507][-0.661135,0.113392,0.741649][0.12712,0.920989,0][0.672739,0.309816,-1.18736][-0.640116,-0.0389572,0.76729][0.156849,0.920989,0][0.672739,0.309816,-1.18736][-0.640116,-0.0389572,0.76729][0.156849,0.920989,0][0.668449,0.311832,-1.19439][-0.985677,-0.161085,0.0499269][0.156849,0.930687,0][0.703373,0.0946736,-1.15687][-0.999265,-0.0222358,0.0312365][0.12712,0.930687,0][0.706104,0.0940446,-1.1507][-0.661135,0.113392,0.741649][0.12712,0.920989,0][0.712356,0.0935895,-1.14833][0.0684527,0.162996,0.984249][0.12712,0.910061,0][0.680817,0.31086,-1.18469][0.0247955,0.0971876,0.994957][0.156849,0.910061,0][0.680817,0.31086,-1.18469][0.0247955,0.0971876,0.994957][0.156849,0.910061,0][0.672739,0.309816,-1.18736][-0.640116,-0.0389572,0.76729][0.156849,0.920989,0][0.706104,0.0940446,-1.1507][-0.661135,0.113392,0.741649][0.12712,0.920989,0][0.718466,0.0935796,-1.15114][0.73925,0.11333,0.663827][0.12712,0.894007,0][0.687951,0.314346,-1.18794][0.708548,0.181295,0.681976][0.156849,0.894007,0][0.680817,0.31086,-1.18469][0.0247955,0.0971876,0.994957][0.156849,0.910061,0][0.680817,0.31086,-1.18469][0.0247955,0.0971876,0.994957][0.156849,0.910061,0][0.712356,0.0935895,-1.14833][0.0684527,0.162996,0.984249][0.12712,0.910061,0][0.718466,0.0935796,-1.15114][0.73925,0.11333,0.663827][0.12712,0.894007,0][0.720854,0.0940156,-1.15748][0.999562,0.0132735,-0.0264556][0.12712,0.878388,0][0.689961,0.318235,-1.1952][0.982394,0.161269,-0.0943099][0.156849,0.878388,0][0.687951,0.314346,-1.18794][0.708548,0.181295,0.681976][0.156849,0.894007,0][0.687951,0.314346,-1.18794][0.708548,0.181295,0.681976][0.156849,0.894007,0][0.718466,0.0935796,-1.15114][0.73925,0.11333,0.663827][0.12712,0.894007,0][0.720854,0.0940156,-1.15748][0.999562,0.0132735,-0.0264556][0.12712,0.878388,0][0.718123,0.0946445,-1.16365][0.697518,-0.092811,-0.710531][0.12712,0.975184,0][0.685671,0.320247,-1.20223][0.628772,0.0529019,-0.775788][0.156849,0.975184,0][0.689961,0.318235,-1.1952][0.982394,0.161269,-0.0943099][0.156849,0.989566,0][0.689961,0.318235,-1.1952][0.982394,0.161269,-0.0943099][0.156849,0.989566,0][0.720854,0.0940156,-1.15748][0.999562,0.0132735,-0.0264556][0.12712,0.989566,0][0.718123,0.0946445,-1.16365][0.697518,-0.092811,-0.710531][0.12712,0.975184,0][0.711871,0.0950996,-1.16603][-0.00771534,-0.161028,-0.98692][0.12712,0.959646,0][0.677593,0.319206,-1.20491][-0.0323659,-0.0627076,-0.997507][0.156849,0.959646,0][0.685671,0.320247,-1.20223][0.628772,0.0529019,-0.775788][0.156849,0.975184,0][0.685671,0.320247,-1.20223][0.628772,0.0529019,-0.775788][0.156849,0.975184,0][0.718123,0.0946445,-1.16365][0.697518,-0.092811,-0.710531][0.12712,0.975184,0][0.711871,0.0950996,-1.16603][-0.00771534,-0.161028,-0.98692][0.12712,0.959646,0][0.677593,0.319206,-1.20491][-0.0323659,-0.0627076,-0.997507][0.156849,0.959646,0][0.670459,0.315721,-1.20166][-0.69415,-0.15324,-0.70333][0.156849,0.943747,0][0.664677,0.374352,-1.20045][-0.56096,0.50881,-0.653021][0.167129,0.936844,0][0.664677,0.374352,-1.20045][-0.56096,0.50881,-0.653021][0.167129,0.936844,0][0.672021,0.373037,-1.20345][0.09018,0.481103,-0.872013][0.167129,0.950887,0][0.677593,0.319206,-1.20491][-0.0323659,-0.0627076,-0.997507][0.156849,0.959646,0][0.670459,0.315721,-1.20166][-0.69415,-0.15324,-0.70333][0.156849,0.943747,0][0.668449,0.311832,-1.19439][-0.985677,-0.161085,0.0499269][0.156849,0.930687,0][0.660796,0.372173,-1.19375][-0.956977,0.25634,-0.135957][0.167129,0.930687,0][0.660796,0.372173,-1.19375][-0.956977,0.25634,-0.135957][0.167129,0.930687,0][0.664677,0.374352,-1.20045][-0.56096,0.50881,-0.653021][0.167129,0.936844,0][0.670459,0.315721,-1.20166][-0.69415,-0.15324,-0.70333][0.156849,0.943747,0][0.668449,0.311832,-1.19439][-0.985677,-0.161085,0.0499269][0.156849,0.930687,0][0.672739,0.309816,-1.18736][-0.640116,-0.0389572,0.76729][0.156849,0.920989,0][0.662653,0.367776,-1.18728][-0.880909,-0.174112,0.440095][0.167129,0.924284,0][0.662653,0.367776,-1.18728][-0.880909,-0.174112,0.440095][0.167129,0.924284,0][0.660796,0.372173,-1.19375][-0.956977,0.25634,-0.135957][0.167129,0.930687,0][0.668449,0.311832,-1.19439][-0.985677,-0.161085,0.0499269][0.156849,0.930687,0][0.672739,0.309816,-1.18736][-0.640116,-0.0389572,0.76729][0.156849,0.920989,0][0.680817,0.31086,-1.18469][0.0247955,0.0971876,0.994957][0.156849,0.910061,0][0.66916,0.363734,-1.18482][-0.243142,-0.460377,0.853777][0.167129,0.916764,0][0.66916,0.363734,-1.18482][-0.243142,-0.460377,0.853777][0.167129,0.916764,0][0.662653,0.367776,-1.18728][-0.880909,-0.174112,0.440095][0.167129,0.924284,0][0.672739,0.309816,-1.18736][-0.640116,-0.0389572,0.76729][0.156849,0.920989,0][0.680817,0.31086,-1.18469][0.0247955,0.0971876,0.994957][0.156849,0.910061,0][0.687951,0.314346,-1.18794][0.708548,0.181295,0.681976][0.156849,0.894007,0][0.676505,0.362418,-1.18782][0.649276,-0.389863,0.653029][0.167129,0.89704,0][0.676505,0.362418,-1.18782][0.649276,-0.389863,0.653029][0.167129,0.89704,0][0.66916,0.363734,-1.18482][-0.243142,-0.460377,0.853777][0.167129,0.916764,0][0.680817,0.31086,-1.18469][0.0247955,0.0971876,0.994957][0.156849,0.910061,0][0.689961,0.318235,-1.1952][0.982394,0.161269,-0.0943099][0.156849,0.878388,0][0.680385,0.3646,-1.19452][0.99933,-0.0343251,-0.0126791][0.167129,0.883331,0][0.676505,0.362418,-1.18782][0.649276,-0.389863,0.653029][0.167129,0.89704,0][0.676505,0.362418,-1.18782][0.649276,-0.389863,0.653029][0.167129,0.89704,0][0.687951,0.314346,-1.18794][0.708548,0.181295,0.681976][0.156849,0.894007,0][0.689961,0.318235,-1.1952][0.982394,0.161269,-0.0943099][0.156849,0.878388,0][0.685671,0.320247,-1.20223][0.628772,0.0529019,-0.775788][0.156849,0.975184,0][0.678528,0.368997,-1.201][0.720741,0.267008,-0.639718][0.167129,0.960981,0][0.680385,0.3646,-1.19452][0.99933,-0.0343251,-0.0126791][0.167129,0.977658,0][0.680385,0.3646,-1.19452][0.99933,-0.0343251,-0.0126791][0.167129,0.977658,0][0.689961,0.318235,-1.1952][0.982394,0.161269,-0.0943099][0.156849,0.989566,0][0.685671,0.320247,-1.20223][0.628772,0.0529019,-0.775788][0.156849,0.975184,0][0.677593,0.319206,-1.20491][-0.0323659,-0.0627076,-0.997507][0.156849,0.959646,0][0.672021,0.373037,-1.20345][0.09018,0.481103,-0.872013][0.167129,0.950887,0][0.678528,0.368997,-1.201][0.720741,0.267008,-0.639718][0.167129,0.960981,0][0.678528,0.368997,-1.201][0.720741,0.267008,-0.639718][0.167129,0.960981,0][0.685671,0.320247,-1.20223][0.628772,0.0529019,-0.775788][0.156849,0.975184,0][0.677593,0.319206,-1.20491][-0.0323659,-0.0627076,-0.997507][0.156849,0.959646,0][0.687772,0.385238,-1.16936][0.795655,0.250807,-0.551389][0.178559,0.975184,0][0.682431,0.389553,-1.17076][0.299774,0.848789,-0.435537][0.178559,0.959646,0][0.851931,0.39759,-1.01067][0.514277,0.745079,-0.424707][0.197727,0.959646,0][0.851931,0.39759,-1.01067][0.514277,0.745079,-0.424707][0.197727,0.959646,0][0.854406,0.391429,-1.01258][0.776096,0.0773331,-0.625855][0.197727,0.975184,0][0.687772,0.385238,-1.16936][0.795655,0.250807,-0.551389][0.178559,0.975184,0][0.682431,0.389553,-1.17076][0.299774,0.848789,-0.435537][0.178559,0.959646,0][0.675897,0.390991,-1.16766][-0.27479,0.949146,-0.153667][0.178559,0.943747,0][0.846798,0.399736,-1.00657][-0.0421323,0.998997,0.0151623][0.197727,0.943747,0][0.846798,0.399736,-1.00657][-0.0421323,0.998997,0.0151623][0.197727,0.943747,0][0.851931,0.39759,-1.01067][0.514277,0.745079,-0.424707][0.197727,0.959646,0][0.682431,0.389553,-1.17076][0.299774,0.848789,-0.435537][0.178559,0.959646,0][0.671997,0.388704,-1.16187][-0.726968,0.63532,0.260551][0.178559,0.930687,0][0.842013,0.396608,-1.00269][-0.583458,0.671703,0.4565][0.197727,0.930687,0][0.846798,0.399736,-1.00657][-0.0421323,0.998997,0.0151623][0.197727,0.943747,0][0.846798,0.399736,-1.00657][-0.0421323,0.998997,0.0151623][0.197727,0.943747,0][0.675897,0.390991,-1.16766][-0.27479,0.949146,-0.153667][0.178559,0.943747,0][0.671997,0.388704,-1.16187][-0.726968,0.63532,0.260551][0.178559,0.930687,0][0.673017,0.384036,-1.15679][-0.790438,-0.0307355,0.61177][0.178559,0.920989,0][0.84038,0.390043,-1.0013][-0.777184,-0.0755746,0.624719][0.197727,0.920989,0][0.842013,0.396608,-1.00269][-0.583458,0.671703,0.4565][0.197727,0.930687,0][0.842013,0.396608,-1.00269][-0.583458,0.671703,0.4565][0.197727,0.930687,0][0.671997,0.388704,-1.16187][-0.726968,0.63532,0.260551][0.178559,0.930687,0][0.673017,0.384036,-1.15679][-0.790438,-0.0307355,0.61177][0.178559,0.920989,0][0.678358,0.379722,-1.15539][-0.402439,-0.750111,0.524763][0.178559,0.910061,0][0.842855,0.383883,-1.00321][-0.489607,-0.776073,0.397488][0.197727,0.910061,0][0.84038,0.390043,-1.0013][-0.777184,-0.0755746,0.624719][0.197727,0.920989,0][0.84038,0.390043,-1.0013][-0.777184,-0.0755746,0.624719][0.197727,0.920989,0][0.673017,0.384036,-1.15679][-0.790438,-0.0307355,0.61177][0.178559,0.920989,0][0.678358,0.379722,-1.15539][-0.402439,-0.750111,0.524763][0.178559,0.910061,0][0.684892,0.378287,-1.15849][0.160365,-0.972898,0.166593][0.178559,0.894007,0][0.847988,0.381737,-1.00731][0.0890888,-0.993781,-0.0668003][0.197727,0.894007,0][0.842855,0.383883,-1.00321][-0.489607,-0.776073,0.397488][0.197727,0.910061,0][0.842855,0.383883,-1.00321][-0.489607,-0.776073,0.397488][0.197727,0.910061,0][0.678358,0.379722,-1.15539][-0.402439,-0.750111,0.524763][0.178559,0.910061,0][0.684892,0.378287,-1.15849][0.160365,-0.972898,0.166593][0.178559,0.894007,0][0.688791,0.380573,-1.16428][0.697188,-0.665908,-0.265511][0.178559,0.878388,0][0.852773,0.384864,-1.01119][0.605614,-0.632026,-0.483502][0.197727,0.878388,0][0.847988,0.381737,-1.00731][0.0890888,-0.993781,-0.0668003][0.197727,0.894007,0][0.847988,0.381737,-1.00731][0.0890888,-0.993781,-0.0668003][0.197727,0.894007,0][0.684892,0.378287,-1.15849][0.160365,-0.972898,0.166593][0.178559,0.894007,0][0.688791,0.380573,-1.16428][0.697188,-0.665908,-0.265511][0.178559,0.878388,0][0.688791,0.380573,-1.16428][0.697188,-0.665908,-0.265511][0.178559,0.989566,0][0.687772,0.385238,-1.16936][0.795655,0.250807,-0.551389][0.178559,0.975184,0][0.854406,0.391429,-1.01258][0.776096,0.0773331,-0.625855][0.197727,0.975184,0][0.854406,0.391429,-1.01258][0.776096,0.0773331,-0.625855][0.197727,0.975184,0][0.852773,0.384864,-1.01119][0.605614,-0.632026,-0.483502][0.197727,0.989566,0][0.688791,0.380573,-1.16428][0.697188,-0.665908,-0.265511][0.178559,0.989566,0][0.178251,-0.301916,-1.1579][0.20008,-0.744749,0.636645][0.035572,0.894007,0][0.438926,-0.219534,-1.15901][0.287845,-0.694896,0.658988][0.070552,0.894007,0][0.435881,-0.214674,-1.15642][-0.000972644,-0.0729284,0.997337][0.070552,0.910061,0][0.435881,-0.214674,-1.15642][-0.000972644,-0.0729284,0.997337][0.070552,0.910061,0][0.176771,-0.296092,-1.15478][0.0125652,-0.049617,0.998689][0.035523,0.910061,0][0.178251,-0.301916,-1.1579][0.20008,-0.744749,0.636645][0.035572,0.894007,0][0.176771,-0.296092,-1.15478][0.0125652,-0.049617,0.998689][0.035523,0.910061,0][0.435881,-0.214674,-1.15642][-0.000972644,-0.0729284,0.997337][0.070552,0.910061,0][0.432999,-0.209535,-1.15862][-0.288123,0.604933,0.742322][0.070552,0.920989,0][0.432999,-0.209535,-1.15862][-0.288123,0.604933,0.742322][0.070552,0.920989,0][0.175369,-0.289926,-1.15743][-0.185355,0.674974,0.71418][0.035546,0.920989,0][0.176771,-0.296092,-1.15478][0.0125652,-0.049617,0.998689][0.035523,0.910061,0][0.175369,-0.289926,-1.15743][-0.185355,0.674974,0.71418][0.035546,0.920989,0][0.432999,-0.209535,-1.15862][-0.288123,0.604933,0.742322][0.070552,0.920989,0][0.431967,-0.207118,-1.16434][-0.401385,0.915284,0.0338504][0.070552,0.930687,0][0.431967,-0.207118,-1.16434][-0.401385,0.915284,0.0338504][0.070552,0.930687,0][0.174867,-0.287031,-1.16429][-0.264692,0.962942,0.0517756][0.035627,0.930687,0][0.175369,-0.289926,-1.15743][-0.185355,0.674974,0.71418][0.035546,0.920989,0][0.174867,-0.287031,-1.16429][-0.264692,0.962942,0.0517756][0.035627,0.930687,0][0.431967,-0.207118,-1.16434][-0.401385,0.915284,0.0338504][0.070552,0.930687,0][0.433391,-0.208847,-1.17022][-0.271598,0.666244,-0.694517][0.070552,0.943747,0][0.433391,-0.208847,-1.17022][-0.271598,0.666244,-0.694517][0.070552,0.943747,0][0.175559,-0.289102,-1.17134][-0.202173,0.736032,-0.646052][0.035794,0.943747,0][0.174867,-0.287031,-1.16429][-0.264692,0.962942,0.0517756][0.035627,0.930687,0][0.175559,-0.289102,-1.17134][-0.202173,0.736032,-0.646052][0.035794,0.943747,0][0.433391,-0.208847,-1.17022][-0.271598,0.666244,-0.694517][0.070552,0.943747,0][0.436435,-0.213704,-1.17282][0.0220807,0.0210225,-0.999535][0.070552,0.959646,0][0.436435,-0.213704,-1.17282][0.0220807,0.0210225,-0.999535][0.070552,0.959646,0][0.17704,-0.294926,-1.17446][-0.00888239,0.0294648,-0.999526][0.035871,0.959646,0][0.175559,-0.289102,-1.17134][-0.202173,0.736032,-0.646052][0.035794,0.943747,0][0.17704,-0.294926,-1.17446][-0.00888239,0.0294648,-0.999526][0.035871,0.959646,0][0.436435,-0.213704,-1.17282][0.0220807,0.0210225,-0.999535][0.070552,0.959646,0][0.439318,-0.218846,-1.17062][0.303457,-0.622426,-0.721457][0.070552,0.975184,0][0.439318,-0.218846,-1.17062][0.303457,-0.622426,-0.721457][0.070552,0.975184,0][0.178442,-0.301092,-1.17181][0.184182,-0.684962,-0.704914][0.035889,0.975184,0][0.17704,-0.294926,-1.17446][-0.00888239,0.0294648,-0.999526][0.035871,0.959646,0][0.178442,-0.301092,-1.17181][0.184182,-0.684962,-0.704914][0.035889,0.975184,0][0.439318,-0.218846,-1.17062][0.303457,-0.622426,-0.721457][0.070552,0.975184,0][0.440349,-0.22126,-1.1649][0.411788,-0.910165,-0.0450571][0.070552,0.989566,0][0.440349,-0.22126,-1.1649][0.411788,-0.910165,-0.0450571][0.070552,0.989566,0][0.178944,-0.303986,-1.16495][0.258871,-0.964559,-0.051111][0.035842,0.989566,0][0.178442,-0.301092,-1.17181][0.184182,-0.684962,-0.704914][0.035889,0.975184,0][0.178944,-0.303986,-1.16495][0.258871,-0.964559,-0.051111][0.03568,0.878388,0][0.440349,-0.22126,-1.1649][0.411788,-0.910165,-0.0450571][0.070552,0.878388,0][0.438926,-0.219534,-1.15901][0.287845,-0.694896,0.658988][0.070552,0.894007,0][0.438926,-0.219534,-1.15901][0.287845,-0.694896,0.658988][0.070552,0.894007,0][0.178251,-0.301916,-1.1579][0.20008,-0.744749,0.636645][0.035572,0.894007,0][0.178944,-0.303986,-1.16495][0.258871,-0.964559,-0.051111][0.03568,0.878388,0][0,-0.336771,-1.15616][0,-0.104538,0.994521][0.011752,0.910061,0][0,-0.341781,-1.15884][0,-0.796264,0.604949][0.011768,0.894007,0][0.178251,-0.301916,-1.1579][0.20008,-0.744749,0.636645][0.035572,0.894007,0][0.178251,-0.301916,-1.1579][0.20008,-0.744749,0.636645][0.035572,0.894007,0][0.176771,-0.296092,-1.15478][0.0125652,-0.049617,0.998689][0.035523,0.910061,0][0,-0.336771,-1.15616][0,-0.104538,0.994521][0.011752,0.910061,0][0,-0.331469,-1.15843][0,0.679843,0.733358][0.011737,0.920989,0][0,-0.336771,-1.15616][0,-0.104538,0.994521][0.011752,0.910061,0][0.176771,-0.296092,-1.15478][0.0125652,-0.049617,0.998689][0.035523,0.910061,0][0.176771,-0.296092,-1.15478][0.0125652,-0.049617,0.998689][0.035523,0.910061,0][0.175369,-0.289926,-1.15743][-0.185355,0.674974,0.71418][0.035546,0.920989,0][0,-0.331469,-1.15843][0,0.679843,0.733358][0.011737,0.920989,0][0,-0.331469,-1.15843][0,0.679843,0.733358][0.011737,0.920989,0][0.175369,-0.289926,-1.15743][-0.185355,0.674974,0.71418][0.035546,0.920989,0][0.174867,-0.287031,-1.16429][-0.264692,0.962942,0.0517756][0.035627,0.930687,0][0.174867,-0.287031,-1.16429][-0.264692,0.962942,0.0517756][0.035627,0.930687,0][0,-0.328977,-1.16433][0,0.998223,0.0595829][0.011722,0.930687,0][0,-0.331469,-1.15843][0,0.679843,0.733358][0.011737,0.920989,0][0,-0.328977,-1.16433][0,0.998223,0.0595829][0.011722,0.930687,0][0.174867,-0.287031,-1.16429][-0.264692,0.962942,0.0517756][0.035627,0.930687,0][0.175559,-0.289102,-1.17134][-0.202173,0.736032,-0.646052][0.035794,0.943747,0][0.175559,-0.289102,-1.17134][-0.202173,0.736032,-0.646052][0.035794,0.943747,0][0,-0.33076,-1.1704][0,0.751667,-0.659543][0.011713,0.943747,0][0,-0.328977,-1.16433][0,0.998223,0.0595829][0.011722,0.930687,0][0,-0.33076,-1.1704][0,0.751667,-0.659543][0.011713,0.943747,0][0.175559,-0.289102,-1.17134][-0.202173,0.736032,-0.646052][0.035794,0.943747,0][0.17704,-0.294926,-1.17446][-0.00888239,0.0294648,-0.999526][0.035871,0.959646,0][0.17704,-0.294926,-1.17446][-0.00888239,0.0294648,-0.999526][0.035871,0.959646,0][0,-0.335768,-1.17308][0,-0.0194286,-0.999811][0.011724,0.959646,0][0,-0.33076,-1.1704][0,0.751667,-0.659543][0.011713,0.943747,0][0,-0.335768,-1.17308][0,-0.0194286,-0.999811][0.011724,0.959646,0][0.17704,-0.294926,-1.17446][-0.00888239,0.0294648,-0.999526][0.035871,0.959646,0][0.178442,-0.301092,-1.17181][0.184182,-0.684962,-0.704914][0.035889,0.975184,0][0.178442,-0.301092,-1.17181][0.184182,-0.684962,-0.704914][0.035889,0.975184,0][0,-0.341072,-1.1708][0,-0.733932,-0.679223][0.011744,0.975184,0][0,-0.335768,-1.17308][0,-0.0194286,-0.999811][0.011724,0.959646,0][0,-0.341072,-1.1708][0,-0.733932,-0.679223][0.011744,0.975184,0][0.178442,-0.301092,-1.17181][0.184182,-0.684962,-0.704914][0.035889,0.975184,0][0.178944,-0.303986,-1.16495][0.258871,-0.964559,-0.051111][0.035842,0.989566,0][0.178944,-0.303986,-1.16495][0.258871,-0.964559,-0.051111][0.035842,0.989566,0][0,-0.343562,-1.16491][0,-0.998531,-0.0541829][0.011761,0.989566,0][0,-0.341072,-1.1708][0,-0.733932,-0.679223][0.011744,0.975184,0][0,-0.343562,-1.16491][0,-0.998531,-0.0541829][0.011758,0.878388,0][0.178944,-0.303986,-1.16495][0.258871,-0.964559,-0.051111][0.03568,0.878388,0][0.178251,-0.301916,-1.1579][0.20008,-0.744749,0.636645][0.035572,0.894007,0][0.178251,-0.301916,-1.1579][0.20008,-0.744749,0.636645][0.035572,0.894007,0][0,-0.341781,-1.15884][0,-0.796264,0.604949][0.011768,0.894007,0][0,-0.343562,-1.16491][0,-0.998531,-0.0541829][0.011758,0.878388,0][0,0.379709,0.876823][0,-0.767081,-0.64155][0.493597,0.910061,0][0,0.377022,0.88504][0,-0.995616,0.0935365][0.493597,0.894007,0][-0.235632,0.375738,0.869382][-0.0243691,-0.993228,0.113594][0.465288,0.894007,0][-0.235632,0.375738,0.869382][-0.0243691,-0.993228,0.113594][0.465288,0.894007,0][-0.23354,0.378732,0.860453][0.144682,-0.779532,-0.609423][0.465288,0.910061,0][0,0.379709,0.876823][0,-0.767081,-0.64155][0.493597,0.910061,0][-0.23354,0.378732,0.860453][0.144682,-0.779532,-0.609423][0.465288,0.910061,0][-0.235632,0.375738,0.869382][-0.0243691,-0.993228,0.113594][0.465288,0.894007,0][-0.578892,0.376169,0.727138][-0.068369,-0.992701,0.0993491][0.419697,0.894007,0][-0.578892,0.376169,0.727138][-0.068369,-0.992701,0.0993491][0.419697,0.894007,0][-0.574083,0.379059,0.719699][0.335435,-0.781821,-0.525584][0.419697,0.910061,0][-0.23354,0.378732,0.860453][0.144682,-0.779532,-0.609423][0.465288,0.910061,0][-0.574083,0.379059,0.719699][0.335435,-0.781821,-0.525584][0.419697,0.910061,0][-0.578892,0.376169,0.727138][-0.068369,-0.992701,0.0993491][0.419697,0.894007,0][-0.81704,0.378065,0.502874][-0.089987,-0.993594,0.0683578][0.397448,0.894007,0][-0.81704,0.378065,0.502874][-0.089987,-0.993594,0.0683578][0.397448,0.894007,0][-0.811167,0.380504,0.498251][0.492616,-0.77783,-0.390269][0.397448,0.910061,0][-0.574083,0.379059,0.719699][0.335435,-0.781821,-0.525584][0.419697,0.910061,0][-0.811167,0.380504,0.498251][0.492616,-0.77783,-0.390269][0.397448,0.910061,0][-0.81704,0.378065,0.502874][-0.089987,-0.993594,0.0683578][0.397448,0.894007,0][-0.992589,0.377378,0.194889][-0.105914,-0.993638,0.0382949][0.354127,0.894007,0][-0.992589,0.377378,0.194889][-0.105914,-0.993638,0.0382949][0.354127,0.894007,0][-0.985155,0.37998,0.192005][0.585174,-0.777653,-0.229841][0.354127,0.910061,0][-0.811167,0.380504,0.498251][0.492616,-0.77783,-0.390269][0.397448,0.910061,0][-0.985155,0.37998,0.192005][0.585174,-0.777653,-0.229841][0.354127,0.910061,0][-0.992589,0.377378,0.194889][-0.105914,-0.993638,0.0382949][0.354127,0.894007,0][-1.07382,0.380007,-0.16568][-0.0976563,-0.995139,0.0126968][0.30887,0.894007,0][-1.07382,0.380007,-0.16568][-0.0976563,-0.995139,0.0126968][0.30887,0.894007,0][-1.06777,0.381984,-0.166019][0.632605,-0.769501,-0.0876353][0.30887,0.910061,0][-0.985155,0.37998,0.192005][0.585174,-0.777653,-0.229841][0.354127,0.910061,0][-1.06777,0.381984,-0.166019][0.632605,-0.769501,-0.0876353][0.30887,0.910061,0][-1.07382,0.380007,-0.16568][-0.0976563,-0.995139,0.0126968][0.30887,0.894007,0][-1.08377,0.379376,-0.379974][-0.108535,-0.99406,-0.00807582][0.282226,0.894007,0][-1.08377,0.379376,-0.379974][-0.108535,-0.99406,-0.00807582][0.282226,0.894007,0][-1.07733,0.381499,-0.379974][0.633733,-0.771739,0.0529285][0.282226,0.910061,0][-1.06777,0.381984,-0.166019][0.632605,-0.769501,-0.0876353][0.30887,0.910061,0][-1.00459,0.380708,-0.728706][0.584228,-0.780468,0.222593][0.238378,0.910061,0][-1.01149,0.378341,-0.731017][-0.107839,-0.993017,-0.0478383][0.238378,0.894007,0][-0.847988,0.381737,-1.00731][-0.0890888,-0.993781,-0.0668003][0.197727,0.894007,0][-0.847988,0.381737,-1.00731][-0.0890888,-0.993781,-0.0668003][0.197727,0.894007,0][-0.842855,0.383883,-1.00321][0.489607,-0.776072,0.397488][0.197727,0.910061,0][-1.00459,0.380708,-0.728706][0.584228,-0.780468,0.222593][0.238378,0.910061,0][-0.66916,0.363734,-1.18482][0.243142,-0.460377,0.853777][0.167129,0.916764,0][-0.678358,0.379722,-1.15539][0.402439,-0.750111,0.524763][0.178559,0.910061,0][-0.684892,0.378287,-1.15849][-0.160365,-0.972898,0.166593][0.178559,0.894007,0][-0.684892,0.378287,-1.15849][-0.160365,-0.972898,0.166593][0.178559,0.894007,0][-0.676505,0.362418,-1.18782][-0.649276,-0.389863,0.653029][0.167129,0.89704,0][-0.66916,0.363734,-1.18482][0.243142,-0.460377,0.853777][0.167129,0.916764,0][-0.712356,0.0935895,-1.14833][-0.0684526,0.162996,0.984249][0.12712,0.910061,0][-0.718466,0.0935796,-1.15114][-0.73925,0.11333,0.663827][0.12712,0.894007,0][-0.707845,-0.0120744,-1.1346][-0.700379,-0.247442,0.669508][0.113095,0.894007,0][-0.707845,-0.0120744,-1.1346][-0.700379,-0.247442,0.669508][0.113095,0.894007,0][-0.701876,-0.00973737,-1.1317][-0.0970302,-0.0044684,0.995271][0.113095,0.910061,0][-0.712356,0.0935895,-1.14833][-0.0684526,0.162996,0.984249][0.12712,0.910061,0][-0.639196,-0.0944604,-1.14202][0.00091507,-0.134014,0.990979][0.100829,0.910061,0][-0.643831,-0.0978744,-1.14476][-0.477757,-0.601379,0.640384][0.100829,0.894007,0][-0.438926,-0.219534,-1.15901][-0.287845,-0.694896,0.658988][0.070552,0.894007,0][-0.438926,-0.219534,-1.15901][-0.287845,-0.694896,0.658988][0.070552,0.894007,0][-0.435881,-0.214674,-1.15642][0.000972616,-0.0729285,0.997337][0.070552,0.910061,0][-0.639196,-0.0944604,-1.14202][0.00091507,-0.134014,0.990979][0.100829,0.910061,0][0,0.387432,0.872911][0,-0.078233,-0.996935][0.493597,0.920989,0][0,0.379709,0.876823][0,-0.767081,-0.64155][0.493597,0.910061,0][-0.23354,0.378732,0.860453][0.144682,-0.779532,-0.609423][0.465288,0.910061,0][-0.23354,0.378732,0.860453][0.144682,-0.779532,-0.609423][0.465288,0.910061,0][-0.232543,0.387332,0.856199][0.228914,-0.0803804,-0.970122][0.465288,0.920989,0][0,0.387432,0.872911][0,-0.078233,-0.996935][0.493597,0.920989,0][-0.232543,0.387332,0.856199][0.228914,-0.0803804,-0.970122][0.465288,0.920989,0][-0.23354,0.378732,0.860453][0.144682,-0.779532,-0.609423][0.465288,0.910061,0][-0.574083,0.379059,0.719699][0.335435,-0.781821,-0.525584][0.419697,0.910061,0][-0.574083,0.379059,0.719699][0.335435,-0.781821,-0.525584][0.419697,0.910061,0][-0.571793,0.387366,0.716155][0.538075,-0.0808156,-0.839014][0.419697,0.920989,0][-0.232543,0.387332,0.856199][0.228914,-0.0803804,-0.970122][0.465288,0.920989,0][-0.571793,0.387366,0.716155][0.538075,-0.0808156,-0.839014][0.419697,0.920989,0][-0.574083,0.379059,0.719699][0.335435,-0.781821,-0.525584][0.419697,0.910061,0][-0.811167,0.380504,0.498251][0.492616,-0.77783,-0.390269][0.397448,0.910061,0][-0.811167,0.380504,0.498251][0.492616,-0.77783,-0.390269][0.397448,0.910061,0][-0.808369,0.387513,0.496049][0.782036,-0.0801466,-0.618059][0.397448,0.920989,0][-0.571793,0.387366,0.716155][0.538075,-0.0808156,-0.839014][0.419697,0.920989,0][-0.808369,0.387513,0.496049][0.782036,-0.0801466,-0.618059][0.397448,0.920989,0][-0.811167,0.380504,0.498251][0.492616,-0.77783,-0.390269][0.397448,0.910061,0][-0.985155,0.37998,0.192005][0.585174,-0.777653,-0.229841][0.354127,0.910061,0][-0.985155,0.37998,0.192005][0.585174,-0.777653,-0.229841][0.354127,0.910061,0][-0.981613,0.387459,0.190631][0.92834,-0.0801578,-0.362988][0.354127,0.920989,0][-0.808369,0.387513,0.496049][0.782036,-0.0801466,-0.618059][0.397448,0.920989,0][-0.981613,0.387459,0.190631][0.92834,-0.0801578,-0.362988][0.354127,0.920989,0][-0.985155,0.37998,0.192005][0.585174,-0.777653,-0.229841][0.354127,0.910061,0][-1.06777,0.381984,-0.166019][0.632605,-0.769501,-0.0876353][0.30887,0.910061,0][-1.06777,0.381984,-0.166019][0.632605,-0.769501,-0.0876353][0.30887,0.910061,0][-1.06489,0.387663,-0.166181][0.987367,-0.0787541,-0.137494][0.30887,0.920989,0][-0.981613,0.387459,0.190631][0.92834,-0.0801578,-0.362988][0.354127,0.920989,0][-1.06489,0.387663,-0.166181][0.987367,-0.0787541,-0.137494][0.30887,0.920989,0][-1.06777,0.381984,-0.166019][0.632605,-0.769501,-0.0876353][0.30887,0.910061,0][-1.07733,0.381499,-0.379974][0.633733,-0.771739,0.0529285][0.282226,0.910061,0][-1.07733,0.381499,-0.379974][0.633733,-0.771739,0.0529285][0.282226,0.910061,0][-1.07426,0.387612,-0.379974][0.993371,-0.0787633,0.0837277][0.282226,0.920989,0][-1.06489,0.387663,-0.166181][0.987367,-0.0787541,-0.137494][0.30887,0.920989,0][-1.00131,0.387528,-0.727582][0.928915,-0.0821753,0.361059][0.238378,0.920989,0][-1.00459,0.380708,-0.728706][0.584228,-0.780468,0.222593][0.238378,0.910061,0][-0.842855,0.383883,-1.00321][0.489607,-0.776072,0.397488][0.197727,0.910061,0][-0.842855,0.383883,-1.00321][0.489607,-0.776072,0.397488][0.197727,0.910061,0][-0.84038,0.390043,-1.0013][0.777184,-0.075574,0.624719][0.197727,0.920989,0][-1.00131,0.387528,-0.727582][0.928915,-0.0821753,0.361059][0.238378,0.920989,0][-0.673017,0.384036,-1.15679][0.790438,-0.0307358,0.61177][0.178559,0.920989,0][-0.678358,0.379722,-1.15539][0.402439,-0.750111,0.524763][0.178559,0.910061,0][-0.66916,0.363734,-1.18482][0.243142,-0.460377,0.853777][0.167129,0.916764,0][-0.66916,0.363734,-1.18482][0.243142,-0.460377,0.853777][0.167129,0.916764,0][-0.662653,0.367776,-1.18728][0.880909,-0.174112,0.440095][0.167129,0.924284,0][-0.673017,0.384036,-1.15679][0.790438,-0.0307358,0.61177][0.178559,0.920989,0][-0.695637,-0.00762641,-1.13417][0.580799,0.249278,0.77494][0.113095,0.920989,0][-0.706104,0.0940446,-1.1507][0.661135,0.113392,0.741649][0.12712,0.920989,0][-0.712356,0.0935895,-1.14833][-0.0684526,0.162996,0.984249][0.12712,0.910061,0][-0.712356,0.0935895,-1.14833][-0.0684526,0.162996,0.984249][0.12712,0.910061,0][-0.701876,-0.00973737,-1.1317][-0.0970302,-0.0044684,0.995271][0.113095,0.910061,0][-0.695637,-0.00762641,-1.13417][0.580799,0.249278,0.77494][0.113095,0.920989,0][-0.634483,-0.0910494,-1.14436][0.499517,0.463025,0.732182][0.100829,0.920989,0][-0.639196,-0.0944604,-1.14202][0.00091507,-0.134014,0.990979][0.100829,0.910061,0][-0.435881,-0.214674,-1.15642][0.000972616,-0.0729285,0.997337][0.070552,0.910061,0][-0.435881,-0.214674,-1.15642][0.000972616,-0.0729285,0.997337][0.070552,0.910061,0][-0.432999,-0.209535,-1.15862][0.288123,0.604932,0.742322][0.070552,0.920989,0][-0.634483,-0.0910494,-1.14436][0.499517,0.463025,0.732182][0.100829,0.920989,0][0,0.395668,0.875592][0,0.657906,-0.7531][0.493597,0.930687,0][0,0.387432,0.872911][0,-0.078233,-0.996935][0.493597,0.920989,0][-0.232543,0.387332,0.856199][0.228914,-0.0803804,-0.970122][0.465288,0.920989,0][-0.232543,0.387332,0.856199][0.228914,-0.0803804,-0.970122][0.465288,0.920989,0][-0.233226,0.396505,0.859115][0.17094,0.670742,-0.721723][0.465288,0.930687,0][0,0.395668,0.875592][0,0.657906,-0.7531][0.493597,0.930687,0][-0.233226,0.396505,0.859115][0.17094,0.670742,-0.721723][0.465288,0.930687,0][-0.232543,0.387332,0.856199][0.228914,-0.0803804,-0.970122][0.465288,0.920989,0][-0.571793,0.387366,0.716155][0.538075,-0.0808156,-0.839014][0.419697,0.920989,0][-0.571793,0.387366,0.716155][0.538075,-0.0808156,-0.839014][0.419697,0.920989,0][-0.573362,0.396225,0.718583][0.398483,0.673052,-0.623067][0.419697,0.930687,0][-0.233226,0.396505,0.859115][0.17094,0.670742,-0.721723][0.465288,0.930687,0][-0.573362,0.396225,0.718583][0.398483,0.673052,-0.623067][0.419697,0.930687,0][-0.571793,0.387366,0.716155][0.538075,-0.0808156,-0.839014][0.419697,0.920989,0][-0.808369,0.387513,0.496049][0.782036,-0.0801466,-0.618059][0.397448,0.920989,0][-0.808369,0.387513,0.496049][0.782036,-0.0801466,-0.618059][0.397448,0.920989,0][-0.810286,0.394988,0.497558][0.582849,0.668947,-0.461299][0.397448,0.930687,0][-0.573362,0.396225,0.718583][0.398483,0.673052,-0.623067][0.419697,0.930687,0][-0.810286,0.394988,0.497558][0.582849,0.668947,-0.461299][0.397448,0.930687,0][-0.808369,0.387513,0.496049][0.782036,-0.0801466,-0.618059][0.397448,0.920989,0][-0.981613,0.387459,0.190631][0.92834,-0.0801578,-0.362988][0.354127,0.920989,0][-0.981613,0.387459,0.190631][0.92834,-0.0801578,-0.362988][0.354127,0.920989,0][-0.984039,0.395436,0.191573][0.692207,0.668722,-0.271404][0.354127,0.930687,0][-0.810286,0.394988,0.497558][0.582849,0.668947,-0.461299][0.397448,0.930687,0][-0.984039,0.395436,0.191573][0.692207,0.668722,-0.271404][0.354127,0.930687,0][-0.981613,0.387459,0.190631][0.92834,-0.0801578,-0.362988][0.354127,0.920989,0][-1.06489,0.387663,-0.166181][0.987367,-0.0787541,-0.137494][0.30887,0.920989,0][-1.06489,0.387663,-0.166181][0.987367,-0.0787541,-0.137494][0.30887,0.920989,0][-1.06686,0.39372,-0.16607][0.743838,0.660337,-0.103246][0.30887,0.930687,0][-0.984039,0.395436,0.191573][0.692207,0.668722,-0.271404][0.354127,0.930687,0][-1.06686,0.39372,-0.16607][0.743838,0.660337,-0.103246][0.30887,0.930687,0][-1.06489,0.387663,-0.166181][0.987367,-0.0787541,-0.137494][0.30887,0.920989,0][-1.07426,0.387612,-0.379974][0.993371,-0.0787633,0.0837277][0.282226,0.920989,0][-1.07426,0.387612,-0.379974][0.993371,-0.0787633,0.0837277][0.282226,0.920989,0][-1.07636,0.394132,-0.379974][0.746979,0.6619,0.0625256][0.282226,0.930687,0][-1.06686,0.39372,-0.16607][0.743838,0.660337,-0.103246][0.30887,0.930687,0][-1.00357,0.394802,-0.728305][0.6917,0.669393,0.271044][0.238378,0.930687,0][-1.00131,0.387528,-0.727582][0.928915,-0.0821753,0.361059][0.238378,0.920989,0][-0.84038,0.390043,-1.0013][0.777184,-0.075574,0.624719][0.197727,0.920989,0][-0.84038,0.390043,-1.0013][0.777184,-0.075574,0.624719][0.197727,0.920989,0][-0.842013,0.396608,-1.00269][0.583458,0.671703,0.4565][0.197727,0.930687,0][-1.00357,0.394802,-0.728305][0.6917,0.669393,0.271044][0.238378,0.930687,0][-0.671997,0.388704,-1.16187][0.726968,0.635319,0.260551][0.178559,0.930687,0][-0.673017,0.384036,-1.15679][0.790438,-0.0307358,0.61177][0.178559,0.920989,0][-0.662653,0.367776,-1.18728][0.880909,-0.174112,0.440095][0.167129,0.924284,0][-0.662653,0.367776,-1.18728][0.880909,-0.174112,0.440095][0.167129,0.924284,0][-0.660796,0.372173,-1.19375][0.956977,0.25634,-0.135957][0.167129,0.930687,0][-0.671997,0.388704,-1.16187][0.726968,0.635319,0.260551][0.178559,0.930687,0][-0.692785,-0.00697541,-1.14057][0.929504,0.362597,0.0674228][0.113095,0.930687,0][-0.703373,0.0946736,-1.15687][0.999265,-0.0222358,0.0312361][0.12712,0.930687,0][-0.706104,0.0940446,-1.1507][0.661135,0.113392,0.741649][0.12712,0.920989,0][-0.706104,0.0940446,-1.1507][0.661135,0.113392,0.741649][0.12712,0.920989,0][-0.695637,-0.00762641,-1.13417][0.580799,0.249278,0.77494][0.113095,0.920989,0][-0.692785,-0.00697541,-1.14057][0.929504,0.362597,0.0674228][0.113095,0.930687,0][-0.632452,-0.0896354,-1.1504][0.663792,0.747829,0.0115251][0.100829,0.930687,0][-0.634483,-0.0910494,-1.14436][0.499517,0.463025,0.732182][0.100829,0.920989,0][-0.432999,-0.209535,-1.15862][0.288123,0.604932,0.742322][0.070552,0.920989,0][-0.432999,-0.209535,-1.15862][0.288123,0.604932,0.742322][0.070552,0.920989,0][-0.431967,-0.207118,-1.16434][0.401385,0.915284,0.0338504][0.070552,0.930687,0][-0.632452,-0.0896354,-1.1504][0.663792,0.747829,0.0115251][0.100829,0.930687,0][0,0.39959,0.883298][0,0.998136,-0.0610271][0.493597,0.943747,0][0,0.395668,0.875592][0,0.657906,-0.7531][0.493597,0.930687,0][-0.233226,0.396505,0.859115][0.17094,0.670742,-0.721723][0.465288,0.930687,0][-0.233226,0.396505,0.859115][0.17094,0.670742,-0.721723][0.465288,0.930687,0][-0.235188,0.400873,0.86749][0.0106391,0.999291,-0.0361158][0.465288,0.943747,0][0,0.39959,0.883298][0,0.998136,-0.0610271][0.493597,0.943747,0][-0.235188,0.400873,0.86749][0.0106391,0.999291,-0.0361158][0.465288,0.943747,0][-0.233226,0.396505,0.859115][0.17094,0.670742,-0.721723][0.465288,0.930687,0][-0.573362,0.396225,0.718583][0.398483,0.673052,-0.623067][0.419697,0.930687,0][-0.573362,0.396225,0.718583][0.398483,0.673052,-0.623067][0.419697,0.930687,0][-0.577873,0.400443,0.725561][0.0149546,0.999448,-0.0296605][0.419697,0.943747,0][-0.235188,0.400873,0.86749][0.0106391,0.999291,-0.0361158][0.465288,0.943747,0][-0.577873,0.400443,0.725561][0.0149546,0.999448,-0.0296605][0.419697,0.943747,0][-0.573362,0.396225,0.718583][0.398483,0.673052,-0.623067][0.419697,0.930687,0][-0.810286,0.394988,0.497558][0.582849,0.668947,-0.461299][0.397448,0.930687,0][-0.810286,0.394988,0.497558][0.582849,0.668947,-0.461299][0.397448,0.930687,0][-0.815794,0.398547,0.501894][0.0308327,0.999167,-0.0267261][0.397448,0.943747,0][-0.577873,0.400443,0.725561][0.0149546,0.999448,-0.0296605][0.419697,0.943747,0][-0.815794,0.398547,0.501894][0.0308327,0.999167,-0.0267261][0.397448,0.943747,0][-0.810286,0.394988,0.497558][0.582849,0.668947,-0.461299][0.397448,0.930687,0][-0.984039,0.395436,0.191573][0.692207,0.668722,-0.271404][0.354127,0.930687,0][-0.984039,0.395436,0.191573][0.692207,0.668722,-0.271404][0.354127,0.930687,0][-0.991013,0.399234,0.194278][0.0375055,0.999145,-0.0173747][0.354127,0.943747,0][-0.815794,0.398547,0.501894][0.0308327,0.999167,-0.0267261][0.397448,0.943747,0][-0.991013,0.399234,0.194278][0.0375055,0.999145,-0.0173747][0.354127,0.943747,0][-0.984039,0.395436,0.191573][0.692207,0.668722,-0.271404][0.354127,0.930687,0][-1.06686,0.39372,-0.16607][0.743838,0.660337,-0.103246][0.30887,0.930687,0][-1.06686,0.39372,-0.16607][0.743838,0.660337,-0.103246][0.30887,0.930687,0][-1.07253,0.396604,-0.165752][0.0553545,0.998435,-0.00800545][0.30887,0.943747,0][-0.991013,0.399234,0.194278][0.0375055,0.999145,-0.0173747][0.354127,0.943747,0][-1.07253,0.396604,-0.165752][0.0553545,0.998435,-0.00800545][0.30887,0.943747,0][-1.06686,0.39372,-0.16607][0.743838,0.660337,-0.103246][0.30887,0.930687,0][-1.07636,0.394132,-0.379974][0.746979,0.6619,0.0625256][0.282226,0.930687,0][-1.07636,0.394132,-0.379974][0.746979,0.6619,0.0625256][0.282226,0.930687,0][-1.08241,0.397237,-0.379974][0.0470407,0.998884,0.00430118][0.282226,0.943747,0][-1.07253,0.396604,-0.165752][0.0553545,0.998435,-0.00800545][0.30887,0.943747,0][-1.01004,0.398271,-0.730451][0.0345715,0.999282,0.0155153][0.238378,0.943747,0][-1.00357,0.394802,-0.728305][0.6917,0.669393,0.271044][0.238378,0.930687,0][-0.842013,0.396608,-1.00269][0.583458,0.671703,0.4565][0.197727,0.930687,0][-0.842013,0.396608,-1.00269][0.583458,0.671703,0.4565][0.197727,0.930687,0][-0.846798,0.399736,-1.00657][0.0421324,0.998997,0.0151624][0.197727,0.943747,0][-1.01004,0.398271,-0.730451][0.0345715,0.999282,0.0155153][0.238378,0.943747,0][-0.675897,0.390991,-1.16766][0.27479,0.949146,-0.153667][0.178559,0.943747,0][-0.671997,0.388704,-1.16187][0.726968,0.635319,0.260551][0.178559,0.930687,0][-0.660796,0.372173,-1.19375][0.956977,0.25634,-0.135957][0.167129,0.930687,0][-0.660796,0.372173,-1.19375][0.956977,0.25634,-0.135957][0.167129,0.930687,0][-0.664677,0.374352,-1.20045][0.56096,0.50881,-0.653021][0.167129,0.936844,0][-0.675897,0.390991,-1.16766][0.27479,0.949146,-0.153667][0.178559,0.943747,0][-0.694989,-0.00816941,-1.14714][0.671279,0.238473,-0.701795][0.113095,0.943747,0][-0.705762,0.0951107,-1.16322][0.709482,-0.140339,-0.690608][0.12712,0.943747,0][-0.703373,0.0946736,-1.15687][0.999265,-0.0222358,0.0312361][0.12712,0.930687,0][-0.703373,0.0946736,-1.15687][0.999265,-0.0222358,0.0312361][0.12712,0.930687,0][-0.692785,-0.00697541,-1.14057][0.929504,0.362597,0.0674228][0.113095,0.930687,0][-0.694989,-0.00816941,-1.14714][0.671279,0.238473,-0.701795][0.113095,0.943747,0][-0.634295,-0.0910494,-1.1566][0.439822,0.574049,-0.69067][0.100829,0.943747,0][-0.632452,-0.0896354,-1.1504][0.663792,0.747829,0.0115251][0.100829,0.930687,0][-0.431967,-0.207118,-1.16434][0.401385,0.915284,0.0338504][0.070552,0.930687,0][-0.431967,-0.207118,-1.16434][0.401385,0.915284,0.0338504][0.070552,0.930687,0][-0.433391,-0.208847,-1.17022][0.271598,0.666244,-0.694517][0.070552,0.943747,0][-0.634295,-0.0910494,-1.1566][0.439822,0.574049,-0.69067][0.100829,0.943747,0][0,0.396902,0.891515][0,0.751054,0.660241][0.493597,0.959646,0][0,0.39959,0.883298][0,0.998136,-0.0610271][0.493597,0.943747,0][-0.235188,0.400873,0.86749][0.0106391,0.999291,-0.0361158][0.465288,0.943747,0][-0.235188,0.400873,0.86749][0.0106391,0.999291,-0.0361158][0.465288,0.943747,0][-0.23728,0.39788,0.876422][-0.151196,0.740429,0.654908][0.465288,0.959646,0][0,0.396902,0.891515][0,0.751054,0.660241][0.493597,0.959646,0][-0.23728,0.39788,0.876422][-0.151196,0.740429,0.654908][0.465288,0.959646,0][-0.235188,0.400873,0.86749][0.0106391,0.999291,-0.0361158][0.465288,0.943747,0][-0.577873,0.400443,0.725561][0.0149546,0.999448,-0.0296605][0.419697,0.943747,0][-0.577873,0.400443,0.725561][0.0149546,0.999448,-0.0296605][0.419697,0.943747,0][-0.582682,0.397552,0.733][-0.368932,0.738393,0.564505][0.419697,0.959646,0][-0.23728,0.39788,0.876422][-0.151196,0.740429,0.654908][0.465288,0.959646,0][-0.582682,0.397552,0.733][-0.368932,0.738393,0.564505][0.419697,0.959646,0][-0.577873,0.400443,0.725561][0.0149546,0.999448,-0.0296605][0.419697,0.943747,0][-0.815794,0.398547,0.501894][0.0308327,0.999167,-0.0267261][0.397448,0.943747,0][-0.815794,0.398547,0.501894][0.0308327,0.999167,-0.0267261][0.397448,0.943747,0][-0.821667,0.396107,0.506517][-0.527901,0.74198,0.413264][0.397448,0.959646,0][-0.582682,0.397552,0.733][-0.368932,0.738393,0.564505][0.419697,0.959646,0][-0.821667,0.396107,0.506517][-0.527901,0.74198,0.413264][0.397448,0.959646,0][-0.815794,0.398547,0.501894][0.0308327,0.999167,-0.0267261][0.397448,0.943747,0][-0.991013,0.399234,0.194278][0.0375055,0.999145,-0.0173747][0.354127,0.943747,0][-0.991013,0.399234,0.194278][0.0375055,0.999145,-0.0173747][0.354127,0.943747,0][-0.998451,0.396631,0.197163][-0.625779,0.742155,0.240013][0.354127,0.959646,0][-0.821667,0.396107,0.506517][-0.527901,0.74198,0.413264][0.397448,0.959646,0][-0.998451,0.396631,0.197163][-0.625779,0.742155,0.240013][0.354127,0.959646,0][-0.991013,0.399234,0.194278][0.0375055,0.999145,-0.0173747][0.354127,0.943747,0][-1.07253,0.396604,-0.165752][0.0553545,0.998435,-0.00800545][0.30887,0.943747,0][-1.07253,0.396604,-0.165752][0.0553545,0.998435,-0.00800545][0.30887,0.943747,0][-1.07858,0.394628,-0.165412][-0.657489,0.748417,0.0870636][0.30887,0.959646,0][-0.998451,0.396631,0.197163][-0.625779,0.742155,0.240013][0.354127,0.959646,0][-1.07858,0.394628,-0.165412][-0.657489,0.748417,0.0870636][0.30887,0.959646,0][-1.07253,0.396604,-0.165752][0.0553545,0.998435,-0.00800545][0.30887,0.943747,0][-1.08241,0.397237,-0.379974][0.0470407,0.998884,0.00430118][0.282226,0.943747,0][-1.08241,0.397237,-0.379974][0.0470407,0.998884,0.00430118][0.282226,0.943747,0][-1.08885,0.39511,-0.379974][-0.669041,0.741516,-0.0503919][0.282226,0.959646,0][-1.07858,0.394628,-0.165412][-0.657489,0.748417,0.0870636][0.30887,0.959646,0][-1.01694,0.395903,-0.732763][-0.628234,0.739998,-0.24026][0.238378,0.959646,0][-1.01004,0.398271,-0.730451][0.0345715,0.999282,0.0155153][0.238378,0.943747,0][-0.846798,0.399736,-1.00657][0.0421324,0.998997,0.0151624][0.197727,0.943747,0][-0.846798,0.399736,-1.00657][0.0421324,0.998997,0.0151624][0.197727,0.943747,0][-0.851931,0.39759,-1.01067][-0.514277,0.745079,-0.424707][0.197727,0.959646,0][-1.01694,0.395903,-0.732763][-0.628234,0.739998,-0.24026][0.238378,0.959646,0][-0.682431,0.389553,-1.17076][-0.299774,0.848789,-0.435537][0.178559,0.959646,0][-0.675897,0.390991,-1.16766][0.27479,0.949146,-0.153667][0.178559,0.943747,0][-0.664677,0.374352,-1.20045][0.56096,0.50881,-0.653021][0.167129,0.936844,0][-0.664677,0.374352,-1.20045][0.56096,0.50881,-0.653021][0.167129,0.936844,0][-0.672021,0.373037,-1.20345][-0.09018,0.481103,-0.872013][0.167129,0.950887,0][-0.682431,0.389553,-1.17076][-0.299774,0.848789,-0.435537][0.178559,0.959646,0][-0.711871,0.0950996,-1.16603][0.00771541,-0.161028,-0.98692][0.12712,0.959646,0][-0.705762,0.0951107,-1.16322][0.709482,-0.140339,-0.690608][0.12712,0.943747,0][-0.694989,-0.00816941,-1.14714][0.671279,0.238473,-0.701795][0.113095,0.943747,0][-0.694989,-0.00816941,-1.14714][0.671279,0.238473,-0.701795][0.113095,0.943747,0][-0.700958,-0.0105034,-1.15004][-0.021042,-0.0421641,-0.998889][0.113095,0.959646,0][-0.711871,0.0950996,-1.16603][0.00771541,-0.161028,-0.98692][0.12712,0.959646,0][-0.436435,-0.213704,-1.17282][-0.0220808,0.0210222,-0.999535][0.070552,0.959646,0][-0.63893,-0.0944633,-1.15934][-0.0529045,0.0352639,-0.997977][0.100829,0.959646,0][-0.634295,-0.0910494,-1.1566][0.439822,0.574049,-0.69067][0.100829,0.943747,0][-0.634295,-0.0910494,-1.1566][0.439822,0.574049,-0.69067][0.100829,0.943747,0][-0.433391,-0.208847,-1.17022][0.271598,0.666244,-0.694517][0.070552,0.943747,0][-0.436435,-0.213704,-1.17282][-0.0220808,0.0210222,-0.999535][0.070552,0.959646,0][0,0.38918,0.89543][0,0.0757326,0.997128][0.493597,0.975184,0][0,0.396902,0.891515][0,0.751054,0.660241][0.493597,0.959646,0][-0.23728,0.39788,0.876422][-0.151196,0.740429,0.654908][0.465288,0.959646,0][-0.23728,0.39788,0.876422][-0.151196,0.740429,0.654908][0.465288,0.959646,0][-0.238276,0.389279,0.880674][-0.225363,0.0742525,0.971441][0.465288,0.975184,0][0,0.38918,0.89543][0,0.0757326,0.997128][0.493597,0.975184,0][-0.238276,0.389279,0.880674][-0.225363,0.0742525,0.971441][0.465288,0.975184,0][-0.23728,0.39788,0.876422][-0.151196,0.740429,0.654908][0.465288,0.959646,0][-0.582682,0.397552,0.733][-0.368932,0.738393,0.564505][0.419697,0.959646,0][-0.582682,0.397552,0.733][-0.368932,0.738393,0.564505][0.419697,0.959646,0][-0.584972,0.389246,0.736544][-0.544094,0.074024,0.835752][0.419697,0.975184,0][-0.238276,0.389279,0.880674][-0.225363,0.0742525,0.971441][0.465288,0.975184,0][-0.584972,0.389246,0.736544][-0.544094,0.074024,0.835752][0.419697,0.975184,0][-0.582682,0.397552,0.733][-0.368932,0.738393,0.564505][0.419697,0.959646,0][-0.821667,0.396107,0.506517][-0.527901,0.74198,0.413264][0.397448,0.959646,0][-0.821667,0.396107,0.506517][-0.527901,0.74198,0.413264][0.397448,0.959646,0][-0.824465,0.389099,0.508719][-0.784647,0.0745829,0.61544][0.397448,0.975184,0][-0.584972,0.389246,0.736544][-0.544094,0.074024,0.835752][0.419697,0.975184,0][-0.824465,0.389099,0.508719][-0.784647,0.0745829,0.61544][0.397448,0.975184,0][-0.821667,0.396107,0.506517][-0.527901,0.74198,0.413264][0.397448,0.959646,0][-0.998451,0.396631,0.197163][-0.625779,0.742155,0.240013][0.354127,0.959646,0][-0.998451,0.396631,0.197163][-0.625779,0.742155,0.240013][0.354127,0.959646,0][-1.00199,0.389152,0.198536][-0.930631,0.0744554,0.358305][0.354127,0.975184,0][-0.824465,0.389099,0.508719][-0.784647,0.0745829,0.61544][0.397448,0.975184,0][-1.00199,0.389152,0.198536][-0.930631,0.0744554,0.358305][0.354127,0.975184,0][-0.998451,0.396631,0.197163][-0.625779,0.742155,0.240013][0.354127,0.959646,0][-1.07858,0.394628,-0.165412][-0.657489,0.748417,0.0870636][0.30887,0.959646,0][-1.07858,0.394628,-0.165412][-0.657489,0.748417,0.0870636][0.30887,0.959646,0][-1.08146,0.388949,-0.165251][-0.98869,0.0753347,0.129682][0.30887,0.975184,0][-1.00199,0.389152,0.198536][-0.930631,0.0744554,0.358305][0.354127,0.975184,0][-1.08146,0.388949,-0.165251][-0.98869,0.0753347,0.129682][0.30887,0.975184,0][-1.07858,0.394628,-0.165412][-0.657489,0.748417,0.0870636][0.30887,0.959646,0][-1.08885,0.39511,-0.379974][-0.669041,0.741516,-0.0503919][0.282226,0.959646,0][-1.08885,0.39511,-0.379974][-0.669041,0.741516,-0.0503919][0.282226,0.959646,0][-1.09192,0.389,-0.379974][-0.99456,0.0741098,-0.0731982][0.282226,0.975184,0][-1.08146,0.388949,-0.165251][-0.98869,0.0753347,0.129682][0.30887,0.975184,0][-1.02022,0.389084,-0.733886][-0.931079,0.0741123,-0.357209][0.238378,0.975184,0][-1.01694,0.395903,-0.732763][-0.628234,0.739998,-0.24026][0.238378,0.959646,0][-0.851931,0.39759,-1.01067][-0.514277,0.745079,-0.424707][0.197727,0.959646,0][-0.851931,0.39759,-1.01067][-0.514277,0.745079,-0.424707][0.197727,0.959646,0][-0.854406,0.391429,-1.01258][-0.776096,0.0773329,-0.625855][0.197727,0.975184,0][-1.02022,0.389084,-0.733886][-0.931079,0.0741123,-0.357209][0.238378,0.975184,0][-0.678528,0.368997,-1.201][-0.720741,0.267008,-0.639718][0.167129,0.960981,0][-0.687772,0.385238,-1.16936][-0.795654,0.250807,-0.551389][0.178559,0.975184,0][-0.682431,0.389553,-1.17076][-0.299774,0.848789,-0.435537][0.178559,0.959646,0][-0.682431,0.389553,-1.17076][-0.299774,0.848789,-0.435537][0.178559,0.959646,0][-0.672021,0.373037,-1.20345][-0.09018,0.481103,-0.872013][0.167129,0.950887,0][-0.678528,0.368997,-1.201][-0.720741,0.267008,-0.639718][0.167129,0.960981,0][-0.700958,-0.0105034,-1.15004][-0.021042,-0.0421641,-0.998889][0.113095,0.959646,0][-0.707196,-0.0126164,-1.14757][-0.671623,-0.288504,-0.682414][0.113095,0.975184,0][-0.718123,0.0946445,-1.16365][-0.697518,-0.0928111,-0.710532][0.12712,0.975184,0][-0.718123,0.0946445,-1.16365][-0.697518,-0.0928111,-0.710532][0.12712,0.975184,0][-0.711871,0.0950996,-1.16603][0.00771541,-0.161028,-0.98692][0.12712,0.959646,0][-0.700958,-0.0105034,-1.15004][-0.021042,-0.0421641,-0.998889][0.113095,0.959646,0][-0.439318,-0.218846,-1.17062][-0.303457,-0.622426,-0.721457][0.070552,0.975184,0][-0.643643,-0.0978744,-1.15701][-0.519139,-0.508767,-0.686769][0.100829,0.975184,0][-0.63893,-0.0944633,-1.15934][-0.0529045,0.0352639,-0.997977][0.100829,0.959646,0][-0.63893,-0.0944633,-1.15934][-0.0529045,0.0352639,-0.997977][0.100829,0.959646,0][-0.436435,-0.213704,-1.17282][-0.0220808,0.0210222,-0.999535][0.070552,0.959646,0][-0.439318,-0.218846,-1.17062][-0.303457,-0.622426,-0.721457][0.070552,0.975184,0][0,0.380944,0.892746][0,-0.641946,0.76675][0.493597,0.989566,0][0,0.38918,0.89543][0,0.0757326,0.997128][0.493597,0.975184,0][-0.238276,0.389279,0.880674][-0.225363,0.0742525,0.971441][0.465288,0.975184,0][-0.238276,0.389279,0.880674][-0.225363,0.0742525,0.971441][0.465288,0.975184,0][-0.237593,0.380106,0.87776][-0.174666,-0.631603,0.75536][0.465288,0.989566,0][0,0.380944,0.892746][0,-0.641946,0.76675][0.493597,0.989566,0][-0.237593,0.380106,0.87776][-0.174666,-0.631603,0.75536][0.465288,0.989566,0][-0.238276,0.389279,0.880674][-0.225363,0.0742525,0.971441][0.465288,0.975184,0][-0.584972,0.389246,0.736544][-0.544094,0.074024,0.835752][0.419697,0.975184,0][-0.584972,0.389246,0.736544][-0.544094,0.074024,0.835752][0.419697,0.975184,0][-0.583403,0.380387,0.734115][-0.424531,-0.629614,0.650661][0.419697,0.989566,0][-0.237593,0.380106,0.87776][-0.174666,-0.631603,0.75536][0.465288,0.989566,0][-0.583403,0.380387,0.734115][-0.424531,-0.629614,0.650661][0.419697,0.989566,0][-0.584972,0.389246,0.736544][-0.544094,0.074024,0.835752][0.419697,0.975184,0][-0.824465,0.389099,0.508719][-0.784647,0.0745829,0.61544][0.397448,0.975184,0][-0.824465,0.389099,0.508719][-0.784647,0.0745829,0.61544][0.397448,0.975184,0][-0.822548,0.381624,0.50721][-0.609367,-0.633086,0.477361][0.397448,0.989566,0][-0.583403,0.380387,0.734115][-0.424531,-0.629614,0.650661][0.419697,0.989566,0][-0.822548,0.381624,0.50721][-0.609367,-0.633086,0.477361][0.397448,0.989566,0][-0.824465,0.389099,0.508719][-0.784647,0.0745829,0.61544][0.397448,0.975184,0][-1.00199,0.389152,0.198536][-0.930631,0.0744554,0.358305][0.354127,0.975184,0][-1.00199,0.389152,0.198536][-0.930631,0.0744554,0.358305][0.354127,0.975184,0][-0.999564,0.381176,0.197595][-0.722403,-0.633339,0.277516][0.354127,0.989566,0][-0.822548,0.381624,0.50721][-0.609367,-0.633086,0.477361][0.397448,0.989566,0][-0.999564,0.381176,0.197595][-0.722403,-0.633339,0.277516][0.354127,0.989566,0][-1.00199,0.389152,0.198536][-0.930631,0.0744554,0.358305][0.354127,0.975184,0][-1.08146,0.388949,-0.165251][-0.98869,0.0753347,0.129682][0.30887,0.975184,0][-1.08146,0.388949,-0.165251][-0.98869,0.0753347,0.129682][0.30887,0.975184,0][-1.07949,0.382891,-0.165362][-0.762311,-0.639348,0.100582][0.30887,0.989566,0][-0.999564,0.381176,0.197595][-0.722403,-0.633339,0.277516][0.354127,0.989566,0][-1.07949,0.382891,-0.165362][-0.762311,-0.639348,0.100582][0.30887,0.989566,0][-1.08146,0.388949,-0.165251][-0.98869,0.0753347,0.129682][0.30887,0.975184,0][-1.09192,0.389,-0.379974][-0.99456,0.0741098,-0.0731982][0.282226,0.975184,0][-1.09192,0.389,-0.379974][-0.99456,0.0741098,-0.0731982][0.282226,0.975184,0][-1.08981,0.382483,-0.379974][-0.772769,-0.632047,-0.0578304][0.282226,0.989566,0][-1.07949,0.382891,-0.165362][-0.762311,-0.639348,0.100582][0.30887,0.989566,0][-1.01796,0.38181,-0.733163][-0.723013,-0.63086,-0.281546][0.238378,0.989566,0][-1.02022,0.389084,-0.733886][-0.931079,0.0741123,-0.357209][0.238378,0.975184,0][-0.854406,0.391429,-1.01258][-0.776096,0.0773329,-0.625855][0.197727,0.975184,0][-0.854406,0.391429,-1.01258][-0.776096,0.0773329,-0.625855][0.197727,0.975184,0][-0.852773,0.384864,-1.01119][-0.605614,-0.632026,-0.483502][0.197727,0.989566,0][-1.01796,0.38181,-0.733163][-0.723013,-0.63086,-0.281546][0.238378,0.989566,0][-0.680385,0.3646,-1.19452][-0.99933,-0.0343251,-0.0126791][0.167129,0.977658,0][-0.688791,0.380573,-1.16428][-0.697188,-0.665908,-0.265511][0.178559,0.989566,0][-0.687772,0.385238,-1.16936][-0.795654,0.250807,-0.551389][0.178559,0.975184,0][-0.687772,0.385238,-1.16936][-0.795654,0.250807,-0.551389][0.178559,0.975184,0][-0.678528,0.368997,-1.201][-0.720741,0.267008,-0.639718][0.167129,0.960981,0][-0.680385,0.3646,-1.19452][-0.99933,-0.0343251,-0.0126791][0.167129,0.977658,0][-0.720854,0.0940156,-1.15748][-0.999562,0.0132737,-0.0264553][0.12712,0.989566,0][-0.718123,0.0946445,-1.16365][-0.697518,-0.0928111,-0.710532][0.12712,0.975184,0][-0.707196,-0.0126164,-1.14757][-0.671623,-0.288504,-0.682414][0.113095,0.975184,0][-0.707196,-0.0126164,-1.14757][-0.671623,-0.288504,-0.682414][0.113095,0.975184,0][-0.710048,-0.0132654,-1.14117][-0.931621,-0.363422,-0.00254469][0.113095,0.989566,0][-0.720854,0.0940156,-1.15748][-0.999562,0.0132737,-0.0264553][0.12712,0.989566,0][-0.440349,-0.22126,-1.1649][-0.411788,-0.910165,-0.045057][0.070552,0.989566,0][-0.645673,-0.0992874,-1.15097][-0.676254,-0.736417,-0.0192708][0.100829,0.989566,0][-0.643643,-0.0978744,-1.15701][-0.519139,-0.508767,-0.686769][0.100829,0.975184,0][-0.643643,-0.0978744,-1.15701][-0.519139,-0.508767,-0.686769][0.100829,0.975184,0][-0.439318,-0.218846,-1.17062][-0.303457,-0.622426,-0.721457][0.070552,0.975184,0][-0.440349,-0.22126,-1.1649][-0.411788,-0.910165,-0.045057][0.070552,0.989566,0][0,0.377022,0.88504][0,-0.995616,0.0935365][0.493597,0.894007,0][0,0.380944,0.892746][0,-0.641946,0.76675][0.493597,0.878388,0][-0.237593,0.380106,0.87776][-0.174666,-0.631603,0.75536][0.465288,0.878388,0][-0.237593,0.380106,0.87776][-0.174666,-0.631603,0.75536][0.465288,0.878388,0][-0.235632,0.375738,0.869382][-0.0243691,-0.993228,0.113594][0.465288,0.894007,0][0,0.377022,0.88504][0,-0.995616,0.0935365][0.493597,0.894007,0][-0.235632,0.375738,0.869382][-0.0243691,-0.993228,0.113594][0.465288,0.894007,0][-0.237593,0.380106,0.87776][-0.174666,-0.631603,0.75536][0.465288,0.878388,0][-0.583403,0.380387,0.734115][-0.424531,-0.629614,0.650661][0.419697,0.878388,0][-0.583403,0.380387,0.734115][-0.424531,-0.629614,0.650661][0.419697,0.878388,0][-0.578892,0.376169,0.727138][-0.068369,-0.992701,0.0993491][0.419697,0.894007,0][-0.235632,0.375738,0.869382][-0.0243691,-0.993228,0.113594][0.465288,0.894007,0][-0.578892,0.376169,0.727138][-0.068369,-0.992701,0.0993491][0.419697,0.894007,0][-0.583403,0.380387,0.734115][-0.424531,-0.629614,0.650661][0.419697,0.878388,0][-0.822548,0.381624,0.50721][-0.609367,-0.633086,0.477361][0.397448,0.878388,0][-0.822548,0.381624,0.50721][-0.609367,-0.633086,0.477361][0.397448,0.878388,0][-0.81704,0.378065,0.502874][-0.089987,-0.993594,0.0683578][0.397448,0.894007,0][-0.578892,0.376169,0.727138][-0.068369,-0.992701,0.0993491][0.419697,0.894007,0][-0.81704,0.378065,0.502874][-0.089987,-0.993594,0.0683578][0.397448,0.894007,0][-0.822548,0.381624,0.50721][-0.609367,-0.633086,0.477361][0.397448,0.878388,0][-0.999564,0.381176,0.197595][-0.722403,-0.633339,0.277516][0.354127,0.878388,0][-0.999564,0.381176,0.197595][-0.722403,-0.633339,0.277516][0.354127,0.878388,0][-0.992589,0.377378,0.194889][-0.105914,-0.993638,0.0382949][0.354127,0.894007,0][-0.81704,0.378065,0.502874][-0.089987,-0.993594,0.0683578][0.397448,0.894007,0][-0.992589,0.377378,0.194889][-0.105914,-0.993638,0.0382949][0.354127,0.894007,0][-0.999564,0.381176,0.197595][-0.722403,-0.633339,0.277516][0.354127,0.878388,0][-1.07949,0.382891,-0.165362][-0.762311,-0.639348,0.100582][0.30887,0.878388,0][-1.07949,0.382891,-0.165362][-0.762311,-0.639348,0.100582][0.30887,0.878388,0][-1.07382,0.380007,-0.16568][-0.0976563,-0.995139,0.0126968][0.30887,0.894007,0][-0.992589,0.377378,0.194889][-0.105914,-0.993638,0.0382949][0.354127,0.894007,0][-1.07382,0.380007,-0.16568][-0.0976563,-0.995139,0.0126968][0.30887,0.894007,0][-1.07949,0.382891,-0.165362][-0.762311,-0.639348,0.100582][0.30887,0.878388,0][-1.08981,0.382483,-0.379974][-0.772769,-0.632047,-0.0578304][0.282226,0.878388,0][-1.08981,0.382483,-0.379974][-0.772769,-0.632047,-0.0578304][0.282226,0.878388,0][-1.08377,0.379376,-0.379974][-0.108535,-0.99406,-0.00807582][0.282226,0.894007,0][-1.07382,0.380007,-0.16568][-0.0976563,-0.995139,0.0126968][0.30887,0.894007,0][-1.01149,0.378341,-0.731017][-0.107839,-0.993017,-0.0478383][0.238378,0.894007,0][-1.01796,0.38181,-0.733163][-0.723013,-0.63086,-0.281546][0.238378,0.878388,0][-0.852773,0.384864,-1.01119][-0.605614,-0.632026,-0.483502][0.197727,0.878388,0][-0.852773,0.384864,-1.01119][-0.605614,-0.632026,-0.483502][0.197727,0.878388,0][-0.847988,0.381737,-1.00731][-0.0890888,-0.993781,-0.0668003][0.197727,0.894007,0][-1.01149,0.378341,-0.731017][-0.107839,-0.993017,-0.0478383][0.238378,0.894007,0][-0.676505,0.362418,-1.18782][-0.649276,-0.389863,0.653029][0.167129,0.89704,0][-0.684892,0.378287,-1.15849][-0.160365,-0.972898,0.166593][0.178559,0.894007,0][-0.688791,0.380573,-1.16428][-0.697188,-0.665908,-0.265511][0.178559,0.878388,0][-0.688791,0.380573,-1.16428][-0.697188,-0.665908,-0.265511][0.178559,0.878388,0][-0.680385,0.3646,-1.19452][-0.99933,-0.0343251,-0.0126791][0.167129,0.883331,0][-0.676505,0.362418,-1.18782][-0.649276,-0.389863,0.653029][0.167129,0.89704,0][-0.718466,0.0935796,-1.15114][-0.73925,0.11333,0.663827][0.12712,0.894007,0][-0.720854,0.0940156,-1.15748][-0.999562,0.0132737,-0.0264553][0.12712,0.878388,0][-0.710048,-0.0132654,-1.14117][-0.931621,-0.363422,-0.00254469][0.113095,0.878388,0][-0.710048,-0.0132654,-1.14117][-0.931621,-0.363422,-0.00254469][0.113095,0.878388,0][-0.707845,-0.0120744,-1.1346][-0.700379,-0.247442,0.669508][0.113095,0.894007,0][-0.718466,0.0935796,-1.15114][-0.73925,0.11333,0.663827][0.12712,0.894007,0][-0.643831,-0.0978744,-1.14476][-0.477757,-0.601379,0.640384][0.100829,0.894007,0][-0.645673,-0.0992874,-1.15097][-0.676254,-0.736417,-0.0192708][0.100829,0.878388,0][-0.440349,-0.22126,-1.1649][-0.411788,-0.910165,-0.045057][0.070552,0.878388,0][-0.440349,-0.22126,-1.1649][-0.411788,-0.910165,-0.045057][0.070552,0.878388,0][-0.438926,-0.219534,-1.15901][-0.287845,-0.694896,0.658988][0.070552,0.894007,0][-0.643831,-0.0978744,-1.14476][-0.477757,-0.601379,0.640384][0.100829,0.894007,0][-0.643643,-0.0978744,-1.15701][-0.519139,-0.508767,-0.686769][0.100829,0.975184,0][-0.707196,-0.0126164,-1.14757][-0.671623,-0.288504,-0.682414][0.113095,0.975184,0][-0.700958,-0.0105034,-1.15004][-0.021042,-0.0421641,-0.998889][0.113095,0.959646,0][-0.700958,-0.0105034,-1.15004][-0.021042,-0.0421641,-0.998889][0.113095,0.959646,0][-0.63893,-0.0944633,-1.15934][-0.0529045,0.0352639,-0.997977][0.100829,0.959646,0][-0.643643,-0.0978744,-1.15701][-0.519139,-0.508767,-0.686769][0.100829,0.975184,0][-0.63893,-0.0944633,-1.15934][-0.0529045,0.0352639,-0.997977][0.100829,0.959646,0][-0.700958,-0.0105034,-1.15004][-0.021042,-0.0421641,-0.998889][0.113095,0.959646,0][-0.694989,-0.00816941,-1.14714][0.671279,0.238473,-0.701795][0.113095,0.943747,0][-0.694989,-0.00816941,-1.14714][0.671279,0.238473,-0.701795][0.113095,0.943747,0][-0.634295,-0.0910494,-1.1566][0.439822,0.574049,-0.69067][0.100829,0.943747,0][-0.63893,-0.0944633,-1.15934][-0.0529045,0.0352639,-0.997977][0.100829,0.959646,0][-0.694989,-0.00816941,-1.14714][0.671279,0.238473,-0.701795][0.113095,0.943747,0][-0.692785,-0.00697541,-1.14057][0.929504,0.362597,0.0674228][0.113095,0.930687,0][-0.632452,-0.0896354,-1.1504][0.663792,0.747829,0.0115251][0.100829,0.930687,0][-0.632452,-0.0896354,-1.1504][0.663792,0.747829,0.0115251][0.100829,0.930687,0][-0.634295,-0.0910494,-1.1566][0.439822,0.574049,-0.69067][0.100829,0.943747,0][-0.694989,-0.00816941,-1.14714][0.671279,0.238473,-0.701795][0.113095,0.943747,0][-0.692785,-0.00697541,-1.14057][0.929504,0.362597,0.0674228][0.113095,0.930687,0][-0.695637,-0.00762641,-1.13417][0.580799,0.249278,0.77494][0.113095,0.920989,0][-0.634483,-0.0910494,-1.14436][0.499517,0.463025,0.732182][0.100829,0.920989,0][-0.634483,-0.0910494,-1.14436][0.499517,0.463025,0.732182][0.100829,0.920989,0][-0.632452,-0.0896354,-1.1504][0.663792,0.747829,0.0115251][0.100829,0.930687,0][-0.692785,-0.00697541,-1.14057][0.929504,0.362597,0.0674228][0.113095,0.930687,0][-0.695637,-0.00762641,-1.13417][0.580799,0.249278,0.77494][0.113095,0.920989,0][-0.701876,-0.00973737,-1.1317][-0.0970302,-0.0044684,0.995271][0.113095,0.910061,0][-0.639196,-0.0944604,-1.14202][0.00091507,-0.134014,0.990979][0.100829,0.910061,0][-0.639196,-0.0944604,-1.14202][0.00091507,-0.134014,0.990979][0.100829,0.910061,0][-0.634483,-0.0910494,-1.14436][0.499517,0.463025,0.732182][0.100829,0.920989,0][-0.695637,-0.00762641,-1.13417][0.580799,0.249278,0.77494][0.113095,0.920989,0][-0.701876,-0.00973737,-1.1317][-0.0970302,-0.0044684,0.995271][0.113095,0.910061,0][-0.707845,-0.0120744,-1.1346][-0.700379,-0.247442,0.669508][0.113095,0.894007,0][-0.643831,-0.0978744,-1.14476][-0.477757,-0.601379,0.640384][0.100829,0.894007,0][-0.643831,-0.0978744,-1.14476][-0.477757,-0.601379,0.640384][0.100829,0.894007,0][-0.639196,-0.0944604,-1.14202][0.00091507,-0.134014,0.990979][0.100829,0.910061,0][-0.701876,-0.00973737,-1.1317][-0.0970302,-0.0044684,0.995271][0.113095,0.910061,0][-0.643831,-0.0978744,-1.14476][-0.477757,-0.601379,0.640384][0.100829,0.894007,0][-0.707845,-0.0120744,-1.1346][-0.700379,-0.247442,0.669508][0.113095,0.894007,0][-0.710048,-0.0132654,-1.14117][-0.931621,-0.363422,-0.00254469][0.113095,0.878388,0][-0.710048,-0.0132654,-1.14117][-0.931621,-0.363422,-0.00254469][0.113095,0.878388,0][-0.645673,-0.0992874,-1.15097][-0.676254,-0.736417,-0.0192708][0.100829,0.878388,0][-0.643831,-0.0978744,-1.14476][-0.477757,-0.601379,0.640384][0.100829,0.894007,0][-0.645673,-0.0992874,-1.15097][-0.676254,-0.736417,-0.0192708][0.100829,0.989566,0][-0.710048,-0.0132654,-1.14117][-0.931621,-0.363422,-0.00254469][0.113095,0.989566,0][-0.707196,-0.0126164,-1.14757][-0.671623,-0.288504,-0.682414][0.113095,0.975184,0][-0.707196,-0.0126164,-1.14757][-0.671623,-0.288504,-0.682414][0.113095,0.975184,0][-0.643643,-0.0978744,-1.15701][-0.519139,-0.508767,-0.686769][0.100829,0.975184,0][-0.645673,-0.0992874,-1.15097][-0.676254,-0.736417,-0.0192708][0.100829,0.989566,0][-0.711871,0.0950996,-1.16603][0.00771541,-0.161028,-0.98692][0.12712,0.959646,0][-0.677593,0.319206,-1.20491][0.0323659,-0.0627076,-0.997507][0.156849,0.959646,0][-0.670459,0.315721,-1.20166][0.69415,-0.153239,-0.70333][0.156849,0.943747,0][-0.670459,0.315721,-1.20166][0.69415,-0.153239,-0.70333][0.156849,0.943747,0][-0.705762,0.0951107,-1.16322][0.709482,-0.140339,-0.690608][0.12712,0.943747,0][-0.711871,0.0950996,-1.16603][0.00771541,-0.161028,-0.98692][0.12712,0.959646,0][-0.705762,0.0951107,-1.16322][0.709482,-0.140339,-0.690608][0.12712,0.943747,0][-0.670459,0.315721,-1.20166][0.69415,-0.153239,-0.70333][0.156849,0.943747,0][-0.668449,0.311832,-1.19439][0.985677,-0.161085,0.0499269][0.156849,0.930687,0][-0.668449,0.311832,-1.19439][0.985677,-0.161085,0.0499269][0.156849,0.930687,0][-0.703373,0.0946736,-1.15687][0.999265,-0.0222358,0.0312361][0.12712,0.930687,0][-0.705762,0.0951107,-1.16322][0.709482,-0.140339,-0.690608][0.12712,0.943747,0][-0.703373,0.0946736,-1.15687][0.999265,-0.0222358,0.0312361][0.12712,0.930687,0][-0.668449,0.311832,-1.19439][0.985677,-0.161085,0.0499269][0.156849,0.930687,0][-0.672739,0.309816,-1.18736][0.640116,-0.0389572,0.76729][0.156849,0.920989,0][-0.672739,0.309816,-1.18736][0.640116,-0.0389572,0.76729][0.156849,0.920989,0][-0.706104,0.0940446,-1.1507][0.661135,0.113392,0.741649][0.12712,0.920989,0][-0.703373,0.0946736,-1.15687][0.999265,-0.0222358,0.0312361][0.12712,0.930687,0][-0.706104,0.0940446,-1.1507][0.661135,0.113392,0.741649][0.12712,0.920989,0][-0.672739,0.309816,-1.18736][0.640116,-0.0389572,0.76729][0.156849,0.920989,0][-0.680817,0.31086,-1.18469][-0.0247954,0.0971876,0.994957][0.156849,0.910061,0][-0.680817,0.31086,-1.18469][-0.0247954,0.0971876,0.994957][0.156849,0.910061,0][-0.712356,0.0935895,-1.14833][-0.0684526,0.162996,0.984249][0.12712,0.910061,0][-0.706104,0.0940446,-1.1507][0.661135,0.113392,0.741649][0.12712,0.920989,0][-0.680817,0.31086,-1.18469][-0.0247954,0.0971876,0.994957][0.156849,0.910061,0][-0.687951,0.314346,-1.18794][-0.708548,0.181295,0.681976][0.156849,0.894007,0][-0.718466,0.0935796,-1.15114][-0.73925,0.11333,0.663827][0.12712,0.894007,0][-0.718466,0.0935796,-1.15114][-0.73925,0.11333,0.663827][0.12712,0.894007,0][-0.712356,0.0935895,-1.14833][-0.0684526,0.162996,0.984249][0.12712,0.910061,0][-0.680817,0.31086,-1.18469][-0.0247954,0.0971876,0.994957][0.156849,0.910061,0][-0.687951,0.314346,-1.18794][-0.708548,0.181295,0.681976][0.156849,0.894007,0][-0.689961,0.318235,-1.1952][-0.982394,0.161269,-0.0943099][0.156849,0.878388,0][-0.720854,0.0940156,-1.15748][-0.999562,0.0132737,-0.0264553][0.12712,0.878388,0][-0.720854,0.0940156,-1.15748][-0.999562,0.0132737,-0.0264553][0.12712,0.878388,0][-0.718466,0.0935796,-1.15114][-0.73925,0.11333,0.663827][0.12712,0.894007,0][-0.687951,0.314346,-1.18794][-0.708548,0.181295,0.681976][0.156849,0.894007,0][-0.689961,0.318235,-1.1952][-0.982394,0.161269,-0.0943099][0.156849,0.989566,0][-0.685671,0.320247,-1.20223][-0.628772,0.0529019,-0.775788][0.156849,0.975184,0][-0.718123,0.0946445,-1.16365][-0.697518,-0.0928111,-0.710532][0.12712,0.975184,0][-0.718123,0.0946445,-1.16365][-0.697518,-0.0928111,-0.710532][0.12712,0.975184,0][-0.720854,0.0940156,-1.15748][-0.999562,0.0132737,-0.0264553][0.12712,0.989566,0][-0.689961,0.318235,-1.1952][-0.982394,0.161269,-0.0943099][0.156849,0.989566,0][-0.711871,0.0950996,-1.16603][0.00771541,-0.161028,-0.98692][0.12712,0.959646,0][-0.718123,0.0946445,-1.16365][-0.697518,-0.0928111,-0.710532][0.12712,0.975184,0][-0.685671,0.320247,-1.20223][-0.628772,0.0529019,-0.775788][0.156849,0.975184,0][-0.685671,0.320247,-1.20223][-0.628772,0.0529019,-0.775788][0.156849,0.975184,0][-0.677593,0.319206,-1.20491][0.0323659,-0.0627076,-0.997507][0.156849,0.959646,0][-0.711871,0.0950996,-1.16603][0.00771541,-0.161028,-0.98692][0.12712,0.959646,0][-0.677593,0.319206,-1.20491][0.0323659,-0.0627076,-0.997507][0.156849,0.959646,0][-0.672021,0.373037,-1.20345][-0.09018,0.481103,-0.872013][0.167129,0.950887,0][-0.664677,0.374352,-1.20045][0.56096,0.50881,-0.653021][0.167129,0.936844,0][-0.664677,0.374352,-1.20045][0.56096,0.50881,-0.653021][0.167129,0.936844,0][-0.670459,0.315721,-1.20166][0.69415,-0.153239,-0.70333][0.156849,0.943747,0][-0.677593,0.319206,-1.20491][0.0323659,-0.0627076,-0.997507][0.156849,0.959646,0][-0.670459,0.315721,-1.20166][0.69415,-0.153239,-0.70333][0.156849,0.943747,0][-0.664677,0.374352,-1.20045][0.56096,0.50881,-0.653021][0.167129,0.936844,0][-0.660796,0.372173,-1.19375][0.956977,0.25634,-0.135957][0.167129,0.930687,0][-0.660796,0.372173,-1.19375][0.956977,0.25634,-0.135957][0.167129,0.930687,0][-0.668449,0.311832,-1.19439][0.985677,-0.161085,0.0499269][0.156849,0.930687,0][-0.670459,0.315721,-1.20166][0.69415,-0.153239,-0.70333][0.156849,0.943747,0][-0.668449,0.311832,-1.19439][0.985677,-0.161085,0.0499269][0.156849,0.930687,0][-0.660796,0.372173,-1.19375][0.956977,0.25634,-0.135957][0.167129,0.930687,0][-0.662653,0.367776,-1.18728][0.880909,-0.174112,0.440095][0.167129,0.924284,0][-0.662653,0.367776,-1.18728][0.880909,-0.174112,0.440095][0.167129,0.924284,0][-0.672739,0.309816,-1.18736][0.640116,-0.0389572,0.76729][0.156849,0.920989,0][-0.668449,0.311832,-1.19439][0.985677,-0.161085,0.0499269][0.156849,0.930687,0][-0.672739,0.309816,-1.18736][0.640116,-0.0389572,0.76729][0.156849,0.920989,0][-0.662653,0.367776,-1.18728][0.880909,-0.174112,0.440095][0.167129,0.924284,0][-0.66916,0.363734,-1.18482][0.243142,-0.460377,0.853777][0.167129,0.916764,0][-0.66916,0.363734,-1.18482][0.243142,-0.460377,0.853777][0.167129,0.916764,0][-0.680817,0.31086,-1.18469][-0.0247954,0.0971876,0.994957][0.156849,0.910061,0][-0.672739,0.309816,-1.18736][0.640116,-0.0389572,0.76729][0.156849,0.920989,0][-0.680817,0.31086,-1.18469][-0.0247954,0.0971876,0.994957][0.156849,0.910061,0][-0.66916,0.363734,-1.18482][0.243142,-0.460377,0.853777][0.167129,0.916764,0][-0.676505,0.362418,-1.18782][-0.649276,-0.389863,0.653029][0.167129,0.89704,0][-0.676505,0.362418,-1.18782][-0.649276,-0.389863,0.653029][0.167129,0.89704,0][-0.687951,0.314346,-1.18794][-0.708548,0.181295,0.681976][0.156849,0.894007,0][-0.680817,0.31086,-1.18469][-0.0247954,0.0971876,0.994957][0.156849,0.910061,0][-0.676505,0.362418,-1.18782][-0.649276,-0.389863,0.653029][0.167129,0.89704,0][-0.680385,0.3646,-1.19452][-0.99933,-0.0343251,-0.0126791][0.167129,0.883331,0][-0.689961,0.318235,-1.1952][-0.982394,0.161269,-0.0943099][0.156849,0.878388,0][-0.689961,0.318235,-1.1952][-0.982394,0.161269,-0.0943099][0.156849,0.878388,0][-0.687951,0.314346,-1.18794][-0.708548,0.181295,0.681976][0.156849,0.894007,0][-0.676505,0.362418,-1.18782][-0.649276,-0.389863,0.653029][0.167129,0.89704,0][-0.680385,0.3646,-1.19452][-0.99933,-0.0343251,-0.0126791][0.167129,0.977658,0][-0.678528,0.368997,-1.201][-0.720741,0.267008,-0.639718][0.167129,0.960981,0][-0.685671,0.320247,-1.20223][-0.628772,0.0529019,-0.775788][0.156849,0.975184,0][-0.685671,0.320247,-1.20223][-0.628772,0.0529019,-0.775788][0.156849,0.975184,0][-0.689961,0.318235,-1.1952][-0.982394,0.161269,-0.0943099][0.156849,0.989566,0][-0.680385,0.3646,-1.19452][-0.99933,-0.0343251,-0.0126791][0.167129,0.977658,0][-0.678528,0.368997,-1.201][-0.720741,0.267008,-0.639718][0.167129,0.960981,0][-0.672021,0.373037,-1.20345][-0.09018,0.481103,-0.872013][0.167129,0.950887,0][-0.677593,0.319206,-1.20491][0.0323659,-0.0627076,-0.997507][0.156849,0.959646,0][-0.677593,0.319206,-1.20491][0.0323659,-0.0627076,-0.997507][0.156849,0.959646,0][-0.685671,0.320247,-1.20223][-0.628772,0.0529019,-0.775788][0.156849,0.975184,0][-0.678528,0.368997,-1.201][-0.720741,0.267008,-0.639718][0.167129,0.960981,0][-0.687772,0.385238,-1.16936][-0.795654,0.250807,-0.551389][0.178559,0.975184,0][-0.854406,0.391429,-1.01258][-0.776096,0.0773329,-0.625855][0.197727,0.975184,0][-0.851931,0.39759,-1.01067][-0.514277,0.745079,-0.424707][0.197727,0.959646,0][-0.851931,0.39759,-1.01067][-0.514277,0.745079,-0.424707][0.197727,0.959646,0][-0.682431,0.389553,-1.17076][-0.299774,0.848789,-0.435537][0.178559,0.959646,0][-0.687772,0.385238,-1.16936][-0.795654,0.250807,-0.551389][0.178559,0.975184,0][-0.682431,0.389553,-1.17076][-0.299774,0.848789,-0.435537][0.178559,0.959646,0][-0.851931,0.39759,-1.01067][-0.514277,0.745079,-0.424707][0.197727,0.959646,0][-0.846798,0.399736,-1.00657][0.0421324,0.998997,0.0151624][0.197727,0.943747,0][-0.846798,0.399736,-1.00657][0.0421324,0.998997,0.0151624][0.197727,0.943747,0][-0.675897,0.390991,-1.16766][0.27479,0.949146,-0.153667][0.178559,0.943747,0][-0.682431,0.389553,-1.17076][-0.299774,0.848789,-0.435537][0.178559,0.959646,0][-0.846798,0.399736,-1.00657][0.0421324,0.998997,0.0151624][0.197727,0.943747,0][-0.842013,0.396608,-1.00269][0.583458,0.671703,0.4565][0.197727,0.930687,0][-0.671997,0.388704,-1.16187][0.726968,0.635319,0.260551][0.178559,0.930687,0][-0.671997,0.388704,-1.16187][0.726968,0.635319,0.260551][0.178559,0.930687,0][-0.675897,0.390991,-1.16766][0.27479,0.949146,-0.153667][0.178559,0.943747,0][-0.846798,0.399736,-1.00657][0.0421324,0.998997,0.0151624][0.197727,0.943747,0][-0.842013,0.396608,-1.00269][0.583458,0.671703,0.4565][0.197727,0.930687,0][-0.84038,0.390043,-1.0013][0.777184,-0.075574,0.624719][0.197727,0.920989,0][-0.673017,0.384036,-1.15679][0.790438,-0.0307358,0.61177][0.178559,0.920989,0][-0.673017,0.384036,-1.15679][0.790438,-0.0307358,0.61177][0.178559,0.920989,0][-0.671997,0.388704,-1.16187][0.726968,0.635319,0.260551][0.178559,0.930687,0][-0.842013,0.396608,-1.00269][0.583458,0.671703,0.4565][0.197727,0.930687,0][-0.84038,0.390043,-1.0013][0.777184,-0.075574,0.624719][0.197727,0.920989,0][-0.842855,0.383883,-1.00321][0.489607,-0.776072,0.397488][0.197727,0.910061,0][-0.678358,0.379722,-1.15539][0.402439,-0.750111,0.524763][0.178559,0.910061,0][-0.678358,0.379722,-1.15539][0.402439,-0.750111,0.524763][0.178559,0.910061,0][-0.673017,0.384036,-1.15679][0.790438,-0.0307358,0.61177][0.178559,0.920989,0][-0.84038,0.390043,-1.0013][0.777184,-0.075574,0.624719][0.197727,0.920989,0][-0.842855,0.383883,-1.00321][0.489607,-0.776072,0.397488][0.197727,0.910061,0][-0.847988,0.381737,-1.00731][-0.0890888,-0.993781,-0.0668003][0.197727,0.894007,0][-0.684892,0.378287,-1.15849][-0.160365,-0.972898,0.166593][0.178559,0.894007,0][-0.684892,0.378287,-1.15849][-0.160365,-0.972898,0.166593][0.178559,0.894007,0][-0.678358,0.379722,-1.15539][0.402439,-0.750111,0.524763][0.178559,0.910061,0][-0.842855,0.383883,-1.00321][0.489607,-0.776072,0.397488][0.197727,0.910061,0][-0.847988,0.381737,-1.00731][-0.0890888,-0.993781,-0.0668003][0.197727,0.894007,0][-0.852773,0.384864,-1.01119][-0.605614,-0.632026,-0.483502][0.197727,0.878388,0][-0.688791,0.380573,-1.16428][-0.697188,-0.665908,-0.265511][0.178559,0.878388,0][-0.688791,0.380573,-1.16428][-0.697188,-0.665908,-0.265511][0.178559,0.878388,0][-0.684892,0.378287,-1.15849][-0.160365,-0.972898,0.166593][0.178559,0.894007,0][-0.847988,0.381737,-1.00731][-0.0890888,-0.993781,-0.0668003][0.197727,0.894007,0][-0.688791,0.380573,-1.16428][-0.697188,-0.665908,-0.265511][0.178559,0.989566,0][-0.852773,0.384864,-1.01119][-0.605614,-0.632026,-0.483502][0.197727,0.989566,0][-0.854406,0.391429,-1.01258][-0.776096,0.0773329,-0.625855][0.197727,0.975184,0][-0.854406,0.391429,-1.01258][-0.776096,0.0773329,-0.625855][0.197727,0.975184,0][-0.687772,0.385238,-1.16936][-0.795654,0.250807,-0.551389][0.178559,0.975184,0][-0.688791,0.380573,-1.16428][-0.697188,-0.665908,-0.265511][0.178559,0.989566,0][-0.435881,-0.214674,-1.15642][0.000972616,-0.0729285,0.997337][0.070552,0.910061,0][-0.438926,-0.219534,-1.15901][-0.287845,-0.694896,0.658988][0.070552,0.894007,0][-0.178251,-0.301916,-1.1579][-0.20008,-0.744749,0.636645][0.035572,0.894007,0][-0.178251,-0.301916,-1.1579][-0.20008,-0.744749,0.636645][0.035572,0.894007,0][-0.176771,-0.296092,-1.15478][-0.0125653,-0.0496171,0.998689][0.035523,0.910061,0][-0.435881,-0.214674,-1.15642][0.000972616,-0.0729285,0.997337][0.070552,0.910061,0][-0.432999,-0.209535,-1.15862][0.288123,0.604932,0.742322][0.070552,0.920989,0][-0.435881,-0.214674,-1.15642][0.000972616,-0.0729285,0.997337][0.070552,0.910061,0][-0.176771,-0.296092,-1.15478][-0.0125653,-0.0496171,0.998689][0.035523,0.910061,0][-0.176771,-0.296092,-1.15478][-0.0125653,-0.0496171,0.998689][0.035523,0.910061,0][-0.175369,-0.289926,-1.15743][0.185355,0.674974,0.71418][0.035546,0.920989,0][-0.432999,-0.209535,-1.15862][0.288123,0.604932,0.742322][0.070552,0.920989,0][-0.431967,-0.207118,-1.16434][0.401385,0.915284,0.0338504][0.070552,0.930687,0][-0.432999,-0.209535,-1.15862][0.288123,0.604932,0.742322][0.070552,0.920989,0][-0.175369,-0.289926,-1.15743][0.185355,0.674974,0.71418][0.035546,0.920989,0][-0.175369,-0.289926,-1.15743][0.185355,0.674974,0.71418][0.035546,0.920989,0][-0.174867,-0.287031,-1.16429][0.264692,0.962942,0.0517758][0.035627,0.930687,0][-0.431967,-0.207118,-1.16434][0.401385,0.915284,0.0338504][0.070552,0.930687,0][-0.433391,-0.208847,-1.17022][0.271598,0.666244,-0.694517][0.070552,0.943747,0][-0.431967,-0.207118,-1.16434][0.401385,0.915284,0.0338504][0.070552,0.930687,0][-0.174867,-0.287031,-1.16429][0.264692,0.962942,0.0517758][0.035627,0.930687,0][-0.174867,-0.287031,-1.16429][0.264692,0.962942,0.0517758][0.035627,0.930687,0][-0.175559,-0.289102,-1.17134][0.202173,0.736032,-0.646052][0.035794,0.943747,0][-0.433391,-0.208847,-1.17022][0.271598,0.666244,-0.694517][0.070552,0.943747,0][-0.436435,-0.213704,-1.17282][-0.0220808,0.0210222,-0.999535][0.070552,0.959646,0][-0.433391,-0.208847,-1.17022][0.271598,0.666244,-0.694517][0.070552,0.943747,0][-0.175559,-0.289102,-1.17134][0.202173,0.736032,-0.646052][0.035794,0.943747,0][-0.175559,-0.289102,-1.17134][0.202173,0.736032,-0.646052][0.035794,0.943747,0][-0.17704,-0.294926,-1.17446][0.00888252,0.0294652,-0.999526][0.035871,0.959646,0][-0.436435,-0.213704,-1.17282][-0.0220808,0.0210222,-0.999535][0.070552,0.959646,0][-0.439318,-0.218846,-1.17062][-0.303457,-0.622426,-0.721457][0.070552,0.975184,0][-0.436435,-0.213704,-1.17282][-0.0220808,0.0210222,-0.999535][0.070552,0.959646,0][-0.17704,-0.294926,-1.17446][0.00888252,0.0294652,-0.999526][0.035871,0.959646,0][-0.17704,-0.294926,-1.17446][0.00888252,0.0294652,-0.999526][0.035871,0.959646,0][-0.178442,-0.301092,-1.17181][-0.184182,-0.684963,-0.704914][0.035889,0.975184,0][-0.439318,-0.218846,-1.17062][-0.303457,-0.622426,-0.721457][0.070552,0.975184,0][-0.440349,-0.22126,-1.1649][-0.411788,-0.910165,-0.045057][0.070552,0.989566,0][-0.439318,-0.218846,-1.17062][-0.303457,-0.622426,-0.721457][0.070552,0.975184,0][-0.178442,-0.301092,-1.17181][-0.184182,-0.684963,-0.704914][0.035889,0.975184,0][-0.178442,-0.301092,-1.17181][-0.184182,-0.684963,-0.704914][0.035889,0.975184,0][-0.178944,-0.303986,-1.16495][-0.258871,-0.964559,-0.0511111][0.035842,0.989566,0][-0.440349,-0.22126,-1.1649][-0.411788,-0.910165,-0.045057][0.070552,0.989566,0][-0.438926,-0.219534,-1.15901][-0.287845,-0.694896,0.658988][0.070552,0.894007,0][-0.440349,-0.22126,-1.1649][-0.411788,-0.910165,-0.045057][0.070552,0.878388,0][-0.178944,-0.303986,-1.16495][-0.258871,-0.964559,-0.0511111][0.03568,0.878388,0][-0.178944,-0.303986,-1.16495][-0.258871,-0.964559,-0.0511111][0.03568,0.878388,0][-0.178251,-0.301916,-1.1579][-0.20008,-0.744749,0.636645][0.035572,0.894007,0][-0.438926,-0.219534,-1.15901][-0.287845,-0.694896,0.658988][0.070552,0.894007,0][0,-0.336771,-1.15616][0,-0.104538,0.994521][0.011752,0.910061,0][-0.176771,-0.296092,-1.15478][-0.0125653,-0.0496171,0.998689][0.035523,0.910061,0][-0.178251,-0.301916,-1.1579][-0.20008,-0.744749,0.636645][0.035572,0.894007,0][-0.178251,-0.301916,-1.1579][-0.20008,-0.744749,0.636645][0.035572,0.894007,0][0,-0.341781,-1.15884][0,-0.796264,0.604949][0.011768,0.894007,0][0,-0.336771,-1.15616][0,-0.104538,0.994521][0.011752,0.910061,0][0,-0.331469,-1.15843][0,0.679843,0.733358][0.011737,0.920989,0][-0.175369,-0.289926,-1.15743][0.185355,0.674974,0.71418][0.035546,0.920989,0][-0.176771,-0.296092,-1.15478][-0.0125653,-0.0496171,0.998689][0.035523,0.910061,0][-0.176771,-0.296092,-1.15478][-0.0125653,-0.0496171,0.998689][0.035523,0.910061,0][0,-0.336771,-1.15616][0,-0.104538,0.994521][0.011752,0.910061,0][0,-0.331469,-1.15843][0,0.679843,0.733358][0.011737,0.920989,0][-0.174867,-0.287031,-1.16429][0.264692,0.962942,0.0517758][0.035627,0.930687,0][-0.175369,-0.289926,-1.15743][0.185355,0.674974,0.71418][0.035546,0.920989,0][0,-0.331469,-1.15843][0,0.679843,0.733358][0.011737,0.920989,0][0,-0.331469,-1.15843][0,0.679843,0.733358][0.011737,0.920989,0][0,-0.328977,-1.16433][0,0.998223,0.0595829][0.011722,0.930687,0][-0.174867,-0.287031,-1.16429][0.264692,0.962942,0.0517758][0.035627,0.930687,0][-0.175559,-0.289102,-1.17134][0.202173,0.736032,-0.646052][0.035794,0.943747,0][-0.174867,-0.287031,-1.16429][0.264692,0.962942,0.0517758][0.035627,0.930687,0][0,-0.328977,-1.16433][0,0.998223,0.0595829][0.011722,0.930687,0][0,-0.328977,-1.16433][0,0.998223,0.0595829][0.011722,0.930687,0][0,-0.33076,-1.1704][0,0.751667,-0.659543][0.011713,0.943747,0][-0.175559,-0.289102,-1.17134][0.202173,0.736032,-0.646052][0.035794,0.943747,0][-0.17704,-0.294926,-1.17446][0.00888252,0.0294652,-0.999526][0.035871,0.959646,0][-0.175559,-0.289102,-1.17134][0.202173,0.736032,-0.646052][0.035794,0.943747,0][0,-0.33076,-1.1704][0,0.751667,-0.659543][0.011713,0.943747,0][0,-0.33076,-1.1704][0,0.751667,-0.659543][0.011713,0.943747,0][0,-0.335768,-1.17308][0,-0.0194286,-0.999811][0.011724,0.959646,0][-0.17704,-0.294926,-1.17446][0.00888252,0.0294652,-0.999526][0.035871,0.959646,0][-0.178442,-0.301092,-1.17181][-0.184182,-0.684963,-0.704914][0.035889,0.975184,0][-0.17704,-0.294926,-1.17446][0.00888252,0.0294652,-0.999526][0.035871,0.959646,0][0,-0.335768,-1.17308][0,-0.0194286,-0.999811][0.011724,0.959646,0][0,-0.335768,-1.17308][0,-0.0194286,-0.999811][0.011724,0.959646,0][0,-0.341072,-1.1708][0,-0.733932,-0.679223][0.011744,0.975184,0][-0.178442,-0.301092,-1.17181][-0.184182,-0.684963,-0.704914][0.035889,0.975184,0][-0.178944,-0.303986,-1.16495][-0.258871,-0.964559,-0.0511111][0.035842,0.989566,0][-0.178442,-0.301092,-1.17181][-0.184182,-0.684963,-0.704914][0.035889,0.975184,0][0,-0.341072,-1.1708][0,-0.733932,-0.679223][0.011744,0.975184,0][0,-0.341072,-1.1708][0,-0.733932,-0.679223][0.011744,0.975184,0][0,-0.343562,-1.16491][0,-0.998531,-0.0541829][0.011761,0.989566,0][-0.178944,-0.303986,-1.16495][-0.258871,-0.964559,-0.0511111][0.035842,0.989566,0][-0.178251,-0.301916,-1.1579][-0.20008,-0.744749,0.636645][0.035572,0.894007,0][-0.178944,-0.303986,-1.16495][-0.258871,-0.964559,-0.0511111][0.03568,0.878388,0][0,-0.343562,-1.16491][0,-0.998531,-0.0541829][0.011758,0.878388,0][0,-0.343562,-1.16491][0,-0.998531,-0.0541829][0.011758,0.878388,0][0,-0.341781,-1.15884][0,-0.796264,0.604949][0.011768,0.894007,0][-0.178251,-0.301916,-1.1579][-0.20008,-0.744749,0.636645][0.035572,0.894007,0][1.01149,0.378341,-0.731017][0.107784,-0.993023,-0.0478367][0.238378,0.894007,0][1.08377,0.379376,-0.379974][0.108477,-0.994066,-0.00804763][0.282226,0.894007,0][1.07733,0.381499,-0.379974][-0.633743,-0.771738,0.0528166][0.282226,0.910061,0][1.07733,0.381499,-0.379974][-0.633743,-0.771738,0.0528166][0.282226,0.910061,0][1.00459,0.380708,-0.728706][-0.5842,-0.780462,0.222687][0.238378,0.910061,0][1.01149,0.378341,-0.731017][0.107784,-0.993023,-0.0478367][0.238378,0.894007,0][1.00459,0.380708,-0.728706][-0.5842,-0.780462,0.222687][0.238378,0.910061,0][1.07733,0.381499,-0.379974][-0.633743,-0.771738,0.0528166][0.282226,0.910061,0][1.07426,0.387612,-0.379974][-0.993367,-0.0788304,0.0837065][0.282226,0.920989,0][1.07426,0.387612,-0.379974][-0.993367,-0.0788304,0.0837065][0.282226,0.920989,0][1.00131,0.387528,-0.727582][-0.928905,-0.0822309,0.361074][0.238378,0.920989,0][1.00459,0.380708,-0.728706][-0.5842,-0.780462,0.222687][0.238378,0.910061,0][1.00131,0.387528,-0.727582][-0.928905,-0.0822309,0.361074][0.238378,0.920989,0][1.07426,0.387612,-0.379974][-0.993367,-0.0788304,0.0837065][0.282226,0.920989,0][1.07636,0.394132,-0.379974][-0.746981,0.661889,0.0626338][0.282226,0.930687,0][1.07636,0.394132,-0.379974][-0.746981,0.661889,0.0626338][0.282226,0.930687,0][1.00357,0.394802,-0.728305][-0.691738,0.669388,0.270958][0.238378,0.930687,0][1.00131,0.387528,-0.727582][-0.928905,-0.0822309,0.361074][0.238378,0.920989,0][1.00357,0.394802,-0.728305][-0.691738,0.669388,0.270958][0.238378,0.930687,0][1.07636,0.394132,-0.379974][-0.746981,0.661889,0.0626338][0.282226,0.930687,0][1.08241,0.397237,-0.379974][-0.0469807,0.998887,0.0042937][0.282226,0.943747,0][1.08241,0.397237,-0.379974][-0.0469807,0.998887,0.0042937][0.282226,0.943747,0][1.01004,0.398271,-0.730451][-0.0345217,0.999284,0.015496][0.238378,0.943747,0][1.00357,0.394802,-0.728305][-0.691738,0.669388,0.270958][0.238378,0.930687,0][1.01004,0.398271,-0.730451][-0.0345217,0.999284,0.015496][0.238378,0.943747,0][1.08241,0.397237,-0.379974][-0.0469807,0.998887,0.0042937][0.282226,0.943747,0][1.08885,0.39511,-0.379974][0.669042,0.741508,-0.0504908][0.282226,0.959646,0][1.08885,0.39511,-0.379974][0.669042,0.741508,-0.0504908][0.282226,0.959646,0][1.01694,0.395903,-0.732763][0.628269,0.739995,-0.24018][0.238378,0.959646,0][1.01004,0.398271,-0.730451][-0.0345217,0.999284,0.015496][0.238378,0.943747,0][1.01694,0.395903,-0.732763][0.628269,0.739995,-0.24018][0.238378,0.959646,0][1.08885,0.39511,-0.379974][0.669042,0.741508,-0.0504908][0.282226,0.959646,0][1.09192,0.389,-0.379974][0.994555,0.0741618,-0.0732139][0.282226,0.975184,0][1.09192,0.389,-0.379974][0.994555,0.0741618,-0.0732139][0.282226,0.975184,0][1.02022,0.389084,-0.733886][0.931081,0.0741617,-0.357195][0.238378,0.975184,0][1.01694,0.395903,-0.732763][0.628269,0.739995,-0.24018][0.238378,0.959646,0][1.02022,0.389084,-0.733886][0.931081,0.0741617,-0.357195][0.238378,0.975184,0][1.09192,0.389,-0.379974][0.994555,0.0741618,-0.0732139][0.282226,0.975184,0][1.08981,0.382483,-0.379974][0.772779,-0.632043,-0.0577444][0.282226,0.989566,0][1.08981,0.382483,-0.379974][0.772779,-0.632043,-0.0577444][0.282226,0.989566,0][1.01796,0.38181,-0.733163][0.722991,-0.630852,-0.281621][0.238378,0.989566,0][1.02022,0.389084,-0.733886][0.931081,0.0741617,-0.357195][0.238378,0.975184,0][1.01796,0.38181,-0.733163][0.722991,-0.630852,-0.281621][0.238378,0.878388,0][1.08981,0.382483,-0.379974][0.772779,-0.632043,-0.0577444][0.282226,0.878388,0][1.08377,0.379376,-0.379974][0.108477,-0.994066,-0.00804763][0.282226,0.894007,0][1.08377,0.379376,-0.379974][0.108477,-0.994066,-0.00804763][0.282226,0.894007,0][1.01149,0.378341,-0.731017][0.107784,-0.993023,-0.0478367][0.238378,0.894007,0][1.01796,0.38181,-0.733163][0.722991,-0.630852,-0.281621][0.238378,0.878388,0][-1.00459,0.380708,-0.728706][0.584228,-0.780468,0.222593][0.238378,0.910061,0][-1.07733,0.381499,-0.379974][0.633733,-0.771739,0.0529285][0.282226,0.910061,0][-1.08377,0.379376,-0.379974][-0.108535,-0.99406,-0.00807582][0.282226,0.894007,0][-1.08377,0.379376,-0.379974][-0.108535,-0.99406,-0.00807582][0.282226,0.894007,0][-1.01149,0.378341,-0.731017][-0.107839,-0.993017,-0.0478383][0.238378,0.894007,0][-1.00459,0.380708,-0.728706][0.584228,-0.780468,0.222593][0.238378,0.910061,0][-1.00131,0.387528,-0.727582][0.928915,-0.0821753,0.361059][0.238378,0.920989,0][-1.07426,0.387612,-0.379974][0.993371,-0.0787633,0.0837277][0.282226,0.920989,0][-1.07733,0.381499,-0.379974][0.633733,-0.771739,0.0529285][0.282226,0.910061,0][-1.07733,0.381499,-0.379974][0.633733,-0.771739,0.0529285][0.282226,0.910061,0][-1.00459,0.380708,-0.728706][0.584228,-0.780468,0.222593][0.238378,0.910061,0][-1.00131,0.387528,-0.727582][0.928915,-0.0821753,0.361059][0.238378,0.920989,0][-1.00357,0.394802,-0.728305][0.6917,0.669393,0.271044][0.238378,0.930687,0][-1.07636,0.394132,-0.379974][0.746979,0.6619,0.0625256][0.282226,0.930687,0][-1.07426,0.387612,-0.379974][0.993371,-0.0787633,0.0837277][0.282226,0.920989,0][-1.07426,0.387612,-0.379974][0.993371,-0.0787633,0.0837277][0.282226,0.920989,0][-1.00131,0.387528,-0.727582][0.928915,-0.0821753,0.361059][0.238378,0.920989,0][-1.00357,0.394802,-0.728305][0.6917,0.669393,0.271044][0.238378,0.930687,0][-1.01004,0.398271,-0.730451][0.0345715,0.999282,0.0155153][0.238378,0.943747,0][-1.08241,0.397237,-0.379974][0.0470407,0.998884,0.00430118][0.282226,0.943747,0][-1.07636,0.394132,-0.379974][0.746979,0.6619,0.0625256][0.282226,0.930687,0][-1.07636,0.394132,-0.379974][0.746979,0.6619,0.0625256][0.282226,0.930687,0][-1.00357,0.394802,-0.728305][0.6917,0.669393,0.271044][0.238378,0.930687,0][-1.01004,0.398271,-0.730451][0.0345715,0.999282,0.0155153][0.238378,0.943747,0][-1.01694,0.395903,-0.732763][-0.628234,0.739998,-0.24026][0.238378,0.959646,0][-1.08885,0.39511,-0.379974][-0.669041,0.741516,-0.0503919][0.282226,0.959646,0][-1.08241,0.397237,-0.379974][0.0470407,0.998884,0.00430118][0.282226,0.943747,0][-1.08241,0.397237,-0.379974][0.0470407,0.998884,0.00430118][0.282226,0.943747,0][-1.01004,0.398271,-0.730451][0.0345715,0.999282,0.0155153][0.238378,0.943747,0][-1.01694,0.395903,-0.732763][-0.628234,0.739998,-0.24026][0.238378,0.959646,0][-1.02022,0.389084,-0.733886][-0.931079,0.0741123,-0.357209][0.238378,0.975184,0][-1.09192,0.389,-0.379974][-0.99456,0.0741098,-0.0731982][0.282226,0.975184,0][-1.08885,0.39511,-0.379974][-0.669041,0.741516,-0.0503919][0.282226,0.959646,0][-1.08885,0.39511,-0.379974][-0.669041,0.741516,-0.0503919][0.282226,0.959646,0][-1.01694,0.395903,-0.732763][-0.628234,0.739998,-0.24026][0.238378,0.959646,0][-1.02022,0.389084,-0.733886][-0.931079,0.0741123,-0.357209][0.238378,0.975184,0][-1.01796,0.38181,-0.733163][-0.723013,-0.63086,-0.281546][0.238378,0.989566,0][-1.08981,0.382483,-0.379974][-0.772769,-0.632047,-0.0578304][0.282226,0.989566,0][-1.09192,0.389,-0.379974][-0.99456,0.0741098,-0.0731982][0.282226,0.975184,0][-1.09192,0.389,-0.379974][-0.99456,0.0741098,-0.0731982][0.282226,0.975184,0][-1.02022,0.389084,-0.733886][-0.931079,0.0741123,-0.357209][0.238378,0.975184,0][-1.01796,0.38181,-0.733163][-0.723013,-0.63086,-0.281546][0.238378,0.989566,0][-1.01149,0.378341,-0.731017][-0.107839,-0.993017,-0.0478383][0.238378,0.894007,0][-1.08377,0.379376,-0.379974][-0.108535,-0.99406,-0.00807582][0.282226,0.894007,0][-1.08981,0.382483,-0.379974][-0.772769,-0.632047,-0.0578304][0.282226,0.878388,0][-1.08981,0.382483,-0.379974][-0.772769,-0.632047,-0.0578304][0.282226,0.878388,0][-1.01796,0.38181,-0.733163][-0.723013,-0.63086,-0.281546][0.238378,0.878388,0][-1.01149,0.378341,-0.731017][-0.107839,-0.993017,-0.0478383][0.238378,0.894007,0]