version 1.00
1338
[-17.0086,1.96601,78.1096][0,-0.913386,-0.409449][0.068409,0.342206,0][-16.2064,2.29336,78.0298][0.433071,-0.519685,-0.732283][0.174156,0.42884,0][-16.3001,2.03216,78.2998][0.283465,-0.88189,-0.385827][0.183209,0.375027,0][-16.2064,2.29336,78.0298][0.433071,-0.519685,-0.732283][0.174156,0.42884,0][-17.0086,1.96601,78.1096][0,-0.913386,-0.409449][0.068409,0.342206,0][-17.0086,2.18194,77.8042][0,-0.559055,-0.826772][0.04458,0.403455,0][-17.0086,1.96601,78.1096][0,-0.913386,-0.409449][0.068409,0.342206,0][-17.8108,2.29336,78.0298][-0.433071,-0.519685,-0.732283][0.174156,0.42884,0][-17.0086,2.18194,77.8042][0,-0.559055,-0.826772][0.04458,0.403455,0][-17.8108,2.29336,78.0298][-0.433071,-0.519685,-0.732283][0.174156,0.42884,0][-17.0086,1.96601,78.1096][0,-0.913386,-0.409449][0.068409,0.342206,0][-17.7171,2.03216,78.2998][-0.283465,-0.88189,-0.385827][0.183209,0.375027,0][-15.5607,2.35292,78.5856][0.724409,-0.527559,-0.448819][0.284457,0.422969,0][-16.3001,2.03216,78.2998][0.283465,-0.88189,-0.385827][0.183209,0.375027,0][-16.2064,2.29336,78.0298][0.433071,-0.519685,-0.732283][0.174156,0.42884,0][-16.3001,2.03216,78.2998][0.283465,-0.88189,-0.385827][0.183209,0.375027,0][-15.5607,2.35292,78.5856][0.724409,-0.527559,-0.448819][0.284457,0.422969,0][-15.794,2.04206,78.7546][0.448819,-0.858268,-0.244094][0.275428,0.371256,0][-18.4565,2.35292,78.5856][-0.724409,-0.527559,-0.448819][0.284457,0.422969,0][-17.7171,2.03216,78.2998][-0.283465,-0.88189,-0.385827][0.183209,0.375027,0][-18.2232,2.04206,78.7546][-0.448819,-0.858268,-0.244094][0.275428,0.371256,0][-17.7171,2.03216,78.2998][-0.283465,-0.88189,-0.385827][0.183209,0.375027,0][-18.4565,2.35292,78.5856][-0.724409,-0.527559,-0.448819][0.284457,0.422969,0][-17.8108,2.29336,78.0298][-0.433071,-0.519685,-0.732283][0.174156,0.42884,0][-16.2064,2.29336,78.0298][0.433071,-0.519685,-0.732283][0.174156,0.42884,0][-17.0086,2.18194,77.8042][0,-0.559055,-0.826772][0.04458,0.403455,0][-17.0086,2.56882,77.6942][0,-0.165354,-0.984252][0.037068,0.473149,0][-16.2064,2.29336,78.0298][0.433071,-0.519685,-0.732283][0.174156,0.42884,0][-17.0086,2.56882,77.6942][0,-0.165354,-0.984252][0.037068,0.473149,0][-16.162,2.71718,77.8978][0.448819,-0.15748,-0.88189][0.176104,0.490017,0][-17.8552,2.71718,77.8978][-0.448819,-0.15748,-0.88189][0.176104,0.490017,0][-17.0086,2.56882,77.6942][0,-0.165354,-0.984252][0.037068,0.473149,0][-17.8108,2.29336,78.0298][-0.433071,-0.519685,-0.732283][0.174156,0.42884,0][-17.0086,2.18194,77.8042][0,-0.559055,-0.826772][0.04458,0.403455,0][-17.8108,2.29336,78.0298][-0.433071,-0.519685,-0.732283][0.174156,0.42884,0][-17.0086,2.56882,77.6942][0,-0.165354,-0.984252][0.037068,0.473149,0][-15.382,2.34352,79.356][0.80315,-0.551181,-0.228346][0.376131,0.384546,0][-15.794,2.04206,78.7546][0.448819,-0.858268,-0.244094][0.275428,0.371256,0][-15.5607,2.35292,78.5856][0.724409,-0.527559,-0.448819][0.284457,0.422969,0][-15.794,2.04206,78.7546][0.448819,-0.858268,-0.244094][0.275428,0.371256,0][-15.382,2.34352,79.356][0.80315,-0.551181,-0.228346][0.376131,0.384546,0][-15.6645,2.04458,79.4058][0.456693,-0.88189,-0.125984][0.355024,0.333347,0][-18.6352,2.34352,79.356][-0.80315,-0.551181,-0.228346][0.376131,0.384546,0][-18.2232,2.04206,78.7546][-0.448819,-0.858268,-0.244094][0.275428,0.371256,0][-18.3527,2.04458,79.4058][-0.456693,-0.88189,-0.125984][0.355024,0.333347,0][-18.2232,2.04206,78.7546][-0.448819,-0.858268,-0.244094][0.275428,0.371256,0][-18.6352,2.34352,79.356][-0.80315,-0.551181,-0.228346][0.376131,0.384546,0][-18.4565,2.35292,78.5856][-0.724409,-0.527559,-0.448819][0.284457,0.422969,0][-17.0086,1.90774,78.624][0,-1,-0.00787402][0.120784,0.262592,0][-17.7171,2.03216,78.2998][-0.283465,-0.88189,-0.385827][0.183209,0.375027,0][-17.0086,1.96601,78.1096][0,-0.913386,-0.409449][0.068409,0.342206,0][-17.7171,2.03216,78.2998][-0.283465,-0.88189,-0.385827][0.183209,0.375027,0][-17.0086,1.90774,78.624][0,-1,-0.00787402][0.120784,0.262592,0][-17.5766,1.96209,78.75][-0.0866142,-1,-0.00787402][0.209077,0.307995,0][-17.0086,1.90774,78.624][0,-1,-0.00787402][0.120784,0.262592,0][-16.3001,2.03216,78.2998][0.283465,-0.88189,-0.385827][0.183209,0.375027,0][-16.4406,1.96209,78.75][0.0866142,-1,-0.00787402][0.209077,0.307995,0][-16.3001,2.03216,78.2998][0.283465,-0.88189,-0.385827][0.183209,0.375027,0][-17.0086,1.90774,78.624][0,-1,-0.00787402][0.120784,0.262592,0][-17.0086,1.96601,78.1096][0,-0.913386,-0.409449][0.068409,0.342206,0][-15.7456,1.96531,80.166][0.133858,-0.992126,0.0393701][0.443347,0.26683,0][-15.6618,2.17642,80.8086][0.543307,-0.76378,0.346457][0.556565,0.253605,0][-15.9402,2.00424,80.7742][0.220472,-0.96063,0.141732][0.515532,0.202724,0][-15.6618,2.17642,80.8086][0.543307,-0.76378,0.346457][0.556565,0.253605,0][-15.7456,1.96531,80.166][0.133858,-0.992126,0.0393701][0.443347,0.26683,0][-15.4238,2.0554,80.124][0.551181,-0.834646,0.0708661][0.456063,0.312945,0][-18.3554,2.17642,80.8086][-0.543307,-0.76378,0.346457][0.556565,0.253605,0][-18.2716,1.96531,80.166][-0.133858,-0.992126,0.0393701][0.443347,0.26683,0][-18.077,2.00424,80.7742][-0.220472,-0.96063,0.141732][0.515532,0.202724,0][-18.2716,1.96531,80.166][-0.133858,-0.992126,0.0393701][0.443347,0.26683,0][-18.3554,2.17642,80.8086][-0.543307,-0.76378,0.346457][0.556565,0.253605,0][-18.5934,2.0554,80.124][-0.551181,-0.834646,0.0708661][0.456063,0.312945,0][-17.5766,1.96209,78.75][-0.0866142,-1,-0.00787402][0.209077,0.307995,0][-18.2232,2.04206,78.7546][-0.448819,-0.858268,-0.244094][0.275428,0.371256,0][-17.7171,2.03216,78.2998][-0.283465,-0.88189,-0.385827][0.183209,0.375027,0][-18.2232,2.04206,78.7546][-0.448819,-0.858268,-0.244094][0.275428,0.371256,0][-17.5766,1.96209,78.75][-0.0866142,-1,-0.00787402][0.209077,0.307995,0][-17.9338,1.97863,79.0678][-0.0551181,-1,0.015748][0.280909,0.313626,0][-14.9594,2.76632,80.198][0.96063,-0.212598,0.19685][0.505136,0.410578,0][-15.382,2.34352,79.356][0.80315,-0.551181,-0.228346][0.376131,0.384546,0][-15.14,2.79952,79.33][0.929134,-0.275591,-0.259843][0.400803,0.444897,0][-15.382,2.34352,79.356][0.80315,-0.551181,-0.228346][0.376131,0.384546,0][-14.9594,2.76632,80.198][0.96063,-0.212598,0.19685][0.505136,0.410578,0][-15.1168,2.32024,80.173][0.84252,-0.519685,0.133858][0.481307,0.358062,0][-15.4238,2.0554,80.124][0.551181,-0.834646,0.0708661][0.456063,0.312945,0][-15.6645,2.04458,79.4058][0.456693,-0.88189,-0.125984][0.355024,0.333347,0][-15.382,2.34352,79.356][0.80315,-0.551181,-0.228346][0.376131,0.384546,0][-15.382,2.34352,79.356][0.80315,-0.551181,-0.228346][0.376131,0.384546,0][-15.1168,2.32024,80.173][0.84252,-0.519685,0.133858][0.481307,0.358062,0][-15.4238,2.0554,80.124][0.551181,-0.834646,0.0708661][0.456063,0.312945,0][-15.794,2.04206,78.7546][0.448819,-0.858268,-0.244094][0.275428,0.371256,0][-16.4406,1.96209,78.75][0.0866142,-1,-0.00787402][0.209077,0.307995,0][-16.3001,2.03216,78.2998][0.283465,-0.88189,-0.385827][0.183209,0.375027,0][-16.4406,1.96209,78.75][0.0866142,-1,-0.00787402][0.209077,0.307995,0][-15.794,2.04206,78.7546][0.448819,-0.858268,-0.244094][0.275428,0.371256,0][-16.0834,1.97863,79.0678][0.0551181,-1,0.015748][0.280909,0.313626,0][-19.0578,2.76632,80.198][-0.96063,-0.212598,0.19685][0.505136,0.410578,0][-18.6352,2.34352,79.356][-0.80315,-0.551181,-0.228346][0.376131,0.384546,0][-18.9004,2.32024,80.173][-0.84252,-0.519685,0.133858][0.481307,0.358062,0][-18.6352,2.34352,79.356][-0.80315,-0.551181,-0.228346][0.376131,0.384546,0][-19.0578,2.76632,80.198][-0.96063,-0.212598,0.19685][0.505136,0.410578,0][-18.8772,2.79952,79.33][-0.929134,-0.275591,-0.259843][0.400803,0.444897,0][-18.5934,2.0554,80.124][-0.551181,-0.834646,0.0708661][0.456063,0.312945,0][-18.6352,2.34352,79.356][-0.80315,-0.551181,-0.228346][0.376131,0.384546,0][-18.3527,2.04458,79.4058][-0.456693,-0.88189,-0.125984][0.355024,0.333347,0][-18.9004,2.32024,80.173][-0.84252,-0.519685,0.133858][0.481307,0.358062,0][-18.6352,2.34352,79.356][-0.80315,-0.551181,-0.228346][0.376131,0.384546,0][-18.5934,2.0554,80.124][-0.551181,-0.834646,0.0708661][0.456063,0.312945,0][-15.1168,2.32024,80.173][0.84252,-0.519685,0.133858][0.481307,0.358062,0][-15.5003,2.51726,80.9114][0.771654,-0.385827,0.503937][0.601482,0.30826,0][-15.6618,2.17642,80.8086][0.543307,-0.76378,0.346457][0.556565,0.253605,0][-15.6618,2.17642,80.8086][0.543307,-0.76378,0.346457][0.556565,0.253605,0][-15.4238,2.0554,80.124][0.551181,-0.834646,0.0708661][0.456063,0.312945,0][-15.1168,2.32024,80.173][0.84252,-0.519685,0.133858][0.481307,0.358062,0][-15.6645,2.04458,79.4058][0.456693,-0.88189,-0.125984][0.355024,0.333347,0][-15.4238,2.0554,80.124][0.551181,-0.834646,0.0708661][0.456063,0.312945,0][-15.7456,1.96531,80.166][0.133858,-0.992126,0.0393701][0.443347,0.26683,0][-15.6645,2.04458,79.4058][0.456693,-0.88189,-0.125984][0.355024,0.333347,0][-15.7456,1.96531,80.166][0.133858,-0.992126,0.0393701][0.443347,0.26683,0][-15.9521,1.98772,79.5606][-0.015748,-1,0][0.350717,0.28642,0][-18.5169,2.51726,80.9114][-0.771654,-0.385827,0.503937][0.601482,0.30826,0][-18.9004,2.32024,80.173][-0.84252,-0.519685,0.133858][0.481307,0.358062,0][-18.3554,2.17642,80.8086][-0.543307,-0.76378,0.346457][0.556565,0.253605,0][-18.3554,2.17642,80.8086][-0.543307,-0.76378,0.346457][0.556565,0.253605,0][-18.9004,2.32024,80.173][-0.84252,-0.519685,0.133858][0.481307,0.358062,0][-18.5934,2.0554,80.124][-0.551181,-0.834646,0.0708661][0.456063,0.312945,0][-18.3527,2.04458,79.4058][-0.456693,-0.88189,-0.125984][0.355024,0.333347,0][-18.2716,1.96531,80.166][-0.133858,-0.992126,0.0393701][0.443347,0.26683,0][-18.5934,2.0554,80.124][-0.551181,-0.834646,0.0708661][0.456063,0.312945,0][-18.2716,1.96531,80.166][-0.133858,-0.992126,0.0393701][0.443347,0.26683,0][-18.3527,2.04458,79.4058][-0.456693,-0.88189,-0.125984][0.355024,0.333347,0][-18.0651,1.98772,79.5606][0.015748,-1,0][0.350717,0.28642,0][-18.3527,2.04458,79.4058][-0.456693,-0.88189,-0.125984][0.355024,0.333347,0][-17.9338,1.97863,79.0678][-0.0551181,-1,0.015748][0.280909,0.313626,0][-18.0651,1.98772,79.5606][0.015748,-1,0][0.350717,0.28642,0][-17.9338,1.97863,79.0678][-0.0551181,-1,0.015748][0.280909,0.313626,0][-18.3527,2.04458,79.4058][-0.456693,-0.88189,-0.125984][0.355024,0.333347,0][-18.2232,2.04206,78.7546][-0.448819,-0.858268,-0.244094][0.275428,0.371256,0][-15.6645,2.04458,79.4058][0.456693,-0.88189,-0.125984][0.355024,0.333347,0][-16.0834,1.97863,79.0678][0.0551181,-1,0.015748][0.280909,0.313626,0][-15.794,2.04206,78.7546][0.448819,-0.858268,-0.244094][0.275428,0.371256,0][-16.0834,1.97863,79.0678][0.0551181,-1,0.015748][0.280909,0.313626,0][-15.6645,2.04458,79.4058][0.456693,-0.88189,-0.125984][0.355024,0.333347,0][-15.9521,1.98772,79.5606][-0.015748,-1,0][0.350717,0.28642,0][-17.8552,2.71718,77.8978][-0.448819,-0.15748,-0.88189][0.176104,0.490017,0][-17.0086,3.12552,77.693][0,0.0472441,-1][0.046771,0.57238,0][-17.0086,2.56882,77.6942][0,-0.165354,-0.984252][0.037068,0.473149,0][-17.0086,3.12552,77.693][0,0.0472441,-1][0.046771,0.57238,0][-17.8552,2.71718,77.8978][-0.448819,-0.15748,-0.88189][0.176104,0.490017,0][-17.8542,3.27136,77.8882][-0.425197,0.0629921,-0.905512][0.189863,0.56593,0][-16.162,2.71718,77.8978][0.448819,-0.15748,-0.88189][0.176104,0.490017,0][-17.0086,2.56882,77.6942][0,-0.165354,-0.984252][0.037068,0.473149,0][-17.0086,3.12552,77.693][0,0.0472441,-1][0.046771,0.57238,0][-16.162,2.71718,77.8978][0.448819,-0.15748,-0.88189][0.176104,0.490017,0][-17.0086,3.12552,77.693][0,0.0472441,-1][0.046771,0.57238,0][-16.163,3.27136,77.8882][0.425197,0.0629921,-0.905512][0.189863,0.56593,0][-15.14,2.79952,79.33][0.929134,-0.275591,-0.259843][0.400803,0.444897,0][-15.5607,2.35292,78.5856][0.724409,-0.527559,-0.448819][0.284457,0.422969,0][-15.4227,2.81222,78.4828][0.795276,-0.220472,-0.559055][0.297751,0.480466,0][-15.5607,2.35292,78.5856][0.724409,-0.527559,-0.448819][0.284457,0.422969,0][-15.14,2.79952,79.33][0.929134,-0.275591,-0.259843][0.400803,0.444897,0][-15.382,2.34352,79.356][0.80315,-0.551181,-0.228346][0.376131,0.384546,0][-18.8772,2.79952,79.33][-0.929134,-0.275591,-0.259843][0.400803,0.444897,0][-18.4565,2.35292,78.5856][-0.724409,-0.527559,-0.448819][0.284457,0.422969,0][-18.6352,2.34352,79.356][-0.80315,-0.551181,-0.228346][0.376131,0.384546,0][-18.4565,2.35292,78.5856][-0.724409,-0.527559,-0.448819][0.284457,0.422969,0][-18.8772,2.79952,79.33][-0.929134,-0.275591,-0.259843][0.400803,0.444897,0][-18.5946,2.81222,78.4828][-0.795276,-0.220472,-0.559055][0.297751,0.480466,0][-18.077,2.00424,80.7742][-0.220472,-0.96063,0.141732][0.515532,0.202724,0][-17.9206,1.96214,80.4252][-0.0472441,-1,-0.023622][0.45961,0.19935,0][-17.7325,1.9621,80.8694][-0.0866142,-0.992126,0.0314961][0.490028,0.146815,0][-17.9206,1.96214,80.4252][-0.0472441,-1,-0.023622][0.45961,0.19935,0][-18.077,2.00424,80.7742][-0.220472,-0.96063,0.141732][0.515532,0.202724,0][-18.2716,1.96531,80.166][-0.133858,-0.992126,0.0393701][0.443347,0.26683,0][-16.0966,1.96214,80.4252][0.0472441,-1,-0.023622][0.45961,0.19935,0][-15.9402,2.00424,80.7742][0.220472,-0.96063,0.141732][0.515532,0.202724,0][-16.2847,1.9621,80.8694][0.0866142,-0.992126,0.0314961][0.490028,0.146815,0][-15.9402,2.00424,80.7742][0.220472,-0.96063,0.141732][0.515532,0.202724,0][-16.0966,1.96214,80.4252][0.0472441,-1,-0.023622][0.45961,0.19935,0][-15.7456,1.96531,80.166][0.133858,-0.992126,0.0393701][0.443347,0.26683,0][-15.4227,2.81222,78.4828][0.795276,-0.220472,-0.559055][0.297751,0.480466,0][-15.0134,3.26024,79.3308][0.968504,0.023622,-0.244094][0.421669,0.498536,0][-15.14,2.79952,79.33][0.929134,-0.275591,-0.259843][0.400803,0.444897,0][-15.0134,3.26024,79.3308][0.968504,0.023622,-0.244094][0.421669,0.498536,0][-15.4227,2.81222,78.4828][0.795276,-0.220472,-0.559055][0.297751,0.480466,0][-15.3946,3.3691,78.4712][0.795276,0.0551181,-0.606299][0.316317,0.544516,0][-15.5607,2.35292,78.5856][0.724409,-0.527559,-0.448819][0.284457,0.422969,0][-16.162,2.71718,77.8978][0.448819,-0.15748,-0.88189][0.176104,0.490017,0][-15.4227,2.81222,78.4828][0.795276,-0.220472,-0.559055][0.297751,0.480466,0][-15.5607,2.35292,78.5856][0.724409,-0.527559,-0.448819][0.284457,0.422969,0][-16.2064,2.29336,78.0298][0.433071,-0.519685,-0.732283][0.174156,0.42884,0][-16.162,2.71718,77.8978][0.448819,-0.15748,-0.88189][0.176104,0.490017,0][-19.0038,3.26024,79.3308][-0.968504,0.023622,-0.244094][0.421669,0.498536,0][-18.5946,2.81222,78.4828][-0.795276,-0.220472,-0.559055][0.297751,0.480466,0][-18.8772,2.79952,79.33][-0.929134,-0.275591,-0.259843][0.400803,0.444897,0][-18.5946,2.81222,78.4828][-0.795276,-0.220472,-0.559055][0.297751,0.480466,0][-19.0038,3.26024,79.3308][-0.968504,0.023622,-0.244094][0.421669,0.498536,0][-18.6226,3.3691,78.4712][-0.795276,0.0551181,-0.606299][0.316317,0.544516,0][-18.5946,2.81222,78.4828][-0.795276,-0.220472,-0.559055][0.297751,0.480466,0][-17.8552,2.71718,77.8978][-0.448819,-0.15748,-0.88189][0.176104,0.490017,0][-18.4565,2.35292,78.5856][-0.724409,-0.527559,-0.448819][0.284457,0.422969,0][-17.8108,2.29336,78.0298][-0.433071,-0.519685,-0.732283][0.174156,0.42884,0][-18.4565,2.35292,78.5856][-0.724409,-0.527559,-0.448819][0.284457,0.422969,0][-17.8552,2.71718,77.8978][-0.448819,-0.15748,-0.88189][0.176104,0.490017,0][-17.7325,1.9621,80.8694][-0.0866142,-0.992126,0.0314961][0.490028,0.146815,0][-17.0086,1.89675,80.4516][0,-1,-0.0787402][0.386638,0.05496,0][-17.0086,1.89135,80.891][0,-1,0.00787402][0.442788,0.026272,0][-17.0086,1.89675,80.4516][0,-1,-0.0787402][0.386638,0.05496,0][-17.7325,1.9621,80.8694][-0.0866142,-0.992126,0.0314961][0.490028,0.146815,0][-17.9206,1.96214,80.4252][-0.0472441,-1,-0.023622][0.45961,0.19935,0][-17.0086,1.89675,80.4516][0,-1,-0.0787402][0.386638,0.05496,0][-16.2847,1.9621,80.8694][0.0866142,-0.992126,0.0314961][0.490028,0.146815,0][-17.0086,1.89135,80.891][0,-1,0.00787402][0.442788,0.026272,0][-16.2847,1.9621,80.8694][0.0866142,-0.992126,0.0314961][0.490028,0.146815,0][-17.0086,1.89675,80.4516][0,-1,-0.0787402][0.386638,0.05496,0][-16.0966,1.96214,80.4252][0.0472441,-1,-0.023622][0.45961,0.19935,0][-16.2122,3.90088,77.9644][0.456693,0.141732,-0.874016][0.216648,0.653907,0][-17.0086,3.78482,77.7568][0,0.0708661,-1][0.082194,0.68768,0][-17.0086,4.43552,77.755][0,0.188976,-0.984252][0.13378,0.793961,0][-16.2122,3.90088,77.9644][0.456693,0.141732,-0.874016][0.216648,0.653907,0][-17.0086,4.43552,77.755][0,0.188976,-0.984252][0.13378,0.793961,0][-16.3076,4.4986,77.967][0.488189,0.283465,-0.826772][0.244179,0.738615,0][-17.805,3.90088,77.9644][-0.456693,0.141732,-0.874016][0.216648,0.653907,0][-17.0086,4.43552,77.755][0,0.188976,-0.984252][0.13378,0.793961,0][-17.0086,3.78482,77.7568][0,0.0708661,-1][0.082194,0.68768,0][-17.0086,4.43552,77.755][0,0.188976,-0.984252][0.13378,0.793961,0][-17.805,3.90088,77.9644][-0.456693,0.141732,-0.874016][0.216648,0.653907,0][-17.7096,4.4986,77.967][-0.488189,0.283465,-0.826772][0.244179,0.738615,0][-17.0086,1.95923,79.8958][0,-0.992126,-0.110236][0.2983,0.108088,0][-16.1461,2.07336,79.9694][-0.0708661,-0.992126,-0.0708661][0.387184,0.226422,0][-17.0086,1.89675,80.4516][0,-1,-0.0787402][0.386638,0.05496,0][-16.0966,1.96214,80.4252][0.0472441,-1,-0.023622][0.45961,0.19935,0][-17.0086,1.89675,80.4516][0,-1,-0.0787402][0.386638,0.05496,0][-16.1461,2.07336,79.9694][-0.0708661,-0.992126,-0.0708661][0.387184,0.226422,0][-17.8711,2.07336,79.9694][0.0708661,-0.992126,-0.0708661][0.387184,0.226422,0][-17.0086,1.89675,80.4516][0,-1,-0.0787402][0.386638,0.05496,0][-17.9206,1.96214,80.4252][-0.0472441,-1,-0.023622][0.45961,0.19935,0][-17.0086,1.89675,80.4516][0,-1,-0.0787402][0.386638,0.05496,0][-17.8711,2.07336,79.9694][0.0708661,-0.992126,-0.0708661][0.387184,0.226422,0][-17.0086,1.95923,79.8958][0,-0.992126,-0.110236][0.2983,0.108088,0][-16.3238,2.07256,79.5984][-0.023622,-1,0.0393701][0.322839,0.234923,0][-17.0086,1.96842,79.6488][0,-1,-0.0472441][0.261811,0.133416,0][-16.6128,2.03718,79.37][0.0708661,-0.992126,0.0629921][0.264919,0.219613,0][-17.0086,1.96842,79.6488][0,-1,-0.0472441][0.261811,0.133416,0][-17.0086,1.98206,79.2816][0,-1,0.0551181][0.207719,0.175753,0][-16.6128,2.03718,79.37][0.0708661,-0.992126,0.0629921][0.264919,0.219613,0][-17.4044,2.03718,79.37][-0.0708661,-0.992126,0.0629921][0.264919,0.219613,0][-17.0086,1.96842,79.6488][0,-1,-0.0472441][0.261811,0.133416,0][-17.6934,2.07256,79.5984][0.023622,-1,0.0393701][0.322839,0.234923,0][-17.0086,1.96842,79.6488][0,-1,-0.0472441][0.261811,0.133416,0][-17.4044,2.03718,79.37][-0.0708661,-0.992126,0.0629921][0.264919,0.219613,0][-17.0086,1.98206,79.2816][0,-1,0.0551181][0.207719,0.175753,0][-16.163,3.27136,77.8882][0.425197,0.0629921,-0.905512][0.189863,0.56593,0][-17.0086,3.12552,77.693][0,0.0472441,-1][0.046771,0.57238,0][-17.0086,3.78482,77.7568][0,0.0708661,-1][0.082194,0.68768,0][-16.163,3.27136,77.8882][0.425197,0.0629921,-0.905512][0.189863,0.56593,0][-17.0086,3.78482,77.7568][0,0.0708661,-1][0.082194,0.68768,0][-16.2122,3.90088,77.9644][0.456693,0.141732,-0.874016][0.216648,0.653907,0][-17.8542,3.27136,77.8882][-0.425197,0.0629921,-0.905512][0.189863,0.56593,0][-17.0086,3.78482,77.7568][0,0.0708661,-1][0.082194,0.68768,0][-17.0086,3.12552,77.693][0,0.0472441,-1][0.046771,0.57238,0][-17.0086,3.78482,77.7568][0,0.0708661,-1][0.082194,0.68768,0][-17.8542,3.27136,77.8882][-0.425197,0.0629921,-0.905512][0.189863,0.56593,0][-17.805,3.90088,77.9644][-0.456693,0.141732,-0.874016][0.216648,0.653907,0][-17.6934,2.07256,79.5984][0.023622,-1,0.0393701][0.322839,0.234923,0][-18.0651,1.98772,79.5606][0.015748,-1,0][0.350717,0.28642,0][-17.9338,1.97863,79.0678][-0.0551181,-1,0.015748][0.280909,0.313626,0][-18.0651,1.98772,79.5606][0.015748,-1,0][0.350717,0.28642,0][-17.6934,2.07256,79.5984][0.023622,-1,0.0393701][0.322839,0.234923,0][-17.8711,2.07336,79.9694][0.0708661,-0.992126,-0.0708661][0.387184,0.226422,0][-17.0086,1.95923,79.8958][0,-0.992126,-0.110236][0.2983,0.108088,0][-17.6934,2.07256,79.5984][0.023622,-1,0.0393701][0.322839,0.234923,0][-17.0086,1.96842,79.6488][0,-1,-0.0472441][0.261811,0.133416,0][-17.0086,1.95923,79.8958][0,-0.992126,-0.110236][0.2983,0.108088,0][-17.8711,2.07336,79.9694][0.0708661,-0.992126,-0.0708661][0.387184,0.226422,0][-17.6934,2.07256,79.5984][0.023622,-1,0.0393701][0.322839,0.234923,0][-15.9521,1.98772,79.5606][-0.015748,-1,0][0.350717,0.28642,0][-16.3238,2.07256,79.5984][-0.023622,-1,0.0393701][0.322839,0.234923,0][-16.0834,1.97863,79.0678][0.0551181,-1,0.015748][0.280909,0.313626,0][-16.3238,2.07256,79.5984][-0.023622,-1,0.0393701][0.322839,0.234923,0][-15.9521,1.98772,79.5606][-0.015748,-1,0][0.350717,0.28642,0][-16.1461,2.07336,79.9694][-0.0708661,-0.992126,-0.0708661][0.387184,0.226422,0][-16.1461,2.07336,79.9694][-0.0708661,-0.992126,-0.0708661][0.387184,0.226422,0][-17.0086,1.95923,79.8958][0,-0.992126,-0.110236][0.2983,0.108088,0][-16.3238,2.07256,79.5984][-0.023622,-1,0.0393701][0.322839,0.234923,0][-17.0086,1.96842,79.6488][0,-1,-0.0472441][0.261811,0.133416,0][-16.3238,2.07256,79.5984][-0.023622,-1,0.0393701][0.322839,0.234923,0][-17.0086,1.95923,79.8958][0,-0.992126,-0.110236][0.2983,0.108088,0][-16.163,3.27136,77.8882][0.425197,0.0629921,-0.905512][0.189863,0.56593,0][-15.5303,4.0093,78.5362][0.771654,0.259843,-0.582677][0.337502,0.622034,0][-15.3946,3.3691,78.4712][0.795276,0.0551181,-0.606299][0.316317,0.544516,0][-15.5303,4.0093,78.5362][0.771654,0.259843,-0.582677][0.337502,0.622034,0][-16.163,3.27136,77.8882][0.425197,0.0629921,-0.905512][0.189863,0.56593,0][-16.2122,3.90088,77.9644][0.456693,0.141732,-0.874016][0.216648,0.653907,0][-15.4227,2.81222,78.4828][0.795276,-0.220472,-0.559055][0.297751,0.480466,0][-16.163,3.27136,77.8882][0.425197,0.0629921,-0.905512][0.189863,0.56593,0][-15.3946,3.3691,78.4712][0.795276,0.0551181,-0.606299][0.316317,0.544516,0][-16.162,2.71718,77.8978][0.448819,-0.15748,-0.88189][0.176104,0.490017,0][-16.163,3.27136,77.8882][0.425197,0.0629921,-0.905512][0.189863,0.56593,0][-15.4227,2.81222,78.4828][0.795276,-0.220472,-0.559055][0.297751,0.480466,0][-17.8542,3.27136,77.8882][-0.425197,0.0629921,-0.905512][0.189863,0.56593,0][-18.4869,4.0093,78.5362][-0.771654,0.259843,-0.582677][0.337502,0.622034,0][-17.805,3.90088,77.9644][-0.456693,0.141732,-0.874016][0.216648,0.653907,0][-18.4869,4.0093,78.5362][-0.771654,0.259843,-0.582677][0.337502,0.622034,0][-17.8542,3.27136,77.8882][-0.425197,0.0629921,-0.905512][0.189863,0.56593,0][-18.6226,3.3691,78.4712][-0.795276,0.0551181,-0.606299][0.316317,0.544516,0][-18.5946,2.81222,78.4828][-0.795276,-0.220472,-0.559055][0.297751,0.480466,0][-18.6226,3.3691,78.4712][-0.795276,0.0551181,-0.606299][0.316317,0.544516,0][-17.8542,3.27136,77.8882][-0.425197,0.0629921,-0.905512][0.189863,0.56593,0][-17.8552,2.71718,77.8978][-0.448819,-0.15748,-0.88189][0.176104,0.490017,0][-18.5946,2.81222,78.4828][-0.795276,-0.220472,-0.559055][0.297751,0.480466,0][-17.8542,3.27136,77.8882][-0.425197,0.0629921,-0.905512][0.189863,0.56593,0][-17.0086,4.43552,77.755][0,0.188976,-0.984252][0.13378,0.793961,0][-16.4438,4.99706,78.1724][0.464567,0.590551,-0.661417][0.287734,0.809338,0][-16.3076,4.4986,77.967][0.488189,0.283465,-0.826772][0.244179,0.738615,0][-16.4438,4.99706,78.1724][0.464567,0.590551,-0.661417][0.287734,0.809338,0][-17.0086,4.43552,77.755][0,0.188976,-0.984252][0.13378,0.793961,0][-17.0086,4.98078,77.9394][0,0.559055,-0.826772][0.204841,0.875233,0][-17.0086,4.43552,77.755][0,0.188976,-0.984252][0.13378,0.793961,0][-17.5734,4.99706,78.1724][-0.464567,0.590551,-0.661417][0.287734,0.809338,0][-17.0086,4.98078,77.9394][0,0.559055,-0.826772][0.204841,0.875233,0][-17.5734,4.99706,78.1724][-0.464567,0.590551,-0.661417][0.287734,0.809338,0][-17.0086,4.43552,77.755][0,0.188976,-0.984252][0.13378,0.793961,0][-17.7096,4.4986,77.967][-0.488189,0.283465,-0.826772][0.244179,0.738615,0][-15.0134,3.26024,79.3308][0.968504,0.023622,-0.244094][0.421669,0.498536,0][-14.9281,3.3251,80.1982][0.968504,0.0944882,0.23622][0.526988,0.475991,0][-14.9594,2.76632,80.198][0.96063,-0.212598,0.19685][0.505136,0.410578,0][-14.9594,2.76632,80.198][0.96063,-0.212598,0.19685][0.505136,0.410578,0][-15.14,2.79952,79.33][0.929134,-0.275591,-0.259843][0.400803,0.444897,0][-15.0134,3.26024,79.3308][0.968504,0.023622,-0.244094][0.421669,0.498536,0][-16.4406,1.96209,78.75][0.0866142,-1,-0.00787402][0.209077,0.307995,0][-17.0086,1.98206,79.2816][0,-1,0.0551181][0.207719,0.175753,0][-17.0086,1.90774,78.624][0,-1,-0.00787402][0.120784,0.262592,0][-17.0086,1.98206,79.2816][0,-1,0.0551181][0.207719,0.175753,0][-16.4406,1.96209,78.75][0.0866142,-1,-0.00787402][0.209077,0.307995,0][-16.6128,2.03718,79.37][0.0708661,-0.992126,0.0629921][0.264919,0.219613,0][-17.5766,1.96209,78.75][-0.0866142,-1,-0.00787402][0.209077,0.307995,0][-17.0086,1.98206,79.2816][0,-1,0.0551181][0.207719,0.175753,0][-17.4044,2.03718,79.37][-0.0708661,-0.992126,0.0629921][0.264919,0.219613,0][-17.0086,1.98206,79.2816][0,-1,0.0551181][0.207719,0.175753,0][-17.5766,1.96209,78.75][-0.0866142,-1,-0.00787402][0.209077,0.307995,0][-17.0086,1.90774,78.624][0,-1,-0.00787402][0.120784,0.262592,0][-19.0891,3.3251,80.1982][-0.968504,0.0944882,0.23622][0.526988,0.475991,0][-19.0038,3.26024,79.3308][-0.968504,0.023622,-0.244094][0.421669,0.498536,0][-19.0578,2.76632,80.198][-0.96063,-0.212598,0.19685][0.505136,0.410578,0][-19.0578,2.76632,80.198][-0.96063,-0.212598,0.19685][0.505136,0.410578,0][-19.0038,3.26024,79.3308][-0.968504,0.023622,-0.244094][0.421669,0.498536,0][-18.8772,2.79952,79.33][-0.929134,-0.275591,-0.259843][0.400803,0.444897,0][-17.4044,2.03718,79.37][-0.0708661,-0.992126,0.0629921][0.264919,0.219613,0][-17.9338,1.97863,79.0678][-0.0551181,-1,0.015748][0.280909,0.313626,0][-17.5766,1.96209,78.75][-0.0866142,-1,-0.00787402][0.209077,0.307995,0][-17.9338,1.97863,79.0678][-0.0551181,-1,0.015748][0.280909,0.313626,0][-17.4044,2.03718,79.37][-0.0708661,-0.992126,0.0629921][0.264919,0.219613,0][-17.6934,2.07256,79.5984][0.023622,-1,0.0393701][0.322839,0.234923,0][-16.6128,2.03718,79.37][0.0708661,-0.992126,0.0629921][0.264919,0.219613,0][-16.0834,1.97863,79.0678][0.0551181,-1,0.015748][0.280909,0.313626,0][-16.3238,2.07256,79.5984][-0.023622,-1,0.0393701][0.322839,0.234923,0][-16.0834,1.97863,79.0678][0.0551181,-1,0.015748][0.280909,0.313626,0][-16.6128,2.03718,79.37][0.0708661,-0.992126,0.0629921][0.264919,0.219613,0][-16.4406,1.96209,78.75][0.0866142,-1,-0.00787402][0.209077,0.307995,0][-18.2716,1.96531,80.166][-0.133858,-0.992126,0.0393701][0.443347,0.26683,0][-17.8711,2.07336,79.9694][0.0708661,-0.992126,-0.0708661][0.387184,0.226422,0][-17.9206,1.96214,80.4252][-0.0472441,-1,-0.023622][0.45961,0.19935,0][-17.8711,2.07336,79.9694][0.0708661,-0.992126,-0.0708661][0.387184,0.226422,0][-18.2716,1.96531,80.166][-0.133858,-0.992126,0.0393701][0.443347,0.26683,0][-18.0651,1.98772,79.5606][0.015748,-1,0][0.350717,0.28642,0][-15.7456,1.96531,80.166][0.133858,-0.992126,0.0393701][0.443347,0.26683,0][-16.1461,2.07336,79.9694][-0.0708661,-0.992126,-0.0708661][0.387184,0.226422,0][-15.9521,1.98772,79.5606][-0.015748,-1,0][0.350717,0.28642,0][-16.1461,2.07336,79.9694][-0.0708661,-0.992126,-0.0708661][0.387184,0.226422,0][-15.7456,1.96531,80.166][0.133858,-0.992126,0.0393701][0.443347,0.26683,0][-16.0966,1.96214,80.4252][0.0472441,-1,-0.023622][0.45961,0.19935,0][-16.2122,3.90088,77.9644][0.456693,0.141732,-0.874016][0.216648,0.653907,0][-15.7402,4.5916,78.6646][0.748031,0.425197,-0.503937][0.365511,0.698941,0][-15.5303,4.0093,78.5362][0.771654,0.259843,-0.582677][0.337502,0.622034,0][-15.7402,4.5916,78.6646][0.748031,0.425197,-0.503937][0.365511,0.698941,0][-16.2122,3.90088,77.9644][0.456693,0.141732,-0.874016][0.216648,0.653907,0][-16.3076,4.4986,77.967][0.488189,0.283465,-0.826772][0.244179,0.738615,0][-17.805,3.90088,77.9644][-0.456693,0.141732,-0.874016][0.216648,0.653907,0][-18.277,4.5916,78.6646][-0.748031,0.425197,-0.503937][0.365511,0.698941,0][-17.7096,4.4986,77.967][-0.488189,0.283465,-0.826772][0.244179,0.738615,0][-18.277,4.5916,78.6646][-0.748031,0.425197,-0.503937][0.365511,0.698941,0][-17.805,3.90088,77.9644][-0.456693,0.141732,-0.874016][0.216648,0.653907,0][-18.4869,4.0093,78.5362][-0.771654,0.259843,-0.582677][0.337502,0.622034,0][-14.9594,2.76632,80.198][0.96063,-0.212598,0.19685][0.505136,0.410578,0][-15.4665,3.04384,80.9784][0.826772,-0.0787402,0.559055][0.651947,0.38985,0][-15.5003,2.51726,80.9114][0.771654,-0.385827,0.503937][0.601482,0.30826,0][-15.5003,2.51726,80.9114][0.771654,-0.385827,0.503937][0.601482,0.30826,0][-15.1168,2.32024,80.173][0.84252,-0.519685,0.133858][0.481307,0.358062,0][-14.9594,2.76632,80.198][0.96063,-0.212598,0.19685][0.505136,0.410578,0][-18.5507,3.04384,80.9784][-0.826772,-0.0787402,0.559055][0.651947,0.38985,0][-19.0578,2.76632,80.198][-0.96063,-0.212598,0.19685][0.505136,0.410578,0][-18.5169,2.51726,80.9114][-0.771654,-0.385827,0.503937][0.601482,0.30826,0][-18.5169,2.51726,80.9114][-0.771654,-0.385827,0.503937][0.601482,0.30826,0][-19.0578,2.76632,80.198][-0.96063,-0.212598,0.19685][0.505136,0.410578,0][-18.9004,2.32024,80.173][-0.84252,-0.519685,0.133858][0.481307,0.358062,0][-15.509,5.67468,79.8868][0.614173,0.787402,0.015748][0.290542,0.669618,0][-15.3964,5.51824,79.7816][0.708661,0.527559,-0.464567][0.283776,0.662343,0][-15.5162,5.67824,79.7844][0.543307,0.692913,-0.472441][0.287267,0.67114,0][-15.5025,5.6653,79.9288][0.472441,0.716535,0.511811][0.293386,0.667657,0][-15.3964,5.51824,79.7816][0.708661,0.527559,-0.464567][0.283776,0.662343,0][-15.509,5.67468,79.8868][0.614173,0.787402,0.015748][0.290542,0.669618,0][-15.3964,5.51824,79.7816][0.708661,0.527559,-0.464567][0.283776,0.662343,0][-15.5025,5.6653,79.9288][0.472441,0.716535,0.511811][0.293386,0.667657,0][-15.3749,5.46486,79.9478][0.606299,0.535433,0.590551][0.292169,0.659591,0][-18.5147,5.6653,79.9288][-0.472441,0.716535,0.511811][0.293386,0.667657,0][-18.6208,5.51824,79.7816][-0.708661,0.527559,-0.464567][0.283776,0.662343,0][-18.6423,5.46486,79.9478][-0.606299,0.535433,0.590551][0.292169,0.659591,0][-18.6208,5.51824,79.7816][-0.708661,0.527559,-0.464567][0.283776,0.662343,0][-18.5147,5.6653,79.9288][-0.472441,0.716535,0.511811][0.293386,0.667657,0][-18.5082,5.67468,79.8868][-0.614173,0.787402,0.015748][0.290542,0.669618,0][-18.6208,5.51824,79.7816][-0.708661,0.527559,-0.464567][0.283776,0.662343,0][-18.5082,5.67468,79.8868][-0.614173,0.787402,0.015748][0.290542,0.669618,0][-18.501,5.67824,79.7844][-0.543307,0.692913,-0.472441][0.287267,0.67114,0][-15.317,5.36948,79.7778][0.866142,0.283465,-0.409449][0.280952,0.652759,0][-15.3749,5.46486,79.9478][0.606299,0.535433,0.590551][0.292169,0.659591,0][-15.3023,5.33278,79.9648][0.818898,0.212598,0.535433][0.291384,0.651936,0][-15.3749,5.46486,79.9478][0.606299,0.535433,0.590551][0.292169,0.659591,0][-15.317,5.36948,79.7778][0.866142,0.283465,-0.409449][0.280952,0.652759,0][-15.3964,5.51824,79.7816][0.708661,0.527559,-0.464567][0.283776,0.662343,0][-18.6423,5.46486,79.9478][-0.606299,0.535433,0.590551][0.292169,0.659591,0][-18.7002,5.36948,79.7778][-0.866142,0.283465,-0.409449][0.280952,0.652759,0][-18.7149,5.33278,79.9648][-0.818898,0.212598,0.535433][0.291384,0.651936,0][-18.7002,5.36948,79.7778][-0.866142,0.283465,-0.409449][0.280952,0.652759,0][-18.6423,5.46486,79.9478][-0.606299,0.535433,0.590551][0.292169,0.659591,0][-18.6208,5.51824,79.7816][-0.708661,0.527559,-0.464567][0.283776,0.662343,0][-17.0086,5.38334,78.3842][0,0.866142,-0.496063][0.306682,0.929907,0][-16.4438,4.99706,78.1724][0.464567,0.590551,-0.661417][0.287734,0.809338,0][-17.0086,4.98078,77.9394][0,0.559055,-0.826772][0.204841,0.875233,0][-16.4438,4.99706,78.1724][0.464567,0.590551,-0.661417][0.287734,0.809338,0][-17.0086,5.38334,78.3842][0,0.866142,-0.496063][0.306682,0.929907,0][-16.6128,5.35916,78.5568][0.346457,0.850394,-0.401575][0.351777,0.86794,0][-17.0086,5.38334,78.3842][0,0.866142,-0.496063][0.306682,0.929907,0][-17.5734,4.99706,78.1724][-0.464567,0.590551,-0.661417][0.287734,0.809338,0][-17.4044,5.35916,78.5568][-0.346457,0.850394,-0.401575][0.351777,0.86794,0][-17.5734,4.99706,78.1724][-0.464567,0.590551,-0.661417][0.287734,0.809338,0][-17.0086,5.38334,78.3842][0,0.866142,-0.496063][0.306682,0.929907,0][-17.0086,4.98078,77.9394][0,0.559055,-0.826772][0.204841,0.875233,0][-15.9908,5.01748,78.8126][0.661417,0.629921,-0.409449][0.392483,0.762686,0][-15.7402,4.5916,78.6646][0.748031,0.425197,-0.503937][0.365511,0.698941,0][-16.4438,4.99706,78.1724][0.464567,0.590551,-0.661417][0.287734,0.809338,0][-15.7402,4.5916,78.6646][0.748031,0.425197,-0.503937][0.365511,0.698941,0][-16.3076,4.4986,77.967][0.488189,0.283465,-0.826772][0.244179,0.738615,0][-16.4438,4.99706,78.1724][0.464567,0.590551,-0.661417][0.287734,0.809338,0][-15.1488,3.99188,80.173][0.913386,0.307087,0.259843][0.549445,0.56254,0][-14.9281,3.3251,80.1982][0.968504,0.0944882,0.23622][0.526988,0.475991,0][-15.1173,3.92844,79.3568][0.937008,0.275591,-0.228346][0.444653,0.576516,0][-14.9281,3.3251,80.1982][0.968504,0.0944882,0.23622][0.526988,0.475991,0][-15.0134,3.26024,79.3308][0.968504,0.023622,-0.244094][0.421669,0.498536,0][-15.1173,3.92844,79.3568][0.937008,0.275591,-0.228346][0.444653,0.576516,0][-15.3946,3.3691,78.4712][0.795276,0.0551181,-0.606299][0.316317,0.544516,0][-15.1173,3.92844,79.3568][0.937008,0.275591,-0.228346][0.444653,0.576516,0][-15.0134,3.26024,79.3308][0.968504,0.023622,-0.244094][0.421669,0.498536,0][-15.1173,3.92844,79.3568][0.937008,0.275591,-0.228346][0.444653,0.576516,0][-15.3946,3.3691,78.4712][0.795276,0.0551181,-0.606299][0.316317,0.544516,0][-15.5303,4.0093,78.5362][0.771654,0.259843,-0.582677][0.337502,0.622034,0][-18.0264,5.01748,78.8126][-0.661417,0.629921,-0.409449][0.392483,0.762686,0][-17.5734,4.99706,78.1724][-0.464567,0.590551,-0.661417][0.287734,0.809338,0][-18.277,4.5916,78.6646][-0.748031,0.425197,-0.503937][0.365511,0.698941,0][-17.7096,4.4986,77.967][-0.488189,0.283465,-0.826772][0.244179,0.738615,0][-18.277,4.5916,78.6646][-0.748031,0.425197,-0.503937][0.365511,0.698941,0][-17.5734,4.99706,78.1724][-0.464567,0.590551,-0.661417][0.287734,0.809338,0][-18.8999,3.92844,79.3568][-0.937008,0.275591,-0.228346][0.444653,0.576516,0][-19.0891,3.3251,80.1982][-0.968504,0.0944882,0.23622][0.526988,0.475991,0][-18.8684,3.99188,80.173][-0.913386,0.307087,0.259843][0.549445,0.56254,0][-19.0891,3.3251,80.1982][-0.968504,0.0944882,0.23622][0.526988,0.475991,0][-18.8999,3.92844,79.3568][-0.937008,0.275591,-0.228346][0.444653,0.576516,0][-19.0038,3.26024,79.3308][-0.968504,0.023622,-0.244094][0.421669,0.498536,0][-18.8999,3.92844,79.3568][-0.937008,0.275591,-0.228346][0.444653,0.576516,0][-18.6226,3.3691,78.4712][-0.795276,0.0551181,-0.606299][0.316317,0.544516,0][-19.0038,3.26024,79.3308][-0.968504,0.023622,-0.244094][0.421669,0.498536,0][-18.6226,3.3691,78.4712][-0.795276,0.0551181,-0.606299][0.316317,0.544516,0][-18.8999,3.92844,79.3568][-0.937008,0.275591,-0.228346][0.444653,0.576516,0][-18.4869,4.0093,78.5362][-0.771654,0.259843,-0.582677][0.337502,0.622034,0][-15.3783,4.56734,79.406][0.850394,0.480315,-0.228346][0.464499,0.659304,0][-15.1173,3.92844,79.3568][0.937008,0.275591,-0.228346][0.444653,0.576516,0][-15.7402,4.5916,78.6646][0.748031,0.425197,-0.503937][0.365511,0.698941,0][-15.1173,3.92844,79.3568][0.937008,0.275591,-0.228346][0.444653,0.576516,0][-15.5303,4.0093,78.5362][0.771654,0.259843,-0.582677][0.337502,0.622034,0][-15.7402,4.5916,78.6646][0.748031,0.425197,-0.503937][0.365511,0.698941,0][-18.6389,4.56734,79.406][-0.850394,0.480315,-0.228346][0.464499,0.659304,0][-18.277,4.5916,78.6646][-0.748031,0.425197,-0.503937][0.365511,0.698941,0][-18.8999,3.92844,79.3568][-0.937008,0.275591,-0.228346][0.444653,0.576516,0][-18.8999,3.92844,79.3568][-0.937008,0.275591,-0.228346][0.444653,0.576516,0][-18.277,4.5916,78.6646][-0.748031,0.425197,-0.503937][0.365511,0.698941,0][-18.4869,4.0093,78.5362][-0.771654,0.259843,-0.582677][0.337502,0.622034,0][-15.8608,5.81672,79.8044][0.0866142,0.992126,-0.0629921][0.295381,0.707748,0][-15.509,5.67468,79.8868][0.614173,0.787402,0.015748][0.290542,0.669618,0][-15.5162,5.67824,79.7844][0.543307,0.692913,-0.472441][0.287267,0.67114,0][-15.8608,5.81672,79.8044][0.0866142,0.992126,-0.0629921][0.295381,0.707748,0][-15.5162,5.67824,79.7844][0.543307,0.692913,-0.472441][0.287267,0.67114,0][-15.8692,5.80644,79.7218][0.165354,0.818898,-0.551181][0.283112,0.71273,0][-18.148,5.80644,79.7218][-0.165354,0.818898,-0.551181][0.283112,0.71273,0][-18.501,5.67824,79.7844][-0.543307,0.692913,-0.472441][0.287267,0.67114,0][-18.1564,5.81672,79.8044][-0.0866142,0.992126,-0.0629921][0.295381,0.707748,0][-18.5082,5.67468,79.8868][-0.614173,0.787402,0.015748][0.290542,0.669618,0][-18.1564,5.81672,79.8044][-0.0866142,0.992126,-0.0629921][0.295381,0.707748,0][-18.501,5.67824,79.7844][-0.543307,0.692913,-0.472441][0.287267,0.67114,0][-15.2588,4.5448,80.1114][0.858268,0.456693,0.23622][0.549511,0.635105,0][-15.1488,3.99188,80.173][0.913386,0.307087,0.259843][0.549445,0.56254,0][-15.3783,4.56734,79.406][0.850394,0.480315,-0.228346][0.464499,0.659304,0][-15.1488,3.99188,80.173][0.913386,0.307087,0.259843][0.549445,0.56254,0][-15.1173,3.92844,79.3568][0.937008,0.275591,-0.228346][0.444653,0.576516,0][-15.3783,4.56734,79.406][0.850394,0.480315,-0.228346][0.464499,0.659304,0][-15.509,5.67468,79.8868][0.614173,0.787402,0.015748][0.290542,0.669618,0][-15.8608,5.81672,79.8044][0.0866142,0.992126,-0.0629921][0.295381,0.707748,0][-15.8446,5.81112,79.8878][0.133858,0.858268,0.496063][0.307392,0.701728,0][-15.8446,5.81112,79.8878][0.133858,0.858268,0.496063][0.307392,0.701728,0][-15.5025,5.6653,79.9288][0.472441,0.716535,0.511811][0.293386,0.667657,0][-15.509,5.67468,79.8868][0.614173,0.787402,0.015748][0.290542,0.669618,0][-18.6389,4.56734,79.406][-0.850394,0.480315,-0.228346][0.464499,0.659304,0][-18.8684,3.99188,80.173][-0.913386,0.307087,0.259843][0.549445,0.56254,0][-18.7584,4.5448,80.1114][-0.858268,0.456693,0.23622][0.549511,0.635105,0][-18.8684,3.99188,80.173][-0.913386,0.307087,0.259843][0.549445,0.56254,0][-18.6389,4.56734,79.406][-0.850394,0.480315,-0.228346][0.464499,0.659304,0][-18.8999,3.92844,79.3568][-0.937008,0.275591,-0.228346][0.444653,0.576516,0][-18.1564,5.81672,79.8044][-0.0866142,0.992126,-0.0629921][0.295381,0.707748,0][-18.5082,5.67468,79.8868][-0.614173,0.787402,0.015748][0.290542,0.669618,0][-18.1726,5.81112,79.8878][-0.133858,0.858268,0.496063][0.307392,0.701728,0][-18.5147,5.6653,79.9288][-0.472441,0.716535,0.511811][0.293386,0.667657,0][-18.1726,5.81112,79.8878][-0.133858,0.858268,0.496063][0.307392,0.701728,0][-18.5082,5.67468,79.8868][-0.614173,0.787402,0.015748][0.290542,0.669618,0][-14.9281,3.3251,80.1982][0.968504,0.0944882,0.23622][0.526988,0.475991,0][-15.5474,3.63344,81.0432][0.818898,0.220472,0.527559][0.69602,0.489738,0][-15.4665,3.04384,80.9784][0.826772,-0.0787402,0.559055][0.651947,0.38985,0][-15.4665,3.04384,80.9784][0.826772,-0.0787402,0.559055][0.651947,0.38985,0][-14.9594,2.76632,80.198][0.96063,-0.212598,0.19685][0.505136,0.410578,0][-14.9281,3.3251,80.1982][0.968504,0.0944882,0.23622][0.526988,0.475991,0][-18.4698,3.63344,81.0432][-0.818898,0.220472,0.527559][0.69602,0.489738,0][-19.0891,3.3251,80.1982][-0.968504,0.0944882,0.23622][0.526988,0.475991,0][-18.5507,3.04384,80.9784][-0.826772,-0.0787402,0.559055][0.651947,0.38985,0][-18.5507,3.04384,80.9784][-0.826772,-0.0787402,0.559055][0.651947,0.38985,0][-19.0891,3.3251,80.1982][-0.968504,0.0944882,0.23622][0.526988,0.475991,0][-19.0578,2.76632,80.198][-0.96063,-0.212598,0.19685][0.505136,0.410578,0][-15.3276,4.99254,80.0522][0.92126,-0.354331,-0.133858][0.306297,0.601269,0][-15.317,5.36948,79.7778][0.866142,0.283465,-0.409449][0.280952,0.652759,0][-15.3023,5.33278,79.9648][0.818898,0.212598,0.535433][0.291384,0.651936,0][-15.317,5.36948,79.7778][0.866142,0.283465,-0.409449][0.280952,0.652759,0][-15.3276,4.99254,80.0522][0.92126,-0.354331,-0.133858][0.306297,0.601269,0][-15.394,5.05366,79.568][0.76378,-0.015748,-0.645669][0.224077,0.618911,0][-18.6896,4.99254,80.0522][-0.92126,-0.354331,-0.133858][0.306297,0.601269,0][-18.7002,5.36948,79.7778][-0.866142,0.283465,-0.409449][0.280952,0.652759,0][-18.6232,5.05366,79.568][-0.76378,-0.015748,-0.645669][0.224077,0.618911,0][-18.7002,5.36948,79.7778][-0.866142,0.283465,-0.409449][0.280952,0.652759,0][-18.6896,4.99254,80.0522][-0.92126,-0.354331,-0.133858][0.306297,0.601269,0][-18.7149,5.33278,79.9648][-0.818898,0.212598,0.535433][0.291384,0.651936,0][-16.6128,5.35916,78.5568][0.346457,0.850394,-0.401575][0.351777,0.86794,0][-15.9908,5.01748,78.8126][0.661417,0.629921,-0.409449][0.392483,0.762686,0][-16.4438,4.99706,78.1724][0.464567,0.590551,-0.661417][0.287734,0.809338,0][-15.9908,5.01748,78.8126][0.661417,0.629921,-0.409449][0.392483,0.762686,0][-16.6128,5.35916,78.5568][0.346457,0.850394,-0.401575][0.351777,0.86794,0][-16.2953,5.35528,79.0428][0.480315,0.826772,-0.299213][0.429587,0.823629,0][-17.5734,4.99706,78.1724][-0.464567,0.590551,-0.661417][0.287734,0.809338,0][-18.0264,5.01748,78.8126][-0.661417,0.629921,-0.409449][0.392483,0.762686,0][-17.4044,5.35916,78.5568][-0.346457,0.850394,-0.401575][0.351777,0.86794,0][-18.0264,5.01748,78.8126][-0.661417,0.629921,-0.409449][0.392483,0.762686,0][-17.7219,5.35528,79.0428][-0.480315,0.826772,-0.299213][0.429587,0.823629,0][-17.4044,5.35916,78.5568][-0.346457,0.850394,-0.401575][0.351777,0.86794,0][-15.7083,5.45816,79.6308][0.259843,0.330709,-0.905512][0.238303,0.68255,0][-15.317,5.36948,79.7778][0.866142,0.283465,-0.409449][0.280952,0.652759,0][-15.394,5.05366,79.568][0.76378,-0.015748,-0.645669][0.224077,0.618911,0][-15.317,5.36948,79.7778][0.866142,0.283465,-0.409449][0.280952,0.652759,0][-15.7083,5.45816,79.6308][0.259843,0.330709,-0.905512][0.238303,0.68255,0][-15.3964,5.51824,79.7816][0.708661,0.527559,-0.464567][0.283776,0.662343,0][-18.3089,5.45816,79.6308][-0.259843,0.330709,-0.905512][0.238303,0.68255,0][-18.6232,5.05366,79.568][-0.76378,-0.015748,-0.645669][0.224077,0.618911,0][-18.7002,5.36948,79.7778][-0.866142,0.283465,-0.409449][0.280952,0.652759,0][-18.3089,5.45816,79.6308][-0.259843,0.330709,-0.905512][0.238303,0.68255,0][-18.7002,5.36948,79.7778][-0.866142,0.283465,-0.409449][0.280952,0.652759,0][-18.6208,5.51824,79.7816][-0.708661,0.527559,-0.464567][0.283776,0.662343,0][-15.6773,5.0203,79.4758][0.732283,0.645669,-0.220472][0.48286,0.725379,0][-15.9908,5.01748,78.8126][0.661417,0.629921,-0.409449][0.392483,0.762686,0][-16.2953,5.35528,79.0428][0.480315,0.826772,-0.299213][0.429587,0.823629,0][-15.6773,5.0203,79.4758][0.732283,0.645669,-0.220472][0.48286,0.725379,0][-16.2953,5.35528,79.0428][0.480315,0.826772,-0.299213][0.429587,0.823629,0][-16.0935,5.42148,79.553][0.551181,0.811024,-0.212598][0.502375,0.798094,0][-15.3783,4.56734,79.406][0.850394,0.480315,-0.228346][0.464499,0.659304,0][-15.7402,4.5916,78.6646][0.748031,0.425197,-0.503937][0.365511,0.698941,0][-15.9908,5.01748,78.8126][0.661417,0.629921,-0.409449][0.392483,0.762686,0][-15.6773,5.0203,79.4758][0.732283,0.645669,-0.220472][0.48286,0.725379,0][-15.3783,4.56734,79.406][0.850394,0.480315,-0.228346][0.464499,0.659304,0][-15.9908,5.01748,78.8126][0.661417,0.629921,-0.409449][0.392483,0.762686,0][-15.6773,5.0203,79.4758][0.732283,0.645669,-0.220472][0.48286,0.725379,0][-15.2588,4.5448,80.1114][0.858268,0.456693,0.23622][0.549511,0.635105,0][-15.3783,4.56734,79.406][0.850394,0.480315,-0.228346][0.464499,0.659304,0][-15.2588,4.5448,80.1114][0.858268,0.456693,0.23622][0.549511,0.635105,0][-15.6773,5.0203,79.4758][0.732283,0.645669,-0.220472][0.48286,0.725379,0][-15.6172,5.0344,80.0596][0.724409,0.653543,0.204724][0.556825,0.70993,0][-16.0831,5.43964,79.7576][0.566929,0.826772,-0.0629921][0.529991,0.795033,0][-15.6773,5.0203,79.4758][0.732283,0.645669,-0.220472][0.48286,0.725379,0][-16.0935,5.42148,79.553][0.551181,0.811024,-0.212598][0.502375,0.798094,0][-15.6172,5.0344,80.0596][0.724409,0.653543,0.204724][0.556825,0.70993,0][-15.6773,5.0203,79.4758][0.732283,0.645669,-0.220472][0.48286,0.725379,0][-16.0831,5.43964,79.7576][0.566929,0.826772,-0.0629921][0.529991,0.795033,0][-16.0642,5.43004,79.9678][0.551181,0.818898,0.15748][0.557653,0.788124,0][-15.6172,5.0344,80.0596][0.724409,0.653543,0.204724][0.556825,0.70993,0][-16.0831,5.43964,79.7576][0.566929,0.826772,-0.0629921][0.529991,0.795033,0][-16.2613,5.53156,79.7484][0.322835,0.944882,-0.015748][0.532299,0.823348,0][-16.0642,5.43004,79.9678][0.551181,0.818898,0.15748][0.557653,0.788124,0][-16.0831,5.43964,79.7576][0.566929,0.826772,-0.0629921][0.529991,0.795033,0][-16.0642,5.43004,79.9678][0.551181,0.818898,0.15748][0.557653,0.788124,0][-16.2613,5.53156,79.7484][0.322835,0.944882,-0.015748][0.532299,0.823348,0][-16.286,5.41992,80.3332][0.409449,0.834646,0.370079][0.61502,0.805183,0][-17.9237,5.42148,79.553][-0.551181,0.811024,-0.212598][0.502375,0.798094,0][-17.7219,5.35528,79.0428][-0.480315,0.826772,-0.299213][0.429587,0.823629,0][-18.3399,5.0203,79.4758][-0.732283,0.645669,-0.220472][0.48286,0.725379,0][-18.0264,5.01748,78.8126][-0.661417,0.629921,-0.409449][0.392483,0.762686,0][-18.3399,5.0203,79.4758][-0.732283,0.645669,-0.220472][0.48286,0.725379,0][-17.7219,5.35528,79.0428][-0.480315,0.826772,-0.299213][0.429587,0.823629,0][-18.6389,4.56734,79.406][-0.850394,0.480315,-0.228346][0.464499,0.659304,0][-18.0264,5.01748,78.8126][-0.661417,0.629921,-0.409449][0.392483,0.762686,0][-18.277,4.5916,78.6646][-0.748031,0.425197,-0.503937][0.365511,0.698941,0][-18.3399,5.0203,79.4758][-0.732283,0.645669,-0.220472][0.48286,0.725379,0][-18.0264,5.01748,78.8126][-0.661417,0.629921,-0.409449][0.392483,0.762686,0][-18.6389,4.56734,79.406][-0.850394,0.480315,-0.228346][0.464499,0.659304,0][-18.7584,4.5448,80.1114][-0.858268,0.456693,0.23622][0.549511,0.635105,0][-18.3399,5.0203,79.4758][-0.732283,0.645669,-0.220472][0.48286,0.725379,0][-18.6389,4.56734,79.406][-0.850394,0.480315,-0.228346][0.464499,0.659304,0][-18.3399,5.0203,79.4758][-0.732283,0.645669,-0.220472][0.48286,0.725379,0][-18.7584,4.5448,80.1114][-0.858268,0.456693,0.23622][0.549511,0.635105,0][-18.4,5.0344,80.0596][-0.724409,0.653543,0.204724][0.556825,0.70993,0][-18.3399,5.0203,79.4758][-0.732283,0.645669,-0.220472][0.48286,0.725379,0][-17.9342,5.43964,79.7576][-0.566929,0.826772,-0.0629921][0.529991,0.795033,0][-17.9237,5.42148,79.553][-0.551181,0.811024,-0.212598][0.502375,0.798094,0][-17.9342,5.43964,79.7576][-0.566929,0.826772,-0.0629921][0.529991,0.795033,0][-18.3399,5.0203,79.4758][-0.732283,0.645669,-0.220472][0.48286,0.725379,0][-18.4,5.0344,80.0596][-0.724409,0.653543,0.204724][0.556825,0.70993,0][-17.9342,5.43964,79.7576][-0.566929,0.826772,-0.0629921][0.529991,0.795033,0][-18.4,5.0344,80.0596][-0.724409,0.653543,0.204724][0.556825,0.70993,0][-17.953,5.43004,79.9678][-0.551181,0.818898,0.15748][0.557653,0.788124,0][-17.953,5.43004,79.9678][-0.551181,0.818898,0.15748][0.557653,0.788124,0][-17.7559,5.53156,79.7484][-0.322835,0.944882,-0.015748][0.532299,0.823348,0][-17.9342,5.43964,79.7576][-0.566929,0.826772,-0.0629921][0.529991,0.795033,0][-17.7559,5.53156,79.7484][-0.322835,0.944882,-0.015748][0.532299,0.823348,0][-17.953,5.43004,79.9678][-0.551181,0.818898,0.15748][0.557653,0.788124,0][-17.7312,5.41992,80.3332][-0.409449,0.834646,0.370079][0.61502,0.805183,0][-16.0935,5.42148,79.553][0.551181,0.811024,-0.212598][0.502375,0.798094,0][-16.2613,5.53156,79.7484][0.322835,0.944882,-0.015748][0.532299,0.823348,0][-16.0831,5.43964,79.7576][0.566929,0.826772,-0.0629921][0.529991,0.795033,0][-16.2953,5.35528,79.0428][0.480315,0.826772,-0.299213][0.429587,0.823629,0][-16.2613,5.53156,79.7484][0.322835,0.944882,-0.015748][0.532299,0.823348,0][-16.0935,5.42148,79.553][0.551181,0.811024,-0.212598][0.502375,0.798094,0][-17.7559,5.53156,79.7484][-0.322835,0.944882,-0.015748][0.532299,0.823348,0][-17.9237,5.42148,79.553][-0.551181,0.811024,-0.212598][0.502375,0.798094,0][-17.9342,5.43964,79.7576][-0.566929,0.826772,-0.0629921][0.529991,0.795033,0][-17.9237,5.42148,79.553][-0.551181,0.811024,-0.212598][0.502375,0.798094,0][-17.7559,5.53156,79.7484][-0.322835,0.944882,-0.015748][0.532299,0.823348,0][-17.7219,5.35528,79.0428][-0.480315,0.826772,-0.299213][0.429587,0.823629,0][-15.5192,4.81202,80.1048][0.748031,0.661417,0.0314961][0.399175,0.534993,0][-15.8345,5.16434,80.0478][0.708661,0.700787,-0.0314961][0.418742,0.615865,0][-15.529,4.81438,80.1166][0.748031,0.661417,0.0314961][0.40446,0.507222,0][-15.8399,5.17792,80.0596][0.653543,0.748031,-0.11811][0.434054,0.615674,0][-15.529,4.81438,80.1166][0.748031,0.661417,0.0314961][0.40446,0.507222,0][-15.8345,5.16434,80.0478][0.708661,0.700787,-0.0314961][0.418742,0.615865,0][-15.7083,5.45816,79.6308][0.259843,0.330709,-0.905512][0.238303,0.68255,0][-15.5162,5.67824,79.7844][0.543307,0.692913,-0.472441][0.287267,0.67114,0][-15.3964,5.51824,79.7816][0.708661,0.527559,-0.464567][0.283776,0.662343,0][-15.7083,5.45816,79.6308][0.259843,0.330709,-0.905512][0.238303,0.68255,0][-15.8692,5.80644,79.7218][0.165354,0.818898,-0.551181][0.283112,0.71273,0][-15.5162,5.67824,79.7844][0.543307,0.692913,-0.472441][0.287267,0.67114,0][-15.8692,5.80644,79.7218][0.165354,0.818898,-0.551181][0.283112,0.71273,0][-15.7083,5.45816,79.6308][0.259843,0.330709,-0.905512][0.238303,0.68255,0][-16.1353,5.71172,79.5974][-0.228346,0.669291,-0.708661][0.278957,0.754319,0][-18.501,5.67824,79.7844][-0.543307,0.692913,-0.472441][0.287267,0.67114,0][-18.3089,5.45816,79.6308][-0.259843,0.330709,-0.905512][0.238303,0.68255,0][-18.6208,5.51824,79.7816][-0.708661,0.527559,-0.464567][0.283776,0.662343,0][-18.148,5.80644,79.7218][-0.165354,0.818898,-0.551181][0.283112,0.71273,0][-18.3089,5.45816,79.6308][-0.259843,0.330709,-0.905512][0.238303,0.68255,0][-18.501,5.67824,79.7844][-0.543307,0.692913,-0.472441][0.287267,0.67114,0][-18.3089,5.45816,79.6308][-0.259843,0.330709,-0.905512][0.238303,0.68255,0][-18.148,5.80644,79.7218][-0.165354,0.818898,-0.551181][0.283112,0.71273,0][-17.882,5.71172,79.5974][0.228346,0.669291,-0.708661][0.278957,0.754319,0][-18.1827,5.16434,80.0478][-0.708661,0.700787,-0.0314961][0.418742,0.615865,0][-18.4882,4.81438,80.1166][-0.748031,0.661417,0.0314961][0.40446,0.507222,0][-18.1773,5.17792,80.0596][-0.653543,0.748031,-0.11811][0.434054,0.615674,0][-18.4882,4.81438,80.1166][-0.748031,0.661417,0.0314961][0.40446,0.507222,0][-18.1827,5.16434,80.0478][-0.708661,0.700787,-0.0314961][0.418742,0.615865,0][-18.498,4.81202,80.1048][-0.748031,0.661417,0.0314961][0.399175,0.534993,0][-16.6124,5.64938,79.7342][0.212598,0.976378,0.00787402][0.537191,0.879231,0][-16.2953,5.35528,79.0428][0.480315,0.826772,-0.299213][0.429587,0.823629,0][-16.6128,5.35916,78.5568][0.346457,0.850394,-0.401575][0.351777,0.86794,0][-16.2953,5.35528,79.0428][0.480315,0.826772,-0.299213][0.429587,0.823629,0][-16.6124,5.64938,79.7342][0.212598,0.976378,0.00787402][0.537191,0.879231,0][-16.2613,5.53156,79.7484][0.322835,0.944882,-0.015748][0.532299,0.823348,0][-16.6128,5.35916,78.5568][0.346457,0.850394,-0.401575][0.351777,0.86794,0][-17.0086,5.68576,79.6668][0,1,-0.0314961][0.535106,0.948136,0][-16.6124,5.64938,79.7342][0.212598,0.976378,0.00787402][0.537191,0.879231,0][-17.0086,5.68576,79.6668][0,1,-0.0314961][0.535106,0.948136,0][-16.6128,5.35916,78.5568][0.346457,0.850394,-0.401575][0.351777,0.86794,0][-17.0086,5.38334,78.3842][0,0.866142,-0.496063][0.306682,0.929907,0][-17.4048,5.64938,79.7342][-0.212598,0.976378,0.00787402][0.537191,0.879231,0][-17.7219,5.35528,79.0428][-0.480315,0.826772,-0.299213][0.429587,0.823629,0][-17.7559,5.53156,79.7484][-0.322835,0.944882,-0.015748][0.532299,0.823348,0][-17.7219,5.35528,79.0428][-0.480315,0.826772,-0.299213][0.429587,0.823629,0][-17.4048,5.64938,79.7342][-0.212598,0.976378,0.00787402][0.537191,0.879231,0][-17.4044,5.35916,78.5568][-0.346457,0.850394,-0.401575][0.351777,0.86794,0][-17.0086,5.68576,79.6668][0,1,-0.0314961][0.535106,0.948136,0][-17.4044,5.35916,78.5568][-0.346457,0.850394,-0.401575][0.351777,0.86794,0][-17.4048,5.64938,79.7342][-0.212598,0.976378,0.00787402][0.537191,0.879231,0][-17.4044,5.35916,78.5568][-0.346457,0.850394,-0.401575][0.351777,0.86794,0][-17.0086,5.68576,79.6668][0,1,-0.0314961][0.535106,0.948136,0][-17.0086,5.38334,78.3842][0,0.866142,-0.496063][0.306682,0.929907,0][-15.8345,5.16434,80.0478][0.708661,0.700787,-0.0314961][0.418742,0.615865,0][-16.0247,5.3109,80.0084][0.952756,0.307087,-0.0472441][0.415051,0.66251,0][-15.8399,5.17792,80.0596][0.653543,0.748031,-0.11811][0.434054,0.615674,0][-16.0275,5.30936,80.0204][0.889764,0.456693,-0.0866142][0.422197,0.669729,0][-15.8399,5.17792,80.0596][0.653543,0.748031,-0.11811][0.434054,0.615674,0][-16.0247,5.3109,80.0084][0.952756,0.307087,-0.0472441][0.415051,0.66251,0][-17.9925,5.3109,80.0084][-0.952756,0.307087,-0.0472441][0.415051,0.66251,0][-18.1773,5.17792,80.0596][-0.653543,0.748031,-0.11811][0.434054,0.615674,0][-17.9897,5.30936,80.0204][-0.889764,0.456693,-0.0866142][0.422197,0.669729,0][-18.1773,5.17792,80.0596][-0.653543,0.748031,-0.11811][0.434054,0.615674,0][-17.9925,5.3109,80.0084][-0.952756,0.307087,-0.0472441][0.415051,0.66251,0][-18.1827,5.16434,80.0478][-0.708661,0.700787,-0.0314961][0.418742,0.615865,0][-15.1488,3.99188,80.173][0.913386,0.307087,0.259843][0.549445,0.56254,0][-15.7039,3.87686,81.0936][0.700787,0.346457,0.622047][0.72083,0.533088,0][-15.5474,3.63344,81.0432][0.818898,0.220472,0.527559][0.69602,0.489738,0][-15.5474,3.63344,81.0432][0.818898,0.220472,0.527559][0.69602,0.489738,0][-14.9281,3.3251,80.1982][0.968504,0.0944882,0.23622][0.526988,0.475991,0][-15.1488,3.99188,80.173][0.913386,0.307087,0.259843][0.549445,0.56254,0][-18.3133,3.87686,81.0936][-0.700787,0.346457,0.622047][0.72083,0.533088,0][-18.8684,3.99188,80.173][-0.913386,0.307087,0.259843][0.549445,0.56254,0][-18.4698,3.63344,81.0432][-0.818898,0.220472,0.527559][0.69602,0.489738,0][-18.4698,3.63344,81.0432][-0.818898,0.220472,0.527559][0.69602,0.489738,0][-18.8684,3.99188,80.173][-0.913386,0.307087,0.259843][0.549445,0.56254,0][-19.0891,3.3251,80.1982][-0.968504,0.0944882,0.23622][0.526988,0.475991,0][-15.8589,4.6615,80.771][0.614173,0.440945,0.653543][0.670346,0.669815,0][-15.1488,3.99188,80.173][0.913386,0.307087,0.259843][0.549445,0.56254,0][-15.2588,4.5448,80.1114][0.858268,0.456693,0.23622][0.549511,0.635105,0][-15.1488,3.99188,80.173][0.913386,0.307087,0.259843][0.549445,0.56254,0][-15.8589,4.6615,80.771][0.614173,0.440945,0.653543][0.670346,0.669815,0][-15.7039,3.87686,81.0936][0.700787,0.346457,0.622047][0.72083,0.533088,0][-18.6232,5.05366,79.568][-0.76378,-0.015748,-0.645669][0.224077,0.618911,0][-18.3089,5.45816,79.6308][-0.259843,0.330709,-0.905512][0.238303,0.68255,0][-18.1322,5.11982,79.4758][-0.181102,0.299213,-0.937008][0.137766,0.718151,0][-18.1322,5.11982,79.4758][-0.181102,0.299213,-0.937008][0.137766,0.718151,0][-18.4432,4.73738,79.406][-0.212598,0.330709,-0.92126][0.135068,0.552377,0][-18.6232,5.05366,79.568][-0.76378,-0.015748,-0.645669][0.224077,0.618911,0][-15.7083,5.45816,79.6308][0.259843,0.330709,-0.905512][0.238303,0.68255,0][-15.394,5.05366,79.568][0.76378,-0.015748,-0.645669][0.224077,0.618911,0][-15.885,5.11982,79.4758][0.181102,0.299213,-0.937008][0.137766,0.718151,0][-15.885,5.11982,79.4758][0.181102,0.299213,-0.937008][0.137766,0.718151,0][-15.394,5.05366,79.568][0.76378,-0.015748,-0.645669][0.224077,0.618911,0][-15.574,4.73738,79.406][0.212598,0.330709,-0.92126][0.135068,0.552377,0][-18.1583,4.6615,80.771][-0.614173,0.440945,0.653543][0.670346,0.669815,0][-18.8684,3.99188,80.173][-0.913386,0.307087,0.259843][0.549445,0.56254,0][-18.3133,3.87686,81.0936][-0.700787,0.346457,0.622047][0.72083,0.533088,0][-18.8684,3.99188,80.173][-0.913386,0.307087,0.259843][0.549445,0.56254,0][-18.1583,4.6615,80.771][-0.614173,0.440945,0.653543][0.670346,0.669815,0][-18.7584,4.5448,80.1114][-0.858268,0.456693,0.23622][0.549511,0.635105,0][-17.882,5.71172,79.5974][0.228346,0.669291,-0.708661][0.278957,0.754319,0][-18.148,5.80644,79.7218][-0.165354,0.818898,-0.551181][0.283112,0.71273,0][-17.8701,5.74956,79.7206][0.503937,0.858268,-0.0944882][0.30022,0.745878,0][-18.1564,5.81672,79.8044][-0.0866142,0.992126,-0.0629921][0.295381,0.707748,0][-17.8701,5.74956,79.7206][0.503937,0.858268,-0.0944882][0.30022,0.745878,0][-18.148,5.80644,79.7218][-0.165354,0.818898,-0.551181][0.283112,0.71273,0][-16.1471,5.74956,79.7206][-0.503937,0.858268,-0.0944882][0.30022,0.745878,0][-15.8608,5.81672,79.8044][0.0866142,0.992126,-0.0629921][0.295381,0.707748,0][-15.8692,5.80644,79.7218][0.165354,0.818898,-0.551181][0.283112,0.71273,0][-16.1471,5.74956,79.7206][-0.503937,0.858268,-0.0944882][0.30022,0.745878,0][-15.8692,5.80644,79.7218][0.165354,0.818898,-0.551181][0.283112,0.71273,0][-16.1353,5.71172,79.5974][-0.228346,0.669291,-0.708661][0.278957,0.754319,0][-15.4871,4.74202,80.1242][0.858268,-0.496063,-0.133858][0.389707,0.474459,0][-15.394,5.05366,79.568][0.76378,-0.015748,-0.645669][0.224077,0.618911,0][-15.3276,4.99254,80.0522][0.92126,-0.354331,-0.133858][0.306297,0.601269,0][-15.394,5.05366,79.568][0.76378,-0.015748,-0.645669][0.224077,0.618911,0][-15.4871,4.74202,80.1242][0.858268,-0.496063,-0.133858][0.389707,0.474459,0][-15.574,4.73738,79.406][0.858268,-0.496063,-0.133858][0.135068,0.552377,0][-18.5301,4.74202,80.1242][-0.858268,-0.496063,-0.133858][0.389707,0.474459,0][-18.6232,5.05366,79.568][-0.76378,-0.015748,-0.645669][0.224077,0.618911,0][-18.4432,4.73738,79.406][-0.858268,-0.496063,-0.133858][0.135068,0.552377,0][-18.6232,5.05366,79.568][-0.76378,-0.015748,-0.645669][0.224077,0.618911,0][-18.5301,4.74202,80.1242][-0.858268,-0.496063,-0.133858][0.389707,0.474459,0][-18.6896,4.99254,80.0522][-0.92126,-0.354331,-0.133858][0.306297,0.601269,0][-17.8701,5.74956,79.7206][0.503937,0.858268,-0.0944882][0.30022,0.745878,0][-18.1564,5.81672,79.8044][-0.0866142,0.992126,-0.0629921][0.295381,0.707748,0][-17.8817,5.76524,79.8448][0.377953,0.787402,0.488189][0.321398,0.735799,0][-18.1726,5.81112,79.8878][-0.133858,0.858268,0.496063][0.307392,0.701728,0][-17.8817,5.76524,79.8448][0.377953,0.787402,0.488189][0.321398,0.735799,0][-18.1564,5.81672,79.8044][-0.0866142,0.992126,-0.0629921][0.295381,0.707748,0][-16.1355,5.76524,79.8448][-0.377953,0.787402,0.488189][0.321398,0.735799,0][-15.8446,5.81112,79.8878][0.133858,0.858268,0.496063][0.307392,0.701728,0][-15.8608,5.81672,79.8044][0.0866142,0.992126,-0.0629921][0.295381,0.707748,0][-16.1355,5.76524,79.8448][-0.377953,0.787402,0.488189][0.321398,0.735799,0][-15.8608,5.81672,79.8044][0.0866142,0.992126,-0.0629921][0.295381,0.707748,0][-16.1471,5.74956,79.7206][-0.503937,0.858268,-0.0944882][0.30022,0.745878,0][-16.0725,5.0952,80.5756][0.551181,0.622047,0.559055][0.645984,0.745743,0][-15.2588,4.5448,80.1114][0.858268,0.456693,0.23622][0.549511,0.635105,0][-15.6172,5.0344,80.0596][0.724409,0.653543,0.204724][0.556825,0.70993,0][-15.2588,4.5448,80.1114][0.858268,0.456693,0.23622][0.549511,0.635105,0][-16.0725,5.0952,80.5756][0.551181,0.622047,0.559055][0.645984,0.745743,0][-15.8589,4.6615,80.771][0.614173,0.440945,0.653543][0.670346,0.669815,0][-17.9447,5.0952,80.5756][-0.551181,0.622047,0.559055][0.645984,0.745743,0][-18.7584,4.5448,80.1114][-0.858268,0.456693,0.23622][0.549511,0.635105,0][-18.1583,4.6615,80.771][-0.614173,0.440945,0.653543][0.670346,0.669815,0][-18.7584,4.5448,80.1114][-0.858268,0.456693,0.23622][0.549511,0.635105,0][-17.9447,5.0952,80.5756][-0.551181,0.622047,0.559055][0.645984,0.745743,0][-18.4,5.0344,80.0596][-0.724409,0.653543,0.204724][0.556825,0.70993,0][-16.1353,5.71172,79.5974][-0.228346,0.669291,-0.708661][0.278957,0.754319,0][-15.885,5.11982,79.4758][0.181102,0.299213,-0.937008][0.137766,0.718151,0][-16.3328,5.47238,79.553][-0.322835,0.527559,-0.787402][0.255524,0.86805,0][-15.885,5.11982,79.4758][0.181102,0.299213,-0.937008][0.137766,0.718151,0][-16.1353,5.71172,79.5974][-0.228346,0.669291,-0.708661][0.278957,0.754319,0][-15.7083,5.45816,79.6308][0.259843,0.330709,-0.905512][0.238303,0.68255,0][-16.286,5.41992,80.3332][0.409449,0.834646,0.370079][0.61502,0.805183,0][-16.6124,5.64938,79.7342][0.212598,0.976378,0.00787402][0.537191,0.879231,0][-16.6227,5.43128,80.5866][0.244094,0.834646,0.496063][0.669637,0.842254,0][-16.6124,5.64938,79.7342][0.212598,0.976378,0.00787402][0.537191,0.879231,0][-16.286,5.41992,80.3332][0.409449,0.834646,0.370079][0.61502,0.805183,0][-16.2613,5.53156,79.7484][0.322835,0.944882,-0.015748][0.532299,0.823348,0][-17.882,5.71172,79.5974][0.228346,0.669291,-0.708661][0.278957,0.754319,0][-18.1322,5.11982,79.4758][-0.181102,0.299213,-0.937008][0.137766,0.718151,0][-18.3089,5.45816,79.6308][-0.259843,0.330709,-0.905512][0.238303,0.68255,0][-18.1322,5.11982,79.4758][-0.181102,0.299213,-0.937008][0.137766,0.718151,0][-17.882,5.71172,79.5974][0.228346,0.669291,-0.708661][0.278957,0.754319,0][-17.6844,5.47238,79.553][0.322835,0.527559,-0.787402][0.255524,0.86805,0][-17.7312,5.41992,80.3332][-0.409449,0.834646,0.370079][0.61502,0.805183,0][-17.4048,5.64938,79.7342][-0.212598,0.976378,0.00787402][0.537191,0.879231,0][-17.7559,5.53156,79.7484][-0.322835,0.944882,-0.015748][0.532299,0.823348,0][-17.4048,5.64938,79.7342][-0.212598,0.976378,0.00787402][0.537191,0.879231,0][-17.7312,5.41992,80.3332][-0.409449,0.834646,0.370079][0.61502,0.805183,0][-17.3945,5.43128,80.5866][-0.244094,0.834646,0.496063][0.669637,0.842254,0][-17.6681,5.05178,80.8892][-0.622047,0.535433,0.574803][0.796318,0.387221,0][-17.7053,5.03306,80.865][-0.779528,0.480315,0.409449][0.780521,0.352501,0][-17.6786,5.03214,80.8902][-0.598425,0.543307,0.590551][0.800555,0.372162,0][-17.7053,5.03306,80.865][-0.779528,0.480315,0.409449][0.780521,0.352501,0][-17.6681,5.05178,80.8892][-0.622047,0.535433,0.574803][0.796318,0.387221,0][-17.6888,5.06092,80.8554][-0.669291,0.622047,0.401575][0.775833,0.376075,0][-16.3434,4.99304,80.9276][0.559055,0.535433,0.637795][0.822798,0.359739,0][-16.3457,5.03214,80.8882][0.598425,0.543307,0.590551][0.800555,0.372162,0][-16.4149,5.03368,80.9598][0.480315,0.559055,0.677165][0.82238,0.405116,0][-16.3563,5.05178,80.887][0.622047,0.535433,0.574803][0.796318,0.387221,0][-16.3457,5.03214,80.8882][0.598425,0.543307,0.590551][0.800555,0.372162,0][-16.3191,5.03306,80.8632][0.771654,0.480315,0.409449][0.780521,0.352501,0][-16.3191,5.03306,80.8632][0.771654,0.480315,0.409449][0.780521,0.352501,0][-16.3355,5.06092,80.8534][0.669291,0.622047,0.409449][0.775833,0.376075,0][-16.3563,5.05178,80.887][0.622047,0.535433,0.574803][0.796318,0.387221,0][-17.0086,5.47614,80.6838][0,0.834646,0.551181][0.710482,0.898463,0][-17.0086,5.68576,79.6668][0,1,-0.0314961][0.535106,0.948136,0][-17.3945,5.43128,80.5866][-0.244094,0.834646,0.496063][0.669637,0.842254,0][-17.3945,5.43128,80.5866][-0.244094,0.834646,0.496063][0.669637,0.842254,0][-17.0086,5.68576,79.6668][0,1,-0.0314961][0.535106,0.948136,0][-17.4048,5.64938,79.7342][-0.212598,0.976378,0.00787402][0.537191,0.879231,0][-17.0086,5.68576,79.6668][0,1,-0.0314961][0.535106,0.948136,0][-17.0086,5.47614,80.6838][0,0.834646,0.551181][0.710482,0.898463,0][-16.6227,5.43128,80.5866][0.244094,0.834646,0.496063][0.669637,0.842254,0][-16.6227,5.43128,80.5866][0.244094,0.834646,0.496063][0.669637,0.842254,0][-16.6124,5.64938,79.7342][0.212598,0.976378,0.00787402][0.537191,0.879231,0][-17.0086,5.68576,79.6668][0,1,-0.0314961][0.535106,0.948136,0][-17.5695,4.935,81.0518][-0.472441,0.165354,0.866142][0.89579,0.390481,0][-17.6471,4.97212,80.973][-0.543307,0.440945,0.708661][0.84887,0.368714,0][-17.6636,4.918,80.9896][-0.661417,0.0393701,0.748031][0.869578,0.344349,0][-17.6471,4.97212,80.973][-0.543307,0.440945,0.708661][0.84887,0.368714,0][-17.5695,4.935,81.0518][-0.472441,0.165354,0.866142][0.89579,0.390481,0][-17.5961,4.98042,81.0044][-0.496063,0.464567,0.732283][0.862676,0.394042,0][-17.7261,4.9591,80.9206][-0.818898,0.220472,0.527559][0.82099,0.328997,0][-17.6636,4.918,80.9896][-0.661417,0.0393701,0.748031][0.869578,0.344349,0][-17.6809,4.99304,80.93][-0.566929,0.535433,0.629921][0.822798,0.359739,0][-17.6809,4.99304,80.93][-0.566929,0.535433,0.629921][0.822798,0.359739,0][-17.6636,4.918,80.9896][-0.661417,0.0393701,0.748031][0.869578,0.344349,0][-17.6471,4.97212,80.973][-0.543307,0.440945,0.708661][0.84887,0.368714,0][-17.6471,4.97212,80.973][-0.543307,0.440945,0.708661][0.84887,0.368714,0][-17.6094,5.03368,80.9622][-0.480315,0.559055,0.677165][0.82238,0.405116,0][-17.6809,4.99304,80.93][-0.566929,0.535433,0.629921][0.822798,0.359739,0][-17.6809,4.99304,80.93][-0.566929,0.535433,0.629921][0.822798,0.359739,0][-17.6094,5.03368,80.9622][-0.480315,0.559055,0.677165][0.82238,0.405116,0][-17.6786,5.03214,80.8902][-0.598425,0.543307,0.590551][0.800555,0.372162,0][-17.6809,4.99304,80.93][-0.566929,0.535433,0.629921][0.822798,0.359739,0][-17.6786,5.03214,80.8902][-0.598425,0.543307,0.590551][0.800555,0.372162,0][-17.7261,4.9591,80.9206][-0.818898,0.220472,0.527559][0.82099,0.328997,0][-17.7053,5.03306,80.865][-0.779528,0.480315,0.409449][0.780521,0.352501,0][-17.7261,4.9591,80.9206][-0.818898,0.220472,0.527559][0.82099,0.328997,0][-17.6786,5.03214,80.8902][-0.598425,0.543307,0.590551][0.800555,0.372162,0][-17.6094,5.03368,80.9622][-0.480315,0.559055,0.677165][0.82238,0.405116,0][-17.6681,5.05178,80.8892][-0.622047,0.535433,0.574803][0.796318,0.387221,0][-17.6786,5.03214,80.8902][-0.598425,0.543307,0.590551][0.800555,0.372162,0][-17.6681,5.05178,80.8892][-0.622047,0.535433,0.574803][0.796318,0.387221,0][-17.6094,5.03368,80.9622][-0.480315,0.559055,0.677165][0.82238,0.405116,0][-17.6528,5.06984,80.8884][-0.527559,0.685039,0.503937][0.792081,0.402279,0][-16.3434,4.99304,80.9276][0.559055,0.535433,0.637795][0.822798,0.359739,0][-16.2982,4.9591,80.9186][0.818898,0.220472,0.535433][0.82099,0.328997,0][-16.3457,5.03214,80.8882][0.598425,0.543307,0.590551][0.800555,0.372162,0][-16.2982,4.9591,80.9186][0.818898,0.220472,0.535433][0.82099,0.328997,0][-16.3191,5.03306,80.8632][0.771654,0.480315,0.409449][0.780521,0.352501,0][-16.3457,5.03214,80.8882][0.598425,0.543307,0.590551][0.800555,0.372162,0][-16.3563,5.05178,80.887][0.622047,0.535433,0.574803][0.796318,0.387221,0][-16.4149,5.03368,80.9598][0.480315,0.559055,0.677165][0.82238,0.405116,0][-16.3457,5.03214,80.8882][0.598425,0.543307,0.590551][0.800555,0.372162,0][-16.3715,5.06984,80.8862][0.527559,0.685039,0.503937][0.792081,0.402279,0][-16.4149,5.03368,80.9598][0.480315,0.559055,0.677165][0.82238,0.405116,0][-16.3563,5.05178,80.887][0.622047,0.535433,0.574803][0.796318,0.387221,0][-17.5961,4.98042,81.0044][-0.496063,0.464567,0.732283][0.862676,0.394042,0][-17.6094,5.03368,80.9622][-0.480315,0.559055,0.677165][0.82238,0.405116,0][-17.6471,4.97212,80.973][-0.543307,0.440945,0.708661][0.84887,0.368714,0][-16.4549,4.935,81.0496][0.472441,0.173228,0.866142][0.89579,0.390481,0][-16.3607,4.918,80.987][0.661417,0.0393701,0.748031][0.869578,0.344349,0][-16.3773,4.97212,80.9704][0.543307,0.440945,0.716535][0.84887,0.368714,0][-16.4549,4.935,81.0496][0.472441,0.173228,0.866142][0.89579,0.390481,0][-16.3773,4.97212,80.9704][0.543307,0.440945,0.716535][0.84887,0.368714,0][-16.4282,4.98042,81.0016][0.496063,0.464567,0.732283][0.862676,0.394042,0][-16.3607,4.918,80.987][0.661417,0.0393701,0.748031][0.869578,0.344349,0][-16.2982,4.9591,80.9186][0.818898,0.220472,0.535433][0.82099,0.328997,0][-16.3434,4.99304,80.9276][0.559055,0.535433,0.637795][0.822798,0.359739,0][-16.3773,4.97212,80.9704][0.543307,0.440945,0.716535][0.84887,0.368714,0][-16.3607,4.918,80.987][0.661417,0.0393701,0.748031][0.869578,0.344349,0][-16.3434,4.99304,80.9276][0.559055,0.535433,0.637795][0.822798,0.359739,0][-16.3773,4.97212,80.9704][0.543307,0.440945,0.716535][0.84887,0.368714,0][-16.3434,4.99304,80.9276][0.559055,0.535433,0.637795][0.822798,0.359739,0][-16.4149,5.03368,80.9598][0.480315,0.559055,0.677165][0.82238,0.405116,0][-16.4282,4.98042,81.0016][0.496063,0.464567,0.732283][0.862676,0.394042,0][-16.3773,4.97212,80.9704][0.543307,0.440945,0.716535][0.84887,0.368714,0][-16.4149,5.03368,80.9598][0.480315,0.559055,0.677165][0.82238,0.405116,0][-17.6094,5.03368,80.9622][-0.480315,0.559055,0.677165][0.82238,0.405116,0][-17.5601,5.0869,80.94][-0.393701,0.708661,0.582677][0.811673,0.442923,0][-17.5832,5.09346,80.915][-0.417323,0.76378,0.488189][0.799752,0.436522,0][-17.5601,5.0869,80.94][-0.393701,0.708661,0.582677][0.811673,0.442923,0][-17.6094,5.03368,80.9622][-0.480315,0.559055,0.677165][0.82238,0.405116,0][-17.5393,5.0731,80.9648][-0.370079,0.629921,0.685039][0.825867,0.445587,0][-17.6528,5.06984,80.8884][-0.527559,0.685039,0.503937][0.792081,0.402279,0][-17.6094,5.03368,80.9622][-0.480315,0.559055,0.677165][0.82238,0.405116,0][-17.5832,5.09346,80.915][-0.417323,0.76378,0.488189][0.799752,0.436522,0][-16.4549,4.935,81.0496][0.472441,0.173228,0.866142][0.89579,0.390481,0][-16.4772,5.02018,81.0018][0.409449,0.582677,0.708661][0.853388,0.425038,0][-16.5244,4.99838,81.0534][0.220472,0.503937,0.834646][0.88423,0.438464,0][-16.4772,5.02018,81.0018][0.409449,0.582677,0.708661][0.853388,0.425038,0][-16.4549,4.935,81.0496][0.472441,0.173228,0.866142][0.89579,0.390481,0][-16.4282,4.98042,81.0016][0.496063,0.464567,0.732283][0.862676,0.394042,0][-17.6094,5.03368,80.9622][-0.480315,0.559055,0.677165][0.82238,0.405116,0][-17.5396,5.04664,80.9846][-0.362205,0.606299,0.708661][0.839627,0.435313,0][-17.5393,5.0731,80.9648][-0.370079,0.629921,0.685039][0.825867,0.445587,0][-17.5396,5.04664,80.9846][-0.362205,0.606299,0.708661][0.839627,0.435313,0][-17.6094,5.03368,80.9622][-0.480315,0.559055,0.677165][0.82238,0.405116,0][-17.5471,5.02018,81.004][-0.401575,0.582677,0.708661][0.853388,0.425038,0][-17.5471,5.02018,81.004][-0.401575,0.582677,0.708661][0.853388,0.425038,0][-17.5695,4.935,81.0518][-0.472441,0.165354,0.866142][0.89579,0.390481,0][-17.5,4.99838,81.0552][-0.212598,0.503937,0.84252][0.88423,0.438464,0][-17.5695,4.935,81.0518][-0.472441,0.165354,0.866142][0.89579,0.390481,0][-17.5471,5.02018,81.004][-0.401575,0.582677,0.708661][0.853388,0.425038,0][-17.5961,4.98042,81.0044][-0.496063,0.464567,0.732283][0.862676,0.394042,0][-16.4642,5.0869,80.9376][0.393701,0.708661,0.582677][0.811673,0.442923,0][-16.4149,5.03368,80.9598][0.480315,0.559055,0.677165][0.82238,0.405116,0][-16.4412,5.09346,80.9126][0.417323,0.76378,0.488189][0.799752,0.436522,0][-16.485,5.0731,80.9624][0.370079,0.629921,0.677165][0.825867,0.445587,0][-16.4149,5.03368,80.9598][0.480315,0.559055,0.677165][0.82238,0.405116,0][-16.4642,5.0869,80.9376][0.393701,0.708661,0.582677][0.811673,0.442923,0][-16.3715,5.06984,80.8862][0.527559,0.685039,0.503937][0.792081,0.402279,0][-16.4412,5.09346,80.9126][0.417323,0.76378,0.488189][0.799752,0.436522,0][-16.4149,5.03368,80.9598][0.480315,0.559055,0.677165][0.82238,0.405116,0][-16.6227,5.43128,80.5866][0.244094,0.834646,0.496063][0.669637,0.842254,0][-16.0725,5.0952,80.5756][0.551181,0.622047,0.559055][0.645984,0.745743,0][-16.286,5.41992,80.3332][0.409449,0.834646,0.370079][0.61502,0.805183,0][-16.0725,5.0952,80.5756][0.551181,0.622047,0.559055][0.645984,0.745743,0][-16.6227,5.43128,80.5866][0.244094,0.834646,0.496063][0.669637,0.842254,0][-16.5261,5.0134,80.9988][0.283465,0.559055,0.779528][0.739017,0.775216,0][-16.0725,5.0952,80.5756][0.551181,0.622047,0.559055][0.645984,0.745743,0][-16.0642,5.43004,79.9678][0.551181,0.818898,0.15748][0.557653,0.788124,0][-16.286,5.41992,80.3332][0.409449,0.834646,0.370079][0.61502,0.805183,0][-16.0725,5.0952,80.5756][0.551181,0.622047,0.559055][0.645984,0.745743,0][-15.6172,5.0344,80.0596][0.724409,0.653543,0.204724][0.556825,0.70993,0][-16.0642,5.43004,79.9678][0.551181,0.818898,0.15748][0.557653,0.788124,0][-17.5471,5.02018,81.004][-0.401575,0.582677,0.708661][0.853388,0.425038,0][-17.6094,5.03368,80.9622][-0.480315,0.559055,0.677165][0.82238,0.405116,0][-17.5961,4.98042,81.0044][-0.496063,0.464567,0.732283][0.862676,0.394042,0][-16.4772,5.02018,81.0018][0.409449,0.582677,0.708661][0.853388,0.425038,0][-16.4282,4.98042,81.0016][0.496063,0.464567,0.732283][0.862676,0.394042,0][-16.4149,5.03368,80.9598][0.480315,0.559055,0.677165][0.82238,0.405116,0][-17.5471,5.02018,81.004][-0.401575,0.582677,0.708661][0.853388,0.425038,0][-17.4851,5.0429,81.0172][-0.110236,0.661417,0.740157][0.858885,0.454949,0][-17.5396,5.04664,80.9846][-0.362205,0.606299,0.708661][0.839627,0.435313,0][-17.4851,5.0429,81.0172][-0.110236,0.661417,0.740157][0.858885,0.454949,0][-17.5471,5.02018,81.004][-0.401575,0.582677,0.708661][0.853388,0.425038,0][-17.5,4.99838,81.0552][-0.212598,0.503937,0.84252][0.88423,0.438464,0][-17.5393,5.0731,80.9648][-0.370079,0.629921,0.685039][0.825867,0.445587,0][-17.4851,5.0429,81.0172][-0.110236,0.661417,0.740157][0.858885,0.454949,0][-17.4884,5.0874,80.978][-0.110236,0.724409,0.677165][0.83354,0.471434,0][-17.4851,5.0429,81.0172][-0.110236,0.661417,0.740157][0.858885,0.454949,0][-17.5393,5.0731,80.9648][-0.370079,0.629921,0.685039][0.825867,0.445587,0][-17.5396,5.04664,80.9846][-0.362205,0.606299,0.708661][0.839627,0.435313,0][-16.485,5.0731,80.9624][0.370079,0.629921,0.677165][0.825867,0.445587,0][-16.5392,5.0429,81.0152][0.11811,0.661417,0.740157][0.858885,0.454949,0][-16.4847,5.04664,80.9822][0.362205,0.606299,0.708661][0.839627,0.435313,0][-16.5392,5.0429,81.0152][0.11811,0.661417,0.740157][0.858885,0.454949,0][-16.485,5.0731,80.9624][0.370079,0.629921,0.677165][0.825867,0.445587,0][-16.536,5.0874,80.976][0.110236,0.724409,0.677165][0.83354,0.471434,0][-17.9447,5.0952,80.5756][-0.551181,0.622047,0.559055][0.645984,0.745743,0][-17.3945,5.43128,80.5866][-0.244094,0.834646,0.496063][0.669637,0.842254,0][-17.7312,5.41992,80.3332][-0.409449,0.834646,0.370079][0.61502,0.805183,0][-17.3945,5.43128,80.5866][-0.244094,0.834646,0.496063][0.669637,0.842254,0][-17.9447,5.0952,80.5756][-0.551181,0.622047,0.559055][0.645984,0.745743,0][-17.4911,5.0134,80.9988][-0.283465,0.559055,0.779528][0.739017,0.775216,0][-17.953,5.43004,79.9678][-0.551181,0.818898,0.15748][0.557653,0.788124,0][-17.9447,5.0952,80.5756][-0.551181,0.622047,0.559055][0.645984,0.745743,0][-17.7312,5.41992,80.3332][-0.409449,0.834646,0.370079][0.61502,0.805183,0][-17.9447,5.0952,80.5756][-0.551181,0.622047,0.559055][0.645984,0.745743,0][-17.953,5.43004,79.9678][-0.551181,0.818898,0.15748][0.557653,0.788124,0][-18.4,5.0344,80.0596][-0.724409,0.653543,0.204724][0.556825,0.70993,0][-17.4884,5.0874,80.978][-0.110236,0.724409,0.677165][0.83354,0.471434,0][-17.5206,5.11446,80.9318][-0.228346,0.834646,0.496063][0.807697,0.46791,0][-17.5393,5.0731,80.9648][-0.370079,0.629921,0.685039][0.825867,0.445587,0][-17.5206,5.11446,80.9318][-0.228346,0.834646,0.496063][0.807697,0.46791,0][-17.5601,5.0869,80.94][-0.393701,0.708661,0.582677][0.811673,0.442923,0][-17.5393,5.0731,80.9648][-0.370079,0.629921,0.685039][0.825867,0.445587,0][-16.536,5.0874,80.976][0.110236,0.724409,0.677165][0.83354,0.471434,0][-16.485,5.0731,80.9624][0.370079,0.629921,0.677165][0.825867,0.445587,0][-16.5038,5.11446,80.9294][0.23622,0.834646,0.496063][0.807697,0.46791,0][-16.5038,5.11446,80.9294][0.23622,0.834646,0.496063][0.807697,0.46791,0][-16.485,5.0731,80.9624][0.370079,0.629921,0.677165][0.825867,0.445587,0][-16.4642,5.0869,80.9376][0.393701,0.708661,0.582677][0.811673,0.442923,0][-16.4847,5.04664,80.9822][0.362205,0.606299,0.708661][0.839627,0.435313,0][-16.5392,5.0429,81.0152][0.11811,0.661417,0.740157][0.858885,0.454949,0][-16.4772,5.02018,81.0018][0.409449,0.582677,0.708661][0.853388,0.425038,0][-16.5392,5.0429,81.0152][0.11811,0.661417,0.740157][0.858885,0.454949,0][-16.5244,4.99838,81.0534][0.220472,0.503937,0.834646][0.88423,0.438464,0][-16.4772,5.02018,81.0018][0.409449,0.582677,0.708661][0.853388,0.425038,0][-16.4149,5.03368,80.9598][0.480315,0.559055,0.677165][0.82238,0.405116,0][-16.4847,5.04664,80.9822][0.362205,0.606299,0.708661][0.839627,0.435313,0][-16.4772,5.02018,81.0018][0.409449,0.582677,0.708661][0.853388,0.425038,0][-16.4847,5.04664,80.9822][0.362205,0.606299,0.708661][0.839627,0.435313,0][-16.4149,5.03368,80.9598][0.480315,0.559055,0.677165][0.82238,0.405116,0][-16.485,5.0731,80.9624][0.370079,0.629921,0.677165][0.825867,0.445587,0][-17.7302,5.02434,80.8102][-0.952756,0.299213,-0.0472441][0.763383,0.346102,0][-17.6888,5.06092,80.8554][-0.669291,0.622047,0.401575][0.775833,0.376075,0][-17.7033,5.07144,80.8][-0.755906,0.653543,-0.0629921][0.755499,0.375591,0][-17.6888,5.06092,80.8554][-0.669291,0.622047,0.401575][0.775833,0.376075,0][-17.7302,5.02434,80.8102][-0.952756,0.299213,-0.0472441][0.763383,0.346102,0][-17.7053,5.03306,80.865][-0.779528,0.480315,0.409449][0.780521,0.352501,0][-16.2942,5.02434,80.809][0.952756,0.299213,-0.0472441][0.763383,0.346102,0][-16.3211,5.07144,80.7986][0.755906,0.653543,-0.0629921][0.755499,0.375591,0][-16.3355,5.06092,80.8534][0.669291,0.622047,0.409449][0.775833,0.376075,0][-16.2942,5.02434,80.809][0.952756,0.299213,-0.0472441][0.763383,0.346102,0][-16.3355,5.06092,80.8534][0.669291,0.622047,0.409449][0.775833,0.376075,0][-16.3191,5.03306,80.8632][0.771654,0.480315,0.409449][0.780521,0.352501,0][-17.0714,5.05156,81.119][-0.15748,0.488189,0.858268][0.829361,0.389543,0][-17.0333,5.06914,81.1104][-0.0551181,0.519685,0.850394][0.847123,0.398638,0][-17.0718,5.07866,81.1006][-0.15748,0.629921,0.76378][0.82944,0.404399,0][-17.7033,5.07144,80.8][-0.755906,0.653543,-0.0629921][0.755499,0.375591,0][-17.6622,5.08536,80.8462][-0.496063,0.80315,0.338583][0.771145,0.399648,0][-17.6538,5.11106,80.7906][-0.440945,0.889764,-0.102362][0.747616,0.405079,0][-17.6622,5.08536,80.8462][-0.496063,0.80315,0.338583][0.771145,0.399648,0][-17.7033,5.07144,80.8][-0.755906,0.653543,-0.0629921][0.755499,0.375591,0][-17.6888,5.06092,80.8554][-0.669291,0.622047,0.401575][0.775833,0.376075,0][-16.3211,5.07144,80.7986][0.755906,0.653543,-0.0629921][0.755499,0.375591,0][-16.3705,5.11106,80.789][0.440945,0.889764,-0.102362][0.747616,0.405079,0][-16.3622,5.08536,80.8444][0.488189,0.80315,0.338583][0.771145,0.399648,0][-16.3211,5.07144,80.7986][0.755906,0.653543,-0.0629921][0.755499,0.375591,0][-16.3622,5.08536,80.8444][0.488189,0.80315,0.338583][0.771145,0.399648,0][-16.3355,5.06092,80.8534][0.669291,0.622047,0.409449][0.775833,0.376075,0][-17.6622,5.08536,80.8462][-0.496063,0.80315,0.338583][0.771145,0.399648,0][-17.6681,5.05178,80.8892][-0.622047,0.535433,0.574803][0.796318,0.387221,0][-17.6528,5.06984,80.8884][-0.527559,0.685039,0.503937][0.792081,0.402279,0][-17.6681,5.05178,80.8892][-0.622047,0.535433,0.574803][0.796318,0.387221,0][-17.6622,5.08536,80.8462][-0.496063,0.80315,0.338583][0.771145,0.399648,0][-17.6888,5.06092,80.8554][-0.669291,0.622047,0.401575][0.775833,0.376075,0][-17.6528,5.06984,80.8884][-0.527559,0.685039,0.503937][0.792081,0.402279,0][-17.5537,5.11842,80.8878][-0.338583,0.88189,0.338583][0.78831,0.453625,0][-17.6622,5.08536,80.8462][-0.496063,0.80315,0.338583][0.771145,0.399648,0][-17.5537,5.11842,80.8878][-0.338583,0.88189,0.338583][0.78831,0.453625,0][-17.6528,5.06984,80.8884][-0.527559,0.685039,0.503937][0.792081,0.402279,0][-17.5832,5.09346,80.915][-0.417323,0.76378,0.488189][0.799752,0.436522,0][-16.3563,5.05178,80.887][0.622047,0.535433,0.574803][0.796318,0.387221,0][-16.3622,5.08536,80.8444][0.488189,0.80315,0.338583][0.771145,0.399648,0][-16.3715,5.06984,80.8862][0.527559,0.685039,0.503937][0.792081,0.402279,0][-16.3622,5.08536,80.8444][0.488189,0.80315,0.338583][0.771145,0.399648,0][-16.3563,5.05178,80.887][0.622047,0.535433,0.574803][0.796318,0.387221,0][-16.3355,5.06092,80.8534][0.669291,0.622047,0.409449][0.775833,0.376075,0][-16.3715,5.06984,80.8862][0.527559,0.685039,0.503937][0.792081,0.402279,0][-16.4707,5.11842,80.8854][0.338583,0.874016,0.338583][0.78831,0.453625,0][-16.4412,5.09346,80.9126][0.417323,0.76378,0.488189][0.799752,0.436522,0][-16.4707,5.11842,80.8854][0.338583,0.874016,0.338583][0.78831,0.453625,0][-16.3715,5.06984,80.8862][0.527559,0.685039,0.503937][0.792081,0.402279,0][-16.3622,5.08536,80.8444][0.488189,0.80315,0.338583][0.771145,0.399648,0][-17.051,5.09724,81.089][-0.125984,0.748031,0.645669][0.839123,0.414261,0][-17.0333,5.06914,81.1104][-0.0551181,0.519685,0.850394][0.847123,0.398638,0][-17.0155,5.10346,81.0912][-0.0393701,0.771654,0.629921][0.855357,0.416611,0][-17.5206,5.11446,80.9318][-0.228346,0.834646,0.496063][0.807697,0.46791,0][-17.5537,5.11842,80.8878][-0.338583,0.88189,0.338583][0.78831,0.453625,0][-17.5601,5.0869,80.94][-0.393701,0.708661,0.582677][0.811673,0.442923,0][-17.5537,5.11842,80.8878][-0.338583,0.88189,0.338583][0.78831,0.453625,0][-17.5832,5.09346,80.915][-0.417323,0.76378,0.488189][0.799752,0.436522,0][-17.5601,5.0869,80.94][-0.393701,0.708661,0.582677][0.811673,0.442923,0][-16.5038,5.11446,80.9294][0.23622,0.834646,0.496063][0.807697,0.46791,0][-16.4642,5.0869,80.9376][0.393701,0.708661,0.582677][0.811673,0.442923,0][-16.4707,5.11842,80.8854][0.338583,0.874016,0.338583][0.78831,0.453625,0][-16.4707,5.11842,80.8854][0.338583,0.874016,0.338583][0.78831,0.453625,0][-16.4642,5.0869,80.9376][0.393701,0.708661,0.582677][0.811673,0.442923,0][-16.4412,5.09346,80.9126][0.417323,0.76378,0.488189][0.799752,0.436522,0][-16.9904,5.0822,81.1054][0.181102,0.519685,0.834646][0.867079,0.405174,0][-16.9714,5.1026,81.079][0.377953,0.779528,0.488189][0.875577,0.418372,0][-17.0023,5.09534,81.0986][0.0866142,0.653543,0.748031][0.861514,0.411934,0][-16.9714,5.1026,81.079][0.377953,0.779528,0.488189][0.875577,0.418372,0][-16.9904,5.0822,81.1054][0.181102,0.519685,0.834646][0.867079,0.405174,0][-16.9511,5.07678,81.0916][0.590551,0.480315,0.645669][0.884892,0.405607,0][-16.9904,5.0822,81.1054][0.181102,0.519685,0.834646][0.867079,0.405174,0][-16.9928,5.04644,81.1234][0.173228,0.417323,0.889764][0.866087,0.386743,0][-16.9511,5.07678,81.0916][0.590551,0.480315,0.645669][0.884892,0.405607,0][-16.9555,5.01452,81.125][0.543307,0.141732,0.826772][0.883221,0.373823,0][-16.9511,5.07678,81.0916][0.590551,0.480315,0.645669][0.884892,0.405607,0][-16.9928,5.04644,81.1234][0.173228,0.417323,0.889764][0.866087,0.386743,0][-16.9904,5.0822,81.1054][0.181102,0.519685,0.834646][0.867079,0.405174,0][-17.0333,5.06914,81.1104][-0.0551181,0.519685,0.850394][0.847123,0.398638,0][-16.9928,5.04644,81.1234][0.173228,0.417323,0.889764][0.866087,0.386743,0][-16.9928,5.04644,81.1234][0.173228,0.417323,0.889764][0.866087,0.386743,0][-17.0333,5.06914,81.1104][-0.0551181,0.519685,0.850394][0.847123,0.398638,0][-17.0166,5.02562,81.1354][0.0708661,0.362205,0.929134][0.854964,0.375548,0][-17.0023,5.09534,81.0986][0.0866142,0.653543,0.748031][0.861514,0.411934,0][-17.0333,5.06914,81.1104][-0.0551181,0.519685,0.850394][0.847123,0.398638,0][-16.9904,5.0822,81.1054][0.181102,0.519685,0.834646][0.867079,0.405174,0][-17.0333,5.06914,81.1104][-0.0551181,0.519685,0.850394][0.847123,0.398638,0][-17.0023,5.09534,81.0986][0.0866142,0.653543,0.748031][0.861514,0.411934,0][-17.0155,5.10346,81.0912][-0.0393701,0.771654,0.629921][0.855357,0.416611,0][-17.0718,5.07866,81.1006][-0.15748,0.629921,0.76378][0.82944,0.404399,0][-17.0333,5.06914,81.1104][-0.0551181,0.519685,0.850394][0.847123,0.398638,0][-17.051,5.09724,81.089][-0.125984,0.748031,0.645669][0.839123,0.414261,0][-17.0166,5.02562,81.1354][0.0708661,0.362205,0.929134][0.854964,0.375548,0][-17.0333,5.06914,81.1104][-0.0551181,0.519685,0.850394][0.847123,0.398638,0][-17.0489,5.02954,81.1336][-0.0708661,0.393701,0.913386][0.839749,0.377435,0][-17.0489,5.02954,81.1336][-0.0708661,0.393701,0.913386][0.839749,0.377435,0][-17.0333,5.06914,81.1104][-0.0551181,0.519685,0.850394][0.847123,0.398638,0][-17.0714,5.05156,81.119][-0.15748,0.488189,0.858268][0.829361,0.389543,0][-17.0676,4.99334,81.1436][-0.291339,-0.0314961,0.952756][0.831391,0.360616,0][-17.0166,5.02562,81.1354][0.0708661,0.362205,0.929134][0.854964,0.375548,0][-17.0489,5.02954,81.1336][-0.0708661,0.393701,0.913386][0.839749,0.377435,0][-17.0166,5.02562,81.1354][0.0708661,0.362205,0.929134][0.854964,0.375548,0][-17.0676,4.99334,81.1436][-0.291339,-0.0314961,0.952756][0.831391,0.360616,0][-17.0037,4.98434,81.1466][0.173228,-0.0866142,0.984252][0.861227,0.35666,0][-17.8621,4.6649,80.9796][-0.480315,0.511811,0.716535][0.648667,0.064186,0][-17.915,4.8753,80.7822][-0.480315,0.511811,0.716535][0.630208,0.087681,0][-17.9398,4.8606,80.7734][-0.480315,0.511811,0.716535][0.628382,0.08604,0][-17.8621,4.6649,80.9796][-0.480315,0.511811,0.716535][0.648667,0.064186,0][-17.9398,4.8606,80.7734][-0.480315,0.511811,0.716535][0.628382,0.08604,0][-17.9638,4.84116,80.7728][-0.480315,0.511811,0.716535][0.626912,0.08363,0][-17.8621,4.6649,80.9796][-0.480315,0.511811,0.716535][0.648667,0.064186,0][-17.9638,4.84116,80.7728][-0.480315,0.511811,0.716535][0.626912,0.08363,0][-17.9844,4.81922,80.775][-0.480315,0.511811,0.716535][0.625654,0.080751,0][-17.8621,4.6649,80.9796][-0.480315,0.511811,0.716535][0.648667,0.064186,0][-17.8489,4.89792,80.816][-0.480315,0.511811,0.716535][0.635272,0.089896,0][-17.915,4.8753,80.7822][-0.480315,0.511811,0.716535][0.630208,0.087681,0][-17.8489,4.89792,80.816][-0.480315,0.511811,0.716535][0.635272,0.089896,0][-17.8621,4.6649,80.9796][-0.480315,0.511811,0.716535][0.648667,0.064186,0][-17.8048,4.67104,80.998][-0.480315,0.511811,0.716535][0.653137,0.065939,0][-17.7507,4.70276,81.0062][-0.480315,0.511811,0.716535][0.655904,0.070288,0][-17.8489,4.89792,80.816][-0.480315,0.511811,0.716535][0.635272,0.089896,0][-17.8048,4.67104,80.998][-0.480315,0.511811,0.716535][0.653137,0.065939,0][-17.7169,4.7315,81.0106][-0.480315,0.511811,0.716535][0.657085,0.073834,0][-17.8489,4.89792,80.816][-0.480315,0.511811,0.716535][0.635272,0.089896,0][-17.7507,4.70276,81.0062][-0.480315,0.511811,0.716535][0.655904,0.070288,0][-17.8621,4.6649,80.9796][-0.480315,0.511811,0.716535][0.648667,0.064186,0][-17.9844,4.81922,80.775][-0.480315,0.511811,0.716535][0.625654,0.080751,0][-17.978,4.66772,80.9078][-0.480315,0.511811,0.716535][0.635999,0.062133,0][-17.8489,4.89792,80.816][-0.480315,0.511811,0.716535][0.635272,0.089896,0][-17.7169,4.7315,81.0106][-0.480315,0.511811,0.716535][0.657085,0.073834,0][-17.765,4.90558,80.8778][-0.480315,0.511811,0.716535][0.642101,0.090678,0][-17.6985,4.75944,81.0076][-0.480315,0.511811,0.716535][0.656864,0.077006,0][-17.765,4.90558,80.8778][-0.480315,0.511811,0.716535][0.642101,0.090678,0][-17.7169,4.7315,81.0106][-0.480315,0.511811,0.716535][0.657085,0.073834,0][-17.689,4.78554,80.9986][-0.480315,0.511811,0.716535][0.655734,0.079838,0][-17.765,4.90558,80.8778][-0.480315,0.511811,0.716535][0.642101,0.090678,0][-17.6985,4.75944,81.0076][-0.480315,0.511811,0.716535][0.656864,0.077006,0][-17.765,4.90558,80.8778][-0.480315,0.511811,0.716535][0.642101,0.090678,0][-17.689,4.78554,80.9986][-0.480315,0.511811,0.716535][0.655734,0.079838,0][-17.6842,4.81572,80.989][-0.480315,0.511811,0.716535][0.654318,0.082889,0][-17.765,4.90558,80.8778][-0.480315,0.511811,0.716535][0.642101,0.090678,0][-17.6842,4.81572,80.989][-0.480315,0.511811,0.716535][0.654318,0.082889,0][-17.7086,4.89016,80.9236][-0.480315,0.511811,0.716535][0.647066,0.089799,0][-17.7086,4.89016,80.9236][-0.480315,0.511811,0.716535][0.647066,0.089799,0][-17.6842,4.81572,80.989][-0.480315,0.511811,0.716535][0.654318,0.082889,0][-17.6805,4.8392,80.9752][-0.480315,0.511811,0.716535][0.65269,0.085267,0][-17.7086,4.89016,80.9236][-0.480315,0.511811,0.716535][0.647066,0.089799,0][-17.6805,4.8392,80.9752][-0.480315,0.511811,0.716535][0.65269,0.085267,0][-17.6837,4.85968,80.9592][-0.480315,0.511811,0.716535][0.650889,0.087207,0][-17.7086,4.89016,80.9236][-0.480315,0.511811,0.716535][0.647066,0.089799,0][-17.6837,4.85968,80.9592][-0.480315,0.511811,0.716535][0.650889,0.087207,0][-17.6913,4.87678,80.9408][-0.480315,0.511811,0.716535][0.648981,0.088748,0][-17.978,4.66772,80.9078][-0.480315,0.511811,0.716535][0.635999,0.062133,0][-17.9844,4.81922,80.775][-0.480315,0.511811,0.716535][0.625654,0.080751,0][-18.0025,4.79644,80.7816][-0.480315,0.511811,0.716535][0.624742,0.077565,0][-18.0187,4.7734,80.7876][-0.480315,0.511811,0.716535][0.623966,0.074312,0][-17.978,4.66772,80.9078][-0.480315,0.511811,0.716535][0.635999,0.062133,0][-18.0025,4.79644,80.7816][-0.480315,0.511811,0.716535][0.624742,0.077565,0][-18.0324,4.74984,80.796][-0.480315,0.511811,0.716535][0.623606,0.071031,0][-17.978,4.66772,80.9078][-0.480315,0.511811,0.716535][0.635999,0.062133,0][-18.0187,4.7734,80.7876][-0.480315,0.511811,0.716535][0.623966,0.074312,0][-17.978,4.66772,80.9078][-0.480315,0.511811,0.716535][0.635999,0.062133,0][-18.0324,4.74984,80.796][-0.480315,0.511811,0.716535][0.623606,0.071031,0][-18.0303,4.70018,80.8324][-0.480315,0.511811,0.716535][0.626543,0.06501,0][-17.978,4.66772,80.9078][-0.480315,0.511811,0.716535][0.635999,0.062133,0][-18.0303,4.70018,80.8324][-0.480315,0.511811,0.716535][0.626543,0.06501,0][-18.0131,4.67608,80.8706][-0.480315,0.511811,0.716535][0.630716,0.062383,0][-18.0303,4.70018,80.8324][-0.480315,0.511811,0.716535][0.626543,0.06501,0][-18.0324,4.74984,80.796][-0.480315,0.511811,0.716535][0.623606,0.071031,0][-18.0377,4.72574,80.8094][-0.480315,0.511811,0.716535][0.624258,0.06794,0][-16.166,4.6649,80.9788][0.472441,0.511811,0.716535][0.648667,0.064186,0][-16.1791,4.89792,80.8152][0.472441,0.511811,0.716535][0.635272,0.089896,0][-16.2233,4.67104,80.997][0.472441,0.511811,0.716535][0.653137,0.065939,0][-16.2233,4.67104,80.997][0.472441,0.511811,0.716535][0.653137,0.065939,0][-16.1791,4.89792,80.8152][0.472441,0.511811,0.716535][0.635272,0.089896,0][-16.2773,4.70276,81.0046][0.472441,0.511811,0.716535][0.655904,0.070288,0][-16.2773,4.70276,81.0046][0.472441,0.511811,0.716535][0.655904,0.070288,0][-16.1791,4.89792,80.8152][0.472441,0.511811,0.716535][0.635272,0.089896,0][-16.3111,4.7315,81.0088][0.472441,0.511811,0.716535][0.657085,0.073834,0][-16.1791,4.89792,80.8152][0.472441,0.511811,0.716535][0.635272,0.089896,0][-16.166,4.6649,80.9788][0.472441,0.511811,0.716535][0.648667,0.064186,0][-16.113,4.8753,80.7814][0.472441,0.511811,0.716535][0.630208,0.087681,0][-16.113,4.8753,80.7814][0.472441,0.511811,0.716535][0.630208,0.087681,0][-16.166,4.6649,80.9788][0.472441,0.511811,0.716535][0.648667,0.064186,0][-16.0883,4.8606,80.7726][0.472441,0.511811,0.716535][0.628382,0.08604,0][-16.166,4.6649,80.9788][0.472441,0.511811,0.716535][0.648667,0.064186,0][-16.0642,4.84116,80.7722][0.472441,0.511811,0.716535][0.626912,0.08363,0][-16.0883,4.8606,80.7726][0.472441,0.511811,0.716535][0.628382,0.08604,0][-16.0642,4.84116,80.7722][0.472441,0.511811,0.716535][0.626912,0.08363,0][-16.166,4.6649,80.9788][0.472441,0.511811,0.716535][0.648667,0.064186,0][-16.0437,4.81922,80.7744][0.472441,0.511811,0.716535][0.625654,0.080751,0][-16.263,4.90558,80.8768][0.472441,0.511811,0.716535][0.642101,0.090678,0][-16.3111,4.7315,81.0088][0.472441,0.511811,0.716535][0.657085,0.073834,0][-16.1791,4.89792,80.8152][0.472441,0.511811,0.716535][0.635272,0.089896,0][-16.3111,4.7315,81.0088][0.472441,0.511811,0.716535][0.657085,0.073834,0][-16.263,4.90558,80.8768][0.472441,0.511811,0.716535][0.642101,0.090678,0][-16.3295,4.75944,81.0056][0.472441,0.511811,0.716535][0.656864,0.077006,0][-16.3295,4.75944,81.0056][0.472441,0.511811,0.716535][0.656864,0.077006,0][-16.263,4.90558,80.8768][0.472441,0.511811,0.716535][0.642101,0.090678,0][-16.3391,4.78554,80.9966][0.472441,0.511811,0.716535][0.655734,0.079838,0][-16.3391,4.78554,80.9966][0.472441,0.511811,0.716535][0.655734,0.079838,0][-16.263,4.90558,80.8768][0.472441,0.511811,0.716535][0.642101,0.090678,0][-16.3438,4.81572,80.987][0.472441,0.511811,0.716535][0.654318,0.082889,0][-16.3438,4.81572,80.987][0.472441,0.511811,0.716535][0.654318,0.082889,0][-16.263,4.90558,80.8768][0.472441,0.511811,0.716535][0.642101,0.090678,0][-16.3195,4.89016,80.9218][0.472441,0.511811,0.716535][0.647066,0.089799,0][-16.3195,4.89016,80.9218][0.472441,0.511811,0.716535][0.647066,0.089799,0][-16.3476,4.8392,80.9732][0.472441,0.511811,0.716535][0.65269,0.085267,0][-16.3438,4.81572,80.987][0.472441,0.511811,0.716535][0.654318,0.082889,0][-16.3476,4.8392,80.9732][0.472441,0.511811,0.716535][0.65269,0.085267,0][-16.3195,4.89016,80.9218][0.472441,0.511811,0.716535][0.647066,0.089799,0][-16.3443,4.85968,80.9572][0.472441,0.511811,0.716535][0.650889,0.087207,0][-16.3443,4.85968,80.9572][0.472441,0.511811,0.716535][0.650889,0.087207,0][-16.3195,4.89016,80.9218][0.472441,0.511811,0.716535][0.647066,0.089799,0][-16.3368,4.87678,80.9388][0.472441,0.511811,0.716535][0.648981,0.088748,0][-16.0501,4.66772,80.907][0.472441,0.511811,0.716535][0.635999,0.062133,0][-16.0437,4.81922,80.7744][0.472441,0.511811,0.716535][0.625654,0.080751,0][-16.166,4.6649,80.9788][0.472441,0.511811,0.716535][0.648667,0.064186,0][-16.0437,4.81922,80.7744][0.472441,0.511811,0.716535][0.625654,0.080751,0][-16.0501,4.66772,80.907][0.472441,0.511811,0.716535][0.635999,0.062133,0][-16.0256,4.79644,80.781][0.472441,0.511811,0.716535][0.624742,0.077565,0][-16.0256,4.79644,80.781][0.472441,0.511811,0.716535][0.624742,0.077565,0][-16.0501,4.66772,80.907][0.472441,0.511811,0.716535][0.635999,0.062133,0][-16.0094,4.7734,80.787][0.472441,0.511811,0.716535][0.623966,0.074312,0][-16.0094,4.7734,80.787][0.472441,0.511811,0.716535][0.623966,0.074312,0][-16.0501,4.66772,80.907][0.472441,0.511811,0.716535][0.635999,0.062133,0][-15.9956,4.74984,80.7956][0.472441,0.511811,0.716535][0.623606,0.071031,0][-16.0501,4.66772,80.907][0.472441,0.511811,0.716535][0.635999,0.062133,0][-15.9977,4.70018,80.832][0.472441,0.511811,0.716535][0.626543,0.06501,0][-15.9956,4.74984,80.7956][0.472441,0.511811,0.716535][0.623606,0.071031,0][-15.9977,4.70018,80.832][0.472441,0.511811,0.716535][0.626543,0.06501,0][-16.0501,4.66772,80.907][0.472441,0.511811,0.716535][0.635999,0.062133,0][-16.0149,4.67608,80.87][0.472441,0.511811,0.716535][0.630716,0.062383,0][-15.9956,4.74984,80.7956][0.472441,0.511811,0.716535][0.623606,0.071031,0][-15.9977,4.70018,80.832][0.472441,0.511811,0.716535][0.626543,0.06501,0][-15.9904,4.72574,80.809][0.472441,0.511811,0.716535][0.624258,0.06794,0][-15.8589,4.6615,80.771][0.614173,0.440945,0.653543][0.670346,0.669815,0][-16.4033,4.62426,81.1294][0.314961,0.401575,0.858268][0.768815,0.711317,0][-16.3226,4.24378,81.2304][0.346457,0.362205,0.866142][0.799936,0.647076,0][-16.3226,4.24378,81.2304][0.346457,0.362205,0.866142][0.799936,0.647076,0][-15.7039,3.87686,81.0936][0.700787,0.346457,0.622047][0.72083,0.533088,0][-15.8589,4.6615,80.771][0.614173,0.440945,0.653543][0.670346,0.669815,0][-17.0714,5.05156,81.119][-0.15748,0.488189,0.858268][0.829361,0.389543,0][-17.0676,4.99334,81.1436][-0.291339,-0.0314961,0.952756][0.831391,0.360616,0][-17.0489,5.02954,81.1336][-0.0708661,0.393701,0.913386][0.839749,0.377435,0][-17.1075,5.03724,81.118][-0.559055,0.275591,0.787402][0.813097,0.383869,0][-17.0676,4.99334,81.1436][-0.291339,-0.0314961,0.952756][0.831391,0.360616,0][-17.0714,5.05156,81.119][-0.15748,0.488189,0.858268][0.829361,0.389543,0][-17.0714,5.05156,81.119][-0.15748,0.488189,0.858268][0.829361,0.389543,0][-17.1003,5.09042,81.084][-0.464567,0.685039,0.559055][0.817006,0.412191,0][-17.1075,5.03724,81.118][-0.559055,0.275591,0.787402][0.813097,0.383869,0][-17.1003,5.09042,81.084][-0.464567,0.685039,0.559055][0.817006,0.412191,0][-17.0714,5.05156,81.119][-0.15748,0.488189,0.858268][0.829361,0.389543,0][-17.0718,5.07866,81.1006][-0.15748,0.629921,0.76378][0.82944,0.404399,0][-18.1583,4.6615,80.771][-0.614173,0.440945,0.653543][0.670346,0.669815,0][-17.6946,4.24378,81.2304][-0.346457,0.362205,0.866142][0.799936,0.647076,0][-17.6139,4.62426,81.1294][-0.314961,0.401575,0.858268][0.768815,0.711317,0][-18.1583,4.6615,80.771][-0.614173,0.440945,0.653543][0.670346,0.669815,0][-18.3133,3.87686,81.0936][-0.700787,0.346457,0.622047][0.72083,0.533088,0][-17.6946,4.24378,81.2304][-0.346457,0.362205,0.866142][0.799936,0.647076,0][-17.06,5.1114,81.0618][-0.165354,0.92126,0.362205][0.835864,0.424536,0][-17.0718,5.07866,81.1006][-0.15748,0.629921,0.76378][0.82944,0.404399,0][-17.051,5.09724,81.089][-0.125984,0.748031,0.645669][0.839123,0.414261,0][-17.0718,5.07866,81.1006][-0.15748,0.629921,0.76378][0.82944,0.404399,0][-17.06,5.1114,81.0618][-0.165354,0.92126,0.362205][0.835864,0.424536,0][-17.1003,5.09042,81.084][-0.464567,0.685039,0.559055][0.817006,0.412191,0][-17.299,4.81182,81.1832][0,0.251969,0.968504][0.767393,0.358406,0][-17.2064,4.87074,81.1648][0,0.377953,0.929134][0.802334,0.375397,0][-17.3028,4.83712,81.1698][-0.0393701,0.346457,0.937008][0.767257,0.366569,0][-17.2064,4.87074,81.1648][0,0.377953,0.929134][0.802334,0.375397,0][-17.299,4.81182,81.1832][0,0.251969,0.968504][0.767393,0.358406,0][-17.1788,4.85018,81.17][0.0393701,0.307087,0.952756][0.811527,0.371255,0][-16.8366,4.87074,81.1648][0,0.377953,0.929134][0.802334,0.375397,0][-16.7439,4.81182,81.1832][0,0.251969,0.968504][0.767393,0.358406,0][-16.7402,4.83712,81.1698][0.0393701,0.346457,0.937008][0.767257,0.366569,0][-16.7439,4.81182,81.1832][0,0.251969,0.968504][0.767393,0.358406,0][-16.8366,4.87074,81.1648][0,0.377953,0.929134][0.802334,0.375397,0][-16.8642,4.85018,81.17][-0.0393701,0.307087,0.952756][0.811527,0.371255,0][-17.0166,5.02562,81.1354][0.0708661,0.362205,0.929134][0.854964,0.375548,0][-17.0037,4.98434,81.1466][0.173228,-0.0866142,0.984252][0.861227,0.35666,0][-16.9555,5.01452,81.125][0.543307,0.141732,0.826772][0.883221,0.373823,0][-16.9555,5.01452,81.125][0.543307,0.141732,0.826772][0.883221,0.373823,0][-16.9928,5.04644,81.1234][0.173228,0.417323,0.889764][0.866087,0.386743,0][-17.0166,5.02562,81.1354][0.0708661,0.362205,0.929134][0.854964,0.375548,0][-17.5537,5.11842,80.8878][-0.338583,0.88189,0.338583][0.78831,0.453625,0][-17.6538,5.11106,80.7906][-0.440945,0.889764,-0.102362][0.747616,0.405079,0][-17.6622,5.08536,80.8462][-0.496063,0.80315,0.338583][0.771145,0.399648,0][-17.6538,5.11106,80.7906][-0.440945,0.889764,-0.102362][0.747616,0.405079,0][-17.5537,5.11842,80.8878][-0.338583,0.88189,0.338583][0.78831,0.453625,0][-17.5213,5.1405,80.846][-0.0866142,0.992126,0.023622][0.774921,0.465914,0][-16.4707,5.11842,80.8854][0.338583,0.874016,0.338583][0.78831,0.453625,0][-16.3622,5.08536,80.8444][0.488189,0.80315,0.338583][0.771145,0.399648,0][-16.3705,5.11106,80.789][0.440945,0.889764,-0.102362][0.747616,0.405079,0][-16.3705,5.11106,80.789][0.440945,0.889764,-0.102362][0.747616,0.405079,0][-16.5031,5.1405,80.8438][0.0866142,0.992126,0.023622][0.774921,0.465914,0][-16.4707,5.11842,80.8854][0.338583,0.874016,0.338583][0.78831,0.453625,0][-17.0675,4.92476,81.124][0.0314961,0.535433,0.84252][0.847047,0.402964,0][-17.0826,4.86926,81.1588][0.023622,0.472441,0.88189][0.83858,0.378665,0][-17.0369,4.91436,81.1294][0.023622,0.535433,0.84252][0.856271,0.399029,0][-17.0826,4.86926,81.1588][0.023622,0.472441,0.88189][0.83858,0.378665,0][-17.0675,4.92476,81.124][0.0314961,0.535433,0.84252][0.847047,0.402964,0][-17.1132,4.87838,81.1534][0.0393701,0.448819,0.889764][0.829291,0.382758,0][-16.9604,4.86926,81.1588][-0.023622,0.472441,0.88189][0.83858,0.378665,0][-16.9755,4.92476,81.124][-0.0314961,0.535433,0.84252][0.847047,0.402964,0][-17.0061,4.91436,81.1294][-0.023622,0.535433,0.84252][0.856271,0.399029,0][-16.9755,4.92476,81.124][-0.0314961,0.535433,0.84252][0.847047,0.402964,0][-16.9604,4.86926,81.1588][-0.023622,0.472441,0.88189][0.83858,0.378665,0][-16.9298,4.87838,81.1534][-0.0393701,0.448819,0.889764][0.829291,0.382758,0][-17.0299,4.7343,81.2112][0,0.425197,0.905512][0.864585,0.116773,0][-17.3022,4.60856,81.2536][-0.0314961,0.385827,0.92126][0.7718,0.07346,0][-17.183,4.5898,81.2688][-0.0314961,0.385827,0.92126][0.805912,0.060478,0][-17.0299,4.7343,81.2112][0,0.425197,0.905512][0.864585,0.116773,0][-17.183,4.5898,81.2688][-0.0314961,0.385827,0.92126][0.805912,0.060478,0][-17.0299,4.58456,81.274][0,0.385827,0.92126][0.857102,0.060846,0][-17.3022,4.60856,81.2536][-0.0314961,0.385827,0.92126][0.7718,0.07346,0][-17.0299,4.7343,81.2112][0,0.425197,0.905512][0.864585,0.116773,0][-17.3927,4.67278,81.2254][-0.0314961,0.385827,0.92126][0.746581,0.09824,0][-17.3927,4.67278,81.2254][-0.0314961,0.385827,0.92126][0.746581,0.09824,0][-17.0299,4.7343,81.2112][0,0.425197,0.905512][0.864585,0.116773,0][-17.4419,4.75012,81.1924][-0.023622,0.440945,0.897638][0.734829,0.122199,0][-16.7575,4.60856,81.2536][0.0314961,0.385827,0.92126][0.7718,0.07346,0][-17.0299,4.7343,81.2112][0,0.425197,0.905512][0.864585,0.116773,0][-16.8767,4.5898,81.2688][0.0314961,0.385827,0.92126][0.805912,0.060478,0][-17.0299,4.7343,81.2112][0,0.425197,0.905512][0.864585,0.116773,0][-17.0299,4.58456,81.274][0,0.385827,0.92126][0.857102,0.060846,0][-16.8767,4.5898,81.2688][0.0314961,0.385827,0.92126][0.805912,0.060478,0][-16.667,4.67278,81.2254][0.0314961,0.385827,0.92126][0.746581,0.09824,0][-17.0299,4.7343,81.2112][0,0.425197,0.905512][0.864585,0.116773,0][-16.7575,4.60856,81.2536][0.0314961,0.385827,0.92126][0.7718,0.07346,0][-16.6178,4.75012,81.1924][0.023622,0.440945,0.897638][0.734829,0.122199,0][-17.0299,4.7343,81.2112][0,0.425197,0.905512][0.864585,0.116773,0][-16.667,4.67278,81.2254][0.0314961,0.385827,0.92126][0.746581,0.09824,0][-16.9714,5.1026,81.079][0.377953,0.779528,0.488189][0.875577,0.418372,0][-16.998,5.114,81.0652][0.102362,0.937008,0.330709][0.863454,0.425226,0][-17.0023,5.09534,81.0986][0.0866142,0.653543,0.748031][0.861514,0.411934,0][-16.998,5.114,81.0652][0.102362,0.937008,0.330709][0.863454,0.425226,0][-17.0155,5.10346,81.0912][-0.0393701,0.771654,0.629921][0.855357,0.416611,0][-17.0023,5.09534,81.0986][0.0866142,0.653543,0.748031][0.861514,0.411934,0][-17.0238,5.02118,81.0596][0,0.543307,0.834646][0.871918,0.445134,0][-17.0392,4.96778,81.0944][0.015748,0.551181,0.834646][0.864252,0.422544,0][-16.9986,5.01288,81.065][0,0.543307,0.834646][0.880931,0.441525,0][-17.0392,4.96778,81.0944][0.015748,0.551181,0.834646][0.864252,0.422544,0][-17.0238,5.02118,81.0596][0,0.543307,0.834646][0.871918,0.445134,0][-17.0667,4.97608,81.089][0.0314961,0.559055,0.826772][0.855175,0.426294,0][-17.1049,4.93758,81.1186][0.0472441,0.527559,0.850394][0.837907,0.406863,0][-17.1132,4.87838,81.1534][0.0393701,0.448819,0.889764][0.829291,0.382758,0][-17.0675,4.92476,81.124][0.0314961,0.535433,0.84252][0.847047,0.402964,0][-17.1132,4.87838,81.1534][0.0393701,0.448819,0.889764][0.829291,0.382758,0][-17.1049,4.93758,81.1186][0.0472441,0.527559,0.850394][0.837907,0.406863,0][-17.1505,4.89072,81.1482][0.0629921,0.456693,0.889764][0.820088,0.386814,0][-17.1461,4.8261,81.175][0.0393701,0.291339,0.952756][0.820807,0.367074,0][-17.1132,4.87838,81.1534][0.0393701,0.448819,0.889764][0.829291,0.382758,0][-17.1788,4.85018,81.17][0.0393701,0.307087,0.952756][0.811527,0.371255,0][-17.1132,4.87838,81.1534][0.0393701,0.448819,0.889764][0.829291,0.382758,0][-17.1461,4.8261,81.175][0.0393701,0.291339,0.952756][0.820807,0.367074,0][-17.0826,4.86926,81.1588][0.023622,0.472441,0.88189][0.83858,0.378665,0][-17.0392,4.96778,81.0944][0.015748,0.551181,0.834646][0.864252,0.422544,0][-17.0369,4.91436,81.1294][0.023622,0.535433,0.84252][0.856271,0.399029,0][-17.0155,4.95948,81.1][0.00787402,0.551181,0.834646][0.873411,0.418759,0][-17.0369,4.91436,81.1294][0.023622,0.535433,0.84252][0.856271,0.399029,0][-17.0392,4.96778,81.0944][0.015748,0.551181,0.834646][0.864252,0.422544,0][-17.0675,4.92476,81.124][0.0314961,0.535433,0.84252][0.847047,0.402964,0][-17.0155,4.95948,81.1][0.00787402,0.551181,0.834646][0.873411,0.418759,0][-16.9986,5.01288,81.065][0,0.543307,0.834646][0.880931,0.441525,0][-17.0392,4.96778,81.0944][0.015748,0.551181,0.834646][0.864252,0.422544,0][-16.9986,5.01288,81.065][0,0.543307,0.834646][0.880931,0.441525,0][-17.0155,4.95948,81.1][0.00787402,0.551181,0.834646][0.873411,0.418759,0][-16.9734,5.0046,81.0704][0,0.543307,0.834646][0.890025,0.437884,0][-17.0037,4.96778,81.0944][-0.015748,0.551181,0.834646][0.864252,0.422544,0][-17.0192,5.02118,81.0596][0,0.543307,0.834646][0.871918,0.445134,0][-17.0444,5.01288,81.065][0,0.543307,0.834646][0.880931,0.441525,0][-17.0192,5.02118,81.0596][0,0.543307,0.834646][0.871918,0.445134,0][-17.0037,4.96778,81.0944][-0.015748,0.551181,0.834646][0.864252,0.422544,0][-16.9762,4.97608,81.089][-0.0314961,0.559055,0.826772][0.855175,0.426294,0][-16.9298,4.87838,81.1534][-0.0393701,0.448819,0.889764][0.829291,0.382758,0][-16.9381,4.93758,81.1186][-0.0472441,0.527559,0.850394][0.837907,0.406863,0][-16.9755,4.92476,81.124][-0.0314961,0.535433,0.84252][0.847047,0.402964,0][-16.9381,4.93758,81.1186][-0.0472441,0.527559,0.850394][0.837907,0.406863,0][-16.9298,4.87838,81.1534][-0.0393701,0.448819,0.889764][0.829291,0.382758,0][-16.8925,4.89072,81.1482][-0.0629921,0.456693,0.889764][0.820088,0.386814,0][-16.8969,4.8261,81.175][-0.0393701,0.291339,0.952756][0.820807,0.367074,0][-16.9298,4.87838,81.1534][-0.0393701,0.448819,0.889764][0.829291,0.382758,0][-16.9604,4.86926,81.1588][-0.023622,0.472441,0.88189][0.83858,0.378665,0][-16.9298,4.87838,81.1534][-0.0393701,0.448819,0.889764][0.829291,0.382758,0][-16.8969,4.8261,81.175][-0.0393701,0.291339,0.952756][0.820807,0.367074,0][-16.8642,4.85018,81.17][-0.0393701,0.307087,0.952756][0.811527,0.371255,0][-17.0061,4.91436,81.1294][-0.023622,0.535433,0.84252][0.856271,0.399029,0][-17.0037,4.96778,81.0944][-0.015748,0.551181,0.834646][0.864252,0.422544,0][-17.0275,4.95948,81.1][-0.00787402,0.551181,0.834646][0.873411,0.418759,0][-17.0037,4.96778,81.0944][-0.015748,0.551181,0.834646][0.864252,0.422544,0][-17.0061,4.91436,81.1294][-0.023622,0.535433,0.84252][0.856271,0.399029,0][-16.9755,4.92476,81.124][-0.0314961,0.535433,0.84252][0.847047,0.402964,0][-17.0444,5.01288,81.065][0,0.543307,0.834646][0.880931,0.441525,0][-17.0275,4.95948,81.1][-0.00787402,0.551181,0.834646][0.873411,0.418759,0][-17.0037,4.96778,81.0944][-0.015748,0.551181,0.834646][0.864252,0.422544,0][-17.0275,4.95948,81.1][-0.00787402,0.551181,0.834646][0.873411,0.418759,0][-17.0444,5.01288,81.065][0,0.543307,0.834646][0.880931,0.441525,0][-17.0696,5.0046,81.0704][0,0.543307,0.834646][0.890025,0.437884,0][-17.0667,4.97608,81.089][0.0314961,0.559055,0.826772][0.855175,0.426294,0][-17.0675,4.92476,81.124][0.0314961,0.535433,0.84252][0.847047,0.402964,0][-17.0392,4.96778,81.0944][0.015748,0.551181,0.834646][0.864252,0.422544,0][-17.0675,4.92476,81.124][0.0314961,0.535433,0.84252][0.847047,0.402964,0][-17.0667,4.97608,81.089][0.0314961,0.559055,0.826772][0.855175,0.426294,0][-17.1049,4.93758,81.1186][0.0472441,0.527559,0.850394][0.837907,0.406863,0][-17.1788,4.85018,81.17][0.0393701,0.307087,0.952756][0.811527,0.371255,0][-17.1505,4.89072,81.1482][0.0629921,0.456693,0.889764][0.820088,0.386814,0][-17.2064,4.87074,81.1648][0,0.377953,0.929134][0.802334,0.375397,0][-17.1505,4.89072,81.1482][0.0629921,0.456693,0.889764][0.820088,0.386814,0][-17.1788,4.85018,81.17][0.0393701,0.307087,0.952756][0.811527,0.371255,0][-17.1132,4.87838,81.1534][0.0393701,0.448819,0.889764][0.829291,0.382758,0][-16.9755,4.92476,81.124][-0.0314961,0.535433,0.84252][0.847047,0.402964,0][-16.9762,4.97608,81.089][-0.0314961,0.559055,0.826772][0.855175,0.426294,0][-17.0037,4.96778,81.0944][-0.015748,0.551181,0.834646][0.864252,0.422544,0][-16.9762,4.97608,81.089][-0.0314961,0.559055,0.826772][0.855175,0.426294,0][-16.9755,4.92476,81.124][-0.0314961,0.535433,0.84252][0.847047,0.402964,0][-16.9381,4.93758,81.1186][-0.0472441,0.527559,0.850394][0.837907,0.406863,0][-16.8925,4.89072,81.1482][-0.0629921,0.456693,0.889764][0.820088,0.386814,0][-16.8642,4.85018,81.17][-0.0393701,0.307087,0.952756][0.811527,0.371255,0][-16.8366,4.87074,81.1648][0,0.377953,0.929134][0.802334,0.375397,0][-16.8642,4.85018,81.17][-0.0393701,0.307087,0.952756][0.811527,0.371255,0][-16.8925,4.89072,81.1482][-0.0629921,0.456693,0.889764][0.820088,0.386814,0][-16.9298,4.87838,81.1534][-0.0393701,0.448819,0.889764][0.829291,0.382758,0][-16.3191,5.03306,80.8632][0.771654,0.480315,0.409449][0.780521,0.352501,0][-16.2862,4.91336,80.8816][0.952756,-0.228346,0.220472][0.817985,0.317219,0][-16.2942,5.02434,80.809][0.952756,0.299213,-0.0472441][0.763383,0.346102,0][-16.2862,4.91336,80.8816][0.952756,-0.228346,0.220472][0.817985,0.317219,0][-16.3191,5.03306,80.8632][0.771654,0.480315,0.409449][0.780521,0.352501,0][-16.2982,4.9591,80.9186][0.818898,0.220472,0.535433][0.82099,0.328997,0][-17.4419,4.75012,81.1924][-0.023622,0.440945,0.897638][0.734829,0.122199,0][-17.0299,4.7343,81.2112][0,0.425197,0.905512][0.864585,0.116773,0][-17.4543,4.82938,81.1606][-0.023622,0.464567,0.88189][0.730014,0.149341,0][-17.0299,4.7343,81.2112][0,0.425197,0.905512][0.864585,0.116773,0][-17.4254,4.94174,81.085][-0.0314961,0.551181,0.834646][0.730165,0.192644,0][-17.4543,4.82938,81.1606][-0.023622,0.464567,0.88189][0.730014,0.149341,0][-17.4254,4.94174,81.085][-0.0314961,0.551181,0.834646][0.730165,0.192644,0][-17.0299,4.7343,81.2112][0,0.425197,0.905512][0.864585,0.116773,0][-17.0299,4.9703,81.0932][0,0.574803,0.818898][0.865716,0.189761,0][-17.4543,4.82938,81.1606][-0.023622,0.464567,0.88189][0.730014,0.149341,0][-17.4254,4.94174,81.085][-0.0314961,0.551181,0.834646][0.730165,0.192644,0][-17.4407,4.90922,81.1086][-0.023622,0.464567,0.88189][0.727584,0.179456,0][-17.7302,5.02434,80.8102][-0.952756,0.299213,-0.0472441][0.763383,0.346102,0][-17.7381,4.91336,80.8832][-0.952756,-0.228346,0.212598][0.817985,0.317219,0][-17.7053,5.03306,80.865][-0.779528,0.480315,0.409449][0.780521,0.352501,0][-17.7381,4.91336,80.8832][-0.952756,-0.228346,0.212598][0.817985,0.317219,0][-17.7261,4.9591,80.9206][-0.818898,0.220472,0.527559][0.82099,0.328997,0][-17.7053,5.03306,80.865][-0.779528,0.480315,0.409449][0.780521,0.352501,0][-16.6343,4.94174,81.085][0.0314961,0.551181,0.834646][0.730165,0.192644,0][-16.6054,4.82938,81.1606][0.023622,0.464567,0.88189][0.730014,0.149341,0][-16.619,4.90922,81.1086][0.023622,0.464567,0.88189][0.727584,0.179456,0][-16.6054,4.82938,81.1606][0.023622,0.464567,0.88189][0.730014,0.149341,0][-16.6343,4.94174,81.085][0.0314961,0.551181,0.834646][0.730165,0.192644,0][-17.0299,4.7343,81.2112][0,0.425197,0.905512][0.864585,0.116773,0][-16.6054,4.82938,81.1606][0.023622,0.464567,0.88189][0.730014,0.149341,0][-17.0299,4.7343,81.2112][0,0.425197,0.905512][0.864585,0.116773,0][-16.6178,4.75012,81.1924][0.023622,0.440945,0.897638][0.734829,0.122199,0][-16.6343,4.94174,81.085][0.0314961,0.551181,0.834646][0.730165,0.192644,0][-17.0299,4.9703,81.0932][0,0.574803,0.818898][0.865716,0.189761,0][-17.0299,4.7343,81.2112][0,0.425197,0.905512][0.864585,0.116773,0][-17.0299,4.9703,81.0932][0,0.574803,0.818898][0.865716,0.189761,0][-17.2036,5.16606,80.8992][-0.0393701,0.669291,0.740157][0.805593,0.261992,0][-17.2655,5.14192,80.9192][-0.0393701,0.669291,0.740157][0.782231,0.257867,0][-17.2036,5.16606,80.8992][-0.0393701,0.669291,0.740157][0.805593,0.261992,0][-17.0299,4.9703,81.0932][0,0.574803,0.818898][0.865716,0.189761,0][-17.1254,5.18092,80.8912][-0.0393701,0.669291,0.740157][0.833485,0.262541,0][-17.1254,5.18092,80.8912][-0.0393701,0.669291,0.740157][0.833485,0.262541,0][-17.0299,4.9703,81.0932][0,0.574803,0.818898][0.865716,0.189761,0][-17.0299,5.18386,80.8898][0,0.669291,0.748031][0.865219,0.260124,0][-17.3165,5.10982,80.9518][-0.0393701,0.669291,0.740157][0.762667,0.248382,0][-17.0299,4.9703,81.0932][0,0.574803,0.818898][0.865716,0.189761,0][-17.2655,5.14192,80.9192][-0.0393701,0.669291,0.740157][0.782231,0.257867,0][-17.3586,5.06978,80.991][-0.0393701,0.669291,0.740157][0.747272,0.235615,0][-17.0299,4.9703,81.0932][0,0.574803,0.818898][0.865716,0.189761,0][-17.3165,5.10982,80.9518][-0.0393701,0.669291,0.740157][0.762667,0.248382,0][-17.3903,5.02144,81.0244][-0.0393701,0.669291,0.740157][0.736567,0.221469,0][-17.0299,4.9703,81.0932][0,0.574803,0.818898][0.865716,0.189761,0][-17.3586,5.06978,80.991][-0.0393701,0.669291,0.740157][0.747272,0.235615,0][-17.0299,4.9703,81.0932][0,0.574803,0.818898][0.865716,0.189761,0][-17.3903,5.02144,81.0244][-0.0393701,0.669291,0.740157][0.736567,0.221469,0][-17.4254,4.94174,81.085][-0.0314961,0.551181,0.834646][0.730165,0.192644,0][-17.4254,4.94174,81.085][-0.0314961,0.551181,0.834646][0.730165,0.192644,0][-17.3903,5.02144,81.0244][-0.0393701,0.669291,0.740157][0.736567,0.221469,0][-17.4186,4.96816,81.061][-0.0393701,0.669291,0.740157][0.730808,0.202514,0][-17.5293,4.8833,81.0688][-0.0866142,-0.385827,0.92126][0.912036,0.391621,0][-17.5,4.99838,81.0552][-0.212598,0.503937,0.84252][0.88423,0.438464,0][-17.5695,4.935,81.0518][-0.472441,0.165354,0.866142][0.89579,0.390481,0][-17.5,4.99838,81.0552][-0.212598,0.503937,0.84252][0.88423,0.438464,0][-17.5293,4.8833,81.0688][-0.0866142,-0.385827,0.92126][0.912036,0.391621,0][-17.4565,4.9714,81.0726][0.338583,0.125984,0.937008][0.89994,0.44915,0][-16.495,4.8833,81.067][0.0944882,-0.385827,0.92126][0.912036,0.391621,0][-16.5244,4.99838,81.0534][0.220472,0.503937,0.834646][0.88423,0.438464,0][-16.5678,4.9714,81.0716][-0.322835,0.133858,0.937008][0.89994,0.44915,0][-16.5244,4.99838,81.0534][0.220472,0.503937,0.834646][0.88423,0.438464,0][-16.495,4.8833,81.067][0.0944882,-0.385827,0.92126][0.912036,0.391621,0][-16.4549,4.935,81.0496][0.472441,0.173228,0.866142][0.89579,0.390481,0][-17.0299,4.9703,81.0932][0,0.574803,0.818898][0.865716,0.189761,0][-16.9343,5.18092,80.8912][0.0393701,0.669291,0.740157][0.833485,0.262541,0][-17.0299,5.18386,80.8898][0,0.669291,0.748031][0.865219,0.260124,0][-17.0299,4.9703,81.0932][0,0.574803,0.818898][0.865716,0.189761,0][-16.8561,5.16606,80.8992][0.0393701,0.669291,0.740157][0.805593,0.261992,0][-16.9343,5.18092,80.8912][0.0393701,0.669291,0.740157][0.833485,0.262541,0][-17.0299,4.9703,81.0932][0,0.574803,0.818898][0.865716,0.189761,0][-16.7942,5.14192,80.9192][0.0393701,0.669291,0.740157][0.782231,0.257867,0][-16.8561,5.16606,80.8992][0.0393701,0.669291,0.740157][0.805593,0.261992,0][-17.0299,4.9703,81.0932][0,0.574803,0.818898][0.865716,0.189761,0][-16.7432,5.10982,80.9518][0.0393701,0.669291,0.740157][0.762667,0.248382,0][-16.7942,5.14192,80.9192][0.0393701,0.669291,0.740157][0.782231,0.257867,0][-17.0299,4.9703,81.0932][0,0.574803,0.818898][0.865716,0.189761,0][-16.7011,5.06978,80.991][0.0393701,0.669291,0.740157][0.747272,0.235615,0][-16.7432,5.10982,80.9518][0.0393701,0.669291,0.740157][0.762667,0.248382,0][-16.7011,5.06978,80.991][0.0393701,0.669291,0.740157][0.747272,0.235615,0][-17.0299,4.9703,81.0932][0,0.574803,0.818898][0.865716,0.189761,0][-16.6694,5.02144,81.0244][0.0393701,0.669291,0.740157][0.736567,0.221469,0][-16.6694,5.02144,81.0244][0.0393701,0.669291,0.740157][0.736567,0.221469,0][-17.0299,4.9703,81.0932][0,0.574803,0.818898][0.865716,0.189761,0][-16.6343,4.94174,81.085][0.0314961,0.551181,0.834646][0.730165,0.192644,0][-16.6694,5.02144,81.0244][0.0393701,0.669291,0.740157][0.736567,0.221469,0][-16.6343,4.94174,81.085][0.0314961,0.551181,0.834646][0.730165,0.192644,0][-16.6411,4.96816,81.061][0.0393701,0.669291,0.740157][0.730808,0.202514,0][-16.4033,4.62426,81.1294][0.314961,0.401575,0.858268][0.768815,0.711317,0][-17.0086,4.6168,81.2264][0,0.362205,0.929134][0.85392,0.780834,0][-17.0086,4.31008,81.3344][0,0.307087,0.952756][0.893995,0.736829,0][-16.4033,4.62426,81.1294][0.314961,0.401575,0.858268][0.768815,0.711317,0][-17.0086,4.31008,81.3344][0,0.307087,0.952756][0.893995,0.736829,0][-16.3226,4.24378,81.2304][0.346457,0.362205,0.866142][0.799936,0.647076,0][-17.6946,4.24378,81.2304][-0.346457,0.362205,0.866142][0.799936,0.647076,0][-17.0086,4.31008,81.3344][0,0.307087,0.952756][0.893995,0.736829,0][-17.6139,4.62426,81.1294][-0.314961,0.401575,0.858268][0.768815,0.711317,0][-17.0086,4.6168,81.2264][0,0.362205,0.929134][0.85392,0.780834,0][-17.6139,4.62426,81.1294][-0.314961,0.401575,0.858268][0.768815,0.711317,0][-17.0086,4.31008,81.3344][0,0.307087,0.952756][0.893995,0.736829,0][-17.4738,5.13436,80.904][0.188976,0.944882,0.267717][0.800076,0.48553,0][-17.5537,5.11842,80.8878][-0.338583,0.88189,0.338583][0.78831,0.453625,0][-17.5206,5.11446,80.9318][-0.228346,0.834646,0.496063][0.807697,0.46791,0][-17.5537,5.11842,80.8878][-0.338583,0.88189,0.338583][0.78831,0.453625,0][-17.4738,5.13436,80.904][0.188976,0.944882,0.267717][0.800076,0.48553,0][-17.5213,5.1405,80.846][-0.0866142,0.992126,0.023622][0.774921,0.465914,0][-16.5505,5.13436,80.902][-0.181102,0.944882,0.267717][0.800076,0.48553,0][-16.4707,5.11842,80.8854][0.338583,0.874016,0.338583][0.78831,0.453625,0][-16.5031,5.1405,80.8438][0.0866142,0.992126,0.023622][0.774921,0.465914,0][-16.4707,5.11842,80.8854][0.338583,0.874016,0.338583][0.78831,0.453625,0][-16.5505,5.13436,80.902][-0.181102,0.944882,0.267717][0.800076,0.48553,0][-16.5038,5.11446,80.9294][0.23622,0.834646,0.496063][0.807697,0.46791,0][-16.0725,5.0952,80.5756][0.551181,0.622047,0.559055][0.645984,0.745743,0][-16.5261,5.0134,80.9988][0.283465,0.559055,0.779528][0.739017,0.775216,0][-16.4033,4.62426,81.1294][0.314961,0.401575,0.858268][0.768815,0.711317,0][-16.4033,4.62426,81.1294][0.314961,0.401575,0.858268][0.768815,0.711317,0][-15.8589,4.6615,80.771][0.614173,0.440945,0.653543][0.670346,0.669815,0][-16.0725,5.0952,80.5756][0.551181,0.622047,0.559055][0.645984,0.745743,0][-16.5261,5.0134,80.9988][0.283465,0.559055,0.779528][0.739017,0.775216,0][-17.0086,4.6168,81.2264][0,0.362205,0.929134][0.85392,0.780834,0][-16.4033,4.62426,81.1294][0.314961,0.401575,0.858268][0.768815,0.711317,0][-17.0086,4.6168,81.2264][0,0.362205,0.929134][0.85392,0.780834,0][-16.5261,5.0134,80.9988][0.283465,0.559055,0.779528][0.739017,0.775216,0][-17.0086,4.9731,81.0286][0,0.527559,0.850394][0.799586,0.832138,0][-17.9447,5.0952,80.5756][-0.551181,0.622047,0.559055][0.645984,0.745743,0][-17.6139,4.62426,81.1294][-0.314961,0.401575,0.858268][0.768815,0.711317,0][-17.4911,5.0134,80.9988][-0.283465,0.559055,0.779528][0.739017,0.775216,0][-17.6139,4.62426,81.1294][-0.314961,0.401575,0.858268][0.768815,0.711317,0][-17.9447,5.0952,80.5756][-0.551181,0.622047,0.559055][0.645984,0.745743,0][-18.1583,4.6615,80.771][-0.614173,0.440945,0.653543][0.670346,0.669815,0][-17.4911,5.0134,80.9988][-0.283465,0.559055,0.779528][0.739017,0.775216,0][-17.6139,4.62426,81.1294][-0.314961,0.401575,0.858268][0.768815,0.711317,0][-17.0086,4.6168,81.2264][0,0.362205,0.929134][0.85392,0.780834,0][-17.0086,4.9731,81.0286][0,0.527559,0.850394][0.799586,0.832138,0][-17.4911,5.0134,80.9988][-0.283465,0.559055,0.779528][0.739017,0.775216,0][-17.0086,4.6168,81.2264][0,0.362205,0.929134][0.85392,0.780834,0][-17.06,5.1114,81.0618][-0.165354,0.92126,0.362205][0.835864,0.424536,0][-17.0155,5.10346,81.0912][-0.0393701,0.771654,0.629921][0.855357,0.416611,0][-16.998,5.114,81.0652][0.102362,0.937008,0.330709][0.863454,0.425226,0][-17.0155,5.10346,81.0912][-0.0393701,0.771654,0.629921][0.855357,0.416611,0][-17.06,5.1114,81.0618][-0.165354,0.92126,0.362205][0.835864,0.424536,0][-17.051,5.09724,81.089][-0.125984,0.748031,0.645669][0.839123,0.414261,0][-17.2782,4.78484,81.183][0.0393701,0.141732,0.992126][0.775836,0.353957,0][-17.1788,4.85018,81.17][0.0393701,0.307087,0.952756][0.811527,0.371255,0][-17.299,4.81182,81.1832][0,0.251969,0.968504][0.767393,0.358406,0][-17.1788,4.85018,81.17][0.0393701,0.307087,0.952756][0.811527,0.371255,0][-17.2782,4.78484,81.183][0.0393701,0.141732,0.992126][0.775836,0.353957,0][-17.1461,4.8261,81.175][0.0393701,0.291339,0.952756][0.820807,0.367074,0][-16.8642,4.85018,81.17][-0.0393701,0.307087,0.952756][0.811527,0.371255,0][-16.7647,4.78484,81.183][-0.0393701,0.141732,0.992126][0.775836,0.353957,0][-16.7439,4.81182,81.1832][0,0.251969,0.968504][0.767393,0.358406,0][-16.7647,4.78484,81.183][-0.0393701,0.141732,0.992126][0.775836,0.353957,0][-16.8642,4.85018,81.17][-0.0393701,0.307087,0.952756][0.811527,0.371255,0][-16.8969,4.8261,81.175][-0.0393701,0.291339,0.952756][0.820807,0.367074,0][-17.3945,5.43128,80.5866][-0.244094,0.834646,0.496063][0.669637,0.842254,0][-17.0086,4.9731,81.0286][0,0.527559,0.850394][0.799586,0.832138,0][-17.0086,5.47614,80.6838][0,0.834646,0.551181][0.710482,0.898463,0][-17.0086,4.9731,81.0286][0,0.527559,0.850394][0.799586,0.832138,0][-17.3945,5.43128,80.5866][-0.244094,0.834646,0.496063][0.669637,0.842254,0][-17.4911,5.0134,80.9988][-0.283465,0.559055,0.779528][0.739017,0.775216,0][-17.0086,4.9731,81.0286][0,0.527559,0.850394][0.799586,0.832138,0][-16.6227,5.43128,80.5866][0.244094,0.834646,0.496063][0.669637,0.842254,0][-17.0086,5.47614,80.6838][0,0.834646,0.551181][0.710482,0.898463,0][-16.6227,5.43128,80.5866][0.244094,0.834646,0.496063][0.669637,0.842254,0][-17.0086,4.9731,81.0286][0,0.527559,0.850394][0.799586,0.832138,0][-16.5261,5.0134,80.9988][0.283465,0.559055,0.779528][0.739017,0.775216,0][-16.5901,5.08786,80.9652][-0.440945,0.724409,0.527559][0.835521,0.487397,0][-16.536,5.0874,80.976][0.110236,0.724409,0.677165][0.83354,0.471434,0][-16.5505,5.13436,80.902][-0.181102,0.944882,0.267717][0.800076,0.48553,0][-16.5505,5.13436,80.902][-0.181102,0.944882,0.267717][0.800076,0.48553,0][-16.536,5.0874,80.976][0.110236,0.724409,0.677165][0.83354,0.471434,0][-16.5038,5.11446,80.9294][0.23622,0.834646,0.496063][0.807697,0.46791,0][-17.4343,5.08786,80.967][0.440945,0.724409,0.527559][0.835521,0.487397,0][-17.4738,5.13436,80.904][0.188976,0.944882,0.267717][0.800076,0.48553,0][-17.4884,5.0874,80.978][-0.110236,0.724409,0.677165][0.83354,0.471434,0][-17.4738,5.13436,80.904][0.188976,0.944882,0.267717][0.800076,0.48553,0][-17.5206,5.11446,80.9318][-0.228346,0.834646,0.496063][0.807697,0.46791,0][-17.4884,5.0874,80.978][-0.110236,0.724409,0.677165][0.83354,0.471434,0][-16.5678,4.9714,81.0716][-0.322835,0.133858,0.937008][0.89994,0.44915,0][-16.5244,4.99838,81.0534][0.220472,0.503937,0.834646][0.88423,0.438464,0][-16.5917,5.02964,81.0192][-0.496063,0.511811,0.700787][0.86773,0.468274,0][-16.5917,5.02964,81.0192][-0.496063,0.511811,0.700787][0.86773,0.468274,0][-16.5244,4.99838,81.0534][0.220472,0.503937,0.834646][0.88423,0.438464,0][-16.5392,5.0429,81.0152][0.11811,0.661417,0.740157][0.858885,0.454949,0][-17.4565,4.9714,81.0726][0.338583,0.125984,0.937008][0.89994,0.44915,0][-17.4326,5.02964,81.0204][0.503937,0.511811,0.700787][0.86773,0.468274,0][-17.5,4.99838,81.0552][-0.212598,0.503937,0.84252][0.88423,0.438464,0][-17.4326,5.02964,81.0204][0.503937,0.511811,0.700787][0.86773,0.468274,0][-17.4851,5.0429,81.0172][-0.110236,0.661417,0.740157][0.858885,0.454949,0][-17.5,4.99838,81.0552][-0.212598,0.503937,0.84252][0.88423,0.438464,0][-16.536,5.0874,80.976][0.110236,0.724409,0.677165][0.83354,0.471434,0][-16.5901,5.08786,80.9652][-0.440945,0.724409,0.527559][0.835521,0.487397,0][-16.5392,5.0429,81.0152][0.11811,0.661417,0.740157][0.858885,0.454949,0][-16.5901,5.08786,80.9652][-0.440945,0.724409,0.527559][0.835521,0.487397,0][-16.5917,5.02964,81.0192][-0.496063,0.511811,0.700787][0.86773,0.468274,0][-16.5392,5.0429,81.0152][0.11811,0.661417,0.740157][0.858885,0.454949,0][-17.4851,5.0429,81.0172][-0.110236,0.661417,0.740157][0.858885,0.454949,0][-17.4343,5.08786,80.967][0.440945,0.724409,0.527559][0.835521,0.487397,0][-17.4884,5.0874,80.978][-0.110236,0.724409,0.677165][0.83354,0.471434,0][-17.4343,5.08786,80.967][0.440945,0.724409,0.527559][0.835521,0.487397,0][-17.4851,5.0429,81.0172][-0.110236,0.661417,0.740157][0.858885,0.454949,0][-17.4326,5.02964,81.0204][0.503937,0.511811,0.700787][0.86773,0.468274,0][-16.0247,5.3109,80.0084][0.952756,0.307087,-0.0472441][0.429856,0.682668,0][-15.9852,5.5898,79.9498][0.787402,-0.614173,0.0393701][0.360925,0.692406,0][-16.0275,5.30936,80.0204][0.889764,0.456693,-0.0866142][0.444899,0.697088,0][-15.9852,5.5898,79.9498][0.787402,-0.614173,0.0393701][0.360925,0.692406,0][-16.0247,5.3109,80.0084][0.952756,0.307087,-0.0472441][0.429856,0.682668,0][-15.987,5.5835,79.9376][0.897638,-0.433071,0.0551181][0.363107,0.680798,0][-18.032,5.5898,79.9498][-0.787402,-0.614173,0.0393701][0.360925,0.692406,0][-17.9925,5.3109,80.0084][-0.952756,0.307087,-0.0472441][0.429856,0.682668,0][-17.9897,5.30936,80.0204][-0.889764,0.456693,-0.0866142][0.444899,0.697088,0][-17.9925,5.3109,80.0084][-0.952756,0.307087,-0.0472441][0.429856,0.682668,0][-18.032,5.5898,79.9498][-0.787402,-0.614173,0.0393701][0.360925,0.692406,0][-18.0302,5.5835,79.9376][-0.897638,-0.433071,0.0551181][0.363107,0.680798,0][-17.1254,5.09376,81.046][-0.740157,0.661417,0.133858][0.808697,0.419662,0][-17.06,5.1114,81.0618][-0.165354,0.92126,0.362205][0.835864,0.424536,0][-17.0609,5.1246,81.018][-0.204724,0.976378,-0.102362][0.836971,0.435939,0][-17.06,5.1114,81.0618][-0.165354,0.92126,0.362205][0.835864,0.424536,0][-17.1254,5.09376,81.046][-0.740157,0.661417,0.133858][0.808697,0.419662,0][-17.1003,5.09042,81.084][-0.464567,0.685039,0.559055][0.817006,0.412191,0][-16.998,5.114,81.0652][0.102362,0.937008,0.330709][0.863454,0.425226,0][-17.0609,5.1246,81.018][-0.204724,0.976378,-0.102362][0.836971,0.435939,0][-17.06,5.1114,81.0618][-0.165354,0.92126,0.362205][0.835864,0.424536,0][-17.0609,5.1246,81.018][-0.204724,0.976378,-0.102362][0.836971,0.435939,0][-16.998,5.114,81.0652][0.102362,0.937008,0.330709][0.863454,0.425226,0][-16.9786,5.11932,81.0236][0.244094,0.968504,-0.0708661][0.871681,0.433264,0][-16.9714,5.1026,81.079][0.377953,0.779528,0.488189][0.875577,0.418372,0][-16.9786,5.11932,81.0236][0.244094,0.968504,-0.0708661][0.871681,0.433264,0][-16.998,5.114,81.0652][0.102362,0.937008,0.330709][0.863454,0.425226,0][-16.9786,5.11932,81.0236][0.244094,0.968504,-0.0708661][0.871681,0.433264,0][-16.9714,5.1026,81.079][0.377953,0.779528,0.488189][0.875577,0.418372,0][-16.9429,5.10292,81.042][0.637795,0.76378,0.125984][0.887156,0.424289,0][-17.6521,4.85482,80.9764][-0.598425,-0.543307,0.590551][0.879517,0.335619,0][-17.5695,4.935,81.0518][-0.472441,0.165354,0.866142][0.89579,0.390481,0][-17.6636,4.918,80.9896][-0.661417,0.0393701,0.748031][0.869578,0.344349,0][-17.5695,4.935,81.0518][-0.472441,0.165354,0.866142][0.89579,0.390481,0][-17.6521,4.85482,80.9764][-0.598425,-0.543307,0.590551][0.879517,0.335619,0][-17.5293,4.8833,81.0688][-0.0866142,-0.385827,0.92126][0.912036,0.391621,0][-16.4549,4.935,81.0496][0.472441,0.173228,0.866142][0.89579,0.390481,0][-16.3722,4.85482,80.974][0.598425,-0.543307,0.590551][0.879517,0.335619,0][-16.3607,4.918,80.987][0.661417,0.0393701,0.748031][0.869578,0.344349,0][-16.3722,4.85482,80.974][0.598425,-0.543307,0.590551][0.879517,0.335619,0][-16.4549,4.935,81.0496][0.472441,0.173228,0.866142][0.89579,0.390481,0][-16.495,4.8833,81.067][0.0944882,-0.385827,0.92126][0.912036,0.391621,0][-16.2862,4.91336,80.8816][0.952756,-0.228346,0.220472][0.817985,0.317219,0][-16.3607,4.918,80.987][0.661417,0.0393701,0.748031][0.869578,0.344349,0][-16.3722,4.85482,80.974][0.598425,-0.543307,0.590551][0.879517,0.335619,0][-16.3607,4.918,80.987][0.661417,0.0393701,0.748031][0.869578,0.344349,0][-16.2862,4.91336,80.8816][0.952756,-0.228346,0.220472][0.817985,0.317219,0][-16.2982,4.9591,80.9186][0.818898,0.220472,0.535433][0.82099,0.328997,0][-17.7381,4.91336,80.8832][-0.952756,-0.228346,0.212598][0.817985,0.317219,0][-17.6636,4.918,80.9896][-0.661417,0.0393701,0.748031][0.869578,0.344349,0][-17.7261,4.9591,80.9206][-0.818898,0.220472,0.527559][0.82099,0.328997,0][-17.6636,4.918,80.9896][-0.661417,0.0393701,0.748031][0.869578,0.344349,0][-17.7381,4.91336,80.8832][-0.952756,-0.228346,0.212598][0.817985,0.317219,0][-17.6521,4.85482,80.9764][-0.598425,-0.543307,0.590551][0.879517,0.335619,0][-17.1254,5.09376,81.046][-0.740157,0.661417,0.133858][0.808697,0.419662,0][-17.1347,5.01348,81.0898][-0.874016,0,0.480315][0.804258,0.380741,0][-17.1003,5.09042,81.084][-0.464567,0.685039,0.559055][0.817006,0.412191,0][-17.1003,5.09042,81.084][-0.464567,0.685039,0.559055][0.817006,0.412191,0][-17.1347,5.01348,81.0898][-0.874016,0,0.480315][0.804258,0.380741,0][-17.1075,5.03724,81.118][-0.559055,0.275591,0.787402][0.813097,0.383869,0][-16.9714,5.1026,81.079][0.377953,0.779528,0.488189][0.875577,0.418372,0][-16.92,5.06206,81.0582][0.889764,0.330709,0.307087][0.896961,0.405804,0][-16.9429,5.10292,81.042][0.637795,0.76378,0.125984][0.887156,0.424289,0][-16.92,5.06206,81.0582][0.889764,0.330709,0.307087][0.896961,0.405804,0][-16.9714,5.1026,81.079][0.377953,0.779528,0.488189][0.875577,0.418372,0][-16.9511,5.07678,81.0916][0.590551,0.480315,0.645669][0.884892,0.405607,0][-16.9555,5.01452,81.125][0.543307,0.141732,0.826772][0.883221,0.373823,0][-16.92,5.06206,81.0582][0.889764,0.330709,0.307087][0.896961,0.405804,0][-16.9511,5.07678,81.0916][0.590551,0.480315,0.645669][0.884892,0.405607,0][-16.9312,4.98264,81.1016][0.795276,-0.181102,0.582677][0.892739,0.367424,0][-16.92,5.06206,81.0582][0.889764,0.330709,0.307087][0.896961,0.405804,0][-16.9555,5.01452,81.125][0.543307,0.141732,0.826772][0.883221,0.373823,0][-17.6873,5.04822,80.7384][-0.724409,0.559055,-0.401575][0.755032,0.378759,0][-17.7302,5.02434,80.8102][-0.952756,0.299213,-0.0472441][0.763383,0.346102,0][-17.7033,5.07144,80.8][-0.755906,0.653543,-0.0629921][0.755499,0.375591,0][-17.7302,5.02434,80.8102][-0.952756,0.299213,-0.0472441][0.763383,0.346102,0][-17.6873,5.04822,80.7384][-0.724409,0.559055,-0.401575][0.755032,0.378759,0][-17.7203,4.99208,80.7486][-0.944882,0.15748,-0.283465][0.763477,0.349309,0][-16.2942,5.02434,80.809][0.952756,0.299213,-0.0472441][0.763383,0.346102,0][-16.337,5.04822,80.7374][0.724409,0.551181,-0.401575][0.755032,0.378759,0][-16.3211,5.07144,80.7986][0.755906,0.653543,-0.0629921][0.755499,0.375591,0][-16.337,5.04822,80.7374][0.724409,0.551181,-0.401575][0.755032,0.378759,0][-16.2942,5.02434,80.809][0.952756,0.299213,-0.0472441][0.763383,0.346102,0][-16.3041,4.99208,80.7476][0.944882,0.15748,-0.283465][0.763477,0.349309,0][-17.689,4.78554,80.9986][0.15748,0.267717,0.952756][0.655734,0.079838,0][-17.6178,4.74772,80.998][0.149606,0.15748,0.976378][0.65789,0.077985,0][-17.6066,4.77876,80.9868][0.15748,0.267717,0.952756][0.656798,0.081045,0][-17.6178,4.74772,80.998][0.149606,0.15748,0.976378][0.65789,0.077985,0][-17.689,4.78554,80.9986][0.15748,0.267717,0.952756][0.655734,0.079838,0][-17.6985,4.75944,81.0076][0.141732,0.0944882,0.984252][0.656864,0.077006,0][-17.6096,4.80594,80.9804][0.173228,0.409449,0.897638][0.655804,0.083408,0][-17.689,4.78554,80.9986][0.15748,0.267717,0.952756][0.655734,0.079838,0][-17.6066,4.77876,80.9868][0.15748,0.267717,0.952756][0.656798,0.081045,0][-17.689,4.78554,80.9986][0.15748,0.267717,0.952756][0.655734,0.079838,0][-17.6096,4.80594,80.9804][0.173228,0.409449,0.897638][0.655804,0.083408,0][-17.6842,4.81572,80.989][0.173228,0.393701,0.905512][0.654318,0.082889,0][-16.3391,4.78554,80.9966][-0.149606,0.275591,0.952756][0.655734,0.079838,0][-16.4214,4.77876,80.985][-0.149606,0.267717,0.952756][0.656798,0.081045,0][-16.4102,4.74772,80.9962][-0.141732,0.15748,0.976378][0.65789,0.077985,0][-16.4102,4.74772,80.9962][-0.141732,0.15748,0.976378][0.65789,0.077985,0][-16.3295,4.75944,81.0056][-0.141732,0.0944882,0.984252][0.656864,0.077006,0][-16.3391,4.78554,80.9966][-0.149606,0.275591,0.952756][0.655734,0.079838,0][-16.3391,4.78554,80.9966][-0.149606,0.275591,0.952756][0.655734,0.079838,0][-16.4185,4.80594,80.9786][-0.173228,0.409449,0.897638][0.655804,0.083408,0][-16.4214,4.77876,80.985][-0.149606,0.267717,0.952756][0.656798,0.081045,0][-16.4185,4.80594,80.9786][-0.173228,0.409449,0.897638][0.655804,0.083408,0][-16.3391,4.78554,80.9966][-0.149606,0.275591,0.952756][0.655734,0.079838,0][-16.3438,4.81572,80.987][-0.173228,0.393701,0.905512][0.654318,0.082889,0][-17.6538,5.11106,80.7906][-0.440945,0.889764,-0.102362][0.747616,0.405079,0][-17.6873,5.04822,80.7384][-0.724409,0.559055,-0.401575][0.755032,0.378759,0][-17.7033,5.07144,80.8][-0.755906,0.653543,-0.0629921][0.755499,0.375591,0][-16.3705,5.11106,80.789][0.440945,0.889764,-0.102362][0.747616,0.405079,0][-16.3211,5.07144,80.7986][0.755906,0.653543,-0.0629921][0.755499,0.375591,0][-16.337,5.04822,80.7374][0.724409,0.551181,-0.401575][0.755032,0.378759,0][-16.3476,4.8392,80.9732][-0.188976,0.551181,0.811024][0.65269,0.085267,0][-16.4374,4.83102,80.9558][-0.188976,0.551181,0.811024][0.654291,0.086015,0][-16.4185,4.80594,80.9786][-0.173228,0.409449,0.897638][0.655804,0.083408,0][-16.3476,4.8392,80.9732][-0.188976,0.551181,0.811024][0.65269,0.085267,0][-16.4185,4.80594,80.9786][-0.173228,0.409449,0.897638][0.655804,0.083408,0][-16.3438,4.81572,80.987][-0.173228,0.393701,0.905512][0.654318,0.082889,0][-17.2036,5.16606,80.8992][-0.307087,0.937008,-0.15748][0.805593,0.261992,0][-17.2671,5.1179,80.776][-0.472441,0.866142,-0.141732][0.780695,0.250698,0][-17.2655,5.14192,80.9192][-0.511811,0.850394,-0.133858][0.782231,0.257867,0][-17.2671,5.1179,80.776][-0.472441,0.866142,-0.141732][0.780695,0.250698,0][-17.2036,5.16606,80.8992][-0.307087,0.937008,-0.15748][0.805593,0.261992,0][-17.2046,5.14214,80.756][-0.291339,0.944882,-0.15748][0.804577,0.254995,0][-17.1254,5.18092,80.8912][-0.11811,0.976378,-0.165354][0.833485,0.262541,0][-17.2046,5.14214,80.756][-0.291339,0.944882,-0.15748][0.804577,0.254995,0][-17.2036,5.16606,80.8992][-0.307087,0.937008,-0.15748][0.805593,0.261992,0][-17.2046,5.14214,80.756][-0.291339,0.944882,-0.15748][0.804577,0.254995,0][-17.1254,5.18092,80.8912][-0.11811,0.976378,-0.165354][0.833485,0.262541,0][-17.1258,5.15696,80.7478][-0.11811,0.976378,-0.165354][0.833172,0.254718,0][-17.5907,4.83102,80.9574][0.188976,0.551181,0.811024][0.654291,0.086015,0][-17.6805,4.8392,80.9752][0.188976,0.551181,0.811024][0.65269,0.085267,0][-17.6096,4.80594,80.9804][0.173228,0.409449,0.897638][0.655804,0.083408,0][-17.6096,4.80594,80.9804][0.173228,0.409449,0.897638][0.655804,0.083408,0][-17.6805,4.8392,80.9752][0.188976,0.551181,0.811024][0.65269,0.085267,0][-17.6842,4.81572,80.989][0.173228,0.393701,0.905512][0.654318,0.082889,0][-17.6151,4.84994,80.9518][0.188976,0.645669,0.740157][0.652738,0.087332,0][-17.6805,4.8392,80.9752][0.188976,0.551181,0.811024][0.65269,0.085267,0][-17.5907,4.83102,80.9574][0.188976,0.551181,0.811024][0.654291,0.086015,0][-17.6805,4.8392,80.9752][0.188976,0.551181,0.811024][0.65269,0.085267,0][-17.6151,4.84994,80.9518][0.188976,0.645669,0.740157][0.652738,0.087332,0][-17.6837,4.85968,80.9592][0.188976,0.685039,0.700787][0.650889,0.087207,0][-16.4129,4.84994,80.9498][-0.188976,0.645669,0.740157][0.652738,0.087332,0][-16.3476,4.8392,80.9732][-0.188976,0.551181,0.811024][0.65269,0.085267,0][-16.3443,4.85968,80.9572][-0.188976,0.685039,0.700787][0.650889,0.087207,0][-16.3476,4.8392,80.9732][-0.188976,0.551181,0.811024][0.65269,0.085267,0][-16.4129,4.84994,80.9498][-0.188976,0.645669,0.740157][0.652738,0.087332,0][-16.4374,4.83102,80.9558][-0.188976,0.551181,0.811024][0.654291,0.086015,0][-17.0299,5.18386,80.8898][0,0.984252,-0.165354][0.865219,0.260124,0][-17.1258,5.15696,80.7478][-0.11811,0.976378,-0.165354][0.833172,0.254718,0][-17.1254,5.18092,80.8912][-0.11811,0.976378,-0.165354][0.833485,0.262541,0][-17.1258,5.15696,80.7478][-0.11811,0.976378,-0.165354][0.833172,0.254718,0][-17.0299,5.18386,80.8898][0,0.984252,-0.165354][0.865219,0.260124,0][-17.0299,5.1599,80.7464][0,0.984252,-0.165354][0.865206,0.252016,0][-17.2655,5.14192,80.9192][-0.511811,0.850394,-0.133858][0.782231,0.257867,0][-17.3184,5.0857,80.8084][-0.645669,0.755906,-0.11811][0.761052,0.24056,0][-17.3165,5.10982,80.9518][-0.685039,0.716535,-0.110236][0.762667,0.248382,0][-17.2655,5.14192,80.9192][-0.511811,0.850394,-0.133858][0.782231,0.257867,0][-17.2671,5.1179,80.776][-0.472441,0.866142,-0.141732][0.780695,0.250698,0][-17.3184,5.0857,80.8084][-0.645669,0.755906,-0.11811][0.761052,0.24056,0][-17.0299,5.18386,80.8898][0,0.984252,-0.165354][0.865219,0.260124,0][-16.9339,5.15696,80.7478][0.11811,0.976378,-0.165354][0.833172,0.254718,0][-17.0299,5.1599,80.7464][0,0.984252,-0.165354][0.865206,0.252016,0][-16.9339,5.15696,80.7478][0.11811,0.976378,-0.165354][0.833172,0.254718,0][-17.0299,5.18386,80.8898][0,0.984252,-0.165354][0.865219,0.260124,0][-16.9343,5.18092,80.8912][0.11811,0.976378,-0.165354][0.833485,0.262541,0][-16.9343,5.18092,80.8912][0.11811,0.976378,-0.165354][0.833485,0.262541,0][-16.8561,5.16606,80.8992][0.307087,0.937008,-0.15748][0.805593,0.261992,0][-16.8551,5.14214,80.756][0.291339,0.944882,-0.15748][0.804577,0.254995,0][-16.9343,5.18092,80.8912][0.11811,0.976378,-0.165354][0.833485,0.262541,0][-16.8551,5.14214,80.756][0.291339,0.944882,-0.15748][0.804577,0.254995,0][-16.9339,5.15696,80.7478][0.11811,0.976378,-0.165354][0.833172,0.254718,0][-16.7942,5.14192,80.9192][0.511811,0.850394,-0.133858][0.782231,0.257867,0][-16.7926,5.1179,80.776][0.472441,0.866142,-0.141732][0.780695,0.250698,0][-16.8561,5.16606,80.8992][0.307087,0.937008,-0.15748][0.805593,0.261992,0][-16.8561,5.16606,80.8992][0.307087,0.937008,-0.15748][0.805593,0.261992,0][-16.7926,5.1179,80.776][0.472441,0.866142,-0.141732][0.780695,0.250698,0][-16.8551,5.14214,80.756][0.291339,0.944882,-0.15748][0.804577,0.254995,0][-17.6873,5.04822,80.7384][-0.724409,0.559055,-0.401575][0.755032,0.378759,0][-17.6538,5.11106,80.7906][-0.440945,0.889764,-0.102362][0.747616,0.405079,0][-17.6262,5.09496,80.7294][-0.204724,0.858268,-0.472441][0.746587,0.408209,0][-16.337,5.04822,80.7374][0.724409,0.551181,-0.401575][0.755032,0.378759,0][-16.3982,5.09496,80.728][0.204724,0.858268,-0.472441][0.746587,0.408209,0][-16.3705,5.11106,80.789][0.440945,0.889764,-0.102362][0.747616,0.405079,0][-16.7432,5.10982,80.9518][0.685039,0.716535,-0.110236][0.762667,0.248382,0][-16.7413,5.0857,80.8084][0.645669,0.755906,-0.11811][0.761052,0.24056,0][-16.7942,5.14192,80.9192][0.511811,0.850394,-0.133858][0.782231,0.257867,0][-16.7942,5.14192,80.9192][0.511811,0.850394,-0.133858][0.782231,0.257867,0][-16.7413,5.0857,80.8084][0.645669,0.755906,-0.11811][0.761052,0.24056,0][-16.7926,5.1179,80.776][0.472441,0.866142,-0.141732][0.780695,0.250698,0][-17.6178,4.74772,80.998][0.149606,0.15748,0.976378][0.65789,0.077985,0][-17.6985,4.75944,81.0076][0.141732,0.0944882,0.984252][0.656864,0.077006,0][-17.634,4.71652,80.9978][0.11811,-0.0944882,0.992126][0.657885,0.074912,0][-17.634,4.71652,80.9978][0.11811,-0.0944882,0.992126][0.657885,0.074912,0][-17.6985,4.75944,81.0076][0.141732,0.0944882,0.984252][0.656864,0.077006,0][-17.7169,4.7315,81.0106][0.110236,-0.165354,0.976378][0.657085,0.073834,0][-16.3295,4.75944,81.0056][-0.141732,0.0944882,0.984252][0.656864,0.077006,0][-16.4102,4.74772,80.9962][-0.141732,0.15748,0.976378][0.65789,0.077985,0][-16.3941,4.71652,80.996][-0.11811,-0.0866142,0.992126][0.657885,0.074912,0][-16.3941,4.71652,80.996][-0.11811,-0.0866142,0.992126][0.657885,0.074912,0][-16.3111,4.7315,81.0088][-0.110236,-0.165354,0.984252][0.657085,0.073834,0][-16.3295,4.75944,81.0056][-0.141732,0.0944882,0.984252][0.656864,0.077006,0][-17.3165,5.10982,80.9518][-0.685039,0.716535,-0.110236][0.762667,0.248382,0][-17.3184,5.0857,80.8084][-0.645669,0.755906,-0.11811][0.761052,0.24056,0][-17.361,5.04412,80.8474][-0.795276,0.598425,-0.0944882][0.745833,0.227657,0][-17.361,5.04412,80.8474][-0.795276,0.598425,-0.0944882][0.745833,0.227657,0][-17.3586,5.06978,80.991][-0.834646,0.543307,-0.0944882][0.747272,0.235615,0][-17.3165,5.10982,80.9518][-0.685039,0.716535,-0.110236][0.762667,0.248382,0][-17.0676,4.99334,81.1436][-0.291339,-0.0314961,0.952756][0.831391,0.360616,0][-17.1347,5.01348,81.0898][-0.874016,0,0.480315][0.804258,0.380741,0][-17.0816,4.95242,81.1242][-0.456693,-0.464567,0.755906][0.827235,0.350481,0][-17.1347,5.01348,81.0898][-0.874016,0,0.480315][0.804258,0.380741,0][-17.0676,4.99334,81.1436][-0.291339,-0.0314961,0.952756][0.831391,0.360616,0][-17.1075,5.03724,81.118][-0.559055,0.275591,0.787402][0.813097,0.383869,0][-16.7432,5.10982,80.9518][0.685039,0.716535,-0.110236][0.762667,0.248382,0][-16.6987,5.04412,80.8474][0.795276,0.598425,-0.0944882][0.745833,0.227657,0][-16.7413,5.0857,80.8084][0.645669,0.755906,-0.11811][0.761052,0.24056,0][-16.6987,5.04412,80.8474][0.795276,0.598425,-0.0944882][0.745833,0.227657,0][-16.7432,5.10982,80.9518][0.685039,0.716535,-0.110236][0.762667,0.248382,0][-16.7011,5.06978,80.991][0.834646,0.543307,-0.0944882][0.747272,0.235615,0][-17.0037,4.98434,81.1466][0.173228,-0.0866142,0.984252][0.861227,0.35666,0][-16.9973,4.94088,81.129][0.23622,-0.543307,0.80315][0.864308,0.345409,0][-16.9312,4.98264,81.1016][0.795276,-0.181102,0.582677][0.892739,0.367424,0][-17.0037,4.98434,81.1466][0.173228,-0.0866142,0.984252][0.861227,0.35666,0][-16.9312,4.98264,81.1016][0.795276,-0.181102,0.582677][0.892739,0.367424,0][-16.9555,5.01452,81.125][0.543307,0.141732,0.826772][0.883221,0.373823,0][-17.7203,4.99208,80.7486][-0.944882,0.15748,-0.283465][0.763477,0.349309,0][-17.719,4.86992,80.8276][-0.92126,-0.393701,0.0393701][0.817912,0.32066,0][-17.7302,5.02434,80.8102][-0.952756,0.299213,-0.0472441][0.763383,0.346102,0][-17.7302,5.02434,80.8102][-0.952756,0.299213,-0.0472441][0.763383,0.346102,0][-17.719,4.86992,80.8276][-0.92126,-0.393701,0.0393701][0.817912,0.32066,0][-17.7381,4.91336,80.8832][-0.952756,-0.228346,0.212598][0.817985,0.317219,0][-17.5213,5.1405,80.846][-0.0866142,0.992126,0.023622][0.774921,0.465914,0][-17.6262,5.09496,80.7294][-0.204724,0.858268,-0.472441][0.746587,0.408209,0][-17.6538,5.11106,80.7906][-0.440945,0.889764,-0.102362][0.747616,0.405079,0][-17.6262,5.09496,80.7294][-0.204724,0.858268,-0.472441][0.746587,0.408209,0][-17.5213,5.1405,80.846][-0.0866142,0.992126,0.023622][0.774921,0.465914,0][-17.4857,5.12886,80.7918][0.212598,0.905512,-0.362205][0.774869,0.468236,0][-16.2942,5.02434,80.809][0.952756,0.299213,-0.0472441][0.763383,0.346102,0][-16.3053,4.86992,80.8264][0.92126,-0.393701,0.0393701][0.817912,0.32066,0][-16.3041,4.99208,80.7476][0.944882,0.15748,-0.283465][0.763477,0.349309,0][-16.3053,4.86992,80.8264][0.92126,-0.393701,0.0393701][0.817912,0.32066,0][-16.2942,5.02434,80.809][0.952756,0.299213,-0.0472441][0.763383,0.346102,0][-16.2862,4.91336,80.8816][0.952756,-0.228346,0.220472][0.817985,0.317219,0][-16.5031,5.1405,80.8438][0.0866142,0.992126,0.023622][0.774921,0.465914,0][-16.3705,5.11106,80.789][0.440945,0.889764,-0.102362][0.747616,0.405079,0][-16.3982,5.09496,80.728][0.204724,0.858268,-0.472441][0.746587,0.408209,0][-16.3982,5.09496,80.728][0.204724,0.858268,-0.472441][0.746587,0.408209,0][-16.5387,5.12886,80.7896][-0.212598,0.905512,-0.362205][0.774869,0.468236,0][-16.5031,5.1405,80.8438][0.0866142,0.992126,0.023622][0.774921,0.465914,0][-17.0037,4.98434,81.1466][0.173228,-0.0866142,0.984252][0.861227,0.35666,0][-17.0816,4.95242,81.1242][-0.456693,-0.464567,0.755906][0.827235,0.350481,0][-16.9973,4.94088,81.129][0.23622,-0.543307,0.80315][0.864308,0.345409,0][-17.0816,4.95242,81.1242][-0.456693,-0.464567,0.755906][0.827235,0.350481,0][-17.0037,4.98434,81.1466][0.173228,-0.0866142,0.984252][0.861227,0.35666,0][-17.0676,4.99334,81.1436][-0.291339,-0.0314961,0.952756][0.831391,0.360616,0][-17.634,4.71652,80.9978][0.11811,-0.0944882,0.992126][0.657885,0.074912,0][-17.7169,4.7315,81.0106][0.110236,-0.165354,0.976378][0.657085,0.073834,0][-17.6742,4.6872,80.9956][0.0866142,-0.267717,0.96063][0.657074,0.071352,0][-17.6742,4.6872,80.9956][0.0866142,-0.267717,0.96063][0.657074,0.071352,0][-17.7169,4.7315,81.0106][0.110236,-0.165354,0.976378][0.657085,0.073834,0][-17.7507,4.70276,81.0062][0.0708661,-0.338583,0.937008][0.655904,0.070288,0][-16.3111,4.7315,81.0088][-0.110236,-0.165354,0.984252][0.657085,0.073834,0][-16.3941,4.71652,80.996][-0.11811,-0.0866142,0.992126][0.657885,0.074912,0][-16.3538,4.6872,80.9938][-0.0944882,-0.259843,0.96063][0.657074,0.071352,0][-16.3538,4.6872,80.9938][-0.0944882,-0.259843,0.96063][0.657074,0.071352,0][-16.2773,4.70276,81.0046][-0.0787402,-0.338583,0.937008][0.655904,0.070288,0][-16.3111,4.7315,81.0088][-0.110236,-0.165354,0.984252][0.657085,0.073834,0][-17.3586,5.06978,80.991][-0.834646,0.543307,-0.0944882][0.747272,0.235615,0][-17.361,5.04412,80.8474][-0.795276,0.598425,-0.0944882][0.745833,0.227657,0][-17.3932,4.9872,80.89][-0.889764,0.456693,-0.0866142][0.737157,0.209036,0][-17.3586,5.06978,80.991][-0.834646,0.543307,-0.0944882][0.747272,0.235615,0][-17.3932,4.9872,80.89][-0.889764,0.456693,-0.0866142][0.737157,0.209036,0][-17.3903,5.02144,81.0244][-0.889764,0.448819,-0.0866142][0.736567,0.221469,0][-17.0086,2.08248,80.8888][0,0.023622,1][0.554174,0.487141,0][-17.7325,1.9621,80.8694][-0.15748,0.0708661,0.984252][0.495,0.325922,0][-17.0086,1.89135,80.891][0,0.023622,1][0.593866,0.464854,0][-17.7325,1.9621,80.8694][-0.15748,0.0708661,0.984252][0.495,0.325922,0][-17.0086,2.08248,80.8888][0,0.023622,1][0.554174,0.487141,0][-17.716,2.15306,80.8638][-0.165354,0.0787402,0.984252][0.457415,0.352501,0][-17.3903,5.02144,81.0244][-0.889764,0.448819,-0.0866142][0.736567,0.221469,0][-17.3932,4.9872,80.89][-0.889764,0.456693,-0.0866142][0.737157,0.209036,0][-17.4215,4.93624,80.9284][-0.913386,0.393701,-0.0708661][0.73182,0.189351,0][-17.3903,5.02144,81.0244][-0.889764,0.448819,-0.0866142][0.736567,0.221469,0][-17.4215,4.93624,80.9284][-0.913386,0.393701,-0.0708661][0.73182,0.189351,0][-17.4186,4.96816,81.061][-0.929134,0.370079,-0.0551181][0.730808,0.202514,0][-17.5213,5.1405,80.846][-0.0866142,0.992126,0.023622][0.774921,0.465914,0][-17.4339,5.12088,80.855][0.566929,0.826772,-0.0551181][0.800246,0.487629,0][-17.4857,5.12886,80.7918][0.212598,0.905512,-0.362205][0.774869,0.468236,0][-17.4339,5.12088,80.855][0.566929,0.826772,-0.0551181][0.800246,0.487629,0][-17.5213,5.1405,80.846][-0.0866142,0.992126,0.023622][0.774921,0.465914,0][-17.4738,5.13436,80.904][0.188976,0.944882,0.267717][0.800076,0.48553,0][-16.5905,5.12088,80.8528][-0.566929,0.826772,-0.0551181][0.800246,0.487629,0][-16.5031,5.1405,80.8438][0.0866142,0.992126,0.023622][0.774921,0.465914,0][-16.5387,5.12886,80.7896][-0.212598,0.905512,-0.362205][0.774869,0.468236,0][-16.5031,5.1405,80.8438][0.0866142,0.992126,0.023622][0.774921,0.465914,0][-16.5905,5.12088,80.8528][-0.566929,0.826772,-0.0551181][0.800246,0.487629,0][-16.5505,5.13436,80.902][-0.181102,0.944882,0.267717][0.800076,0.48553,0][-17.6966,4.89622,80.8758][0.133858,0.984252,0.0866142][0.644381,0.090623,0][-17.7086,4.89016,80.9236][0.15748,0.952756,0.259843][0.647066,0.089799,0][-17.6393,4.88056,80.9158][0.173228,0.889764,0.425197][0.649043,0.089805,0][-17.7086,4.89016,80.9236][0.15748,0.952756,0.259843][0.647066,0.089799,0][-17.6966,4.89622,80.8758][0.133858,0.984252,0.0866142][0.644381,0.090623,0][-17.765,4.90558,80.8778][0.102362,0.992126,-0.110236][0.642101,0.090678,0][-17.6913,4.87678,80.9408][0.181102,0.818898,0.543307][0.648981,0.088748,0][-17.6393,4.88056,80.9158][0.173228,0.889764,0.425197][0.649043,0.089805,0][-17.7086,4.89016,80.9236][0.15748,0.952756,0.259843][0.647066,0.089799,0][-17.6393,4.88056,80.9158][0.173228,0.889764,0.425197][0.649043,0.089805,0][-17.6913,4.87678,80.9408][0.181102,0.818898,0.543307][0.648981,0.088748,0][-17.6225,4.86712,80.9322][0.181102,0.795276,0.582677][0.650883,0.088798,0][-17.6837,4.85968,80.9592][0.188976,0.685039,0.700787][0.650889,0.087207,0][-17.6225,4.86712,80.9322][0.181102,0.795276,0.582677][0.650883,0.088798,0][-17.6913,4.87678,80.9408][0.181102,0.818898,0.543307][0.648981,0.088748,0][-17.6225,4.86712,80.9322][0.181102,0.795276,0.582677][0.650883,0.088798,0][-17.6837,4.85968,80.9592][0.188976,0.685039,0.700787][0.650889,0.087207,0][-17.6151,4.84994,80.9518][0.188976,0.645669,0.740157][0.652738,0.087332,0][-16.3195,4.89016,80.9218][-0.15748,0.952756,0.259843][0.647066,0.089799,0][-16.3315,4.89622,80.8742][-0.133858,0.984252,0.0866142][0.644381,0.090623,0][-16.3887,4.88056,80.914][-0.173228,0.889764,0.425197][0.649043,0.089805,0][-16.3315,4.89622,80.8742][-0.133858,0.984252,0.0866142][0.644381,0.090623,0][-16.3195,4.89016,80.9218][-0.15748,0.952756,0.259843][0.647066,0.089799,0][-16.263,4.90558,80.8768][-0.102362,0.992126,-0.110236][0.642101,0.090678,0][-16.3887,4.88056,80.914][-0.173228,0.889764,0.425197][0.649043,0.089805,0][-16.3368,4.87678,80.9388][-0.181102,0.818898,0.543307][0.648981,0.088748,0][-16.3195,4.89016,80.9218][-0.15748,0.952756,0.259843][0.647066,0.089799,0][-16.3368,4.87678,80.9388][-0.181102,0.818898,0.543307][0.648981,0.088748,0][-16.3887,4.88056,80.914][-0.173228,0.889764,0.425197][0.649043,0.089805,0][-16.4056,4.86712,80.9302][-0.181102,0.795276,0.582677][0.650883,0.088798,0][-16.4056,4.86712,80.9302][-0.181102,0.795276,0.582677][0.650883,0.088798,0][-16.3443,4.85968,80.9572][-0.188976,0.685039,0.700787][0.650889,0.087207,0][-16.3368,4.87678,80.9388][-0.181102,0.818898,0.543307][0.648981,0.088748,0][-16.3443,4.85968,80.9572][-0.188976,0.685039,0.700787][0.650889,0.087207,0][-16.4056,4.86712,80.9302][-0.181102,0.795276,0.582677][0.650883,0.088798,0][-16.4129,4.84994,80.9498][-0.188976,0.645669,0.740157][0.652738,0.087332,0][-17.4407,4.90922,81.1086][-0.976378,0.228346,-0.023622][0.727584,0.179456,0][-17.444,4.88248,80.9776][-0.96063,0.267717,-0.0314961][0.728782,0.168095,0][-17.4572,4.80382,81.0156][-1,0.0314961,0.00787402][0.730242,0.139355,0][-17.4186,4.96816,81.061][-0.929134,0.370079,-0.0551181][0.730808,0.202514,0][-17.4215,4.93624,80.9284][-0.913386,0.393701,-0.0708661][0.73182,0.189351,0][-17.444,4.88248,80.9776][-0.96063,0.267717,-0.0314961][0.728782,0.168095,0][-17.444,4.88248,80.9776][-0.96063,0.267717,-0.0314961][0.728782,0.168095,0][-17.4254,4.94174,81.085][-0.937008,0.338583,-0.0393701][0.730165,0.192644,0][-17.4186,4.96816,81.061][-0.929134,0.370079,-0.0551181][0.730808,0.202514,0][-17.4254,4.94174,81.085][-0.937008,0.338583,-0.0393701][0.730165,0.192644,0][-17.444,4.88248,80.9776][-0.96063,0.267717,-0.0314961][0.728782,0.168095,0][-17.4407,4.90922,81.1086][-0.976378,0.228346,-0.023622][0.727584,0.179456,0][-16.7011,5.06978,80.991][0.834646,0.543307,-0.0944882][0.747272,0.235615,0][-16.6665,4.9872,80.89][0.889764,0.456693,-0.0866142][0.737157,0.209036,0][-16.6987,5.04412,80.8474][0.795276,0.598425,-0.0944882][0.745833,0.227657,0][-16.6665,4.9872,80.89][0.889764,0.456693,-0.0866142][0.737157,0.209036,0][-16.7011,5.06978,80.991][0.834646,0.543307,-0.0944882][0.747272,0.235615,0][-16.6694,5.02144,81.0244][0.889764,0.448819,-0.0866142][0.736567,0.221469,0][-17.6742,4.6872,80.9956][0.0866142,-0.267717,0.96063][0.657074,0.071352,0][-17.7507,4.70276,81.0062][0.0708661,-0.338583,0.937008][0.655904,0.070288,0][-17.7358,4.66076,80.9878][0.0393701,-0.574803,0.818898][0.654872,0.067416,0][-17.8048,4.67104,80.998][-0.023622,-0.913386,0.401575][0.653137,0.065939,0][-17.7358,4.66076,80.9878][0.0393701,-0.574803,0.818898][0.654872,0.067416,0][-17.7507,4.70276,81.0062][0.0708661,-0.338583,0.937008][0.655904,0.070288,0][-16.3538,4.6872,80.9938][-0.0944882,-0.259843,0.96063][0.657074,0.071352,0][-16.2922,4.66076,80.9864][-0.0472441,-0.574803,0.818898][0.654872,0.067416,0][-16.2773,4.70276,81.0046][-0.0787402,-0.338583,0.937008][0.655904,0.070288,0][-16.2922,4.66076,80.9864][-0.0472441,-0.574803,0.818898][0.654872,0.067416,0][-16.2233,4.67104,80.997][0.023622,-0.913386,0.401575][0.653137,0.065939,0][-16.2773,4.70276,81.0046][-0.0787402,-0.338583,0.937008][0.655904,0.070288,0][-16.6694,5.02144,81.0244][0.889764,0.448819,-0.0866142][0.736567,0.221469,0][-16.6382,4.93624,80.9284][0.913386,0.393701,-0.0708661][0.73182,0.189351,0][-16.6665,4.9872,80.89][0.889764,0.456693,-0.0866142][0.737157,0.209036,0][-16.6382,4.93624,80.9284][0.913386,0.393701,-0.0708661][0.73182,0.189351,0][-16.6694,5.02144,81.0244][0.889764,0.448819,-0.0866142][0.736567,0.221469,0][-16.6411,4.96816,81.061][0.929134,0.370079,-0.0551181][0.730808,0.202514,0][-17.4407,4.90922,81.1086][-0.976378,0.228346,-0.023622][0.727584,0.179456,0][-17.4572,4.80382,81.0156][-1,0.0314961,0.00787402][0.730242,0.139355,0][-17.4543,4.82938,81.1606][-1,-0.0314961,0.023622][0.730014,0.149341,0][-17.6293,4.17374,81.0678][0.188976,-0.850394,0.488189][0.053538,0.591767,0][-17.0086,4.31008,81.3344][0,-0.929134,0.362205][0.081522,0.752306,0][-17.6946,4.24378,81.2304][0.204724,-0.84252,0.496063][0.013875,0.57942,0][-17.0086,4.31008,81.3344][0,-0.929134,0.362205][0.081522,0.752306,0][-17.6293,4.17374,81.0678][0.188976,-0.850394,0.488189][0.053538,0.591767,0][-17.0086,4.25058,81.158][0,-0.929134,0.362205][0.107803,0.737647,0][-17.0086,4.31008,81.3344][0,-0.929134,0.362205][0.081522,0.752306,0][-16.3879,4.17374,81.0678][-0.188976,-0.850394,0.488189][0.204298,0.858111,0][-16.3226,4.24378,81.2304][-0.204724,-0.84252,0.496063][0.194275,0.897428,0][-16.3879,4.17374,81.0678][-0.188976,-0.850394,0.488189][0.204298,0.858111,0][-17.0086,4.31008,81.3344][0,-0.929134,0.362205][0.081522,0.752306,0][-17.0086,4.25058,81.158][0,-0.929134,0.362205][0.107803,0.737647,0][-16.619,4.90922,81.1086][0.976378,0.228346,-0.023622][0.727584,0.179456,0][-16.6025,4.80382,81.0156][1,0.0314961,0.00787402][0.730242,0.139355,0][-16.6158,4.88248,80.9776][0.96063,0.267717,-0.0314961][0.728782,0.168095,0][-16.619,4.90922,81.1086][0.976378,0.228346,-0.023622][0.727584,0.179456,0][-16.6158,4.88248,80.9776][0.96063,0.267717,-0.0314961][0.728782,0.168095,0][-16.6343,4.94174,81.085][0.937008,0.338583,-0.0393701][0.730165,0.192644,0][-16.6158,4.88248,80.9776][0.96063,0.267717,-0.0314961][0.728782,0.168095,0][-16.6411,4.96816,81.061][0.929134,0.370079,-0.0551181][0.730808,0.202514,0][-16.6343,4.94174,81.085][0.937008,0.338583,-0.0393701][0.730165,0.192644,0][-16.6411,4.96816,81.061][0.929134,0.370079,-0.0551181][0.730808,0.202514,0][-16.6158,4.88248,80.9776][0.96063,0.267717,-0.0314961][0.728782,0.168095,0][-16.6382,4.93624,80.9284][0.913386,0.393701,-0.0708661][0.73182,0.189351,0][-15.9814,2.18942,80.7478][0.0393701,0.165354,0.984252][0.622611,0.706392,0][-16.3012,2.15306,80.8638][0.165354,0.0787402,0.984252][0.614425,0.640245,0][-16.2847,1.9621,80.8694][0.15748,0.0708661,0.984252][0.656086,0.622204,0][-16.2847,1.9621,80.8694][0.15748,0.0708661,0.984252][0.656086,0.622204,0][-15.9402,2.00424,80.7742][0.0787402,0.15748,0.984252][0.667363,0.695183,0][-15.9814,2.18942,80.7478][0.0393701,0.165354,0.984252][0.622611,0.706392,0][-16.3012,2.15306,80.8638][0.165354,0.0787402,0.984252][0.614425,0.640245,0][-17.0086,2.08248,80.8888][0,0.023622,1][0.554174,0.487141,0][-16.2847,1.9621,80.8694][0.15748,0.0708661,0.984252][0.656086,0.622204,0][-17.0086,1.89135,80.891][0,0.023622,1][0.593866,0.464854,0][-16.2847,1.9621,80.8694][0.15748,0.0708661,0.984252][0.656086,0.622204,0][-17.0086,2.08248,80.8888][0,0.023622,1][0.554174,0.487141,0][-16.6025,4.80382,81.0156][1,0.0314961,0.00787402][0.730242,0.139355,0][-16.619,4.90922,81.1086][0.976378,0.228346,-0.023622][0.727584,0.179456,0][-16.6054,4.82938,81.1606][1,-0.0314961,0.023622][0.730014,0.149341,0][-18.1811,3.81,80.9768][0.393701,-0.598425,0.700787][0.069251,0.436687,0][-17.6946,4.24378,81.2304][0.204724,-0.84252,0.496063][0.013875,0.57942,0][-18.3133,3.87686,81.0936][0.401575,-0.566929,0.716535][0.028939,0.402685,0][-17.6946,4.24378,81.2304][0.204724,-0.84252,0.496063][0.013875,0.57942,0][-18.1811,3.81,80.9768][0.393701,-0.598425,0.700787][0.069251,0.436687,0][-17.6293,4.17374,81.0678][0.188976,-0.850394,0.488189][0.053538,0.591767,0][-16.3879,4.17374,81.0678][-0.188976,-0.850394,0.488189][0.204298,0.858111,0][-15.8361,3.81,80.9768][-0.393701,-0.598425,0.700787][0.342458,0.922722,0][-16.3226,4.24378,81.2304][-0.204724,-0.84252,0.496063][0.194275,0.897428,0][-15.7039,3.87686,81.0936][-0.401575,-0.566929,0.716535][0.349888,0.972841,0][-16.3226,4.24378,81.2304][-0.204724,-0.84252,0.496063][0.194275,0.897428,0][-15.8361,3.81,80.9768][-0.393701,-0.598425,0.700787][0.342458,0.922722,0][-18.0358,2.18942,80.7478][-0.0393701,0.165354,0.984252][0.405436,0.309165,0][-17.7325,1.9621,80.8694][-0.15748,0.0708661,0.984252][0.495,0.325922,0][-17.716,2.15306,80.8638][-0.165354,0.0787402,0.984252][0.457415,0.352501,0][-17.7325,1.9621,80.8694][-0.15748,0.0708661,0.984252][0.495,0.325922,0][-18.0358,2.18942,80.7478][-0.0393701,0.165354,0.984252][0.405436,0.309165,0][-18.077,2.00424,80.7742][-0.0787402,0.15748,0.984252][0.438977,0.275957,0][-16.9786,5.11932,81.0236][0.244094,0.968504,-0.0708661][0.871681,0.433264,0][-16.9301,5.08352,81.002][0.771654,0.559055,-0.291339][0.890785,0.422563,0][-16.9678,5.1017,80.9824][0.346457,0.787402,-0.503937][0.875486,0.431783,0][-16.9301,5.08352,81.002][0.771654,0.559055,-0.291339][0.890785,0.422563,0][-16.9786,5.11932,81.0236][0.244094,0.968504,-0.0708661][0.871681,0.433264,0][-16.9429,5.10292,81.042][0.637795,0.76378,0.125984][0.887156,0.424289,0][-17.4543,4.82938,81.1606][-1,-0.0314961,0.023622][0.730014,0.149341,0][-17.4572,4.80382,81.0156][-1,0.0314961,0.00787402][0.730242,0.139355,0][-17.4427,4.7253,81.0474][-0.669291,-0.551181,-0.496063][0.733344,0.113123,0][-17.4543,4.82938,81.1606][-1,-0.0314961,0.023622][0.730014,0.149341,0][-17.4427,4.7253,81.0474][-0.669291,-0.551181,-0.496063][0.733344,0.113123,0][-17.4419,4.75012,81.1924][-0.929134,-0.362205,0.0708661][0.734829,0.122199,0][-17.4738,5.13436,80.904][0.188976,0.944882,0.267717][0.800076,0.48553,0][-17.3917,5.06736,80.9222][0.818898,0.519685,0.228346][0.836167,0.488533,0][-17.4339,5.12088,80.855][0.566929,0.826772,-0.0551181][0.800246,0.487629,0][-17.3917,5.06736,80.9222][0.818898,0.519685,0.228346][0.836167,0.488533,0][-17.4738,5.13436,80.904][0.188976,0.944882,0.267717][0.800076,0.48553,0][-17.4343,5.08786,80.967][0.440945,0.724409,0.527559][0.835521,0.487397,0][-16.6326,5.06736,80.9212][-0.818898,0.527559,0.23622][0.836167,0.488533,0][-16.5505,5.13436,80.902][-0.181102,0.944882,0.267717][0.800076,0.48553,0][-16.5905,5.12088,80.8528][-0.566929,0.826772,-0.0551181][0.800246,0.487629,0][-16.5505,5.13436,80.902][-0.181102,0.944882,0.267717][0.800076,0.48553,0][-16.6326,5.06736,80.9212][-0.818898,0.527559,0.23622][0.836167,0.488533,0][-16.5901,5.08786,80.9652][-0.440945,0.724409,0.527559][0.835521,0.487397,0][-17.8701,5.74956,79.7206][0.503937,0.858268,-0.0944882][0.30022,0.745878,0][-17.6504,5.52374,79.7576][0.748031,0.661417,-0.0314961][0.33961,0.859412,0][-17.882,5.71172,79.5974][0.228346,0.669291,-0.708661][0.278957,0.754319,0][-17.6504,5.52374,79.7576][0.748031,0.661417,-0.0314961][0.33961,0.859412,0][-17.6844,5.47238,79.553][0.322835,0.527559,-0.787402][0.255524,0.86805,0][-17.882,5.71172,79.5974][0.228346,0.669291,-0.708661][0.278957,0.754319,0][-16.1353,5.71172,79.5974][-0.228346,0.669291,-0.708661][0.278957,0.754319,0][-16.3668,5.52374,79.7576][-0.748031,0.661417,-0.0314961][0.33961,0.859412,0][-16.1471,5.74956,79.7206][-0.503937,0.858268,-0.0944882][0.30022,0.745878,0][-16.3668,5.52374,79.7576][-0.748031,0.661417,-0.0314961][0.33961,0.859412,0][-16.1353,5.71172,79.5974][-0.228346,0.669291,-0.708661][0.278957,0.754319,0][-16.3328,5.47238,79.553][-0.322835,0.527559,-0.787402][0.255524,0.86805,0][-16.6054,4.82938,81.1606][1,-0.0314961,0.023622][0.730014,0.149341,0][-16.617,4.7253,81.0474][0.669291,-0.551181,-0.496063][0.733344,0.113123,0][-16.6025,4.80382,81.0156][1,0.0314961,0.00787402][0.730242,0.139355,0][-16.617,4.7253,81.0474][0.669291,-0.551181,-0.496063][0.733344,0.113123,0][-16.6054,4.82938,81.1606][1,-0.0314961,0.023622][0.730014,0.149341,0][-16.6178,4.75012,81.1924][0.929134,-0.362205,0.0708661][0.734829,0.122199,0][-16.92,5.06206,81.0582][0.889764,0.330709,0.307087][0.896961,0.405804,0][-16.9301,5.08352,81.002][0.771654,0.559055,-0.291339][0.890785,0.422563,0][-16.9429,5.10292,81.042][0.637795,0.76378,0.125984][0.887156,0.424289,0][-16.9301,5.08352,81.002][0.771654,0.559055,-0.291339][0.890785,0.422563,0][-16.92,5.06206,81.0582][0.889764,0.330709,0.307087][0.896961,0.405804,0][-16.9101,5.0379,81.0192][0.992126,0.110236,-0.0708661][0.898745,0.40345,0][-16.2862,4.91336,80.8816][0.952756,-0.228346,0.220472][0.817985,0.317219,0][-16.3983,4.80664,80.9266][0.346457,-0.834646,0.425197][0.879197,0.338989,0][-16.3053,4.86992,80.8264][0.92126,-0.393701,0.0393701][0.817912,0.32066,0][-16.3983,4.80664,80.9266][0.346457,-0.834646,0.425197][0.879197,0.338989,0][-16.2862,4.91336,80.8816][0.952756,-0.228346,0.220472][0.817985,0.317219,0][-16.3722,4.85482,80.974][0.598425,-0.543307,0.590551][0.879517,0.335619,0][-17.719,4.86992,80.8276][-0.92126,-0.393701,0.0393701][0.817912,0.32066,0][-17.626,4.80664,80.9286][-0.346457,-0.834646,0.425197][0.879197,0.338989,0][-17.7381,4.91336,80.8832][-0.952756,-0.228346,0.212598][0.817985,0.317219,0][-17.626,4.80664,80.9286][-0.346457,-0.834646,0.425197][0.879197,0.338989,0][-17.6521,4.85482,80.9764][-0.598425,-0.543307,0.590551][0.879517,0.335619,0][-17.7381,4.91336,80.8832][-0.952756,-0.228346,0.212598][0.817985,0.317219,0][-16.9786,5.11932,81.0236][0.244094,0.968504,-0.0708661][0.871681,0.433264,0][-17.0631,5.10782,80.9762][-0.125984,0.858268,-0.496063][0.837965,0.434618,0][-17.0609,5.1246,81.018][-0.204724,0.976378,-0.102362][0.836971,0.435939,0][-17.0631,5.10782,80.9762][-0.125984,0.858268,-0.496063][0.837965,0.434618,0][-16.9786,5.11932,81.0236][0.244094,0.968504,-0.0708661][0.871681,0.433264,0][-16.9678,5.1017,80.9824][0.346457,0.787402,-0.503937][0.875486,0.431783,0][-17.0061,4.91436,81.1294][-0.826772,-0.220472,0.511811][0.856271,0.399029,0][-17.0254,4.88966,81.093][-0.850394,-0.188976,0.488189][0.856957,0.399733,0][-16.9604,4.86926,81.1588][-0.606299,-0.551181,0.574803][0.83858,0.378665,0][-17.0254,4.88966,81.093][-0.850394,-0.188976,0.488189][0.856957,0.399733,0][-16.9798,4.84454,81.1224][-0.645669,-0.488189,0.590551][0.840451,0.380732,0][-16.9604,4.86926,81.1588][-0.606299,-0.551181,0.574803][0.83858,0.378665,0][-17.1346,5.0698,81.006][-0.850394,0.519685,-0.102362][0.808936,0.416511,0][-17.0609,5.1246,81.018][-0.204724,0.976378,-0.102362][0.836971,0.435939,0][-17.0631,5.10782,80.9762][-0.125984,0.858268,-0.496063][0.837965,0.434618,0][-17.0609,5.1246,81.018][-0.204724,0.976378,-0.102362][0.836971,0.435939,0][-17.1346,5.0698,81.006][-0.850394,0.519685,-0.102362][0.808936,0.416511,0][-17.1254,5.09376,81.046][-0.740157,0.661417,0.133858][0.808697,0.419662,0][-17.0369,4.91436,81.1294][0.826772,-0.220472,0.511811][0.856271,0.399029,0][-17.0826,4.86926,81.1588][0.606299,-0.551181,0.574803][0.83858,0.378665,0][-17.0175,4.88966,81.093][0.850394,-0.188976,0.488189][0.856957,0.399733,0][-17.0175,4.88966,81.093][0.850394,-0.188976,0.488189][0.856957,0.399733,0][-17.0826,4.86926,81.1588][0.606299,-0.551181,0.574803][0.83858,0.378665,0][-17.0632,4.84454,81.1224][0.645669,-0.488189,0.590551][0.840451,0.380732,0][-17.1346,5.0698,81.006][-0.850394,0.519685,-0.102362][0.808936,0.416511,0][-17.1347,5.01348,81.0898][-0.874016,0,0.480315][0.804258,0.380741,0][-17.1254,5.09376,81.046][-0.740157,0.661417,0.133858][0.808697,0.419662,0][-17.1347,5.01348,81.0898][-0.874016,0,0.480315][0.804258,0.380741,0][-17.1346,5.0698,81.006][-0.850394,0.519685,-0.102362][0.808936,0.416511,0][-17.1445,4.98598,81.0534][-0.937008,-0.125984,0.338583][0.804406,0.378328,0][-16.6304,5.0096,80.979][-0.866142,0.220472,0.440945][0.866234,0.471406,0][-16.5901,5.08786,80.9652][-0.440945,0.724409,0.527559][0.835521,0.487397,0][-16.6326,5.06736,80.9212][-0.818898,0.527559,0.23622][0.836167,0.488533,0][-16.5901,5.08786,80.9652][-0.440945,0.724409,0.527559][0.835521,0.487397,0][-16.6304,5.0096,80.979][-0.866142,0.220472,0.440945][0.866234,0.471406,0][-16.5917,5.02964,81.0192][-0.496063,0.511811,0.700787][0.86773,0.468274,0][-17.4343,5.08786,80.967][0.440945,0.724409,0.527559][0.835521,0.487397,0][-17.394,5.0096,80.9794][0.874016,0.220472,0.440945][0.866234,0.471406,0][-17.3917,5.06736,80.9222][0.818898,0.519685,0.228346][0.836167,0.488533,0][-17.394,5.0096,80.9794][0.874016,0.220472,0.440945][0.866234,0.471406,0][-17.4343,5.08786,80.967][0.440945,0.724409,0.527559][0.835521,0.487397,0][-17.4326,5.02964,81.0204][0.503937,0.511811,0.700787][0.86773,0.468274,0][-18.5096,5.54116,79.9716][-0.0629921,0.448819,0.889764][0.30256,0.663182,0][-18.6423,5.46486,79.9478][-0.606299,0.535433,0.590551][0.292169,0.659591,0][-18.5794,5.41274,79.979][-0.102362,0.314961,0.944882][0.30042,0.658126,0][-18.6423,5.46486,79.9478][-0.606299,0.535433,0.590551][0.292169,0.659591,0][-18.5096,5.54116,79.9716][-0.0629921,0.448819,0.889764][0.30256,0.663182,0][-18.5147,5.6653,79.9288][-0.472441,0.716535,0.511811][0.293386,0.667657,0][-18.242,5.66984,79.9734][-0.0629921,0.448819,0.889764][0.323213,0.675418,0][-18.5147,5.6653,79.9288][-0.472441,0.716535,0.511811][0.293386,0.667657,0][-18.5096,5.54116,79.9716][-0.0629921,0.448819,0.889764][0.30256,0.663182,0][-18.5147,5.6653,79.9288][-0.472441,0.716535,0.511811][0.293386,0.667657,0][-18.242,5.66984,79.9734][-0.0629921,0.448819,0.889764][0.323213,0.675418,0][-18.1726,5.81112,79.8878][-0.133858,0.858268,0.496063][0.307392,0.701728,0][-18.1726,5.81112,79.8878][-0.133858,0.858268,0.496063][0.307392,0.701728,0][-18.242,5.66984,79.9734][-0.0629921,0.448819,0.889764][0.323213,0.675418,0][-18.159,5.66474,79.9716][-0.023622,0.425197,0.905512][0.332659,0.680986,0][-18.159,5.66474,79.9716][-0.023622,0.425197,0.905512][0.332659,0.680986,0][-17.8817,5.76524,79.8448][0.377953,0.787402,0.488189][0.321398,0.735799,0][-18.1726,5.81112,79.8878][-0.133858,0.858268,0.496063][0.307392,0.701728,0][-16.1355,5.76524,79.8448][-0.377953,0.787402,0.488189][0.321398,0.735799,0][-15.8582,5.66474,79.9716][0.023622,0.425197,0.905512][0.332659,0.680986,0][-15.8446,5.81112,79.8878][0.133858,0.858268,0.496063][0.307392,0.701728,0][-15.8446,5.81112,79.8878][0.133858,0.858268,0.496063][0.307392,0.701728,0][-15.8582,5.66474,79.9716][0.023622,0.425197,0.905512][0.332659,0.680986,0][-15.7752,5.66984,79.9734][0.0629921,0.448819,0.889764][0.323213,0.675418,0][-15.5025,5.6653,79.9288][0.472441,0.716535,0.511811][0.293386,0.667657,0][-15.8446,5.81112,79.8878][0.133858,0.858268,0.496063][0.307392,0.701728,0][-15.7752,5.66984,79.9734][0.0629921,0.448819,0.889764][0.323213,0.675418,0][-15.5025,5.6653,79.9288][0.472441,0.716535,0.511811][0.293386,0.667657,0][-15.7752,5.66984,79.9734][0.0629921,0.448819,0.889764][0.323213,0.675418,0][-15.5076,5.54116,79.9716][0.0629921,0.448819,0.889764][0.30256,0.663182,0][-15.5076,5.54116,79.9716][0.0629921,0.448819,0.889764][0.30256,0.663182,0][-15.3749,5.46486,79.9478][0.606299,0.535433,0.590551][0.292169,0.659591,0][-15.5025,5.6653,79.9288][0.472441,0.716535,0.511811][0.293386,0.667657,0][-15.3749,5.46486,79.9478][0.606299,0.535433,0.590551][0.292169,0.659591,0][-15.5076,5.54116,79.9716][0.0629921,0.448819,0.889764][0.30256,0.663182,0][-15.4378,5.41274,79.979][0.102362,0.314961,0.944882][0.30042,0.658126,0][-18.3133,3.87686,81.0936][0.401575,-0.566929,0.716535][0.028939,0.402685,0][-18.3153,3.59078,80.944][0.488189,-0.299213,0.818898][0.099954,0.386264,0][-18.1811,3.81,80.9768][0.393701,-0.598425,0.700787][0.069251,0.436687,0][-18.3153,3.59078,80.944][0.488189,-0.299213,0.818898][0.099954,0.386264,0][-18.3133,3.87686,81.0936][0.401575,-0.566929,0.716535][0.028939,0.402685,0][-18.4698,3.63344,81.0432][0.488189,-0.299213,0.818898][0.065592,0.344566,0][-17.4419,4.75012,81.1924][-0.929134,-0.362205,0.0708661][0.734829,0.122199,0][-17.4427,4.7253,81.0474][-0.669291,-0.551181,-0.496063][0.733344,0.113123,0][-17.3914,4.64756,81.0822][-0.503937,-0.748031,-0.425197][0.746652,0.089795,0][-17.4419,4.75012,81.1924][-0.929134,-0.362205,0.0708661][0.734829,0.122199,0][-17.3914,4.64756,81.0822][-0.503937,-0.748031,-0.425197][0.746652,0.089795,0][-17.3927,4.67278,81.2254][-0.724409,-0.685039,0.110236][0.746581,0.09824,0][-15.7019,3.59078,80.944][-0.488189,-0.299213,0.818898][0.400075,0.922311,0][-15.7039,3.87686,81.0936][-0.401575,-0.566929,0.716535][0.349888,0.972841,0][-15.8361,3.81,80.9768][-0.393701,-0.598425,0.700787][0.342458,0.922722,0][-15.7039,3.87686,81.0936][-0.401575,-0.566929,0.716535][0.349888,0.972841,0][-15.7019,3.59078,80.944][-0.488189,-0.299213,0.818898][0.400075,0.922311,0][-15.5474,3.63344,81.0432][-0.488189,-0.299213,0.818898][0.416707,0.971229,0][-17.7808,4.89534,80.8174][0.0708661,0.96063,-0.251969][0.638044,0.089946,0][-17.765,4.90558,80.8778][0.102362,0.992126,-0.110236][0.642101,0.090678,0][-17.6966,4.89622,80.8758][0.133858,0.984252,0.0866142][0.644381,0.090623,0][-17.765,4.90558,80.8778][0.102362,0.992126,-0.110236][0.642101,0.090678,0][-17.7808,4.89534,80.8174][0.0708661,0.96063,-0.251969][0.638044,0.089946,0][-17.8489,4.89792,80.816][0.023622,0.889764,-0.464567][0.635272,0.089896,0][-16.263,4.90558,80.8768][-0.102362,0.992126,-0.110236][0.642101,0.090678,0][-16.2473,4.89534,80.8166][-0.0708661,0.96063,-0.251969][0.638044,0.089946,0][-16.3315,4.89622,80.8742][-0.133858,0.984252,0.0866142][0.644381,0.090623,0][-16.2473,4.89534,80.8166][-0.0708661,0.96063,-0.251969][0.638044,0.089946,0][-16.263,4.90558,80.8768][-0.102362,0.992126,-0.110236][0.642101,0.090678,0][-16.1791,4.89792,80.8152][-0.023622,0.88189,-0.464567][0.635272,0.089896,0][-16.92,5.06206,81.0582][0.889764,0.330709,0.307087][0.896961,0.405804,0][-16.9312,4.98264,81.1016][0.795276,-0.181102,0.582677][0.892739,0.367424,0][-16.9101,5.0379,81.0192][0.992126,0.110236,-0.0708661][0.898745,0.40345,0][-16.9101,5.0379,81.0192][0.992126,0.110236,-0.0708661][0.898745,0.40345,0][-16.9312,4.98264,81.1016][0.795276,-0.181102,0.582677][0.892739,0.367424,0][-16.9242,4.95454,81.0664][0.858268,-0.433071,0.259843][0.893743,0.365539,0][-17.1445,4.98598,81.0534][-0.937008,-0.125984,0.338583][0.804406,0.378328,0][-17.0816,4.95242,81.1242][-0.456693,-0.464567,0.755906][0.827235,0.350481,0][-17.1347,5.01348,81.0898][-0.874016,0,0.480315][0.804258,0.380741,0][-17.0816,4.95242,81.1242][-0.456693,-0.464567,0.755906][0.827235,0.350481,0][-17.1445,4.98598,81.0534][-0.937008,-0.125984,0.338583][0.804406,0.378328,0][-17.0869,4.92184,81.0908][-0.385827,-0.732283,0.559055][0.827554,0.348383,0][-16.6178,4.75012,81.1924][0.929134,-0.362205,0.0708661][0.734829,0.122199,0][-16.6683,4.64756,81.0822][0.503937,-0.748031,-0.425197][0.746652,0.089795,0][-16.617,4.7253,81.0474][0.669291,-0.551181,-0.496063][0.733344,0.113123,0][-16.6683,4.64756,81.0822][0.503937,-0.748031,-0.425197][0.746652,0.089795,0][-16.6178,4.75012,81.1924][0.929134,-0.362205,0.0708661][0.734829,0.122199,0][-16.667,4.67278,81.2254][0.724409,-0.685039,0.110236][0.746581,0.09824,0][-16.6016,4.95184,81.0356][-0.755906,-0.165354,0.637795][0.896302,0.45428,0][-16.5917,5.02964,81.0192][-0.496063,0.511811,0.700787][0.86773,0.468274,0][-16.6304,5.0096,80.979][-0.866142,0.220472,0.440945][0.866234,0.471406,0][-16.5917,5.02964,81.0192][-0.496063,0.511811,0.700787][0.86773,0.468274,0][-16.6016,4.95184,81.0356][-0.755906,-0.165354,0.637795][0.896302,0.45428,0][-16.5678,4.9714,81.0716][-0.322835,0.133858,0.937008][0.89994,0.44915,0][-16.3722,4.85482,80.974][0.598425,-0.543307,0.590551][0.879517,0.335619,0][-16.5303,4.84034,81.0244][-0.259843,-0.732283,0.629921][0.911552,0.39475,0][-16.3983,4.80664,80.9266][0.346457,-0.834646,0.425197][0.879197,0.338989,0][-16.5303,4.84034,81.0244][-0.259843,-0.732283,0.629921][0.911552,0.39475,0][-16.3722,4.85482,80.974][0.598425,-0.543307,0.590551][0.879517,0.335619,0][-16.495,4.8833,81.067][0.0944882,-0.385827,0.92126][0.912036,0.391621,0][-17.626,4.80664,80.9286][-0.346457,-0.834646,0.425197][0.879197,0.338989,0][-17.494,4.84034,81.0256][0.267717,-0.732283,0.629921][0.911552,0.39475,0][-17.6521,4.85482,80.9764][-0.598425,-0.543307,0.590551][0.879517,0.335619,0][-17.494,4.84034,81.0256][0.267717,-0.732283,0.629921][0.911552,0.39475,0][-17.5293,4.8833,81.0688][-0.0866142,-0.385827,0.92126][0.912036,0.391621,0][-17.6521,4.85482,80.9764][-0.598425,-0.543307,0.590551][0.879517,0.335619,0][-17.4326,5.02964,81.0204][0.503937,0.511811,0.700787][0.86773,0.468274,0][-17.4227,4.95184,81.0362][0.755906,-0.165354,0.629921][0.896302,0.45428,0][-17.394,5.0096,80.9794][0.874016,0.220472,0.440945][0.866234,0.471406,0][-17.4227,4.95184,81.0362][0.755906,-0.165354,0.629921][0.896302,0.45428,0][-17.4326,5.02964,81.0204][0.503937,0.511811,0.700787][0.86773,0.468274,0][-17.4565,4.9714,81.0726][0.338583,0.125984,0.937008][0.89994,0.44915,0][-17.0816,4.95242,81.1242][-0.456693,-0.464567,0.755906][0.827235,0.350481,0][-16.9957,4.90934,81.096][0.251969,-0.818898,0.519685][0.865023,0.343262,0][-16.9973,4.94088,81.129][0.23622,-0.543307,0.80315][0.864308,0.345409,0][-16.9957,4.90934,81.096][0.251969,-0.818898,0.519685][0.865023,0.343262,0][-17.0816,4.95242,81.1242][-0.456693,-0.464567,0.755906][0.827235,0.350481,0][-17.0869,4.92184,81.0908][-0.385827,-0.732283,0.559055][0.827554,0.348383,0][-16.9312,4.98264,81.1016][0.795276,-0.181102,0.582677][0.892739,0.367424,0][-16.9973,4.94088,81.129][0.23622,-0.543307,0.80315][0.864308,0.345409,0][-16.9242,4.95454,81.0664][0.858268,-0.433071,0.259843][0.893743,0.365539,0][-16.9242,4.95454,81.0664][0.858268,-0.433071,0.259843][0.893743,0.365539,0][-16.9973,4.94088,81.129][0.23622,-0.543307,0.80315][0.864308,0.345409,0][-16.9957,4.90934,81.096][0.251969,-0.818898,0.519685][0.865023,0.343262,0][-17.6262,5.09496,80.7294][-0.204724,0.858268,-0.472441][0.746587,0.408209,0][-17.4857,5.12886,80.7918][0.212598,0.905512,-0.362205][0.774869,0.468236,0][-17.5855,5.05164,80.6858][0.0787402,0.771654,-0.637795][0.758254,0.409834,0][-17.5855,5.05164,80.6858][0.0787402,0.771654,-0.637795][0.758254,0.409834,0][-17.4857,5.12886,80.7918][0.212598,0.905512,-0.362205][0.774869,0.468236,0][-17.459,5.09132,80.746][0.291339,0.80315,-0.519685][0.781903,0.462253,0][-16.495,4.8833,81.067][0.0944882,-0.385827,0.92126][0.912036,0.391621,0][-16.6016,4.95184,81.0356][-0.755906,-0.165354,0.637795][0.896302,0.45428,0][-16.5303,4.84034,81.0244][-0.259843,-0.732283,0.629921][0.911552,0.39475,0][-16.5387,5.12886,80.7896][-0.212598,0.905512,-0.362205][0.774869,0.468236,0][-16.3982,5.09496,80.728][0.204724,0.858268,-0.472441][0.746587,0.408209,0][-16.4389,5.05164,80.6846][-0.0787402,0.76378,-0.637795][0.758254,0.409834,0][-16.4389,5.05164,80.6846][-0.0787402,0.76378,-0.637795][0.758254,0.409834,0][-16.5654,5.09132,80.7442][-0.291339,0.80315,-0.519685][0.781903,0.462253,0][-16.5387,5.12886,80.7896][-0.212598,0.905512,-0.362205][0.774869,0.468236,0][-17.494,4.84034,81.0256][0.267717,-0.732283,0.629921][0.911552,0.39475,0][-17.4227,4.95184,81.0362][0.755906,-0.165354,0.629921][0.896302,0.45428,0][-17.5293,4.8833,81.0688][-0.0866142,-0.385827,0.92126][0.912036,0.391621,0][-17.0696,5.0046,81.0704][-0.811024,-0.448819,0.377953][0.890025,0.437884,0][-17.0338,4.93476,81.0634][-0.88189,-0.267717,0.377953][0.872981,0.41818,0][-17.0275,4.95948,81.1][-0.889764,-0.251969,0.377953][0.873411,0.418759,0][-17.0338,4.93476,81.0634][-0.88189,-0.267717,0.377953][0.872981,0.41818,0][-17.0696,5.0046,81.0704][-0.811024,-0.448819,0.377953][0.890025,0.437884,0][-17.0696,4.97988,81.034][-0.811024,-0.448819,0.377953][0.888545,0.436098,0][-17.0338,4.93476,81.0634][-0.88189,-0.267717,0.377953][0.872981,0.41818,0][-17.0254,4.88966,81.093][-0.850394,-0.188976,0.488189][0.856957,0.399733,0][-17.0061,4.91436,81.1294][-0.826772,-0.220472,0.511811][0.856271,0.399029,0][-17.0275,4.95948,81.1][-0.889764,-0.251969,0.377953][0.873411,0.418759,0][-17.0338,4.93476,81.0634][-0.88189,-0.267717,0.377953][0.872981,0.41818,0][-17.0061,4.91436,81.1294][-0.826772,-0.220472,0.511811][0.856271,0.399029,0][-16.9734,5.0046,81.0704][0.811024,-0.448819,0.377953][0.890025,0.437884,0][-17.0091,4.93476,81.0634][0.88189,-0.267717,0.377953][0.872981,0.41818,0][-16.9734,4.97988,81.034][0.811024,-0.448819,0.377953][0.888545,0.436098,0][-17.0091,4.93476,81.0634][0.88189,-0.267717,0.377953][0.872981,0.41818,0][-16.9734,5.0046,81.0704][0.811024,-0.448819,0.377953][0.890025,0.437884,0][-17.0155,4.95948,81.1][0.889764,-0.251969,0.377953][0.873411,0.418759,0][-17.0091,4.93476,81.0634][0.88189,-0.267717,0.377953][0.872981,0.41818,0][-17.0369,4.91436,81.1294][0.826772,-0.220472,0.511811][0.856271,0.399029,0][-17.0175,4.88966,81.093][0.850394,-0.188976,0.488189][0.856957,0.399733,0][-17.0155,4.95948,81.1][0.889764,-0.251969,0.377953][0.873411,0.418759,0][-17.0369,4.91436,81.1294][0.826772,-0.220472,0.511811][0.856271,0.399029,0][-17.0091,4.93476,81.0634][0.88189,-0.267717,0.377953][0.872981,0.41818,0][-17.3927,4.67278,81.2254][-0.724409,-0.685039,0.110236][0.746581,0.09824,0][-17.2986,4.58348,81.1102][-0.267717,-0.88189,-0.385827][0.771448,0.06284,0][-17.3022,4.60856,81.2536][-0.377953,-0.913386,0.149606][0.7718,0.07346,0][-17.2986,4.58348,81.1102][-0.267717,-0.88189,-0.385827][0.771448,0.06284,0][-17.3927,4.67278,81.2254][-0.724409,-0.685039,0.110236][0.746581,0.09824,0][-17.3914,4.64756,81.0822][-0.503937,-0.748031,-0.425197][0.746652,0.089795,0][-16.667,4.67278,81.2254][0.724409,-0.685039,0.110236][0.746581,0.09824,0][-16.7575,4.60856,81.2536][0.377953,-0.913386,0.149606][0.7718,0.07346,0][-16.7611,4.58348,81.1102][0.267717,-0.88189,-0.385827][0.771448,0.06284,0][-16.667,4.67278,81.2254][0.724409,-0.685039,0.110236][0.746581,0.09824,0][-16.7611,4.58348,81.1102][0.267717,-0.88189,-0.385827][0.771448,0.06284,0][-16.6683,4.64756,81.0822][0.503937,-0.748031,-0.425197][0.746652,0.089795,0][-16.9604,4.86926,81.1588][-0.606299,-0.551181,0.574803][0.83858,0.378665,0][-16.9071,4.81586,81.139][-0.425197,-0.771654,0.480315][0.823882,0.369933,0][-16.8969,4.8261,81.175][-0.393701,-0.80315,0.456693][0.820807,0.367074,0][-16.9071,4.81586,81.139][-0.425197,-0.771654,0.480315][0.823882,0.369933,0][-16.9604,4.86926,81.1588][-0.606299,-0.551181,0.574803][0.83858,0.378665,0][-16.9798,4.84454,81.1224][-0.645669,-0.488189,0.590551][0.840451,0.380732,0][-17.297,4.80842,81.1352][-0.944882,-0.338583,-0.015748][0.775529,0.368857,0][-17.299,4.81182,81.1832][-0.897638,-0.433071,0.023622][0.767393,0.358406,0][-17.3028,4.83712,81.1698][-0.944882,-0.338583,-0.015748][0.767257,0.366569,0][-17.299,4.81182,81.1832][-0.897638,-0.433071,0.023622][0.767393,0.358406,0][-17.297,4.80842,81.1352][-0.944882,-0.338583,-0.015748][0.775529,0.368857,0][-17.2847,4.78778,81.145][-0.874016,-0.488189,0.0472441][0.779177,0.362148,0][-17.1359,4.81586,81.139][0.425197,-0.771654,0.480315][0.823882,0.369933,0][-17.0826,4.86926,81.1588][0.606299,-0.551181,0.574803][0.83858,0.378665,0][-17.1461,4.8261,81.175][0.393701,-0.80315,0.456693][0.820807,0.367074,0][-17.0826,4.86926,81.1588][0.606299,-0.551181,0.574803][0.83858,0.378665,0][-17.1359,4.81586,81.139][0.425197,-0.771654,0.480315][0.823882,0.369933,0][-17.0632,4.84454,81.1224][0.645669,-0.488189,0.590551][0.840451,0.380732,0][-17.4857,5.12886,80.7918][0.212598,0.905512,-0.362205][0.774869,0.468236,0][-17.4113,5.08364,80.8046][0.677165,0.708661,-0.212598][0.803798,0.478477,0][-17.459,5.09132,80.746][0.291339,0.80315,-0.519685][0.781903,0.462253,0][-17.4113,5.08364,80.8046][0.677165,0.708661,-0.212598][0.803798,0.478477,0][-17.4857,5.12886,80.7918][0.212598,0.905512,-0.362205][0.774869,0.468236,0][-17.4339,5.12088,80.855][0.566929,0.826772,-0.0551181][0.800246,0.487629,0][-16.6131,5.08364,80.803][-0.677165,0.708661,-0.212598][0.803798,0.478477,0][-16.5387,5.12886,80.7896][-0.212598,0.905512,-0.362205][0.774869,0.468236,0][-16.5654,5.09132,80.7442][-0.291339,0.80315,-0.519685][0.781903,0.462253,0][-16.5387,5.12886,80.7896][-0.212598,0.905512,-0.362205][0.774869,0.468236,0][-16.6131,5.08364,80.803][-0.677165,0.708661,-0.212598][0.803798,0.478477,0][-16.5905,5.12088,80.8528][-0.566929,0.826772,-0.0551181][0.800246,0.487629,0][-17.8475,4.87382,80.7768][0,0.80315,-0.598425][0.633273,0.088016,0][-17.8489,4.89792,80.816][0.023622,0.889764,-0.464567][0.635272,0.089896,0][-17.7808,4.89534,80.8174][0.0708661,0.96063,-0.251969][0.638044,0.089946,0][-17.8489,4.89792,80.816][0.023622,0.889764,-0.464567][0.635272,0.089896,0][-17.8475,4.87382,80.7768][0,0.80315,-0.598425][0.633273,0.088016,0][-17.915,4.8753,80.7822][-0.0393701,0.622047,-0.779528][0.630208,0.087681,0][-16.1791,4.89792,80.8152][-0.023622,0.88189,-0.464567][0.635272,0.089896,0][-16.1805,4.87382,80.776][0,0.80315,-0.598425][0.633273,0.088016,0][-16.2473,4.89534,80.8166][-0.0708661,0.96063,-0.251969][0.638044,0.089946,0][-16.1805,4.87382,80.776][0,0.80315,-0.598425][0.633273,0.088016,0][-16.1791,4.89792,80.8152][-0.023622,0.88189,-0.464567][0.635272,0.089896,0][-16.113,4.8753,80.7814][0.0393701,0.622047,-0.779528][0.630208,0.087681,0][-16.746,4.80842,81.1352][0.944882,-0.338583,-0.015748][0.775529,0.368857,0][-16.7439,4.81182,81.1832][0.897638,-0.433071,0.023622][0.767393,0.358406,0][-16.7583,4.78778,81.145][0.874016,-0.488189,0.0472441][0.779177,0.362148,0][-16.7439,4.81182,81.1832][0.897638,-0.433071,0.023622][0.767393,0.358406,0][-16.746,4.80842,81.1352][0.944882,-0.338583,-0.015748][0.775529,0.368857,0][-16.7402,4.83712,81.1698][0.944882,-0.338583,-0.015748][0.767257,0.366569,0][-17.8817,5.76524,79.8448][0.377953,0.787402,0.488189][0.321398,0.735799,0][-17.6504,5.52374,79.7576][0.748031,0.661417,-0.0314961][0.33961,0.859412,0][-17.8701,5.74956,79.7206][0.503937,0.858268,-0.0944882][0.30022,0.745878,0][-17.6504,5.52374,79.7576][0.748031,0.661417,-0.0314961][0.33961,0.859412,0][-17.8817,5.76524,79.8448][0.377953,0.787402,0.488189][0.321398,0.735799,0][-17.7071,5.48492,79.9678][0.440945,0.543307,0.716535][0.41734,0.816849,0][-15.3276,4.99254,80.0522][0.133858,0.204724,0.968504][0.306297,0.601269,0][-15.529,4.81438,80.1166][0.141732,0.19685,0.968504][0.4053,0.502887,0][-15.4871,4.74202,80.1242][0.141732,0.19685,0.968504][0.389707,0.474459,0][-15.529,4.81438,80.1166][0.141732,0.19685,0.968504][0.4053,0.502887,0][-15.3276,4.99254,80.0522][0.133858,0.204724,0.968504][0.306297,0.601269,0][-15.4147,5.00392,80.0618][0.141732,0.19685,0.968504][0.324326,0.599293,0][-15.4147,5.00392,80.0618][0.141732,0.19685,0.968504][0.324326,0.599293,0][-15.3276,4.99254,80.0522][0.133858,0.204724,0.968504][0.306297,0.601269,0][-15.4014,5.03064,80.0508][0.133858,0.212598,0.968504][0.316429,0.611907,0][-18.4882,4.81438,80.1166][-0.141732,0.19685,0.968504][0.4053,0.502887,0][-18.6896,4.99254,80.0522][-0.133858,0.204724,0.968504][0.306297,0.601269,0][-18.5301,4.74202,80.1242][-0.141732,0.19685,0.968504][0.389707,0.474459,0][-18.6896,4.99254,80.0522][-0.133858,0.204724,0.968504][0.306297,0.601269,0][-18.4882,4.81438,80.1166][-0.141732,0.19685,0.968504][0.4053,0.502887,0][-18.6025,5.00392,80.0618][-0.141732,0.19685,0.968504][0.324326,0.599293,0][-18.6896,4.99254,80.0522][-0.133858,0.204724,0.968504][0.306297,0.601269,0][-18.6025,5.00392,80.0618][-0.141732,0.19685,0.968504][0.324326,0.599293,0][-18.6158,5.03064,80.0508][-0.133858,0.212598,0.968504][0.316429,0.611907,0][-16.1355,5.76524,79.8448][-0.377953,0.787402,0.488189][0.321398,0.735799,0][-16.3668,5.52374,79.7576][-0.748031,0.661417,-0.0314961][0.33961,0.859412,0][-16.3101,5.48492,79.9678][-0.440945,0.543307,0.716535][0.41734,0.816849,0][-16.3668,5.52374,79.7576][-0.748031,0.661417,-0.0314961][0.33961,0.859412,0][-16.1355,5.76524,79.8448][-0.377953,0.787402,0.488189][0.321398,0.735799,0][-16.1471,5.74956,79.7206][-0.503937,0.858268,-0.0944882][0.30022,0.745878,0][-16.6016,4.95184,81.0356][-0.755906,-0.165354,0.637795][0.896302,0.45428,0][-16.495,4.8833,81.067][0.0944882,-0.385827,0.92126][0.912036,0.391621,0][-16.5678,4.9714,81.0716][-0.322835,0.133858,0.937008][0.89994,0.44915,0][-17.2847,4.78778,81.145][-0.874016,-0.488189,0.0472441][0.779177,0.362148,0][-17.2782,4.78484,81.183][-0.80315,-0.590551,0.0866142][0.775836,0.353957,0][-17.299,4.81182,81.1832][-0.897638,-0.433071,0.023622][0.767393,0.358406,0][-17.2782,4.78484,81.183][-0.80315,-0.590551,0.0866142][0.775836,0.353957,0][-17.2847,4.78778,81.145][-0.874016,-0.488189,0.0472441][0.779177,0.362148,0][-17.2724,4.77128,81.1536][-0.80315,-0.590551,0.0866142][0.783011,0.355678,0][-17.4565,4.9714,81.0726][0.338583,0.125984,0.937008][0.89994,0.44915,0][-17.5293,4.8833,81.0688][-0.0866142,-0.385827,0.92126][0.912036,0.391621,0][-17.4227,4.95184,81.0362][0.755906,-0.165354,0.629921][0.896302,0.45428,0][-15.4378,5.41274,79.979][0.102362,0.314961,0.944882][0.30042,0.658126,0][-15.3023,5.33278,79.9648][0.818898,0.212598,0.535433][0.291384,0.651936,0][-15.3749,5.46486,79.9478][0.606299,0.535433,0.590551][0.292169,0.659591,0][-15.3023,5.33278,79.9648][0.818898,0.212598,0.535433][0.291384,0.651936,0][-15.4378,5.41274,79.979][0.102362,0.314961,0.944882][0.30042,0.658126,0][-15.4061,5.27396,79.9742][0.11811,0.212598,0.968504][0.300163,0.650837,0][-15.4069,5.17696,80.0236][0.11811,0.212598,0.968504][0.309272,0.625868,0][-15.3023,5.33278,79.9648][0.818898,0.212598,0.535433][0.291384,0.651936,0][-15.4061,5.27396,79.9742][0.11811,0.212598,0.968504][0.300163,0.650837,0][-15.3276,4.99254,80.0522][0.133858,0.204724,0.968504][0.306297,0.601269,0][-15.3023,5.33278,79.9648][0.818898,0.212598,0.535433][0.291384,0.651936,0][-15.4069,5.17696,80.0236][0.11811,0.212598,0.968504][0.309272,0.625868,0][-15.3276,4.99254,80.0522][0.133858,0.204724,0.968504][0.306297,0.601269,0][-15.4069,5.17696,80.0236][0.11811,0.212598,0.968504][0.309272,0.625868,0][-15.4014,5.03064,80.0508][0.133858,0.212598,0.968504][0.316429,0.611907,0][-16.7583,4.78778,81.145][0.874016,-0.488189,0.0472441][0.779177,0.362148,0][-16.7647,4.78484,81.183][0.80315,-0.590551,0.0866142][0.775836,0.353957,0][-16.7706,4.77128,81.1536][0.80315,-0.590551,0.0866142][0.783011,0.355678,0][-16.7647,4.78484,81.183][0.80315,-0.590551,0.0866142][0.775836,0.353957,0][-16.7583,4.78778,81.145][0.874016,-0.488189,0.0472441][0.779177,0.362148,0][-16.7439,4.81182,81.1832][0.897638,-0.433071,0.023622][0.767393,0.358406,0][-18.5794,5.41274,79.979][-0.102362,0.314961,0.944882][0.30042,0.658126,0][-18.7149,5.33278,79.9648][-0.818898,0.212598,0.535433][0.291384,0.651936,0][-18.6111,5.27396,79.9742][-0.11811,0.212598,0.968504][0.300163,0.650837,0][-18.7149,5.33278,79.9648][-0.818898,0.212598,0.535433][0.291384,0.651936,0][-18.5794,5.41274,79.979][-0.102362,0.314961,0.944882][0.30042,0.658126,0][-18.6423,5.46486,79.9478][-0.606299,0.535433,0.590551][0.292169,0.659591,0][-18.7149,5.33278,79.9648][-0.818898,0.212598,0.535433][0.291384,0.651936,0][-18.6103,5.17696,80.0236][-0.11811,0.212598,0.968504][0.309272,0.625868,0][-18.6111,5.27396,79.9742][-0.11811,0.212598,0.968504][0.300163,0.650837,0][-18.6103,5.17696,80.0236][-0.11811,0.212598,0.968504][0.309272,0.625868,0][-18.7149,5.33278,79.9648][-0.818898,0.212598,0.535433][0.291384,0.651936,0][-18.6896,4.99254,80.0522][-0.133858,0.204724,0.968504][0.306297,0.601269,0][-18.6103,5.17696,80.0236][-0.11811,0.212598,0.968504][0.309272,0.625868,0][-18.6896,4.99254,80.0522][-0.133858,0.204724,0.968504][0.306297,0.601269,0][-18.6158,5.03064,80.0508][-0.133858,0.212598,0.968504][0.316429,0.611907,0][-17.0444,5.01288,81.065][-0.362205,0.771654,-0.519685][0.880931,0.441525,0][-17.0696,4.97988,81.034][-0.362205,0.771654,-0.519685][0.888545,0.436098,0][-17.0696,5.0046,81.0704][-0.362205,0.771654,-0.519685][0.890025,0.437884,0][-17.0696,4.97988,81.034][-0.362205,0.771654,-0.519685][0.888545,0.436098,0][-17.0444,5.01288,81.065][-0.362205,0.771654,-0.519685][0.880931,0.441525,0][-17.0444,4.98818,81.0286][-0.362205,0.771654,-0.519685][0.880033,0.439516,0][-17.0192,5.02118,81.0596][0.275591,0.779528,-0.566929][0.871918,0.445134,0][-17.0444,4.98818,81.0286][-0.362205,0.771654,-0.519685][0.880033,0.439516,0][-17.0444,5.01288,81.065][-0.362205,0.771654,-0.519685][0.880931,0.441525,0][-17.0444,4.98818,81.0286][-0.362205,0.771654,-0.519685][0.880033,0.439516,0][-17.0192,5.02118,81.0596][0.275591,0.779528,-0.566929][0.871918,0.445134,0][-17.0192,4.99646,81.0232][0.275591,0.779528,-0.566929][0.871592,0.442906,0][-16.9986,5.01288,81.065][0.362205,0.771654,-0.519685][0.880931,0.441525,0][-16.9734,4.97988,81.034][0.362205,0.771654,-0.519685][0.888545,0.436098,0][-16.9986,4.98818,81.0286][0.362205,0.771654,-0.519685][0.880033,0.439516,0][-16.9734,4.97988,81.034][0.362205,0.771654,-0.519685][0.888545,0.436098,0][-16.9986,5.01288,81.065][0.362205,0.771654,-0.519685][0.880931,0.441525,0][-16.9734,5.0046,81.0704][0.362205,0.771654,-0.519685][0.890025,0.437884,0][-17.0238,5.02118,81.0596][-0.275591,0.779528,-0.566929][0.871918,0.445134,0][-16.9986,4.98818,81.0286][0.362205,0.771654,-0.519685][0.880033,0.439516,0][-17.0238,4.99646,81.0232][-0.275591,0.779528,-0.566929][0.871592,0.442906,0][-16.9986,4.98818,81.0286][0.362205,0.771654,-0.519685][0.880033,0.439516,0][-17.0238,5.02118,81.0596][-0.275591,0.779528,-0.566929][0.871918,0.445134,0][-16.9986,5.01288,81.065][0.362205,0.771654,-0.519685][0.880931,0.441525,0][-17.3022,4.60856,81.2536][-0.377953,-0.913386,0.149606][0.7718,0.07346,0][-17.1795,4.56462,81.1254][-0.0708661,-0.913386,-0.393701][0.807023,0.051118,0][-17.183,4.5898,81.2688][-0.102362,-0.976378,0.173228][0.805912,0.060478,0][-17.1795,4.56462,81.1254][-0.0708661,-0.913386,-0.393701][0.807023,0.051118,0][-17.3022,4.60856,81.2536][-0.377953,-0.913386,0.149606][0.7718,0.07346,0][-17.2986,4.58348,81.1102][-0.267717,-0.88189,-0.385827][0.771448,0.06284,0][-16.7575,4.60856,81.2536][0.377953,-0.913386,0.149606][0.7718,0.07346,0][-16.8767,4.5898,81.2688][0.102362,-0.976378,0.173228][0.805912,0.060478,0][-16.8802,4.56462,81.1254][0.0708661,-0.913386,-0.393701][0.807023,0.051118,0][-16.7575,4.60856,81.2536][0.377953,-0.913386,0.149606][0.7718,0.07346,0][-16.8802,4.56462,81.1254][0.0708661,-0.913386,-0.393701][0.807023,0.051118,0][-16.7611,4.58348,81.1102][0.267717,-0.88189,-0.385827][0.771448,0.06284,0][-16.8969,4.8261,81.175][-0.393701,-0.80315,0.456693][0.820807,0.367074,0][-16.7706,4.77128,81.1536][-0.307087,-0.866142,0.393701][0.783011,0.355678,0][-16.7647,4.78484,81.183][-0.307087,-0.866142,0.393701][0.775836,0.353957,0][-17.4339,5.12088,80.855][0.566929,0.826772,-0.0551181][0.800246,0.487629,0][-17.3714,5.0341,80.864][0.897638,0.433071,0.0708661][0.834337,0.479543,0][-17.4113,5.08364,80.8046][0.677165,0.708661,-0.212598][0.803798,0.478477,0][-17.3714,5.0341,80.864][0.897638,0.433071,0.0708661][0.834337,0.479543,0][-17.4339,5.12088,80.855][0.566929,0.826772,-0.0551181][0.800246,0.487629,0][-17.3917,5.06736,80.9222][0.818898,0.519685,0.228346][0.836167,0.488533,0][-17.2724,4.77128,81.1536][0.307087,-0.866142,0.393701][0.783011,0.355678,0][-17.1461,4.8261,81.175][0.393701,-0.80315,0.456693][0.820807,0.367074,0][-17.2782,4.78484,81.183][0.307087,-0.866142,0.393701][0.775836,0.353957,0][-17.183,4.5898,81.2688][-0.102362,-0.976378,0.173228][0.805912,0.060478,0][-17.0299,4.55926,81.1306][0,-0.92126,-0.401575][0.856827,0.051208,0][-17.0299,4.58456,81.274][0,-0.984252,0.173228][0.857102,0.060846,0][-17.0299,4.55926,81.1306][0,-0.92126,-0.401575][0.856827,0.051208,0][-17.183,4.5898,81.2688][-0.102362,-0.976378,0.173228][0.805912,0.060478,0][-17.1795,4.56462,81.1254][-0.0708661,-0.913386,-0.393701][0.807023,0.051118,0][-16.8767,4.5898,81.2688][0.102362,-0.976378,0.173228][0.805912,0.060478,0][-17.0299,4.55926,81.1306][0,-0.92126,-0.401575][0.856827,0.051208,0][-16.8802,4.56462,81.1254][0.0708661,-0.913386,-0.393701][0.807023,0.051118,0][-17.0299,4.55926,81.1306][0,-0.92126,-0.401575][0.856827,0.051208,0][-16.8767,4.5898,81.2688][0.102362,-0.976378,0.173228][0.805912,0.060478,0][-17.0299,4.58456,81.274][0,-0.984252,0.173228][0.857102,0.060846,0][-16.6529,5.0341,80.8632][-0.897638,0.433071,0.0708661][0.834337,0.479543,0][-16.5905,5.12088,80.8528][-0.566929,0.826772,-0.0551181][0.800246,0.487629,0][-16.6131,5.08364,80.803][-0.677165,0.708661,-0.212598][0.803798,0.478477,0][-16.5905,5.12088,80.8528][-0.566929,0.826772,-0.0551181][0.800246,0.487629,0][-16.6529,5.0341,80.8632][-0.897638,0.433071,0.0708661][0.834337,0.479543,0][-16.6326,5.06736,80.9212][-0.818898,0.527559,0.23622][0.836167,0.488533,0][-17.0631,5.10782,80.9762][-0.125984,0.858268,-0.496063][0.837965,0.434618,0][-16.9719,5.07122,80.9492][0.322835,0.669291,-0.669291][0.873352,0.425049,0][-17.0615,5.07476,80.9434][0.0787402,0.716535,-0.692913][0.840211,0.426819,0][-16.9719,5.07122,80.9492][0.322835,0.669291,-0.669291][0.873352,0.425049,0][-17.0631,5.10782,80.9762][-0.125984,0.858268,-0.496063][0.837965,0.434618,0][-16.9678,5.1017,80.9824][0.346457,0.787402,-0.503937][0.875486,0.431783,0][-16.9678,5.1017,80.9824][0.346457,0.787402,-0.503937][0.875486,0.431783,0][-16.9301,5.08352,81.002][0.771654,0.559055,-0.291339][0.890785,0.422563,0][-16.9719,5.07122,80.9492][0.322835,0.669291,-0.669291][0.873352,0.425049,0][-16.9719,5.07122,80.9492][0.322835,0.669291,-0.669291][0.873352,0.425049,0][-16.9301,5.08352,81.002][0.771654,0.559055,-0.291339][0.890785,0.422563,0][-16.9372,5.05446,80.9672][0.755906,0.417323,-0.503937][0.886526,0.416982,0][-17.0238,5.02118,81.0596][-0.275591,0.779528,-0.566929][0.871918,0.445134,0][-17.0238,4.99646,81.0232][-0.275591,0.779528,-0.566929][0.871592,0.442906,0][-17.0611,4.95136,81.0526][-0.80315,0.425197,-0.417323][0.855915,0.425239,0][-17.0238,5.02118,81.0596][-0.275591,0.779528,-0.566929][0.871918,0.445134,0][-17.0611,4.95136,81.0526][-0.80315,0.425197,-0.417323][0.855915,0.425239,0][-17.0667,4.97608,81.089][-0.80315,0.417323,-0.417323][0.855175,0.426294,0][-17.0192,5.02118,81.0596][0.275591,0.779528,-0.566929][0.871918,0.445134,0][-16.9818,4.95136,81.0526][0.80315,0.425197,-0.417323][0.855915,0.425239,0][-17.0192,4.99646,81.0232][0.275591,0.779528,-0.566929][0.871592,0.442906,0][-16.9818,4.95136,81.0526][0.80315,0.425197,-0.417323][0.855915,0.425239,0][-17.0192,5.02118,81.0596][0.275591,0.779528,-0.566929][0.871918,0.445134,0][-16.9762,4.97608,81.089][0.80315,0.417323,-0.417323][0.855175,0.426294,0][-16.1234,4.8361,80.7664][0.11811,0.244094,-0.96063][0.63024,0.08428,0][-16.0642,4.84116,80.7722][0.165354,0.409449,-0.897638][0.626912,0.08363,0][-16.1049,4.81838,80.7498][0.23622,0.283465,-0.929134][0.62837,0.082454,0][-16.0437,4.81922,80.7744][0.283465,-0.0551181,-0.96063][0.625654,0.080751,0][-16.1049,4.81838,80.7498][0.23622,0.283465,-0.929134][0.62837,0.082454,0][-16.0642,4.84116,80.7722][0.165354,0.409449,-0.897638][0.626912,0.08363,0][-18.4698,3.63344,81.0432][0.488189,-0.299213,0.818898][0.065592,0.344566,0][-18.3955,3.05898,80.8728][0.551181,-0.125984,0.826772][0.199582,0.317177,0][-18.3153,3.59078,80.944][0.488189,-0.299213,0.818898][0.099954,0.386264,0][-18.3955,3.05898,80.8728][0.551181,-0.125984,0.826772][0.199582,0.317177,0][-18.4698,3.63344,81.0432][0.488189,-0.299213,0.818898][0.065592,0.344566,0][-18.5507,3.04384,80.9784][0.551181,-0.125984,0.826772][0.182365,0.264857,0][-17.9231,4.81838,80.7506][-0.23622,0.283465,-0.929134][0.62837,0.082454,0][-17.9844,4.81922,80.775][-0.275591,-0.0472441,-0.96063][0.625654,0.080751,0][-17.9638,4.84116,80.7728][-0.165354,0.409449,-0.897638][0.626912,0.08363,0][-17.9231,4.81838,80.7506][-0.23622,0.283465,-0.929134][0.62837,0.082454,0][-17.9638,4.84116,80.7728][-0.165354,0.409449,-0.897638][0.626912,0.08363,0][-17.9047,4.8361,80.7672][-0.11811,0.244094,-0.96063][0.63024,0.08428,0][-15.6217,3.05898,80.8728][-0.551181,-0.125984,0.826772][0.508489,0.874107,0][-15.5474,3.63344,81.0432][-0.488189,-0.299213,0.818898][0.416707,0.971229,0][-15.7019,3.59078,80.944][-0.488189,-0.299213,0.818898][0.400075,0.922311,0][-15.5474,3.63344,81.0432][-0.488189,-0.299213,0.818898][0.416707,0.971229,0][-15.6217,3.05898,80.8728][-0.551181,-0.125984,0.826772][0.508489,0.874107,0][-15.4665,3.04384,80.9784][-0.551181,-0.125984,0.826772][0.542271,0.914255,0][-16.9301,5.08352,81.002][0.771654,0.559055,-0.291339][0.890785,0.422563,0][-16.9101,5.0379,81.0192][0.992126,0.110236,-0.0708661][0.898745,0.40345,0][-16.9372,5.05446,80.9672][0.755906,0.417323,-0.503937][0.886526,0.416982,0][-16.9372,5.05446,80.9672][0.755906,0.417323,-0.503937][0.886526,0.416982,0][-16.9101,5.0379,81.0192][0.992126,0.110236,-0.0708661][0.898745,0.40345,0][-16.9189,5.0133,80.9832][0.968504,-0.00787402,-0.244094][0.893411,0.40075,0][-17.7358,4.66076,80.9878][0.0393701,-0.574803,0.818898][0.654872,0.067416,0][-17.8048,4.67104,80.998][-0.023622,-0.913386,0.401575][0.653137,0.065939,0][-17.795,4.65808,80.9406][-0.0551181,-0.984252,0.173228][0.648632,0.066742,0][-17.8621,4.6649,80.9796][-0.0629921,-0.992126,0.133858][0.648667,0.064186,0][-17.795,4.65808,80.9406][-0.0551181,-0.984252,0.173228][0.648632,0.066742,0][-17.8048,4.67104,80.998][-0.023622,-0.913386,0.401575][0.653137,0.065939,0][-16.2922,4.66076,80.9864][-0.0472441,-0.574803,0.818898][0.654872,0.067416,0][-16.2331,4.65808,80.9398][0.0551181,-0.984252,0.173228][0.648632,0.066742,0][-16.2233,4.67104,80.997][0.023622,-0.913386,0.401575][0.653137,0.065939,0][-16.2331,4.65808,80.9398][0.0551181,-0.984252,0.173228][0.648632,0.066742,0][-16.166,4.6649,80.9788][0.0629921,-0.992126,0.133858][0.648667,0.064186,0][-16.2233,4.67104,80.997][0.023622,-0.913386,0.401575][0.653137,0.065939,0][-17.978,4.66772,80.9078][-0.141732,-0.992126,0.0393701][0.635999,0.062133,0][-17.9625,4.66456,80.8516][-0.23622,-0.944882,-0.220472][0.632908,0.064023,0][-17.9182,4.65936,80.8852][-0.102362,-0.992126,0.0708661][0.638141,0.064523,0][-17.9625,4.66456,80.8516][-0.23622,-0.944882,-0.220472][0.632908,0.064023,0][-17.978,4.66772,80.9078][-0.141732,-0.992126,0.0393701][0.635999,0.062133,0][-18.0131,4.67608,80.8706][-0.251969,-0.913386,-0.307087][0.630716,0.062383,0][-16.0656,4.66456,80.8508][0.23622,-0.944882,-0.228346][0.632908,0.064023,0][-16.0501,4.66772,80.907][0.141732,-0.992126,0.0393701][0.635999,0.062133,0][-16.1099,4.65936,80.8844][0.102362,-0.992126,0.0708661][0.638141,0.064523,0][-16.0501,4.66772,80.907][0.141732,-0.992126,0.0393701][0.635999,0.062133,0][-16.0656,4.66456,80.8508][0.23622,-0.944882,-0.228346][0.632908,0.064023,0][-16.0149,4.67608,80.87][0.251969,-0.913386,-0.307087][0.630716,0.062383,0][-17.8817,5.76524,79.8448][0.377953,0.787402,0.488189][0.321398,0.735799,0][-18.159,5.66474,79.9716][-0.023622,0.425197,0.905512][0.332659,0.680986,0][-18.032,5.5898,79.9498][0.102362,0.338583,0.937008][0.360925,0.692406,0][-18.032,5.5898,79.9498][0.102362,0.338583,0.937008][0.360925,0.692406,0][-17.7071,5.48492,79.9678][0.440945,0.543307,0.716535][0.41734,0.816849,0][-17.8817,5.76524,79.8448][0.377953,0.787402,0.488189][0.321398,0.735799,0][-17.9897,5.30936,80.0204][0.102362,0.338583,0.937008][0.444899,0.697088,0][-17.7071,5.48492,79.9678][0.440945,0.543307,0.716535][0.41734,0.816849,0][-18.032,5.5898,79.9498][0.102362,0.338583,0.937008][0.360925,0.692406,0][-16.3101,5.48492,79.9678][-0.440945,0.543307,0.716535][0.41734,0.816849,0][-15.9852,5.5898,79.9498][-0.102362,0.338583,0.937008][0.360925,0.692406,0][-16.1355,5.76524,79.8448][-0.377953,0.787402,0.488189][0.321398,0.735799,0][-15.9852,5.5898,79.9498][-0.102362,0.338583,0.937008][0.360925,0.692406,0][-16.3101,5.48492,79.9678][-0.440945,0.543307,0.716535][0.41734,0.816849,0][-16.0275,5.30936,80.0204][-0.102362,0.338583,0.937008][0.444899,0.697088,0][-15.8582,5.66474,79.9716][0.023622,0.425197,0.905512][0.332659,0.680986,0][-16.1355,5.76524,79.8448][-0.377953,0.787402,0.488189][0.321398,0.735799,0][-15.9852,5.5898,79.9498][-0.102362,0.338583,0.937008][0.360925,0.692406,0][-18.0302,5.5835,79.9376][-0.0472441,0.188976,0.984252][0.975779,0.659449,0][-18.2381,5.66982,79.9614][-0.0472441,0.188976,0.984252][0.952521,0.692819,0][-17.9925,5.3109,80.0084][-0.0472441,0.188976,0.984252][0.961255,0.608588,0][-18.2381,5.66982,79.9614][-0.0472441,0.188976,0.984252][0.952521,0.692819,0][-18.0302,5.5835,79.9376][-0.0472441,0.188976,0.984252][0.975779,0.659449,0][-18.1544,5.66656,79.9594][-0.0472441,0.188976,0.984252][0.96572,0.684232,0][-18.2381,5.66982,79.9614][-0.0472441,0.188976,0.984252][0.952521,0.692819,0][-18.1827,5.16434,80.0478][-0.0472441,0.188976,0.984252][0.917433,0.597479,0][-17.9925,5.3109,80.0084][-0.0472441,0.188976,0.984252][0.961255,0.608588,0][-18.5133,5.53048,79.9596][-0.0472441,0.188976,0.984252][0.891783,0.695605,0][-18.1827,5.16434,80.0478][-0.0472441,0.188976,0.984252][0.917433,0.597479,0][-18.2381,5.66982,79.9614][-0.0472441,0.188976,0.984252][0.952521,0.692819,0][-18.1827,5.16434,80.0478][-0.0472441,0.188976,0.984252][0.917433,0.597479,0][-18.5133,5.53048,79.9596][-0.0472441,0.188976,0.984252][0.891783,0.695605,0][-18.5829,5.4084,79.9672][-0.0472441,0.188976,0.984252][0.867589,0.680768,0][-18.6166,5.30282,79.9622][-0.0472441,0.188976,0.984252][0.851372,0.665398,0][-18.1827,5.16434,80.0478][-0.0472441,0.188976,0.984252][0.917433,0.597479,0][-18.5829,5.4084,79.9672][-0.0472441,0.188976,0.984252][0.867589,0.680768,0][-18.1827,5.16434,80.0478][-0.0472441,0.188976,0.984252][0.917433,0.597479,0][-18.6166,5.30282,79.9622][-0.0472441,0.188976,0.984252][0.851372,0.665398,0][-18.6098,5.17556,80.0118][-0.0472441,0.188976,0.984252][0.83982,0.640427,0][-18.6042,5.00006,80.0498][-0.0472441,0.188976,0.984252][0.822943,0.605938,0][-18.1827,5.16434,80.0478][-0.0472441,0.188976,0.984252][0.917433,0.597479,0][-18.6098,5.17556,80.0118][-0.0472441,0.188976,0.984252][0.83982,0.640427,0][-18.1827,5.16434,80.0478][-0.0472441,0.188976,0.984252][0.917433,0.597479,0][-18.6042,5.00006,80.0498][-0.0472441,0.188976,0.984252][0.822943,0.605938,0][-18.498,4.81202,80.1048][-0.0472441,0.188976,0.984252][0.823952,0.557214,0][-18.6042,5.00006,80.0498][-0.0472441,0.188976,0.984252][0.822943,0.605938,0][-18.6098,5.17556,80.0118][-0.0472441,0.188976,0.984252][0.83982,0.640427,0][-18.6154,5.02798,80.0388][-0.0472441,0.188976,0.984252][0.823795,0.612795,0][-15.987,5.5835,79.9376][0.0472441,0.188976,0.984252][0.975779,0.659449,0][-15.7791,5.66982,79.9614][0.0472441,0.188976,0.984252][0.952521,0.692819,0][-15.8629,5.66656,79.9594][0.0472441,0.188976,0.984252][0.96572,0.684232,0][-15.7791,5.66982,79.9614][0.0472441,0.188976,0.984252][0.952521,0.692819,0][-15.987,5.5835,79.9376][0.0472441,0.188976,0.984252][0.975779,0.659449,0][-16.0247,5.3109,80.0084][0.0472441,0.188976,0.984252][0.961255,0.608588,0][-15.8345,5.16434,80.0478][0.0472441,0.188976,0.984252][0.917433,0.597479,0][-15.7791,5.66982,79.9614][0.0472441,0.188976,0.984252][0.952521,0.692819,0][-16.0247,5.3109,80.0084][0.0472441,0.188976,0.984252][0.961255,0.608588,0][-15.7791,5.66982,79.9614][0.0472441,0.188976,0.984252][0.952521,0.692819,0][-15.8345,5.16434,80.0478][0.0472441,0.188976,0.984252][0.917433,0.597479,0][-15.5039,5.53048,79.9596][0.0472441,0.188976,0.984252][0.891783,0.695605,0][-15.5039,5.53048,79.9596][0.0472441,0.188976,0.984252][0.891783,0.695605,0][-15.8345,5.16434,80.0478][0.0472441,0.188976,0.984252][0.917433,0.597479,0][-15.4344,5.4084,79.9672][0.0472441,0.188976,0.984252][0.867589,0.680768,0][-15.8345,5.16434,80.0478][0.0472441,0.188976,0.984252][0.917433,0.597479,0][-15.4006,5.30282,79.9622][0.0472441,0.188976,0.984252][0.851372,0.665398,0][-15.4344,5.4084,79.9672][0.0472441,0.188976,0.984252][0.867589,0.680768,0][-15.4006,5.30282,79.9622][0.0472441,0.188976,0.984252][0.851372,0.665398,0][-15.8345,5.16434,80.0478][0.0472441,0.188976,0.984252][0.917433,0.597479,0][-15.4074,5.17556,80.0118][0.0472441,0.188976,0.984252][0.83982,0.640427,0][-15.8345,5.16434,80.0478][0.0472441,0.188976,0.984252][0.917433,0.597479,0][-15.413,5.00006,80.0498][0.0472441,0.188976,0.984252][0.822943,0.605938,0][-15.4074,5.17556,80.0118][0.0472441,0.188976,0.984252][0.83982,0.640427,0][-15.413,5.00006,80.0498][0.0472441,0.188976,0.984252][0.822943,0.605938,0][-15.8345,5.16434,80.0478][0.0472441,0.188976,0.984252][0.917433,0.597479,0][-15.5192,4.81202,80.1048][0.0472441,0.188976,0.984252][0.823952,0.557214,0][-15.4074,5.17556,80.0118][0.0472441,0.188976,0.984252][0.83982,0.640427,0][-15.413,5.00006,80.0498][0.0472441,0.188976,0.984252][0.822943,0.605938,0][-15.4018,5.02798,80.0388][0.0472441,0.188976,0.984252][0.823795,0.612795,0][-17.3917,5.06736,80.9222][0.818898,0.519685,0.228346][0.836167,0.488533,0][-17.3685,4.97592,80.9142][0.944882,0.11811,0.307087][0.859646,0.464813,0][-17.3714,5.0341,80.864][0.897638,0.433071,0.0708661][0.834337,0.479543,0][-17.3685,4.97592,80.9142][0.944882,0.11811,0.307087][0.859646,0.464813,0][-17.3917,5.06736,80.9222][0.818898,0.519685,0.228346][0.836167,0.488533,0][-17.394,5.0096,80.9794][0.874016,0.220472,0.440945][0.866234,0.471406,0][-16.6558,4.97592,80.9142][-0.944882,0.11811,0.307087][0.859646,0.464813,0][-16.6326,5.06736,80.9212][-0.818898,0.527559,0.23622][0.836167,0.488533,0][-16.6529,5.0341,80.8632][-0.897638,0.433071,0.0708661][0.834337,0.479543,0][-16.6326,5.06736,80.9212][-0.818898,0.527559,0.23622][0.836167,0.488533,0][-16.6558,4.97592,80.9142][-0.944882,0.11811,0.307087][0.859646,0.464813,0][-16.6304,5.0096,80.979][-0.866142,0.220472,0.440945][0.866234,0.471406,0][-16.7706,4.77128,81.1536][-0.307087,-0.866142,0.393701][0.783011,0.355678,0][-16.8969,4.8261,81.175][-0.393701,-0.80315,0.456693][0.820807,0.367074,0][-16.9071,4.81586,81.139][-0.425197,-0.771654,0.480315][0.823882,0.369933,0][-17.1461,4.8261,81.175][0.393701,-0.80315,0.456693][0.820807,0.367074,0][-17.2724,4.77128,81.1536][0.307087,-0.866142,0.393701][0.783011,0.355678,0][-17.1359,4.81586,81.139][0.425197,-0.771654,0.480315][0.823882,0.369933,0][-16.3983,4.80664,80.9266][0.346457,-0.834646,0.425197][0.879197,0.338989,0][-16.5581,4.8116,80.9542][-0.307087,-0.826772,0.472441][0.899285,0.398376,0][-16.435,4.78202,80.867][0.0314961,-0.929134,0.362205][0.871733,0.350675,0][-16.5581,4.8116,80.9542][-0.307087,-0.826772,0.472441][0.899285,0.398376,0][-16.3983,4.80664,80.9266][0.346457,-0.834646,0.425197][0.879197,0.338989,0][-16.5303,4.84034,81.0244][-0.259843,-0.732283,0.629921][0.911552,0.39475,0][-17.5894,4.78202,80.8684][-0.0314961,-0.929134,0.362205][0.871733,0.350675,0][-17.4662,4.8116,80.9548][0.314961,-0.826772,0.472441][0.899285,0.398376,0][-17.626,4.80664,80.9286][-0.346457,-0.834646,0.425197][0.879197,0.338989,0][-17.4662,4.8116,80.9548][0.314961,-0.826772,0.472441][0.899285,0.398376,0][-17.494,4.84034,81.0256][0.267717,-0.732283,0.629921][0.911552,0.39475,0][-17.626,4.80664,80.9286][-0.346457,-0.834646,0.425197][0.879197,0.338989,0][-17.8621,4.6649,80.9796][-0.0629921,-0.992126,0.133858][0.648667,0.064186,0][-17.978,4.66772,80.9078][-0.141732,-0.992126,0.0393701][0.635999,0.062133,0][-17.9182,4.65936,80.8852][-0.102362,-0.992126,0.0708661][0.638141,0.064523,0][-17.9182,4.65936,80.8852][-0.102362,-0.992126,0.0708661][0.638141,0.064523,0][-17.795,4.65808,80.9406][-0.0551181,-0.984252,0.173228][0.648632,0.066742,0][-17.8621,4.6649,80.9796][-0.0629921,-0.992126,0.133858][0.648667,0.064186,0][-17.394,5.0096,80.9794][0.874016,0.220472,0.440945][0.866234,0.471406,0][-17.3907,4.91774,80.9644][0.84252,-0.267717,0.472441][0.884955,0.450084,0][-17.3685,4.97592,80.9142][0.944882,0.11811,0.307087][0.859646,0.464813,0][-17.3907,4.91774,80.9644][0.84252,-0.267717,0.472441][0.884955,0.450084,0][-17.394,5.0096,80.9794][0.874016,0.220472,0.440945][0.866234,0.471406,0][-17.4227,4.95184,81.0362][0.755906,-0.165354,0.629921][0.896302,0.45428,0][-16.6336,4.91774,80.9646][-0.834646,-0.267717,0.472441][0.884955,0.450084,0][-16.6304,5.0096,80.979][-0.866142,0.220472,0.440945][0.866234,0.471406,0][-16.6558,4.97592,80.9142][-0.944882,0.11811,0.307087][0.859646,0.464813,0][-16.6304,5.0096,80.979][-0.866142,0.220472,0.440945][0.866234,0.471406,0][-16.6336,4.91774,80.9646][-0.834646,-0.267717,0.472441][0.884955,0.450084,0][-16.6016,4.95184,81.0356][-0.755906,-0.165354,0.637795][0.896302,0.45428,0][-16.0501,4.66772,80.907][0.141732,-0.992126,0.0393701][0.635999,0.062133,0][-16.166,4.6649,80.9788][0.0629921,-0.992126,0.133858][0.648667,0.064186,0][-16.1099,4.65936,80.8844][0.102362,-0.992126,0.0708661][0.638141,0.064523,0][-16.2331,4.65808,80.9398][0.0551181,-0.984252,0.173228][0.648632,0.066742,0][-16.1099,4.65936,80.8844][0.102362,-0.992126,0.0708661][0.638141,0.064523,0][-16.166,4.6649,80.9788][0.0629921,-0.992126,0.133858][0.648667,0.064186,0][-16.9101,5.0379,81.0192][0.992126,0.110236,-0.0708661][0.898745,0.40345,0][-16.9242,4.95454,81.0664][0.858268,-0.433071,0.259843][0.893743,0.365539,0][-16.9189,5.0133,80.9832][0.968504,-0.00787402,-0.244094][0.893411,0.40075,0][-16.9189,5.0133,80.9832][0.968504,-0.00787402,-0.244094][0.893411,0.40075,0][-16.9242,4.95454,81.0664][0.858268,-0.433071,0.259843][0.893743,0.365539,0][-16.9331,4.93456,81.0266][0.834646,-0.535433,0.0866142][0.888519,0.367344,0][-17.915,4.8753,80.7822][-0.0393701,0.622047,-0.779528][0.630208,0.087681,0][-17.8475,4.87382,80.7768][0,0.80315,-0.598425][0.633273,0.088016,0][-17.8758,4.85698,80.7676][-0.0551181,0.472441,-0.88189][0.631574,0.086445,0][-17.8758,4.85698,80.7676][-0.0551181,0.472441,-0.88189][0.631574,0.086445,0][-17.9398,4.8606,80.7734][-0.0787402,0.228346,-0.968504][0.628382,0.08604,0][-17.915,4.8753,80.7822][-0.0393701,0.622047,-0.779528][0.630208,0.087681,0][-16.1805,4.87382,80.776][0,0.80315,-0.598425][0.633273,0.088016,0][-16.113,4.8753,80.7814][0.0393701,0.622047,-0.779528][0.630208,0.087681,0][-16.1523,4.85698,80.7668][0.0551181,0.472441,-0.88189][0.631574,0.086445,0][-16.0883,4.8606,80.7726][0.0787402,0.228346,-0.968504][0.628382,0.08604,0][-16.1523,4.85698,80.7668][0.0551181,0.472441,-0.88189][0.631574,0.086445,0][-16.113,4.8753,80.7814][0.0393701,0.622047,-0.779528][0.630208,0.087681,0][-17.0611,4.95136,81.0526][-0.80315,0.425197,-0.417323][0.855915,0.425239,0][-17.1049,4.93758,81.1186][-0.779528,0.385827,-0.496063][0.837907,0.406863,0][-17.0667,4.97608,81.089][-0.80315,0.417323,-0.417323][0.855175,0.426294,0][-17.1049,4.93758,81.1186][-0.779528,0.385827,-0.496063][0.837907,0.406863,0][-17.0611,4.95136,81.0526][-0.80315,0.425197,-0.417323][0.855915,0.425239,0][-17.0946,4.90744,81.0822][-0.779528,0.385827,-0.496063][0.839778,0.407053,0][-16.9818,4.95136,81.0526][0.80315,0.425197,-0.417323][0.855915,0.425239,0][-16.9381,4.93758,81.1186][0.779528,0.385827,-0.496063][0.837907,0.406863,0][-16.9484,4.90744,81.0822][0.779528,0.385827,-0.496063][0.839778,0.407053,0][-16.9381,4.93758,81.1186][0.779528,0.385827,-0.496063][0.837907,0.406863,0][-16.9818,4.95136,81.0526][0.80315,0.425197,-0.417323][0.855915,0.425239,0][-16.9762,4.97608,81.089][0.80315,0.417323,-0.417323][0.855175,0.426294,0][-17.0869,4.92184,81.0908][-0.385827,-0.732283,0.559055][0.827554,0.348383,0][-16.9992,4.8928,81.054][0.23622,-0.913386,0.338583][0.863643,0.348122,0][-16.9957,4.90934,81.096][0.251969,-0.818898,0.519685][0.865023,0.343262,0][-16.9992,4.8928,81.054][0.23622,-0.913386,0.338583][0.863643,0.348122,0][-17.0869,4.92184,81.0908][-0.385827,-0.732283,0.559055][0.827554,0.348383,0][-17.0835,4.90434,81.0492][-0.149606,-0.913386,0.370079][0.831281,0.352553,0][-16.9242,4.95454,81.0664][0.858268,-0.433071,0.259843][0.893743,0.365539,0][-16.9992,4.8928,81.054][0.23622,-0.913386,0.338583][0.863643,0.348122,0][-16.9331,4.93456,81.0266][0.834646,-0.535433,0.0866142][0.888519,0.367344,0][-16.9992,4.8928,81.054][0.23622,-0.913386,0.338583][0.863643,0.348122,0][-16.9242,4.95454,81.0664][0.858268,-0.433071,0.259843][0.893743,0.365539,0][-16.9957,4.90934,81.096][0.251969,-0.818898,0.519685][0.865023,0.343262,0][-16.5303,4.84034,81.0244][-0.259843,-0.732283,0.629921][0.911552,0.39475,0][-16.6016,4.95184,81.0356][-0.755906,-0.165354,0.637795][0.896302,0.45428,0][-16.6336,4.91774,80.9646][-0.834646,-0.267717,0.472441][0.884955,0.450084,0][-16.6336,4.91774,80.9646][-0.834646,-0.267717,0.472441][0.884955,0.450084,0][-16.5581,4.8116,80.9542][-0.307087,-0.826772,0.472441][0.899285,0.398376,0][-16.5303,4.84034,81.0244][-0.259843,-0.732283,0.629921][0.911552,0.39475,0][-17.1505,4.89072,81.1482][-0.582677,0.559055,-0.590551][0.820088,0.386814,0][-17.2063,4.83778,81.1282][-0.346457,0.692913,-0.629921][0.806607,0.377679,0][-17.2064,4.87074,81.1648][-0.354331,0.692913,-0.629921][0.802334,0.375397,0][-17.2063,4.83778,81.1282][-0.346457,0.692913,-0.629921][0.806607,0.377679,0][-17.1505,4.89072,81.1482][-0.582677,0.559055,-0.590551][0.820088,0.386814,0][-17.1402,4.86246,81.1116][-0.614173,0.535433,-0.582677][0.82316,0.388326,0][-17.0946,4.90744,81.0822][-0.779528,0.385827,-0.496063][0.839778,0.407053,0][-17.1505,4.89072,81.1482][-0.582677,0.559055,-0.590551][0.820088,0.386814,0][-17.1049,4.93758,81.1186][-0.779528,0.385827,-0.496063][0.837907,0.406863,0][-17.1505,4.89072,81.1482][-0.582677,0.559055,-0.590551][0.820088,0.386814,0][-17.0946,4.90744,81.0822][-0.779528,0.385827,-0.496063][0.839778,0.407053,0][-17.1402,4.86246,81.1116][-0.614173,0.535433,-0.582677][0.82316,0.388326,0][-17.4227,4.95184,81.0362][0.755906,-0.165354,0.629921][0.896302,0.45428,0][-17.494,4.84034,81.0256][0.267717,-0.732283,0.629921][0.911552,0.39475,0][-17.3907,4.91774,80.9644][0.84252,-0.267717,0.472441][0.884955,0.450084,0][-17.3907,4.91774,80.9644][0.84252,-0.267717,0.472441][0.884955,0.450084,0][-17.494,4.84034,81.0256][0.267717,-0.732283,0.629921][0.911552,0.39475,0][-17.4662,4.8116,80.9548][0.314961,-0.826772,0.472441][0.899285,0.398376,0][-16.8925,4.89072,81.1482][0.582677,0.559055,-0.590551][0.820088,0.386814,0][-16.8366,4.87074,81.1648][0.354331,0.692913,-0.629921][0.802334,0.375397,0][-16.8367,4.83778,81.1282][0.346457,0.692913,-0.629921][0.806607,0.377679,0][-16.8367,4.83778,81.1282][0.346457,0.692913,-0.629921][0.806607,0.377679,0][-16.9028,4.86246,81.1116][0.614173,0.535433,-0.582677][0.82316,0.388326,0][-16.8925,4.89072,81.1482][0.582677,0.559055,-0.590551][0.820088,0.386814,0][-16.9484,4.90744,81.0822][0.779528,0.385827,-0.496063][0.839778,0.407053,0][-16.8925,4.89072,81.1482][0.582677,0.559055,-0.590551][0.820088,0.386814,0][-16.9028,4.86246,81.1116][0.614173,0.535433,-0.582677][0.82316,0.388326,0][-16.8925,4.89072,81.1482][0.582677,0.559055,-0.590551][0.820088,0.386814,0][-16.9484,4.90744,81.0822][0.779528,0.385827,-0.496063][0.839778,0.407053,0][-16.9381,4.93758,81.1186][0.779528,0.385827,-0.496063][0.837907,0.406863,0][-17.9625,4.66456,80.8516][-0.23622,-0.944882,-0.220472][0.632908,0.064023,0][-18.0131,4.67608,80.8706][-0.251969,-0.913386,-0.307087][0.630716,0.062383,0][-18.0303,4.70018,80.8324][-0.275591,-0.76378,-0.582677][0.626543,0.06501,0][-17.9625,4.66456,80.8516][-0.23622,-0.944882,-0.220472][0.632908,0.064023,0][-18.0303,4.70018,80.8324][-0.275591,-0.76378,-0.582677][0.626543,0.06501,0][-17.9638,4.68998,80.819][-0.275591,-0.771654,-0.574803][0.630362,0.067052,0][-16.0643,4.68998,80.8184][0.275591,-0.771654,-0.574803][0.630362,0.067052,0][-15.9977,4.70018,80.832][0.275591,-0.76378,-0.582677][0.626543,0.06501,0][-16.0656,4.66456,80.8508][0.23622,-0.944882,-0.228346][0.632908,0.064023,0][-16.0656,4.66456,80.8508][0.23622,-0.944882,-0.228346][0.632908,0.064023,0][-15.9977,4.70018,80.832][0.275591,-0.76378,-0.582677][0.626543,0.06501,0][-16.0149,4.67608,80.87][0.251969,-0.913386,-0.307087][0.630716,0.062383,0][-18.0358,2.18942,80.7478][-0.0393701,0.165354,0.984252][0.405436,0.309165,0][-18.3554,2.17642,80.8086][0.346457,0.110236,0.929134][0.377155,0.233714,0][-18.077,2.00424,80.7742][-0.0787402,0.15748,0.984252][0.438977,0.275957,0][-18.3554,2.17642,80.8086][0.346457,0.110236,0.929134][0.377155,0.233714,0][-18.0358,2.18942,80.7478][-0.0393701,0.165354,0.984252][0.405436,0.309165,0][-18.2537,2.32394,80.7442][0.385827,0.0944882,0.92126][0.356012,0.281985,0][-17.2064,4.87074,81.1648][-0.354331,0.692913,-0.629921][0.802334,0.375397,0][-17.297,4.80842,81.1352][-0.283465,0.716535,-0.637795][0.775529,0.368857,0][-17.3028,4.83712,81.1698][-0.283465,0.716535,-0.637795][0.767257,0.366569,0][-17.297,4.80842,81.1352][-0.283465,0.716535,-0.637795][0.775529,0.368857,0][-17.2064,4.87074,81.1648][-0.354331,0.692913,-0.629921][0.802334,0.375397,0][-17.2063,4.83778,81.1282][-0.346457,0.692913,-0.629921][0.806607,0.377679,0][-16.8366,4.87074,81.1648][0.354331,0.692913,-0.629921][0.802334,0.375397,0][-16.7402,4.83712,81.1698][0.283465,0.716535,-0.637795][0.767257,0.366569,0][-16.746,4.80842,81.1352][0.283465,0.716535,-0.637795][0.775529,0.368857,0][-16.8366,4.87074,81.1648][0.354331,0.692913,-0.629921][0.802334,0.375397,0][-16.746,4.80842,81.1352][0.283465,0.716535,-0.637795][0.775529,0.368857,0][-16.8367,4.83778,81.1282][0.346457,0.692913,-0.629921][0.806607,0.377679,0][-18.0025,4.79644,80.7816][-0.259843,-0.0551181,-0.968504][0.624742,0.077565,0][-17.953,4.7659,80.7684][-0.259843,-0.0551181,-0.968504][0.627631,0.076159,0][-18.0187,4.7734,80.7876][-0.267717,-0.11811,-0.952756][0.623966,0.074312,0][-17.953,4.7659,80.7684][-0.259843,-0.0551181,-0.968504][0.627631,0.076159,0][-18.0025,4.79644,80.7816][-0.259843,-0.0551181,-0.968504][0.624742,0.077565,0][-17.943,4.79034,80.7698][-0.275591,-0.141732,-0.952756][0.628299,0.078958,0][-16.0094,4.7734,80.787][0.275591,-0.11811,-0.952756][0.623966,0.074312,0][-16.0751,4.7659,80.7678][0.259843,-0.0551181,-0.96063][0.627631,0.076159,0][-16.0256,4.79644,80.781][0.259843,-0.0551181,-0.968504][0.624742,0.077565,0][-16.0751,4.7659,80.7678][0.259843,-0.0551181,-0.96063][0.627631,0.076159,0][-16.0851,4.79034,80.7692][0.275591,-0.141732,-0.952756][0.628299,0.078958,0][-16.0256,4.79644,80.781][0.259843,-0.0551181,-0.968504][0.624742,0.077565,0][-18.5507,3.04384,80.9784][0.551181,-0.125984,0.826772][0.182365,0.264857,0][-18.3723,2.59292,80.8162][0.559055,-0.0314961,0.826772][0.293706,0.277037,0][-18.3955,3.05898,80.8728][0.551181,-0.125984,0.826772][0.199582,0.317177,0][-18.3723,2.59292,80.8162][0.559055,-0.0314961,0.826772][0.293706,0.277037,0][-18.5507,3.04384,80.9784][0.551181,-0.125984,0.826772][0.182365,0.264857,0][-18.5169,2.51726,80.9114][0.551181,-0.0314961,0.834646][0.29485,0.220747,0][-18.0187,4.7734,80.7876][-0.267717,-0.11811,-0.952756][0.623966,0.074312,0][-17.9654,4.73972,80.7784][-0.291339,-0.283465,-0.913386][0.627432,0.072827,0][-18.0324,4.74984,80.796][-0.291339,-0.322835,-0.897638][0.623606,0.071031,0][-17.9654,4.73972,80.7784][-0.291339,-0.283465,-0.913386][0.627432,0.072827,0][-18.0187,4.7734,80.7876][-0.267717,-0.11811,-0.952756][0.623966,0.074312,0][-17.953,4.7659,80.7684][-0.259843,-0.0551181,-0.968504][0.627631,0.076159,0][-15.9956,4.74984,80.7956][0.291339,-0.322835,-0.897638][0.623606,0.071031,0][-16.0626,4.73972,80.7778][0.291339,-0.291339,-0.913386][0.627432,0.072827,0][-16.0094,4.7734,80.787][0.275591,-0.11811,-0.952756][0.623966,0.074312,0][-16.0626,4.73972,80.7778][0.291339,-0.291339,-0.913386][0.627432,0.072827,0][-16.0751,4.7659,80.7678][0.259843,-0.0551181,-0.96063][0.627631,0.076159,0][-16.0094,4.7734,80.787][0.275591,-0.11811,-0.952756][0.623966,0.074312,0][-15.4665,3.04384,80.9784][-0.551181,-0.125984,0.826772][0.542271,0.914255,0][-15.6449,2.59292,80.8162][-0.559055,-0.0314961,0.826772][0.590299,0.816027,0][-15.5003,2.51726,80.9114][-0.551181,-0.0314961,0.834646][0.636615,0.843192,0][-15.6449,2.59292,80.8162][-0.559055,-0.0314961,0.826772][0.590299,0.816027,0][-15.4665,3.04384,80.9784][-0.551181,-0.125984,0.826772][0.542271,0.914255,0][-15.6217,3.05898,80.8728][-0.551181,-0.125984,0.826772][0.508489,0.874107,0][-15.5003,2.51726,80.9114][-0.551181,-0.0314961,0.834646][0.636615,0.843192,0][-15.7635,2.32394,80.7442][-0.385827,0.0944882,0.92126][0.618869,0.761625,0][-15.6618,2.17642,80.8086][-0.346457,0.110236,0.929134][0.669193,0.768346,0][-15.7635,2.32394,80.7442][-0.385827,0.0944882,0.92126][0.618869,0.761625,0][-15.5003,2.51726,80.9114][-0.551181,-0.0314961,0.834646][0.636615,0.843192,0][-15.6449,2.59292,80.8162][-0.559055,-0.0314961,0.826772][0.590299,0.816027,0][-15.6618,2.17642,80.8086][-0.346457,0.110236,0.929134][0.669193,0.768346,0][-15.9814,2.18942,80.7478][0.0393701,0.165354,0.984252][0.622611,0.706392,0][-15.9402,2.00424,80.7742][0.0787402,0.15748,0.984252][0.667363,0.695183,0][-15.9814,2.18942,80.7478][0.0393701,0.165354,0.984252][0.622611,0.706392,0][-15.6618,2.17642,80.8086][-0.346457,0.110236,0.929134][0.669193,0.768346,0][-15.7635,2.32394,80.7442][-0.385827,0.0944882,0.92126][0.618869,0.761625,0][-17.9844,4.81922,80.775][-0.275591,-0.0472441,-0.96063][0.625654,0.080751,0][-17.943,4.79034,80.7698][-0.275591,-0.141732,-0.952756][0.628299,0.078958,0][-18.0025,4.79644,80.7816][-0.259843,-0.0551181,-0.968504][0.624742,0.077565,0][-17.943,4.79034,80.7698][-0.275591,-0.141732,-0.952756][0.628299,0.078958,0][-17.9844,4.81922,80.775][-0.275591,-0.0472441,-0.96063][0.625654,0.080751,0][-17.9231,4.81838,80.7506][-0.23622,0.283465,-0.929134][0.62837,0.082454,0][-16.0626,4.73972,80.7778][0.291339,-0.291339,-0.913386][0.627432,0.072827,0][-15.9904,4.72574,80.809][0.283465,-0.574803,-0.771654][0.624258,0.06794,0][-16.0611,4.71524,80.7888][0.291339,-0.566929,-0.771654][0.628129,0.070075,0][-15.9904,4.72574,80.809][0.283465,-0.574803,-0.771654][0.624258,0.06794,0][-16.0626,4.73972,80.7778][0.291339,-0.291339,-0.913386][0.627432,0.072827,0][-15.9956,4.74984,80.7956][0.291339,-0.322835,-0.897638][0.623606,0.071031,0][-16.0256,4.79644,80.781][0.259843,-0.0551181,-0.968504][0.624742,0.077565,0][-16.0851,4.79034,80.7692][0.275591,-0.141732,-0.952756][0.628299,0.078958,0][-16.0437,4.81922,80.7744][0.283465,-0.0551181,-0.96063][0.625654,0.080751,0][-16.0851,4.79034,80.7692][0.275591,-0.141732,-0.952756][0.628299,0.078958,0][-16.1049,4.81838,80.7498][0.23622,0.283465,-0.929134][0.62837,0.082454,0][-16.0437,4.81922,80.7744][0.283465,-0.0551181,-0.96063][0.625654,0.080751,0][-18.0377,4.72574,80.8094][-0.283465,-0.574803,-0.771654][0.624258,0.06794,0][-17.9654,4.73972,80.7784][-0.291339,-0.283465,-0.913386][0.627432,0.072827,0][-17.9669,4.71524,80.7894][-0.283465,-0.566929,-0.771654][0.628129,0.070075,0][-17.9654,4.73972,80.7784][-0.291339,-0.283465,-0.913386][0.627432,0.072827,0][-18.0377,4.72574,80.8094][-0.283465,-0.574803,-0.771654][0.624258,0.06794,0][-18.0324,4.74984,80.796][-0.291339,-0.322835,-0.897638][0.623606,0.071031,0][-17.9638,4.68998,80.819][-0.275591,-0.771654,-0.574803][0.630362,0.067052,0][-18.0303,4.70018,80.8324][-0.275591,-0.76378,-0.582677][0.626543,0.06501,0][-18.0377,4.72574,80.8094][-0.283465,-0.574803,-0.771654][0.624258,0.06794,0][-17.9638,4.68998,80.819][-0.275591,-0.771654,-0.574803][0.630362,0.067052,0][-18.0377,4.72574,80.8094][-0.283465,-0.574803,-0.771654][0.624258,0.06794,0][-17.9669,4.71524,80.7894][-0.283465,-0.566929,-0.771654][0.628129,0.070075,0][-16.0611,4.71524,80.7888][0.291339,-0.566929,-0.771654][0.628129,0.070075,0][-15.9904,4.72574,80.809][0.283465,-0.574803,-0.771654][0.624258,0.06794,0][-16.0643,4.68998,80.8184][0.275591,-0.771654,-0.574803][0.630362,0.067052,0][-16.0643,4.68998,80.8184][0.275591,-0.771654,-0.574803][0.630362,0.067052,0][-15.9904,4.72574,80.809][0.283465,-0.574803,-0.771654][0.624258,0.06794,0][-15.9977,4.70018,80.832][0.275591,-0.76378,-0.582677][0.626543,0.06501,0][-18.2537,2.32394,80.7442][0.385827,0.0944882,0.92126][0.356012,0.281985,0][-18.5169,2.51726,80.9114][0.551181,-0.0314961,0.834646][0.29485,0.220747,0][-18.3554,2.17642,80.8086][0.346457,0.110236,0.929134][0.377155,0.233714,0][-18.5169,2.51726,80.9114][0.551181,-0.0314961,0.834646][0.29485,0.220747,0][-18.2537,2.32394,80.7442][0.385827,0.0944882,0.92126][0.356012,0.281985,0][-18.3723,2.59292,80.8162][0.559055,-0.0314961,0.826772][0.293706,0.277037,0][-17.9638,4.84116,80.7728][-0.165354,0.409449,-0.897638][0.626912,0.08363,0][-17.9398,4.8606,80.7734][-0.0787402,0.228346,-0.968504][0.628382,0.08604,0][-17.9047,4.8361,80.7672][-0.11811,0.244094,-0.96063][0.63024,0.08428,0][-17.9398,4.8606,80.7734][-0.0787402,0.228346,-0.968504][0.628382,0.08604,0][-17.8758,4.85698,80.7676][-0.0551181,0.472441,-0.88189][0.631574,0.086445,0][-17.9047,4.8361,80.7672][-0.11811,0.244094,-0.96063][0.63024,0.08428,0][-16.0642,4.84116,80.7722][0.165354,0.409449,-0.897638][0.626912,0.08363,0][-16.1234,4.8361,80.7664][0.11811,0.244094,-0.96063][0.63024,0.08428,0][-16.0883,4.8606,80.7726][0.0787402,0.228346,-0.968504][0.628382,0.08604,0][-16.1234,4.8361,80.7664][0.11811,0.244094,-0.96063][0.63024,0.08428,0][-16.1523,4.85698,80.7668][0.0551181,0.472441,-0.88189][0.631574,0.086445,0][-16.0883,4.8606,80.7726][0.0787402,0.228346,-0.968504][0.628382,0.08604,0][-15.987,5.5835,79.9376][0.897638,-0.433071,0.0551181][0.363107,0.680798,0][-15.8629,5.66656,79.9594][0.362205,-0.929134,-0.023622][0.337093,0.673694,0][-15.9852,5.5898,79.9498][0.787402,-0.614173,0.0393701][0.360925,0.692406,0][-15.8582,5.66474,79.9716][0.244094,-0.968504,-0.0551181][0.332659,0.680986,0][-15.9852,5.5898,79.9498][0.787402,-0.614173,0.0393701][0.360925,0.692406,0][-15.8629,5.66656,79.9594][0.362205,-0.929134,-0.023622][0.337093,0.673694,0][-18.1544,5.66656,79.9594][-0.362205,-0.929134,-0.023622][0.337093,0.673694,0][-18.0302,5.5835,79.9376][-0.897638,-0.433071,0.0551181][0.363107,0.680798,0][-18.032,5.5898,79.9498][-0.787402,-0.614173,0.0393701][0.360925,0.692406,0][-18.032,5.5898,79.9498][-0.787402,-0.614173,0.0393701][0.360925,0.692406,0][-18.159,5.66474,79.9716][-0.244094,-0.968504,-0.0551181][0.332659,0.680986,0][-18.1544,5.66656,79.9594][-0.362205,-0.929134,-0.023622][0.337093,0.673694,0][-17.0086,4.82952,80.8722][0,-0.346457,-0.937008][0.052053,0.022133,0][-17.4449,4.90094,80.854][0.251969,-0.574803,-0.779528][0.042273,0.023452,0][-16.5723,4.90094,80.854][-0.251969,-0.574803,-0.779528][0.061906,0.022573,0][-17.5561,4.54438,80.9684][0.307087,-0.409449,-0.858268][0.040789,0.018937,0][-17.4449,4.90094,80.854][0.251969,-0.574803,-0.779528][0.042273,0.023452,0][-17.0086,4.5449,81.0534][0,-0.370079,-0.929134][0.051945,0.016543,0][-17.0086,4.5449,81.0534][0,-0.370079,-0.929134][0.051945,0.016543,0][-17.4449,4.90094,80.854][0.251969,-0.574803,-0.779528][0.042273,0.023452,0][-17.0086,4.82952,80.8722][0,-0.346457,-0.937008][0.052053,0.022133,0][-16.4611,4.54438,80.9684][-0.307087,-0.409449,-0.858268][0.06342,0.017877,0][-17.0086,4.5449,81.0534][0,-0.370079,-0.929134][0.051945,0.016543,0][-16.5723,4.90094,80.854][-0.251969,-0.574803,-0.779528][0.061906,0.022573,0][-17.0086,4.5449,81.0534][0,-0.370079,-0.929134][0.051945,0.016543,0][-17.0086,4.82952,80.8722][0,-0.346457,-0.937008][0.052053,0.022133,0][-16.5723,4.90094,80.854][-0.251969,-0.574803,-0.779528][0.061906,0.022573,0][-17.3645,5.2616,80.4954][0.19685,-0.850394,-0.488189][0.044097,0.034265,0][-16.6528,5.2616,80.4954][-0.19685,-0.850394,-0.488189][0.06071,0.033601,0][-17.4449,4.90094,80.854][0.251969,-0.574803,-0.779528][0.042273,0.023452,0][-16.5723,4.90094,80.854][-0.251969,-0.574803,-0.779528][0.061906,0.022573,0][-17.4449,4.90094,80.854][0.251969,-0.574803,-0.779528][0.042273,0.023452,0][-16.6528,5.2616,80.4954][-0.19685,-0.850394,-0.488189][0.06071,0.033601,0][-17.0086,4.25058,81.158][0,-0.307087,-0.952756][0.05194,0.013119,0][-17.6293,4.17374,81.0678][0.346457,-0.362205,-0.866142][0.040345,0.015328,0][-17.5561,4.54438,80.9684][0.307087,-0.409449,-0.858268][0.040789,0.018937,0][-17.0086,4.25058,81.158][0,-0.307087,-0.952756][0.05194,0.013119,0][-17.5561,4.54438,80.9684][0.307087,-0.409449,-0.858268][0.040789,0.018937,0][-17.0086,4.5449,81.0534][0,-0.370079,-0.929134][0.051945,0.016543,0][-17.0086,4.5449,81.0534][0,-0.370079,-0.929134][0.051945,0.016543,0][-16.4611,4.54438,80.9684][-0.307087,-0.409449,-0.858268][0.06342,0.017877,0][-17.0086,4.25058,81.158][0,-0.307087,-0.952756][0.05194,0.013119,0][-16.3879,4.17374,81.0678][-0.346457,-0.362205,-0.866142][0.063919,0.014187,0][-17.0086,4.25058,81.158][0,-0.307087,-0.952756][0.05194,0.013119,0][-16.4611,4.54438,80.9684][-0.307087,-0.409449,-0.858268][0.06342,0.017877,0][-17.3914,4.64756,81.0822][-0.503937,-0.748031,-0.425197][0.746652,0.089795,0][-17.4572,4.80382,81.0156][0,-0.527559,-0.850394][0.730242,0.139355,0][-17.444,4.88248,80.9776][0,-0.527559,-0.850394][0.728782,0.168095,0][-17.4572,4.80382,81.0156][0,-0.527559,-0.850394][0.730242,0.139355,0][-17.3914,4.64756,81.0822][-0.503937,-0.748031,-0.425197][0.746652,0.089795,0][-17.4427,4.7253,81.0474][-0.669291,-0.551181,-0.496063][0.733344,0.113123,0][-17.3914,4.64756,81.0822][-0.503937,-0.748031,-0.425197][0.746652,0.089795,0][-17.444,4.88248,80.9776][0,-0.527559,-0.850394][0.728782,0.168095,0][-17.2986,4.58348,81.1102][-0.267717,-0.88189,-0.385827][0.771448,0.06284,0][-17.4215,4.93624,80.9284][0,-0.527559,-0.850394][0.73182,0.189351,0][-17.2986,4.58348,81.1102][-0.267717,-0.88189,-0.385827][0.771448,0.06284,0][-17.444,4.88248,80.9776][0,-0.527559,-0.850394][0.728782,0.168095,0][-17.2986,4.58348,81.1102][-0.267717,-0.88189,-0.385827][0.771448,0.06284,0][-17.4215,4.93624,80.9284][0,-0.527559,-0.850394][0.73182,0.189351,0][-17.1795,4.56462,81.1254][-0.0708661,-0.913386,-0.393701][0.807023,0.051118,0][-17.3932,4.9872,80.89][0,-0.527559,-0.850394][0.737157,0.209036,0][-17.1795,4.56462,81.1254][-0.0708661,-0.913386,-0.393701][0.807023,0.051118,0][-17.4215,4.93624,80.9284][0,-0.527559,-0.850394][0.73182,0.189351,0][-17.3184,5.0857,80.8084][0,-0.527559,-0.850394][0.761052,0.24056,0][-17.3932,4.9872,80.89][0,-0.527559,-0.850394][0.737157,0.209036,0][-17.361,5.04412,80.8474][0,-0.527559,-0.850394][0.745833,0.227657,0][-17.3932,4.9872,80.89][0,-0.527559,-0.850394][0.737157,0.209036,0][-17.3184,5.0857,80.8084][0,-0.527559,-0.850394][0.761052,0.24056,0][-17.2671,5.1179,80.776][0,-0.527559,-0.850394][0.780695,0.250698,0][-17.1795,4.56462,81.1254][-0.0708661,-0.913386,-0.393701][0.807023,0.051118,0][-17.3932,4.9872,80.89][0,-0.527559,-0.850394][0.737157,0.209036,0][-17.2671,5.1179,80.776][0,-0.527559,-0.850394][0.780695,0.250698,0][-17.2046,5.14214,80.756][0,-0.527559,-0.850394][0.804577,0.254995,0][-17.1795,4.56462,81.1254][-0.0708661,-0.913386,-0.393701][0.807023,0.051118,0][-17.2671,5.1179,80.776][0,-0.527559,-0.850394][0.780695,0.250698,0][-17.1258,5.15696,80.7478][0,-0.527559,-0.850394][0.833172,0.254718,0][-17.1795,4.56462,81.1254][-0.0708661,-0.913386,-0.393701][0.807023,0.051118,0][-17.2046,5.14214,80.756][0,-0.527559,-0.850394][0.804577,0.254995,0][-17.1258,5.15696,80.7478][0,-0.527559,-0.850394][0.833172,0.254718,0][-17.0299,4.55926,81.1306][0,-0.92126,-0.401575][0.856827,0.051208,0][-17.1795,4.56462,81.1254][-0.0708661,-0.913386,-0.393701][0.807023,0.051118,0][-17.0299,4.55926,81.1306][0,-0.92126,-0.401575][0.856827,0.051208,0][-17.1258,5.15696,80.7478][0,-0.527559,-0.850394][0.833172,0.254718,0][-17.0299,5.1599,80.7464][0,-0.527559,-0.850394][0.865206,0.252016,0][-16.6683,4.64756,81.0822][0.503937,-0.748031,-0.425197][0.746652,0.089795,0][-16.6025,4.80382,81.0156][0,-0.527559,-0.850394][0.730242,0.139355,0][-16.617,4.7253,81.0474][0.669291,-0.551181,-0.496063][0.733344,0.113123,0][-16.6025,4.80382,81.0156][0,-0.527559,-0.850394][0.730242,0.139355,0][-16.6683,4.64756,81.0822][0.503937,-0.748031,-0.425197][0.746652,0.089795,0][-16.6158,4.88248,80.9776][0,-0.527559,-0.850394][0.728782,0.168095,0][-16.6158,4.88248,80.9776][0,-0.527559,-0.850394][0.728782,0.168095,0][-16.6683,4.64756,81.0822][0.503937,-0.748031,-0.425197][0.746652,0.089795,0][-16.7611,4.58348,81.1102][0.267717,-0.88189,-0.385827][0.771448,0.06284,0][-16.7611,4.58348,81.1102][0.267717,-0.88189,-0.385827][0.771448,0.06284,0][-16.6382,4.93624,80.9284][0,-0.527559,-0.850394][0.73182,0.189351,0][-16.6158,4.88248,80.9776][0,-0.527559,-0.850394][0.728782,0.168095,0][-16.8802,4.56462,81.1254][0.0708661,-0.913386,-0.393701][0.807023,0.051118,0][-16.6382,4.93624,80.9284][0,-0.527559,-0.850394][0.73182,0.189351,0][-16.7611,4.58348,81.1102][0.267717,-0.88189,-0.385827][0.771448,0.06284,0][-16.6382,4.93624,80.9284][0,-0.527559,-0.850394][0.73182,0.189351,0][-16.8802,4.56462,81.1254][0.0708661,-0.913386,-0.393701][0.807023,0.051118,0][-16.6665,4.9872,80.89][0,-0.527559,-0.850394][0.737157,0.209036,0][-16.6665,4.9872,80.89][0,-0.527559,-0.850394][0.737157,0.209036,0][-16.7413,5.0857,80.8084][0,-0.527559,-0.850394][0.761052,0.24056,0][-16.6987,5.04412,80.8474][0,-0.527559,-0.850394][0.745833,0.227657,0][-16.7413,5.0857,80.8084][0,-0.527559,-0.850394][0.761052,0.24056,0][-16.6665,4.9872,80.89][0,-0.527559,-0.850394][0.737157,0.209036,0][-16.7926,5.1179,80.776][0,-0.527559,-0.850394][0.780695,0.250698,0][-16.8802,4.56462,81.1254][0.0708661,-0.913386,-0.393701][0.807023,0.051118,0][-16.7926,5.1179,80.776][0,-0.527559,-0.850394][0.780695,0.250698,0][-16.6665,4.9872,80.89][0,-0.527559,-0.850394][0.737157,0.209036,0][-16.7926,5.1179,80.776][0,-0.527559,-0.850394][0.780695,0.250698,0][-16.8802,4.56462,81.1254][0.0708661,-0.913386,-0.393701][0.807023,0.051118,0][-16.8551,5.14214,80.756][0,-0.527559,-0.850394][0.804577,0.254995,0][-16.8551,5.14214,80.756][0,-0.527559,-0.850394][0.804577,0.254995,0][-16.8802,4.56462,81.1254][0.0708661,-0.913386,-0.393701][0.807023,0.051118,0][-16.9339,5.15696,80.7478][0,-0.527559,-0.850394][0.833172,0.254718,0][-17.0299,4.55926,81.1306][0,-0.92126,-0.401575][0.856827,0.051208,0][-16.9339,5.15696,80.7478][0,-0.527559,-0.850394][0.833172,0.254718,0][-16.8802,4.56462,81.1254][0.0708661,-0.913386,-0.393701][0.807023,0.051118,0][-16.9339,5.15696,80.7478][0,-0.527559,-0.850394][0.833172,0.254718,0][-17.0299,4.55926,81.1306][0,-0.92126,-0.401575][0.856827,0.051208,0][-17.0299,5.1599,80.7464][0,-0.527559,-0.850394][0.865206,0.252016,0][-17.3645,5.2616,80.4954][0.19685,-0.850394,-0.488189][0.044097,0.034265,0][-17.8439,4.97354,80.4708][0.551181,-0.622047,-0.559055][0.034913,0.032319,0][-17.6622,5.25626,80.2636][0.409449,-0.834646,-0.377953][0.03828,0.039002,0][-17.8439,4.97354,80.4708][0.551181,-0.622047,-0.559055][0.034913,0.032319,0][-17.3645,5.2616,80.4954][0.19685,-0.850394,-0.488189][0.044097,0.034265,0][-17.4449,4.90094,80.854][0.251969,-0.574803,-0.779528][0.042273,0.023452,0][-17.0086,5.48588,79.6714][0,-1,0.023622][0.053249,0.051488,0][-17.3645,5.2616,80.4954][0.19685,-0.850394,-0.488189][0.044097,0.034265,0][-17.3825,5.4561,79.733][0.204724,-0.976378,-0.00787402][0.045352,0.050372,0][-17.3645,5.2616,80.4954][0.19685,-0.850394,-0.488189][0.044097,0.034265,0][-17.0086,5.48588,79.6714][0,-1,0.023622][0.053249,0.051488,0][-17.0086,5.27188,80.5812][0,-0.968504,-0.23622][0.052258,0.032217,0][-18.1811,3.81,80.9768][0.700787,-0.346457,-0.622047][0.032477,0.016232,0][-18.0432,4.57516,80.6484][0.614173,-0.440945,-0.653543][0.03232,0.025978,0][-17.6293,4.17374,81.0678][0.346457,-0.362205,-0.866142][0.040345,0.015328,0][-17.6293,4.17374,81.0678][0.346457,-0.362205,-0.866142][0.040345,0.015328,0][-18.0432,4.57516,80.6484][0.614173,-0.440945,-0.653543][0.03232,0.025978,0][-17.5561,4.54438,80.9684][0.307087,-0.409449,-0.858268][0.040789,0.018937,0][-15.8361,3.81,80.9768][-0.700787,-0.346457,-0.622047][0.072421,0.014308,0][-16.3879,4.17374,81.0678][-0.346457,-0.362205,-0.866142][0.063919,0.014187,0][-15.974,4.57516,80.6484][-0.614173,-0.440945,-0.653543][0.072837,0.024201,0][-16.3879,4.17374,81.0678][-0.346457,-0.362205,-0.866142][0.063919,0.014187,0][-16.4611,4.54438,80.9684][-0.307087,-0.409449,-0.858268][0.06342,0.017877,0][-15.974,4.57516,80.6484][-0.614173,-0.440945,-0.653543][0.072837,0.024201,0][-17.8439,4.97354,80.4708][0.551181,-0.622047,-0.559055][0.034913,0.032319,0][-17.5561,4.54438,80.9684][0.307087,-0.409449,-0.858268][0.040789,0.018937,0][-18.0432,4.57516,80.6484][0.614173,-0.440945,-0.653543][0.03232,0.025978,0][-17.5561,4.54438,80.9684][0.307087,-0.409449,-0.858268][0.040789,0.018937,0][-17.8439,4.97354,80.4708][0.551181,-0.622047,-0.559055][0.034913,0.032319,0][-17.4449,4.90094,80.854][0.251969,-0.574803,-0.779528][0.042273,0.023452,0][-15.974,4.57516,80.6484][-0.614173,-0.440945,-0.653543][0.072837,0.024201,0][-16.4611,4.54438,80.9684][-0.307087,-0.409449,-0.858268][0.06342,0.017877,0][-16.1733,4.97354,80.4708][-0.551181,-0.622047,-0.559055][0.070337,0.030867,0][-16.4611,4.54438,80.9684][-0.307087,-0.409449,-0.858268][0.06342,0.017877,0][-16.5723,4.90094,80.854][-0.251969,-0.574803,-0.779528][0.061906,0.022573,0][-16.1733,4.97354,80.4708][-0.551181,-0.622047,-0.559055][0.070337,0.030867,0][-16.1733,4.97354,80.4708][-0.551181,-0.622047,-0.559055][0.070337,0.030867,0][-16.6528,5.2616,80.4954][-0.19685,-0.850394,-0.488189][0.06071,0.033601,0][-16.355,5.25626,80.2636][-0.409449,-0.834646,-0.377953][0.067213,0.037903,0][-16.6528,5.2616,80.4954][-0.19685,-0.850394,-0.488189][0.06071,0.033601,0][-16.1733,4.97354,80.4708][-0.551181,-0.622047,-0.559055][0.070337,0.030867,0][-16.5723,4.90094,80.854][-0.251969,-0.574803,-0.779528][0.061906,0.022573,0][-16.6528,5.2616,80.4954][-0.19685,-0.850394,-0.488189][0.06071,0.033601,0][-17.0086,5.48588,79.6714][0,-1,0.023622][0.053249,0.051488,0][-16.6347,5.4561,79.733][-0.204724,-0.976378,-0.00787402][0.061083,0.049855,0][-17.0086,5.48588,79.6714][0,-1,0.023622][0.053249,0.051488,0][-16.6528,5.2616,80.4954][-0.19685,-0.850394,-0.488189][0.06071,0.033601,0][-17.0086,5.27188,80.5812][0,-0.968504,-0.23622][0.052258,0.032217,0][-16.9734,4.97988,81.034][0,-0.543307,-0.834646][0.888545,0.436098,0][-17.0091,4.93476,81.0634][0,-0.543307,-0.834646][0.872981,0.41818,0][-16.9986,4.98818,81.0286][0,-0.543307,-0.834646][0.880033,0.439516,0][-17.0319,4.94306,81.058][0,-0.543307,-0.834646][0.864412,0.421724,0][-16.9986,4.98818,81.0286][0,-0.543307,-0.834646][0.880033,0.439516,0][-17.0091,4.93476,81.0634][0,-0.543307,-0.834646][0.872981,0.41818,0][-17.0319,4.94306,81.058][0,-0.543307,-0.834646][0.864412,0.421724,0][-17.0091,4.93476,81.0634][0,-0.543307,-0.834646][0.872981,0.41818,0][-17.0175,4.88966,81.093][0,-0.543307,-0.834646][0.856957,0.399733,0][-17.0513,4.89794,81.0876][-0.00787402,-0.543307,-0.834646][0.84833,0.403409,0][-17.0319,4.94306,81.058][0,-0.543307,-0.834646][0.864412,0.421724,0][-17.0175,4.88966,81.093][0,-0.543307,-0.834646][0.856957,0.399733,0][-17.0175,4.88966,81.093][0,-0.543307,-0.834646][0.856957,0.399733,0][-17.0632,4.84454,81.1224][0,-0.535433,-0.84252][0.840451,0.380732,0][-17.0513,4.89794,81.0876][-0.00787402,-0.543307,-0.834646][0.84833,0.403409,0][-17.0969,4.85284,81.117][-0.00787402,-0.527559,-0.850394][0.831768,0.384546,0][-17.0513,4.89794,81.0876][-0.00787402,-0.543307,-0.834646][0.84833,0.403409,0][-17.0632,4.84454,81.1224][0,-0.535433,-0.84252][0.840451,0.380732,0][-17.0513,4.89794,81.0876][-0.00787402,-0.543307,-0.834646][0.84833,0.403409,0][-17.0969,4.85284,81.117][-0.00787402,-0.527559,-0.850394][0.831768,0.384546,0][-17.0946,4.90744,81.0822][-0.00787402,-0.543307,-0.84252][0.839778,0.407053,0][-17.1402,4.86246,81.1116][-0.015748,-0.519685,-0.858268][0.82316,0.388326,0][-17.0946,4.90744,81.0822][-0.00787402,-0.543307,-0.84252][0.839778,0.407053,0][-17.0969,4.85284,81.117][-0.00787402,-0.527559,-0.850394][0.831768,0.384546,0][-17.0946,4.90744,81.0822][-0.00787402,-0.543307,-0.84252][0.839778,0.407053,0][-17.0611,4.95136,81.0526][-0.00787402,-0.543307,-0.834646][0.855915,0.425239,0][-17.0513,4.89794,81.0876][-0.00787402,-0.543307,-0.834646][0.84833,0.403409,0][-17.0611,4.95136,81.0526][-0.00787402,-0.543307,-0.834646][0.855915,0.425239,0][-17.0319,4.94306,81.058][0,-0.543307,-0.834646][0.864412,0.421724,0][-17.0513,4.89794,81.0876][-0.00787402,-0.543307,-0.834646][0.84833,0.403409,0][-16.9986,4.98818,81.0286][0,-0.543307,-0.834646][0.880033,0.439516,0][-17.0319,4.94306,81.058][0,-0.543307,-0.834646][0.864412,0.421724,0][-17.0238,4.99646,81.0232][0,-0.543307,-0.834646][0.871592,0.442906,0][-17.0611,4.95136,81.0526][-0.00787402,-0.543307,-0.834646][0.855915,0.425239,0][-17.0238,4.99646,81.0232][0,-0.543307,-0.834646][0.871592,0.442906,0][-17.0319,4.94306,81.058][0,-0.543307,-0.834646][0.864412,0.421724,0][-17.0444,4.98818,81.0286][0,-0.543307,-0.834646][0.880033,0.439516,0][-17.011,4.94306,81.058][0,-0.543307,-0.834646][0.864412,0.421724,0][-17.0338,4.93476,81.0634][0,-0.543307,-0.834646][0.872981,0.41818,0][-17.0444,4.98818,81.0286][0,-0.543307,-0.834646][0.880033,0.439516,0][-17.0338,4.93476,81.0634][0,-0.543307,-0.834646][0.872981,0.41818,0][-17.0696,4.97988,81.034][0,-0.543307,-0.834646][0.888545,0.436098,0][-17.011,4.94306,81.058][0,-0.543307,-0.834646][0.864412,0.421724,0][-17.0254,4.88966,81.093][0,-0.543307,-0.834646][0.856957,0.399733,0][-17.0338,4.93476,81.0634][0,-0.543307,-0.834646][0.872981,0.41818,0][-17.0254,4.88966,81.093][0,-0.543307,-0.834646][0.856957,0.399733,0][-17.011,4.94306,81.058][0,-0.543307,-0.834646][0.864412,0.421724,0][-16.9917,4.89794,81.0876][0.00787402,-0.543307,-0.834646][0.84833,0.403409,0][-16.9917,4.89794,81.0876][0.00787402,-0.543307,-0.834646][0.84833,0.403409,0][-16.946,4.85284,81.117][0.00787402,-0.527559,-0.850394][0.831768,0.384546,0][-16.9798,4.84454,81.1224][0,-0.535433,-0.84252][0.840451,0.380732,0][-16.9917,4.89794,81.0876][0.00787402,-0.543307,-0.834646][0.84833,0.403409,0][-16.9798,4.84454,81.1224][0,-0.535433,-0.84252][0.840451,0.380732,0][-17.0254,4.88966,81.093][0,-0.543307,-0.834646][0.856957,0.399733,0][-16.9484,4.90744,81.0822][0.00787402,-0.543307,-0.84252][0.839778,0.407053,0][-16.9028,4.86246,81.1116][0.015748,-0.519685,-0.858268][0.82316,0.388326,0][-16.946,4.85284,81.117][0.00787402,-0.527559,-0.850394][0.831768,0.384546,0][-16.9484,4.90744,81.0822][0.00787402,-0.543307,-0.84252][0.839778,0.407053,0][-16.946,4.85284,81.117][0.00787402,-0.527559,-0.850394][0.831768,0.384546,0][-16.9917,4.89794,81.0876][0.00787402,-0.543307,-0.834646][0.84833,0.403409,0][-16.9484,4.90744,81.0822][0.00787402,-0.543307,-0.84252][0.839778,0.407053,0][-16.9917,4.89794,81.0876][0.00787402,-0.543307,-0.834646][0.84833,0.403409,0][-16.9818,4.95136,81.0526][0.00787402,-0.543307,-0.834646][0.855915,0.425239,0][-16.9818,4.95136,81.0526][0.00787402,-0.543307,-0.834646][0.855915,0.425239,0][-16.9917,4.89794,81.0876][0.00787402,-0.543307,-0.834646][0.84833,0.403409,0][-17.011,4.94306,81.058][0,-0.543307,-0.834646][0.864412,0.421724,0][-17.0192,4.99646,81.0232][0,-0.543307,-0.834646][0.871592,0.442906,0][-16.9818,4.95136,81.0526][0.00787402,-0.543307,-0.834646][0.855915,0.425239,0][-17.011,4.94306,81.058][0,-0.543307,-0.834646][0.864412,0.421724,0][-17.0192,4.99646,81.0232][0,-0.543307,-0.834646][0.871592,0.442906,0][-17.011,4.94306,81.058][0,-0.543307,-0.834646][0.864412,0.421724,0][-17.0444,4.98818,81.0286][0,-0.543307,-0.834646][0.880033,0.439516,0][-17.3825,5.4561,79.733][0.204724,-0.976378,-0.00787402][0.045352,0.050372,0][-17.6622,5.25626,80.2636][0.409449,-0.834646,-0.377953][0.03828,0.039002,0][-17.7053,5.347,79.752][0.314961,-0.944882,0.023622][0.039019,0.048771,0][-17.6622,5.25626,80.2636][0.409449,-0.834646,-0.377953][0.03828,0.039002,0][-17.3825,5.4561,79.733][0.204724,-0.976378,-0.00787402][0.045352,0.050372,0][-17.3645,5.2616,80.4954][0.19685,-0.850394,-0.488189][0.044097,0.034265,0][-17.0969,4.85284,81.117][-0.00787402,-0.527559,-0.850394][0.831768,0.384546,0][-17.1734,4.82652,81.1336][0.015748,-0.456693,-0.889764][0.815206,0.373823,0][-17.1402,4.86246,81.1116][-0.015748,-0.519685,-0.858268][0.82316,0.388326,0][-17.2063,4.83778,81.1282][0.0314961,-0.409449,-0.913386][0.806607,0.377679,0][-17.1402,4.86246,81.1116][-0.015748,-0.519685,-0.858268][0.82316,0.388326,0][-17.1734,4.82652,81.1336][0.015748,-0.456693,-0.889764][0.815206,0.373823,0][-16.8696,4.82652,81.1336][-0.015748,-0.456693,-0.889764][0.815206,0.373823,0][-16.946,4.85284,81.117][0.00787402,-0.527559,-0.850394][0.831768,0.384546,0][-16.9028,4.86246,81.1116][0.015748,-0.519685,-0.858268][0.82316,0.388326,0][-16.9028,4.86246,81.1116][0.015748,-0.519685,-0.858268][0.82316,0.388326,0][-16.8367,4.83778,81.1282][-0.0314961,-0.409449,-0.913386][0.806607,0.377679,0][-16.8696,4.82652,81.1336][-0.015748,-0.456693,-0.889764][0.815206,0.373823,0][-16.6347,5.4561,79.733][-0.204724,-0.976378,-0.00787402][0.061083,0.049855,0][-16.355,5.25626,80.2636][-0.409449,-0.834646,-0.377953][0.067213,0.037903,0][-16.6528,5.2616,80.4954][-0.19685,-0.850394,-0.488189][0.06071,0.033601,0][-16.355,5.25626,80.2636][-0.409449,-0.834646,-0.377953][0.067213,0.037903,0][-16.6347,5.4561,79.733][-0.204724,-0.976378,-0.00787402][0.061083,0.049855,0][-16.3119,5.347,79.752][-0.314961,-0.944882,0.023622][0.067514,0.047812,0][-17.1359,4.81586,81.139][0.00787402,-0.488189,-0.874016][0.823882,0.369933,0][-17.2724,4.77128,81.1536][0.0393701,-0.401575,-0.913386][0.783011,0.355678,0][-17.1734,4.82652,81.1336][0.015748,-0.456693,-0.889764][0.815206,0.373823,0][-17.1734,4.82652,81.1336][0.015748,-0.456693,-0.889764][0.815206,0.373823,0][-17.2724,4.77128,81.1536][0.0393701,-0.401575,-0.913386][0.783011,0.355678,0][-17.2847,4.78778,81.145][0.0393701,-0.385827,-0.92126][0.779177,0.362148,0][-17.1734,4.82652,81.1336][0.015748,-0.456693,-0.889764][0.815206,0.373823,0][-17.0969,4.85284,81.117][-0.00787402,-0.527559,-0.850394][0.831768,0.384546,0][-17.1359,4.81586,81.139][0.00787402,-0.488189,-0.874016][0.823882,0.369933,0][-17.0632,4.84454,81.1224][0,-0.535433,-0.84252][0.840451,0.380732,0][-17.1359,4.81586,81.139][0.00787402,-0.488189,-0.874016][0.823882,0.369933,0][-17.0969,4.85284,81.117][-0.00787402,-0.527559,-0.850394][0.831768,0.384546,0][-16.7706,4.77128,81.1536][-0.0393701,-0.401575,-0.913386][0.783011,0.355678,0][-16.9071,4.81586,81.139][-0.00787402,-0.488189,-0.874016][0.823882,0.369933,0][-16.8696,4.82652,81.1336][-0.015748,-0.456693,-0.889764][0.815206,0.373823,0][-16.8696,4.82652,81.1336][-0.015748,-0.456693,-0.889764][0.815206,0.373823,0][-16.7583,4.78778,81.145][-0.0393701,-0.385827,-0.92126][0.779177,0.362148,0][-16.7706,4.77128,81.1536][-0.0393701,-0.401575,-0.913386][0.783011,0.355678,0][-16.946,4.85284,81.117][0.00787402,-0.527559,-0.850394][0.831768,0.384546,0][-16.8696,4.82652,81.1336][-0.015748,-0.456693,-0.889764][0.815206,0.373823,0][-16.9071,4.81586,81.139][-0.00787402,-0.488189,-0.874016][0.823882,0.369933,0][-16.9071,4.81586,81.139][-0.00787402,-0.488189,-0.874016][0.823882,0.369933,0][-16.9798,4.84454,81.1224][0,-0.535433,-0.84252][0.840451,0.380732,0][-16.946,4.85284,81.117][0.00787402,-0.527559,-0.850394][0.831768,0.384546,0][-17.1734,4.82652,81.1336][0.015748,-0.456693,-0.889764][0.815206,0.373823,0][-17.2847,4.78778,81.145][0.0393701,-0.385827,-0.92126][0.779177,0.362148,0][-17.2063,4.83778,81.1282][0.0314961,-0.409449,-0.913386][0.806607,0.377679,0][-17.2063,4.83778,81.1282][0.0314961,-0.409449,-0.913386][0.806607,0.377679,0][-17.2847,4.78778,81.145][0.0393701,-0.385827,-0.92126][0.779177,0.362148,0][-17.297,4.80842,81.1352][0.0393701,-0.377953,-0.929134][0.775529,0.368857,0][-16.7583,4.78778,81.145][-0.0393701,-0.385827,-0.92126][0.779177,0.362148,0][-16.8696,4.82652,81.1336][-0.015748,-0.456693,-0.889764][0.815206,0.373823,0][-16.8367,4.83778,81.1282][-0.0314961,-0.409449,-0.913386][0.806607,0.377679,0][-16.8367,4.83778,81.1282][-0.0314961,-0.409449,-0.913386][0.806607,0.377679,0][-16.746,4.80842,81.1352][-0.0393701,-0.377953,-0.929134][0.775529,0.368857,0][-16.7583,4.78778,81.145][-0.0393701,-0.385827,-0.92126][0.779177,0.362148,0][-17.8439,4.97354,80.4708][0.551181,-0.622047,-0.559055][0.034913,0.032319,0][-18.5974,4.45576,80.0672][0.858268,-0.456693,-0.23622][0.026105,0.035217,0][-18.2643,4.9073,80.0212][0.724409,-0.653543,-0.204724][0.029292,0.039793,0][-18.5974,4.45576,80.0672][0.858268,-0.456693,-0.23622][0.026105,0.035217,0][-17.8439,4.97354,80.4708][0.551181,-0.622047,-0.559055][0.034913,0.032319,0][-18.0432,4.57516,80.6484][0.614173,-0.440945,-0.653543][0.03232,0.025978,0][-17.8439,4.97354,80.4708][0.551181,-0.622047,-0.559055][0.034913,0.032319,0][-18.2643,4.9073,80.0212][0.724409,-0.653543,-0.204724][0.029292,0.039793,0][-17.8513,5.27178,79.9388][0.543307,-0.826772,-0.149606][0.035628,0.044958,0][-17.8439,4.97354,80.4708][0.551181,-0.622047,-0.559055][0.034913,0.032319,0][-17.8513,5.27178,79.9388][0.543307,-0.826772,-0.149606][0.035628,0.044958,0][-17.6622,5.25626,80.2636][0.409449,-0.834646,-0.377953][0.03828,0.039002,0][-16.1733,4.97354,80.4708][-0.551181,-0.622047,-0.559055][0.070337,0.030867,0][-15.4198,4.45576,80.0672][-0.858268,-0.456693,-0.23622][0.080477,0.033049,0][-15.974,4.57516,80.6484][-0.614173,-0.440945,-0.653543][0.072837,0.024201,0][-15.4198,4.45576,80.0672][-0.858268,-0.456693,-0.23622][0.080477,0.033049,0][-16.1733,4.97354,80.4708][-0.551181,-0.622047,-0.559055][0.070337,0.030867,0][-15.7529,4.9073,80.0212][-0.724409,-0.653543,-0.204724][0.077132,0.037985,0][-16.1733,4.97354,80.4708][-0.551181,-0.622047,-0.559055][0.070337,0.030867,0][-16.1659,5.27178,79.9388][-0.543307,-0.826772,-0.149606][0.070642,0.043719,0][-15.7529,4.9073,80.0212][-0.724409,-0.653543,-0.204724][0.077132,0.037985,0][-16.1659,5.27178,79.9388][-0.543307,-0.826772,-0.149606][0.070642,0.043719,0][-16.1733,4.97354,80.4708][-0.551181,-0.622047,-0.559055][0.070337,0.030867,0][-16.355,5.25626,80.2636][-0.409449,-0.834646,-0.377953][0.067213,0.037903,0][-17.7053,5.347,79.752][0.314961,-0.944882,0.023622][0.039019,0.048771,0][-17.8513,5.27178,79.9388][0.543307,-0.826772,-0.149606][0.035628,0.044958,0][-17.8301,5.2807,79.7688][0.551181,-0.834646,0.0629921][0.036748,0.047717,0][-17.8513,5.27178,79.9388][0.543307,-0.826772,-0.149606][0.035628,0.044958,0][-17.7053,5.347,79.752][0.314961,-0.944882,0.023622][0.039019,0.048771,0][-17.6622,5.25626,80.2636][0.409449,-0.834646,-0.377953][0.03828,0.039002,0][-16.3119,5.347,79.752][-0.314961,-0.944882,0.023622][0.067514,0.047812,0][-16.1659,5.27178,79.9388][-0.543307,-0.826772,-0.149606][0.070642,0.043719,0][-16.355,5.25626,80.2636][-0.409449,-0.834646,-0.377953][0.067213,0.037903,0][-16.1659,5.27178,79.9388][-0.543307,-0.826772,-0.149606][0.070642,0.043719,0][-16.3119,5.347,79.752][-0.314961,-0.944882,0.023622][0.067514,0.047812,0][-16.1871,5.2807,79.7688][-0.551181,-0.834646,0.0629921][0.069823,0.046588,0][-18.498,4.81202,80.1048][0.811024,0.338583,-0.480315][0.399175,0.534993,0][-18.6042,5.00006,80.0498][0.88189,0.354331,-0.307087][0.3322,0.604898,0][-18.6025,5.00392,80.0618][0.874016,0.354331,-0.330709][0.324326,0.599293,0][-18.6025,5.00392,80.0618][0.874016,0.354331,-0.330709][0.324326,0.599293,0][-18.4882,4.81438,80.1166][0.811024,0.338583,-0.480315][0.40446,0.507222,0][-18.498,4.81202,80.1048][0.811024,0.338583,-0.480315][0.399175,0.534993,0][-15.413,5.00006,80.0498][-0.88189,0.354331,-0.307087][0.3322,0.604898,0][-15.5192,4.81202,80.1048][-0.811024,0.338583,-0.480315][0.399175,0.534993,0][-15.4147,5.00392,80.0618][-0.874016,0.354331,-0.330709][0.324326,0.599293,0][-15.529,4.81438,80.1166][-0.811024,0.338583,-0.480315][0.40446,0.507222,0][-15.4147,5.00392,80.0618][-0.874016,0.354331,-0.330709][0.324326,0.599293,0][-15.5192,4.81202,80.1048][-0.811024,0.338583,-0.480315][0.399175,0.534993,0][-18.0432,4.57516,80.6484][0.614173,-0.440945,-0.653543][0.03232,0.025978,0][-18.6962,3.93204,80.1242][0.913386,-0.307087,-0.259843][0.027422,0.030738,0][-18.5974,4.45576,80.0672][0.858268,-0.456693,-0.23622][0.026105,0.035217,0][-18.6962,3.93204,80.1242][0.913386,-0.307087,-0.259843][0.027422,0.030738,0][-18.0432,4.57516,80.6484][0.614173,-0.440945,-0.653543][0.03232,0.025978,0][-18.1811,3.81,80.9768][0.700787,-0.346457,-0.622047][0.032477,0.016232,0][-15.974,4.57516,80.6484][-0.614173,-0.440945,-0.653543][0.072837,0.024201,0][-15.321,3.93204,80.1242][-0.913386,-0.307087,-0.259843][0.079102,0.028576,0][-15.8361,3.81,80.9768][-0.700787,-0.346457,-0.622047][0.072421,0.014308,0][-15.321,3.93204,80.1242][-0.913386,-0.307087,-0.259843][0.079102,0.028576,0][-15.974,4.57516,80.6484][-0.614173,-0.440945,-0.653543][0.072837,0.024201,0][-15.4198,4.45576,80.0672][-0.858268,-0.456693,-0.23622][0.080477,0.033049,0][-18.6962,3.93204,80.1242][0.913386,-0.307087,-0.259843][0.027422,0.030738,0][-18.1811,3.81,80.9768][0.700787,-0.346457,-0.622047][0.032477,0.016232,0][-18.3153,3.59078,80.944][0.811024,-0.220472,-0.535433][0.031521,0.016166,0][-18.3153,3.59078,80.944][0.811024,-0.220472,-0.535433][0.031521,0.016166,0][-18.9068,3.30706,80.154][0.968504,-0.0944882,-0.23622][0.027592,0.027031,0][-18.6962,3.93204,80.1242][0.913386,-0.307087,-0.259843][0.027422,0.030738,0][-15.8361,3.81,80.9768][-0.700787,-0.346457,-0.622047][0.072421,0.014308,0][-15.321,3.93204,80.1242][-0.913386,-0.307087,-0.259843][0.079102,0.028576,0][-15.7019,3.59078,80.944][-0.811024,-0.220472,-0.535433][0.073583,0.014137,0][-15.7019,3.59078,80.944][-0.811024,-0.220472,-0.535433][0.073583,0.014137,0][-15.321,3.93204,80.1242][-0.913386,-0.307087,-0.259843][0.079102,0.028576,0][-15.1104,3.30706,80.154][-0.968504,-0.0944882,-0.23622][0.078982,0.024796,0][-18.159,5.66474,79.9716][-0.244094,-0.968504,-0.0551181][0.332659,0.680986,0][-18.242,5.66984,79.9734][0.23622,-0.952756,0.19685][0.323213,0.675418,0][-18.2381,5.66982,79.9614][0.141732,-0.984252,0.102362][0.326362,0.669814,0][-18.159,5.66474,79.9716][-0.244094,-0.968504,-0.0551181][0.332659,0.680986,0][-18.2381,5.66982,79.9614][0.141732,-0.984252,0.102362][0.326362,0.669814,0][-18.1544,5.66656,79.9594][-0.362205,-0.929134,-0.023622][0.337093,0.673694,0][-15.8629,5.66656,79.9594][0.362205,-0.929134,-0.023622][0.337093,0.673694,0][-15.7791,5.66982,79.9614][-0.141732,-0.984252,0.102362][0.326362,0.669814,0][-15.8582,5.66474,79.9716][0.244094,-0.968504,-0.0551181][0.332659,0.680986,0][-15.7752,5.66984,79.9734][-0.23622,-0.952756,0.19685][0.323213,0.675418,0][-15.8582,5.66474,79.9716][0.244094,-0.968504,-0.0551181][0.332659,0.680986,0][-15.7791,5.66982,79.9614][-0.141732,-0.984252,0.102362][0.326362,0.669814,0][-17.0086,5.48588,79.6714][0,-1,0.023622][0.053249,0.051488,0][-17.3536,5.18944,78.6348][0.346457,-0.850394,0.393701][0.048478,0.060289,0][-17.0086,5.20838,78.4786][0,-0.874016,0.488189][0.054121,0.061945,0][-17.3536,5.18944,78.6348][0.346457,-0.850394,0.393701][0.048478,0.060289,0][-17.0086,5.48588,79.6714][0,-1,0.023622][0.053249,0.051488,0][-17.3825,5.4561,79.733][0.204724,-0.976378,-0.00787402][0.045352,0.050372,0][-17.0086,5.48588,79.6714][0,-1,0.023622][0.053249,0.051488,0][-16.6636,5.18944,78.6348][-0.346457,-0.850394,0.393701][0.059597,0.059973,0][-16.6347,5.4561,79.733][-0.204724,-0.976378,-0.00787402][0.061083,0.049855,0][-16.6636,5.18944,78.6348][-0.346457,-0.850394,0.393701][0.059597,0.059973,0][-17.0086,5.48588,79.6714][0,-1,0.023622][0.053249,0.051488,0][-17.0086,5.20838,78.4786][0,-0.874016,0.488189][0.054121,0.061945,0][-17.8222,5.2654,79.5922][0.543307,-0.811024,0.220472][0.037674,0.050092,0][-17.7053,5.347,79.752][0.314961,-0.944882,0.023622][0.039019,0.048771,0][-17.8301,5.2807,79.7688][0.551181,-0.834646,0.0629921][0.036748,0.047717,0][-17.6404,5.19238,79.0994][0.488189,-0.818898,0.299213][0.042775,0.055377,0][-17.7053,5.347,79.752][0.314961,-0.944882,0.023622][0.039019,0.048771,0][-17.8222,5.2654,79.5922][0.543307,-0.811024,0.220472][0.037674,0.050092,0][-16.3119,5.347,79.752][-0.314961,-0.944882,0.023622][0.067514,0.047812,0][-16.195,5.2654,79.5922][-0.543307,-0.811024,0.220472][0.069197,0.049049,0][-16.1871,5.2807,79.7688][-0.551181,-0.834646,0.0629921][0.069823,0.046588,0][-16.195,5.2654,79.5922][-0.543307,-0.811024,0.220472][0.069197,0.049049,0][-16.3119,5.347,79.752][-0.314961,-0.944882,0.023622][0.067514,0.047812,0][-16.3768,5.19238,79.0994][-0.488189,-0.818898,0.299213][0.064759,0.054703,0][-17.3825,5.4561,79.733][0.204724,-0.976378,-0.00787402][0.045352,0.050372,0][-17.6404,5.19238,79.0994][0.488189,-0.818898,0.299213][0.042775,0.055377,0][-17.3536,5.18944,78.6348][0.346457,-0.850394,0.393701][0.048478,0.060289,0][-17.6404,5.19238,79.0994][0.488189,-0.818898,0.299213][0.042775,0.055377,0][-17.3825,5.4561,79.733][0.204724,-0.976378,-0.00787402][0.045352,0.050372,0][-17.7053,5.347,79.752][0.314961,-0.944882,0.023622][0.039019,0.048771,0][-16.6347,5.4561,79.733][-0.204724,-0.976378,-0.00787402][0.061083,0.049855,0][-16.3768,5.19238,79.0994][-0.488189,-0.818898,0.299213][0.064759,0.054703,0][-16.3119,5.347,79.752][-0.314961,-0.944882,0.023622][0.067514,0.047812,0][-16.3768,5.19238,79.0994][-0.488189,-0.818898,0.299213][0.064759,0.054703,0][-16.6347,5.4561,79.733][-0.204724,-0.976378,-0.00787402][0.061083,0.049855,0][-16.6636,5.18944,78.6348][-0.346457,-0.850394,0.393701][0.059597,0.059973,0][-18.6158,5.03064,80.0508][0.984252,0.173228,-0.0551181][0.316429,0.611907,0][-18.6025,5.00392,80.0618][0.874016,0.354331,-0.330709][0.324326,0.599293,0][-18.6042,5.00006,80.0498][0.88189,0.354331,-0.307087][0.3322,0.604898,0][-18.6158,5.03064,80.0508][0.984252,0.173228,-0.0551181][0.316429,0.611907,0][-18.6042,5.00006,80.0498][0.88189,0.354331,-0.307087][0.3322,0.604898,0][-18.6154,5.02798,80.0388][0.984252,0.15748,-0.0472441][0.323199,0.615969,0][-15.4018,5.02798,80.0388][-0.984252,0.15748,-0.0472441][0.323199,0.615969,0][-15.413,5.00006,80.0498][-0.88189,0.354331,-0.307087][0.3322,0.604898,0][-15.4014,5.03064,80.0508][-0.984252,0.173228,-0.0551181][0.316429,0.611907,0][-15.4014,5.03064,80.0508][-0.984252,0.173228,-0.0551181][0.316429,0.611907,0][-15.413,5.00006,80.0498][-0.88189,0.354331,-0.307087][0.3322,0.604898,0][-15.4147,5.00392,80.0618][-0.874016,0.354331,-0.330709][0.324326,0.599293,0][-18.5974,4.45576,80.0672][0.858268,-0.456693,-0.23622][0.026105,0.035217,0][-18.2033,4.89508,79.517][0.732283,-0.645669,0.228346][0.032837,0.046877,0][-18.2643,4.9073,80.0212][0.724409,-0.653543,-0.204724][0.029292,0.039793,0][-18.2033,4.89508,79.517][0.732283,-0.645669,0.228346][0.032837,0.046877,0][-18.5974,4.45576,80.0672][0.858268,-0.456693,-0.23622][0.026105,0.035217,0][-18.4798,4.47462,79.4496][0.850394,-0.472441,0.23622][0.030755,0.043657,0][-18.2643,4.9073,80.0212][0.724409,-0.653543,-0.204724][0.029292,0.039793,0][-18.2033,4.89508,79.517][0.732283,-0.645669,0.228346][0.032837,0.046877,0][-17.8301,5.2807,79.7688][0.551181,-0.834646,0.0629921][0.036748,0.047717,0][-17.8513,5.27178,79.9388][0.543307,-0.826772,-0.149606][0.035628,0.044958,0][-18.2643,4.9073,80.0212][0.724409,-0.653543,-0.204724][0.029292,0.039793,0][-17.8301,5.2807,79.7688][0.551181,-0.834646,0.0629921][0.036748,0.047717,0][-17.8301,5.2807,79.7688][0.551181,-0.834646,0.0629921][0.036748,0.047717,0][-18.2033,4.89508,79.517][0.732283,-0.645669,0.228346][0.032837,0.046877,0][-17.8222,5.2654,79.5922][0.543307,-0.811024,0.220472][0.037674,0.050092,0][-15.4198,4.45576,80.0672][-0.858268,-0.456693,-0.23622][0.080477,0.033049,0][-15.8139,4.89508,79.517][-0.732283,-0.645669,0.228346][0.074318,0.045442,0][-15.5374,4.47462,79.4496][-0.850394,-0.472441,0.23622][0.076573,0.042005,0][-15.8139,4.89508,79.517][-0.732283,-0.645669,0.228346][0.074318,0.045442,0][-15.4198,4.45576,80.0672][-0.858268,-0.456693,-0.23622][0.080477,0.033049,0][-15.7529,4.9073,80.0212][-0.724409,-0.653543,-0.204724][0.077132,0.037985,0][-16.1871,5.2807,79.7688][-0.551181,-0.834646,0.0629921][0.069823,0.046588,0][-15.8139,4.89508,79.517][-0.732283,-0.645669,0.228346][0.074318,0.045442,0][-15.7529,4.9073,80.0212][-0.724409,-0.653543,-0.204724][0.077132,0.037985,0][-15.8139,4.89508,79.517][-0.732283,-0.645669,0.228346][0.074318,0.045442,0][-16.1871,5.2807,79.7688][-0.551181,-0.834646,0.0629921][0.069823,0.046588,0][-16.195,5.2654,79.5922][-0.543307,-0.811024,0.220472][0.069197,0.049049,0][-16.1871,5.2807,79.7688][-0.551181,-0.834646,0.0629921][0.069823,0.046588,0][-15.7529,4.9073,80.0212][-0.724409,-0.653543,-0.204724][0.077132,0.037985,0][-16.1659,5.27178,79.9388][-0.543307,-0.826772,-0.149606][0.070642,0.043719,0][-18.2033,4.89508,79.517][0.732283,-0.645669,0.228346][0.032837,0.046877,0][-17.9052,4.8939,78.8902][0.661417,-0.629921,0.401575][0.03985,0.054179,0][-17.6404,5.19238,79.0994][0.488189,-0.818898,0.299213][0.042775,0.055377,0][-18.2033,4.89508,79.517][0.732283,-0.645669,0.228346][0.032837,0.046877,0][-17.6404,5.19238,79.0994][0.488189,-0.818898,0.299213][0.042775,0.055377,0][-17.8222,5.2654,79.5922][0.543307,-0.811024,0.220472][0.037674,0.050092,0][-16.195,5.2654,79.5922][-0.543307,-0.811024,0.220472][0.069197,0.049049,0][-16.3768,5.19238,79.0994][-0.488189,-0.818898,0.299213][0.064759,0.054703,0][-15.8139,4.89508,79.517][-0.732283,-0.645669,0.228346][0.074318,0.045442,0][-16.112,4.8939,78.8902][-0.661417,-0.629921,0.401575][0.067978,0.0533,0][-15.8139,4.89508,79.517][-0.732283,-0.645669,0.228346][0.074318,0.045442,0][-16.3768,5.19238,79.0994][-0.488189,-0.818898,0.299213][0.064759,0.054703,0][-18.5794,5.41274,79.979][0.897638,-0.401575,-0.173228][0.30042,0.658126,0][-18.6111,5.27396,79.9742][0.92126,-0.125984,-0.362205][0.300163,0.650837,0][-18.6166,5.30282,79.9622][0.834646,-0.19685,-0.511811][0.305163,0.651635,0][-18.5794,5.41274,79.979][0.897638,-0.401575,-0.173228][0.30042,0.658126,0][-18.6166,5.30282,79.9622][0.834646,-0.19685,-0.511811][0.305163,0.651635,0][-18.5829,5.4084,79.9672][0.889764,-0.322835,-0.322835][0.304371,0.656701,0][-15.4344,5.4084,79.9672][-0.889764,-0.322835,-0.322835][0.304371,0.656701,0][-15.4006,5.30282,79.9622][-0.834646,-0.19685,-0.511811][0.305163,0.651635,0][-15.4378,5.41274,79.979][-0.897638,-0.401575,-0.173228][0.30042,0.658126,0][-15.4061,5.27396,79.9742][-0.92126,-0.125984,-0.362205][0.300163,0.650837,0][-15.4378,5.41274,79.979][-0.897638,-0.401575,-0.173228][0.30042,0.658126,0][-15.4006,5.30282,79.9622][-0.834646,-0.19685,-0.511811][0.305163,0.651635,0][-17.3536,5.18944,78.6348][0.346457,-0.850394,0.393701][0.048478,0.060289,0][-17.9052,4.8939,78.8902][0.661417,-0.629921,0.401575][0.03985,0.054179,0][-17.4972,4.88048,78.2986][0.472441,-0.590551,0.653543][0.047181,0.059718,0][-17.9052,4.8939,78.8902][0.661417,-0.629921,0.401575][0.03985,0.054179,0][-17.3536,5.18944,78.6348][0.346457,-0.850394,0.393701][0.048478,0.060289,0][-17.6404,5.19238,79.0994][0.488189,-0.818898,0.299213][0.042775,0.055377,0][-16.52,4.88048,78.2986][-0.472441,-0.590551,0.653543][0.061196,0.059315,0][-16.112,4.8939,78.8902][-0.661417,-0.629921,0.401575][0.067978,0.0533,0][-16.6636,5.18944,78.6348][-0.346457,-0.850394,0.393701][0.059597,0.059973,0][-16.112,4.8939,78.8902][-0.661417,-0.629921,0.401575][0.067978,0.0533,0][-16.3768,5.19238,79.0994][-0.488189,-0.818898,0.299213][0.064759,0.054703,0][-16.6636,5.18944,78.6348][-0.346457,-0.850394,0.393701][0.059597,0.059973,0][-18.2033,4.89508,79.517][0.732283,-0.645669,0.228346][0.032837,0.046877,0][-18.4798,4.47462,79.4496][0.850394,-0.472441,0.23622][0.030755,0.043657,0][-17.9052,4.8939,78.8902][0.661417,-0.629921,0.401575][0.03985,0.054179,0][-18.4798,4.47462,79.4496][0.850394,-0.472441,0.23622][0.030755,0.043657,0][-18.137,4.5077,78.76][0.748031,-0.433071,0.503937][0.037971,0.051498,0][-17.9052,4.8939,78.8902][0.661417,-0.629921,0.401575][0.03985,0.054179,0][-15.8139,4.89508,79.517][-0.732283,-0.645669,0.228346][0.074318,0.045442,0][-16.112,4.8939,78.8902][-0.661417,-0.629921,0.401575][0.067978,0.0533,0][-15.5374,4.47462,79.4496][-0.850394,-0.472441,0.23622][0.076573,0.042005,0][-15.5374,4.47462,79.4496][-0.850394,-0.472441,0.23622][0.076573,0.042005,0][-16.112,4.8939,78.8902][-0.661417,-0.629921,0.401575][0.067978,0.0533,0][-15.8802,4.5077,78.76][-0.748031,-0.433071,0.503937][0.069984,0.050459,0][-18.9068,3.30706,80.154][0.968504,-0.0944882,-0.23622][0.027592,0.027031,0][-18.3153,3.59078,80.944][0.811024,-0.220472,-0.535433][0.031521,0.016166,0][-18.3955,3.05898,80.8728][0.811024,0.0708661,-0.574803][0.032982,0.01574,0][-18.3955,3.05898,80.8728][0.811024,0.0708661,-0.574803][0.032982,0.01574,0][-18.8775,2.80764,80.1612][0.96063,0.212598,-0.19685][0.030153,0.024726,0][-18.9068,3.30706,80.154][0.968504,-0.0944882,-0.23622][0.027592,0.027031,0][-15.7019,3.59078,80.944][-0.811024,-0.220472,-0.535433][0.073583,0.014137,0][-15.1104,3.30706,80.154][-0.968504,-0.0944882,-0.23622][0.078982,0.024796,0][-15.6217,3.05898,80.8728][-0.811024,0.0708661,-0.574803][0.072401,0.013833,0][-15.6217,3.05898,80.8728][-0.811024,0.0708661,-0.574803][0.072401,0.013833,0][-15.1104,3.30706,80.154][-0.968504,-0.0944882,-0.23622][0.078982,0.024796,0][-15.1397,2.80764,80.1612][-0.96063,0.212598,-0.19685][0.076365,0.022671,0][-18.6098,5.17556,80.0118][0.984252,-0.0787402,-0.165354][0.314834,0.628994,0][-18.6166,5.30282,79.9622][0.834646,-0.19685,-0.511811][0.305163,0.651635,0][-18.6111,5.27396,79.9742][0.92126,-0.125984,-0.362205][0.300163,0.650837,0][-18.6111,5.27396,79.9742][0.92126,-0.125984,-0.362205][0.300163,0.650837,0][-18.6103,5.17696,80.0236][0.992126,-0.0629921,-0.11811][0.309272,0.625868,0][-18.6098,5.17556,80.0118][0.984252,-0.0787402,-0.165354][0.314834,0.628994,0][-18.5974,4.45576,80.0672][0.858268,-0.456693,-0.23622][0.026105,0.035217,0][-18.6962,3.93204,80.1242][0.913386,-0.307087,-0.259843][0.027422,0.030738,0][-18.4798,4.47462,79.4496][0.850394,-0.472441,0.23622][0.030755,0.043657,0][-18.6962,3.93204,80.1242][0.913386,-0.307087,-0.259843][0.027422,0.030738,0][-18.7241,3.87484,79.4][0.929134,-0.275591,0.228346][0.030261,0.039475,0][-18.4798,4.47462,79.4496][0.850394,-0.472441,0.23622][0.030755,0.043657,0][-15.4006,5.30282,79.9622][-0.834646,-0.19685,-0.511811][0.305163,0.651635,0][-15.4074,5.17556,80.0118][-0.984252,-0.0787402,-0.165354][0.314834,0.628994,0][-15.4061,5.27396,79.9742][-0.92126,-0.125984,-0.362205][0.300163,0.650837,0][-15.4069,5.17696,80.0236][-0.992126,-0.0629921,-0.11811][0.309272,0.625868,0][-15.4061,5.27396,79.9742][-0.92126,-0.125984,-0.362205][0.300163,0.650837,0][-15.4074,5.17556,80.0118][-0.984252,-0.0787402,-0.165354][0.314834,0.628994,0][-15.5374,4.47462,79.4496][-0.850394,-0.472441,0.23622][0.076573,0.042005,0][-15.321,3.93204,80.1242][-0.913386,-0.307087,-0.259843][0.079102,0.028576,0][-15.4198,4.45576,80.0672][-0.858268,-0.456693,-0.23622][0.080477,0.033049,0][-15.321,3.93204,80.1242][-0.913386,-0.307087,-0.259843][0.079102,0.028576,0][-15.5374,4.47462,79.4496][-0.850394,-0.472441,0.23622][0.076573,0.042005,0][-15.2931,3.87484,79.4][-0.929134,-0.275591,0.228346][0.077131,0.037698,0][-18.6962,3.93204,80.1242][0.913386,-0.307087,-0.259843][0.027422,0.030738,0][-18.9068,3.30706,80.154][0.968504,-0.0944882,-0.23622][0.027592,0.027031,0][-18.7241,3.87484,79.4][0.929134,-0.275591,0.228346][0.030261,0.039475,0][-18.9068,3.30706,80.154][0.968504,-0.0944882,-0.23622][0.027592,0.027031,0][-18.8212,3.2555,79.377][0.968504,-0.023622,0.251969][0.031622,0.035743,0][-18.7241,3.87484,79.4][0.929134,-0.275591,0.228346][0.030261,0.039475,0][-15.2931,3.87484,79.4][-0.929134,-0.275591,0.228346][0.077131,0.037698,0][-15.1104,3.30706,80.154][-0.968504,-0.0944882,-0.23622][0.078982,0.024796,0][-15.321,3.93204,80.1242][-0.913386,-0.307087,-0.259843][0.079102,0.028576,0][-15.1104,3.30706,80.154][-0.968504,-0.0944882,-0.23622][0.078982,0.024796,0][-15.2931,3.87484,79.4][-0.929134,-0.275591,0.228346][0.077131,0.037698,0][-15.196,3.2555,79.377][-0.968504,-0.023622,0.251969][0.07572,0.034,0][-18.4798,4.47462,79.4496][0.850394,-0.472441,0.23622][0.030755,0.043657,0][-18.7241,3.87484,79.4][0.929134,-0.275591,0.228346][0.030261,0.039475,0][-18.137,4.5077,78.76][0.748031,-0.433071,0.503937][0.037971,0.051498,0][-18.7241,3.87484,79.4][0.929134,-0.275591,0.228346][0.030261,0.039475,0][-18.342,3.95892,78.6458][0.771654,-0.259843,0.582677][0.037202,0.047754,0][-18.137,4.5077,78.76][0.748031,-0.433071,0.503937][0.037971,0.051498,0][-15.5374,4.47462,79.4496][-0.850394,-0.472441,0.23622][0.076573,0.042005,0][-15.8802,4.5077,78.76][-0.748031,-0.433071,0.503937][0.069984,0.050459,0][-15.2931,3.87484,79.4][-0.929134,-0.275591,0.228346][0.077131,0.037698,0][-15.2931,3.87484,79.4][-0.929134,-0.275591,0.228346][0.077131,0.037698,0][-15.8802,4.5077,78.76][-0.748031,-0.433071,0.503937][0.069984,0.050459,0][-15.6752,3.95892,78.6458][-0.771654,-0.259843,0.582677][0.070793,0.046608,0][-17.9052,4.8939,78.8902][0.661417,-0.629921,0.401575][0.03985,0.054179,0][-18.137,4.5077,78.76][0.748031,-0.433071,0.503937][0.037971,0.051498,0][-17.4972,4.88048,78.2986][0.472441,-0.590551,0.653543][0.047181,0.059718,0][-18.137,4.5077,78.76][0.748031,-0.433071,0.503937][0.037971,0.051498,0][-17.6277,4.44326,78.126][0.488189,-0.275591,0.826772][0.046236,0.056559,0][-17.4972,4.88048,78.2986][0.472441,-0.590551,0.653543][0.047181,0.059718,0][-16.112,4.8939,78.8902][-0.661417,-0.629921,0.401575][0.067978,0.0533,0][-16.52,4.88048,78.2986][-0.472441,-0.590551,0.653543][0.061196,0.059315,0][-15.8802,4.5077,78.76][-0.748031,-0.433071,0.503937][0.069984,0.050459,0][-16.3895,4.44326,78.126][-0.488189,-0.275591,0.826772][0.062191,0.056078,0][-15.8802,4.5077,78.76][-0.748031,-0.433071,0.503937][0.069984,0.050459,0][-16.52,4.88048,78.2986][-0.472441,-0.590551,0.653543][0.061196,0.059315,0][-18.5096,5.54116,79.9716][0.574803,-0.76378,0.291339][0.30256,0.663182,0][-18.2381,5.66982,79.9614][0.141732,-0.984252,0.102362][0.326362,0.669814,0][-18.242,5.66984,79.9734][0.23622,-0.952756,0.19685][0.323213,0.675418,0][-18.2381,5.66982,79.9614][0.141732,-0.984252,0.102362][0.326362,0.669814,0][-18.5096,5.54116,79.9716][0.574803,-0.76378,0.291339][0.30256,0.663182,0][-18.5133,5.53048,79.9596][0.76378,-0.622047,0.15748][0.305862,0.660544,0][-18.6154,5.02798,80.0388][0.984252,0.15748,-0.0472441][0.323199,0.615969,0][-18.6098,5.17556,80.0118][0.984252,-0.0787402,-0.165354][0.314834,0.628994,0][-18.6103,5.17696,80.0236][0.992126,-0.0629921,-0.11811][0.309272,0.625868,0][-18.6103,5.17696,80.0236][0.992126,-0.0629921,-0.11811][0.309272,0.625868,0][-18.6158,5.03064,80.0508][0.984252,0.173228,-0.0551181][0.316429,0.611907,0][-18.6154,5.02798,80.0388][0.984252,0.15748,-0.0472441][0.323199,0.615969,0][-15.7791,5.66982,79.9614][-0.141732,-0.984252,0.102362][0.326362,0.669814,0][-15.5076,5.54116,79.9716][-0.574803,-0.76378,0.291339][0.30256,0.663182,0][-15.7752,5.66984,79.9734][-0.23622,-0.952756,0.19685][0.323213,0.675418,0][-15.5076,5.54116,79.9716][-0.574803,-0.76378,0.291339][0.30256,0.663182,0][-15.7791,5.66982,79.9614][-0.141732,-0.984252,0.102362][0.326362,0.669814,0][-15.5039,5.53048,79.9596][-0.76378,-0.622047,0.15748][0.305862,0.660544,0][-15.4074,5.17556,80.0118][-0.984252,-0.0787402,-0.165354][0.314834,0.628994,0][-15.4018,5.02798,80.0388][-0.984252,0.15748,-0.0472441][0.323199,0.615969,0][-15.4069,5.17696,80.0236][-0.992126,-0.0629921,-0.11811][0.309272,0.625868,0][-15.4014,5.03064,80.0508][-0.984252,0.173228,-0.0551181][0.316429,0.611907,0][-15.4069,5.17696,80.0236][-0.992126,-0.0629921,-0.11811][0.309272,0.625868,0][-15.4018,5.02798,80.0388][-0.984252,0.15748,-0.0472441][0.323199,0.615969,0][-17.4972,4.88048,78.2986][0.472441,-0.590551,0.653543][0.047181,0.059718,0][-17.0086,5.20838,78.4786][0,-0.874016,0.488189][0.054121,0.061945,0][-17.3536,5.18944,78.6348][0.346457,-0.850394,0.393701][0.048478,0.060289,0][-17.0086,5.20838,78.4786][0,-0.874016,0.488189][0.054121,0.061945,0][-17.4972,4.88048,78.2986][0.472441,-0.590551,0.653543][0.047181,0.059718,0][-17.0086,4.8735,78.0978][0,-0.559055,0.826772][0.054269,0.06123,0][-16.52,4.88048,78.2986][-0.472441,-0.590551,0.653543][0.061196,0.059315,0][-17.0086,5.20838,78.4786][0,-0.874016,0.488189][0.054121,0.061945,0][-17.0086,4.8735,78.0978][0,-0.559055,0.826772][0.054269,0.06123,0][-17.0086,5.20838,78.4786][0,-0.874016,0.488189][0.054121,0.061945,0][-16.52,4.88048,78.2986][-0.472441,-0.590551,0.653543][0.061196,0.059315,0][-16.6636,5.18944,78.6348][-0.346457,-0.850394,0.393701][0.059597,0.059973,0][-18.8775,2.80764,80.1612][0.96063,0.212598,-0.19685][0.030153,0.024726,0][-18.3955,3.05898,80.8728][0.811024,0.0708661,-0.574803][0.032982,0.01574,0][-18.3723,2.59292,80.8162][0.76378,0.377953,-0.519685][0.035177,0.015305,0][-18.3723,2.59292,80.8162][0.76378,0.377953,-0.519685][0.035177,0.015305,0][-18.7419,2.42066,80.1474][0.850394,0.511811,-0.141732][0.033194,0.023359,0][-18.8775,2.80764,80.1612][0.96063,0.212598,-0.19685][0.030153,0.024726,0][-15.6217,3.05898,80.8728][-0.811024,0.0708661,-0.574803][0.072401,0.013833,0][-15.1397,2.80764,80.1612][-0.96063,0.212598,-0.19685][0.076365,0.022671,0][-15.6449,2.59292,80.8162][-0.76378,0.377953,-0.519685][0.070358,0.013598,0][-15.6449,2.59292,80.8162][-0.76378,0.377953,-0.519685][0.070358,0.013598,0][-15.1397,2.80764,80.1612][-0.96063,0.212598,-0.19685][0.076365,0.022671,0][-15.2753,2.42066,80.1474][-0.850394,0.511811,-0.141732][0.073267,0.021556,0][-18.7241,3.87484,79.4][0.929134,-0.275591,0.228346][0.030261,0.039475,0][-18.4731,3.3578,78.5854][0.795276,-0.0551181,0.606299][0.037424,0.043906,0][-18.342,3.95892,78.6458][0.771654,-0.259843,0.582677][0.037202,0.047754,0][-18.4731,3.3578,78.5854][0.795276,-0.0551181,0.606299][0.037424,0.043906,0][-18.7241,3.87484,79.4][0.929134,-0.275591,0.228346][0.030261,0.039475,0][-18.8212,3.2555,79.377][0.968504,-0.023622,0.251969][0.031622,0.035743,0][-15.2931,3.87484,79.4][-0.929134,-0.275591,0.228346][0.077131,0.037698,0][-15.5441,3.3578,78.5854][-0.795276,-0.0551181,0.606299][0.07052,0.04272,0][-15.196,3.2555,79.377][-0.968504,-0.023622,0.251969][0.07572,0.034,0][-15.5441,3.3578,78.5854][-0.795276,-0.0551181,0.606299][0.07052,0.04272,0][-15.2931,3.87484,79.4][-0.929134,-0.275591,0.228346][0.077131,0.037698,0][-15.6752,3.95892,78.6458][-0.771654,-0.259843,0.582677][0.070793,0.046608,0][-18.5794,5.41274,79.979][0.897638,-0.401575,-0.173228][0.30042,0.658126,0][-18.5133,5.53048,79.9596][0.76378,-0.622047,0.15748][0.305862,0.660544,0][-18.5096,5.54116,79.9716][0.574803,-0.76378,0.291339][0.30256,0.663182,0][-18.5133,5.53048,79.9596][0.76378,-0.622047,0.15748][0.305862,0.660544,0][-18.5794,5.41274,79.979][0.897638,-0.401575,-0.173228][0.30042,0.658126,0][-18.5829,5.4084,79.9672][0.889764,-0.322835,-0.322835][0.304371,0.656701,0][-15.5039,5.53048,79.9596][-0.76378,-0.622047,0.15748][0.305862,0.660544,0][-15.4378,5.41274,79.979][-0.897638,-0.401575,-0.173228][0.30042,0.658126,0][-15.5076,5.54116,79.9716][-0.574803,-0.76378,0.291339][0.30256,0.663182,0][-15.4378,5.41274,79.979][-0.897638,-0.401575,-0.173228][0.30042,0.658126,0][-15.5039,5.53048,79.9596][-0.76378,-0.622047,0.15748][0.305862,0.660544,0][-15.4344,5.4084,79.9672][-0.889764,-0.322835,-0.322835][0.304371,0.656701,0][-16.3194,2.26414,79.5912][0.023622,1,-0.0393701][0.060686,0.027593,0][-15.9493,2.17948,79.5612][0.0314961,1,0][0.064486,0.027399,0][-16.0944,2.17008,79.0654][-0.0393701,1,-0.023622][0.062699,0.032154,0][-15.9493,2.17948,79.5612][0.0314961,1,0][0.064486,0.027399,0][-16.3194,2.26414,79.5912][0.023622,1,-0.0393701][0.060686,0.027593,0][-16.1329,2.26418,79.9828][0.0866142,0.992126,0.0787402][0.062884,0.02335,0][-18.0679,2.17948,79.5612][-0.0314961,1,0][0.042339,0.028343,0][-17.6978,2.26414,79.5912][-0.023622,1,-0.0393701][0.046049,0.028216,0][-17.9228,2.17008,79.0654][0.0393701,1,-0.023622][0.044532,0.032891,0][-17.6978,2.26414,79.5912][-0.023622,1,-0.0393701][0.046049,0.028216,0][-18.0679,2.17948,79.5612][-0.0314961,1,0][0.042339,0.028343,0][-17.8843,2.26418,79.9828][-0.0866142,0.992126,0.0787402][0.043496,0.024211,0][-18.137,4.5077,78.76][0.748031,-0.433071,0.503937][0.037971,0.051498,0][-17.7287,3.87304,78.1342][0.440945,-0.133858,0.88189][0.045724,0.051362,0][-17.6277,4.44326,78.126][0.488189,-0.275591,0.826772][0.046236,0.056559,0][-17.7287,3.87304,78.1342][0.440945,-0.133858,0.88189][0.045724,0.051362,0][-18.137,4.5077,78.76][0.748031,-0.433071,0.503937][0.037971,0.051498,0][-18.342,3.95892,78.6458][0.771654,-0.259843,0.582677][0.037202,0.047754,0][-16.2885,3.87304,78.1342][-0.440945,-0.133858,0.88189][0.062547,0.050816,0][-15.8802,4.5077,78.76][-0.748031,-0.433071,0.503937][0.069984,0.050459,0][-16.3895,4.44326,78.126][-0.488189,-0.275591,0.826772][0.062191,0.056078,0][-15.8802,4.5077,78.76][-0.748031,-0.433071,0.503937][0.069984,0.050459,0][-16.2885,3.87304,78.1342][-0.440945,-0.133858,0.88189][0.062547,0.050816,0][-15.6752,3.95892,78.6458][-0.771654,-0.259843,0.582677][0.070793,0.046608,0][-16.1329,2.26418,79.9828][0.0866142,0.992126,0.0787402][0.062884,0.02335,0][-15.7697,2.15536,80.158][-0.11811,0.992126,-0.0472441][0.066885,0.020849,0][-15.9493,2.17948,79.5612][0.0314961,1,0][0.064486,0.027399,0][-15.7697,2.15536,80.158][-0.11811,0.992126,-0.0472441][0.066885,0.020849,0][-16.1329,2.26418,79.9828][0.0866142,0.992126,0.0787402][0.062884,0.02335,0][-16.1049,2.1537,80.429][-0.0472441,1,0.023622][0.063284,0.017846,0][-18.2475,2.15536,80.158][0.11811,0.992126,-0.0472441][0.039404,0.022097,0][-17.8843,2.26418,79.9828][-0.0866142,0.992126,0.0787402][0.043496,0.024211,0][-18.0679,2.17948,79.5612][-0.0314961,1,0][0.042339,0.028343,0][-17.8843,2.26418,79.9828][-0.0866142,0.992126,0.0787402][0.043496,0.024211,0][-18.2475,2.15536,80.158][0.11811,0.992126,-0.0472441][0.039404,0.022097,0][-17.9124,2.1537,80.429][0.0472441,1,0.023622][0.042637,0.018813,0][-16.6267,2.22812,79.3588][-0.0787402,0.992126,-0.0551181][0.057398,0.029881,0][-16.0944,2.17008,79.0654][-0.0393701,1,-0.023622][0.062699,0.032154,0][-16.4564,2.15318,78.7518][-0.0787402,1,-0.00787402][0.059032,0.034974,0][-16.0944,2.17008,79.0654][-0.0393701,1,-0.023622][0.062699,0.032154,0][-16.6267,2.22812,79.3588][-0.0787402,0.992126,-0.0551181][0.057398,0.029881,0][-16.3194,2.26414,79.5912][0.023622,1,-0.0393701][0.060686,0.027593,0][-17.3906,2.22812,79.3588][0.0787402,0.992126,-0.0551181][0.04952,0.03021,0][-17.9228,2.17008,79.0654][0.0393701,1,-0.023622][0.044532,0.032891,0][-17.6978,2.26414,79.5912][-0.023622,1,-0.0393701][0.046049,0.028216,0][-17.9228,2.17008,79.0654][0.0393701,1,-0.023622][0.044532,0.032891,0][-17.3906,2.22812,79.3588][0.0787402,0.992126,-0.0551181][0.04952,0.03021,0][-17.5608,2.15318,78.7518][0.0787402,1,-0.00787402][0.048408,0.035393,0][-18.342,3.95892,78.6458][0.771654,-0.259843,0.582677][0.037202,0.047754,0][-17.7835,3.25732,78.0622][0.409449,-0.0708661,0.913386][0.045941,0.047372,0][-17.7287,3.87304,78.1342][0.440945,-0.133858,0.88189][0.045724,0.051362,0][-17.7835,3.25732,78.0622][0.409449,-0.0708661,0.913386][0.045941,0.047372,0][-18.342,3.95892,78.6458][0.771654,-0.259843,0.582677][0.037202,0.047754,0][-18.4731,3.3578,78.5854][0.795276,-0.0551181,0.606299][0.037424,0.043906,0][-16.2337,3.25732,78.0622][-0.409449,-0.0708661,0.913386][0.062247,0.046815,0][-15.6752,3.95892,78.6458][-0.771654,-0.259843,0.582677][0.070793,0.046608,0][-16.2885,3.87304,78.1342][-0.440945,-0.133858,0.88189][0.062547,0.050816,0][-15.6752,3.95892,78.6458][-0.771654,-0.259843,0.582677][0.070793,0.046608,0][-16.2337,3.25732,78.0622][-0.409449,-0.0708661,0.913386][0.062247,0.046815,0][-15.5441,3.3578,78.5854][-0.795276,-0.0551181,0.606299][0.07052,0.04272,0][-17.0086,2.17234,79.2708][0,1,-0.0551181][0.053491,0.030647,0][-16.4564,2.15318,78.7518][-0.0787402,1,-0.00787402][0.059032,0.034974,0][-17.0086,2.09852,78.627][0,1,0][0.053754,0.035975,0][-16.4564,2.15318,78.7518][-0.0787402,1,-0.00787402][0.059032,0.034974,0][-17.0086,2.17234,79.2708][0,1,-0.0551181][0.053491,0.030647,0][-16.6267,2.22812,79.3588][-0.0787402,0.992126,-0.0551181][0.057398,0.029881,0][-18.9068,3.30706,80.154][0.968504,-0.0944882,-0.23622][0.027592,0.027031,0][-18.7028,2.85264,79.3786][0.92126,0.275591,0.267717][0.034341,0.033476,0][-18.8212,3.2555,79.377][0.968504,-0.023622,0.251969][0.031622,0.035743,0][-18.7028,2.85264,79.3786][0.92126,0.275591,0.267717][0.034341,0.033476,0][-18.9068,3.30706,80.154][0.968504,-0.0944882,-0.23622][0.027592,0.027031,0][-18.8775,2.80764,80.1612][0.96063,0.212598,-0.19685][0.030153,0.024726,0][-15.1104,3.30706,80.154][-0.968504,-0.0944882,-0.23622][0.078982,0.024796,0][-15.3144,2.85264,79.3786][-0.92126,0.275591,0.267717][0.072887,0.031915,0][-15.1397,2.80764,80.1612][-0.96063,0.212598,-0.19685][0.076365,0.022671,0][-15.3144,2.85264,79.3786][-0.92126,0.275591,0.267717][0.072887,0.031915,0][-15.1104,3.30706,80.154][-0.968504,-0.0944882,-0.23622][0.078982,0.024796,0][-15.196,3.2555,79.377][-0.968504,-0.023622,0.251969][0.07572,0.034,0][-17.4972,4.88048,78.2986][0.472441,-0.590551,0.653543][0.047181,0.059718,0][-17.0086,4.40196,77.9478][0,-0.165354,0.984252][0.054261,0.057417,0][-17.0086,4.8735,78.0978][0,-0.559055,0.826772][0.054269,0.06123,0][-17.0086,4.40196,77.9478][0,-0.165354,0.984252][0.054261,0.057417,0][-17.4972,4.88048,78.2986][0.472441,-0.590551,0.653543][0.047181,0.059718,0][-17.6277,4.44326,78.126][0.488189,-0.275591,0.826772][0.046236,0.056559,0][-17.0086,4.40196,77.9478][0,-0.165354,0.984252][0.054261,0.057417,0][-16.52,4.88048,78.2986][-0.472441,-0.590551,0.653543][0.061196,0.059315,0][-17.0086,4.8735,78.0978][0,-0.559055,0.826772][0.054269,0.06123,0][-16.52,4.88048,78.2986][-0.472441,-0.590551,0.653543][0.061196,0.059315,0][-17.0086,4.40196,77.9478][0,-0.165354,0.984252][0.054261,0.057417,0][-16.3895,4.44326,78.126][-0.488189,-0.275591,0.826772][0.062191,0.056078,0][-18.4447,2.8557,78.5886][0.795276,0.220472,0.559055][0.03889,0.04074,0][-18.8212,3.2555,79.377][0.968504,-0.023622,0.251969][0.031622,0.035743,0][-18.7028,2.85264,79.3786][0.92126,0.275591,0.267717][0.034341,0.033476,0][-18.8212,3.2555,79.377][0.968504,-0.023622,0.251969][0.031622,0.035743,0][-18.4447,2.8557,78.5886][0.795276,0.220472,0.559055][0.03889,0.04074,0][-18.4731,3.3578,78.5854][0.795276,-0.0551181,0.606299][0.037424,0.043906,0][-15.196,3.2555,79.377][-0.968504,-0.023622,0.251969][0.07572,0.034,0][-15.5725,2.8557,78.5886][-0.795276,0.220472,0.559055][0.068937,0.039622,0][-15.3144,2.85264,79.3786][-0.92126,0.275591,0.267717][0.072887,0.031915,0][-15.5725,2.8557,78.5886][-0.795276,0.220472,0.559055][0.068937,0.039622,0][-15.196,3.2555,79.377][-0.968504,-0.023622,0.251969][0.07572,0.034,0][-15.5441,3.3578,78.5854][-0.795276,-0.0551181,0.606299][0.07052,0.04272,0][-18.1392,2.20738,78.8][0.448819,0.858268,0.23622][0.042737,0.035456,0][-17.5608,2.15318,78.7518][0.0787402,1,-0.00787402][0.048408,0.035393,0][-17.6663,2.20096,78.3734][0.283465,0.88189,0.370079][0.047726,0.038741,0][-17.5608,2.15318,78.7518][0.0787402,1,-0.00787402][0.048408,0.035393,0][-18.1392,2.20738,78.8][0.448819,0.858268,0.23622][0.042737,0.035456,0][-17.9228,2.17008,79.0654][0.0393701,1,-0.023622][0.044532,0.032891,0][-17.5608,2.15318,78.7518][0.0787402,1,-0.00787402][0.048408,0.035393,0][-17.0086,2.17234,79.2708][0,1,-0.0551181][0.053491,0.030647,0][-17.0086,2.09852,78.627][0,1,0][0.053754,0.035975,0][-17.0086,2.17234,79.2708][0,1,-0.0551181][0.053491,0.030647,0][-17.5608,2.15318,78.7518][0.0787402,1,-0.00787402][0.048408,0.035393,0][-17.3906,2.22812,79.3588][0.0787402,0.992126,-0.0551181][0.04952,0.03021,0][-17.6978,2.26414,79.5912][-0.023622,1,-0.0393701][0.046049,0.028216,0][-17.0086,2.1581,79.6572][0,1,0.0472441][0.053313,0.026829,0][-17.3906,2.22812,79.3588][0.0787402,0.992126,-0.0551181][0.04952,0.03021,0][-17.0086,2.1581,79.6572][0,1,0.0472441][0.053313,0.026829,0][-17.0086,2.17234,79.2708][0,1,-0.0551181][0.053491,0.030647,0][-17.3906,2.22812,79.3588][0.0787402,0.992126,-0.0551181][0.04952,0.03021,0][-16.6267,2.22812,79.3588][-0.0787402,0.992126,-0.0551181][0.057398,0.029881,0][-17.0086,2.1581,79.6572][0,1,0.0472441][0.053313,0.026829,0][-16.3194,2.26414,79.5912][0.023622,1,-0.0393701][0.060686,0.027593,0][-17.0086,2.1581,79.6572][0,1,0.0472441][0.053313,0.026829,0][-16.6267,2.22812,79.3588][-0.0787402,0.992126,-0.0551181][0.057398,0.029881,0][-17.0086,2.17234,79.2708][0,1,-0.0551181][0.053491,0.030647,0][-17.0086,2.1581,79.6572][0,1,0.0472441][0.053313,0.026829,0][-17.6978,2.26414,79.5912][-0.023622,1,-0.0393701][0.046049,0.028216,0][-17.0086,2.14846,79.9164][0,0.992126,0.110236][0.053187,0.024101,0][-17.8843,2.26418,79.9828][-0.0866142,0.992126,0.0787402][0.043496,0.024211,0][-17.0086,2.14846,79.9164][0,0.992126,0.110236][0.053187,0.024101,0][-17.6978,2.26414,79.5912][-0.023622,1,-0.0393701][0.046049,0.028216,0][-17.7287,3.87304,78.1342][0.440945,-0.133858,0.88189][0.045724,0.051362,0][-17.0086,4.40196,77.9478][0,-0.165354,0.984252][0.054261,0.057417,0][-17.6277,4.44326,78.126][0.488189,-0.275591,0.826772][0.046236,0.056559,0][-17.0086,4.40196,77.9478][0,-0.165354,0.984252][0.054261,0.057417,0][-17.7287,3.87304,78.1342][0.440945,-0.133858,0.88189][0.045724,0.051362,0][-17.0086,3.77278,77.9892][0,-0.0551181,1][0.054154,0.051481,0][-17.0086,3.77278,77.9892][0,-0.0551181,1][0.054154,0.051481,0][-17.7835,3.25732,78.0622][0.409449,-0.0708661,0.913386][0.045941,0.047372,0][-17.0086,3.11324,77.9226][0,-0.0708661,1][0.054104,0.047232,0][-17.0086,3.77278,77.9892][0,-0.0551181,1][0.054154,0.051481,0][-17.7287,3.87304,78.1342][0.440945,-0.133858,0.88189][0.045724,0.051362,0][-17.7835,3.25732,78.0622][0.409449,-0.0708661,0.913386][0.045941,0.047372,0][-17.0086,2.14846,79.9164][0,0.992126,0.110236][0.053187,0.024101,0][-17.8843,2.26418,79.9828][-0.0866142,0.992126,0.0787402][0.043496,0.024211,0][-17.0086,2.08714,80.4662][0,1,0.0787402][0.052898,0.017711,0][-17.9124,2.1537,80.429][0.0472441,1,0.023622][0.042637,0.018813,0][-17.0086,2.08714,80.4662][0,1,0.0787402][0.052898,0.017711,0][-17.8843,2.26418,79.9828][-0.0866142,0.992126,0.0787402][0.043496,0.024211,0][-17.716,2.15306,80.8638][0.0866142,0.992126,-0.0314961][0.044197,0.013293,0][-17.0086,2.08714,80.4662][0,1,0.0787402][0.052898,0.017711,0][-17.9124,2.1537,80.429][0.0472441,1,0.023622][0.042637,0.018813,0][-17.0086,2.08714,80.4662][0,1,0.0787402][0.052898,0.017711,0][-17.716,2.15306,80.8638][0.0866142,0.992126,-0.0314961][0.044197,0.013293,0][-17.0086,2.08248,80.8888][0,1,-0.015748][0.05265,0.012413,0][-17.0086,2.14846,79.9164][0,0.992126,0.110236][0.053187,0.024101,0][-16.1329,2.26418,79.9828][0.0866142,0.992126,0.0787402][0.062884,0.02335,0][-16.3194,2.26414,79.5912][0.023622,1,-0.0393701][0.060686,0.027593,0][-17.0086,2.14846,79.9164][0,0.992126,0.110236][0.053187,0.024101,0][-16.3194,2.26414,79.5912][0.023622,1,-0.0393701][0.060686,0.027593,0][-17.0086,2.1581,79.6572][0,1,0.0472441][0.053313,0.026829,0][-17.0086,2.08714,80.4662][0,1,0.0787402][0.052898,0.017711,0][-16.1329,2.26418,79.9828][0.0866142,0.992126,0.0787402][0.062884,0.02335,0][-17.0086,2.14846,79.9164][0,0.992126,0.110236][0.053187,0.024101,0][-16.1329,2.26418,79.9828][0.0866142,0.992126,0.0787402][0.062884,0.02335,0][-17.0086,2.08714,80.4662][0,1,0.0787402][0.052898,0.017711,0][-16.1049,2.1537,80.429][-0.0472441,1,0.023622][0.063284,0.017846,0][-17.0086,2.08714,80.4662][0,1,0.0787402][0.052898,0.017711,0][-16.3012,2.15306,80.8638][-0.0866142,0.992126,-0.0314961][0.06118,0.012457,0][-16.1049,2.1537,80.429][-0.0472441,1,0.023622][0.063284,0.017846,0][-16.3012,2.15306,80.8638][-0.0866142,0.992126,-0.0314961][0.06118,0.012457,0][-17.0086,2.08714,80.4662][0,1,0.0787402][0.052898,0.017711,0][-17.0086,2.08248,80.8888][0,1,-0.015748][0.05265,0.012413,0][-17.7835,3.25732,78.0622][0.409449,-0.0708661,0.913386][0.045941,0.047372,0][-18.4731,3.3578,78.5854][0.795276,-0.0551181,0.606299][0.037424,0.043906,0][-18.4447,2.8557,78.5886][0.795276,0.220472,0.559055][0.03889,0.04074,0][-17.7835,3.25732,78.0622][0.409449,-0.0708661,0.913386][0.045941,0.047372,0][-18.4447,2.8557,78.5886][0.795276,0.220472,0.559055][0.03889,0.04074,0][-17.7783,2.747,78.067][0.440945,0.141732,0.88189][0.046509,0.044107,0][-15.6449,2.59292,80.8162][-0.76378,0.377953,-0.519685][0.070358,0.013598,0][-15.2753,2.42066,80.1474][-0.850394,0.511811,-0.141732][0.073267,0.021556,0][-15.7635,2.32394,80.7442][-0.543307,0.76378,-0.354331][0.067988,0.014072,0][-15.7635,2.32394,80.7442][-0.543307,0.76378,-0.354331][0.067988,0.014072,0][-15.2753,2.42066,80.1474][-0.850394,0.511811,-0.141732][0.073267,0.021556,0][-15.5258,2.21608,80.1106][-0.543307,0.834646,-0.0787402][0.069721,0.021453,0][-16.2337,3.25732,78.0622][-0.409449,-0.0708661,0.913386][0.062247,0.046815,0][-15.5725,2.8557,78.5886][-0.795276,0.220472,0.559055][0.068937,0.039622,0][-15.5441,3.3578,78.5854][-0.795276,-0.0551181,0.606299][0.07052,0.04272,0][-15.5725,2.8557,78.5886][-0.795276,0.220472,0.559055][0.068937,0.039622,0][-16.2337,3.25732,78.0622][-0.409449,-0.0708661,0.913386][0.062247,0.046815,0][-16.2389,2.747,78.067][-0.440945,0.141732,0.88189][0.061568,0.043571,0][-16.2885,3.87304,78.1342][-0.440945,-0.133858,0.88189][0.062547,0.050816,0][-17.0086,4.40196,77.9478][0,-0.165354,0.984252][0.054261,0.057417,0][-17.0086,3.77278,77.9892][0,-0.0551181,1][0.054154,0.051481,0][-17.0086,4.40196,77.9478][0,-0.165354,0.984252][0.054261,0.057417,0][-16.2885,3.87304,78.1342][-0.440945,-0.133858,0.88189][0.062547,0.050816,0][-16.3895,4.44326,78.126][-0.488189,-0.275591,0.826772][0.062191,0.056078,0][-17.0086,3.11324,77.9226][0,-0.0708661,1][0.054104,0.047232,0][-17.7835,3.25732,78.0622][0.409449,-0.0708661,0.913386][0.045941,0.047372,0][-17.7783,2.747,78.067][0.440945,0.141732,0.88189][0.046509,0.044107,0][-17.0086,3.11324,77.9226][0,-0.0708661,1][0.054104,0.047232,0][-17.7783,2.747,78.067][0.440945,0.141732,0.88189][0.046509,0.044107,0][-17.0086,2.59808,77.8838][0,0.141732,0.992126][0.054067,0.044371,0][-17.0086,3.11324,77.9226][0,-0.0708661,1][0.054104,0.047232,0][-16.2389,2.747,78.067][-0.440945,0.141732,0.88189][0.061568,0.043571,0][-16.2337,3.25732,78.0622][-0.409449,-0.0708661,0.913386][0.062247,0.046815,0][-16.2389,2.747,78.067][-0.440945,0.141732,0.88189][0.061568,0.043571,0][-17.0086,3.11324,77.9226][0,-0.0708661,1][0.054104,0.047232,0][-17.0086,2.59808,77.8838][0,0.141732,0.992126][0.054067,0.044371,0][-16.2337,3.25732,78.0622][-0.409449,-0.0708661,0.913386][0.062247,0.046815,0][-17.0086,3.77278,77.9892][0,-0.0551181,1][0.054154,0.051481,0][-17.0086,3.11324,77.9226][0,-0.0708661,1][0.054104,0.047232,0][-17.0086,3.77278,77.9892][0,-0.0551181,1][0.054154,0.051481,0][-16.2337,3.25732,78.0622][-0.409449,-0.0708661,0.913386][0.062247,0.046815,0][-16.2885,3.87304,78.1342][-0.440945,-0.133858,0.88189][0.062547,0.050816,0][-17.0086,2.59808,77.8838][0,0.141732,0.992126][0.054067,0.044371,0][-16.2827,2.39396,78.1708][-0.440945,0.519685,0.732283][0.0608,0.040821,0][-16.2389,2.747,78.067][-0.440945,0.141732,0.88189][0.061568,0.043571,0][-16.2827,2.39396,78.1708][-0.440945,0.519685,0.732283][0.0608,0.040821,0][-17.0086,2.59808,77.8838][0,0.141732,0.992126][0.054067,0.044371,0][-17.0086,2.28774,77.9606][0,0.559055,0.826772][0.054013,0.042105,0][-18.0358,2.18942,80.7478][0.212598,0.968504,-0.141732][0.04055,0.015055,0][-17.9124,2.1537,80.429][0.0472441,1,0.023622][0.042637,0.018813,0][-18.2475,2.15536,80.158][0.11811,0.992126,-0.0472441][0.039404,0.022097,0][-17.9124,2.1537,80.429][0.0472441,1,0.023622][0.042637,0.018813,0][-18.0358,2.18942,80.7478][0.212598,0.968504,-0.141732][0.04055,0.015055,0][-17.716,2.15306,80.8638][0.0866142,0.992126,-0.0314961][0.044197,0.013293,0][-15.9814,2.18942,80.7478][-0.212598,0.968504,-0.141732][0.06503,0.013867,0][-16.1049,2.1537,80.429][-0.0472441,1,0.023622][0.063284,0.017846,0][-16.3012,2.15306,80.8638][-0.0866142,0.992126,-0.0314961][0.06118,0.012457,0][-16.1049,2.1537,80.429][-0.0472441,1,0.023622][0.063284,0.017846,0][-15.9814,2.18942,80.7478][-0.212598,0.968504,-0.141732][0.06503,0.013867,0][-15.7697,2.15536,80.158][-0.11811,0.992126,-0.0472441][0.066885,0.020849,0][-15.1397,2.80764,80.1612][-0.96063,0.212598,-0.19685][0.076365,0.022671,0][-15.5324,2.45078,79.3984][-0.80315,0.551181,0.228346][0.06935,0.029954,0][-15.2753,2.42066,80.1474][-0.850394,0.511811,-0.141732][0.073267,0.021556,0][-15.5324,2.45078,79.3984][-0.80315,0.551181,0.228346][0.06935,0.029954,0][-15.1397,2.80764,80.1612][-0.96063,0.212598,-0.19685][0.076365,0.022671,0][-15.3144,2.85264,79.3786][-0.92126,0.275591,0.267717][0.072887,0.031915,0][-18.7028,2.85264,79.3786][0.92126,0.275591,0.267717][0.034341,0.033476,0][-18.3205,2.4548,78.6692][0.732283,0.519685,0.448819][0.040776,0.037836,0][-18.4447,2.8557,78.5886][0.795276,0.220472,0.559055][0.03889,0.04074,0][-18.3205,2.4548,78.6692][0.732283,0.519685,0.448819][0.040776,0.037836,0][-18.7028,2.85264,79.3786][0.92126,0.275591,0.267717][0.034341,0.033476,0][-18.4848,2.45078,79.3984][0.80315,0.551181,0.228346][0.037742,0.031263,0][-18.2672,2.21382,79.4292][0.448819,0.88189,0.125984][0.040448,0.029852,0][-17.9228,2.17008,79.0654][0.0393701,1,-0.023622][0.044532,0.032891,0][-18.1392,2.20738,78.8][0.448819,0.858268,0.23622][0.042737,0.035456,0][-17.9228,2.17008,79.0654][0.0393701,1,-0.023622][0.044532,0.032891,0][-18.2672,2.21382,79.4292][0.448819,0.88189,0.125984][0.040448,0.029852,0][-18.0679,2.17948,79.5612][-0.0314961,1,0][0.042339,0.028343,0][-15.75,2.21382,79.4292][-0.448819,0.88189,0.125984][0.066542,0.028756,0][-16.0944,2.17008,79.0654][-0.0393701,1,-0.023622][0.062699,0.032154,0][-15.9493,2.17948,79.5612][0.0314961,1,0][0.064486,0.027399,0][-16.0944,2.17008,79.0654][-0.0393701,1,-0.023622][0.062699,0.032154,0][-15.75,2.21382,79.4292][-0.448819,0.88189,0.125984][0.066542,0.028756,0][-15.878,2.20738,78.8][-0.448819,0.858268,0.23622][0.064752,0.034587,0][-16.4564,2.15318,78.7518][-0.0787402,1,-0.00787402][0.059032,0.034974,0][-15.878,2.20738,78.8][-0.448819,0.858268,0.23622][0.064752,0.034587,0][-16.3509,2.20096,78.3734][-0.283465,0.88189,0.370079][0.060021,0.038274,0][-15.878,2.20738,78.8][-0.448819,0.858268,0.23622][0.064752,0.034587,0][-16.4564,2.15318,78.7518][-0.0787402,1,-0.00787402][0.059032,0.034974,0][-16.0944,2.17008,79.0654][-0.0393701,1,-0.023622][0.062699,0.032154,0][-18.7419,2.42066,80.1474][0.850394,0.511811,-0.141732][0.033194,0.023359,0][-18.3723,2.59292,80.8162][0.76378,0.377953,-0.519685][0.035177,0.015305,0][-18.2537,2.32394,80.7442][0.543307,0.76378,-0.354331][0.037637,0.01554,0][-18.2537,2.32394,80.7442][0.543307,0.76378,-0.354331][0.037637,0.01554,0][-18.4914,2.21608,80.1106][0.543307,0.834646,-0.0787402][0.036686,0.022944,0][-18.7419,2.42066,80.1474][0.850394,0.511811,-0.141732][0.033194,0.023359,0][-18.4848,2.45078,79.3984][0.80315,0.551181,0.228346][0.037742,0.031263,0][-18.7419,2.42066,80.1474][0.850394,0.511811,-0.141732][0.033194,0.023359,0][-18.4914,2.21608,80.1106][0.543307,0.834646,-0.0787402][0.036686,0.022944,0][-18.4914,2.21608,80.1106][0.543307,0.834646,-0.0787402][0.036686,0.022944,0][-18.2672,2.21382,79.4292][0.448819,0.88189,0.125984][0.040448,0.029852,0][-18.4848,2.45078,79.3984][0.80315,0.551181,0.228346][0.037742,0.031263,0][-18.8775,2.80764,80.1612][0.96063,0.212598,-0.19685][0.030153,0.024726,0][-18.4848,2.45078,79.3984][0.80315,0.551181,0.228346][0.037742,0.031263,0][-18.7028,2.85264,79.3786][0.92126,0.275591,0.267717][0.034341,0.033476,0][-18.4848,2.45078,79.3984][0.80315,0.551181,0.228346][0.037742,0.031263,0][-18.8775,2.80764,80.1612][0.96063,0.212598,-0.19685][0.030153,0.024726,0][-18.7419,2.42066,80.1474][0.850394,0.511811,-0.141732][0.033194,0.023359,0][-18.4914,2.21608,80.1106][0.543307,0.834646,-0.0787402][0.036686,0.022944,0][-18.0679,2.17948,79.5612][-0.0314961,1,0][0.042339,0.028343,0][-18.2672,2.21382,79.4292][0.448819,0.88189,0.125984][0.040448,0.029852,0][-18.0679,2.17948,79.5612][-0.0314961,1,0][0.042339,0.028343,0][-18.4914,2.21608,80.1106][0.543307,0.834646,-0.0787402][0.036686,0.022944,0][-18.2475,2.15536,80.158][0.11811,0.992126,-0.0472441][0.039404,0.022097,0][-17.0086,2.09852,78.627][0,1,0][0.053754,0.035975,0][-17.6663,2.20096,78.3734][0.283465,0.88189,0.370079][0.047726,0.038741,0][-17.5608,2.15318,78.7518][0.0787402,1,-0.00787402][0.048408,0.035393,0][-17.6663,2.20096,78.3734][0.283465,0.88189,0.370079][0.047726,0.038741,0][-17.0086,2.09852,78.627][0,1,0][0.053754,0.035975,0][-17.0086,2.13852,78.1878][0,0.92126,0.393701][0.05392,0.039643,0][-15.5258,2.21608,80.1106][-0.543307,0.834646,-0.0787402][0.069721,0.021453,0][-15.9493,2.17948,79.5612][0.0314961,1,0][0.064486,0.027399,0][-15.7697,2.15536,80.158][-0.11811,0.992126,-0.0472441][0.066885,0.020849,0][-15.9493,2.17948,79.5612][0.0314961,1,0][0.064486,0.027399,0][-15.5258,2.21608,80.1106][-0.543307,0.834646,-0.0787402][0.069721,0.021453,0][-15.75,2.21382,79.4292][-0.448819,0.88189,0.125984][0.066542,0.028756,0][-17.0086,2.09852,78.627][0,1,0][0.053754,0.035975,0][-16.3509,2.20096,78.3734][-0.283465,0.88189,0.370079][0.060021,0.038274,0][-17.0086,2.13852,78.1878][0,0.92126,0.393701][0.05392,0.039643,0][-16.3509,2.20096,78.3734][-0.283465,0.88189,0.370079][0.060021,0.038274,0][-17.0086,2.09852,78.627][0,1,0][0.053754,0.035975,0][-16.4564,2.15318,78.7518][-0.0787402,1,-0.00787402][0.059032,0.034974,0][-18.2475,2.15536,80.158][0.11811,0.992126,-0.0472441][0.039404,0.022097,0][-18.2537,2.32394,80.7442][0.543307,0.76378,-0.354331][0.037637,0.01554,0][-18.0358,2.18942,80.7478][0.212598,0.968504,-0.141732][0.04055,0.015055,0][-18.2537,2.32394,80.7442][0.543307,0.76378,-0.354331][0.037637,0.01554,0][-18.2475,2.15536,80.158][0.11811,0.992126,-0.0472441][0.039404,0.022097,0][-18.4914,2.21608,80.1106][0.543307,0.834646,-0.0787402][0.036686,0.022944,0][-15.7635,2.32394,80.7442][-0.543307,0.76378,-0.354331][0.067988,0.014072,0][-15.7697,2.15536,80.158][-0.11811,0.992126,-0.0472441][0.066885,0.020849,0][-15.9814,2.18942,80.7478][-0.212598,0.968504,-0.141732][0.06503,0.013867,0][-15.7697,2.15536,80.158][-0.11811,0.992126,-0.0472441][0.066885,0.020849,0][-15.7635,2.32394,80.7442][-0.543307,0.76378,-0.354331][0.067988,0.014072,0][-15.5258,2.21608,80.1106][-0.543307,0.834646,-0.0787402][0.069721,0.021453,0][-18.4848,2.45078,79.3984][0.80315,0.551181,0.228346][0.037742,0.031263,0][-18.1392,2.20738,78.8][0.448819,0.858268,0.23622][0.042737,0.035456,0][-18.3205,2.4548,78.6692][0.732283,0.519685,0.448819][0.040776,0.037836,0][-18.1392,2.20738,78.8][0.448819,0.858268,0.23622][0.042737,0.035456,0][-18.4848,2.45078,79.3984][0.80315,0.551181,0.228346][0.037742,0.031263,0][-18.2672,2.21382,79.4292][0.448819,0.88189,0.125984][0.040448,0.029852,0][-15.3144,2.85264,79.3786][-0.92126,0.275591,0.267717][0.072887,0.031915,0][-15.6967,2.4548,78.6692][-0.732283,0.519685,0.448819][0.066887,0.036832,0][-15.5324,2.45078,79.3984][-0.80315,0.551181,0.228346][0.06935,0.029954,0][-15.6967,2.4548,78.6692][-0.732283,0.519685,0.448819][0.066887,0.036832,0][-15.3144,2.85264,79.3786][-0.92126,0.275591,0.267717][0.072887,0.031915,0][-15.5725,2.8557,78.5886][-0.795276,0.220472,0.559055][0.068937,0.039622,0][-15.878,2.20738,78.8][-0.448819,0.858268,0.23622][0.064752,0.034587,0][-15.5324,2.45078,79.3984][-0.80315,0.551181,0.228346][0.06935,0.029954,0][-15.6967,2.4548,78.6692][-0.732283,0.519685,0.448819][0.066887,0.036832,0][-15.5324,2.45078,79.3984][-0.80315,0.551181,0.228346][0.06935,0.029954,0][-15.878,2.20738,78.8][-0.448819,0.858268,0.23622][0.064752,0.034587,0][-15.75,2.21382,79.4292][-0.448819,0.88189,0.125984][0.066542,0.028756,0][-15.6967,2.4548,78.6692][-0.732283,0.519685,0.448819][0.066887,0.036832,0][-16.3509,2.20096,78.3734][-0.283465,0.88189,0.370079][0.060021,0.038274,0][-15.878,2.20738,78.8][-0.448819,0.858268,0.23622][0.064752,0.034587,0][-16.3509,2.20096,78.3734][-0.283465,0.88189,0.370079][0.060021,0.038274,0][-15.6967,2.4548,78.6692][-0.732283,0.519685,0.448819][0.066887,0.036832,0][-16.2827,2.39396,78.1708][-0.440945,0.519685,0.732283][0.0608,0.040821,0][-15.2753,2.42066,80.1474][-0.850394,0.511811,-0.141732][0.073267,0.021556,0][-15.5324,2.45078,79.3984][-0.80315,0.551181,0.228346][0.06935,0.029954,0][-15.5258,2.21608,80.1106][-0.543307,0.834646,-0.0787402][0.069721,0.021453,0][-15.5258,2.21608,80.1106][-0.543307,0.834646,-0.0787402][0.069721,0.021453,0][-15.5324,2.45078,79.3984][-0.80315,0.551181,0.228346][0.06935,0.029954,0][-15.75,2.21382,79.4292][-0.448819,0.88189,0.125984][0.066542,0.028756,0][-17.7783,2.747,78.067][0.440945,0.141732,0.88189][0.046509,0.044107,0][-18.4447,2.8557,78.5886][0.795276,0.220472,0.559055][0.03889,0.04074,0][-18.3205,2.4548,78.6692][0.732283,0.519685,0.448819][0.040776,0.037836,0][-17.7783,2.747,78.067][0.440945,0.141732,0.88189][0.046509,0.044107,0][-18.3205,2.4548,78.6692][0.732283,0.519685,0.448819][0.040776,0.037836,0][-17.7345,2.39396,78.1708][0.440945,0.519685,0.732283][0.047132,0.041324,0][-16.2389,2.747,78.067][-0.440945,0.141732,0.88189][0.061568,0.043571,0][-15.6967,2.4548,78.6692][-0.732283,0.519685,0.448819][0.066887,0.036832,0][-15.5725,2.8557,78.5886][-0.795276,0.220472,0.559055][0.068937,0.039622,0][-15.6967,2.4548,78.6692][-0.732283,0.519685,0.448819][0.066887,0.036832,0][-16.2389,2.747,78.067][-0.440945,0.141732,0.88189][0.061568,0.043571,0][-16.2827,2.39396,78.1708][-0.440945,0.519685,0.732283][0.0608,0.040821,0][-17.0086,2.59808,77.8838][0,0.141732,0.992126][0.054067,0.044371,0][-17.7783,2.747,78.067][0.440945,0.141732,0.88189][0.046509,0.044107,0][-17.7345,2.39396,78.1708][0.440945,0.519685,0.732283][0.047132,0.041324,0][-17.0086,2.59808,77.8838][0,0.141732,0.992126][0.054067,0.044371,0][-17.7345,2.39396,78.1708][0.440945,0.519685,0.732283][0.047132,0.041324,0][-17.0086,2.28774,77.9606][0,0.559055,0.826772][0.054013,0.042105,0][-18.3205,2.4548,78.6692][0.732283,0.519685,0.448819][0.040776,0.037836,0][-17.6663,2.20096,78.3734][0.283465,0.88189,0.370079][0.047726,0.038741,0][-17.7345,2.39396,78.1708][0.440945,0.519685,0.732283][0.047132,0.041324,0][-17.6663,2.20096,78.3734][0.283465,0.88189,0.370079][0.047726,0.038741,0][-18.3205,2.4548,78.6692][0.732283,0.519685,0.448819][0.040776,0.037836,0][-18.1392,2.20738,78.8][0.448819,0.858268,0.23622][0.042737,0.035456,0][-17.0086,2.13852,78.1878][0,0.92126,0.393701][0.05392,0.039643,0][-17.7345,2.39396,78.1708][0.440945,0.519685,0.732283][0.047132,0.041324,0][-17.6663,2.20096,78.3734][0.283465,0.88189,0.370079][0.047726,0.038741,0][-17.7345,2.39396,78.1708][0.440945,0.519685,0.732283][0.047132,0.041324,0][-17.0086,2.13852,78.1878][0,0.92126,0.393701][0.05392,0.039643,0][-17.0086,2.28774,77.9606][0,0.559055,0.826772][0.054013,0.042105,0][-17.0086,2.13852,78.1878][0,0.92126,0.393701][0.05392,0.039643,0][-16.2827,2.39396,78.1708][-0.440945,0.519685,0.732283][0.0608,0.040821,0][-17.0086,2.28774,77.9606][0,0.559055,0.826772][0.054013,0.042105,0][-16.2827,2.39396,78.1708][-0.440945,0.519685,0.732283][0.0608,0.040821,0][-17.0086,2.13852,78.1878][0,0.92126,0.393701][0.05392,0.039643,0][-16.3509,2.20096,78.3734][-0.283465,0.88189,0.370079][0.060021,0.038274,0]