version 1.00
1078
[-0.267293,0.506467,-1.46852][-0.00010053,0.33167,-0.943395][0.080678,0.402177,0][-0.135802,0.515211,-1.46381][-0.00166738,0.331854,-0.943329][0.04113,0.402762,0][-0.128189,0.320607,-1.53215][-0.305156,0.779929,-0.546434][0.041448,0.365299,0][-0.128189,0.320607,-1.53215][-0.305156,0.779929,-0.546434][0.041448,0.365299,0][-0.260974,0.199493,-1.57653][-0.45637,0.75912,-0.46418][0.082242,0.352542,0][-0.267293,0.506467,-1.46852][-0.00010053,0.33167,-0.943395][0.080678,0.402177,0][-0.856348,0.689298,-1.40273][0.324513,-0.441729,-0.836401][0.195329,0.435531,0][-0.61372,0.719057,-1.39217][0.0412059,-0.45445,-0.889819][0.157264,0.448337,0][-0.62463,0.458781,-1.48216][-0.00076837,0.334476,-0.942404][0.158768,0.399348,0][-0.61372,0.719057,-1.39217][0.0412059,-0.45445,-0.889819][0.157264,0.448337,0][-0.389527,0.716454,-1.39351][0.0095485,-0.423611,-0.905794][0.115322,0.45364,0][-0.39457,0.484902,-1.47437][-0.00762423,0.33264,-0.943023][0.115616,0.401662,0][-0.39457,0.484902,-1.47437][-0.00762423,0.33264,-0.943023][0.115616,0.401662,0][-0.62463,0.458781,-1.48216][-0.00076837,0.334476,-0.942404][0.158768,0.399348,0][-0.61372,0.719057,-1.39217][0.0412059,-0.45445,-0.889819][0.157264,0.448337,0][-0.62463,0.458781,-1.48216][-0.00076837,0.334476,-0.942404][0.158768,0.399348,0][-0.39457,0.484902,-1.47437][-0.00762423,0.33264,-0.943023][0.115616,0.401662,0][-0.37271,0.126389,-1.60383][-0.283371,0.878937,-0.383627][0.119868,0.334177,0][-0.37271,0.126389,-1.60383][-0.283371,0.878937,-0.383627][0.119868,0.334177,0][-0.605107,0.0900918,-1.61673][-0.00413919,0.925222,-0.379404][0.15741,0.327621,0][-0.62463,0.458781,-1.48216][-0.00076837,0.334476,-0.942404][0.158768,0.399348,0][-0.605107,0.0900918,-1.61673][-0.00413919,0.925222,-0.379404][0.15741,0.327621,0][-0.836746,0.123944,-1.60445][0.256964,0.886236,-0.38543][0.19814,0.338044,0][-0.62463,0.458781,-1.48216][-0.00076837,0.334476,-0.942404][0.158768,0.399348,0][-0.836746,0.123944,-1.60445][0.256964,0.886236,-0.38543][0.19814,0.338044,0][-0.983713,0.208173,-1.57405][0.630181,0.642354,-0.43618][0.221867,0.36161,0][-0.62463,0.458781,-1.48216][-0.00076837,0.334476,-0.942404][0.158768,0.399348,0][-0.983713,0.208173,-1.57405][0.630181,0.642354,-0.43618][0.221867,0.36161,0][-1.03423,0.408175,-1.50293][0.759998,0.201522,-0.617893][0.223171,0.390692,0][-0.62463,0.458781,-1.48216][-0.00076837,0.334476,-0.942404][0.158768,0.399348,0][-1.03423,0.408175,-1.50293][0.759998,0.201522,-0.617893][0.223171,0.390692,0][-0.981492,0.581263,-1.44123][0.649089,-0.161476,-0.743377][0.214681,0.416396,0][-0.62463,0.458781,-1.48216][-0.00076837,0.334476,-0.942404][0.158768,0.399348,0][-0.981492,0.581263,-1.44123][0.649089,-0.161476,-0.743377][0.214681,0.416396,0][-0.856348,0.689298,-1.40273][0.324513,-0.441729,-0.836401][0.195329,0.435531,0][-0.62463,0.458781,-1.48216][-0.00076837,0.334476,-0.942404][0.158768,0.399348,0][0,0.350529,-1.52392][0,0.864556,-0.502536][0.009574,0.366825,0][-0.128189,0.320607,-1.53215][-0.305156,0.779929,-0.546434][0.041448,0.365299,0][-0.135802,0.515211,-1.46381][-0.00166738,0.331854,-0.943329][0.04113,0.402762,0][-0.135802,0.515211,-1.46381][-0.00166738,0.331854,-0.943329][0.04113,0.402762,0][0,0.516742,-1.4654][0,0.332113,-0.94324][0.008326,0.403191,0][0,0.350529,-1.52392][0,0.864556,-0.502536][0.009574,0.366825,0][-0.135802,0.515211,-1.46381][-0.00166738,0.331854,-0.943329][0.04113,0.402762,0][-0.267293,0.506467,-1.46852][-0.00010053,0.33167,-0.943395][0.080678,0.402177,0][-0.266123,0.722682,-1.39226][0.0245642,-0.439512,-0.897901][0.076005,0.453609,0][-0.266123,0.722682,-1.39226][0.0245642,-0.439512,-0.897901][0.076005,0.453609,0][-0.128587,0.724155,-1.39039][0.00133532,-0.431814,-0.901962][0.040296,0.4546,0][-0.135802,0.515211,-1.46381][-0.00166738,0.331854,-0.943329][0.04113,0.402762,0][0,0.516742,-1.4654][0,0.332113,-0.94324][0.008326,0.403191,0][-0.135802,0.515211,-1.46381][-0.00166738,0.331854,-0.943329][0.04113,0.402762,0][-0.128587,0.724155,-1.39039][0.00133532,-0.431814,-0.901962][0.040296,0.4546,0][-0.128587,0.724155,-1.39039][0.00133532,-0.431814,-0.901962][0.040296,0.4546,0][0,0.724118,-1.39232][0,-0.434558,-0.900644][0.010033,0.455703,0][0,0.516742,-1.4654][0,0.332113,-0.94324][0.008326,0.403191,0][-0.267293,0.506467,-1.46852][-0.00010053,0.33167,-0.943395][0.080678,0.402177,0][-0.39457,0.484902,-1.47437][-0.00762423,0.33264,-0.943023][0.115616,0.401662,0][-0.389527,0.716454,-1.39351][0.0095485,-0.423611,-0.905794][0.115322,0.45364,0][-0.389527,0.716454,-1.39351][0.0095485,-0.423611,-0.905794][0.115322,0.45364,0][-0.266123,0.722682,-1.39226][0.0245642,-0.439512,-0.897901][0.076005,0.453609,0][-0.267293,0.506467,-1.46852][-0.00010053,0.33167,-0.943395][0.080678,0.402177,0][-0.260974,0.199493,-1.57653][-0.45637,0.75912,-0.46418][0.082242,0.352542,0][-0.37271,0.126389,-1.60383][-0.283371,0.878937,-0.383627][0.119868,0.334177,0][-0.39457,0.484902,-1.47437][-0.00762423,0.33264,-0.943023][0.115616,0.401662,0][-0.39457,0.484902,-1.47437][-0.00762423,0.33264,-0.943023][0.115616,0.401662,0][-0.267293,0.506467,-1.46852][-0.00010053,0.33167,-0.943395][0.080678,0.402177,0][-0.260974,0.199493,-1.57653][-0.45637,0.75912,-0.46418][0.082242,0.352542,0][-0.876431,0.658463,-1.19547][-0.426649,0.842104,0.329895][0.233791,0.465462,0][-0.873359,0.640195,-1.14747][-0.735831,0.675786,-0.0431867][0.239273,0.475095,0][-0.6109,0.736538,-1.28105][-0.554883,0.620615,-0.554024][0.159159,0.481627,0][-0.6109,0.736538,-1.28105][-0.554883,0.620615,-0.554024][0.159159,0.481627,0][-0.61203,0.755985,-1.33078][-0.0755504,0.927158,0.366973][0.159161,0.470975,0][-0.876431,0.658463,-1.19547][-0.426649,0.842104,0.329895][0.233791,0.465462,0][-0.61203,0.755985,-1.33078][-0.0755504,0.927158,0.366973][0.159161,0.470975,0][-0.6109,0.736538,-1.28105][-0.554883,0.620615,-0.554024][0.159159,0.481627,0][-0.39128,0.754314,-1.33209][-0.204616,0.640259,-0.740406][0.115127,0.480736,0][-0.39128,0.754314,-1.33209][-0.204616,0.640259,-0.740406][0.115127,0.480736,0][-0.391256,0.7693,-1.37105][-0.00395763,0.93458,0.355732][0.115164,0.474419,0][-0.61203,0.755985,-1.33078][-0.0755504,0.927158,0.366973][0.159161,0.470975,0][-0.257869,0.76425,-1.35036][-0.0816158,0.627426,-0.774387][0.074846,0.480566,0][-0.25774,0.774435,-1.37686][-0.0144791,0.934438,0.355833][0.074845,0.474195,0][-0.391256,0.7693,-1.37105][-0.00395763,0.93458,0.355732][0.115164,0.474419,0][-0.391256,0.7693,-1.37105][-0.00395763,0.93458,0.355732][0.115164,0.474419,0][-0.39128,0.754314,-1.33209][-0.204616,0.640259,-0.740406][0.115127,0.480736,0][-0.257869,0.76425,-1.35036][-0.0816158,0.627426,-0.774387][0.074846,0.480566,0][-0.356317,0.0741199,-1.58747][0.358863,-0.901254,-0.242812][0.11563,0.296619,0][-0.243108,0.14806,-1.58325][0.633961,-0.749236,-0.191672][0.074075,0.324029,0][-0.240275,0.138824,-1.54333][0.178148,-0.208505,-0.961659][0.070727,0.317065,0][-0.240275,0.138824,-1.54333][0.178148,-0.208505,-0.961659][0.070727,0.317065,0][-0.354536,0.0648329,-1.55304][0.126456,-0.49956,-0.857][0.115385,0.287541,0][-0.356317,0.0741199,-1.58747][0.358863,-0.901254,-0.242812][0.11563,0.296619,0][-0.354536,0.0648329,-1.55304][0.126456,-0.49956,-0.857][0.115385,0.287541,0][-0.612027,-0.0145402,-1.46133][-0.355032,-0.502809,-0.788122][0.160972,0.270674,0][-0.606106,0.00628884,-1.51488][0.010768,-0.944943,-0.327056][0.160942,0.284104,0][-0.606106,0.00628884,-1.51488][0.010768,-0.944943,-0.327056][0.160942,0.284104,0][-0.356317,0.0741199,-1.58747][0.358863,-0.901254,-0.242812][0.11563,0.296619,0][-0.354536,0.0648329,-1.55304][0.126456,-0.49956,-0.857][0.115385,0.287541,0][-0.612027,-0.0145402,-1.46133][-0.355032,-0.502809,-0.788122][0.160972,0.270674,0][-0.821311,-0.0171872,-1.33381][-0.508447,-0.650616,-0.564075][0.237801,0.285112,0][-0.841948,-0.00113619,-1.37958][-0.305127,-0.911069,-0.277219][0.229763,0.294722,0][-0.841948,-0.00113619,-1.37958][-0.305127,-0.911069,-0.277219][0.229763,0.294722,0][-0.606106,0.00628884,-1.51488][0.010768,-0.944943,-0.327056][0.160942,0.284104,0][-0.612027,-0.0145402,-1.46133][-0.355032,-0.502809,-0.788122][0.160972,0.270674,0][-0.841948,-0.00113619,-1.37958][-0.305127,-0.911069,-0.277219][0.229763,0.294722,0][-1.02819,-0.0038532,-1.09792][-0.634095,-0.726038,-0.266069][0.33655,0.321366,0][-1.02773,0.190288,-1.61501][-0.632755,-0.230132,-0.739365][0.236502,0.353666,0][-1.02773,0.190288,-1.61501][-0.632755,-0.230132,-0.739365][0.236502,0.353666,0][-0.865019,0.0884538,-1.65339][-0.281668,-0.457869,-0.84322][0.210782,0.317659,0][-0.841948,-0.00113619,-1.37958][-0.305127,-0.911069,-0.277219][0.229763,0.294722,0][-1.23994,-0.0505222,-0.735927][-0.666933,-0.601883,-0.439246][0.423355,0.338271,0][-1.26164,0.0696988,-0.6873][-0.942737,0.178285,-0.281891][0.427499,0.369867,0][-1.0886,0.202252,-1.00228][-0.968618,0.104504,-0.225516][0.340039,0.377732,0][-1.0886,0.202252,-1.00228][-0.968618,0.104504,-0.225516][0.340039,0.377732,0][-1.02819,-0.0038532,-1.09792][-0.634095,-0.726038,-0.266069][0.33655,0.321366,0][-1.23994,-0.0505222,-0.735927][-0.666933,-0.601883,-0.439246][0.423355,0.338271,0][-1.0886,0.202252,-1.00228][-0.968618,0.104504,-0.225516][0.340039,0.377732,0][-1.26164,0.0696988,-0.6873][-0.942737,0.178285,-0.281891][0.427499,0.369867,0][-1.22163,0.189047,-0.654509][-0.614053,0.769485,0.17559][0.427135,0.39816,0][-1.22163,0.189047,-0.654509][-0.614053,0.769485,0.17559][0.427135,0.39816,0][-1.03182,0.40188,-0.916601][-0.605456,0.699791,0.379099][0.333008,0.43568,0][-1.0886,0.202252,-1.00228][-0.968618,0.104504,-0.225516][0.340039,0.377732,0][-0.243108,0.14806,-1.58325][0.633961,-0.749236,-0.191672][0.074075,0.324029,0][-0.117431,0.273834,-1.55204][0.52244,-0.804108,-0.283666][0.041073,0.342366,0][-0.117528,0.264267,-1.52545][0.353096,-0.309432,-0.882935][0.041012,0.338475,0][-0.117528,0.264267,-1.52545][0.353096,-0.309432,-0.882935][0.041012,0.338475,0][-0.240275,0.138824,-1.54333][0.178148,-0.208505,-0.961659][0.070727,0.317065,0][-0.243108,0.14806,-1.58325][0.633961,-0.749236,-0.191672][0.074075,0.324029,0][-0.257869,0.76425,-1.35036][-0.0816158,0.627426,-0.774387][0.074846,0.480566,0][-0.125973,0.765278,-1.34995][-0.00425726,0.624788,-0.780783][0.040194,0.482258,0][-0.125908,0.775471,-1.37651][-0.0193106,0.934744,0.354796][0.040341,0.476021,0][-0.125908,0.775471,-1.37651][-0.0193106,0.934744,0.354796][0.040341,0.476021,0][-0.25774,0.774435,-1.37686][-0.0144791,0.934438,0.355833][0.074845,0.474195,0][-0.257869,0.76425,-1.35036][-0.0816158,0.627426,-0.774387][0.074846,0.480566,0][-1.18653,-0.0562722,-0.715157][-0.602788,-0.636907,-0.480621][0.420604,0.330066,0][-1.23994,-0.0505222,-0.735927][-0.666933,-0.601883,-0.439246][0.423355,0.338271,0][-1.02819,-0.0038532,-1.09792][-0.634095,-0.726038,-0.266069][0.33655,0.321366,0][-1.02819,-0.0038532,-1.09792][-0.634095,-0.726038,-0.266069][0.33655,0.321366,0][-1.00636,-0.0098172,-1.08505][-0.630555,-0.655196,-0.416076][0.338416,0.314865,0][-1.18653,-0.0562722,-0.715157][-0.602788,-0.636907,-0.480621][0.420604,0.330066,0][-0.996441,0.389755,-0.898217][-0.760598,0.648706,0.0259033][0.32584,0.447109,0][-1.03182,0.40188,-0.916601][-0.605456,0.699791,0.379099][0.333008,0.43568,0][-1.22163,0.189047,-0.654509][-0.614053,0.769485,0.17559][0.427135,0.39816,0][-1.22163,0.189047,-0.654509][-0.614053,0.769485,0.17559][0.427135,0.39816,0][-1.15876,0.169636,-0.633666][-0.773637,0.633107,-0.0257158][0.426003,0.407706,0][-0.996441,0.389755,-0.898217][-0.760598,0.648706,0.0259033][0.32584,0.447109,0][-0.856242,0.700537,-1.43503][0.264057,-0.273111,-0.925032][0.20117,0.442396,0][-0.878759,0.743101,-1.41979][-0.330112,0.867789,-0.37144][0.206888,0.448034,0][-0.614495,0.785738,-1.40472][-0.0597968,0.921082,-0.384751][0.159182,0.465262,0][-0.614495,0.785738,-1.40472][-0.0597968,0.921082,-0.384751][0.159182,0.465262,0][-0.613763,0.730259,-1.42448][0.0399576,-0.410562,-0.910957][0.159164,0.457112,0][-0.856242,0.700537,-1.43503][0.264057,-0.273111,-0.925032][0.20117,0.442396,0][-0.613763,0.730259,-1.42448][0.0399576,-0.410562,-0.910957][0.159164,0.457112,0][-0.614495,0.785738,-1.40472][-0.0597968,0.921082,-0.384751][0.159182,0.465262,0][-0.391202,0.782454,-1.40622][-0.00451743,0.904861,-0.425682][0.114974,0.467806,0][-0.391202,0.782454,-1.40622][-0.00451743,0.904861,-0.425682][0.114974,0.467806,0][-0.389759,0.727732,-1.4258][0.0105377,-0.44072,-0.897583][0.114865,0.458304,0][-0.613763,0.730259,-1.42448][0.0399576,-0.410562,-0.910957][0.159164,0.457112,0][-0.391202,0.782454,-1.40622][-0.00451743,0.904861,-0.425682][0.114974,0.467806,0][-0.257458,0.785292,-1.40557][-0.00831428,0.909945,-0.414645][0.076243,0.468175,0][-0.266114,0.734022,-1.42453][0.024513,-0.41812,-0.908061][0.077419,0.458268,0][-0.266114,0.734022,-1.42453][0.024513,-0.41812,-0.908061][0.077419,0.458268,0][-0.389759,0.727732,-1.4258][0.0105377,-0.44072,-0.897583][0.114865,0.458304,0][-0.391202,0.782454,-1.40622][-0.00451743,0.904861,-0.425682][0.114974,0.467806,0][-0.242881,0.157636,-1.62699][0.495002,-0.342935,-0.798354][0.077949,0.332977,0][-0.358511,0.0891119,-1.65351][0.268996,-0.477557,-0.836409][0.116899,0.314622,0][-0.372819,0.137967,-1.63602][-0.238956,0.824121,-0.513542][0.11742,0.325918,0][-0.372819,0.137967,-1.63602][-0.238956,0.824121,-0.513542][0.11742,0.325918,0][-0.260809,0.210916,-1.60877][-0.429076,0.743623,-0.512756][0.081974,0.344359,0][-0.242881,0.157636,-1.62699][0.495002,-0.342935,-0.798354][0.077949,0.332977,0][-0.358511,0.0891119,-1.65351][0.268996,-0.477557,-0.836409][0.116899,0.314622,0][-0.604438,0.0543608,-1.66582][0.0108199,-0.483847,-0.875086][0.16107,0.306969,0][-0.60517,0.101788,-1.64887][-0.00363416,0.880477,-0.474075][0.159086,0.318383,0][-0.60517,0.101788,-1.64887][-0.00363416,0.880477,-0.474075][0.159086,0.318383,0][-0.372819,0.137967,-1.63602][-0.238956,0.824121,-0.513542][0.11742,0.325918,0][-0.358511,0.0891119,-1.65351][0.268996,-0.477557,-0.836409][0.116899,0.314622,0][-0.604438,0.0543608,-1.66582][0.0108199,-0.483847,-0.875086][0.16107,0.306969,0][-0.865019,0.0884538,-1.65339][-0.281668,-0.457869,-0.84322][0.210782,0.317659,0][-0.836712,0.135658,-1.63659][0.225481,0.836233,-0.499873][0.20429,0.330361,0][-0.836712,0.135658,-1.63659][0.225481,0.836233,-0.499873][0.20429,0.330361,0][-0.60517,0.101788,-1.64887][-0.00363416,0.880477,-0.474075][0.159086,0.318383,0][-0.604438,0.0543608,-1.66582][0.0108199,-0.483847,-0.875086][0.16107,0.306969,0][-0.865019,0.0884538,-1.65339][-0.281668,-0.457869,-0.84322][0.210782,0.317659,0][-1.02773,0.190288,-1.61501][-0.632755,-0.230132,-0.739365][0.236502,0.353666,0][-0.983579,0.219777,-1.60622][0.468732,0.597718,-0.650403][0.230623,0.357444,0][-0.983579,0.219777,-1.60622][0.468732,0.597718,-0.650403][0.230623,0.357444,0][-0.836712,0.135658,-1.63659][0.225481,0.836233,-0.499873][0.20429,0.330361,0][-0.865019,0.0884538,-1.65339][-0.281668,-0.457869,-0.84322][0.210782,0.317659,0][-0.983579,0.219777,-1.60622][0.468732,0.597718,-0.650403][0.230623,0.357444,0][-1.02773,0.190288,-1.61501][-0.632755,-0.230132,-0.739365][0.236502,0.353666,0][-1.08849,0.412167,-1.53678][-0.762048,0.223143,-0.607857][0.239456,0.389314,0][-1.08849,0.412167,-1.53678][-0.762048,0.223143,-0.607857][0.239456,0.389314,0][-1.03401,0.41964,-1.53515][0.634213,0.243575,-0.733788][0.23207,0.390865,0][-0.983579,0.219777,-1.60622][0.468732,0.597718,-0.650403][0.230623,0.357444,0][-1.03401,0.41964,-1.53515][0.634213,0.243575,-0.733788][0.23207,0.390865,0][-1.08849,0.412167,-1.53678][-0.762048,0.223143,-0.607857][0.239456,0.389314,0][-1.0286,0.61802,-1.46472][-0.646329,0.600184,-0.471209][0.228636,0.423795,0][-1.0286,0.61802,-1.46472][-0.646329,0.600184,-0.471209][0.228636,0.423795,0][-0.981292,0.592625,-1.47349][0.543114,-0.0575668,-0.837683][0.222647,0.420405,0][-1.03401,0.41964,-1.53515][0.634213,0.243575,-0.733788][0.23207,0.390865,0][-0.981292,0.592625,-1.47349][0.543114,-0.0575668,-0.837683][0.222647,0.420405,0][-1.0286,0.61802,-1.46472][-0.646329,0.600184,-0.471209][0.228636,0.423795,0][-0.878759,0.743101,-1.41979][-0.330112,0.867789,-0.37144][0.206888,0.448034,0][-0.878759,0.743101,-1.41979][-0.330112,0.867789,-0.37144][0.206888,0.448034,0][-0.856242,0.700537,-1.43503][0.264057,-0.273111,-0.925032][0.20117,0.442396,0][-0.981292,0.592625,-1.47349][0.543114,-0.0575668,-0.837683][0.222647,0.420405,0][-1.03182,0.40188,-0.916601][-0.605456,0.699791,0.379099][0.333008,0.43568,0][-0.996441,0.389755,-0.898217][-0.760598,0.648706,0.0259033][0.32584,0.447109,0][-0.873359,0.640195,-1.14747][-0.735831,0.675786,-0.0431867][0.239273,0.475095,0][-0.873359,0.640195,-1.14747][-0.735831,0.675786,-0.0431867][0.239273,0.475095,0][-0.876431,0.658463,-1.19547][-0.426649,0.842104,0.329895][0.233791,0.465462,0][-1.03182,0.40188,-0.916601][-0.605456,0.699791,0.379099][0.333008,0.43568,0][-1.03182,0.40188,-0.916601][-0.605456,0.699791,0.379099][0.333008,0.43568,0][-1.0286,0.61802,-1.46472][-0.646329,0.600184,-0.471209][0.228636,0.423795,0][-1.08849,0.412167,-1.53678][-0.762048,0.223143,-0.607857][0.239456,0.389314,0][-1.08849,0.412167,-1.53678][-0.762048,0.223143,-0.607857][0.239456,0.389314,0][-1.0886,0.202252,-1.00228][-0.968618,0.104504,-0.225516][0.340039,0.377732,0][-1.03182,0.40188,-0.916601][-0.605456,0.699791,0.379099][0.333008,0.43568,0][-1.02819,-0.0038532,-1.09792][-0.634095,-0.726038,-0.266069][0.33655,0.321366,0][-1.0886,0.202252,-1.00228][-0.968618,0.104504,-0.225516][0.340039,0.377732,0][-1.08849,0.412167,-1.53678][-0.762048,0.223143,-0.607857][0.239456,0.389314,0][-1.08849,0.412167,-1.53678][-0.762048,0.223143,-0.607857][0.239456,0.389314,0][-1.02773,0.190288,-1.61501][-0.632755,-0.230132,-0.739365][0.236502,0.353666,0][-1.02819,-0.0038532,-1.09792][-0.634095,-0.726038,-0.266069][0.33655,0.321366,0][-0.25774,0.774435,-1.37686][-0.0144791,0.934438,0.355833][0.074845,0.474195,0][-0.125908,0.775471,-1.37651][-0.0193106,0.934744,0.354796][0.040341,0.476021,0][-0.125766,0.786148,-1.40494][-0.0187034,0.905261,-0.424444][0.040437,0.4691,0][-0.125766,0.786148,-1.40494][-0.0187034,0.905261,-0.424444][0.040437,0.4691,0][-0.257458,0.785292,-1.40557][-0.00831428,0.909945,-0.414645][0.076243,0.468175,0][-0.25774,0.774435,-1.37686][-0.0144791,0.934438,0.355833][0.074845,0.474195,0][-0.25774,0.774435,-1.37686][-0.0144791,0.934438,0.355833][0.074845,0.474195,0][-0.257458,0.785292,-1.40557][-0.00831428,0.909945,-0.414645][0.076243,0.468175,0][-0.391202,0.782454,-1.40622][-0.00451743,0.904861,-0.425682][0.114974,0.467806,0][-0.391202,0.782454,-1.40622][-0.00451743,0.904861,-0.425682][0.114974,0.467806,0][-0.391256,0.7693,-1.37105][-0.00395763,0.93458,0.355732][0.115164,0.474419,0][-0.25774,0.774435,-1.37686][-0.0144791,0.934438,0.355833][0.074845,0.474195,0][-0.614495,0.785738,-1.40472][-0.0597968,0.921082,-0.384751][0.159182,0.465262,0][-0.61203,0.755985,-1.33078][-0.0755504,0.927158,0.366973][0.159161,0.470975,0][-0.391256,0.7693,-1.37105][-0.00395763,0.93458,0.355732][0.115164,0.474419,0][-0.391256,0.7693,-1.37105][-0.00395763,0.93458,0.355732][0.115164,0.474419,0][-0.391202,0.782454,-1.40622][-0.00451743,0.904861,-0.425682][0.114974,0.467806,0][-0.614495,0.785738,-1.40472][-0.0597968,0.921082,-0.384751][0.159182,0.465262,0][-0.878759,0.743101,-1.41979][-0.330112,0.867789,-0.37144][0.206888,0.448034,0][-0.876431,0.658463,-1.19547][-0.426649,0.842104,0.329895][0.233791,0.465462,0][-0.61203,0.755985,-1.33078][-0.0755504,0.927158,0.366973][0.159161,0.470975,0][-0.61203,0.755985,-1.33078][-0.0755504,0.927158,0.366973][0.159161,0.470975,0][-0.614495,0.785738,-1.40472][-0.0597968,0.921082,-0.384751][0.159182,0.465262,0][-0.878759,0.743101,-1.41979][-0.330112,0.867789,-0.37144][0.206888,0.448034,0][-1.0286,0.61802,-1.46472][-0.646329,0.600184,-0.471209][0.228636,0.423795,0][-1.03182,0.40188,-0.916601][-0.605456,0.699791,0.379099][0.333008,0.43568,0][-0.876431,0.658463,-1.19547][-0.426649,0.842104,0.329895][0.233791,0.465462,0][-0.876431,0.658463,-1.19547][-0.426649,0.842104,0.329895][0.233791,0.465462,0][-0.878759,0.743101,-1.41979][-0.330112,0.867789,-0.37144][0.206888,0.448034,0][-1.0286,0.61802,-1.46472][-0.646329,0.600184,-0.471209][0.228636,0.423795,0][-0.606106,0.00628884,-1.51488][0.010768,-0.944943,-0.327056][0.160942,0.284104,0][-0.841948,-0.00113619,-1.37958][-0.305127,-0.911069,-0.277219][0.229763,0.294722,0][-0.865019,0.0884538,-1.65339][-0.281668,-0.457869,-0.84322][0.210782,0.317659,0][-0.865019,0.0884538,-1.65339][-0.281668,-0.457869,-0.84322][0.210782,0.317659,0][-0.604438,0.0543608,-1.66582][0.0108199,-0.483847,-0.875086][0.16107,0.306969,0][-0.606106,0.00628884,-1.51488][0.010768,-0.944943,-0.327056][0.160942,0.284104,0][-0.356317,0.0741199,-1.58747][0.358863,-0.901254,-0.242812][0.11563,0.296619,0][-0.606106,0.00628884,-1.51488][0.010768,-0.944943,-0.327056][0.160942,0.284104,0][-0.604438,0.0543608,-1.66582][0.0108199,-0.483847,-0.875086][0.16107,0.306969,0][-0.604438,0.0543608,-1.66582][0.0108199,-0.483847,-0.875086][0.16107,0.306969,0][-0.358511,0.0891119,-1.65351][0.268996,-0.477557,-0.836409][0.116899,0.314622,0][-0.356317,0.0741199,-1.58747][0.358863,-0.901254,-0.242812][0.11563,0.296619,0][-0.242881,0.157636,-1.62699][0.495002,-0.342935,-0.798354][0.077949,0.332977,0][-0.243108,0.14806,-1.58325][0.633961,-0.749236,-0.191672][0.074075,0.324029,0][-0.356317,0.0741199,-1.58747][0.358863,-0.901254,-0.242812][0.11563,0.296619,0][-0.356317,0.0741199,-1.58747][0.358863,-0.901254,-0.242812][0.11563,0.296619,0][-0.358511,0.0891119,-1.65351][0.268996,-0.477557,-0.836409][0.116899,0.314622,0][-0.242881,0.157636,-1.62699][0.495002,-0.342935,-0.798354][0.077949,0.332977,0][-0.243108,0.14806,-1.58325][0.633961,-0.749236,-0.191672][0.074075,0.324029,0][-0.242881,0.157636,-1.62699][0.495002,-0.342935,-0.798354][0.077949,0.332977,0][-0.117312,0.284227,-1.58119][0.33341,-0.264682,-0.904865][0.04147,0.347611,0][-0.117312,0.284227,-1.58119][0.33341,-0.264682,-0.904865][0.04147,0.347611,0][-0.117431,0.273834,-1.55204][0.52244,-0.804108,-0.283666][0.041073,0.342366,0][-0.243108,0.14806,-1.58325][0.633961,-0.749236,-0.191672][0.074075,0.324029,0][-0.821311,-0.0171872,-1.33381][-0.508447,-0.650616,-0.564075][0.237801,0.285112,0][-1.00636,-0.0098172,-1.08505][-0.630555,-0.655196,-0.416076][0.338416,0.314865,0][-1.02819,-0.0038532,-1.09792][-0.634095,-0.726038,-0.266069][0.33655,0.321366,0][-1.02819,-0.0038532,-1.09792][-0.634095,-0.726038,-0.266069][0.33655,0.321366,0][-0.841948,-0.00113619,-1.37958][-0.305127,-0.911069,-0.277219][0.229763,0.294722,0][-0.821311,-0.0171872,-1.33381][-0.508447,-0.650616,-0.564075][0.237801,0.285112,0][-0.257458,0.785292,-1.40557][-0.00831428,0.909945,-0.414645][0.076243,0.468175,0][-0.125766,0.786148,-1.40494][-0.0187034,0.905261,-0.424444][0.040437,0.4691,0][-0.128655,0.735512,-1.42265][-8.52997e-006,-0.432553,-0.901609][0.041733,0.459407,0][-0.128655,0.735512,-1.42265][-8.52997e-006,-0.432553,-0.901609][0.041733,0.459407,0][-0.266114,0.734022,-1.42453][0.024513,-0.41812,-0.908061][0.077419,0.458268,0][-0.257458,0.785292,-1.40557][-0.00831428,0.909945,-0.414645][0.076243,0.468175,0][-0.125973,0.765278,-1.34995][-0.00425726,0.624788,-0.780783][0.040194,0.482258,0][0,0.768354,-1.3474][0,0.602358,-0.798226][0.008509,0.480752,0][0,0.779078,-1.37526][0,0.934601,0.355697][0.008295,0.474812,0][0,0.779078,-1.37526][0,0.934601,0.355697][0.008295,0.474812,0][-0.125908,0.775471,-1.37651][-0.0193106,0.934744,0.354796][0.040341,0.476021,0][-0.125973,0.765278,-1.34995][-0.00425726,0.624788,-0.780783][0.040194,0.482258,0][-0.125766,0.786148,-1.40494][-0.0187034,0.905261,-0.424444][0.040437,0.4691,0][-0.125908,0.775471,-1.37651][-0.0193106,0.934744,0.354796][0.040341,0.476021,0][0,0.779078,-1.37526][0,0.934601,0.355697][0.008295,0.474812,0][0,0.779078,-1.37526][0,0.934601,0.355697][0.008295,0.474812,0][-1.19374e-007,0.790581,-1.4058][0,0.906006,-0.423264][0.008079,0.468729,0][-0.125766,0.786148,-1.40494][-0.0187034,0.905261,-0.424444][0.040437,0.4691,0][-0.125766,0.786148,-1.40494][-0.0187034,0.905261,-0.424444][0.040437,0.4691,0][-1.19374e-007,0.790581,-1.4058][0,0.906006,-0.423264][0.008079,0.468729,0][0,0.735477,-1.42458][0,-0.433131,-0.901331][0.008145,0.460675,0][0,0.735477,-1.42458][0,-0.433131,-0.901331][0.008145,0.460675,0][-0.128655,0.735512,-1.42265][-8.52997e-006,-0.432553,-0.901609][0.041733,0.459407,0][-0.125766,0.786148,-1.40494][-0.0187034,0.905261,-0.424444][0.040437,0.4691,0][-0.128251,0.331949,-1.56442][-0.37117,0.842325,-0.390795][0.041433,0.360049,0][0,0.36186,-1.55619][0,0.926838,-0.375461][0.008425,0.361803,0][0,0.318504,-1.57148][0,-0.338095,-0.941112][0.008447,0.349657,0][0,0.318504,-1.57148][0,-0.338095,-0.941112][0.008447,0.349657,0][-0.117312,0.284227,-1.58119][0.33341,-0.264682,-0.904865][0.04147,0.347611,0][-0.128251,0.331949,-1.56442][-0.37117,0.842325,-0.390795][0.041433,0.360049,0][-0.117431,0.273834,-1.55204][0.52244,-0.804108,-0.283666][0.041073,0.342366,0][-0.117312,0.284227,-1.58119][0.33341,-0.264682,-0.904865][0.04147,0.347611,0][0,0.318504,-1.57148][0,-0.338095,-0.941112][0.008447,0.349657,0][0,0.318504,-1.57148][0,-0.338095,-0.941112][0.008447,0.349657,0][0,0.308359,-1.53995][0,-0.950715,-0.310065][0.008343,0.34578,0][-0.117431,0.273834,-1.55204][0.52244,-0.804108,-0.283666][0.041073,0.342366,0][-0.117431,0.273834,-1.55204][0.52244,-0.804108,-0.283666][0.041073,0.342366,0][0,0.308359,-1.53995][0,-0.950715,-0.310065][0.008343,0.34578,0][0,0.299099,-1.51193][0,-0.423431,-0.905928][0.008308,0.340178,0][0,0.299099,-1.51193][0,-0.423431,-0.905928][0.008308,0.340178,0][-0.117528,0.264267,-1.52545][0.353096,-0.309432,-0.882935][0.041012,0.338475,0][-0.117431,0.273834,-1.55204][0.52244,-0.804108,-0.283666][0.041073,0.342366,0][-0.260809,0.210916,-1.60877][-0.429076,0.743623,-0.512756][0.081974,0.344359,0][-0.128251,0.331949,-1.56442][-0.37117,0.842325,-0.390795][0.041433,0.360049,0][-0.117312,0.284227,-1.58119][0.33341,-0.264682,-0.904865][0.04147,0.347611,0][-0.117312,0.284227,-1.58119][0.33341,-0.264682,-0.904865][0.04147,0.347611,0][-0.242881,0.157636,-1.62699][0.495002,-0.342935,-0.798354][0.077949,0.332977,0][-0.260809,0.210916,-1.60877][-0.429076,0.743623,-0.512756][0.081974,0.344359,0][-1.31036,0.0173278,-0.291308][-0.700587,0.0803711,-0.709026][0.456894,0.395547,0][-1.15876,0.169636,-0.633666][-0.773637,0.633107,-0.0257158][0.426003,0.407706,0][-1.22163,0.189047,-0.654509][-0.614053,0.769485,0.17559][0.427135,0.39816,0][-1.26164,0.0696988,-0.6873][-0.942737,0.178285,-0.281891][0.427499,0.369867,0][-1.35444,-0.0902672,-0.332265][-0.710776,0.226715,-0.665881][0.484675,0.364025,0][-1.31036,0.0173278,-0.291308][-0.700587,0.0803711,-0.709026][0.456894,0.395547,0][-1.31036,0.0173278,-0.291308][-0.700587,0.0803711,-0.709026][0.456894,0.395547,0][-1.22163,0.189047,-0.654509][-0.614053,0.769485,0.17559][0.427135,0.39816,0][-1.26164,0.0696988,-0.6873][-0.942737,0.178285,-0.281891][0.427499,0.369867,0][-1.23994,-0.0505222,-0.735927][-0.666933,-0.601883,-0.439246][0.423355,0.338271,0][-1.33534,-0.194647,-0.363817][-0.713962,0.267349,-0.647134][0.475876,0.338963,0][-1.35444,-0.0902672,-0.332265][-0.710776,0.226715,-0.665881][0.484675,0.364025,0][-1.35444,-0.0902672,-0.332265][-0.710776,0.226715,-0.665881][0.484675,0.364025,0][-1.26164,0.0696988,-0.6873][-0.942737,0.178285,-0.281891][0.427499,0.369867,0][-1.23994,-0.0505222,-0.735927][-0.666933,-0.601883,-0.439246][0.423355,0.338271,0][-1.18653,-0.0562722,-0.715157][-0.602788,-0.636907,-0.480621][0.420604,0.330066,0][-1.33534,-0.194647,-0.363817][-0.713962,0.267349,-0.647134][0.475876,0.338963,0][-1.23994,-0.0505222,-0.735927][-0.666933,-0.601883,-0.439246][0.423355,0.338271,0][-0.260809,0.210916,-1.60877][-0.429076,0.743623,-0.512756][0.081974,0.344359,0][-0.260974,0.199493,-1.57653][-0.45637,0.75912,-0.46418][0.082242,0.352542,0][-0.128189,0.320607,-1.53215][-0.305156,0.779929,-0.546434][0.041448,0.365299,0][-0.128189,0.320607,-1.53215][-0.305156,0.779929,-0.546434][0.041448,0.365299,0][-0.128251,0.331949,-1.56442][-0.37117,0.842325,-0.390795][0.041433,0.360049,0][-0.260809,0.210916,-1.60877][-0.429076,0.743623,-0.512756][0.081974,0.344359,0][-0.613763,0.730259,-1.42448][0.0399576,-0.410562,-0.910957][0.159164,0.457112,0][-0.61372,0.719057,-1.39217][0.0412059,-0.45445,-0.889819][0.157264,0.448337,0][-0.856348,0.689298,-1.40273][0.324513,-0.441729,-0.836401][0.195329,0.435531,0][-0.856348,0.689298,-1.40273][0.324513,-0.441729,-0.836401][0.195329,0.435531,0][-0.856242,0.700537,-1.43503][0.264057,-0.273111,-0.925032][0.20117,0.442396,0][-0.613763,0.730259,-1.42448][0.0399576,-0.410562,-0.910957][0.159164,0.457112,0][-0.389759,0.727732,-1.4258][0.0105377,-0.44072,-0.897583][0.114865,0.458304,0][-0.389527,0.716454,-1.39351][0.0095485,-0.423611,-0.905794][0.115322,0.45364,0][-0.61372,0.719057,-1.39217][0.0412059,-0.45445,-0.889819][0.157264,0.448337,0][-0.61372,0.719057,-1.39217][0.0412059,-0.45445,-0.889819][0.157264,0.448337,0][-0.613763,0.730259,-1.42448][0.0399576,-0.410562,-0.910957][0.159164,0.457112,0][-0.389759,0.727732,-1.4258][0.0105377,-0.44072,-0.897583][0.114865,0.458304,0][-0.60517,0.101788,-1.64887][-0.00363416,0.880477,-0.474075][0.159086,0.318383,0][-0.605107,0.0900918,-1.61673][-0.00413919,0.925222,-0.379404][0.15741,0.327621,0][-0.37271,0.126389,-1.60383][-0.283371,0.878937,-0.383627][0.119868,0.334177,0][-0.37271,0.126389,-1.60383][-0.283371,0.878937,-0.383627][0.119868,0.334177,0][-0.372819,0.137967,-1.63602][-0.238956,0.824121,-0.513542][0.11742,0.325918,0][-0.60517,0.101788,-1.64887][-0.00363416,0.880477,-0.474075][0.159086,0.318383,0][-0.836712,0.135658,-1.63659][0.225481,0.836233,-0.499873][0.20429,0.330361,0][-0.836746,0.123944,-1.60445][0.256964,0.886236,-0.38543][0.19814,0.338044,0][-0.605107,0.0900918,-1.61673][-0.00413919,0.925222,-0.379404][0.15741,0.327621,0][-0.605107,0.0900918,-1.61673][-0.00413919,0.925222,-0.379404][0.15741,0.327621,0][-0.60517,0.101788,-1.64887][-0.00363416,0.880477,-0.474075][0.159086,0.318383,0][-0.836712,0.135658,-1.63659][0.225481,0.836233,-0.499873][0.20429,0.330361,0][-0.983579,0.219777,-1.60622][0.468732,0.597718,-0.650403][0.230623,0.357444,0][-0.983713,0.208173,-1.57405][0.630181,0.642354,-0.43618][0.221867,0.36161,0][-0.836746,0.123944,-1.60445][0.256964,0.886236,-0.38543][0.19814,0.338044,0][-0.836746,0.123944,-1.60445][0.256964,0.886236,-0.38543][0.19814,0.338044,0][-0.836712,0.135658,-1.63659][0.225481,0.836233,-0.499873][0.20429,0.330361,0][-0.983579,0.219777,-1.60622][0.468732,0.597718,-0.650403][0.230623,0.357444,0][-1.03401,0.41964,-1.53515][0.634213,0.243575,-0.733788][0.23207,0.390865,0][-1.03423,0.408175,-1.50293][0.759998,0.201522,-0.617893][0.223171,0.390692,0][-0.983713,0.208173,-1.57405][0.630181,0.642354,-0.43618][0.221867,0.36161,0][-0.983713,0.208173,-1.57405][0.630181,0.642354,-0.43618][0.221867,0.36161,0][-0.983579,0.219777,-1.60622][0.468732,0.597718,-0.650403][0.230623,0.357444,0][-1.03401,0.41964,-1.53515][0.634213,0.243575,-0.733788][0.23207,0.390865,0][-0.981292,0.592625,-1.47349][0.543114,-0.0575668,-0.837683][0.222647,0.420405,0][-0.981492,0.581263,-1.44123][0.649089,-0.161476,-0.743377][0.214681,0.416396,0][-1.03423,0.408175,-1.50293][0.759998,0.201522,-0.617893][0.223171,0.390692,0][-1.03423,0.408175,-1.50293][0.759998,0.201522,-0.617893][0.223171,0.390692,0][-1.03401,0.41964,-1.53515][0.634213,0.243575,-0.733788][0.23207,0.390865,0][-0.981292,0.592625,-1.47349][0.543114,-0.0575668,-0.837683][0.222647,0.420405,0][-0.856242,0.700537,-1.43503][0.264057,-0.273111,-0.925032][0.20117,0.442396,0][-0.856348,0.689298,-1.40273][0.324513,-0.441729,-0.836401][0.195329,0.435531,0][-0.981492,0.581263,-1.44123][0.649089,-0.161476,-0.743377][0.214681,0.416396,0][-0.981492,0.581263,-1.44123][0.649089,-0.161476,-0.743377][0.214681,0.416396,0][-0.981292,0.592625,-1.47349][0.543114,-0.0575668,-0.837683][0.222647,0.420405,0][-0.856242,0.700537,-1.43503][0.264057,-0.273111,-0.925032][0.20117,0.442396,0][-0.128251,0.331949,-1.56442][-0.37117,0.842325,-0.390795][0.041433,0.360049,0][-0.128189,0.320607,-1.53215][-0.305156,0.779929,-0.546434][0.041448,0.365299,0][0,0.350529,-1.52392][0,0.864556,-0.502536][0.009574,0.366825,0][0,0.350529,-1.52392][0,0.864556,-0.502536][0.009574,0.366825,0][0,0.36186,-1.55619][0,0.926838,-0.375461][0.008425,0.361803,0][-0.128251,0.331949,-1.56442][-0.37117,0.842325,-0.390795][0.041433,0.360049,0][-0.128655,0.735512,-1.42265][-8.52997e-006,-0.432553,-0.901609][0.041733,0.459407,0][-0.128587,0.724155,-1.39039][0.00133532,-0.431814,-0.901962][0.040296,0.4546,0][-0.266123,0.722682,-1.39226][0.0245642,-0.439512,-0.897901][0.076005,0.453609,0][-0.266123,0.722682,-1.39226][0.0245642,-0.439512,-0.897901][0.076005,0.453609,0][-0.266114,0.734022,-1.42453][0.024513,-0.41812,-0.908061][0.077419,0.458268,0][-0.128655,0.735512,-1.42265][-8.52997e-006,-0.432553,-0.901609][0.041733,0.459407,0][-0.128655,0.735512,-1.42265][-8.52997e-006,-0.432553,-0.901609][0.041733,0.459407,0][0,0.735477,-1.42458][0,-0.433131,-0.901331][0.008145,0.460675,0][0,0.724118,-1.39232][0,-0.434558,-0.900644][0.010033,0.455703,0][0,0.724118,-1.39232][0,-0.434558,-0.900644][0.010033,0.455703,0][-0.128587,0.724155,-1.39039][0.00133532,-0.431814,-0.901962][0.040296,0.4546,0][-0.128655,0.735512,-1.42265][-8.52997e-006,-0.432553,-0.901609][0.041733,0.459407,0][-0.266114,0.734022,-1.42453][0.024513,-0.41812,-0.908061][0.077419,0.458268,0][-0.266123,0.722682,-1.39226][0.0245642,-0.439512,-0.897901][0.076005,0.453609,0][-0.389527,0.716454,-1.39351][0.0095485,-0.423611,-0.905794][0.115322,0.45364,0][-0.389527,0.716454,-1.39351][0.0095485,-0.423611,-0.905794][0.115322,0.45364,0][-0.389759,0.727732,-1.4258][0.0105377,-0.44072,-0.897583][0.114865,0.458304,0][-0.266114,0.734022,-1.42453][0.024513,-0.41812,-0.908061][0.077419,0.458268,0][-0.372819,0.137967,-1.63602][-0.238956,0.824121,-0.513542][0.11742,0.325918,0][-0.37271,0.126389,-1.60383][-0.283371,0.878937,-0.383627][0.119868,0.334177,0][-0.260974,0.199493,-1.57653][-0.45637,0.75912,-0.46418][0.082242,0.352542,0][-0.260974,0.199493,-1.57653][-0.45637,0.75912,-0.46418][0.082242,0.352542,0][-0.260809,0.210916,-1.60877][-0.429076,0.743623,-0.512756][0.081974,0.344359,0][-0.372819,0.137967,-1.63602][-0.238956,0.824121,-0.513542][0.11742,0.325918,0][-1.71268,-0.271162,0.110247][-0.998733,-0.0175587,0.0471515][0.587322,0.445951,0][-1.98399,-0.333449,0.460282][-0.97678,-0.0353852,0.211303][0.629794,0.519033,0][-1.81853,0.170618,0.439895][-0.919934,0.349482,0.177718][0.606115,0.594794,0][-1.81853,0.170618,0.439895][-0.919934,0.349482,0.177718][0.606115,0.594794,0][-1.73474,0.134945,0.072692][-0.881876,0.336919,0.329818][0.564613,0.535613,0][-1.71268,-0.271162,0.110247][-0.998733,-0.0175587,0.0471515][0.587322,0.445951,0][-1.42644,-0.462104,0.77396][-0.72271,-0.160172,0.672335][0.684157,0.557707,0][-1.21786,-0.57315,1.36064][-0.576086,0.0468156,0.816047][0.760571,0.5926,0][-1.00409,-0.231317,1.17344][-0.591487,0.0834889,0.80198][0.727812,0.650928,0][-1.00409,-0.231317,1.17344][-0.591487,0.0834889,0.80198][0.727812,0.650928,0][-1.4158,-0.158873,0.786299][-0.573748,0.105832,0.812166][0.668465,0.610843,0][-1.42644,-0.462104,0.77396][-0.72271,-0.160172,0.672335][0.684157,0.557707,0][-1.98399,-0.333449,0.460282][-0.97678,-0.0353852,0.211303][0.629794,0.519033,0][-1.42644,-0.462104,0.77396][-0.72271,-0.160172,0.672335][0.684157,0.557707,0][-1.4158,-0.158873,0.786299][-0.573748,0.105832,0.812166][0.668465,0.610843,0][-1.4158,-0.158873,0.786299][-0.573748,0.105832,0.812166][0.668465,0.610843,0][-1.81853,0.170618,0.439895][-0.919934,0.349482,0.177718][0.606115,0.594794,0][-1.98399,-0.333449,0.460282][-0.97678,-0.0353852,0.211303][0.629794,0.519033,0][-1.15522,0.186647,0.848265][-0.740142,0.2547,0.622349][0.640926,0.69218,0][-0.892079,0.529242,0.969374][-0.453497,0.587143,0.670525][0.634785,0.765001,0][-1.19337,0.840099,0.686055][-0.465424,0.811044,0.354383][0.541271,0.814501,0][-1.19337,0.840099,0.686055][-0.465424,0.811044,0.354383][0.541271,0.814501,0][-1.62635,0.555128,0.594218][-0.742322,0.599701,0.298858][0.581754,0.677534,0][-1.15522,0.186647,0.848265][-0.740142,0.2547,0.622349][0.640926,0.69218,0][-1.24204,-1.02496,0.634421][-0.744665,-0.334374,0.57764][0.758884,0.432211,0][-1.12993,-1.3159,0.587664][-0.724751,-0.564421,0.395177][0.791178,0.331771,0][-1.01409,-1.4187,0.939225][-0.506197,-0.742893,0.438034][0.848463,0.357663,0][-1.01409,-1.4187,0.939225][-0.506197,-0.742893,0.438034][0.848463,0.357663,0][-1.17512,-1.21901,1.19673][-0.625476,-0.383931,0.679247][0.830031,0.448531,0][-1.24204,-1.02496,0.634421][-0.744665,-0.334374,0.57764][0.758884,0.432211,0][-1.24204,-1.02496,0.634421][-0.744665,-0.334374,0.57764][0.758884,0.432211,0][-1.87412,-0.926884,0.352883][-0.92859,-0.323618,0.18164][0.687478,0.392318,0][-1.70029,-1.21269,0.335161][-0.742392,-0.65055,0.160123][0.703556,0.337497,0][-1.70029,-1.21269,0.335161][-0.742392,-0.65055,0.160123][0.703556,0.337497,0][-1.12993,-1.3159,0.587664][-0.724751,-0.564421,0.395177][0.791178,0.331771,0][-1.24204,-1.02496,0.634421][-0.744665,-0.334374,0.57764][0.758884,0.432211,0][-1.41044,0.420485,0.152438][-0.650908,0.755653,0.0728557][0.51735,0.678138,0][-1.62635,0.555128,0.594218][-0.742322,0.599701,0.298858][0.581754,0.677534,0][-1.19337,0.840099,0.686055][-0.465424,0.811044,0.354383][0.541271,0.814501,0][-1.19337,0.840099,0.686055][-0.465424,0.811044,0.354383][0.541271,0.814501,0][-1.0127,0.753772,0.228332][-0.560161,0.791571,0.244204][0.43306,0.822595,0][-1.41044,0.420485,0.152438][-0.650908,0.755653,0.0728557][0.51735,0.678138,0][-1.2798,-0.771504,-0.579091][-0.698624,-0.126439,-0.704229][0.507874,0.138327,0][-1.25468,-1.09371,-0.514974][-0.418451,-0.892263,-0.169604][0.52892,0.059315,0][-1.60215,-1.05396,-0.315528][-0.638023,-0.75667,-0.142746][0.56921,0.146965,0][-1.60215,-1.05396,-0.315528][-0.638023,-0.75667,-0.142746][0.56921,0.146965,0][-1.85239,-0.67705,-0.446115][-0.836817,-0.144035,-0.528197][0.542509,0.245271,0][-1.2798,-0.771504,-0.579091][-0.698624,-0.126439,-0.704229][0.507874,0.138327,0][-1.15522,0.186647,0.848265][-0.740142,0.2547,0.622349][0.640926,0.69218,0][-1.23646,0.153304,1.34037][-0.789663,0.093588,0.606361][0.685375,0.731903,0][-0.892079,0.529242,0.969374][-0.453497,0.587143,0.670525][0.634785,0.765001,0][-1.60215,-1.05396,-0.315528][-0.638023,-0.75667,-0.142746][0.56921,0.146965,0][-1.31513,-1.16281,-0.105955][-0.343966,-0.787193,-0.511873][0.650456,0.229211,0][-1.55391,-0.849633,-0.078841][-0.874066,-0.484259,-0.0387438][0.631328,0.301374,0][-1.55391,-0.849633,-0.078841][-0.874066,-0.484259,-0.0387438][0.631328,0.301374,0][-1.85239,-0.67705,-0.446115][-0.836817,-0.144035,-0.528197][0.542509,0.245271,0][-1.60215,-1.05396,-0.315528][-0.638023,-0.75667,-0.142746][0.56921,0.146965,0][-1.35759,0.846057,-0.500795][-0.461598,0.831233,0.309804][0.397913,0.692604,0][-1.41304,0.655262,-0.161998][-0.608799,0.615846,0.500097][0.460067,0.682173,0][-1.18966,1.13327,-0.128517][-0.570671,0.784036,0.244176][0.322091,0.817831,0][-1.18966,1.13327,-0.128517][-0.570671,0.784036,0.244176][0.322091,0.817831,0][-0.939936,1.08746,-0.514596][-0.418592,0.907244,0.0410947][0.269388,0.76039,0][-1.35759,0.846057,-0.500795][-0.461598,0.831233,0.309804][0.397913,0.692604,0][-1.24204,-1.02496,0.634421][-0.744665,-0.334374,0.57764][0.758884,0.432211,0][-1.17512,-1.21901,1.19673][-0.625476,-0.383931,0.679247][0.830031,0.448531,0][-1.08789,-0.905032,1.21451][-0.53103,-0.286526,0.797439][0.789729,0.537264,0][-1.08789,-0.905032,1.21451][-0.53103,-0.286526,0.797439][0.789729,0.537264,0][-1.3635,-0.675396,0.689348][-0.711861,-0.3704,0.596706][0.720806,0.501105,0][-1.24204,-1.02496,0.634421][-0.744665,-0.334374,0.57764][0.758884,0.432211,0][-1.87412,-0.926884,0.352883][-0.92859,-0.323618,0.18164][0.687478,0.392318,0][-1.24204,-1.02496,0.634421][-0.744665,-0.334374,0.57764][0.758884,0.432211,0][-1.3635,-0.675396,0.689348][-0.711861,-0.3704,0.596706][0.720806,0.501105,0][-1.3635,-0.675396,0.689348][-0.711861,-0.3704,0.596706][0.720806,0.501105,0][-1.89778,-0.582141,0.378434][-0.968626,-0.209425,0.133807][0.66031,0.454471,0][-1.87412,-0.926884,0.352883][-0.92859,-0.323618,0.18164][0.687478,0.392318,0][-1.87412,-0.926884,0.352883][-0.92859,-0.323618,0.18164][0.687478,0.392318,0][-1.89778,-0.582141,0.378434][-0.968626,-0.209425,0.133807][0.66031,0.454471,0][-1.68152,-0.589255,0.018532][-0.956732,-0.282239,-0.0707419][0.614947,0.370347,0][-1.68152,-0.589255,0.018532][-0.956732,-0.282239,-0.0707419][0.614947,0.370347,0][-1.55391,-0.849633,-0.078841][-0.874066,-0.484259,-0.0387438][0.631328,0.301374,0][-1.87412,-0.926884,0.352883][-0.92859,-0.323618,0.18164][0.687478,0.392318,0][-1.05849,-0.837217,-0.971402][-0.353866,-0.421043,-0.835166][0.423634,0.144366,0][-1.12224,-0.970689,-0.846691][-0.456977,-0.401872,-0.793518][0.437906,0.092905,0][-1.188,-0.880548,-0.738083][-0.888777,-0.0710331,-0.452802][0.473562,0.112129,0][-1.188,-0.880548,-0.738083][-0.888777,-0.0710331,-0.452802][0.473562,0.112129,0][-1.13314,-0.658581,-0.845365][-0.837999,-0.0660158,-0.541664][0.441836,0.183624,0][-1.05849,-0.837217,-0.971402][-0.353866,-0.421043,-0.835166][0.423634,0.144366,0][-1.25895,-0.435216,-0.055548][0.985364,-0.11594,-0.124963][0.792842,0.11798,0][-1.19146,-0.163477,-0.036557][0.906731,-0.412239,-0.0888753][0.783389,0.100677,0][-1.16054,-0.198193,0.282982][0.840897,-0.360397,-0.40374][0.808189,0.092358,0][-1.16054,-0.198193,0.282982][0.840897,-0.360397,-0.40374][0.808189,0.092358,0][-1.19274,-0.46708,0.272983][0.900861,-0.032578,-0.432883][0.81933,0.105616,0][-1.25895,-0.435216,-0.055548][0.985364,-0.11594,-0.124963][0.792842,0.11798,0][-0.923922,-0.2796,0.571115][0.63823,-0.259053,-0.724952][0.835653,0.07794,0][-0.94224,-0.57487,0.575261][0.710273,-0.0230905,-0.703547][0.85163,0.088427,0][-1.19274,-0.46708,0.272983][0.900861,-0.032578,-0.432883][0.81933,0.105616,0][-1.19274,-0.46708,0.272983][0.900861,-0.032578,-0.432883][0.81933,0.105616,0][-1.16054,-0.198193,0.282982][0.840897,-0.360397,-0.40374][0.808189,0.092358,0][-0.923922,-0.2796,0.571115][0.63823,-0.259053,-0.724952][0.835653,0.07794,0][-0.946349,-0.926723,0.563216][0.716062,0.0658506,-0.694924][0.871596,0.102296,0][-0.923832,-1.2662,0.547689][0.741493,0.119056,-0.660314][0.893932,0.114939,0][-1.16958,-1.13415,0.211542][0.901009,0.0961281,-0.423016][0.854704,0.146886,0][-1.16958,-1.13415,0.211542][0.901009,0.0961281,-0.423016][0.854704,0.146886,0][-1.19189,-0.824739,0.248394][0.908055,0.0656603,-0.413672][0.836965,0.126214,0][-0.946349,-0.926723,0.563216][0.716062,0.0658506,-0.694924][0.871596,0.102296,0][-1.11966,-0.21927,-0.676706][0.908983,-0.348038,0.22939][0.728551,0.11565,0][-1.20206,-0.181272,-0.337191][0.912739,-0.391015,0.118385][0.75968,0.108858,0][-1.28141,-0.436311,-0.293014][0.987565,-0.143958,0.0631806][0.773475,0.125141,0][-1.28141,-0.436311,-0.293014][0.987565,-0.143958,0.0631806][0.773475,0.125141,0][-1.1895,-0.476669,-0.709888][0.932808,-0.0892555,0.349147][0.735133,0.133623,0][-1.11966,-0.21927,-0.676706][0.908983,-0.348038,0.22939][0.728551,0.11565,0][-0.942331,-0.524189,-1.09737][0.920222,-0.375703,-0.10972][0.684749,0.144142,0][-1.02741,-0.185207,-0.972108][0.852521,-0.240378,0.464141][0.695889,0.117348,0][-1.1895,-0.476669,-0.709888][0.932808,-0.0892555,0.349147][0.735133,0.133623,0][-1.1895,-0.476669,-0.709888][0.932808,-0.0892555,0.349147][0.735133,0.133623,0][-1.03844,-0.836836,-0.964183][0.847888,-0.460463,-0.262792][0.716975,0.15622,0][-0.942331,-0.524189,-1.09737][0.920222,-0.375703,-0.10972][0.684749,0.144142,0][-1.11966,-0.21927,-0.676706][0.908983,-0.348038,0.22939][0.728551,0.11565,0][-1.1895,-0.476669,-0.709888][0.932808,-0.0892555,0.349147][0.735133,0.133623,0][-1.02741,-0.185207,-0.972108][0.852521,-0.240378,0.464141][0.695889,0.117348,0][-1.02741,-0.185207,-0.972108][0.852521,-0.240378,0.464141][0.695889,0.117348,0][-1.02874,-0.0836902,-0.824525][0.89364,-0.392409,0.217768][0.708888,0.107942,0][-1.11966,-0.21927,-0.676706][0.908983,-0.348038,0.22939][0.728551,0.11565,0][-0.95369,0.139157,-0.659895][0.76295,-0.625451,0.163457][0.717932,0.090117,0][-1.11966,-0.21927,-0.676706][0.908983,-0.348038,0.22939][0.728551,0.11565,0][-1.02874,-0.0836902,-0.824525][0.89364,-0.392409,0.217768][0.708888,0.107942,0][-1.02874,-0.0836902,-0.824525][0.89364,-0.392409,0.217768][0.708888,0.107942,0][-0.936315,0.0590498,-0.925231][0.738391,-0.542037,0.401217][0.694558,0.097908,0][-0.95369,0.139157,-0.659895][0.76295,-0.625451,0.163457][0.717932,0.090117,0][-1.02741,-0.185207,-0.972108][0.852521,-0.240378,0.464141][0.695889,0.117348,0][-0.856346,-0.0625852,-1.10231][0.695164,-0.424238,0.580318][0.673386,0.106314,0][-0.936315,0.0590498,-0.925231][0.738391,-0.542037,0.401217][0.694558,0.097908,0][-0.936315,0.0590498,-0.925231][0.738391,-0.542037,0.401217][0.694558,0.097908,0][-1.02874,-0.0836902,-0.824525][0.89364,-0.392409,0.217768][0.708888,0.107942,0][-1.02741,-0.185207,-0.972108][0.852521,-0.240378,0.464141][0.695889,0.117348,0][-0.876608,-0.34589,-1.22911][0.814561,-0.576653,-0.0629453][0.660126,0.135807,0][-0.765505,-0.214299,-1.32599][0.673396,-0.736979,0.0583075][0.642032,0.121473,0][-0.856346,-0.0625852,-1.10231][0.695164,-0.424238,0.580318][0.673386,0.106314,0][-0.856346,-0.0625852,-1.10231][0.695164,-0.424238,0.580318][0.673386,0.106314,0][-1.02741,-0.185207,-0.972108][0.852521,-0.240378,0.464141][0.695889,0.117348,0][-0.876608,-0.34589,-1.22911][0.814561,-0.576653,-0.0629453][0.660126,0.135807,0][-1.21179,-1.03167,-0.53836][0.959457,0.0585371,0.275708][0.775978,0.173203,0][-1.13298,-1.14637,-0.753339][0.690893,-0.673015,-0.264041][0.757732,0.168126,0][-1.10186,-0.970084,-0.840442][0.872653,-0.429673,-0.232074][0.738201,0.164327,0][-1.10186,-0.970084,-0.840442][0.872653,-0.429673,-0.232074][0.738201,0.164327,0][-1.20466,-0.829094,-0.60967][0.950082,0.0495009,0.308049][0.758934,0.157027,0][-1.21179,-1.03167,-0.53836][0.959457,0.0585371,0.275708][0.775978,0.173203,0][-1.27552,-0.743434,-0.299254][0.99693,0.0339242,0.070566][0.786112,0.149009,0][-1.26036,-0.737236,-0.072005][0.990039,0.0393337,-0.135185][0.806181,0.139972,0][-1.24183,-1.03249,-0.096261][0.976437,-0.0865476,-0.197687][0.822203,0.169557,0][-1.24183,-1.03249,-0.096261][0.976437,-0.0865476,-0.197687][0.822203,0.169557,0][-1.2633,-1.00096,-0.308984][0.96519,-0.248399,0.0818937][0.798492,0.178682,0][-1.27552,-0.743434,-0.299254][0.99693,0.0339242,0.070566][0.786112,0.149009,0][-1.20206,-0.181272,-0.337191][0.912739,-0.391015,0.118385][0.75968,0.108858,0][-1.19146,-0.163477,-0.036557][0.906731,-0.412239,-0.0888753][0.783389,0.100677,0][-1.25895,-0.435216,-0.055548][0.985364,-0.11594,-0.124963][0.792842,0.11798,0][-1.25895,-0.435216,-0.055548][0.985364,-0.11594,-0.124963][0.792842,0.11798,0][-1.28141,-0.436311,-0.293014][0.987565,-0.143958,0.0631806][0.773475,0.125141,0][-1.20206,-0.181272,-0.337191][0.912739,-0.391015,0.118385][0.75968,0.108858,0][-1.19189,-0.824739,0.248394][0.908055,0.0656603,-0.413672][0.836965,0.126214,0][-1.19274,-0.46708,0.272983][0.900861,-0.032578,-0.432883][0.81933,0.105616,0][-0.94224,-0.57487,0.575261][0.710273,-0.0230905,-0.703547][0.85163,0.088427,0][-0.94224,-0.57487,0.575261][0.710273,-0.0230905,-0.703547][0.85163,0.088427,0][-0.946349,-0.926723,0.563216][0.716062,0.0658506,-0.694924][0.871596,0.102296,0][-1.19189,-0.824739,0.248394][0.908055,0.0656603,-0.413672][0.836965,0.126214,0][-1.26036,-0.737236,-0.072005][0.990039,0.0393337,-0.135185][0.806181,0.139972,0][-1.25895,-0.435216,-0.055548][0.985364,-0.11594,-0.124963][0.792842,0.11798,0][-1.19274,-0.46708,0.272983][0.900861,-0.032578,-0.432883][0.81933,0.105616,0][-1.19274,-0.46708,0.272983][0.900861,-0.032578,-0.432883][0.81933,0.105616,0][-1.19189,-0.824739,0.248394][0.908055,0.0656603,-0.413672][0.836965,0.126214,0][-1.26036,-0.737236,-0.072005][0.990039,0.0393337,-0.135185][0.806181,0.139972,0][-1.28141,-0.436311,-0.293014][0.987565,-0.143958,0.0631806][0.773475,0.125141,0][-1.25895,-0.435216,-0.055548][0.985364,-0.11594,-0.124963][0.792842,0.11798,0][-1.26036,-0.737236,-0.072005][0.990039,0.0393337,-0.135185][0.806181,0.139972,0][-1.26036,-0.737236,-0.072005][0.990039,0.0393337,-0.135185][0.806181,0.139972,0][-1.27552,-0.743434,-0.299254][0.99693,0.0339242,0.070566][0.786112,0.149009,0][-1.28141,-0.436311,-0.293014][0.987565,-0.143958,0.0631806][0.773475,0.125141,0][-1.1895,-0.476669,-0.709888][0.932808,-0.0892555,0.349147][0.735133,0.133623,0][-1.28141,-0.436311,-0.293014][0.987565,-0.143958,0.0631806][0.773475,0.125141,0][-1.27552,-0.743434,-0.299254][0.99693,0.0339242,0.070566][0.786112,0.149009,0][-1.27552,-0.743434,-0.299254][0.99693,0.0339242,0.070566][0.786112,0.149009,0][-1.20466,-0.829094,-0.60967][0.950082,0.0495009,0.308049][0.758934,0.157027,0][-1.1895,-0.476669,-0.709888][0.932808,-0.0892555,0.349147][0.735133,0.133623,0][-1.20466,-0.829094,-0.60967][0.950082,0.0495009,0.308049][0.758934,0.157027,0][-1.10186,-0.970084,-0.840442][0.872653,-0.429673,-0.232074][0.738201,0.164327,0][-1.03844,-0.836836,-0.964183][0.847888,-0.460463,-0.262792][0.716975,0.15622,0][-1.03844,-0.836836,-0.964183][0.847888,-0.460463,-0.262792][0.716975,0.15622,0][-1.1895,-0.476669,-0.709888][0.932808,-0.0892555,0.349147][0.735133,0.133623,0][-1.20466,-0.829094,-0.60967][0.950082,0.0495009,0.308049][0.758934,0.157027,0][-0.849722,-1.6905,0.497558][0.468607,-0.520383,-0.713869][0.8136,0.233783,0][-0.628268,-1.75195,0.659724][0.351836,-0.515058,-0.781618][0.864786,0.225311,0][-0.639139,-1.75745,0.676035][-0.200058,-0.957942,0.205726][0.863978,0.231269,0][-0.639139,-1.75745,0.676035][-0.200058,-0.957942,0.205726][0.863978,0.231269,0][-0.86654,-1.69514,0.50874][-0.392988,-0.919145,-0.027062][0.812658,0.239513,0][-0.849722,-1.6905,0.497558][0.468607,-0.520383,-0.713869][0.8136,0.233783,0][-1.1306,-1.54336,0.163857][0.448034,-0.499687,-0.741336][0.733236,0.257378,0][-0.849722,-1.6905,0.497558][0.468607,-0.520383,-0.713869][0.8136,0.233783,0][-0.86654,-1.69514,0.50874][-0.392988,-0.919145,-0.027062][0.812658,0.239513,0][-0.86654,-1.69514,0.50874][-0.392988,-0.919145,-0.027062][0.812658,0.239513,0][-1.15033,-1.54722,0.170842][-0.389735,-0.874463,-0.288827][0.73379,0.263858,0][-1.1306,-1.54336,0.163857][0.448034,-0.499687,-0.741336][0.733236,0.257378,0][-1.03844,-0.836836,-0.964183][0.847888,-0.460463,-0.262792][0.422332,0.140173,0][-1.05849,-0.837217,-0.971402][-0.353866,-0.421043,-0.835166][0.423634,0.144366,0][-0.960633,-0.523888,-1.10752][-0.297799,-0.411006,-0.86162][0.368381,0.197316,0][-0.960633,-0.523888,-1.10752][-0.297799,-0.411006,-0.86162][0.368381,0.197316,0][-0.942331,-0.524189,-1.09737][0.920222,-0.375703,-0.10972][0.367455,0.193246,0][-1.03844,-0.836836,-0.964183][0.847888,-0.460463,-0.262792][0.422332,0.140173,0][-1.10186,-0.970084,-0.840442][0.872653,-0.429673,-0.232074][0.434965,0.089603,0][-1.13298,-1.14637,-0.753339][0.690893,-0.673015,-0.264041][0.466177,0.030529,0][-1.15347,-1.14395,-0.758857][-0.458753,-0.635294,-0.621247][0.468736,0.034874,0][-1.15347,-1.14395,-0.758857][-0.458753,-0.635294,-0.621247][0.468736,0.034874,0][-1.12224,-0.970689,-0.846691][-0.456977,-0.401872,-0.793518][0.437906,0.092905,0][-1.10186,-0.970084,-0.840442][0.872653,-0.429673,-0.232074][0.434965,0.089603,0][-1.10186,-0.970084,-0.840442][0.872653,-0.429673,-0.232074][0.434965,0.089603,0][-1.12224,-0.970689,-0.846691][-0.456977,-0.401872,-0.793518][0.437906,0.092905,0][-1.05849,-0.837217,-0.971402][-0.353866,-0.421043,-0.835166][0.423634,0.144366,0][-1.05849,-0.837217,-0.971402][-0.353866,-0.421043,-0.835166][0.423634,0.144366,0][-1.03844,-0.836836,-0.964183][0.847888,-0.460463,-0.262792][0.422332,0.140173,0][-1.10186,-0.970084,-0.840442][0.872653,-0.429673,-0.232074][0.434965,0.089603,0][-0.923832,-1.2662,0.547689][0.741493,0.119056,-0.660314][0.893932,0.114939,0][-0.849722,-1.6905,0.497558][0.468607,-0.520383,-0.713869][0.928315,0.130607,0][-1.1306,-1.54336,0.163857][0.448034,-0.499687,-0.741336][0.882568,0.16746,0][-1.1306,-1.54336,0.163857][0.448034,-0.499687,-0.741336][0.882568,0.16746,0][-1.16958,-1.13415,0.211542][0.901009,0.0961281,-0.423016][0.854704,0.146886,0][-0.923832,-1.2662,0.547689][0.741493,0.119056,-0.660314][0.893932,0.114939,0][-0.86654,-1.69514,0.50874][-0.392988,-0.919145,-0.027062][0.812658,0.239513,0][-0.639139,-1.75745,0.676035][-0.200058,-0.957942,0.205726][0.863978,0.231269,0][-1.01409,-1.4187,0.939225][-0.506197,-0.742893,0.438034][0.848463,0.357663,0][-1.01409,-1.4187,0.939225][-0.506197,-0.742893,0.438034][0.848463,0.357663,0][-1.12993,-1.3159,0.587664][-0.724751,-0.564421,0.395177][0.791178,0.331771,0][-0.86654,-1.69514,0.50874][-0.392988,-0.919145,-0.027062][0.812658,0.239513,0][-1.12993,-1.3159,0.587664][-0.724751,-0.564421,0.395177][0.791178,0.331771,0][-1.70029,-1.21269,0.335161][-0.742392,-0.65055,0.160123][0.703556,0.337497,0][-1.15033,-1.54722,0.170842][-0.389735,-0.874463,-0.288827][0.73379,0.263858,0][-1.15033,-1.54722,0.170842][-0.389735,-0.874463,-0.288827][0.73379,0.263858,0][-0.86654,-1.69514,0.50874][-0.392988,-0.919145,-0.027062][0.812658,0.239513,0][-1.12993,-1.3159,0.587664][-0.724751,-0.564421,0.395177][0.791178,0.331771,0][-1.24183,-1.03249,-0.096261][0.976437,-0.0865476,-0.197687][0.822203,0.169557,0][-1.26036,-0.737236,-0.072005][0.990039,0.0393337,-0.135185][0.806181,0.139972,0][-1.19189,-0.824739,0.248394][0.908055,0.0656603,-0.413672][0.836965,0.126214,0][-1.19189,-0.824739,0.248394][0.908055,0.0656603,-0.413672][0.836965,0.126214,0][-1.16958,-1.13415,0.211542][0.901009,0.0961281,-0.423016][0.854704,0.146886,0][-1.24183,-1.03249,-0.096261][0.976437,-0.0865476,-0.197687][0.822203,0.169557,0][-1.68152,-0.589255,0.018532][-0.956732,-0.282239,-0.0707419][0.614947,0.370347,0][-1.71268,-0.271162,0.110247][-0.998733,-0.0175587,0.0471515][0.587322,0.445951,0][-1.89334,-0.291149,-0.082864][-0.999958,0.00562022,0.00726781][0.554143,0.349022,0][-1.89334,-0.291149,-0.082864][-0.999958,0.00562022,0.00726781][0.554143,0.349022,0][-1.85239,-0.67705,-0.446115][-0.836817,-0.144035,-0.528197][0.542509,0.245271,0][-1.68152,-0.589255,0.018532][-0.956732,-0.282239,-0.0707419][0.614947,0.370347,0][-1.55391,-0.849633,-0.078841][-0.874066,-0.484259,-0.0387438][0.631328,0.301374,0][-1.68152,-0.589255,0.018532][-0.956732,-0.282239,-0.0707419][0.614947,0.370347,0][-1.85239,-0.67705,-0.446115][-0.836817,-0.144035,-0.528197][0.542509,0.245271,0][-1.27636,-1.16523,-0.104191][0.603024,-0.5266,-0.599211][0.831439,0.187067,0][-1.24183,-1.03249,-0.096261][0.976437,-0.0865476,-0.197687][0.822203,0.169557,0][-1.16958,-1.13415,0.211542][0.901009,0.0961281,-0.423016][0.854704,0.146886,0][-1.16958,-1.13415,0.211542][0.901009,0.0961281,-0.423016][0.854704,0.146886,0][-1.1306,-1.54336,0.163857][0.448034,-0.499687,-0.741336][0.882568,0.16746,0][-1.27636,-1.16523,-0.104191][0.603024,-0.5266,-0.599211][0.831439,0.187067,0][-1.15347,-1.14395,-0.758857][-0.458753,-0.635294,-0.621247][0.468736,0.034874,0][-1.19063,-1.15978,-0.649947][-0.610829,-0.790104,-0.0512172][0.490741,0.027363,0][-1.188,-0.880548,-0.738083][-0.888777,-0.0710331,-0.452802][0.473562,0.112129,0][-1.188,-0.880548,-0.738083][-0.888777,-0.0710331,-0.452802][0.473562,0.112129,0][-1.12224,-0.970689,-0.846691][-0.456977,-0.401872,-0.793518][0.437906,0.092905,0][-1.15347,-1.14395,-0.758857][-0.458753,-0.635294,-0.621247][0.468736,0.034874,0][-1.70029,-1.21269,0.335161][-0.742392,-0.65055,0.160123][0.703556,0.337497,0][-1.87412,-0.926884,0.352883][-0.92859,-0.323618,0.18164][0.687478,0.392318,0][-1.55391,-0.849633,-0.078841][-0.874066,-0.484259,-0.0387438][0.631328,0.301374,0][-1.55391,-0.849633,-0.078841][-0.874066,-0.484259,-0.0387438][0.631328,0.301374,0][-1.31513,-1.16281,-0.105955][-0.343966,-0.787193,-0.511873][0.650456,0.229211,0][-1.70029,-1.21269,0.335161][-0.742392,-0.65055,0.160123][0.703556,0.337497,0][-0.260376,-0.315668,0.935036][0.190398,-0.215413,-0.957782][0.886295,0.036967,0][-0.241945,-0.697374,0.976124][0.227032,-0.00593161,-0.973869][0.912847,0.037958,0][-0.458272,-0.679271,0.89788][0.386476,0.00495028,-0.922286][0.89608,0.053371,0][-0.458272,-0.679271,0.89788][0.386476,0.00495028,-0.922286][0.89608,0.053371,0][-0.457665,-0.300753,0.878085][0.354704,-0.189934,-0.915484][0.871946,0.048347,0][-0.260376,-0.315668,0.935036][0.190398,-0.215413,-0.957782][0.886295,0.036967,0][-0.274102,0.089128,0.772183][0.140588,-0.579175,-0.802989][0.849318,0.036283,0][-0.260376,-0.315668,0.935036][0.190398,-0.215413,-0.957782][0.886295,0.036967,0][-0.457665,-0.300753,0.878085][0.354704,-0.189934,-0.915484][0.871946,0.048347,0][-0.457665,-0.300753,0.878085][0.354704,-0.189934,-0.915484][0.871946,0.048347,0][-0.534045,0.0711779,0.735242][0.387729,-0.513548,-0.765464][0.838481,0.049089,0][-0.274102,0.089128,0.772183][0.140588,-0.579175,-0.802989][0.849318,0.036283,0][-0.296853,0.406977,0.387765][0.119384,-0.903759,-0.411056][0.798145,0.037375,0][-0.274102,0.089128,0.772183][0.140588,-0.579175,-0.802989][0.849318,0.036283,0][-0.534045,0.0711779,0.735242][0.387729,-0.513548,-0.765464][0.838481,0.049089,0][-0.534045,0.0711779,0.735242][0.387729,-0.513548,-0.765464][0.838481,0.049089,0][-0.578783,0.362062,0.361457][0.414031,-0.8318,-0.369713][0.796099,0.051003,0][-0.296853,0.406977,0.387765][0.119384,-0.903759,-0.411056][0.798145,0.037375,0][-0.31206,0.45711,0.086635][0.126879,-0.987382,-0.0947565][0.767249,0.039251,0][-0.296853,0.406977,0.387765][0.119384,-0.903759,-0.411056][0.798145,0.037375,0][-0.578783,0.362062,0.361457][0.414031,-0.8318,-0.369713][0.796099,0.051003,0][-0.578783,0.362062,0.361457][0.414031,-0.8318,-0.369713][0.796099,0.051003,0][-0.604064,0.3934,0.072311][0.408808,-0.906126,-0.10868][0.770815,0.054824,0][-0.31206,0.45711,0.086635][0.126879,-0.987382,-0.0947565][0.767249,0.039251,0][-0.314983,0.472203,-0.406542][0.138294,-0.990321,-0.0118304][0.717327,0.041778,0][-0.31206,0.45711,0.086635][0.126879,-0.987382,-0.0947565][0.767249,0.039251,0][-0.604064,0.3934,0.072311][0.408808,-0.906126,-0.10868][0.770815,0.054824,0][-0.604064,0.3934,0.072311][0.408808,-0.906126,-0.10868][0.770815,0.054824,0][-0.61815,0.406554,-0.406076][0.400039,-0.916497,-0.00127403][0.727162,0.060163,0][-0.314983,0.472203,-0.406542][0.138294,-0.990321,-0.0118304][0.717327,0.041778,0][-0.628683,0.401244,-0.729475][0.429256,-0.883309,0.188424][0.698865,0.064324,0][-0.310415,0.467976,-0.765393][0.138841,-0.966332,0.216622][0.682714,0.043566,0][-0.314983,0.472203,-0.406542][0.138294,-0.990321,-0.0118304][0.717327,0.041778,0][-0.314983,0.472203,-0.406542][0.138294,-0.990321,-0.0118304][0.717327,0.041778,0][-0.61815,0.406554,-0.406076][0.400039,-0.916497,-0.00127403][0.727162,0.060163,0][-0.628683,0.401244,-0.729475][0.429256,-0.883309,0.188424][0.698865,0.064324,0][-0.310415,0.467976,-0.765393][0.138841,-0.966332,0.216622][0.682714,0.043566,0][-0.628683,0.401244,-0.729475][0.429256,-0.883309,0.188424][0.698865,0.064324,0][-0.613038,0.245718,-1.07596][0.444671,-0.761019,0.472354][0.667686,0.072886,0][-0.613038,0.245718,-1.07596][0.444671,-0.761019,0.472354][0.667686,0.072886,0][-0.302,0.304698,-1.14061][0.210395,-0.861319,0.462453][0.648132,0.047765,0][-0.310415,0.467976,-0.765393][0.138841,-0.966332,0.216622][0.682714,0.043566,0][-0.606151,0.0929459,-1.28645][0.499103,-0.61313,0.612346][0.646356,0.082951,0][-0.282899,0.149017,-1.38103][0.268315,-0.712756,0.648063][0.626631,0.050727,0][-0.302,0.304698,-1.14061][0.210395,-0.861319,0.462453][0.648132,0.047765,0][-0.302,0.304698,-1.14061][0.210395,-0.861319,0.462453][0.648132,0.047765,0][-0.613038,0.245718,-1.07596][0.444671,-0.761019,0.472354][0.667686,0.072886,0][-0.606151,0.0929459,-1.28645][0.499103,-0.61313,0.612346][0.646356,0.082951,0][-0.592922,-0.107558,-1.43734][0.365297,-0.901712,0.231243][0.623736,0.099053,0][-0.352831,-0.107132,-1.53732][0.23657,-0.94992,0.204175][0.612659,0.067631,0][-0.282899,0.149017,-1.38103][0.268315,-0.712756,0.648063][0.626631,0.050727,0][-0.282899,0.149017,-1.38103][0.268315,-0.712756,0.648063][0.626631,0.050727,0][-0.606151,0.0929459,-1.28645][0.499103,-0.61313,0.612346][0.646356,0.082951,0][-0.592922,-0.107558,-1.43734][0.365297,-0.901712,0.231243][0.623736,0.099053,0][-0.352831,-0.107132,-1.53732][0.23657,-0.94992,0.204175][0.113099,0.246023,0][-0.592922,-0.107558,-1.43734][0.365297,-0.901712,0.231243][0.161757,0.244053,0][-0.60133,-0.10211,-1.45396][-0.257576,-0.616082,-0.744377][0.161647,0.24887,0][-0.60133,-0.10211,-1.45396][-0.257576,-0.616082,-0.744377][0.161647,0.24887,0][-0.357215,-0.100155,-1.55496][-0.137249,-0.622067,-0.770841][0.11348,0.250781,0][-0.352831,-0.107132,-1.53732][0.23657,-0.94992,0.204175][0.113099,0.246023,0][-0.612027,-0.0145402,-1.46133][-0.355032,-0.502809,-0.788122][0.160972,0.270674,0][-0.354536,0.0648329,-1.55304][0.126456,-0.49956,-0.857][0.115385,0.287541,0][-0.35563,0.00535388,-1.56301][-0.299951,0.0722817,-0.951212][0.115802,0.276137,0][-0.35563,0.00535388,-1.56301][-0.299951,0.0722817,-0.951212][0.115802,0.276137,0][-0.607659,-0.0424032,-1.4675][-0.457696,-0.0488394,-0.887766][0.161011,0.2637,0][-0.612027,-0.0145402,-1.46133][-0.355032,-0.502809,-0.788122][0.160972,0.270674,0][-0.39128,0.754314,-1.33209][-0.204616,0.640259,-0.740406][0.115127,0.480736,0][-0.6109,0.736538,-1.28105][-0.554883,0.620615,-0.554024][0.159159,0.481627,0][-0.569941,0.871644,-1.37358][-0.333634,-0.336823,-0.880476][0.162979,0.516021,0][-0.569941,0.871644,-1.37358][-0.333634,-0.336823,-0.880476][0.162979,0.516021,0][-0.252743,0.969368,-1.49081][-0.0816198,-0.298235,-0.950997][0.064035,0.530059,0][-0.39128,0.754314,-1.33209][-0.204616,0.640259,-0.740406][0.115127,0.480736,0][-0.31657,1.48858,-0.166253][-0.272703,0.896174,0.350008][0.195677,0.902656,0][-0.291337,1.45996,-0.586275][-0.318165,0.948031,0.00279429][0.113518,0.830947,0][-0.606793,1.26587,-0.546874][-0.483814,0.868877,0.10477][0.186966,0.802948,0][-0.606793,1.26587,-0.546874][-0.483814,0.868877,0.10477][0.186966,0.802948,0][-0.657171,1.21233,-0.198674][-0.37985,0.899207,0.217117][0.26707,0.853964,0][-0.31657,1.48858,-0.166253][-0.272703,0.896174,0.350008][0.195677,0.902656,0][-0.270563,1.13563,0.190958][-0.267052,0.902163,0.3388][0.343739,0.929301,0][-0.553133,1.07274,0.197296][-0.295804,0.887365,0.353671][0.400291,0.872225,0][-0.504575,0.980106,0.696192][-0.488001,0.811188,0.322225][0.531174,0.861232,0][-0.504575,0.980106,0.696192][-0.488001,0.811188,0.322225][0.531174,0.861232,0][-0.219525,1.2056,0.815357][-0.193968,0.900502,0.389195][0.504571,0.926629,0][-0.270563,1.13563,0.190958][-0.267052,0.902163,0.3388][0.343739,0.929301,0][-0.277855,0.807409,1.11433][-0.260309,0.63624,0.726249][0.652753,0.889718,0][-0.219525,1.2056,0.815357][-0.193968,0.900502,0.389195][0.504571,0.926629,0][-0.504575,0.980106,0.696192][-0.488001,0.811188,0.322225][0.531174,0.861232,0][-0.504575,0.980106,0.696192][-0.488001,0.811188,0.322225][0.531174,0.861232,0][-0.502886,0.738537,1.03843][-0.435221,0.660971,0.61131][0.637738,0.829775,0][-0.277855,0.807409,1.11433][-0.260309,0.63624,0.726249][0.652753,0.889718,0][-0.277855,0.807409,1.11433][-0.260309,0.63624,0.726249][0.652753,0.889718,0][-0.502886,0.738537,1.03843][-0.435221,0.660971,0.61131][0.637738,0.829775,0][-0.603489,0.188656,1.41881][-0.517884,0.284788,0.806655][0.729029,0.782105,0][-0.603489,0.188656,1.41881][-0.517884,0.284788,0.806655][0.729029,0.782105,0][-0.334201,0.316461,1.66547][-0.128174,0.363655,0.922673][0.771564,0.843103,0][-0.277855,0.807409,1.11433][-0.260309,0.63624,0.726249][0.652753,0.889718,0][-0.638966,-0.629026,1.33529][-0.427522,-0.156494,0.890356][0.828534,0.636793,0][-0.340718,-0.651741,1.66582][-0.203065,-0.220543,0.954005][0.891283,0.691462,0][-0.359704,-0.207782,1.58821][-0.261336,0.0316296,0.964729][0.839078,0.756089,0][-0.359704,-0.207782,1.58821][-0.261336,0.0316296,0.964729][0.839078,0.756089,0][-0.636525,-0.229757,1.42125][-0.533979,-0.0670758,0.842833][0.789151,0.704361,0][-0.638966,-0.629026,1.33529][-0.427522,-0.156494,0.890356][0.828534,0.636793,0][-0.605652,-1.18659,1.13468][-0.353163,-0.487252,0.798662][0.900079,0.462239,0][-0.281293,-1.37002,1.43174][-0.086869,-0.585759,0.805817][0.95723,0.465335,0][-0.317083,-0.97857,1.47045][-0.212433,-0.311179,0.926304][0.925378,0.580317,0][-0.317083,-0.97857,1.47045][-0.212433,-0.311179,0.926304][0.925378,0.580317,0][-0.626411,-0.93589,1.25023][-0.350987,-0.344382,0.870752][0.85991,0.551896,0][-0.605652,-1.18659,1.13468][-0.353163,-0.487252,0.798662][0.900079,0.462239,0][-0.287682,-1.50247,1.18466][-0.17771,-0.773391,0.608512][0.95946,0.364449,0][-0.281293,-1.37002,1.43174][-0.086869,-0.585759,0.805817][0.95723,0.465335,0][-0.605652,-1.18659,1.13468][-0.353163,-0.487252,0.798662][0.900079,0.462239,0][-0.605652,-1.18659,1.13468][-0.353163,-0.487252,0.798662][0.900079,0.462239,0][-0.552228,-1.46528,0.943561][-0.324687,-0.629229,0.706151][0.920217,0.336513,0][-0.287682,-1.50247,1.18466][-0.17771,-0.773391,0.608512][0.95946,0.364449,0][-0.235886,-1.78312,0.818192][-0.102528,-0.959939,0.260779][0.946858,0.223984,0][-0.287682,-1.50247,1.18466][-0.17771,-0.773391,0.608512][0.95946,0.364449,0][-0.552228,-1.46528,0.943561][-0.324687,-0.629229,0.706151][0.920217,0.336513,0][-0.552228,-1.46528,0.943561][-0.324687,-0.629229,0.706151][0.920217,0.336513,0][-0.439293,-1.77606,0.761515][-0.16557,-0.933776,0.317253][0.928393,0.223801,0][-0.235886,-1.78312,0.818192][-0.102528,-0.959939,0.260779][0.946858,0.223984,0][-0.43167,-1.77046,0.744007][0.260318,-0.485474,-0.834596][0.928435,0.218794,0][-0.231675,-1.77746,0.799727][0.172583,-0.475178,-0.862798][0.945168,0.219257,0][-0.235886,-1.78312,0.818192][-0.102528,-0.959939,0.260779][0.946858,0.223984,0][-0.235886,-1.78312,0.818192][-0.102528,-0.959939,0.260779][0.946858,0.223984,0][-0.439293,-1.77606,0.761515][-0.16557,-0.933776,0.317253][0.928393,0.223801,0][-0.43167,-1.77046,0.744007][0.260318,-0.485474,-0.834596][0.928435,0.218794,0][-0.237652,-1.40979,0.921319][0.201658,0.192096,-0.960434][0.950366,0.043871,0][-0.231675,-1.77746,0.799727][0.172583,-0.475178,-0.862798][0.967401,0.049765,0][-0.43167,-1.77046,0.744007][0.260318,-0.485474,-0.834596][0.960641,0.075904,0][-0.43167,-1.77046,0.744007][0.260318,-0.485474,-0.834596][0.960641,0.075904,0][-0.454852,-1.38967,0.869763][0.339811,0.172317,-0.924573][0.936853,0.065287,0][-0.237652,-1.40979,0.921319][0.201658,0.192096,-0.960434][0.950366,0.043871,0][-0.234872,-1.03426,0.944026][0.228965,0.0651045,-0.971255][0.931424,0.040388,0][-0.237652,-1.40979,0.921319][0.201658,0.192096,-0.960434][0.950366,0.043871,0][-0.454852,-1.38967,0.869763][0.339811,0.172317,-0.924573][0.936853,0.065287,0][-0.454852,-1.38967,0.869763][0.339811,0.172317,-0.924573][0.936853,0.065287,0][-0.456715,-1.02213,0.877497][0.385381,0.0369397,-0.922018][0.915718,0.059162,0][-0.234872,-1.03426,0.944026][0.228965,0.0651045,-0.971255][0.931424,0.040388,0][-0.241945,-0.697374,0.976124][0.227032,-0.00593161,-0.973869][0.912847,0.037958,0][-0.234872,-1.03426,0.944026][0.228965,0.0651045,-0.971255][0.931424,0.040388,0][-0.456715,-1.02213,0.877497][0.385381,0.0369397,-0.922018][0.915718,0.059162,0][-0.456715,-1.02213,0.877497][0.385381,0.0369397,-0.922018][0.915718,0.059162,0][-0.458272,-0.679271,0.89788][0.386476,0.00495028,-0.922286][0.89608,0.053371,0][-0.241945,-0.697374,0.976124][0.227032,-0.00593161,-0.973869][0.912847,0.037958,0][-0.765505,-0.214299,-1.32599][0.673396,-0.736979,0.0583075][0.642032,0.121473,0][-0.592922,-0.107558,-1.43734][0.365297,-0.901712,0.231243][0.623736,0.099053,0][-0.606151,0.0929459,-1.28645][0.499103,-0.61313,0.612346][0.646356,0.082951,0][-0.606151,0.0929459,-1.28645][0.499103,-0.61313,0.612346][0.646356,0.082951,0][-0.856346,-0.0625852,-1.10231][0.695164,-0.424238,0.580318][0.673386,0.106314,0][-0.765505,-0.214299,-1.32599][0.673396,-0.736979,0.0583075][0.642032,0.121473,0][-0.592922,-0.107558,-1.43734][0.365297,-0.901712,0.231243][0.161757,0.244053,0][-0.765505,-0.214299,-1.32599][0.673396,-0.736979,0.0583075][0.23946,0.237301,0][-0.778003,-0.210676,-1.3413][-0.234545,-0.528599,-0.815826][0.239624,0.242313,0][-0.778003,-0.210676,-1.3413][-0.234545,-0.528599,-0.815826][0.239624,0.242313,0][-0.60133,-0.10211,-1.45396][-0.257576,-0.616082,-0.744377][0.161647,0.24887,0][-0.592922,-0.107558,-1.43734][0.365297,-0.901712,0.231243][0.161757,0.244053,0][-0.803625,-0.0962022,-1.33417][-0.613109,-0.116171,-0.78141][0.242557,0.265411,0][-0.821311,-0.0171872,-1.33381][-0.508447,-0.650616,-0.564075][0.237801,0.285112,0][-0.612027,-0.0145402,-1.46133][-0.355032,-0.502809,-0.788122][0.160972,0.270674,0][-0.612027,-0.0145402,-1.46133][-0.355032,-0.502809,-0.788122][0.160972,0.270674,0][-0.607659,-0.0424032,-1.4675][-0.457696,-0.0488394,-0.887766][0.161011,0.2637,0][-0.803625,-0.0962022,-1.33417][-0.613109,-0.116171,-0.78141][0.242557,0.265411,0][-0.6109,0.736538,-1.28105][-0.554883,0.620615,-0.554024][0.159159,0.481627,0][-0.873359,0.640195,-1.14747][-0.735831,0.675786,-0.0431867][0.239273,0.475095,0][-0.839049,0.719824,-1.13909][-0.599135,-0.0853034,-0.796091][0.247042,0.490784,0][-0.839049,0.719824,-1.13909][-0.599135,-0.0853034,-0.796091][0.247042,0.490784,0][-0.569941,0.871644,-1.37358][-0.333634,-0.336823,-0.880476][0.162979,0.516021,0][-0.6109,0.736538,-1.28105][-0.554883,0.620615,-0.554024][0.159159,0.481627,0][-0.657171,1.21233,-0.198674][-0.37985,0.899207,0.217117][0.26707,0.853964,0][-0.606793,1.26587,-0.546874][-0.483814,0.868877,0.10477][0.186966,0.802948,0][-0.939936,1.08746,-0.514596][-0.418592,0.907244,0.0410947][0.269388,0.76039,0][-0.939936,1.08746,-0.514596][-0.418592,0.907244,0.0410947][0.269388,0.76039,0][-1.18966,1.13327,-0.128517][-0.570671,0.784036,0.244176][0.322091,0.817831,0][-0.657171,1.21233,-0.198674][-0.37985,0.899207,0.217117][0.26707,0.853964,0][-0.504575,0.980106,0.696192][-0.488001,0.811188,0.322225][0.531174,0.861232,0][-0.553133,1.07274,0.197296][-0.295804,0.887365,0.353671][0.400291,0.872225,0][-1.0127,0.753772,0.228332][-0.560161,0.791571,0.244204][0.43306,0.822595,0][-1.0127,0.753772,0.228332][-0.560161,0.791571,0.244204][0.43306,0.822595,0][-1.19337,0.840099,0.686055][-0.465424,0.811044,0.354383][0.541271,0.814501,0][-0.504575,0.980106,0.696192][-0.488001,0.811188,0.322225][0.531174,0.861232,0][-0.892079,0.529242,0.969374][-0.453497,0.587143,0.670525][0.634785,0.765001,0][-0.502886,0.738537,1.03843][-0.435221,0.660971,0.61131][0.637738,0.829775,0][-0.504575,0.980106,0.696192][-0.488001,0.811188,0.322225][0.531174,0.861232,0][-0.504575,0.980106,0.696192][-0.488001,0.811188,0.322225][0.531174,0.861232,0][-1.19337,0.840099,0.686055][-0.465424,0.811044,0.354383][0.541271,0.814501,0][-0.892079,0.529242,0.969374][-0.453497,0.587143,0.670525][0.634785,0.765001,0][-0.603489,0.188656,1.41881][-0.517884,0.284788,0.806655][0.729029,0.782105,0][-0.502886,0.738537,1.03843][-0.435221,0.660971,0.61131][0.637738,0.829775,0][-0.892079,0.529242,0.969374][-0.453497,0.587143,0.670525][0.634785,0.765001,0][-0.892079,0.529242,0.969374][-0.453497,0.587143,0.670525][0.634785,0.765001,0][-1.23646,0.153304,1.34037][-0.789663,0.093588,0.606361][0.685375,0.731903,0][-0.603489,0.188656,1.41881][-0.517884,0.284788,0.806655][0.729029,0.782105,0][-0.638966,-0.629026,1.33529][-0.427522,-0.156494,0.890356][0.828534,0.636793,0][-0.636525,-0.229757,1.42125][-0.533979,-0.0670758,0.842833][0.789151,0.704361,0][-1.00409,-0.231317,1.17344][-0.591487,0.0834889,0.80198][0.727812,0.650928,0][-1.00409,-0.231317,1.17344][-0.591487,0.0834889,0.80198][0.727812,0.650928,0][-1.21786,-0.57315,1.36064][-0.576086,0.0468156,0.816047][0.760571,0.5926,0][-0.638966,-0.629026,1.33529][-0.427522,-0.156494,0.890356][0.828534,0.636793,0][-0.605652,-1.18659,1.13468][-0.353163,-0.487252,0.798662][0.900079,0.462239,0][-0.626411,-0.93589,1.25023][-0.350987,-0.344382,0.870752][0.85991,0.551896,0][-1.08789,-0.905032,1.21451][-0.53103,-0.286526,0.797439][0.789729,0.537264,0][-1.08789,-0.905032,1.21451][-0.53103,-0.286526,0.797439][0.789729,0.537264,0][-1.17512,-1.21901,1.19673][-0.625476,-0.383931,0.679247][0.830031,0.448531,0][-0.605652,-1.18659,1.13468][-0.353163,-0.487252,0.798662][0.900079,0.462239,0][-1.01409,-1.4187,0.939225][-0.506197,-0.742893,0.438034][0.848463,0.357663,0][-0.552228,-1.46528,0.943561][-0.324687,-0.629229,0.706151][0.920217,0.336513,0][-0.605652,-1.18659,1.13468][-0.353163,-0.487252,0.798662][0.900079,0.462239,0][-0.605652,-1.18659,1.13468][-0.353163,-0.487252,0.798662][0.900079,0.462239,0][-1.17512,-1.21901,1.19673][-0.625476,-0.383931,0.679247][0.830031,0.448531,0][-1.01409,-1.4187,0.939225][-0.506197,-0.742893,0.438034][0.848463,0.357663,0][-0.639139,-1.75745,0.676035][-0.200058,-0.957942,0.205726][0.863978,0.231269,0][-0.439293,-1.77606,0.761515][-0.16557,-0.933776,0.317253][0.928393,0.223801,0][-0.552228,-1.46528,0.943561][-0.324687,-0.629229,0.706151][0.920217,0.336513,0][-0.552228,-1.46528,0.943561][-0.324687,-0.629229,0.706151][0.920217,0.336513,0][-1.01409,-1.4187,0.939225][-0.506197,-0.742893,0.438034][0.848463,0.357663,0][-0.639139,-1.75745,0.676035][-0.200058,-0.957942,0.205726][0.863978,0.231269,0][-0.628268,-1.75195,0.659724][0.351836,-0.515058,-0.781618][0.864786,0.225311,0][-0.43167,-1.77046,0.744007][0.260318,-0.485474,-0.834596][0.928435,0.218794,0][-0.439293,-1.77606,0.761515][-0.16557,-0.933776,0.317253][0.928393,0.223801,0][-0.439293,-1.77606,0.761515][-0.16557,-0.933776,0.317253][0.928393,0.223801,0][-0.639139,-1.75745,0.676035][-0.200058,-0.957942,0.205726][0.863978,0.231269,0][-0.628268,-1.75195,0.659724][0.351836,-0.515058,-0.781618][0.864786,0.225311,0][-0.454852,-1.38967,0.869763][0.339811,0.172317,-0.924573][0.936853,0.065287,0][-0.43167,-1.77046,0.744007][0.260318,-0.485474,-0.834596][0.960641,0.075904,0][-0.628268,-1.75195,0.659724][0.351836,-0.515058,-0.781618][0.950043,0.101607,0][-0.628268,-1.75195,0.659724][0.351836,-0.515058,-0.781618][0.950043,0.101607,0][-0.674623,-1.35616,0.768804][0.557452,0.131675,-0.8197][0.921065,0.087424,0][-0.454852,-1.38967,0.869763][0.339811,0.172317,-0.924573][0.936853,0.065287,0][-0.456715,-1.02213,0.877497][0.385381,0.0369397,-0.922018][0.915718,0.059162,0][-0.454852,-1.38967,0.869763][0.339811,0.172317,-0.924573][0.936853,0.065287,0][-0.674623,-1.35616,0.768804][0.557452,0.131675,-0.8197][0.921065,0.087424,0][-0.674623,-1.35616,0.768804][0.557452,0.131675,-0.8197][0.921065,0.087424,0][-0.674729,-0.975154,0.759979][0.542607,0.0460276,-0.838725][0.896937,0.078042,0][-0.456715,-1.02213,0.877497][0.385381,0.0369397,-0.922018][0.915718,0.059162,0][-0.458272,-0.679271,0.89788][0.386476,0.00495028,-0.922286][0.89608,0.053371,0][-0.456715,-1.02213,0.877497][0.385381,0.0369397,-0.922018][0.915718,0.059162,0][-0.674729,-0.975154,0.759979][0.542607,0.0460276,-0.838725][0.896937,0.078042,0][-0.674729,-0.975154,0.759979][0.542607,0.0460276,-0.838725][0.896937,0.078042,0][-0.710356,-0.62153,0.777925][0.547001,-0.0142987,-0.83701][0.874401,0.070467,0][-0.458272,-0.679271,0.89788][0.386476,0.00495028,-0.922286][0.89608,0.053371,0][-0.457665,-0.300753,0.878085][0.354704,-0.189934,-0.915484][0.871946,0.048347,0][-0.458272,-0.679271,0.89788][0.386476,0.00495028,-0.922286][0.89608,0.053371,0][-0.710356,-0.62153,0.777925][0.547001,-0.0142987,-0.83701][0.874401,0.070467,0][-0.710356,-0.62153,0.777925][0.547001,-0.0142987,-0.83701][0.874401,0.070467,0][-0.724572,-0.304742,0.718688][0.570507,-0.200486,-0.796446][0.85243,0.065468,0][-0.457665,-0.300753,0.878085][0.354704,-0.189934,-0.915484][0.871946,0.048347,0][-0.534045,0.0711779,0.735242][0.387729,-0.513548,-0.765464][0.838481,0.049089,0][-0.457665,-0.300753,0.878085][0.354704,-0.189934,-0.915484][0.871946,0.048347,0][-0.724572,-0.304742,0.718688][0.570507,-0.200486,-0.796446][0.85243,0.065468,0][-0.724572,-0.304742,0.718688][0.570507,-0.200486,-0.796446][0.85243,0.065468,0][-0.845894,-0.141632,0.538833][0.614238,-0.417555,-0.669596][0.828888,0.071284,0][-0.534045,0.0711779,0.735242][0.387729,-0.513548,-0.765464][0.838481,0.049089,0][-0.534045,0.0711779,0.735242][0.387729,-0.513548,-0.765464][0.838481,0.049089,0][-0.845894,-0.141632,0.538833][0.614238,-0.417555,-0.669596][0.828888,0.071284,0][-0.937984,0.0536609,0.314219][0.676628,-0.595661,-0.432854][0.802216,0.074491,0][-0.937984,0.0536609,0.314219][0.676628,-0.595661,-0.432854][0.802216,0.074491,0][-0.578783,0.362062,0.361457][0.414031,-0.8318,-0.369713][0.796099,0.051003,0][-0.534045,0.0711779,0.735242][0.387729,-0.513548,-0.765464][0.838481,0.049089,0][-0.604064,0.3934,0.072311][0.408808,-0.906126,-0.10868][0.770815,0.054824,0][-0.578783,0.362062,0.361457][0.414031,-0.8318,-0.369713][0.796099,0.051003,0][-0.937984,0.0536609,0.314219][0.676628,-0.595661,-0.432854][0.802216,0.074491,0][-0.937984,0.0536609,0.314219][0.676628,-0.595661,-0.432854][0.802216,0.074491,0][-0.978661,0.16133,-0.00533401][0.700201,-0.696333,-0.157604][0.773877,0.078881,0][-0.604064,0.3934,0.072311][0.408808,-0.906126,-0.10868][0.770815,0.054824,0][-0.61815,0.406554,-0.406076][0.400039,-0.916497,-0.00127403][0.727162,0.060163,0][-0.604064,0.3934,0.072311][0.408808,-0.906126,-0.10868][0.770815,0.054824,0][-0.978661,0.16133,-0.00533401][0.700201,-0.696333,-0.157604][0.773877,0.078881,0][-0.978661,0.16133,-0.00533401][0.700201,-0.696333,-0.157604][0.773877,0.078881,0][-0.986994,0.15769,-0.39256][0.731946,-0.676236,0.0834268][0.741735,0.08609,0][-0.61815,0.406554,-0.406076][0.400039,-0.916497,-0.00127403][0.727162,0.060163,0][-0.95369,0.139157,-0.659895][0.76295,-0.625451,0.163457][0.717932,0.090117,0][-0.628683,0.401244,-0.729475][0.429256,-0.883309,0.188424][0.698865,0.064324,0][-0.61815,0.406554,-0.406076][0.400039,-0.916497,-0.00127403][0.727162,0.060163,0][-0.61815,0.406554,-0.406076][0.400039,-0.916497,-0.00127403][0.727162,0.060163,0][-0.986994,0.15769,-0.39256][0.731946,-0.676236,0.0834268][0.741735,0.08609,0][-0.95369,0.139157,-0.659895][0.76295,-0.625451,0.163457][0.717932,0.090117,0][-0.628683,0.401244,-0.729475][0.429256,-0.883309,0.188424][0.698865,0.064324,0][-0.95369,0.139157,-0.659895][0.76295,-0.625451,0.163457][0.717932,0.090117,0][-0.936315,0.0590498,-0.925231][0.738391,-0.542037,0.401217][0.694558,0.097908,0][-0.936315,0.0590498,-0.925231][0.738391,-0.542037,0.401217][0.694558,0.097908,0][-0.613038,0.245718,-1.07596][0.444671,-0.761019,0.472354][0.667686,0.072886,0][-0.628683,0.401244,-0.729475][0.429256,-0.883309,0.188424][0.698865,0.064324,0][-0.856346,-0.0625852,-1.10231][0.695164,-0.424238,0.580318][0.673386,0.106314,0][-0.606151,0.0929459,-1.28645][0.499103,-0.61313,0.612346][0.646356,0.082951,0][-0.613038,0.245718,-1.07596][0.444671,-0.761019,0.472354][0.667686,0.072886,0][-0.613038,0.245718,-1.07596][0.444671,-0.761019,0.472354][0.667686,0.072886,0][-0.936315,0.0590498,-0.925231][0.738391,-0.542037,0.401217][0.694558,0.097908,0][-0.856346,-0.0625852,-1.10231][0.695164,-0.424238,0.580318][0.673386,0.106314,0][-0.674623,-1.35616,0.768804][0.557452,0.131675,-0.8197][0.921065,0.087424,0][-0.628268,-1.75195,0.659724][0.351836,-0.515058,-0.781618][0.950043,0.101607,0][-0.849722,-1.6905,0.497558][0.468607,-0.520383,-0.713869][0.928315,0.130607,0][-0.849722,-1.6905,0.497558][0.468607,-0.520383,-0.713869][0.928315,0.130607,0][-0.923832,-1.2662,0.547689][0.741493,0.119056,-0.660314][0.893932,0.114939,0][-0.674623,-1.35616,0.768804][0.557452,0.131675,-0.8197][0.921065,0.087424,0][-0.674729,-0.975154,0.759979][0.542607,0.0460276,-0.838725][0.896937,0.078042,0][-0.674623,-1.35616,0.768804][0.557452,0.131675,-0.8197][0.921065,0.087424,0][-0.923832,-1.2662,0.547689][0.741493,0.119056,-0.660314][0.893932,0.114939,0][-0.923832,-1.2662,0.547689][0.741493,0.119056,-0.660314][0.893932,0.114939,0][-0.946349,-0.926723,0.563216][0.716062,0.0658506,-0.694924][0.871596,0.102296,0][-0.674729,-0.975154,0.759979][0.542607,0.0460276,-0.838725][0.896937,0.078042,0][-0.710356,-0.62153,0.777925][0.547001,-0.0142987,-0.83701][0.874401,0.070467,0][-0.674729,-0.975154,0.759979][0.542607,0.0460276,-0.838725][0.896937,0.078042,0][-0.946349,-0.926723,0.563216][0.716062,0.0658506,-0.694924][0.871596,0.102296,0][-0.946349,-0.926723,0.563216][0.716062,0.0658506,-0.694924][0.871596,0.102296,0][-0.94224,-0.57487,0.575261][0.710273,-0.0230905,-0.703547][0.85163,0.088427,0][-0.710356,-0.62153,0.777925][0.547001,-0.0142987,-0.83701][0.874401,0.070467,0][-0.724572,-0.304742,0.718688][0.570507,-0.200486,-0.796446][0.85243,0.065468,0][-0.710356,-0.62153,0.777925][0.547001,-0.0142987,-0.83701][0.874401,0.070467,0][-0.94224,-0.57487,0.575261][0.710273,-0.0230905,-0.703547][0.85163,0.088427,0][-0.94224,-0.57487,0.575261][0.710273,-0.0230905,-0.703547][0.85163,0.088427,0][-0.923922,-0.2796,0.571115][0.63823,-0.259053,-0.724952][0.835653,0.07794,0][-0.724572,-0.304742,0.718688][0.570507,-0.200486,-0.796446][0.85243,0.065468,0][-0.923922,-0.2796,0.571115][0.63823,-0.259053,-0.724952][0.835653,0.07794,0][-0.845894,-0.141632,0.538833][0.614238,-0.417555,-0.669596][0.828888,0.071284,0][-0.724572,-0.304742,0.718688][0.570507,-0.200486,-0.796446][0.85243,0.065468,0][-0.845894,-0.141632,0.538833][0.614238,-0.417555,-0.669596][0.828888,0.071284,0][-0.923922,-0.2796,0.571115][0.63823,-0.259053,-0.724952][0.835653,0.07794,0][-1.16054,-0.198193,0.282982][0.840897,-0.360397,-0.40374][0.808189,0.092358,0][-1.16054,-0.198193,0.282982][0.840897,-0.360397,-0.40374][0.808189,0.092358,0][-0.937984,0.0536609,0.314219][0.676628,-0.595661,-0.432854][0.802216,0.074491,0][-0.845894,-0.141632,0.538833][0.614238,-0.417555,-0.669596][0.828888,0.071284,0][-0.937984,0.0536609,0.314219][0.676628,-0.595661,-0.432854][0.802216,0.074491,0][-1.16054,-0.198193,0.282982][0.840897,-0.360397,-0.40374][0.808189,0.092358,0][-1.19146,-0.163477,-0.036557][0.906731,-0.412239,-0.0888753][0.783389,0.100677,0][-1.19146,-0.163477,-0.036557][0.906731,-0.412239,-0.0888753][0.783389,0.100677,0][-0.978661,0.16133,-0.00533401][0.700201,-0.696333,-0.157604][0.773877,0.078881,0][-0.937984,0.0536609,0.314219][0.676628,-0.595661,-0.432854][0.802216,0.074491,0][-0.986994,0.15769,-0.39256][0.731946,-0.676236,0.0834268][0.741735,0.08609,0][-0.978661,0.16133,-0.00533401][0.700201,-0.696333,-0.157604][0.773877,0.078881,0][-1.19146,-0.163477,-0.036557][0.906731,-0.412239,-0.0888753][0.783389,0.100677,0][-1.19146,-0.163477,-0.036557][0.906731,-0.412239,-0.0888753][0.783389,0.100677,0][-1.20206,-0.181272,-0.337191][0.912739,-0.391015,0.118385][0.75968,0.108858,0][-0.986994,0.15769,-0.39256][0.731946,-0.676236,0.0834268][0.741735,0.08609,0][-0.986994,0.15769,-0.39256][0.731946,-0.676236,0.0834268][0.741735,0.08609,0][-1.20206,-0.181272,-0.337191][0.912739,-0.391015,0.118385][0.75968,0.108858,0][-1.11966,-0.21927,-0.676706][0.908983,-0.348038,0.22939][0.728551,0.11565,0][-1.11966,-0.21927,-0.676706][0.908983,-0.348038,0.22939][0.728551,0.11565,0][-0.95369,0.139157,-0.659895][0.76295,-0.625451,0.163457][0.717932,0.090117,0][-0.986994,0.15769,-0.39256][0.731946,-0.676236,0.0834268][0.741735,0.08609,0][-0.765505,-0.214299,-1.32599][0.673396,-0.736979,0.0583075][0.23946,0.237301,0][-0.876608,-0.34589,-1.22911][0.814561,-0.576653,-0.0629453][0.313345,0.225198,0][-0.891874,-0.343851,-1.24197][-0.308768,-0.446883,-0.839618][0.31413,0.230177,0][-0.891874,-0.343851,-1.24197][-0.308768,-0.446883,-0.839618][0.31413,0.230177,0][-0.778003,-0.210676,-1.3413][-0.234545,-0.528599,-0.815826][0.239624,0.242313,0][-0.765505,-0.214299,-1.32599][0.673396,-0.736979,0.0583075][0.23946,0.237301,0][-1.06359,1.13941,-0.847915][-0.283108,0.862556,0.419341][0.229663,0.693506,0][-1.36351,1.31575,-1.18305][-0.664209,0.599948,-0.445969][0.244145,0.638749,0][-1.57913,1.06049,-0.879113][-0.82651,0.494118,-0.269683][0.340759,0.580701,0][-1.57913,1.06049,-0.879113][-0.82651,0.494118,-0.269683][0.340759,0.580701,0][-1.17611,1.02713,-0.715058][-0.320431,0.839772,0.438299][0.322235,0.680985,0][-1.06359,1.13941,-0.847915][-0.283108,0.862556,0.419341][0.229663,0.693506,0][-1.00409,-0.231317,1.17344][-0.591487,0.0834889,0.80198][0.727812,0.650928,0][-0.636525,-0.229757,1.42125][-0.533979,-0.0670758,0.842833][0.789151,0.704361,0][-0.603489,0.188656,1.41881][-0.517884,0.284788,0.806655][0.729029,0.782105,0][-0.603489,0.188656,1.41881][-0.517884,0.284788,0.806655][0.729029,0.782105,0][-1.23646,0.153304,1.34037][-0.789663,0.093588,0.606361][0.685375,0.731903,0][-1.00409,-0.231317,1.17344][-0.591487,0.0834889,0.80198][0.727812,0.650928,0][-0.359704,-0.207782,1.58821][-0.261336,0.0316296,0.964729][0.839078,0.756089,0][-0.334201,0.316461,1.66547][-0.128174,0.363655,0.922673][0.771564,0.843103,0][-0.603489,0.188656,1.41881][-0.517884,0.284788,0.806655][0.729029,0.782105,0][-0.603489,0.188656,1.41881][-0.517884,0.284788,0.806655][0.729029,0.782105,0][-0.636525,-0.229757,1.42125][-0.533979,-0.0670758,0.842833][0.789151,0.704361,0][-0.359704,-0.207782,1.58821][-0.261336,0.0316296,0.964729][0.839078,0.756089,0][-0.928274,1.42173,-1.31672][-0.646423,0.613426,-0.453703][0.153869,0.606875,0][-1.36351,1.31575,-1.18305][-0.664209,0.599948,-0.445969][0.244145,0.638749,0][-1.06359,1.13941,-0.847915][-0.283108,0.862556,0.419341][0.229663,0.693506,0][-1.06359,1.13941,-0.847915][-0.283108,0.862556,0.419341][0.229663,0.693506,0][-0.729277,1.33009,-1.01612][-0.315845,0.884048,0.34453][0.15389,0.707657,0][-0.928274,1.42173,-1.31672][-0.646423,0.613426,-0.453703][0.153869,0.606875,0][-0.325525,1.48731,-1.06386][-0.17009,0.946418,0.274523][0.086301,0.762916,0][-0.599678,1.79055,-1.57685][-0.320667,0.796751,-0.512212][0.087697,0.702565,0][-0.928274,1.42173,-1.31672][-0.646423,0.613426,-0.453703][0.153869,0.606875,0][-0.928274,1.42173,-1.31672][-0.646423,0.613426,-0.453703][0.153869,0.606875,0][-0.729277,1.33009,-1.01612][-0.315845,0.884048,0.34453][0.15389,0.707657,0][-0.325525,1.48731,-1.06386][-0.17009,0.946418,0.274523][0.086301,0.762916,0][-0.150857,0.116684,-1.61047][-0.244478,0.316845,-0.916428][0.041662,0.296679,0][-0.240275,0.138824,-1.54333][0.178148,-0.208505,-0.961659][0.070727,0.317065,0][-0.117528,0.264267,-1.52545][0.353096,-0.309432,-0.882935][0.041012,0.338475,0][-0.151284,-0.0313271,-1.59675][0.234572,-0.95547,0.179034][0.041708,0.256225,0][-0.352831,-0.107132,-1.53732][0.23657,-0.94992,0.204175][0.113099,0.246023,0][-0.357215,-0.100155,-1.55496][-0.137249,-0.622067,-0.770841][0.11348,0.250781,0][-0.357215,-0.100155,-1.55496][-0.137249,-0.622067,-0.770841][0.11348,0.250781,0][-0.153199,-0.0237561,-1.61463][-0.0656199,-0.495058,-0.866379][0.041722,0.261442,0][-0.151284,-0.0313271,-1.59675][0.234572,-0.95547,0.179034][0.041708,0.256225,0][-0.282899,0.149017,-1.38103][0.268315,-0.712756,0.648063][0.626631,0.050727,0][-0.352831,-0.107132,-1.53732][0.23657,-0.94992,0.204175][0.612659,0.067631,0][-0.151284,-0.0313271,-1.59675][0.234572,-0.95547,0.179034][0.601917,0.04139,0][-0.151284,-0.0313271,-1.59675][0.234572,-0.95547,0.179034][0.601917,0.04139,0][0,0.177421,-1.42815][0,-0.764793,0.644277][0.609318,0.022028,0][-0.282899,0.149017,-1.38103][0.268315,-0.712756,0.648063][0.626631,0.050727,0][-0.282899,0.149017,-1.38103][0.268315,-0.712756,0.648063][0.626631,0.050727,0][0,0.177421,-1.42815][0,-0.764793,0.644277][0.609318,0.022028,0][0,0.343456,-1.1844][1.30792e-007,-0.894344,0.447381][0.627415,0.022398,0][0,0.343456,-1.1844][1.30792e-007,-0.894344,0.447381][0.627415,0.022398,0][-0.302,0.304698,-1.14061][0.210395,-0.861319,0.462453][0.648132,0.047765,0][-0.282899,0.149017,-1.38103][0.268315,-0.712756,0.648063][0.626631,0.050727,0][-0.302,0.304698,-1.14061][0.210395,-0.861319,0.462453][0.648132,0.047765,0][0,0.343456,-1.1844][1.30792e-007,-0.894344,0.447381][0.627415,0.022398,0][0,0.477073,-0.78517][1.4212e-007,-0.976887,0.213759][0.664738,0.022768,0][0,0.477073,-0.78517][1.4212e-007,-0.976887,0.213759][0.664738,0.022768,0][-0.310415,0.467976,-0.765393][0.138841,-0.966332,0.216622][0.682714,0.043566,0][-0.302,0.304698,-1.14061][0.210395,-0.861319,0.462453][0.648132,0.047765,0][-0.310415,0.467976,-0.765393][0.138841,-0.966332,0.216622][0.682714,0.043566,0][0,0.477073,-0.78517][1.4212e-007,-0.976887,0.213759][0.664738,0.022768,0][0,0.49367,-0.405118][1.50058e-007,-0.999961,-0.00879586][0.706409,0.022931,0][0,0.49367,-0.405118][1.50058e-007,-0.999961,-0.00879586][0.706409,0.022931,0][-0.314983,0.472203,-0.406542][0.138294,-0.990321,-0.0118304][0.717327,0.041778,0][-0.310415,0.467976,-0.765393][0.138841,-0.966332,0.216622][0.682714,0.043566,0][-0.314983,0.472203,-0.406542][0.138294,-0.990321,-0.0118304][0.717327,0.041778,0][0,0.49367,-0.405118][1.50058e-007,-0.999961,-0.00879586][0.706409,0.022931,0][0,0.471945,0.086455][1.45407e-007,-0.995149,-0.0983841][0.762707,0.023068,0][0,0.471945,0.086455][1.45407e-007,-0.995149,-0.0983841][0.762707,0.023068,0][-0.31206,0.45711,0.086635][0.126879,-0.987382,-0.0947565][0.767249,0.039251,0][-0.314983,0.472203,-0.406542][0.138294,-0.990321,-0.0118304][0.717327,0.041778,0][-0.296853,0.406977,0.387765][0.119384,-0.903759,-0.411056][0.798145,0.037375,0][-0.31206,0.45711,0.086635][0.126879,-0.987382,-0.0947565][0.767249,0.039251,0][0,0.471945,0.086455][1.45407e-007,-0.995149,-0.0983841][0.762707,0.023068,0][0,0.471945,0.086455][1.45407e-007,-0.995149,-0.0983841][0.762707,0.023068,0][0,0.421742,0.405344][1.34648e-007,-0.909632,-0.415416][0.801234,0.023095,0][-0.296853,0.406977,0.387765][0.119384,-0.903759,-0.411056][0.798145,0.037375,0][-0.274102,0.089128,0.772183][0.140588,-0.579175,-0.802989][0.849318,0.036283,0][-0.296853,0.406977,0.387765][0.119384,-0.903759,-0.411056][0.798145,0.037375,0][0,0.421742,0.405344][1.34648e-007,-0.909632,-0.415416][0.801234,0.023095,0][0,0.421742,0.405344][1.34648e-007,-0.909632,-0.415416][0.801234,0.023095,0][0,0.095677,0.808858][0,-0.583126,-0.812382][0.864562,0.02268,0][-0.274102,0.089128,0.772183][0.140588,-0.579175,-0.802989][0.849318,0.036283,0][-0.260376,-0.315668,0.935036][0.190398,-0.215413,-0.957782][0.886295,0.036967,0][-0.274102,0.089128,0.772183][0.140588,-0.579175,-0.802989][0.849318,0.036283,0][0,0.095677,0.808858][0,-0.583126,-0.812382][0.864562,0.02268,0][0,0.095677,0.808858][0,-0.583126,-0.812382][0.864562,0.02268,0][0,-0.307058,0.961582][0,-0.233602,-0.972332][0.904041,0.022046,0][-0.260376,-0.315668,0.935036][0.190398,-0.215413,-0.957782][0.886295,0.036967,0][-0.241945,-0.697374,0.976124][0.227032,-0.00593161,-0.973869][0.912847,0.037958,0][-0.260376,-0.315668,0.935036][0.190398,-0.215413,-0.957782][0.886295,0.036967,0][0,-0.307058,0.961582][0,-0.233602,-0.972332][0.904041,0.022046,0][0,-0.307058,0.961582][0,-0.233602,-0.972332][0.904041,0.022046,0][0,-0.703261,1.00837][0,-0.0160122,-0.999872][0.931284,0.021386,0][-0.241945,-0.697374,0.976124][0.227032,-0.00593161,-0.973869][0.912847,0.037958,0][-0.234872,-1.03426,0.944026][0.228965,0.0651045,-0.971255][0.931424,0.040388,0][-0.241945,-0.697374,0.976124][0.227032,-0.00593161,-0.973869][0.912847,0.037958,0][0,-0.703261,1.00837][0,-0.0160122,-0.999872][0.931284,0.021386,0][0,-0.703261,1.00837][0,-0.0160122,-0.999872][0.931284,0.021386,0][1.59935e-007,-1.0592,0.987728][0,0.0643774,-0.997926][0.948735,0.020771,0][-0.234872,-1.03426,0.944026][0.228965,0.0651045,-0.971255][0.931424,0.040388,0][-0.237652,-1.40979,0.921319][0.201658,0.192096,-0.960434][0.950366,0.043871,0][-0.234872,-1.03426,0.944026][0.228965,0.0651045,-0.971255][0.931424,0.040388,0][1.59935e-007,-1.0592,0.987728][0,0.0643774,-0.997926][0.948735,0.020771,0][1.59935e-007,-1.0592,0.987728][0,0.0643774,-0.997926][0.948735,0.020771,0][2.14628e-007,-1.42142,0.954996][0,0.202555,-0.979271][0.96518,0.020141,0][-0.237652,-1.40979,0.921319][0.201658,0.192096,-0.960434][0.950366,0.043871,0][-0.237652,-1.40979,0.921319][0.201658,0.192096,-0.960434][0.950366,0.043871,0][2.14628e-007,-1.42142,0.954996][0,0.202555,-0.979271][0.96518,0.020141,0][2.69517e-007,-1.78493,0.836502][1.40258e-007,-0.507188,-0.861835][0.972085,0.019478,0][2.69517e-007,-1.78493,0.836502][1.40258e-007,-0.507188,-0.861835][0.972085,0.019478,0][-0.231675,-1.77746,0.799727][0.172583,-0.475178,-0.862798][0.967401,0.049765,0][-0.237652,-1.40979,0.921319][0.201658,0.192096,-0.960434][0.950366,0.043871,0][-0.235886,-1.78312,0.818192][-0.102528,-0.959939,0.260779][0.946858,0.223984,0][-0.231675,-1.77746,0.799727][0.172583,-0.475178,-0.862798][0.945168,0.219257,0][2.69517e-007,-1.78493,0.836502][1.40258e-007,-0.507188,-0.861835][0.956314,0.218873,0][2.69517e-007,-1.78493,0.836502][1.40258e-007,-0.507188,-0.861835][0.956314,0.218873,0][2.70366e-007,-1.79055,0.855506][2.33164e-007,-0.938575,0.345075][0.962134,0.218254,0][-0.235886,-1.78312,0.818192][-0.102528,-0.959939,0.260779][0.946858,0.223984,0][-0.235886,-1.78312,0.818192][-0.102528,-0.959939,0.260779][0.946858,0.223984,0][2.70366e-007,-1.79055,0.855506][2.33164e-007,-0.938575,0.345075][0.962134,0.218254,0][2.2863e-007,-1.51415,1.07636][1.34909e-007,-0.669572,0.742747][0.989451,0.338003,0][2.2863e-007,-1.51415,1.07636][1.34909e-007,-0.669572,0.742747][0.989451,0.338003,0][-0.287682,-1.50247,1.18466][-0.17771,-0.773391,0.608512][0.95946,0.364449,0][-0.235886,-1.78312,0.818192][-0.102528,-0.959939,0.260779][0.946858,0.223984,0][-0.287682,-1.50247,1.18466][-0.17771,-0.773391,0.608512][0.95946,0.364449,0][2.2863e-007,-1.51415,1.07636][1.34909e-007,-0.669572,0.742747][0.989451,0.338003,0][1.88318e-007,-1.24717,1.25952][0,-0.581005,0.8139][0.992806,0.462881,0][1.88318e-007,-1.24717,1.25952][0,-0.581005,0.8139][0.992806,0.462881,0][-0.281293,-1.37002,1.43174][-0.086869,-0.585759,0.805817][0.95723,0.465335,0][-0.287682,-1.50247,1.18466][-0.17771,-0.773391,0.608512][0.95946,0.364449,0][-0.281293,-1.37002,1.43174][-0.086869,-0.585759,0.805817][0.95723,0.465335,0][1.88318e-007,-1.24717,1.25952][0,-0.581005,0.8139][0.992806,0.462881,0][1.51377e-007,-1.00252,1.36781][0,-0.266551,0.963821][0.992137,0.584809,0][1.51377e-007,-1.00252,1.36781][0,-0.266551,0.963821][0.992137,0.584809,0][-0.317083,-0.97857,1.47045][-0.212433,-0.311179,0.926304][0.925378,0.580317,0][-0.281293,-1.37002,1.43174][-0.086869,-0.585759,0.805817][0.95723,0.465335,0][-0.340718,-0.651741,1.66582][-0.203065,-0.220543,0.954005][0.891283,0.691462,0][0,-0.659788,1.48662][0,-0.297515,0.954717][0.959439,0.729416,0][0,-0.208717,1.55372][0,0.0831902,0.996534][0.90931,0.82018,0][0,-0.208717,1.55372][0,0.0831902,0.996534][0.90931,0.82018,0][-0.359704,-0.207782,1.58821][-0.261336,0.0316296,0.964729][0.839078,0.756089,0][-0.340718,-0.651741,1.66582][-0.203065,-0.220543,0.954005][0.891283,0.691462,0][-0.359704,-0.207782,1.58821][-0.261336,0.0316296,0.964729][0.839078,0.756089,0][0,-0.208717,1.55372][0,0.0831902,0.996534][0.90931,0.82018,0][0,0.220294,1.49997][0,0.31053,0.950564][0.829479,0.908978,0][0,0.220294,1.49997][0,0.31053,0.950564][0.829479,0.908978,0][-0.334201,0.316461,1.66547][-0.128174,0.363655,0.922673][0.771564,0.843103,0][-0.359704,-0.207782,1.58821][-0.261336,0.0316296,0.964729][0.839078,0.756089,0][-0.277855,0.807409,1.11433][-0.260309,0.63624,0.726249][0.652753,0.889718,0][-0.334201,0.316461,1.66547][-0.128174,0.363655,0.922673][0.771564,0.843103,0][0,0.220294,1.49997][0,0.31053,0.950564][0.829479,0.908978,0][0,0.220294,1.49997][0,0.31053,0.950564][0.829479,0.908978,0][-1.2102e-007,0.80148,1.13733][-1.40906e-007,0.58667,0.809826][0.66927,0.950857,0][-0.277855,0.807409,1.11433][-0.260309,0.63624,0.726249][0.652753,0.889718,0][-0.219525,1.2056,0.815357][-0.193968,0.900502,0.389195][0.504571,0.926629,0][-0.277855,0.807409,1.11433][-0.260309,0.63624,0.726249][0.652753,0.889718,0][-1.2102e-007,0.80148,1.13733][-1.40906e-007,0.58667,0.809826][0.66927,0.950857,0][-1.2102e-007,0.80148,1.13733][-1.40906e-007,0.58667,0.809826][0.66927,0.950857,0][-1.76782e-007,1.17077,0.722099][-2.08849e-007,0.973358,0.22929][0.492352,0.981638,0][-0.219525,1.2056,0.815357][-0.193968,0.900502,0.389195][0.504571,0.926629,0][-0.270563,1.13563,0.190958][-0.267052,0.902163,0.3388][0.343739,0.929301,0][-0.219525,1.2056,0.815357][-0.193968,0.900502,0.389195][0.504571,0.926629,0][-1.76782e-007,1.17077,0.722099][-2.08849e-007,0.973358,0.22929][0.492352,0.981638,0][-1.76782e-007,1.17077,0.722099][-2.08849e-007,0.973358,0.22929][0.492352,0.981638,0][-1.79589e-007,1.18936,0.241924][0,0.960332,0.278859][0.29953,0.981134,0][-0.270563,1.13563,0.190958][-0.267052,0.902163,0.3388][0.343739,0.929301,0][-0.31657,1.48858,-0.166253][-0.272703,0.896174,0.350008][0.195677,0.902656,0][-2.15902e-007,1.42985,-0.135205][0,0.893369,0.449324][0.124754,0.944557,0][-2.25393e-007,1.49271,-0.51298][-1.47772e-007,0.999341,0.0363017][0.049309,0.85679,0][-2.25393e-007,1.49271,-0.51298][-1.47772e-007,0.999341,0.0363017][0.049309,0.85679,0][-0.291337,1.45996,-0.586275][-0.318165,0.948031,0.00279429][0.113518,0.830947,0][-0.31657,1.48858,-0.166253][-0.272703,0.896174,0.350008][0.195677,0.902656,0][-0.325525,1.48731,-1.06386][-0.17009,0.946418,0.274523][0.086301,0.762916,0][-2.29919e-007,1.52268,-1.07264][-1.84475e-007,0.994574,0.104036][0.012396,0.772179,0][-2.38797e-007,1.58148,-1.47375][-1.34781e-007,0.777739,-0.628587][0.00563,0.665798,0][-2.38797e-007,1.58148,-1.47375][-1.34781e-007,0.777739,-0.628587][0.00563,0.665798,0][-0.599678,1.79055,-1.57685][-0.320667,0.796751,-0.512212][0.087697,0.702565,0][-0.325525,1.48731,-1.06386][-0.17009,0.946418,0.274523][0.086301,0.762916,0][-0.125973,0.765278,-1.34995][-0.00425726,0.624788,-0.780783][0.040194,0.482258,0][-0.257869,0.76425,-1.35036][-0.0816158,0.627426,-0.774387][0.074846,0.480566,0][-0.252743,0.969368,-1.49081][-0.0816198,-0.298235,-0.950997][0.064035,0.530059,0][-0.873359,0.640195,-1.14747][-0.735831,0.675786,-0.0431867][0.239273,0.475095,0][-0.996441,0.389755,-0.898217][-0.760598,0.648706,0.0259033][0.32584,0.447109,0][-0.988782,0.56213,-0.905093][-0.720607,-0.245136,-0.648563][0.324559,0.46497,0][-0.988782,0.56213,-0.905093][-0.720607,-0.245136,-0.648563][0.324559,0.46497,0][-0.839049,0.719824,-1.13909][-0.599135,-0.0853034,-0.796091][0.247042,0.490784,0][-0.873359,0.640195,-1.14747][-0.735831,0.675786,-0.0431867][0.239273,0.475095,0][-1.13314,-0.658581,-0.845365][-0.837999,-0.0660158,-0.541664][0.441836,0.183624,0][-1.0281,-0.388344,-1.03605][-0.834504,-0.0370019,-0.549758][0.385464,0.228821,0][-0.960633,-0.523888,-1.10752][-0.297799,-0.411006,-0.86162][0.368381,0.197316,0][-0.960633,-0.523888,-1.10752][-0.297799,-0.411006,-0.86162][0.368381,0.197316,0][-1.05849,-0.837217,-0.971402][-0.353866,-0.421043,-0.835166][0.423634,0.144366,0][-1.13314,-0.658581,-0.845365][-0.837999,-0.0660158,-0.541664][0.441836,0.183624,0][-1.188,-0.880548,-0.738083][-0.888777,-0.0710331,-0.452802][0.473562,0.112129,0][-1.19063,-1.15978,-0.649947][-0.610829,-0.790104,-0.0512172][0.490741,0.027363,0][-1.25468,-1.09371,-0.514974][-0.418451,-0.892263,-0.169604][0.52892,0.059315,0][-1.25468,-1.09371,-0.514974][-0.418451,-0.892263,-0.169604][0.52892,0.059315,0][-1.2798,-0.771504,-0.579091][-0.698624,-0.126439,-0.704229][0.507874,0.138327,0][-1.188,-0.880548,-0.738083][-0.888777,-0.0710331,-0.452802][0.473562,0.112129,0][-1.13314,-0.658581,-0.845365][-0.837999,-0.0660158,-0.541664][0.441836,0.183624,0][-1.188,-0.880548,-0.738083][-0.888777,-0.0710331,-0.452802][0.473562,0.112129,0][-1.2798,-0.771504,-0.579091][-0.698624,-0.126439,-0.704229][0.507874,0.138327,0][-1.2798,-0.771504,-0.579091][-0.698624,-0.126439,-0.704229][0.507874,0.138327,0][-1.28305,-0.478693,-0.676422][-0.864278,-0.000835946,-0.503013][0.455945,0.246775,0][-1.13314,-0.658581,-0.845365][-0.837999,-0.0660158,-0.541664][0.441836,0.183624,0][-1.28305,-0.478693,-0.676422][-0.864278,-0.000835946,-0.503013][0.455945,0.246775,0][-1.18653,-0.0562722,-0.715157][-0.602788,-0.636907,-0.480621][0.420604,0.330066,0][-1.0281,-0.388344,-1.03605][-0.834504,-0.0370019,-0.549758][0.385464,0.228821,0][-1.0281,-0.388344,-1.03605][-0.834504,-0.0370019,-0.549758][0.385464,0.228821,0][-1.13314,-0.658581,-0.845365][-0.837999,-0.0660158,-0.541664][0.441836,0.183624,0][-1.28305,-0.478693,-0.676422][-0.864278,-0.000835946,-0.503013][0.455945,0.246775,0][-0.942832,-0.200378,-1.1749][-0.794991,-0.014434,-0.60645][0.333598,0.26027,0][-1.00636,-0.0098172,-1.08505][-0.630555,-0.655196,-0.416076][0.338416,0.314865,0][-0.821311,-0.0171872,-1.33381][-0.508447,-0.650616,-0.564075][0.237801,0.285112,0][-0.821311,-0.0171872,-1.33381][-0.508447,-0.650616,-0.564075][0.237801,0.285112,0][-0.803625,-0.0962022,-1.33417][-0.613109,-0.116171,-0.78141][0.242557,0.265411,0][-0.942832,-0.200378,-1.1749][-0.794991,-0.014434,-0.60645][0.333598,0.26027,0][-1.81853,0.170618,0.439895][-0.919934,0.349482,0.177718][0.606115,0.594794,0][-1.62635,0.555128,0.594218][-0.742322,0.599701,0.298858][0.581754,0.677534,0][-1.41044,0.420485,0.152438][-0.650908,0.755653,0.0728557][0.51735,0.678138,0][-1.41044,0.420485,0.152438][-0.650908,0.755653,0.0728557][0.51735,0.678138,0][-1.73474,0.134945,0.072692][-0.881876,0.336919,0.329818][0.564613,0.535613,0][-1.81853,0.170618,0.439895][-0.919934,0.349482,0.177718][0.606115,0.594794,0][-1.4158,-0.158873,0.786299][-0.573748,0.105832,0.812166][0.668465,0.610843,0][-1.15522,0.186647,0.848265][-0.740142,0.2547,0.622349][0.640926,0.69218,0][-1.62635,0.555128,0.594218][-0.742322,0.599701,0.298858][0.581754,0.677534,0][-1.62635,0.555128,0.594218][-0.742322,0.599701,0.298858][0.581754,0.677534,0][-1.81853,0.170618,0.439895][-0.919934,0.349482,0.177718][0.606115,0.594794,0][-1.4158,-0.158873,0.786299][-0.573748,0.105832,0.812166][0.668465,0.610843,0][-1.00409,-0.231317,1.17344][-0.591487,0.0834889,0.80198][0.727812,0.650928,0][-1.23646,0.153304,1.34037][-0.789663,0.093588,0.606361][0.685375,0.731903,0][-1.15522,0.186647,0.848265][-0.740142,0.2547,0.622349][0.640926,0.69218,0][-1.15522,0.186647,0.848265][-0.740142,0.2547,0.622349][0.640926,0.69218,0][-1.4158,-0.158873,0.786299][-0.573748,0.105832,0.812166][0.668465,0.610843,0][-1.00409,-0.231317,1.17344][-0.591487,0.0834889,0.80198][0.727812,0.650928,0][-0.942331,-0.524189,-1.09737][0.920222,-0.375703,-0.10972][0.684749,0.144142,0][-0.876608,-0.34589,-1.22911][0.814561,-0.576653,-0.0629453][0.660126,0.135807,0][-1.02741,-0.185207,-0.972108][0.852521,-0.240378,0.464141][0.695889,0.117348,0][-0.876608,-0.34589,-1.22911][0.814561,-0.576653,-0.0629453][0.313345,0.225198,0][-0.942331,-0.524189,-1.09737][0.920222,-0.375703,-0.10972][0.367455,0.193246,0][-0.960633,-0.523888,-1.10752][-0.297799,-0.411006,-0.86162][0.368381,0.197316,0][-0.960633,-0.523888,-1.10752][-0.297799,-0.411006,-0.86162][0.368381,0.197316,0][-0.891874,-0.343851,-1.24197][-0.308768,-0.446883,-0.839618][0.31413,0.230177,0][-0.876608,-0.34589,-1.22911][0.814561,-0.576653,-0.0629453][0.313345,0.225198,0][-1.0281,-0.388344,-1.03605][-0.834504,-0.0370019,-0.549758][0.385464,0.228821,0][-0.942832,-0.200378,-1.1749][-0.794991,-0.014434,-0.60645][0.333598,0.26027,0][-0.891874,-0.343851,-1.24197][-0.308768,-0.446883,-0.839618][0.31413,0.230177,0][-0.891874,-0.343851,-1.24197][-0.308768,-0.446883,-0.839618][0.31413,0.230177,0][-0.960633,-0.523888,-1.10752][-0.297799,-0.411006,-0.86162][0.368381,0.197316,0][-1.0281,-0.388344,-1.03605][-0.834504,-0.0370019,-0.549758][0.385464,0.228821,0][-1.00636,-0.0098172,-1.08505][-0.630555,-0.655196,-0.416076][0.338416,0.314865,0][-0.942832,-0.200378,-1.1749][-0.794991,-0.014434,-0.60645][0.333598,0.26027,0][-1.0281,-0.388344,-1.03605][-0.834504,-0.0370019,-0.549758][0.385464,0.228821,0][-1.0281,-0.388344,-1.03605][-0.834504,-0.0370019,-0.549758][0.385464,0.228821,0][-1.18653,-0.0562722,-0.715157][-0.602788,-0.636907,-0.480621][0.420604,0.330066,0][-1.00636,-0.0098172,-1.08505][-0.630555,-0.655196,-0.416076][0.338416,0.314865,0][-1.30468,0.330326,-0.562869][-0.524071,-0.485274,-0.699899][0.418901,0.438393,0][-0.988782,0.56213,-0.905093][-0.720607,-0.245136,-0.648563][0.324559,0.46497,0][-0.996441,0.389755,-0.898217][-0.760598,0.648706,0.0259033][0.32584,0.447109,0][-0.996441,0.389755,-0.898217][-0.760598,0.648706,0.0259033][0.32584,0.447109,0][-1.15876,0.169636,-0.633666][-0.773637,0.633107,-0.0257158][0.426003,0.407706,0][-1.30468,0.330326,-0.562869][-0.524071,-0.485274,-0.699899][0.418901,0.438393,0][-1.30468,0.330326,-0.562869][-0.524071,-0.485274,-0.699899][0.418901,0.438393,0][-1.15876,0.169636,-0.633666][-0.773637,0.633107,-0.0257158][0.426003,0.407706,0][-1.31036,0.0173278,-0.291308][-0.700587,0.0803711,-0.709026][0.456894,0.395547,0][-1.31036,0.0173278,-0.291308][-0.700587,0.0803711,-0.709026][0.456894,0.395547,0][-1.50141,0.0876818,-0.234936][-0.39766,-0.258449,-0.880381][0.475727,0.410095,0][-1.30468,0.330326,-0.562869][-0.524071,-0.485274,-0.699899][0.418901,0.438393,0][-1.9048,0.276059,-0.16234][-0.998518,0.0543447,0.00300995][0.52787,0.476177,0][-1.73474,0.134945,0.072692][-0.881876,0.336919,0.329818][0.564613,0.535613,0][-1.41044,0.420485,0.152438][-0.650908,0.755653,0.0728557][0.51735,0.678138,0][-1.41044,0.420485,0.152438][-0.650908,0.755653,0.0728557][0.51735,0.678138,0][-1.41304,0.655262,-0.161998][-0.608799,0.615846,0.500097][0.460067,0.682173,0][-1.9048,0.276059,-0.16234][-0.998518,0.0543447,0.00300995][0.52787,0.476177,0][-1.19063,-1.15978,-0.649947][-0.610829,-0.790104,-0.0512172][0.490741,0.027363,0][-1.16151,-1.16134,-0.648248][0.628683,-0.720716,0.292106][0.489651,0.018742,0][-1.21376,-1.08767,-0.518648][0.735262,-0.518432,0.436597][0.530848,0.049698,0][-1.21376,-1.08767,-0.518648][0.735262,-0.518432,0.436597][0.530848,0.049698,0][-1.25468,-1.09371,-0.514974][-0.418451,-0.892263,-0.169604][0.52892,0.059315,0][-1.19063,-1.15978,-0.649947][-0.610829,-0.790104,-0.0512172][0.490741,0.027363,0][-1.16151,-1.16134,-0.648248][0.628683,-0.720716,0.292106][0.489651,0.018742,0][-1.19063,-1.15978,-0.649947][-0.610829,-0.790104,-0.0512172][0.490741,0.027363,0][-1.15347,-1.14395,-0.758857][-0.458753,-0.635294,-0.621247][0.468736,0.034874,0][-1.15347,-1.14395,-0.758857][-0.458753,-0.635294,-0.621247][0.468736,0.034874,0][-1.13298,-1.14637,-0.753339][0.690893,-0.673015,-0.264041][0.466177,0.030529,0][-1.16151,-1.16134,-0.648248][0.628683,-0.720716,0.292106][0.489651,0.018742,0][-0.117528,0.264267,-1.52545][0.353096,-0.309432,-0.882935][0.041012,0.338475,0][0,0.299099,-1.51193][0,-0.423431,-0.905928][0.008308,0.340178,0][0,0.140047,-1.61553][0,0.345827,-0.938298][0.008877,0.301385,0][0,0.140047,-1.61553][0,0.345827,-0.938298][0.008877,0.301385,0][-0.150857,0.116684,-1.61047][-0.244478,0.316845,-0.916428][0.041662,0.296679,0][-0.117528,0.264267,-1.52545][0.353096,-0.309432,-0.882935][0.041012,0.338475,0][0,-0.0202831,-1.61461][1.43738e-007,-0.987251,0.159171][0.009314,0.261758,0][-0.151284,-0.0313271,-1.59675][0.234572,-0.95547,0.179034][0.041708,0.256225,0][-0.153199,-0.0237561,-1.61463][-0.0656199,-0.495058,-0.866379][0.041722,0.261442,0][-0.153199,-0.0237561,-1.61463][-0.0656199,-0.495058,-0.866379][0.041722,0.261442,0][0,-0.0122521,-1.63268][0,-0.474842,-0.880071][0.009464,0.266808,0][0,-0.0202831,-1.61461][1.43738e-007,-0.987251,0.159171][0.009314,0.261758,0][0,0.177421,-1.42815][0,-0.764793,0.644277][0.609318,0.022028,0][-0.151284,-0.0313271,-1.59675][0.234572,-0.95547,0.179034][0.601917,0.04139,0][0,-0.0202831,-1.61461][1.43738e-007,-0.987251,0.159171][0.599398,0.021624,0][-0.150857,0.116684,-1.61047][-0.244478,0.316845,-0.916428][0.041662,0.296679,0][0,0.140047,-1.61553][0,0.345827,-0.938298][0.008877,0.301385,0][0,-0.0122521,-1.63268][0,-0.474842,-0.880071][0.009464,0.266808,0][0,-0.0122521,-1.63268][0,-0.474842,-0.880071][0.009464,0.266808,0][-0.153199,-0.0237561,-1.61463][-0.0656199,-0.495058,-0.866379][0.041722,0.261442,0][-0.150857,0.116684,-1.61047][-0.244478,0.316845,-0.916428][0.041662,0.296679,0][-0.35563,0.00535388,-1.56301][-0.299951,0.0722817,-0.951212][0.115802,0.276137,0][-0.150857,0.116684,-1.61047][-0.244478,0.316845,-0.916428][0.041662,0.296679,0][-0.153199,-0.0237561,-1.61463][-0.0656199,-0.495058,-0.866379][0.041722,0.261442,0][-0.153199,-0.0237561,-1.61463][-0.0656199,-0.495058,-0.866379][0.041722,0.261442,0][-0.357215,-0.100155,-1.55496][-0.137249,-0.622067,-0.770841][0.11348,0.250781,0][-0.35563,0.00535388,-1.56301][-0.299951,0.0722817,-0.951212][0.115802,0.276137,0][-0.607659,-0.0424032,-1.4675][-0.457696,-0.0488394,-0.887766][0.161011,0.2637,0][-0.35563,0.00535388,-1.56301][-0.299951,0.0722817,-0.951212][0.115802,0.276137,0][-0.357215,-0.100155,-1.55496][-0.137249,-0.622067,-0.770841][0.11348,0.250781,0][-0.357215,-0.100155,-1.55496][-0.137249,-0.622067,-0.770841][0.11348,0.250781,0][-0.60133,-0.10211,-1.45396][-0.257576,-0.616082,-0.744377][0.161647,0.24887,0][-0.607659,-0.0424032,-1.4675][-0.457696,-0.0488394,-0.887766][0.161011,0.2637,0][-0.803625,-0.0962022,-1.33417][-0.613109,-0.116171,-0.78141][0.242557,0.265411,0][-0.607659,-0.0424032,-1.4675][-0.457696,-0.0488394,-0.887766][0.161011,0.2637,0][-0.60133,-0.10211,-1.45396][-0.257576,-0.616082,-0.744377][0.161647,0.24887,0][-0.60133,-0.10211,-1.45396][-0.257576,-0.616082,-0.744377][0.161647,0.24887,0][-0.778003,-0.210676,-1.3413][-0.234545,-0.528599,-0.815826][0.239624,0.242313,0][-0.803625,-0.0962022,-1.33417][-0.613109,-0.116171,-0.78141][0.242557,0.265411,0][-0.942832,-0.200378,-1.1749][-0.794991,-0.014434,-0.60645][0.333598,0.26027,0][-0.803625,-0.0962022,-1.33417][-0.613109,-0.116171,-0.78141][0.242557,0.265411,0][-0.778003,-0.210676,-1.3413][-0.234545,-0.528599,-0.815826][0.239624,0.242313,0][-0.778003,-0.210676,-1.3413][-0.234545,-0.528599,-0.815826][0.239624,0.242313,0][-0.891874,-0.343851,-1.24197][-0.308768,-0.446883,-0.839618][0.31413,0.230177,0][-0.942832,-0.200378,-1.1749][-0.794991,-0.014434,-0.60645][0.333598,0.26027,0][-1.9048,0.276059,-0.16234][-0.998518,0.0543447,0.00300995][0.52787,0.476177,0][-2.00411,0.715785,-0.591312][-0.937442,0.229967,-0.261377][0.437617,0.587818,0][-1.30468,0.330326,-0.562869][-0.524071,-0.485274,-0.699899][0.418901,0.438393,0][-1.30468,0.330326,-0.562869][-0.524071,-0.485274,-0.699899][0.418901,0.438393,0][-1.50141,0.0876818,-0.234936][-0.39766,-0.258449,-0.880381][0.475727,0.410095,0][-1.9048,0.276059,-0.16234][-0.998518,0.0543447,0.00300995][0.52787,0.476177,0][-1.30468,0.330326,-0.562869][-0.524071,-0.485274,-0.699899][0.418901,0.438393,0][-2.00411,0.715785,-0.591312][-0.937442,0.229967,-0.261377][0.437617,0.587818,0][-1.57913,1.06049,-0.879113][-0.82651,0.494118,-0.269683][0.340759,0.580701,0][-1.57913,1.06049,-0.879113][-0.82651,0.494118,-0.269683][0.340759,0.580701,0][-0.988782,0.56213,-0.905093][-0.720607,-0.245136,-0.648563][0.324559,0.46497,0][-1.30468,0.330326,-0.562869][-0.524071,-0.485274,-0.699899][0.418901,0.438393,0][-0.839049,0.719824,-1.13909][-0.599135,-0.0853034,-0.796091][0.247042,0.490784,0][-0.988782,0.56213,-0.905093][-0.720607,-0.245136,-0.648563][0.324559,0.46497,0][-1.57913,1.06049,-0.879113][-0.82651,0.494118,-0.269683][0.340759,0.580701,0][-1.57913,1.06049,-0.879113][-0.82651,0.494118,-0.269683][0.340759,0.580701,0][-1.36351,1.31575,-1.18305][-0.664209,0.599948,-0.445969][0.244145,0.638749,0][-0.839049,0.719824,-1.13909][-0.599135,-0.0853034,-0.796091][0.247042,0.490784,0][-0.928274,1.42173,-1.31672][-0.646423,0.613426,-0.453703][0.153869,0.606875,0][-0.569941,0.871644,-1.37358][-0.333634,-0.336823,-0.880476][0.162979,0.516021,0][-0.839049,0.719824,-1.13909][-0.599135,-0.0853034,-0.796091][0.247042,0.490784,0][-0.839049,0.719824,-1.13909][-0.599135,-0.0853034,-0.796091][0.247042,0.490784,0][-1.36351,1.31575,-1.18305][-0.664209,0.599948,-0.445969][0.244145,0.638749,0][-0.928274,1.42173,-1.31672][-0.646423,0.613426,-0.453703][0.153869,0.606875,0][-0.252743,0.969368,-1.49081][-0.0816198,-0.298235,-0.950997][0.064035,0.530059,0][-0.569941,0.871644,-1.37358][-0.333634,-0.336823,-0.880476][0.162979,0.516021,0][-0.928274,1.42173,-1.31672][-0.646423,0.613426,-0.453703][0.153869,0.606875,0][-0.928274,1.42173,-1.31672][-0.646423,0.613426,-0.453703][0.153869,0.606875,0][-0.599678,1.79055,-1.57685][-0.320667,0.796751,-0.512212][0.087697,0.702565,0][-0.252743,0.969368,-1.49081][-0.0816198,-0.298235,-0.950997][0.064035,0.530059,0][-0.252743,0.969368,-1.49081][-0.0816198,-0.298235,-0.950997][0.064035,0.530059,0][-0.599678,1.79055,-1.57685][-0.320667,0.796751,-0.512212][0.087697,0.702565,0][-2.38797e-007,1.58148,-1.47375][-1.34781e-007,0.777739,-0.628587][0.00563,0.665798,0][-2.38797e-007,1.58148,-1.47375][-1.34781e-007,0.777739,-0.628587][0.00563,0.665798,0][-1.4529e-007,0.96221,-1.48195][0,-0.296198,-0.955126][0.007089,0.516729,0][-0.252743,0.969368,-1.49081][-0.0816198,-0.298235,-0.950997][0.064035,0.530059,0][-1.89334,-0.291149,-0.082864][-0.999958,0.00562022,0.00726781][0.554143,0.349022,0][-1.9048,0.276059,-0.16234][-0.998518,0.0543447,0.00300995][0.52787,0.476177,0][-1.50141,0.0876818,-0.234936][-0.39766,-0.258449,-0.880381][0.475727,0.410095,0][-1.50141,0.0876818,-0.234936][-0.39766,-0.258449,-0.880381][0.475727,0.410095,0][-1.53189,-0.155993,-0.265115][-0.461849,0.269023,-0.845176][0.503371,0.36424,0][-1.89334,-0.291149,-0.082864][-0.999958,0.00562022,0.00726781][0.554143,0.349022,0][-1.89334,-0.291149,-0.082864][-0.999958,0.00562022,0.00726781][0.554143,0.349022,0][-1.53189,-0.155993,-0.265115][-0.461849,0.269023,-0.845176][0.503371,0.36424,0][-1.45366,-0.288273,-0.37828][-0.434765,0.467018,-0.769982][0.493866,0.322381,0][-1.45366,-0.288273,-0.37828][-0.434765,0.467018,-0.769982][0.493866,0.322381,0][-1.85239,-0.67705,-0.446115][-0.836817,-0.144035,-0.528197][0.542509,0.245271,0][-1.89334,-0.291149,-0.082864][-0.999958,0.00562022,0.00726781][0.554143,0.349022,0][-1.41304,0.655262,-0.161998][-0.608799,0.615846,0.500097][0.460067,0.682173,0][-1.41044,0.420485,0.152438][-0.650908,0.755653,0.0728557][0.51735,0.678138,0][-1.0127,0.753772,0.228332][-0.560161,0.791571,0.244204][0.43306,0.822595,0][-1.0127,0.753772,0.228332][-0.560161,0.791571,0.244204][0.43306,0.822595,0][-1.18966,1.13327,-0.128517][-0.570671,0.784036,0.244176][0.322091,0.817831,0][-1.41304,0.655262,-0.161998][-0.608799,0.615846,0.500097][0.460067,0.682173,0][-0.553133,1.07274,0.197296][-0.295804,0.887365,0.353671][0.400291,0.872225,0][-0.657171,1.21233,-0.198674][-0.37985,0.899207,0.217117][0.26707,0.853964,0][-1.18966,1.13327,-0.128517][-0.570671,0.784036,0.244176][0.322091,0.817831,0][-1.18966,1.13327,-0.128517][-0.570671,0.784036,0.244176][0.322091,0.817831,0][-1.0127,0.753772,0.228332][-0.560161,0.791571,0.244204][0.43306,0.822595,0][-0.553133,1.07274,0.197296][-0.295804,0.887365,0.353671][0.400291,0.872225,0][-0.270563,1.13563,0.190958][-0.267052,0.902163,0.3388][0.343739,0.929301,0][-0.31657,1.48858,-0.166253][-0.272703,0.896174,0.350008][0.195677,0.902656,0][-0.657171,1.21233,-0.198674][-0.37985,0.899207,0.217117][0.26707,0.853964,0][-0.657171,1.21233,-0.198674][-0.37985,0.899207,0.217117][0.26707,0.853964,0][-0.553133,1.07274,0.197296][-0.295804,0.887365,0.353671][0.400291,0.872225,0][-0.270563,1.13563,0.190958][-0.267052,0.902163,0.3388][0.343739,0.929301,0][-2.15902e-007,1.42985,-0.135205][0,0.893369,0.449324][0.124754,0.944557,0][-0.31657,1.48858,-0.166253][-0.272703,0.896174,0.350008][0.195677,0.902656,0][-0.270563,1.13563,0.190958][-0.267052,0.902163,0.3388][0.343739,0.929301,0][-0.270563,1.13563,0.190958][-0.267052,0.902163,0.3388][0.343739,0.929301,0][-1.79589e-007,1.18936,0.241924][0,0.960332,0.278859][0.29953,0.981134,0][-2.15902e-007,1.42985,-0.135205][0,0.893369,0.449324][0.124754,0.944557,0][-2.00411,0.715785,-0.591312][-0.937442,0.229967,-0.261377][0.437617,0.587818,0][-1.9048,0.276059,-0.16234][-0.998518,0.0543447,0.00300995][0.52787,0.476177,0][-1.41304,0.655262,-0.161998][-0.608799,0.615846,0.500097][0.460067,0.682173,0][-1.41304,0.655262,-0.161998][-0.608799,0.615846,0.500097][0.460067,0.682173,0][-1.35759,0.846057,-0.500795][-0.461598,0.831233,0.309804][0.397913,0.692604,0][-2.00411,0.715785,-0.591312][-0.937442,0.229967,-0.261377][0.437617,0.587818,0][-1.17611,1.02713,-0.715058][-0.320431,0.839772,0.438299][0.322235,0.680985,0][-1.35759,0.846057,-0.500795][-0.461598,0.831233,0.309804][0.397913,0.692604,0][-0.939936,1.08746,-0.514596][-0.418592,0.907244,0.0410947][0.269388,0.76039,0][-0.939936,1.08746,-0.514596][-0.418592,0.907244,0.0410947][0.269388,0.76039,0][-1.06359,1.13941,-0.847915][-0.283108,0.862556,0.419341][0.229663,0.693506,0][-1.17611,1.02713,-0.715058][-0.320431,0.839772,0.438299][0.322235,0.680985,0][-0.606793,1.26587,-0.546874][-0.483814,0.868877,0.10477][0.186966,0.802948,0][-0.729277,1.33009,-1.01612][-0.315845,0.884048,0.34453][0.15389,0.707657,0][-1.06359,1.13941,-0.847915][-0.283108,0.862556,0.419341][0.229663,0.693506,0][-1.06359,1.13941,-0.847915][-0.283108,0.862556,0.419341][0.229663,0.693506,0][-0.939936,1.08746,-0.514596][-0.418592,0.907244,0.0410947][0.269388,0.76039,0][-0.606793,1.26587,-0.546874][-0.483814,0.868877,0.10477][0.186966,0.802948,0][-0.325525,1.48731,-1.06386][-0.17009,0.946418,0.274523][0.086301,0.762916,0][-0.729277,1.33009,-1.01612][-0.315845,0.884048,0.34453][0.15389,0.707657,0][-0.606793,1.26587,-0.546874][-0.483814,0.868877,0.10477][0.186966,0.802948,0][-0.606793,1.26587,-0.546874][-0.483814,0.868877,0.10477][0.186966,0.802948,0][-0.291337,1.45996,-0.586275][-0.318165,0.948031,0.00279429][0.113518,0.830947,0][-0.325525,1.48731,-1.06386][-0.17009,0.946418,0.274523][0.086301,0.762916,0][-2.29919e-007,1.52268,-1.07264][-1.84475e-007,0.994574,0.104036][0.012396,0.772179,0][-0.325525,1.48731,-1.06386][-0.17009,0.946418,0.274523][0.086301,0.762916,0][-0.291337,1.45996,-0.586275][-0.318165,0.948031,0.00279429][0.113518,0.830947,0][-0.291337,1.45996,-0.586275][-0.318165,0.948031,0.00279429][0.113518,0.830947,0][-2.25393e-007,1.49271,-0.51298][-1.47772e-007,0.999341,0.0363017][0.049309,0.85679,0][-2.29919e-007,1.52268,-1.07264][-1.84475e-007,0.994574,0.104036][0.012396,0.772179,0][-1.33534,-0.194647,-0.363817][-0.713962,0.267349,-0.647134][0.475876,0.338963,0][-1.45366,-0.288273,-0.37828][-0.434765,0.467018,-0.769982][0.493866,0.322381,0][-1.53189,-0.155993,-0.265115][-0.461849,0.269023,-0.845176][0.503371,0.36424,0][-1.53189,-0.155993,-0.265115][-0.461849,0.269023,-0.845176][0.503371,0.36424,0][-1.35444,-0.0902672,-0.332265][-0.710776,0.226715,-0.665881][0.484675,0.364025,0][-1.33534,-0.194647,-0.363817][-0.713962,0.267349,-0.647134][0.475876,0.338963,0][-1.35444,-0.0902672,-0.332265][-0.710776,0.226715,-0.665881][0.484675,0.364025,0][-1.53189,-0.155993,-0.265115][-0.461849,0.269023,-0.845176][0.503371,0.36424,0][-1.50141,0.0876818,-0.234936][-0.39766,-0.258449,-0.880381][0.475727,0.410095,0][-1.50141,0.0876818,-0.234936][-0.39766,-0.258449,-0.880381][0.475727,0.410095,0][-1.31036,0.0173278,-0.291308][-0.700587,0.0803711,-0.709026][0.456894,0.395547,0][-1.35444,-0.0902672,-0.332265][-0.710776,0.226715,-0.665881][0.484675,0.364025,0][-1.33534,-0.194647,-0.363817][-0.713962,0.267349,-0.647134][0.475876,0.338963,0][-1.18653,-0.0562722,-0.715157][-0.602788,-0.636907,-0.480621][0.420604,0.330066,0][-1.28305,-0.478693,-0.676422][-0.864278,-0.000835946,-0.503013][0.455945,0.246775,0][-1.28305,-0.478693,-0.676422][-0.864278,-0.000835946,-0.503013][0.455945,0.246775,0][-1.45366,-0.288273,-0.37828][-0.434765,0.467018,-0.769982][0.493866,0.322381,0][-1.33534,-0.194647,-0.363817][-0.713962,0.267349,-0.647134][0.475876,0.338963,0][-1.45366,-0.288273,-0.37828][-0.434765,0.467018,-0.769982][0.493866,0.322381,0][-1.28305,-0.478693,-0.676422][-0.864278,-0.000835946,-0.503013][0.455945,0.246775,0][-1.2798,-0.771504,-0.579091][-0.698624,-0.126439,-0.704229][0.507874,0.138327,0][-1.2798,-0.771504,-0.579091][-0.698624,-0.126439,-0.704229][0.507874,0.138327,0][-1.85239,-0.67705,-0.446115][-0.836817,-0.144035,-0.528197][0.542509,0.245271,0][-1.45366,-0.288273,-0.37828][-0.434765,0.467018,-0.769982][0.493866,0.322381,0][-1.89778,-0.582141,0.378434][-0.968626,-0.209425,0.133807][0.66031,0.454471,0][-1.98399,-0.333449,0.460282][-0.97678,-0.0353852,0.211303][0.629794,0.519033,0][-1.71268,-0.271162,0.110247][-0.998733,-0.0175587,0.0471515][0.587322,0.445951,0][-1.71268,-0.271162,0.110247][-0.998733,-0.0175587,0.0471515][0.587322,0.445951,0][-1.68152,-0.589255,0.018532][-0.956732,-0.282239,-0.0707419][0.614947,0.370347,0][-1.89778,-0.582141,0.378434][-0.968626,-0.209425,0.133807][0.66031,0.454471,0][-1.89778,-0.582141,0.378434][-0.968626,-0.209425,0.133807][0.66031,0.454471,0][-1.3635,-0.675396,0.689348][-0.711861,-0.3704,0.596706][0.720806,0.501105,0][-1.42644,-0.462104,0.77396][-0.72271,-0.160172,0.672335][0.684157,0.557707,0][-1.42644,-0.462104,0.77396][-0.72271,-0.160172,0.672335][0.684157,0.557707,0][-1.98399,-0.333449,0.460282][-0.97678,-0.0353852,0.211303][0.629794,0.519033,0][-1.89778,-0.582141,0.378434][-0.968626,-0.209425,0.133807][0.66031,0.454471,0][-1.3635,-0.675396,0.689348][-0.711861,-0.3704,0.596706][0.720806,0.501105,0][-1.08789,-0.905032,1.21451][-0.53103,-0.286526,0.797439][0.789729,0.537264,0][-1.21786,-0.57315,1.36064][-0.576086,0.0468156,0.816047][0.760571,0.5926,0][-1.21786,-0.57315,1.36064][-0.576086,0.0468156,0.816047][0.760571,0.5926,0][-1.42644,-0.462104,0.77396][-0.72271,-0.160172,0.672335][0.684157,0.557707,0][-1.3635,-0.675396,0.689348][-0.711861,-0.3704,0.596706][0.720806,0.501105,0][-1.08789,-0.905032,1.21451][-0.53103,-0.286526,0.797439][0.789729,0.537264,0][-0.626411,-0.93589,1.25023][-0.350987,-0.344382,0.870752][0.85991,0.551896,0][-0.638966,-0.629026,1.33529][-0.427522,-0.156494,0.890356][0.828534,0.636793,0][-0.638966,-0.629026,1.33529][-0.427522,-0.156494,0.890356][0.828534,0.636793,0][-1.21786,-0.57315,1.36064][-0.576086,0.0468156,0.816047][0.760571,0.5926,0][-1.08789,-0.905032,1.21451][-0.53103,-0.286526,0.797439][0.789729,0.537264,0][-0.317083,-0.97857,1.47045][-0.212433,-0.311179,0.926304][0.925378,0.580317,0][-0.340718,-0.651741,1.66582][-0.203065,-0.220543,0.954005][0.891283,0.691462,0][-0.638966,-0.629026,1.33529][-0.427522,-0.156494,0.890356][0.828534,0.636793,0][-0.638966,-0.629026,1.33529][-0.427522,-0.156494,0.890356][0.828534,0.636793,0][-0.626411,-0.93589,1.25023][-0.350987,-0.344382,0.870752][0.85991,0.551896,0][-0.317083,-0.97857,1.47045][-0.212433,-0.311179,0.926304][0.925378,0.580317,0][-0.317083,-0.97857,1.47045][-0.212433,-0.311179,0.926304][0.925378,0.580317,0][1.51377e-007,-1.00252,1.36781][0,-0.266551,0.963821][0.992137,0.584809,0][0,-0.659788,1.48662][0,-0.297515,0.954717][0.959439,0.729416,0][0,-0.659788,1.48662][0,-0.297515,0.954717][0.959439,0.729416,0][-0.340718,-0.651741,1.66582][-0.203065,-0.220543,0.954005][0.891283,0.691462,0][-0.317083,-0.97857,1.47045][-0.212433,-0.311179,0.926304][0.925378,0.580317,0][-1.89334,-0.291149,-0.082864][-0.999958,0.00562022,0.00726781][0.554143,0.349022,0][-1.71268,-0.271162,0.110247][-0.998733,-0.0175587,0.0471515][0.587322,0.445951,0][-1.73474,0.134945,0.072692][-0.881876,0.336919,0.329818][0.564613,0.535613,0][-1.73474,0.134945,0.072692][-0.881876,0.336919,0.329818][0.564613,0.535613,0][-1.9048,0.276059,-0.16234][-0.998518,0.0543447,0.00300995][0.52787,0.476177,0][-1.89334,-0.291149,-0.082864][-0.999958,0.00562022,0.00726781][0.554143,0.349022,0][-1.35759,0.846057,-0.500795][-0.461598,0.831233,0.309804][0.397913,0.692604,0][-1.17611,1.02713,-0.715058][-0.320431,0.839772,0.438299][0.322235,0.680985,0][-1.57913,1.06049,-0.879113][-0.82651,0.494118,-0.269683][0.340759,0.580701,0][-1.57913,1.06049,-0.879113][-0.82651,0.494118,-0.269683][0.340759,0.580701,0][-2.00411,0.715785,-0.591312][-0.937442,0.229967,-0.261377][0.437617,0.587818,0][-1.35759,0.846057,-0.500795][-0.461598,0.831233,0.309804][0.397913,0.692604,0][-1.29926,-1.05035,-0.319874][0.511003,-0.859515,0.0104916][0.800873,0.190182,0][-1.2633,-1.00096,-0.308984][0.96519,-0.248399,0.0818937][0.798492,0.178682,0][-1.24183,-1.03249,-0.096261][0.976437,-0.0865476,-0.197687][0.822203,0.169557,0][-1.24183,-1.03249,-0.096261][0.976437,-0.0865476,-0.197687][0.822203,0.169557,0][-1.27636,-1.16523,-0.104191][0.603024,-0.5266,-0.599211][0.831439,0.187067,0][-1.29926,-1.05035,-0.319874][0.511003,-0.859515,0.0104916][0.800873,0.190182,0][-1.2633,-1.00096,-0.308984][0.96519,-0.248399,0.0818937][0.798492,0.178682,0][-1.21179,-1.03167,-0.53836][0.959457,0.0585371,0.275708][0.775978,0.173203,0][-1.20466,-0.829094,-0.60967][0.950082,0.0495009,0.308049][0.758934,0.157027,0][-1.20466,-0.829094,-0.60967][0.950082,0.0495009,0.308049][0.758934,0.157027,0][-1.27552,-0.743434,-0.299254][0.99693,0.0339242,0.070566][0.786112,0.149009,0][-1.2633,-1.00096,-0.308984][0.96519,-0.248399,0.0818937][0.798492,0.178682,0][-1.27636,-1.16523,-0.104191][0.603024,-0.5266,-0.599211][0.655598,0.218176,0][-1.1306,-1.54336,0.163857][0.448034,-0.499687,-0.741336][0.733236,0.257378,0][-1.15033,-1.54722,0.170842][-0.389735,-0.874463,-0.288827][0.73379,0.263858,0][-1.15033,-1.54722,0.170842][-0.389735,-0.874463,-0.288827][0.73379,0.263858,0][-1.31513,-1.16281,-0.105955][-0.343966,-0.787193,-0.511873][0.650456,0.229211,0][-1.27636,-1.16523,-0.104191][0.603024,-0.5266,-0.599211][0.655598,0.218176,0][-1.31513,-1.16281,-0.105955][-0.343966,-0.787193,-0.511873][0.650456,0.229211,0][-1.33225,-1.05404,-0.320482][0.0478967,-0.991063,-0.124502][0.584211,0.105961,0][-1.29926,-1.05035,-0.319874][0.511003,-0.859515,0.0104916][0.58586,0.099577,0][-1.29926,-1.05035,-0.319874][0.511003,-0.859515,0.0104916][0.58586,0.099577,0][-1.27636,-1.16523,-0.104191][0.603024,-0.5266,-0.599211][0.655598,0.218176,0][-1.31513,-1.16281,-0.105955][-0.343966,-0.787193,-0.511873][0.650456,0.229211,0][-1.25468,-1.09371,-0.514974][-0.418451,-0.892263,-0.169604][0.52892,0.059315,0][-1.21376,-1.08767,-0.518648][0.735262,-0.518432,0.436597][0.530848,0.049698,0][-1.29926,-1.05035,-0.319874][0.511003,-0.859515,0.0104916][0.58586,0.099577,0][-1.29926,-1.05035,-0.319874][0.511003,-0.859515,0.0104916][0.58586,0.099577,0][-1.33225,-1.05404,-0.320482][0.0478967,-0.991063,-0.124502][0.584211,0.105961,0][-1.25468,-1.09371,-0.514974][-0.418451,-0.892263,-0.169604][0.52892,0.059315,0][-1.31513,-1.16281,-0.105955][-0.343966,-0.787193,-0.511873][0.650456,0.229211,0][-1.15033,-1.54722,0.170842][-0.389735,-0.874463,-0.288827][0.73379,0.263858,0][-1.70029,-1.21269,0.335161][-0.742392,-0.65055,0.160123][0.703556,0.337497,0][-1.31513,-1.16281,-0.105955][-0.343966,-0.787193,-0.511873][0.650456,0.229211,0][-1.60215,-1.05396,-0.315528][-0.638023,-0.75667,-0.142746][0.56921,0.146965,0][-1.33225,-1.05404,-0.320482][0.0478967,-0.991063,-0.124502][0.584211,0.105961,0][-1.60215,-1.05396,-0.315528][-0.638023,-0.75667,-0.142746][0.56921,0.146965,0][-1.25468,-1.09371,-0.514974][-0.418451,-0.892263,-0.169604][0.52892,0.059315,0][-1.33225,-1.05404,-0.320482][0.0478967,-0.991063,-0.124502][0.584211,0.105961,0][-1.2633,-1.00096,-0.308984][0.96519,-0.248399,0.0818937][0.798492,0.178682,0][-1.29926,-1.05035,-0.319874][0.511003,-0.859515,0.0104916][0.800873,0.190182,0][-1.21376,-1.08767,-0.518648][0.735262,-0.518432,0.436597][0.780723,0.178869,0][-1.21376,-1.08767,-0.518648][0.735262,-0.518432,0.436597][0.780723,0.178869,0][-1.21179,-1.03167,-0.53836][0.959457,0.0585371,0.275708][0.775978,0.173203,0][-1.2633,-1.00096,-0.308984][0.96519,-0.248399,0.0818937][0.798492,0.178682,0][-1.16151,-1.16134,-0.648248][0.628683,-0.720716,0.292106][0.770322,0.171867,0][-1.13298,-1.14637,-0.753339][0.690893,-0.673015,-0.264041][0.757732,0.168126,0][-1.21179,-1.03167,-0.53836][0.959457,0.0585371,0.275708][0.775978,0.173203,0][-1.21179,-1.03167,-0.53836][0.959457,0.0585371,0.275708][0.775978,0.173203,0][-1.21376,-1.08767,-0.518648][0.735262,-0.518432,0.436597][0.780723,0.178869,0][-1.16151,-1.16134,-0.648248][0.628683,-0.720716,0.292106][0.770322,0.171867,0][-0.252743,0.969368,-1.49081][-0.0816198,-0.298235,-0.950997][0.064035,0.530059,0][-0.257869,0.76425,-1.35036][-0.0816158,0.627426,-0.774387][0.074846,0.480566,0][-0.39128,0.754314,-1.33209][-0.204616,0.640259,-0.740406][0.115127,0.480736,0][-0.125973,0.765278,-1.34995][-0.00425726,0.624788,-0.780783][0.040194,0.482258,0][-0.252743,0.969368,-1.49081][-0.0816198,-0.298235,-0.950997][0.064035,0.530059,0][-1.4529e-007,0.96221,-1.48195][0,-0.296198,-0.955126][0.007089,0.516729,0][-1.4529e-007,0.96221,-1.48195][0,-0.296198,-0.955126][0.007089,0.516729,0][0,0.768354,-1.3474][0,0.602358,-0.798226][0.008509,0.480752,0][-0.125973,0.765278,-1.34995][-0.00425726,0.624788,-0.780783][0.040194,0.482258,0][-0.35563,0.00535388,-1.56301][-0.299951,0.0722817,-0.951212][0.115802,0.276137,0][-0.354536,0.0648329,-1.55304][0.126456,-0.49956,-0.857][0.115385,0.287541,0][-0.240275,0.138824,-1.54333][0.178148,-0.208505,-0.961659][0.070727,0.317065,0][-0.240275,0.138824,-1.54333][0.178148,-0.208505,-0.961659][0.070727,0.317065,0][-0.150857,0.116684,-1.61047][-0.244478,0.316845,-0.916428][0.041662,0.296679,0][-0.35563,0.00535388,-1.56301][-0.299951,0.0722817,-0.951212][0.115802,0.276137,0][0.128189,0.320607,-1.53215][0.305156,0.779929,-0.546434][0.041448,0.365299,0][0.135802,0.515211,-1.46381][0.00166722,0.331854,-0.943329][0.04113,0.402762,0][0.267293,0.506467,-1.46852][0.000100392,0.33167,-0.943395][0.080678,0.402177,0][0.267293,0.506467,-1.46852][0.000100392,0.33167,-0.943395][0.080678,0.402177,0][0.260974,0.199493,-1.57653][0.45637,0.75912,-0.46418][0.082242,0.352542,0][0.128189,0.320607,-1.53215][0.305156,0.779929,-0.546434][0.041448,0.365299,0][0.856348,0.689298,-1.40273][-0.324512,-0.441729,-0.836401][0.195329,0.435531,0][0.62463,0.458781,-1.48216][0.000768284,0.334476,-0.942404][0.158768,0.399348,0][0.61372,0.719057,-1.39217][-0.0412058,-0.45445,-0.889819][0.157264,0.448337,0][0.39457,0.484902,-1.47437][0.00762416,0.33264,-0.943023][0.115616,0.401662,0][0.389527,0.716454,-1.39351][-0.00954839,-0.423611,-0.905794][0.115322,0.45364,0][0.61372,0.719057,-1.39217][-0.0412058,-0.45445,-0.889819][0.157264,0.448337,0][0.61372,0.719057,-1.39217][-0.0412058,-0.45445,-0.889819][0.157264,0.448337,0][0.62463,0.458781,-1.48216][0.000768284,0.334476,-0.942404][0.158768,0.399348,0][0.39457,0.484902,-1.47437][0.00762416,0.33264,-0.943023][0.115616,0.401662,0][0.62463,0.458781,-1.48216][0.000768284,0.334476,-0.942404][0.158768,0.399348,0][0.605107,0.090092,-1.61673][0.00413889,0.925222,-0.379404][0.15741,0.327621,0][0.37271,0.126389,-1.60383][0.283371,0.878938,-0.383627][0.119868,0.334177,0][0.37271,0.126389,-1.60383][0.283371,0.878938,-0.383627][0.119868,0.334177,0][0.39457,0.484902,-1.47437][0.00762416,0.33264,-0.943023][0.115616,0.401662,0][0.62463,0.458781,-1.48216][0.000768284,0.334476,-0.942404][0.158768,0.399348,0][0.605107,0.090092,-1.61673][0.00413889,0.925222,-0.379404][0.15741,0.327621,0][0.62463,0.458781,-1.48216][0.000768284,0.334476,-0.942404][0.158768,0.399348,0][0.836746,0.123944,-1.60445][-0.256964,0.886235,-0.38543][0.19814,0.338044,0][0.836746,0.123944,-1.60445][-0.256964,0.886235,-0.38543][0.19814,0.338044,0][0.62463,0.458781,-1.48216][0.000768284,0.334476,-0.942404][0.158768,0.399348,0][0.983713,0.208173,-1.57405][-0.630181,0.642354,-0.436181][0.221867,0.36161,0][0.983713,0.208173,-1.57405][-0.630181,0.642354,-0.436181][0.221867,0.36161,0][0.62463,0.458781,-1.48216][0.000768284,0.334476,-0.942404][0.158768,0.399348,0][1.03423,0.408175,-1.50293][-0.759998,0.201522,-0.617894][0.223171,0.390692,0][1.03423,0.408175,-1.50293][-0.759998,0.201522,-0.617894][0.223171,0.390692,0][0.62463,0.458781,-1.48216][0.000768284,0.334476,-0.942404][0.158768,0.399348,0][0.981492,0.581263,-1.44123][-0.64909,-0.161477,-0.743376][0.214681,0.416396,0][0.981492,0.581263,-1.44123][-0.64909,-0.161477,-0.743376][0.214681,0.416396,0][0.62463,0.458781,-1.48216][0.000768284,0.334476,-0.942404][0.158768,0.399348,0][0.856348,0.689298,-1.40273][-0.324512,-0.441729,-0.836401][0.195329,0.435531,0][0,0.350529,-1.52392][0,0.864556,-0.502536][0.009574,0.366825,0][0,0.516742,-1.4654][0,0.332113,-0.94324][0.008326,0.403191,0][0.135802,0.515211,-1.46381][0.00166722,0.331854,-0.943329][0.04113,0.402762,0][0.135802,0.515211,-1.46381][0.00166722,0.331854,-0.943329][0.04113,0.402762,0][0.128189,0.320607,-1.53215][0.305156,0.779929,-0.546434][0.041448,0.365299,0][0,0.350529,-1.52392][0,0.864556,-0.502536][0.009574,0.366825,0][0.135802,0.515211,-1.46381][0.00166722,0.331854,-0.943329][0.04113,0.402762,0][0.128587,0.724155,-1.39039][-0.00133513,-0.431814,-0.901962][0.040296,0.4546,0][0.266123,0.722682,-1.39226][-0.0245641,-0.439513,-0.8979][0.076005,0.453609,0][0.266123,0.722682,-1.39226][-0.0245641,-0.439513,-0.8979][0.076005,0.453609,0][0.267293,0.506467,-1.46852][0.000100392,0.33167,-0.943395][0.080678,0.402177,0][0.135802,0.515211,-1.46381][0.00166722,0.331854,-0.943329][0.04113,0.402762,0][0,0.516742,-1.4654][0,0.332113,-0.94324][0.008326,0.403191,0][0,0.724118,-1.39232][0,-0.434558,-0.900644][0.010033,0.455703,0][0.128587,0.724155,-1.39039][-0.00133513,-0.431814,-0.901962][0.040296,0.4546,0][0.128587,0.724155,-1.39039][-0.00133513,-0.431814,-0.901962][0.040296,0.4546,0][0.135802,0.515211,-1.46381][0.00166722,0.331854,-0.943329][0.04113,0.402762,0][0,0.516742,-1.4654][0,0.332113,-0.94324][0.008326,0.403191,0][0.267293,0.506467,-1.46852][0.000100392,0.33167,-0.943395][0.080678,0.402177,0][0.266123,0.722682,-1.39226][-0.0245641,-0.439513,-0.8979][0.076005,0.453609,0][0.389527,0.716454,-1.39351][-0.00954839,-0.423611,-0.905794][0.115322,0.45364,0][0.389527,0.716454,-1.39351][-0.00954839,-0.423611,-0.905794][0.115322,0.45364,0][0.39457,0.484902,-1.47437][0.00762416,0.33264,-0.943023][0.115616,0.401662,0][0.267293,0.506467,-1.46852][0.000100392,0.33167,-0.943395][0.080678,0.402177,0][0.260974,0.199493,-1.57653][0.45637,0.75912,-0.46418][0.082242,0.352542,0][0.267293,0.506467,-1.46852][0.000100392,0.33167,-0.943395][0.080678,0.402177,0][0.39457,0.484902,-1.47437][0.00762416,0.33264,-0.943023][0.115616,0.401662,0][0.39457,0.484902,-1.47437][0.00762416,0.33264,-0.943023][0.115616,0.401662,0][0.37271,0.126389,-1.60383][0.283371,0.878938,-0.383627][0.119868,0.334177,0][0.260974,0.199493,-1.57653][0.45637,0.75912,-0.46418][0.082242,0.352542,0][0.6109,0.736538,-1.28105][0.554883,0.620615,-0.554023][0.159159,0.481627,0][0.873359,0.640195,-1.14747][0.735831,0.675786,-0.043187][0.239273,0.475095,0][0.876431,0.658463,-1.19547][0.426649,0.842104,0.329895][0.233791,0.465462,0][0.876431,0.658463,-1.19547][0.426649,0.842104,0.329895][0.233791,0.465462,0][0.61203,0.755985,-1.33078][0.0755501,0.927158,0.366974][0.159161,0.470975,0][0.6109,0.736538,-1.28105][0.554883,0.620615,-0.554023][0.159159,0.481627,0][0.39128,0.754314,-1.33209][0.204616,0.640259,-0.740406][0.115127,0.480736,0][0.6109,0.736538,-1.28105][0.554883,0.620615,-0.554023][0.159159,0.481627,0][0.61203,0.755985,-1.33078][0.0755501,0.927158,0.366974][0.159161,0.470975,0][0.61203,0.755985,-1.33078][0.0755501,0.927158,0.366974][0.159161,0.470975,0][0.391256,0.7693,-1.37105][0.00395738,0.93458,0.355732][0.115164,0.474419,0][0.39128,0.754314,-1.33209][0.204616,0.640259,-0.740406][0.115127,0.480736,0][0.391256,0.7693,-1.37105][0.00395738,0.93458,0.355732][0.115164,0.474419,0][0.25774,0.774435,-1.37686][0.0144787,0.934438,0.355833][0.074845,0.474195,0][0.257869,0.76425,-1.35036][0.0816156,0.627425,-0.774388][0.074846,0.480566,0][0.257869,0.76425,-1.35036][0.0816156,0.627425,-0.774388][0.074846,0.480566,0][0.39128,0.754314,-1.33209][0.204616,0.640259,-0.740406][0.115127,0.480736,0][0.391256,0.7693,-1.37105][0.00395738,0.93458,0.355732][0.115164,0.474419,0][0.356317,0.07412,-1.58747][-0.358863,-0.901254,-0.242812][0.11563,0.296619,0][0.354536,0.064833,-1.55304][-0.126456,-0.49956,-0.857][0.115385,0.287541,0][0.240275,0.138824,-1.54333][-0.178147,-0.208506,-0.961659][0.070727,0.317065,0][0.240275,0.138824,-1.54333][-0.178147,-0.208506,-0.961659][0.070727,0.317065,0][0.243108,0.14806,-1.58325][-0.633961,-0.749237,-0.191672][0.074075,0.324029,0][0.356317,0.07412,-1.58747][-0.358863,-0.901254,-0.242812][0.11563,0.296619,0][0.354536,0.064833,-1.55304][-0.126456,-0.49956,-0.857][0.115385,0.287541,0][0.356317,0.07412,-1.58747][-0.358863,-0.901254,-0.242812][0.11563,0.296619,0][0.606106,0.00628903,-1.51488][-0.0107678,-0.944943,-0.327056][0.160942,0.284104,0][0.606106,0.00628903,-1.51488][-0.0107678,-0.944943,-0.327056][0.160942,0.284104,0][0.612027,-0.01454,-1.46133][0.355032,-0.502809,-0.788122][0.160972,0.270674,0][0.354536,0.064833,-1.55304][-0.126456,-0.49956,-0.857][0.115385,0.287541,0][0.612027,-0.01454,-1.46133][0.355032,-0.502809,-0.788122][0.160972,0.270674,0][0.606106,0.00628903,-1.51488][-0.0107678,-0.944943,-0.327056][0.160942,0.284104,0][0.841948,-0.00113593,-1.37958][0.305128,-0.911069,-0.277219][0.229763,0.294722,0][0.841948,-0.00113593,-1.37958][0.305128,-0.911069,-0.277219][0.229763,0.294722,0][0.821311,-0.0171869,-1.33381][0.508447,-0.650616,-0.564075][0.237801,0.285112,0][0.612027,-0.01454,-1.46133][0.355032,-0.502809,-0.788122][0.160972,0.270674,0][0.841948,-0.00113593,-1.37958][0.305128,-0.911069,-0.277219][0.229763,0.294722,0][0.865019,0.0884541,-1.65339][0.281668,-0.457869,-0.843219][0.210782,0.317659,0][1.02773,0.190288,-1.61501][0.632755,-0.230132,-0.739365][0.236502,0.353666,0][1.02773,0.190288,-1.61501][0.632755,-0.230132,-0.739365][0.236502,0.353666,0][1.02819,-0.00385289,-1.09792][0.634095,-0.726038,-0.266069][0.33655,0.321366,0][0.841948,-0.00113593,-1.37958][0.305128,-0.911069,-0.277219][0.229763,0.294722,0][1.0886,0.202252,-1.00228][0.968618,0.104505,-0.225516][0.340039,0.377732,0][1.26164,0.0696992,-0.6873][0.942737,0.178285,-0.28189][0.427499,0.369867,0][1.23994,-0.0505218,-0.735927][0.666933,-0.601883,-0.439246][0.423355,0.338271,0][1.23994,-0.0505218,-0.735927][0.666933,-0.601883,-0.439246][0.423355,0.338271,0][1.02819,-0.00385289,-1.09792][0.634095,-0.726038,-0.266069][0.33655,0.321366,0][1.0886,0.202252,-1.00228][0.968618,0.104505,-0.225516][0.340039,0.377732,0][1.0886,0.202252,-1.00228][0.968618,0.104505,-0.225516][0.340039,0.377732,0][1.03182,0.40188,-0.916601][0.605455,0.699792,0.379099][0.333008,0.43568,0][1.22163,0.189047,-0.654509][0.614053,0.769485,0.17559][0.427135,0.39816,0][1.22163,0.189047,-0.654509][0.614053,0.769485,0.17559][0.427135,0.39816,0][1.26164,0.0696992,-0.6873][0.942737,0.178285,-0.28189][0.427499,0.369867,0][1.0886,0.202252,-1.00228][0.968618,0.104505,-0.225516][0.340039,0.377732,0][0.117528,0.264267,-1.52545][-0.353096,-0.309433,-0.882935][0.041012,0.338475,0][0.117431,0.273834,-1.55204][-0.52244,-0.804108,-0.283666][0.041073,0.342366,0][0.243108,0.14806,-1.58325][-0.633961,-0.749237,-0.191672][0.074075,0.324029,0][0.243108,0.14806,-1.58325][-0.633961,-0.749237,-0.191672][0.074075,0.324029,0][0.240275,0.138824,-1.54333][-0.178147,-0.208506,-0.961659][0.070727,0.317065,0][0.117528,0.264267,-1.52545][-0.353096,-0.309433,-0.882935][0.041012,0.338475,0][0.125908,0.775471,-1.37651][0.0193102,0.934744,0.354796][0.040341,0.476021,0][0.125973,0.765278,-1.34995][0.00425699,0.624788,-0.780783][0.040194,0.482258,0][0.257869,0.76425,-1.35036][0.0816156,0.627425,-0.774388][0.074846,0.480566,0][0.257869,0.76425,-1.35036][0.0816156,0.627425,-0.774388][0.074846,0.480566,0][0.25774,0.774435,-1.37686][0.0144787,0.934438,0.355833][0.074845,0.474195,0][0.125908,0.775471,-1.37651][0.0193102,0.934744,0.354796][0.040341,0.476021,0][1.02819,-0.00385289,-1.09792][0.634095,-0.726038,-0.266069][0.33655,0.321366,0][1.23994,-0.0505218,-0.735927][0.666933,-0.601883,-0.439246][0.423355,0.338271,0][1.18653,-0.0562719,-0.715157][0.602788,-0.636907,-0.480621][0.420604,0.330066,0][1.18653,-0.0562719,-0.715157][0.602788,-0.636907,-0.480621][0.420604,0.330066,0][1.00636,-0.0098169,-1.08505][0.630555,-0.655196,-0.416075][0.338416,0.314865,0][1.02819,-0.00385289,-1.09792][0.634095,-0.726038,-0.266069][0.33655,0.321366,0][1.22163,0.189047,-0.654509][0.614053,0.769485,0.17559][0.427135,0.39816,0][1.03182,0.40188,-0.916601][0.605455,0.699792,0.379099][0.333008,0.43568,0][0.996441,0.389755,-0.898217][0.760598,0.648706,0.0259032][0.32584,0.447109,0][0.996441,0.389755,-0.898217][0.760598,0.648706,0.0259032][0.32584,0.447109,0][1.15876,0.169636,-0.633666][0.773637,0.633107,-0.0257159][0.426003,0.407706,0][1.22163,0.189047,-0.654509][0.614053,0.769485,0.17559][0.427135,0.39816,0][0.856242,0.700537,-1.43503][-0.264057,-0.273111,-0.925032][0.20117,0.442396,0][0.613763,0.730259,-1.42448][-0.0399575,-0.410562,-0.910957][0.159164,0.457112,0][0.614495,0.785738,-1.40472][0.0597965,0.921082,-0.384751][0.159182,0.465262,0][0.614495,0.785738,-1.40472][0.0597965,0.921082,-0.384751][0.159182,0.465262,0][0.878759,0.743101,-1.41979][0.330112,0.867789,-0.37144][0.206888,0.448034,0][0.856242,0.700537,-1.43503][-0.264057,-0.273111,-0.925032][0.20117,0.442396,0][0.613763,0.730259,-1.42448][-0.0399575,-0.410562,-0.910957][0.159164,0.457112,0][0.389759,0.727732,-1.4258][-0.0105376,-0.44072,-0.897583][0.114865,0.458304,0][0.391202,0.782454,-1.40622][0.00451718,0.904861,-0.425682][0.114974,0.467806,0][0.391202,0.782454,-1.40622][0.00451718,0.904861,-0.425682][0.114974,0.467806,0][0.614495,0.785738,-1.40472][0.0597965,0.921082,-0.384751][0.159182,0.465262,0][0.613763,0.730259,-1.42448][-0.0399575,-0.410562,-0.910957][0.159164,0.457112,0][0.266114,0.734022,-1.42453][-0.0245129,-0.41812,-0.908061][0.077419,0.458268,0][0.257458,0.785292,-1.40557][0.00831386,0.909945,-0.414645][0.076243,0.468175,0][0.391202,0.782454,-1.40622][0.00451718,0.904861,-0.425682][0.114974,0.467806,0][0.391202,0.782454,-1.40622][0.00451718,0.904861,-0.425682][0.114974,0.467806,0][0.389759,0.727732,-1.4258][-0.0105376,-0.44072,-0.897583][0.114865,0.458304,0][0.266114,0.734022,-1.42453][-0.0245129,-0.41812,-0.908061][0.077419,0.458268,0][0.372819,0.137967,-1.63602][0.238956,0.824121,-0.513542][0.11742,0.325918,0][0.358511,0.089112,-1.65351][-0.268996,-0.477557,-0.836409][0.116899,0.314622,0][0.242881,0.157636,-1.62699][-0.495001,-0.342936,-0.798354][0.077949,0.332977,0][0.242881,0.157636,-1.62699][-0.495001,-0.342936,-0.798354][0.077949,0.332977,0][0.260809,0.210916,-1.60877][0.429076,0.743623,-0.512756][0.081974,0.344359,0][0.372819,0.137967,-1.63602][0.238956,0.824121,-0.513542][0.11742,0.325918,0][0.60517,0.101788,-1.64887][0.00363387,0.880477,-0.474075][0.159086,0.318383,0][0.604438,0.054361,-1.66582][-0.0108197,-0.483847,-0.875086][0.16107,0.306969,0][0.358511,0.089112,-1.65351][-0.268996,-0.477557,-0.836409][0.116899,0.314622,0][0.358511,0.089112,-1.65351][-0.268996,-0.477557,-0.836409][0.116899,0.314622,0][0.372819,0.137967,-1.63602][0.238956,0.824121,-0.513542][0.11742,0.325918,0][0.60517,0.101788,-1.64887][0.00363387,0.880477,-0.474075][0.159086,0.318383,0][0.836712,0.135658,-1.63659][-0.225481,0.836232,-0.499873][0.20429,0.330361,0][0.865019,0.0884541,-1.65339][0.281668,-0.457869,-0.843219][0.210782,0.317659,0][0.604438,0.054361,-1.66582][-0.0108197,-0.483847,-0.875086][0.16107,0.306969,0][0.604438,0.054361,-1.66582][-0.0108197,-0.483847,-0.875086][0.16107,0.306969,0][0.60517,0.101788,-1.64887][0.00363387,0.880477,-0.474075][0.159086,0.318383,0][0.836712,0.135658,-1.63659][-0.225481,0.836232,-0.499873][0.20429,0.330361,0][0.983579,0.219777,-1.60622][-0.468732,0.597718,-0.650403][0.230623,0.357444,0][1.02773,0.190288,-1.61501][0.632755,-0.230132,-0.739365][0.236502,0.353666,0][0.865019,0.0884541,-1.65339][0.281668,-0.457869,-0.843219][0.210782,0.317659,0][0.865019,0.0884541,-1.65339][0.281668,-0.457869,-0.843219][0.210782,0.317659,0][0.836712,0.135658,-1.63659][-0.225481,0.836232,-0.499873][0.20429,0.330361,0][0.983579,0.219777,-1.60622][-0.468732,0.597718,-0.650403][0.230623,0.357444,0][0.983579,0.219777,-1.60622][-0.468732,0.597718,-0.650403][0.230623,0.357444,0][1.03401,0.41964,-1.53515][-0.634214,0.243574,-0.733788][0.23207,0.390865,0][1.08849,0.412167,-1.53678][0.762048,0.223143,-0.607857][0.239456,0.389314,0][1.08849,0.412167,-1.53678][0.762048,0.223143,-0.607857][0.239456,0.389314,0][1.02773,0.190288,-1.61501][0.632755,-0.230132,-0.739365][0.236502,0.353666,0][0.983579,0.219777,-1.60622][-0.468732,0.597718,-0.650403][0.230623,0.357444,0][1.03401,0.41964,-1.53515][-0.634214,0.243574,-0.733788][0.23207,0.390865,0][0.981292,0.592625,-1.47349][-0.543115,-0.0575677,-0.837682][0.222647,0.420405,0][1.0286,0.61802,-1.46472][0.646329,0.600184,-0.471209][0.228636,0.423795,0][1.0286,0.61802,-1.46472][0.646329,0.600184,-0.471209][0.228636,0.423795,0][1.08849,0.412167,-1.53678][0.762048,0.223143,-0.607857][0.239456,0.389314,0][1.03401,0.41964,-1.53515][-0.634214,0.243574,-0.733788][0.23207,0.390865,0][0.878759,0.743101,-1.41979][0.330112,0.867789,-0.37144][0.206888,0.448034,0][1.0286,0.61802,-1.46472][0.646329,0.600184,-0.471209][0.228636,0.423795,0][0.981292,0.592625,-1.47349][-0.543115,-0.0575677,-0.837682][0.222647,0.420405,0][0.981292,0.592625,-1.47349][-0.543115,-0.0575677,-0.837682][0.222647,0.420405,0][0.856242,0.700537,-1.43503][-0.264057,-0.273111,-0.925032][0.20117,0.442396,0][0.878759,0.743101,-1.41979][0.330112,0.867789,-0.37144][0.206888,0.448034,0][0.873359,0.640195,-1.14747][0.735831,0.675786,-0.043187][0.239273,0.475095,0][0.996441,0.389755,-0.898217][0.760598,0.648706,0.0259032][0.32584,0.447109,0][1.03182,0.40188,-0.916601][0.605455,0.699792,0.379099][0.333008,0.43568,0][1.03182,0.40188,-0.916601][0.605455,0.699792,0.379099][0.333008,0.43568,0][0.876431,0.658463,-1.19547][0.426649,0.842104,0.329895][0.233791,0.465462,0][0.873359,0.640195,-1.14747][0.735831,0.675786,-0.043187][0.239273,0.475095,0][1.08849,0.412167,-1.53678][0.762048,0.223143,-0.607857][0.239456,0.389314,0][1.0286,0.61802,-1.46472][0.646329,0.600184,-0.471209][0.228636,0.423795,0][1.03182,0.40188,-0.916601][0.605455,0.699792,0.379099][0.333008,0.43568,0][1.03182,0.40188,-0.916601][0.605455,0.699792,0.379099][0.333008,0.43568,0][1.0886,0.202252,-1.00228][0.968618,0.104505,-0.225516][0.340039,0.377732,0][1.08849,0.412167,-1.53678][0.762048,0.223143,-0.607857][0.239456,0.389314,0][1.02819,-0.00385289,-1.09792][0.634095,-0.726038,-0.266069][0.33655,0.321366,0][1.02773,0.190288,-1.61501][0.632755,-0.230132,-0.739365][0.236502,0.353666,0][1.08849,0.412167,-1.53678][0.762048,0.223143,-0.607857][0.239456,0.389314,0][1.08849,0.412167,-1.53678][0.762048,0.223143,-0.607857][0.239456,0.389314,0][1.0886,0.202252,-1.00228][0.968618,0.104505,-0.225516][0.340039,0.377732,0][1.02819,-0.00385289,-1.09792][0.634095,-0.726038,-0.266069][0.33655,0.321366,0][0.125766,0.786148,-1.40494][0.018703,0.905261,-0.424445][0.040437,0.4691,0][0.125908,0.775471,-1.37651][0.0193102,0.934744,0.354796][0.040341,0.476021,0][0.25774,0.774435,-1.37686][0.0144787,0.934438,0.355833][0.074845,0.474195,0][0.25774,0.774435,-1.37686][0.0144787,0.934438,0.355833][0.074845,0.474195,0][0.257458,0.785292,-1.40557][0.00831386,0.909945,-0.414645][0.076243,0.468175,0][0.125766,0.786148,-1.40494][0.018703,0.905261,-0.424445][0.040437,0.4691,0][0.391202,0.782454,-1.40622][0.00451718,0.904861,-0.425682][0.114974,0.467806,0][0.257458,0.785292,-1.40557][0.00831386,0.909945,-0.414645][0.076243,0.468175,0][0.25774,0.774435,-1.37686][0.0144787,0.934438,0.355833][0.074845,0.474195,0][0.25774,0.774435,-1.37686][0.0144787,0.934438,0.355833][0.074845,0.474195,0][0.391256,0.7693,-1.37105][0.00395738,0.93458,0.355732][0.115164,0.474419,0][0.391202,0.782454,-1.40622][0.00451718,0.904861,-0.425682][0.114974,0.467806,0][0.391256,0.7693,-1.37105][0.00395738,0.93458,0.355732][0.115164,0.474419,0][0.61203,0.755985,-1.33078][0.0755501,0.927158,0.366974][0.159161,0.470975,0][0.614495,0.785738,-1.40472][0.0597965,0.921082,-0.384751][0.159182,0.465262,0][0.614495,0.785738,-1.40472][0.0597965,0.921082,-0.384751][0.159182,0.465262,0][0.391202,0.782454,-1.40622][0.00451718,0.904861,-0.425682][0.114974,0.467806,0][0.391256,0.7693,-1.37105][0.00395738,0.93458,0.355732][0.115164,0.474419,0][0.61203,0.755985,-1.33078][0.0755501,0.927158,0.366974][0.159161,0.470975,0][0.876431,0.658463,-1.19547][0.426649,0.842104,0.329895][0.233791,0.465462,0][0.878759,0.743101,-1.41979][0.330112,0.867789,-0.37144][0.206888,0.448034,0][0.878759,0.743101,-1.41979][0.330112,0.867789,-0.37144][0.206888,0.448034,0][0.614495,0.785738,-1.40472][0.0597965,0.921082,-0.384751][0.159182,0.465262,0][0.61203,0.755985,-1.33078][0.0755501,0.927158,0.366974][0.159161,0.470975,0][0.876431,0.658463,-1.19547][0.426649,0.842104,0.329895][0.233791,0.465462,0][1.03182,0.40188,-0.916601][0.605455,0.699792,0.379099][0.333008,0.43568,0][1.0286,0.61802,-1.46472][0.646329,0.600184,-0.471209][0.228636,0.423795,0][1.0286,0.61802,-1.46472][0.646329,0.600184,-0.471209][0.228636,0.423795,0][0.878759,0.743101,-1.41979][0.330112,0.867789,-0.37144][0.206888,0.448034,0][0.876431,0.658463,-1.19547][0.426649,0.842104,0.329895][0.233791,0.465462,0][0.606106,0.00628903,-1.51488][-0.0107678,-0.944943,-0.327056][0.160942,0.284104,0][0.604438,0.054361,-1.66582][-0.0108197,-0.483847,-0.875086][0.16107,0.306969,0][0.865019,0.0884541,-1.65339][0.281668,-0.457869,-0.843219][0.210782,0.317659,0][0.865019,0.0884541,-1.65339][0.281668,-0.457869,-0.843219][0.210782,0.317659,0][0.841948,-0.00113593,-1.37958][0.305128,-0.911069,-0.277219][0.229763,0.294722,0][0.606106,0.00628903,-1.51488][-0.0107678,-0.944943,-0.327056][0.160942,0.284104,0][0.356317,0.07412,-1.58747][-0.358863,-0.901254,-0.242812][0.11563,0.296619,0][0.358511,0.089112,-1.65351][-0.268996,-0.477557,-0.836409][0.116899,0.314622,0][0.604438,0.054361,-1.66582][-0.0108197,-0.483847,-0.875086][0.16107,0.306969,0][0.604438,0.054361,-1.66582][-0.0108197,-0.483847,-0.875086][0.16107,0.306969,0][0.606106,0.00628903,-1.51488][-0.0107678,-0.944943,-0.327056][0.160942,0.284104,0][0.356317,0.07412,-1.58747][-0.358863,-0.901254,-0.242812][0.11563,0.296619,0][0.356317,0.07412,-1.58747][-0.358863,-0.901254,-0.242812][0.11563,0.296619,0][0.243108,0.14806,-1.58325][-0.633961,-0.749237,-0.191672][0.074075,0.324029,0][0.242881,0.157636,-1.62699][-0.495001,-0.342936,-0.798354][0.077949,0.332977,0][0.242881,0.157636,-1.62699][-0.495001,-0.342936,-0.798354][0.077949,0.332977,0][0.358511,0.089112,-1.65351][-0.268996,-0.477557,-0.836409][0.116899,0.314622,0][0.356317,0.07412,-1.58747][-0.358863,-0.901254,-0.242812][0.11563,0.296619,0][0.117312,0.284227,-1.58119][-0.33341,-0.264682,-0.904865][0.04147,0.347611,0][0.242881,0.157636,-1.62699][-0.495001,-0.342936,-0.798354][0.077949,0.332977,0][0.243108,0.14806,-1.58325][-0.633961,-0.749237,-0.191672][0.074075,0.324029,0][0.243108,0.14806,-1.58325][-0.633961,-0.749237,-0.191672][0.074075,0.324029,0][0.117431,0.273834,-1.55204][-0.52244,-0.804108,-0.283666][0.041073,0.342366,0][0.117312,0.284227,-1.58119][-0.33341,-0.264682,-0.904865][0.04147,0.347611,0][0.821311,-0.0171869,-1.33381][0.508447,-0.650616,-0.564075][0.237801,0.285112,0][0.841948,-0.00113593,-1.37958][0.305128,-0.911069,-0.277219][0.229763,0.294722,0][1.02819,-0.00385289,-1.09792][0.634095,-0.726038,-0.266069][0.33655,0.321366,0][1.02819,-0.00385289,-1.09792][0.634095,-0.726038,-0.266069][0.33655,0.321366,0][1.00636,-0.0098169,-1.08505][0.630555,-0.655196,-0.416075][0.338416,0.314865,0][0.821311,-0.0171869,-1.33381][0.508447,-0.650616,-0.564075][0.237801,0.285112,0][0.128655,0.735512,-1.42265][8.70441e-006,-0.432553,-0.901609][0.041733,0.459407,0][0.125766,0.786148,-1.40494][0.018703,0.905261,-0.424445][0.040437,0.4691,0][0.257458,0.785292,-1.40557][0.00831386,0.909945,-0.414645][0.076243,0.468175,0][0.257458,0.785292,-1.40557][0.00831386,0.909945,-0.414645][0.076243,0.468175,0][0.266114,0.734022,-1.42453][-0.0245129,-0.41812,-0.908061][0.077419,0.458268,0][0.128655,0.735512,-1.42265][8.70441e-006,-0.432553,-0.901609][0.041733,0.459407,0][0,0.779078,-1.37526][0,0.934601,0.355697][0.008295,0.474812,0][0,0.768354,-1.3474][0,0.602358,-0.798226][0.008509,0.480752,0][0.125973,0.765278,-1.34995][0.00425699,0.624788,-0.780783][0.040194,0.482258,0][0.125973,0.765278,-1.34995][0.00425699,0.624788,-0.780783][0.040194,0.482258,0][0.125908,0.775471,-1.37651][0.0193102,0.934744,0.354796][0.040341,0.476021,0][0,0.779078,-1.37526][0,0.934601,0.355697][0.008295,0.474812,0][0.125766,0.786148,-1.40494][0.018703,0.905261,-0.424445][0.040437,0.4691,0][-1.19374e-007,0.790581,-1.4058][0,0.906006,-0.423264][0.008079,0.468729,0][0,0.779078,-1.37526][0,0.934601,0.355697][0.008295,0.474812,0][0,0.779078,-1.37526][0,0.934601,0.355697][0.008295,0.474812,0][0.125908,0.775471,-1.37651][0.0193102,0.934744,0.354796][0.040341,0.476021,0][0.125766,0.786148,-1.40494][0.018703,0.905261,-0.424445][0.040437,0.4691,0][0,0.735477,-1.42458][0,-0.433131,-0.901331][0.008145,0.460675,0][-1.19374e-007,0.790581,-1.4058][0,0.906006,-0.423264][0.008079,0.468729,0][0.125766,0.786148,-1.40494][0.018703,0.905261,-0.424445][0.040437,0.4691,0][0.125766,0.786148,-1.40494][0.018703,0.905261,-0.424445][0.040437,0.4691,0][0.128655,0.735512,-1.42265][8.70441e-006,-0.432553,-0.901609][0.041733,0.459407,0][0,0.735477,-1.42458][0,-0.433131,-0.901331][0.008145,0.460675,0][0,0.318504,-1.57148][0,-0.338095,-0.941112][0.008447,0.349657,0][0,0.36186,-1.55619][0,0.926838,-0.375461][0.008425,0.361803,0][0.128251,0.331949,-1.56442][0.37117,0.842325,-0.390795][0.041433,0.360049,0][0.128251,0.331949,-1.56442][0.37117,0.842325,-0.390795][0.041433,0.360049,0][0.117312,0.284227,-1.58119][-0.33341,-0.264682,-0.904865][0.04147,0.347611,0][0,0.318504,-1.57148][0,-0.338095,-0.941112][0.008447,0.349657,0][0,0.318504,-1.57148][0,-0.338095,-0.941112][0.008447,0.349657,0][0.117312,0.284227,-1.58119][-0.33341,-0.264682,-0.904865][0.04147,0.347611,0][0.117431,0.273834,-1.55204][-0.52244,-0.804108,-0.283666][0.041073,0.342366,0][0.117431,0.273834,-1.55204][-0.52244,-0.804108,-0.283666][0.041073,0.342366,0][0,0.308359,-1.53995][0,-0.950715,-0.310065][0.008343,0.34578,0][0,0.318504,-1.57148][0,-0.338095,-0.941112][0.008447,0.349657,0][0,0.299099,-1.51193][0,-0.423431,-0.905928][0.008308,0.340178,0][0,0.308359,-1.53995][0,-0.950715,-0.310065][0.008343,0.34578,0][0.117431,0.273834,-1.55204][-0.52244,-0.804108,-0.283666][0.041073,0.342366,0][0.117431,0.273834,-1.55204][-0.52244,-0.804108,-0.283666][0.041073,0.342366,0][0.117528,0.264267,-1.52545][-0.353096,-0.309433,-0.882935][0.041012,0.338475,0][0,0.299099,-1.51193][0,-0.423431,-0.905928][0.008308,0.340178,0][0.117312,0.284227,-1.58119][-0.33341,-0.264682,-0.904865][0.04147,0.347611,0][0.128251,0.331949,-1.56442][0.37117,0.842325,-0.390795][0.041433,0.360049,0][0.260809,0.210916,-1.60877][0.429076,0.743623,-0.512756][0.081974,0.344359,0][0.260809,0.210916,-1.60877][0.429076,0.743623,-0.512756][0.081974,0.344359,0][0.242881,0.157636,-1.62699][-0.495001,-0.342936,-0.798354][0.077949,0.332977,0][0.117312,0.284227,-1.58119][-0.33341,-0.264682,-0.904865][0.04147,0.347611,0][1.31036,0.0173282,-0.291308][0.700587,0.0803711,-0.709026][0.456894,0.395547,0][1.22163,0.189047,-0.654509][0.614053,0.769485,0.17559][0.427135,0.39816,0][1.15876,0.169636,-0.633666][0.773637,0.633107,-0.0257159][0.426003,0.407706,0][1.26164,0.0696992,-0.6873][0.942737,0.178285,-0.28189][0.427499,0.369867,0][1.22163,0.189047,-0.654509][0.614053,0.769485,0.17559][0.427135,0.39816,0][1.31036,0.0173282,-0.291308][0.700587,0.0803711,-0.709026][0.456894,0.395547,0][1.31036,0.0173282,-0.291308][0.700587,0.0803711,-0.709026][0.456894,0.395547,0][1.35444,-0.0902668,-0.332265][0.710776,0.226715,-0.665881][0.484675,0.364025,0][1.26164,0.0696992,-0.6873][0.942737,0.178285,-0.28189][0.427499,0.369867,0][1.23994,-0.0505218,-0.735927][0.666933,-0.601883,-0.439246][0.423355,0.338271,0][1.26164,0.0696992,-0.6873][0.942737,0.178285,-0.28189][0.427499,0.369867,0][1.35444,-0.0902668,-0.332265][0.710776,0.226715,-0.665881][0.484675,0.364025,0][1.35444,-0.0902668,-0.332265][0.710776,0.226715,-0.665881][0.484675,0.364025,0][1.33534,-0.194647,-0.363817][0.713962,0.26735,-0.647134][0.475876,0.338963,0][1.23994,-0.0505218,-0.735927][0.666933,-0.601883,-0.439246][0.423355,0.338271,0][1.18653,-0.0562719,-0.715157][0.602788,-0.636907,-0.480621][0.420604,0.330066,0][1.23994,-0.0505218,-0.735927][0.666933,-0.601883,-0.439246][0.423355,0.338271,0][1.33534,-0.194647,-0.363817][0.713962,0.26735,-0.647134][0.475876,0.338963,0][0.128189,0.320607,-1.53215][0.305156,0.779929,-0.546434][0.041448,0.365299,0][0.260974,0.199493,-1.57653][0.45637,0.75912,-0.46418][0.082242,0.352542,0][0.260809,0.210916,-1.60877][0.429076,0.743623,-0.512756][0.081974,0.344359,0][0.260809,0.210916,-1.60877][0.429076,0.743623,-0.512756][0.081974,0.344359,0][0.128251,0.331949,-1.56442][0.37117,0.842325,-0.390795][0.041433,0.360049,0][0.128189,0.320607,-1.53215][0.305156,0.779929,-0.546434][0.041448,0.365299,0][0.856348,0.689298,-1.40273][-0.324512,-0.441729,-0.836401][0.195329,0.435531,0][0.61372,0.719057,-1.39217][-0.0412058,-0.45445,-0.889819][0.157264,0.448337,0][0.613763,0.730259,-1.42448][-0.0399575,-0.410562,-0.910957][0.159164,0.457112,0][0.613763,0.730259,-1.42448][-0.0399575,-0.410562,-0.910957][0.159164,0.457112,0][0.856242,0.700537,-1.43503][-0.264057,-0.273111,-0.925032][0.20117,0.442396,0][0.856348,0.689298,-1.40273][-0.324512,-0.441729,-0.836401][0.195329,0.435531,0][0.61372,0.719057,-1.39217][-0.0412058,-0.45445,-0.889819][0.157264,0.448337,0][0.389527,0.716454,-1.39351][-0.00954839,-0.423611,-0.905794][0.115322,0.45364,0][0.389759,0.727732,-1.4258][-0.0105376,-0.44072,-0.897583][0.114865,0.458304,0][0.389759,0.727732,-1.4258][-0.0105376,-0.44072,-0.897583][0.114865,0.458304,0][0.613763,0.730259,-1.42448][-0.0399575,-0.410562,-0.910957][0.159164,0.457112,0][0.61372,0.719057,-1.39217][-0.0412058,-0.45445,-0.889819][0.157264,0.448337,0][0.37271,0.126389,-1.60383][0.283371,0.878938,-0.383627][0.119868,0.334177,0][0.605107,0.090092,-1.61673][0.00413889,0.925222,-0.379404][0.15741,0.327621,0][0.60517,0.101788,-1.64887][0.00363387,0.880477,-0.474075][0.159086,0.318383,0][0.60517,0.101788,-1.64887][0.00363387,0.880477,-0.474075][0.159086,0.318383,0][0.372819,0.137967,-1.63602][0.238956,0.824121,-0.513542][0.11742,0.325918,0][0.37271,0.126389,-1.60383][0.283371,0.878938,-0.383627][0.119868,0.334177,0][0.605107,0.090092,-1.61673][0.00413889,0.925222,-0.379404][0.15741,0.327621,0][0.836746,0.123944,-1.60445][-0.256964,0.886235,-0.38543][0.19814,0.338044,0][0.836712,0.135658,-1.63659][-0.225481,0.836232,-0.499873][0.20429,0.330361,0][0.836712,0.135658,-1.63659][-0.225481,0.836232,-0.499873][0.20429,0.330361,0][0.60517,0.101788,-1.64887][0.00363387,0.880477,-0.474075][0.159086,0.318383,0][0.605107,0.090092,-1.61673][0.00413889,0.925222,-0.379404][0.15741,0.327621,0][0.836746,0.123944,-1.60445][-0.256964,0.886235,-0.38543][0.19814,0.338044,0][0.983713,0.208173,-1.57405][-0.630181,0.642354,-0.436181][0.221867,0.36161,0][0.983579,0.219777,-1.60622][-0.468732,0.597718,-0.650403][0.230623,0.357444,0][0.983579,0.219777,-1.60622][-0.468732,0.597718,-0.650403][0.230623,0.357444,0][0.836712,0.135658,-1.63659][-0.225481,0.836232,-0.499873][0.20429,0.330361,0][0.836746,0.123944,-1.60445][-0.256964,0.886235,-0.38543][0.19814,0.338044,0][0.983713,0.208173,-1.57405][-0.630181,0.642354,-0.436181][0.221867,0.36161,0][1.03423,0.408175,-1.50293][-0.759998,0.201522,-0.617894][0.223171,0.390692,0][1.03401,0.41964,-1.53515][-0.634214,0.243574,-0.733788][0.23207,0.390865,0][1.03401,0.41964,-1.53515][-0.634214,0.243574,-0.733788][0.23207,0.390865,0][0.983579,0.219777,-1.60622][-0.468732,0.597718,-0.650403][0.230623,0.357444,0][0.983713,0.208173,-1.57405][-0.630181,0.642354,-0.436181][0.221867,0.36161,0][1.03423,0.408175,-1.50293][-0.759998,0.201522,-0.617894][0.223171,0.390692,0][0.981492,0.581263,-1.44123][-0.64909,-0.161477,-0.743376][0.214681,0.416396,0][0.981292,0.592625,-1.47349][-0.543115,-0.0575677,-0.837682][0.222647,0.420405,0][0.981292,0.592625,-1.47349][-0.543115,-0.0575677,-0.837682][0.222647,0.420405,0][1.03401,0.41964,-1.53515][-0.634214,0.243574,-0.733788][0.23207,0.390865,0][1.03423,0.408175,-1.50293][-0.759998,0.201522,-0.617894][0.223171,0.390692,0][0.981492,0.581263,-1.44123][-0.64909,-0.161477,-0.743376][0.214681,0.416396,0][0.856348,0.689298,-1.40273][-0.324512,-0.441729,-0.836401][0.195329,0.435531,0][0.856242,0.700537,-1.43503][-0.264057,-0.273111,-0.925032][0.20117,0.442396,0][0.856242,0.700537,-1.43503][-0.264057,-0.273111,-0.925032][0.20117,0.442396,0][0.981292,0.592625,-1.47349][-0.543115,-0.0575677,-0.837682][0.222647,0.420405,0][0.981492,0.581263,-1.44123][-0.64909,-0.161477,-0.743376][0.214681,0.416396,0][0,0.350529,-1.52392][0,0.864556,-0.502536][0.009574,0.366825,0][0.128189,0.320607,-1.53215][0.305156,0.779929,-0.546434][0.041448,0.365299,0][0.128251,0.331949,-1.56442][0.37117,0.842325,-0.390795][0.041433,0.360049,0][0.128251,0.331949,-1.56442][0.37117,0.842325,-0.390795][0.041433,0.360049,0][0,0.36186,-1.55619][0,0.926838,-0.375461][0.008425,0.361803,0][0,0.350529,-1.52392][0,0.864556,-0.502536][0.009574,0.366825,0][0.266123,0.722682,-1.39226][-0.0245641,-0.439513,-0.8979][0.076005,0.453609,0][0.128587,0.724155,-1.39039][-0.00133513,-0.431814,-0.901962][0.040296,0.4546,0][0.128655,0.735512,-1.42265][8.70441e-006,-0.432553,-0.901609][0.041733,0.459407,0][0.128655,0.735512,-1.42265][8.70441e-006,-0.432553,-0.901609][0.041733,0.459407,0][0.266114,0.734022,-1.42453][-0.0245129,-0.41812,-0.908061][0.077419,0.458268,0][0.266123,0.722682,-1.39226][-0.0245641,-0.439513,-0.8979][0.076005,0.453609,0][0.128655,0.735512,-1.42265][8.70441e-006,-0.432553,-0.901609][0.041733,0.459407,0][0.128587,0.724155,-1.39039][-0.00133513,-0.431814,-0.901962][0.040296,0.4546,0][0,0.724118,-1.39232][0,-0.434558,-0.900644][0.010033,0.455703,0][0,0.724118,-1.39232][0,-0.434558,-0.900644][0.010033,0.455703,0][0,0.735477,-1.42458][0,-0.433131,-0.901331][0.008145,0.460675,0][0.128655,0.735512,-1.42265][8.70441e-006,-0.432553,-0.901609][0.041733,0.459407,0][0.389527,0.716454,-1.39351][-0.00954839,-0.423611,-0.905794][0.115322,0.45364,0][0.266123,0.722682,-1.39226][-0.0245641,-0.439513,-0.8979][0.076005,0.453609,0][0.266114,0.734022,-1.42453][-0.0245129,-0.41812,-0.908061][0.077419,0.458268,0][0.266114,0.734022,-1.42453][-0.0245129,-0.41812,-0.908061][0.077419,0.458268,0][0.389759,0.727732,-1.4258][-0.0105376,-0.44072,-0.897583][0.114865,0.458304,0][0.389527,0.716454,-1.39351][-0.00954839,-0.423611,-0.905794][0.115322,0.45364,0][0.260974,0.199493,-1.57653][0.45637,0.75912,-0.46418][0.082242,0.352542,0][0.37271,0.126389,-1.60383][0.283371,0.878938,-0.383627][0.119868,0.334177,0][0.372819,0.137967,-1.63602][0.238956,0.824121,-0.513542][0.11742,0.325918,0][0.372819,0.137967,-1.63602][0.238956,0.824121,-0.513542][0.11742,0.325918,0][0.260809,0.210916,-1.60877][0.429076,0.743623,-0.512756][0.081974,0.344359,0][0.260974,0.199493,-1.57653][0.45637,0.75912,-0.46418][0.082242,0.352542,0][1.71268,-0.271162,0.110247][0.998733,-0.0175583,0.0471516][0.587322,0.445951,0][1.73474,0.134945,0.072692][0.881876,0.336919,0.329819][0.564613,0.535613,0][1.81853,0.170618,0.439895][0.919934,0.349482,0.177718][0.606115,0.594794,0][1.81853,0.170618,0.439895][0.919934,0.349482,0.177718][0.606115,0.594794,0][1.98399,-0.333449,0.460282][0.97678,-0.0353848,0.211303][0.629794,0.519033,0][1.71268,-0.271162,0.110247][0.998733,-0.0175583,0.0471516][0.587322,0.445951,0][1.42644,-0.462104,0.77396][0.72271,-0.160171,0.672335][0.684157,0.557707,0][1.4158,-0.158873,0.786299][0.573748,0.105832,0.812166][0.668465,0.610843,0][1.00409,-0.231317,1.17344][0.591487,0.083489,0.80198][0.727812,0.650928,0][1.00409,-0.231317,1.17344][0.591487,0.083489,0.80198][0.727812,0.650928,0][1.21786,-0.57315,1.36064][0.576086,0.0468157,0.816047][0.760571,0.5926,0][1.42644,-0.462104,0.77396][0.72271,-0.160171,0.672335][0.684157,0.557707,0][1.98399,-0.333449,0.460282][0.97678,-0.0353848,0.211303][0.629794,0.519033,0][1.81853,0.170618,0.439895][0.919934,0.349482,0.177718][0.606115,0.594794,0][1.4158,-0.158873,0.786299][0.573748,0.105832,0.812166][0.668465,0.610843,0][1.4158,-0.158873,0.786299][0.573748,0.105832,0.812166][0.668465,0.610843,0][1.42644,-0.462104,0.77396][0.72271,-0.160171,0.672335][0.684157,0.557707,0][1.98399,-0.333449,0.460282][0.97678,-0.0353848,0.211303][0.629794,0.519033,0][1.19337,0.840099,0.686055][0.465424,0.811044,0.354383][0.541271,0.814501,0][0.892079,0.529242,0.969374][0.453497,0.587143,0.670525][0.634785,0.765001,0][1.15522,0.186647,0.848265][0.740142,0.2547,0.622349][0.640926,0.69218,0][1.15522,0.186647,0.848265][0.740142,0.2547,0.622349][0.640926,0.69218,0][1.62634,0.555128,0.594218][0.742322,0.599702,0.298858][0.581754,0.677534,0][1.19337,0.840099,0.686055][0.465424,0.811044,0.354383][0.541271,0.814501,0][1.24204,-1.02496,0.634421][0.744665,-0.334374,0.57764][0.758884,0.432211,0][1.17512,-1.21901,1.19673][0.625476,-0.383931,0.679247][0.830031,0.448531,0][1.01409,-1.4187,0.939225][0.506197,-0.742893,0.438034][0.848463,0.357663,0][1.01409,-1.4187,0.939225][0.506197,-0.742893,0.438034][0.848463,0.357663,0][1.12993,-1.3159,0.587664][0.724751,-0.56442,0.395177][0.791178,0.331771,0][1.24204,-1.02496,0.634421][0.744665,-0.334374,0.57764][0.758884,0.432211,0][1.24204,-1.02496,0.634421][0.744665,-0.334374,0.57764][0.758884,0.432211,0][1.12993,-1.3159,0.587664][0.724751,-0.56442,0.395177][0.791178,0.331771,0][1.70029,-1.21269,0.335161][0.742392,-0.65055,0.160123][0.703556,0.337497,0][1.70029,-1.21269,0.335161][0.742392,-0.65055,0.160123][0.703556,0.337497,0][1.87412,-0.926884,0.352883][0.92859,-0.323617,0.18164][0.687478,0.392318,0][1.24204,-1.02496,0.634421][0.744665,-0.334374,0.57764][0.758884,0.432211,0][1.41044,0.420485,0.152438][0.650908,0.755653,0.0728557][0.51735,0.678138,0][1.0127,0.753772,0.228332][0.560161,0.791571,0.244204][0.43306,0.822595,0][1.19337,0.840099,0.686055][0.465424,0.811044,0.354383][0.541271,0.814501,0][1.19337,0.840099,0.686055][0.465424,0.811044,0.354383][0.541271,0.814501,0][1.62634,0.555128,0.594218][0.742322,0.599702,0.298858][0.581754,0.677534,0][1.41044,0.420485,0.152438][0.650908,0.755653,0.0728557][0.51735,0.678138,0][1.2798,-0.771504,-0.579091][0.698624,-0.126439,-0.704229][0.507874,0.138327,0][1.85239,-0.67705,-0.446115][0.836817,-0.144035,-0.528197][0.542509,0.245271,0][1.60215,-1.05396,-0.315528][0.638023,-0.75667,-0.142746][0.56921,0.146965,0][1.60215,-1.05396,-0.315528][0.638023,-0.75667,-0.142746][0.56921,0.146965,0][1.25469,-1.09371,-0.514974][0.418451,-0.892263,-0.169603][0.52892,0.059315,0][1.2798,-0.771504,-0.579091][0.698624,-0.126439,-0.704229][0.507874,0.138327,0][1.15522,0.186647,0.848265][0.740142,0.2547,0.622349][0.640926,0.69218,0][0.892079,0.529242,0.969374][0.453497,0.587143,0.670525][0.634785,0.765001,0][1.23646,0.153304,1.34037][0.789663,0.0935882,0.606361][0.685375,0.731903,0][1.60215,-1.05396,-0.315528][0.638023,-0.75667,-0.142746][0.56921,0.146965,0][1.85239,-0.67705,-0.446115][0.836817,-0.144035,-0.528197][0.542509,0.245271,0][1.55391,-0.849633,-0.078841][0.874066,-0.484259,-0.0387439][0.631328,0.301374,0][1.55391,-0.849633,-0.078841][0.874066,-0.484259,-0.0387439][0.631328,0.301374,0][1.31513,-1.16281,-0.105955][0.343966,-0.787193,-0.511874][0.650456,0.229211,0][1.60215,-1.05396,-0.315528][0.638023,-0.75667,-0.142746][0.56921,0.146965,0][1.18965,1.13327,-0.128517][0.57067,0.784036,0.244176][0.322091,0.817831,0][1.41304,0.655262,-0.161998][0.608799,0.615846,0.500098][0.460067,0.682173,0][1.35759,0.846057,-0.500795][0.461598,0.831233,0.309804][0.397913,0.692604,0][1.35759,0.846057,-0.500795][0.461598,0.831233,0.309804][0.397913,0.692604,0][0.939936,1.08747,-0.514596][0.418592,0.907244,0.0410949][0.269388,0.76039,0][1.18965,1.13327,-0.128517][0.57067,0.784036,0.244176][0.322091,0.817831,0][1.08789,-0.905032,1.21451][0.53103,-0.286526,0.797439][0.789729,0.537264,0][1.17512,-1.21901,1.19673][0.625476,-0.383931,0.679247][0.830031,0.448531,0][1.24204,-1.02496,0.634421][0.744665,-0.334374,0.57764][0.758884,0.432211,0][1.24204,-1.02496,0.634421][0.744665,-0.334374,0.57764][0.758884,0.432211,0][1.3635,-0.675396,0.689348][0.711861,-0.3704,0.596706][0.720806,0.501105,0][1.08789,-0.905032,1.21451][0.53103,-0.286526,0.797439][0.789729,0.537264,0][1.87412,-0.926884,0.352883][0.92859,-0.323617,0.18164][0.687478,0.392318,0][1.89778,-0.582141,0.378434][0.968626,-0.209425,0.133807][0.66031,0.454471,0][1.3635,-0.675396,0.689348][0.711861,-0.3704,0.596706][0.720806,0.501105,0][1.3635,-0.675396,0.689348][0.711861,-0.3704,0.596706][0.720806,0.501105,0][1.24204,-1.02496,0.634421][0.744665,-0.334374,0.57764][0.758884,0.432211,0][1.87412,-0.926884,0.352883][0.92859,-0.323617,0.18164][0.687478,0.392318,0][1.68152,-0.589255,0.018532][0.956733,-0.282238,-0.0707419][0.614947,0.370347,0][1.89778,-0.582141,0.378434][0.968626,-0.209425,0.133807][0.66031,0.454471,0][1.87412,-0.926884,0.352883][0.92859,-0.323617,0.18164][0.687478,0.392318,0][1.87412,-0.926884,0.352883][0.92859,-0.323617,0.18164][0.687478,0.392318,0][1.55391,-0.849633,-0.078841][0.874066,-0.484259,-0.0387439][0.631328,0.301374,0][1.68152,-0.589255,0.018532][0.956733,-0.282238,-0.0707419][0.614947,0.370347,0][1.05849,-0.837217,-0.971402][0.353866,-0.421042,-0.835166][0.423634,0.144366,0][1.13314,-0.658581,-0.845365][0.837998,-0.0660156,-0.541665][0.441836,0.183624,0][1.188,-0.880548,-0.738083][0.888777,-0.0710331,-0.452802][0.473562,0.112129,0][1.188,-0.880548,-0.738083][0.888777,-0.0710331,-0.452802][0.473562,0.112129,0][1.12224,-0.970689,-0.846691][0.456977,-0.401872,-0.793518][0.437906,0.092905,0][1.05849,-0.837217,-0.971402][0.353866,-0.421042,-0.835166][0.423634,0.144366,0][1.25896,-0.435216,-0.055548][-0.985364,-0.115941,-0.124963][0.792842,0.11798,0][1.19275,-0.46708,0.272983][-0.900861,-0.0325784,-0.432883][0.81933,0.105616,0][1.16054,-0.198193,0.282982][-0.840897,-0.360397,-0.40374][0.808189,0.092358,0][1.16054,-0.198193,0.282982][-0.840897,-0.360397,-0.40374][0.808189,0.092358,0][1.19146,-0.163477,-0.036557][-0.906731,-0.412239,-0.0888753][0.783389,0.100677,0][1.25896,-0.435216,-0.055548][-0.985364,-0.115941,-0.124963][0.792842,0.11798,0][1.19275,-0.46708,0.272983][-0.900861,-0.0325784,-0.432883][0.81933,0.105616,0][0.94224,-0.57487,0.575261][-0.710273,-0.0230907,-0.703547][0.85163,0.088427,0][0.923922,-0.2796,0.571115][-0.638229,-0.259053,-0.724951][0.835653,0.07794,0][0.923922,-0.2796,0.571115][-0.638229,-0.259053,-0.724951][0.835653,0.07794,0][1.16054,-0.198193,0.282982][-0.840897,-0.360397,-0.40374][0.808189,0.092358,0][1.19275,-0.46708,0.272983][-0.900861,-0.0325784,-0.432883][0.81933,0.105616,0][1.16958,-1.13415,0.211542][-0.901009,0.0961279,-0.423016][0.854704,0.146886,0][0.923832,-1.2662,0.547689][-0.741493,0.119056,-0.660314][0.893932,0.114939,0][0.946349,-0.926723,0.563216][-0.716062,0.0658504,-0.694924][0.871596,0.102296,0][0.946349,-0.926723,0.563216][-0.716062,0.0658504,-0.694924][0.871596,0.102296,0][1.19189,-0.824739,0.248394][-0.908055,0.0656602,-0.413672][0.836965,0.126214,0][1.16958,-1.13415,0.211542][-0.901009,0.0961279,-0.423016][0.854704,0.146886,0][1.28141,-0.436311,-0.293014][-0.987565,-0.143959,0.0631806][0.773475,0.125141,0][1.20206,-0.181272,-0.337191][-0.912739,-0.391015,0.118385][0.75968,0.108858,0][1.11966,-0.21927,-0.676706][-0.908983,-0.348038,0.229389][0.728551,0.11565,0][1.11966,-0.21927,-0.676706][-0.908983,-0.348038,0.229389][0.728551,0.11565,0][1.1895,-0.476669,-0.709888][-0.932808,-0.0892558,0.349147][0.735133,0.133623,0][1.28141,-0.436311,-0.293014][-0.987565,-0.143959,0.0631806][0.773475,0.125141,0][1.1895,-0.476669,-0.709888][-0.932808,-0.0892558,0.349147][0.735133,0.133623,0][1.02741,-0.185207,-0.972108][-0.852521,-0.240379,0.464141][0.695889,0.117348,0][0.942331,-0.524189,-1.09737][-0.920222,-0.375703,-0.10972][0.684749,0.144142,0][0.942331,-0.524189,-1.09737][-0.920222,-0.375703,-0.10972][0.684749,0.144142,0][1.03844,-0.836836,-0.964183][-0.847888,-0.460463,-0.262793][0.716975,0.15622,0][1.1895,-0.476669,-0.709888][-0.932808,-0.0892558,0.349147][0.735133,0.133623,0][1.11966,-0.21927,-0.676706][-0.908983,-0.348038,0.229389][0.728551,0.11565,0][1.02874,-0.0836899,-0.824525][-0.89364,-0.392409,0.217768][0.708888,0.107942,0][1.02741,-0.185207,-0.972108][-0.852521,-0.240379,0.464141][0.695889,0.117348,0][1.02741,-0.185207,-0.972108][-0.852521,-0.240379,0.464141][0.695889,0.117348,0][1.1895,-0.476669,-0.709888][-0.932808,-0.0892558,0.349147][0.735133,0.133623,0][1.11966,-0.21927,-0.676706][-0.908983,-0.348038,0.229389][0.728551,0.11565,0][1.02874,-0.0836899,-0.824525][-0.89364,-0.392409,0.217768][0.708888,0.107942,0][1.11966,-0.21927,-0.676706][-0.908983,-0.348038,0.229389][0.728551,0.11565,0][0.95369,0.139157,-0.659895][-0.76295,-0.625451,0.163457][0.717932,0.090117,0][0.95369,0.139157,-0.659895][-0.76295,-0.625451,0.163457][0.717932,0.090117,0][0.936315,0.0590501,-0.925231][-0.738391,-0.542037,0.401217][0.694558,0.097908,0][1.02874,-0.0836899,-0.824525][-0.89364,-0.392409,0.217768][0.708888,0.107942,0][1.02741,-0.185207,-0.972108][-0.852521,-0.240379,0.464141][0.695889,0.117348,0][1.02874,-0.0836899,-0.824525][-0.89364,-0.392409,0.217768][0.708888,0.107942,0][0.936315,0.0590501,-0.925231][-0.738391,-0.542037,0.401217][0.694558,0.097908,0][0.936315,0.0590501,-0.925231][-0.738391,-0.542037,0.401217][0.694558,0.097908,0][0.856346,-0.0625849,-1.10231][-0.695164,-0.424239,0.580318][0.673386,0.106314,0][1.02741,-0.185207,-0.972108][-0.852521,-0.240379,0.464141][0.695889,0.117348,0][0.876608,-0.34589,-1.22911][-0.814561,-0.576653,-0.0629454][0.660126,0.135807,0][1.02741,-0.185207,-0.972108][-0.852521,-0.240379,0.464141][0.695889,0.117348,0][0.856346,-0.0625849,-1.10231][-0.695164,-0.424239,0.580318][0.673386,0.106314,0][0.856346,-0.0625849,-1.10231][-0.695164,-0.424239,0.580318][0.673386,0.106314,0][0.765505,-0.214299,-1.32599][-0.673396,-0.736979,0.0583076][0.642032,0.121473,0][0.876608,-0.34589,-1.22911][-0.814561,-0.576653,-0.0629454][0.660126,0.135807,0][1.21179,-1.03167,-0.53836][-0.959457,0.0585371,0.275708][0.775978,0.173203,0][1.20466,-0.829094,-0.60967][-0.950082,0.0495009,0.308049][0.758934,0.157027,0][1.10186,-0.970084,-0.840442][-0.872653,-0.429673,-0.232074][0.738201,0.164327,0][1.10186,-0.970084,-0.840442][-0.872653,-0.429673,-0.232074][0.738201,0.164327,0][1.13298,-1.14637,-0.753339][-0.690893,-0.673015,-0.264041][0.757732,0.168126,0][1.21179,-1.03167,-0.53836][-0.959457,0.0585371,0.275708][0.775978,0.173203,0][1.24183,-1.03249,-0.096261][-0.976437,-0.0865476,-0.197687][0.822203,0.169557,0][1.26036,-0.737236,-0.072005][-0.990039,0.0393338,-0.135185][0.806181,0.139972,0][1.27552,-0.743434,-0.299254][-0.99693,0.0339243,0.070566][0.786112,0.149009,0][1.27552,-0.743434,-0.299254][-0.99693,0.0339243,0.070566][0.786112,0.149009,0][1.2633,-1.00096,-0.308984][-0.96519,-0.2484,0.0818938][0.798492,0.178682,0][1.24183,-1.03249,-0.096261][-0.976437,-0.0865476,-0.197687][0.822203,0.169557,0][1.25896,-0.435216,-0.055548][-0.985364,-0.115941,-0.124963][0.792842,0.11798,0][1.19146,-0.163477,-0.036557][-0.906731,-0.412239,-0.0888753][0.783389,0.100677,0][1.20206,-0.181272,-0.337191][-0.912739,-0.391015,0.118385][0.75968,0.108858,0][1.20206,-0.181272,-0.337191][-0.912739,-0.391015,0.118385][0.75968,0.108858,0][1.28141,-0.436311,-0.293014][-0.987565,-0.143959,0.0631806][0.773475,0.125141,0][1.25896,-0.435216,-0.055548][-0.985364,-0.115941,-0.124963][0.792842,0.11798,0][1.19189,-0.824739,0.248394][-0.908055,0.0656602,-0.413672][0.836965,0.126214,0][0.946349,-0.926723,0.563216][-0.716062,0.0658504,-0.694924][0.871596,0.102296,0][0.94224,-0.57487,0.575261][-0.710273,-0.0230907,-0.703547][0.85163,0.088427,0][0.94224,-0.57487,0.575261][-0.710273,-0.0230907,-0.703547][0.85163,0.088427,0][1.19275,-0.46708,0.272983][-0.900861,-0.0325784,-0.432883][0.81933,0.105616,0][1.19189,-0.824739,0.248394][-0.908055,0.0656602,-0.413672][0.836965,0.126214,0][1.26036,-0.737236,-0.072005][-0.990039,0.0393338,-0.135185][0.806181,0.139972,0][1.19189,-0.824739,0.248394][-0.908055,0.0656602,-0.413672][0.836965,0.126214,0][1.19275,-0.46708,0.272983][-0.900861,-0.0325784,-0.432883][0.81933,0.105616,0][1.19275,-0.46708,0.272983][-0.900861,-0.0325784,-0.432883][0.81933,0.105616,0][1.25896,-0.435216,-0.055548][-0.985364,-0.115941,-0.124963][0.792842,0.11798,0][1.26036,-0.737236,-0.072005][-0.990039,0.0393338,-0.135185][0.806181,0.139972,0][1.26036,-0.737236,-0.072005][-0.990039,0.0393338,-0.135185][0.806181,0.139972,0][1.25896,-0.435216,-0.055548][-0.985364,-0.115941,-0.124963][0.792842,0.11798,0][1.28141,-0.436311,-0.293014][-0.987565,-0.143959,0.0631806][0.773475,0.125141,0][1.28141,-0.436311,-0.293014][-0.987565,-0.143959,0.0631806][0.773475,0.125141,0][1.27552,-0.743434,-0.299254][-0.99693,0.0339243,0.070566][0.786112,0.149009,0][1.26036,-0.737236,-0.072005][-0.990039,0.0393338,-0.135185][0.806181,0.139972,0][1.27552,-0.743434,-0.299254][-0.99693,0.0339243,0.070566][0.786112,0.149009,0][1.28141,-0.436311,-0.293014][-0.987565,-0.143959,0.0631806][0.773475,0.125141,0][1.1895,-0.476669,-0.709888][-0.932808,-0.0892558,0.349147][0.735133,0.133623,0][1.1895,-0.476669,-0.709888][-0.932808,-0.0892558,0.349147][0.735133,0.133623,0][1.20466,-0.829094,-0.60967][-0.950082,0.0495009,0.308049][0.758934,0.157027,0][1.27552,-0.743434,-0.299254][-0.99693,0.0339243,0.070566][0.786112,0.149009,0][1.20466,-0.829094,-0.60967][-0.950082,0.0495009,0.308049][0.758934,0.157027,0][1.1895,-0.476669,-0.709888][-0.932808,-0.0892558,0.349147][0.735133,0.133623,0][1.03844,-0.836836,-0.964183][-0.847888,-0.460463,-0.262793][0.716975,0.15622,0][1.03844,-0.836836,-0.964183][-0.847888,-0.460463,-0.262793][0.716975,0.15622,0][1.10186,-0.970084,-0.840442][-0.872653,-0.429673,-0.232074][0.738201,0.164327,0][1.20466,-0.829094,-0.60967][-0.950082,0.0495009,0.308049][0.758934,0.157027,0][0.639139,-1.75745,0.676035][0.200058,-0.957942,0.205726][0.863978,0.231269,0][0.628268,-1.75195,0.659724][-0.351836,-0.515058,-0.781618][0.864786,0.225311,0][0.849722,-1.6905,0.497558][-0.468607,-0.520383,-0.713869][0.8136,0.233783,0][0.849722,-1.6905,0.497558][-0.468607,-0.520383,-0.713869][0.8136,0.233783,0][0.86654,-1.69514,0.50874][0.392988,-0.919145,-0.027062][0.812658,0.239513,0][0.639139,-1.75745,0.676035][0.200058,-0.957942,0.205726][0.863978,0.231269,0][1.1306,-1.54336,0.163857][-0.448032,-0.499689,-0.741335][0.733236,0.257378,0][1.15033,-1.54722,0.170842][0.389737,-0.874462,-0.288826][0.73379,0.263858,0][0.86654,-1.69514,0.50874][0.392988,-0.919145,-0.027062][0.812658,0.239513,0][0.86654,-1.69514,0.50874][0.392988,-0.919145,-0.027062][0.812658,0.239513,0][0.849722,-1.6905,0.497558][-0.468607,-0.520383,-0.713869][0.8136,0.233783,0][1.1306,-1.54336,0.163857][-0.448032,-0.499689,-0.741335][0.733236,0.257378,0][0.960633,-0.523888,-1.10752][0.2978,-0.411006,-0.86162][0.368381,0.197316,0][1.05849,-0.837217,-0.971402][0.353866,-0.421042,-0.835166][0.423634,0.144366,0][1.03844,-0.836836,-0.964183][-0.847888,-0.460463,-0.262793][0.422332,0.140173,0][1.03844,-0.836836,-0.964183][-0.847888,-0.460463,-0.262793][0.422332,0.140173,0][0.942331,-0.524189,-1.09737][-0.920222,-0.375703,-0.10972][0.367455,0.193246,0][0.960633,-0.523888,-1.10752][0.2978,-0.411006,-0.86162][0.368381,0.197316,0][1.15347,-1.14395,-0.758857][0.458753,-0.635294,-0.621247][0.468736,0.034874,0][1.13298,-1.14637,-0.753339][-0.690893,-0.673015,-0.264041][0.466177,0.030529,0][1.10186,-0.970084,-0.840442][-0.872653,-0.429673,-0.232074][0.434965,0.089603,0][1.10186,-0.970084,-0.840442][-0.872653,-0.429673,-0.232074][0.434965,0.089603,0][1.12224,-0.970689,-0.846691][0.456977,-0.401872,-0.793518][0.437906,0.092905,0][1.15347,-1.14395,-0.758857][0.458753,-0.635294,-0.621247][0.468736,0.034874,0][1.05849,-0.837217,-0.971402][0.353866,-0.421042,-0.835166][0.423634,0.144366,0][1.12224,-0.970689,-0.846691][0.456977,-0.401872,-0.793518][0.437906,0.092905,0][1.10186,-0.970084,-0.840442][-0.872653,-0.429673,-0.232074][0.434965,0.089603,0][1.10186,-0.970084,-0.840442][-0.872653,-0.429673,-0.232074][0.434965,0.089603,0][1.03844,-0.836836,-0.964183][-0.847888,-0.460463,-0.262793][0.422332,0.140173,0][1.05849,-0.837217,-0.971402][0.353866,-0.421042,-0.835166][0.423634,0.144366,0][1.1306,-1.54336,0.163857][-0.448032,-0.499689,-0.741335][0.882568,0.16746,0][0.849722,-1.6905,0.497558][-0.468607,-0.520383,-0.713869][0.928315,0.130607,0][0.923832,-1.2662,0.547689][-0.741493,0.119056,-0.660314][0.893932,0.114939,0][0.923832,-1.2662,0.547689][-0.741493,0.119056,-0.660314][0.893932,0.114939,0][1.16958,-1.13415,0.211542][-0.901009,0.0961279,-0.423016][0.854704,0.146886,0][1.1306,-1.54336,0.163857][-0.448032,-0.499689,-0.741335][0.882568,0.16746,0][1.01409,-1.4187,0.939225][0.506197,-0.742893,0.438034][0.848463,0.357663,0][0.639139,-1.75745,0.676035][0.200058,-0.957942,0.205726][0.863978,0.231269,0][0.86654,-1.69514,0.50874][0.392988,-0.919145,-0.027062][0.812658,0.239513,0][0.86654,-1.69514,0.50874][0.392988,-0.919145,-0.027062][0.812658,0.239513,0][1.12993,-1.3159,0.587664][0.724751,-0.56442,0.395177][0.791178,0.331771,0][1.01409,-1.4187,0.939225][0.506197,-0.742893,0.438034][0.848463,0.357663,0][1.12993,-1.3159,0.587664][0.724751,-0.56442,0.395177][0.791178,0.331771,0][0.86654,-1.69514,0.50874][0.392988,-0.919145,-0.027062][0.812658,0.239513,0][1.15033,-1.54722,0.170842][0.389737,-0.874462,-0.288826][0.73379,0.263858,0][1.15033,-1.54722,0.170842][0.389737,-0.874462,-0.288826][0.73379,0.263858,0][1.70029,-1.21269,0.335161][0.742392,-0.65055,0.160123][0.703556,0.337497,0][1.12993,-1.3159,0.587664][0.724751,-0.56442,0.395177][0.791178,0.331771,0][1.19189,-0.824739,0.248394][-0.908055,0.0656602,-0.413672][0.836965,0.126214,0][1.26036,-0.737236,-0.072005][-0.990039,0.0393338,-0.135185][0.806181,0.139972,0][1.24183,-1.03249,-0.096261][-0.976437,-0.0865476,-0.197687][0.822203,0.169557,0][1.24183,-1.03249,-0.096261][-0.976437,-0.0865476,-0.197687][0.822203,0.169557,0][1.16958,-1.13415,0.211542][-0.901009,0.0961279,-0.423016][0.854704,0.146886,0][1.19189,-0.824739,0.248394][-0.908055,0.0656602,-0.413672][0.836965,0.126214,0][1.68152,-0.589255,0.018532][0.956733,-0.282238,-0.0707419][0.614947,0.370347,0][1.85239,-0.67705,-0.446115][0.836817,-0.144035,-0.528197][0.542509,0.245271,0][1.89334,-0.291149,-0.082864][0.999958,0.00562051,0.0072679][0.554143,0.349022,0][1.89334,-0.291149,-0.082864][0.999958,0.00562051,0.0072679][0.554143,0.349022,0][1.71268,-0.271162,0.110247][0.998733,-0.0175583,0.0471516][0.587322,0.445951,0][1.68152,-0.589255,0.018532][0.956733,-0.282238,-0.0707419][0.614947,0.370347,0][1.55391,-0.849633,-0.078841][0.874066,-0.484259,-0.0387439][0.631328,0.301374,0][1.85239,-0.67705,-0.446115][0.836817,-0.144035,-0.528197][0.542509,0.245271,0][1.68152,-0.589255,0.018532][0.956733,-0.282238,-0.0707419][0.614947,0.370347,0][1.27636,-1.16523,-0.104191][-0.603024,-0.5266,-0.599211][0.831439,0.187067,0][1.1306,-1.54336,0.163857][-0.448032,-0.499689,-0.741335][0.882568,0.16746,0][1.16958,-1.13415,0.211542][-0.901009,0.0961279,-0.423016][0.854704,0.146886,0][1.16958,-1.13415,0.211542][-0.901009,0.0961279,-0.423016][0.854704,0.146886,0][1.24183,-1.03249,-0.096261][-0.976437,-0.0865476,-0.197687][0.822203,0.169557,0][1.27636,-1.16523,-0.104191][-0.603024,-0.5266,-0.599211][0.831439,0.187067,0][1.188,-0.880548,-0.738083][0.888777,-0.0710331,-0.452802][0.473562,0.112129,0][1.19064,-1.15978,-0.649947][0.610829,-0.790104,-0.0512171][0.490741,0.027363,0][1.15347,-1.14395,-0.758857][0.458753,-0.635294,-0.621247][0.468736,0.034874,0][1.15347,-1.14395,-0.758857][0.458753,-0.635294,-0.621247][0.468736,0.034874,0][1.12224,-0.970689,-0.846691][0.456977,-0.401872,-0.793518][0.437906,0.092905,0][1.188,-0.880548,-0.738083][0.888777,-0.0710331,-0.452802][0.473562,0.112129,0][1.70029,-1.21269,0.335161][0.742392,-0.65055,0.160123][0.703556,0.337497,0][1.31513,-1.16281,-0.105955][0.343966,-0.787193,-0.511874][0.650456,0.229211,0][1.55391,-0.849633,-0.078841][0.874066,-0.484259,-0.0387439][0.631328,0.301374,0][1.55391,-0.849633,-0.078841][0.874066,-0.484259,-0.0387439][0.631328,0.301374,0][1.87412,-0.926884,0.352883][0.92859,-0.323617,0.18164][0.687478,0.392318,0][1.70029,-1.21269,0.335161][0.742392,-0.65055,0.160123][0.703556,0.337497,0][0.458272,-0.679271,0.89788][-0.386476,0.00495019,-0.922286][0.89608,0.053371,0][0.241945,-0.697374,0.976124][-0.227032,-0.00593167,-0.973869][0.912847,0.037958,0][0.260376,-0.315668,0.935036][-0.190398,-0.215413,-0.957782][0.886295,0.036967,0][0.260376,-0.315668,0.935036][-0.190398,-0.215413,-0.957782][0.886295,0.036967,0][0.457665,-0.300753,0.878085][-0.354704,-0.189934,-0.915484][0.871946,0.048347,0][0.458272,-0.679271,0.89788][-0.386476,0.00495019,-0.922286][0.89608,0.053371,0][0.457665,-0.300753,0.878085][-0.354704,-0.189934,-0.915484][0.871946,0.048347,0][0.260376,-0.315668,0.935036][-0.190398,-0.215413,-0.957782][0.886295,0.036967,0][0.274102,0.0891281,0.772183][-0.140588,-0.579175,-0.802989][0.849318,0.036283,0][0.274102,0.0891281,0.772183][-0.140588,-0.579175,-0.802989][0.849318,0.036283,0][0.534045,0.0711781,0.735242][-0.387729,-0.513548,-0.765464][0.838481,0.049089,0][0.457665,-0.300753,0.878085][-0.354704,-0.189934,-0.915484][0.871946,0.048347,0][0.296853,0.406977,0.387765][-0.119384,-0.903759,-0.411056][0.798145,0.037375,0][0.578783,0.362062,0.361457][-0.41403,-0.8318,-0.369713][0.796099,0.051003,0][0.534045,0.0711781,0.735242][-0.387729,-0.513548,-0.765464][0.838481,0.049089,0][0.534045,0.0711781,0.735242][-0.387729,-0.513548,-0.765464][0.838481,0.049089,0][0.274102,0.0891281,0.772183][-0.140588,-0.579175,-0.802989][0.849318,0.036283,0][0.296853,0.406977,0.387765][-0.119384,-0.903759,-0.411056][0.798145,0.037375,0][0.31206,0.45711,0.086635][-0.126878,-0.987382,-0.0947565][0.767249,0.039251,0][0.604064,0.3934,0.072311][-0.408807,-0.906126,-0.10868][0.770815,0.054824,0][0.578783,0.362062,0.361457][-0.41403,-0.8318,-0.369713][0.796099,0.051003,0][0.578783,0.362062,0.361457][-0.41403,-0.8318,-0.369713][0.796099,0.051003,0][0.296853,0.406977,0.387765][-0.119384,-0.903759,-0.411056][0.798145,0.037375,0][0.31206,0.45711,0.086635][-0.126878,-0.987382,-0.0947565][0.767249,0.039251,0][0.314983,0.472203,-0.406542][-0.138294,-0.990321,-0.0118304][0.717327,0.041778,0][0.61815,0.406554,-0.406076][-0.400039,-0.916497,-0.00127401][0.727162,0.060163,0][0.604064,0.3934,0.072311][-0.408807,-0.906126,-0.10868][0.770815,0.054824,0][0.604064,0.3934,0.072311][-0.408807,-0.906126,-0.10868][0.770815,0.054824,0][0.31206,0.45711,0.086635][-0.126878,-0.987382,-0.0947565][0.767249,0.039251,0][0.314983,0.472203,-0.406542][-0.138294,-0.990321,-0.0118304][0.717327,0.041778,0][0.628683,0.401244,-0.729475][-0.429256,-0.88331,0.188424][0.698865,0.064324,0][0.61815,0.406554,-0.406076][-0.400039,-0.916497,-0.00127401][0.727162,0.060163,0][0.314983,0.472203,-0.406542][-0.138294,-0.990321,-0.0118304][0.717327,0.041778,0][0.314983,0.472203,-0.406542][-0.138294,-0.990321,-0.0118304][0.717327,0.041778,0][0.310415,0.467976,-0.765393][-0.138841,-0.966332,0.216622][0.682714,0.043566,0][0.628683,0.401244,-0.729475][-0.429256,-0.88331,0.188424][0.698865,0.064324,0][0.613038,0.245718,-1.07596][-0.444671,-0.761019,0.472354][0.667686,0.072886,0][0.628683,0.401244,-0.729475][-0.429256,-0.88331,0.188424][0.698865,0.064324,0][0.310415,0.467976,-0.765393][-0.138841,-0.966332,0.216622][0.682714,0.043566,0][0.310415,0.467976,-0.765393][-0.138841,-0.966332,0.216622][0.682714,0.043566,0][0.302,0.304698,-1.14061][-0.210394,-0.861319,0.462453][0.648132,0.047765,0][0.613038,0.245718,-1.07596][-0.444671,-0.761019,0.472354][0.667686,0.072886,0][0.606151,0.092946,-1.28645][-0.499103,-0.613131,0.612346][0.646356,0.082951,0][0.613038,0.245718,-1.07596][-0.444671,-0.761019,0.472354][0.667686,0.072886,0][0.302,0.304698,-1.14061][-0.210394,-0.861319,0.462453][0.648132,0.047765,0][0.302,0.304698,-1.14061][-0.210394,-0.861319,0.462453][0.648132,0.047765,0][0.282899,0.149017,-1.38103][-0.268315,-0.712756,0.648063][0.626631,0.050727,0][0.606151,0.092946,-1.28645][-0.499103,-0.613131,0.612346][0.646356,0.082951,0][0.592922,-0.107558,-1.43734][-0.365297,-0.901712,0.231243][0.623736,0.099053,0][0.606151,0.092946,-1.28645][-0.499103,-0.613131,0.612346][0.646356,0.082951,0][0.282899,0.149017,-1.38103][-0.268315,-0.712756,0.648063][0.626631,0.050727,0][0.282899,0.149017,-1.38103][-0.268315,-0.712756,0.648063][0.626631,0.050727,0][0.352831,-0.107132,-1.53732][-0.23657,-0.94992,0.204175][0.612659,0.067631,0][0.592922,-0.107558,-1.43734][-0.365297,-0.901712,0.231243][0.623736,0.099053,0][0.60133,-0.10211,-1.45396][0.257577,-0.616082,-0.744377][0.161647,0.24887,0][0.592922,-0.107558,-1.43734][-0.365297,-0.901712,0.231243][0.161757,0.244053,0][0.352831,-0.107132,-1.53732][-0.23657,-0.94992,0.204175][0.113099,0.246023,0][0.352831,-0.107132,-1.53732][-0.23657,-0.94992,0.204175][0.113099,0.246023,0][0.357215,-0.100155,-1.55496][0.13725,-0.622066,-0.770841][0.11348,0.250781,0][0.60133,-0.10211,-1.45396][0.257577,-0.616082,-0.744377][0.161647,0.24887,0][0.612027,-0.01454,-1.46133][0.355032,-0.502809,-0.788122][0.160972,0.270674,0][0.607659,-0.042403,-1.4675][0.457696,-0.0488394,-0.887766][0.161011,0.2637,0][0.35563,0.00535399,-1.56301][0.299951,0.0722818,-0.951212][0.115802,0.276137,0][0.35563,0.00535399,-1.56301][0.299951,0.0722818,-0.951212][0.115802,0.276137,0][0.354536,0.064833,-1.55304][-0.126456,-0.49956,-0.857][0.115385,0.287541,0][0.612027,-0.01454,-1.46133][0.355032,-0.502809,-0.788122][0.160972,0.270674,0][0.569941,0.871644,-1.37358][0.333634,-0.336823,-0.880476][0.162979,0.516021,0][0.6109,0.736538,-1.28105][0.554883,0.620615,-0.554023][0.159159,0.481627,0][0.39128,0.754314,-1.33209][0.204616,0.640259,-0.740406][0.115127,0.480736,0][0.39128,0.754314,-1.33209][0.204616,0.640259,-0.740406][0.115127,0.480736,0][0.252743,0.969368,-1.49081][0.0816198,-0.298234,-0.950997][0.064035,0.530059,0][0.569941,0.871644,-1.37358][0.333634,-0.336823,-0.880476][0.162979,0.516021,0][0.31657,1.48858,-0.166253][0.272703,0.896174,0.350008][0.195677,0.902656,0][0.657171,1.21233,-0.198674][0.37985,0.899208,0.217117][0.26707,0.853964,0][0.606793,1.26587,-0.546874][0.483814,0.868877,0.10477][0.186966,0.802948,0][0.606793,1.26587,-0.546874][0.483814,0.868877,0.10477][0.186966,0.802948,0][0.291337,1.45996,-0.586275][0.318165,0.948031,0.00279441][0.113518,0.830947,0][0.31657,1.48858,-0.166253][0.272703,0.896174,0.350008][0.195677,0.902656,0][0.504575,0.980106,0.696192][0.488,0.811188,0.322225][0.531174,0.861232,0][0.553133,1.07274,0.197296][0.295804,0.887365,0.353671][0.400291,0.872225,0][0.270563,1.13563,0.190958][0.267052,0.902163,0.3388][0.343739,0.929301,0][0.270563,1.13563,0.190958][0.267052,0.902163,0.3388][0.343739,0.929301,0][0.219525,1.2056,0.815357][0.193968,0.900502,0.389195][0.504571,0.926629,0][0.504575,0.980106,0.696192][0.488,0.811188,0.322225][0.531174,0.861232,0][0.504575,0.980106,0.696192][0.488,0.811188,0.322225][0.531174,0.861232,0][0.219525,1.2056,0.815357][0.193968,0.900502,0.389195][0.504571,0.926629,0][0.277855,0.807409,1.11433][0.260308,0.63624,0.726249][0.652753,0.889718,0][0.277855,0.807409,1.11433][0.260308,0.63624,0.726249][0.652753,0.889718,0][0.502886,0.738537,1.03843][0.435221,0.660971,0.61131][0.637738,0.829775,0][0.504575,0.980106,0.696192][0.488,0.811188,0.322225][0.531174,0.861232,0][0.603489,0.188656,1.41881][0.517884,0.284788,0.806655][0.729029,0.782105,0][0.502886,0.738537,1.03843][0.435221,0.660971,0.61131][0.637738,0.829775,0][0.277855,0.807409,1.11433][0.260308,0.63624,0.726249][0.652753,0.889718,0][0.277855,0.807409,1.11433][0.260308,0.63624,0.726249][0.652753,0.889718,0][0.334201,0.316461,1.66547][0.128174,0.363655,0.922673][0.771564,0.843103,0][0.603489,0.188656,1.41881][0.517884,0.284788,0.806655][0.729029,0.782105,0][0.638966,-0.629026,1.33529][0.427522,-0.156494,0.890356][0.828534,0.636793,0][0.636525,-0.229757,1.42125][0.533979,-0.0670756,0.842833][0.789151,0.704361,0][0.359704,-0.207782,1.58821][0.261336,0.0316296,0.964729][0.839078,0.756089,0][0.359704,-0.207782,1.58821][0.261336,0.0316296,0.964729][0.839078,0.756089,0][0.340718,-0.651741,1.66582][0.203065,-0.220543,0.954005][0.891283,0.691462,0][0.638966,-0.629026,1.33529][0.427522,-0.156494,0.890356][0.828534,0.636793,0][0.605652,-1.18659,1.13468][0.353163,-0.487252,0.798662][0.900079,0.462239,0][0.626411,-0.93589,1.25023][0.350987,-0.344382,0.870752][0.85991,0.551896,0][0.317083,-0.97857,1.47045][0.212433,-0.311179,0.926304][0.925378,0.580317,0][0.317083,-0.97857,1.47045][0.212433,-0.311179,0.926304][0.925378,0.580317,0][0.281293,-1.37002,1.43174][0.0868691,-0.585759,0.805817][0.95723,0.465335,0][0.605652,-1.18659,1.13468][0.353163,-0.487252,0.798662][0.900079,0.462239,0][0.605652,-1.18659,1.13468][0.353163,-0.487252,0.798662][0.900079,0.462239,0][0.281293,-1.37002,1.43174][0.0868691,-0.585759,0.805817][0.95723,0.465335,0][0.287682,-1.50247,1.18466][0.17771,-0.77339,0.608512][0.95946,0.364449,0][0.287682,-1.50247,1.18466][0.17771,-0.77339,0.608512][0.95946,0.364449,0][0.552228,-1.46528,0.943561][0.324687,-0.629229,0.706151][0.920217,0.336513,0][0.605652,-1.18659,1.13468][0.353163,-0.487252,0.798662][0.900079,0.462239,0][0.552228,-1.46528,0.943561][0.324687,-0.629229,0.706151][0.920217,0.336513,0][0.287682,-1.50247,1.18466][0.17771,-0.77339,0.608512][0.95946,0.364449,0][0.235886,-1.78312,0.818192][0.102528,-0.959939,0.260779][0.946858,0.223984,0][0.235886,-1.78312,0.818192][0.102528,-0.959939,0.260779][0.946858,0.223984,0][0.439293,-1.77606,0.761515][0.165571,-0.933776,0.317253][0.928393,0.223801,0][0.552228,-1.46528,0.943561][0.324687,-0.629229,0.706151][0.920217,0.336513,0][0.43167,-1.77046,0.744007][-0.260317,-0.485474,-0.834596][0.928435,0.218794,0][0.439293,-1.77606,0.761515][0.165571,-0.933776,0.317253][0.928393,0.223801,0][0.235886,-1.78312,0.818192][0.102528,-0.959939,0.260779][0.946858,0.223984,0][0.235886,-1.78312,0.818192][0.102528,-0.959939,0.260779][0.946858,0.223984,0][0.231675,-1.77746,0.799727][-0.172582,-0.475178,-0.862798][0.945168,0.219257,0][0.43167,-1.77046,0.744007][-0.260317,-0.485474,-0.834596][0.928435,0.218794,0][0.43167,-1.77046,0.744007][-0.260317,-0.485474,-0.834596][0.960641,0.075904,0][0.231675,-1.77746,0.799727][-0.172582,-0.475178,-0.862798][0.967401,0.049765,0][0.237652,-1.40978,0.921319][-0.201658,0.192096,-0.960434][0.950366,0.043871,0][0.237652,-1.40978,0.921319][-0.201658,0.192096,-0.960434][0.950366,0.043871,0][0.454852,-1.38967,0.869763][-0.339811,0.172317,-0.924573][0.936853,0.065287,0][0.43167,-1.77046,0.744007][-0.260317,-0.485474,-0.834596][0.960641,0.075904,0][0.454852,-1.38967,0.869763][-0.339811,0.172317,-0.924573][0.936853,0.065287,0][0.237652,-1.40978,0.921319][-0.201658,0.192096,-0.960434][0.950366,0.043871,0][0.234872,-1.03426,0.944026][-0.228965,0.0651044,-0.971255][0.931424,0.040388,0][0.234872,-1.03426,0.944026][-0.228965,0.0651044,-0.971255][0.931424,0.040388,0][0.456715,-1.02213,0.877497][-0.385381,0.0369396,-0.922018][0.915718,0.059162,0][0.454852,-1.38967,0.869763][-0.339811,0.172317,-0.924573][0.936853,0.065287,0][0.456715,-1.02213,0.877497][-0.385381,0.0369396,-0.922018][0.915718,0.059162,0][0.234872,-1.03426,0.944026][-0.228965,0.0651044,-0.971255][0.931424,0.040388,0][0.241945,-0.697374,0.976124][-0.227032,-0.00593167,-0.973869][0.912847,0.037958,0][0.241945,-0.697374,0.976124][-0.227032,-0.00593167,-0.973869][0.912847,0.037958,0][0.458272,-0.679271,0.89788][-0.386476,0.00495019,-0.922286][0.89608,0.053371,0][0.456715,-1.02213,0.877497][-0.385381,0.0369396,-0.922018][0.915718,0.059162,0][0.765505,-0.214299,-1.32599][-0.673396,-0.736979,0.0583076][0.642032,0.121473,0][0.856346,-0.0625849,-1.10231][-0.695164,-0.424239,0.580318][0.673386,0.106314,0][0.606151,0.092946,-1.28645][-0.499103,-0.613131,0.612346][0.646356,0.082951,0][0.606151,0.092946,-1.28645][-0.499103,-0.613131,0.612346][0.646356,0.082951,0][0.592922,-0.107558,-1.43734][-0.365297,-0.901712,0.231243][0.623736,0.099053,0][0.765505,-0.214299,-1.32599][-0.673396,-0.736979,0.0583076][0.642032,0.121473,0][0.778003,-0.210676,-1.3413][0.234545,-0.528599,-0.815826][0.239624,0.242313,0][0.765505,-0.214299,-1.32599][-0.673396,-0.736979,0.0583076][0.23946,0.237301,0][0.592922,-0.107558,-1.43734][-0.365297,-0.901712,0.231243][0.161757,0.244053,0][0.592922,-0.107558,-1.43734][-0.365297,-0.901712,0.231243][0.161757,0.244053,0][0.60133,-0.10211,-1.45396][0.257577,-0.616082,-0.744377][0.161647,0.24887,0][0.778003,-0.210676,-1.3413][0.234545,-0.528599,-0.815826][0.239624,0.242313,0][0.803625,-0.0962019,-1.33417][0.613109,-0.116171,-0.78141][0.242557,0.265411,0][0.607659,-0.042403,-1.4675][0.457696,-0.0488394,-0.887766][0.161011,0.2637,0][0.612027,-0.01454,-1.46133][0.355032,-0.502809,-0.788122][0.160972,0.270674,0][0.612027,-0.01454,-1.46133][0.355032,-0.502809,-0.788122][0.160972,0.270674,0][0.821311,-0.0171869,-1.33381][0.508447,-0.650616,-0.564075][0.237801,0.285112,0][0.803625,-0.0962019,-1.33417][0.613109,-0.116171,-0.78141][0.242557,0.265411,0][0.839049,0.719824,-1.13909][0.599135,-0.0853033,-0.796091][0.247042,0.490784,0][0.873359,0.640195,-1.14747][0.735831,0.675786,-0.043187][0.239273,0.475095,0][0.6109,0.736538,-1.28105][0.554883,0.620615,-0.554023][0.159159,0.481627,0][0.6109,0.736538,-1.28105][0.554883,0.620615,-0.554023][0.159159,0.481627,0][0.569941,0.871644,-1.37358][0.333634,-0.336823,-0.880476][0.162979,0.516021,0][0.839049,0.719824,-1.13909][0.599135,-0.0853033,-0.796091][0.247042,0.490784,0][0.939936,1.08747,-0.514596][0.418592,0.907244,0.0410949][0.269388,0.76039,0][0.606793,1.26587,-0.546874][0.483814,0.868877,0.10477][0.186966,0.802948,0][0.657171,1.21233,-0.198674][0.37985,0.899208,0.217117][0.26707,0.853964,0][0.657171,1.21233,-0.198674][0.37985,0.899208,0.217117][0.26707,0.853964,0][1.18965,1.13327,-0.128517][0.57067,0.784036,0.244176][0.322091,0.817831,0][0.939936,1.08747,-0.514596][0.418592,0.907244,0.0410949][0.269388,0.76039,0][1.0127,0.753772,0.228332][0.560161,0.791571,0.244204][0.43306,0.822595,0][0.553133,1.07274,0.197296][0.295804,0.887365,0.353671][0.400291,0.872225,0][0.504575,0.980106,0.696192][0.488,0.811188,0.322225][0.531174,0.861232,0][0.504575,0.980106,0.696192][0.488,0.811188,0.322225][0.531174,0.861232,0][1.19337,0.840099,0.686055][0.465424,0.811044,0.354383][0.541271,0.814501,0][1.0127,0.753772,0.228332][0.560161,0.791571,0.244204][0.43306,0.822595,0][0.892079,0.529242,0.969374][0.453497,0.587143,0.670525][0.634785,0.765001,0][1.19337,0.840099,0.686055][0.465424,0.811044,0.354383][0.541271,0.814501,0][0.504575,0.980106,0.696192][0.488,0.811188,0.322225][0.531174,0.861232,0][0.504575,0.980106,0.696192][0.488,0.811188,0.322225][0.531174,0.861232,0][0.502886,0.738537,1.03843][0.435221,0.660971,0.61131][0.637738,0.829775,0][0.892079,0.529242,0.969374][0.453497,0.587143,0.670525][0.634785,0.765001,0][0.892079,0.529242,0.969374][0.453497,0.587143,0.670525][0.634785,0.765001,0][0.502886,0.738537,1.03843][0.435221,0.660971,0.61131][0.637738,0.829775,0][0.603489,0.188656,1.41881][0.517884,0.284788,0.806655][0.729029,0.782105,0][0.603489,0.188656,1.41881][0.517884,0.284788,0.806655][0.729029,0.782105,0][1.23646,0.153304,1.34037][0.789663,0.0935882,0.606361][0.685375,0.731903,0][0.892079,0.529242,0.969374][0.453497,0.587143,0.670525][0.634785,0.765001,0][1.00409,-0.231317,1.17344][0.591487,0.083489,0.80198][0.727812,0.650928,0][0.636525,-0.229757,1.42125][0.533979,-0.0670756,0.842833][0.789151,0.704361,0][0.638966,-0.629026,1.33529][0.427522,-0.156494,0.890356][0.828534,0.636793,0][0.638966,-0.629026,1.33529][0.427522,-0.156494,0.890356][0.828534,0.636793,0][1.21786,-0.57315,1.36064][0.576086,0.0468157,0.816047][0.760571,0.5926,0][1.00409,-0.231317,1.17344][0.591487,0.083489,0.80198][0.727812,0.650928,0][1.08789,-0.905032,1.21451][0.53103,-0.286526,0.797439][0.789729,0.537264,0][0.626411,-0.93589,1.25023][0.350987,-0.344382,0.870752][0.85991,0.551896,0][0.605652,-1.18659,1.13468][0.353163,-0.487252,0.798662][0.900079,0.462239,0][0.605652,-1.18659,1.13468][0.353163,-0.487252,0.798662][0.900079,0.462239,0][1.17512,-1.21901,1.19673][0.625476,-0.383931,0.679247][0.830031,0.448531,0][1.08789,-0.905032,1.21451][0.53103,-0.286526,0.797439][0.789729,0.537264,0][1.01409,-1.4187,0.939225][0.506197,-0.742893,0.438034][0.848463,0.357663,0][1.17512,-1.21901,1.19673][0.625476,-0.383931,0.679247][0.830031,0.448531,0][0.605652,-1.18659,1.13468][0.353163,-0.487252,0.798662][0.900079,0.462239,0][0.605652,-1.18659,1.13468][0.353163,-0.487252,0.798662][0.900079,0.462239,0][0.552228,-1.46528,0.943561][0.324687,-0.629229,0.706151][0.920217,0.336513,0][1.01409,-1.4187,0.939225][0.506197,-0.742893,0.438034][0.848463,0.357663,0][0.639139,-1.75745,0.676035][0.200058,-0.957942,0.205726][0.863978,0.231269,0][1.01409,-1.4187,0.939225][0.506197,-0.742893,0.438034][0.848463,0.357663,0][0.552228,-1.46528,0.943561][0.324687,-0.629229,0.706151][0.920217,0.336513,0][0.552228,-1.46528,0.943561][0.324687,-0.629229,0.706151][0.920217,0.336513,0][0.439293,-1.77606,0.761515][0.165571,-0.933776,0.317253][0.928393,0.223801,0][0.639139,-1.75745,0.676035][0.200058,-0.957942,0.205726][0.863978,0.231269,0][0.628268,-1.75195,0.659724][-0.351836,-0.515058,-0.781618][0.864786,0.225311,0][0.639139,-1.75745,0.676035][0.200058,-0.957942,0.205726][0.863978,0.231269,0][0.439293,-1.77606,0.761515][0.165571,-0.933776,0.317253][0.928393,0.223801,0][0.439293,-1.77606,0.761515][0.165571,-0.933776,0.317253][0.928393,0.223801,0][0.43167,-1.77046,0.744007][-0.260317,-0.485474,-0.834596][0.928435,0.218794,0][0.628268,-1.75195,0.659724][-0.351836,-0.515058,-0.781618][0.864786,0.225311,0][0.628268,-1.75195,0.659724][-0.351836,-0.515058,-0.781618][0.950043,0.101607,0][0.43167,-1.77046,0.744007][-0.260317,-0.485474,-0.834596][0.960641,0.075904,0][0.454852,-1.38967,0.869763][-0.339811,0.172317,-0.924573][0.936853,0.065287,0][0.454852,-1.38967,0.869763][-0.339811,0.172317,-0.924573][0.936853,0.065287,0][0.674623,-1.35616,0.768804][-0.557452,0.131674,-0.8197][0.921065,0.087424,0][0.628268,-1.75195,0.659724][-0.351836,-0.515058,-0.781618][0.950043,0.101607,0][0.674623,-1.35616,0.768804][-0.557452,0.131674,-0.8197][0.921065,0.087424,0][0.454852,-1.38967,0.869763][-0.339811,0.172317,-0.924573][0.936853,0.065287,0][0.456715,-1.02213,0.877497][-0.385381,0.0369396,-0.922018][0.915718,0.059162,0][0.456715,-1.02213,0.877497][-0.385381,0.0369396,-0.922018][0.915718,0.059162,0][0.674729,-0.975154,0.759979][-0.542607,0.0460275,-0.838725][0.896937,0.078042,0][0.674623,-1.35616,0.768804][-0.557452,0.131674,-0.8197][0.921065,0.087424,0][0.674729,-0.975154,0.759979][-0.542607,0.0460275,-0.838725][0.896937,0.078042,0][0.456715,-1.02213,0.877497][-0.385381,0.0369396,-0.922018][0.915718,0.059162,0][0.458272,-0.679271,0.89788][-0.386476,0.00495019,-0.922286][0.89608,0.053371,0][0.458272,-0.679271,0.89788][-0.386476,0.00495019,-0.922286][0.89608,0.053371,0][0.710356,-0.62153,0.777925][-0.547001,-0.0142988,-0.83701][0.874401,0.070467,0][0.674729,-0.975154,0.759979][-0.542607,0.0460275,-0.838725][0.896937,0.078042,0][0.710356,-0.62153,0.777925][-0.547001,-0.0142988,-0.83701][0.874401,0.070467,0][0.458272,-0.679271,0.89788][-0.386476,0.00495019,-0.922286][0.89608,0.053371,0][0.457665,-0.300753,0.878085][-0.354704,-0.189934,-0.915484][0.871946,0.048347,0][0.457665,-0.300753,0.878085][-0.354704,-0.189934,-0.915484][0.871946,0.048347,0][0.724572,-0.304742,0.718688][-0.570507,-0.200486,-0.796446][0.85243,0.065468,0][0.710356,-0.62153,0.777925][-0.547001,-0.0142988,-0.83701][0.874401,0.070467,0][0.724572,-0.304742,0.718688][-0.570507,-0.200486,-0.796446][0.85243,0.065468,0][0.457665,-0.300753,0.878085][-0.354704,-0.189934,-0.915484][0.871946,0.048347,0][0.534045,0.0711781,0.735242][-0.387729,-0.513548,-0.765464][0.838481,0.049089,0][0.534045,0.0711781,0.735242][-0.387729,-0.513548,-0.765464][0.838481,0.049089,0][0.845894,-0.141632,0.538833][-0.614238,-0.417555,-0.669596][0.828888,0.071284,0][0.724572,-0.304742,0.718688][-0.570507,-0.200486,-0.796446][0.85243,0.065468,0][0.937984,0.0536612,0.314219][-0.676628,-0.595661,-0.432854][0.802216,0.074491,0][0.845894,-0.141632,0.538833][-0.614238,-0.417555,-0.669596][0.828888,0.071284,0][0.534045,0.0711781,0.735242][-0.387729,-0.513548,-0.765464][0.838481,0.049089,0][0.534045,0.0711781,0.735242][-0.387729,-0.513548,-0.765464][0.838481,0.049089,0][0.578783,0.362062,0.361457][-0.41403,-0.8318,-0.369713][0.796099,0.051003,0][0.937984,0.0536612,0.314219][-0.676628,-0.595661,-0.432854][0.802216,0.074491,0][0.937984,0.0536612,0.314219][-0.676628,-0.595661,-0.432854][0.802216,0.074491,0][0.578783,0.362062,0.361457][-0.41403,-0.8318,-0.369713][0.796099,0.051003,0][0.604064,0.3934,0.072311][-0.408807,-0.906126,-0.10868][0.770815,0.054824,0][0.604064,0.3934,0.072311][-0.408807,-0.906126,-0.10868][0.770815,0.054824,0][0.978661,0.16133,-0.00533401][-0.700201,-0.696333,-0.157604][0.773877,0.078881,0][0.937984,0.0536612,0.314219][-0.676628,-0.595661,-0.432854][0.802216,0.074491,0][0.978661,0.16133,-0.00533401][-0.700201,-0.696333,-0.157604][0.773877,0.078881,0][0.604064,0.3934,0.072311][-0.408807,-0.906126,-0.10868][0.770815,0.054824,0][0.61815,0.406554,-0.406076][-0.400039,-0.916497,-0.00127401][0.727162,0.060163,0][0.61815,0.406554,-0.406076][-0.400039,-0.916497,-0.00127401][0.727162,0.060163,0][0.986994,0.15769,-0.39256][-0.731946,-0.676236,0.0834268][0.741735,0.08609,0][0.978661,0.16133,-0.00533401][-0.700201,-0.696333,-0.157604][0.773877,0.078881,0][0.95369,0.139157,-0.659895][-0.76295,-0.625451,0.163457][0.717932,0.090117,0][0.986994,0.15769,-0.39256][-0.731946,-0.676236,0.0834268][0.741735,0.08609,0][0.61815,0.406554,-0.406076][-0.400039,-0.916497,-0.00127401][0.727162,0.060163,0][0.61815,0.406554,-0.406076][-0.400039,-0.916497,-0.00127401][0.727162,0.060163,0][0.628683,0.401244,-0.729475][-0.429256,-0.88331,0.188424][0.698865,0.064324,0][0.95369,0.139157,-0.659895][-0.76295,-0.625451,0.163457][0.717932,0.090117,0][0.936315,0.0590501,-0.925231][-0.738391,-0.542037,0.401217][0.694558,0.097908,0][0.95369,0.139157,-0.659895][-0.76295,-0.625451,0.163457][0.717932,0.090117,0][0.628683,0.401244,-0.729475][-0.429256,-0.88331,0.188424][0.698865,0.064324,0][0.628683,0.401244,-0.729475][-0.429256,-0.88331,0.188424][0.698865,0.064324,0][0.613038,0.245718,-1.07596][-0.444671,-0.761019,0.472354][0.667686,0.072886,0][0.936315,0.0590501,-0.925231][-0.738391,-0.542037,0.401217][0.694558,0.097908,0][0.856346,-0.0625849,-1.10231][-0.695164,-0.424239,0.580318][0.673386,0.106314,0][0.936315,0.0590501,-0.925231][-0.738391,-0.542037,0.401217][0.694558,0.097908,0][0.613038,0.245718,-1.07596][-0.444671,-0.761019,0.472354][0.667686,0.072886,0][0.613038,0.245718,-1.07596][-0.444671,-0.761019,0.472354][0.667686,0.072886,0][0.606151,0.092946,-1.28645][-0.499103,-0.613131,0.612346][0.646356,0.082951,0][0.856346,-0.0625849,-1.10231][-0.695164,-0.424239,0.580318][0.673386,0.106314,0][0.849722,-1.6905,0.497558][-0.468607,-0.520383,-0.713869][0.928315,0.130607,0][0.628268,-1.75195,0.659724][-0.351836,-0.515058,-0.781618][0.950043,0.101607,0][0.674623,-1.35616,0.768804][-0.557452,0.131674,-0.8197][0.921065,0.087424,0][0.674623,-1.35616,0.768804][-0.557452,0.131674,-0.8197][0.921065,0.087424,0][0.923832,-1.2662,0.547689][-0.741493,0.119056,-0.660314][0.893932,0.114939,0][0.849722,-1.6905,0.497558][-0.468607,-0.520383,-0.713869][0.928315,0.130607,0][0.923832,-1.2662,0.547689][-0.741493,0.119056,-0.660314][0.893932,0.114939,0][0.674623,-1.35616,0.768804][-0.557452,0.131674,-0.8197][0.921065,0.087424,0][0.674729,-0.975154,0.759979][-0.542607,0.0460275,-0.838725][0.896937,0.078042,0][0.674729,-0.975154,0.759979][-0.542607,0.0460275,-0.838725][0.896937,0.078042,0][0.946349,-0.926723,0.563216][-0.716062,0.0658504,-0.694924][0.871596,0.102296,0][0.923832,-1.2662,0.547689][-0.741493,0.119056,-0.660314][0.893932,0.114939,0][0.946349,-0.926723,0.563216][-0.716062,0.0658504,-0.694924][0.871596,0.102296,0][0.674729,-0.975154,0.759979][-0.542607,0.0460275,-0.838725][0.896937,0.078042,0][0.710356,-0.62153,0.777925][-0.547001,-0.0142988,-0.83701][0.874401,0.070467,0][0.710356,-0.62153,0.777925][-0.547001,-0.0142988,-0.83701][0.874401,0.070467,0][0.94224,-0.57487,0.575261][-0.710273,-0.0230907,-0.703547][0.85163,0.088427,0][0.946349,-0.926723,0.563216][-0.716062,0.0658504,-0.694924][0.871596,0.102296,0][0.94224,-0.57487,0.575261][-0.710273,-0.0230907,-0.703547][0.85163,0.088427,0][0.710356,-0.62153,0.777925][-0.547001,-0.0142988,-0.83701][0.874401,0.070467,0][0.724572,-0.304742,0.718688][-0.570507,-0.200486,-0.796446][0.85243,0.065468,0][0.724572,-0.304742,0.718688][-0.570507,-0.200486,-0.796446][0.85243,0.065468,0][0.923922,-0.2796,0.571115][-0.638229,-0.259053,-0.724951][0.835653,0.07794,0][0.94224,-0.57487,0.575261][-0.710273,-0.0230907,-0.703547][0.85163,0.088427,0][0.923922,-0.2796,0.571115][-0.638229,-0.259053,-0.724951][0.835653,0.07794,0][0.724572,-0.304742,0.718688][-0.570507,-0.200486,-0.796446][0.85243,0.065468,0][0.845894,-0.141632,0.538833][-0.614238,-0.417555,-0.669596][0.828888,0.071284,0][1.16054,-0.198193,0.282982][-0.840897,-0.360397,-0.40374][0.808189,0.092358,0][0.923922,-0.2796,0.571115][-0.638229,-0.259053,-0.724951][0.835653,0.07794,0][0.845894,-0.141632,0.538833][-0.614238,-0.417555,-0.669596][0.828888,0.071284,0][0.845894,-0.141632,0.538833][-0.614238,-0.417555,-0.669596][0.828888,0.071284,0][0.937984,0.0536612,0.314219][-0.676628,-0.595661,-0.432854][0.802216,0.074491,0][1.16054,-0.198193,0.282982][-0.840897,-0.360397,-0.40374][0.808189,0.092358,0][1.19146,-0.163477,-0.036557][-0.906731,-0.412239,-0.0888753][0.783389,0.100677,0][1.16054,-0.198193,0.282982][-0.840897,-0.360397,-0.40374][0.808189,0.092358,0][0.937984,0.0536612,0.314219][-0.676628,-0.595661,-0.432854][0.802216,0.074491,0][0.937984,0.0536612,0.314219][-0.676628,-0.595661,-0.432854][0.802216,0.074491,0][0.978661,0.16133,-0.00533401][-0.700201,-0.696333,-0.157604][0.773877,0.078881,0][1.19146,-0.163477,-0.036557][-0.906731,-0.412239,-0.0888753][0.783389,0.100677,0][0.986994,0.15769,-0.39256][-0.731946,-0.676236,0.0834268][0.741735,0.08609,0][1.20206,-0.181272,-0.337191][-0.912739,-0.391015,0.118385][0.75968,0.108858,0][1.19146,-0.163477,-0.036557][-0.906731,-0.412239,-0.0888753][0.783389,0.100677,0][1.19146,-0.163477,-0.036557][-0.906731,-0.412239,-0.0888753][0.783389,0.100677,0][0.978661,0.16133,-0.00533401][-0.700201,-0.696333,-0.157604][0.773877,0.078881,0][0.986994,0.15769,-0.39256][-0.731946,-0.676236,0.0834268][0.741735,0.08609,0][1.11966,-0.21927,-0.676706][-0.908983,-0.348038,0.229389][0.728551,0.11565,0][1.20206,-0.181272,-0.337191][-0.912739,-0.391015,0.118385][0.75968,0.108858,0][0.986994,0.15769,-0.39256][-0.731946,-0.676236,0.0834268][0.741735,0.08609,0][0.986994,0.15769,-0.39256][-0.731946,-0.676236,0.0834268][0.741735,0.08609,0][0.95369,0.139157,-0.659895][-0.76295,-0.625451,0.163457][0.717932,0.090117,0][1.11966,-0.21927,-0.676706][-0.908983,-0.348038,0.229389][0.728551,0.11565,0][0.891874,-0.343851,-1.24197][0.308768,-0.446883,-0.839618][0.31413,0.230177,0][0.876608,-0.34589,-1.22911][-0.814561,-0.576653,-0.0629454][0.313345,0.225198,0][0.765505,-0.214299,-1.32599][-0.673396,-0.736979,0.0583076][0.23946,0.237301,0][0.765505,-0.214299,-1.32599][-0.673396,-0.736979,0.0583076][0.23946,0.237301,0][0.778003,-0.210676,-1.3413][0.234545,-0.528599,-0.815826][0.239624,0.242313,0][0.891874,-0.343851,-1.24197][0.308768,-0.446883,-0.839618][0.31413,0.230177,0][1.57913,1.06049,-0.879113][0.826509,0.494119,-0.269683][0.340759,0.580701,0][1.36351,1.31575,-1.18305][0.664209,0.599948,-0.445969][0.244145,0.638749,0][1.06359,1.13941,-0.847915][0.283108,0.862556,0.419342][0.229663,0.693506,0][1.06359,1.13941,-0.847915][0.283108,0.862556,0.419342][0.229663,0.693506,0][1.17611,1.02713,-0.715058][0.320431,0.839772,0.4383][0.322235,0.680985,0][1.57913,1.06049,-0.879113][0.826509,0.494119,-0.269683][0.340759,0.580701,0][1.00409,-0.231317,1.17344][0.591487,0.083489,0.80198][0.727812,0.650928,0][1.23646,0.153304,1.34037][0.789663,0.0935882,0.606361][0.685375,0.731903,0][0.603489,0.188656,1.41881][0.517884,0.284788,0.806655][0.729029,0.782105,0][0.603489,0.188656,1.41881][0.517884,0.284788,0.806655][0.729029,0.782105,0][0.636525,-0.229757,1.42125][0.533979,-0.0670756,0.842833][0.789151,0.704361,0][1.00409,-0.231317,1.17344][0.591487,0.083489,0.80198][0.727812,0.650928,0][0.603489,0.188656,1.41881][0.517884,0.284788,0.806655][0.729029,0.782105,0][0.334201,0.316461,1.66547][0.128174,0.363655,0.922673][0.771564,0.843103,0][0.359704,-0.207782,1.58821][0.261336,0.0316296,0.964729][0.839078,0.756089,0][0.359704,-0.207782,1.58821][0.261336,0.0316296,0.964729][0.839078,0.756089,0][0.636525,-0.229757,1.42125][0.533979,-0.0670756,0.842833][0.789151,0.704361,0][0.603489,0.188656,1.41881][0.517884,0.284788,0.806655][0.729029,0.782105,0][1.06359,1.13941,-0.847915][0.283108,0.862556,0.419342][0.229663,0.693506,0][1.36351,1.31575,-1.18305][0.664209,0.599948,-0.445969][0.244145,0.638749,0][0.928274,1.42173,-1.31672][0.646422,0.613427,-0.453703][0.153869,0.606875,0][0.928274,1.42173,-1.31672][0.646422,0.613427,-0.453703][0.153869,0.606875,0][0.729277,1.33009,-1.01612][0.315845,0.884048,0.34453][0.15389,0.707657,0][1.06359,1.13941,-0.847915][0.283108,0.862556,0.419342][0.229663,0.693506,0][0.325525,1.48731,-1.06386][0.17009,0.946418,0.274523][0.086301,0.762916,0][0.729277,1.33009,-1.01612][0.315845,0.884048,0.34453][0.15389,0.707657,0][0.928274,1.42173,-1.31672][0.646422,0.613427,-0.453703][0.153869,0.606875,0][0.928274,1.42173,-1.31672][0.646422,0.613427,-0.453703][0.153869,0.606875,0][0.599678,1.79055,-1.57685][0.320667,0.796751,-0.512212][0.087697,0.702565,0][0.325525,1.48731,-1.06386][0.17009,0.946418,0.274523][0.086301,0.762916,0][0.150857,0.116684,-1.61047][0.244478,0.316845,-0.916428][0.041662,0.296679,0][0.117528,0.264267,-1.52545][-0.353096,-0.309433,-0.882935][0.041012,0.338475,0][0.240275,0.138824,-1.54333][-0.178147,-0.208506,-0.961659][0.070727,0.317065,0][0.357215,-0.100155,-1.55496][0.13725,-0.622066,-0.770841][0.11348,0.250781,0][0.352831,-0.107132,-1.53732][-0.23657,-0.94992,0.204175][0.113099,0.246023,0][0.151284,-0.0313271,-1.59675][-0.234572,-0.95547,0.179034][0.041708,0.256225,0][0.151284,-0.0313271,-1.59675][-0.234572,-0.95547,0.179034][0.041708,0.256225,0][0.153199,-0.023756,-1.61463][0.0656201,-0.495058,-0.866379][0.041722,0.261442,0][0.357215,-0.100155,-1.55496][0.13725,-0.622066,-0.770841][0.11348,0.250781,0][0.282899,0.149017,-1.38103][-0.268315,-0.712756,0.648063][0.626631,0.050727,0][0,0.177421,-1.42815][0,-0.764793,0.644277][0.609318,0.022028,0][0.151284,-0.0313271,-1.59675][-0.234572,-0.95547,0.179034][0.601917,0.04139,0][0.151284,-0.0313271,-1.59675][-0.234572,-0.95547,0.179034][0.601917,0.04139,0][0.352831,-0.107132,-1.53732][-0.23657,-0.94992,0.204175][0.612659,0.067631,0][0.282899,0.149017,-1.38103][-0.268315,-0.712756,0.648063][0.626631,0.050727,0][0,0.343456,-1.1844][1.30792e-007,-0.894344,0.447381][0.627415,0.022398,0][0,0.177421,-1.42815][0,-0.764793,0.644277][0.609318,0.022028,0][0.282899,0.149017,-1.38103][-0.268315,-0.712756,0.648063][0.626631,0.050727,0][0.282899,0.149017,-1.38103][-0.268315,-0.712756,0.648063][0.626631,0.050727,0][0.302,0.304698,-1.14061][-0.210394,-0.861319,0.462453][0.648132,0.047765,0][0,0.343456,-1.1844][1.30792e-007,-0.894344,0.447381][0.627415,0.022398,0][0,0.477073,-0.78517][1.4212e-007,-0.976887,0.213759][0.664738,0.022768,0][0,0.343456,-1.1844][1.30792e-007,-0.894344,0.447381][0.627415,0.022398,0][0.302,0.304698,-1.14061][-0.210394,-0.861319,0.462453][0.648132,0.047765,0][0.302,0.304698,-1.14061][-0.210394,-0.861319,0.462453][0.648132,0.047765,0][0.310415,0.467976,-0.765393][-0.138841,-0.966332,0.216622][0.682714,0.043566,0][0,0.477073,-0.78517][1.4212e-007,-0.976887,0.213759][0.664738,0.022768,0][0,0.49367,-0.405118][1.50058e-007,-0.999961,-0.00879586][0.706409,0.022931,0][0,0.477073,-0.78517][1.4212e-007,-0.976887,0.213759][0.664738,0.022768,0][0.310415,0.467976,-0.765393][-0.138841,-0.966332,0.216622][0.682714,0.043566,0][0.310415,0.467976,-0.765393][-0.138841,-0.966332,0.216622][0.682714,0.043566,0][0.314983,0.472203,-0.406542][-0.138294,-0.990321,-0.0118304][0.717327,0.041778,0][0,0.49367,-0.405118][1.50058e-007,-0.999961,-0.00879586][0.706409,0.022931,0][0,0.471945,0.086455][1.45407e-007,-0.995149,-0.0983841][0.762707,0.023068,0][0,0.49367,-0.405118][1.50058e-007,-0.999961,-0.00879586][0.706409,0.022931,0][0.314983,0.472203,-0.406542][-0.138294,-0.990321,-0.0118304][0.717327,0.041778,0][0.314983,0.472203,-0.406542][-0.138294,-0.990321,-0.0118304][0.717327,0.041778,0][0.31206,0.45711,0.086635][-0.126878,-0.987382,-0.0947565][0.767249,0.039251,0][0,0.471945,0.086455][1.45407e-007,-0.995149,-0.0983841][0.762707,0.023068,0][0.296853,0.406977,0.387765][-0.119384,-0.903759,-0.411056][0.798145,0.037375,0][0,0.421742,0.405344][1.34648e-007,-0.909632,-0.415416][0.801234,0.023095,0][0,0.471945,0.086455][1.45407e-007,-0.995149,-0.0983841][0.762707,0.023068,0][0,0.471945,0.086455][1.45407e-007,-0.995149,-0.0983841][0.762707,0.023068,0][0.31206,0.45711,0.086635][-0.126878,-0.987382,-0.0947565][0.767249,0.039251,0][0.296853,0.406977,0.387765][-0.119384,-0.903759,-0.411056][0.798145,0.037375,0][0.274102,0.0891281,0.772183][-0.140588,-0.579175,-0.802989][0.849318,0.036283,0][0,0.095677,0.808858][0,-0.583126,-0.812382][0.864562,0.02268,0][0,0.421742,0.405344][1.34648e-007,-0.909632,-0.415416][0.801234,0.023095,0][0,0.421742,0.405344][1.34648e-007,-0.909632,-0.415416][0.801234,0.023095,0][0.296853,0.406977,0.387765][-0.119384,-0.903759,-0.411056][0.798145,0.037375,0][0.274102,0.0891281,0.772183][-0.140588,-0.579175,-0.802989][0.849318,0.036283,0][0.260376,-0.315668,0.935036][-0.190398,-0.215413,-0.957782][0.886295,0.036967,0][0,-0.307058,0.961582][0,-0.233602,-0.972332][0.904041,0.022046,0][0,0.095677,0.808858][0,-0.583126,-0.812382][0.864562,0.02268,0][0,0.095677,0.808858][0,-0.583126,-0.812382][0.864562,0.02268,0][0.274102,0.0891281,0.772183][-0.140588,-0.579175,-0.802989][0.849318,0.036283,0][0.260376,-0.315668,0.935036][-0.190398,-0.215413,-0.957782][0.886295,0.036967,0][0.241945,-0.697374,0.976124][-0.227032,-0.00593167,-0.973869][0.912847,0.037958,0][0,-0.703261,1.00837][0,-0.0160122,-0.999872][0.931284,0.021386,0][0,-0.307058,0.961582][0,-0.233602,-0.972332][0.904041,0.022046,0][0,-0.307058,0.961582][0,-0.233602,-0.972332][0.904041,0.022046,0][0.260376,-0.315668,0.935036][-0.190398,-0.215413,-0.957782][0.886295,0.036967,0][0.241945,-0.697374,0.976124][-0.227032,-0.00593167,-0.973869][0.912847,0.037958,0][0.234872,-1.03426,0.944026][-0.228965,0.0651044,-0.971255][0.931424,0.040388,0][1.59935e-007,-1.0592,0.987728][0,0.0643774,-0.997926][0.948735,0.020771,0][0,-0.703261,1.00837][0,-0.0160122,-0.999872][0.931284,0.021386,0][0,-0.703261,1.00837][0,-0.0160122,-0.999872][0.931284,0.021386,0][0.241945,-0.697374,0.976124][-0.227032,-0.00593167,-0.973869][0.912847,0.037958,0][0.234872,-1.03426,0.944026][-0.228965,0.0651044,-0.971255][0.931424,0.040388,0][0.237652,-1.40978,0.921319][-0.201658,0.192096,-0.960434][0.950366,0.043871,0][2.14628e-007,-1.42142,0.954996][0,0.202555,-0.979271][0.96518,0.020141,0][1.59935e-007,-1.0592,0.987728][0,0.0643774,-0.997926][0.948735,0.020771,0][1.59935e-007,-1.0592,0.987728][0,0.0643774,-0.997926][0.948735,0.020771,0][0.234872,-1.03426,0.944026][-0.228965,0.0651044,-0.971255][0.931424,0.040388,0][0.237652,-1.40978,0.921319][-0.201658,0.192096,-0.960434][0.950366,0.043871,0][2.69517e-007,-1.78493,0.836502][1.40258e-007,-0.507188,-0.861835][0.972085,0.019478,0][2.14628e-007,-1.42142,0.954996][0,0.202555,-0.979271][0.96518,0.020141,0][0.237652,-1.40978,0.921319][-0.201658,0.192096,-0.960434][0.950366,0.043871,0][0.237652,-1.40978,0.921319][-0.201658,0.192096,-0.960434][0.950366,0.043871,0][0.231675,-1.77746,0.799727][-0.172582,-0.475178,-0.862798][0.967401,0.049765,0][2.69517e-007,-1.78493,0.836502][1.40258e-007,-0.507188,-0.861835][0.972085,0.019478,0][0.235886,-1.78312,0.818192][0.102528,-0.959939,0.260779][0.946858,0.223984,0][2.70366e-007,-1.79055,0.855506][2.33164e-007,-0.938575,0.345075][0.962134,0.218254,0][2.69517e-007,-1.78493,0.836502][1.40258e-007,-0.507188,-0.861835][0.956314,0.218873,0][2.69517e-007,-1.78493,0.836502][1.40258e-007,-0.507188,-0.861835][0.956314,0.218873,0][0.231675,-1.77746,0.799727][-0.172582,-0.475178,-0.862798][0.945168,0.219257,0][0.235886,-1.78312,0.818192][0.102528,-0.959939,0.260779][0.946858,0.223984,0][2.2863e-007,-1.51415,1.07636][1.34909e-007,-0.669572,0.742747][0.989451,0.338003,0][2.70366e-007,-1.79055,0.855506][2.33164e-007,-0.938575,0.345075][0.962134,0.218254,0][0.235886,-1.78312,0.818192][0.102528,-0.959939,0.260779][0.946858,0.223984,0][0.235886,-1.78312,0.818192][0.102528,-0.959939,0.260779][0.946858,0.223984,0][0.287682,-1.50247,1.18466][0.17771,-0.77339,0.608512][0.95946,0.364449,0][2.2863e-007,-1.51415,1.07636][1.34909e-007,-0.669572,0.742747][0.989451,0.338003,0][1.88318e-007,-1.24717,1.25952][0,-0.581005,0.8139][0.992806,0.462881,0][2.2863e-007,-1.51415,1.07636][1.34909e-007,-0.669572,0.742747][0.989451,0.338003,0][0.287682,-1.50247,1.18466][0.17771,-0.77339,0.608512][0.95946,0.364449,0][0.287682,-1.50247,1.18466][0.17771,-0.77339,0.608512][0.95946,0.364449,0][0.281293,-1.37002,1.43174][0.0868691,-0.585759,0.805817][0.95723,0.465335,0][1.88318e-007,-1.24717,1.25952][0,-0.581005,0.8139][0.992806,0.462881,0][1.51377e-007,-1.00252,1.36781][0,-0.266551,0.963821][0.992137,0.584809,0][1.88318e-007,-1.24717,1.25952][0,-0.581005,0.8139][0.992806,0.462881,0][0.281293,-1.37002,1.43174][0.0868691,-0.585759,0.805817][0.95723,0.465335,0][0.281293,-1.37002,1.43174][0.0868691,-0.585759,0.805817][0.95723,0.465335,0][0.317083,-0.97857,1.47045][0.212433,-0.311179,0.926304][0.925378,0.580317,0][1.51377e-007,-1.00252,1.36781][0,-0.266551,0.963821][0.992137,0.584809,0][0.340718,-0.651741,1.66582][0.203065,-0.220543,0.954005][0.891283,0.691462,0][0.359704,-0.207782,1.58821][0.261336,0.0316296,0.964729][0.839078,0.756089,0][0,-0.208717,1.55372][0,0.0831902,0.996534][0.90931,0.82018,0][0,-0.208717,1.55372][0,0.0831902,0.996534][0.90931,0.82018,0][0,-0.659788,1.48662][0,-0.297515,0.954717][0.959439,0.729416,0][0.340718,-0.651741,1.66582][0.203065,-0.220543,0.954005][0.891283,0.691462,0][0,0.220294,1.49997][0,0.31053,0.950564][0.829479,0.908978,0][0,-0.208717,1.55372][0,0.0831902,0.996534][0.90931,0.82018,0][0.359704,-0.207782,1.58821][0.261336,0.0316296,0.964729][0.839078,0.756089,0][0.359704,-0.207782,1.58821][0.261336,0.0316296,0.964729][0.839078,0.756089,0][0.334201,0.316461,1.66547][0.128174,0.363655,0.922673][0.771564,0.843103,0][0,0.220294,1.49997][0,0.31053,0.950564][0.829479,0.908978,0][0.277855,0.807409,1.11433][0.260308,0.63624,0.726249][0.652753,0.889718,0][-1.2102e-007,0.80148,1.13733][-1.40906e-007,0.58667,0.809826][0.66927,0.950857,0][0,0.220294,1.49997][0,0.31053,0.950564][0.829479,0.908978,0][0,0.220294,1.49997][0,0.31053,0.950564][0.829479,0.908978,0][0.334201,0.316461,1.66547][0.128174,0.363655,0.922673][0.771564,0.843103,0][0.277855,0.807409,1.11433][0.260308,0.63624,0.726249][0.652753,0.889718,0][0.219525,1.2056,0.815357][0.193968,0.900502,0.389195][0.504571,0.926629,0][-1.76782e-007,1.17077,0.722099][-2.08849e-007,0.973358,0.22929][0.492352,0.981638,0][-1.2102e-007,0.80148,1.13733][-1.40906e-007,0.58667,0.809826][0.66927,0.950857,0][-1.2102e-007,0.80148,1.13733][-1.40906e-007,0.58667,0.809826][0.66927,0.950857,0][0.277855,0.807409,1.11433][0.260308,0.63624,0.726249][0.652753,0.889718,0][0.219525,1.2056,0.815357][0.193968,0.900502,0.389195][0.504571,0.926629,0][0.270563,1.13563,0.190958][0.267052,0.902163,0.3388][0.343739,0.929301,0][-1.79589e-007,1.18936,0.241924][0,0.960332,0.278859][0.29953,0.981134,0][-1.76782e-007,1.17077,0.722099][-2.08849e-007,0.973358,0.22929][0.492352,0.981638,0][-1.76782e-007,1.17077,0.722099][-2.08849e-007,0.973358,0.22929][0.492352,0.981638,0][0.219525,1.2056,0.815357][0.193968,0.900502,0.389195][0.504571,0.926629,0][0.270563,1.13563,0.190958][0.267052,0.902163,0.3388][0.343739,0.929301,0][-2.25393e-007,1.49271,-0.51298][-1.47772e-007,0.999341,0.0363017][0.049309,0.85679,0][-2.15902e-007,1.42985,-0.135205][0,0.893369,0.449324][0.124754,0.944557,0][0.31657,1.48858,-0.166253][0.272703,0.896174,0.350008][0.195677,0.902656,0][0.31657,1.48858,-0.166253][0.272703,0.896174,0.350008][0.195677,0.902656,0][0.291337,1.45996,-0.586275][0.318165,0.948031,0.00279441][0.113518,0.830947,0][-2.25393e-007,1.49271,-0.51298][-1.47772e-007,0.999341,0.0363017][0.049309,0.85679,0][-2.38797e-007,1.58148,-1.47375][-1.34781e-007,0.777739,-0.628587][0.00563,0.665798,0][-2.29919e-007,1.52268,-1.07264][-1.84475e-007,0.994574,0.104036][0.012396,0.772179,0][0.325525,1.48731,-1.06386][0.17009,0.946418,0.274523][0.086301,0.762916,0][0.325525,1.48731,-1.06386][0.17009,0.946418,0.274523][0.086301,0.762916,0][0.599678,1.79055,-1.57685][0.320667,0.796751,-0.512212][0.087697,0.702565,0][-2.38797e-007,1.58148,-1.47375][-1.34781e-007,0.777739,-0.628587][0.00563,0.665798,0][0.125973,0.765278,-1.34995][0.00425699,0.624788,-0.780783][0.040194,0.482258,0][0.252743,0.969368,-1.49081][0.0816198,-0.298234,-0.950997][0.064035,0.530059,0][0.257869,0.76425,-1.35036][0.0816156,0.627425,-0.774388][0.074846,0.480566,0][0.873359,0.640195,-1.14747][0.735831,0.675786,-0.043187][0.239273,0.475095,0][0.839049,0.719824,-1.13909][0.599135,-0.0853033,-0.796091][0.247042,0.490784,0][0.988782,0.56213,-0.905093][0.720607,-0.245136,-0.648563][0.324559,0.46497,0][0.988782,0.56213,-0.905093][0.720607,-0.245136,-0.648563][0.324559,0.46497,0][0.996441,0.389755,-0.898217][0.760598,0.648706,0.0259032][0.32584,0.447109,0][0.873359,0.640195,-1.14747][0.735831,0.675786,-0.043187][0.239273,0.475095,0][1.13314,-0.658581,-0.845365][0.837998,-0.0660156,-0.541665][0.441836,0.183624,0][1.05849,-0.837217,-0.971402][0.353866,-0.421042,-0.835166][0.423634,0.144366,0][0.960633,-0.523888,-1.10752][0.2978,-0.411006,-0.86162][0.368381,0.197316,0][0.960633,-0.523888,-1.10752][0.2978,-0.411006,-0.86162][0.368381,0.197316,0][1.0281,-0.388344,-1.03605][0.834504,-0.0370015,-0.549758][0.385464,0.228821,0][1.13314,-0.658581,-0.845365][0.837998,-0.0660156,-0.541665][0.441836,0.183624,0][1.188,-0.880548,-0.738083][0.888777,-0.0710331,-0.452802][0.473562,0.112129,0][1.2798,-0.771504,-0.579091][0.698624,-0.126439,-0.704229][0.507874,0.138327,0][1.25469,-1.09371,-0.514974][0.418451,-0.892263,-0.169603][0.52892,0.059315,0][1.25469,-1.09371,-0.514974][0.418451,-0.892263,-0.169603][0.52892,0.059315,0][1.19064,-1.15978,-0.649947][0.610829,-0.790104,-0.0512171][0.490741,0.027363,0][1.188,-0.880548,-0.738083][0.888777,-0.0710331,-0.452802][0.473562,0.112129,0][1.13314,-0.658581,-0.845365][0.837998,-0.0660156,-0.541665][0.441836,0.183624,0][1.28305,-0.478693,-0.676422][0.864278,-0.000835635,-0.503013][0.455945,0.246775,0][1.2798,-0.771504,-0.579091][0.698624,-0.126439,-0.704229][0.507874,0.138327,0][1.2798,-0.771504,-0.579091][0.698624,-0.126439,-0.704229][0.507874,0.138327,0][1.188,-0.880548,-0.738083][0.888777,-0.0710331,-0.452802][0.473562,0.112129,0][1.13314,-0.658581,-0.845365][0.837998,-0.0660156,-0.541665][0.441836,0.183624,0][1.28305,-0.478693,-0.676422][0.864278,-0.000835635,-0.503013][0.455945,0.246775,0][1.13314,-0.658581,-0.845365][0.837998,-0.0660156,-0.541665][0.441836,0.183624,0][1.0281,-0.388344,-1.03605][0.834504,-0.0370015,-0.549758][0.385464,0.228821,0][1.0281,-0.388344,-1.03605][0.834504,-0.0370015,-0.549758][0.385464,0.228821,0][1.18653,-0.0562719,-0.715157][0.602788,-0.636907,-0.480621][0.420604,0.330066,0][1.28305,-0.478693,-0.676422][0.864278,-0.000835635,-0.503013][0.455945,0.246775,0][0.942832,-0.200378,-1.1749][0.794991,-0.0144339,-0.60645][0.333598,0.26027,0][0.803625,-0.0962019,-1.33417][0.613109,-0.116171,-0.78141][0.242557,0.265411,0][0.821311,-0.0171869,-1.33381][0.508447,-0.650616,-0.564075][0.237801,0.285112,0][0.821311,-0.0171869,-1.33381][0.508447,-0.650616,-0.564075][0.237801,0.285112,0][1.00636,-0.0098169,-1.08505][0.630555,-0.655196,-0.416075][0.338416,0.314865,0][0.942832,-0.200378,-1.1749][0.794991,-0.0144339,-0.60645][0.333598,0.26027,0][1.41044,0.420485,0.152438][0.650908,0.755653,0.0728557][0.51735,0.678138,0][1.62634,0.555128,0.594218][0.742322,0.599702,0.298858][0.581754,0.677534,0][1.81853,0.170618,0.439895][0.919934,0.349482,0.177718][0.606115,0.594794,0][1.81853,0.170618,0.439895][0.919934,0.349482,0.177718][0.606115,0.594794,0][1.73474,0.134945,0.072692][0.881876,0.336919,0.329819][0.564613,0.535613,0][1.41044,0.420485,0.152438][0.650908,0.755653,0.0728557][0.51735,0.678138,0][1.62634,0.555128,0.594218][0.742322,0.599702,0.298858][0.581754,0.677534,0][1.15522,0.186647,0.848265][0.740142,0.2547,0.622349][0.640926,0.69218,0][1.4158,-0.158873,0.786299][0.573748,0.105832,0.812166][0.668465,0.610843,0][1.4158,-0.158873,0.786299][0.573748,0.105832,0.812166][0.668465,0.610843,0][1.81853,0.170618,0.439895][0.919934,0.349482,0.177718][0.606115,0.594794,0][1.62634,0.555128,0.594218][0.742322,0.599702,0.298858][0.581754,0.677534,0][1.15522,0.186647,0.848265][0.740142,0.2547,0.622349][0.640926,0.69218,0][1.23646,0.153304,1.34037][0.789663,0.0935882,0.606361][0.685375,0.731903,0][1.00409,-0.231317,1.17344][0.591487,0.083489,0.80198][0.727812,0.650928,0][1.00409,-0.231317,1.17344][0.591487,0.083489,0.80198][0.727812,0.650928,0][1.4158,-0.158873,0.786299][0.573748,0.105832,0.812166][0.668465,0.610843,0][1.15522,0.186647,0.848265][0.740142,0.2547,0.622349][0.640926,0.69218,0][0.942331,-0.524189,-1.09737][-0.920222,-0.375703,-0.10972][0.684749,0.144142,0][1.02741,-0.185207,-0.972108][-0.852521,-0.240379,0.464141][0.695889,0.117348,0][0.876608,-0.34589,-1.22911][-0.814561,-0.576653,-0.0629454][0.660126,0.135807,0][0.960633,-0.523888,-1.10752][0.2978,-0.411006,-0.86162][0.368381,0.197316,0][0.942331,-0.524189,-1.09737][-0.920222,-0.375703,-0.10972][0.367455,0.193246,0][0.876608,-0.34589,-1.22911][-0.814561,-0.576653,-0.0629454][0.313345,0.225198,0][0.876608,-0.34589,-1.22911][-0.814561,-0.576653,-0.0629454][0.313345,0.225198,0][0.891874,-0.343851,-1.24197][0.308768,-0.446883,-0.839618][0.31413,0.230177,0][0.960633,-0.523888,-1.10752][0.2978,-0.411006,-0.86162][0.368381,0.197316,0][1.0281,-0.388344,-1.03605][0.834504,-0.0370015,-0.549758][0.385464,0.228821,0][0.960633,-0.523888,-1.10752][0.2978,-0.411006,-0.86162][0.368381,0.197316,0][0.891874,-0.343851,-1.24197][0.308768,-0.446883,-0.839618][0.31413,0.230177,0][0.891874,-0.343851,-1.24197][0.308768,-0.446883,-0.839618][0.31413,0.230177,0][0.942832,-0.200378,-1.1749][0.794991,-0.0144339,-0.60645][0.333598,0.26027,0][1.0281,-0.388344,-1.03605][0.834504,-0.0370015,-0.549758][0.385464,0.228821,0][1.00636,-0.0098169,-1.08505][0.630555,-0.655196,-0.416075][0.338416,0.314865,0][1.18653,-0.0562719,-0.715157][0.602788,-0.636907,-0.480621][0.420604,0.330066,0][1.0281,-0.388344,-1.03605][0.834504,-0.0370015,-0.549758][0.385464,0.228821,0][1.0281,-0.388344,-1.03605][0.834504,-0.0370015,-0.549758][0.385464,0.228821,0][0.942832,-0.200378,-1.1749][0.794991,-0.0144339,-0.60645][0.333598,0.26027,0][1.00636,-0.0098169,-1.08505][0.630555,-0.655196,-0.416075][0.338416,0.314865,0][0.996441,0.389755,-0.898217][0.760598,0.648706,0.0259032][0.32584,0.447109,0][0.988782,0.56213,-0.905093][0.720607,-0.245136,-0.648563][0.324559,0.46497,0][1.30468,0.330326,-0.562869][0.524071,-0.485274,-0.699899][0.418901,0.438393,0][1.30468,0.330326,-0.562869][0.524071,-0.485274,-0.699899][0.418901,0.438393,0][1.15876,0.169636,-0.633666][0.773637,0.633107,-0.0257159][0.426003,0.407706,0][0.996441,0.389755,-0.898217][0.760598,0.648706,0.0259032][0.32584,0.447109,0][1.31036,0.0173282,-0.291308][0.700587,0.0803711,-0.709026][0.456894,0.395547,0][1.15876,0.169636,-0.633666][0.773637,0.633107,-0.0257159][0.426003,0.407706,0][1.30468,0.330326,-0.562869][0.524071,-0.485274,-0.699899][0.418901,0.438393,0][1.30468,0.330326,-0.562869][0.524071,-0.485274,-0.699899][0.418901,0.438393,0][1.50141,0.0876822,-0.234936][0.39766,-0.258449,-0.880381][0.475727,0.410095,0][1.31036,0.0173282,-0.291308][0.700587,0.0803711,-0.709026][0.456894,0.395547,0][1.41044,0.420485,0.152438][0.650908,0.755653,0.0728557][0.51735,0.678138,0][1.73474,0.134945,0.072692][0.881876,0.336919,0.329819][0.564613,0.535613,0][1.9048,0.276059,-0.16234][0.998518,0.0543449,0.00301012][0.52787,0.476177,0][1.9048,0.276059,-0.16234][0.998518,0.0543449,0.00301012][0.52787,0.476177,0][1.41304,0.655262,-0.161998][0.608799,0.615846,0.500098][0.460067,0.682173,0][1.41044,0.420485,0.152438][0.650908,0.755653,0.0728557][0.51735,0.678138,0][1.21376,-1.08767,-0.518648][-0.735262,-0.518432,0.436598][0.530848,0.049698,0][1.16152,-1.16134,-0.648248][-0.628683,-0.720716,0.292106][0.489651,0.018742,0][1.19064,-1.15978,-0.649947][0.610829,-0.790104,-0.0512171][0.490741,0.027363,0][1.19064,-1.15978,-0.649947][0.610829,-0.790104,-0.0512171][0.490741,0.027363,0][1.25469,-1.09371,-0.514974][0.418451,-0.892263,-0.169603][0.52892,0.059315,0][1.21376,-1.08767,-0.518648][-0.735262,-0.518432,0.436598][0.530848,0.049698,0][1.16152,-1.16134,-0.648248][-0.628683,-0.720716,0.292106][0.489651,0.018742,0][1.13298,-1.14637,-0.753339][-0.690893,-0.673015,-0.264041][0.466177,0.030529,0][1.15347,-1.14395,-0.758857][0.458753,-0.635294,-0.621247][0.468736,0.034874,0][1.15347,-1.14395,-0.758857][0.458753,-0.635294,-0.621247][0.468736,0.034874,0][1.19064,-1.15978,-0.649947][0.610829,-0.790104,-0.0512171][0.490741,0.027363,0][1.16152,-1.16134,-0.648248][-0.628683,-0.720716,0.292106][0.489651,0.018742,0][0,0.140047,-1.61553][0,0.345827,-0.938298][0.008877,0.301385,0][0,0.299099,-1.51193][0,-0.423431,-0.905928][0.008308,0.340178,0][0.117528,0.264267,-1.52545][-0.353096,-0.309433,-0.882935][0.041012,0.338475,0][0.117528,0.264267,-1.52545][-0.353096,-0.309433,-0.882935][0.041012,0.338475,0][0.150857,0.116684,-1.61047][0.244478,0.316845,-0.916428][0.041662,0.296679,0][0,0.140047,-1.61553][0,0.345827,-0.938298][0.008877,0.301385,0][0.153199,-0.023756,-1.61463][0.0656201,-0.495058,-0.866379][0.041722,0.261442,0][0.151284,-0.0313271,-1.59675][-0.234572,-0.95547,0.179034][0.041708,0.256225,0][0,-0.0202831,-1.61461][1.43738e-007,-0.987251,0.159171][0.009314,0.261758,0][0,-0.0202831,-1.61461][1.43738e-007,-0.987251,0.159171][0.009314,0.261758,0][0,-0.0122521,-1.63268][0,-0.474842,-0.880071][0.009464,0.266808,0][0.153199,-0.023756,-1.61463][0.0656201,-0.495058,-0.866379][0.041722,0.261442,0][0,0.177421,-1.42815][0,-0.764793,0.644277][0.609318,0.022028,0][0,-0.0202831,-1.61461][1.43738e-007,-0.987251,0.159171][0.599398,0.021624,0][0.151284,-0.0313271,-1.59675][-0.234572,-0.95547,0.179034][0.601917,0.04139,0][0,-0.0122521,-1.63268][0,-0.474842,-0.880071][0.009464,0.266808,0][0,0.140047,-1.61553][0,0.345827,-0.938298][0.008877,0.301385,0][0.150857,0.116684,-1.61047][0.244478,0.316845,-0.916428][0.041662,0.296679,0][0.150857,0.116684,-1.61047][0.244478,0.316845,-0.916428][0.041662,0.296679,0][0.153199,-0.023756,-1.61463][0.0656201,-0.495058,-0.866379][0.041722,0.261442,0][0,-0.0122521,-1.63268][0,-0.474842,-0.880071][0.009464,0.266808,0][0.153199,-0.023756,-1.61463][0.0656201,-0.495058,-0.866379][0.041722,0.261442,0][0.150857,0.116684,-1.61047][0.244478,0.316845,-0.916428][0.041662,0.296679,0][0.35563,0.00535399,-1.56301][0.299951,0.0722818,-0.951212][0.115802,0.276137,0][0.35563,0.00535399,-1.56301][0.299951,0.0722818,-0.951212][0.115802,0.276137,0][0.357215,-0.100155,-1.55496][0.13725,-0.622066,-0.770841][0.11348,0.250781,0][0.153199,-0.023756,-1.61463][0.0656201,-0.495058,-0.866379][0.041722,0.261442,0][0.607659,-0.042403,-1.4675][0.457696,-0.0488394,-0.887766][0.161011,0.2637,0][0.60133,-0.10211,-1.45396][0.257577,-0.616082,-0.744377][0.161647,0.24887,0][0.357215,-0.100155,-1.55496][0.13725,-0.622066,-0.770841][0.11348,0.250781,0][0.357215,-0.100155,-1.55496][0.13725,-0.622066,-0.770841][0.11348,0.250781,0][0.35563,0.00535399,-1.56301][0.299951,0.0722818,-0.951212][0.115802,0.276137,0][0.607659,-0.042403,-1.4675][0.457696,-0.0488394,-0.887766][0.161011,0.2637,0][0.60133,-0.10211,-1.45396][0.257577,-0.616082,-0.744377][0.161647,0.24887,0][0.607659,-0.042403,-1.4675][0.457696,-0.0488394,-0.887766][0.161011,0.2637,0][0.803625,-0.0962019,-1.33417][0.613109,-0.116171,-0.78141][0.242557,0.265411,0][0.803625,-0.0962019,-1.33417][0.613109,-0.116171,-0.78141][0.242557,0.265411,0][0.778003,-0.210676,-1.3413][0.234545,-0.528599,-0.815826][0.239624,0.242313,0][0.60133,-0.10211,-1.45396][0.257577,-0.616082,-0.744377][0.161647,0.24887,0][0.942832,-0.200378,-1.1749][0.794991,-0.0144339,-0.60645][0.333598,0.26027,0][0.891874,-0.343851,-1.24197][0.308768,-0.446883,-0.839618][0.31413,0.230177,0][0.778003,-0.210676,-1.3413][0.234545,-0.528599,-0.815826][0.239624,0.242313,0][0.778003,-0.210676,-1.3413][0.234545,-0.528599,-0.815826][0.239624,0.242313,0][0.803625,-0.0962019,-1.33417][0.613109,-0.116171,-0.78141][0.242557,0.265411,0][0.942832,-0.200378,-1.1749][0.794991,-0.0144339,-0.60645][0.333598,0.26027,0][1.9048,0.276059,-0.16234][0.998518,0.0543449,0.00301012][0.52787,0.476177,0][1.50141,0.0876822,-0.234936][0.39766,-0.258449,-0.880381][0.475727,0.410095,0][1.30468,0.330326,-0.562869][0.524071,-0.485274,-0.699899][0.418901,0.438393,0][1.30468,0.330326,-0.562869][0.524071,-0.485274,-0.699899][0.418901,0.438393,0][2.00411,0.715785,-0.591312][0.937442,0.229968,-0.261377][0.437617,0.587818,0][1.9048,0.276059,-0.16234][0.998518,0.0543449,0.00301012][0.52787,0.476177,0][1.57913,1.06049,-0.879113][0.826509,0.494119,-0.269683][0.340759,0.580701,0][2.00411,0.715785,-0.591312][0.937442,0.229968,-0.261377][0.437617,0.587818,0][1.30468,0.330326,-0.562869][0.524071,-0.485274,-0.699899][0.418901,0.438393,0][1.30468,0.330326,-0.562869][0.524071,-0.485274,-0.699899][0.418901,0.438393,0][0.988782,0.56213,-0.905093][0.720607,-0.245136,-0.648563][0.324559,0.46497,0][1.57913,1.06049,-0.879113][0.826509,0.494119,-0.269683][0.340759,0.580701,0][0.839049,0.719824,-1.13909][0.599135,-0.0853033,-0.796091][0.247042,0.490784,0][1.36351,1.31575,-1.18305][0.664209,0.599948,-0.445969][0.244145,0.638749,0][1.57913,1.06049,-0.879113][0.826509,0.494119,-0.269683][0.340759,0.580701,0][1.57913,1.06049,-0.879113][0.826509,0.494119,-0.269683][0.340759,0.580701,0][0.988782,0.56213,-0.905093][0.720607,-0.245136,-0.648563][0.324559,0.46497,0][0.839049,0.719824,-1.13909][0.599135,-0.0853033,-0.796091][0.247042,0.490784,0][0.928274,1.42173,-1.31672][0.646422,0.613427,-0.453703][0.153869,0.606875,0][1.36351,1.31575,-1.18305][0.664209,0.599948,-0.445969][0.244145,0.638749,0][0.839049,0.719824,-1.13909][0.599135,-0.0853033,-0.796091][0.247042,0.490784,0][0.839049,0.719824,-1.13909][0.599135,-0.0853033,-0.796091][0.247042,0.490784,0][0.569941,0.871644,-1.37358][0.333634,-0.336823,-0.880476][0.162979,0.516021,0][0.928274,1.42173,-1.31672][0.646422,0.613427,-0.453703][0.153869,0.606875,0][0.928274,1.42173,-1.31672][0.646422,0.613427,-0.453703][0.153869,0.606875,0][0.569941,0.871644,-1.37358][0.333634,-0.336823,-0.880476][0.162979,0.516021,0][0.252743,0.969368,-1.49081][0.0816198,-0.298234,-0.950997][0.064035,0.530059,0][0.252743,0.969368,-1.49081][0.0816198,-0.298234,-0.950997][0.064035,0.530059,0][0.599678,1.79055,-1.57685][0.320667,0.796751,-0.512212][0.087697,0.702565,0][0.928274,1.42173,-1.31672][0.646422,0.613427,-0.453703][0.153869,0.606875,0][-2.38797e-007,1.58148,-1.47375][-1.34781e-007,0.777739,-0.628587][0.00563,0.665798,0][0.599678,1.79055,-1.57685][0.320667,0.796751,-0.512212][0.087697,0.702565,0][0.252743,0.969368,-1.49081][0.0816198,-0.298234,-0.950997][0.064035,0.530059,0][0.252743,0.969368,-1.49081][0.0816198,-0.298234,-0.950997][0.064035,0.530059,0][-1.4529e-007,0.96221,-1.48195][0,-0.296198,-0.955126][0.007089,0.516729,0][-2.38797e-007,1.58148,-1.47375][-1.34781e-007,0.777739,-0.628587][0.00563,0.665798,0][1.89334,-0.291149,-0.082864][0.999958,0.00562051,0.0072679][0.554143,0.349022,0][1.53189,-0.155993,-0.265115][0.461849,0.269023,-0.845176][0.503371,0.36424,0][1.50141,0.0876822,-0.234936][0.39766,-0.258449,-0.880381][0.475727,0.410095,0][1.50141,0.0876822,-0.234936][0.39766,-0.258449,-0.880381][0.475727,0.410095,0][1.9048,0.276059,-0.16234][0.998518,0.0543449,0.00301012][0.52787,0.476177,0][1.89334,-0.291149,-0.082864][0.999958,0.00562051,0.0072679][0.554143,0.349022,0][1.45366,-0.288273,-0.37828][0.434765,0.467019,-0.769982][0.493866,0.322381,0][1.53189,-0.155993,-0.265115][0.461849,0.269023,-0.845176][0.503371,0.36424,0][1.89334,-0.291149,-0.082864][0.999958,0.00562051,0.0072679][0.554143,0.349022,0][1.89334,-0.291149,-0.082864][0.999958,0.00562051,0.0072679][0.554143,0.349022,0][1.85239,-0.67705,-0.446115][0.836817,-0.144035,-0.528197][0.542509,0.245271,0][1.45366,-0.288273,-0.37828][0.434765,0.467019,-0.769982][0.493866,0.322381,0][1.0127,0.753772,0.228332][0.560161,0.791571,0.244204][0.43306,0.822595,0][1.41044,0.420485,0.152438][0.650908,0.755653,0.0728557][0.51735,0.678138,0][1.41304,0.655262,-0.161998][0.608799,0.615846,0.500098][0.460067,0.682173,0][1.41304,0.655262,-0.161998][0.608799,0.615846,0.500098][0.460067,0.682173,0][1.18965,1.13327,-0.128517][0.57067,0.784036,0.244176][0.322091,0.817831,0][1.0127,0.753772,0.228332][0.560161,0.791571,0.244204][0.43306,0.822595,0][1.18965,1.13327,-0.128517][0.57067,0.784036,0.244176][0.322091,0.817831,0][0.657171,1.21233,-0.198674][0.37985,0.899208,0.217117][0.26707,0.853964,0][0.553133,1.07274,0.197296][0.295804,0.887365,0.353671][0.400291,0.872225,0][0.553133,1.07274,0.197296][0.295804,0.887365,0.353671][0.400291,0.872225,0][1.0127,0.753772,0.228332][0.560161,0.791571,0.244204][0.43306,0.822595,0][1.18965,1.13327,-0.128517][0.57067,0.784036,0.244176][0.322091,0.817831,0][0.270563,1.13563,0.190958][0.267052,0.902163,0.3388][0.343739,0.929301,0][0.553133,1.07274,0.197296][0.295804,0.887365,0.353671][0.400291,0.872225,0][0.657171,1.21233,-0.198674][0.37985,0.899208,0.217117][0.26707,0.853964,0][0.657171,1.21233,-0.198674][0.37985,0.899208,0.217117][0.26707,0.853964,0][0.31657,1.48858,-0.166253][0.272703,0.896174,0.350008][0.195677,0.902656,0][0.270563,1.13563,0.190958][0.267052,0.902163,0.3388][0.343739,0.929301,0][-2.15902e-007,1.42985,-0.135205][0,0.893369,0.449324][0.124754,0.944557,0][-1.79589e-007,1.18936,0.241924][0,0.960332,0.278859][0.29953,0.981134,0][0.270563,1.13563,0.190958][0.267052,0.902163,0.3388][0.343739,0.929301,0][0.270563,1.13563,0.190958][0.267052,0.902163,0.3388][0.343739,0.929301,0][0.31657,1.48858,-0.166253][0.272703,0.896174,0.350008][0.195677,0.902656,0][-2.15902e-007,1.42985,-0.135205][0,0.893369,0.449324][0.124754,0.944557,0][1.41304,0.655262,-0.161998][0.608799,0.615846,0.500098][0.460067,0.682173,0][1.9048,0.276059,-0.16234][0.998518,0.0543449,0.00301012][0.52787,0.476177,0][2.00411,0.715785,-0.591312][0.937442,0.229968,-0.261377][0.437617,0.587818,0][2.00411,0.715785,-0.591312][0.937442,0.229968,-0.261377][0.437617,0.587818,0][1.35759,0.846057,-0.500795][0.461598,0.831233,0.309804][0.397913,0.692604,0][1.41304,0.655262,-0.161998][0.608799,0.615846,0.500098][0.460067,0.682173,0][0.939936,1.08747,-0.514596][0.418592,0.907244,0.0410949][0.269388,0.76039,0][1.35759,0.846057,-0.500795][0.461598,0.831233,0.309804][0.397913,0.692604,0][1.17611,1.02713,-0.715058][0.320431,0.839772,0.4383][0.322235,0.680985,0][1.17611,1.02713,-0.715058][0.320431,0.839772,0.4383][0.322235,0.680985,0][1.06359,1.13941,-0.847915][0.283108,0.862556,0.419342][0.229663,0.693506,0][0.939936,1.08747,-0.514596][0.418592,0.907244,0.0410949][0.269388,0.76039,0][0.606793,1.26587,-0.546874][0.483814,0.868877,0.10477][0.186966,0.802948,0][0.939936,1.08747,-0.514596][0.418592,0.907244,0.0410949][0.269388,0.76039,0][1.06359,1.13941,-0.847915][0.283108,0.862556,0.419342][0.229663,0.693506,0][1.06359,1.13941,-0.847915][0.283108,0.862556,0.419342][0.229663,0.693506,0][0.729277,1.33009,-1.01612][0.315845,0.884048,0.34453][0.15389,0.707657,0][0.606793,1.26587,-0.546874][0.483814,0.868877,0.10477][0.186966,0.802948,0][0.606793,1.26587,-0.546874][0.483814,0.868877,0.10477][0.186966,0.802948,0][0.729277,1.33009,-1.01612][0.315845,0.884048,0.34453][0.15389,0.707657,0][0.325525,1.48731,-1.06386][0.17009,0.946418,0.274523][0.086301,0.762916,0][0.325525,1.48731,-1.06386][0.17009,0.946418,0.274523][0.086301,0.762916,0][0.291337,1.45996,-0.586275][0.318165,0.948031,0.00279441][0.113518,0.830947,0][0.606793,1.26587,-0.546874][0.483814,0.868877,0.10477][0.186966,0.802948,0][-2.29919e-007,1.52268,-1.07264][-1.84475e-007,0.994574,0.104036][0.012396,0.772179,0][-2.25393e-007,1.49271,-0.51298][-1.47772e-007,0.999341,0.0363017][0.049309,0.85679,0][0.291337,1.45996,-0.586275][0.318165,0.948031,0.00279441][0.113518,0.830947,0][0.291337,1.45996,-0.586275][0.318165,0.948031,0.00279441][0.113518,0.830947,0][0.325525,1.48731,-1.06386][0.17009,0.946418,0.274523][0.086301,0.762916,0][-2.29919e-007,1.52268,-1.07264][-1.84475e-007,0.994574,0.104036][0.012396,0.772179,0][1.53189,-0.155993,-0.265115][0.461849,0.269023,-0.845176][0.503371,0.36424,0][1.45366,-0.288273,-0.37828][0.434765,0.467019,-0.769982][0.493866,0.322381,0][1.33534,-0.194647,-0.363817][0.713962,0.26735,-0.647134][0.475876,0.338963,0][1.33534,-0.194647,-0.363817][0.713962,0.26735,-0.647134][0.475876,0.338963,0][1.35444,-0.0902668,-0.332265][0.710776,0.226715,-0.665881][0.484675,0.364025,0][1.53189,-0.155993,-0.265115][0.461849,0.269023,-0.845176][0.503371,0.36424,0][1.50141,0.0876822,-0.234936][0.39766,-0.258449,-0.880381][0.475727,0.410095,0][1.53189,-0.155993,-0.265115][0.461849,0.269023,-0.845176][0.503371,0.36424,0][1.35444,-0.0902668,-0.332265][0.710776,0.226715,-0.665881][0.484675,0.364025,0][1.35444,-0.0902668,-0.332265][0.710776,0.226715,-0.665881][0.484675,0.364025,0][1.31036,0.0173282,-0.291308][0.700587,0.0803711,-0.709026][0.456894,0.395547,0][1.50141,0.0876822,-0.234936][0.39766,-0.258449,-0.880381][0.475727,0.410095,0][1.33534,-0.194647,-0.363817][0.713962,0.26735,-0.647134][0.475876,0.338963,0][1.45366,-0.288273,-0.37828][0.434765,0.467019,-0.769982][0.493866,0.322381,0][1.28305,-0.478693,-0.676422][0.864278,-0.000835635,-0.503013][0.455945,0.246775,0][1.28305,-0.478693,-0.676422][0.864278,-0.000835635,-0.503013][0.455945,0.246775,0][1.18653,-0.0562719,-0.715157][0.602788,-0.636907,-0.480621][0.420604,0.330066,0][1.33534,-0.194647,-0.363817][0.713962,0.26735,-0.647134][0.475876,0.338963,0][1.2798,-0.771504,-0.579091][0.698624,-0.126439,-0.704229][0.507874,0.138327,0][1.28305,-0.478693,-0.676422][0.864278,-0.000835635,-0.503013][0.455945,0.246775,0][1.45366,-0.288273,-0.37828][0.434765,0.467019,-0.769982][0.493866,0.322381,0][1.45366,-0.288273,-0.37828][0.434765,0.467019,-0.769982][0.493866,0.322381,0][1.85239,-0.67705,-0.446115][0.836817,-0.144035,-0.528197][0.542509,0.245271,0][1.2798,-0.771504,-0.579091][0.698624,-0.126439,-0.704229][0.507874,0.138327,0][1.71268,-0.271162,0.110247][0.998733,-0.0175583,0.0471516][0.587322,0.445951,0][1.98399,-0.333449,0.460282][0.97678,-0.0353848,0.211303][0.629794,0.519033,0][1.89778,-0.582141,0.378434][0.968626,-0.209425,0.133807][0.66031,0.454471,0][1.89778,-0.582141,0.378434][0.968626,-0.209425,0.133807][0.66031,0.454471,0][1.68152,-0.589255,0.018532][0.956733,-0.282238,-0.0707419][0.614947,0.370347,0][1.71268,-0.271162,0.110247][0.998733,-0.0175583,0.0471516][0.587322,0.445951,0][1.89778,-0.582141,0.378434][0.968626,-0.209425,0.133807][0.66031,0.454471,0][1.98399,-0.333449,0.460282][0.97678,-0.0353848,0.211303][0.629794,0.519033,0][1.42644,-0.462104,0.77396][0.72271,-0.160171,0.672335][0.684157,0.557707,0][1.42644,-0.462104,0.77396][0.72271,-0.160171,0.672335][0.684157,0.557707,0][1.3635,-0.675396,0.689348][0.711861,-0.3704,0.596706][0.720806,0.501105,0][1.89778,-0.582141,0.378434][0.968626,-0.209425,0.133807][0.66031,0.454471,0][1.3635,-0.675396,0.689348][0.711861,-0.3704,0.596706][0.720806,0.501105,0][1.42644,-0.462104,0.77396][0.72271,-0.160171,0.672335][0.684157,0.557707,0][1.21786,-0.57315,1.36064][0.576086,0.0468157,0.816047][0.760571,0.5926,0][1.21786,-0.57315,1.36064][0.576086,0.0468157,0.816047][0.760571,0.5926,0][1.08789,-0.905032,1.21451][0.53103,-0.286526,0.797439][0.789729,0.537264,0][1.3635,-0.675396,0.689348][0.711861,-0.3704,0.596706][0.720806,0.501105,0][1.08789,-0.905032,1.21451][0.53103,-0.286526,0.797439][0.789729,0.537264,0][1.21786,-0.57315,1.36064][0.576086,0.0468157,0.816047][0.760571,0.5926,0][0.638966,-0.629026,1.33529][0.427522,-0.156494,0.890356][0.828534,0.636793,0][0.638966,-0.629026,1.33529][0.427522,-0.156494,0.890356][0.828534,0.636793,0][0.626411,-0.93589,1.25023][0.350987,-0.344382,0.870752][0.85991,0.551896,0][1.08789,-0.905032,1.21451][0.53103,-0.286526,0.797439][0.789729,0.537264,0][0.638966,-0.629026,1.33529][0.427522,-0.156494,0.890356][0.828534,0.636793,0][0.340718,-0.651741,1.66582][0.203065,-0.220543,0.954005][0.891283,0.691462,0][0.317083,-0.97857,1.47045][0.212433,-0.311179,0.926304][0.925378,0.580317,0][0.317083,-0.97857,1.47045][0.212433,-0.311179,0.926304][0.925378,0.580317,0][0.626411,-0.93589,1.25023][0.350987,-0.344382,0.870752][0.85991,0.551896,0][0.638966,-0.629026,1.33529][0.427522,-0.156494,0.890356][0.828534,0.636793,0][0.317083,-0.97857,1.47045][0.212433,-0.311179,0.926304][0.925378,0.580317,0][0.340718,-0.651741,1.66582][0.203065,-0.220543,0.954005][0.891283,0.691462,0][0,-0.659788,1.48662][0,-0.297515,0.954717][0.959439,0.729416,0][0,-0.659788,1.48662][0,-0.297515,0.954717][0.959439,0.729416,0][1.51377e-007,-1.00252,1.36781][0,-0.266551,0.963821][0.992137,0.584809,0][0.317083,-0.97857,1.47045][0.212433,-0.311179,0.926304][0.925378,0.580317,0][1.89334,-0.291149,-0.082864][0.999958,0.00562051,0.0072679][0.554143,0.349022,0][1.9048,0.276059,-0.16234][0.998518,0.0543449,0.00301012][0.52787,0.476177,0][1.73474,0.134945,0.072692][0.881876,0.336919,0.329819][0.564613,0.535613,0][1.73474,0.134945,0.072692][0.881876,0.336919,0.329819][0.564613,0.535613,0][1.71268,-0.271162,0.110247][0.998733,-0.0175583,0.0471516][0.587322,0.445951,0][1.89334,-0.291149,-0.082864][0.999958,0.00562051,0.0072679][0.554143,0.349022,0][1.35759,0.846057,-0.500795][0.461598,0.831233,0.309804][0.397913,0.692604,0][2.00411,0.715785,-0.591312][0.937442,0.229968,-0.261377][0.437617,0.587818,0][1.57913,1.06049,-0.879113][0.826509,0.494119,-0.269683][0.340759,0.580701,0][1.57913,1.06049,-0.879113][0.826509,0.494119,-0.269683][0.340759,0.580701,0][1.17611,1.02713,-0.715058][0.320431,0.839772,0.4383][0.322235,0.680985,0][1.35759,0.846057,-0.500795][0.461598,0.831233,0.309804][0.397913,0.692604,0][1.24183,-1.03249,-0.096261][-0.976437,-0.0865476,-0.197687][0.822203,0.169557,0][1.2633,-1.00096,-0.308984][-0.96519,-0.2484,0.0818938][0.798492,0.178682,0][1.29927,-1.05034,-0.319874][-0.511003,-0.859515,0.0104919][0.800873,0.190182,0][1.29927,-1.05034,-0.319874][-0.511003,-0.859515,0.0104919][0.800873,0.190182,0][1.27636,-1.16523,-0.104191][-0.603024,-0.5266,-0.599211][0.831439,0.187067,0][1.24183,-1.03249,-0.096261][-0.976437,-0.0865476,-0.197687][0.822203,0.169557,0][1.2633,-1.00096,-0.308984][-0.96519,-0.2484,0.0818938][0.798492,0.178682,0][1.27552,-0.743434,-0.299254][-0.99693,0.0339243,0.070566][0.786112,0.149009,0][1.20466,-0.829094,-0.60967][-0.950082,0.0495009,0.308049][0.758934,0.157027,0][1.20466,-0.829094,-0.60967][-0.950082,0.0495009,0.308049][0.758934,0.157027,0][1.21179,-1.03167,-0.53836][-0.959457,0.0585371,0.275708][0.775978,0.173203,0][1.2633,-1.00096,-0.308984][-0.96519,-0.2484,0.0818938][0.798492,0.178682,0][1.15033,-1.54722,0.170842][0.389737,-0.874462,-0.288826][0.73379,0.263858,0][1.1306,-1.54336,0.163857][-0.448032,-0.499689,-0.741335][0.733236,0.257378,0][1.27636,-1.16523,-0.104191][-0.603024,-0.5266,-0.599211][0.655598,0.218176,0][1.27636,-1.16523,-0.104191][-0.603024,-0.5266,-0.599211][0.655598,0.218176,0][1.31513,-1.16281,-0.105955][0.343966,-0.787193,-0.511874][0.650456,0.229211,0][1.15033,-1.54722,0.170842][0.389737,-0.874462,-0.288826][0.73379,0.263858,0][1.31513,-1.16281,-0.105955][0.343966,-0.787193,-0.511874][0.650456,0.229211,0][1.27636,-1.16523,-0.104191][-0.603024,-0.5266,-0.599211][0.655598,0.218176,0][1.29927,-1.05034,-0.319874][-0.511003,-0.859515,0.0104919][0.58586,0.099577,0][1.29927,-1.05034,-0.319874][-0.511003,-0.859515,0.0104919][0.58586,0.099577,0][1.33225,-1.05404,-0.320482][-0.0478967,-0.991063,-0.124502][0.584211,0.105961,0][1.31513,-1.16281,-0.105955][0.343966,-0.787193,-0.511874][0.650456,0.229211,0][1.29927,-1.05034,-0.319874][-0.511003,-0.859515,0.0104919][0.58586,0.099577,0][1.21376,-1.08767,-0.518648][-0.735262,-0.518432,0.436598][0.530848,0.049698,0][1.25469,-1.09371,-0.514974][0.418451,-0.892263,-0.169603][0.52892,0.059315,0][1.25469,-1.09371,-0.514974][0.418451,-0.892263,-0.169603][0.52892,0.059315,0][1.33225,-1.05404,-0.320482][-0.0478967,-0.991063,-0.124502][0.584211,0.105961,0][1.29927,-1.05034,-0.319874][-0.511003,-0.859515,0.0104919][0.58586,0.099577,0][1.31513,-1.16281,-0.105955][0.343966,-0.787193,-0.511874][0.650456,0.229211,0][1.70029,-1.21269,0.335161][0.742392,-0.65055,0.160123][0.703556,0.337497,0][1.15033,-1.54722,0.170842][0.389737,-0.874462,-0.288826][0.73379,0.263858,0][1.31513,-1.16281,-0.105955][0.343966,-0.787193,-0.511874][0.650456,0.229211,0][1.33225,-1.05404,-0.320482][-0.0478967,-0.991063,-0.124502][0.584211,0.105961,0][1.60215,-1.05396,-0.315528][0.638023,-0.75667,-0.142746][0.56921,0.146965,0][1.60215,-1.05396,-0.315528][0.638023,-0.75667,-0.142746][0.56921,0.146965,0][1.33225,-1.05404,-0.320482][-0.0478967,-0.991063,-0.124502][0.584211,0.105961,0][1.25469,-1.09371,-0.514974][0.418451,-0.892263,-0.169603][0.52892,0.059315,0][1.2633,-1.00096,-0.308984][-0.96519,-0.2484,0.0818938][0.798492,0.178682,0][1.21179,-1.03167,-0.53836][-0.959457,0.0585371,0.275708][0.775978,0.173203,0][1.21376,-1.08767,-0.518648][-0.735262,-0.518432,0.436598][0.780723,0.178869,0][1.21376,-1.08767,-0.518648][-0.735262,-0.518432,0.436598][0.780723,0.178869,0][1.29927,-1.05034,-0.319874][-0.511003,-0.859515,0.0104919][0.800873,0.190182,0][1.2633,-1.00096,-0.308984][-0.96519,-0.2484,0.0818938][0.798492,0.178682,0][1.16152,-1.16134,-0.648248][-0.628683,-0.720716,0.292106][0.770322,0.171867,0][1.21376,-1.08767,-0.518648][-0.735262,-0.518432,0.436598][0.780723,0.178869,0][1.21179,-1.03167,-0.53836][-0.959457,0.0585371,0.275708][0.775978,0.173203,0][1.21179,-1.03167,-0.53836][-0.959457,0.0585371,0.275708][0.775978,0.173203,0][1.13298,-1.14637,-0.753339][-0.690893,-0.673015,-0.264041][0.757732,0.168126,0][1.16152,-1.16134,-0.648248][-0.628683,-0.720716,0.292106][0.770322,0.171867,0][0.252743,0.969368,-1.49081][0.0816198,-0.298234,-0.950997][0.064035,0.530059,0][0.39128,0.754314,-1.33209][0.204616,0.640259,-0.740406][0.115127,0.480736,0][0.257869,0.76425,-1.35036][0.0816156,0.627425,-0.774388][0.074846,0.480566,0][-1.4529e-007,0.96221,-1.48195][0,-0.296198,-0.955126][0.007089,0.516729,0][0.252743,0.969368,-1.49081][0.0816198,-0.298234,-0.950997][0.064035,0.530059,0][0.125973,0.765278,-1.34995][0.00425699,0.624788,-0.780783][0.040194,0.482258,0][0.125973,0.765278,-1.34995][0.00425699,0.624788,-0.780783][0.040194,0.482258,0][0,0.768354,-1.3474][0,0.602358,-0.798226][0.008509,0.480752,0][-1.4529e-007,0.96221,-1.48195][0,-0.296198,-0.955126][0.007089,0.516729,0][0.35563,0.00535399,-1.56301][0.299951,0.0722818,-0.951212][0.115802,0.276137,0][0.150857,0.116684,-1.61047][0.244478,0.316845,-0.916428][0.041662,0.296679,0][0.240275,0.138824,-1.54333][-0.178147,-0.208506,-0.961659][0.070727,0.317065,0][0.240275,0.138824,-1.54333][-0.178147,-0.208506,-0.961659][0.070727,0.317065,0][0.354536,0.064833,-1.55304][-0.126456,-0.49956,-0.857][0.115385,0.287541,0][0.35563,0.00535399,-1.56301][0.299951,0.0722818,-0.951212][0.115802,0.276137,0]