version 1.00
756
[1.89428,-0.604392,0.496326][0.676006,-0.515455,0.526613][0.366852,0.219994,0][1.96347,-0.397017,0.583488][0.743954,-0.302761,0.595708][0.335784,0.213606,0][1.75323,-0.419474,0.748075][0.421987,-0.324182,0.84666][0.341628,0.18176,0][1.75323,-0.419474,0.748075][0.421987,-0.324182,0.84666][0.341628,0.18176,0][1.73448,-0.692807,0.586655][0.426482,-0.632692,0.646386][0.388865,0.197882,0][1.89428,-0.604392,0.496326][0.676006,-0.515455,0.526613][0.366852,0.219994,0][1.96347,-0.397017,0.583488][0.743954,-0.302761,0.595708][0.335784,0.213606,0][1.99762,-0.0955676,0.624374][0.778114,0.00672553,0.628087][0.294378,0.211027,0][1.77198,-0.0936875,0.799943][0.424872,0.00969345,0.905201][0.294314,0.178608,0][1.77198,-0.0936875,0.799943][0.424872,0.00969345,0.905201][0.294314,0.178608,0][1.75323,-0.419474,0.748075][0.421987,-0.324182,0.84666][0.341628,0.18176,0][1.96347,-0.397017,0.583488][0.743954,-0.302761,0.595708][0.335784,0.213606,0][1.50147,-0.0930578,0.858754][4.79465e-007,0.0107086,0.999943][0.294258,0.14645,0][1.50147,-0.443098,0.803685][9.25075e-007,-0.342754,0.939425][0.343709,0.149435,0][1.75323,-0.419474,0.748075][0.421987,-0.324182,0.84666][0.341628,0.18176,0][1.75323,-0.419474,0.748075][0.421987,-0.324182,0.84666][0.341628,0.18176,0][1.77198,-0.0936875,0.799943][0.424872,0.00969345,0.905201][0.294314,0.178608,0][1.50147,-0.0930578,0.858754][4.79465e-007,0.0107086,0.999943][0.294258,0.14645,0][1.50147,-0.443098,0.803685][9.25075e-007,-0.342754,0.939425][0.343709,0.149435,0][1.50147,-0.736439,0.631237][1.11994e-006,-0.699492,0.71464][0.390411,0.15311,0][1.73448,-0.692807,0.586655][0.426482,-0.632692,0.646386][0.388865,0.197882,0][1.73448,-0.692807,0.586655][0.426482,-0.632692,0.646386][0.388865,0.197882,0][1.75323,-0.419474,0.748075][0.421987,-0.324182,0.84666][0.341628,0.18176,0][1.50147,-0.443098,0.803685][9.25075e-007,-0.342754,0.939425][0.343709,0.149435,0][1.89428,0.410397,0.485459][0.676005,0.526616,0.515454][0.221946,0.220334,0][1.73448,0.500725,0.573874][0.426483,0.646387,0.632689][0.199839,0.198312,0][1.75323,0.230913,0.74111][0.421984,0.342241,0.839524][0.247014,0.181968,0][1.75323,0.230913,0.74111][0.421984,0.342241,0.839524][0.247014,0.181968,0][1.96347,0.204938,0.577042][0.743954,0.31545,0.589088][0.252983,0.213798,0][1.89428,0.410397,0.485459][0.676005,0.526616,0.515454][0.221946,0.220334,0][1.73448,0.500725,0.573874][0.426483,0.646387,0.632689][0.199839,0.198312,0][1.50147,0.545305,0.617512][1.11469e-006,0.714635,0.699497][0.198129,0.153497,0][1.50147,0.255719,0.796201][4.49759e-007,0.362792,0.93187][0.244818,0.149639,0][1.50147,0.255719,0.796201][4.49759e-007,0.362792,0.93187][0.244818,0.149639,0][1.75323,0.230913,0.74111][0.421984,0.342241,0.839524][0.247014,0.181968,0][1.73448,0.500725,0.573874][0.426483,0.646387,0.632689][0.199839,0.198312,0][1.50147,-0.0930578,0.858754][4.79465e-007,0.0107086,0.999943][0.294258,0.14645,0][1.77198,-0.0936875,0.799943][0.424872,0.00969345,0.905201][0.294314,0.178608,0][1.75323,0.230913,0.74111][0.421984,0.342241,0.839524][0.247014,0.181968,0][1.75323,0.230913,0.74111][0.421984,0.342241,0.839524][0.247014,0.181968,0][1.50147,0.255719,0.796201][4.49759e-007,0.362792,0.93187][0.244818,0.149639,0][1.50147,-0.0930578,0.858754][4.79465e-007,0.0107086,0.999943][0.294258,0.14645,0][1.77198,-0.0936875,0.799943][0.424872,0.00969345,0.905201][0.294314,0.178608,0][1.99762,-0.0955676,0.624374][0.778114,0.00672553,0.628087][0.294378,0.211027,0][1.96347,0.204938,0.577042][0.743954,0.31545,0.589088][0.252983,0.213798,0][1.96347,0.204938,0.577042][0.743954,0.31545,0.589088][0.252983,0.213798,0][1.75323,0.230913,0.74111][0.421984,0.342241,0.839524][0.247014,0.181968,0][1.77198,-0.0936875,0.799943][0.424872,0.00969345,0.905201][0.294314,0.178608,0][1.10866,0.410397,0.485459][-0.676004,0.526616,0.515455][0.213163,0.085931,0][1.03947,0.204936,0.577042][-0.743955,0.315453,0.589085][0.246875,0.078949,0][1.24971,0.230912,0.74111][-0.421983,0.342241,0.839525][0.248098,0.115172,0][1.24971,0.230912,0.74111][-0.421983,0.342241,0.839525][0.248098,0.115172,0][1.26846,0.500725,0.573874][-0.426484,0.646387,0.632689][0.204368,0.114616,0][1.10866,0.410397,0.485459][-0.676004,0.526616,0.515455][0.213163,0.085931,0][1.03947,0.204936,0.577042][-0.743955,0.315453,0.589085][0.246875,0.078949,0][1.00532,-0.0955686,0.624374][-0.778114,0.00672557,0.628087][0.294131,0.074256,0][1.23097,-0.0936885,0.799943][-0.424868,0.00969309,0.905203][0.294199,0.112039,0][1.23097,-0.0936885,0.799943][-0.424868,0.00969309,0.905203][0.294199,0.112039,0][1.24971,0.230912,0.74111][-0.421983,0.342241,0.839525][0.248098,0.115172,0][1.03947,0.204936,0.577042][-0.743955,0.315453,0.589085][0.246875,0.078949,0][1.50147,-0.0930578,0.858754][4.79465e-007,0.0107086,0.999943][0.294258,0.14645,0][1.50147,0.255719,0.796201][4.49759e-007,0.362792,0.93187][0.244818,0.149639,0][1.24971,0.230912,0.74111][-0.421983,0.342241,0.839525][0.248098,0.115172,0][1.24971,0.230912,0.74111][-0.421983,0.342241,0.839525][0.248098,0.115172,0][1.23097,-0.0936885,0.799943][-0.424868,0.00969309,0.905203][0.294199,0.112039,0][1.50147,-0.0930578,0.858754][4.79465e-007,0.0107086,0.999943][0.294258,0.14645,0][1.50147,0.255719,0.796201][4.49759e-007,0.362792,0.93187][0.244818,0.149639,0][1.50147,0.545305,0.617512][1.11469e-006,0.714635,0.699497][0.198129,0.153497,0][1.26846,0.500725,0.573874][-0.426484,0.646387,0.632689][0.204368,0.114616,0][1.26846,0.500725,0.573874][-0.426484,0.646387,0.632689][0.204368,0.114616,0][1.24971,0.230912,0.74111][-0.421983,0.342241,0.839525][0.248098,0.115172,0][1.50147,0.255719,0.796201][4.49759e-007,0.362792,0.93187][0.244818,0.149639,0][1.10866,-0.604392,0.496326][-0.676005,-0.515456,0.526614][0.375144,0.085626,0][1.26846,-0.692807,0.586655][-0.426482,-0.632691,0.646386][0.384039,0.114273,0][1.24971,-0.419474,0.748075][-0.421984,-0.324182,0.846661][0.340311,0.11499,0][1.24971,-0.419474,0.748075][-0.421984,-0.324182,0.846661][0.340311,0.11499,0][1.03947,-0.397017,0.583488][-0.743955,-0.302766,0.595704][0.341405,0.078767,0][1.10866,-0.604392,0.496326][-0.676005,-0.515456,0.526614][0.375144,0.085626,0][1.26846,-0.692807,0.586655][-0.426482,-0.632691,0.646386][0.384039,0.114273,0][1.50147,-0.736439,0.631237][1.11994e-006,-0.699492,0.71464][0.390411,0.15311,0][1.50147,-0.443098,0.803685][9.25075e-007,-0.342754,0.939425][0.343709,0.149435,0][1.50147,-0.443098,0.803685][9.25075e-007,-0.342754,0.939425][0.343709,0.149435,0][1.24971,-0.419474,0.748075][-0.421984,-0.324182,0.846661][0.340311,0.11499,0][1.26846,-0.692807,0.586655][-0.426482,-0.632691,0.646386][0.384039,0.114273,0][1.50147,-0.0930578,0.858754][4.79465e-007,0.0107086,0.999943][0.294258,0.14645,0][1.23097,-0.0936885,0.799943][-0.424868,0.00969309,0.905203][0.294199,0.112039,0][1.24971,-0.419474,0.748075][-0.421984,-0.324182,0.846661][0.340311,0.11499,0][1.24971,-0.419474,0.748075][-0.421984,-0.324182,0.846661][0.340311,0.11499,0][1.50147,-0.443098,0.803685][9.25075e-007,-0.342754,0.939425][0.343709,0.149435,0][1.50147,-0.0930578,0.858754][4.79465e-007,0.0107086,0.999943][0.294258,0.14645,0][1.23097,-0.0936885,0.799943][-0.424868,0.00969309,0.905203][0.294199,0.112039,0][1.00532,-0.0955686,0.624374][-0.778114,0.00672557,0.628087][0.294131,0.074256,0][1.03947,-0.397017,0.583488][-0.743955,-0.302766,0.595704][0.341405,0.078767,0][1.03947,-0.397017,0.583488][-0.743955,-0.302766,0.595704][0.341405,0.078767,0][1.24971,-0.419474,0.748075][-0.421984,-0.324182,0.846661][0.340311,0.11499,0][1.23097,-0.0936885,0.799943][-0.424868,0.00969309,0.905203][0.294199,0.112039,0][1.89428,0.410397,0.485459][0.676005,0.526616,0.515454][0.221946,0.220334,0][1.96347,0.497557,0.278085][0.743953,0.595709,0.30276][0.215549,0.25141,0][1.75323,0.662142,0.300543][0.421986,0.84666,0.324183][0.183705,0.24557,0][1.75323,0.662142,0.300543][0.421986,0.84666,0.324183][0.183705,0.24557,0][1.73448,0.500725,0.573874][0.426483,0.646387,0.632689][0.199839,0.198312,0][1.89428,0.410397,0.485459][0.676005,0.526616,0.515454][0.221946,0.220334,0][1.96347,0.497557,0.278085][0.743953,0.595709,0.30276][0.215549,0.25141,0][1.99762,0.538442,-0.023362][0.778116,0.628084,-0.0067254][0.212964,0.292833,0][1.77198,0.714013,-0.0252421][0.42487,0.905202,-0.00969342][0.18055,0.292902,0][1.77198,0.714013,-0.0252421][0.42487,0.905202,-0.00969342][0.18055,0.292902,0][1.75323,0.662142,0.300543][0.421986,0.84666,0.324183][0.183705,0.24557,0][1.96347,0.497557,0.278085][0.743953,0.595709,0.30276][0.215549,0.25141,0][1.50147,0.772822,-0.0258719][5.95546e-007,0.999943,-0.010708][0.148393,0.292958,0][1.50147,0.717754,0.324166][9.25077e-007,0.939426,0.342751][0.151379,0.243496,0][1.75323,0.662142,0.300543][0.421986,0.84666,0.324183][0.183705,0.24557,0][1.75323,0.662142,0.300543][0.421986,0.84666,0.324183][0.183705,0.24557,0][1.77198,0.714013,-0.0252421][0.42487,0.905202,-0.00969342][0.18055,0.292902,0][1.50147,0.772822,-0.0258719][5.95546e-007,0.999943,-0.010708][0.148393,0.292958,0][1.50147,0.717754,0.324166][9.25077e-007,0.939426,0.342751][0.151379,0.243496,0][1.50147,0.545305,0.617512][1.11469e-006,0.714635,0.699497][0.155051,0.196788,0][1.73448,0.500725,0.573874][0.426483,0.646387,0.632689][0.199839,0.198312,0][1.73448,0.500725,0.573874][0.426483,0.646387,0.632689][0.199839,0.198312,0][1.75323,0.662142,0.300543][0.421986,0.84666,0.324183][0.183705,0.24557,0][1.50147,0.717754,0.324166][9.25077e-007,0.939426,0.342751][0.151379,0.243496,0][1.89428,0.39953,-0.529326][0.676003,0.515455,-0.526617][0.222287,0.365296,0][1.73448,0.487944,-0.619651][0.426482,0.632691,-0.646387][0.20028,0.387429,0][1.75323,0.655177,-0.349842][0.421986,0.839523,-0.342241][0.183915,0.340223,0][1.75323,0.655177,-0.349842][0.421986,0.839523,-0.342241][0.183915,0.340223,0][1.96347,0.491111,-0.323866][0.743953,0.589089,-0.315449][0.215739,0.334245,0][1.89428,0.39953,-0.529326][0.676003,0.515455,-0.526617][0.222287,0.365296,0][1.73448,0.487944,-0.619651][0.426482,0.632691,-0.646387][0.20028,0.387429,0][1.50147,0.531579,-0.664235][1.10943e-006,0.699492,-0.714641][0.155433,0.389105,0][1.50147,0.710271,-0.374651][9.09745e-007,0.93187,-0.362792][0.151584,0.342409,0][1.50147,0.710271,-0.374651][9.09745e-007,0.93187,-0.362792][0.151584,0.342409,0][1.75323,0.655177,-0.349842][0.421986,0.839523,-0.342241][0.183915,0.340223,0][1.73448,0.487944,-0.619651][0.426482,0.632691,-0.646387][0.20028,0.387429,0][1.50147,0.772822,-0.0258719][5.95546e-007,0.999943,-0.010708][0.148393,0.292958,0][1.77198,0.714013,-0.0252421][0.42487,0.905202,-0.00969342][0.18055,0.292902,0][1.75323,0.655177,-0.349842][0.421986,0.839523,-0.342241][0.183915,0.340223,0][1.75323,0.655177,-0.349842][0.421986,0.839523,-0.342241][0.183915,0.340223,0][1.50147,0.710271,-0.374651][9.09745e-007,0.93187,-0.362792][0.151584,0.342409,0][1.50147,0.772822,-0.0258719][5.95546e-007,0.999943,-0.010708][0.148393,0.292958,0][1.77198,0.714013,-0.0252421][0.42487,0.905202,-0.00969342][0.18055,0.292902,0][1.99762,0.538442,-0.023362][0.778116,0.628084,-0.0067254][0.212964,0.292833,0][1.96347,0.491111,-0.323866][0.743953,0.589089,-0.315449][0.215739,0.334245,0][1.96347,0.491111,-0.323866][0.743953,0.589089,-0.315449][0.215739,0.334245,0][1.75323,0.655177,-0.349842][0.421986,0.839523,-0.342241][0.183915,0.340223,0][1.77198,0.714013,-0.0252421][0.42487,0.905202,-0.00969342][0.18055,0.292902,0][1.10866,0.399529,-0.529326][-0.676002,0.515455,-0.526618][0.087861,0.374047,0][1.03947,0.491111,-0.323866][-0.743953,0.589086,-0.315455][0.080887,0.340335,0][1.24971,0.655177,-0.349842][-0.421983,0.839524,-0.342242][0.117112,0.339119,0][1.24971,0.655177,-0.349842][-0.421983,0.839524,-0.342242][0.117112,0.339119,0][1.26846,0.487944,-0.619651][-0.426483,0.63269,-0.646386][0.116546,0.38285,0][1.10866,0.399529,-0.529326][-0.676002,0.515455,-0.526618][0.087861,0.374047,0][1.03947,0.491111,-0.323866][-0.743953,0.589086,-0.315455][0.080887,0.340335,0][1.00532,0.538442,-0.023362][-0.778116,0.628085,-0.0067254][0.076197,0.29308,0][1.23097,0.714013,-0.0252421][-0.424867,0.905204,-0.00969344][0.113982,0.293014,0][1.23097,0.714013,-0.0252421][-0.424867,0.905204,-0.00969344][0.113982,0.293014,0][1.24971,0.655177,-0.349842][-0.421983,0.839524,-0.342242][0.117112,0.339119,0][1.03947,0.491111,-0.323866][-0.743953,0.589086,-0.315455][0.080887,0.340335,0][1.50147,0.772822,-0.0258719][5.95546e-007,0.999943,-0.010708][0.148393,0.292958,0][1.50147,0.710271,-0.374651][9.09745e-007,0.93187,-0.362792][0.151584,0.342409,0][1.24971,0.655177,-0.349842][-0.421983,0.839524,-0.342242][0.117112,0.339119,0][1.24971,0.655177,-0.349842][-0.421983,0.839524,-0.342242][0.117112,0.339119,0][1.23097,0.714013,-0.0252421][-0.424867,0.905204,-0.00969344][0.113982,0.293014,0][1.50147,0.772822,-0.0258719][5.95546e-007,0.999943,-0.010708][0.148393,0.292958,0][1.50147,0.710271,-0.374651][9.09745e-007,0.93187,-0.362792][0.151584,0.342409,0][1.50147,0.531579,-0.664235][1.10943e-006,0.699492,-0.714641][0.155433,0.389105,0][1.26846,0.487944,-0.619651][-0.426483,0.63269,-0.646386][0.116546,0.38285,0][1.26846,0.487944,-0.619651][-0.426483,0.63269,-0.646386][0.116546,0.38285,0][1.24971,0.655177,-0.349842][-0.421983,0.839524,-0.342242][0.117112,0.339119,0][1.50147,0.710271,-0.374651][9.09745e-007,0.93187,-0.362792][0.151584,0.342409,0][1.10866,0.410397,0.485459][-0.676004,0.526616,0.515455][0.087565,0.212064,0][1.26846,0.500725,0.573874][-0.426484,0.646387,0.632689][0.116213,0.203168,0][1.24971,0.662142,0.300543][-0.421984,0.846661,0.324184][0.116932,0.246897,0][1.24971,0.662142,0.300543][-0.421984,0.846661,0.324184][0.116932,0.246897,0][1.03947,0.497557,0.278085][-0.743954,0.595706,0.302765][0.080708,0.245804,0][1.10866,0.410397,0.485459][-0.676004,0.526616,0.515455][0.087565,0.212064,0][1.26846,0.500725,0.573874][-0.426484,0.646387,0.632689][0.116213,0.203168,0][1.50147,0.545305,0.617512][1.11469e-006,0.714635,0.699497][0.155051,0.196788,0][1.50147,0.717754,0.324166][9.25077e-007,0.939426,0.342751][0.151379,0.243496,0][1.50147,0.717754,0.324166][9.25077e-007,0.939426,0.342751][0.151379,0.243496,0][1.24971,0.662142,0.300543][-0.421984,0.846661,0.324184][0.116932,0.246897,0][1.26846,0.500725,0.573874][-0.426484,0.646387,0.632689][0.116213,0.203168,0][1.50147,0.772822,-0.0258719][5.95546e-007,0.999943,-0.010708][0.148393,0.292958,0][1.23097,0.714013,-0.0252421][-0.424867,0.905204,-0.00969344][0.113982,0.293014,0][1.24971,0.662142,0.300543][-0.421984,0.846661,0.324184][0.116932,0.246897,0][1.24971,0.662142,0.300543][-0.421984,0.846661,0.324184][0.116932,0.246897,0][1.50147,0.717754,0.324166][9.25077e-007,0.939426,0.342751][0.151379,0.243496,0][1.50147,0.772822,-0.0258719][5.95546e-007,0.999943,-0.010708][0.148393,0.292958,0][1.23097,0.714013,-0.0252421][-0.424867,0.905204,-0.00969344][0.113982,0.293014,0][1.00532,0.538442,-0.023362][-0.778116,0.628085,-0.0067254][0.076197,0.29308,0][1.03947,0.497557,0.278085][-0.743954,0.595706,0.302765][0.080708,0.245804,0][1.03947,0.497557,0.278085][-0.743954,0.595706,0.302765][0.080708,0.245804,0][1.24971,0.662142,0.300543][-0.421984,0.846661,0.324184][0.116932,0.246897,0][1.23097,0.714013,-0.0252421][-0.424867,0.905204,-0.00969344][0.113982,0.293014,0][1.89428,0.39953,-0.529326][0.676003,0.515455,-0.526617][0.222287,0.365296,0][1.96347,0.192156,-0.616484][0.743954,0.302761,-0.595708][0.253365,0.371679,0][1.75323,0.214613,-0.781071][0.421987,0.324185,-0.846659][0.247567,0.403541,0][1.75323,0.214613,-0.781071][0.421987,0.324185,-0.846659][0.247567,0.403541,0][1.73448,0.487944,-0.619651][0.426482,0.632691,-0.646387][0.20028,0.387429,0][1.89428,0.39953,-0.529326][0.676003,0.515455,-0.526617][0.222287,0.365296,0][1.96347,0.192156,-0.616484][0.743954,0.302761,-0.595708][0.253365,0.371679,0][1.99762,-0.109293,-0.657372][0.778114,-0.00672598,-0.628088][0.294786,0.374234,0][1.77198,-0.111174,-0.832941][0.424873,-0.00969352,-0.905201][0.294899,0.40665,0][1.77198,-0.111174,-0.832941][0.424873,-0.00969352,-0.905201][0.294899,0.40665,0][1.75323,0.214613,-0.781071][0.421987,0.324185,-0.846659][0.247567,0.403541,0][1.96347,0.192156,-0.616484][0.743954,0.302761,-0.595708][0.253365,0.371679,0][1.50147,-0.111803,-0.891753][5.85453e-007,-0.0107078,-0.999943][0.29503,0.438808,0][1.50147,0.238234,-0.836683][9.14854e-007,0.342755,-0.939425][0.245566,0.435889,0][1.75323,0.214613,-0.781071][0.421987,0.324185,-0.846659][0.247567,0.403541,0][1.75323,0.214613,-0.781071][0.421987,0.324185,-0.846659][0.247567,0.403541,0][1.77198,-0.111174,-0.832941][0.424873,-0.00969352,-0.905201][0.294899,0.40665,0][1.50147,-0.111803,-0.891753][5.85453e-007,-0.0107078,-0.999943][0.29503,0.438808,0][1.50147,0.238234,-0.836683][9.14854e-007,0.342755,-0.939425][0.245566,0.435889,0][1.50147,0.531579,-0.664235][1.10943e-006,0.699492,-0.714641][0.198852,0.432301,0][1.73448,0.487944,-0.619651][0.426482,0.632691,-0.646387][0.20028,0.387429,0][1.73448,0.487944,-0.619651][0.426482,0.632691,-0.646387][0.20028,0.387429,0][1.75323,0.214613,-0.781071][0.421987,0.324185,-0.846659][0.247567,0.403541,0][1.50147,0.238234,-0.836683][9.14854e-007,0.342755,-0.939425][0.245566,0.435889,0][1.89428,-0.615259,-0.518459][0.676004,-0.526613,-0.515459][0.367222,0.364877,0][1.73448,-0.705588,-0.60687][0.426481,-0.646389,-0.632689][0.389351,0.386867,0][1.75323,-0.435774,-0.774106][0.421989,-0.342239,-0.839522][0.342201,0.403243,0][1.75323,-0.435774,-0.774106][0.421989,-0.342239,-0.839522][0.342201,0.403243,0][1.96347,-0.409798,-0.610038][0.743954,-0.315447,-0.589088][0.336186,0.371433,0][1.89428,-0.615259,-0.518459][0.676004,-0.526613,-0.515459][0.367222,0.364877,0][1.73448,-0.705588,-0.60687][0.426481,-0.646389,-0.632689][0.389351,0.386867,0][1.50147,-0.750165,-0.65051][1.10417e-006,-0.714634,-0.699498][0.391151,0.43161,0][1.50147,-0.460585,-0.8292][9.27633e-007,-0.362795,-0.931869][0.344468,0.43555,0][1.50147,-0.460585,-0.8292][9.27633e-007,-0.362795,-0.931869][0.344468,0.43555,0][1.75323,-0.435774,-0.774106][0.421989,-0.342239,-0.839522][0.342201,0.403243,0][1.73448,-0.705588,-0.60687][0.426481,-0.646389,-0.632689][0.389351,0.386867,0][1.50147,-0.111803,-0.891753][5.85453e-007,-0.0107078,-0.999943][0.29503,0.438808,0][1.77198,-0.111174,-0.832941][0.424873,-0.00969352,-0.905201][0.294899,0.40665,0][1.75323,-0.435774,-0.774106][0.421989,-0.342239,-0.839522][0.342201,0.403243,0][1.75323,-0.435774,-0.774106][0.421989,-0.342239,-0.839522][0.342201,0.403243,0][1.50147,-0.460585,-0.8292][9.27633e-007,-0.362795,-0.931869][0.344468,0.43555,0][1.50147,-0.111803,-0.891753][5.85453e-007,-0.0107078,-0.999943][0.29503,0.438808,0][1.77198,-0.111174,-0.832941][0.424873,-0.00969352,-0.905201][0.294899,0.40665,0][1.99762,-0.109293,-0.657372][0.778114,-0.00672598,-0.628088][0.294786,0.374234,0][1.96347,-0.409798,-0.610038][0.743954,-0.315447,-0.589088][0.336186,0.371433,0][1.96347,-0.409798,-0.610038][0.743954,-0.315447,-0.589088][0.336186,0.371433,0][1.75323,-0.435774,-0.774106][0.421989,-0.342239,-0.839522][0.342201,0.403243,0][1.77198,-0.111174,-0.832941][0.424873,-0.00969352,-0.905201][0.294899,0.40665,0][1.10866,-0.615259,-0.518459][-0.676003,-0.526613,-0.515459][0.37628,0.499169,0][1.03947,-0.409798,-0.610038][-0.743955,-0.315452,-0.589085][0.342579,0.506223,0][1.24971,-0.435774,-0.774106][-0.421986,-0.34224,-0.839523][0.341274,0.470009,0][1.24971,-0.435774,-0.774106][-0.421986,-0.34224,-0.839523][0.341274,0.470009,0][1.26846,-0.705588,-0.60687][-0.426481,-0.646389,-0.632689][0.385007,0.470473,0][1.10866,-0.615259,-0.518459][-0.676003,-0.526613,-0.515459][0.37628,0.499169,0][1.03947,-0.409798,-0.610038][-0.743955,-0.315452,-0.589085][0.342579,0.506223,0][1.00532,-0.109293,-0.657372][-0.778113,-0.00672599,-0.628088][0.295329,0.511002,0][1.23097,-0.111174,-0.832941][-0.42487,-0.00969352,-0.905203][0.295177,0.473218,0][1.23097,-0.111174,-0.832941][-0.42487,-0.00969352,-0.905203][0.295177,0.473218,0][1.24971,-0.435774,-0.774106][-0.421986,-0.34224,-0.839523][0.341274,0.470009,0][1.03947,-0.409798,-0.610038][-0.743955,-0.315452,-0.589085][0.342579,0.506223,0][1.50147,-0.111803,-0.891753][5.85453e-007,-0.0107078,-0.999943][0.29503,0.438808,0][1.50147,-0.460585,-0.8292][9.27633e-007,-0.362795,-0.931869][0.344468,0.43555,0][1.24971,-0.435774,-0.774106][-0.421986,-0.34224,-0.839523][0.341274,0.470009,0][1.24971,-0.435774,-0.774106][-0.421986,-0.34224,-0.839523][0.341274,0.470009,0][1.23097,-0.111174,-0.832941][-0.42487,-0.00969352,-0.905203][0.295177,0.473218,0][1.50147,-0.111803,-0.891753][5.85453e-007,-0.0107078,-0.999943][0.29503,0.438808,0][1.50147,-0.460585,-0.8292][9.27633e-007,-0.362795,-0.931869][0.344468,0.43555,0][1.50147,-0.750165,-0.65051][1.10417e-006,-0.714634,-0.699498][0.391151,0.43161,0][1.26846,-0.705588,-0.60687][-0.426481,-0.646389,-0.632689][0.385007,0.470473,0][1.26846,-0.705588,-0.60687][-0.426481,-0.646389,-0.632689][0.385007,0.470473,0][1.24971,-0.435774,-0.774106][-0.421986,-0.34224,-0.839523][0.341274,0.470009,0][1.50147,-0.460585,-0.8292][9.27633e-007,-0.362795,-0.931869][0.344468,0.43555,0][1.10866,0.399529,-0.529326][-0.676002,0.515455,-0.526618][0.214299,0.499796,0][1.26846,0.487944,-0.619651][-0.426483,0.63269,-0.646386][0.20533,0.471161,0][1.24971,0.214613,-0.781071][-0.421985,0.324186,-0.84666][0.249057,0.470346,0][1.24971,0.214613,-0.781071][-0.421985,0.324186,-0.84666][0.249057,0.470346,0][1.03947,0.192156,-0.616484][-0.743955,0.302766,-0.595705][0.248049,0.506579,0][1.10866,0.399529,-0.529326][-0.676002,0.515455,-0.526618][0.214299,0.499796,0][1.26846,0.487944,-0.619651][-0.426483,0.63269,-0.646386][0.20533,0.471161,0][1.50147,0.531579,-0.664235][1.10943e-006,0.699492,-0.714641][0.198852,0.432301,0][1.50147,0.238234,-0.836683][9.14854e-007,0.342755,-0.939425][0.245566,0.435889,0][1.50147,0.238234,-0.836683][9.14854e-007,0.342755,-0.939425][0.245566,0.435889,0][1.24971,0.214613,-0.781071][-0.421985,0.324186,-0.84666][0.249057,0.470346,0][1.26846,0.487944,-0.619651][-0.426483,0.63269,-0.646386][0.20533,0.471161,0][1.50147,-0.111803,-0.891753][5.85453e-007,-0.0107078,-0.999943][0.29503,0.438808,0][1.23097,-0.111174,-0.832941][-0.42487,-0.00969352,-0.905203][0.295177,0.473218,0][1.24971,0.214613,-0.781071][-0.421985,0.324186,-0.84666][0.249057,0.470346,0][1.24971,0.214613,-0.781071][-0.421985,0.324186,-0.84666][0.249057,0.470346,0][1.50147,0.238234,-0.836683][9.14854e-007,0.342755,-0.939425][0.245566,0.435889,0][1.50147,-0.111803,-0.891753][5.85453e-007,-0.0107078,-0.999943][0.29503,0.438808,0][1.23097,-0.111174,-0.832941][-0.42487,-0.00969352,-0.905203][0.295177,0.473218,0][1.00532,-0.109293,-0.657372][-0.778113,-0.00672599,-0.628088][0.295329,0.511002,0][1.03947,0.192156,-0.616484][-0.743955,0.302766,-0.595705][0.248049,0.506579,0][1.03947,0.192156,-0.616484][-0.743955,0.302766,-0.595705][0.248049,0.506579,0][1.24971,0.214613,-0.781071][-0.421985,0.324186,-0.84666][0.249057,0.470346,0][1.23097,-0.111174,-0.832941][-0.42487,-0.00969352,-0.905203][0.295177,0.473218,0][1.89428,-0.615259,-0.518459][0.676004,-0.526613,-0.515459][0.367222,0.364877,0][1.96347,-0.70242,-0.311085][0.743952,-0.59571,-0.302762][0.373599,0.333814,0][1.75323,-0.867004,-0.333541][0.421986,-0.84666,-0.324184][0.405454,0.339634,0][1.75323,-0.867004,-0.333541][0.421986,-0.84666,-0.324184][0.405454,0.339634,0][1.73448,-0.705588,-0.60687][0.426481,-0.646389,-0.632689][0.389351,0.386867,0][1.89428,-0.615259,-0.518459][0.676004,-0.526613,-0.515459][0.367222,0.364877,0][1.96347,-0.70242,-0.311085][0.743952,-0.59571,-0.302762][0.373599,0.333814,0][1.99762,-0.743302,-0.00963624][0.778117,-0.628083,0.00672654][0.376166,0.292414,0][1.77198,-0.918875,-0.00775609][0.424874,-0.9052,0.0096937][0.408584,0.292328,0][1.77198,-0.918875,-0.00775609][0.424874,-0.9052,0.0096937][0.408584,0.292328,0][1.75323,-0.867004,-0.333541][0.421986,-0.84666,-0.324184][0.405454,0.339634,0][1.96347,-0.70242,-0.311085][0.743952,-0.59571,-0.302762][0.373599,0.333814,0][1.50147,-0.977686,-0.00712629][5.72836e-007,-0.999943,0.0107082][0.440742,0.292245,0][1.50147,-0.922616,-0.357165][9.30188e-007,-0.939425,-0.342756][0.437783,0.341692,0][1.75323,-0.867004,-0.333541][0.421986,-0.84666,-0.324184][0.405454,0.339634,0][1.75323,-0.867004,-0.333541][0.421986,-0.84666,-0.324184][0.405454,0.339634,0][1.77198,-0.918875,-0.00775609][0.424874,-0.9052,0.0096937][0.408584,0.292328,0][1.50147,-0.977686,-0.00712629][5.72836e-007,-0.999943,0.0107082][0.440742,0.292245,0][1.50147,-0.922616,-0.357165][9.30188e-007,-0.939425,-0.342756][0.437783,0.341692,0][1.50147,-0.750165,-0.65051][1.10417e-006,-0.714634,-0.699498][0.434133,0.388396,0][1.73448,-0.705588,-0.60687][0.426481,-0.646389,-0.632689][0.389351,0.386867,0][1.73448,-0.705588,-0.60687][0.426481,-0.646389,-0.632689][0.389351,0.386867,0][1.75323,-0.867004,-0.333541][0.421986,-0.84666,-0.324184][0.405454,0.339634,0][1.50147,-0.922616,-0.357165][9.30188e-007,-0.939425,-0.342756][0.437783,0.341692,0][1.89428,-0.604392,0.496326][0.676006,-0.515455,0.526613][0.366852,0.219994,0][1.73448,-0.692807,0.586655][0.426482,-0.632692,0.646386][0.388865,0.197882,0][1.75323,-0.860039,0.316844][0.421986,-0.839523,0.34224][0.405211,0.245037,0][1.75323,-0.860039,0.316844][0.421986,-0.839523,0.34224][0.405211,0.245037,0][1.96347,-0.695974,0.290866][0.743953,-0.58909,0.315448][0.37339,0.251026,0][1.89428,-0.604392,0.496326][0.676006,-0.515455,0.526613][0.366852,0.219994,0][1.73448,-0.692807,0.586655][0.426482,-0.632692,0.646386][0.388865,0.197882,0][1.50147,-0.736439,0.631237][1.11994e-006,-0.699492,0.71464][0.433642,0.196128,0][1.50147,-0.915133,0.341652][9.2252e-007,-0.93187,0.362794][0.43753,0.242813,0][1.50147,-0.915133,0.341652][9.2252e-007,-0.93187,0.362794][0.43753,0.242813,0][1.75323,-0.860039,0.316844][0.421986,-0.839523,0.34224][0.405211,0.245037,0][1.73448,-0.692807,0.586655][0.426482,-0.632692,0.646386][0.388865,0.197882,0][1.50147,-0.977686,-0.00712629][5.72836e-007,-0.999943,0.0107082][0.440742,0.292245,0][1.77198,-0.918875,-0.00775609][0.424874,-0.9052,0.0096937][0.408584,0.292328,0][1.75323,-0.860039,0.316844][0.421986,-0.839523,0.34224][0.405211,0.245037,0][1.75323,-0.860039,0.316844][0.421986,-0.839523,0.34224][0.405211,0.245037,0][1.50147,-0.915133,0.341652][9.2252e-007,-0.93187,0.362794][0.43753,0.242813,0][1.50147,-0.977686,-0.00712629][5.72836e-007,-0.999943,0.0107082][0.440742,0.292245,0][1.77198,-0.918875,-0.00775609][0.424874,-0.9052,0.0096937][0.408584,0.292328,0][1.99762,-0.743302,-0.00963624][0.778117,-0.628083,0.00672654][0.376166,0.292414,0][1.96347,-0.695974,0.290866][0.743953,-0.58909,0.315448][0.37339,0.251026,0][1.96347,-0.695974,0.290866][0.743953,-0.58909,0.315448][0.37339,0.251026,0][1.75323,-0.860039,0.316844][0.421986,-0.839523,0.34224][0.405211,0.245037,0][1.77198,-0.918875,-0.00775609][0.424874,-0.9052,0.0096937][0.408584,0.292328,0][1.10866,-0.604392,0.496326][-0.676005,-0.515456,0.526614][0.501202,0.211101,0][1.03947,-0.695974,0.290866][-0.743954,-0.589086,0.315453][0.50821,0.244809,0][1.24971,-0.860039,0.316844][-0.421984,-0.839524,0.342241][0.471991,0.246061,0][1.24971,-0.860039,0.316844][-0.421984,-0.839524,0.342241][0.471991,0.246061,0][1.26846,-0.692807,0.586655][-0.426482,-0.632691,0.646386][0.472514,0.202331,0][1.10866,-0.604392,0.496326][-0.676005,-0.515456,0.526614][0.501202,0.211101,0][1.03947,-0.695974,0.290866][-0.743954,-0.589086,0.315453][0.50821,0.244809,0][1.00532,-0.743302,-0.00963624][-0.778117,-0.628084,0.00672626][0.512934,0.292062,0][1.23097,-0.918875,-0.00775609][-0.424871,-0.905202,0.00969366][0.475151,0.292157,0][1.23097,-0.918875,-0.00775609][-0.424871,-0.905202,0.00969366][0.475151,0.292157,0][1.24971,-0.860039,0.316844][-0.421984,-0.839524,0.342241][0.471991,0.246061,0][1.03947,-0.695974,0.290866][-0.743954,-0.589086,0.315453][0.50821,0.244809,0][1.50147,-0.977686,-0.00712629][5.72836e-007,-0.999943,0.0107082][0.440742,0.292245,0][1.50147,-0.915133,0.341652][9.2252e-007,-0.93187,0.362794][0.43753,0.242813,0][1.24971,-0.860039,0.316844][-0.421984,-0.839524,0.342241][0.471991,0.246061,0][1.24971,-0.860039,0.316844][-0.421984,-0.839524,0.342241][0.471991,0.246061,0][1.23097,-0.918875,-0.00775609][-0.424871,-0.905202,0.00969366][0.475151,0.292157,0][1.50147,-0.977686,-0.00712629][5.72836e-007,-0.999943,0.0107082][0.440742,0.292245,0][1.50147,-0.915133,0.341652][9.2252e-007,-0.93187,0.362794][0.43753,0.242813,0][1.50147,-0.736439,0.631237][1.11994e-006,-0.699492,0.71464][0.433642,0.196128,0][1.26846,-0.692807,0.586655][-0.426482,-0.632691,0.646386][0.472514,0.202331,0][1.26846,-0.692807,0.586655][-0.426482,-0.632691,0.646386][0.472514,0.202331,0][1.24971,-0.860039,0.316844][-0.421984,-0.839524,0.342241][0.471991,0.246061,0][1.50147,-0.915133,0.341652][9.2252e-007,-0.93187,0.362794][0.43753,0.242813,0][1.10866,-0.615259,-0.518459][-0.676003,-0.526613,-0.515459][0.501614,0.373081,0][1.26846,-0.705588,-0.60687][-0.426481,-0.646389,-0.632689][0.472971,0.381996,0][1.24971,-0.867004,-0.333541][-0.421983,-0.846661,-0.324185][0.472227,0.33827,0][1.24971,-0.867004,-0.333541][-0.421983,-0.846661,-0.324185][0.472227,0.33827,0][1.03947,-0.70242,-0.311084][-0.743954,-0.595706,-0.302766][0.508451,0.339338,0][1.10866,-0.615259,-0.518459][-0.676003,-0.526613,-0.515459][0.501614,0.373081,0][1.26846,-0.705588,-0.60687][-0.426481,-0.646389,-0.632689][0.472971,0.381996,0][1.50147,-0.750165,-0.65051][1.10417e-006,-0.714634,-0.699498][0.434133,0.388396,0][1.50147,-0.922616,-0.357165][9.30188e-007,-0.939425,-0.342756][0.437783,0.341692,0][1.50147,-0.922616,-0.357165][9.30188e-007,-0.939425,-0.342756][0.437783,0.341692,0][1.24971,-0.867004,-0.333541][-0.421983,-0.846661,-0.324185][0.472227,0.33827,0][1.26846,-0.705588,-0.60687][-0.426481,-0.646389,-0.632689][0.472971,0.381996,0][1.50147,-0.977686,-0.00712629][5.72836e-007,-0.999943,0.0107082][0.440742,0.292245,0][1.23097,-0.918875,-0.00775609][-0.424871,-0.905202,0.00969366][0.475151,0.292157,0][1.24971,-0.867004,-0.333541][-0.421983,-0.846661,-0.324185][0.472227,0.33827,0][1.24971,-0.867004,-0.333541][-0.421983,-0.846661,-0.324185][0.472227,0.33827,0][1.50147,-0.922616,-0.357165][9.30188e-007,-0.939425,-0.342756][0.437783,0.341692,0][1.50147,-0.977686,-0.00712629][5.72836e-007,-0.999943,0.0107082][0.440742,0.292245,0][1.23097,-0.918875,-0.00775609][-0.424871,-0.905202,0.00969366][0.475151,0.292157,0][1.00532,-0.743302,-0.00963624][-0.778117,-0.628084,0.00672626][0.512934,0.292062,0][1.03947,-0.70242,-0.311084][-0.743954,-0.595706,-0.302766][0.508451,0.339338,0][1.03947,-0.70242,-0.311084][-0.743954,-0.595706,-0.302766][0.508451,0.339338,0][1.24971,-0.867004,-0.333541][-0.421983,-0.846661,-0.324185][0.472227,0.33827,0][1.23097,-0.918875,-0.00775609][-0.424871,-0.905202,0.00969366][0.475151,0.292157,0][1.89428,-0.615259,-0.518459][0.676004,-0.526613,-0.515459][0.367222,0.364877,0][1.96347,-0.409798,-0.610038][0.743954,-0.315447,-0.589088][0.336186,0.371433,0][2.09069,-0.431106,-0.338209][0.913225,-0.291182,-0.285015][0.336256,0.334099,0][2.09069,-0.431106,-0.338209][0.913225,-0.291182,-0.285015][0.336256,0.334099,0][1.96347,-0.70242,-0.311085][0.743952,-0.59571,-0.302762][0.373599,0.333814,0][1.89428,-0.615259,-0.518459][0.676004,-0.526613,-0.515459][0.367222,0.364877,0][1.96347,-0.409798,-0.610038][0.743954,-0.315447,-0.589088][0.336186,0.371433,0][1.99762,-0.109293,-0.657372][0.778114,-0.00672598,-0.628088][0.294786,0.374234,0][2.13354,-0.106172,-0.365908][0.958339,-0.00305858,-0.285617][0.294673,0.33607,0][2.13354,-0.106172,-0.365908][0.958339,-0.00305858,-0.285617][0.294673,0.33607,0][2.09069,-0.431106,-0.338209][0.913225,-0.291182,-0.285015][0.336256,0.334099,0][1.96347,-0.409798,-0.610038][0.743954,-0.315447,-0.589088][0.336186,0.371433,0][2.17907,-0.102431,-0.0164991][1,2.00155e-007,0][0.294563,0.292632,0][2.13354,-0.451842,-0.0127574][0.958339,-0.285617,0.00305873][0.338,0.292517,0][2.09069,-0.431106,-0.338209][0.913225,-0.291182,-0.285015][0.336256,0.334099,0][2.09069,-0.431106,-0.338209][0.913225,-0.291182,-0.285015][0.336256,0.334099,0][2.13354,-0.106172,-0.365908][0.958339,-0.00305858,-0.285617][0.294673,0.33607,0][2.17907,-0.102431,-0.0164991][1,2.00155e-007,0][0.294563,0.292632,0][2.13354,-0.451842,-0.0127574][0.958339,-0.285617,0.00305873][0.338,0.292517,0][1.99762,-0.743302,-0.00963624][0.778117,-0.628083,0.00672654][0.376166,0.292414,0][1.96347,-0.70242,-0.311085][0.743952,-0.59571,-0.302762][0.373599,0.333814,0][1.96347,-0.70242,-0.311085][0.743952,-0.59571,-0.302762][0.373599,0.333814,0][2.09069,-0.431106,-0.338209][0.913225,-0.291182,-0.285015][0.336256,0.334099,0][2.13354,-0.451842,-0.0127574][0.958339,-0.285617,0.00305873][0.338,0.292517,0][1.89428,0.39953,-0.529326][0.676003,0.515455,-0.526617][0.222287,0.365296,0][1.96347,0.491111,-0.323866][0.743953,0.589089,-0.315449][0.215739,0.334245,0][2.09069,0.21928,-0.345174][0.913225,0.285013,-0.291184][0.253082,0.334331,0][2.09069,0.21928,-0.345174][0.913225,0.285013,-0.291184][0.253082,0.334331,0][1.96347,0.192156,-0.616484][0.743954,0.302761,-0.595708][0.253365,0.371679,0][1.89428,0.39953,-0.529326][0.676003,0.515455,-0.526617][0.222287,0.365296,0][1.96347,0.491111,-0.323866][0.743953,0.589089,-0.315449][0.215739,0.334245,0][1.99762,0.538442,-0.023362][0.778116,0.628084,-0.0067254][0.212964,0.292833,0][2.13354,0.246977,-0.0202408][0.958339,0.285616,-0.00305869][0.251127,0.292742,0][2.13354,0.246977,-0.0202408][0.958339,0.285616,-0.00305869][0.251127,0.292742,0][2.09069,0.21928,-0.345174][0.913225,0.285013,-0.291184][0.253082,0.334331,0][1.96347,0.491111,-0.323866][0.743953,0.589089,-0.315449][0.215739,0.334245,0][2.17907,-0.102431,-0.0164991][1,2.00155e-007,0][0.294563,0.292632,0][2.13354,-0.106172,-0.365908][0.958339,-0.00305858,-0.285617][0.294673,0.33607,0][2.09069,0.21928,-0.345174][0.913225,0.285013,-0.291184][0.253082,0.334331,0][2.09069,0.21928,-0.345174][0.913225,0.285013,-0.291184][0.253082,0.334331,0][2.13354,0.246977,-0.0202408][0.958339,0.285616,-0.00305869][0.251127,0.292742,0][2.17907,-0.102431,-0.0164991][1,2.00155e-007,0][0.294563,0.292632,0][2.13354,-0.106172,-0.365908][0.958339,-0.00305858,-0.285617][0.294673,0.33607,0][1.99762,-0.109293,-0.657372][0.778114,-0.00672598,-0.628088][0.294786,0.374234,0][1.96347,0.192156,-0.616484][0.743954,0.302761,-0.595708][0.253365,0.371679,0][1.96347,0.192156,-0.616484][0.743954,0.302761,-0.595708][0.253365,0.371679,0][2.09069,0.21928,-0.345174][0.913225,0.285013,-0.291184][0.253082,0.334331,0][2.13354,-0.106172,-0.365908][0.958339,-0.00305858,-0.285617][0.294673,0.33607,0][1.89428,0.410397,0.485459][0.676005,0.526616,0.515454][0.221946,0.220334,0][1.96347,0.204938,0.577042][0.743954,0.31545,0.589088][0.252983,0.213798,0][2.09069,0.226246,0.305211][0.913224,0.291185,0.285013][0.252884,0.251145,0][2.09069,0.226246,0.305211][0.913224,0.291185,0.285013][0.252884,0.251145,0][1.96347,0.497557,0.278085][0.743953,0.595709,0.30276][0.215549,0.25141,0][1.89428,0.410397,0.485459][0.676005,0.526616,0.515454][0.221946,0.220334,0][1.96347,0.204938,0.577042][0.743954,0.31545,0.589088][0.252983,0.213798,0][1.99762,-0.0955676,0.624374][0.778114,0.00672553,0.628087][0.294378,0.211027,0][2.13354,-0.0986878,0.332909][0.958339,0.00305896,0.285616][0.29446,0.249194,0][2.13354,-0.0986878,0.332909][0.958339,0.00305896,0.285616][0.29446,0.249194,0][2.09069,0.226246,0.305211][0.913224,0.291185,0.285013][0.252884,0.251145,0][1.96347,0.204938,0.577042][0.743954,0.31545,0.589088][0.252983,0.213798,0][2.17907,-0.102431,-0.0164991][1,2.00155e-007,0][0.294563,0.292632,0][2.13354,0.246977,-0.0202408][0.958339,0.285616,-0.00305869][0.251127,0.292742,0][2.09069,0.226246,0.305211][0.913224,0.291185,0.285013][0.252884,0.251145,0][2.09069,0.226246,0.305211][0.913224,0.291185,0.285013][0.252884,0.251145,0][2.13354,-0.0986878,0.332909][0.958339,0.00305896,0.285616][0.29446,0.249194,0][2.17907,-0.102431,-0.0164991][1,2.00155e-007,0][0.294563,0.292632,0][2.13354,0.246977,-0.0202408][0.958339,0.285616,-0.00305869][0.251127,0.292742,0][1.99762,0.538442,-0.023362][0.778116,0.628084,-0.0067254][0.212964,0.292833,0][1.96347,0.497557,0.278085][0.743953,0.595709,0.30276][0.215549,0.25141,0][1.96347,0.497557,0.278085][0.743953,0.595709,0.30276][0.215549,0.25141,0][2.09069,0.226246,0.305211][0.913224,0.291185,0.285013][0.252884,0.251145,0][2.13354,0.246977,-0.0202408][0.958339,0.285616,-0.00305869][0.251127,0.292742,0][1.89428,-0.604392,0.496326][0.676006,-0.515455,0.526613][0.366852,0.219994,0][1.96347,-0.695974,0.290866][0.743953,-0.58909,0.315448][0.37339,0.251026,0][2.09069,-0.424142,0.312176][0.913225,-0.285012,0.291185][0.336048,0.250942,0][2.09069,-0.424142,0.312176][0.913225,-0.285012,0.291185][0.336048,0.250942,0][1.96347,-0.397017,0.583488][0.743954,-0.302761,0.595708][0.335784,0.213606,0][1.89428,-0.604392,0.496326][0.676006,-0.515455,0.526613][0.366852,0.219994,0][1.96347,-0.695974,0.290866][0.743953,-0.58909,0.315448][0.37339,0.251026,0][1.99762,-0.743302,-0.00963624][0.778117,-0.628083,0.00672654][0.376166,0.292414,0][2.13354,-0.451842,-0.0127574][0.958339,-0.285617,0.00305873][0.338,0.292517,0][2.13354,-0.451842,-0.0127574][0.958339,-0.285617,0.00305873][0.338,0.292517,0][2.09069,-0.424142,0.312176][0.913225,-0.285012,0.291185][0.336048,0.250942,0][1.96347,-0.695974,0.290866][0.743953,-0.58909,0.315448][0.37339,0.251026,0][2.17907,-0.102431,-0.0164991][1,2.00155e-007,0][0.294563,0.292632,0][2.13354,-0.0986878,0.332909][0.958339,0.00305896,0.285616][0.29446,0.249194,0][2.09069,-0.424142,0.312176][0.913225,-0.285012,0.291185][0.336048,0.250942,0][2.09069,-0.424142,0.312176][0.913225,-0.285012,0.291185][0.336048,0.250942,0][2.13354,-0.451842,-0.0127574][0.958339,-0.285617,0.00305873][0.338,0.292517,0][2.17907,-0.102431,-0.0164991][1,2.00155e-007,0][0.294563,0.292632,0][2.13354,-0.0986878,0.332909][0.958339,0.00305896,0.285616][0.29446,0.249194,0][1.99762,-0.0955676,0.624374][0.778114,0.00672553,0.628087][0.294378,0.211027,0][1.96347,-0.397017,0.583488][0.743954,-0.302761,0.595708][0.335784,0.213606,0][1.96347,-0.397017,0.583488][0.743954,-0.302761,0.595708][0.335784,0.213606,0][2.09069,-0.424142,0.312176][0.913225,-0.285012,0.291185][0.336048,0.250942,0][2.13354,-0.0986878,0.332909][0.958339,0.00305896,0.285616][0.29446,0.249194,0][1.10866,-0.604392,0.496326][-0.676005,-0.515456,0.526614][0.184094,0.171754,0][1.03947,-0.397017,0.583488][-0.743955,-0.302766,0.595704][0.153145,0.183295,0][0.912253,-0.424142,0.312176][-0.913226,-0.28501,0.291183][0.151967,0.142465,0][0.912253,-0.424142,0.312176][-0.913226,-0.28501,0.291183][0.151967,0.142465,0][1.03947,-0.695974,0.290866][-0.743954,-0.589086,0.315453][0.192731,0.139873,0][1.10866,-0.604392,0.496326][-0.676005,-0.515456,0.526614][0.184094,0.171754,0][1.03947,-0.397017,0.583488][-0.743955,-0.302766,0.595704][0.153145,0.183295,0][1.00532,-0.0955686,0.624374][-0.778114,0.00672557,0.628087][0.109863,0.190734,0][0.869399,-0.0986888,0.332909][-0.958341,0.00305863,0.28561][0.107857,0.147327,0][0.869399,-0.0986888,0.332909][-0.958341,0.00305863,0.28561][0.107857,0.147327,0][0.912253,-0.424142,0.312176][-0.913226,-0.28501,0.291183][0.151967,0.142465,0][1.03947,-0.397017,0.583488][-0.743955,-0.302766,0.595704][0.153145,0.183295,0][0.823868,-0.102431,-0.0164991][-1,2.29446e-007,0][0.105682,0.100268,0][0.869399,-0.451842,-0.0127574][-0.958341,-0.285611,0.00305844][0.152741,0.098094,0][0.912253,-0.424142,0.312176][-0.913226,-0.28501,0.291183][0.151967,0.142465,0][0.912253,-0.424142,0.312176][-0.913226,-0.28501,0.291183][0.151967,0.142465,0][0.869399,-0.0986888,0.332909][-0.958341,0.00305863,0.28561][0.107857,0.147327,0][0.823868,-0.102431,-0.0164991][-1,2.29446e-007,0][0.105682,0.100268,0][0.869399,-0.451842,-0.0127574][-0.958341,-0.285611,0.00305844][0.152741,0.098094,0][1.00532,-0.743302,-0.00963624][-0.778117,-0.628084,0.00672626][0.196147,0.096089,0][1.03947,-0.695974,0.290866][-0.743954,-0.589086,0.315453][0.192731,0.139873,0][1.03947,-0.695974,0.290866][-0.743954,-0.589086,0.315453][0.192731,0.139873,0][0.912253,-0.424142,0.312176][-0.913226,-0.28501,0.291183][0.151967,0.142465,0][0.869399,-0.451842,-0.0127574][-0.958341,-0.285611,0.00305844][0.152741,0.098094,0][1.10866,0.410397,0.485459][-0.676004,0.526616,0.515455][0.034198,0.17868,0][1.03947,0.497557,0.278085][-0.743954,0.595706,0.302765][0.022659,0.147731,0][0.912253,0.226245,0.305211][-0.913226,0.291182,0.285012][0.063487,0.146553,0][0.912253,0.226245,0.305211][-0.913226,0.291182,0.285012][0.063487,0.146553,0][1.03947,0.204936,0.577042][-0.743955,0.315453,0.589085][0.066079,0.187318,0][1.10866,0.410397,0.485459][-0.676004,0.526616,0.515455][0.034198,0.17868,0][1.03947,0.497557,0.278085][-0.743954,0.595706,0.302765][0.022659,0.147731,0][1.00532,0.538442,-0.023362][-0.778116,0.628085,-0.0067254][0.015219,0.104448,0][0.869399,0.246977,-0.0202408][-0.958341,0.28561,-0.00305837][0.058626,0.102443,0][0.869399,0.246977,-0.0202408][-0.958341,0.28561,-0.00305837][0.058626,0.102443,0][0.912253,0.226245,0.305211][-0.913226,0.291182,0.285012][0.063487,0.146553,0][1.03947,0.497557,0.278085][-0.743954,0.595706,0.302765][0.022659,0.147731,0][0.823868,-0.102431,-0.0164991][-1,2.29446e-007,0][0.105682,0.100268,0][0.869399,-0.0986888,0.332909][-0.958341,0.00305863,0.28561][0.107857,0.147327,0][0.912253,0.226245,0.305211][-0.913226,0.291182,0.285012][0.063487,0.146553,0][0.912253,0.226245,0.305211][-0.913226,0.291182,0.285012][0.063487,0.146553,0][0.869399,0.246977,-0.0202408][-0.958341,0.28561,-0.00305837][0.058626,0.102443,0][0.823868,-0.102431,-0.0164991][-1,2.29446e-007,0][0.105682,0.100268,0][0.869399,-0.0986888,0.332909][-0.958341,0.00305863,0.28561][0.107857,0.147327,0][1.00532,-0.0955686,0.624374][-0.778114,0.00672557,0.628087][0.109863,0.190734,0][1.03947,0.204936,0.577042][-0.743955,0.315453,0.589085][0.066079,0.187318,0][1.03947,0.204936,0.577042][-0.743955,0.315453,0.589085][0.066079,0.187318,0][0.912253,0.226245,0.305211][-0.913226,0.291182,0.285012][0.063487,0.146553,0][0.869399,-0.0986888,0.332909][-0.958341,0.00305863,0.28561][0.107857,0.147327,0][1.10866,0.399529,-0.529326][-0.676002,0.515455,-0.526618][0.027272,0.028783,0][1.03947,0.192156,-0.616484][-0.743955,0.302766,-0.595705][0.05822,0.017242,0][0.912253,0.21928,-0.345174][-0.913226,0.285011,-0.291182][0.059399,0.058072,0][0.912253,0.21928,-0.345174][-0.913226,0.285011,-0.291182][0.059399,0.058072,0][1.03947,0.491111,-0.323866][-0.743953,0.589086,-0.315455][0.018635,0.060664,0][1.10866,0.399529,-0.529326][-0.676002,0.515455,-0.526618][0.027272,0.028783,0][1.03947,0.192156,-0.616484][-0.743955,0.302766,-0.595705][0.05822,0.017242,0][1.00532,-0.109293,-0.657372][-0.778113,-0.00672599,-0.628088][0.101503,0.009803,0][0.869399,-0.106172,-0.365908][-0.958341,-0.00305876,-0.285611][0.103508,0.05321,0][0.869399,-0.106172,-0.365908][-0.958341,-0.00305876,-0.285611][0.103508,0.05321,0][0.912253,0.21928,-0.345174][-0.913226,0.285011,-0.291182][0.059399,0.058072,0][1.03947,0.192156,-0.616484][-0.743955,0.302766,-0.595705][0.05822,0.017242,0][0.823868,-0.102431,-0.0164991][-1,2.29446e-007,0][0.105682,0.100268,0][0.869399,0.246977,-0.0202408][-0.958341,0.28561,-0.00305837][0.058626,0.102443,0][0.912253,0.21928,-0.345174][-0.913226,0.285011,-0.291182][0.059399,0.058072,0][0.912253,0.21928,-0.345174][-0.913226,0.285011,-0.291182][0.059399,0.058072,0][0.869399,-0.106172,-0.365908][-0.958341,-0.00305876,-0.285611][0.103508,0.05321,0][0.823868,-0.102431,-0.0164991][-1,2.29446e-007,0][0.105682,0.100268,0][0.869399,0.246977,-0.0202408][-0.958341,0.28561,-0.00305837][0.058626,0.102443,0][1.00532,0.538442,-0.023362][-0.778116,0.628085,-0.0067254][0.015219,0.104448,0][1.03947,0.491111,-0.323866][-0.743953,0.589086,-0.315455][0.018635,0.060664,0][1.03947,0.491111,-0.323866][-0.743953,0.589086,-0.315455][0.018635,0.060664,0][0.912253,0.21928,-0.345174][-0.913226,0.285011,-0.291182][0.059399,0.058072,0][0.869399,0.246977,-0.0202408][-0.958341,0.28561,-0.00305837][0.058626,0.102443,0][1.10866,-0.615259,-0.518459][-0.676003,-0.526613,-0.515459][0.177168,0.021857,0][1.03947,-0.70242,-0.311084][-0.743954,-0.595706,-0.302766][0.188708,0.052806,0][0.912253,-0.431106,-0.338208][-0.913226,-0.29118,-0.285012][0.147878,0.053984,0][0.912253,-0.431106,-0.338208][-0.913226,-0.29118,-0.285012][0.147878,0.053984,0][1.03947,-0.409798,-0.610038][-0.743955,-0.315452,-0.589085][0.145287,0.01322,0][1.10866,-0.615259,-0.518459][-0.676003,-0.526613,-0.515459][0.177168,0.021857,0][1.03947,-0.70242,-0.311084][-0.743954,-0.595706,-0.302766][0.188708,0.052806,0][1.00532,-0.743302,-0.00963624][-0.778117,-0.628084,0.00672626][0.196147,0.096089,0][0.869399,-0.451842,-0.0127574][-0.958341,-0.285611,0.00305844][0.152741,0.098094,0][0.869399,-0.451842,-0.0127574][-0.958341,-0.285611,0.00305844][0.152741,0.098094,0][0.912253,-0.431106,-0.338208][-0.913226,-0.29118,-0.285012][0.147878,0.053984,0][1.03947,-0.70242,-0.311084][-0.743954,-0.595706,-0.302766][0.188708,0.052806,0][0.823868,-0.102431,-0.0164991][-1,2.29446e-007,0][0.105682,0.100268,0][0.869399,-0.106172,-0.365908][-0.958341,-0.00305876,-0.285611][0.103508,0.05321,0][0.912253,-0.431106,-0.338208][-0.913226,-0.29118,-0.285012][0.147878,0.053984,0][0.912253,-0.431106,-0.338208][-0.913226,-0.29118,-0.285012][0.147878,0.053984,0][0.869399,-0.451842,-0.0127574][-0.958341,-0.285611,0.00305844][0.152741,0.098094,0][0.823868,-0.102431,-0.0164991][-1,2.29446e-007,0][0.105682,0.100268,0][0.869399,-0.106172,-0.365908][-0.958341,-0.00305876,-0.285611][0.103508,0.05321,0][1.00532,-0.109293,-0.657372][-0.778113,-0.00672599,-0.628088][0.101503,0.009803,0][1.03947,-0.409798,-0.610038][-0.743955,-0.315452,-0.589085][0.145287,0.01322,0][1.03947,-0.409798,-0.610038][-0.743955,-0.315452,-0.589085][0.145287,0.01322,0][0.912253,-0.431106,-0.338208][-0.913226,-0.29118,-0.285012][0.147878,0.053984,0][0.869399,-0.106172,-0.365908][-0.958341,-0.00305876,-0.285611][0.103508,0.05321,0][1.17444,0.214412,-0.507089][0.993967,0.0808792,-0.0740842][0.482207,0.54944,0][1.1009,0.317547,-0.621149][0.851564,0.372747,-0.368644][0.493216,0.571549,0][1.1009,0.482984,-0.366775][0.84548,0.496867,-0.195671][0.446293,0.575907,0][1.1009,0.482984,-0.366775][0.84548,0.496867,-0.195671][0.446293,0.575907,0][1.17329,0.35116,-0.300802][0.992941,0.112347,-0.0380345][0.439239,0.553988,0][1.17444,0.214412,-0.507089][0.993967,0.0808792,-0.0740842][0.482207,0.54944,0][1.1751,0.0102514,-0.640374][0.995012,0.0352436,-0.0933261][0.520589,0.540911,0][1.1009,0.0668537,-0.78736][0.85526,0.192119,-0.481271][0.536566,0.561268,0][1.1009,0.317547,-0.621149][0.851564,0.372747,-0.368644][0.493216,0.571549,0][1.1009,0.317547,-0.621149][0.851564,0.372747,-0.368644][0.493216,0.571549,0][1.17444,0.214412,-0.507089][0.993967,0.0808792,-0.0740842][0.482207,0.54944,0][1.1751,0.0102514,-0.640374][0.995012,0.0352436,-0.0933261][0.520589,0.540911,0][1.1751,0.0102514,-0.640374][0.995012,0.0352436,-0.0933261][0.520589,0.540911,0][1.1747,-0.117826,-0.663059][0.956361,-0.259406,-0.134466][0.53857,0.532423,0][1.1009,-0.117843,-0.819004][0.820736,-0.293486,-0.490162][0.559388,0.547957,0][1.1009,-0.117843,-0.819004][0.820736,-0.293486,-0.490162][0.559388,0.547957,0][1.1009,0.0668537,-0.78736][0.85526,0.192119,-0.481271][0.536566,0.561268,0][1.1751,0.0102514,-0.640374][0.995012,0.0352436,-0.0933261][0.520589,0.540911,0][1.1009,-0.6761,0.707651][0.819853,-0.546603,0.170488][0.129025,0.558581,0][1.17555,-0.574091,0.583068][0.955215,-0.285657,-0.0772264][0.149545,0.541684,0][1.17642,-0.467807,0.64845][0.995765,-0.0324621,0.0860125][0.166861,0.549548,0][1.17642,-0.467807,0.64845][0.995765,-0.0324621,0.0860125][0.166861,0.549548,0][1.1009,-0.523596,0.804585][0.863123,-0.165108,0.47724][0.151004,0.571278,0][1.1009,-0.6761,0.707651][0.819853,-0.546603,0.170488][0.129025,0.558581,0][1.17642,-0.467807,0.64845][0.995765,-0.0324621,0.0860125][0.166861,0.549548,0][1.17499,-0.23178,0.677687][0.99432,0.0212593,0.104287][0.20448,0.556545,0][1.1009,-0.231918,0.835365][0.854515,0.059045,0.51606][0.193662,0.579515,0][1.1009,-0.231918,0.835365][0.854515,0.059045,0.51606][0.193662,0.579515,0][1.1009,-0.523596,0.804585][0.863123,-0.165108,0.47724][0.151004,0.571278,0][1.17642,-0.467807,0.64845][0.995765,-0.0324621,0.0860125][0.166861,0.549548,0][1.17499,-0.23178,0.677687][0.99432,0.0212593,0.104287][0.20448,0.556545,0][1.17249,0.00723349,0.605252][0.992658,0.0659755,0.101374][0.247655,0.558866,0][1.1009,0.059869,0.738748][0.840012,0.264372,0.4738][0.241203,0.58071,0][1.1009,0.059869,0.738748][0.840012,0.264372,0.4738][0.241203,0.58071,0][1.1009,-0.231918,0.835365][0.854515,0.059045,0.51606][0.193662,0.579515,0][1.17499,-0.23178,0.677687][0.99432,0.0212593,0.104287][0.20448,0.556545,0][1.17249,0.00723349,0.605252][0.992658,0.0659755,0.101374][0.247655,0.558866,0][1.17077,0.213141,0.440441][0.991319,0.101742,0.0832763][0.295008,0.558781,0][1.1009,0.308562,0.533808][0.830205,0.422554,0.363604][0.292323,0.579441,0][1.1009,0.308562,0.533808][0.830205,0.422554,0.363604][0.292323,0.579441,0][1.1009,0.059869,0.738748][0.840012,0.264372,0.4738][0.241203,0.58071,0][1.17249,0.00723349,0.605252][0.992658,0.0659755,0.101374][0.247655,0.558866,0][1.17077,0.213141,0.440441][0.991319,0.101742,0.0832763][0.295008,0.558781,0][1.17068,0.351514,0.20953][0.991054,0.123869,0.0496863][0.344232,0.557806,0][1.1009,0.476804,0.253555][0.830031,0.520395,0.200593][0.344906,0.578242,0][1.1009,0.476804,0.253555][0.830031,0.520395,0.200593][0.344906,0.578242,0][1.1009,0.308562,0.533808][0.830205,0.422554,0.363604][0.292323,0.579441,0][1.17077,0.213141,0.440441][0.991319,0.101742,0.0832763][0.295008,0.558781,0][1.17182,0.399668,-0.0503886][0.991778,0.127785,0.00690283][0.392886,0.556374,0][1.1009,0.53848,-0.0611536][0.837015,0.547149,0.00582037][0.39668,0.577449,0][1.1009,0.476804,0.253555][0.830031,0.520395,0.200593][0.344906,0.578242,0][1.1009,0.476804,0.253555][0.830031,0.520395,0.200593][0.344906,0.578242,0][1.17068,0.351514,0.20953][0.991054,0.123869,0.0496863][0.344232,0.557806,0][1.17182,0.399668,-0.0503886][0.991778,0.127785,0.00690283][0.392886,0.556374,0][1.17329,0.35116,-0.300802][0.992941,0.112347,-0.0380345][0.439239,0.553988,0][1.1009,0.482984,-0.366775][0.84548,0.496867,-0.195671][0.446293,0.575907,0][1.1009,0.53848,-0.0611536][0.837015,0.547149,0.00582037][0.39668,0.577449,0][1.1009,0.53848,-0.0611536][0.837015,0.547149,0.00582037][0.39668,0.577449,0][1.17182,0.399668,-0.0503886][0.991778,0.127785,0.00690283][0.392886,0.556374,0][1.17329,0.35116,-0.300802][0.992941,0.112347,-0.0380345][0.439239,0.553988,0][1.1009,0.317547,-0.621149][0.851564,0.372747,-0.368644][0.493216,0.571549,0][0.936243,0.468592,-0.785228][0.735609,0.481524,-0.476459][0.510494,0.606513,0][0.936243,0.67875,-0.462919][0.72801,0.637507,-0.252164][0.457359,0.611425,0][0.936243,0.67875,-0.462919][0.72801,0.637507,-0.252164][0.457359,0.611425,0][1.1009,0.482984,-0.366775][0.84548,0.496867,-0.195671][0.446293,0.575907,0][1.1009,0.317547,-0.621149][0.851564,0.372747,-0.368644][0.493216,0.571549,0][1.1009,0.0668537,-0.78736][0.85526,0.192119,-0.481271][0.536566,0.561268,0][0.936243,0.149118,-0.998223][0.740226,0.251656,-0.623486][0.561679,0.593823,0][0.936243,0.468592,-0.785228][0.735609,0.481524,-0.476459][0.510494,0.606513,0][0.936243,0.468592,-0.785228][0.735609,0.481524,-0.476459][0.510494,0.606513,0][1.1009,0.317547,-0.621149][0.851564,0.372747,-0.368644][0.493216,0.571549,0][1.1009,0.0668537,-0.78736][0.85526,0.192119,-0.481271][0.536566,0.561268,0][1.1009,0.0668537,-0.78736][0.85526,0.192119,-0.481271][0.536566,0.561268,0][1.1009,-0.117843,-0.819004][0.820736,-0.293486,-0.490162][0.559388,0.547957,0][0.936243,-0.118004,-1.04633][0.718186,-0.271582,-0.640666][0.593039,0.575545,0][0.936243,-0.118004,-1.04633][0.718186,-0.271582,-0.640666][0.593039,0.575545,0][0.936243,0.149118,-0.998223][0.740226,0.251656,-0.623486][0.561679,0.593823,0][1.1009,0.0668537,-0.78736][0.85526,0.192119,-0.481271][0.536566,0.561268,0][0.936243,-0.822207,0.889045][0.719369,-0.629225,0.294252][0.096397,0.588154,0][1.1009,-0.6761,0.707651][0.819853,-0.546603,0.170488][0.129025,0.558581,0][1.1009,-0.523596,0.804585][0.863123,-0.165108,0.47724][0.151004,0.571278,0][1.1009,-0.523596,0.804585][0.863123,-0.165108,0.47724][0.151004,0.571278,0][0.936243,-0.602378,1.02794][0.755454,-0.210785,0.62037][0.126406,0.605503,0][0.936243,-0.822207,0.889045][0.719369,-0.629225,0.294252][0.096397,0.588154,0][1.1009,-0.523596,0.804585][0.863123,-0.165108,0.47724][0.151004,0.571278,0][1.1009,-0.231918,0.835365][0.854515,0.059045,0.51606][0.193662,0.579515,0][0.936243,-0.232123,1.06362][0.741287,0.0808044,0.666307][0.176618,0.615481,0][0.936243,-0.232123,1.06362][0.741287,0.0808044,0.666307][0.176618,0.615481,0][0.936243,-0.602378,1.02794][0.755454,-0.210785,0.62037][0.126406,0.605503,0][1.1009,-0.523596,0.804585][0.863123,-0.165108,0.47724][0.151004,0.571278,0][1.1009,-0.231918,0.835365][0.854515,0.059045,0.51606][0.193662,0.579515,0][1.1009,0.059869,0.738748][0.840012,0.264372,0.4738][0.241203,0.58071,0][0.936243,0.138279,0.937149][0.718421,0.341319,0.606113][0.231029,0.616414,0][0.936243,0.138279,0.937149][0.718421,0.341319,0.606113][0.231029,0.616414,0][0.936243,-0.232123,1.06362][0.741287,0.0808044,0.666307][0.176618,0.615481,0][1.1009,-0.231918,0.835365][0.854515,0.059045,0.51606][0.193662,0.579515,0][1.1009,0.059869,0.738748][0.840012,0.264372,0.4738][0.241203,0.58071,0][1.1009,0.308562,0.533808][0.830205,0.422554,0.363604][0.292323,0.579441,0][0.936243,0.454403,0.674861][0.703875,0.538435,0.463301][0.288276,0.614459,0][0.936243,0.454403,0.674861][0.703875,0.538435,0.463301][0.288276,0.614459,0][0.936243,0.138279,0.937149][0.718421,0.341319,0.606113][0.231029,0.616414,0][1.1009,0.059869,0.738748][0.840012,0.264372,0.4738][0.241203,0.58071,0][1.1009,0.308562,0.533808][0.830205,0.422554,0.363604][0.292323,0.579441,0][1.1009,0.476804,0.253555][0.830031,0.520395,0.200593][0.344906,0.578242,0][0.936243,0.668938,0.319614][0.704944,0.660992,0.257183][0.3462,0.613123,0][0.936243,0.668938,0.319614][0.704944,0.660992,0.257183][0.3462,0.613123,0][0.936243,0.454403,0.674861][0.703875,0.538435,0.463301][0.288276,0.614459,0][1.1009,0.308562,0.533808][0.830205,0.422554,0.363604][0.292323,0.579441,0][1.1009,0.53848,-0.0611536][0.837015,0.547149,0.00582037][0.39668,0.577449,0][0.936243,0.748409,-0.0774344][0.716277,0.697768,0.00816273][0.402754,0.612702,0][0.936243,0.668938,0.319614][0.704944,0.660992,0.257183][0.3462,0.613123,0][0.936243,0.668938,0.319614][0.704944,0.660992,0.257183][0.3462,0.613123,0][1.1009,0.476804,0.253555][0.830031,0.520395,0.200593][0.344906,0.578242,0][1.1009,0.53848,-0.0611536][0.837015,0.547149,0.00582037][0.39668,0.577449,0][1.1009,0.482984,-0.366775][0.84548,0.496867,-0.195671][0.446293,0.575907,0][0.936243,0.67875,-0.462919][0.72801,0.637507,-0.252164][0.457359,0.611425,0][0.936243,0.748409,-0.0774344][0.716277,0.697768,0.00816273][0.402754,0.612702,0][0.936243,0.748409,-0.0774344][0.716277,0.697768,0.00816273][0.402754,0.612702,0][1.1009,0.53848,-0.0611536][0.837015,0.547149,0.00582037][0.39668,0.577449,0][1.1009,0.482984,-0.366775][0.84548,0.496867,-0.195671][0.446293,0.575907,0][0.936243,0.468592,-0.785228][0.735609,0.481524,-0.476459][0.510494,0.606513,0][0.735601,0.592995,-0.918298][0.586875,0.575588,-0.569452][0.525367,0.640301,0][0.735601,0.839722,-0.540701][0.579391,0.757568,-0.300661][0.467038,0.645146,0][0.735601,0.839722,-0.540701][0.579391,0.757568,-0.300661][0.467038,0.645146,0][0.936243,0.67875,-0.462919][0.72801,0.637507,-0.252164][0.457359,0.611425,0][0.936243,0.468592,-0.785228][0.735609,0.481524,-0.476459][0.510494,0.606513,0][0.936243,0.149118,-0.998223][0.740226,0.251656,-0.623486][0.561679,0.593823,0][0.735601,0.216938,-1.17015][0.592468,0.304269,-0.745924][0.583342,0.627784,0][0.735601,0.592995,-0.918298][0.586875,0.575588,-0.569452][0.525367,0.640301,0][0.735601,0.592995,-0.918298][0.586875,0.575588,-0.569452][0.525367,0.640301,0][0.936243,0.468592,-0.785228][0.735609,0.481524,-0.476459][0.510494,0.606513,0][0.936243,0.149118,-0.998223][0.740226,0.251656,-0.623486][0.561679,0.593823,0][0.936243,-0.118004,-1.04633][0.718186,-0.271582,-0.640666][0.593039,0.575545,0][0.735601,-0.11828,-1.23293][0.581156,-0.250649,-0.774231][0.623375,0.608579,0][0.735601,0.216938,-1.17015][0.592468,0.304269,-0.745924][0.583342,0.627784,0][0.735601,0.216938,-1.17015][0.592468,0.304269,-0.745924][0.583342,0.627784,0][0.936243,0.149118,-0.998223][0.740226,0.251656,-0.623486][0.561679,0.593823,0][0.936243,-0.118004,-1.04633][0.718186,-0.271582,-0.640666][0.593039,0.575545,0][0.735601,-0.941688,1.03949][0.584302,-0.702859,0.405684][0.06749,0.622946,0][0.936243,-0.822207,0.889045][0.719369,-0.629225,0.294252][0.096397,0.588154,0][0.936243,-0.602378,1.02794][0.755454,-0.210785,0.62037][0.126406,0.605503,0][0.936243,-0.602378,1.02794][0.755454,-0.210785,0.62037][0.126406,0.605503,0][0.735601,-0.666724,1.21236][0.612724,-0.251073,0.749354][0.105624,0.64089,0][0.735601,-0.941688,1.03949][0.584302,-0.702859,0.405684][0.06749,0.622946,0][0.936243,-0.602378,1.02794][0.755454,-0.210785,0.62037][0.126406,0.605503,0][0.936243,-0.232123,1.06362][0.741287,0.0808044,0.666307][0.176618,0.615481,0][0.735601,-0.232289,1.25094][0.594665,0.10091,0.797616][0.162118,0.650169,0][0.735601,-0.232289,1.25094][0.594665,0.10091,0.797616][0.162118,0.650169,0][0.735601,-0.666724,1.21236][0.612724,-0.251073,0.749354][0.105624,0.64089,0][0.936243,-0.602378,1.02794][0.755454,-0.210785,0.62037][0.126406,0.605503,0][0.936243,-0.232123,1.06362][0.741287,0.0808044,0.666307][0.176618,0.615481,0][0.936243,0.138279,0.937149][0.718421,0.341319,0.606113][0.231029,0.616414,0][0.735601,0.202316,1.09885][0.56683,0.406627,0.71649][0.222213,0.650537,0][0.735601,0.202316,1.09885][0.56683,0.406627,0.71649][0.222213,0.650537,0][0.735601,-0.232289,1.25094][0.594665,0.10091,0.797616][0.162118,0.650169,0][0.936243,-0.232123,1.06362][0.741287,0.0808044,0.666307][0.176618,0.615481,0][0.936243,0.138279,0.937149][0.718421,0.341319,0.606113][0.231029,0.616414,0][0.936243,0.454403,0.674861][0.703875,0.538435,0.463301][0.288276,0.614459,0][0.735601,0.57365,0.789036][0.550579,0.6328,0.544451][0.284806,0.648172,0][0.735601,0.57365,0.789036][0.550579,0.6328,0.544451][0.284806,0.648172,0][0.735601,0.202316,1.09885][0.56683,0.406627,0.71649][0.222213,0.650537,0][0.936243,0.138279,0.937149][0.718421,0.341319,0.606113][0.231029,0.616414,0][0.936243,0.668938,0.319614][0.704944,0.660992,0.257183][0.3462,0.613123,0][0.735601,0.826304,0.37271][0.552965,0.775779,0.303969][0.347473,0.646703,0][0.735601,0.57365,0.789036][0.550579,0.6328,0.544451][0.284806,0.648172,0][0.735601,0.57365,0.789036][0.550579,0.6328,0.544451][0.284806,0.648172,0][0.936243,0.454403,0.674861][0.703875,0.538435,0.463301][0.288276,0.614459,0][0.936243,0.668938,0.319614][0.704944,0.660992,0.257183][0.3462,0.613123,0][0.936243,0.748409,-0.0774344][0.716277,0.697768,0.00816273][0.402754,0.612702,0][0.735601,0.920695,-0.0907961][0.566503,0.823996,0.010254][0.408202,0.646338,0][0.735601,0.826304,0.37271][0.552965,0.775779,0.303969][0.347473,0.646703,0][0.735601,0.826304,0.37271][0.552965,0.775779,0.303969][0.347473,0.646703,0][0.936243,0.668938,0.319614][0.704944,0.660992,0.257183][0.3462,0.613123,0][0.936243,0.748409,-0.0774344][0.716277,0.697768,0.00816273][0.402754,0.612702,0][0.936243,0.67875,-0.462919][0.72801,0.637507,-0.252164][0.457359,0.611425,0][0.735601,0.839722,-0.540701][0.579391,0.757568,-0.300661][0.467038,0.645146,0][0.735601,0.920695,-0.0907961][0.566503,0.823996,0.010254][0.408202,0.646338,0][0.735601,0.920695,-0.0907961][0.566503,0.823996,0.010254][0.408202,0.646338,0][0.936243,0.748409,-0.0774344][0.716277,0.697768,0.00816273][0.402754,0.612702,0][0.936243,0.67875,-0.462919][0.72801,0.637507,-0.252164][0.457359,0.611425,0][0.735601,0.592995,-0.918298][0.586875,0.575588,-0.569452][0.525367,0.640301,0][0.506691,0.685689,-1.01625][0.409423,0.648711,-0.641519][0.536565,0.673227,0][0.506691,0.959519,-0.597846][0.403564,0.850143,-0.338221][0.474422,0.677284,0][0.506691,0.959519,-0.597846][0.403564,0.850143,-0.338221][0.474422,0.677284,0][0.735601,0.839722,-0.540701][0.579391,0.757568,-0.300661][0.467038,0.645146,0][0.735601,0.592995,-0.918298][0.586875,0.575588,-0.569452][0.525367,0.640301,0][0.735601,0.216938,-1.17015][0.592468,0.304269,-0.745924][0.583342,0.627784,0][0.506691,0.267518,-1.29725][0.414383,0.34641,-0.841598][0.599891,0.66304,0][0.506691,0.685689,-1.01625][0.409423,0.648711,-0.641519][0.536565,0.673227,0][0.506691,0.685689,-1.01625][0.409423,0.648711,-0.641519][0.536565,0.673227,0][0.735601,0.592995,-0.918298][0.586875,0.575588,-0.569452][0.525367,0.640301,0][0.735601,0.216938,-1.17015][0.592468,0.304269,-0.745924][0.583342,0.627784,0][0.735601,-0.11828,-1.23293][0.581156,-0.250649,-0.774231][0.623375,0.608579,0][0.506691,-0.118593,-1.37162][0.410516,-0.233761,-0.881381][0.647633,0.646931,0][0.506691,0.267518,-1.29725][0.414383,0.34641,-0.841598][0.599891,0.66304,0][0.506691,0.267518,-1.29725][0.414383,0.34641,-0.841598][0.599891,0.66304,0][0.735601,0.216938,-1.17015][0.592468,0.304269,-0.745924][0.583342,0.627784,0][0.735601,-0.11828,-1.23293][0.581156,-0.250649,-0.774231][0.623375,0.608579,0][0.506691,-1.03022,1.15219][0.414766,-0.762504,0.496545][0.045047,0.662598,0][0.735601,-0.941688,1.03949][0.584302,-0.702859,0.405684][0.06749,0.622946,0][0.735601,-0.666724,1.21236][0.612724,-0.251073,0.749354][0.105624,0.64089,0][0.735601,-0.666724,1.21236][0.612724,-0.251073,0.749354][0.105624,0.64089,0][0.506691,-0.71436,1.35005][0.434648,-0.283669,0.854759][0.090312,0.67698,0][0.506691,-1.03022,1.15219][0.414766,-0.762504,0.496545][0.045047,0.662598,0][0.735601,-0.666724,1.21236][0.612724,-0.251073,0.749354][0.105624,0.64089,0][0.735601,-0.232289,1.25094][0.594665,0.10091,0.797616][0.162118,0.650169,0][0.506691,-0.232414,1.39013][0.417285,0.11719,0.901188][0.151513,0.683726,0][0.506691,-0.232414,1.39013][0.417285,0.11719,0.901188][0.151513,0.683726,0][0.506691,-0.71436,1.35005][0.434648,-0.283669,0.854759][0.090312,0.67698,0][0.735601,-0.666724,1.21236][0.612724,-0.251073,0.749354][0.105624,0.64089,0][0.735601,-0.232289,1.25094][0.594665,0.10091,0.797616][0.162118,0.650169,0][0.735601,0.202316,1.09885][0.56683,0.406627,0.71649][0.222213,0.650537,0][0.506691,0.249718,1.21836][0.391482,0.456188,0.799146][0.215782,0.683334,0][0.506691,0.249718,1.21836][0.391482,0.456188,0.799146][0.215782,0.683334,0][0.506691,-0.232414,1.39013][0.417285,0.11719,0.901188][0.151513,0.683726,0][0.735601,-0.232289,1.25094][0.594665,0.10091,0.797616][0.162118,0.650169,0][0.735601,0.202316,1.09885][0.56683,0.406627,0.71649][0.222213,0.650537,0][0.735601,0.57365,0.789036][0.550579,0.6328,0.544451][0.284806,0.648172,0][0.506691,0.662,0.872951][0.377302,0.701966,0.604059][0.282434,0.680811,0][0.506691,0.662,0.872951][0.377302,0.701966,0.604059][0.282434,0.680811,0][0.506691,0.249718,1.21836][0.391482,0.456188,0.799146][0.215782,0.683334,0][0.735601,0.202316,1.09885][0.56683,0.406627,0.71649][0.222213,0.650537,0][0.735601,0.826304,0.37271][0.552965,0.775779,0.303969][0.347473,0.646703,0][0.506691,0.94306,0.41151][0.380104,0.860693,0.338716][0.348711,0.679135,0][0.506691,0.662,0.872951][0.377302,0.701966,0.604059][0.282434,0.680811,0][0.506691,0.662,0.872951][0.377302,0.701966,0.604059][0.282434,0.680811,0][0.735601,0.57365,0.789036][0.550579,0.6328,0.544451][0.284806,0.648172,0][0.735601,0.826304,0.37271][0.552965,0.775779,0.303969][0.347473,0.646703,0][0.735601,0.920695,-0.0907961][0.566503,0.823996,0.010254][0.408202,0.646338,0][0.506691,1.04872,-0.100724][0.392504,0.919674,0.0118319][0.412531,0.678481,0][0.506691,0.94306,0.41151][0.380104,0.860693,0.338716][0.348711,0.679135,0][0.506691,0.94306,0.41151][0.380104,0.860693,0.338716][0.348711,0.679135,0][0.735601,0.826304,0.37271][0.552965,0.775779,0.303969][0.347473,0.646703,0][0.735601,0.920695,-0.0907961][0.566503,0.823996,0.010254][0.408202,0.646338,0][0.735601,0.839722,-0.540701][0.579391,0.757568,-0.300661][0.467038,0.645146,0][0.506691,0.959519,-0.597846][0.403564,0.850143,-0.338221][0.474422,0.677284,0][0.506691,1.04872,-0.100724][0.392504,0.919674,0.0118319][0.412531,0.678481,0][0.506691,1.04872,-0.100724][0.392504,0.919674,0.0118319][0.412531,0.678481,0][0.735601,0.920695,-0.0907961][0.566503,0.823996,0.010254][0.408202,0.646338,0][0.735601,0.839722,-0.540701][0.579391,0.757568,-0.300661][0.467038,0.645146,0][0.506691,0.685689,-1.01625][0.409423,0.648711,-0.641519][0.536565,0.673227,0][0.258307,0.742879,-1.07618][0.0849499,0.715057,-0.693886][0.543475,0.705518,0][0.258307,1.03337,-0.632756][0.0496477,0.929507,-0.365447][0.479104,0.708269,0][0.258307,1.03337,-0.632756][0.0496477,0.929507,-0.365447][0.479104,0.708269,0][0.506691,0.959519,-0.597846][0.403564,0.850143,-0.338221][0.474422,0.677284,0][0.506691,0.685689,-1.01625][0.409423,0.648711,-0.641519][0.536565,0.673227,0][0.506691,0.267518,-1.29725][0.414383,0.34641,-0.841598][0.599891,0.66304,0][0.258307,0.298745,-1.37525][0.123135,0.385776,-0.914338][0.610225,0.699229,0][0.258307,0.742879,-1.07618][0.0849499,0.715057,-0.693886][0.543475,0.705518,0][0.258307,0.742879,-1.07618][0.0849499,0.715057,-0.693886][0.543475,0.705518,0][0.506691,0.685689,-1.01625][0.409423,0.648711,-0.641519][0.536565,0.673227,0][0.506691,0.267518,-1.29725][0.414383,0.34641,-0.841598][0.599891,0.66304,0][0.506691,-0.118593,-1.37162][0.410516,-0.233761,-0.881381][0.647633,0.646931,0][0.258307,-0.118852,-1.45703][0.178748,-0.208376,-0.961576][0.663363,0.689535,0][0.258307,0.298745,-1.37525][0.123135,0.385776,-0.914338][0.610225,0.699229,0][0.258307,0.298745,-1.37525][0.123135,0.385776,-0.914338][0.610225,0.699229,0][0.506691,0.267518,-1.29725][0.414383,0.34641,-0.841598][0.599891,0.66304,0][0.506691,-0.118593,-1.37162][0.410516,-0.233761,-0.881381][0.647633,0.646931,0][0.258307,-1.08466,1.22197][0.17266,-0.806797,0.565038][0.031498,0.705946,0][0.506691,-1.03022,1.15219][0.414766,-0.762504,0.496545][0.045047,0.662598,0][0.506691,-0.71436,1.35005][0.434648,-0.283669,0.854759][0.090312,0.67698,0][0.506691,-0.71436,1.35005][0.434648,-0.283669,0.854759][0.090312,0.67698,0][0.258307,-0.743613,1.43512][0.136445,-0.304785,0.942597][0.081362,0.713242,0][0.258307,-1.08466,1.22197][0.17266,-0.806797,0.565038][0.031498,0.705946,0][0.506691,-0.71436,1.35005][0.434648,-0.283669,0.854759][0.090312,0.67698,0][0.506691,-0.232414,1.39013][0.417285,0.11719,0.901188][0.151513,0.683726,0][0.258307,-0.23249,1.47585][0.140976,0.123,0.982343][0.145318,0.716274,0][0.258307,-0.23249,1.47585][0.140976,0.123,0.982343][0.145318,0.716274,0][0.258307,-0.743613,1.43512][0.136445,-0.304785,0.942597][0.081362,0.713242,0][0.506691,-0.71436,1.35005][0.434648,-0.283669,0.854759][0.090312,0.67698,0][0.506691,-0.232414,1.39013][0.417285,0.11719,0.901188][0.151513,0.683726,0][0.506691,0.249718,1.21836][0.391482,0.456188,0.799146][0.215782,0.683334,0][0.258307,0.278831,1.29167][0.117075,0.50076,0.857632][0.212197,0.715152,0][0.258307,0.278831,1.29167][0.117075,0.50076,0.857632][0.212197,0.715152,0][0.258307,-0.23249,1.47585][0.140976,0.123,0.982343][0.145318,0.716274,0][0.506691,-0.232414,1.39013][0.417285,0.11719,0.901188][0.151513,0.683726,0][0.506691,0.249718,1.21836][0.391482,0.456188,0.799146][0.215782,0.683334,0][0.506691,0.662,0.872951][0.377302,0.701966,0.604059][0.282434,0.680811,0][0.258307,0.716299,0.924235][0.0740091,0.760898,0.644637][0.28146,0.712741,0][0.258307,0.716299,0.924235][0.0740091,0.760898,0.644637][0.28146,0.712741,0][0.258307,0.278831,1.29167][0.117075,0.50076,0.857632][0.212197,0.715152,0][0.506691,0.249718,1.21836][0.391482,0.456188,0.799146][0.215782,0.683334,0][0.506691,0.94306,0.41151][0.380104,0.860693,0.338716][0.348711,0.679135,0][0.258307,1.01488,0.435124][0.042994,0.931418,0.361402][0.349975,0.7108,0][0.258307,0.716299,0.924235][0.0740091,0.760898,0.644637][0.28146,0.712741,0][0.258307,0.716299,0.924235][0.0740091,0.760898,0.644637][0.28146,0.712741,0][0.506691,0.662,0.872951][0.377302,0.701966,0.604059][0.282434,0.680811,0][0.506691,0.94306,0.41151][0.380104,0.860693,0.338716][0.348711,0.679135,0][0.506691,1.04872,-0.100724][0.392504,0.919674,0.0118319][0.412531,0.678481,0][0.258307,1.12755,-0.10684][0.0339659,0.999354,0.0117485][0.415554,0.709562,0][0.258307,1.01488,0.435124][0.042994,0.931418,0.361402][0.349975,0.7108,0][0.258307,1.01488,0.435124][0.042994,0.931418,0.361402][0.349975,0.7108,0][0.506691,0.94306,0.41151][0.380104,0.860693,0.338716][0.348711,0.679135,0][0.506691,1.04872,-0.100724][0.392504,0.919674,0.0118319][0.412531,0.678481,0][0.506691,0.959519,-0.597846][0.403564,0.850143,-0.338221][0.474422,0.677284,0][0.258307,1.03337,-0.632756][0.0496477,0.929507,-0.365447][0.479104,0.708269,0][0.258307,1.12755,-0.10684][0.0339659,0.999354,0.0117485][0.415554,0.709562,0][0.258307,1.12755,-0.10684][0.0339659,0.999354,0.0117485][0.415554,0.709562,0][0.506691,1.04872,-0.100724][0.392504,0.919674,0.0118319][0.412531,0.678481,0][0.506691,0.959519,-0.597846][0.403564,0.850143,-0.338221][0.474422,0.677284,0][0.258307,0.742879,-1.07618][0.0849499,0.715057,-0.693886][0.543475,0.705518,0][0,0.702151,-1.06608][-1.20569e-006,0.714301,-0.699838][0.548932,0.737494,0][0,0.976205,-0.626427][-2.74552e-007,0.929118,-0.369784][0.482912,0.739218,0][0,0.976205,-0.626427][-2.74552e-007,0.929118,-0.369784][0.482912,0.739218,0][0.258307,1.03337,-0.632756][0.0496477,0.929507,-0.365447][0.479104,0.708269,0][0.258307,0.742879,-1.07618][0.0849499,0.715057,-0.693886][0.543475,0.705518,0][0.258307,0.298745,-1.37525][0.123135,0.385776,-0.914338][0.610225,0.699229,0][0,0.28316,-1.36315][-4.15905e-007,0.40089,-0.916126][0.615347,0.735763,0][0,0.702151,-1.06608][-1.20569e-006,0.714301,-0.699838][0.548932,0.737494,0][0,0.702151,-1.06608][-1.20569e-006,0.714301,-0.699838][0.548932,0.737494,0][0.258307,0.742879,-1.07618][0.0849499,0.715057,-0.693886][0.543475,0.705518,0][0.258307,0.298745,-1.37525][0.123135,0.385776,-0.914338][0.610225,0.699229,0][0.258307,-0.118852,-1.45703][0.178748,-0.208376,-0.961576][0.663363,0.689535,0][0,-0.120971,-1.47206][-8.79213e-007,-0.178491,-0.983942][0.669629,0.734348,0][0,0.28316,-1.36315][-4.15905e-007,0.40089,-0.916126][0.615347,0.735763,0][0,0.28316,-1.36315][-4.15905e-007,0.40089,-0.916126][0.615347,0.735763,0][0.258307,0.298745,-1.37525][0.123135,0.385776,-0.914338][0.610225,0.699229,0][0.258307,-0.118852,-1.45703][0.178748,-0.208376,-0.961576][0.663363,0.689535,0][0,-1.07896,1.23505][-0.00461175,-0.788715,0.614742][0.029045,0.751052,0][0.258307,-1.08466,1.22197][0.17266,-0.806797,0.565038][0.031498,0.705946,0][0.258307,-0.743613,1.43512][0.136445,-0.304785,0.942597][0.081362,0.713242,0][0.258307,-0.743613,1.43512][0.136445,-0.304785,0.942597][0.081362,0.713242,0][0,-0.698175,1.42341][0,-0.248373,0.968664][0.084519,0.749605,0][0,-1.07896,1.23505][-0.00461175,-0.788715,0.614742][0.029045,0.751052,0][0.258307,-0.23249,1.47585][0.140976,0.123,0.982343][0.145318,0.716274,0][0,-0.216392,1.46346][0,0.142682,0.989769][0.146612,0.747986,0][0,-0.698175,1.42341][0,-0.248373,0.968664][0.084519,0.749605,0][0,-0.698175,1.42341][0,-0.248373,0.968664][0.084519,0.749605,0][0.258307,-0.743613,1.43512][0.136445,-0.304785,0.942597][0.081362,0.713242,0][0.258307,-0.23249,1.47585][0.140976,0.123,0.982343][0.145318,0.716274,0][0.258307,0.278831,1.29167][0.117075,0.50076,0.857632][0.212197,0.715152,0][0,0.26546,1.28046][0,0.514926,0.857235][0.211284,0.7463,0][0,-0.216392,1.46346][0,0.142682,0.989769][0.146612,0.747986,0][0,-0.216392,1.46346][0,0.142682,0.989769][0.146612,0.747986,0][0.258307,-0.23249,1.47585][0.140976,0.123,0.982343][0.145318,0.716274,0][0.258307,0.278831,1.29167][0.117075,0.50076,0.857632][0.212197,0.715152,0][0.258307,0.278831,1.29167][0.117075,0.50076,0.857632][0.212197,0.715152,0][0.258307,0.716299,0.924235][0.0740091,0.760898,0.644637][0.28146,0.712741,0][0,0.677678,0.916046][0,0.762586,0.646887][0.279412,0.744523,0][0,0.677678,0.916046][0,0.762586,0.646887][0.279412,0.744523,0][0,0.26546,1.28046][0,0.514926,0.857235][0.211284,0.7463,0][0.258307,0.278831,1.29167][0.117075,0.50076,0.857632][0.212197,0.715152,0][0.258307,0.716299,0.924235][0.0740091,0.760898,0.644637][0.28146,0.712741,0][0.258307,1.01488,0.435124][0.042994,0.931418,0.361402][0.349975,0.7108,0][0,0.959012,0.431391][0,0.930194,0.367068][0.348596,0.742719,0][0,0.959012,0.431391][0,0.930194,0.367068][0.348596,0.742719,0][0,0.677678,0.916046][0,0.762586,0.646887][0.279412,0.744523,0][0.258307,0.716299,0.924235][0.0740091,0.760898,0.644637][0.28146,0.712741,0][0.258307,1.01488,0.435124][0.042994,0.931418,0.361402][0.349975,0.7108,0][0.258307,1.12755,-0.10684][0.0339659,0.999354,0.0117485][0.415554,0.709562,0][0,1.06512,-0.10542][0,0.999891,0.01476][0.416524,0.74095,0][0,1.06512,-0.10542][0,0.999891,0.01476][0.416524,0.74095,0][0,0.959012,0.431391][0,0.930194,0.367068][0.348596,0.742719,0][0.258307,1.01488,0.435124][0.042994,0.931418,0.361402][0.349975,0.7108,0][0.258307,1.03337,-0.632756][0.0496477,0.929507,-0.365447][0.479104,0.708269,0][0,0.976205,-0.626427][-2.74552e-007,0.929118,-0.369784][0.482912,0.739218,0][0,1.06512,-0.10542][0,0.999891,0.01476][0.416524,0.74095,0][0,1.06512,-0.10542][0,0.999891,0.01476][0.416524,0.74095,0][0.258307,1.12755,-0.10684][0.0339659,0.999354,0.0117485][0.415554,0.709562,0][0.258307,1.03337,-0.632756][0.0496477,0.929507,-0.365447][0.479104,0.708269,0][0,0.976205,-0.626427][-2.74552e-007,0.929118,-0.369784][0.482912,0.739218,0][0,0.702151,-1.06608][-1.20569e-006,0.714301,-0.699838][0.548932,0.737494,0][-0.258307,0.742878,-1.07618][-0.084951,0.715056,-0.693886][0.545149,0.769712,0][-0.258307,0.742878,-1.07618][-0.084951,0.715056,-0.693886][0.545149,0.769712,0][-0.258307,1.03337,-0.632756][-0.0496491,0.929507,-0.365448][0.480722,0.770322,0][0,0.976205,-0.626427][-2.74552e-007,0.929118,-0.369784][0.482912,0.739218,0][0,0.702151,-1.06608][-1.20569e-006,0.714301,-0.699838][0.548932,0.737494,0][0,0.28316,-1.36315][-4.15905e-007,0.40089,-0.916126][0.615347,0.735763,0][-0.258307,0.298745,-1.37525][-0.12273,0.386199,-0.914214][0.612135,0.772514,0][-0.258307,0.298745,-1.37525][-0.12273,0.386199,-0.914214][0.612135,0.772514,0][-0.258307,0.742878,-1.07618][-0.084951,0.715056,-0.693886][0.545149,0.769712,0][0,0.702151,-1.06608][-1.20569e-006,0.714301,-0.699838][0.548932,0.737494,0][0,0.28316,-1.36315][-4.15905e-007,0.40089,-0.916126][0.615347,0.735763,0][0,-0.120971,-1.47206][-8.79213e-007,-0.178491,-0.983942][0.669629,0.734348,0][-0.258307,-0.118853,-1.45703][-0.17751,-0.208109,-0.961863][0.665706,0.779426,0][-0.258307,-0.118853,-1.45703][-0.17751,-0.208109,-0.961863][0.665706,0.779426,0][-0.258307,0.298745,-1.37525][-0.12273,0.386199,-0.914214][0.612135,0.772514,0][0,0.28316,-1.36315][-4.15905e-007,0.40089,-0.916126][0.615347,0.735763,0][0,-1.07896,1.23505][-0.00461175,-0.788715,0.614742][0.029045,0.751052,0][0,-0.698175,1.42341][0,-0.248373,0.968664][0.084519,0.749605,0][-0.258307,-0.743613,1.43512][-0.136445,-0.304785,0.942597][0.083262,0.786081,0][-0.258307,-0.743613,1.43512][-0.136445,-0.304785,0.942597][0.083262,0.786081,0][-0.258307,-1.08466,1.22197][-0.167971,-0.809435,0.562673][0.033846,0.795968,0][0,-1.07896,1.23505][-0.00461175,-0.788715,0.614742][0.029045,0.751052,0][0,-0.698175,1.42341][0,-0.248373,0.968664][0.084519,0.749605,0][0,-0.216392,1.46346][0,0.142682,0.989769][0.146612,0.747986,0][-0.258307,-0.23249,1.47585][-0.140976,0.123,0.982343][0.146972,0.77972,0][-0.258307,-0.23249,1.47585][-0.140976,0.123,0.982343][0.146972,0.77972,0][-0.258307,-0.743613,1.43512][-0.136445,-0.304785,0.942597][0.083262,0.786081,0][0,-0.698175,1.42341][0,-0.248373,0.968664][0.084519,0.749605,0][0,-0.216392,1.46346][0,0.142682,0.989769][0.146612,0.747986,0][0,0.26546,1.28046][0,0.514926,0.857235][0.211284,0.7463,0][-0.258307,0.278831,1.29167][-0.117075,0.50076,0.857632][0.213819,0.777358,0][-0.258307,0.278831,1.29167][-0.117075,0.50076,0.857632][0.213819,0.777358,0][-0.258307,-0.23249,1.47585][-0.140976,0.123,0.982343][0.146972,0.77972,0][0,-0.216392,1.46346][0,0.142682,0.989769][0.146612,0.747986,0][0,0.677678,0.916046][0,0.762586,0.646887][0.279412,0.744523,0][-0.258307,0.716299,0.924235][-0.0738743,0.760799,0.644769][0.283114,0.776154,0][-0.258307,0.278831,1.29167][-0.117075,0.50076,0.857632][0.213819,0.777358,0][-0.258307,0.278831,1.29167][-0.117075,0.50076,0.857632][0.213819,0.777358,0][0,0.26546,1.28046][0,0.514926,0.857235][0.211284,0.7463,0][0,0.677678,0.916046][0,0.762586,0.646887][0.279412,0.744523,0][0,0.959012,0.431391][0,0.930194,0.367068][0.348596,0.742719,0][-0.258307,1.01488,0.435124][-0.0428602,0.931483,0.36125][0.351636,0.774523,0][-0.258307,0.716299,0.924235][-0.0738743,0.760799,0.644769][0.283114,0.776154,0][-0.258307,0.716299,0.924235][-0.0738743,0.760799,0.644769][0.283114,0.776154,0][0,0.677678,0.916046][0,0.762586,0.646887][0.279412,0.744523,0][0,0.959012,0.431391][0,0.930194,0.367068][0.348596,0.742719,0][0,1.06512,-0.10542][0,0.999891,0.01476][0.416524,0.74095,0][-0.258307,1.12755,-0.10684][-0.0339661,0.999354,0.0117482][0.417192,0.772344,0][-0.258307,1.01488,0.435124][-0.0428602,0.931483,0.36125][0.351636,0.774523,0][-0.258307,1.01488,0.435124][-0.0428602,0.931483,0.36125][0.351636,0.774523,0][0,0.959012,0.431391][0,0.930194,0.367068][0.348596,0.742719,0][0,1.06512,-0.10542][0,0.999891,0.01476][0.416524,0.74095,0][0,1.06512,-0.10542][0,0.999891,0.01476][0.416524,0.74095,0][0,0.976205,-0.626427][-2.74552e-007,0.929118,-0.369784][0.482912,0.739218,0][-0.258307,1.03337,-0.632756][-0.0496491,0.929507,-0.365448][0.480722,0.770322,0][-0.258307,1.03337,-0.632756][-0.0496491,0.929507,-0.365448][0.480722,0.770322,0][-0.258307,1.12755,-0.10684][-0.0339661,0.999354,0.0117482][0.417192,0.772344,0][0,1.06512,-0.10542][0,0.999891,0.01476][0.416524,0.74095,0][-0.258307,1.03337,-0.632756][-0.0496491,0.929507,-0.365448][0.480722,0.770322,0][-0.258307,0.742878,-1.07618][-0.084951,0.715056,-0.693886][0.545149,0.769712,0][-0.506691,0.685688,-1.01625][-0.409422,0.648711,-0.641519][0.53993,0.802321,0][-0.506691,0.685688,-1.01625][-0.409422,0.648711,-0.641519][0.53993,0.802321,0][-0.506691,0.959518,-0.597846][-0.403564,0.850143,-0.338221][0.477663,0.801509,0][-0.258307,1.03337,-0.632756][-0.0496491,0.929507,-0.365448][0.480722,0.770322,0][-0.258307,0.742878,-1.07618][-0.084951,0.715056,-0.693886][0.545149,0.769712,0][-0.258307,0.298745,-1.37525][-0.12273,0.386199,-0.914214][0.612135,0.772514,0][-0.506691,0.267518,-1.29725][-0.41426,0.347441,-0.841233][0.603702,0.809193,0][-0.506691,0.267518,-1.29725][-0.41426,0.347441,-0.841233][0.603702,0.809193,0][-0.506691,0.685688,-1.01625][-0.409422,0.648711,-0.641519][0.53993,0.802321,0][-0.258307,0.742878,-1.07618][-0.084951,0.715056,-0.693886][0.545149,0.769712,0][-0.258307,-0.118853,-1.45703][-0.17751,-0.208109,-0.961863][0.665706,0.779426,0][-0.506691,-0.118593,-1.37162][-0.410157,-0.233212,-0.881693][0.652219,0.822792,0][-0.506691,0.267518,-1.29725][-0.41426,0.347441,-0.841233][0.603702,0.809193,0][-0.506691,0.267518,-1.29725][-0.41426,0.347441,-0.841233][0.603702,0.809193,0][-0.258307,0.298745,-1.37525][-0.12273,0.386199,-0.914214][0.612135,0.772514,0][-0.258307,-0.118853,-1.45703][-0.17751,-0.208109,-0.961863][0.665706,0.779426,0][-0.258307,-1.08466,1.22197][-0.167971,-0.809435,0.562673][0.033846,0.795968,0][-0.258307,-0.743613,1.43512][-0.136445,-0.304785,0.942597][0.083262,0.786081,0][-0.506691,-0.71436,1.35005][-0.434648,-0.283668,0.854759][0.094087,0.82183,0][-0.506691,-0.71436,1.35005][-0.434648,-0.283668,0.854759][0.094087,0.82183,0][-0.506691,-1.03022,1.15219][-0.414766,-0.762505,0.496543][0.049634,0.838552,0][-0.258307,-1.08466,1.22197][-0.167971,-0.809435,0.562673][0.033846,0.795968,0][-0.258307,-0.23249,1.47585][-0.140976,0.123,0.982343][0.146972,0.77972,0][-0.506691,-0.232414,1.39013][-0.417285,0.11719,0.901188][0.154854,0.811903,0][-0.506691,-0.71436,1.35005][-0.434648,-0.283668,0.854759][0.094087,0.82183,0][-0.506691,-0.71436,1.35005][-0.434648,-0.283668,0.854759][0.094087,0.82183,0][-0.258307,-0.743613,1.43512][-0.136445,-0.304785,0.942597][0.083262,0.786081,0][-0.258307,-0.23249,1.47585][-0.140976,0.123,0.982343][0.146972,0.77972,0][-0.258307,0.278831,1.29167][-0.117075,0.50076,0.857632][0.213819,0.777358,0][-0.506691,0.249718,1.21836][-0.391482,0.456187,0.799146][0.219056,0.808945,0][-0.506691,-0.232414,1.39013][-0.417285,0.11719,0.901188][0.154854,0.811903,0][-0.506691,-0.232414,1.39013][-0.417285,0.11719,0.901188][0.154854,0.811903,0][-0.258307,-0.23249,1.47585][-0.140976,0.123,0.982343][0.146972,0.77972,0][-0.258307,0.278831,1.29167][-0.117075,0.50076,0.857632][0.213819,0.777358,0][-0.258307,0.716299,0.924235][-0.0738743,0.760799,0.644769][0.283114,0.776154,0][-0.506691,0.662,0.872951][-0.377258,0.701712,0.604382][0.285751,0.807992,0][-0.506691,0.249718,1.21836][-0.391482,0.456187,0.799146][0.219056,0.808945,0][-0.506691,0.249718,1.21836][-0.391482,0.456187,0.799146][0.219056,0.808945,0][-0.258307,0.278831,1.29167][-0.117075,0.50076,0.857632][0.213819,0.777358,0][-0.258307,0.716299,0.924235][-0.0738743,0.760799,0.644769][0.283114,0.776154,0][-0.258307,1.01488,0.435124][-0.0428602,0.931483,0.36125][0.351636,0.774523,0][-0.506691,0.94306,0.41151][-0.380061,0.86086,0.33834][0.352024,0.806211,0][-0.506691,0.662,0.872951][-0.377258,0.701712,0.604382][0.285751,0.807992,0][-0.506691,0.662,0.872951][-0.377258,0.701712,0.604382][0.285751,0.807992,0][-0.258307,0.716299,0.924235][-0.0738743,0.760799,0.644769][0.283114,0.776154,0][-0.258307,1.01488,0.435124][-0.0428602,0.931483,0.36125][0.351636,0.774523,0][-0.258307,1.01488,0.435124][-0.0428602,0.931483,0.36125][0.351636,0.774523,0][-0.258307,1.12755,-0.10684][-0.0339661,0.999354,0.0117482][0.417192,0.772344,0][-0.506691,1.04872,-0.100724][-0.392504,0.919674,0.0118313][0.415791,0.803539,0][-0.506691,1.04872,-0.100724][-0.392504,0.919674,0.0118313][0.415791,0.803539,0][-0.506691,0.94306,0.41151][-0.380061,0.86086,0.33834][0.352024,0.806211,0][-0.258307,1.01488,0.435124][-0.0428602,0.931483,0.36125][0.351636,0.774523,0][-0.258307,1.12755,-0.10684][-0.0339661,0.999354,0.0117482][0.417192,0.772344,0][-0.258307,1.03337,-0.632756][-0.0496491,0.929507,-0.365448][0.480722,0.770322,0][-0.506691,0.959518,-0.597846][-0.403564,0.850143,-0.338221][0.477663,0.801509,0][-0.506691,0.959518,-0.597846][-0.403564,0.850143,-0.338221][0.477663,0.801509,0][-0.506691,1.04872,-0.100724][-0.392504,0.919674,0.0118313][0.415791,0.803539,0][-0.258307,1.12755,-0.10684][-0.0339661,0.999354,0.0117482][0.417192,0.772344,0][-0.506691,0.959518,-0.597846][-0.403564,0.850143,-0.338221][0.477663,0.801509,0][-0.506691,0.685688,-1.01625][-0.409422,0.648711,-0.641519][0.53993,0.802321,0][-0.735601,0.592995,-0.918298][-0.586874,0.575589,-0.569452][0.530464,0.835786,0][-0.735601,0.592995,-0.918298][-0.586874,0.575589,-0.569452][0.530464,0.835786,0][-0.735601,0.839722,-0.540701][-0.57939,0.757569,-0.300661][0.471964,0.833988,0][-0.506691,0.959518,-0.597846][-0.403564,0.850143,-0.338221][0.477663,0.801509,0][-0.506691,0.685688,-1.01625][-0.409422,0.648711,-0.641519][0.53993,0.802321,0][-0.506691,0.267518,-1.29725][-0.41426,0.347441,-0.841233][0.603702,0.809193,0][-0.735601,0.216938,-1.17015][-0.592507,0.305496,-0.745391][0.589012,0.845262,0][-0.735601,0.216938,-1.17015][-0.592507,0.305496,-0.745391][0.589012,0.845262,0][-0.735601,0.592995,-0.918298][-0.586874,0.575589,-0.569452][0.530464,0.835786,0][-0.506691,0.685688,-1.01625][-0.409422,0.648711,-0.641519][0.53993,0.802321,0][-0.506691,-0.118593,-1.37162][-0.410157,-0.233212,-0.881693][0.652219,0.822792,0][-0.735601,-0.11828,-1.23293][-0.58205,-0.25102,-0.773438][0.629992,0.862356,0][-0.735601,0.216938,-1.17015][-0.592507,0.305496,-0.745391][0.589012,0.845262,0][-0.735601,0.216938,-1.17015][-0.592507,0.305496,-0.745391][0.589012,0.845262,0][-0.506691,0.267518,-1.29725][-0.41426,0.347441,-0.841233][0.603702,0.809193,0][-0.506691,-0.118593,-1.37162][-0.410157,-0.233212,-0.881693][0.652219,0.822792,0][-0.506691,-1.03022,1.15219][-0.414766,-0.762505,0.496543][0.049634,0.838552,0][-0.506691,-0.71436,1.35005][-0.434648,-0.283668,0.854759][0.094087,0.82183,0][-0.735601,-0.666724,1.21236][-0.612724,-0.251072,0.749354][0.111261,0.857071,0][-0.735601,-0.666724,1.21236][-0.612724,-0.251072,0.749354][0.111261,0.857071,0][-0.735601,-0.941688,1.03949][-0.584304,-0.702859,0.405683][0.074115,0.876978,0][-0.506691,-1.03022,1.15219][-0.414766,-0.762505,0.496543][0.049634,0.838552,0][-0.506691,-0.232414,1.39013][-0.417285,0.11719,0.901188][0.154854,0.811903,0][-0.735601,-0.232289,1.25094][-0.594665,0.10091,0.797616][0.167193,0.844861,0][-0.735601,-0.666724,1.21236][-0.612724,-0.251072,0.749354][0.111261,0.857071,0][-0.735601,-0.666724,1.21236][-0.612724,-0.251072,0.749354][0.111261,0.857071,0][-0.506691,-0.71436,1.35005][-0.434648,-0.283668,0.854759][0.094087,0.82183,0][-0.506691,-0.232414,1.39013][-0.417285,0.11719,0.901188][0.154854,0.811903,0][-0.506691,0.249718,1.21836][-0.391482,0.456187,0.799146][0.219056,0.808945,0][-0.735601,0.202316,1.09885][-0.56683,0.406627,0.71649][0.227189,0.841362,0][-0.735601,-0.232289,1.25094][-0.594665,0.10091,0.797616][0.167193,0.844861,0][-0.735601,-0.232289,1.25094][-0.594665,0.10091,0.797616][0.167193,0.844861,0][-0.506691,-0.232414,1.39013][-0.417285,0.11719,0.901188][0.154854,0.811903,0][-0.506691,0.249718,1.21836][-0.391482,0.456187,0.799146][0.219056,0.808945,0][-0.506691,0.662,0.872951][-0.377258,0.701712,0.604382][0.285751,0.807992,0][-0.735601,0.57365,0.789036][-0.55059,0.632451,0.544845][0.289818,0.840461,0][-0.735601,0.202316,1.09885][-0.56683,0.406627,0.71649][0.227189,0.841362,0][-0.735601,0.202316,1.09885][-0.56683,0.406627,0.71649][0.227189,0.841362,0][-0.506691,0.249718,1.21836][-0.391482,0.456187,0.799146][0.219056,0.808945,0][-0.506691,0.662,0.872951][-0.377258,0.701712,0.604382][0.285751,0.807992,0][-0.506691,0.94306,0.41151][-0.380061,0.86086,0.33834][0.352024,0.806211,0][-0.735601,0.826304,0.37271][-0.552976,0.775964,0.303476][0.352478,0.838664,0][-0.735601,0.57365,0.789036][-0.55059,0.632451,0.544845][0.289818,0.840461,0][-0.735601,0.57365,0.789036][-0.55059,0.632451,0.544845][0.289818,0.840461,0][-0.506691,0.662,0.872951][-0.377258,0.701712,0.604382][0.285751,0.807992,0][-0.506691,0.94306,0.41151][-0.380061,0.86086,0.33834][0.352024,0.806211,0][-0.506691,0.94306,0.41151][-0.380061,0.86086,0.33834][0.352024,0.806211,0][-0.506691,1.04872,-0.100724][-0.392504,0.919674,0.0118313][0.415791,0.803539,0][-0.735601,0.920695,-0.0907961][-0.566503,0.823996,0.010254][0.413143,0.835864,0][-0.735601,0.920695,-0.0907961][-0.566503,0.823996,0.010254][0.413143,0.835864,0][-0.735601,0.826304,0.37271][-0.552976,0.775964,0.303476][0.352478,0.838664,0][-0.506691,0.94306,0.41151][-0.380061,0.86086,0.33834][0.352024,0.806211,0][-0.506691,1.04872,-0.100724][-0.392504,0.919674,0.0118313][0.415791,0.803539,0][-0.506691,0.959518,-0.597846][-0.403564,0.850143,-0.338221][0.477663,0.801509,0][-0.735601,0.839722,-0.540701][-0.57939,0.757569,-0.300661][0.471964,0.833988,0][-0.735601,0.839722,-0.540701][-0.57939,0.757569,-0.300661][0.471964,0.833988,0][-0.735601,0.920695,-0.0907961][-0.566503,0.823996,0.010254][0.413143,0.835864,0][-0.506691,1.04872,-0.100724][-0.392504,0.919674,0.0118313][0.415791,0.803539,0][-0.735601,0.839722,-0.540701][-0.57939,0.757569,-0.300661][0.471964,0.833988,0][-0.735601,0.592995,-0.918298][-0.586874,0.575589,-0.569452][0.530464,0.835786,0][-0.936243,0.468592,-0.785228][-0.735609,0.481524,-0.476459][0.517372,0.870302,0][-0.936243,0.468592,-0.785228][-0.735609,0.481524,-0.476459][0.517372,0.870302,0][-0.936243,0.67875,-0.462919][-0.72801,0.637507,-0.252164][0.464055,0.868166,0][-0.735601,0.839722,-0.540701][-0.57939,0.757569,-0.300661][0.471964,0.833988,0][-0.735601,0.592995,-0.918298][-0.586874,0.575589,-0.569452][0.530464,0.835786,0][-0.735601,0.216938,-1.17015][-0.592507,0.305496,-0.745391][0.589012,0.845262,0][-0.936243,0.149118,-0.998223][-0.740724,0.252306,-0.622632][0.569149,0.880306,0][-0.936243,0.149118,-0.998223][-0.740724,0.252306,-0.622632][0.569149,0.880306,0][-0.936243,0.468592,-0.785228][-0.735609,0.481524,-0.476459][0.517372,0.870302,0][-0.735601,0.592995,-0.918298][-0.586874,0.575589,-0.569452][0.530464,0.835786,0][-0.735601,-0.11828,-1.23293][-0.58205,-0.25102,-0.773438][0.629992,0.862356,0][-0.936243,-0.118004,-1.04633][-0.718542,-0.27244,-0.639902][0.60142,0.896925,0][-0.936243,0.149118,-0.998223][-0.740724,0.252306,-0.622632][0.569149,0.880306,0][-0.936243,0.149118,-0.998223][-0.740724,0.252306,-0.622632][0.569149,0.880306,0][-0.735601,0.216938,-1.17015][-0.592507,0.305496,-0.745391][0.589012,0.845262,0][-0.735601,-0.11828,-1.23293][-0.58205,-0.25102,-0.773438][0.629992,0.862356,0][-0.735601,-0.941688,1.03949][-0.584304,-0.702859,0.405683][0.074115,0.876978,0][-0.735601,-0.666724,1.21236][-0.612724,-0.251072,0.749354][0.111261,0.857071,0][-0.936243,-0.602378,1.02794][-0.755454,-0.210786,0.62037][0.133858,0.891328,0][-0.936243,-0.602378,1.02794][-0.755454,-0.210786,0.62037][0.133858,0.891328,0][-0.936243,-0.822206,0.889045][-0.71937,-0.629224,0.294253][0.104794,0.910218,0][-0.735601,-0.941688,1.03949][-0.584304,-0.702859,0.405683][0.074115,0.876978,0][-0.735601,-0.232289,1.25094][-0.594665,0.10091,0.797616][0.167193,0.844861,0][-0.936243,-0.232123,1.06362][-0.741287,0.0808045,0.666307][0.183481,0.878746,0][-0.936243,-0.602378,1.02794][-0.755454,-0.210786,0.62037][0.133858,0.891328,0][-0.936243,-0.602378,1.02794][-0.755454,-0.210786,0.62037][0.133858,0.891328,0][-0.735601,-0.666724,1.21236][-0.612724,-0.251072,0.749354][0.111261,0.857071,0][-0.735601,-0.232289,1.25094][-0.594665,0.10091,0.797616][0.167193,0.844861,0][-0.735601,0.202316,1.09885][-0.56683,0.406627,0.71649][0.227189,0.841362,0][-0.936243,0.138279,0.937149][-0.718421,0.341319,0.606113][0.23777,0.874979,0][-0.936243,-0.232123,1.06362][-0.741287,0.0808045,0.666307][0.183481,0.878746,0][-0.936243,-0.232123,1.06362][-0.741287,0.0808045,0.666307][0.183481,0.878746,0][-0.735601,-0.232289,1.25094][-0.594665,0.10091,0.797616][0.167193,0.844861,0][-0.735601,0.202316,1.09885][-0.56683,0.406627,0.71649][0.227189,0.841362,0][-0.735601,0.57365,0.789036][-0.55059,0.632451,0.544845][0.289818,0.840461,0][-0.936243,0.454403,0.674861][-0.70407,0.538057,0.463443][0.29504,0.873949,0][-0.936243,0.138279,0.937149][-0.718421,0.341319,0.606113][0.23777,0.874979,0][-0.936243,0.138279,0.937149][-0.718421,0.341319,0.606113][0.23777,0.874979,0][-0.735601,0.202316,1.09885][-0.56683,0.406627,0.71649][0.227189,0.841362,0][-0.735601,0.57365,0.789036][-0.55059,0.632451,0.544845][0.289818,0.840461,0][-0.735601,0.826304,0.37271][-0.552976,0.775964,0.303476][0.352478,0.838664,0][-0.936243,0.668938,0.319614][-0.705137,0.660942,0.256783][0.352957,0.872265,0][-0.936243,0.454403,0.674861][-0.70407,0.538057,0.463443][0.29504,0.873949,0][-0.936243,0.454403,0.674861][-0.70407,0.538057,0.463443][0.29504,0.873949,0][-0.735601,0.57365,0.789036][-0.55059,0.632451,0.544845][0.289818,0.840461,0][-0.735601,0.826304,0.37271][-0.552976,0.775964,0.303476][0.352478,0.838664,0][-0.735601,0.826304,0.37271][-0.552976,0.775964,0.303476][0.352478,0.838664,0][-0.735601,0.920695,-0.0907961][-0.566503,0.823996,0.010254][0.413143,0.835864,0][-0.936243,0.748409,-0.0774344][-0.716277,0.697768,0.00816273][0.409456,0.869739,0][-0.936243,0.748409,-0.0774344][-0.716277,0.697768,0.00816273][0.409456,0.869739,0][-0.936243,0.668938,0.319614][-0.705137,0.660942,0.256783][0.352957,0.872265,0][-0.735601,0.826304,0.37271][-0.552976,0.775964,0.303476][0.352478,0.838664,0][-0.735601,0.920695,-0.0907961][-0.566503,0.823996,0.010254][0.413143,0.835864,0][-0.735601,0.839722,-0.540701][-0.57939,0.757569,-0.300661][0.471964,0.833988,0][-0.936243,0.67875,-0.462919][-0.72801,0.637507,-0.252164][0.464055,0.868166,0][-0.936243,0.67875,-0.462919][-0.72801,0.637507,-0.252164][0.464055,0.868166,0][-0.936243,0.748409,-0.0774344][-0.716277,0.697768,0.00816273][0.409456,0.869739,0][-0.735601,0.920695,-0.0907961][-0.566503,0.823996,0.010254][0.413143,0.835864,0][-0.936243,0.67875,-0.462919][-0.72801,0.637507,-0.252164][0.464055,0.868166,0][-0.936243,0.468592,-0.785228][-0.735609,0.481524,-0.476459][0.517372,0.870302,0][-1.1009,0.317547,-0.621149][-0.851564,0.372747,-0.368644][0.501941,0.906119,0][-1.1009,0.317547,-0.621149][-0.851564,0.372747,-0.368644][0.501941,0.906119,0][-1.1009,0.482984,-0.366775][-0.84548,0.496866,-0.195671][0.454854,0.904213,0][-0.936243,0.67875,-0.462919][-0.72801,0.637507,-0.252164][0.464055,0.868166,0][-0.936243,0.468592,-0.785228][-0.735609,0.481524,-0.476459][0.517372,0.870302,0][-0.936243,0.149118,-0.998223][-0.740724,0.252306,-0.622632][0.569149,0.880306,0][-1.1009,0.0668527,-0.78736][-0.85526,0.192119,-0.48127][0.545767,0.914126,0][-1.1009,0.0668527,-0.78736][-0.85526,0.192119,-0.48127][0.545767,0.914126,0][-1.1009,0.317547,-0.621149][-0.851564,0.372747,-0.368644][0.501941,0.906119,0][-0.936243,0.468592,-0.785228][-0.735609,0.481524,-0.476459][0.517372,0.870302,0][-0.936243,-0.118004,-1.04633][-0.718542,-0.27244,-0.639902][0.60142,0.896925,0][-1.1009,-0.117843,-0.819004][-0.820736,-0.293486,-0.490161][0.569251,0.92623,0][-1.1009,0.0668527,-0.78736][-0.85526,0.192119,-0.48127][0.545767,0.914126,0][-1.1009,0.0668527,-0.78736][-0.85526,0.192119,-0.48127][0.545767,0.914126,0][-0.936243,0.149118,-0.998223][-0.740724,0.252306,-0.622632][0.569149,0.880306,0][-0.936243,-0.118004,-1.04633][-0.718542,-0.27244,-0.639902][0.60142,0.896925,0][-0.936243,-0.822206,0.889045][-0.71937,-0.629224,0.294253][0.104794,0.910218,0][-0.936243,-0.602378,1.02794][-0.755454,-0.210786,0.62037][0.133858,0.891328,0][-1.1009,-0.523596,0.804585][-0.863123,-0.165109,0.47724][0.160207,0.924223,0][-1.1009,-0.523596,0.804585][-0.863123,-0.165109,0.47724][0.160207,0.924223,0][-1.1009,-0.6761,0.707651][-0.819853,-0.546604,0.170489][0.13892,0.938048,0][-0.936243,-0.822206,0.889045][-0.71937,-0.629224,0.294253][0.104794,0.910218,0][-0.936243,-0.232123,1.06362][-0.741287,0.0808045,0.666307][0.183481,0.878746,0][-1.1009,-0.231919,0.835365][-0.854515,0.0590446,0.51606][0.202378,0.913775,0][-1.1009,-0.523596,0.804585][-0.863123,-0.165109,0.47724][0.160207,0.924223,0][-1.1009,-0.523596,0.804585][-0.863123,-0.165109,0.47724][0.160207,0.924223,0][-0.936243,-0.602378,1.02794][-0.755454,-0.210786,0.62037][0.133858,0.891328,0][-0.936243,-0.232123,1.06362][-0.741287,0.0808045,0.666307][0.183481,0.878746,0][-0.936243,0.138279,0.937149][-0.718421,0.341319,0.606113][0.23777,0.874979,0][-1.1009,0.059868,0.738748][-0.840012,0.264372,0.4738][0.249792,0.910105,0][-1.1009,-0.231919,0.835365][-0.854515,0.0590446,0.51606][0.202378,0.913775,0][-1.1009,-0.231919,0.835365][-0.854515,0.0590446,0.51606][0.202378,0.913775,0][-0.936243,-0.232123,1.06362][-0.741287,0.0808045,0.666307][0.183481,0.878746,0][-0.936243,0.138279,0.937149][-0.718421,0.341319,0.606113][0.23777,0.874979,0][-0.936243,0.454403,0.674861][-0.70407,0.538057,0.463443][0.29504,0.873949,0][-1.1009,0.30856,0.533808][-0.830205,0.422554,0.363605][0.30091,0.908709,0][-1.1009,0.059868,0.738748][-0.840012,0.264372,0.4738][0.249792,0.910105,0][-1.1009,0.059868,0.738748][-0.840012,0.264372,0.4738][0.249792,0.910105,0][-0.936243,0.138279,0.937149][-0.718421,0.341319,0.606113][0.23777,0.874979,0][-0.936243,0.454403,0.674861][-0.70407,0.538057,0.463443][0.29504,0.873949,0][-0.936243,0.668938,0.319614][-0.705137,0.660942,0.256783][0.352957,0.872265,0][-1.1009,0.476804,0.253555][-0.830031,0.520395,0.200594][0.353482,0.907168,0][-1.1009,0.30856,0.533808][-0.830205,0.422554,0.363605][0.30091,0.908709,0][-1.1009,0.30856,0.533808][-0.830205,0.422554,0.363605][0.30091,0.908709,0][-0.936243,0.454403,0.674861][-0.70407,0.538057,0.463443][0.29504,0.873949,0][-0.936243,0.668938,0.319614][-0.705137,0.660942,0.256783][0.352957,0.872265,0][-0.936243,0.668938,0.319614][-0.705137,0.660942,0.256783][0.352957,0.872265,0][-0.936243,0.748409,-0.0774344][-0.716277,0.697768,0.00816273][0.409456,0.869739,0][-1.1009,0.53848,-0.0611536][-0.837015,0.547149,0.00582038][0.405228,0.905259,0][-1.1009,0.53848,-0.0611536][-0.837015,0.547149,0.00582038][0.405228,0.905259,0][-1.1009,0.476804,0.253555][-0.830031,0.520395,0.200594][0.353482,0.907168,0][-0.936243,0.668938,0.319614][-0.705137,0.660942,0.256783][0.352957,0.872265,0][-0.936243,0.748409,-0.0774344][-0.716277,0.697768,0.00816273][0.409456,0.869739,0][-0.936243,0.67875,-0.462919][-0.72801,0.637507,-0.252164][0.464055,0.868166,0][-1.1009,0.482984,-0.366775][-0.84548,0.496866,-0.195671][0.454854,0.904213,0][-1.1009,0.482984,-0.366775][-0.84548,0.496866,-0.195671][0.454854,0.904213,0][-1.1009,0.53848,-0.0611536][-0.837015,0.547149,0.00582038][0.405228,0.905259,0][-0.936243,0.748409,-0.0774344][-0.716277,0.697768,0.00816273][0.409456,0.869739,0][-1.1009,0.482984,-0.366775][-0.84548,0.496866,-0.195671][0.454854,0.904213,0][-1.1009,0.317547,-0.621149][-0.851564,0.372747,-0.368644][0.501941,0.906119,0][-1.17444,0.214411,-0.507089][-0.993967,0.0808778,-0.0740831][0.492097,0.928772,0][-1.17444,0.214411,-0.507089][-0.993967,0.0808778,-0.0740831][0.492097,0.928772,0][-1.17329,0.35116,-0.300802][-0.992941,0.112347,-0.0380349][0.448952,0.92647,0][-1.1009,0.482984,-0.366775][-0.84548,0.496866,-0.195671][0.454854,0.904213,0][-1.1009,0.317547,-0.621149][-0.851564,0.372747,-0.368644][0.501941,0.906119,0][-1.1009,0.0668527,-0.78736][-0.85526,0.192119,-0.48127][0.545767,0.914126,0][-1.1751,0.0102504,-0.640374][-0.995012,0.0352434,-0.0933257][0.530873,0.935287,0][-1.1751,0.0102504,-0.640374][-0.995012,0.0352434,-0.0933257][0.530873,0.935287,0][-1.17444,0.214411,-0.507089][-0.993967,0.0808778,-0.0740831][0.492097,0.928772,0][-1.1009,0.317547,-0.621149][-0.851564,0.372747,-0.368644][0.501941,0.906119,0][-1.1009,-0.117843,-0.819004][-0.820736,-0.293486,-0.490161][0.569251,0.92623,0][-1.1747,-0.117826,-0.663059][-0.956361,-0.259407,-0.134466][0.549272,0.942826,0][-1.1751,0.0102504,-0.640374][-0.995012,0.0352434,-0.0933257][0.530873,0.935287,0][-1.1751,0.0102504,-0.640374][-0.995012,0.0352434,-0.0933257][0.530873,0.935287,0][-1.1009,0.0668527,-0.78736][-0.85526,0.192119,-0.48127][0.545767,0.914126,0][-1.1009,-0.117843,-0.819004][-0.820736,-0.293486,-0.490161][0.569251,0.92623,0][-1.17642,-0.467807,0.64845][-0.995765,-0.0324622,0.0860125][0.177175,0.945098,0][-1.17555,-0.574091,0.583068][-0.955215,-0.285657,-0.0772264][0.160291,0.953853,0][-1.1009,-0.6761,0.707651][-0.819853,-0.546604,0.170489][0.13892,0.938048,0][-1.1009,-0.6761,0.707651][-0.819853,-0.546604,0.170489][0.13892,0.938048,0][-1.1009,-0.523596,0.804585][-0.863123,-0.165109,0.47724][0.160207,0.924223,0][-1.17642,-0.467807,0.64845][-0.995765,-0.0324622,0.0860125][0.177175,0.945098,0][-1.1009,-0.231919,0.835365][-0.854515,0.0590446,0.51606][0.202378,0.913775,0][-1.17499,-0.23178,0.677687][-0.99432,0.0212596,0.104287][0.214378,0.93615,0][-1.17642,-0.467807,0.64845][-0.995765,-0.0324622,0.0860125][0.177175,0.945098,0][-1.17642,-0.467807,0.64845][-0.995765,-0.0324622,0.0860125][0.177175,0.945098,0][-1.1009,-0.523596,0.804585][-0.863123,-0.165109,0.47724][0.160207,0.924223,0][-1.1009,-0.231919,0.835365][-0.854515,0.0590446,0.51606][0.202378,0.913775,0][-1.1009,0.059868,0.738748][-0.840012,0.264372,0.4738][0.249792,0.910105,0][-1.17249,0.00723349,0.605252][-0.992658,0.0659764,0.101375][0.257374,0.931582,0][-1.17499,-0.23178,0.677687][-0.99432,0.0212596,0.104287][0.214378,0.93615,0][-1.17499,-0.23178,0.677687][-0.99432,0.0212596,0.104287][0.214378,0.93615,0][-1.1009,-0.231919,0.835365][-0.854515,0.0590446,0.51606][0.202378,0.913775,0][-1.1009,0.059868,0.738748][-0.840012,0.264372,0.4738][0.249792,0.910105,0][-1.1009,0.30856,0.533808][-0.830205,0.422554,0.363605][0.30091,0.908709,0][-1.17077,0.213141,0.440441][-0.991293,0.101762,0.0835609][0.304666,0.929201,0][-1.17249,0.00723349,0.605252][-0.992658,0.0659764,0.101375][0.257374,0.931582,0][-1.17249,0.00723349,0.605252][-0.992658,0.0659764,0.101375][0.257374,0.931582,0][-1.1009,0.059868,0.738748][-0.840012,0.264372,0.4738][0.249792,0.910105,0][-1.1009,0.30856,0.533808][-0.830205,0.422554,0.363605][0.30091,0.908709,0][-1.1009,0.476804,0.253555][-0.830031,0.520395,0.200594][0.353482,0.907168,0][-1.17068,0.351514,0.20953][-0.991027,0.124128,0.0495697][0.353875,0.92761,0][-1.17077,0.213141,0.440441][-0.991293,0.101762,0.0835609][0.304666,0.929201,0][-1.17077,0.213141,0.440441][-0.991293,0.101762,0.0835609][0.304666,0.929201,0][-1.1009,0.30856,0.533808][-0.830205,0.422554,0.363605][0.30091,0.908709,0][-1.1009,0.476804,0.253555][-0.830031,0.520395,0.200594][0.353482,0.907168,0][-1.1009,0.476804,0.253555][-0.830031,0.520395,0.200594][0.353482,0.907168,0][-1.1009,0.53848,-0.0611536][-0.837015,0.547149,0.00582038][0.405228,0.905259,0][-1.17182,0.399668,-0.0503886][-0.991778,0.127785,0.00690283][0.402536,0.926503,0][-1.17182,0.399668,-0.0503886][-0.991778,0.127785,0.00690283][0.402536,0.926503,0][-1.17068,0.351514,0.20953][-0.991027,0.124128,0.0495697][0.353875,0.92761,0][-1.1009,0.476804,0.253555][-0.830031,0.520395,0.200594][0.353482,0.907168,0][-1.1009,0.53848,-0.0611536][-0.837015,0.547149,0.00582038][0.405228,0.905259,0][-1.1009,0.482984,-0.366775][-0.84548,0.496866,-0.195671][0.454854,0.904213,0][-1.17329,0.35116,-0.300802][-0.992941,0.112347,-0.0380349][0.448952,0.92647,0][-1.17329,0.35116,-0.300802][-0.992941,0.112347,-0.0380349][0.448952,0.92647,0][-1.17182,0.399668,-0.0503886][-0.991778,0.127785,0.00690283][0.402536,0.926503,0][-1.1009,0.53848,-0.0611536][-0.837015,0.547149,0.00582038][0.405228,0.905259,0][1.12286,0.105013,-0.398952][0.784576,-0.440643,0.436204][0.715827,0.766497,0][1.12347,0.210149,-0.237407][0.791513,-0.568297,0.224823][0.710388,0.750553,0][0,-0.352713,-0.0364752][0,-0.940276,-0.340412][0.848716,0.719168,0][1.12153,-0.0536187,-0.502673][0.771815,-0.237007,0.590025][0.72373,0.780987,0][1.12286,0.105013,-0.398952][0.784576,-0.440643,0.436204][0.715827,0.766497,0][0,-0.352713,-0.0364752][0,-0.940276,-0.340412][0.848716,0.719168,0][1.12029,-0.240934,-0.532307][0.648943,-0.666162,0.367561][0.7338,0.794109,0][1.12153,-0.0536187,-0.502673][0.771815,-0.237007,0.590025][0.72373,0.780987,0][0,-0.352713,-0.0364752][0,-0.940276,-0.340412][0.848716,0.719168,0][1.12117,-0.426482,0.502513][0.768325,0.207526,-0.605483][0.728342,0.649829,0][1.11981,-0.583231,0.401498][0.643987,-0.264729,-0.717774][0.739113,0.637741,0][0,-0.352713,-0.0364752][0,-0.940276,-0.340412][0.848716,0.719168,0][1.12247,-0.241659,0.524576][0.781133,-0.0594381,-0.621529][0.719799,0.663505,0][1.12117,-0.426482,0.502513][0.768325,0.207526,-0.605483][0.728342,0.649829,0][0,-0.352713,-0.0364752][0,-0.940276,-0.340412][0.848716,0.719168,0][1.12294,-0.0565555,0.4657][0.787169,-0.295019,-0.541599][0.713436,0.679277,0][1.12247,-0.241659,0.524576][0.781133,-0.0594381,-0.621529][0.719799,0.663505,0][0,-0.352713,-0.0364752][0,-0.940276,-0.340412][0.848716,0.719168,0][1.12312,0.100995,0.336991][0.788863,-0.466279,-0.400348][0.709195,0.696797,0][1.12294,-0.0565555,0.4657][0.787169,-0.295019,-0.541599][0.713436,0.679277,0][0,-0.352713,-0.0364752][0,-0.940276,-0.340412][0.848716,0.719168,0][1.12331,0.207264,0.158966][0.790605,-0.572529,-0.21715][0.707168,0.715143,0][1.12312,0.100995,0.336991][0.788863,-0.466279,-0.400348][0.709195,0.696797,0][0,-0.352713,-0.0364752][0,-0.940276,-0.340412][0.848716,0.719168,0][1.12351,0.245832,-0.0420838][0.792326,-0.610094,-0.00221587][0.707519,0.733306,0][1.12331,0.207264,0.158966][0.790605,-0.572529,-0.21715][0.707168,0.715143,0][0,-0.352713,-0.0364752][0,-0.940276,-0.340412][0.848716,0.719168,0][1.12347,0.210149,-0.237407][0.791513,-0.568297,0.224823][0.710388,0.750553,0][1.12351,0.245832,-0.0420838][0.792326,-0.610094,-0.00221587][0.707519,0.733306,0][0,-0.352713,-0.0364752][0,-0.940276,-0.340412][0.848716,0.719168,0][-1.12347,0.210149,-0.237407][-0.791513,-0.568297,0.224824][0.984512,0.760135,0][-1.12286,0.105012,-0.398953][-0.784576,-0.440642,0.436206][0.977974,0.775659,0][0,-0.352713,-0.0364752][0,-0.940276,-0.340412][0.848716,0.719168,0][-1.12286,0.105012,-0.398953][-0.784576,-0.440642,0.436206][0.977974,0.775659,0][-1.12153,-0.0536197,-0.502673][-0.771815,-0.237007,0.590026][0.969078,0.789562,0][0,-0.352713,-0.0364752][0,-0.940276,-0.340412][0.848716,0.719168,0][-1.12153,-0.0536197,-0.502673][-0.771815,-0.237007,0.590026][0.969078,0.789562,0][-1.12029,-0.240933,-0.532307][-0.648943,-0.666161,0.367562][0.958118,0.801948,0][0,-0.352713,-0.0364752][0,-0.940276,-0.340412][0.848716,0.719168,0][-1.11981,-0.583231,0.401498][-0.643987,-0.264729,-0.717774][0.963738,0.645597,0][-1.12117,-0.426482,0.502513][-0.768325,0.207526,-0.605483][0.973638,0.658407,0][0,-0.352713,-0.0364752][0,-0.940276,-0.340412][0.848716,0.719168,0][-1.12117,-0.426482,0.502513][-0.768325,0.207526,-0.605483][0.973638,0.658407,0][-1.12247,-0.241659,0.524576][-0.781133,-0.0594381,-0.621529][0.981203,0.672647,0][0,-0.352713,-0.0364752][0,-0.940276,-0.340412][0.848716,0.719168,0][-1.12247,-0.241659,0.524576][-0.781133,-0.0594381,-0.621529][0.981203,0.672647,0][-1.12294,-0.0565555,0.4657][-0.787168,-0.295018,-0.5416][0.986451,0.688824,0][0,-0.352713,-0.0364752][0,-0.940276,-0.340412][0.848716,0.719168,0][-1.12294,-0.0565555,0.4657][-0.787168,-0.295018,-0.5416][0.986451,0.688824,0][-1.12312,0.100996,0.336991][-0.788688,-0.466707,-0.400195][0.989456,0.706596,0][0,-0.352713,-0.0364752][0,-0.940276,-0.340412][0.848716,0.719168,0][-1.12312,0.100996,0.336991][-0.788688,-0.466707,-0.400195][0.989456,0.706596,0][-1.12331,0.207264,0.158966][-0.790433,-0.572597,-0.217596][0.990197,0.725036,0][0,-0.352713,-0.0364752][0,-0.940276,-0.340412][0.848716,0.719168,0][-1.12331,0.207264,0.158966][-0.790433,-0.572597,-0.217596][0.990197,0.725036,0][-1.12351,0.245832,-0.0420838][-0.792326,-0.610094,-0.00221586][0.988579,0.743131,0][0,-0.352713,-0.0364752][0,-0.940276,-0.340412][0.848716,0.719168,0][-1.12351,0.245832,-0.0420838][-0.792326,-0.610094,-0.00221586][0.988579,0.743131,0][-1.12347,0.210149,-0.237407][-0.791513,-0.568297,0.224824][0.984512,0.760135,0][0,-0.352713,-0.0364752][0,-0.940276,-0.340412][0.848716,0.719168,0][1.00947,-0.240583,-0.771701][0.413668,-0.876898,-0.244803][0.74695,0.815105,0][1.12029,-0.240934,-0.532307][0.648943,-0.666162,0.367561][0.7338,0.794109,0][0,-0.352713,-0.0364752][0,-0.940276,-0.340412][0.848716,0.719168,0][1.11981,-0.583231,0.401498][0.643987,-0.264729,-0.717774][0.739113,0.637741,0][1.00906,-0.736986,0.589725][0.403236,-0.833032,-0.37876][0.753774,0.617321,0][0,-0.352713,-0.0364752][0,-0.940276,-0.340412][0.848716,0.719168,0][0.860045,-0.240194,-0.98271][0.367241,-0.872553,-0.322159][0.762635,0.833562,0][1.00947,-0.240583,-0.771701][0.413668,-0.876898,-0.244803][0.74695,0.815105,0][0,-0.352713,-0.0364752][0,-0.940276,-0.340412][0.848716,0.719168,0][1.00906,-0.736986,0.589725][0.403236,-0.833032,-0.37876][0.753774,0.617321,0][0.859782,-0.871918,0.757828][0.354193,-0.879495,-0.317861][0.770764,0.599492,0][0,-0.352713,-0.0364752][0,-0.940276,-0.340412][0.848716,0.719168,0][0.677039,-0.239821,-1.15695][0.300573,-0.868839,-0.393413][0.780562,0.848881,0][0.860045,-0.240194,-0.98271][0.367241,-0.872553,-0.322159][0.762635,0.833562,0][0,-0.352713,-0.0364752][0,-0.940276,-0.340412][0.848716,0.719168,0][0.859782,-0.871918,0.757828][0.354193,-0.879495,-0.317861][0.770764,0.599492,0][0.676987,-0.983005,0.898272][0.288529,-0.920713,-0.262753][0.789746,0.584898,0][0,-0.352713,-0.0364752][0,-0.940276,-0.340412][0.848716,0.719168,0][0.467153,-0.239513,-1.2872][0.214624,-0.86579,-0.452045][0.80034,0.860517,0][0.677039,-0.239821,-1.15695][0.300573,-0.868839,-0.393413][0.780562,0.848881,0][0,-0.352713,-0.0364752][0,-0.940276,-0.340412][0.848716,0.719168,0][0.676987,-0.983005,0.898272][0.288529,-0.920713,-0.262753][0.789746,0.584898,0][0.467254,-1.06591,1.00429][0.205736,-0.954224,-0.217094][0.810307,0.574154,0][0,-0.352713,-0.0364752][0,-0.940276,-0.340412][0.848716,0.719168,0][0.238441,-0.239305,-1.36785][0.103512,-0.860976,-0.498002][0.821485,0.868022,0][0.467153,-0.239513,-1.2872][0.214624,-0.86579,-0.452045][0.80034,0.860517,0][0,-0.352713,-0.0364752][0,-0.940276,-0.340412][0.848716,0.719168,0][0.467254,-1.06591,1.00429][0.205736,-0.954224,-0.217094][0.810307,0.574154,0][0.238561,-1.11723,1.07046][0.0729106,-0.981292,-0.178186][0.831939,0.567773,0][0,-0.352713,-0.0364752][0,-0.940276,-0.340412][0.848716,0.719168,0][0,-0.239528,-1.38884][1.74592e-006,-0.857099,-0.515152][0.843434,0.870376,0][0.238441,-0.239305,-1.36785][0.103512,-0.860976,-0.498002][0.821485,0.868022,0][0,-0.352713,-0.0364752][0,-0.940276,-0.340412][0.848716,0.719168,0][0.238561,-1.11723,1.07046][0.0729106,-0.981292,-0.178186][0.831939,0.567773,0][0,-1.11686,1.09137][-0.00596038,-0.9887,-0.149787][0.854025,0.567377,0][0,-0.352713,-0.0364752][0,-0.940276,-0.340412][0.848716,0.719168,0][-0.238441,-0.239306,-1.36785][-0.102338,-0.861349,-0.497598][0.865493,0.869559,0][0,-0.239528,-1.38884][1.74592e-006,-0.857099,-0.515152][0.843434,0.870376,0][0,-0.352713,-0.0364752][0,-0.940276,-0.340412][0.848716,0.719168,0][0,-1.11686,1.09137][-0.00596038,-0.9887,-0.149787][0.854025,0.567377,0][-0.238561,-1.11723,1.07046][-0.0681575,-0.982479,-0.173464][0.876026,0.569315,0][0,-0.352713,-0.0364752][0,-0.940276,-0.340412][0.848716,0.719168,0][-0.467153,-0.239514,-1.2872][-0.213592,-0.866672,-0.450841][0.887108,0.863548,0][-0.238441,-0.239306,-1.36785][-0.102338,-0.861349,-0.497598][0.865493,0.869559,0][0,-0.352713,-0.0364752][0,-0.940276,-0.340412][0.848716,0.719168,0][-0.238561,-1.11723,1.07046][-0.0681575,-0.982479,-0.173464][0.876026,0.569315,0][-0.467254,-1.06591,1.00429][-0.205736,-0.954223,-0.217097][0.89716,0.577192,0][0,-0.352713,-0.0364752][0,-0.940276,-0.340412][0.848716,0.719168,0][-0.677039,-0.239821,-1.15695][-0.301155,-0.869342,-0.391855][0.90765,0.853321,0][-0.467153,-0.239514,-1.2872][-0.213592,-0.866672,-0.450841][0.887108,0.863548,0][0,-0.352713,-0.0364752][0,-0.940276,-0.340412][0.848716,0.719168,0][-0.467254,-1.06591,1.00429][-0.205736,-0.954223,-0.217097][0.89716,0.577192,0][-0.676987,-0.983005,0.898272][-0.28853,-0.920713,-0.262752][0.916921,0.589346,0][0,-0.352713,-0.0364752][0,-0.940276,-0.340412][0.848716,0.719168,0][-0.860045,-0.240194,-0.98271][-0.36724,-0.872553,-0.322158][0.926602,0.839292,0][-0.677039,-0.239821,-1.15695][-0.301155,-0.869342,-0.391855][0.90765,0.853321,0][0,-0.352713,-0.0364752][0,-0.940276,-0.340412][0.848716,0.719168,0][-0.676987,-0.983005,0.898272][-0.28853,-0.920713,-0.262752][0.916921,0.589346,0][-0.859782,-0.871918,0.757828][-0.354194,-0.879495,-0.317859][0.934837,0.605231,0][0,-0.352713,-0.0364752][0,-0.940276,-0.340412][0.848716,0.719168,0][-1.00947,-0.240583,-0.771701][-0.413668,-0.876898,-0.244802][0.943537,0.821976,0][-0.860045,-0.240194,-0.98271][-0.36724,-0.872553,-0.322158][0.926602,0.839292,0][0,-0.352713,-0.0364752][0,-0.940276,-0.340412][0.848716,0.719168,0][-0.859782,-0.871918,0.757828][-0.354194,-0.879495,-0.317859][0.934837,0.605231,0][-1.00906,-0.736986,0.589725][-0.403236,-0.833032,-0.37876][0.95054,0.624204,0][0,-0.352713,-0.0364752][0,-0.940276,-0.340412][0.848716,0.719168,0][-1.12029,-0.240933,-0.532307][-0.648943,-0.666161,0.367562][0.958118,0.801948,0][-1.00947,-0.240583,-0.771701][-0.413668,-0.876898,-0.244802][0.943537,0.821976,0][0,-0.352713,-0.0364752][0,-0.940276,-0.340412][0.848716,0.719168,0][-1.00906,-0.736986,0.589725][-0.403236,-0.833032,-0.37876][0.95054,0.624204,0][-1.11981,-0.583231,0.401498][-0.643987,-0.264729,-0.717774][0.963738,0.645597,0][0,-0.352713,-0.0364752][0,-0.940276,-0.340412][0.848716,0.719168,0][1.17329,0.35116,-0.300802][0.992941,0.112347,-0.0380345][0.439239,0.553988,0][1.12347,0.210149,-0.237407][0.791513,-0.568297,0.224823][0.43521,0.532131,0][1.12286,0.105013,-0.398952][0.784576,-0.440643,0.436204][0.476333,0.527786,0][1.12286,0.105013,-0.398952][0.784576,-0.440643,0.436204][0.476333,0.527786,0][1.17444,0.214412,-0.507089][0.993967,0.0808792,-0.0740842][0.482207,0.54944,0][1.17329,0.35116,-0.300802][0.992941,0.112347,-0.0380345][0.439239,0.553988,0][1.12347,0.210149,-0.237407][0.791513,-0.568297,0.224823][0.43521,0.532131,0][1.17329,0.35116,-0.300802][0.992941,0.112347,-0.0380345][0.439239,0.553988,0][1.17182,0.399668,-0.0503886][0.991778,0.127785,0.00690283][0.392886,0.556374,0][1.17182,0.399668,-0.0503886][0.991778,0.127785,0.00690283][0.392886,0.556374,0][1.12351,0.245832,-0.0420838][0.792326,-0.610094,-0.00221587][0.390283,0.534595,0][1.12347,0.210149,-0.237407][0.791513,-0.568297,0.224823][0.43521,0.532131,0][1.12286,0.105013,-0.398952][0.784576,-0.440643,0.436204][0.476333,0.527786,0][1.12153,-0.0536187,-0.502673][0.771815,-0.237007,0.590025][0.511924,0.52022,0][1.1751,0.0102514,-0.640374][0.995012,0.0352436,-0.0933261][0.520589,0.540911,0][1.1751,0.0102514,-0.640374][0.995012,0.0352436,-0.0933261][0.520589,0.540911,0][1.17444,0.214412,-0.507089][0.993967,0.0808792,-0.0740842][0.482207,0.54944,0][1.12286,0.105013,-0.398952][0.784576,-0.440643,0.436204][0.476333,0.527786,0][1.12153,-0.0536187,-0.502673][0.771815,-0.237007,0.590025][0.511924,0.52022,0][1.12029,-0.240934,-0.532307][0.648943,-0.666162,0.367561][0.541222,0.507741,0][1.1747,-0.117826,-0.663059][0.956361,-0.259406,-0.134466][0.53857,0.532423,0][1.1747,-0.117826,-0.663059][0.956361,-0.259406,-0.134466][0.53857,0.532423,0][1.1751,0.0102514,-0.640374][0.995012,0.0352436,-0.0933261][0.520589,0.540911,0][1.12153,-0.0536187,-0.502673][0.771815,-0.237007,0.590025][0.511924,0.52022,0][1.1747,-0.117826,-0.663059][0.956361,-0.259406,-0.134466][0.53857,0.532423,0][1.12029,-0.240934,-0.532307][0.648943,-0.666162,0.367561][0.541222,0.507741,0][1.00947,-0.240583,-0.771701][0.413668,-0.876898,-0.244803][0.575043,0.532887,0][1.00947,-0.240583,-0.771701][0.413668,-0.876898,-0.244803][0.575043,0.532887,0][1.1009,-0.117843,-0.819004][0.820736,-0.293486,-0.490162][0.559388,0.547957,0][1.1747,-0.117826,-0.663059][0.956361,-0.259406,-0.134466][0.53857,0.532423,0][1.17555,-0.574091,0.583068][0.955215,-0.285657,-0.0772264][0.149545,0.541684,0][1.11981,-0.583231,0.401498][0.643987,-0.264729,-0.717774][0.14602,0.516743,0][1.12117,-0.426482,0.502513][0.768325,0.207526,-0.605483][0.174906,0.528563,0][1.12117,-0.426482,0.502513][0.768325,0.207526,-0.605483][0.174906,0.528563,0][1.17642,-0.467807,0.64845][0.995765,-0.0324621,0.0860125][0.166861,0.549548,0][1.17555,-0.574091,0.583068][0.955215,-0.285657,-0.0772264][0.149545,0.541684,0][1.17555,-0.574091,0.583068][0.955215,-0.285657,-0.0772264][0.149545,0.541684,0][1.1009,-0.6761,0.707651][0.819853,-0.546603,0.170488][0.129025,0.558581,0][1.00906,-0.736986,0.589725][0.403236,-0.833032,-0.37876][0.1131,0.543597,0][1.00906,-0.736986,0.589725][0.403236,-0.833032,-0.37876][0.1131,0.543597,0][1.11981,-0.583231,0.401498][0.643987,-0.264729,-0.717774][0.14602,0.516743,0][1.17555,-0.574091,0.583068][0.955215,-0.285657,-0.0772264][0.149545,0.541684,0][1.17642,-0.467807,0.64845][0.995765,-0.0324621,0.0860125][0.166861,0.549548,0][1.12117,-0.426482,0.502513][0.768325,0.207526,-0.605483][0.174906,0.528563,0][1.12247,-0.241659,0.524576][0.781133,-0.0594381,-0.621529][0.209986,0.534708,0][1.12247,-0.241659,0.524576][0.781133,-0.0594381,-0.621529][0.209986,0.534708,0][1.17499,-0.23178,0.677687][0.99432,0.0212593,0.104287][0.20448,0.556545,0][1.17642,-0.467807,0.64845][0.995765,-0.0324621,0.0860125][0.166861,0.549548,0][1.12247,-0.241659,0.524576][0.781133,-0.0594381,-0.621529][0.209986,0.534708,0][1.12294,-0.0565555,0.4657][0.787169,-0.295019,-0.541599][0.250986,0.536944,0][1.17249,0.00723349,0.605252][0.992658,0.0659755,0.101374][0.247655,0.558866,0][1.17249,0.00723349,0.605252][0.992658,0.0659755,0.101374][0.247655,0.558866,0][1.17499,-0.23178,0.677687][0.99432,0.0212593,0.104287][0.20448,0.556545,0][1.12247,-0.241659,0.524576][0.781133,-0.0594381,-0.621529][0.209986,0.534708,0][1.12294,-0.0565555,0.4657][0.787169,-0.295019,-0.541599][0.250986,0.536944,0][1.12312,0.100995,0.336991][0.788863,-0.466279,-0.400348][0.296145,0.537024,0][1.17077,0.213141,0.440441][0.991319,0.101742,0.0832763][0.295008,0.558781,0][1.17077,0.213141,0.440441][0.991319,0.101742,0.0832763][0.295008,0.558781,0][1.17249,0.00723349,0.605252][0.992658,0.0659755,0.101374][0.247655,0.558866,0][1.12294,-0.0565555,0.4657][0.787169,-0.295019,-0.541599][0.250986,0.536944,0][1.12312,0.100995,0.336991][0.788863,-0.466279,-0.400348][0.296145,0.537024,0][1.12331,0.207264,0.158966][0.790605,-0.572529,-0.21715][0.343291,0.536114,0][1.17068,0.351514,0.20953][0.991054,0.123869,0.0496863][0.344232,0.557806,0][1.17068,0.351514,0.20953][0.991054,0.123869,0.0496863][0.344232,0.557806,0][1.17077,0.213141,0.440441][0.991319,0.101742,0.0832763][0.295008,0.558781,0][1.12312,0.100995,0.336991][0.788863,-0.466279,-0.400348][0.296145,0.537024,0][1.17068,0.351514,0.20953][0.991054,0.123869,0.0496863][0.344232,0.557806,0][1.12331,0.207264,0.158966][0.790605,-0.572529,-0.21715][0.343291,0.536114,0][1.12351,0.245832,-0.0420838][0.792326,-0.610094,-0.00221587][0.390283,0.534595,0][1.12351,0.245832,-0.0420838][0.792326,-0.610094,-0.00221587][0.390283,0.534595,0][1.17182,0.399668,-0.0503886][0.991778,0.127785,0.00690283][0.392886,0.556374,0][1.17068,0.351514,0.20953][0.991054,0.123869,0.0496863][0.344232,0.557806,0][-1.12347,0.210149,-0.237407][-0.791513,-0.568297,0.224824][0.446068,0.948506,0][-1.12351,0.245832,-0.0420838][-0.792326,-0.610094,-0.00221586][0.401073,0.948389,0][-1.17182,0.399668,-0.0503886][-0.991778,0.127785,0.00690283][0.402536,0.926503,0][-1.17182,0.399668,-0.0503886][-0.991778,0.127785,0.00690283][0.402536,0.926503,0][-1.17329,0.35116,-0.300802][-0.992941,0.112347,-0.0380349][0.448952,0.92647,0][-1.12347,0.210149,-0.237407][-0.791513,-0.568297,0.224824][0.446068,0.948506,0][-1.17329,0.35116,-0.300802][-0.992941,0.112347,-0.0380349][0.448952,0.92647,0][-1.17444,0.214411,-0.507089][-0.993967,0.0808778,-0.0740831][0.492097,0.928772,0][-1.12286,0.105012,-0.398953][-0.784576,-0.440642,0.436206][0.487363,0.950701,0][-1.12286,0.105012,-0.398953][-0.784576,-0.440642,0.436206][0.487363,0.950701,0][-1.12347,0.210149,-0.237407][-0.791513,-0.568297,0.224824][0.446068,0.948506,0][-1.17329,0.35116,-0.300802][-0.992941,0.112347,-0.0380349][0.448952,0.92647,0][-1.12286,0.105012,-0.398953][-0.784576,-0.440642,0.436206][0.487363,0.950701,0][-1.17444,0.214411,-0.507089][-0.993967,0.0808778,-0.0740831][0.492097,0.928772,0][-1.1751,0.0102504,-0.640374][-0.995012,0.0352434,-0.0933257][0.530873,0.935287,0][-1.1751,0.0102504,-0.640374][-0.995012,0.0352434,-0.0933257][0.530873,0.935287,0][-1.12153,-0.0536197,-0.502673][-0.771815,-0.237007,0.590026][0.523299,0.956402,0][-1.12286,0.105012,-0.398953][-0.784576,-0.440642,0.436206][0.487363,0.950701,0][-1.12153,-0.0536197,-0.502673][-0.771815,-0.237007,0.590026][0.523299,0.956402,0][-1.1751,0.0102504,-0.640374][-0.995012,0.0352434,-0.0933257][0.530873,0.935287,0][-1.1747,-0.117826,-0.663059][-0.956361,-0.259407,-0.134466][0.549272,0.942826,0][-1.1747,-0.117826,-0.663059][-0.956361,-0.259407,-0.134466][0.549272,0.942826,0][-1.12029,-0.240933,-0.532307][-0.648943,-0.666161,0.367562][0.553206,0.967337,0][-1.12153,-0.0536197,-0.502673][-0.771815,-0.237007,0.590026][0.523299,0.956402,0][-1.1747,-0.117826,-0.663059][-0.956361,-0.259407,-0.134466][0.549272,0.942826,0][-1.1009,-0.117843,-0.819004][-0.820736,-0.293486,-0.490161][0.569251,0.92623,0][-1.00947,-0.240583,-0.771701][-0.413668,-0.876898,-0.244802][0.585671,0.940462,0][-1.00947,-0.240583,-0.771701][-0.413668,-0.876898,-0.244802][0.585671,0.940462,0][-1.12029,-0.240933,-0.532307][-0.648943,-0.666161,0.367562][0.553206,0.967337,0][-1.1747,-0.117826,-0.663059][-0.956361,-0.259407,-0.134466][0.549272,0.942826,0][-1.17555,-0.574091,0.583068][-0.955215,-0.285657,-0.0772264][0.160291,0.953853,0][-1.11981,-0.583231,0.401498][-0.643987,-0.264729,-0.717774][0.158072,0.978944,0][-1.00906,-0.736986,0.589725][-0.403236,-0.833032,-0.37876][0.123797,0.953842,0][-1.00906,-0.736986,0.589725][-0.403236,-0.833032,-0.37876][0.123797,0.953842,0][-1.1009,-0.6761,0.707651][-0.819853,-0.546604,0.170489][0.13892,0.938048,0][-1.17555,-0.574091,0.583068][-0.955215,-0.285657,-0.0772264][0.160291,0.953853,0][-1.17555,-0.574091,0.583068][-0.955215,-0.285657,-0.0772264][0.160291,0.953853,0][-1.17642,-0.467807,0.64845][-0.995765,-0.0324622,0.0860125][0.177175,0.945098,0][-1.12117,-0.426482,0.502513][-0.768325,0.207526,-0.605483][0.186302,0.965635,0][-1.12117,-0.426482,0.502513][-0.768325,0.207526,-0.605483][0.186302,0.965635,0][-1.11981,-0.583231,0.401498][-0.643987,-0.264729,-0.717774][0.158072,0.978944,0][-1.17555,-0.574091,0.583068][-0.955215,-0.285657,-0.0772264][0.160291,0.953853,0][-1.17642,-0.467807,0.64845][-0.995765,-0.0324622,0.0860125][0.177175,0.945098,0][-1.17499,-0.23178,0.677687][-0.99432,0.0212596,0.104287][0.214378,0.93615,0][-1.12247,-0.241659,0.524576][-0.781133,-0.0594381,-0.621529][0.221014,0.957671,0][-1.12247,-0.241659,0.524576][-0.781133,-0.0594381,-0.621529][0.221014,0.957671,0][-1.12117,-0.426482,0.502513][-0.768325,0.207526,-0.605483][0.186302,0.965635,0][-1.17642,-0.467807,0.64845][-0.995765,-0.0324622,0.0860125][0.177175,0.945098,0][-1.12247,-0.241659,0.524576][-0.781133,-0.0594381,-0.621529][0.221014,0.957671,0][-1.17499,-0.23178,0.677687][-0.99432,0.0212596,0.104287][0.214378,0.93615,0][-1.17249,0.00723349,0.605252][-0.992658,0.0659764,0.101375][0.257374,0.931582,0][-1.17249,0.00723349,0.605252][-0.992658,0.0659764,0.101375][0.257374,0.931582,0][-1.12294,-0.0565555,0.4657][-0.787168,-0.295018,-0.5416][0.261842,0.953302,0][-1.12247,-0.241659,0.524576][-0.781133,-0.0594381,-0.621529][0.221014,0.957671,0][-1.12294,-0.0565555,0.4657][-0.787168,-0.295018,-0.5416][0.261842,0.953302,0][-1.17249,0.00723349,0.605252][-0.992658,0.0659764,0.101375][0.257374,0.931582,0][-1.17077,0.213141,0.440441][-0.991293,0.101762,0.0835609][0.304666,0.929201,0][-1.17077,0.213141,0.440441][-0.991293,0.101762,0.0835609][0.304666,0.929201,0][-1.12312,0.100996,0.336991][-0.788688,-0.466707,-0.400195][0.306934,0.95087,0][-1.12294,-0.0565555,0.4657][-0.787168,-0.295018,-0.5416][0.261842,0.953302,0][-1.17077,0.213141,0.440441][-0.991293,0.101762,0.0835609][0.304666,0.929201,0][-1.17068,0.351514,0.20953][-0.991027,0.124128,0.0495697][0.353875,0.92761,0][-1.12331,0.207264,0.158966][-0.790433,-0.572597,-0.217596][0.354066,0.949322,0][-1.12331,0.207264,0.158966][-0.790433,-0.572597,-0.217596][0.354066,0.949322,0][-1.12312,0.100996,0.336991][-0.788688,-0.466707,-0.400195][0.306934,0.95087,0][-1.17077,0.213141,0.440441][-0.991293,0.101762,0.0835609][0.304666,0.929201,0][-1.17068,0.351514,0.20953][-0.991027,0.124128,0.0495697][0.353875,0.92761,0][-1.17182,0.399668,-0.0503886][-0.991778,0.127785,0.00690283][0.402536,0.926503,0][-1.12351,0.245832,-0.0420838][-0.792326,-0.610094,-0.00221586][0.401073,0.948389,0][-1.12351,0.245832,-0.0420838][-0.792326,-0.610094,-0.00221586][0.401073,0.948389,0][-1.12331,0.207264,0.158966][-0.790433,-0.572597,-0.217596][0.354066,0.949322,0][-1.17068,0.351514,0.20953][-0.991027,0.124128,0.0495697][0.353875,0.92761,0][1.00947,-0.240583,-0.771701][0.413668,-0.876898,-0.244803][0.575043,0.532887,0][0.860045,-0.240194,-0.98271][0.367241,-0.872553,-0.322159][0.60894,0.562122,0][0.936243,-0.118004,-1.04633][0.718186,-0.271582,-0.640666][0.593039,0.575545,0][0.936243,-0.118004,-1.04633][0.718186,-0.271582,-0.640666][0.593039,0.575545,0][1.1009,-0.117843,-0.819004][0.820736,-0.293486,-0.490162][0.559388,0.547957,0][1.00947,-0.240583,-0.771701][0.413668,-0.876898,-0.244803][0.575043,0.532887,0][1.1009,-0.6761,0.707651][0.819853,-0.546603,0.170488][0.129025,0.558581,0][0.936243,-0.822207,0.889045][0.719369,-0.629225,0.294252][0.096397,0.588154,0][0.859782,-0.871918,0.757828][0.354193,-0.879495,-0.317861][0.080222,0.574615,0][0.859782,-0.871918,0.757828][0.354193,-0.879495,-0.317861][0.080222,0.574615,0][1.00906,-0.736986,0.589725][0.403236,-0.833032,-0.37876][0.1131,0.543597,0][1.1009,-0.6761,0.707651][0.819853,-0.546603,0.170488][0.129025,0.558581,0][0.860045,-0.240194,-0.98271][0.367241,-0.872553,-0.322159][0.60894,0.562122,0][0.677039,-0.239821,-1.15695][0.300573,-0.868839,-0.393413][0.640097,0.597547,0][0.735601,-0.11828,-1.23293][0.581156,-0.250649,-0.774231][0.623375,0.608579,0][0.735601,-0.11828,-1.23293][0.581156,-0.250649,-0.774231][0.623375,0.608579,0][0.936243,-0.118004,-1.04633][0.718186,-0.271582,-0.640666][0.593039,0.575545,0][0.860045,-0.240194,-0.98271][0.367241,-0.872553,-0.322159][0.60894,0.562122,0][0.936243,-0.822207,0.889045][0.719369,-0.629225,0.294252][0.096397,0.588154,0][0.735601,-0.941688,1.03949][0.584302,-0.702859,0.405684][0.06749,0.622946,0][0.676987,-0.983005,0.898272][0.288529,-0.920713,-0.262753][0.050356,0.611751,0][0.676987,-0.983005,0.898272][0.288529,-0.920713,-0.262753][0.050356,0.611751,0][0.859782,-0.871918,0.757828][0.354193,-0.879495,-0.317861][0.080222,0.574615,0][0.936243,-0.822207,0.889045][0.719369,-0.629225,0.294252][0.096397,0.588154,0][0.677039,-0.239821,-1.15695][0.300573,-0.868839,-0.393413][0.640097,0.597547,0][0.467153,-0.239513,-1.2872][0.214624,-0.86579,-0.452045][0.665327,0.639022,0][0.506691,-0.118593,-1.37162][0.410516,-0.233761,-0.881381][0.647633,0.646931,0][0.506691,-0.118593,-1.37162][0.410516,-0.233761,-0.881381][0.647633,0.646931,0][0.735601,-0.11828,-1.23293][0.581156,-0.250649,-0.774231][0.623375,0.608579,0][0.677039,-0.239821,-1.15695][0.300573,-0.868839,-0.393413][0.640097,0.597547,0][0.735601,-0.941688,1.03949][0.584302,-0.702859,0.405684][0.06749,0.622946,0][0.506691,-1.03022,1.15219][0.414766,-0.762504,0.496545][0.045047,0.662598,0][0.467254,-1.06591,1.00429][0.205736,-0.954224,-0.217094][0.026767,0.654747,0][0.467254,-1.06591,1.00429][0.205736,-0.954224,-0.217094][0.026767,0.654747,0][0.676987,-0.983005,0.898272][0.288529,-0.920713,-0.262753][0.050356,0.611751,0][0.735601,-0.941688,1.03949][0.584302,-0.702859,0.405684][0.06749,0.622946,0][0.467153,-0.239513,-1.2872][0.214624,-0.86579,-0.452045][0.665327,0.639022,0][0.238441,-0.239305,-1.36785][0.103512,-0.860976,-0.498002][0.681828,0.685371,0][0.258307,-0.118852,-1.45703][0.178748,-0.208376,-0.961576][0.663363,0.689535,0][0.258307,-0.118852,-1.45703][0.178748,-0.208376,-0.961576][0.663363,0.689535,0][0.506691,-0.118593,-1.37162][0.410516,-0.233761,-0.881381][0.647633,0.646931,0][0.467153,-0.239513,-1.2872][0.214624,-0.86579,-0.452045][0.665327,0.639022,0][0.506691,-1.03022,1.15219][0.414766,-0.762504,0.496545][0.045047,0.662598,0][0.258307,-1.08466,1.22197][0.17266,-0.806797,0.565038][0.031498,0.705946,0][0.238561,-1.11723,1.07046][0.0729106,-0.981292,-0.178186][0.01249,0.702345,0][0.238561,-1.11723,1.07046][0.0729106,-0.981292,-0.178186][0.01249,0.702345,0][0.467254,-1.06591,1.00429][0.205736,-0.954224,-0.217094][0.026767,0.654747,0][0.506691,-1.03022,1.15219][0.414766,-0.762504,0.496545][0.045047,0.662598,0][0.238441,-0.239305,-1.36785][0.103512,-0.860976,-0.498002][0.681828,0.685371,0][0,-0.239528,-1.38884][1.74592e-006,-0.857099,-0.515152][0.688095,0.733866,0][0,-0.120971,-1.47206][-8.79213e-007,-0.178491,-0.983942][0.669629,0.734348,0][0,-0.120971,-1.47206][-8.79213e-007,-0.178491,-0.983942][0.669629,0.734348,0][0.258307,-0.118852,-1.45703][0.178748,-0.208376,-0.961576][0.663363,0.689535,0][0.238441,-0.239305,-1.36785][0.103512,-0.860976,-0.498002][0.681828,0.685371,0][0.258307,-1.08466,1.22197][0.17266,-0.806797,0.565038][0.031498,0.705946,0][0,-1.07896,1.23505][-0.00461175,-0.788715,0.614742][0.029045,0.751052,0][0,-1.11686,1.09137][-0.00596038,-0.9887,-0.149787][0.009803,0.751554,0][0,-1.11686,1.09137][-0.00596038,-0.9887,-0.149787][0.009803,0.751554,0][0.238561,-1.11723,1.07046][0.0729106,-0.981292,-0.178186][0.01249,0.702345,0][0.258307,-1.08466,1.22197][0.17266,-0.806797,0.565038][0.031498,0.705946,0][0,-0.120971,-1.47206][-8.79213e-007,-0.178491,-0.983942][0.669629,0.734348,0][0,-0.239528,-1.38884][1.74592e-006,-0.857099,-0.515152][0.688095,0.733866,0][-0.238441,-0.239306,-1.36785][-0.102338,-0.861349,-0.497598][0.684363,0.782622,0][-0.238441,-0.239306,-1.36785][-0.102338,-0.861349,-0.497598][0.684363,0.782622,0][-0.258307,-0.118853,-1.45703][-0.17751,-0.208109,-0.961863][0.665706,0.779426,0][0,-0.120971,-1.47206][-8.79213e-007,-0.178491,-0.983942][0.669629,0.734348,0][0,-1.07896,1.23505][-0.00461175,-0.788715,0.614742][0.029045,0.751052,0][-0.258307,-1.08466,1.22197][-0.167971,-0.809435,0.562673][0.033846,0.795968,0][-0.238561,-1.11723,1.07046][-0.0681575,-0.982479,-0.173464][0.015052,0.800555,0][-0.238561,-1.11723,1.07046][-0.0681575,-0.982479,-0.173464][0.015052,0.800555,0][0,-1.11686,1.09137][-0.00596038,-0.9887,-0.149787][0.009803,0.751554,0][0,-1.07896,1.23505][-0.00461175,-0.788715,0.614742][0.029045,0.751052,0][-0.238441,-0.239306,-1.36785][-0.102338,-0.861349,-0.497598][0.684363,0.782622,0][-0.467153,-0.239514,-1.2872][-0.213592,-0.866672,-0.450841][0.670301,0.829768,0][-0.506691,-0.118593,-1.37162][-0.410157,-0.233212,-0.881693][0.652219,0.822792,0][-0.506691,-0.118593,-1.37162][-0.410157,-0.233212,-0.881693][0.652219,0.822792,0][-0.258307,-0.118853,-1.45703][-0.17751,-0.208109,-0.961863][0.665706,0.779426,0][-0.238441,-0.239306,-1.36785][-0.102338,-0.861349,-0.497598][0.684363,0.782622,0][-0.238561,-1.11723,1.07046][-0.0681575,-0.982479,-0.173464][0.015052,0.800555,0][-0.258307,-1.08466,1.22197][-0.167971,-0.809435,0.562673][0.033846,0.795968,0][-0.506691,-1.03022,1.15219][-0.414766,-0.762505,0.496543][0.049634,0.838552,0][-0.506691,-1.03022,1.15219][-0.414766,-0.762505,0.496543][0.049634,0.838552,0][-0.467254,-1.06591,1.00429][-0.205736,-0.954223,-0.217097][0.031789,0.847344,0][-0.238561,-1.11723,1.07046][-0.0681575,-0.982479,-0.173464][0.015052,0.800555,0][-0.467153,-0.239514,-1.2872][-0.213592,-0.866672,-0.450841][0.670301,0.829768,0][-0.677039,-0.239821,-1.15695][-0.301155,-0.869342,-0.391855][0.647266,0.872502,0][-0.735601,-0.11828,-1.23293][-0.58205,-0.25102,-0.773438][0.629992,0.862356,0][-0.735601,-0.11828,-1.23293][-0.58205,-0.25102,-0.773438][0.629992,0.862356,0][-0.506691,-0.118593,-1.37162][-0.410157,-0.233212,-0.881693][0.652219,0.822792,0][-0.467153,-0.239514,-1.2872][-0.213592,-0.866672,-0.450841][0.670301,0.829768,0][-0.467254,-1.06591,1.00429][-0.205736,-0.954223,-0.217097][0.031789,0.847344,0][-0.506691,-1.03022,1.15219][-0.414766,-0.762505,0.496543][0.049634,0.838552,0][-0.735601,-0.941688,1.03949][-0.584304,-0.702859,0.405683][0.074115,0.876978,0][-0.735601,-0.941688,1.03949][-0.584304,-0.702859,0.405683][0.074115,0.876978,0][-0.676987,-0.983005,0.898272][-0.28853,-0.920713,-0.262752][0.057587,0.889051,0][-0.467254,-1.06591,1.00429][-0.205736,-0.954223,-0.217097][0.031789,0.847344,0][-0.735601,-0.11828,-1.23293][-0.58205,-0.25102,-0.773438][0.629992,0.862356,0][-0.677039,-0.239821,-1.15695][-0.301155,-0.869342,-0.391855][0.647266,0.872502,0][-0.860045,-0.240194,-0.98271][-0.36724,-0.872553,-0.322158][0.617998,0.909503,0][-0.860045,-0.240194,-0.98271][-0.36724,-0.872553,-0.322158][0.617998,0.909503,0][-0.936243,-0.118004,-1.04633][-0.718542,-0.27244,-0.639902][0.60142,0.896925,0][-0.735601,-0.11828,-1.23293][-0.58205,-0.25102,-0.773438][0.629992,0.862356,0][-0.676987,-0.983005,0.898272][-0.28853,-0.920713,-0.262752][0.057587,0.889051,0][-0.735601,-0.941688,1.03949][-0.584304,-0.702859,0.405683][0.074115,0.876978,0][-0.936243,-0.822206,0.889045][-0.71937,-0.629224,0.294253][0.104794,0.910218,0][-0.936243,-0.822206,0.889045][-0.71937,-0.629224,0.294253][0.104794,0.910218,0][-0.859782,-0.871918,0.757828][-0.354194,-0.879495,-0.317859][0.089348,0.924581,0][-0.676987,-0.983005,0.898272][-0.28853,-0.920713,-0.262752][0.057587,0.889051,0][-0.936243,-0.118004,-1.04633][-0.718542,-0.27244,-0.639902][0.60142,0.896925,0][-0.860045,-0.240194,-0.98271][-0.36724,-0.872553,-0.322158][0.617998,0.909503,0][-1.00947,-0.240583,-0.771701][-0.413668,-0.876898,-0.244802][0.585671,0.940462,0][-1.00947,-0.240583,-0.771701][-0.413668,-0.876898,-0.244802][0.585671,0.940462,0][-1.1009,-0.117843,-0.819004][-0.820736,-0.293486,-0.490161][0.569251,0.92623,0][-0.936243,-0.118004,-1.04633][-0.718542,-0.27244,-0.639902][0.60142,0.896925,0][-0.859782,-0.871918,0.757828][-0.354194,-0.879495,-0.317859][0.089348,0.924581,0][-0.936243,-0.822206,0.889045][-0.71937,-0.629224,0.294253][0.104794,0.910218,0][-1.1009,-0.6761,0.707651][-0.819853,-0.546604,0.170489][0.13892,0.938048,0][-1.1009,-0.6761,0.707651][-0.819853,-0.546604,0.170489][0.13892,0.938048,0][-1.00906,-0.736986,0.589725][-0.403236,-0.833032,-0.37876][0.123797,0.953842,0][-0.859782,-0.871918,0.757828][-0.354194,-0.879495,-0.317859][0.089348,0.924581,0][-1.75323,-0.419474,0.748075][-0.421987,-0.324182,0.84666][0.793179,0.180893,0][-1.96347,-0.397017,0.583488][-0.743954,-0.302761,0.595708][0.787002,0.21267,0][-1.89428,-0.604392,0.496326][-0.676006,-0.515455,0.526613][0.818002,0.219362,0][-1.89428,-0.604392,0.496326][-0.676006,-0.515455,0.526613][0.818002,0.219362,0][-1.73448,-0.692807,0.586655][-0.426482,-0.632692,0.646386][0.840239,0.197478,0][-1.75323,-0.419474,0.748075][-0.421987,-0.324182,0.84666][0.793179,0.180893,0][-1.96347,-0.397017,0.583488][-0.743954,-0.302761,0.595708][0.787002,0.21267,0][-1.75323,-0.419474,0.748075][-0.421987,-0.324182,0.84666][0.793179,0.180893,0][-1.77198,-0.0936875,0.799943][-0.424872,0.00969346,0.905201][0.745906,0.177266,0][-1.77198,-0.0936875,0.799943][-0.424872,0.00969346,0.905201][0.745906,0.177266,0][-1.99762,-0.0955676,0.624374][-0.778114,0.00672553,0.628087][0.745626,0.209684,0][-1.96347,-0.397017,0.583488][-0.743954,-0.302761,0.595708][0.787002,0.21267,0][-1.75323,-0.419474,0.748075][-0.421987,-0.324182,0.84666][0.793179,0.180893,0][-1.50147,-0.443098,0.803685][-9.14854e-007,-0.342755,0.939425][0.795613,0.148602,0][-1.50147,-0.0930578,0.858754][-4.87035e-007,0.0107086,0.999943][0.746199,0.145109,0][-1.50147,-0.0930578,0.858754][-4.87035e-007,0.0107086,0.999943][0.746199,0.145109,0][-1.77198,-0.0936875,0.799943][-0.424872,0.00969346,0.905201][0.745906,0.177266,0][-1.75323,-0.419474,0.748075][-0.421987,-0.324182,0.84666][0.793179,0.180893,0][-1.50147,-0.443098,0.803685][-9.14854e-007,-0.342755,0.939425][0.795613,0.148602,0][-1.75323,-0.419474,0.748075][-0.421987,-0.324182,0.84666][0.793179,0.180893,0][-1.73448,-0.692807,0.586655][-0.426482,-0.632692,0.646386][0.840239,0.197478,0][-1.73448,-0.692807,0.586655][-0.426482,-0.632692,0.646386][0.840239,0.197478,0][-1.50147,-0.736439,0.631237][-1.11994e-006,-0.699492,0.71464][0.842273,0.152772,0][-1.50147,-0.443098,0.803685][-9.14854e-007,-0.342755,0.939425][0.795613,0.148602,0][-1.75323,0.230913,0.74111][-0.421984,0.342241,0.839524][0.698577,0.180148,0][-1.73448,0.500725,0.573874][-0.426483,0.646387,0.632689][0.651241,0.196024,0][-1.89428,0.410397,0.485459][-0.676005,0.526616,0.515454][0.673115,0.218276,0][-1.89428,0.410397,0.485459][-0.676005,0.526616,0.515454][0.673115,0.218276,0][-1.96347,0.204938,0.577042][-0.743954,0.31545,0.589088][0.70421,0.212046,0][-1.75323,0.230913,0.74111][-0.421984,0.342241,0.839524][0.698577,0.180148,0][-1.73448,0.500725,0.573874][-0.426483,0.646387,0.632689][0.651241,0.196024,0][-1.75323,0.230913,0.74111][-0.421984,0.342241,0.839524][0.698577,0.180148,0][-1.50147,0.255719,0.796201][-4.59981e-007,0.362792,0.93187][0.696731,0.14779,0][-1.50147,0.255719,0.796201][-4.59981e-007,0.362792,0.93187][0.696731,0.14779,0][-1.50147,0.545305,0.617512][-1.11469e-006,0.714635,0.699497][0.650005,0.151157,0][-1.73448,0.500725,0.573874][-0.426483,0.646387,0.632689][0.651241,0.196024,0][-1.75323,0.230913,0.74111][-0.421984,0.342241,0.839524][0.698577,0.180148,0][-1.77198,-0.0936875,0.799943][-0.424872,0.00969346,0.905201][0.745906,0.177266,0][-1.50147,-0.0930578,0.858754][-4.87035e-007,0.0107086,0.999943][0.746199,0.145109,0][-1.50147,-0.0930578,0.858754][-4.87035e-007,0.0107086,0.999943][0.746199,0.145109,0][-1.50147,0.255719,0.796201][-4.59981e-007,0.362792,0.93187][0.696731,0.14779,0][-1.75323,0.230913,0.74111][-0.421984,0.342241,0.839524][0.698577,0.180148,0][-1.77198,-0.0936875,0.799943][-0.424872,0.00969346,0.905201][0.745906,0.177266,0][-1.75323,0.230913,0.74111][-0.421984,0.342241,0.839524][0.698577,0.180148,0][-1.96347,0.204938,0.577042][-0.743954,0.31545,0.589088][0.70421,0.212046,0][-1.96347,0.204938,0.577042][-0.743954,0.31545,0.589088][0.70421,0.212046,0][-1.99762,-0.0955676,0.624374][-0.778114,0.00672553,0.628087][0.745626,0.209684,0][-1.77198,-0.0936875,0.799943][-0.424872,0.00969346,0.905201][0.745906,0.177266,0][-1.24971,0.230912,0.74111][0.421983,0.342241,0.839525][0.700386,0.113352,0][-1.03947,0.204936,0.577042][0.743955,0.315453,0.589085][0.699555,0.077115,0][-1.10866,0.410397,0.485459][0.676004,0.526616,0.515455][0.665771,0.083736,0][-1.10866,0.410397,0.485459][0.676004,0.526616,0.515455][0.665771,0.083736,0][-1.26846,0.500725,0.573874][0.426484,0.646387,0.632689][0.656666,0.112329,0][-1.24971,0.230912,0.74111][0.421983,0.342241,0.839525][0.700386,0.113352,0][-1.03947,0.204936,0.577042][0.743955,0.315453,0.589085][0.699555,0.077115,0][-1.24971,0.230912,0.74111][0.421983,0.342241,0.839525][0.700386,0.113352,0][-1.23097,-0.0936885,0.799943][0.424868,0.0096931,0.905203][0.746516,0.110701,0][-1.23097,-0.0936885,0.799943][0.424868,0.0096931,0.905203][0.746516,0.110701,0][-1.00532,-0.0955686,0.624374][0.778114,0.00672557,0.628087][0.746855,0.072918,0][-1.03947,0.204936,0.577042][0.743955,0.315453,0.589085][0.699555,0.077115,0][-1.24971,0.230912,0.74111][0.421983,0.342241,0.839525][0.700386,0.113352,0][-1.50147,0.255719,0.796201][-4.59981e-007,0.362792,0.93187][0.696731,0.14779,0][-1.50147,-0.0930578,0.858754][-4.87035e-007,0.0107086,0.999943][0.746199,0.145109,0][-1.50147,-0.0930578,0.858754][-4.87035e-007,0.0107086,0.999943][0.746199,0.145109,0][-1.23097,-0.0936885,0.799943][0.424868,0.0096931,0.905203][0.746516,0.110701,0][-1.24971,0.230912,0.74111][0.421983,0.342241,0.839525][0.700386,0.113352,0][-1.50147,0.255719,0.796201][-4.59981e-007,0.362792,0.93187][0.696731,0.14779,0][-1.24971,0.230912,0.74111][0.421983,0.342241,0.839525][0.700386,0.113352,0][-1.26846,0.500725,0.573874][0.426484,0.646387,0.632689][0.656666,0.112329,0][-1.26846,0.500725,0.573874][0.426484,0.646387,0.632689][0.656666,0.112329,0][-1.50147,0.545305,0.617512][-1.11469e-006,0.714635,0.699497][0.650005,0.151157,0][-1.50147,0.255719,0.796201][-4.59981e-007,0.362792,0.93187][0.696731,0.14779,0][-1.24971,-0.419474,0.748075][0.421984,-0.324182,0.846661][0.792595,0.114134,0][-1.26846,-0.692807,0.586655][0.426482,-0.632691,0.646386][0.836329,0.113888,0][-1.10866,-0.604392,0.496326][0.676005,-0.515456,0.526614][0.827746,0.08515,0][-1.10866,-0.604392,0.496326][0.676005,-0.515456,0.526614][0.827746,0.08515,0][-1.03947,-0.397017,0.583488][0.743955,-0.302766,0.595704][0.794081,0.077928,0][-1.24971,-0.419474,0.748075][0.421984,-0.324182,0.846661][0.792595,0.114134,0][-1.26846,-0.692807,0.586655][0.426482,-0.632691,0.646386][0.836329,0.113888,0][-1.24971,-0.419474,0.748075][0.421984,-0.324182,0.846661][0.792595,0.114134,0][-1.50147,-0.443098,0.803685][-9.14854e-007,-0.342755,0.939425][0.795613,0.148602,0][-1.50147,-0.443098,0.803685][-9.14854e-007,-0.342755,0.939425][0.795613,0.148602,0][-1.50147,-0.736439,0.631237][-1.11994e-006,-0.699492,0.71464][0.842273,0.152772,0][-1.26846,-0.692807,0.586655][0.426482,-0.632691,0.646386][0.836329,0.113888,0][-1.24971,-0.419474,0.748075][0.421984,-0.324182,0.846661][0.792595,0.114134,0][-1.23097,-0.0936885,0.799943][0.424868,0.0096931,0.905203][0.746516,0.110701,0][-1.50147,-0.0930578,0.858754][-4.87035e-007,0.0107086,0.999943][0.746199,0.145109,0][-1.50147,-0.0930578,0.858754][-4.87035e-007,0.0107086,0.999943][0.746199,0.145109,0][-1.50147,-0.443098,0.803685][-9.14854e-007,-0.342755,0.939425][0.795613,0.148602,0][-1.24971,-0.419474,0.748075][0.421984,-0.324182,0.846661][0.792595,0.114134,0][-1.23097,-0.0936885,0.799943][0.424868,0.0096931,0.905203][0.746516,0.110701,0][-1.24971,-0.419474,0.748075][0.421984,-0.324182,0.846661][0.792595,0.114134,0][-1.03947,-0.397017,0.583488][0.743955,-0.302766,0.595704][0.794081,0.077928,0][-1.03947,-0.397017,0.583488][0.743955,-0.302766,0.595704][0.794081,0.077928,0][-1.00532,-0.0955686,0.624374][0.778114,0.00672557,0.628087][0.746855,0.072918,0][-1.23097,-0.0936885,0.799943][0.424868,0.0096931,0.905203][0.746516,0.110701,0][-1.75323,0.662142,0.300543][-0.421986,0.84666,0.324183][0.634626,0.243138,0][-1.96347,0.497557,0.278085][-0.743953,0.595709,0.30276][0.6664,0.2493,0][-1.89428,0.410397,0.485459][-0.676005,0.526616,0.515454][0.673115,0.218276,0][-1.89428,0.410397,0.485459][-0.676005,0.526616,0.515454][0.673115,0.218276,0][-1.73448,0.500725,0.573874][-0.426483,0.646387,0.632689][0.651241,0.196024,0][-1.75323,0.662142,0.300543][-0.421986,0.84666,0.324183][0.634626,0.243138,0][-1.96347,0.497557,0.278085][-0.743953,0.595709,0.30276][0.6664,0.2493,0][-1.75323,0.662142,0.300543][-0.421986,0.84666,0.324183][0.634626,0.243138,0][-1.77198,0.714013,-0.0252421][-0.42487,0.905202,-0.00969342][0.630993,0.290457,0][-1.77198,0.714013,-0.0252421][-0.42487,0.905202,-0.00969342][0.630993,0.290457,0][-1.99762,0.538442,-0.023362][-0.778116,0.628084,-0.0067254][0.663401,0.290718,0][-1.96347,0.497557,0.278085][-0.743953,0.595709,0.30276][0.6664,0.2493,0][-1.75323,0.662142,0.300543][-0.421986,0.84666,0.324183][0.634626,0.243138,0][-1.50147,0.717754,0.324166][-9.14855e-007,0.939426,0.342751][0.60233,0.240727,0][-1.50147,0.772822,-0.0258719][-5.72834e-007,0.999943,-0.010708][0.598837,0.290171,0][-1.50147,0.772822,-0.0258719][-5.72834e-007,0.999943,-0.010708][0.598837,0.290171,0][-1.77198,0.714013,-0.0252421][-0.42487,0.905202,-0.00969342][0.630993,0.290457,0][-1.75323,0.662142,0.300543][-0.421986,0.84666,0.324183][0.634626,0.243138,0][-1.50147,0.717754,0.324166][-9.14855e-007,0.939426,0.342751][0.60233,0.240727,0][-1.75323,0.662142,0.300543][-0.421986,0.84666,0.324183][0.634626,0.243138,0][-1.73448,0.500725,0.573874][-0.426483,0.646387,0.632689][0.651241,0.196024,0][-1.73448,0.500725,0.573874][-0.426483,0.646387,0.632689][0.651241,0.196024,0][-1.50147,0.545305,0.617512][-1.11469e-006,0.714635,0.699497][0.606485,0.194053,0][-1.50147,0.717754,0.324166][-9.14855e-007,0.939426,0.342751][0.60233,0.240727,0][-1.75323,0.655177,-0.349842][-0.421986,0.839523,-0.342241][0.633893,0.337843,0][-1.73448,0.487944,-0.619651][-0.426482,0.632691,-0.646387][0.649827,0.385263,0][-1.89428,0.39953,-0.529326][-0.676003,0.515455,-0.526617][0.67204,0.363312,0][-1.89428,0.39953,-0.529326][-0.676003,0.515455,-0.526617][0.67204,0.363312,0][-1.96347,0.491111,-0.323866][-0.743953,0.589089,-0.315449][0.665776,0.332183,0][-1.75323,0.655177,-0.349842][-0.421986,0.839523,-0.342241][0.633893,0.337843,0][-1.73448,0.487944,-0.619651][-0.426482,0.632691,-0.646387][0.649827,0.385263,0][-1.75323,0.655177,-0.349842][-0.421986,0.839523,-0.342241][0.633893,0.337843,0][-1.50147,0.710271,-0.374651][-9.19967e-007,0.93187,-0.362792][0.601527,0.339672,0][-1.50147,0.710271,-0.374651][-9.19967e-007,0.93187,-0.362792][0.601527,0.339672,0][-1.50147,0.531579,-0.664235][-1.10943e-006,0.699492,-0.714641][0.604881,0.386414,0][-1.73448,0.487944,-0.619651][-0.426482,0.632691,-0.646387][0.649827,0.385263,0][-1.75323,0.655177,-0.349842][-0.421986,0.839523,-0.342241][0.633893,0.337843,0][-1.77198,0.714013,-0.0252421][-0.42487,0.905202,-0.00969342][0.630993,0.290457,0][-1.50147,0.772822,-0.0258719][-5.72834e-007,0.999943,-0.010708][0.598837,0.290171,0][-1.50147,0.772822,-0.0258719][-5.72834e-007,0.999943,-0.010708][0.598837,0.290171,0][-1.50147,0.710271,-0.374651][-9.19967e-007,0.93187,-0.362792][0.601527,0.339672,0][-1.75323,0.655177,-0.349842][-0.421986,0.839523,-0.342241][0.633893,0.337843,0][-1.77198,0.714013,-0.0252421][-0.42487,0.905202,-0.00969342][0.630993,0.290457,0][-1.75323,0.655177,-0.349842][-0.421986,0.839523,-0.342241][0.633893,0.337843,0][-1.96347,0.491111,-0.323866][-0.743953,0.589089,-0.315449][0.665776,0.332183,0][-1.96347,0.491111,-0.323866][-0.743953,0.589089,-0.315449][0.665776,0.332183,0][-1.99762,0.538442,-0.023362][-0.778116,0.628084,-0.0067254][0.663401,0.290718,0][-1.77198,0.714013,-0.0252421][-0.42487,0.905202,-0.00969342][0.630993,0.290457,0][-1.24971,0.655177,-0.349842][0.421983,0.839524,-0.342242][0.567075,0.335994,0][-1.03947,0.491111,-0.323866][0.743953,0.589086,-0.315455][0.530832,0.336814,0][-1.10866,0.399529,-0.529326][0.676002,0.515456,-0.526618][0.537439,0.370599,0][-1.10866,0.399529,-0.529326][0.676002,0.515456,-0.526618][0.537439,0.370599,0][-1.26846,0.487944,-0.619651][0.426484,0.63269,-0.646386][0.566033,0.379719,0][-1.24971,0.655177,-0.349842][0.421983,0.839524,-0.342242][0.567075,0.335994,0][-1.03947,0.491111,-0.323866][0.743953,0.589086,-0.315455][0.530832,0.336814,0][-1.24971,0.655177,-0.349842][0.421983,0.839524,-0.342242][0.567075,0.335994,0][-1.23097,0.714013,-0.0252421][0.424867,0.905204,-0.00969344][0.564425,0.289852,0][-1.23097,0.714013,-0.0252421][0.424867,0.905204,-0.00969344][0.564425,0.289852,0][-1.00532,0.538442,-0.023362][0.778116,0.628085,-0.0067254][0.52664,0.289512,0][-1.03947,0.491111,-0.323866][0.743953,0.589086,-0.315455][0.530832,0.336814,0][-1.24971,0.655177,-0.349842][0.421983,0.839524,-0.342242][0.567075,0.335994,0][-1.50147,0.710271,-0.374651][-9.19967e-007,0.93187,-0.362792][0.601527,0.339672,0][-1.50147,0.772822,-0.0258719][-5.72834e-007,0.999943,-0.010708][0.598837,0.290171,0][-1.50147,0.772822,-0.0258719][-5.72834e-007,0.999943,-0.010708][0.598837,0.290171,0][-1.23097,0.714013,-0.0252421][0.424867,0.905204,-0.00969344][0.564425,0.289852,0][-1.24971,0.655177,-0.349842][0.421983,0.839524,-0.342242][0.567075,0.335994,0][-1.50147,0.710271,-0.374651][-9.19967e-007,0.93187,-0.362792][0.601527,0.339672,0][-1.24971,0.655177,-0.349842][0.421983,0.839524,-0.342242][0.567075,0.335994,0][-1.26846,0.487944,-0.619651][0.426484,0.63269,-0.646386][0.566033,0.379719,0][-1.26846,0.487944,-0.619651][0.426484,0.63269,-0.646386][0.566033,0.379719,0][-1.50147,0.531579,-0.664235][-1.10943e-006,0.699492,-0.714641][0.604881,0.386414,0][-1.50147,0.710271,-0.374651][-9.19967e-007,0.93187,-0.362792][0.601527,0.339672,0][-1.24971,0.662142,0.300543][0.421984,0.846661,0.324184][0.567853,0.243761,0][-1.26846,0.500725,0.573874][0.426484,0.646387,0.632689][0.567591,0.200024,0][-1.10866,0.410397,0.485459][0.676004,0.526616,0.515455][0.538854,0.208616,0][-1.10866,0.410397,0.485459][0.676004,0.526616,0.515455][0.538854,0.208616,0][-1.03947,0.497557,0.278085][0.743954,0.595706,0.302765][0.531644,0.242284,0][-1.24971,0.662142,0.300543][0.421984,0.846661,0.324184][0.567853,0.243761,0][-1.26846,0.500725,0.573874][0.426484,0.646387,0.632689][0.567591,0.200024,0][-1.24971,0.662142,0.300543][0.421984,0.846661,0.324184][0.567853,0.243761,0][-1.50147,0.717754,0.324166][-9.14855e-007,0.939426,0.342751][0.60233,0.240727,0][-1.50147,0.717754,0.324166][-9.14855e-007,0.939426,0.342751][0.60233,0.240727,0][-1.50147,0.545305,0.617512][-1.11469e-006,0.714635,0.699497][0.606485,0.194053,0][-1.26846,0.500725,0.573874][0.426484,0.646387,0.632689][0.567591,0.200024,0][-1.24971,0.662142,0.300543][0.421984,0.846661,0.324184][0.567853,0.243761,0][-1.23097,0.714013,-0.0252421][0.424867,0.905204,-0.00969344][0.564425,0.289852,0][-1.50147,0.772822,-0.0258719][-5.72834e-007,0.999943,-0.010708][0.598837,0.290171,0][-1.50147,0.772822,-0.0258719][-5.72834e-007,0.999943,-0.010708][0.598837,0.290171,0][-1.50147,0.717754,0.324166][-9.14855e-007,0.939426,0.342751][0.60233,0.240727,0][-1.24971,0.662142,0.300543][0.421984,0.846661,0.324184][0.567853,0.243761,0][-1.23097,0.714013,-0.0252421][0.424867,0.905204,-0.00969344][0.564425,0.289852,0][-1.24971,0.662142,0.300543][0.421984,0.846661,0.324184][0.567853,0.243761,0][-1.03947,0.497557,0.278085][0.743954,0.595706,0.302765][0.531644,0.242284,0][-1.03947,0.497557,0.278085][0.743954,0.595706,0.302765][0.531644,0.242284,0][-1.00532,0.538442,-0.023362][0.778116,0.628085,-0.0067254][0.52664,0.289512,0][-1.23097,0.714013,-0.0252421][0.424867,0.905204,-0.00969344][0.564425,0.289852,0][-1.75323,0.214613,-0.781071][-0.421987,0.324185,-0.846659][0.697016,0.401804,0][-1.96347,0.192156,-0.616484][-0.743954,0.302761,-0.595708][0.703068,0.369976,0][-1.89428,0.39953,-0.529326][-0.676003,0.515455,-0.526617][0.67204,0.363312,0][-1.89428,0.39953,-0.529326][-0.676003,0.515455,-0.526617][0.67204,0.363312,0][-1.73448,0.487944,-0.619651][-0.426482,0.632691,-0.646387][0.649827,0.385263,0][-1.75323,0.214613,-0.781071][-0.421987,0.324185,-0.846659][0.697016,0.401804,0][-1.96347,0.192156,-0.616484][-0.743954,0.302761,-0.595708][0.703068,0.369976,0][-1.75323,0.214613,-0.781071][-0.421987,0.324185,-0.846659][0.697016,0.401804,0][-1.77198,-0.111174,-0.832941][-0.424873,-0.00969351,-0.905201][0.744334,0.405304,0][-1.77198,-0.111174,-0.832941][-0.424873,-0.00969351,-0.905201][0.744334,0.405304,0][-1.99762,-0.109293,-0.657372][-0.778114,-0.00672598,-0.628088][0.744471,0.372888,0][-1.96347,0.192156,-0.616484][-0.743954,0.302761,-0.595708][0.703068,0.369976,0][-1.75323,0.214613,-0.781071][-0.421987,0.324185,-0.846659][0.697016,0.401804,0][-1.50147,0.238234,-0.836683][-9.14854e-007,0.342755,-0.939425][0.69481,0.434163,0][-1.50147,-0.111803,-0.891753][-5.905e-007,-0.0107078,-0.999943][0.744255,0.437463,0][-1.50147,-0.111803,-0.891753][-5.905e-007,-0.0107078,-0.999943][0.744255,0.437463,0][-1.77198,-0.111174,-0.832941][-0.424873,-0.00969351,-0.905201][0.744334,0.405304,0][-1.75323,0.214613,-0.781071][-0.421987,0.324185,-0.846659][0.697016,0.401804,0][-1.50147,0.238234,-0.836683][-9.14854e-007,0.342755,-0.939425][0.69481,0.434163,0][-1.75323,0.214613,-0.781071][-0.421987,0.324185,-0.846659][0.697016,0.401804,0][-1.73448,0.487944,-0.619651][-0.426482,0.632691,-0.646387][0.649827,0.385263,0][-1.73448,0.487944,-0.619651][-0.426482,0.632691,-0.646387][0.649827,0.385263,0][-1.50147,0.531579,-0.664235][-1.10943e-006,0.699492,-0.714641][0.64812,0.430246,0][-1.50147,0.238234,-0.836683][-9.14854e-007,0.342755,-0.939425][0.69481,0.434163,0][-1.75323,-0.435774,-0.774106][-0.421989,-0.342239,-0.839522][0.791656,0.402285,0][-1.73448,-0.705588,-0.60687][-0.426481,-0.646389,-0.632689][0.838911,0.386331,0][-1.89428,-0.615259,-0.518459][-0.676004,-0.526613,-0.515459][0.816981,0.364164,0][-1.89428,-0.615259,-0.518459][-0.676004,-0.526613,-0.515459][0.816981,0.364164,0][-1.96347,-0.409798,-0.610038][-0.743954,-0.315447,-0.589088][0.785892,0.370443,0][-1.75323,-0.435774,-0.774106][-0.421989,-0.342239,-0.839522][0.791656,0.402285,0][-1.73448,-0.705588,-0.60687][-0.426481,-0.646389,-0.632689][0.838911,0.386331,0][-1.75323,-0.435774,-0.774106][-0.421989,-0.342239,-0.839522][0.791656,0.402285,0][-1.50147,-0.460585,-0.8292][-9.02078e-007,-0.362795,-0.931869][0.793715,0.434584,0][-1.50147,-0.460585,-0.8292][-9.02078e-007,-0.362795,-0.931869][0.793715,0.434584,0][-1.50147,-0.750165,-0.65051][-1.10417e-006,-0.714634,-0.699498][0.840424,0.430973,0][-1.73448,-0.705588,-0.60687][-0.426481,-0.646389,-0.632689][0.838911,0.386331,0][-1.75323,-0.435774,-0.774106][-0.421989,-0.342239,-0.839522][0.791656,0.402285,0][-1.77198,-0.111174,-0.832941][-0.424873,-0.00969351,-0.905201][0.744334,0.405304,0][-1.50147,-0.111803,-0.891753][-5.905e-007,-0.0107078,-0.999943][0.744255,0.437463,0][-1.50147,-0.111803,-0.891753][-5.905e-007,-0.0107078,-0.999943][0.744255,0.437463,0][-1.50147,-0.460585,-0.8292][-9.02078e-007,-0.362795,-0.931869][0.793715,0.434584,0][-1.75323,-0.435774,-0.774106][-0.421989,-0.342239,-0.839522][0.791656,0.402285,0][-1.77198,-0.111174,-0.832941][-0.424873,-0.00969351,-0.905201][0.744334,0.405304,0][-1.75323,-0.435774,-0.774106][-0.421989,-0.342239,-0.839522][0.791656,0.402285,0][-1.96347,-0.409798,-0.610038][-0.743954,-0.315447,-0.589088][0.785892,0.370443,0][-1.96347,-0.409798,-0.610038][-0.743954,-0.315447,-0.589088][0.785892,0.370443,0][-1.99762,-0.109293,-0.657372][-0.778114,-0.00672598,-0.628088][0.744471,0.372888,0][-1.77198,-0.111174,-0.832941][-0.424873,-0.00969351,-0.905201][0.744334,0.405304,0][-1.24971,-0.435774,-0.774106][0.421986,-0.34224,-0.839523][0.790316,0.468996,0][-1.03947,-0.409798,-0.610038][0.743955,-0.315452,-0.589085][0.791393,0.50521,0][-1.10866,-0.615259,-0.518459][0.676003,-0.526613,-0.515459][0.825143,0.498375,0][-1.10866,-0.615259,-0.518459][0.676003,-0.526613,-0.515459][0.825143,0.498375,0][-1.26846,-0.705588,-0.60687][0.426482,-0.646389,-0.632689][0.834046,0.469748,0][-1.24971,-0.435774,-0.774106][0.421986,-0.34224,-0.839523][0.790316,0.468996,0][-1.03947,-0.409798,-0.610038][0.743955,-0.315452,-0.589085][0.791393,0.50521,0][-1.24971,-0.435774,-0.774106][0.421986,-0.34224,-0.839523][0.790316,0.468996,0][-1.23097,-0.111174,-0.832941][0.42487,-0.00969353,-0.905203][0.744196,0.471874,0][-1.23097,-0.111174,-0.832941][0.42487,-0.00969353,-0.905203][0.744196,0.471874,0][-1.00532,-0.109293,-0.657372][0.778113,-0.00672599,-0.628088][0.744107,0.509659,0][-1.03947,-0.409798,-0.610038][0.743955,-0.315452,-0.589085][0.791393,0.50521,0][-1.24971,-0.435774,-0.774106][0.421986,-0.34224,-0.839523][0.790316,0.468996,0][-1.50147,-0.460585,-0.8292][-9.02078e-007,-0.362795,-0.931869][0.793715,0.434584,0][-1.50147,-0.111803,-0.891753][-5.905e-007,-0.0107078,-0.999943][0.744255,0.437463,0][-1.50147,-0.111803,-0.891753][-5.905e-007,-0.0107078,-0.999943][0.744255,0.437463,0][-1.23097,-0.111174,-0.832941][0.42487,-0.00969353,-0.905203][0.744196,0.471874,0][-1.24971,-0.435774,-0.774106][0.421986,-0.34224,-0.839523][0.790316,0.468996,0][-1.50147,-0.460585,-0.8292][-9.02078e-007,-0.362795,-0.931869][0.793715,0.434584,0][-1.24971,-0.435774,-0.774106][0.421986,-0.34224,-0.839523][0.790316,0.468996,0][-1.26846,-0.705588,-0.60687][0.426482,-0.646389,-0.632689][0.834046,0.469748,0][-1.26846,-0.705588,-0.60687][0.426482,-0.646389,-0.632689][0.834046,0.469748,0][-1.50147,-0.750165,-0.65051][-1.10417e-006,-0.714634,-0.699498][0.840424,0.430973,0][-1.50147,-0.460585,-0.8292][-9.02078e-007,-0.362795,-0.931869][0.793715,0.434584,0][-1.24971,0.214613,-0.781071][0.421985,0.324186,-0.84666][0.698097,0.46867,0][-1.26846,0.487944,-0.619651][0.426484,0.63269,-0.646386][0.654368,0.469198,0][-1.10866,0.399529,-0.529326][0.676002,0.515456,-0.526618][0.66316,0.497904,0][-1.10866,0.399529,-0.529326][0.676002,0.515456,-0.526618][0.66316,0.497904,0][-1.03947,0.192156,-0.616484][0.743955,0.302766,-0.595705][0.696862,0.504905,0][-1.24971,0.214613,-0.781071][0.421985,0.324186,-0.84666][0.698097,0.46867,0][-1.26846,0.487944,-0.619651][0.426484,0.63269,-0.646386][0.654368,0.469198,0][-1.24971,0.214613,-0.781071][0.421985,0.324186,-0.84666][0.698097,0.46867,0][-1.50147,0.238234,-0.836683][-9.14854e-007,0.342755,-0.939425][0.69481,0.434163,0][-1.50147,0.238234,-0.836683][-9.14854e-007,0.342755,-0.939425][0.69481,0.434163,0][-1.50147,0.531579,-0.664235][-1.10943e-006,0.699492,-0.714641][0.64812,0.430246,0][-1.26846,0.487944,-0.619651][0.426484,0.63269,-0.646386][0.654368,0.469198,0][-1.24971,0.214613,-0.781071][0.421985,0.324186,-0.84666][0.698097,0.46867,0][-1.23097,-0.111174,-0.832941][0.42487,-0.00969353,-0.905203][0.744196,0.471874,0][-1.50147,-0.111803,-0.891753][-5.905e-007,-0.0107078,-0.999943][0.744255,0.437463,0][-1.50147,-0.111803,-0.891753][-5.905e-007,-0.0107078,-0.999943][0.744255,0.437463,0][-1.50147,0.238234,-0.836683][-9.14854e-007,0.342755,-0.939425][0.69481,0.434163,0][-1.24971,0.214613,-0.781071][0.421985,0.324186,-0.84666][0.698097,0.46867,0][-1.23097,-0.111174,-0.832941][0.42487,-0.00969353,-0.905203][0.744196,0.471874,0][-1.24971,0.214613,-0.781071][0.421985,0.324186,-0.84666][0.698097,0.46867,0][-1.03947,0.192156,-0.616484][0.743955,0.302766,-0.595705][0.696862,0.504905,0][-1.03947,0.192156,-0.616484][0.743955,0.302766,-0.595705][0.696862,0.504905,0][-1.00532,-0.109293,-0.657372][0.778113,-0.00672599,-0.628088][0.744107,0.509659,0][-1.23097,-0.111174,-0.832941][0.42487,-0.00969353,-0.905203][0.744196,0.471874,0][-1.75323,-0.867004,-0.333541][-0.421986,-0.84666,-0.324184][0.855435,0.339304,0][-1.96347,-0.70242,-0.311085][-0.743952,-0.59571,-0.302762][0.823637,0.33318,0][-1.89428,-0.615259,-0.518459][-0.676004,-0.526613,-0.515459][0.816981,0.364164,0][-1.89428,-0.615259,-0.518459][-0.676004,-0.526613,-0.515459][0.816981,0.364164,0][-1.73448,-0.705588,-0.60687][-0.426481,-0.646389,-0.632689][0.838911,0.386331,0][-1.75323,-0.867004,-0.333541][-0.421986,-0.84666,-0.324184][0.855435,0.339304,0][-1.96347,-0.70242,-0.311085][-0.743952,-0.59571,-0.302762][0.823637,0.33318,0][-1.75323,-0.867004,-0.333541][-0.421986,-0.84666,-0.324184][0.855435,0.339304,0][-1.77198,-0.918875,-0.00775609][-0.424874,-0.9052,0.0096937][0.859017,0.292061,0][-1.77198,-0.918875,-0.00775609][-0.424874,-0.9052,0.0096937][0.859017,0.292061,0][-1.99762,-0.743302,-0.00963624][-0.778117,-0.628083,0.00672654][0.826596,0.291832,0][-1.96347,-0.70242,-0.311085][-0.743952,-0.59571,-0.302762][0.823637,0.33318,0][-1.75323,-0.867004,-0.333541][-0.421986,-0.84666,-0.324184][0.855435,0.339304,0][-1.50147,-0.922616,-0.357165][-9.35299e-007,-0.939424,-0.342756][0.887733,0.341699,0][-1.50147,-0.977686,-0.00712629][-5.87977e-007,-0.999943,0.0107082][0.891176,0.292301,0][-1.50147,-0.977686,-0.00712629][-5.87977e-007,-0.999943,0.0107082][0.891176,0.292301,0][-1.77198,-0.918875,-0.00775609][-0.424874,-0.9052,0.0096937][0.859017,0.292061,0][-1.75323,-0.867004,-0.333541][-0.421986,-0.84666,-0.324184][0.855435,0.339304,0][-1.50147,-0.922616,-0.357165][-9.35299e-007,-0.939424,-0.342756][0.887733,0.341699,0][-1.75323,-0.867004,-0.333541][-0.421986,-0.84666,-0.324184][0.855435,0.339304,0][-1.73448,-0.705588,-0.60687][-0.426481,-0.646389,-0.632689][0.838911,0.386331,0][-1.73448,-0.705588,-0.60687][-0.426481,-0.646389,-0.632689][0.838911,0.386331,0][-1.50147,-0.750165,-0.65051][-1.10417e-006,-0.714634,-0.699498][0.883612,0.388354,0][-1.50147,-0.922616,-0.357165][-9.35299e-007,-0.939424,-0.342756][0.887733,0.341699,0][-1.75323,-0.860039,0.316844][-0.421986,-0.839523,0.34224][0.85611,0.244764,0][-1.73448,-0.692807,0.586655][-0.426482,-0.632692,0.646386][0.840239,0.197478,0][-1.89428,-0.604392,0.496326][-0.676006,-0.515455,0.526613][0.818002,0.219362,0][-1.89428,-0.604392,0.496326][-0.676006,-0.515455,0.526613][0.818002,0.219362,0][-1.96347,-0.695974,0.290866][-0.743953,-0.58909,0.315448][0.824226,0.250442,0][-1.75323,-0.860039,0.316844][-0.421986,-0.839523,0.34224][0.85611,0.244764,0][-1.73448,-0.692807,0.586655][-0.426482,-0.632692,0.646386][0.840239,0.197478,0][-1.75323,-0.860039,0.316844][-0.421986,-0.839523,0.34224][0.85611,0.244764,0][-1.50147,-0.915133,0.341652][-9.19965e-007,-0.93187,0.362794][0.88845,0.242855,0][-1.50147,-0.915133,0.341652][-9.19965e-007,-0.93187,0.362794][0.88845,0.242855,0][-1.50147,-0.736439,0.631237][-1.11994e-006,-0.699492,0.71464][0.885021,0.196142,0][-1.73448,-0.692807,0.586655][-0.426482,-0.632692,0.646386][0.840239,0.197478,0][-1.75323,-0.860039,0.316844][-0.421986,-0.839523,0.34224][0.85611,0.244764,0][-1.77198,-0.918875,-0.00775609][-0.424874,-0.9052,0.0096937][0.859017,0.292061,0][-1.50147,-0.977686,-0.00712629][-5.87977e-007,-0.999943,0.0107082][0.891176,0.292301,0][-1.50147,-0.977686,-0.00712629][-5.87977e-007,-0.999943,0.0107082][0.891176,0.292301,0][-1.50147,-0.915133,0.341652][-9.19965e-007,-0.93187,0.362794][0.88845,0.242855,0][-1.75323,-0.860039,0.316844][-0.421986,-0.839523,0.34224][0.85611,0.244764,0][-1.77198,-0.918875,-0.00775609][-0.424874,-0.9052,0.0096937][0.859017,0.292061,0][-1.75323,-0.860039,0.316844][-0.421986,-0.839523,0.34224][0.85611,0.244764,0][-1.96347,-0.695974,0.290866][-0.743953,-0.58909,0.315448][0.824226,0.250442,0][-1.96347,-0.695974,0.290866][-0.743953,-0.58909,0.315448][0.824226,0.250442,0][-1.99762,-0.743302,-0.00963624][-0.778117,-0.628083,0.00672654][0.826596,0.291832,0][-1.77198,-0.918875,-0.00775609][-0.424874,-0.9052,0.0096937][0.859017,0.292061,0][-1.24971,-0.860039,0.316844][0.421984,-0.839524,0.342241][0.922875,0.246445,0][-1.03947,-0.695974,0.290866][0.743954,-0.589086,0.315453][0.959104,0.245554,0][-1.10866,-0.604392,0.496326][0.676005,-0.515456,0.526614][0.952429,0.21178,0][-1.10866,-0.604392,0.496326][0.676005,-0.515456,0.526614][0.952429,0.21178,0][-1.26846,-0.692807,0.586655][0.426482,-0.632691,0.646386][0.92383,0.202725,0][-1.24971,-0.860039,0.316844][0.421984,-0.839524,0.342241][0.922875,0.246445,0][-1.03947,-0.695974,0.290866][0.743954,-0.589086,0.315453][0.959104,0.245554,0][-1.24971,-0.860039,0.316844][0.421984,-0.839524,0.342241][0.922875,0.246445,0][-1.23097,-0.918875,-0.00775609][0.424871,-0.905202,0.00969364][0.925579,0.292564,0][-1.23097,-0.918875,-0.00775609][0.424871,-0.905202,0.00969364][0.925579,0.292564,0][-1.00532,-0.743302,-0.00963624][0.778117,-0.628084,0.00672626][0.96336,0.292848,0][-1.03947,-0.695974,0.290866][0.743954,-0.589086,0.315453][0.959104,0.245554,0][-1.24971,-0.860039,0.316844][0.421984,-0.839524,0.342241][0.922875,0.246445,0][-1.50147,-0.915133,0.341652][-9.19965e-007,-0.93187,0.362794][0.88845,0.242855,0][-1.50147,-0.977686,-0.00712629][-5.87977e-007,-0.999943,0.0107082][0.891176,0.292301,0][-1.50147,-0.977686,-0.00712629][-5.87977e-007,-0.999943,0.0107082][0.891176,0.292301,0][-1.23097,-0.918875,-0.00775609][0.424871,-0.905202,0.00969364][0.925579,0.292564,0][-1.24971,-0.860039,0.316844][0.421984,-0.839524,0.342241][0.922875,0.246445,0][-1.50147,-0.915133,0.341652][-9.19965e-007,-0.93187,0.362794][0.88845,0.242855,0][-1.24971,-0.860039,0.316844][0.421984,-0.839524,0.342241][0.922875,0.246445,0][-1.26846,-0.692807,0.586655][0.426482,-0.632691,0.646386][0.92383,0.202725,0][-1.26846,-0.692807,0.586655][0.426482,-0.632691,0.646386][0.92383,0.202725,0][-1.50147,-0.736439,0.631237][-1.11994e-006,-0.699492,0.71464][0.885021,0.196142,0][-1.50147,-0.915133,0.341652][-9.19965e-007,-0.93187,0.362794][0.88845,0.242855,0][-1.24971,-0.867004,-0.333541][0.421983,-0.846661,-0.324185][0.922197,0.338638,0][-1.26846,-0.705588,-0.60687][0.426482,-0.646389,-0.632689][0.922493,0.382367,0][-1.10866,-0.615259,-0.518459][0.676003,-0.526613,-0.515459][0.951221,0.37375,0][-1.10866,-0.615259,-0.518459][0.676003,-0.526613,-0.515459][0.951221,0.37375,0][-1.03947,-0.70242,-0.311084][0.743954,-0.595706,-0.302766][0.958404,0.340078,0][-1.24971,-0.867004,-0.333541][0.421983,-0.846661,-0.324185][0.922197,0.338638,0][-1.26846,-0.705588,-0.60687][0.426482,-0.646389,-0.632689][0.922493,0.382367,0][-1.24971,-0.867004,-0.333541][0.421983,-0.846661,-0.324185][0.922197,0.338638,0][-1.50147,-0.922616,-0.357165][-9.35299e-007,-0.939424,-0.342756][0.887733,0.341699,0][-1.50147,-0.922616,-0.357165][-9.35299e-007,-0.939424,-0.342756][0.887733,0.341699,0][-1.50147,-0.750165,-0.65051][-1.10417e-006,-0.714634,-0.699498][0.883612,0.388354,0][-1.26846,-0.705588,-0.60687][0.426482,-0.646389,-0.632689][0.922493,0.382367,0][-1.24971,-0.867004,-0.333541][0.421983,-0.846661,-0.324185][0.922197,0.338638,0][-1.23097,-0.918875,-0.00775609][0.424871,-0.905202,0.00969364][0.925579,0.292564,0][-1.50147,-0.977686,-0.00712629][-5.87977e-007,-0.999943,0.0107082][0.891176,0.292301,0][-1.50147,-0.977686,-0.00712629][-5.87977e-007,-0.999943,0.0107082][0.891176,0.292301,0][-1.50147,-0.922616,-0.357165][-9.35299e-007,-0.939424,-0.342756][0.887733,0.341699,0][-1.24971,-0.867004,-0.333541][0.421983,-0.846661,-0.324185][0.922197,0.338638,0][-1.23097,-0.918875,-0.00775609][0.424871,-0.905202,0.00969364][0.925579,0.292564,0][-1.24971,-0.867004,-0.333541][0.421983,-0.846661,-0.324185][0.922197,0.338638,0][-1.03947,-0.70242,-0.311084][0.743954,-0.595706,-0.302766][0.958404,0.340078,0][-1.03947,-0.70242,-0.311084][0.743954,-0.595706,-0.302766][0.958404,0.340078,0][-1.00532,-0.743302,-0.00963624][0.778117,-0.628084,0.00672626][0.96336,0.292848,0][-1.23097,-0.918875,-0.00775609][0.424871,-0.905202,0.00969364][0.925579,0.292564,0][-2.09069,-0.431106,-0.338209][-0.913225,-0.291182,-0.285015][0.786291,0.333125,0][-1.96347,-0.409798,-0.610038][-0.743954,-0.315447,-0.589088][0.785892,0.370443,0][-1.89428,-0.615259,-0.518459][-0.676004,-0.526613,-0.515459][0.816981,0.364164,0][-1.89428,-0.615259,-0.518459][-0.676004,-0.526613,-0.515459][0.816981,0.364164,0][-1.96347,-0.70242,-0.311085][-0.743952,-0.59571,-0.302762][0.823637,0.33318,0][-2.09069,-0.431106,-0.338209][-0.913225,-0.291182,-0.285015][0.786291,0.333125,0][-1.96347,-0.409798,-0.610038][-0.743954,-0.315447,-0.589088][0.785892,0.370443,0][-2.09069,-0.431106,-0.338209][-0.913225,-0.291182,-0.285015][0.786291,0.333125,0][-2.13354,-0.106172,-0.365908][-0.958339,-0.00305856,-0.285617][0.744691,0.334725,0][-2.13354,-0.106172,-0.365908][-0.958339,-0.00305856,-0.285617][0.744691,0.334725,0][-1.99762,-0.109293,-0.657372][-0.778114,-0.00672598,-0.628088][0.744471,0.372888,0][-1.96347,-0.409798,-0.610038][-0.743954,-0.315447,-0.589088][0.785892,0.370443,0][-2.09069,-0.431106,-0.338209][-0.913225,-0.291182,-0.285015][0.786291,0.333125,0][-2.13354,-0.451842,-0.0127574][-0.958339,-0.285617,0.00305873][0.788427,0.291575,0][-2.17907,-0.102431,-0.0164991][-1,2.03816e-007,0][0.744989,0.291287,0][-2.17907,-0.102431,-0.0164991][-1,2.03816e-007,0][0.744989,0.291287,0][-2.13354,-0.106172,-0.365908][-0.958339,-0.00305856,-0.285617][0.744691,0.334725,0][-2.09069,-0.431106,-0.338209][-0.913225,-0.291182,-0.285015][0.786291,0.333125,0][-2.13354,-0.451842,-0.0127574][-0.958339,-0.285617,0.00305873][0.788427,0.291575,0][-2.09069,-0.431106,-0.338209][-0.913225,-0.291182,-0.285015][0.786291,0.333125,0][-1.96347,-0.70242,-0.311085][-0.743952,-0.59571,-0.302762][0.823637,0.33318,0][-1.96347,-0.70242,-0.311085][-0.743952,-0.59571,-0.302762][0.823637,0.33318,0][-1.99762,-0.743302,-0.00963624][-0.778117,-0.628083,0.00672654][0.826596,0.291832,0][-2.13354,-0.451842,-0.0127574][-0.958339,-0.285617,0.00305873][0.788427,0.291575,0][-2.09069,0.21928,-0.345174][-0.913225,0.285013,-0.291184][0.703115,0.332612,0][-1.96347,0.491111,-0.323866][-0.743953,0.589089,-0.315449][0.665776,0.332183,0][-1.89428,0.39953,-0.529326][-0.676003,0.515455,-0.526617][0.67204,0.363312,0][-1.89428,0.39953,-0.529326][-0.676003,0.515455,-0.526617][0.67204,0.363312,0][-1.96347,0.192156,-0.616484][-0.743954,0.302761,-0.595708][0.703068,0.369976,0][-2.09069,0.21928,-0.345174][-0.913225,0.285013,-0.291184][0.703115,0.332612,0][-1.96347,0.491111,-0.323866][-0.743953,0.589089,-0.315449][0.665776,0.332183,0][-2.09069,0.21928,-0.345174][-0.913225,0.285013,-0.291184][0.703115,0.332612,0][-2.13354,0.246977,-0.0202408][-0.958339,0.285616,-0.0030587][0.701558,0.290993,0][-2.13354,0.246977,-0.0202408][-0.958339,0.285616,-0.0030587][0.701558,0.290993,0][-1.99762,0.538442,-0.023362][-0.778116,0.628084,-0.0067254][0.663401,0.290718,0][-1.96347,0.491111,-0.323866][-0.743953,0.589089,-0.315449][0.665776,0.332183,0][-2.09069,0.21928,-0.345174][-0.913225,0.285013,-0.291184][0.703115,0.332612,0][-2.13354,-0.106172,-0.365908][-0.958339,-0.00305856,-0.285617][0.744691,0.334725,0][-2.17907,-0.102431,-0.0164991][-1,2.03816e-007,0][0.744989,0.291287,0][-2.17907,-0.102431,-0.0164991][-1,2.03816e-007,0][0.744989,0.291287,0][-2.13354,0.246977,-0.0202408][-0.958339,0.285616,-0.0030587][0.701558,0.290993,0][-2.09069,0.21928,-0.345174][-0.913225,0.285013,-0.291184][0.703115,0.332612,0][-2.13354,-0.106172,-0.365908][-0.958339,-0.00305856,-0.285617][0.744691,0.334725,0][-2.09069,0.21928,-0.345174][-0.913225,0.285013,-0.291184][0.703115,0.332612,0][-1.96347,0.192156,-0.616484][-0.743954,0.302761,-0.595708][0.703068,0.369976,0][-1.96347,0.192156,-0.616484][-0.743954,0.302761,-0.595708][0.703068,0.369976,0][-1.99762,-0.109293,-0.657372][-0.778114,-0.00672598,-0.628088][0.744471,0.372888,0][-2.13354,-0.106172,-0.365908][-0.958339,-0.00305856,-0.285617][0.744691,0.334725,0][-2.09069,0.226246,0.305211][-0.913224,0.291185,0.285013][0.703728,0.249402,0][-1.96347,0.204938,0.577042][-0.743954,0.31545,0.589088][0.70421,0.212046,0][-1.89428,0.410397,0.485459][-0.676005,0.526616,0.515454][0.673115,0.218276,0][-1.89428,0.410397,0.485459][-0.676005,0.526616,0.515454][0.673115,0.218276,0][-1.96347,0.497557,0.278085][-0.743953,0.595709,0.30276][0.6664,0.2493,0][-2.09069,0.226246,0.305211][-0.913224,0.291185,0.285013][0.703728,0.249402,0][-1.96347,0.204938,0.577042][-0.743954,0.31545,0.589088][0.70421,0.212046,0][-2.09069,0.226246,0.305211][-0.913224,0.291185,0.285013][0.703728,0.249402,0][-2.13354,-0.0986878,0.332909][-0.958339,0.00305895,0.285616][0.745317,0.24785,0][-2.13354,-0.0986878,0.332909][-0.958339,0.00305895,0.285616][0.745317,0.24785,0][-1.99762,-0.0955676,0.624374][-0.778114,0.00672553,0.628087][0.745626,0.209684,0][-1.96347,0.204938,0.577042][-0.743954,0.31545,0.589088][0.70421,0.212046,0][-2.09069,0.226246,0.305211][-0.913224,0.291185,0.285013][0.703728,0.249402,0][-2.13354,0.246977,-0.0202408][-0.958339,0.285616,-0.0030587][0.701558,0.290993,0][-2.17907,-0.102431,-0.0164991][-1,2.03816e-007,0][0.744989,0.291287,0][-2.17907,-0.102431,-0.0164991][-1,2.03816e-007,0][0.744989,0.291287,0][-2.13354,-0.0986878,0.332909][-0.958339,0.00305895,0.285616][0.745317,0.24785,0][-2.09069,0.226246,0.305211][-0.913224,0.291185,0.285013][0.703728,0.249402,0][-2.13354,0.246977,-0.0202408][-0.958339,0.285616,-0.0030587][0.701558,0.290993,0][-2.09069,0.226246,0.305211][-0.913224,0.291185,0.285013][0.703728,0.249402,0][-1.96347,0.497557,0.278085][-0.743953,0.595709,0.30276][0.6664,0.2493,0][-1.96347,0.497557,0.278085][-0.743953,0.595709,0.30276][0.6664,0.2493,0][-1.99762,0.538442,-0.023362][-0.778116,0.628084,-0.0067254][0.663401,0.290718,0][-2.13354,0.246977,-0.0202408][-0.958339,0.285616,-0.0030587][0.701558,0.290993,0][-2.09069,-0.424142,0.312176][-0.913225,-0.285012,0.291185][0.786884,0.249996,0][-1.96347,-0.695974,0.290866][-0.743953,-0.58909,0.315448][0.824226,0.250442,0][-1.89428,-0.604392,0.496326][-0.676006,-0.515455,0.526613][0.818002,0.219362,0][-1.89428,-0.604392,0.496326][-0.676006,-0.515455,0.526613][0.818002,0.219362,0][-1.96347,-0.397017,0.583488][-0.743954,-0.302761,0.595708][0.787002,0.21267,0][-2.09069,-0.424142,0.312176][-0.913225,-0.285012,0.291185][0.786884,0.249996,0][-1.96347,-0.695974,0.290866][-0.743953,-0.58909,0.315448][0.824226,0.250442,0][-2.09069,-0.424142,0.312176][-0.913225,-0.285012,0.291185][0.786884,0.249996,0][-2.13354,-0.451842,-0.0127574][-0.958339,-0.285617,0.00305873][0.788427,0.291575,0][-2.13354,-0.451842,-0.0127574][-0.958339,-0.285617,0.00305873][0.788427,0.291575,0][-1.99762,-0.743302,-0.00963624][-0.778117,-0.628083,0.00672654][0.826596,0.291832,0][-1.96347,-0.695974,0.290866][-0.743953,-0.58909,0.315448][0.824226,0.250442,0][-2.09069,-0.424142,0.312176][-0.913225,-0.285012,0.291185][0.786884,0.249996,0][-2.13354,-0.0986878,0.332909][-0.958339,0.00305895,0.285616][0.745317,0.24785,0][-2.17907,-0.102431,-0.0164991][-1,2.03816e-007,0][0.744989,0.291287,0][-2.17907,-0.102431,-0.0164991][-1,2.03816e-007,0][0.744989,0.291287,0][-2.13354,-0.451842,-0.0127574][-0.958339,-0.285617,0.00305873][0.788427,0.291575,0][-2.09069,-0.424142,0.312176][-0.913225,-0.285012,0.291185][0.786884,0.249996,0][-2.13354,-0.0986878,0.332909][-0.958339,0.00305895,0.285616][0.745317,0.24785,0][-2.09069,-0.424142,0.312176][-0.913225,-0.285012,0.291185][0.786884,0.249996,0][-1.96347,-0.397017,0.583488][-0.743954,-0.302761,0.595708][0.787002,0.21267,0][-1.96347,-0.397017,0.583488][-0.743954,-0.302761,0.595708][0.787002,0.21267,0][-1.99762,-0.0955676,0.624374][-0.778114,0.00672553,0.628087][0.745626,0.209684,0][-2.13354,-0.0986878,0.332909][-0.958339,0.00305895,0.285616][0.745317,0.24785,0][-0.912253,-0.424142,0.312176][0.913226,-0.28501,0.291183][0.559349,0.151148,0][-1.03947,-0.397017,0.583488][0.743955,-0.302766,0.595704][0.560228,0.191984,0][-1.10866,-0.604392,0.496326][0.676005,-0.515456,0.526614][0.59126,0.180672,0][-1.10866,-0.604392,0.496326][0.676005,-0.515456,0.526614][0.59126,0.180672,0][-1.03947,-0.695974,0.290866][0.743954,-0.589086,0.315453][0.600131,0.148855,0][-0.912253,-0.424142,0.312176][0.913226,-0.28501,0.291183][0.559349,0.151148,0][-1.03947,-0.397017,0.583488][0.743955,-0.302766,0.595704][0.560228,0.191984,0][-0.912253,-0.424142,0.312176][0.913226,-0.28501,0.291183][0.559349,0.151148,0][-0.869399,-0.0986888,0.332909][0.958341,0.00305863,0.28561][0.515204,0.155686,0][-0.869399,-0.0986888,0.332909][0.958341,0.00305863,0.28561][0.515204,0.155686,0][-1.00532,-0.0955686,0.624374][0.778114,0.00672557,0.628087][0.516892,0.199106,0][-1.03947,-0.397017,0.583488][0.743955,-0.302766,0.595704][0.560228,0.191984,0][-0.912253,-0.424142,0.312176][0.913226,-0.28501,0.291183][0.559349,0.151148,0][-0.869399,-0.451842,-0.0127574][0.958341,-0.285611,0.00305843][0.560447,0.106785,0][-0.823868,-0.102431,-0.0164991][1,2.19682e-007,0][0.513374,0.108614,0][-0.823868,-0.102431,-0.0164991][1,2.19682e-007,0][0.513374,0.108614,0][-0.869399,-0.0986888,0.332909][0.958341,0.00305863,0.28561][0.515204,0.155686,0][-0.912253,-0.424142,0.312176][0.913226,-0.28501,0.291183][0.559349,0.151148,0][-0.869399,-0.451842,-0.0127574][0.958341,-0.285611,0.00305843][0.560447,0.106785,0][-0.912253,-0.424142,0.312176][0.913226,-0.28501,0.291183][0.559349,0.151148,0][-1.03947,-0.695974,0.290866][0.743954,-0.589086,0.315453][0.600131,0.148855,0][-1.03947,-0.695974,0.290866][0.743954,-0.589086,0.315453][0.600131,0.148855,0][-1.00532,-0.743302,-0.00963624][0.778117,-0.628084,0.00672626][0.603867,0.105097,0][-0.869399,-0.451842,-0.0127574][0.958341,-0.285611,0.00305843][0.560447,0.106785,0][-0.912253,0.226245,0.305211][0.913226,0.291182,0.285012][0.47084,0.154589,0][-1.03947,0.497557,0.278085][0.743954,0.595706,0.302765][0.430003,0.155469,0][-1.10866,0.410397,0.485459][0.676004,0.526616,0.515455][0.441316,0.186501,0][-1.10866,0.410397,0.485459][0.676004,0.526616,0.515455][0.441316,0.186501,0][-1.03947,0.204936,0.577042][0.743955,0.315453,0.589085][0.473133,0.195371,0][-0.912253,0.226245,0.305211][0.913226,0.291182,0.285012][0.47084,0.154589,0][-1.03947,0.497557,0.278085][0.743954,0.595706,0.302765][0.430003,0.155469,0][-0.912253,0.226245,0.305211][0.913226,0.291182,0.285012][0.47084,0.154589,0][-0.869399,0.246977,-0.0202408][0.958341,0.28561,-0.00305837][0.466301,0.110444,0][-0.869399,0.246977,-0.0202408][0.958341,0.28561,-0.00305837][0.466301,0.110444,0][-1.00532,0.538442,-0.023362][0.778116,0.628085,-0.0067254][0.422881,0.112132,0][-1.03947,0.497557,0.278085][0.743954,0.595706,0.302765][0.430003,0.155469,0][-0.912253,0.226245,0.305211][0.913226,0.291182,0.285012][0.47084,0.154589,0][-0.869399,-0.0986888,0.332909][0.958341,0.00305863,0.28561][0.515204,0.155686,0][-0.823868,-0.102431,-0.0164991][1,2.19682e-007,0][0.513374,0.108614,0][-0.823868,-0.102431,-0.0164991][1,2.19682e-007,0][0.513374,0.108614,0][-0.869399,0.246977,-0.0202408][0.958341,0.28561,-0.00305837][0.466301,0.110444,0][-0.912253,0.226245,0.305211][0.913226,0.291182,0.285012][0.47084,0.154589,0][-0.869399,-0.0986888,0.332909][0.958341,0.00305863,0.28561][0.515204,0.155686,0][-0.912253,0.226245,0.305211][0.913226,0.291182,0.285012][0.47084,0.154589,0][-1.03947,0.204936,0.577042][0.743955,0.315453,0.589085][0.473133,0.195371,0][-1.03947,0.204936,0.577042][0.743955,0.315453,0.589085][0.473133,0.195371,0][-1.00532,-0.0955686,0.624374][0.778114,0.00672557,0.628087][0.516892,0.199106,0][-0.869399,-0.0986888,0.332909][0.958341,0.00305863,0.28561][0.515204,0.155686,0][-0.912253,0.21928,-0.345174][0.913226,0.285011,-0.291182][0.4674,0.06608,0][-1.03947,0.192156,-0.616484][0.743955,0.302766,-0.595705][0.466521,0.025243,0][-1.10866,0.399529,-0.529326][0.676002,0.515456,-0.526618][0.435489,0.036556,0][-1.10866,0.399529,-0.529326][0.676002,0.515456,-0.526618][0.435489,0.036556,0][-1.03947,0.491111,-0.323866][0.743953,0.589086,-0.315455][0.426617,0.068373,0][-0.912253,0.21928,-0.345174][0.913226,0.285011,-0.291182][0.4674,0.06608,0][-1.03947,0.192156,-0.616484][0.743955,0.302766,-0.595705][0.466521,0.025243,0][-0.912253,0.21928,-0.345174][0.913226,0.285011,-0.291182][0.4674,0.06608,0][-0.869399,-0.106172,-0.365908][0.958341,-0.00305877,-0.285611][0.511545,0.061541,0][-0.869399,-0.106172,-0.365908][0.958341,-0.00305877,-0.285611][0.511545,0.061541,0][-1.00532,-0.109293,-0.657372][0.778113,-0.00672599,-0.628088][0.509857,0.018121,0][-1.03947,0.192156,-0.616484][0.743955,0.302766,-0.595705][0.466521,0.025243,0][-0.912253,0.21928,-0.345174][0.913226,0.285011,-0.291182][0.4674,0.06608,0][-0.869399,0.246977,-0.0202408][0.958341,0.28561,-0.00305837][0.466301,0.110444,0][-0.823868,-0.102431,-0.0164991][1,2.19682e-007,0][0.513374,0.108614,0][-0.823868,-0.102431,-0.0164991][1,2.19682e-007,0][0.513374,0.108614,0][-0.869399,-0.106172,-0.365908][0.958341,-0.00305877,-0.285611][0.511545,0.061541,0][-0.912253,0.21928,-0.345174][0.913226,0.285011,-0.291182][0.4674,0.06608,0][-0.869399,0.246977,-0.0202408][0.958341,0.28561,-0.00305837][0.466301,0.110444,0][-0.912253,0.21928,-0.345174][0.913226,0.285011,-0.291182][0.4674,0.06608,0][-1.03947,0.491111,-0.323866][0.743953,0.589086,-0.315455][0.426617,0.068373,0][-1.03947,0.491111,-0.323866][0.743953,0.589086,-0.315455][0.426617,0.068373,0][-1.00532,0.538442,-0.023362][0.778116,0.628085,-0.0067254][0.422881,0.112132,0][-0.869399,0.246977,-0.0202408][0.958341,0.28561,-0.00305837][0.466301,0.110444,0][-0.912253,-0.431106,-0.338208][0.913226,-0.29118,-0.285012][0.555908,0.06264,0][-1.03947,-0.70242,-0.311084][0.743954,-0.595706,-0.302766][0.596745,0.06176,0][-1.10866,-0.615259,-0.518459][0.676003,-0.526613,-0.515459][0.585432,0.030728,0][-1.10866,-0.615259,-0.518459][0.676003,-0.526613,-0.515459][0.585432,0.030728,0][-1.03947,-0.409798,-0.610038][0.743955,-0.315452,-0.589085][0.553616,0.021857,0][-0.912253,-0.431106,-0.338208][0.913226,-0.29118,-0.285012][0.555908,0.06264,0][-1.03947,-0.70242,-0.311084][0.743954,-0.595706,-0.302766][0.596745,0.06176,0][-0.912253,-0.431106,-0.338208][0.913226,-0.29118,-0.285012][0.555908,0.06264,0][-0.869399,-0.451842,-0.0127574][0.958341,-0.285611,0.00305843][0.560447,0.106785,0][-0.869399,-0.451842,-0.0127574][0.958341,-0.285611,0.00305843][0.560447,0.106785,0][-1.00532,-0.743302,-0.00963624][0.778117,-0.628084,0.00672626][0.603867,0.105097,0][-1.03947,-0.70242,-0.311084][0.743954,-0.595706,-0.302766][0.596745,0.06176,0][-0.912253,-0.431106,-0.338208][0.913226,-0.29118,-0.285012][0.555908,0.06264,0][-0.869399,-0.106172,-0.365908][0.958341,-0.00305877,-0.285611][0.511545,0.061541,0][-0.823868,-0.102431,-0.0164991][1,2.19682e-007,0][0.513374,0.108614,0][-0.823868,-0.102431,-0.0164991][1,2.19682e-007,0][0.513374,0.108614,0][-0.869399,-0.451842,-0.0127574][0.958341,-0.285611,0.00305843][0.560447,0.106785,0][-0.912253,-0.431106,-0.338208][0.913226,-0.29118,-0.285012][0.555908,0.06264,0][-0.869399,-0.106172,-0.365908][0.958341,-0.00305877,-0.285611][0.511545,0.061541,0][-0.912253,-0.431106,-0.338208][0.913226,-0.29118,-0.285012][0.555908,0.06264,0][-1.03947,-0.409798,-0.610038][0.743955,-0.315452,-0.589085][0.553616,0.021857,0][-1.03947,-0.409798,-0.610038][0.743955,-0.315452,-0.589085][0.553616,0.021857,0][-1.00532,-0.109293,-0.657372][0.778113,-0.00672599,-0.628088][0.509857,0.018121,0][-0.869399,-0.106172,-0.365908][0.958341,-0.00305877,-0.285611][0.511545,0.061541,0]