version 1.00
512
[0,1.36997,0.130817][-0.201027,0.979065,0.0319378][0.414567,0.886443,0][-0.63173,1.24026,0.130817][-0.201027,0.979065,0.0319378][0.483208,0.740751,0][-0.60071,1.24026,0.326067][-0.201027,0.979065,0.0319378][0.438701,0.727943,0][0,1.36997,0.130817][-0.201027,0.979065,0.0319378][0.414567,0.886443,0][-0.60071,1.24026,0.326067][-0.201027,0.979065,0.0319378][0.438701,0.727943,0][-0.51106,1.24026,0.502067][-0.181378,0.979064,0.0923892][0.392658,0.727416,0][0,1.36997,0.130817][-0.201027,0.979065,0.0319378][0.414567,0.886443,0][-0.51106,1.24026,0.502067][-0.181378,0.979064,0.0923892][0.392658,0.727416,0][-0.37125,1.24026,0.641877][-0.143934,0.979064,0.143934][0.347419,0.738827,0][0,1.36997,0.130817][-0.201027,0.979065,0.0319378][0.414567,0.886443,0][-0.37125,1.24026,0.641877][-0.143934,0.979064,0.143934][0.347419,0.738827,0][-0.19525,1.24026,0.731527][-0.0923892,0.979064,0.181378][0.305449,0.76253,0][0,1.36997,0.130817][-0.201027,0.979065,0.0319378][0.414567,0.886443,0][-0.19525,1.24026,0.731527][-0.0923892,0.979064,0.181378][0.305449,0.76253,0][0,1.24026,0.762547][-0.0319377,0.979065,0.201027][0.269166,0.798935,0][0,1.36997,0.130817][-0.201027,0.979065,0.0319378][0.414567,0.886443,0][0,1.24026,-0.500913][-0.0319377,0.979065,-0.201027][0.575081,0.947272,0][-0.19525,1.24026,-0.469893][-0.0319377,0.979065,-0.201027][0.582826,0.89526,0][0,1.36997,0.130817][-0.201027,0.979065,0.0319378][0.414567,0.886443,0][-0.19525,1.24026,-0.469893][-0.0319377,0.979065,-0.201027][0.582826,0.89526,0][-0.37125,1.24026,-0.380243][-0.0923893,0.979064,-0.181378][0.574912,0.845503,0][0,1.36997,0.130817][-0.201027,0.979065,0.0319378][0.414567,0.886443,0][-0.37125,1.24026,-0.380243][-0.0923893,0.979064,-0.181378][0.574912,0.845503,0][-0.51106,1.24026,-0.240434][-0.143933,0.979064,-0.143934][0.554358,0.801547,0][0,1.36997,0.130817][-0.201027,0.979065,0.0319378][0.414567,0.886443,0][-0.51106,1.24026,-0.240434][-0.143933,0.979064,-0.143934][0.554358,0.801547,0][-0.60071,1.24026,-0.064433][-0.181378,0.979064,-0.0923888][0.522791,0.765864,0][0,1.36997,0.130817][-0.201027,0.979065,0.0319378][0.414567,0.886443,0][-0.60071,1.24026,-0.064433][-0.181378,0.979064,-0.0923888][0.522791,0.765864,0][-0.63173,1.24026,0.130817][-0.201027,0.979065,0.0319378][0.483208,0.740751,0][-0.83798,1.11739,0.130817][-0.509975,0.856385,0.0808075][0.505855,0.688838,0][-0.79695,1.11739,0.389757][-0.509975,0.856385,0.0808075][0.446659,0.67307,0][-0.60071,1.24026,0.326067][-0.201027,0.979065,0.0319378][0.438701,0.727943,0][-0.60071,1.24026,0.326067][-0.201027,0.979065,0.0319378][0.438701,0.727943,0][-0.63173,1.24026,0.130817][-0.201027,0.979065,0.0319378][0.483208,0.740751,0][-0.83798,1.11739,0.130817][-0.509975,0.856385,0.0808075][0.505855,0.688838,0][-0.79695,1.11739,0.389757][-0.509975,0.856385,0.0808075][0.446659,0.67307,0][-0.67793,1.11739,0.623397][-0.460126,0.856354,0.234396][0.386612,0.67237,0][-0.51106,1.24026,0.502067][-0.181378,0.979064,0.0923892][0.392658,0.727416,0][-0.51106,1.24026,0.502067][-0.181378,0.979064,0.0923892][0.392658,0.727416,0][-0.60071,1.24026,0.326067][-0.201027,0.979065,0.0319378][0.438701,0.727943,0][-0.79695,1.11739,0.389757][-0.509975,0.856385,0.0808075][0.446659,0.67307,0][-0.67793,1.11739,0.623397][-0.460126,0.856354,0.234396][0.386612,0.67237,0][-0.49258,1.11739,0.808747][-0.365108,0.856384,0.365108][0.327543,0.68576,0][-0.37125,1.24026,0.641877][-0.143934,0.979064,0.143934][0.347419,0.738827,0][-0.37125,1.24026,0.641877][-0.143934,0.979064,0.143934][0.347419,0.738827,0][-0.51106,1.24026,0.502067][-0.181378,0.979064,0.0923892][0.392658,0.727416,0][-0.67793,1.11739,0.623397][-0.460126,0.856354,0.234396][0.386612,0.67237,0][-0.49258,1.11739,0.808747][-0.365108,0.856384,0.365108][0.327543,0.68576,0][-0.25894,1.11739,0.927767][-0.23439,0.856362,0.460115][0.27089,0.713975,0][-0.19525,1.24026,0.731527][-0.0923892,0.979064,0.181378][0.305449,0.76253,0][-0.19525,1.24026,0.731527][-0.0923892,0.979064,0.181378][0.305449,0.76253,0][-0.37125,1.24026,0.641877][-0.143934,0.979064,0.143934][0.347419,0.738827,0][-0.49258,1.11739,0.808747][-0.365108,0.856384,0.365108][0.327543,0.68576,0][-0.25894,1.11739,0.927767][-0.23439,0.856362,0.460115][0.27089,0.713975,0][0,1.11739,0.968797][-0.080831,0.856294,0.510124][0.219523,0.75686,0][0,1.24026,0.762547][-0.0319377,0.979065,0.201027][0.269166,0.798935,0][0,1.24026,0.762547][-0.0319377,0.979065,0.201027][0.269166,0.798935,0][-0.19525,1.24026,0.731527][-0.0923892,0.979064,0.181378][0.305449,0.76253,0][-0.25894,1.11739,0.927767][-0.23439,0.856362,0.460115][0.27089,0.713975,0][0,1.24026,-0.500913][-0.0319377,0.979065,-0.201027][0.575081,0.947272,0][0,1.14526,-0.835777][-0.15752,0.950025,-0.269519][0.667648,0.972851,0][-0.25894,1.14138,-0.698117][-0.15752,0.950025,-0.269519][0.650049,0.895933,0][-0.25894,1.14138,-0.698117][-0.15752,0.950025,-0.269519][0.650049,0.895933,0][-0.19525,1.24026,-0.469893][-0.0319377,0.979065,-0.201027][0.582826,0.89526,0][0,1.24026,-0.500913][-0.0319377,0.979065,-0.201027][0.575081,0.947272,0][-0.19525,1.24026,-0.469893][-0.0319377,0.979065,-0.201027][0.582826,0.89526,0][-0.25894,1.14138,-0.698117][-0.15752,0.950025,-0.269519][0.650049,0.895933,0][-0.49258,1.11739,-0.547113][-0.293222,0.904388,-0.310005][0.63188,0.826775,0][-0.49258,1.11739,-0.547113][-0.293222,0.904388,-0.310005][0.63188,0.826775,0][-0.37125,1.24026,-0.380243][-0.0923893,0.979064,-0.181378][0.574912,0.845503,0][-0.19525,1.24026,-0.469893][-0.0319377,0.979065,-0.201027][0.582826,0.89526,0][-0.49258,1.11739,-0.547113][-0.293222,0.904388,-0.310005][0.63188,0.826775,0][-0.67793,1.11739,-0.361763][-0.365109,0.856383,-0.365109][0.602761,0.7688,0][-0.51106,1.24026,-0.240434][-0.143933,0.979064,-0.143934][0.554358,0.801547,0][-0.51106,1.24026,-0.240434][-0.143933,0.979064,-0.143934][0.554358,0.801547,0][-0.37125,1.24026,-0.380243][-0.0923893,0.979064,-0.181378][0.574912,0.845503,0][-0.49258,1.11739,-0.547113][-0.293222,0.904388,-0.310005][0.63188,0.826775,0][-0.67793,1.11739,-0.361763][-0.365109,0.856383,-0.365109][0.602761,0.7688,0][-0.79695,1.11739,-0.128124][-0.460114,0.856362,-0.234391][0.559906,0.721558,0][-0.60071,1.24026,-0.064433][-0.181378,0.979064,-0.0923888][0.522791,0.765864,0][-0.60071,1.24026,-0.064433][-0.181378,0.979064,-0.0923888][0.522791,0.765864,0][-0.51106,1.24026,-0.240434][-0.143933,0.979064,-0.143934][0.554358,0.801547,0][-0.67793,1.11739,-0.361763][-0.365109,0.856383,-0.365109][0.602761,0.7688,0][-0.79695,1.11739,-0.128124][-0.460114,0.856362,-0.234391][0.559906,0.721558,0][-0.83798,1.11739,0.130817][-0.509975,0.856385,0.0808075][0.505855,0.688838,0][-0.63173,1.24026,0.130817][-0.201027,0.979065,0.0319378][0.483208,0.740751,0][-0.63173,1.24026,0.130817][-0.201027,0.979065,0.0319378][0.483208,0.740751,0][-0.60071,1.24026,-0.064433][-0.181378,0.979064,-0.0923888][0.522791,0.765864,0][-0.79695,1.11739,-0.128124][-0.460114,0.856362,-0.234391][0.559906,0.721558,0][-1.02399,1.02257,0.130817][-0.452836,0.888713,0.0716164][0.524911,0.642809,0][-0.97394,1.02257,0.447287][-0.452836,0.888713,0.0716164][0.452493,0.625679,0][-0.79695,1.11739,0.389757][-0.509975,0.856385,0.0808075][0.446659,0.67307,0][-0.79695,1.11739,0.389757][-0.509975,0.856385,0.0808075][0.446659,0.67307,0][-0.83798,1.11739,0.130817][-0.509975,0.856385,0.0808075][0.505855,0.688838,0][-1.02399,1.02257,0.130817][-0.452836,0.888713,0.0716164][0.524911,0.642809,0][-0.97394,1.02257,0.447287][-0.452836,0.888713,0.0716164][0.452493,0.625679,0][-0.82852,1.02257,0.732737][-0.408491,0.888723,0.208102][0.381784,0.625949,0][-0.67793,1.11739,0.623397][-0.460126,0.856354,0.234396][0.386612,0.67237,0][-0.67793,1.11739,0.623397][-0.460126,0.856354,0.234396][0.386612,0.67237,0][-0.79695,1.11739,0.389757][-0.509975,0.856385,0.0808075][0.446659,0.67307,0][-0.97394,1.02257,0.447287][-0.452836,0.888713,0.0716164][0.452493,0.625679,0][-0.82852,1.02257,0.732737][-0.408491,0.888723,0.208102][0.381784,0.625949,0][-0.60192,1.02257,0.959337][-0.324191,0.888707,0.324191][0.312253,0.640939,0][-0.49258,1.11739,0.808747][-0.365108,0.856384,0.365108][0.327543,0.68576,0][-0.49258,1.11739,0.808747][-0.365108,0.856384,0.365108][0.327543,0.68576,0][-0.67793,1.11739,0.623397][-0.460126,0.856354,0.234396][0.386612,0.67237,0][-0.82852,1.02257,0.732737][-0.408491,0.888723,0.208102][0.381784,0.625949,0][-0.60192,1.02257,0.959337][-0.324191,0.888707,0.324191][0.312253,0.640939,0][-0.31647,1.02257,1.10476][-0.208097,0.888728,0.408482][0.244815,0.67052,0][-0.25894,1.11739,0.927767][-0.23439,0.856362,0.460115][0.27089,0.713975,0][-0.25894,1.11739,0.927767][-0.23439,0.856362,0.460115][0.27089,0.713975,0][-0.49258,1.11739,0.808747][-0.365108,0.856384,0.365108][0.327543,0.68576,0][-0.60192,1.02257,0.959337][-0.324191,0.888707,0.324191][0.312253,0.640939,0][-0.31647,1.02257,1.10476][-0.208097,0.888728,0.408482][0.244815,0.67052,0][0,1.02257,1.15481][-0.0716382,0.888632,0.452991][0.178949,0.718021,0][0,1.11739,0.968797][-0.080831,0.856294,0.510124][0.219523,0.75686,0][0,1.11739,0.968797][-0.080831,0.856294,0.510124][0.219523,0.75686,0][-0.25894,1.11739,0.927767][-0.23439,0.856362,0.460115][0.27089,0.713975,0][-0.31647,1.02257,1.10476][-0.208097,0.888728,0.408482][0.244815,0.67052,0][0,1.14526,-0.835777][-0.15752,0.950025,-0.269519][0.667648,0.972851,0][0,1.11052,-1.04121][-0.275706,0.947786,-0.160273][0.723416,0.987191,0][-0.31647,1.04655,-0.875105][-0.275706,0.947786,-0.160273][0.7047,0.890984,0][-0.31647,1.04655,-0.875105][-0.275706,0.947786,-0.160273][0.7047,0.890984,0][-0.25894,1.14138,-0.698117][-0.15752,0.950025,-0.269519][0.650049,0.895933,0][0,1.14526,-0.835777][-0.15752,0.950025,-0.269519][0.667648,0.972851,0][-0.25894,1.14138,-0.698117][-0.15752,0.950025,-0.269519][0.650049,0.895933,0][-0.31647,1.04655,-0.875105][-0.275706,0.947786,-0.160273][0.7047,0.890984,0][-0.60192,1.02257,-0.697703][-0.304346,0.877291,-0.371124][0.680512,0.808953,0][-0.60192,1.02257,-0.697703][-0.304346,0.877291,-0.371124][0.680512,0.808953,0][-0.49258,1.11739,-0.547113][-0.293222,0.904388,-0.310005][0.63188,0.826775,0][-0.25894,1.14138,-0.698117][-0.15752,0.950025,-0.269519][0.650049,0.895933,0][-0.60192,1.02257,-0.697703][-0.304346,0.877291,-0.371124][0.680512,0.808953,0][-0.82852,1.02257,-0.471104][-0.32419,0.888708,-0.324191][0.644452,0.739996,0][-0.67793,1.11739,-0.361763][-0.365109,0.856383,-0.365109][0.602761,0.7688,0][-0.67793,1.11739,-0.361763][-0.365109,0.856383,-0.365109][0.602761,0.7688,0][-0.49258,1.11739,-0.547113][-0.293222,0.904388,-0.310005][0.63188,0.826775,0][-0.60192,1.02257,-0.697703][-0.304346,0.877291,-0.371124][0.680512,0.808953,0][-0.82852,1.02257,-0.471104][-0.32419,0.888708,-0.324191][0.644452,0.739996,0][-0.97394,1.02257,-0.185654][-0.408482,0.888728,-0.208097][0.592142,0.682185,0][-0.79695,1.11739,-0.128124][-0.460114,0.856362,-0.234391][0.559906,0.721558,0][-0.79695,1.11739,-0.128124][-0.460114,0.856362,-0.234391][0.559906,0.721558,0][-0.67793,1.11739,-0.361763][-0.365109,0.856383,-0.365109][0.602761,0.7688,0][-0.82852,1.02257,-0.471104][-0.32419,0.888708,-0.324191][0.644452,0.739996,0][-0.97394,1.02257,-0.185654][-0.408482,0.888728,-0.208097][0.592142,0.682185,0][-1.02399,1.02257,0.130817][-0.452836,0.888713,0.0716164][0.524911,0.642809,0][-0.83798,1.11739,0.130817][-0.509975,0.856385,0.0808075][0.505855,0.688838,0][-0.83798,1.11739,0.130817][-0.509975,0.856385,0.0808075][0.505855,0.688838,0][-0.79695,1.11739,-0.128124][-0.460114,0.856362,-0.234391][0.559906,0.721558,0][-0.97394,1.02257,-0.185654][-0.408482,0.888728,-0.208097][0.592142,0.682185,0][-1.17172,0.87495,0.130817][-0.702545,0.7029,0.111186][0.543756,0.593659,0][-1.11441,0.87495,0.492937][-0.702545,0.7029,0.111186][0.456636,0.579155,0][-0.97394,1.02257,0.447287][-0.452836,0.888713,0.0716164][0.452493,0.625679,0][-0.97394,1.02257,0.447287][-0.452836,0.888713,0.0716164][0.452493,0.625679,0][-1.02399,1.02257,0.130817][-0.452836,0.888713,0.0716164][0.524911,0.642809,0][-1.17172,0.87495,0.130817][-0.702545,0.7029,0.111186][0.543756,0.593659,0][-1.11441,0.87495,0.492937][-0.702545,0.7029,0.111186][0.456636,0.579155,0][-0.94798,0.87495,0.819527][-0.633822,0.702811,0.322995][0.377103,0.580809,0][-0.82852,1.02257,0.732737][-0.408491,0.888723,0.208102][0.381784,0.625949,0][-0.82852,1.02257,0.732737][-0.408491,0.888723,0.208102][0.381784,0.625949,0][-0.97394,1.02257,0.447287][-0.452836,0.888713,0.0716164][0.452493,0.625679,0][-1.11441,0.87495,0.492937][-0.702545,0.7029,0.111186][0.456636,0.579155,0][-0.94798,0.87495,0.819527][-0.633822,0.702811,0.322995][0.377103,0.580809,0][-0.68871,0.87495,1.0788][-0.503023,0.702806,0.503023][0.298733,0.596461,0][-0.60192,1.02257,0.959337][-0.324191,0.888707,0.324191][0.312253,0.640939,0][-0.60192,1.02257,0.959337][-0.324191,0.888707,0.324191][0.312253,0.640939,0][-0.82852,1.02257,0.732737][-0.408491,0.888723,0.208102][0.381784,0.625949,0][-0.94798,0.87495,0.819527][-0.633822,0.702811,0.322995][0.377103,0.580809,0][-0.68871,0.87495,1.0788][-0.503023,0.702806,0.503023][0.298733,0.596461,0][-0.36212,0.87495,1.24523][-0.32295,0.702906,0.633741][0.221916,0.627218,0][-0.31647,1.02257,1.10476][-0.208097,0.888728,0.408482][0.244815,0.67052,0][-0.31647,1.02257,1.10476][-0.208097,0.888728,0.408482][0.244815,0.67052,0][-0.60192,1.02257,0.959337][-0.324191,0.888707,0.324191][0.312253,0.640939,0][-0.68871,0.87495,1.0788][-0.503023,0.702806,0.503023][0.298733,0.596461,0][-0.36212,0.87495,1.24523][-0.32295,0.702906,0.633741][0.221916,0.627218,0][0,0.87495,1.30254][-0.111173,0.702985,0.702462][0.14256,0.674993,0][0,1.02257,1.15481][-0.0716382,0.888632,0.452991][0.178949,0.718021,0][0,1.02257,1.15481][-0.0716382,0.888632,0.452991][0.178949,0.718021,0][-0.31647,1.02257,1.10476][-0.208097,0.888728,0.408482][0.244815,0.67052,0][-0.36212,0.87495,1.24523][-0.32295,0.702906,0.633741][0.221916,0.627218,0][0,1.11052,-1.04121][-0.275706,0.947786,-0.160273][0.723416,0.987191,0][0,0.9629,-1.23284][-0.396493,0.727269,-0.560244][0.790376,0.990086,0][-0.36212,0.89894,-1.05959][-0.396493,0.727269,-0.560244][0.767538,0.883119,0][-0.36212,0.89894,-1.05959][-0.396493,0.727269,-0.560244][0.767538,0.883119,0][-0.31647,1.04655,-0.875105][-0.275706,0.947786,-0.160273][0.7047,0.890984,0][0,1.11052,-1.04121][-0.275706,0.947786,-0.160273][0.723416,0.987191,0][-0.31647,1.04655,-0.875105][-0.275706,0.947786,-0.160273][0.7047,0.890984,0][-0.36212,0.89894,-1.05959][-0.396493,0.727269,-0.560244][0.767538,0.883119,0][-0.68871,0.87495,-0.861178][-0.373219,0.767269,-0.521542][0.735264,0.793463,0][-0.68871,0.87495,-0.861178][-0.373219,0.767269,-0.521542][0.735264,0.793463,0][-0.60192,1.02257,-0.697703][-0.304346,0.877291,-0.371124][0.680512,0.808953,0][-0.31647,1.04655,-0.875105][-0.275706,0.947786,-0.160273][0.7047,0.890984,0][-0.60192,1.02257,-0.697703][-0.304346,0.877291,-0.371124][0.680512,0.808953,0][-0.68871,0.87495,-0.861178][-0.373219,0.767269,-0.521542][0.735264,0.793463,0][-0.94798,0.87495,-0.557893][-0.494719,0.759204,-0.422922][0.686524,0.711272,0][-0.94798,0.87495,-0.557893][-0.494719,0.759204,-0.422922][0.686524,0.711272,0][-0.82852,1.02257,-0.471104][-0.32419,0.888708,-0.324191][0.644452,0.739996,0][-0.60192,1.02257,-0.697703][-0.304346,0.877291,-0.371124][0.680512,0.808953,0][-0.94798,0.87495,-0.557893][-0.494719,0.759204,-0.422922][0.686524,0.711272,0][-1.11441,0.87495,-0.231303][-0.633737,0.702908,-0.322952][0.62582,0.641717,0][-0.97394,1.02257,-0.185654][-0.408482,0.888728,-0.208097][0.592142,0.682185,0][-0.97394,1.02257,-0.185654][-0.408482,0.888728,-0.208097][0.592142,0.682185,0][-0.82852,1.02257,-0.471104][-0.32419,0.888708,-0.324191][0.644452,0.739996,0][-0.94798,0.87495,-0.557893][-0.494719,0.759204,-0.422922][0.686524,0.711272,0][-1.11441,0.87495,-0.231303][-0.633737,0.702908,-0.322952][0.62582,0.641717,0][-1.17172,0.87495,0.130817][-0.702545,0.7029,0.111186][0.543756,0.593659,0][-1.02399,1.02257,0.130817][-0.452836,0.888713,0.0716164][0.524911,0.642809,0][-1.02399,1.02257,0.130817][-0.452836,0.888713,0.0716164][0.524911,0.642809,0][-0.97394,1.02257,-0.185654][-0.408482,0.888728,-0.208097][0.592142,0.682185,0][-1.11441,0.87495,-0.231303][-0.633737,0.702908,-0.322952][0.62582,0.641717,0][-1.26654,0.688827,0.130817][-0.476155,0.847258,-0.235437][0.562312,0.538357,0][-1.46006,0.688827,0.522197][-0.476155,0.847258,-0.235437][0.469521,0.507152,0][-1.11441,0.87495,0.492937][-0.702545,0.7029,0.111186][0.456636,0.579155,0][-1.11441,0.87495,0.492937][-0.702545,0.7029,0.111186][0.456636,0.579155,0][-1.17172,0.87495,0.130817][-0.702545,0.7029,0.111186][0.543756,0.593659,0][-1.26654,0.688827,0.130817][-0.476155,0.847258,-0.235437][0.562312,0.538357,0][-1.11441,0.87495,0.492937][-0.702545,0.7029,0.111186][0.456636,0.579155,0][-1.46006,0.688827,0.522197][-0.476155,0.847258,-0.235437][0.469521,0.507152,0][-1.20094,0.688827,0.875297][-0.429174,0.846533,0.314946][0.393337,0.518959,0][-1.20094,0.688827,0.875297][-0.429174,0.846533,0.314946][0.393337,0.518959,0][-0.94798,0.87495,0.819527][-0.633822,0.702811,0.322995][0.377103,0.580809,0][-1.11441,0.87495,0.492937][-0.702545,0.7029,0.111186][0.456636,0.579155,0][-0.94798,0.87495,0.819527][-0.633822,0.702811,0.322995][0.377103,0.580809,0][-1.20094,0.688827,0.875297][-0.429174,0.846533,0.314946][0.393337,0.518959,0][-0.74448,0.688827,1.15547][-0.376172,0.694897,0.612873][0.286044,0.551691,0][-0.74448,0.688827,1.15547][-0.376172,0.694897,0.612873][0.286044,0.551691,0][-0.68871,0.87495,1.0788][-0.503023,0.702806,0.503023][0.298733,0.596461,0][-0.94798,0.87495,0.819527][-0.633822,0.702811,0.322995][0.377103,0.580809,0][-0.74448,0.688827,1.15547][-0.376172,0.694897,0.612873][0.286044,0.551691,0][-0.39138,0.688827,1.33531][-0.405515,0.449114,0.796149][0.201078,0.583223,0][-0.36212,0.87495,1.24523][-0.32295,0.702906,0.633741][0.221916,0.627218,0][-0.36212,0.87495,1.24523][-0.32295,0.702906,0.633741][0.221916,0.627218,0][-0.68871,0.87495,1.0788][-0.503023,0.702806,0.503023][0.298733,0.596461,0][-0.74448,0.688827,1.15547][-0.376172,0.694897,0.612873][0.286044,0.551691,0][-0.39138,0.688827,1.33531][-0.405515,0.449114,0.796149][0.201078,0.583223,0][0,0.688827,1.39736][-0.139855,0.449475,0.882277][0.112808,0.627287,0][0,0.87495,1.30254][-0.111173,0.702985,0.702462][0.14256,0.674993,0][0,0.87495,1.30254][-0.111173,0.702985,0.702462][0.14256,0.674993,0][-0.36212,0.87495,1.24523][-0.32295,0.702906,0.633741][0.221916,0.627218,0][-0.39138,0.688827,1.33531][-0.405515,0.449114,0.796149][0.201078,0.583223,0][0,0.9629,-1.23284][-0.396493,0.727269,-0.560244][0.790376,0.990086,0][0,0.454688,-1.43002][-0.466529,0.31994,-0.824614][0.936218,0.957236,0][-0.39138,0.550323,-1.17149][-0.466529,0.31994,-0.824614][0.862636,0.849063,0][-0.39138,0.550323,-1.17149][-0.466529,0.31994,-0.824614][0.862636,0.849063,0][-0.36212,0.89894,-1.05959][-0.396493,0.727269,-0.560244][0.767538,0.883119,0][0,0.9629,-1.23284][-0.396493,0.727269,-0.560244][0.790376,0.990086,0][-0.36212,0.89894,-1.05959][-0.396493,0.727269,-0.560244][0.767538,0.883119,0][-0.39138,0.550323,-1.17149][-0.466529,0.31994,-0.824614][0.862636,0.849063,0][-0.74448,0.612979,-0.991645][-0.386931,0.311103,-0.868044][0.800043,0.771904,0][-0.74448,0.612979,-0.991645][-0.386931,0.311103,-0.868044][0.800043,0.771904,0][-0.68871,0.87495,-0.861178][-0.373219,0.767269,-0.521542][0.735264,0.793463,0][-0.36212,0.89894,-1.05959][-0.396493,0.727269,-0.560244][0.767538,0.883119,0][-0.68871,0.87495,-0.861178][-0.373219,0.767269,-0.521542][0.735264,0.793463,0][-0.74448,0.612979,-0.991645][-0.386931,0.311103,-0.868044][0.800043,0.771904,0][-1.02465,0.66051,-0.613663][-0.697275,0.43295,-0.571281][0.735311,0.679434,0][-1.02465,0.66051,-0.613663][-0.697275,0.43295,-0.571281][0.735311,0.679434,0][-0.94798,0.87495,-0.557893][-0.494719,0.759204,-0.422922][0.686524,0.711272,0][-0.68871,0.87495,-0.861178][-0.373219,0.767269,-0.521542][0.735264,0.793463,0][-0.94798,0.87495,-0.557893][-0.494719,0.759204,-0.422922][0.686524,0.711272,0][-1.02465,0.66051,-0.613663][-0.697275,0.43295,-0.571281][0.735311,0.679434,0][-1.2045,0.688827,-0.260563][-0.802607,0.401657,-0.441015][0.663925,0.596261,0][-1.2045,0.688827,-0.260563][-0.802607,0.401657,-0.441015][0.663925,0.596261,0][-1.11441,0.87495,-0.231303][-0.633737,0.702908,-0.322952][0.62582,0.641717,0][-0.94798,0.87495,-0.557893][-0.494719,0.759204,-0.422922][0.686524,0.711272,0][-1.2045,0.688827,-0.260563][-0.802607,0.401657,-0.441015][0.663925,0.596261,0][-1.26654,0.688827,0.130817][-0.476155,0.847258,-0.235437][0.562312,0.538357,0][-1.17172,0.87495,0.130817][-0.702545,0.7029,0.111186][0.543756,0.593659,0][-1.17172,0.87495,0.130817][-0.702545,0.7029,0.111186][0.543756,0.593659,0][-1.11441,0.87495,-0.231303][-0.633737,0.702908,-0.322952][0.62582,0.641717,0][-1.2045,0.688827,-0.260563][-0.802607,0.401657,-0.441015][0.663925,0.596261,0][-1.29921,0.482577,0.130817][-0.898073,-0.412938,-0.151481][0.585626,0.47005,0][-1.23563,0.22558,0.454452][-0.898073,-0.412938,-0.151481][0.473096,0.39175,0][-1.46006,0.688827,0.522197][-0.476155,0.847258,-0.235437][0.469521,0.507152,0][-1.46006,0.688827,0.522197][-0.476155,0.847258,-0.235437][0.469521,0.507152,0][-1.26654,0.688827,0.130817][-0.476155,0.847258,-0.235437][0.562312,0.538357,0][-1.29921,0.482577,0.130817][-0.898073,-0.412938,-0.151481][0.585626,0.47005,0][-1.46006,0.688827,0.522197][-0.476155,0.847258,-0.235437][0.469521,0.507152,0][-1.23563,0.22558,0.454452][-0.898073,-0.412938,-0.151481][0.473096,0.39175,0][-1.13141,0.482577,0.894437][-0.779622,-0.44251,0.443142][0.372027,0.478481,0][-1.13141,0.482577,0.894437][-0.779622,-0.44251,0.443142][0.372027,0.478481,0][-1.20094,0.688827,0.875297][-0.429174,0.846533,0.314946][0.393337,0.518959,0][-1.46006,0.688827,0.522197][-0.476155,0.847258,-0.235437][0.469521,0.507152,0][-1.13141,0.482577,0.894437][-0.779622,-0.44251,0.443142][0.372027,0.478481,0][-0.76362,0.482577,1.18186][-0.608222,0.156062,0.778274][0.272126,0.507399,0][-0.74448,0.688827,1.15547][-0.376172,0.694897,0.612873][0.286044,0.551691,0][-0.74448,0.688827,1.15547][-0.376172,0.694897,0.612873][0.286044,0.551691,0][-1.20094,0.688827,0.875297][-0.429174,0.846533,0.314946][0.393337,0.518959,0][-1.13141,0.482577,0.894437][-0.779622,-0.44251,0.443142][0.372027,0.478481,0][-0.76362,0.482577,1.18186][-0.608222,0.156062,0.778274][0.272126,0.507399,0][-0.4015,0.482577,1.36645][-0.44865,0.154864,0.880188][0.18286,0.537737,0][-0.39138,0.688827,1.33531][-0.405515,0.449114,0.796149][0.201078,0.583223,0][-0.39138,0.688827,1.33531][-0.405515,0.449114,0.796149][0.201078,0.583223,0][-0.74448,0.688827,1.15547][-0.376172,0.694897,0.612873][0.286044,0.551691,0][-0.76362,0.482577,1.18186][-0.608222,0.156062,0.778274][0.272126,0.507399,0][-0.4015,0.482577,1.36645][-0.44865,0.154864,0.880188][0.18286,0.537737,0][0,0.482577,1.43002][-0.154527,0.15457,0.975822][0.087978,0.577368,0][0,0.688827,1.39736][-0.139855,0.449475,0.882277][0.112808,0.627287,0][0,0.688827,1.39736][-0.139855,0.449475,0.882277][0.112808,0.627287,0][-0.39138,0.688827,1.33531][-0.405515,0.449114,0.796149][0.201078,0.583223,0][-0.4015,0.482577,1.36645][-0.44865,0.154864,0.880188][0.18286,0.537737,0][-1.05105,0.595433,-0.423688][-0.68074,0.138045,-0.7194][0.727877,0.624961,0][-1.23563,0.482577,-0.270683][-0.68074,0.138045,-0.7194][0.700187,0.549031,0][-1.2045,0.688827,-0.260563][-0.802607,0.401657,-0.441015][0.663925,0.596261,0][-1.2045,0.688827,-0.260563][-0.802607,0.401657,-0.441015][0.663925,0.596261,0][-1.02465,0.66051,-0.613663][-0.697275,0.43295,-0.571281][0.735311,0.679434,0][-1.05105,0.595433,-0.423688][-0.68074,0.138045,-0.7194][0.727877,0.624961,0][-1.23563,0.482577,-0.270683][-0.68074,0.138045,-0.7194][0.700187,0.549031,0][-1.29921,0.482577,0.130817][-0.898073,-0.412938,-0.151481][0.585626,0.47005,0][-1.26654,0.688827,0.130817][-0.476155,0.847258,-0.235437][0.562312,0.538357,0][-1.26654,0.688827,0.130817][-0.476155,0.847258,-0.235437][0.562312,0.538357,0][-1.2045,0.688827,-0.260563][-0.802607,0.401657,-0.441015][0.663925,0.596261,0][-1.23563,0.482577,-0.270683][-0.68074,0.138045,-0.7194][0.700187,0.549031,0][-1.23563,-0.314964,0.692041][-0.779283,-0.0565507,0.624115][0.36586,0.295653,0][-1.05105,-0.624804,0.894437][-0.779283,-0.0565507,0.624115][0.290251,0.246796,0][-1.13141,0.482577,0.894437][-0.779622,-0.44251,0.443142][0.372027,0.478481,0][-1.13141,0.482577,0.894437][-0.779622,-0.44251,0.443142][0.372027,0.478481,0][-1.23563,0.22558,0.454452][-0.898073,-0.412938,-0.151481][0.473096,0.39175,0][-1.23563,-0.314964,0.692041][-0.779283,-0.0565507,0.624115][0.36586,0.295653,0][-1.05105,-0.624804,0.894437][-0.779283,-0.0565507,0.624115][0.290251,0.246796,0][-0.76362,-0.973665,1.18186][-0.707104,0,0.707109][0.180633,0.209908,0][-0.76362,0.482577,1.18186][-0.608222,0.156062,0.778274][0.272126,0.507399,0][-0.76362,0.482577,1.18186][-0.608222,0.156062,0.778274][0.272126,0.507399,0][-1.13141,0.482577,0.894437][-0.779622,-0.44251,0.443142][0.372027,0.478481,0][-1.05105,-0.624804,0.894437][-0.779283,-0.0565507,0.624115][0.290251,0.246796,0][-0.76362,-0.973665,1.18186][-0.707104,0,0.707109][0.180633,0.209908,0][-0.4015,-1.1699,1.36645][-0.454129,0,0.890936][0.088462,0.1938,0][-0.4015,0.482577,1.36645][-0.44865,0.154864,0.880188][0.18286,0.537737,0][-0.4015,0.482577,1.36645][-0.44865,0.154864,0.880188][0.18286,0.537737,0][-0.76362,0.482577,1.18186][-0.608222,0.156062,0.778274][0.272126,0.507399,0][-0.76362,-0.973665,1.18186][-0.707104,0,0.707109][0.180633,0.209908,0][-0.4015,-1.1699,1.36645][-0.454129,0,0.890936][0.088462,0.1938,0][0,-1.24154,1.43002][-0.156407,0,0.987693][0.006021,0.177683,0][0,0.482577,1.43002][-0.154527,0.15457,0.975822][0.087978,0.577368,0][0,0.482577,1.43002][-0.154527,0.15457,0.975822][0.087978,0.577368,0][-0.4015,0.482577,1.36645][-0.44865,0.154864,0.880188][0.18286,0.537737,0][-0.4015,-1.1699,1.36645][-0.454129,0,0.890936][0.088462,0.1938,0][-1.23563,0.482577,-0.270683][-0.68074,0.138045,-0.7194][0.700187,0.549031,0][-1.21601,-1.36997,-0.114874][-0.998382,-0.0151819,-0.0547909][0.96927,0.127556,0][-1.22839,-0.958399,-0.00333093][-0.998382,-0.0151819,-0.0547909][0.877645,0.194525,0][-1.22839,-0.958399,-0.00333093][-0.998382,-0.0151819,-0.0547909][0.877645,0.194525,0][-1.29921,0.482577,0.130817][-0.898073,-0.412938,-0.151481][0.585626,0.47005,0][-1.23563,0.482577,-0.270683][-0.68074,0.138045,-0.7194][0.700187,0.549031,0][0,1.03551,0.127856][0,-1,0][0.590342,0.342608,0][-0.5461,1.03551,0.305356][0,-1,0][0.60446,0.277015,0][-0.5743,1.03551,0.127856][0,-1,0][0.590036,0.27418,0][0,1.03551,0.127856][0,-1,0][0.590342,0.342608,0][-0.4646,1.03551,0.465356][0,-1,0][0.617776,0.285153,0][-0.5461,1.03551,0.305356][0,-1,0][0.60446,0.277015,0][0,1.03551,0.127856][0,-1,0][0.590342,0.342608,0][-0.3375,1.03551,0.592456][0,-1,0][0.629327,0.298072,0][-0.4646,1.03551,0.465356][0,-1,0][0.617776,0.285153,0][0,1.03551,0.127856][0,-1,0][0.590342,0.342608,0][-0.1775,1.03551,0.673956][0,-1,0][0.638351,0.315273,0][-0.3375,1.03551,0.592456][0,-1,0][0.629327,0.298072,0][0,1.03551,0.127856][0,-1,0][0.590342,0.342608,0][0,1.03551,0.702156][0,-1,0][0.64372,0.336729,0][-0.1775,1.03551,0.673956][0,-1,0][0.638351,0.315273,0][0,1.03551,0.127856][0,-1,0][0.590342,0.342608,0][-0.1775,1.03551,-0.418244][0,-1,0][0.541306,0.316828,0][0,1.03551,-0.446444][0,-1,0][0.536792,0.338839,0][0,1.03551,0.127856][0,-1,0][0.590342,0.342608,0][-0.3375,1.03551,-0.336744][0,-1,0][0.549954,0.298634,0][-0.1775,1.03551,-0.418244][0,-1,0][0.541306,0.316828,0][0,1.03551,0.127856][0,-1,0][0.590342,0.342608,0][-0.4646,1.03551,-0.209644][0,-1,0][0.561705,0.284991,0][-0.3375,1.03551,-0.336744][0,-1,0][0.549954,0.298634,0][0,1.03551,0.127856][0,-1,0][0.590342,0.342608,0][-0.5461,1.03551,-0.049644][0,-1,0][0.575437,0.276709,0][-0.4646,1.03551,-0.209644][0,-1,0][0.561705,0.284991,0][0,1.03551,0.127856][0,-1,0][0.590342,0.342608,0][-0.5743,1.03551,0.127856][0,-1,0][0.590036,0.27418,0][-0.5461,1.03551,-0.049644][0,-1,0][0.575437,0.276709,0][-0.5461,1.03551,0.305356][0,-1,0][0.60446,0.277015,0][-0.7245,1.00581,0.363256][0.156341,-0.987392,-0.0247728][0.608576,0.257451,0][-0.7618,1.00581,0.127856][0.156341,-0.987392,-0.0247728][0.590302,0.25346,0][-0.7618,1.00581,0.127856][0.156341,-0.987392,-0.0247728][0.590302,0.25346,0][-0.5743,1.03551,0.127856][0,-1,0][0.590036,0.27418,0][-0.5461,1.03551,0.305356][0,-1,0][0.60446,0.277015,0][-0.4646,1.03551,0.465356][0,-1,0][0.617776,0.285153,0][-0.6163,1.00581,0.575656][0.141064,-0.987389,-0.07186][0.625487,0.267426,0][-0.7245,1.00581,0.363256][0.156341,-0.987392,-0.0247728][0.608576,0.257451,0][-0.7245,1.00581,0.363256][0.156341,-0.987392,-0.0247728][0.608576,0.257451,0][-0.5461,1.03551,0.305356][0,-1,0][0.60446,0.277015,0][-0.4646,1.03551,0.465356][0,-1,0][0.617776,0.285153,0][-0.3375,1.03551,0.592456][0,-1,0][0.629327,0.298072,0][-0.4478,1.00581,0.744156][0.11193,-0.987392,-0.11193][0.640421,0.282964,0][-0.6163,1.00581,0.575656][0.141064,-0.987389,-0.07186][0.625487,0.267426,0][-0.6163,1.00581,0.575656][0.141064,-0.987389,-0.07186][0.625487,0.267426,0][-0.4646,1.03551,0.465356][0,-1,0][0.617776,0.285153,0][-0.3375,1.03551,0.592456][0,-1,0][0.629327,0.298072,0][-0.1775,1.03551,0.673956][0,-1,0][0.638351,0.315273,0][-0.2354,1.00581,0.852356][0.0718578,-0.98739,-0.141059][0.652829,0.304306,0][-0.4478,1.00581,0.744156][0.11193,-0.987392,-0.11193][0.640421,0.282964,0][-0.4478,1.00581,0.744156][0.11193,-0.987392,-0.11193][0.640421,0.282964,0][-0.3375,1.03551,0.592456][0,-1,0][0.629327,0.298072,0][-0.1775,1.03551,0.673956][0,-1,0][0.638351,0.315273,0][0,1.03551,0.702156][0,-1,0][0.64372,0.336729,0][0,1.00581,0.889656][0.0247824,-0.987383,-0.156402][0.661619,0.331062,0][-0.2354,1.00581,0.852356][0.0718578,-0.98739,-0.141059][0.652829,0.304306,0][-0.2354,1.00581,0.852356][0.0718578,-0.98739,-0.141059][0.652829,0.304306,0][-0.1775,1.03551,0.673956][0,-1,0][0.638351,0.315273,0][0,1.03551,0.702156][0,-1,0][0.64372,0.336729,0][-0.1775,1.03551,-0.418244][0,-1,0][0.541306,0.316828,0][-0.2354,1.00581,-0.596644][0.0247728,-0.987392,0.156341][0.525933,0.306747,0][0,1.00581,-0.633944][0.0247728,-0.987392,0.156341][0.518715,0.335115,0][0,1.00581,-0.633944][0.0247728,-0.987392,0.156341][0.518715,0.335115,0][0,1.03551,-0.446444][0,-1,0][0.536792,0.338839,0][-0.1775,1.03551,-0.418244][0,-1,0][0.541306,0.316828,0][-0.3375,1.03551,-0.336744][0,-1,0][0.549954,0.298634,0][-0.4478,1.00581,-0.488444][0.07186,-0.987389,0.141063][0.537909,0.283455,0][-0.2354,1.00581,-0.596644][0.0247728,-0.987392,0.156341][0.525933,0.306747,0][-0.2354,1.00581,-0.596644][0.0247728,-0.987392,0.156341][0.525933,0.306747,0][-0.1775,1.03551,-0.418244][0,-1,0][0.541306,0.316828,0][-0.3375,1.03551,-0.336744][0,-1,0][0.549954,0.298634,0][-0.4646,1.03551,-0.209644][0,-1,0][0.561705,0.284991,0][-0.6163,1.00581,-0.319944][0.11193,-0.987392,0.11193][0.553487,0.266439,0][-0.4478,1.00581,-0.488444][0.07186,-0.987389,0.141063][0.537909,0.283455,0][-0.4478,1.00581,-0.488444][0.07186,-0.987389,0.141063][0.537909,0.283455,0][-0.3375,1.03551,-0.336744][0,-1,0][0.549954,0.298634,0][-0.4646,1.03551,-0.209644][0,-1,0][0.561705,0.284991,0][-0.5461,1.03551,-0.049644][0,-1,0][0.575437,0.276709,0][-0.7245,1.00581,-0.107544][0.141059,-0.98739,0.0718578][0.571448,0.256366,0][-0.6163,1.00581,-0.319944][0.11193,-0.987392,0.11193][0.553487,0.266439,0][-0.6163,1.00581,-0.319944][0.11193,-0.987392,0.11193][0.553487,0.266439,0][-0.4646,1.03551,-0.209644][0,-1,0][0.561705,0.284991,0][-0.5461,1.03551,-0.049644][0,-1,0][0.575437,0.276709,0][-0.5743,1.03551,0.127856][0,-1,0][0.590036,0.27418,0][-0.7618,1.00581,0.127856][0.156341,-0.987392,-0.0247728][0.590302,0.25346,0][-0.7245,1.00581,-0.107544][0.141059,-0.98739,0.0718578][0.571448,0.256366,0][-0.7245,1.00581,-0.107544][0.141059,-0.98739,0.0718578][0.571448,0.256366,0][-0.5461,1.03551,-0.049644][0,-1,0][0.575437,0.276709,0][-0.5743,1.03551,0.127856][0,-1,0][0.590036,0.27418,0][-0.7245,1.00581,0.363256][0.156341,-0.987392,-0.0247728][0.608576,0.257451,0][-0.8854,0.91961,0.415556][0.452837,-0.888713,-0.0716165][0.612682,0.238386,0][-0.9309,0.91961,0.127856][0.452837,-0.888713,-0.0716165][0.59075,0.233308,0][-0.9309,0.91961,0.127856][0.452837,-0.888713,-0.0716165][0.59075,0.233308,0][-0.7618,1.00581,0.127856][0.156341,-0.987392,-0.0247728][0.590302,0.25346,0][-0.7245,1.00581,0.363256][0.156341,-0.987392,-0.0247728][0.608576,0.257451,0][-0.6163,1.00581,0.575656][0.141064,-0.987389,-0.07186][0.625487,0.267426,0][-0.7532,0.91961,0.675056][0.408491,-0.888723,-0.208102][0.632685,0.250294,0][-0.8854,0.91961,0.415556][0.452837,-0.888713,-0.0716165][0.612682,0.238386,0][-0.8854,0.91961,0.415556][0.452837,-0.888713,-0.0716165][0.612682,0.238386,0][-0.7245,1.00581,0.363256][0.156341,-0.987392,-0.0247728][0.608576,0.257451,0][-0.6163,1.00581,0.575656][0.141064,-0.987389,-0.07186][0.625487,0.267426,0][-0.4478,1.00581,0.744156][0.11193,-0.987392,-0.11193][0.640421,0.282964,0][-0.5472,0.91961,0.881056][0.324192,-0.888707,-0.324192][0.650634,0.268222,0][-0.7532,0.91961,0.675056][0.408491,-0.888723,-0.208102][0.632685,0.250294,0][-0.7532,0.91961,0.675056][0.408491,-0.888723,-0.208102][0.632685,0.250294,0][-0.6163,1.00581,0.575656][0.141064,-0.987389,-0.07186][0.625487,0.267426,0][-0.4478,1.00581,0.744156][0.11193,-0.987392,-0.11193][0.640421,0.282964,0][-0.2354,1.00581,0.852356][0.0718578,-0.98739,-0.141059][0.652829,0.304306,0][-0.2877,0.91961,1.01326][0.208098,-0.888728,-0.408482][0.666201,0.291982,0][-0.5472,0.91961,0.881056][0.324192,-0.888707,-0.324192][0.650634,0.268222,0][-0.5472,0.91961,0.881056][0.324192,-0.888707,-0.324192][0.650634,0.268222,0][-0.4478,1.00581,0.744156][0.11193,-0.987392,-0.11193][0.640421,0.282964,0][-0.2354,1.00581,0.852356][0.0718578,-0.98739,-0.141059][0.652829,0.304306,0][0,1.00581,0.889656][0.0247824,-0.987383,-0.156402][0.661619,0.331062,0][0,0.91961,1.05876][0.0716404,-0.888634,-0.452987][0.678976,0.323286,0][-0.2877,0.91961,1.01326][0.208098,-0.888728,-0.408482][0.666201,0.291982,0][-0.2877,0.91961,1.01326][0.208098,-0.888728,-0.408482][0.666201,0.291982,0][-0.2354,1.00581,0.852356][0.0718578,-0.98739,-0.141059][0.652829,0.304306,0][0,1.00581,0.889656][0.0247824,-0.987383,-0.156402][0.661619,0.331062,0][-0.2354,1.00581,-0.596644][0.0247728,-0.987392,0.156341][0.525933,0.306747,0][-0.2877,0.91961,-0.757544][0.071767,-0.888723,0.452793][0.511089,0.295754,0][0,0.91961,-0.803144][0.071767,-0.888723,0.452793][0.501027,0.329561,0][0,0.91961,-0.803144][0.071767,-0.888723,0.452793][0.501027,0.329561,0][0,1.00581,-0.633944][0.0247728,-0.987392,0.156341][0.518715,0.335115,0][-0.2354,1.00581,-0.596644][0.0247728,-0.987392,0.156341][0.525933,0.306747,0][-0.4478,1.00581,-0.488444][0.07186,-0.987389,0.141063][0.537909,0.283455,0][-0.5472,0.91961,-0.625344][0.208102,-0.888723,0.408491][0.526233,0.26812,0][-0.2877,0.91961,-0.757544][0.071767,-0.888723,0.452793][0.511089,0.295754,0][-0.2877,0.91961,-0.757544][0.071767,-0.888723,0.452793][0.511089,0.295754,0][-0.2354,1.00581,-0.596644][0.0247728,-0.987392,0.156341][0.525933,0.306747,0][-0.4478,1.00581,-0.488444][0.07186,-0.987389,0.141063][0.537909,0.283455,0][-0.6163,1.00581,-0.319944][0.11193,-0.987392,0.11193][0.553487,0.266439,0][-0.7532,0.91961,-0.419344][0.324192,-0.888707,0.324192][0.545683,0.247782,0][-0.5472,0.91961,-0.625344][0.208102,-0.888723,0.408491][0.526233,0.26812,0][-0.5472,0.91961,-0.625344][0.208102,-0.888723,0.408491][0.526233,0.26812,0][-0.4478,1.00581,-0.488444][0.07186,-0.987389,0.141063][0.537909,0.283455,0][-0.6163,1.00581,-0.319944][0.11193,-0.987392,0.11193][0.553487,0.266439,0][-0.7245,1.00581,-0.107544][0.141059,-0.98739,0.0718578][0.571448,0.256366,0][-0.8854,0.91961,-0.159844][0.408482,-0.888728,0.208098][0.567883,0.2361,0][-0.7532,0.91961,-0.419344][0.324192,-0.888707,0.324192][0.545683,0.247782,0][-0.7532,0.91961,-0.419344][0.324192,-0.888707,0.324192][0.545683,0.247782,0][-0.6163,1.00581,-0.319944][0.11193,-0.987392,0.11193][0.553487,0.266439,0][-0.7245,1.00581,-0.107544][0.141059,-0.98739,0.0718578][0.571448,0.256366,0][-0.7618,1.00581,0.127856][0.156341,-0.987392,-0.0247728][0.590302,0.25346,0][-0.9309,0.91961,0.127856][0.452837,-0.888713,-0.0716165][0.59075,0.233308,0][-0.8854,0.91961,-0.159844][0.408482,-0.888728,0.208098][0.567883,0.2361,0][-0.8854,0.91961,-0.159844][0.408482,-0.888728,0.208098][0.567883,0.2361,0][-0.7245,1.00581,-0.107544][0.141059,-0.98739,0.0718578][0.571448,0.256366,0][-0.7618,1.00581,0.127856][0.156341,-0.987392,-0.0247728][0.590302,0.25346,0][-0.8854,0.91961,0.415556][0.452837,-0.888713,-0.0716165][0.612682,0.238386,0][-1.0131,0.78541,0.457056][0.702545,-0.7029,-0.111186][0.616964,0.219656,0][-1.0652,0.78541,0.127856][0.702545,-0.7029,-0.111186][0.591482,0.212783,0][-1.0652,0.78541,0.127856][0.702545,-0.7029,-0.111186][0.591482,0.212783,0][-0.9309,0.91961,0.127856][0.452837,-0.888713,-0.0716165][0.59075,0.233308,0][-0.8854,0.91961,0.415556][0.452837,-0.888713,-0.0716165][0.612682,0.238386,0][-0.7532,0.91961,0.675056][0.408491,-0.888723,-0.208102][0.632685,0.250294,0][-0.8618,0.78541,0.753956][0.633822,-0.702812,-0.322995][0.639698,0.233431,0][-1.0131,0.78541,0.457056][0.702545,-0.7029,-0.111186][0.616964,0.219656,0][-1.0131,0.78541,0.457056][0.702545,-0.7029,-0.111186][0.616964,0.219656,0][-0.8854,0.91961,0.415556][0.452837,-0.888713,-0.0716165][0.612682,0.238386,0][-0.7532,0.91961,0.675056][0.408491,-0.888723,-0.208102][0.632685,0.250294,0][-0.5472,0.91961,0.881056][0.324192,-0.888707,-0.324192][0.650634,0.268222,0][-0.6261,0.78541,0.989656][0.503022,-0.702807,-0.503022][0.660213,0.253094,0][-0.8618,0.78541,0.753956][0.633822,-0.702812,-0.322995][0.639698,0.233431,0][-0.8618,0.78541,0.753956][0.633822,-0.702812,-0.322995][0.639698,0.233431,0][-0.7532,0.91961,0.675056][0.408491,-0.888723,-0.208102][0.632685,0.250294,0][-0.5472,0.91961,0.881056][0.324192,-0.888707,-0.324192][0.650634,0.268222,0][-0.2877,0.91961,1.01326][0.208098,-0.888728,-0.408482][0.666201,0.291982,0][-0.3292,0.78541,1.14095][0.32295,-0.702908,-0.633738][0.67864,0.278844,0][-0.6261,0.78541,0.989656][0.503022,-0.702807,-0.503022][0.660213,0.253094,0][-0.6261,0.78541,0.989656][0.503022,-0.702807,-0.503022][0.660213,0.253094,0][-0.5472,0.91961,0.881056][0.324192,-0.888707,-0.324192][0.650634,0.268222,0][-0.2877,0.91961,1.01326][0.208098,-0.888728,-0.408482][0.666201,0.291982,0][0,0.91961,1.05876][0.0716404,-0.888634,-0.452987][0.678976,0.323286,0][0,0.78541,1.19306][0.111174,-0.702983,-0.702464][0.69565,0.312707,0][-0.3292,0.78541,1.14095][0.32295,-0.702908,-0.633738][0.67864,0.278844,0][-0.3292,0.78541,1.14095][0.32295,-0.702908,-0.633738][0.67864,0.278844,0][-0.2877,0.91961,1.01326][0.208098,-0.888728,-0.408482][0.666201,0.291982,0][0,0.91961,1.05876][0.0716404,-0.888634,-0.452987][0.678976,0.323286,0][0,0.91961,-0.803144][0.071767,-0.888723,0.452793][0.501027,0.329561,0][-0.2877,0.91961,-0.757544][0.071767,-0.888723,0.452793][0.511089,0.295754,0][-0.3292,0.78541,-0.925255][0.096249,-0.788655,0.607255][0.493854,0.283684,0][-0.3292,0.78541,-0.925255][0.096249,-0.788655,0.607255][0.493854,0.283684,0][0,0.78541,-0.977355][0.0961337,-0.788533,0.607432][0.480994,0.321232,0][0,0.91961,-0.803144][0.071767,-0.888723,0.452793][0.501027,0.329561,0][-0.2877,0.91961,-0.757544][0.071767,-0.888723,0.452793][0.511089,0.295754,0][-0.5472,0.91961,-0.625344][0.208102,-0.888723,0.408491][0.526233,0.26812,0][-0.6261,0.78541,-0.773957][0.283069,-0.781747,0.555647][0.511781,0.252375,0][-0.6261,0.78541,-0.773957][0.283069,-0.781747,0.555647][0.511781,0.252375,0][-0.3292,0.78541,-0.925255][0.096249,-0.788655,0.607255][0.493854,0.283684,0][-0.2877,0.91961,-0.757544][0.071767,-0.888723,0.452793][0.511089,0.295754,0][-0.5472,0.91961,-0.625344][0.208102,-0.888723,0.408491][0.526233,0.26812,0][-0.7532,0.91961,-0.419344][0.324192,-0.888707,0.324192][0.545683,0.247782,0][-0.8618,0.78541,-0.498244][0.503022,-0.702807,0.503022][0.537815,0.228554,0][-0.8618,0.78541,-0.498244][0.503022,-0.702807,0.503022][0.537815,0.228554,0][-0.6261,0.78541,-0.773957][0.283069,-0.781747,0.555647][0.511781,0.252375,0][-0.5472,0.91961,-0.625344][0.208102,-0.888723,0.408491][0.526233,0.26812,0][-0.8854,0.91961,-0.159844][0.408482,-0.888728,0.208098][0.567883,0.2361,0][-1.0131,0.78541,-0.201344][0.633735,-0.70291,0.322951][0.564421,0.215426,0][-0.8618,0.78541,-0.498244][0.503022,-0.702807,0.503022][0.537815,0.228554,0][-0.8618,0.78541,-0.498244][0.503022,-0.702807,0.503022][0.537815,0.228554,0][-0.7532,0.91961,-0.419344][0.324192,-0.888707,0.324192][0.545683,0.247782,0][-0.8854,0.91961,-0.159844][0.408482,-0.888728,0.208098][0.567883,0.2361,0][-0.9309,0.91961,0.127856][0.452837,-0.888713,-0.0716165][0.59075,0.233308,0][-1.0652,0.78541,0.127856][0.702545,-0.7029,-0.111186][0.591482,0.212783,0][-1.0131,0.78541,-0.201344][0.633735,-0.70291,0.322951][0.564421,0.215426,0][-1.0131,0.78541,-0.201344][0.633735,-0.70291,0.322951][0.564421,0.215426,0][-0.8854,0.91961,-0.159844][0.408482,-0.888728,0.208098][0.567883,0.2361,0][-0.9309,0.91961,0.127856][0.452837,-0.888713,-0.0716165][0.59075,0.233308,0][-1.0131,0.78541,0.457056][0.702545,-0.7029,-0.111186][0.616964,0.219656,0][-1.095,0.61621,0.483656][0.882447,-0.449133,-0.139882][0.621588,0.200234,0][-1.1514,0.61621,0.127856][0.882447,-0.449133,-0.139882][0.592745,0.191586,0][-1.1514,0.61621,0.127856][0.882447,-0.449133,-0.139882][0.592745,0.191586,0][-1.0652,0.78541,0.127856][0.702545,-0.7029,-0.111186][0.591482,0.212783,0][-1.0131,0.78541,0.457056][0.702545,-0.7029,-0.111186][0.616964,0.219656,0][-0.8618,0.78541,0.753956][0.633822,-0.702812,-0.322995][0.639698,0.233431,0][-0.9315,0.61621,0.804656][0.79602,-0.449402,-0.40545][0.646792,0.216385,0][-1.095,0.61621,0.483656][0.882447,-0.449133,-0.139882][0.621588,0.200234,0][-1.095,0.61621,0.483656][0.882447,-0.449133,-0.139882][0.621588,0.200234,0][-1.0131,0.78541,0.457056][0.702545,-0.7029,-0.111186][0.616964,0.219656,0][-0.8618,0.78541,0.753956][0.633822,-0.702812,-0.322995][0.639698,0.233431,0][-0.6261,0.78541,0.989656][0.503022,-0.702807,-0.503022][0.660213,0.253094,0][-0.6768,0.61621,1.05936][0.631654,-0.449475,-0.631654][0.669425,0.237714,0][-0.9315,0.61621,0.804656][0.79602,-0.449402,-0.40545][0.646792,0.216385,0][-0.9315,0.61621,0.804656][0.79602,-0.449402,-0.40545][0.646792,0.216385,0][-0.8618,0.78541,0.753956][0.633822,-0.702812,-0.322995][0.639698,0.233431,0][-0.6261,0.78541,0.989656][0.503022,-0.702807,-0.503022][0.660213,0.253094,0][-0.3292,0.78541,1.14095][0.32295,-0.702908,-0.633738][0.67864,0.278844,0][-0.3558,0.61621,1.22285][0.405512,-0.44912,-0.796148][0.690594,0.264791,0][-0.6768,0.61621,1.05936][0.631654,-0.449475,-0.631654][0.669425,0.237714,0][-0.6768,0.61621,1.05936][0.631654,-0.449475,-0.631654][0.669425,0.237714,0][-0.6261,0.78541,0.989656][0.503022,-0.702807,-0.503022][0.660213,0.253094,0][-0.3292,0.78541,1.14095][0.32295,-0.702908,-0.633738][0.67864,0.278844,0][0,0.78541,1.19306][0.111174,-0.702983,-0.702464][0.69565,0.312707,0][0,0.61621,1.27926][0.139855,-0.44948,-0.882274][0.710918,0.29881,0][-0.3558,0.61621,1.22285][0.405512,-0.44912,-0.796148][0.690594,0.264791,0][-0.3558,0.61621,1.22285][0.405512,-0.44912,-0.796148][0.690594,0.264791,0][-0.3292,0.78541,1.14095][0.32295,-0.702908,-0.633738][0.67864,0.278844,0][0,0.78541,1.19306][0.111174,-0.702983,-0.702464][0.69565,0.312707,0][0,0.78541,-0.977355][0.0961337,-0.788533,0.607432][0.480994,0.321232,0][-0.3292,0.78541,-0.925255][0.096249,-0.788655,0.607255][0.493854,0.283684,0][-0.3558,0.490298,-1.05606][0.142448,-0.411801,0.900071][0.468109,0.264092,0][-0.3558,0.490298,-1.05606][0.142448,-0.411801,0.900071][0.468109,0.264092,0][0,0.403357,-1.11247][0.0678205,-0.33264,0.940612][0.446286,0.300744,0][0,0.78541,-0.977355][0.0961337,-0.788533,0.607432][0.480994,0.321232,0][-0.3292,0.78541,-0.925255][0.096249,-0.788655,0.607255][0.493854,0.283684,0][-0.6261,0.78541,-0.773957][0.283069,-0.781747,0.555647][0.511781,0.252375,0][-0.6768,0.547258,-0.892565][0.399443,-0.475421,0.783849][0.492738,0.231025,0][-0.6768,0.547258,-0.892565][0.399443,-0.475421,0.783849][0.492738,0.231025,0][-0.3558,0.490298,-1.05606][0.142448,-0.411801,0.900071][0.468109,0.264092,0][-0.3292,0.78541,-0.925255][0.096249,-0.788655,0.607255][0.493854,0.283684,0][-0.6261,0.78541,-0.773957][0.283069,-0.781747,0.555647][0.511781,0.252375,0][-0.8618,0.78541,-0.498244][0.503022,-0.702807,0.503022][0.537815,0.228554,0][-0.9315,0.587894,-0.548944][0.697011,-0.398912,0.595857][0.528634,0.204787,0][-0.9315,0.587894,-0.548944][0.697011,-0.398912,0.595857][0.528634,0.204787,0][-0.6768,0.547258,-0.892565][0.399443,-0.475421,0.783849][0.492738,0.231025,0][-0.6261,0.78541,-0.773957][0.283069,-0.781747,0.555647][0.511781,0.252375,0][-0.8618,0.78541,-0.498244][0.503022,-0.702807,0.503022][0.537815,0.228554,0][-1.0131,0.78541,-0.201344][0.633735,-0.70291,0.322951][0.564421,0.215426,0][-1.095,0.61621,-0.227944][0.79607,-0.449108,0.405677][0.561113,0.192907,0][-1.095,0.61621,-0.227944][0.79607,-0.449108,0.405677][0.561113,0.192907,0][-0.9315,0.587894,-0.548944][0.697011,-0.398912,0.595857][0.528634,0.204787,0][-0.8618,0.78541,-0.498244][0.503022,-0.702807,0.503022][0.537815,0.228554,0][-1.0652,0.78541,0.127856][0.702545,-0.7029,-0.111186][0.591482,0.212783,0][-1.1514,0.61621,0.127856][0.882447,-0.449133,-0.139882][0.592745,0.191586,0][-1.095,0.61621,-0.227944][0.79607,-0.449108,0.405677][0.561113,0.192907,0][-1.095,0.61621,-0.227944][0.79607,-0.449108,0.405677][0.561113,0.192907,0][-1.0131,0.78541,-0.201344][0.633735,-0.70291,0.322951][0.564421,0.215426,0][-1.0652,0.78541,0.127856][0.702545,-0.7029,-0.111186][0.591482,0.212783,0][-1.095,0.61621,0.483656][0.882447,-0.449133,-0.139882][0.621588,0.200234,0][-1.1233,0.195076,0.422069][0.975303,-0.0336155,-0.218299][0.629682,0.150253,0][-1.1811,0.42871,0.127856][0.975303,-0.0336155,-0.218299][0.594542,0.16775,0][-1.1811,0.42871,0.127856][0.975303,-0.0336155,-0.218299][0.594542,0.16775,0][-1.1514,0.61621,0.127856][0.882447,-0.449133,-0.139882][0.592745,0.191586,0][-1.095,0.61621,0.483656][0.882447,-0.449133,-0.139882][0.621588,0.200234,0][-1.095,0.61621,0.483656][0.882447,-0.449133,-0.139882][0.621588,0.200234,0][-0.9315,0.61621,0.804656][0.79602,-0.449402,-0.40545][0.646792,0.216385,0][-0.9555,0.42871,0.822056][0.880399,-0.154305,-0.448428][0.654043,0.198631,0][-0.9555,0.42871,0.822056][0.880399,-0.154305,-0.448428][0.654043,0.198631,0][-1.1233,0.195076,0.422069][0.975303,-0.0336155,-0.218299][0.629682,0.150253,0][-1.095,0.61621,0.483656][0.882447,-0.449133,-0.139882][0.621588,0.200234,0][-0.6768,0.61621,1.05936][0.631654,-0.449475,-0.631654][0.669425,0.237714,0][-0.6942,0.42871,1.08336][0.698643,-0.15426,-0.698643][0.678833,0.221476,0][-0.9555,0.42871,0.822056][0.880399,-0.154305,-0.448428][0.654043,0.198631,0][-0.9555,0.42871,0.822056][0.880399,-0.154305,-0.448428][0.654043,0.198631,0][-0.9315,0.61621,0.804656][0.79602,-0.449402,-0.40545][0.646792,0.216385,0][-0.6768,0.61621,1.05936][0.631654,-0.449475,-0.631654][0.669425,0.237714,0][-0.3558,0.61621,1.22285][0.405512,-0.44912,-0.796148][0.690594,0.264791,0][-0.365,0.42871,1.25116][0.448648,-0.154864,-0.880189][0.701964,0.249363,0][-0.6942,0.42871,1.08336][0.698643,-0.15426,-0.698643][0.678833,0.221476,0][-0.6942,0.42871,1.08336][0.698643,-0.15426,-0.698643][0.678833,0.221476,0][-0.6768,0.61621,1.05936][0.631654,-0.449475,-0.631654][0.669425,0.237714,0][-0.3558,0.61621,1.22285][0.405512,-0.44912,-0.796148][0.690594,0.264791,0][0,0.61621,1.27926][0.139855,-0.44948,-0.882274][0.710918,0.29881,0][0,0.42871,1.30896][0.154528,-0.15457,-0.975822][0.725037,0.28301,0][-0.365,0.42871,1.25116][0.448648,-0.154864,-0.880189][0.701964,0.249363,0][-0.365,0.42871,1.25116][0.448648,-0.154864,-0.880189][0.701964,0.249363,0][-0.3558,0.61621,1.22285][0.405512,-0.44912,-0.796148][0.690594,0.264791,0][0,0.61621,1.27926][0.139855,-0.44948,-0.882274][0.710918,0.29881,0][-1.095,0.61621,-0.227944][0.79607,-0.449108,0.405677][0.561113,0.192907,0][-1.1233,0.42871,-0.237144][0.680742,-0.138045,0.719398][0.559314,0.169101,0][-0.9555,0.531307,-0.37624][0.680742,-0.138045,0.719398][0.541036,0.188274,0][-0.9555,0.531307,-0.37624][0.680742,-0.138045,0.719398][0.541036,0.188274,0][-0.9315,0.587894,-0.548944][0.697011,-0.398912,0.595857][0.528634,0.204787,0][-1.095,0.61621,-0.227944][0.79607,-0.449108,0.405677][0.561113,0.192907,0][-1.1514,0.61621,0.127856][0.882447,-0.449133,-0.139882][0.592745,0.191586,0][-1.1811,0.42871,0.127856][0.975303,-0.0336155,-0.218299][0.594542,0.16775,0][-1.1233,0.42871,-0.237144][0.680742,-0.138045,0.719398][0.559314,0.169101,0][-1.1233,0.42871,-0.237144][0.680742,-0.138045,0.719398][0.559314,0.169101,0][-1.095,0.61621,-0.227944][0.79607,-0.449108,0.405677][0.561113,0.192907,0][-1.1514,0.61621,0.127856][0.882447,-0.449133,-0.139882][0.592745,0.191586,0][-0.9555,0.42871,0.822056][0.880399,-0.154305,-0.448428][0.654043,0.198631,0][-0.9555,-0.578,0.822056][0.73888,0,-0.673837][0.704444,0.098729,0][-1.1233,-0.296327,0.638059][0.73888,0,-0.673837][0.670984,0.109789,0][-1.1233,-0.296327,0.638059][0.73888,0,-0.673837][0.670984,0.109789,0][-1.1233,0.195076,0.422069][0.975303,-0.0336155,-0.218299][0.629682,0.150253,0][-0.9555,0.42871,0.822056][0.880399,-0.154305,-0.448428][0.654043,0.198631,0][-0.6942,0.42871,1.08336][0.698643,-0.15426,-0.698643][0.678833,0.221476,0][-0.6942,-0.895146,1.08336][0.707107,0,-0.707107][0.749423,0.095415,0][-0.9555,-0.578,0.822056][0.73888,0,-0.673837][0.704444,0.098729,0][-0.9555,-0.578,0.822056][0.73888,0,-0.673837][0.704444,0.098729,0][-0.9555,0.42871,0.822056][0.880399,-0.154305,-0.448428][0.654043,0.198631,0][-0.6942,0.42871,1.08336][0.698643,-0.15426,-0.698643][0.678833,0.221476,0][-0.365,0.42871,1.25116][0.448648,-0.154864,-0.880189][0.701964,0.249363,0][-0.365,-1.07354,1.25116][0.454126,0,-0.890937][0.786325,0.107149,0][-0.6942,-0.895146,1.08336][0.707107,0,-0.707107][0.749423,0.095415,0][-0.6942,-0.895146,1.08336][0.707107,0,-0.707107][0.749423,0.095415,0][-0.6942,0.42871,1.08336][0.698643,-0.15426,-0.698643][0.678833,0.221476,0][-0.365,0.42871,1.25116][0.448648,-0.154864,-0.880189][0.701964,0.249363,0][0,0.42871,1.30896][0.154528,-0.15457,-0.975822][0.725037,0.28301,0][0,-1.13867,1.30896][0.156407,0,-0.987693][0.816473,0.130268,0][-0.365,-1.07354,1.25116][0.454126,0,-0.890937][0.786325,0.107149,0][-0.365,-1.07354,1.25116][0.454126,0,-0.890937][0.786325,0.107149,0][-0.365,0.42871,1.25116][0.448648,-0.154864,-0.880189][0.701964,0.249363,0][0,0.42871,1.30896][0.154528,-0.15457,-0.975822][0.725037,0.28301,0][-1.1233,0.42871,-0.237144][0.680742,-0.138045,0.719398][0.559314,0.169101,0][-1.1811,0.42871,0.127856][0.975303,-0.0336155,-0.218299][0.594542,0.16775,0][-1.20538,-0.881267,0.00590408][0.98716,-0.0328495,0.156323][0.579914,0.072561,0][-1.20538,-0.881267,0.00590408][0.98716,-0.0328495,0.156323][0.579914,0.072561,0][-1.19412,-1.25542,-0.0954989][0.979688,-0.0244578,0.199029][0.569182,0.024188,0][-1.1233,0.42871,-0.237144][0.680742,-0.138045,0.719398][0.559314,0.169101,0][-0.39138,0.550323,-1.17149][-0.466529,0.31994,-0.824614][0.862636,0.849063,0][0,0.454688,-1.43002][-0.466529,0.31994,-0.824614][0.936218,0.957236,0][0,0.403357,-1.11247][0.0678205,-0.33264,0.940612][0.973468,0.877851,0][0,0.403357,-1.11247][0.0678205,-0.33264,0.940612][0.973468,0.877851,0][-0.3558,0.490298,-1.05606][0.142448,-0.411801,0.900071][0.888348,0.823855,0][-0.39138,0.550323,-1.17149][-0.466529,0.31994,-0.824614][0.862636,0.849063,0][-0.6768,0.547258,-0.892565][0.399443,-0.475421,0.783849][0.826447,0.750509,0][-0.74448,0.612979,-0.991645][-0.386931,0.311103,-0.868044][0.800043,0.771904,0][-0.39138,0.550323,-1.17149][-0.466529,0.31994,-0.824614][0.862636,0.849063,0][-0.39138,0.550323,-1.17149][-0.466529,0.31994,-0.824614][0.862636,0.849063,0][-0.3558,0.490298,-1.05606][0.142448,-0.411801,0.900071][0.888348,0.823855,0][-0.6768,0.547258,-0.892565][0.399443,-0.475421,0.783849][0.826447,0.750509,0][-1.02465,0.66051,-0.613663][-0.697275,0.43295,-0.571281][0.735311,0.679434,0][-0.74448,0.612979,-0.991645][-0.386931,0.311103,-0.868044][0.800043,0.771904,0][-0.6768,0.547258,-0.892565][0.399443,-0.475421,0.783849][0.826447,0.750509,0][-0.6768,0.547258,-0.892565][0.399443,-0.475421,0.783849][0.826447,0.750509,0][-0.9315,0.587894,-0.548944][0.697011,-0.398912,0.595857][0.7627,0.660164,0][-1.02465,0.66051,-0.613663][-0.697275,0.43295,-0.571281][0.735311,0.679434,0][-1.23563,0.22558,0.454452][-0.898073,-0.412938,-0.151481][0.473096,0.39175,0][-1.29921,0.482577,0.130817][-0.898073,-0.412938,-0.151481][0.585626,0.47005,0][-1.1811,0.42871,0.127856][0.975303,-0.0336155,-0.218299][0.584898,0.426311,0][-1.1811,0.42871,0.127856][0.975303,-0.0336155,-0.218299][0.584898,0.426311,0][-1.1233,0.195076,0.422069][0.975303,-0.0336155,-0.218299][0.49077,0.363107,0][-1.23563,0.22558,0.454452][-0.898073,-0.412938,-0.151481][0.473096,0.39175,0][-1.1233,0.42871,-0.237144][0.680742,-0.138045,0.719398][0.737447,0.550789,0][-1.23563,0.482577,-0.270683][-0.68074,0.138045,-0.7194][0.700187,0.549031,0][-1.05105,0.595433,-0.423688][-0.68074,0.138045,-0.7194][0.727877,0.624961,0][-1.05105,0.595433,-0.423688][-0.68074,0.138045,-0.7194][0.727877,0.624961,0][-0.9555,0.531307,-0.37624][0.680742,-0.138045,0.719398][0.761204,0.611313,0][-1.1233,0.42871,-0.237144][0.680742,-0.138045,0.719398][0.737447,0.550789,0][-1.05105,0.595433,-0.423688][-0.68074,0.138045,-0.7194][0.727877,0.624961,0][-1.02465,0.66051,-0.613663][-0.697275,0.43295,-0.571281][0.735311,0.679434,0][-0.9315,0.587894,-0.548944][0.697011,-0.398912,0.595857][0.7627,0.660164,0][-0.9315,0.587894,-0.548944][0.697011,-0.398912,0.595857][0.7627,0.660164,0][-0.9555,0.531307,-0.37624][0.680742,-0.138045,0.719398][0.761204,0.611313,0][-1.05105,0.595433,-0.423688][-0.68074,0.138045,-0.7194][0.727877,0.624961,0][-0.9555,-0.578,0.822056][0.73888,0,-0.673837][0.308951,0.22194,0][-1.05105,-0.624804,0.894437][-0.779283,-0.0565507,0.624115][0.290251,0.246796,0][-1.23563,-0.314964,0.692041][-0.779283,-0.0565507,0.624115][0.36586,0.295653,0][-1.23563,-0.314964,0.692041][-0.779283,-0.0565507,0.624115][0.36586,0.295653,0][-1.1233,-0.296327,0.638059][0.73888,0,-0.673837][0.385904,0.274912,0][-0.9555,-0.578,0.822056][0.73888,0,-0.673837][0.308951,0.22194,0][-1.1233,-0.296327,0.638059][0.73888,0,-0.673837][0.385904,0.274912,0][-1.23563,-0.314964,0.692041][-0.779283,-0.0565507,0.624115][0.36586,0.295653,0][-1.23563,0.22558,0.454452][-0.898073,-0.412938,-0.151481][0.473096,0.39175,0][-1.23563,0.22558,0.454452][-0.898073,-0.412938,-0.151481][0.473096,0.39175,0][-1.1233,0.195076,0.422069][0.975303,-0.0336155,-0.218299][0.49077,0.363107,0][-1.1233,-0.296327,0.638059][0.73888,0,-0.673837][0.385904,0.274912,0][-0.6942,-0.895146,1.08336][0.707107,0,-0.707107][0.197967,0.183184,0][-0.76362,-0.973665,1.18186][-0.707104,0,0.707109][0.180633,0.209908,0][-1.05105,-0.624804,0.894437][-0.779283,-0.0565507,0.624115][0.290251,0.246796,0][-1.05105,-0.624804,0.894437][-0.779283,-0.0565507,0.624115][0.290251,0.246796,0][-0.9555,-0.578,0.822056][0.73888,0,-0.673837][0.308951,0.22194,0][-0.6942,-0.895146,1.08336][0.707107,0,-0.707107][0.197967,0.183184,0][-0.365,-1.07354,1.25116][0.454126,0,-0.890937][0.101914,0.161022,0][-0.4015,-1.1699,1.36645][-0.454129,0,0.890936][0.088462,0.1938,0][-0.76362,-0.973665,1.18186][-0.707104,0,0.707109][0.180633,0.209908,0][-0.76362,-0.973665,1.18186][-0.707104,0,0.707109][0.180633,0.209908,0][-0.6942,-0.895146,1.08336][0.707107,0,-0.707107][0.197967,0.183184,0][-0.365,-1.07354,1.25116][0.454126,0,-0.890937][0.101914,0.161022,0][0,-1.13867,1.30896][0.156407,0,-0.987693][0.022897,0.140141,0][0,-1.24154,1.43002][-0.156407,0,0.987693][0.006021,0.177683,0][-0.4015,-1.1699,1.36645][-0.454129,0,0.890936][0.088462,0.1938,0][-0.4015,-1.1699,1.36645][-0.454129,0,0.890936][0.088462,0.1938,0][-0.365,-1.07354,1.25116][0.454126,0,-0.890937][0.101914,0.161022,0][0,-1.13867,1.30896][0.156407,0,-0.987693][0.022897,0.140141,0][-1.29921,0.482577,0.130817][-0.898073,-0.412938,-0.151481][0.585626,0.47005,0][-1.22839,-0.958399,-0.00333093][-0.998382,-0.0151819,-0.0547909][0.877645,0.194525,0][-1.20538,-0.881267,0.00590408][0.98716,-0.0328495,0.156323][0.857697,0.201297,0][-1.20538,-0.881267,0.00590408][0.98716,-0.0328495,0.156323][0.857697,0.201297,0][-1.1811,0.42871,0.127856][0.975303,-0.0336155,-0.218299][0.584898,0.426311,0][-1.29921,0.482577,0.130817][-0.898073,-0.412938,-0.151481][0.585626,0.47005,0][-1.22839,-0.958399,-0.00333093][-0.998382,-0.0151819,-0.0547909][0.877645,0.194525,0][-1.21601,-1.36997,-0.114874][-0.998382,-0.0151819,-0.0547909][0.96927,0.127556,0][-1.19412,-1.25542,-0.0954989][0.979688,-0.0244578,0.199029][0.938746,0.140416,0][-1.19412,-1.25542,-0.0954989][0.979688,-0.0244578,0.199029][0.938746,0.140416,0][-1.20538,-0.881267,0.00590408][0.98716,-0.0328495,0.156323][0.857697,0.201297,0][-1.22839,-0.958399,-0.00333093][-0.998382,-0.0151819,-0.0547909][0.877645,0.194525,0][-1.19412,-1.25542,-0.0954989][0.979688,-0.0244578,0.199029][0.959575,0.158482,0][-1.21601,-1.36997,-0.114874][-0.998382,-0.0151819,-0.0547909][0.96927,0.127556,0][-1.23563,0.482577,-0.270683][-0.68074,0.138045,-0.7194][0.700187,0.549031,0][-1.23563,0.482577,-0.270683][-0.68074,0.138045,-0.7194][0.700187,0.549031,0][-1.1233,0.42871,-0.237144][0.680742,-0.138045,0.719398][0.737447,0.550789,0][-1.19412,-1.25542,-0.0954989][0.979688,-0.0244578,0.199029][0.959575,0.158482,0][0,1.36997,0.130817][-0.201027,0.979065,0.0319378][0.414567,0.886443,0][0.60071,1.24026,0.326067][0.201027,0.979065,0.0319378][0.438701,0.727943,0][0.63173,1.24026,0.130817][0.201027,0.979065,0.0319378][0.483208,0.740751,0][0,1.36997,0.130817][-0.201027,0.979065,0.0319378][0.414567,0.886443,0][0.51106,1.24026,0.502067][0.181378,0.979064,0.0923892][0.392658,0.727416,0][0.60071,1.24026,0.326067][0.201027,0.979065,0.0319378][0.438701,0.727943,0][0,1.36997,0.130817][-0.201027,0.979065,0.0319378][0.414567,0.886443,0][0.37125,1.24026,0.641877][0.143934,0.979064,0.143934][0.347419,0.738827,0][0.51106,1.24026,0.502067][0.181378,0.979064,0.0923892][0.392658,0.727416,0][0,1.36997,0.130817][-0.201027,0.979065,0.0319378][0.414567,0.886443,0][0.19525,1.24026,0.731527][0.0923892,0.979064,0.181378][0.305449,0.76253,0][0.37125,1.24026,0.641877][0.143934,0.979064,0.143934][0.347419,0.738827,0][0,1.36997,0.130817][-0.201027,0.979065,0.0319378][0.414567,0.886443,0][0,1.24026,0.762547][-0.0319377,0.979065,0.201027][0.269166,0.798935,0][0.19525,1.24026,0.731527][0.0923892,0.979064,0.181378][0.305449,0.76253,0][0,1.36997,0.130817][-0.201027,0.979065,0.0319378][0.414567,0.886443,0][0.19525,1.24026,-0.469893][0.0319377,0.979065,-0.201027][0.582826,0.89526,0][0,1.24026,-0.500913][-0.0319377,0.979065,-0.201027][0.575081,0.947272,0][0,1.36997,0.130817][-0.201027,0.979065,0.0319378][0.414567,0.886443,0][0.37125,1.24026,-0.380243][0.0923893,0.979064,-0.181378][0.574912,0.845503,0][0.19525,1.24026,-0.469893][0.0319377,0.979065,-0.201027][0.582826,0.89526,0][0,1.36997,0.130817][-0.201027,0.979065,0.0319378][0.414567,0.886443,0][0.51106,1.24026,-0.240434][0.143933,0.979064,-0.143934][0.554358,0.801547,0][0.37125,1.24026,-0.380243][0.0923893,0.979064,-0.181378][0.574912,0.845503,0][0,1.36997,0.130817][-0.201027,0.979065,0.0319378][0.414567,0.886443,0][0.60071,1.24026,-0.064433][0.181378,0.979064,-0.0923888][0.522791,0.765864,0][0.51106,1.24026,-0.240434][0.143933,0.979064,-0.143934][0.554358,0.801547,0][0,1.36997,0.130817][-0.201027,0.979065,0.0319378][0.414567,0.886443,0][0.63173,1.24026,0.130817][0.201027,0.979065,0.0319378][0.483208,0.740751,0][0.60071,1.24026,-0.064433][0.181378,0.979064,-0.0923888][0.522791,0.765864,0][0.60071,1.24026,0.326067][0.201027,0.979065,0.0319378][0.438701,0.727943,0][0.79695,1.11739,0.389757][0.509975,0.856385,0.0808075][0.446659,0.67307,0][0.83798,1.11739,0.130817][0.509975,0.856385,0.0808075][0.505855,0.688838,0][0.83798,1.11739,0.130817][0.509975,0.856385,0.0808075][0.505855,0.688838,0][0.63173,1.24026,0.130817][0.201027,0.979065,0.0319378][0.483208,0.740751,0][0.60071,1.24026,0.326067][0.201027,0.979065,0.0319378][0.438701,0.727943,0][0.51106,1.24026,0.502067][0.181378,0.979064,0.0923892][0.392658,0.727416,0][0.67793,1.11739,0.623397][0.460126,0.856354,0.234396][0.386612,0.67237,0][0.79695,1.11739,0.389757][0.509975,0.856385,0.0808075][0.446659,0.67307,0][0.79695,1.11739,0.389757][0.509975,0.856385,0.0808075][0.446659,0.67307,0][0.60071,1.24026,0.326067][0.201027,0.979065,0.0319378][0.438701,0.727943,0][0.51106,1.24026,0.502067][0.181378,0.979064,0.0923892][0.392658,0.727416,0][0.37125,1.24026,0.641877][0.143934,0.979064,0.143934][0.347419,0.738827,0][0.49258,1.11739,0.808747][0.365108,0.856384,0.365108][0.327543,0.68576,0][0.67793,1.11739,0.623397][0.460126,0.856354,0.234396][0.386612,0.67237,0][0.67793,1.11739,0.623397][0.460126,0.856354,0.234396][0.386612,0.67237,0][0.51106,1.24026,0.502067][0.181378,0.979064,0.0923892][0.392658,0.727416,0][0.37125,1.24026,0.641877][0.143934,0.979064,0.143934][0.347419,0.738827,0][0.19525,1.24026,0.731527][0.0923892,0.979064,0.181378][0.305449,0.76253,0][0.25894,1.11739,0.927767][0.23439,0.856362,0.460115][0.27089,0.713975,0][0.49258,1.11739,0.808747][0.365108,0.856384,0.365108][0.327543,0.68576,0][0.49258,1.11739,0.808747][0.365108,0.856384,0.365108][0.327543,0.68576,0][0.37125,1.24026,0.641877][0.143934,0.979064,0.143934][0.347419,0.738827,0][0.19525,1.24026,0.731527][0.0923892,0.979064,0.181378][0.305449,0.76253,0][0,1.24026,0.762547][-0.0319377,0.979065,0.201027][0.269166,0.798935,0][0,1.11739,0.968797][-0.080831,0.856294,0.510124][0.219523,0.75686,0][0.25894,1.11739,0.927767][0.23439,0.856362,0.460115][0.27089,0.713975,0][0.25894,1.11739,0.927767][0.23439,0.856362,0.460115][0.27089,0.713975,0][0.19525,1.24026,0.731527][0.0923892,0.979064,0.181378][0.305449,0.76253,0][0,1.24026,0.762547][-0.0319377,0.979065,0.201027][0.269166,0.798935,0][0,1.24026,-0.500913][-0.0319377,0.979065,-0.201027][0.575081,0.947272,0][0.19525,1.24026,-0.469893][0.0319377,0.979065,-0.201027][0.582826,0.89526,0][0.25894,1.14138,-0.698117][0.0607672,0.92196,-0.382489][0.650049,0.895933,0][0.25894,1.14138,-0.698117][0.0607672,0.92196,-0.382489][0.650049,0.895933,0][0,1.14526,-0.835777][-0.15752,0.950025,-0.269519][0.667648,0.972851,0][0,1.24026,-0.500913][-0.0319377,0.979065,-0.201027][0.575081,0.947272,0][0.19525,1.24026,-0.469893][0.0319377,0.979065,-0.201027][0.582826,0.89526,0][0.37125,1.24026,-0.380243][0.0923893,0.979064,-0.181378][0.574912,0.845503,0][0.49258,1.11739,-0.547113][0.234382,0.856353,-0.460135][0.63188,0.826775,0][0.49258,1.11739,-0.547113][0.234382,0.856353,-0.460135][0.63188,0.826775,0][0.25894,1.14138,-0.698117][0.0607672,0.92196,-0.382489][0.650049,0.895933,0][0.19525,1.24026,-0.469893][0.0319377,0.979065,-0.201027][0.582826,0.89526,0][0.51106,1.24026,-0.240434][0.143933,0.979064,-0.143934][0.554358,0.801547,0][0.67793,1.11739,-0.361763][0.365109,0.856383,-0.365109][0.602761,0.7688,0][0.49258,1.11739,-0.547113][0.234382,0.856353,-0.460135][0.63188,0.826775,0][0.49258,1.11739,-0.547113][0.234382,0.856353,-0.460135][0.63188,0.826775,0][0.37125,1.24026,-0.380243][0.0923893,0.979064,-0.181378][0.574912,0.845503,0][0.51106,1.24026,-0.240434][0.143933,0.979064,-0.143934][0.554358,0.801547,0][0.60071,1.24026,-0.064433][0.181378,0.979064,-0.0923888][0.522791,0.765864,0][0.79695,1.11739,-0.128124][0.460114,0.856362,-0.234391][0.559906,0.721558,0][0.67793,1.11739,-0.361763][0.365109,0.856383,-0.365109][0.602761,0.7688,0][0.67793,1.11739,-0.361763][0.365109,0.856383,-0.365109][0.602761,0.7688,0][0.51106,1.24026,-0.240434][0.143933,0.979064,-0.143934][0.554358,0.801547,0][0.60071,1.24026,-0.064433][0.181378,0.979064,-0.0923888][0.522791,0.765864,0][0.63173,1.24026,0.130817][0.201027,0.979065,0.0319378][0.483208,0.740751,0][0.83798,1.11739,0.130817][0.509975,0.856385,0.0808075][0.505855,0.688838,0][0.79695,1.11739,-0.128124][0.460114,0.856362,-0.234391][0.559906,0.721558,0][0.79695,1.11739,-0.128124][0.460114,0.856362,-0.234391][0.559906,0.721558,0][0.60071,1.24026,-0.064433][0.181378,0.979064,-0.0923888][0.522791,0.765864,0][0.63173,1.24026,0.130817][0.201027,0.979065,0.0319378][0.483208,0.740751,0][0.79695,1.11739,0.389757][0.509975,0.856385,0.0808075][0.446659,0.67307,0][0.97394,1.02257,0.447287][0.452836,0.888713,0.0716164][0.452493,0.625679,0][1.02399,1.02257,0.130817][0.452836,0.888713,0.0716164][0.524911,0.642809,0][1.02399,1.02257,0.130817][0.452836,0.888713,0.0716164][0.524911,0.642809,0][0.83798,1.11739,0.130817][0.509975,0.856385,0.0808075][0.505855,0.688838,0][0.79695,1.11739,0.389757][0.509975,0.856385,0.0808075][0.446659,0.67307,0][0.67793,1.11739,0.623397][0.460126,0.856354,0.234396][0.386612,0.67237,0][0.82852,1.02257,0.732737][0.408491,0.888723,0.208102][0.381784,0.625949,0][0.97394,1.02257,0.447287][0.452836,0.888713,0.0716164][0.452493,0.625679,0][0.97394,1.02257,0.447287][0.452836,0.888713,0.0716164][0.452493,0.625679,0][0.79695,1.11739,0.389757][0.509975,0.856385,0.0808075][0.446659,0.67307,0][0.67793,1.11739,0.623397][0.460126,0.856354,0.234396][0.386612,0.67237,0][0.49258,1.11739,0.808747][0.365108,0.856384,0.365108][0.327543,0.68576,0][0.60192,1.02257,0.959337][0.324191,0.888707,0.324191][0.312253,0.640939,0][0.82852,1.02257,0.732737][0.408491,0.888723,0.208102][0.381784,0.625949,0][0.82852,1.02257,0.732737][0.408491,0.888723,0.208102][0.381784,0.625949,0][0.67793,1.11739,0.623397][0.460126,0.856354,0.234396][0.386612,0.67237,0][0.49258,1.11739,0.808747][0.365108,0.856384,0.365108][0.327543,0.68576,0][0.25894,1.11739,0.927767][0.23439,0.856362,0.460115][0.27089,0.713975,0][0.31647,1.02257,1.10476][0.208097,0.888728,0.408482][0.244815,0.67052,0][0.60192,1.02257,0.959337][0.324191,0.888707,0.324191][0.312253,0.640939,0][0.60192,1.02257,0.959337][0.324191,0.888707,0.324191][0.312253,0.640939,0][0.49258,1.11739,0.808747][0.365108,0.856384,0.365108][0.327543,0.68576,0][0.25894,1.11739,0.927767][0.23439,0.856362,0.460115][0.27089,0.713975,0][0,1.11739,0.968797][-0.080831,0.856294,0.510124][0.219523,0.75686,0][0,1.02257,1.15481][-0.0716382,0.888632,0.452991][0.178949,0.718021,0][0.31647,1.02257,1.10476][0.208097,0.888728,0.408482][0.244815,0.67052,0][0.31647,1.02257,1.10476][0.208097,0.888728,0.408482][0.244815,0.67052,0][0.25894,1.11739,0.927767][0.23439,0.856362,0.460115][0.27089,0.713975,0][0,1.11739,0.968797][-0.080831,0.856294,0.510124][0.219523,0.75686,0][0,1.14526,-0.835777][-0.15752,0.950025,-0.269519][0.667648,0.972851,0][0.25894,1.14138,-0.698117][0.0607672,0.92196,-0.382489][0.650049,0.895933,0][0.31647,1.04655,-0.875105][0.226829,0.887254,-0.401659][0.7047,0.890984,0][0.31647,1.04655,-0.875105][0.226829,0.887254,-0.401659][0.7047,0.890984,0][0,1.11052,-1.04121][-0.275706,0.947786,-0.160273][0.723416,0.987191,0][0,1.14526,-0.835777][-0.15752,0.950025,-0.269519][0.667648,0.972851,0][0.25894,1.14138,-0.698117][0.0607672,0.92196,-0.382489][0.650049,0.895933,0][0.49258,1.11739,-0.547113][0.234382,0.856353,-0.460135][0.63188,0.826775,0][0.60192,1.02257,-0.697703][0.308635,0.889794,-0.336171][0.680512,0.808953,0][0.60192,1.02257,-0.697703][0.308635,0.889794,-0.336171][0.680512,0.808953,0][0.31647,1.04655,-0.875105][0.226829,0.887254,-0.401659][0.7047,0.890984,0][0.25894,1.14138,-0.698117][0.0607672,0.92196,-0.382489][0.650049,0.895933,0][0.67793,1.11739,-0.361763][0.365109,0.856383,-0.365109][0.602761,0.7688,0][0.82852,1.02257,-0.471104][0.32419,0.888708,-0.324191][0.644452,0.739996,0][0.60192,1.02257,-0.697703][0.308635,0.889794,-0.336171][0.680512,0.808953,0][0.60192,1.02257,-0.697703][0.308635,0.889794,-0.336171][0.680512,0.808953,0][0.49258,1.11739,-0.547113][0.234382,0.856353,-0.460135][0.63188,0.826775,0][0.67793,1.11739,-0.361763][0.365109,0.856383,-0.365109][0.602761,0.7688,0][0.79695,1.11739,-0.128124][0.460114,0.856362,-0.234391][0.559906,0.721558,0][0.97394,1.02257,-0.185654][0.408482,0.888728,-0.208097][0.592142,0.682185,0][0.82852,1.02257,-0.471104][0.32419,0.888708,-0.324191][0.644452,0.739996,0][0.82852,1.02257,-0.471104][0.32419,0.888708,-0.324191][0.644452,0.739996,0][0.67793,1.11739,-0.361763][0.365109,0.856383,-0.365109][0.602761,0.7688,0][0.79695,1.11739,-0.128124][0.460114,0.856362,-0.234391][0.559906,0.721558,0][0.83798,1.11739,0.130817][0.509975,0.856385,0.0808075][0.505855,0.688838,0][1.02399,1.02257,0.130817][0.452836,0.888713,0.0716164][0.524911,0.642809,0][0.97394,1.02257,-0.185654][0.408482,0.888728,-0.208097][0.592142,0.682185,0][0.97394,1.02257,-0.185654][0.408482,0.888728,-0.208097][0.592142,0.682185,0][0.79695,1.11739,-0.128124][0.460114,0.856362,-0.234391][0.559906,0.721558,0][0.83798,1.11739,0.130817][0.509975,0.856385,0.0808075][0.505855,0.688838,0][0.97394,1.02257,0.447287][0.452836,0.888713,0.0716164][0.452493,0.625679,0][1.11441,0.87495,0.492937][0.702545,0.7029,0.111186][0.456636,0.579155,0][1.17172,0.87495,0.130817][0.702545,0.7029,0.111186][0.543756,0.593659,0][1.17172,0.87495,0.130817][0.702545,0.7029,0.111186][0.543756,0.593659,0][1.02399,1.02257,0.130817][0.452836,0.888713,0.0716164][0.524911,0.642809,0][0.97394,1.02257,0.447287][0.452836,0.888713,0.0716164][0.452493,0.625679,0][0.82852,1.02257,0.732737][0.408491,0.888723,0.208102][0.381784,0.625949,0][0.94798,0.87495,0.819527][0.633822,0.702811,0.322995][0.377103,0.580809,0][1.11441,0.87495,0.492937][0.702545,0.7029,0.111186][0.456636,0.579155,0][1.11441,0.87495,0.492937][0.702545,0.7029,0.111186][0.456636,0.579155,0][0.97394,1.02257,0.447287][0.452836,0.888713,0.0716164][0.452493,0.625679,0][0.82852,1.02257,0.732737][0.408491,0.888723,0.208102][0.381784,0.625949,0][0.60192,1.02257,0.959337][0.324191,0.888707,0.324191][0.312253,0.640939,0][0.68871,0.87495,1.0788][0.503023,0.702806,0.503023][0.298733,0.596461,0][0.94798,0.87495,0.819527][0.633822,0.702811,0.322995][0.377103,0.580809,0][0.94798,0.87495,0.819527][0.633822,0.702811,0.322995][0.377103,0.580809,0][0.82852,1.02257,0.732737][0.408491,0.888723,0.208102][0.381784,0.625949,0][0.60192,1.02257,0.959337][0.324191,0.888707,0.324191][0.312253,0.640939,0][0.31647,1.02257,1.10476][0.208097,0.888728,0.408482][0.244815,0.67052,0][0.36212,0.87495,1.24523][0.32295,0.702906,0.633741][0.221916,0.627218,0][0.68871,0.87495,1.0788][0.503023,0.702806,0.503023][0.298733,0.596461,0][0.68871,0.87495,1.0788][0.503023,0.702806,0.503023][0.298733,0.596461,0][0.60192,1.02257,0.959337][0.324191,0.888707,0.324191][0.312253,0.640939,0][0.31647,1.02257,1.10476][0.208097,0.888728,0.408482][0.244815,0.67052,0][0,1.02257,1.15481][-0.0716382,0.888632,0.452991][0.178949,0.718021,0][0,0.87495,1.30254][-0.111173,0.702985,0.702462][0.14256,0.674993,0][0.36212,0.87495,1.24523][0.32295,0.702906,0.633741][0.221916,0.627218,0][0.36212,0.87495,1.24523][0.32295,0.702906,0.633741][0.221916,0.627218,0][0.31647,1.02257,1.10476][0.208097,0.888728,0.408482][0.244815,0.67052,0][0,1.02257,1.15481][-0.0716382,0.888632,0.452991][0.178949,0.718021,0][0,1.11052,-1.04121][-0.275706,0.947786,-0.160273][0.723416,0.987191,0][0.31647,1.04655,-0.875105][0.226829,0.887254,-0.401659][0.7047,0.890984,0][0.36212,0.89894,-1.05959][0.416937,0.757259,-0.502715][0.767538,0.883119,0][0.36212,0.89894,-1.05959][0.416937,0.757259,-0.502715][0.767538,0.883119,0][0,0.9629,-1.23284][-0.396493,0.727269,-0.560244][0.790376,0.990086,0][0,1.11052,-1.04121][-0.275706,0.947786,-0.160273][0.723416,0.987191,0][0.31647,1.04655,-0.875105][0.226829,0.887254,-0.401659][0.7047,0.890984,0][0.60192,1.02257,-0.697703][0.308635,0.889794,-0.336171][0.680512,0.808953,0][0.68871,0.87495,-0.861178][0.377458,0.778036,-0.502182][0.735264,0.793463,0][0.68871,0.87495,-0.861178][0.377458,0.778036,-0.502182][0.735264,0.793463,0][0.36212,0.89894,-1.05959][0.416937,0.757259,-0.502715][0.767538,0.883119,0][0.31647,1.04655,-0.875105][0.226829,0.887254,-0.401659][0.7047,0.890984,0][0.60192,1.02257,-0.697703][0.308635,0.889794,-0.336171][0.680512,0.808953,0][0.82852,1.02257,-0.471104][0.32419,0.888708,-0.324191][0.644452,0.739996,0][0.94798,0.87495,-0.557893][0.503023,0.702805,-0.503025][0.686524,0.711272,0][0.94798,0.87495,-0.557893][0.503023,0.702805,-0.503025][0.686524,0.711272,0][0.68871,0.87495,-0.861178][0.377458,0.778036,-0.502182][0.735264,0.793463,0][0.60192,1.02257,-0.697703][0.308635,0.889794,-0.336171][0.680512,0.808953,0][0.97394,1.02257,-0.185654][0.408482,0.888728,-0.208097][0.592142,0.682185,0][1.11441,0.87495,-0.231303][0.633737,0.702908,-0.322952][0.62582,0.641717,0][0.94798,0.87495,-0.557893][0.503023,0.702805,-0.503025][0.686524,0.711272,0][0.94798,0.87495,-0.557893][0.503023,0.702805,-0.503025][0.686524,0.711272,0][0.82852,1.02257,-0.471104][0.32419,0.888708,-0.324191][0.644452,0.739996,0][0.97394,1.02257,-0.185654][0.408482,0.888728,-0.208097][0.592142,0.682185,0][1.02399,1.02257,0.130817][0.452836,0.888713,0.0716164][0.524911,0.642809,0][1.17172,0.87495,0.130817][0.702545,0.7029,0.111186][0.543756,0.593659,0][1.11441,0.87495,-0.231303][0.633737,0.702908,-0.322952][0.62582,0.641717,0][1.11441,0.87495,-0.231303][0.633737,0.702908,-0.322952][0.62582,0.641717,0][0.97394,1.02257,-0.185654][0.408482,0.888728,-0.208097][0.592142,0.682185,0][1.02399,1.02257,0.130817][0.452836,0.888713,0.0716164][0.524911,0.642809,0][1.11441,0.87495,0.492937][0.702545,0.7029,0.111186][0.456636,0.579155,0][1.46006,0.688827,0.522197][0.476155,0.847258,-0.235437][0.469521,0.507152,0][1.26654,0.688827,0.130817][0.476155,0.847258,-0.235437][0.562312,0.538357,0][1.26654,0.688827,0.130817][0.476155,0.847258,-0.235437][0.562312,0.538357,0][1.17172,0.87495,0.130817][0.702545,0.7029,0.111186][0.543756,0.593659,0][1.11441,0.87495,0.492937][0.702545,0.7029,0.111186][0.456636,0.579155,0][1.11441,0.87495,0.492937][0.702545,0.7029,0.111186][0.456636,0.579155,0][0.94798,0.87495,0.819527][0.633822,0.702811,0.322995][0.377103,0.580809,0][1.20094,0.688827,0.875297][0.531102,0.802919,0.270649][0.393337,0.518959,0][1.20094,0.688827,0.875297][0.531102,0.802919,0.270649][0.393337,0.518959,0][1.46006,0.688827,0.522197][0.476155,0.847258,-0.235437][0.469521,0.507152,0][1.11441,0.87495,0.492937][0.702545,0.7029,0.111186][0.456636,0.579155,0][0.94798,0.87495,0.819527][0.633822,0.702811,0.322995][0.377103,0.580809,0][0.68871,0.87495,1.0788][0.503023,0.702806,0.503023][0.298733,0.596461,0][0.74448,0.688827,1.15547][0.631657,0.449464,0.631657][0.286044,0.551691,0][0.74448,0.688827,1.15547][0.631657,0.449464,0.631657][0.286044,0.551691,0][1.20094,0.688827,0.875297][0.531102,0.802919,0.270649][0.393337,0.518959,0][0.94798,0.87495,0.819527][0.633822,0.702811,0.322995][0.377103,0.580809,0][0.36212,0.87495,1.24523][0.32295,0.702906,0.633741][0.221916,0.627218,0][0.39138,0.688827,1.33531][0.405515,0.449114,0.796149][0.201078,0.583223,0][0.74448,0.688827,1.15547][0.631657,0.449464,0.631657][0.286044,0.551691,0][0.74448,0.688827,1.15547][0.631657,0.449464,0.631657][0.286044,0.551691,0][0.68871,0.87495,1.0788][0.503023,0.702806,0.503023][0.298733,0.596461,0][0.36212,0.87495,1.24523][0.32295,0.702906,0.633741][0.221916,0.627218,0][0,0.87495,1.30254][-0.111173,0.702985,0.702462][0.14256,0.674993,0][0,0.688827,1.39736][-0.139855,0.449475,0.882277][0.112808,0.627287,0][0.39138,0.688827,1.33531][0.405515,0.449114,0.796149][0.201078,0.583223,0][0.39138,0.688827,1.33531][0.405515,0.449114,0.796149][0.201078,0.583223,0][0.36212,0.87495,1.24523][0.32295,0.702906,0.633741][0.221916,0.627218,0][0,0.87495,1.30254][-0.111173,0.702985,0.702462][0.14256,0.674993,0][0,0.9629,-1.23284][-0.396493,0.727269,-0.560244][0.790376,0.990086,0][0.36212,0.89894,-1.05959][0.416937,0.757259,-0.502715][0.767538,0.883119,0][0.39138,0.550323,-1.17149][0.454321,0.306606,-0.836412][0.862636,0.849063,0][0.39138,0.550323,-1.17149][0.454321,0.306606,-0.836412][0.862636,0.849063,0][0,0.454688,-1.43002][-0.466529,0.31994,-0.824614][0.936218,0.957236,0][0,0.9629,-1.23284][-0.396493,0.727269,-0.560244][0.790376,0.990086,0][0.36212,0.89894,-1.05959][0.416937,0.757259,-0.502715][0.767538,0.883119,0][0.68871,0.87495,-0.861178][0.377458,0.778036,-0.502182][0.735264,0.793463,0][0.74448,0.612979,-0.991645][0.483139,0.470563,-0.738341][0.800043,0.771904,0][0.74448,0.612979,-0.991645][0.483139,0.470563,-0.738341][0.800043,0.771904,0][0.39138,0.550323,-1.17149][0.454321,0.306606,-0.836412][0.862636,0.849063,0][0.36212,0.89894,-1.05959][0.416937,0.757259,-0.502715][0.767538,0.883119,0][0.68871,0.87495,-0.861178][0.377458,0.778036,-0.502182][0.735264,0.793463,0][0.94798,0.87495,-0.557893][0.503023,0.702805,-0.503025][0.686524,0.711272,0][1.02465,0.66051,-0.613663][0.695544,0.403321,-0.594601][0.735311,0.679434,0][1.02465,0.66051,-0.613663][0.695544,0.403321,-0.594601][0.735311,0.679434,0][0.74448,0.612979,-0.991645][0.483139,0.470563,-0.738341][0.800043,0.771904,0][0.68871,0.87495,-0.861178][0.377458,0.778036,-0.502182][0.735264,0.793463,0][0.94798,0.87495,-0.557893][0.503023,0.702805,-0.503025][0.686524,0.711272,0][1.11441,0.87495,-0.231303][0.633737,0.702908,-0.322952][0.62582,0.641717,0][1.2045,0.688827,-0.260563][0.796073,0.449102,-0.405678][0.663925,0.596261,0][1.2045,0.688827,-0.260563][0.796073,0.449102,-0.405678][0.663925,0.596261,0][1.02465,0.66051,-0.613663][0.695544,0.403321,-0.594601][0.735311,0.679434,0][0.94798,0.87495,-0.557893][0.503023,0.702805,-0.503025][0.686524,0.711272,0][1.17172,0.87495,0.130817][0.702545,0.7029,0.111186][0.543756,0.593659,0][1.26654,0.688827,0.130817][0.476155,0.847258,-0.235437][0.562312,0.538357,0][1.2045,0.688827,-0.260563][0.796073,0.449102,-0.405678][0.663925,0.596261,0][1.2045,0.688827,-0.260563][0.796073,0.449102,-0.405678][0.663925,0.596261,0][1.11441,0.87495,-0.231303][0.633737,0.702908,-0.322952][0.62582,0.641717,0][1.17172,0.87495,0.130817][0.702545,0.7029,0.111186][0.543756,0.593659,0][1.46006,0.688827,0.522197][0.476155,0.847258,-0.235437][0.469521,0.507152,0][1.23563,0.22558,0.454452][0.898073,-0.412938,-0.151481][0.473096,0.39175,0][1.29921,0.482577,0.130817][0.898073,-0.412938,-0.151481][0.585626,0.47005,0][1.29921,0.482577,0.130817][0.898073,-0.412938,-0.151481][0.585626,0.47005,0][1.26654,0.688827,0.130817][0.476155,0.847258,-0.235437][0.562312,0.538357,0][1.46006,0.688827,0.522197][0.476155,0.847258,-0.235437][0.469521,0.507152,0][1.46006,0.688827,0.522197][0.476155,0.847258,-0.235437][0.469521,0.507152,0][1.20094,0.688827,0.875297][0.531102,0.802919,0.270649][0.393337,0.518959,0][1.13141,0.482577,0.894437][0.787892,-0.211954,0.578189][0.372027,0.478481,0][1.13141,0.482577,0.894437][0.787892,-0.211954,0.578189][0.372027,0.478481,0][1.23563,0.22558,0.454452][0.898073,-0.412938,-0.151481][0.473096,0.39175,0][1.46006,0.688827,0.522197][0.476155,0.847258,-0.235437][0.469521,0.507152,0][0.74448,0.688827,1.15547][0.631657,0.449464,0.631657][0.286044,0.551691,0][0.76362,0.482577,1.18186][0.608222,0.156062,0.778274][0.272126,0.507399,0][1.13141,0.482577,0.894437][0.787892,-0.211954,0.578189][0.372027,0.478481,0][1.13141,0.482577,0.894437][0.787892,-0.211954,0.578189][0.372027,0.478481,0][1.20094,0.688827,0.875297][0.531102,0.802919,0.270649][0.393337,0.518959,0][0.74448,0.688827,1.15547][0.631657,0.449464,0.631657][0.286044,0.551691,0][0.39138,0.688827,1.33531][0.405515,0.449114,0.796149][0.201078,0.583223,0][0.4015,0.482577,1.36645][0.44865,0.154864,0.880188][0.18286,0.537737,0][0.76362,0.482577,1.18186][0.608222,0.156062,0.778274][0.272126,0.507399,0][0.76362,0.482577,1.18186][0.608222,0.156062,0.778274][0.272126,0.507399,0][0.74448,0.688827,1.15547][0.631657,0.449464,0.631657][0.286044,0.551691,0][0.39138,0.688827,1.33531][0.405515,0.449114,0.796149][0.201078,0.583223,0][0,0.688827,1.39736][-0.139855,0.449475,0.882277][0.112808,0.627287,0][0,0.482577,1.43002][-0.154527,0.15457,0.975822][0.087978,0.577368,0][0.4015,0.482577,1.36645][0.44865,0.154864,0.880188][0.18286,0.537737,0][0.4015,0.482577,1.36645][0.44865,0.154864,0.880188][0.18286,0.537737,0][0.39138,0.688827,1.33531][0.405515,0.449114,0.796149][0.201078,0.583223,0][0,0.688827,1.39736][-0.139855,0.449475,0.882277][0.112808,0.627287,0][1.2045,0.688827,-0.260563][0.796073,0.449102,-0.405678][0.663925,0.596261,0][1.23563,0.482577,-0.270683][0.68074,0.138045,-0.7194][0.700187,0.549031,0][1.05105,0.595433,-0.423688][0.68074,0.138045,-0.7194][0.727877,0.624961,0][1.05105,0.595433,-0.423688][0.68074,0.138045,-0.7194][0.727877,0.624961,0][1.02465,0.66051,-0.613663][0.695544,0.403321,-0.594601][0.735311,0.679434,0][1.2045,0.688827,-0.260563][0.796073,0.449102,-0.405678][0.663925,0.596261,0][1.26654,0.688827,0.130817][0.476155,0.847258,-0.235437][0.562312,0.538357,0][1.29921,0.482577,0.130817][0.898073,-0.412938,-0.151481][0.585626,0.47005,0][1.23563,0.482577,-0.270683][0.68074,0.138045,-0.7194][0.700187,0.549031,0][1.23563,0.482577,-0.270683][0.68074,0.138045,-0.7194][0.700187,0.549031,0][1.2045,0.688827,-0.260563][0.796073,0.449102,-0.405678][0.663925,0.596261,0][1.26654,0.688827,0.130817][0.476155,0.847258,-0.235437][0.562312,0.538357,0][1.13141,0.482577,0.894437][0.787892,-0.211954,0.578189][0.372027,0.478481,0][1.05105,-0.624804,0.894437][0.779283,-0.0565507,0.624115][0.290251,0.246796,0][1.23563,-0.314964,0.692041][0.779283,-0.0565507,0.624115][0.36586,0.295653,0][1.23563,-0.314964,0.692041][0.779283,-0.0565507,0.624115][0.36586,0.295653,0][1.23563,0.22558,0.454452][0.898073,-0.412938,-0.151481][0.473096,0.39175,0][1.13141,0.482577,0.894437][0.787892,-0.211954,0.578189][0.372027,0.478481,0][0.76362,0.482577,1.18186][0.608222,0.156062,0.778274][0.272126,0.507399,0][0.76362,-0.973665,1.18186][0.707104,0,0.707109][0.180633,0.209908,0][1.05105,-0.624804,0.894437][0.779283,-0.0565507,0.624115][0.290251,0.246796,0][1.05105,-0.624804,0.894437][0.779283,-0.0565507,0.624115][0.290251,0.246796,0][1.13141,0.482577,0.894437][0.787892,-0.211954,0.578189][0.372027,0.478481,0][0.76362,0.482577,1.18186][0.608222,0.156062,0.778274][0.272126,0.507399,0][0.4015,0.482577,1.36645][0.44865,0.154864,0.880188][0.18286,0.537737,0][0.4015,-1.1699,1.36645][0.454129,0,0.890936][0.088462,0.1938,0][0.76362,-0.973665,1.18186][0.707104,0,0.707109][0.180633,0.209908,0][0.76362,-0.973665,1.18186][0.707104,0,0.707109][0.180633,0.209908,0][0.76362,0.482577,1.18186][0.608222,0.156062,0.778274][0.272126,0.507399,0][0.4015,0.482577,1.36645][0.44865,0.154864,0.880188][0.18286,0.537737,0][0,0.482577,1.43002][-0.154527,0.15457,0.975822][0.087978,0.577368,0][0,-1.24154,1.43002][-0.156407,0,0.987693][0.006021,0.177683,0][0.4015,-1.1699,1.36645][0.454129,0,0.890936][0.088462,0.1938,0][0.4015,-1.1699,1.36645][0.454129,0,0.890936][0.088462,0.1938,0][0.4015,0.482577,1.36645][0.44865,0.154864,0.880188][0.18286,0.537737,0][0,0.482577,1.43002][-0.154527,0.15457,0.975822][0.087978,0.577368,0][1.23563,0.482577,-0.270683][0.68074,0.138045,-0.7194][0.700187,0.549031,0][1.29921,0.482577,0.130817][0.898073,-0.412938,-0.151481][0.585626,0.47005,0][1.22839,-0.958399,-0.00333093][0.987123,-0.033962,-0.156317][0.877645,0.194525,0][1.22839,-0.958399,-0.00333093][0.987123,-0.033962,-0.156317][0.877645,0.194525,0][1.21601,-1.36997,-0.114874][0.998382,-0.0151819,-0.0547909][0.96927,0.127556,0][1.23563,0.482577,-0.270683][0.68074,0.138045,-0.7194][0.700187,0.549031,0][0,1.03551,0.127856][0,-1,0][0.590342,0.342608,0][0.5743,1.03551,0.127856][0,-1,0][0.590036,0.27418,0][0.5461,1.03551,0.305356][0,-1,0][0.60446,0.277015,0][0,1.03551,0.127856][0,-1,0][0.590342,0.342608,0][0.5461,1.03551,0.305356][0,-1,0][0.60446,0.277015,0][0.4646,1.03551,0.465356][0,-1,0][0.617776,0.285153,0][0,1.03551,0.127856][0,-1,0][0.590342,0.342608,0][0.4646,1.03551,0.465356][0,-1,0][0.617776,0.285153,0][0.3375,1.03551,0.592456][0,-1,0][0.629327,0.298072,0][0,1.03551,0.127856][0,-1,0][0.590342,0.342608,0][0.3375,1.03551,0.592456][0,-1,0][0.629327,0.298072,0][0.1775,1.03551,0.673956][0,-1,0][0.638351,0.315273,0][0,1.03551,0.127856][0,-1,0][0.590342,0.342608,0][0.1775,1.03551,0.673956][0,-1,0][0.638351,0.315273,0][0,1.03551,0.702156][0,-1,0][0.64372,0.336729,0][0,1.03551,0.127856][0,-1,0][0.590342,0.342608,0][0,1.03551,-0.446444][0,-1,0][0.536792,0.338839,0][0.1775,1.03551,-0.418244][0,-1,0][0.541306,0.316828,0][0,1.03551,0.127856][0,-1,0][0.590342,0.342608,0][0.1775,1.03551,-0.418244][0,-1,0][0.541306,0.316828,0][0.3375,1.03551,-0.336744][0,-1,0][0.549954,0.298634,0][0,1.03551,0.127856][0,-1,0][0.590342,0.342608,0][0.3375,1.03551,-0.336744][0,-1,0][0.549954,0.298634,0][0.4646,1.03551,-0.209644][0,-1,0][0.561705,0.284991,0][0,1.03551,0.127856][0,-1,0][0.590342,0.342608,0][0.4646,1.03551,-0.209644][0,-1,0][0.561705,0.284991,0][0.5461,1.03551,-0.049644][0,-1,0][0.575437,0.276709,0][0,1.03551,0.127856][0,-1,0][0.590342,0.342608,0][0.5461,1.03551,-0.049644][0,-1,0][0.575437,0.276709,0][0.5743,1.03551,0.127856][0,-1,0][0.590036,0.27418,0][0.7618,1.00581,0.127856][-0.156341,-0.987392,-0.0247728][0.590302,0.25346,0][0.7245,1.00581,0.363256][-0.156341,-0.987392,-0.0247728][0.608576,0.257451,0][0.5461,1.03551,0.305356][0,-1,0][0.60446,0.277015,0][0.5461,1.03551,0.305356][0,-1,0][0.60446,0.277015,0][0.5743,1.03551,0.127856][0,-1,0][0.590036,0.27418,0][0.7618,1.00581,0.127856][-0.156341,-0.987392,-0.0247728][0.590302,0.25346,0][0.7245,1.00581,0.363256][-0.156341,-0.987392,-0.0247728][0.608576,0.257451,0][0.6163,1.00581,0.575656][-0.141064,-0.987389,-0.07186][0.625487,0.267426,0][0.4646,1.03551,0.465356][0,-1,0][0.617776,0.285153,0][0.4646,1.03551,0.465356][0,-1,0][0.617776,0.285153,0][0.5461,1.03551,0.305356][0,-1,0][0.60446,0.277015,0][0.7245,1.00581,0.363256][-0.156341,-0.987392,-0.0247728][0.608576,0.257451,0][0.6163,1.00581,0.575656][-0.141064,-0.987389,-0.07186][0.625487,0.267426,0][0.4478,1.00581,0.744156][-0.11193,-0.987392,-0.11193][0.640421,0.282964,0][0.3375,1.03551,0.592456][0,-1,0][0.629327,0.298072,0][0.3375,1.03551,0.592456][0,-1,0][0.629327,0.298072,0][0.4646,1.03551,0.465356][0,-1,0][0.617776,0.285153,0][0.6163,1.00581,0.575656][-0.141064,-0.987389,-0.07186][0.625487,0.267426,0][0.4478,1.00581,0.744156][-0.11193,-0.987392,-0.11193][0.640421,0.282964,0][0.2354,1.00581,0.852356][-0.0718578,-0.98739,-0.141059][0.652829,0.304306,0][0.1775,1.03551,0.673956][0,-1,0][0.638351,0.315273,0][0.1775,1.03551,0.673956][0,-1,0][0.638351,0.315273,0][0.3375,1.03551,0.592456][0,-1,0][0.629327,0.298072,0][0.4478,1.00581,0.744156][-0.11193,-0.987392,-0.11193][0.640421,0.282964,0][0.2354,1.00581,0.852356][-0.0718578,-0.98739,-0.141059][0.652829,0.304306,0][0,1.00581,0.889656][0.0247824,-0.987383,-0.156402][0.661619,0.331062,0][0,1.03551,0.702156][0,-1,0][0.64372,0.336729,0][0,1.03551,0.702156][0,-1,0][0.64372,0.336729,0][0.1775,1.03551,0.673956][0,-1,0][0.638351,0.315273,0][0.2354,1.00581,0.852356][-0.0718578,-0.98739,-0.141059][0.652829,0.304306,0][0,1.00581,-0.633944][0.0247728,-0.987392,0.156341][0.518715,0.335115,0][0.2354,1.00581,-0.596644][-0.0247728,-0.987392,0.156341][0.525933,0.306747,0][0.1775,1.03551,-0.418244][0,-1,0][0.541306,0.316828,0][0.1775,1.03551,-0.418244][0,-1,0][0.541306,0.316828,0][0,1.03551,-0.446444][0,-1,0][0.536792,0.338839,0][0,1.00581,-0.633944][0.0247728,-0.987392,0.156341][0.518715,0.335115,0][0.2354,1.00581,-0.596644][-0.0247728,-0.987392,0.156341][0.525933,0.306747,0][0.4478,1.00581,-0.488444][-0.07186,-0.987389,0.141063][0.537909,0.283455,0][0.3375,1.03551,-0.336744][0,-1,0][0.549954,0.298634,0][0.3375,1.03551,-0.336744][0,-1,0][0.549954,0.298634,0][0.1775,1.03551,-0.418244][0,-1,0][0.541306,0.316828,0][0.2354,1.00581,-0.596644][-0.0247728,-0.987392,0.156341][0.525933,0.306747,0][0.4478,1.00581,-0.488444][-0.07186,-0.987389,0.141063][0.537909,0.283455,0][0.6163,1.00581,-0.319944][-0.11193,-0.987392,0.11193][0.553487,0.266439,0][0.4646,1.03551,-0.209644][0,-1,0][0.561705,0.284991,0][0.4646,1.03551,-0.209644][0,-1,0][0.561705,0.284991,0][0.3375,1.03551,-0.336744][0,-1,0][0.549954,0.298634,0][0.4478,1.00581,-0.488444][-0.07186,-0.987389,0.141063][0.537909,0.283455,0][0.6163,1.00581,-0.319944][-0.11193,-0.987392,0.11193][0.553487,0.266439,0][0.7245,1.00581,-0.107544][-0.141059,-0.98739,0.0718578][0.571448,0.256366,0][0.5461,1.03551,-0.049644][0,-1,0][0.575437,0.276709,0][0.5461,1.03551,-0.049644][0,-1,0][0.575437,0.276709,0][0.4646,1.03551,-0.209644][0,-1,0][0.561705,0.284991,0][0.6163,1.00581,-0.319944][-0.11193,-0.987392,0.11193][0.553487,0.266439,0][0.7245,1.00581,-0.107544][-0.141059,-0.98739,0.0718578][0.571448,0.256366,0][0.7618,1.00581,0.127856][-0.156341,-0.987392,-0.0247728][0.590302,0.25346,0][0.5743,1.03551,0.127856][0,-1,0][0.590036,0.27418,0][0.5743,1.03551,0.127856][0,-1,0][0.590036,0.27418,0][0.5461,1.03551,-0.049644][0,-1,0][0.575437,0.276709,0][0.7245,1.00581,-0.107544][-0.141059,-0.98739,0.0718578][0.571448,0.256366,0][0.9309,0.91961,0.127856][-0.452837,-0.888713,-0.0716165][0.59075,0.233308,0][0.8854,0.91961,0.415556][-0.452837,-0.888713,-0.0716165][0.612682,0.238386,0][0.7245,1.00581,0.363256][-0.156341,-0.987392,-0.0247728][0.608576,0.257451,0][0.7245,1.00581,0.363256][-0.156341,-0.987392,-0.0247728][0.608576,0.257451,0][0.7618,1.00581,0.127856][-0.156341,-0.987392,-0.0247728][0.590302,0.25346,0][0.9309,0.91961,0.127856][-0.452837,-0.888713,-0.0716165][0.59075,0.233308,0][0.8854,0.91961,0.415556][-0.452837,-0.888713,-0.0716165][0.612682,0.238386,0][0.7532,0.91961,0.675056][-0.408491,-0.888723,-0.208102][0.632685,0.250294,0][0.6163,1.00581,0.575656][-0.141064,-0.987389,-0.07186][0.625487,0.267426,0][0.6163,1.00581,0.575656][-0.141064,-0.987389,-0.07186][0.625487,0.267426,0][0.7245,1.00581,0.363256][-0.156341,-0.987392,-0.0247728][0.608576,0.257451,0][0.8854,0.91961,0.415556][-0.452837,-0.888713,-0.0716165][0.612682,0.238386,0][0.7532,0.91961,0.675056][-0.408491,-0.888723,-0.208102][0.632685,0.250294,0][0.5472,0.91961,0.881056][-0.324192,-0.888707,-0.324192][0.650634,0.268222,0][0.4478,1.00581,0.744156][-0.11193,-0.987392,-0.11193][0.640421,0.282964,0][0.4478,1.00581,0.744156][-0.11193,-0.987392,-0.11193][0.640421,0.282964,0][0.6163,1.00581,0.575656][-0.141064,-0.987389,-0.07186][0.625487,0.267426,0][0.7532,0.91961,0.675056][-0.408491,-0.888723,-0.208102][0.632685,0.250294,0][0.5472,0.91961,0.881056][-0.324192,-0.888707,-0.324192][0.650634,0.268222,0][0.2877,0.91961,1.01326][-0.208098,-0.888728,-0.408482][0.666201,0.291982,0][0.2354,1.00581,0.852356][-0.0718578,-0.98739,-0.141059][0.652829,0.304306,0][0.2354,1.00581,0.852356][-0.0718578,-0.98739,-0.141059][0.652829,0.304306,0][0.4478,1.00581,0.744156][-0.11193,-0.987392,-0.11193][0.640421,0.282964,0][0.5472,0.91961,0.881056][-0.324192,-0.888707,-0.324192][0.650634,0.268222,0][0.2877,0.91961,1.01326][-0.208098,-0.888728,-0.408482][0.666201,0.291982,0][0,0.91961,1.05876][0.0716404,-0.888634,-0.452987][0.678976,0.323286,0][0,1.00581,0.889656][0.0247824,-0.987383,-0.156402][0.661619,0.331062,0][0,1.00581,0.889656][0.0247824,-0.987383,-0.156402][0.661619,0.331062,0][0.2354,1.00581,0.852356][-0.0718578,-0.98739,-0.141059][0.652829,0.304306,0][0.2877,0.91961,1.01326][-0.208098,-0.888728,-0.408482][0.666201,0.291982,0][0,0.91961,-0.803144][0.071767,-0.888723,0.452793][0.501027,0.329561,0][0.2877,0.91961,-0.757544][-0.071767,-0.888723,0.452793][0.511089,0.295754,0][0.2354,1.00581,-0.596644][-0.0247728,-0.987392,0.156341][0.525933,0.306747,0][0.2354,1.00581,-0.596644][-0.0247728,-0.987392,0.156341][0.525933,0.306747,0][0,1.00581,-0.633944][0.0247728,-0.987392,0.156341][0.518715,0.335115,0][0,0.91961,-0.803144][0.071767,-0.888723,0.452793][0.501027,0.329561,0][0.2877,0.91961,-0.757544][-0.071767,-0.888723,0.452793][0.511089,0.295754,0][0.5472,0.91961,-0.625344][-0.208102,-0.888723,0.408491][0.526233,0.26812,0][0.4478,1.00581,-0.488444][-0.07186,-0.987389,0.141063][0.537909,0.283455,0][0.4478,1.00581,-0.488444][-0.07186,-0.987389,0.141063][0.537909,0.283455,0][0.2354,1.00581,-0.596644][-0.0247728,-0.987392,0.156341][0.525933,0.306747,0][0.2877,0.91961,-0.757544][-0.071767,-0.888723,0.452793][0.511089,0.295754,0][0.5472,0.91961,-0.625344][-0.208102,-0.888723,0.408491][0.526233,0.26812,0][0.7532,0.91961,-0.419344][-0.324192,-0.888707,0.324192][0.545683,0.247782,0][0.6163,1.00581,-0.319944][-0.11193,-0.987392,0.11193][0.553487,0.266439,0][0.6163,1.00581,-0.319944][-0.11193,-0.987392,0.11193][0.553487,0.266439,0][0.4478,1.00581,-0.488444][-0.07186,-0.987389,0.141063][0.537909,0.283455,0][0.5472,0.91961,-0.625344][-0.208102,-0.888723,0.408491][0.526233,0.26812,0][0.7532,0.91961,-0.419344][-0.324192,-0.888707,0.324192][0.545683,0.247782,0][0.8854,0.91961,-0.159844][-0.408482,-0.888728,0.208098][0.567883,0.2361,0][0.7245,1.00581,-0.107544][-0.141059,-0.98739,0.0718578][0.571448,0.256366,0][0.7245,1.00581,-0.107544][-0.141059,-0.98739,0.0718578][0.571448,0.256366,0][0.6163,1.00581,-0.319944][-0.11193,-0.987392,0.11193][0.553487,0.266439,0][0.7532,0.91961,-0.419344][-0.324192,-0.888707,0.324192][0.545683,0.247782,0][0.8854,0.91961,-0.159844][-0.408482,-0.888728,0.208098][0.567883,0.2361,0][0.9309,0.91961,0.127856][-0.452837,-0.888713,-0.0716165][0.59075,0.233308,0][0.7618,1.00581,0.127856][-0.156341,-0.987392,-0.0247728][0.590302,0.25346,0][0.7618,1.00581,0.127856][-0.156341,-0.987392,-0.0247728][0.590302,0.25346,0][0.7245,1.00581,-0.107544][-0.141059,-0.98739,0.0718578][0.571448,0.256366,0][0.8854,0.91961,-0.159844][-0.408482,-0.888728,0.208098][0.567883,0.2361,0][1.0652,0.78541,0.127856][-0.702545,-0.7029,-0.111186][0.591482,0.212783,0][1.0131,0.78541,0.457056][-0.702545,-0.7029,-0.111186][0.616964,0.219656,0][0.8854,0.91961,0.415556][-0.452837,-0.888713,-0.0716165][0.612682,0.238386,0][0.8854,0.91961,0.415556][-0.452837,-0.888713,-0.0716165][0.612682,0.238386,0][0.9309,0.91961,0.127856][-0.452837,-0.888713,-0.0716165][0.59075,0.233308,0][1.0652,0.78541,0.127856][-0.702545,-0.7029,-0.111186][0.591482,0.212783,0][1.0131,0.78541,0.457056][-0.702545,-0.7029,-0.111186][0.616964,0.219656,0][0.8618,0.78541,0.753956][-0.633822,-0.702812,-0.322995][0.639698,0.233431,0][0.7532,0.91961,0.675056][-0.408491,-0.888723,-0.208102][0.632685,0.250294,0][0.7532,0.91961,0.675056][-0.408491,-0.888723,-0.208102][0.632685,0.250294,0][0.8854,0.91961,0.415556][-0.452837,-0.888713,-0.0716165][0.612682,0.238386,0][1.0131,0.78541,0.457056][-0.702545,-0.7029,-0.111186][0.616964,0.219656,0][0.8618,0.78541,0.753956][-0.633822,-0.702812,-0.322995][0.639698,0.233431,0][0.6261,0.78541,0.989656][-0.503022,-0.702807,-0.503022][0.660213,0.253094,0][0.5472,0.91961,0.881056][-0.324192,-0.888707,-0.324192][0.650634,0.268222,0][0.5472,0.91961,0.881056][-0.324192,-0.888707,-0.324192][0.650634,0.268222,0][0.7532,0.91961,0.675056][-0.408491,-0.888723,-0.208102][0.632685,0.250294,0][0.8618,0.78541,0.753956][-0.633822,-0.702812,-0.322995][0.639698,0.233431,0][0.6261,0.78541,0.989656][-0.503022,-0.702807,-0.503022][0.660213,0.253094,0][0.3292,0.78541,1.14095][-0.32295,-0.702908,-0.633738][0.67864,0.278844,0][0.2877,0.91961,1.01326][-0.208098,-0.888728,-0.408482][0.666201,0.291982,0][0.2877,0.91961,1.01326][-0.208098,-0.888728,-0.408482][0.666201,0.291982,0][0.5472,0.91961,0.881056][-0.324192,-0.888707,-0.324192][0.650634,0.268222,0][0.6261,0.78541,0.989656][-0.503022,-0.702807,-0.503022][0.660213,0.253094,0][0.3292,0.78541,1.14095][-0.32295,-0.702908,-0.633738][0.67864,0.278844,0][0,0.78541,1.19306][0.111174,-0.702983,-0.702464][0.69565,0.312707,0][0,0.91961,1.05876][0.0716404,-0.888634,-0.452987][0.678976,0.323286,0][0,0.91961,1.05876][0.0716404,-0.888634,-0.452987][0.678976,0.323286,0][0.2877,0.91961,1.01326][-0.208098,-0.888728,-0.408482][0.666201,0.291982,0][0.3292,0.78541,1.14095][-0.32295,-0.702908,-0.633738][0.67864,0.278844,0][0,0.91961,-0.803144][0.071767,-0.888723,0.452793][0.501027,0.329561,0][0,0.78541,-0.977355][0.0961337,-0.788533,0.607432][0.480994,0.321232,0][0.3292,0.78541,-0.925255][-0.0961337,-0.788533,0.607432][0.493854,0.283684,0][0.3292,0.78541,-0.925255][-0.0961337,-0.788533,0.607432][0.493854,0.283684,0][0.2877,0.91961,-0.757544][-0.071767,-0.888723,0.452793][0.511089,0.295754,0][0,0.91961,-0.803144][0.071767,-0.888723,0.452793][0.501027,0.329561,0][0.2877,0.91961,-0.757544][-0.071767,-0.888723,0.452793][0.511089,0.295754,0][0.3292,0.78541,-0.925255][-0.0961337,-0.788533,0.607432][0.493854,0.283684,0][0.6261,0.78541,-0.773957][-0.2831,-0.781811,0.555542][0.511781,0.252375,0][0.6261,0.78541,-0.773957][-0.2831,-0.781811,0.555542][0.511781,0.252375,0][0.5472,0.91961,-0.625344][-0.208102,-0.888723,0.408491][0.526233,0.26812,0][0.2877,0.91961,-0.757544][-0.071767,-0.888723,0.452793][0.511089,0.295754,0][0.5472,0.91961,-0.625344][-0.208102,-0.888723,0.408491][0.526233,0.26812,0][0.6261,0.78541,-0.773957][-0.2831,-0.781811,0.555542][0.511781,0.252375,0][0.8618,0.78541,-0.498244][-0.494719,-0.759203,0.422923][0.537815,0.228554,0][0.8618,0.78541,-0.498244][-0.494719,-0.759203,0.422923][0.537815,0.228554,0][0.7532,0.91961,-0.419344][-0.324192,-0.888707,0.324192][0.545683,0.247782,0][0.5472,0.91961,-0.625344][-0.208102,-0.888723,0.408491][0.526233,0.26812,0][0.8618,0.78541,-0.498244][-0.494719,-0.759203,0.422923][0.537815,0.228554,0][1.0131,0.78541,-0.201344][-0.633735,-0.70291,0.322951][0.564421,0.215426,0][0.8854,0.91961,-0.159844][-0.408482,-0.888728,0.208098][0.567883,0.2361,0][0.8854,0.91961,-0.159844][-0.408482,-0.888728,0.208098][0.567883,0.2361,0][0.7532,0.91961,-0.419344][-0.324192,-0.888707,0.324192][0.545683,0.247782,0][0.8618,0.78541,-0.498244][-0.494719,-0.759203,0.422923][0.537815,0.228554,0][1.0131,0.78541,-0.201344][-0.633735,-0.70291,0.322951][0.564421,0.215426,0][1.0652,0.78541,0.127856][-0.702545,-0.7029,-0.111186][0.591482,0.212783,0][0.9309,0.91961,0.127856][-0.452837,-0.888713,-0.0716165][0.59075,0.233308,0][0.9309,0.91961,0.127856][-0.452837,-0.888713,-0.0716165][0.59075,0.233308,0][0.8854,0.91961,-0.159844][-0.408482,-0.888728,0.208098][0.567883,0.2361,0][1.0131,0.78541,-0.201344][-0.633735,-0.70291,0.322951][0.564421,0.215426,0][1.1514,0.61621,0.127856][-0.882447,-0.449133,-0.139882][0.592745,0.191586,0][1.095,0.61621,0.483656][-0.882447,-0.449133,-0.139882][0.621588,0.200234,0][1.0131,0.78541,0.457056][-0.702545,-0.7029,-0.111186][0.616964,0.219656,0][1.0131,0.78541,0.457056][-0.702545,-0.7029,-0.111186][0.616964,0.219656,0][1.0652,0.78541,0.127856][-0.702545,-0.7029,-0.111186][0.591482,0.212783,0][1.1514,0.61621,0.127856][-0.882447,-0.449133,-0.139882][0.592745,0.191586,0][1.095,0.61621,0.483656][-0.882447,-0.449133,-0.139882][0.621588,0.200234,0][0.9315,0.61621,0.804656][-0.79602,-0.449402,-0.40545][0.646792,0.216385,0][0.8618,0.78541,0.753956][-0.633822,-0.702812,-0.322995][0.639698,0.233431,0][0.8618,0.78541,0.753956][-0.633822,-0.702812,-0.322995][0.639698,0.233431,0][1.0131,0.78541,0.457056][-0.702545,-0.7029,-0.111186][0.616964,0.219656,0][1.095,0.61621,0.483656][-0.882447,-0.449133,-0.139882][0.621588,0.200234,0][0.9315,0.61621,0.804656][-0.79602,-0.449402,-0.40545][0.646792,0.216385,0][0.6768,0.61621,1.05936][-0.631654,-0.449475,-0.631654][0.669425,0.237714,0][0.6261,0.78541,0.989656][-0.503022,-0.702807,-0.503022][0.660213,0.253094,0][0.6261,0.78541,0.989656][-0.503022,-0.702807,-0.503022][0.660213,0.253094,0][0.8618,0.78541,0.753956][-0.633822,-0.702812,-0.322995][0.639698,0.233431,0][0.9315,0.61621,0.804656][-0.79602,-0.449402,-0.40545][0.646792,0.216385,0][0.6768,0.61621,1.05936][-0.631654,-0.449475,-0.631654][0.669425,0.237714,0][0.3558,0.61621,1.22285][-0.405512,-0.44912,-0.796148][0.690594,0.264791,0][0.3292,0.78541,1.14095][-0.32295,-0.702908,-0.633738][0.67864,0.278844,0][0.3292,0.78541,1.14095][-0.32295,-0.702908,-0.633738][0.67864,0.278844,0][0.6261,0.78541,0.989656][-0.503022,-0.702807,-0.503022][0.660213,0.253094,0][0.6768,0.61621,1.05936][-0.631654,-0.449475,-0.631654][0.669425,0.237714,0][0.3558,0.61621,1.22285][-0.405512,-0.44912,-0.796148][0.690594,0.264791,0][0,0.61621,1.27926][0.139855,-0.44948,-0.882274][0.710918,0.29881,0][0,0.78541,1.19306][0.111174,-0.702983,-0.702464][0.69565,0.312707,0][0,0.78541,1.19306][0.111174,-0.702983,-0.702464][0.69565,0.312707,0][0.3292,0.78541,1.14095][-0.32295,-0.702908,-0.633738][0.67864,0.278844,0][0.3558,0.61621,1.22285][-0.405512,-0.44912,-0.796148][0.690594,0.264791,0][0,0.78541,-0.977355][0.0961337,-0.788533,0.607432][0.480994,0.321232,0][0,0.403357,-1.11247][0.0678205,-0.33264,0.940612][0.446286,0.300744,0][0.3558,0.490298,-1.05606][-0.0678205,-0.33264,0.940612][0.468109,0.264092,0][0.3558,0.490298,-1.05606][-0.0678205,-0.33264,0.940612][0.468109,0.264092,0][0.3292,0.78541,-0.925255][-0.0961337,-0.788533,0.607432][0.493854,0.283684,0][0,0.78541,-0.977355][0.0961337,-0.788533,0.607432][0.480994,0.321232,0][0.3292,0.78541,-0.925255][-0.0961337,-0.788533,0.607432][0.493854,0.283684,0][0.3558,0.490298,-1.05606][-0.0678205,-0.33264,0.940612][0.468109,0.264092,0][0.6768,0.547258,-0.892565][-0.356807,-0.40525,0.841701][0.492738,0.231025,0][0.6768,0.547258,-0.892565][-0.356807,-0.40525,0.841701][0.492738,0.231025,0][0.6261,0.78541,-0.773957][-0.2831,-0.781811,0.555542][0.511781,0.252375,0][0.3292,0.78541,-0.925255][-0.0961337,-0.788533,0.607432][0.493854,0.283684,0][0.6261,0.78541,-0.773957][-0.2831,-0.781811,0.555542][0.511781,0.252375,0][0.6768,0.547258,-0.892565][-0.356807,-0.40525,0.841701][0.492738,0.231025,0][0.9315,0.587894,-0.548944][-0.699165,-0.432413,0.569374][0.528634,0.204787,0][0.9315,0.587894,-0.548944][-0.699165,-0.432413,0.569374][0.528634,0.204787,0][0.8618,0.78541,-0.498244][-0.494719,-0.759203,0.422923][0.537815,0.228554,0][0.6261,0.78541,-0.773957][-0.2831,-0.781811,0.555542][0.511781,0.252375,0][0.8618,0.78541,-0.498244][-0.494719,-0.759203,0.422923][0.537815,0.228554,0][0.9315,0.587894,-0.548944][-0.699165,-0.432413,0.569374][0.528634,0.204787,0][1.095,0.61621,-0.227944][-0.803048,-0.397372,0.444082][0.561113,0.192907,0][1.095,0.61621,-0.227944][-0.803048,-0.397372,0.444082][0.561113,0.192907,0][1.0131,0.78541,-0.201344][-0.633735,-0.70291,0.322951][0.564421,0.215426,0][0.8618,0.78541,-0.498244][-0.494719,-0.759203,0.422923][0.537815,0.228554,0][1.095,0.61621,-0.227944][-0.803048,-0.397372,0.444082][0.561113,0.192907,0][1.1514,0.61621,0.127856][-0.882447,-0.449133,-0.139882][0.592745,0.191586,0][1.0652,0.78541,0.127856][-0.702545,-0.7029,-0.111186][0.591482,0.212783,0][1.0652,0.78541,0.127856][-0.702545,-0.7029,-0.111186][0.591482,0.212783,0][1.0131,0.78541,-0.201344][-0.633735,-0.70291,0.322951][0.564421,0.215426,0][1.095,0.61621,-0.227944][-0.803048,-0.397372,0.444082][0.561113,0.192907,0][1.1811,0.42871,0.127856][-0.975303,-0.0336155,-0.218299][0.594542,0.16775,0][1.1233,0.195076,0.422069][-0.975303,-0.0336155,-0.218299][0.629682,0.150253,0][1.095,0.61621,0.483656][-0.882447,-0.449133,-0.139882][0.621588,0.200234,0][1.095,0.61621,0.483656][-0.882447,-0.449133,-0.139882][0.621588,0.200234,0][1.1514,0.61621,0.127856][-0.882447,-0.449133,-0.139882][0.592745,0.191586,0][1.1811,0.42871,0.127856][-0.975303,-0.0336155,-0.218299][0.594542,0.16775,0][1.095,0.61621,0.483656][-0.882447,-0.449133,-0.139882][0.621588,0.200234,0][1.1233,0.195076,0.422069][-0.975303,-0.0336155,-0.218299][0.629682,0.150253,0][0.9555,0.42871,0.822056][-0.923352,-0.00590546,-0.383909][0.654043,0.198631,0][0.9555,0.42871,0.822056][-0.923352,-0.00590546,-0.383909][0.654043,0.198631,0][0.9315,0.61621,0.804656][-0.79602,-0.449402,-0.40545][0.646792,0.216385,0][1.095,0.61621,0.483656][-0.882447,-0.449133,-0.139882][0.621588,0.200234,0][0.9555,0.42871,0.822056][-0.923352,-0.00590546,-0.383909][0.654043,0.198631,0][0.6942,0.42871,1.08336][-0.698643,-0.15426,-0.698643][0.678833,0.221476,0][0.6768,0.61621,1.05936][-0.631654,-0.449475,-0.631654][0.669425,0.237714,0][0.6768,0.61621,1.05936][-0.631654,-0.449475,-0.631654][0.669425,0.237714,0][0.9315,0.61621,0.804656][-0.79602,-0.449402,-0.40545][0.646792,0.216385,0][0.9555,0.42871,0.822056][-0.923352,-0.00590546,-0.383909][0.654043,0.198631,0][0.6942,0.42871,1.08336][-0.698643,-0.15426,-0.698643][0.678833,0.221476,0][0.365,0.42871,1.25116][-0.448648,-0.154864,-0.880189][0.701964,0.249363,0][0.3558,0.61621,1.22285][-0.405512,-0.44912,-0.796148][0.690594,0.264791,0][0.3558,0.61621,1.22285][-0.405512,-0.44912,-0.796148][0.690594,0.264791,0][0.6768,0.61621,1.05936][-0.631654,-0.449475,-0.631654][0.669425,0.237714,0][0.6942,0.42871,1.08336][-0.698643,-0.15426,-0.698643][0.678833,0.221476,0][0.365,0.42871,1.25116][-0.448648,-0.154864,-0.880189][0.701964,0.249363,0][0,0.42871,1.30896][0.154528,-0.15457,-0.975822][0.725037,0.28301,0][0,0.61621,1.27926][0.139855,-0.44948,-0.882274][0.710918,0.29881,0][0,0.61621,1.27926][0.139855,-0.44948,-0.882274][0.710918,0.29881,0][0.3558,0.61621,1.22285][-0.405512,-0.44912,-0.796148][0.690594,0.264791,0][0.365,0.42871,1.25116][-0.448648,-0.154864,-0.880189][0.701964,0.249363,0][0.9555,0.531307,-0.37624][-0.680742,-0.138045,0.719398][0.541036,0.188274,0][1.1233,0.42871,-0.237144][-0.680742,-0.138045,0.719398][0.559314,0.169101,0][1.095,0.61621,-0.227944][-0.803048,-0.397372,0.444082][0.561113,0.192907,0][1.095,0.61621,-0.227944][-0.803048,-0.397372,0.444082][0.561113,0.192907,0][0.9315,0.587894,-0.548944][-0.699165,-0.432413,0.569374][0.528634,0.204787,0][0.9555,0.531307,-0.37624][-0.680742,-0.138045,0.719398][0.541036,0.188274,0][1.1233,0.42871,-0.237144][-0.680742,-0.138045,0.719398][0.559314,0.169101,0][1.1811,0.42871,0.127856][-0.975303,-0.0336155,-0.218299][0.594542,0.16775,0][1.1514,0.61621,0.127856][-0.882447,-0.449133,-0.139882][0.592745,0.191586,0][1.1514,0.61621,0.127856][-0.882447,-0.449133,-0.139882][0.592745,0.191586,0][1.095,0.61621,-0.227944][-0.803048,-0.397372,0.444082][0.561113,0.192907,0][1.1233,0.42871,-0.237144][-0.680742,-0.138045,0.719398][0.559314,0.169101,0][1.1233,-0.296327,0.638059][-0.73888,0,-0.673837][0.670984,0.109789,0][0.9555,-0.578,0.822056][-0.73888,0,-0.673837][0.704444,0.098729,0][0.9555,0.42871,0.822056][-0.923352,-0.00590546,-0.383909][0.654043,0.198631,0][0.9555,0.42871,0.822056][-0.923352,-0.00590546,-0.383909][0.654043,0.198631,0][1.1233,0.195076,0.422069][-0.975303,-0.0336155,-0.218299][0.629682,0.150253,0][1.1233,-0.296327,0.638059][-0.73888,0,-0.673837][0.670984,0.109789,0][0.9555,-0.578,0.822056][-0.73888,0,-0.673837][0.704444,0.098729,0][0.6942,-0.895146,1.08336][-0.707107,0,-0.707107][0.749423,0.095415,0][0.6942,0.42871,1.08336][-0.698643,-0.15426,-0.698643][0.678833,0.221476,0][0.6942,0.42871,1.08336][-0.698643,-0.15426,-0.698643][0.678833,0.221476,0][0.9555,0.42871,0.822056][-0.923352,-0.00590546,-0.383909][0.654043,0.198631,0][0.9555,-0.578,0.822056][-0.73888,0,-0.673837][0.704444,0.098729,0][0.6942,-0.895146,1.08336][-0.707107,0,-0.707107][0.749423,0.095415,0][0.365,-1.07354,1.25116][-0.454126,0,-0.890937][0.786325,0.107149,0][0.365,0.42871,1.25116][-0.448648,-0.154864,-0.880189][0.701964,0.249363,0][0.365,0.42871,1.25116][-0.448648,-0.154864,-0.880189][0.701964,0.249363,0][0.6942,0.42871,1.08336][-0.698643,-0.15426,-0.698643][0.678833,0.221476,0][0.6942,-0.895146,1.08336][-0.707107,0,-0.707107][0.749423,0.095415,0][0.365,-1.07354,1.25116][-0.454126,0,-0.890937][0.786325,0.107149,0][0,-1.13867,1.30896][0.156407,0,-0.987693][0.816473,0.130268,0][0,0.42871,1.30896][0.154528,-0.15457,-0.975822][0.725037,0.28301,0][0,0.42871,1.30896][0.154528,-0.15457,-0.975822][0.725037,0.28301,0][0.365,0.42871,1.25116][-0.448648,-0.154864,-0.880189][0.701964,0.249363,0][0.365,-1.07354,1.25116][-0.454126,0,-0.890937][0.786325,0.107149,0][1.1233,0.42871,-0.237144][-0.680742,-0.138045,0.719398][0.559314,0.169101,0][1.19412,-1.25542,-0.0954989][-0.979688,-0.0244578,0.199029][0.569182,0.024188,0][1.20538,-0.881267,0.00590408][-0.979688,-0.0244578,0.199029][0.579914,0.072561,0][1.20538,-0.881267,0.00590408][-0.979688,-0.0244578,0.199029][0.579914,0.072561,0][1.1811,0.42871,0.127856][-0.975303,-0.0336155,-0.218299][0.594542,0.16775,0][1.1233,0.42871,-0.237144][-0.680742,-0.138045,0.719398][0.559314,0.169101,0][0,0.403357,-1.11247][0.0678205,-0.33264,0.940612][0.973468,0.877851,0][0,0.454688,-1.43002][-0.466529,0.31994,-0.824614][0.936218,0.957236,0][0.39138,0.550323,-1.17149][0.454321,0.306606,-0.836412][0.862636,0.849063,0][0.39138,0.550323,-1.17149][0.454321,0.306606,-0.836412][0.862636,0.849063,0][0.3558,0.490298,-1.05606][-0.0678205,-0.33264,0.940612][0.888348,0.823855,0][0,0.403357,-1.11247][0.0678205,-0.33264,0.940612][0.973468,0.877851,0][0.6768,0.547258,-0.892565][-0.356807,-0.40525,0.841701][0.826447,0.750509,0][0.3558,0.490298,-1.05606][-0.0678205,-0.33264,0.940612][0.888348,0.823855,0][0.39138,0.550323,-1.17149][0.454321,0.306606,-0.836412][0.862636,0.849063,0][0.39138,0.550323,-1.17149][0.454321,0.306606,-0.836412][0.862636,0.849063,0][0.74448,0.612979,-0.991645][0.483139,0.470563,-0.738341][0.800043,0.771904,0][0.6768,0.547258,-0.892565][-0.356807,-0.40525,0.841701][0.826447,0.750509,0][0.6768,0.547258,-0.892565][-0.356807,-0.40525,0.841701][0.826447,0.750509,0][0.74448,0.612979,-0.991645][0.483139,0.470563,-0.738341][0.800043,0.771904,0][1.02465,0.66051,-0.613663][0.695544,0.403321,-0.594601][0.735311,0.679434,0][1.02465,0.66051,-0.613663][0.695544,0.403321,-0.594601][0.735311,0.679434,0][0.9315,0.587894,-0.548944][-0.699165,-0.432413,0.569374][0.7627,0.660164,0][0.6768,0.547258,-0.892565][-0.356807,-0.40525,0.841701][0.826447,0.750509,0][1.1811,0.42871,0.127856][-0.975303,-0.0336155,-0.218299][0.584898,0.426311,0][1.29921,0.482577,0.130817][0.898073,-0.412938,-0.151481][0.585626,0.47005,0][1.23563,0.22558,0.454452][0.898073,-0.412938,-0.151481][0.473096,0.39175,0][1.23563,0.22558,0.454452][0.898073,-0.412938,-0.151481][0.473096,0.39175,0][1.1233,0.195076,0.422069][-0.975303,-0.0336155,-0.218299][0.49077,0.363107,0][1.1811,0.42871,0.127856][-0.975303,-0.0336155,-0.218299][0.584898,0.426311,0][1.1233,0.42871,-0.237144][-0.680742,-0.138045,0.719398][0.737447,0.550789,0][0.9555,0.531307,-0.37624][-0.680742,-0.138045,0.719398][0.761204,0.611313,0][1.05105,0.595433,-0.423688][0.68074,0.138045,-0.7194][0.727877,0.624961,0][1.05105,0.595433,-0.423688][0.68074,0.138045,-0.7194][0.727877,0.624961,0][1.23563,0.482577,-0.270683][0.68074,0.138045,-0.7194][0.700187,0.549031,0][1.1233,0.42871,-0.237144][-0.680742,-0.138045,0.719398][0.737447,0.550789,0][0.9315,0.587894,-0.548944][-0.699165,-0.432413,0.569374][0.7627,0.660164,0][1.02465,0.66051,-0.613663][0.695544,0.403321,-0.594601][0.735311,0.679434,0][1.05105,0.595433,-0.423688][0.68074,0.138045,-0.7194][0.727877,0.624961,0][1.05105,0.595433,-0.423688][0.68074,0.138045,-0.7194][0.727877,0.624961,0][0.9555,0.531307,-0.37624][-0.680742,-0.138045,0.719398][0.761204,0.611313,0][0.9315,0.587894,-0.548944][-0.699165,-0.432413,0.569374][0.7627,0.660164,0][0.9555,-0.578,0.822056][-0.73888,0,-0.673837][0.308951,0.22194,0][1.1233,-0.296327,0.638059][-0.73888,0,-0.673837][0.385904,0.274912,0][1.23563,-0.314964,0.692041][0.779283,-0.0565507,0.624115][0.36586,0.295653,0][1.23563,-0.314964,0.692041][0.779283,-0.0565507,0.624115][0.36586,0.295653,0][1.05105,-0.624804,0.894437][0.779283,-0.0565507,0.624115][0.290251,0.246796,0][0.9555,-0.578,0.822056][-0.73888,0,-0.673837][0.308951,0.22194,0][1.1233,-0.296327,0.638059][-0.73888,0,-0.673837][0.385904,0.274912,0][1.1233,0.195076,0.422069][-0.975303,-0.0336155,-0.218299][0.49077,0.363107,0][1.23563,0.22558,0.454452][0.898073,-0.412938,-0.151481][0.473096,0.39175,0][1.23563,0.22558,0.454452][0.898073,-0.412938,-0.151481][0.473096,0.39175,0][1.23563,-0.314964,0.692041][0.779283,-0.0565507,0.624115][0.36586,0.295653,0][1.1233,-0.296327,0.638059][-0.73888,0,-0.673837][0.385904,0.274912,0][0.6942,-0.895146,1.08336][-0.707107,0,-0.707107][0.197967,0.183184,0][0.9555,-0.578,0.822056][-0.73888,0,-0.673837][0.308951,0.22194,0][1.05105,-0.624804,0.894437][0.779283,-0.0565507,0.624115][0.290251,0.246796,0][1.05105,-0.624804,0.894437][0.779283,-0.0565507,0.624115][0.290251,0.246796,0][0.76362,-0.973665,1.18186][0.707104,0,0.707109][0.180633,0.209908,0][0.6942,-0.895146,1.08336][-0.707107,0,-0.707107][0.197967,0.183184,0][0.365,-1.07354,1.25116][-0.454126,0,-0.890937][0.101914,0.161022,0][0.6942,-0.895146,1.08336][-0.707107,0,-0.707107][0.197967,0.183184,0][0.76362,-0.973665,1.18186][0.707104,0,0.707109][0.180633,0.209908,0][0.76362,-0.973665,1.18186][0.707104,0,0.707109][0.180633,0.209908,0][0.4015,-1.1699,1.36645][0.454129,0,0.890936][0.088462,0.1938,0][0.365,-1.07354,1.25116][-0.454126,0,-0.890937][0.101914,0.161022,0][0,-1.13867,1.30896][0.156407,0,-0.987693][0.022897,0.140141,0][0.365,-1.07354,1.25116][-0.454126,0,-0.890937][0.101914,0.161022,0][0.4015,-1.1699,1.36645][0.454129,0,0.890936][0.088462,0.1938,0][0.4015,-1.1699,1.36645][0.454129,0,0.890936][0.088462,0.1938,0][0,-1.24154,1.43002][-0.156407,0,0.987693][0.006021,0.177683,0][0,-1.13867,1.30896][0.156407,0,-0.987693][0.022897,0.140141,0][1.20538,-0.881267,0.00590408][-0.979688,-0.0244578,0.199029][0.857697,0.201297,0][1.22839,-0.958399,-0.00333093][0.987123,-0.033962,-0.156317][0.877645,0.194525,0][1.29921,0.482577,0.130817][0.898073,-0.412938,-0.151481][0.585626,0.47005,0][1.29921,0.482577,0.130817][0.898073,-0.412938,-0.151481][0.585626,0.47005,0][1.1811,0.42871,0.127856][-0.975303,-0.0336155,-0.218299][0.584898,0.426311,0][1.20538,-0.881267,0.00590408][-0.979688,-0.0244578,0.199029][0.857697,0.201297,0][1.19412,-1.25542,-0.0954989][-0.979688,-0.0244578,0.199029][0.938746,0.140416,0][1.21601,-1.36997,-0.114874][0.998382,-0.0151819,-0.0547909][0.96927,0.127556,0][1.22839,-0.958399,-0.00333093][0.987123,-0.033962,-0.156317][0.877645,0.194525,0][1.22839,-0.958399,-0.00333093][0.987123,-0.033962,-0.156317][0.877645,0.194525,0][1.20538,-0.881267,0.00590408][-0.979688,-0.0244578,0.199029][0.857697,0.201297,0][1.19412,-1.25542,-0.0954989][-0.979688,-0.0244578,0.199029][0.938746,0.140416,0][1.19412,-1.25542,-0.0954989][-0.979688,-0.0244578,0.199029][0.959575,0.158482,0][1.1233,0.42871,-0.237144][-0.680742,-0.138045,0.719398][0.737447,0.550789,0][1.23563,0.482577,-0.270683][0.68074,0.138045,-0.7194][0.700187,0.549031,0][1.23563,0.482577,-0.270683][0.68074,0.138045,-0.7194][0.700187,0.549031,0][1.21601,-1.36997,-0.114874][0.998382,-0.0151819,-0.0547909][0.96927,0.127556,0][1.19412,-1.25542,-0.0954989][-0.979688,-0.0244578,0.199029][0.959575,0.158482,0]