version 1.00
1688
[-0.057316,0.905826,-1.29863][0.316648,0.890217,-0.327488][0.635656,0.687611,0][-0.045653,0.974276,-1.10128][0.316648,0.890217,-0.327488][0.585243,0.689291,0][0,0.958456,-1.10015][0.316648,0.890217,-0.327488][0.583873,0.700264,0][0,0.958456,-1.10015][0.316648,0.890217,-0.327488][0.583873,0.700264,0][0,0.878726,-1.2905][0.440672,0.827973,-0.346798][0.632846,0.702717,0][-0.057316,0.905826,-1.29863][0.316648,0.890217,-0.327488][0.635656,0.687611,0][-0.045653,0.974276,-1.10128][0.316648,0.890217,-0.327488][0.585243,0.689291,0][-0.029702,1.03554,-0.898597][0.358447,0.88544,-0.295823][0.531403,0.691355,0][0,1.02155,-0.904481][0.358447,0.88544,-0.295823][0.532444,0.69851,0][0,1.02155,-0.904481][0.358447,0.88544,-0.295823][0.532444,0.69851,0][0,0.958456,-1.10015][0.316648,0.890217,-0.327488][0.583873,0.700264,0][-0.045653,0.974276,-1.10128][0.316648,0.890217,-0.327488][0.585243,0.689291,0][-0.029702,1.03554,-0.898597][0.358447,0.88544,-0.295823][0.531403,0.691355,0][-0.02337,1.10044,-0.692938][0.413296,0.864655,-0.285585][0.476674,0.687321,0][0,1.08794,-0.696963][0.413296,0.864655,-0.285585][0.47729,0.692911,0][0,1.08794,-0.696963][0.413296,0.864655,-0.285585][0.47729,0.692911,0][0,1.02155,-0.904481][0.358447,0.88544,-0.295823][0.532444,0.69851,0][-0.029702,1.03554,-0.898597][0.358447,0.88544,-0.295823][0.531403,0.691355,0][-0.459565,0.834756,-1.22943][-0.296683,0.742905,-0.600059][0.646338,0.585994,0][-0.490069,0.964576,-1.05363][-0.296683,0.742905,-0.600059][0.596069,0.583761,0][-0.248539,1.03764,-1.08259][-0.296683,0.742905,-0.600059][0.583839,0.641578,0][-0.248539,1.03764,-1.08259][-0.296683,0.742905,-0.600059][0.583839,0.641578,0][-0.245214,0.865366,-1.27484][-0.240636,0.720787,-0.650046][0.642914,0.64113,0][-0.459565,0.834756,-1.22943][-0.296683,0.742905,-0.600059][0.646338,0.585994,0][-0.248539,1.03764,-1.08259][-0.296683,0.742905,-0.600059][0.583839,0.641578,0][-0.490069,0.964576,-1.05363][-0.296683,0.742905,-0.600059][0.596069,0.583761,0][-0.500226,1.03734,-0.876999][-0.309294,0.872888,-0.377364][0.550593,0.581697,0][-0.500226,1.03734,-0.876999][-0.309294,0.872888,-0.377364][0.550593,0.581697,0][-0.244311,1.10833,-0.889673][-0.267642,0.906576,-0.326324][0.534826,0.640544,0][-0.248539,1.03764,-1.08259][-0.296683,0.742905,-0.600059][0.583839,0.641578,0][-0.244311,1.10833,-0.889673][-0.267642,0.906576,-0.326324][0.534826,0.640544,0][-0.500226,1.03734,-0.876999][-0.309294,0.872888,-0.377364][0.550593,0.581697,0][-0.511251,1.10685,-0.700801][-0.265415,0.891083,-0.368139][0.505329,0.577747,0][-0.511251,1.10685,-0.700801][-0.265415,0.891083,-0.368139][0.505329,0.577747,0][-0.247002,1.17603,-0.6976][-0.23573,0.915511,-0.325993][0.48607,0.63584,0][-0.244311,1.10833,-0.889673][-0.267642,0.906576,-0.326324][0.534826,0.640544,0][-0.720681,0.757506,-1.1653][-0.334752,0.708099,-0.621721][0.647572,0.517853,0][-0.772727,0.863926,-1.01607][-0.334752,0.708099,-0.621721][0.605865,0.515326,0][-0.490069,0.964576,-1.05363][-0.296683,0.742905,-0.600059][0.596069,0.583761,0][-0.490069,0.964576,-1.05363][-0.296683,0.742905,-0.600059][0.596069,0.583761,0][-0.459565,0.834756,-1.22943][-0.296683,0.742905,-0.600059][0.646338,0.585994,0][-0.720681,0.757506,-1.1653][-0.334752,0.708099,-0.621721][0.647572,0.517853,0][-0.772727,0.863926,-1.01607][-0.334752,0.708099,-0.621721][0.605865,0.515326,0][-0.790469,0.937406,-0.866611][-0.305197,0.839748,-0.449086][0.566369,0.514636,0][-0.500226,1.03734,-0.876999][-0.309294,0.872888,-0.377364][0.550593,0.581697,0][-0.500226,1.03734,-0.876999][-0.309294,0.872888,-0.377364][0.550593,0.581697,0][-0.490069,0.964576,-1.05363][-0.296683,0.742905,-0.600059][0.596069,0.583761,0][-0.772727,0.863926,-1.01607][-0.334752,0.708099,-0.621721][0.605865,0.515326,0][-0.500226,1.03734,-0.876999][-0.309294,0.872888,-0.377364][0.550593,0.581697,0][-0.790469,0.937406,-0.866611][-0.305197,0.839748,-0.449086][0.566369,0.514636,0][-0.812167,1.0116,-0.705699][-0.307346,0.847735,-0.4323][0.525262,0.512151,0][-0.812167,1.0116,-0.705699][-0.307346,0.847735,-0.4323][0.525262,0.512151,0][-0.511251,1.10685,-0.700801][-0.265415,0.891083,-0.368139][0.505329,0.577747,0][-0.500226,1.03734,-0.876999][-0.309294,0.872888,-0.377364][0.550593,0.581697,0][-0.720681,0.757506,-1.1653][-0.334752,0.708099,-0.621721][0.647572,0.517853,0][-0.877622,0.493545,-1.13405][-0.696289,0.3391,-0.632608][0.668716,0.444489,0][-0.967881,0.563162,-0.997388][-0.696289,0.3391,-0.632608][0.631777,0.436139,0][-0.967881,0.563162,-0.997388][-0.696289,0.3391,-0.632608][0.631777,0.436139,0][-0.772727,0.863926,-1.01607][-0.334752,0.708099,-0.621721][0.605865,0.515326,0][-0.720681,0.757506,-1.1653][-0.334752,0.708099,-0.621721][0.647572,0.517853,0][-0.772727,0.863926,-1.01607][-0.334752,0.708099,-0.621721][0.605865,0.515326,0][-0.967881,0.563162,-0.997388][-0.696289,0.3391,-0.632608][0.631777,0.436139,0][-1.0241,0.635892,-0.862033][-0.723549,0.436257,-0.534935][0.594155,0.432043,0][-1.0241,0.635892,-0.862033][-0.723549,0.436257,-0.534935][0.594155,0.432043,0][-0.790469,0.937406,-0.866611][-0.305197,0.839748,-0.449086][0.566369,0.514636,0][-0.772727,0.863926,-1.01607][-0.334752,0.708099,-0.621721][0.605865,0.515326,0][-0.790469,0.937406,-0.866611][-0.305197,0.839748,-0.449086][0.566369,0.514636,0][-1.0241,0.635892,-0.862033][-0.723549,0.436257,-0.534935][0.594155,0.432043,0][-1.08886,0.710186,-0.709602][-0.6717,0.512349,-0.535087][0.553373,0.426523,0][-1.08886,0.710186,-0.709602][-0.6717,0.512349,-0.535087][0.553373,0.426523,0][-0.812167,1.0116,-0.705699][-0.307346,0.847735,-0.4323][0.525262,0.512151,0][-0.790469,0.937406,-0.866611][-0.305197,0.839748,-0.449086][0.566369,0.514636,0][-0.877622,0.493545,-1.13405][-0.696289,0.3391,-0.632608][0.668716,0.444489,0][-0.974078,0.172185,-1.11267][-0.732979,0.176301,-0.657009][0.689184,0.363544,0][-1.07523,0.237296,-0.982354][-0.732979,0.176301,-0.657009][0.650679,0.358318,0][-1.07523,0.237296,-0.982354][-0.732979,0.176301,-0.657009][0.650679,0.358318,0][-0.967881,0.563162,-0.997388][-0.696289,0.3391,-0.632608][0.631777,0.436139,0][-0.877622,0.493545,-1.13405][-0.696289,0.3391,-0.632608][0.668716,0.444489,0][-0.967881,0.563162,-0.997388][-0.696289,0.3391,-0.632608][0.631777,0.436139,0][-1.07523,0.237296,-0.982354][-0.732979,0.176301,-0.657009][0.650679,0.358318,0][-1.13946,0.303882,-0.854173][-0.810986,0.242598,-0.532398][0.614908,0.355992,0][-1.13946,0.303882,-0.854173][-0.810986,0.242598,-0.532398][0.614908,0.355992,0][-1.0241,0.635892,-0.862033][-0.723549,0.436257,-0.534935][0.594155,0.432043,0][-0.967881,0.563162,-0.997388][-0.696289,0.3391,-0.632608][0.631777,0.436139,0][-1.0241,0.635892,-0.862033][-0.723549,0.436257,-0.534935][0.594155,0.432043,0][-1.13946,0.303882,-0.854173][-0.810986,0.242598,-0.532398][0.614908,0.355992,0][-1.21198,0.372309,-0.709972][-0.804207,0.266857,-0.531073][0.575705,0.352852,0][-1.21198,0.372309,-0.709972][-0.804207,0.266857,-0.531073][0.575705,0.352852,0][-1.08886,0.710186,-0.709602][-0.6717,0.512349,-0.535087][0.553373,0.426523,0][-1.0241,0.635892,-0.862033][-0.723549,0.436257,-0.534935][0.594155,0.432043,0][-0.974078,0.172185,-1.11267][-0.732979,0.176301,-0.657009][0.689184,0.363544,0][-0.987831,-0.323171,-1.13096][-0.776465,0.0447562,-0.62857][0.727039,0.252058,0][-1.09056,-0.257904,-0.999409][-0.776465,0.0447562,-0.62857][0.686713,0.250375,0][-1.09056,-0.257904,-0.999409][-0.776465,0.0447562,-0.62857][0.686713,0.250375,0][-1.07523,0.237296,-0.982354][-0.732979,0.176301,-0.657009][0.650679,0.358318,0][-0.974078,0.172185,-1.11267][-0.732979,0.176301,-0.657009][0.689184,0.363544,0][-1.07523,0.237296,-0.982354][-0.732979,0.176301,-0.657009][0.650679,0.358318,0][-1.09056,-0.257904,-0.999409][-0.776465,0.0447562,-0.62857][0.686713,0.250375,0][-1.15737,-0.192642,-0.868139][-0.881466,0.0434831,-0.470241][0.649226,0.250933,0][-1.15737,-0.192642,-0.868139][-0.881466,0.0434831,-0.470241][0.649226,0.250933,0][-1.13946,0.303882,-0.854173][-0.810986,0.242598,-0.532398][0.614908,0.355992,0][-1.07523,0.237296,-0.982354][-0.732979,0.176301,-0.657009][0.650679,0.358318,0][-1.13946,0.303882,-0.854173][-0.810986,0.242598,-0.532398][0.614908,0.355992,0][-1.15737,-0.192642,-0.868139][-0.881466,0.0434831,-0.470241][0.649226,0.250933,0][-1.23228,-0.127484,-0.721371][-0.881556,0.0450164,-0.469929][0.60798,0.250063,0][-1.23228,-0.127484,-0.721371][-0.881556,0.0450164,-0.469929][0.60798,0.250063,0][-1.21198,0.372309,-0.709972][-0.804207,0.266857,-0.531073][0.575705,0.352852,0][-1.13946,0.303882,-0.854173][-0.810986,0.242598,-0.532398][0.614908,0.355992,0][-0.987831,-0.323171,-1.13096][-0.776465,0.0447562,-0.62857][0.727039,0.252058,0][-1.02346,-0.690687,-1.15711][-0.745731,0.118945,-0.655543][0.750231,0.164936,0][-1.12949,-0.623401,-1.02428][-0.745731,0.118945,-0.655543][0.708361,0.168691,0][-1.12949,-0.623401,-1.02428][-0.745731,0.118945,-0.655543][0.708361,0.168691,0][-1.09056,-0.257904,-0.999409][-0.776465,0.0447562,-0.62857][0.686713,0.250375,0][-0.987831,-0.323171,-1.13096][-0.776465,0.0447562,-0.62857][0.727039,0.252058,0][-1.09056,-0.257904,-0.999409][-0.776465,0.0447562,-0.62857][0.686713,0.250375,0][-1.12949,-0.623401,-1.02428][-0.745731,0.118945,-0.655543][0.708361,0.168691,0][-1.19872,-0.556146,-0.891314][-0.852605,0.125338,-0.507302][0.669685,0.172601,0][-1.19872,-0.556146,-0.891314][-0.852605,0.125338,-0.507302][0.669685,0.172601,0][-1.15737,-0.192642,-0.868139][-0.881466,0.0434831,-0.470241][0.649226,0.250933,0][-1.09056,-0.257904,-0.999409][-0.776465,0.0447562,-0.62857][0.686713,0.250375,0][-1.15737,-0.192642,-0.868139][-0.881466,0.0434831,-0.470241][0.649226,0.250933,0][-1.19872,-0.556146,-0.891314][-0.852605,0.125338,-0.507302][0.669685,0.172601,0][-1.27676,-0.487759,-0.741883][-0.853456,0.129272,-0.504877][0.627048,0.173436,0][-1.27676,-0.487759,-0.741883][-0.853456,0.129272,-0.504877][0.627048,0.173436,0][-1.23228,-0.127484,-0.721371][-0.881556,0.0450164,-0.469929][0.60798,0.250063,0][-1.15737,-0.192642,-0.868139][-0.881466,0.0434831,-0.470241][0.649226,0.250933,0][-1.02346,-0.690687,-1.15711][-0.745731,0.118945,-0.655543][0.750231,0.164936,0][-1.06799,-1.11004,-1.1311][-0.685907,0.0277403,-0.72716][0.757253,0.059737,0][-1.20252,-1.05386,-1.00206][-0.685907,0.0277403,-0.72716][0.713276,0.063975,0][-1.20252,-1.05386,-1.00206][-0.685907,0.0277403,-0.72716][0.713276,0.063975,0][-1.12949,-0.623401,-1.02428][-0.745731,0.118945,-0.655543][0.708361,0.168691,0][-1.02346,-0.690687,-1.15711][-0.745731,0.118945,-0.655543][0.750231,0.164936,0][-1.12949,-0.623401,-1.02428][-0.745731,0.118945,-0.655543][0.708361,0.168691,0][-1.20252,-1.05386,-1.00206][-0.685907,0.0277403,-0.72716][0.713276,0.063975,0][-1.27553,-0.987131,-0.861987][-0.856021,0.119263,-0.502995][0.673141,0.067057,0][-1.27553,-0.987131,-0.861987][-0.856021,0.119263,-0.502995][0.673141,0.067057,0][-1.19872,-0.556146,-0.891314][-0.852605,0.125338,-0.507302][0.669685,0.172601,0][-1.12949,-0.623401,-1.02428][-0.745731,0.118945,-0.655543][0.708361,0.168691,0][-1.19872,-0.556146,-0.891314][-0.852605,0.125338,-0.507302][0.669685,0.172601,0][-1.27553,-0.987131,-0.861987][-0.856021,0.119263,-0.502995][0.673141,0.067057,0][-1.35405,-0.90377,-0.731326][-0.820215,0.107952,-0.561777][0.636344,0.075851,0][-1.35405,-0.90377,-0.731326][-0.820215,0.107952,-0.561777][0.636344,0.075851,0][-1.27676,-0.487759,-0.741883][-0.853456,0.129272,-0.504877][0.627048,0.173436,0][-1.19872,-0.556146,-0.891314][-0.852605,0.125338,-0.507302][0.669685,0.172601,0][-1.06799,-1.11004,-1.1311][-0.685907,0.0277403,-0.72716][0.757253,0.059737,0][-0.923339,-1.27273,-1.06204][-0.703596,-0.692758,-0.158234][0.76556,0.005117,0][-1.01779,-1.20894,-0.92133][-0.703596,-0.692758,-0.158234][0.72111,0.007564,0][-1.01779,-1.20894,-0.92133][-0.703596,-0.692758,-0.158234][0.72111,0.007564,0][-1.20252,-1.05386,-1.00206][-0.685907,0.0277403,-0.72716][0.713276,0.063975,0][-1.06799,-1.11004,-1.1311][-0.685907,0.0277403,-0.72716][0.757253,0.059737,0][-1.20252,-1.05386,-1.00206][-0.685907,0.0277403,-0.72716][0.713276,0.063975,0][-1.01779,-1.20894,-0.92133][-0.703596,-0.692758,-0.158234][0.72111,0.007564,0][-1.07949,-1.14551,-0.781078][-0.655402,-0.753459,0.0524208][0.678009,0.007166,0][-1.07949,-1.14551,-0.781078][-0.655402,-0.753459,0.0524208][0.678009,0.007166,0][-1.27553,-0.987131,-0.861987][-0.856021,0.119263,-0.502995][0.673141,0.067057,0][-1.20252,-1.05386,-1.00206][-0.685907,0.0277403,-0.72716][0.713276,0.063975,0][-1.27553,-0.987131,-0.861987][-0.856021,0.119263,-0.502995][0.673141,0.067057,0][-1.07949,-1.14551,-0.781078][-0.655402,-0.753459,0.0524208][0.678009,0.007166,0][-1.14133,-1.08405,-0.668494][-0.642895,-0.763314,0.0635398][0.643781,0.013223,0][-1.14133,-1.08405,-0.668494][-0.642895,-0.763314,0.0635398][0.643781,0.013223,0][-1.35405,-0.90377,-0.731326][-0.820215,0.107952,-0.561777][0.636344,0.075851,0][-1.27553,-0.987131,-0.861987][-0.856021,0.119263,-0.502995][0.673141,0.067057,0][-0.02337,1.10044,-0.692938][0.413296,0.864655,-0.285585][0.476674,0.687321,0][-0.022134,1.12442,-0.495487][0.454961,0.883671,-0.110168][0.425004,0.680927,0][0,1.1128,-0.497286][0.454961,0.883671,-0.110168][0.42482,0.686144,0][0,1.1128,-0.497286][0.454961,0.883671,-0.110168][0.42482,0.686144,0][0,1.08794,-0.696963][0.413296,0.864655,-0.285585][0.47729,0.692911,0][-0.02337,1.10044,-0.692938][0.413296,0.864655,-0.285585][0.476674,0.687321,0][-0.022134,1.12442,-0.495487][0.454961,0.883671,-0.110168][0.425004,0.680927,0][-0.02614,1.14855,-0.305513][0.45834,0.88285,-0.102472][0.37983,0.669268,0][0,1.1347,-0.307918][0.45834,0.88285,-0.102472][0.378802,0.675689,0][0,1.1347,-0.307918][0.45834,0.88285,-0.102472][0.378802,0.675689,0][0,1.1128,-0.497286][0.454961,0.883671,-0.110168][0.42482,0.686144,0][-0.022134,1.12442,-0.495487][0.454961,0.883671,-0.110168][0.425004,0.680927,0][-0.02614,1.14855,-0.305513][0.45834,0.88285,-0.102472][0.37983,0.669268,0][-0.034196,1.17383,-0.11122][0.217658,0.968981,-0.117052][0.335925,0.652714,0][0,1.16589,-0.113362][0.217658,0.968981,-0.117052][0.333849,0.660065,0][0,1.16589,-0.113362][0.217658,0.968981,-0.117052][0.333849,0.660065,0][0,1.1347,-0.307918][0.45834,0.88285,-0.102472][0.378802,0.675689,0][-0.02614,1.14855,-0.305513][0.45834,0.88285,-0.102472][0.37983,0.669268,0][-0.511251,1.10685,-0.700801][-0.265415,0.891083,-0.368139][0.505329,0.577747,0][-0.520841,1.1333,-0.49875][-0.242822,0.960314,-0.137238][0.458986,0.569397,0][-0.251623,1.20147,-0.498075][-0.242822,0.960314,-0.137238][0.439052,0.628183,0][-0.251623,1.20147,-0.498075][-0.242822,0.960314,-0.137238][0.439052,0.628183,0][-0.247002,1.17603,-0.6976][-0.23573,0.915511,-0.325993][0.48607,0.63584,0][-0.511251,1.10685,-0.700801][-0.265415,0.891083,-0.368139][0.505329,0.577747,0][-0.520841,1.1333,-0.49875][-0.242822,0.960314,-0.137238][0.458986,0.569397,0][-0.530521,1.15604,-0.307727][-0.239145,0.96268,-0.126719][0.416325,0.559311,0][-0.256852,1.22411,-0.307072][-0.239145,0.96268,-0.126719][0.395468,0.618406,0][-0.256852,1.22411,-0.307072][-0.239145,0.96268,-0.126719][0.395468,0.618406,0][-0.251623,1.20147,-0.498075][-0.242822,0.960314,-0.137238][0.439052,0.628183,0][-0.520841,1.1333,-0.49875][-0.242822,0.960314,-0.137238][0.458986,0.569397,0][-0.530521,1.15604,-0.307727][-0.239145,0.96268,-0.126719][0.416325,0.559311,0][-0.541222,1.17906,-0.0994749][-0.239907,0.963496,-0.118831][0.37167,0.544415,0][-0.265719,1.24691,-0.105549][-0.239907,0.963496,-0.118831][0.349758,0.603476,0][-0.265719,1.24691,-0.105549][-0.239907,0.963496,-0.118831][0.349758,0.603476,0][-0.256852,1.22411,-0.307072][-0.239145,0.96268,-0.126719][0.395468,0.618406,0][-0.530521,1.15604,-0.307727][-0.239145,0.96268,-0.126719][0.416325,0.559311,0][-0.812167,1.0116,-0.705699][-0.307346,0.847735,-0.4323][0.525262,0.512151,0][-0.829978,1.03687,-0.500078][-0.294225,0.945182,-0.141645][0.480689,0.501523,0][-0.520841,1.1333,-0.49875][-0.242822,0.960314,-0.137238][0.458986,0.569397,0][-0.520841,1.1333,-0.49875][-0.242822,0.960314,-0.137238][0.458986,0.569397,0][-0.511251,1.10685,-0.700801][-0.265415,0.891083,-0.368139][0.505329,0.577747,0][-0.812167,1.0116,-0.705699][-0.307346,0.847735,-0.4323][0.525262,0.512151,0][-0.829978,1.03687,-0.500078][-0.294225,0.945182,-0.141645][0.480689,0.501523,0][-0.845685,1.05785,-0.309008][-0.294521,0.947007,-0.128195][0.439972,0.491361,0][-0.530521,1.15604,-0.307727][-0.239145,0.96268,-0.126719][0.416325,0.559311,0][-0.530521,1.15604,-0.307727][-0.239145,0.96268,-0.126719][0.416325,0.559311,0][-0.520841,1.1333,-0.49875][-0.242822,0.960314,-0.137238][0.458986,0.569397,0][-0.829978,1.03687,-0.500078][-0.294225,0.945182,-0.141645][0.480689,0.501523,0][-0.845685,1.05785,-0.309008][-0.294521,0.947007,-0.128195][0.439972,0.491361,0][-0.864881,1.07737,-0.0910399][-0.300519,0.94726,-0.111298][0.396723,0.476442,0][-0.541222,1.17906,-0.0994749][-0.239907,0.963496,-0.118831][0.37167,0.544415,0][-0.541222,1.17906,-0.0994749][-0.239907,0.963496,-0.118831][0.37167,0.544415,0][-0.530521,1.15604,-0.307727][-0.239145,0.96268,-0.126719][0.416325,0.559311,0][-0.845685,1.05785,-0.309008][-0.294521,0.947007,-0.128195][0.439972,0.491361,0][-0.812167,1.0116,-0.705699][-0.307346,0.847735,-0.4323][0.525262,0.512151,0][-1.08886,0.710186,-0.709602][-0.6717,0.512349,-0.535087][0.553373,0.426523,0][-1.11441,0.729356,-0.499823][-0.727388,0.669679,-0.149788][0.509076,0.413852,0][-1.11441,0.729356,-0.499823][-0.727388,0.669679,-0.149788][0.509076,0.413852,0][-0.829978,1.03687,-0.500078][-0.294225,0.945182,-0.141645][0.480689,0.501523,0][-0.812167,1.0116,-0.705699][-0.307346,0.847735,-0.4323][0.525262,0.512151,0][-1.11441,0.729356,-0.499823][-0.727388,0.669679,-0.149788][0.509076,0.413852,0][-1.13511,0.744866,-0.308761][-0.72768,0.672809,-0.133456][0.470196,0.403442,0][-0.845685,1.05785,-0.309008][-0.294521,0.947007,-0.128195][0.439972,0.491361,0][-0.845685,1.05785,-0.309008][-0.294521,0.947007,-0.128195][0.439972,0.491361,0][-0.829978,1.03687,-0.500078][-0.294225,0.945182,-0.141645][0.480689,0.501523,0][-1.11441,0.729356,-0.499823][-0.727388,0.669679,-0.149788][0.509076,0.413852,0][-1.13511,0.744866,-0.308761][-0.72768,0.672809,-0.133456][0.470196,0.403442,0][-1.15667,0.759316,-0.0835519][-0.733462,0.670235,-0.11322][0.424208,0.389544,0][-0.864881,1.07737,-0.0910399][-0.300519,0.94726,-0.111298][0.396723,0.476442,0][-0.864881,1.07737,-0.0910399][-0.300519,0.94726,-0.111298][0.396723,0.476442,0][-0.845685,1.05785,-0.309008][-0.294521,0.947007,-0.128195][0.439972,0.491361,0][-1.13511,0.744866,-0.308761][-0.72768,0.672809,-0.133456][0.470196,0.403442,0][-1.08886,0.710186,-0.709602][-0.6717,0.512349,-0.535087][0.553373,0.426523,0][-1.21198,0.372309,-0.709972][-0.804207,0.266857,-0.531073][0.575705,0.352852,0][-1.24137,0.381551,-0.498812][-0.92969,0.33893,-0.144232][0.531734,0.337336,0][-1.24137,0.381551,-0.498812][-0.92969,0.33893,-0.144232][0.531734,0.337336,0][-1.11441,0.729356,-0.499823][-0.727388,0.669679,-0.149788][0.509076,0.413852,0][-1.08886,0.710186,-0.709602][-0.6717,0.512349,-0.535087][0.553373,0.426523,0][-1.11441,0.729356,-0.499823][-0.727388,0.669679,-0.149788][0.509076,0.413852,0][-1.24137,0.381551,-0.498812][-0.92969,0.33893,-0.144232][0.531734,0.337336,0][-1.26434,0.390767,-0.307788][-0.931713,0.339732,-0.128426][0.491841,0.325469,0][-1.26434,0.390767,-0.307788][-0.931713,0.339732,-0.128426][0.491841,0.325469,0][-1.13511,0.744866,-0.308761][-0.72768,0.672809,-0.133456][0.470196,0.403442,0][-1.11441,0.729356,-0.499823][-0.727388,0.669679,-0.149788][0.509076,0.413852,0][-1.13511,0.744866,-0.308761][-0.72768,0.672809,-0.133456][0.470196,0.403442,0][-1.26434,0.390767,-0.307788][-0.931713,0.339732,-0.128426][0.491841,0.325469,0][-1.28716,0.399626,-0.0804199][-0.934094,0.340608,-0.107022][0.443907,0.313495,0][-1.28716,0.399626,-0.0804199][-0.934094,0.340608,-0.107022][0.443907,0.313495,0][-1.15667,0.759316,-0.0835519][-0.733462,0.670235,-0.11322][0.424208,0.389544,0][-1.13511,0.744866,-0.308761][-0.72768,0.672809,-0.133456][0.470196,0.403442,0][-1.23228,-0.127484,-0.721371][-0.881556,0.0450164,-0.469929][0.60798,0.250063,0][-1.26217,-0.153295,-0.525947][-0.988354,0.0457993,-0.145119][0.565705,0.230143,0][-1.24137,0.381551,-0.498812][-0.92969,0.33893,-0.144232][0.531734,0.337336,0][-1.24137,0.381551,-0.498812][-0.92969,0.33893,-0.144232][0.531734,0.337336,0][-1.21198,0.372309,-0.709972][-0.804207,0.266857,-0.531073][0.575705,0.352852,0][-1.23228,-0.127484,-0.721371][-0.881556,0.0450164,-0.469929][0.60798,0.250063,0][-1.24137,0.381551,-0.498812][-0.92969,0.33893,-0.144232][0.531734,0.337336,0][-1.26217,-0.153295,-0.525947][-0.988354,0.0457993,-0.145119][0.565705,0.230143,0][-1.28557,-0.137682,-0.332638][-0.991317,0.0448237,-0.123619][0.522124,0.221121,0][-1.28557,-0.137682,-0.332638][-0.991317,0.0448237,-0.123619][0.522124,0.221121,0][-1.26434,0.390767,-0.307788][-0.931713,0.339732,-0.128426][0.491841,0.325469,0][-1.24137,0.381551,-0.498812][-0.92969,0.33893,-0.144232][0.531734,0.337336,0][-1.26434,0.390767,-0.307788][-0.931713,0.339732,-0.128426][0.491841,0.325469,0][-1.28557,-0.137682,-0.332638][-0.991317,0.0448237,-0.123619][0.522124,0.221121,0][-1.30854,-0.118939,-0.10311][-0.993663,0.0447676,-0.103096][0.469901,0.212577,0][-1.30854,-0.118939,-0.10311][-0.993663,0.0447676,-0.103096][0.469901,0.212577,0][-1.28716,0.399626,-0.0804199][-0.934094,0.340608,-0.107022][0.443907,0.313495,0][-1.26434,0.390767,-0.307788][-0.931713,0.339732,-0.128426][0.491841,0.325469,0][-1.27676,-0.487759,-0.741883][-0.853456,0.129272,-0.504877][0.627048,0.173436,0][-1.30837,-0.469495,-0.529119][-0.976912,0.144317,-0.157527][0.578119,0.162763,0][-1.26217,-0.153295,-0.525947][-0.988354,0.0457993,-0.145119][0.565705,0.230143,0][-1.26217,-0.153295,-0.525947][-0.988354,0.0457993,-0.145119][0.565705,0.230143,0][-1.23228,-0.127484,-0.721371][-0.881556,0.0450164,-0.469929][0.60798,0.250063,0][-1.27676,-0.487759,-0.741883][-0.853456,0.129272,-0.504877][0.627048,0.173436,0][-1.26217,-0.153295,-0.525947][-0.988354,0.0457993,-0.145119][0.565705,0.230143,0][-1.30837,-0.469495,-0.529119][-0.976912,0.144317,-0.157527][0.578119,0.162763,0][-1.33275,-0.455178,-0.330548][-0.980798,0.144617,-0.130846][0.534632,0.154715,0][-1.33275,-0.455178,-0.330548][-0.980798,0.144617,-0.130846][0.534632,0.154715,0][-1.28557,-0.137682,-0.332638][-0.991317,0.0448237,-0.123619][0.522124,0.221121,0][-1.26217,-0.153295,-0.525947][-0.988354,0.0457993,-0.145119][0.565705,0.230143,0][-1.28557,-0.137682,-0.332638][-0.991317,0.0448237,-0.123619][0.522124,0.221121,0][-1.33275,-0.455178,-0.330548][-0.980798,0.144617,-0.130846][0.534632,0.154715,0][-1.35656,-0.436883,-0.096197][-0.983107,0.145358,-0.111231][0.480521,0.146681,0][-1.35656,-0.436883,-0.096197][-0.983107,0.145358,-0.111231][0.480521,0.146681,0][-1.30854,-0.118939,-0.10311][-0.993663,0.0447676,-0.103096][0.469901,0.212577,0][-1.28557,-0.137682,-0.332638][-0.991317,0.0448237,-0.123619][0.522124,0.221121,0][-1.27676,-0.487759,-0.741883][-0.853456,0.129272,-0.504877][0.627048,0.173436,0][-1.35405,-0.90377,-0.731326][-0.820215,0.107952,-0.561777][0.636344,0.075851,0][-1.37956,-0.809157,-0.50395][-0.96767,0.175177,-0.181458][0.582927,0.079141,0][-1.37956,-0.809157,-0.50395][-0.96767,0.175177,-0.181458][0.582927,0.079141,0][-1.30837,-0.469495,-0.529119][-0.976912,0.144317,-0.157527][0.578119,0.162763,0][-1.27676,-0.487759,-0.741883][-0.853456,0.129272,-0.504877][0.627048,0.173436,0][-1.37956,-0.809157,-0.50395][-0.96767,0.175177,-0.181458][0.582927,0.079141,0][-1.40565,-0.799087,-0.303715][-0.97123,0.195236,-0.136367][0.539447,0.071987,0][-1.33275,-0.455178,-0.330548][-0.980798,0.144617,-0.130846][0.534632,0.154715,0][-1.33275,-0.455178,-0.330548][-0.980798,0.144617,-0.130846][0.534632,0.154715,0][-1.30837,-0.469495,-0.529119][-0.976912,0.144317,-0.157527][0.578119,0.162763,0][-1.37956,-0.809157,-0.50395][-0.96767,0.175177,-0.181458][0.582927,0.079141,0][-1.40565,-0.799087,-0.303715][-0.97123,0.195236,-0.136367][0.539447,0.071987,0][-1.43244,-0.782768,-0.06569][-0.971548,0.20227,-0.123217][0.485877,0.067913,0][-1.35656,-0.436883,-0.096197][-0.983107,0.145358,-0.111231][0.480521,0.146681,0][-1.35656,-0.436883,-0.096197][-0.983107,0.145358,-0.111231][0.480521,0.146681,0][-1.33275,-0.455178,-0.330548][-0.980798,0.144617,-0.130846][0.534632,0.154715,0][-1.40565,-0.799087,-0.303715][-0.97123,0.195236,-0.136367][0.539447,0.071987,0][-1.35405,-0.90377,-0.731326][-0.820215,0.107952,-0.561777][0.636344,0.075851,0][-1.14133,-1.08405,-0.668494][-0.642895,-0.763314,0.0635398][0.643781,0.013223,0][-1.16173,-0.975634,-0.458555][-0.667183,-0.686296,0.289593][0.584989,0.015338,0][-1.16173,-0.975634,-0.458555][-0.667183,-0.686296,0.289593][0.584989,0.015338,0][-1.37956,-0.809157,-0.50395][-0.96767,0.175177,-0.181458][0.582927,0.079141,0][-1.35405,-0.90377,-0.731326][-0.820215,0.107952,-0.561777][0.636344,0.075851,0][-1.16173,-0.975634,-0.458555][-0.667183,-0.686296,0.289593][0.584989,0.015338,0][-1.1847,-0.968126,-0.26673][-0.602777,-0.796856,-0.0409902][0.537496,0.010589,0][-1.40565,-0.799087,-0.303715][-0.97123,0.195236,-0.136367][0.539447,0.071987,0][-1.40565,-0.799087,-0.303715][-0.97123,0.195236,-0.136367][0.539447,0.071987,0][-1.37956,-0.809157,-0.50395][-0.96767,0.175177,-0.181458][0.582927,0.079141,0][-1.16173,-0.975634,-0.458555][-0.667183,-0.686296,0.289593][0.584989,0.015338,0][-1.40565,-0.799087,-0.303715][-0.97123,0.195236,-0.136367][0.539447,0.071987,0][-1.1847,-0.968126,-0.26673][-0.602777,-0.796856,-0.0409902][0.537496,0.010589,0][-1.20709,-0.9554,-0.046391][-0.605899,-0.795388,-0.0156306][0.48041,0.007485,0][-1.20709,-0.9554,-0.046391][-0.605899,-0.795388,-0.0156306][0.48041,0.007485,0][-1.43244,-0.782768,-0.06569][-0.971548,0.20227,-0.123217][0.485877,0.067913,0][-1.40565,-0.799087,-0.303715][-0.97123,0.195236,-0.136367][0.539447,0.071987,0][-0.045799,1.17564,-0.0932159][0.185105,0.979749,0.0763431][0.332443,0.648929,0][0,1.16756,-0.100606][0.0485914,0.257191,0.0200406][0.33082,0.658952,0][-0.039431,1.17534,-0.104807][0.185105,0.979749,0.0763431][0.334805,0.651114,0][-0.502961,1.18573,0.0251561][-0.233183,0.971917,0.031682][0.342237,0.542222,0][-0.241853,1.25058,-0.0424809][-0.233183,0.971917,0.031682][0.333258,0.602894,0][-0.265719,1.24691,-0.105549][-0.239907,0.963496,-0.118831][0.349758,0.603476,0][-0.265719,1.24691,-0.105549][-0.239907,0.963496,-0.118831][0.349758,0.603476,0][-0.541222,1.17906,-0.0994749][-0.239907,0.963496,-0.118831][0.37167,0.544415,0][-0.502961,1.18573,0.0251561][-0.233183,0.971917,0.031682][0.342237,0.542222,0][-0.502961,1.18573,0.0251561][-0.233183,0.971917,0.031682][0.342237,0.542222,0][-0.464564,1.1961,0.140047][-0.243594,0.969858,-0.00612894][0.314589,0.540617,0][-0.224287,1.25568,0.0183341][-0.243594,0.969858,-0.00612894][0.317652,0.601551,0][-0.224287,1.25568,0.0183341][-0.243594,0.969858,-0.00612894][0.317652,0.601551,0][-0.241853,1.25058,-0.0424809][-0.233183,0.971917,0.031682][0.333258,0.602894,0][-0.502961,1.18573,0.0251561][-0.233183,0.971917,0.031682][0.342237,0.542222,0][-0.202133,1.25928,0.0808151][-0.228651,0.973187,0.0250006][0.30106,0.600917,0][-0.224287,1.25568,0.0183341][-0.243594,0.969858,-0.00612894][0.317652,0.601551,0][-0.464564,1.1961,0.140047][-0.243594,0.969858,-0.00612894][0.314589,0.540617,0][-0.464564,1.1961,0.140047][-0.243594,0.969858,-0.00612894][0.314589,0.540617,0][-0.416899,1.20345,0.270885][-0.227913,0.973268,0.0283556][0.283116,0.538104,0][-0.202133,1.25928,0.0808151][-0.228651,0.973187,0.0250006][0.30106,0.600917,0][-0.541222,1.17906,-0.0994749][-0.239907,0.963496,-0.118831][0.37167,0.544415,0][-0.864881,1.07737,-0.0910399][-0.300519,0.94726,-0.111298][0.396723,0.476442,0][-0.797598,1.07664,0.106707][-0.295644,0.94961,0.104098][0.352666,0.473276,0][-0.797598,1.07664,0.106707][-0.295644,0.94961,0.104098][0.352666,0.473276,0][-0.502961,1.18573,0.0251561][-0.233183,0.971917,0.031682][0.342237,0.542222,0][-0.541222,1.17906,-0.0994749][-0.239907,0.963496,-0.118831][0.37167,0.544415,0][-0.797598,1.07664,0.106707][-0.295644,0.94961,0.104098][0.352666,0.473276,0][-0.735237,1.07501,0.2855][-0.346244,0.9292,0.129237][0.312595,0.46973,0][-0.464564,1.1961,0.140047][-0.243594,0.969858,-0.00612894][0.314589,0.540617,0][-0.464564,1.1961,0.140047][-0.243594,0.969858,-0.00612894][0.314589,0.540617,0][-0.502961,1.18573,0.0251561][-0.233183,0.971917,0.031682][0.342237,0.542222,0][-0.797598,1.07664,0.106707][-0.295644,0.94961,0.104098][0.352666,0.473276,0][-0.735237,1.07501,0.2855][-0.346244,0.9292,0.129237][0.312595,0.46973,0][-0.656298,1.07296,0.493275][-0.364244,0.919556,0.147458][0.265725,0.464325,0][-0.416899,1.20345,0.270885][-0.227913,0.973268,0.0283556][0.283116,0.538104,0][-0.416899,1.20345,0.270885][-0.227913,0.973268,0.0283556][0.283116,0.538104,0][-0.464564,1.1961,0.140047][-0.243594,0.969858,-0.00612894][0.314589,0.540617,0][-0.735237,1.07501,0.2855][-0.346244,0.9292,0.129237][0.312595,0.46973,0][-0.864881,1.07737,-0.0910399][-0.300519,0.94726,-0.111298][0.396723,0.476442,0][-1.15667,0.759316,-0.0835519][-0.733462,0.670235,-0.11322][0.424208,0.389544,0][-1.06489,0.757556,0.179218][-0.710047,0.657362,0.252407][0.367096,0.383296,0][-1.06489,0.757556,0.179218][-0.710047,0.657362,0.252407][0.367096,0.383296,0][-0.797598,1.07664,0.106707][-0.295644,0.94961,0.104098][0.352666,0.473276,0][-0.864881,1.07737,-0.0910399][-0.300519,0.94726,-0.111298][0.396723,0.476442,0][-1.06489,0.757556,0.179218][-0.710047,0.657362,0.252407][0.367096,0.383296,0][-0.978812,0.757356,0.413315][-0.711904,0.651443,0.262325][0.316836,0.37913,0][-0.735237,1.07501,0.2855][-0.346244,0.9292,0.129237][0.312595,0.46973,0][-0.735237,1.07501,0.2855][-0.346244,0.9292,0.129237][0.312595,0.46973,0][-0.797598,1.07664,0.106707][-0.295644,0.94961,0.104098][0.352666,0.473276,0][-1.06489,0.757556,0.179218][-0.710047,0.657362,0.252407][0.367096,0.383296,0][-0.978812,0.757356,0.413315][-0.711904,0.651443,0.262325][0.316836,0.37913,0][-0.8678,0.757996,0.686953][-0.705586,0.648904,0.284731][0.255125,0.375529,0][-0.656298,1.07296,0.493275][-0.364244,0.919556,0.147458][0.265725,0.464325,0][-0.656298,1.07296,0.493275][-0.364244,0.919556,0.147458][0.265725,0.464325,0][-0.735237,1.07501,0.2855][-0.346244,0.9292,0.129237][0.312595,0.46973,0][-0.978812,0.757356,0.413315][-0.711904,0.651443,0.262325][0.316836,0.37913,0][-1.15667,0.759316,-0.0835519][-0.733462,0.670235,-0.11322][0.424208,0.389544,0][-1.28716,0.399626,-0.0804199][-0.934094,0.340608,-0.107022][0.443907,0.313495,0][-1.18398,0.398708,0.210056][-0.890563,0.325846,0.317367][0.380186,0.304507,0][-1.18398,0.398708,0.210056][-0.890563,0.325846,0.317367][0.380186,0.304507,0][-1.06489,0.757556,0.179218][-0.710047,0.657362,0.252407][0.367096,0.383296,0][-1.15667,0.759316,-0.0835519][-0.733462,0.670235,-0.11322][0.424208,0.389544,0][-1.18398,0.398708,0.210056][-0.890563,0.325846,0.317367][0.380186,0.304507,0][-1.08787,0.399045,0.469689][-0.888016,0.321936,0.328305][0.322886,0.299528,0][-0.978812,0.757356,0.413315][-0.711904,0.651443,0.262325][0.316836,0.37913,0][-0.978812,0.757356,0.413315][-0.711904,0.651443,0.262325][0.316836,0.37913,0][-1.06489,0.757556,0.179218][-0.710047,0.657362,0.252407][0.367096,0.383296,0][-1.18398,0.398708,0.210056][-0.890563,0.325846,0.317367][0.380186,0.304507,0][-1.08787,0.399045,0.469689][-0.888016,0.321936,0.328305][0.322886,0.299528,0][-0.965254,0.402094,0.77224][-0.877675,0.324781,0.352426][0.253184,0.298145,0][-0.8678,0.757996,0.686953][-0.705586,0.648904,0.284731][0.255125,0.375529,0][-0.8678,0.757996,0.686953][-0.705586,0.648904,0.284731][0.255125,0.375529,0][-0.978812,0.757356,0.413315][-0.711904,0.651443,0.262325][0.316836,0.37913,0][-1.08787,0.399045,0.469689][-0.888016,0.321936,0.328305][0.322886,0.299528,0][-1.20398,-0.09468,0.189065][-0.942023,0.0239465,0.334692][0.399858,0.205965,0][-1.18398,0.398708,0.210056][-0.890563,0.325846,0.317367][0.380186,0.304507,0][-1.28716,0.399626,-0.0804199][-0.934094,0.340608,-0.107022][0.443907,0.313495,0][-1.28716,0.399626,-0.0804199][-0.934094,0.340608,-0.107022][0.443907,0.313495,0][-1.30854,-0.118939,-0.10311][-0.993663,0.0447676,-0.103096][0.469901,0.212577,0][-1.20398,-0.09468,0.189065][-0.942023,0.0239465,0.334692][0.399858,0.205965,0][-1.18398,0.398708,0.210056][-0.890563,0.325846,0.317367][0.380186,0.304507,0][-1.20398,-0.09468,0.189065][-0.942023,0.0239465,0.334692][0.399858,0.205965,0][-1.10614,-0.069161,0.471625][-0.945353,0.0244883,0.325129][0.333666,0.205541,0][-1.10614,-0.069161,0.471625][-0.945353,0.0244883,0.325129][0.333666,0.205541,0][-1.08787,0.399045,0.469689][-0.888016,0.321936,0.328305][0.322886,0.299528,0][-1.18398,0.398708,0.210056][-0.890563,0.325846,0.317367][0.380186,0.304507,0][-1.08787,0.399045,0.469689][-0.888016,0.321936,0.328305][0.322886,0.299528,0][-1.10614,-0.069161,0.471625][-0.945353,0.0244883,0.325129][0.333666,0.205541,0][-0.983516,-0.0427921,0.77416][-0.927247,0.0377228,0.372545][0.259184,0.207964,0][-0.983516,-0.0427921,0.77416][-0.927247,0.0377228,0.372545][0.259184,0.207964,0][-0.965254,0.402094,0.77224][-0.877675,0.324781,0.352426][0.253184,0.298145,0][-1.08787,0.399045,0.469689][-0.888016,0.321936,0.328305][0.322886,0.299528,0][-1.30854,-0.118939,-0.10311][-0.993663,0.0447676,-0.103096][0.469901,0.212577,0][-1.35656,-0.436883,-0.096197][-0.983107,0.145358,-0.111231][0.480521,0.146681,0][-1.24823,-0.404414,0.206924][-0.936183,0.148324,0.318687][0.407108,0.141531,0][-1.24823,-0.404414,0.206924][-0.936183,0.148324,0.318687][0.407108,0.141531,0][-1.20398,-0.09468,0.189065][-0.942023,0.0239465,0.334692][0.399858,0.205965,0][-1.30854,-0.118939,-0.10311][-0.993663,0.0447676,-0.103096][0.469901,0.212577,0][-1.20398,-0.09468,0.189065][-0.942023,0.0239465,0.334692][0.399858,0.205965,0][-1.24823,-0.404414,0.206924][-0.936183,0.148324,0.318687][0.407108,0.141531,0][-1.14664,-0.373767,0.487577][-0.934557,0.152063,0.321683][0.342205,0.142588,0][-1.14664,-0.373767,0.487577][-0.934557,0.152063,0.321683][0.342205,0.142588,0][-1.10614,-0.069161,0.471625][-0.945353,0.0244883,0.325129][0.333666,0.205541,0][-1.20398,-0.09468,0.189065][-0.942023,0.0239465,0.334692][0.399858,0.205965,0][-1.10614,-0.069161,0.471625][-0.945353,0.0244883,0.325129][0.333666,0.205541,0][-1.14664,-0.373767,0.487577][-0.934557,0.152063,0.321683][0.342205,0.142588,0][-1.01969,-0.350734,0.79566][-0.918964,0.141461,0.368096][0.264808,0.143265,0][-1.01969,-0.350734,0.79566][-0.918964,0.141461,0.368096][0.264808,0.143265,0][-0.983516,-0.0427921,0.77416][-0.927247,0.0377228,0.372545][0.259184,0.207964,0][-1.10614,-0.069161,0.471625][-0.945353,0.0244883,0.325129][0.333666,0.205541,0][-1.35656,-0.436883,-0.096197][-0.983107,0.145358,-0.111231][0.480521,0.146681,0][-1.43244,-0.782768,-0.06569][-0.971548,0.20227,-0.123217][0.485877,0.067913,0][-1.31463,-0.745921,0.22589][-0.912067,0.230027,0.339443][0.416797,0.062242,0][-1.31463,-0.745921,0.22589][-0.912067,0.230027,0.339443][0.416797,0.062242,0][-1.24823,-0.404414,0.206924][-0.936183,0.148324,0.318687][0.407108,0.141531,0][-1.35656,-0.436883,-0.096197][-0.983107,0.145358,-0.111231][0.480521,0.146681,0][-1.24823,-0.404414,0.206924][-0.936183,0.148324,0.318687][0.407108,0.141531,0][-1.31463,-0.745921,0.22589][-0.912067,0.230027,0.339443][0.416797,0.062242,0][-1.20489,-0.713995,0.484251][-0.910866,0.197235,0.362522][0.35464,0.0632,0][-1.20489,-0.713995,0.484251][-0.910866,0.197235,0.362522][0.35464,0.0632,0][-1.14664,-0.373767,0.487577][-0.934557,0.152063,0.321683][0.342205,0.142588,0][-1.24823,-0.404414,0.206924][-0.936183,0.148324,0.318687][0.407108,0.141531,0][-1.14664,-0.373767,0.487577][-0.934557,0.152063,0.321683][0.342205,0.142588,0][-1.20489,-0.713995,0.484251][-0.910866,0.197235,0.362522][0.35464,0.0632,0][-1.07341,-0.68125,0.77525][-0.90707,0.151459,0.392791][0.283508,0.072241,0][-1.07341,-0.68125,0.77525][-0.90707,0.151459,0.392791][0.283508,0.072241,0][-1.01969,-0.350734,0.79566][-0.918964,0.141461,0.368096][0.264808,0.143265,0][-1.14664,-0.373767,0.487577][-0.934557,0.152063,0.321683][0.342205,0.142588,0][-1.20709,-0.9554,-0.046391][-0.605899,-0.795388,-0.0156306][0.48041,0.007485,0][-1.11318,-0.920415,0.201882][-0.59569,-0.732923,0.3286][0.410895,0.005117,0][-1.31463,-0.745921,0.22589][-0.912067,0.230027,0.339443][0.416797,0.062242,0][-1.31463,-0.745921,0.22589][-0.912067,0.230027,0.339443][0.416797,0.062242,0][-1.43244,-0.782768,-0.06569][-0.971548,0.20227,-0.123217][0.485877,0.067913,0][-1.20709,-0.9554,-0.046391][-0.605899,-0.795388,-0.0156306][0.48041,0.007485,0][-1.11318,-0.920415,0.201882][-0.59569,-0.732923,0.3286][0.410895,0.005117,0][-1.01936,-0.889761,0.426556][-0.586764,-0.732598,0.344977][0.348695,0.008234,0][-1.20489,-0.713995,0.484251][-0.910866,0.197235,0.362522][0.35464,0.0632,0][-1.20489,-0.713995,0.484251][-0.910866,0.197235,0.362522][0.35464,0.0632,0][-1.31463,-0.745921,0.22589][-0.912067,0.230027,0.339443][0.416797,0.062242,0][-1.11318,-0.920415,0.201882][-0.59569,-0.732923,0.3286][0.410895,0.005117,0][-1.20489,-0.713995,0.484251][-0.910866,0.197235,0.362522][0.35464,0.0632,0][-1.01936,-0.889761,0.426556][-0.586764,-0.732598,0.344977][0.348695,0.008234,0][-0.905131,-0.853669,0.674653][-0.575292,-0.729007,0.370929][0.278338,0.018674,0][-0.905131,-0.853669,0.674653][-0.575292,-0.729007,0.370929][0.278338,0.018674,0][-1.07341,-0.68125,0.77525][-0.90707,0.151459,0.392791][0.283508,0.072241,0][-1.20489,-0.713995,0.484251][-0.910866,0.197235,0.362522][0.35464,0.0632,0][-0.202133,1.25928,0.0808151][-0.228651,0.973187,0.0250006][0.30106,0.600917,0][-0.416899,1.20345,0.270885][-0.227913,0.973268,0.0283556][0.283116,0.538104,0][-0.279913,1.21045,0.337896][-0.123082,0.981129,0.149117][0.254699,0.556595,0][-0.279913,1.21045,0.337896][-0.123082,0.981129,0.149117][0.254699,0.556595,0][-0.131735,1.2633,0.10218][-0.103255,0.982446,0.155366][0.289322,0.612388,0][-0.202133,1.25928,0.0808151][-0.228651,0.973187,0.0250006][0.30106,0.600917,0][0,1.16756,-0.100606][0.0485914,0.257191,0.0200406][0.33082,0.658952,0][-0.131735,1.2633,0.10218][-0.103255,0.982446,0.155366][0.289322,0.612388,0][-0.03702,1.27254,0.130933][0.0491276,1.28518,-0.574829][0.274686,0.626595,0][0,1.16756,-0.100606][0.0485914,0.257191,0.0200406][0.33082,0.658952,0][-0.03702,1.27254,0.130933][0.0491276,1.28518,-0.574829][0.274686,0.626595,0][0,1.27273,0.135698][0,0.995906,-0.0903958][0.270569,0.632957,0][-0.416899,1.20345,0.270885][-0.227913,0.973268,0.0283556][0.283116,0.538104,0][-0.656298,1.07296,0.493275][-0.364244,0.919556,0.147458][0.265725,0.464325,0][-0.434558,1.07284,0.599368][-0.169931,0.918826,0.356205][0.218123,0.487278,0][-0.434558,1.07284,0.599368][-0.169931,0.918826,0.356205][0.218123,0.487278,0][-0.279913,1.21045,0.337896][-0.123082,0.981129,0.149117][0.254699,0.556595,0][-0.416899,1.20345,0.270885][-0.227913,0.973268,0.0283556][0.283116,0.538104,0][-0.434558,1.07284,0.599368][-0.169931,0.918826,0.356205][0.218123,0.487278,0][-0.238135,1.07193,0.687984][-0.249772,1.30182,0.567002][0.176354,0.50668,0][-0.153195,1.21543,0.39593][-0.104933,0.546914,0.238207][0.228901,0.572952,0][-0.153195,1.21543,0.39593][-0.104933,0.546914,0.238207][0.228901,0.572952,0][-0.279913,1.21045,0.337896][-0.123082,0.981129,0.149117][0.254699,0.556595,0][-0.434558,1.07284,0.599368][-0.169931,0.918826,0.356205][0.218123,0.487278,0][-0.238135,1.07193,0.687984][-0.249772,1.30182,0.567002][0.176354,0.50668,0][0,1.07149,0.78281][0,0.786359,0.617769][0.130948,0.521352,0][0,1.21889,0.456951][-0.324713,1.71782,0.758008][0.201555,0.5905,0][0,1.21889,0.456951][-0.324713,1.71782,0.758008][0.201555,0.5905,0][-0.153195,1.21543,0.39593][-0.104933,0.546914,0.238207][0.228901,0.572952,0][-0.238135,1.07193,0.687984][-0.249772,1.30182,0.567002][0.176354,0.50668,0][-0.656298,1.07296,0.493275][-0.364244,0.919556,0.147458][0.265725,0.464325,0][-0.8678,0.757996,0.686953][-0.705586,0.648904,0.284731][0.255125,0.375529,0][-0.573397,0.757526,0.82819][-0.329632,0.645194,0.689251][0.189206,0.397069,0][-0.573397,0.757526,0.82819][-0.329632,0.645194,0.689251][0.189206,0.397069,0][-0.434558,1.07284,0.599368][-0.169931,0.918826,0.356205][0.218123,0.487278,0][-0.656298,1.07296,0.493275][-0.364244,0.919556,0.147458][0.265725,0.464325,0][-0.573397,0.757526,0.82819][-0.329632,0.645194,0.689251][0.189206,0.397069,0][-0.314534,0.759456,0.94202][-0.466987,0.964272,1.04563][0.141558,0.418256,0][-0.238135,1.07193,0.687984][-0.249772,1.30182,0.567002][0.176354,0.50668,0][-0.238135,1.07193,0.687984][-0.249772,1.30182,0.567002][0.176354,0.50668,0][-0.434558,1.07284,0.599368][-0.169931,0.918826,0.356205][0.218123,0.487278,0][-0.573397,0.757526,0.82819][-0.329632,0.645194,0.689251][0.189206,0.397069,0][-0.314534,0.759456,0.94202][-0.466987,0.964272,1.04563][0.141558,0.418256,0][0,0.762326,1.06509][-0.376167,0.859494,0.941339][0.094342,0.44131,0][0,1.07149,0.78281][0,0.786359,0.617769][0.130948,0.521352,0][0,1.07149,0.78281][0,0.786359,0.617769][0.130948,0.521352,0][-0.238135,1.07193,0.687984][-0.249772,1.30182,0.567002][0.176354,0.50668,0][-0.314534,0.759456,0.94202][-0.466987,0.964272,1.04563][0.141558,0.418256,0][-0.8678,0.757996,0.686953][-0.705586,0.648904,0.284731][0.255125,0.375529,0][-0.965254,0.402094,0.77224][-0.877675,0.324781,0.352426][0.253184,0.298145,0][-0.639898,0.405455,0.92838][-0.412923,0.317618,0.853589][0.176921,0.313921,0][-0.639898,0.405455,0.92838][-0.412923,0.317618,0.853589][0.176921,0.313921,0][-0.573397,0.757526,0.82819][-0.329632,0.645194,0.689251][0.189206,0.397069,0][-0.8678,0.757996,0.686953][-0.705586,0.648904,0.284731][0.255125,0.375529,0][-0.639898,0.405455,0.92838][-0.412923,0.317618,0.853589][0.176921,0.313921,0][-0.351279,0.409663,1.08179][-0.657458,0.557202,1.22163][0.110219,0.330403,0][-0.314534,0.759456,0.94202][-0.466987,0.964272,1.04563][0.141558,0.418256,0][-0.314534,0.759456,0.94202][-0.466987,0.964272,1.04563][0.141558,0.418256,0][-0.573397,0.757526,0.82819][-0.329632,0.645194,0.689251][0.189206,0.397069,0][-0.639898,0.405455,0.92838][-0.412923,0.317618,0.853589][0.176921,0.313921,0][-0.351279,0.409663,1.08179][-0.657458,0.557202,1.22163][0.110219,0.330403,0][0,0.413161,1.22057][0,0.276706,0.960954][0.059526,0.35054,0][0,0.762326,1.06509][-0.376167,0.859494,0.941339][0.094342,0.44131,0][0,0.762326,1.06509][-0.376167,0.859494,0.941339][0.094342,0.44131,0][-0.314534,0.759456,0.94202][-0.466987,0.964272,1.04563][0.141558,0.418256,0][-0.351279,0.409663,1.08179][-0.657458,0.557202,1.22163][0.110219,0.330403,0][-0.656535,-0.026138,0.9666][-0.431467,0.0960666,0.896999][0.173957,0.21819,0][-0.639898,0.405455,0.92838][-0.412923,0.317618,0.853589][0.176921,0.313921,0][-0.965254,0.402094,0.77224][-0.877675,0.324781,0.352426][0.253184,0.298145,0][-0.965254,0.402094,0.77224][-0.877675,0.324781,0.352426][0.253184,0.298145,0][-0.983516,-0.0427921,0.77416][-0.927247,0.0377228,0.372545][0.259184,0.207964,0][-0.656535,-0.026138,0.9666][-0.431467,0.0960666,0.896999][0.173957,0.21819,0][-0.656535,-0.026138,0.9666][-0.431467,0.0960666,0.896999][0.173957,0.21819,0][-0.359015,-0.0107011,1.14456][-0.798699,0.211351,1.31696][0.099132,0.231387,0][-0.351279,0.409663,1.08179][-0.657458,0.557202,1.22163][0.110219,0.330403,0][-0.351279,0.409663,1.08179][-0.657458,0.557202,1.22163][0.110219,0.330403,0][-0.639898,0.405455,0.92838][-0.412923,0.317618,0.853589][0.176921,0.313921,0][-0.656535,-0.026138,0.9666][-0.431467,0.0960666,0.896999][0.173957,0.21819,0][-0.359015,-0.0107011,1.14456][-0.798699,0.211351,1.31696][0.099132,0.231387,0][0,0.00190994,1.28646][0,0.0979734,0.995189][0.043445,0.247788,0][0,0.413161,1.22057][0,0.276706,0.960954][0.059526,0.35054,0][0,0.413161,1.22057][0,0.276706,0.960954][0.059526,0.35054,0][-0.351279,0.409663,1.08179][-0.657458,0.557202,1.22163][0.110219,0.330403,0][-0.359015,-0.0107011,1.14456][-0.798699,0.211351,1.31696][0.099132,0.231387,0][-0.983516,-0.0427921,0.77416][-0.927247,0.0377228,0.372545][0.259184,0.207964,0][-1.01969,-0.350734,0.79566][-0.918964,0.141461,0.368096][0.264808,0.143265,0][-0.678563,-0.342564,1.00281][-0.517397,0.119936,0.847299][0.174859,0.146309,0][-0.678563,-0.342564,1.00281][-0.517397,0.119936,0.847299][0.174859,0.146309,0][-0.656535,-0.026138,0.9666][-0.431467,0.0960666,0.896999][0.173957,0.21819,0][-0.983516,-0.0427921,0.77416][-0.927247,0.0377228,0.372545][0.259184,0.207964,0][-0.656535,-0.026138,0.9666][-0.431467,0.0960666,0.896999][0.173957,0.21819,0][-0.678563,-0.342564,1.00281][-0.517397,0.119936,0.847299][0.174859,0.146309,0][-0.36804,-0.334542,1.15363][-0.332341,0.100824,0.678893][0.099258,0.153601,0][-0.36804,-0.334542,1.15363][-0.332341,0.100824,0.678893][0.099258,0.153601,0][-0.359015,-0.0107011,1.14456][-0.798699,0.211351,1.31696][0.099132,0.231387,0][-0.656535,-0.026138,0.9666][-0.431467,0.0960666,0.896999][0.173957,0.21819,0][-0.359015,-0.0107011,1.14456][-0.798699,0.211351,1.31696][0.099132,0.231387,0][-0.36804,-0.334542,1.15363][-0.332341,0.100824,0.678893][0.099258,0.153601,0][0,-0.321079,1.29863][0,-0.13883,0.990316][0.039136,0.167186,0][0,-0.321079,1.29863][0,-0.13883,0.990316][0.039136,0.167186,0][0,0.00190994,1.28646][0,0.0979734,0.995189][0.043445,0.247788,0][-0.359015,-0.0107011,1.14456][-0.798699,0.211351,1.31696][0.099132,0.231387,0][-1.01969,-0.350734,0.79566][-0.918964,0.141461,0.368096][0.264808,0.143265,0][-1.07341,-0.68125,0.77525][-0.90707,0.151459,0.392791][0.283508,0.072241,0][-0.701563,-0.680176,0.92615][-0.376036,0.00389947,0.926597][0.19547,0.066725,0][-0.701563,-0.680176,0.92615][-0.376036,0.00389947,0.926597][0.19547,0.066725,0][-0.678563,-0.342564,1.00281][-0.517397,0.119936,0.847299][0.174859,0.146309,0][-1.01969,-0.350734,0.79566][-0.918964,0.141461,0.368096][0.264808,0.143265,0][-0.678563,-0.342564,1.00281][-0.517397,0.119936,0.847299][0.174859,0.146309,0][-0.701563,-0.680176,0.92615][-0.376036,0.00389947,0.926597][0.19547,0.066725,0][-0.373178,-0.670861,1.04952][-0.293826,-0.16032,0.794209][0.114288,0.071345,0][-0.373178,-0.670861,1.04952][-0.293826,-0.16032,0.794209][0.114288,0.071345,0][-0.36804,-0.334542,1.15363][-0.332341,0.100824,0.678893][0.099258,0.153601,0][-0.678563,-0.342564,1.00281][-0.517397,0.119936,0.847299][0.174859,0.146309,0][-0.36804,-0.334542,1.15363][-0.332341,0.100824,0.678893][0.099258,0.153601,0][-0.373178,-0.670861,1.04952][-0.293826,-0.16032,0.794209][0.114288,0.071345,0][0,-0.655221,1.18175][-0.560004,-0.507321,1.54397][0.04441,0.07849,0][0,-0.655221,1.18175][-0.560004,-0.507321,1.54397][0.04441,0.07849,0][0,-0.321079,1.29863][0,-0.13883,0.990316][0.039136,0.167186,0][-0.36804,-0.334542,1.15363][-0.332341,0.100824,0.678893][0.099258,0.153601,0][-0.905131,-0.853669,0.674653][-0.575292,-0.729007,0.370929][0.278338,0.018674,0][-0.603397,-0.833228,0.80803][-0.254013,-0.687759,0.680048][0.194591,0.019658,0][-0.701563,-0.680176,0.92615][-0.376036,0.00389947,0.926597][0.19547,0.066725,0][-0.701563,-0.680176,0.92615][-0.376036,0.00389947,0.926597][0.19547,0.066725,0][-1.07341,-0.68125,0.77525][-0.90707,0.151459,0.392791][0.283508,0.072241,0][-0.905131,-0.853669,0.674653][-0.575292,-0.729007,0.370929][0.278338,0.018674,0][-0.603397,-0.833228,0.80803][-0.254013,-0.687759,0.680048][0.194591,0.019658,0][-0.321554,-0.818292,0.9181][-0.370447,-1.10946,1.09911][0.118811,0.024217,0][-0.373178,-0.670861,1.04952][-0.293826,-0.16032,0.794209][0.114288,0.071345,0][-0.373178,-0.670861,1.04952][-0.293826,-0.16032,0.794209][0.114288,0.071345,0][-0.701563,-0.680176,0.92615][-0.376036,0.00389947,0.926597][0.19547,0.066725,0][-0.603397,-0.833228,0.80803][-0.254013,-0.687759,0.680048][0.194591,0.019658,0][-0.373178,-0.670861,1.04952][-0.293826,-0.16032,0.794209][0.114288,0.071345,0][-0.321554,-0.818292,0.9181][-0.370447,-1.10946,1.09911][0.118811,0.024217,0][0,-0.803357,1.02816][-0.384603,-1.28557,1.25502][0.04949,0.027001,0][0,-0.803357,1.02816][-0.384603,-1.28557,1.25502][0.04949,0.027001,0][0,-0.655221,1.18175][-0.560004,-0.507321,1.54397][0.04441,0.07849,0][-0.373178,-0.670861,1.04952][-0.293826,-0.16032,0.794209][0.114288,0.071345,0][0,1.16756,-0.100606][0.0485914,0.257191,0.0200406][0.33082,0.658952,0][0,1.16589,-0.113362][0.217658,0.968981,-0.117052][0.333849,0.660065,0][-0.034196,1.17383,-0.11122][0.217658,0.968981,-0.117052][0.335925,0.652714,0][-0.034196,1.17383,-0.11122][0.217658,0.968981,-0.117052][0.335925,0.652714,0][-0.039431,1.17534,-0.104807][0.185105,0.979749,0.0763431][0.334805,0.651114,0][0,1.16756,-0.100606][0.0485914,0.257191,0.0200406][0.33082,0.658952,0][0,1.16756,-0.100606][0.0485914,0.257191,0.0200406][0.33082,0.658952,0][-0.045799,1.17564,-0.0932159][0.185105,0.979749,0.0763431][0.332443,0.648929,0][-0.046512,1.17139,-0.0815969][0.216911,0.912418,0.34705][0.329451,0.648111,0][-0.245214,0.865366,-1.27484][-0.240636,0.720787,-0.650046][0.642914,0.64113,0][-0.248539,1.03764,-1.08259][-0.296683,0.742905,-0.600059][0.583839,0.641578,0][-0.045653,0.974276,-1.10128][0.316648,0.890217,-0.327488][0.585243,0.689291,0][-0.045653,0.974276,-1.10128][0.316648,0.890217,-0.327488][0.585243,0.689291,0][-0.057316,0.905826,-1.29863][0.316648,0.890217,-0.327488][0.635656,0.687611,0][-0.245214,0.865366,-1.27484][-0.240636,0.720787,-0.650046][0.642914,0.64113,0][-0.248539,1.03764,-1.08259][-0.296683,0.742905,-0.600059][0.583839,0.641578,0][-0.244311,1.10833,-0.889673][-0.267642,0.906576,-0.326324][0.534826,0.640544,0][-0.029702,1.03554,-0.898597][0.358447,0.88544,-0.295823][0.531403,0.691355,0][-0.029702,1.03554,-0.898597][0.358447,0.88544,-0.295823][0.531403,0.691355,0][-0.045653,0.974276,-1.10128][0.316648,0.890217,-0.327488][0.585243,0.689291,0][-0.248539,1.03764,-1.08259][-0.296683,0.742905,-0.600059][0.583839,0.641578,0][-0.244311,1.10833,-0.889673][-0.267642,0.906576,-0.326324][0.534826,0.640544,0][-0.247002,1.17603,-0.6976][-0.23573,0.915511,-0.325993][0.48607,0.63584,0][-0.02337,1.10044,-0.692938][0.413296,0.864655,-0.285585][0.476674,0.687321,0][-0.02337,1.10044,-0.692938][0.413296,0.864655,-0.285585][0.476674,0.687321,0][-0.029702,1.03554,-0.898597][0.358447,0.88544,-0.295823][0.531403,0.691355,0][-0.244311,1.10833,-0.889673][-0.267642,0.906576,-0.326324][0.534826,0.640544,0][-0.247002,1.17603,-0.6976][-0.23573,0.915511,-0.325993][0.48607,0.63584,0][-0.251623,1.20147,-0.498075][-0.242822,0.960314,-0.137238][0.439052,0.628183,0][-0.022134,1.12442,-0.495487][0.454961,0.883671,-0.110168][0.425004,0.680927,0][-0.022134,1.12442,-0.495487][0.454961,0.883671,-0.110168][0.425004,0.680927,0][-0.02337,1.10044,-0.692938][0.413296,0.864655,-0.285585][0.476674,0.687321,0][-0.247002,1.17603,-0.6976][-0.23573,0.915511,-0.325993][0.48607,0.63584,0][-0.251623,1.20147,-0.498075][-0.242822,0.960314,-0.137238][0.439052,0.628183,0][-0.256852,1.22411,-0.307072][-0.239145,0.96268,-0.126719][0.395468,0.618406,0][-0.02614,1.14855,-0.305513][0.45834,0.88285,-0.102472][0.37983,0.669268,0][-0.02614,1.14855,-0.305513][0.45834,0.88285,-0.102472][0.37983,0.669268,0][-0.022134,1.12442,-0.495487][0.454961,0.883671,-0.110168][0.425004,0.680927,0][-0.251623,1.20147,-0.498075][-0.242822,0.960314,-0.137238][0.439052,0.628183,0][-0.256852,1.22411,-0.307072][-0.239145,0.96268,-0.126719][0.395468,0.618406,0][-0.265719,1.24691,-0.105549][-0.239907,0.963496,-0.118831][0.349758,0.603476,0][-0.034196,1.17383,-0.11122][0.217658,0.968981,-0.117052][0.335925,0.652714,0][-0.034196,1.17383,-0.11122][0.217658,0.968981,-0.117052][0.335925,0.652714,0][-0.02614,1.14855,-0.305513][0.45834,0.88285,-0.102472][0.37983,0.669268,0][-0.256852,1.22411,-0.307072][-0.239145,0.96268,-0.126719][0.395468,0.618406,0][-0.241853,1.25058,-0.0424809][-0.233183,0.971917,0.031682][0.333258,0.602894,0][-0.039431,1.17534,-0.104807][0.185105,0.979749,0.0763431][0.334805,0.651114,0][-0.034196,1.17383,-0.11122][0.217658,0.968981,-0.117052][0.335925,0.652714,0][-0.034196,1.17383,-0.11122][0.217658,0.968981,-0.117052][0.335925,0.652714,0][-0.265719,1.24691,-0.105549][-0.239907,0.963496,-0.118831][0.349758,0.603476,0][-0.241853,1.25058,-0.0424809][-0.233183,0.971917,0.031682][0.333258,0.602894,0][-0.241853,1.25058,-0.0424809][-0.233183,0.971917,0.031682][0.333258,0.602894,0][-0.224287,1.25568,0.0183341][-0.243594,0.969858,-0.00612894][0.317652,0.601551,0][-0.045799,1.17564,-0.0932159][0.185105,0.979749,0.0763431][0.332443,0.648929,0][-0.045799,1.17564,-0.0932159][0.185105,0.979749,0.0763431][0.332443,0.648929,0][-0.039431,1.17534,-0.104807][0.185105,0.979749,0.0763431][0.334805,0.651114,0][-0.241853,1.25058,-0.0424809][-0.233183,0.971917,0.031682][0.333258,0.602894,0][-0.046512,1.17139,-0.0815969][0.216911,0.912418,0.34705][0.329451,0.648111,0][-0.045799,1.17564,-0.0932159][0.185105,0.979749,0.0763431][0.332443,0.648929,0][-0.224287,1.25568,0.0183341][-0.243594,0.969858,-0.00612894][0.317652,0.601551,0][-0.224287,1.25568,0.0183341][-0.243594,0.969858,-0.00612894][0.317652,0.601551,0][-0.202133,1.25928,0.0808151][-0.228651,0.973187,0.0250006][0.30106,0.600917,0][-0.046512,1.17139,-0.0815969][0.216911,0.912418,0.34705][0.329451,0.648111,0][-0.046512,1.17139,-0.0815969][0.216911,0.912418,0.34705][0.329451,0.648111,0][-0.202133,1.25928,0.0808151][-0.228651,0.973187,0.0250006][0.30106,0.600917,0][-0.131735,1.2633,0.10218][-0.103255,0.982446,0.155366][0.289322,0.612388,0][-0.131735,1.2633,0.10218][-0.103255,0.982446,0.155366][0.289322,0.612388,0][0,1.16756,-0.100606][0.0485914,0.257191,0.0200406][0.33082,0.658952,0][-0.046512,1.17139,-0.0815969][0.216911,0.912418,0.34705][0.329451,0.648111,0][-0.153195,1.21543,0.39593][-0.104933,0.546914,0.238207][0.228901,0.572952,0][0,1.21889,0.456951][-0.324713,1.71782,0.758008][0.201555,0.5905,0][0,1.27273,0.135698][0,0.995906,-0.0903958][0.270569,0.632957,0][0,1.27273,0.135698][0,0.995906,-0.0903958][0.270569,0.632957,0][-0.03702,1.27254,0.130933][0.0491276,1.28518,-0.574829][0.274686,0.626595,0][-0.153195,1.21543,0.39593][-0.104933,0.546914,0.238207][0.228901,0.572952,0][-0.131735,1.2633,0.10218][-0.103255,0.982446,0.155366][0.289322,0.612388,0][-0.279913,1.21045,0.337896][-0.123082,0.981129,0.149117][0.254699,0.556595,0][-0.153195,1.21543,0.39593][-0.104933,0.546914,0.238207][0.228901,0.572952,0][-0.153195,1.21543,0.39593][-0.104933,0.546914,0.238207][0.228901,0.572952,0][-0.03702,1.27254,0.130933][0.0491276,1.28518,-0.574829][0.274686,0.626595,0][-0.131735,1.2633,0.10218][-0.103255,0.982446,0.155366][0.289322,0.612388,0][0,0.829976,-1.05812][-0.247245,-0.920656,0.302096][0.763874,0.680532,0][-0.087008,0.855206,-1.05244][-0.247245,-0.920656,0.302096][0.763568,0.673164,0][-0.087724,0.792046,-1.24551][-0.247245,-0.920656,0.302096][0.746548,0.673747,0][-0.087724,0.792046,-1.24551][-0.247245,-0.920656,0.302096][0.746548,0.673747,0][0,0.766816,-1.25404][-0.236968,-0.924655,0.298094][0.747845,0.681933,0][0,0.829976,-1.05812][-0.247245,-0.920656,0.302096][0.763874,0.680532,0][0,0.893136,-0.862215][-0.263226,-0.915911,0.303018][0.780433,0.68108,0][-0.084519,0.918366,-0.859374][-0.263226,-0.915911,0.303018][0.780305,0.67422,0][-0.087008,0.855206,-1.05244][-0.247245,-0.920656,0.302096][0.763568,0.673164,0][-0.087008,0.855206,-1.05244][-0.247245,-0.920656,0.302096][0.763568,0.673164,0][0,0.829976,-1.05812][-0.247245,-0.920656,0.302096][0.763874,0.680532,0][0,0.893136,-0.862215][-0.263226,-0.915911,0.303018][0.780433,0.68108,0][0,0.956276,-0.666304][-0.280814,-0.911069,0.301822][0.797974,0.68184,0][-0.081856,0.981506,-0.666304][-0.280814,-0.911069,0.301822][0.797311,0.674968,0][-0.084519,0.918366,-0.859374][-0.263226,-0.915911,0.303018][0.780305,0.67422,0][-0.084519,0.918366,-0.859374][-0.263226,-0.915911,0.303018][0.780305,0.67422,0][0,0.893136,-0.862215][-0.263226,-0.915911,0.303018][0.780433,0.68108,0][0,0.956276,-0.666304][-0.280814,-0.911069,0.301822][0.797974,0.68184,0][-0.237302,0.918216,-1.02027][0.3165,-0.733024,0.602083][0.766376,0.660048,0][-0.448034,0.855206,-0.986203][0.316499,-0.733024,0.602083][0.763898,0.640859,0][-0.418233,0.736696,-1.14615][0.316499,-0.733024,0.602083][0.749818,0.641117,0][-0.418233,0.736696,-1.14615][0.316499,-0.733024,0.602083][0.749818,0.641117,0][-0.223194,0.758796,-1.19725][0.252839,-0.708756,0.658588][0.74907,0.660563,0][-0.237302,0.918216,-1.02027][0.3165,-0.733024,0.602083][0.766376,0.660048,0][-0.242286,0.981366,-0.843284][0.283651,-0.88388,0.371886][0.78095,0.660309,0][-0.460928,0.918366,-0.826253][0.283651,-0.88388,0.371886][0.777821,0.641537,0][-0.448034,0.855206,-0.986203][0.316499,-0.733024,0.602083][0.763898,0.640859,0][-0.448034,0.855206,-0.986203][0.316499,-0.733024,0.602083][0.763898,0.640859,0][-0.237302,0.918216,-1.02027][0.3165,-0.733024,0.602083][0.766376,0.660048,0][-0.242286,0.981366,-0.843284][0.283651,-0.88388,0.371886][0.78095,0.660309,0][-0.242286,0.981366,-0.843284][0.283651,-0.88388,0.371886][0.78095,0.660309,0][-0.24736,1.04452,-0.666304][0.252504,-0.909005,0.33159][0.796155,0.661049,0][-0.474193,0.981506,-0.666304][0.252504,-0.909005,0.33159][0.791785,0.642372,0][-0.474193,0.981506,-0.666304][0.252504,-0.909005,0.33159][0.791785,0.642372,0][-0.460928,0.918366,-0.826253][0.283651,-0.88388,0.371886][0.777821,0.641537,0][-0.242286,0.981366,-0.843284][0.283651,-0.88388,0.371886][0.78095,0.660309,0][-0.448034,0.855206,-0.986203][0.316499,-0.733024,0.602083][0.763898,0.640859,0][-0.697975,0.775896,-0.945802][0.328525,-0.730096,0.599193][0.763678,0.618824,0][-0.649562,0.682988,-1.08555][0.328525,-0.730096,0.599193][0.750423,0.617915,0][-0.649562,0.682988,-1.08555][0.328525,-0.730096,0.599193][0.750423,0.617915,0][-0.418233,0.736696,-1.14615][0.316499,-0.733024,0.602083][0.749818,0.641117,0][-0.448034,0.855206,-0.986203][0.316499,-0.733024,0.602083][0.763898,0.640859,0][-0.460928,0.918366,-0.826253][0.283651,-0.88388,0.371886][0.777821,0.641537,0][-0.720249,0.839046,-0.806053][0.294393,-0.852415,0.432113][0.775523,0.619926,0][-0.697975,0.775896,-0.945802][0.328525,-0.730096,0.599193][0.763678,0.618824,0][-0.697975,0.775896,-0.945802][0.328525,-0.730096,0.599193][0.763678,0.618824,0][-0.448034,0.855206,-0.986203][0.316499,-0.733024,0.602083][0.763898,0.640859,0][-0.460928,0.918366,-0.826253][0.283651,-0.88388,0.371886][0.777821,0.641537,0][-0.474193,0.981506,-0.666304][0.252504,-0.909005,0.33159][0.791785,0.642372,0][-0.743228,0.902196,-0.666304][0.254925,-0.864754,0.432683][0.788504,0.620801,0][-0.720249,0.839046,-0.806053][0.294393,-0.852415,0.432113][0.775523,0.619926,0][-0.720249,0.839046,-0.806053][0.294393,-0.852415,0.432113][0.775523,0.619926,0][-0.460928,0.918366,-0.826253][0.283651,-0.88388,0.371886][0.777821,0.641537,0][-0.474193,0.981506,-0.666304][0.252504,-0.909005,0.33159][0.791785,0.642372,0][-0.649562,0.682988,-1.08555][0.328525,-0.730096,0.599193][0.750423,0.617915,0][-0.697975,0.775896,-0.945802][0.328525,-0.730096,0.599193][0.763678,0.618824,0][-0.864152,0.518128,-0.923322][0.730502,-0.424269,0.535129][0.762124,0.593524,0][-0.864152,0.518128,-0.923322][0.730502,-0.424269,0.535129][0.762124,0.593524,0][-0.77828,0.454971,-1.05183][0.713256,-0.309653,0.628793][0.750389,0.59263,0][-0.649562,0.682988,-1.08555][0.328525,-0.730096,0.599193][0.750423,0.617915,0][-0.697975,0.775896,-0.945802][0.328525,-0.730096,0.599193][0.763678,0.618824,0][-0.720249,0.839046,-0.806053][0.294393,-0.852415,0.432113][0.775523,0.619926,0][-0.920309,0.581285,-0.794813][0.741398,-0.55926,0.370888][0.77352,0.594079,0][-0.920309,0.581285,-0.794813][0.741398,-0.55926,0.370888][0.77352,0.594079,0][-0.864152,0.518128,-0.923322][0.730502,-0.424269,0.535129][0.762124,0.593524,0][-0.697975,0.775896,-0.945802][0.328525,-0.730096,0.599193][0.763678,0.618824,0][-0.720249,0.839046,-0.806053][0.294393,-0.852415,0.432113][0.775523,0.619926,0][-0.743228,0.902196,-0.666304][0.254925,-0.864754,0.432683][0.788504,0.620801,0][-0.978969,0.644433,-0.666304][0.678817,-0.620823,0.392156][0.785669,0.594356,0][-0.978969,0.644433,-0.666304][0.678817,-0.620823,0.392156][0.785669,0.594356,0][-0.920309,0.581285,-0.794813][0.741398,-0.55926,0.370888][0.77352,0.594079,0][-0.720249,0.839046,-0.806053][0.294393,-0.852415,0.432113][0.775523,0.619926,0][-0.77828,0.454971,-1.05183][0.713256,-0.309653,0.628793][0.750389,0.59263,0][-0.864152,0.518128,-0.923322][0.730502,-0.424269,0.535129][0.762124,0.593524,0][-0.964124,0.220705,-0.907163][0.757186,-0.221118,0.614636][0.762258,0.564705,0][-0.964124,0.220705,-0.907163][0.757186,-0.221118,0.614636][0.762258,0.564705,0][-0.870801,0.157548,-1.02759][0.732089,-0.174062,0.658595][0.750746,0.561831,0][-0.77828,0.454971,-1.05183][0.713256,-0.309653,0.628793][0.750389,0.59263,0][-0.864152,0.518128,-0.923322][0.730502,-0.424269,0.535129][0.762124,0.593524,0][-0.920309,0.581285,-0.794813][0.741398,-0.55926,0.370888][0.77352,0.594079,0][-1.02403,0.283861,-0.786733][0.824524,-0.274089,0.495011][0.773181,0.567123,0][-1.02403,0.283861,-0.786733][0.824524,-0.274089,0.495011][0.773181,0.567123,0][-0.964124,0.220705,-0.907163][0.757186,-0.221118,0.614636][0.762258,0.564705,0][-0.864152,0.518128,-0.923322][0.730502,-0.424269,0.535129][0.762124,0.593524,0][-0.920309,0.581285,-0.794813][0.741398,-0.55926,0.370888][0.77352,0.594079,0][-0.978969,0.644433,-0.666304][0.678817,-0.620823,0.392156][0.785669,0.594356,0][-1.08657,0.347007,-0.666304][0.807624,-0.292178,0.512226][0.784141,0.569135,0][-1.08657,0.347007,-0.666304][0.807624,-0.292178,0.512226][0.784141,0.569135,0][-1.02403,0.283861,-0.786733][0.824524,-0.274089,0.495011][0.773181,0.567123,0][-0.920309,0.581285,-0.794813][0.741398,-0.55926,0.370888][0.77352,0.594079,0][-0.870801,0.157548,-1.02759][0.732089,-0.174062,0.658595][0.750746,0.561831,0][-0.964124,0.220705,-0.907163][0.757186,-0.221118,0.614636][0.762258,0.564705,0][-0.981533,-0.275969,-0.921613][0.777932,-0.0455003,0.626698][0.761032,0.521772,0][-0.981533,-0.275969,-0.921613][0.777932,-0.0455003,0.626698][0.761032,0.521772,0][-0.886591,-0.340073,-1.04361][0.776815,-0.0448656,0.628128][0.749487,0.517752,0][-0.870801,0.157548,-1.02759][0.732089,-0.174062,0.658595][0.750746,0.561831,0][-0.964124,0.220705,-0.907163][0.757186,-0.221118,0.614636][0.762258,0.564705,0][-1.02403,0.283861,-0.786733][0.824524,-0.274089,0.495011][0.773181,0.567123,0][-1.04245,-0.211866,-0.799618][0.884845,-0.0449316,0.463715][0.771852,0.525968,0][-1.04245,-0.211866,-0.799618][0.884845,-0.0449316,0.463715][0.771852,0.525968,0][-0.981533,-0.275969,-0.921613][0.777932,-0.0455003,0.626698][0.761032,0.521772,0][-0.964124,0.220705,-0.907163][0.757186,-0.221118,0.614636][0.762258,0.564705,0][-1.02403,0.283861,-0.786733][0.824524,-0.274089,0.495011][0.773181,0.567123,0][-1.08657,0.347007,-0.666304][0.807624,-0.292178,0.512226][0.784141,0.569135,0][-1.10604,-0.147774,-0.677622][0.876603,-0.0454534,0.479063][0.782813,0.52961,0][-1.10604,-0.147774,-0.677622][0.876603,-0.0454534,0.479063][0.782813,0.52961,0][-1.04245,-0.211866,-0.799618][0.884845,-0.0449316,0.463715][0.771852,0.525968,0][-1.02403,0.283861,-0.786733][0.824524,-0.274089,0.495011][0.773181,0.567123,0][-0.886591,-0.340073,-1.04361][0.776815,-0.0448656,0.628128][0.749487,0.517752,0][-0.981533,-0.275969,-0.921613][0.777932,-0.0455003,0.626698][0.761032,0.521772,0][-1.02383,-0.647244,-0.943565][0.750494,-0.123882,0.649163][0.760174,0.489035,0][-1.02383,-0.647244,-0.943565][0.750494,-0.123882,0.649163][0.760174,0.489035,0][-0.925183,-0.712996,-1.06732][0.744696,-0.118824,0.656741][0.748414,0.48477,0][-0.886591,-0.340073,-1.04361][0.776815,-0.0448656,0.628128][0.749487,0.517752,0][-0.981533,-0.275969,-0.921613][0.777932,-0.0455003,0.626698][0.761032,0.521772,0][-1.04245,-0.211866,-0.799618][0.884845,-0.0449316,0.463715][0.771852,0.525968,0][-1.08696,-0.581491,-0.81981][0.857921,-0.130457,0.496944][0.771073,0.494141,0][-1.08696,-0.581491,-0.81981][0.857921,-0.130457,0.496944][0.771073,0.494141,0][-1.02383,-0.647244,-0.943565][0.750494,-0.123882,0.649163][0.760174,0.489035,0][-0.981533,-0.275969,-0.921613][0.777932,-0.0455003,0.626698][0.761032,0.521772,0][-1.04245,-0.211866,-0.799618][0.884845,-0.0449316,0.463715][0.771852,0.525968,0][-1.10604,-0.147774,-0.677622][0.876603,-0.0454534,0.479063][0.782813,0.52961,0][-1.15285,-0.515751,-0.696055][0.848318,-0.133579,0.512361][0.782659,0.499151,0][-1.15285,-0.515751,-0.696055][0.848318,-0.133579,0.512361][0.782659,0.499151,0][-1.08696,-0.581491,-0.81981][0.857921,-0.130457,0.496944][0.771073,0.494141,0][-1.04245,-0.211866,-0.799618][0.884845,-0.0449316,0.463715][0.771852,0.525968,0][-0.925183,-0.712996,-1.06732][0.744696,-0.118824,0.656741][0.748414,0.48477,0][-1.02383,-0.647244,-0.943565][0.750494,-0.123882,0.649163][0.760174,0.489035,0][-1.08794,-1.00015,-0.954534][0.731335,-0.153509,0.664518][0.760488,0.459595,0][-1.08794,-1.00015,-0.954534][0.731335,-0.153509,0.664518][0.760488,0.459595,0][-0.981568,-1.06616,-1.08383][0.725613,-0.147265,0.672159][0.745896,0.452563,0][-0.925183,-0.712996,-1.06732][0.744696,-0.118824,0.656741][0.748414,0.48477,0][-1.02383,-0.647244,-0.943565][0.750494,-0.123882,0.649163][0.760174,0.489035,0][-1.08696,-0.581491,-0.81981][0.857921,-0.130457,0.496944][0.771073,0.494141,0][-1.15671,-0.934148,-0.825241][0.836904,-0.173521,0.519116][0.77131,0.463817,0][-1.15671,-0.934148,-0.825241][0.836904,-0.173521,0.519116][0.77131,0.463817,0][-1.08794,-1.00015,-0.954534][0.731335,-0.153509,0.664518][0.760488,0.459595,0][-1.02383,-0.647244,-0.943565][0.750494,-0.123882,0.649163][0.760174,0.489035,0][-1.08696,-0.581491,-0.81981][0.857921,-0.130457,0.496944][0.771073,0.494141,0][-1.15285,-0.515751,-0.696055][0.848318,-0.133579,0.512361][0.782659,0.499151,0][-1.22853,-0.868152,-0.695947][0.826512,-0.177334,0.534257][0.783325,0.47036,0][-1.22853,-0.868152,-0.695947][0.826512,-0.177334,0.534257][0.783325,0.47036,0][-1.15671,-0.934148,-0.825241][0.836904,-0.173521,0.519116][0.77131,0.463817,0][-1.08696,-0.581491,-0.81981][0.857921,-0.130457,0.496944][0.771073,0.494141,0][-0.981568,-1.06616,-1.08383][0.725613,-0.147265,0.672159][0.745896,0.452563,0][-1.08794,-1.00015,-0.954534][0.731335,-0.153509,0.664518][0.760488,0.459595,0][-0.941657,-1.09787,-0.927964][0.551676,0.833578,0.0283145][0.761005,0.445939,0][-0.941657,-1.09787,-0.927964][0.551676,0.833578,0.0283145][0.761005,0.445939,0][-0.847269,-1.16103,-1.05879][0.574433,0.818322,0.0193836][0.749021,0.436407,0][-0.981568,-1.06616,-1.08383][0.725613,-0.147265,0.672159][0.745896,0.452563,0][-1.08794,-1.00015,-0.954534][0.731335,-0.153509,0.664518][0.760488,0.459595,0][-1.15671,-0.934148,-0.825241][0.836904,-0.173521,0.519116][0.77131,0.463817,0][-1.00373,-1.03471,-0.797134][0.560652,0.819301,-0.120065][0.771311,0.449498,0][-1.00373,-1.03471,-0.797134][0.560652,0.819301,-0.120065][0.771311,0.449498,0][-0.941657,-1.09787,-0.927964][0.551676,0.833578,0.0283145][0.761005,0.445939,0][-1.08794,-1.00015,-0.954534][0.731335,-0.153509,0.664518][0.760488,0.459595,0][-1.15671,-0.934148,-0.825241][0.836904,-0.173521,0.519116][0.77131,0.463817,0][-1.22853,-0.868152,-0.695947][0.826512,-0.177334,0.534257][0.783325,0.47036,0][-1.06859,-0.971569,-0.666304][0.554192,0.82467,-0.113097][0.785128,0.452821,0][-1.06859,-0.971569,-0.666304][0.554192,0.82467,-0.113097][0.785128,0.452821,0][-1.00373,-1.03471,-0.797134][0.560652,0.819301,-0.120065][0.771311,0.449498,0][-1.15671,-0.934148,-0.825241][0.836904,-0.173521,0.519116][0.77131,0.463817,0][0,0.978546,-0.481419][-0.295953,-0.948151,0.11585][0.813098,0.681667,0][-0.08256,1.00432,-0.481419][-0.295953,-0.948151,0.11585][0.812496,0.675168,0][-0.081856,0.981506,-0.666304][-0.280814,-0.911069,0.301822][0.797311,0.674968,0][-0.081856,0.981506,-0.666304][-0.280814,-0.911069,0.301822][0.797311,0.674968,0][0,0.956276,-0.666304][-0.280814,-0.911069,0.301822][0.797974,0.68184,0][0,0.978546,-0.481419][-0.295953,-0.948151,0.11585][0.813098,0.681667,0][0,1.00058,-0.291078][-0.299349,-0.947639,0.111222][0.82944,0.680892,0][-0.083257,1.02688,-0.291078][-0.299349,-0.947639,0.111222][0.828425,0.674535,0][-0.08256,1.00432,-0.481419][-0.295953,-0.948151,0.11585][0.812496,0.675168,0][-0.08256,1.00432,-0.481419][-0.295953,-0.948151,0.11585][0.812496,0.675168,0][0,0.978546,-0.481419][-0.295953,-0.948151,0.11585][0.813098,0.681667,0][0,1.00058,-0.291078][-0.299349,-0.947639,0.111222][0.82944,0.680892,0][0,1.03191,-0.0954119][-0.199715,-0.973659,0.11001][0.846692,0.679136,0][-0.083943,1.04913,-0.0953969][-0.199715,-0.973659,0.11001][0.845553,0.672798,0][-0.083257,1.02688,-0.291078][-0.299349,-0.947639,0.111222][0.828425,0.674535,0][-0.083257,1.02688,-0.291078][-0.299349,-0.947639,0.111222][0.828425,0.674535,0][0,1.00058,-0.291078][-0.299349,-0.947639,0.111222][0.82944,0.680892,0][0,1.03191,-0.0954119][-0.199715,-0.973659,0.11001][0.846692,0.679136,0][-0.252628,1.06733,-0.481419][0.260151,-0.956473,0.132213][0.810974,0.661121,0][-0.484291,1.00432,-0.481419][0.260151,-0.956473,0.132213][0.807078,0.642347,0][-0.474193,0.981506,-0.666304][0.252504,-0.909005,0.33159][0.791785,0.642372,0][-0.474193,0.981506,-0.666304][0.252504,-0.909005,0.33159][0.791785,0.642372,0][-0.24736,1.04452,-0.666304][0.252504,-0.909005,0.33159][0.796155,0.661049,0][-0.252628,1.06733,-0.481419][0.260151,-0.956473,0.132213][0.810974,0.661121,0][-0.257838,1.08989,-0.291078][0.255422,-0.958452,0.127001][0.826396,0.660512,0][-0.494278,1.02688,-0.291078][0.255422,-0.958452,0.127001][0.822377,0.641728,0][-0.484291,1.00432,-0.481419][0.260151,-0.956473,0.132213][0.807078,0.642347,0][-0.484291,1.00432,-0.481419][0.260151,-0.956473,0.132213][0.807078,0.642347,0][-0.252628,1.06733,-0.481419][0.260151,-0.956473,0.132213][0.810974,0.661121,0][-0.257838,1.08989,-0.291078][0.255422,-0.958452,0.127001][0.826396,0.660512,0][-0.262976,1.11214,-0.0953969][0.250918,-0.960312,0.121823][0.842479,0.658379,0][-0.504128,1.04913,-0.0953969][0.250918,-0.960312,0.121823][0.838007,0.640186,0][-0.494278,1.02688,-0.291078][0.255422,-0.958452,0.127001][0.822377,0.641728,0][-0.494278,1.02688,-0.291078][0.255422,-0.958452,0.127001][0.822377,0.641728,0][-0.257838,1.08989,-0.291078][0.255422,-0.958452,0.127001][0.826396,0.660512,0][-0.262976,1.11214,-0.0953969][0.250918,-0.960312,0.121823][0.842479,0.658379,0][-0.484291,1.00432,-0.481419][0.260151,-0.956473,0.132213][0.807078,0.642347,0][-0.759056,0.923306,-0.481419][0.280303,-0.950716,0.132549][0.803316,0.620698,0][-0.743228,0.902196,-0.666304][0.254925,-0.864754,0.432683][0.788504,0.620801,0][-0.743228,0.902196,-0.666304][0.254925,-0.864754,0.432683][0.788504,0.620801,0][-0.474193,0.981506,-0.666304][0.252504,-0.909005,0.33159][0.791785,0.642372,0][-0.484291,1.00432,-0.481419][0.260151,-0.956473,0.132213][0.807078,0.642347,0][-0.494278,1.02688,-0.291078][0.255422,-0.958452,0.127001][0.822377,0.641728,0][-0.774709,0.944196,-0.291078][0.28049,-0.951354,0.127478][0.818178,0.619913,0][-0.759056,0.923306,-0.481419][0.280303,-0.950716,0.132549][0.803316,0.620698,0][-0.759056,0.923306,-0.481419][0.280303,-0.950716,0.132549][0.803316,0.620698,0][-0.484291,1.00432,-0.481419][0.260151,-0.956473,0.132213][0.807078,0.642347,0][-0.494278,1.02688,-0.291078][0.255422,-0.958452,0.127001][0.822377,0.641728,0][-0.504128,1.04913,-0.0953969][0.250918,-0.960312,0.121823][0.838007,0.640186,0][-0.790148,0.964806,-0.0953969][0.280646,-0.951974,0.122409][0.833451,0.618038,0][-0.774709,0.944196,-0.291078][0.28049,-0.951354,0.127478][0.818178,0.619913,0][-0.774709,0.944196,-0.291078][0.28049,-0.951354,0.127478][0.818178,0.619913,0][-0.494278,1.02688,-0.291078][0.255422,-0.958452,0.127001][0.822377,0.641728,0][-0.504128,1.04913,-0.0953969][0.250918,-0.960312,0.121823][0.838007,0.640186,0][-0.743228,0.902196,-0.666304][0.254925,-0.864754,0.432683][0.788504,0.620801,0][-0.759056,0.923306,-0.481419][0.280303,-0.950716,0.132549][0.803316,0.620698,0][-0.999817,0.66005,-0.481419][0.730781,-0.668336,0.138872][0.800096,0.592713,0][-0.999817,0.66005,-0.481419][0.730781,-0.668336,0.138872][0.800096,0.592713,0][-0.978969,0.644433,-0.666304][0.678817,-0.620823,0.392156][0.785669,0.594356,0][-0.743228,0.902196,-0.666304][0.254925,-0.864754,0.432683][0.788504,0.620801,0][-0.759056,0.923306,-0.481419][0.280303,-0.950716,0.132549][0.803316,0.620698,0][-0.774709,0.944196,-0.291078][0.28049,-0.951354,0.127478][0.818178,0.619913,0][-1.02043,0.675511,-0.291078][0.731329,-0.668823,0.133546][0.814867,0.591691,0][-1.02043,0.675511,-0.291078][0.731329,-0.668823,0.133546][0.814867,0.591691,0][-0.999817,0.66005,-0.481419][0.730781,-0.668336,0.138872][0.800096,0.592713,0][-0.759056,0.923306,-0.481419][0.280303,-0.950716,0.132549][0.803316,0.620698,0][-0.790148,0.964806,-0.0953969][0.280646,-0.951974,0.122409][0.833451,0.618038,0][-1.04077,0.690766,-0.0953969][0.731839,-0.6693,0.128249][0.829672,0.590603,0][-1.02043,0.675511,-0.291078][0.731329,-0.668823,0.133546][0.814867,0.591691,0][-1.02043,0.675511,-0.291078][0.731329,-0.668823,0.133546][0.814867,0.591691,0][-0.774709,0.944196,-0.291078][0.28049,-0.951354,0.127478][0.818178,0.619913,0][-0.790148,0.964806,-0.0953969][0.280646,-0.951974,0.122409][0.833451,0.618038,0][-0.978969,0.644433,-0.666304][0.678817,-0.620823,0.392156][0.785669,0.594356,0][-0.999817,0.66005,-0.481419][0.730781,-0.668336,0.138872][0.800096,0.592713,0][-1.10971,0.356296,-0.481419][0.931926,-0.337155,0.133565][0.798582,0.567383,0][-1.10971,0.356296,-0.481419][0.931926,-0.337155,0.133565][0.798582,0.567383,0][-1.08657,0.347007,-0.666304][0.807624,-0.292178,0.512226][0.784141,0.569135,0][-0.978969,0.644433,-0.666304][0.678817,-0.620823,0.392156][0.785669,0.594356,0][-0.999817,0.66005,-0.481419][0.730781,-0.668336,0.138872][0.800096,0.592713,0][-1.02043,0.675511,-0.291078][0.731329,-0.668823,0.133546][0.814867,0.591691,0][-1.1326,0.365494,-0.291078][0.932558,-0.337417,0.128399][0.813416,0.566335,0][-1.1326,0.365494,-0.291078][0.932558,-0.337417,0.128399][0.813416,0.566335,0][-1.10971,0.356296,-0.481419][0.931926,-0.337155,0.133565][0.798582,0.567383,0][-0.999817,0.66005,-0.481419][0.730781,-0.668336,0.138872][0.800096,0.592713,0][-1.02043,0.675511,-0.291078][0.731329,-0.668823,0.133546][0.814867,0.591691,0][-1.04077,0.690766,-0.0953969][0.731839,-0.6693,0.128249][0.829672,0.590603,0][-1.15517,0.374566,-0.095397][0.93317,-0.337617,0.123319][0.828727,0.565421,0][-1.15517,0.374566,-0.095397][0.93317,-0.337617,0.123319][0.828727,0.565421,0][-1.1326,0.365494,-0.291078][0.932558,-0.337417,0.128399][0.813416,0.566335,0][-1.02043,0.675511,-0.291078][0.731329,-0.668823,0.133546][0.814867,0.591691,0][-1.10971,0.356296,-0.481419][0.931926,-0.337155,0.133565][0.798582,0.567383,0][-1.1296,-0.172304,-0.508179][0.990363,-0.0439146,0.131347][0.796394,0.526655,0][-1.10604,-0.147774,-0.677622][0.876603,-0.0454534,0.479063][0.782813,0.52961,0][-1.10604,-0.147774,-0.677622][0.876603,-0.0454534,0.479063][0.782813,0.52961,0][-1.08657,0.347007,-0.666304][0.807624,-0.292178,0.512226][0.784141,0.569135,0][-1.10971,0.356296,-0.481419][0.931926,-0.337155,0.133565][0.798582,0.567383,0][-1.10971,0.356296,-0.481419][0.931926,-0.337155,0.133565][0.798582,0.567383,0][-1.1326,0.365494,-0.291078][0.932558,-0.337417,0.128399][0.813416,0.566335,0][-1.15289,-0.156559,-0.315523][0.99162,-0.044224,0.121387][0.812307,0.527272,0][-1.15289,-0.156559,-0.315523][0.99162,-0.044224,0.121387][0.812307,0.527272,0][-1.1296,-0.172304,-0.508179][0.990363,-0.0439146,0.131347][0.796394,0.526655,0][-1.10971,0.356296,-0.481419][0.931926,-0.337155,0.133565][0.798582,0.567383,0][-1.1326,0.365494,-0.291078][0.932558,-0.337417,0.128399][0.813416,0.566335,0][-1.15517,0.374566,-0.095397][0.93317,-0.337617,0.123319][0.828727,0.565421,0][-1.17587,-0.140319,-0.117488][0.992174,-0.0448877,0.116519][0.828744,0.528069,0][-1.17587,-0.140319,-0.117488][0.992174,-0.0448877,0.116519][0.828744,0.528069,0][-1.15289,-0.156559,-0.315523][0.99162,-0.044224,0.121387][0.812307,0.527272,0][-1.1326,0.365494,-0.291078][0.932558,-0.337417,0.128399][0.813416,0.566335,0][-1.1296,-0.172304,-0.508179][0.990363,-0.0439146,0.131347][0.796394,0.526655,0][-1.17741,-0.496753,-0.510746][0.97875,-0.14537,0.144622][0.797373,0.501332,0][-1.15285,-0.515751,-0.696055][0.848318,-0.133579,0.512361][0.782659,0.499151,0][-1.15285,-0.515751,-0.696055][0.848318,-0.133579,0.512361][0.782659,0.499151,0][-1.10604,-0.147774,-0.677622][0.876603,-0.0454534,0.479063][0.782813,0.52961,0][-1.1296,-0.172304,-0.508179][0.990363,-0.0439146,0.131347][0.796394,0.526655,0][-1.1296,-0.172304,-0.508179][0.990363,-0.0439146,0.131347][0.796394,0.526655,0][-1.15289,-0.156559,-0.315523][0.99162,-0.044224,0.121387][0.812307,0.527272,0][-1.20168,-0.482373,-0.312771][0.980681,-0.145753,0.130465][0.813723,0.502808,0][-1.20168,-0.482373,-0.312771][0.980681,-0.145753,0.130465][0.813723,0.502808,0][-1.17741,-0.496753,-0.510746][0.97875,-0.14537,0.144622][0.797373,0.501332,0][-1.1296,-0.172304,-0.508179][0.990363,-0.0439146,0.131347][0.796394,0.526655,0][-1.15289,-0.156559,-0.315523][0.99162,-0.044224,0.121387][0.812307,0.527272,0][-1.17587,-0.140319,-0.117488][0.992174,-0.0448877,0.116519][0.828744,0.528069,0][-1.22563,-0.467195,-0.1093][0.981215,-0.146217,0.125851][0.831188,0.5037,0][-1.22563,-0.467195,-0.1093][0.981215,-0.146217,0.125851][0.831188,0.5037,0][-1.20168,-0.482373,-0.312771][0.980681,-0.145753,0.130465][0.813723,0.502808,0][-1.15289,-0.156559,-0.315523][0.99162,-0.044224,0.121387][0.812307,0.527272,0][-1.15285,-0.515751,-0.696055][0.848318,-0.133579,0.512361][0.782659,0.499151,0][-1.17741,-0.496753,-0.510746][0.97875,-0.14537,0.144622][0.797373,0.501332,0][-1.2547,-0.759351,-0.489681][0.951208,-0.267653,0.153508][0.801277,0.479782,0][-1.2547,-0.759351,-0.489681][0.951208,-0.267653,0.153508][0.801277,0.479782,0][-1.22853,-0.868152,-0.695947][0.826512,-0.177334,0.534257][0.783325,0.47036,0][-1.15285,-0.515751,-0.696055][0.848318,-0.133579,0.512361][0.782659,0.499151,0][-1.20168,-0.482373,-0.312771][0.980681,-0.145753,0.130465][0.813723,0.502808,0][-1.28057,-0.749612,-0.290242][0.953137,-0.269836,0.136812][0.818502,0.481659,0][-1.2547,-0.759351,-0.489681][0.951208,-0.267653,0.153508][0.801277,0.479782,0][-1.2547,-0.759351,-0.489681][0.951208,-0.267653,0.153508][0.801277,0.479782,0][-1.17741,-0.496753,-0.510746][0.97875,-0.14537,0.144622][0.797373,0.501332,0][-1.20168,-0.482373,-0.312771][0.980681,-0.145753,0.130465][0.813723,0.502808,0][-1.22563,-0.467195,-0.1093][0.981215,-0.146217,0.125851][0.831188,0.5037,0][-1.30609,-0.738888,-0.085304][0.953468,-0.270626,0.132892][0.835476,0.482746,0][-1.28057,-0.749612,-0.290242][0.953137,-0.269836,0.136812][0.818502,0.481659,0][-1.28057,-0.749612,-0.290242][0.953137,-0.269836,0.136812][0.818502,0.481659,0][-1.20168,-0.482373,-0.312771][0.980681,-0.145753,0.130465][0.813723,0.502808,0][-1.22563,-0.467195,-0.1093][0.981215,-0.146217,0.125851][0.831188,0.5037,0][-1.22853,-0.868152,-0.695947][0.826512,-0.177334,0.534257][0.783325,0.47036,0][-1.2547,-0.759351,-0.489681][0.951208,-0.267653,0.153508][0.801277,0.479782,0][-1.09135,-0.683368,-0.481419][-0.352293,0.808605,-0.471219][0.807106,0.467966,0][-1.09135,-0.683368,-0.481419][-0.352293,0.808605,-0.471219][0.807106,0.467966,0][-1.06859,-0.971569,-0.666304][0.554192,0.82467,-0.113097][0.785128,0.452821,0][-1.22853,-0.868152,-0.695947][0.826512,-0.177334,0.534257][0.783325,0.47036,0][-1.2547,-0.759351,-0.489681][0.951208,-0.267653,0.153508][0.801277,0.479782,0][-1.28057,-0.749612,-0.290242][0.953137,-0.269836,0.136812][0.818502,0.481659,0][-1.11385,-0.701939,-0.291078][-0.274375,0.958088,-0.0823753][0.822589,0.468675,0][-1.11385,-0.701939,-0.291078][-0.274375,0.958088,-0.0823753][0.822589,0.468675,0][-1.09135,-0.683368,-0.481419][-0.352293,0.808605,-0.471219][0.807106,0.467966,0][-1.2547,-0.759351,-0.489681][0.951208,-0.267653,0.153508][0.801277,0.479782,0][-1.28057,-0.749612,-0.290242][0.953137,-0.269836,0.136812][0.818502,0.481659,0][-1.30609,-0.738888,-0.085304][0.953468,-0.270626,0.132892][0.835476,0.482746,0][-1.13605,-0.720257,-0.095397][-0.112544,0.991459,-0.065896][0.840467,0.469606,0][-1.13605,-0.720257,-0.095397][-0.112544,0.991459,-0.065896][0.840467,0.469606,0][-1.11385,-0.701939,-0.291078][-0.274375,0.958088,-0.0823753][0.822589,0.468675,0][-1.28057,-0.749612,-0.290242][0.953137,-0.269836,0.136812][0.818502,0.481659,0][-0.082127,1.04913,-0.0684189][-0.158309,-0.987332,0.010667][0.847934,0.672701,0][-0.083178,1.04913,-0.0840169][-0.158309,-0.987332,0.010667][0.846566,0.672768,0][0,1.03589,-0.0750539][-0.158309,-0.987332,0.010667][0.848406,0.678831,0][0,1.03589,-0.0750539][-0.158309,-0.987332,0.010667][0.848406,0.678831,0][0,1.04283,-0.0646489][-0.0889352,-0.828631,0.552686][0.849452,0.678594,0][-0.082127,1.04913,-0.0684189][-0.158309,-0.987332,0.010667][0.847934,0.672701,0][-0.46426,1.05638,0.0185561][0.252709,-0.967169,-0.0268793][0.847867,0.641768,0][-0.504128,1.04913,-0.0953969][0.250918,-0.960312,0.121823][0.838007,0.640186,0][-0.262976,1.11214,-0.0953969][0.250918,-0.960312,0.121823][0.842479,0.658379,0][-0.262976,1.11214,-0.0953969][0.250918,-0.960312,0.121823][0.842479,0.658379,0][-0.243215,1.11566,-0.0341889][0.253124,-0.967082,-0.026105][0.847988,0.659131,0][-0.46426,1.05638,0.0185561][0.252709,-0.967169,-0.0268793][0.847867,0.641768,0][-0.223308,1.12094,0.0291891][0.258741,-0.965945,0.00161751][0.853707,0.659764,0][-0.424392,1.06725,0.132509][0.258741,-0.965945,0.00161751][0.857723,0.642971,0][-0.46426,1.05638,0.0185561][0.252709,-0.967169,-0.0268793][0.847867,0.641768,0][-0.46426,1.05638,0.0185561][0.252709,-0.967169,-0.0268793][0.847867,0.641768,0][-0.243215,1.11566,-0.0341889][0.253124,-0.967082,-0.026105][0.847988,0.659131,0][-0.223308,1.12094,0.0291891][0.258741,-0.965945,0.00161751][0.853707,0.659764,0][-0.424392,1.06725,0.132509][0.258741,-0.965945,0.00161751][0.857723,0.642971,0][-0.223308,1.12094,0.0291891][0.258741,-0.965945,0.00161751][0.853707,0.659764,0][-0.195368,1.12446,0.0879431][0.232421,-0.971206,-0.0523402][0.859178,0.661087,0][-0.195368,1.12446,0.0879431][0.232421,-0.971206,-0.0523402][0.859178,0.661087,0][-0.384524,1.07449,0.246462][0.23832,-0.970944,-0.0216902][0.867483,0.643713,0][-0.424392,1.06725,0.132509][0.258741,-0.965945,0.00161751][0.857723,0.642971,0][-0.504128,1.04913,-0.0953969][0.250918,-0.960312,0.121823][0.838007,0.640186,0][-0.46426,1.05638,0.0185561][0.252709,-0.967169,-0.0268793][0.847867,0.641768,0][-0.725593,0.964806,0.0825691][0.319009,-0.946357,-0.0513993][0.847582,0.62004,0][-0.725593,0.964806,0.0825691][0.319009,-0.946357,-0.0513993][0.847582,0.62004,0][-0.790148,0.964806,-0.0953969][0.280646,-0.951974,0.122409][0.833451,0.618038,0][-0.504128,1.04913,-0.0953969][0.250918,-0.960312,0.121823][0.838007,0.640186,0][-0.424392,1.06725,0.132509][0.258741,-0.965945,0.00161751][0.857723,0.642971,0][-0.661039,0.964806,0.260536][0.337712,-0.933244,-0.122498][0.862043,0.621883,0][-0.725593,0.964806,0.0825691][0.319009,-0.946357,-0.0513993][0.847582,0.62004,0][-0.725593,0.964806,0.0825691][0.319009,-0.946357,-0.0513993][0.847582,0.62004,0][-0.46426,1.05638,0.0185561][0.252709,-0.967169,-0.0268793][0.847867,0.641768,0][-0.424392,1.06725,0.132509][0.258741,-0.965945,0.00161751][0.857723,0.642971,0][-0.384524,1.07449,0.246462][0.23832,-0.970944,-0.0216902][0.867483,0.643713,0][-0.596484,0.964806,0.438503][0.359805,-0.923854,-0.130514][0.876534,0.622995,0][-0.661039,0.964806,0.260536][0.337712,-0.933244,-0.122498][0.862043,0.621883,0][-0.661039,0.964806,0.260536][0.337712,-0.933244,-0.122498][0.862043,0.621883,0][-0.424392,1.06725,0.132509][0.258741,-0.965945,0.00161751][0.857723,0.642971,0][-0.384524,1.07449,0.246462][0.23832,-0.970944,-0.0216902][0.867483,0.643713,0][-0.790148,0.964806,-0.0953969][0.280646,-0.951974,0.122409][0.833451,0.618038,0][-0.725593,0.964806,0.0825691][0.319009,-0.946357,-0.0513993][0.847582,0.62004,0][-0.954586,0.690766,0.138661][0.714389,-0.649998,-0.259136][0.848378,0.59214,0][-0.954586,0.690766,0.138661][0.714389,-0.649998,-0.259136][0.848378,0.59214,0][-1.04077,0.690766,-0.0953969][0.731839,-0.6693,0.128249][0.829672,0.590603,0][-0.790148,0.964806,-0.0953969][0.280646,-0.951974,0.122409][0.833451,0.618038,0][-0.661039,0.964806,0.260536][0.337712,-0.933244,-0.122498][0.862043,0.621883,0][-0.868397,0.690766,0.372719][0.714468,-0.648319,-0.263094][0.8666,0.594274,0][-0.954586,0.690766,0.138661][0.714389,-0.649998,-0.259136][0.848378,0.59214,0][-0.954586,0.690766,0.138661][0.714389,-0.649998,-0.259136][0.848378,0.59214,0][-0.725593,0.964806,0.0825691][0.319009,-0.946357,-0.0513993][0.847582,0.62004,0][-0.661039,0.964806,0.260536][0.337712,-0.933244,-0.122498][0.862043,0.621883,0][-0.596484,0.964806,0.438503][0.359805,-0.923854,-0.130514][0.876534,0.622995,0][-0.782212,0.690766,0.606776][0.715652,-0.646839,-0.263519][0.885225,0.596621,0][-0.868397,0.690766,0.372719][0.714468,-0.648319,-0.263094][0.8666,0.594274,0][-0.868397,0.690766,0.372719][0.714468,-0.648319,-0.263094][0.8666,0.594274,0][-0.661039,0.964806,0.260536][0.337712,-0.933244,-0.122498][0.862043,0.621883,0][-0.596484,0.964806,0.438503][0.359805,-0.923854,-0.130514][0.876534,0.622995,0][-1.04077,0.690766,-0.0953969][0.731839,-0.6693,0.128249][0.829672,0.590603,0][-0.954586,0.690766,0.138661][0.714389,-0.649998,-0.259136][0.848378,0.59214,0][-1.05911,0.374566,0.164264][0.888948,-0.320357,-0.327325][0.84979,0.566586,0][-1.05911,0.374566,0.164264][0.888948,-0.320357,-0.327325][0.84979,0.566586,0][-1.15517,0.374566,-0.095397][0.93317,-0.337617,0.123319][0.828727,0.565421,0][-1.04077,0.690766,-0.0953969][0.731839,-0.6693,0.128249][0.829672,0.590603,0][-0.868397,0.690766,0.372719][0.714468,-0.648319,-0.263094][0.8666,0.594274,0][-0.963045,0.374566,0.423926][0.888783,-0.319289,-0.328816][0.870728,0.568754,0][-1.05911,0.374566,0.164264][0.888948,-0.320357,-0.327325][0.84979,0.566586,0][-1.05911,0.374566,0.164264][0.888948,-0.320357,-0.327325][0.84979,0.566586,0][-0.954586,0.690766,0.138661][0.714389,-0.649998,-0.259136][0.848378,0.59214,0][-0.868397,0.690766,0.372719][0.714468,-0.648319,-0.263094][0.8666,0.594274,0][-0.782212,0.690766,0.606776][0.715652,-0.646839,-0.263519][0.885225,0.596621,0][-0.86699,0.374566,0.683585][0.889111,-0.31828,-0.328907][0.89147,0.572483,0][-0.963045,0.374566,0.423926][0.888783,-0.319289,-0.328816][0.870728,0.568754,0][-0.963045,0.374566,0.423926][0.888783,-0.319289,-0.328816][0.870728,0.568754,0][-0.868397,0.690766,0.372719][0.714468,-0.648319,-0.263094][0.8666,0.594274,0][-0.782212,0.690766,0.606776][0.715652,-0.646839,-0.263519][0.885225,0.596621,0][-1.15517,0.374566,-0.095397][0.93317,-0.337617,0.123319][0.828727,0.565421,0][-1.05911,0.374566,0.164264][0.888948,-0.320357,-0.327325][0.84979,0.566586,0][-1.07807,-0.116946,0.145241][0.937636,-0.0227441,-0.346873][0.851762,0.530786,0][-1.07807,-0.116946,0.145241][0.937636,-0.0227441,-0.346873][0.851762,0.530786,0][-1.17587,-0.140319,-0.117488][0.992174,-0.0448877,0.116519][0.828744,0.528069,0][-1.15517,0.374566,-0.095397][0.93317,-0.337617,0.123319][0.828727,0.565421,0][-1.05911,0.374566,0.164264][0.888948,-0.320357,-0.327325][0.84979,0.566586,0][-0.963045,0.374566,0.423926][0.888783,-0.319289,-0.328816][0.870728,0.568754,0][-0.980286,-0.090931,0.4274][0.937221,-0.0373003,-0.346736][0.875284,0.535499,0][-0.980286,-0.090931,0.4274][0.937221,-0.0373003,-0.346736][0.875284,0.535499,0][-1.07807,-0.116946,0.145241][0.937636,-0.0227441,-0.346873][0.851762,0.530786,0][-1.05911,0.374566,0.164264][0.888948,-0.320357,-0.327325][0.84979,0.566586,0][-0.963045,0.374566,0.423926][0.888783,-0.319289,-0.328816][0.870728,0.568754,0][-0.86699,0.374566,0.683585][0.889111,-0.31828,-0.328907][0.89147,0.572483,0][-0.882494,-0.067853,0.687968][0.937266,-0.0362802,-0.346721][0.897226,0.540944,0][-0.882494,-0.067853,0.687968][0.937266,-0.0362802,-0.346721][0.897226,0.540944,0][-0.980286,-0.090931,0.4274][0.937221,-0.0373003,-0.346736][0.875284,0.535499,0][-0.963045,0.374566,0.423926][0.888783,-0.319289,-0.328816][0.870728,0.568754,0][-1.17587,-0.140319,-0.117488][0.992174,-0.0448877,0.116519][0.828744,0.528069,0][-1.07807,-0.116946,0.145241][0.937636,-0.0227441,-0.346873][0.851762,0.530786,0][-1.12364,-0.433989,0.16393][0.930472,-0.153354,-0.332722][0.85519,0.5073,0][-1.12364,-0.433989,0.16393][0.930472,-0.153354,-0.332722][0.85519,0.5073,0][-1.22563,-0.467195,-0.1093][0.981215,-0.146217,0.125851][0.831188,0.5037,0][-1.17587,-0.140319,-0.117488][0.992174,-0.0448877,0.116519][0.828744,0.528069,0][-1.07807,-0.116946,0.145241][0.937636,-0.0227441,-0.346873][0.851762,0.530786,0][-0.980286,-0.090931,0.4274][0.937221,-0.0373003,-0.346736][0.875284,0.535499,0][-1.02165,-0.399938,0.443379][0.939283,-0.141889,-0.312433][0.878376,0.512037,0][-1.02165,-0.399938,0.443379][0.939283,-0.141889,-0.312433][0.878376,0.512037,0][-1.12364,-0.433989,0.16393][0.930472,-0.153354,-0.332722][0.85519,0.5073,0][-1.07807,-0.116946,0.145241][0.937636,-0.0227441,-0.346873][0.851762,0.530786,0][-0.980286,-0.090931,0.4274][0.937221,-0.0373003,-0.346736][0.875284,0.535499,0][-0.882494,-0.067853,0.687968][0.937266,-0.0362802,-0.346721][0.897226,0.540944,0][-0.919658,-0.368091,0.706617][0.931414,-0.136255,-0.337495][0.901008,0.517731,0][-0.919658,-0.368091,0.706617][0.931414,-0.136255,-0.337495][0.901008,0.517731,0][-1.02165,-0.399938,0.443379][0.939283,-0.141889,-0.312433][0.878376,0.512037,0][-0.980286,-0.090931,0.4274][0.937221,-0.0373003,-0.346736][0.875284,0.535499,0][-1.22563,-0.467195,-0.1093][0.981215,-0.146217,0.125851][0.831188,0.5037,0][-1.12364,-0.433989,0.16393][0.930472,-0.153354,-0.332722][0.85519,0.5073,0][-1.19765,-0.70378,0.172836][0.91434,-0.261044,-0.309576][0.856486,0.485334,0][-1.19765,-0.70378,0.172836][0.91434,-0.261044,-0.309576][0.856486,0.485334,0][-1.30609,-0.738888,-0.085304][0.953468,-0.270626,0.132892][0.835476,0.482746,0][-1.22563,-0.467195,-0.1093][0.981215,-0.146217,0.125851][0.831188,0.5037,0][-1.12364,-0.433989,0.16393][0.930472,-0.153354,-0.332722][0.85519,0.5073,0][-1.02165,-0.399938,0.443379][0.939283,-0.141889,-0.312433][0.878376,0.512037,0][-1.08921,-0.668671,0.430978][0.925018,-0.218199,-0.311015][0.879633,0.490257,0][-1.08921,-0.668671,0.430978][0.925018,-0.218199,-0.311015][0.879633,0.490257,0][-1.19765,-0.70378,0.172836][0.91434,-0.261044,-0.309576][0.856486,0.485334,0][-1.12364,-0.433989,0.16393][0.930472,-0.153354,-0.332722][0.85519,0.5073,0][-1.02165,-0.399938,0.443379][0.939283,-0.141889,-0.312433][0.878376,0.512037,0][-0.919658,-0.368091,0.706617][0.931414,-0.136255,-0.337495][0.901008,0.517731,0][-0.98078,-0.633563,0.689117][0.922934,-0.190441,-0.334552][0.89955,0.497262,0][-0.98078,-0.633563,0.689117][0.922934,-0.190441,-0.334552][0.89955,0.497262,0][-1.08921,-0.668671,0.430978][0.925018,-0.218199,-0.311015][0.879633,0.490257,0][-1.02165,-0.399938,0.443379][0.939283,-0.141889,-0.312433][0.878376,0.512037,0][-1.19765,-0.70378,0.172836][0.91434,-0.261044,-0.309576][0.856486,0.485334,0][-1.0421,-0.720257,0.131305][0.0948705,0.994713,-0.039316][0.860333,0.473195,0][-1.13605,-0.720257,-0.095397][-0.112544,0.991459,-0.065896][0.840467,0.469606,0][-1.13605,-0.720257,-0.095397][-0.112544,0.991459,-0.065896][0.840467,0.469606,0][-1.30609,-0.738888,-0.085304][0.953468,-0.270626,0.132892][0.835476,0.482746,0][-1.19765,-0.70378,0.172836][0.91434,-0.261044,-0.309576][0.856486,0.485334,0][-1.08921,-0.668671,0.430978][0.925018,-0.218199,-0.311015][0.879633,0.490257,0][-0.948156,-0.720257,0.358008][0.286328,0.950757,-0.118652][0.881866,0.477884,0][-1.0421,-0.720257,0.131305][0.0948705,0.994713,-0.039316][0.860333,0.473195,0][-1.0421,-0.720257,0.131305][0.0948705,0.994713,-0.039316][0.860333,0.473195,0][-1.19765,-0.70378,0.172836][0.91434,-0.261044,-0.309576][0.856486,0.485334,0][-1.08921,-0.668671,0.430978][0.925018,-0.218199,-0.311015][0.879633,0.490257,0][-1.08921,-0.668671,0.430978][0.925018,-0.218199,-0.311015][0.879633,0.490257,0][-0.98078,-0.633563,0.689117][0.922934,-0.190441,-0.334552][0.89955,0.497262,0][-0.85421,-0.720257,0.584712][0.375987,0.883895,-0.278145][0.90401,0.483353,0][-0.85421,-0.720257,0.584712][0.375987,0.883895,-0.278145][0.90401,0.483353,0][-0.948156,-0.720257,0.358008][0.286328,0.950757,-0.118652][0.881866,0.477884,0][-1.08921,-0.668671,0.430978][0.925018,-0.218199,-0.311015][0.879633,0.490257,0][-0.195368,1.12446,0.0879431][0.232421,-0.971206,-0.0523402][0.859178,0.661087,0][-0.125835,1.129,0.11648][0.128398,-0.979206,-0.157066][0.863348,0.665693,0][-0.259034,1.08174,0.302229][0.128398,-0.979206,-0.157066][0.875348,0.65143,0][-0.259034,1.08174,0.302229][0.128398,-0.979206,-0.157066][0.875348,0.65143,0][-0.384524,1.07449,0.246462][0.23832,-0.970944,-0.0216902][0.867483,0.643713,0][-0.195368,1.12446,0.0879431][0.232421,-0.971206,-0.0523402][0.859178,0.661087,0][0,1.05112,-0.0590009][-0.0114915,-0.401179,0.169806][0.850302,0.678399,0][-0.032204,1.13812,0.144363][-0.0372576,-1.3007,0.550543][0.868138,0.671553,0][-0.125835,1.129,0.11648][0.128398,-0.979206,-0.157066][0.863348,0.665693,0][0,1.05112,-0.0590009][-0.0114915,-0.401179,0.169806][0.850302,0.678399,0][0,1.13832,0.149908][0,-0.997928,0.064336][0.869445,0.67364,0][-0.032204,1.13812,0.144363][-0.0372576,-1.3007,0.550543][0.868138,0.671553,0][-0.384524,1.07449,0.246462][0.23832,-0.970944,-0.0216902][0.867483,0.643713,0][-0.259034,1.08174,0.302229][0.128398,-0.979206,-0.157066][0.875348,0.65143,0][-0.400505,0.964806,0.525596][0.207247,-0.914502,-0.34747][0.889348,0.632991,0][-0.400505,0.964806,0.525596][0.207247,-0.914502,-0.34747][0.889348,0.632991,0][-0.596484,0.964806,0.438503][0.359805,-0.923854,-0.130514][0.876534,0.622995,0][-0.384524,1.07449,0.246462][0.23832,-0.970944,-0.0216902][0.867483,0.643713,0][-0.259034,1.08174,0.302229][0.128398,-0.979206,-0.157066][0.875348,0.65143,0][-0.133545,1.08718,0.357997][0.348187,-1.52337,-0.634889][0.883217,0.658712,0][-0.204526,0.964806,0.612688][0.086311,-0.377624,-0.157381][0.902448,0.643011,0][-0.204526,0.964806,0.612688][0.086311,-0.377624,-0.157381][0.902448,0.643011,0][-0.400505,0.964806,0.525596][0.207247,-0.914502,-0.34747][0.889348,0.632991,0][-0.259034,1.08174,0.302229][0.128398,-0.979206,-0.157066][0.875348,0.65143,0][0,1.0908,0.413764][0,-0.949689,-0.313194][0.891144,0.665586,0][0,0.964806,0.699781][0,-0.787726,-0.616026][0.91526,0.652052,0][-0.204526,0.964806,0.612688][0.086311,-0.377624,-0.157381][0.902448,0.643011,0][-0.204526,0.964806,0.612688][0.086311,-0.377624,-0.157381][0.902448,0.643011,0][-0.133545,1.08718,0.357997][0.348187,-1.52337,-0.634889][0.883217,0.658712,0][0,1.0908,0.413764][0,-0.949689,-0.313194][0.891144,0.665586,0][-0.596484,0.964806,0.438503][0.359805,-0.923854,-0.130514][0.876534,0.622995,0][-0.400505,0.964806,0.525596][0.207247,-0.914502,-0.34747][0.889348,0.632991,0][-0.524467,0.690766,0.721316][0.311514,-0.641553,-0.700977][0.903589,0.60771,0][-0.524467,0.690766,0.721316][0.311514,-0.641553,-0.700977][0.903589,0.60771,0][-0.782212,0.690766,0.606776][0.715652,-0.646839,-0.263519][0.885225,0.596621,0][-0.596484,0.964806,0.438503][0.359805,-0.923854,-0.130514][0.876534,0.622995,0][-0.204526,0.964806,0.612688][0.086311,-0.377624,-0.157381][0.902448,0.643011,0][-0.266721,0.690766,0.83586][0.459947,-0.947242,-1.03497][0.9215,0.618912,0][-0.524467,0.690766,0.721316][0.311514,-0.641553,-0.700977][0.903589,0.60771,0][-0.524467,0.690766,0.721316][0.311514,-0.641553,-0.700977][0.903589,0.60771,0][-0.400505,0.964806,0.525596][0.207247,-0.914502,-0.34747][0.889348,0.632991,0][-0.204526,0.964806,0.612688][0.086311,-0.377624,-0.157381][0.902448,0.643011,0][0,0.964806,0.699781][0,-0.787726,-0.616026][0.91526,0.652052,0][0,0.690766,0.9504][0,-0.529638,-0.848224][0.939282,0.629636,0][-0.266721,0.690766,0.83586][0.459947,-0.947242,-1.03497][0.9215,0.618912,0][-0.266721,0.690766,0.83586][0.459947,-0.947242,-1.03497][0.9215,0.618912,0][-0.204526,0.964806,0.612688][0.086311,-0.377624,-0.157381][0.902448,0.643011,0][0,0.964806,0.699781][0,-0.787726,-0.616026][0.91526,0.652052,0][-0.782212,0.690766,0.606776][0.715652,-0.646839,-0.263519][0.885225,0.596621,0][-0.524467,0.690766,0.721316][0.311514,-0.641553,-0.700977][0.903589,0.60771,0][-0.58105,0.374566,0.81066][0.385543,-0.314128,-0.867571][0.913351,0.582659,0][-0.58105,0.374566,0.81066][0.385543,-0.314128,-0.867571][0.913351,0.582659,0][-0.86699,0.374566,0.683585][0.889111,-0.31828,-0.328907][0.89147,0.572483,0][-0.782212,0.690766,0.606776][0.715652,-0.646839,-0.263519][0.885225,0.596621,0][-0.266721,0.690766,0.83586][0.459947,-0.947242,-1.03497][0.9215,0.618912,0][-0.295111,0.374566,0.96394][0.643623,-0.544126,-1.20066][0.935238,0.593794,0][-0.58105,0.374566,0.81066][0.385543,-0.314128,-0.867571][0.913351,0.582659,0][-0.58105,0.374566,0.81066][0.385543,-0.314128,-0.867571][0.913351,0.582659,0][-0.524467,0.690766,0.721316][0.311514,-0.641553,-0.700977][0.903589,0.60771,0][-0.266721,0.690766,0.83586][0.459947,-0.947242,-1.03497][0.9215,0.618912,0][0,0.690766,0.9504][0,-0.529638,-0.848224][0.939282,0.629636,0][0,0.374566,1.09101][0,-0.274527,-0.96158][0.956205,0.604319,0][-0.295111,0.374566,0.96394][0.643623,-0.544126,-1.20066][0.935238,0.593794,0][-0.295111,0.374566,0.96394][0.643623,-0.544126,-1.20066][0.935238,0.593794,0][-0.266721,0.690766,0.83586][0.459947,-0.947242,-1.03497][0.9215,0.618912,0][0,0.690766,0.9504][0,-0.529638,-0.848224][0.939282,0.629636,0][-0.86699,0.374566,0.683585][0.889111,-0.31828,-0.328907][0.89147,0.572483,0][-0.58105,0.374566,0.81066][0.385543,-0.314128,-0.867571][0.913351,0.582659,0][-0.591434,-0.051717,0.85109][0.404233,-0.0961156,-0.909592][0.922564,0.550448,0][-0.591434,-0.051717,0.85109][0.404233,-0.0961156,-0.909592][0.922564,0.550448,0][-0.882494,-0.067853,0.687968][0.937266,-0.0362802,-0.346721][0.897226,0.540944,0][-0.86699,0.374566,0.683585][0.889111,-0.31828,-0.328907][0.89147,0.572483,0][-0.295111,0.374566,0.96394][0.643623,-0.544126,-1.20066][0.935238,0.593794,0][-0.300375,-0.0352871,1.02554][0.799913,-0.207919,-1.31502][0.946813,0.561751,0][-0.591434,-0.051717,0.85109][0.404233,-0.0961156,-0.909592][0.922564,0.550448,0][-0.591434,-0.051717,0.85109][0.404233,-0.0961156,-0.909592][0.922564,0.550448,0][-0.58105,0.374566,0.81066][0.385543,-0.314128,-0.867571][0.913351,0.582659,0][-0.295111,0.374566,0.96394][0.643623,-0.544126,-1.20066][0.935238,0.593794,0][0,0.374566,1.09101][0,-0.274527,-0.96158][0.956205,0.604319,0][0,-0.0238501,1.1541][0,-0.0989325,-0.995094][0.96924,0.572881,0][-0.300375,-0.0352871,1.02554][0.799913,-0.207919,-1.31502][0.946813,0.561751,0][-0.300375,-0.0352871,1.02554][0.799913,-0.207919,-1.31502][0.946813,0.561751,0][-0.295111,0.374566,0.96394][0.643623,-0.544126,-1.20066][0.935238,0.593794,0][0,0.374566,1.09101][0,-0.274527,-0.96158][0.956205,0.604319,0][-0.882494,-0.067853,0.687968][0.937266,-0.0362802,-0.346721][0.897226,0.540944,0][-0.591434,-0.051717,0.85109][0.404233,-0.0961156,-0.909592][0.922564,0.550448,0][-0.616301,-0.345911,0.88394][0.490042,-0.137537,-0.86078][0.927352,0.527829,0][-0.616301,-0.345911,0.88394][0.490042,-0.137537,-0.86078][0.927352,0.527829,0][-0.919658,-0.368091,0.706617][0.931414,-0.136255,-0.337495][0.901008,0.517731,0][-0.882494,-0.067853,0.687968][0.937266,-0.0362802,-0.346721][0.897226,0.540944,0][-0.591434,-0.051717,0.85109][0.404233,-0.0961156,-0.909592][0.922564,0.550448,0][-0.300375,-0.0352871,1.02554][0.799913,-0.207919,-1.31502][0.946813,0.561751,0][-0.312944,-0.328063,1.03233][0.464404,-0.0378242,-0.771267][0.951943,0.538443,0][-0.312944,-0.328063,1.03233][0.464404,-0.0378242,-0.771267][0.951943,0.538443,0][-0.616301,-0.345911,0.88394][0.490042,-0.137537,-0.86078][0.927352,0.527829,0][-0.591434,-0.051717,0.85109][0.404233,-0.0961156,-0.909592][0.922564,0.550448,0][-0.300375,-0.0352871,1.02554][0.799913,-0.207919,-1.31502][0.946813,0.561751,0][0,-0.0238501,1.1541][0,-0.0989325,-0.995094][0.96924,0.572881,0][0,-0.311813,1.16604][0.63184,-0.0611082,-1.47108][0.976309,0.54991,0][0,-0.311813,1.16604][0.63184,-0.0611082,-1.47108][0.976309,0.54991,0][-0.312944,-0.328063,1.03233][0.464404,-0.0378242,-0.771267][0.951943,0.538443,0][-0.300375,-0.0352871,1.02554][0.799913,-0.207919,-1.31502][0.946813,0.561751,0][-0.919658,-0.368091,0.706617][0.931414,-0.136255,-0.337495][0.901008,0.517731,0][-0.616301,-0.345911,0.88394][0.490042,-0.137537,-0.86078][0.927352,0.527829,0][-0.657424,-0.616381,0.81544][0.491671,0.142796,-0.858993][0.92561,0.504483,0][-0.657424,-0.616381,0.81544][0.491671,0.142796,-0.858993][0.92561,0.504483,0][-0.98078,-0.633563,0.689117][0.922934,-0.190441,-0.334552][0.89955,0.497262,0][-0.919658,-0.368091,0.706617][0.931414,-0.136255,-0.337495][0.901008,0.517731,0][-0.616301,-0.345911,0.88394][0.490042,-0.137537,-0.86078][0.927352,0.527829,0][-0.312944,-0.328063,1.03233][0.464404,-0.0378242,-0.771267][0.951943,0.538443,0][-0.334067,-0.5992,0.94177][0.42052,0.265019,-0.891554][0.952478,0.51502,0][-0.334067,-0.5992,0.94177][0.42052,0.265019,-0.891554][0.952478,0.51502,0][-0.657424,-0.616381,0.81544][0.491671,0.142796,-0.858993][0.92561,0.504483,0][-0.616301,-0.345911,0.88394][0.490042,-0.137537,-0.86078][0.927352,0.527829,0][-0.312944,-0.328063,1.03233][0.464404,-0.0378242,-0.771267][0.951943,0.538443,0][0,-0.311813,1.16604][0.63184,-0.0611082,-1.47108][0.976309,0.54991,0][0,-0.582018,1.0681][0,0.515981,-0.8566][0.979364,0.525707,0][0,-0.582018,1.0681][0,0.515981,-0.8566][0.979364,0.525707,0][-0.334067,-0.5992,0.94177][0.42052,0.265019,-0.891554][0.952478,0.51502,0][-0.312944,-0.328063,1.03233][0.464404,-0.0378242,-0.771267][0.951943,0.538443,0][-0.657424,-0.616381,0.81544][0.491671,0.142796,-0.858993][0.92561,0.504483,0][-0.572825,-0.720257,0.695657][0.216102,0.808021,-0.54809][0.930205,0.491874,0][-0.85421,-0.720257,0.584712][0.375987,0.883895,-0.278145][0.90401,0.483353,0][-0.85421,-0.720257,0.584712][0.375987,0.883895,-0.278145][0.90401,0.483353,0][-0.98078,-0.633563,0.689117][0.922934,-0.190441,-0.334552][0.89955,0.497262,0][-0.657424,-0.616381,0.81544][0.491671,0.142796,-0.858993][0.92561,0.504483,0][-0.334067,-0.5992,0.94177][0.42052,0.265019,-0.891554][0.952478,0.51502,0][-0.291439,-0.720257,0.8066][0.387432,1.23364,-0.982649][0.9548,0.500382,0][-0.572825,-0.720257,0.695657][0.216102,0.808021,-0.54809][0.930205,0.491874,0][-0.572825,-0.720257,0.695657][0.216102,0.808021,-0.54809][0.930205,0.491874,0][-0.657424,-0.616381,0.81544][0.491671,0.142796,-0.858993][0.92561,0.504483,0][-0.334067,-0.5992,0.94177][0.42052,0.265019,-0.891554][0.952478,0.51502,0][-0.334067,-0.5992,0.94177][0.42052,0.265019,-0.891554][0.952478,0.51502,0][0,-0.582018,1.0681][0,0.515981,-0.8566][0.979364,0.525707,0][0,-0.720257,0.91754][0,-0.0406659,-0.999173][0.979206,0.508584,0][0,-0.720257,0.91754][0,-0.0406659,-0.999173][0.979206,0.508584,0][-0.291439,-0.720257,0.8066][0.387432,1.23364,-0.982649][0.9548,0.500382,0][-0.334067,-0.5992,0.94177][0.42052,0.265019,-0.891554][0.952478,0.51502,0][-0.083178,1.04913,-0.0840169][-0.158309,-0.987332,0.010667][0.846566,0.672768,0][-0.083943,1.04913,-0.0953969][-0.199715,-0.973659,0.11001][0.845553,0.672798,0][0,1.03191,-0.0954119][-0.199715,-0.973659,0.11001][0.846692,0.679136,0][0,1.03191,-0.0954119][-0.199715,-0.973659,0.11001][0.846692,0.679136,0][0,1.03589,-0.0750539][-0.158309,-0.987332,0.010667][0.848406,0.678831,0][-0.083178,1.04913,-0.0840169][-0.158309,-0.987332,0.010667][0.846566,0.672768,0][0,1.04283,-0.0646489][-0.0889352,-0.828631,0.552686][0.849452,0.678594,0][0,1.05112,-0.0590009][-0.0114915,-0.401179,0.169806][0.850302,0.678399,0][-0.065457,1.04913,-0.0618129][-0.0183816,-0.562949,0.826287][0.848841,0.673807,0][-0.065457,1.04913,-0.0618129][-0.0183816,-0.562949,0.826287][0.848841,0.673807,0][-0.082127,1.04913,-0.0684189][-0.158309,-0.987332,0.010667][0.847934,0.672701,0][0,1.04283,-0.0646489][-0.0889352,-0.828631,0.552686][0.849452,0.678594,0][-0.087008,0.855206,-1.05244][-0.247245,-0.920656,0.302096][0.763568,0.673164,0][-0.237302,0.918216,-1.02027][0.3165,-0.733024,0.602083][0.766376,0.660048,0][-0.223194,0.758796,-1.19725][0.252839,-0.708756,0.658588][0.74907,0.660563,0][-0.223194,0.758796,-1.19725][0.252839,-0.708756,0.658588][0.74907,0.660563,0][-0.087724,0.792046,-1.24551][-0.247245,-0.920656,0.302096][0.746548,0.673747,0][-0.087008,0.855206,-1.05244][-0.247245,-0.920656,0.302096][0.763568,0.673164,0][-0.084519,0.918366,-0.859374][-0.263226,-0.915911,0.303018][0.780305,0.67422,0][-0.242286,0.981366,-0.843284][0.283651,-0.88388,0.371886][0.78095,0.660309,0][-0.237302,0.918216,-1.02027][0.3165,-0.733024,0.602083][0.766376,0.660048,0][-0.237302,0.918216,-1.02027][0.3165,-0.733024,0.602083][0.766376,0.660048,0][-0.087008,0.855206,-1.05244][-0.247245,-0.920656,0.302096][0.763568,0.673164,0][-0.084519,0.918366,-0.859374][-0.263226,-0.915911,0.303018][0.780305,0.67422,0][-0.081856,0.981506,-0.666304][-0.280814,-0.911069,0.301822][0.797311,0.674968,0][-0.24736,1.04452,-0.666304][0.252504,-0.909005,0.33159][0.796155,0.661049,0][-0.242286,0.981366,-0.843284][0.283651,-0.88388,0.371886][0.78095,0.660309,0][-0.242286,0.981366,-0.843284][0.283651,-0.88388,0.371886][0.78095,0.660309,0][-0.084519,0.918366,-0.859374][-0.263226,-0.915911,0.303018][0.780305,0.67422,0][-0.081856,0.981506,-0.666304][-0.280814,-0.911069,0.301822][0.797311,0.674968,0][-0.08256,1.00432,-0.481419][-0.295953,-0.948151,0.11585][0.812496,0.675168,0][-0.252628,1.06733,-0.481419][0.260151,-0.956473,0.132213][0.810974,0.661121,0][-0.24736,1.04452,-0.666304][0.252504,-0.909005,0.33159][0.796155,0.661049,0][-0.24736,1.04452,-0.666304][0.252504,-0.909005,0.33159][0.796155,0.661049,0][-0.081856,0.981506,-0.666304][-0.280814,-0.911069,0.301822][0.797311,0.674968,0][-0.08256,1.00432,-0.481419][-0.295953,-0.948151,0.11585][0.812496,0.675168,0][-0.083257,1.02688,-0.291078][-0.299349,-0.947639,0.111222][0.828425,0.674535,0][-0.257838,1.08989,-0.291078][0.255422,-0.958452,0.127001][0.826396,0.660512,0][-0.252628,1.06733,-0.481419][0.260151,-0.956473,0.132213][0.810974,0.661121,0][-0.252628,1.06733,-0.481419][0.260151,-0.956473,0.132213][0.810974,0.661121,0][-0.08256,1.00432,-0.481419][-0.295953,-0.948151,0.11585][0.812496,0.675168,0][-0.083257,1.02688,-0.291078][-0.299349,-0.947639,0.111222][0.828425,0.674535,0][-0.083943,1.04913,-0.0953969][-0.199715,-0.973659,0.11001][0.845553,0.672798,0][-0.262976,1.11214,-0.0953969][0.250918,-0.960312,0.121823][0.842479,0.658379,0][-0.257838,1.08989,-0.291078][0.255422,-0.958452,0.127001][0.826396,0.660512,0][-0.257838,1.08989,-0.291078][0.255422,-0.958452,0.127001][0.826396,0.660512,0][-0.083257,1.02688,-0.291078][-0.299349,-0.947639,0.111222][0.828425,0.674535,0][-0.083943,1.04913,-0.0953969][-0.199715,-0.973659,0.11001][0.845553,0.672798,0][-0.243215,1.11566,-0.0341889][0.253124,-0.967082,-0.026105][0.847988,0.659131,0][-0.262976,1.11214,-0.0953969][0.250918,-0.960312,0.121823][0.842479,0.658379,0][-0.083943,1.04913,-0.0953969][-0.199715,-0.973659,0.11001][0.845553,0.672798,0][-0.083943,1.04913,-0.0953969][-0.199715,-0.973659,0.11001][0.845553,0.672798,0][-0.083178,1.04913,-0.0840169][-0.158309,-0.987332,0.010667][0.846566,0.672768,0][-0.243215,1.11566,-0.0341889][0.253124,-0.967082,-0.026105][0.847988,0.659131,0][-0.082127,1.04913,-0.0684189][-0.158309,-0.987332,0.010667][0.847934,0.672701,0][-0.223308,1.12094,0.0291891][0.258741,-0.965945,0.00161751][0.853707,0.659764,0][-0.243215,1.11566,-0.0341889][0.253124,-0.967082,-0.026105][0.847988,0.659131,0][-0.243215,1.11566,-0.0341889][0.253124,-0.967082,-0.026105][0.847988,0.659131,0][-0.083178,1.04913,-0.0840169][-0.158309,-0.987332,0.010667][0.846566,0.672768,0][-0.082127,1.04913,-0.0684189][-0.158309,-0.987332,0.010667][0.847934,0.672701,0][-0.223308,1.12094,0.0291891][0.258741,-0.965945,0.00161751][0.853707,0.659764,0][-0.082127,1.04913,-0.0684189][-0.158309,-0.987332,0.010667][0.847934,0.672701,0][-0.065457,1.04913,-0.0618129][-0.0183816,-0.562949,0.826287][0.848841,0.673807,0][-0.065457,1.04913,-0.0618129][-0.0183816,-0.562949,0.826287][0.848841,0.673807,0][-0.195368,1.12446,0.0879431][0.232421,-0.971206,-0.0523402][0.859178,0.661087,0][-0.223308,1.12094,0.0291891][0.258741,-0.965945,0.00161751][0.853707,0.659764,0][-0.065457,1.04913,-0.0618129][-0.0183816,-0.562949,0.826287][0.848841,0.673807,0][0,1.05112,-0.0590009][-0.0114915,-0.401179,0.169806][0.850302,0.678399,0][-0.125835,1.129,0.11648][0.128398,-0.979206,-0.157066][0.863348,0.665693,0][-0.125835,1.129,0.11648][0.128398,-0.979206,-0.157066][0.863348,0.665693,0][-0.195368,1.12446,0.0879431][0.232421,-0.971206,-0.0523402][0.859178,0.661087,0][-0.065457,1.04913,-0.0618129][-0.0183816,-0.562949,0.826287][0.848841,0.673807,0][0,1.13832,0.149908][0,-0.997928,0.064336][0.869445,0.67364,0][0,1.0908,0.413764][0,-0.949689,-0.313194][0.891144,0.665586,0][-0.133545,1.08718,0.357997][0.348187,-1.52337,-0.634889][0.883217,0.658712,0][-0.133545,1.08718,0.357997][0.348187,-1.52337,-0.634889][0.883217,0.658712,0][-0.032204,1.13812,0.144363][-0.0372576,-1.3007,0.550543][0.868138,0.671553,0][0,1.13832,0.149908][0,-0.997928,0.064336][0.869445,0.67364,0][-0.125835,1.129,0.11648][0.128398,-0.979206,-0.157066][0.863348,0.665693,0][-0.032204,1.13812,0.144363][-0.0372576,-1.3007,0.550543][0.868138,0.671553,0][-0.133545,1.08718,0.357997][0.348187,-1.52337,-0.634889][0.883217,0.658712,0][-0.133545,1.08718,0.357997][0.348187,-1.52337,-0.634889][0.883217,0.658712,0][-0.259034,1.08174,0.302229][0.128398,-0.979206,-0.157066][0.875348,0.65143,0][-0.125835,1.129,0.11648][0.128398,-0.979206,-0.157066][0.863348,0.665693,0][-0.087724,0.792046,-1.24551][-0.247245,-0.920656,0.302096][0.746548,0.673747,0][-0.057316,0.905826,-1.29863][0.316648,0.890217,-0.327488][0.736496,0.676155,0][0,0.878726,-1.2905][0.440672,0.827973,-0.346798][0.738631,0.680966,0][0,0.878726,-1.2905][0.440672,0.827973,-0.346798][0.738631,0.680966,0][0,0.766816,-1.25404][-0.236968,-0.924655,0.298094][0.747845,0.681933,0][-0.087724,0.792046,-1.24551][-0.247245,-0.920656,0.302096][0.746548,0.673747,0][-0.459565,0.834756,-1.22943][-0.296683,0.742905,-0.600059][0.739922,0.639953,0][-0.245214,0.865366,-1.27484][-0.240636,0.720787,-0.650046][0.739057,0.660023,0][-0.223194,0.758796,-1.19725][0.252839,-0.708756,0.658588][0.74907,0.660563,0][-0.223194,0.758796,-1.19725][0.252839,-0.708756,0.658588][0.74907,0.660563,0][-0.418233,0.736696,-1.14615][0.316499,-0.733024,0.602083][0.749818,0.641117,0][-0.459565,0.834756,-1.22943][-0.296683,0.742905,-0.600059][0.739922,0.639953,0][-0.649562,0.682988,-1.08555][0.328525,-0.730096,0.599193][0.750423,0.617915,0][-0.720681,0.757506,-1.1653][-0.334752,0.708099,-0.621721][0.740565,0.617654,0][-0.459565,0.834756,-1.22943][-0.296683,0.742905,-0.600059][0.739922,0.639953,0][-0.459565,0.834756,-1.22943][-0.296683,0.742905,-0.600059][0.739922,0.639953,0][-0.418233,0.736696,-1.14615][0.316499,-0.733024,0.602083][0.749818,0.641117,0][-0.649562,0.682988,-1.08555][0.328525,-0.730096,0.599193][0.750423,0.617915,0][-0.877622,0.493545,-1.13405][-0.696289,0.3391,-0.632608][0.741165,0.591437,0][-0.720681,0.757506,-1.1653][-0.334752,0.708099,-0.621721][0.740565,0.617654,0][-0.649562,0.682988,-1.08555][0.328525,-0.730096,0.599193][0.750423,0.617915,0][-0.649562,0.682988,-1.08555][0.328525,-0.730096,0.599193][0.750423,0.617915,0][-0.77828,0.454971,-1.05183][0.713256,-0.309653,0.628793][0.750389,0.59263,0][-0.877622,0.493545,-1.13405][-0.696289,0.3391,-0.632608][0.741165,0.591437,0][-0.974078,0.172185,-1.11267][-0.732979,0.176301,-0.657009][0.741108,0.561881,0][-0.877622,0.493545,-1.13405][-0.696289,0.3391,-0.632608][0.741165,0.591437,0][-0.77828,0.454971,-1.05183][0.713256,-0.309653,0.628793][0.750389,0.59263,0][-0.77828,0.454971,-1.05183][0.713256,-0.309653,0.628793][0.750389,0.59263,0][-0.870801,0.157548,-1.02759][0.732089,-0.174062,0.658595][0.750746,0.561831,0][-0.974078,0.172185,-1.11267][-0.732979,0.176301,-0.657009][0.741108,0.561881,0][-0.870801,0.157548,-1.02759][0.732089,-0.174062,0.658595][0.750746,0.561831,0][-0.886591,-0.340073,-1.04361][0.776815,-0.0448656,0.628128][0.749487,0.517752,0][-0.987831,-0.323171,-1.13096][-0.776465,0.0447562,-0.62857][0.739473,0.519436,0][-0.987831,-0.323171,-1.13096][-0.776465,0.0447562,-0.62857][0.739473,0.519436,0][-0.974078,0.172185,-1.11267][-0.732979,0.176301,-0.657009][0.741108,0.561881,0][-0.870801,0.157548,-1.02759][0.732089,-0.174062,0.658595][0.750746,0.561831,0][-1.02346,-0.690687,-1.15711][-0.745731,0.118945,-0.655543][0.737848,0.487657,0][-0.987831,-0.323171,-1.13096][-0.776465,0.0447562,-0.62857][0.739473,0.519436,0][-0.886591,-0.340073,-1.04361][0.776815,-0.0448656,0.628128][0.749487,0.517752,0][-0.886591,-0.340073,-1.04361][0.776815,-0.0448656,0.628128][0.749487,0.517752,0][-0.925183,-0.712996,-1.06732][0.744696,-0.118824,0.656741][0.748414,0.48477,0][-1.02346,-0.690687,-1.15711][-0.745731,0.118945,-0.655543][0.737848,0.487657,0][-0.981568,-1.06616,-1.08383][0.725613,-0.147265,0.672159][0.745896,0.452563,0][-1.06799,-1.11004,-1.1311][-0.685907,0.0277403,-0.72716][0.736496,0.451092,0][-1.02346,-0.690687,-1.15711][-0.745731,0.118945,-0.655543][0.737848,0.487657,0][-1.02346,-0.690687,-1.15711][-0.745731,0.118945,-0.655543][0.737848,0.487657,0][-0.925183,-0.712996,-1.06732][0.744696,-0.118824,0.656741][0.748414,0.48477,0][-0.981568,-1.06616,-1.08383][0.725613,-0.147265,0.672159][0.745896,0.452563,0][-0.941657,-1.09787,-0.927964][0.551676,0.833578,0.0283145][0.761005,0.445939,0][-1.01779,-1.20894,-0.92133][-0.703596,-0.692758,-0.158234][0.765849,0.434333,0][-0.923339,-1.27273,-1.06204][-0.703596,-0.692758,-0.158234][0.753647,0.426632,0][-0.923339,-1.27273,-1.06204][-0.703596,-0.692758,-0.158234][0.753647,0.426632,0][-0.847269,-1.16103,-1.05879][0.574433,0.818322,0.0193836][0.749021,0.436407,0][-0.941657,-1.09787,-0.927964][0.551676,0.833578,0.0283145][0.761005,0.445939,0][-0.923339,-1.27273,-1.06204][-0.703596,-0.692758,-0.158234][0.739532,0.431531,0][-1.06799,-1.11004,-1.1311][-0.685907,0.0277403,-0.72716][0.736496,0.451092,0][-0.981568,-1.06616,-1.08383][0.725613,-0.147265,0.672159][0.745896,0.452563,0][-0.981568,-1.06616,-1.08383][0.725613,-0.147265,0.672159][0.745896,0.452563,0][-0.847269,-1.16103,-1.05879][0.574433,0.818322,0.0193836][0.749021,0.436407,0][-0.923339,-1.27273,-1.06204][-0.703596,-0.692758,-0.158234][0.739532,0.431531,0][-1.07949,-1.14551,-0.781078][-0.655402,-0.753459,0.0524208][0.777752,0.439239,0][-1.01779,-1.20894,-0.92133][-0.703596,-0.692758,-0.158234][0.765849,0.434333,0][-0.941657,-1.09787,-0.927964][0.551676,0.833578,0.0283145][0.761005,0.445939,0][-0.941657,-1.09787,-0.927964][0.551676,0.833578,0.0283145][0.761005,0.445939,0][-1.00373,-1.03471,-0.797134][0.560652,0.819301,-0.120065][0.771311,0.449498,0][-1.07949,-1.14551,-0.781078][-0.655402,-0.753459,0.0524208][0.777752,0.439239,0][-1.14133,-1.08405,-0.668494][-0.642895,-0.763314,0.0635398][0.789398,0.441626,0][-1.07949,-1.14551,-0.781078][-0.655402,-0.753459,0.0524208][0.777752,0.439239,0][-1.00373,-1.03471,-0.797134][0.560652,0.819301,-0.120065][0.771311,0.449498,0][-1.00373,-1.03471,-0.797134][0.560652,0.819301,-0.120065][0.771311,0.449498,0][-1.06859,-0.971569,-0.666304][0.554192,0.82467,-0.113097][0.785128,0.452821,0][-1.14133,-1.08405,-0.668494][-0.642895,-0.763314,0.0635398][0.789398,0.441626,0][-1.16173,-0.975634,-0.458555][-0.667183,-0.686296,0.289593][0.810237,0.447669,0][-1.14133,-1.08405,-0.668494][-0.642895,-0.763314,0.0635398][0.789398,0.441626,0][-1.06859,-0.971569,-0.666304][0.554192,0.82467,-0.113097][0.785128,0.452821,0][-1.06859,-0.971569,-0.666304][0.554192,0.82467,-0.113097][0.785128,0.452821,0][-1.09135,-0.683368,-0.481419][-0.352293,0.808605,-0.471219][0.807106,0.467966,0][-1.16173,-0.975634,-0.458555][-0.667183,-0.686296,0.289593][0.810237,0.447669,0][-1.11385,-0.701939,-0.291078][-0.274375,0.958088,-0.0823753][0.822589,0.468675,0][-1.1847,-0.968126,-0.26673][-0.602777,-0.796856,-0.0409902][0.827298,0.448578,0][-1.16173,-0.975634,-0.458555][-0.667183,-0.686296,0.289593][0.810237,0.447669,0][-1.16173,-0.975634,-0.458555][-0.667183,-0.686296,0.289593][0.810237,0.447669,0][-1.09135,-0.683368,-0.481419][-0.352293,0.808605,-0.471219][0.807106,0.467966,0][-1.11385,-0.701939,-0.291078][-0.274375,0.958088,-0.0823753][0.822589,0.468675,0][-1.13605,-0.720257,-0.095397][-0.112544,0.991459,-0.065896][0.840467,0.469606,0][-1.20709,-0.9554,-0.046391][-0.605899,-0.795388,-0.0156306][0.844704,0.452152,0][-1.1847,-0.968126,-0.26673][-0.602777,-0.796856,-0.0409902][0.827298,0.448578,0][-1.1847,-0.968126,-0.26673][-0.602777,-0.796856,-0.0409902][0.827298,0.448578,0][-1.11385,-0.701939,-0.291078][-0.274375,0.958088,-0.0823753][0.822589,0.468675,0][-1.13605,-0.720257,-0.095397][-0.112544,0.991459,-0.065896][0.840467,0.469606,0][-1.0421,-0.720257,0.131305][0.0948705,0.994713,-0.039316][0.860333,0.473195,0][-1.11318,-0.920415,0.201882][-0.59569,-0.732923,0.3286][0.866039,0.45809,0][-1.20709,-0.9554,-0.046391][-0.605899,-0.795388,-0.0156306][0.844704,0.452152,0][-1.20709,-0.9554,-0.046391][-0.605899,-0.795388,-0.0156306][0.844704,0.452152,0][-1.13605,-0.720257,-0.095397][-0.112544,0.991459,-0.065896][0.840467,0.469606,0][-1.0421,-0.720257,0.131305][0.0948705,0.994713,-0.039316][0.860333,0.473195,0][-0.948156,-0.720257,0.358008][0.286328,0.950757,-0.118652][0.881866,0.477884,0][-1.01936,-0.889761,0.426556][-0.586764,-0.732598,0.344977][0.885586,0.464481,0][-1.11318,-0.920415,0.201882][-0.59569,-0.732923,0.3286][0.866039,0.45809,0][-1.11318,-0.920415,0.201882][-0.59569,-0.732923,0.3286][0.866039,0.45809,0][-1.0421,-0.720257,0.131305][0.0948705,0.994713,-0.039316][0.860333,0.473195,0][-0.948156,-0.720257,0.358008][0.286328,0.950757,-0.118652][0.881866,0.477884,0][-0.85421,-0.720257,0.584712][0.375987,0.883895,-0.278145][0.90401,0.483353,0][-0.905131,-0.853669,0.674653][-0.575292,-0.729007,0.370929][0.907918,0.471386,0][-1.01936,-0.889761,0.426556][-0.586764,-0.732598,0.344977][0.885586,0.464481,0][-1.01936,-0.889761,0.426556][-0.586764,-0.732598,0.344977][0.885586,0.464481,0][-0.948156,-0.720257,0.358008][0.286328,0.950757,-0.118652][0.881866,0.477884,0][-0.85421,-0.720257,0.584712][0.375987,0.883895,-0.278145][0.90401,0.483353,0][-0.603397,-0.833228,0.80803][-0.254013,-0.687759,0.680048][0.934616,0.480838,0][-0.905131,-0.853669,0.674653][-0.575292,-0.729007,0.370929][0.907918,0.471386,0][-0.85421,-0.720257,0.584712][0.375987,0.883895,-0.278145][0.90401,0.483353,0][-0.85421,-0.720257,0.584712][0.375987,0.883895,-0.278145][0.90401,0.483353,0][-0.572825,-0.720257,0.695657][0.216102,0.808021,-0.54809][0.930205,0.491874,0][-0.603397,-0.833228,0.80803][-0.254013,-0.687759,0.680048][0.934616,0.480838,0][-0.291439,-0.720257,0.8066][0.387432,1.23364,-0.982649][0.9548,0.500382,0][-0.321554,-0.818292,0.9181][-0.370447,-1.10946,1.09911][0.958718,0.489178,0][-0.603397,-0.833228,0.80803][-0.254013,-0.687759,0.680048][0.934616,0.480838,0][-0.603397,-0.833228,0.80803][-0.254013,-0.687759,0.680048][0.934616,0.480838,0][-0.572825,-0.720257,0.695657][0.216102,0.808021,-0.54809][0.930205,0.491874,0][-0.291439,-0.720257,0.8066][0.387432,1.23364,-0.982649][0.9548,0.500382,0][0,-0.720257,0.91754][0,-0.0406659,-0.999173][0.979206,0.508584,0][0,-0.803357,1.02816][-0.384603,-1.28557,1.25502][0.985345,0.498965,0][-0.321554,-0.818292,0.9181][-0.370447,-1.10946,1.09911][0.958718,0.489178,0][-0.321554,-0.818292,0.9181][-0.370447,-1.10946,1.09911][0.958718,0.489178,0][-0.291439,-0.720257,0.8066][0.387432,1.23364,-0.982649][0.9548,0.500382,0][0,-0.720257,0.91754][0,-0.0406659,-0.999173][0.979206,0.508584,0][-0.245214,0.865366,-1.27484][-0.240636,0.720787,-0.650046][0.739057,0.660023,0][-0.057316,0.905826,-1.29863][0.316648,0.890217,-0.327488][0.736496,0.676155,0][-0.087724,0.792046,-1.24551][-0.247245,-0.920656,0.302096][0.746548,0.673747,0][-0.087724,0.792046,-1.24551][-0.247245,-0.920656,0.302096][0.746548,0.673747,0][-0.223194,0.758796,-1.19725][0.252839,-0.708756,0.658588][0.74907,0.660563,0][-0.245214,0.865366,-1.27484][-0.240636,0.720787,-0.650046][0.739057,0.660023,0][0,0.958456,-1.10015][0.316648,0.890217,-0.327488][0.583873,0.700264,0][0.045653,0.974276,-1.10128][-0.316648,0.890217,-0.327488][0.585243,0.689291,0][0.057316,0.905826,-1.29863][-0.316648,0.890217,-0.327488][0.635656,0.687611,0][0.057316,0.905826,-1.29863][-0.316648,0.890217,-0.327488][0.635656,0.687611,0][0,0.878726,-1.2905][0.440672,0.827973,-0.346798][0.632846,0.702717,0][0,0.958456,-1.10015][0.316648,0.890217,-0.327488][0.583873,0.700264,0][0,1.02155,-0.904481][0.358447,0.88544,-0.295823][0.532444,0.69851,0][0.029702,1.03554,-0.898597][-0.358447,0.88544,-0.295823][0.531403,0.691355,0][0.045653,0.974276,-1.10128][-0.316648,0.890217,-0.327488][0.585243,0.689291,0][0.045653,0.974276,-1.10128][-0.316648,0.890217,-0.327488][0.585243,0.689291,0][0,0.958456,-1.10015][0.316648,0.890217,-0.327488][0.583873,0.700264,0][0,1.02155,-0.904481][0.358447,0.88544,-0.295823][0.532444,0.69851,0][0,1.08794,-0.696963][0.413296,0.864655,-0.285585][0.47729,0.692911,0][0.02337,1.10044,-0.692938][-0.413296,0.864655,-0.285585][0.476674,0.687321,0][0.029702,1.03554,-0.898597][-0.358447,0.88544,-0.295823][0.531403,0.691355,0][0.029702,1.03554,-0.898597][-0.358447,0.88544,-0.295823][0.531403,0.691355,0][0,1.02155,-0.904481][0.358447,0.88544,-0.295823][0.532444,0.69851,0][0,1.08794,-0.696963][0.413296,0.864655,-0.285585][0.47729,0.692911,0][0.248539,1.03764,-1.08259][0.296683,0.742905,-0.600059][0.583839,0.641578,0][0.490069,0.964576,-1.05363][0.296683,0.742905,-0.600059][0.596069,0.583761,0][0.459565,0.834756,-1.22943][0.296683,0.742905,-0.600059][0.646338,0.585994,0][0.459565,0.834756,-1.22943][0.296683,0.742905,-0.600059][0.646338,0.585994,0][0.245214,0.865366,-1.27484][0.240636,0.720787,-0.650046][0.642914,0.64113,0][0.248539,1.03764,-1.08259][0.296683,0.742905,-0.600059][0.583839,0.641578,0][0.248539,1.03764,-1.08259][0.296683,0.742905,-0.600059][0.583839,0.641578,0][0.244311,1.10833,-0.889673][0.267642,0.906576,-0.326324][0.534826,0.640544,0][0.500226,1.03734,-0.876999][0.267642,0.906576,-0.326324][0.550593,0.581697,0][0.500226,1.03734,-0.876999][0.267642,0.906576,-0.326324][0.550593,0.581697,0][0.490069,0.964576,-1.05363][0.296683,0.742905,-0.600059][0.596069,0.583761,0][0.248539,1.03764,-1.08259][0.296683,0.742905,-0.600059][0.583839,0.641578,0][0.244311,1.10833,-0.889673][0.267642,0.906576,-0.326324][0.534826,0.640544,0][0.247002,1.17603,-0.6976][0.23573,0.915511,-0.325993][0.48607,0.63584,0][0.511251,1.10685,-0.700801][0.23573,0.915511,-0.325993][0.505329,0.577747,0][0.511251,1.10685,-0.700801][0.23573,0.915511,-0.325993][0.505329,0.577747,0][0.500226,1.03734,-0.876999][0.267642,0.906576,-0.326324][0.550593,0.581697,0][0.244311,1.10833,-0.889673][0.267642,0.906576,-0.326324][0.534826,0.640544,0][0.490069,0.964576,-1.05363][0.296683,0.742905,-0.600059][0.596069,0.583761,0][0.772727,0.863926,-1.01607][0.334752,0.708099,-0.621721][0.605865,0.515326,0][0.720681,0.757506,-1.1653][0.334752,0.708099,-0.621721][0.647572,0.517853,0][0.720681,0.757506,-1.1653][0.334752,0.708099,-0.621721][0.647572,0.517853,0][0.459565,0.834756,-1.22943][0.296683,0.742905,-0.600059][0.646338,0.585994,0][0.490069,0.964576,-1.05363][0.296683,0.742905,-0.600059][0.596069,0.583761,0][0.500226,1.03734,-0.876999][0.267642,0.906576,-0.326324][0.550593,0.581697,0][0.790469,0.937406,-0.866611][0.305197,0.839748,-0.449086][0.566369,0.514636,0][0.772727,0.863926,-1.01607][0.334752,0.708099,-0.621721][0.605865,0.515326,0][0.772727,0.863926,-1.01607][0.334752,0.708099,-0.621721][0.605865,0.515326,0][0.490069,0.964576,-1.05363][0.296683,0.742905,-0.600059][0.596069,0.583761,0][0.500226,1.03734,-0.876999][0.267642,0.906576,-0.326324][0.550593,0.581697,0][0.500226,1.03734,-0.876999][0.267642,0.906576,-0.326324][0.550593,0.581697,0][0.511251,1.10685,-0.700801][0.23573,0.915511,-0.325993][0.505329,0.577747,0][0.812167,1.0116,-0.705699][0.275196,0.88831,-0.367657][0.525262,0.512151,0][0.812167,1.0116,-0.705699][0.275196,0.88831,-0.367657][0.525262,0.512151,0][0.790469,0.937406,-0.866611][0.305197,0.839748,-0.449086][0.566369,0.514636,0][0.500226,1.03734,-0.876999][0.267642,0.906576,-0.326324][0.550593,0.581697,0][0.720681,0.757506,-1.1653][0.334752,0.708099,-0.621721][0.647572,0.517853,0][0.772727,0.863926,-1.01607][0.334752,0.708099,-0.621721][0.605865,0.515326,0][0.967881,0.563162,-0.997388][0.713456,0.428499,-0.554409][0.631777,0.436139,0][0.967881,0.563162,-0.997388][0.713456,0.428499,-0.554409][0.631777,0.436139,0][0.877622,0.493545,-1.13405][0.696289,0.3391,-0.632608][0.668716,0.444489,0][0.720681,0.757506,-1.1653][0.334752,0.708099,-0.621721][0.647572,0.517853,0][0.772727,0.863926,-1.01607][0.334752,0.708099,-0.621721][0.605865,0.515326,0][0.790469,0.937406,-0.866611][0.305197,0.839748,-0.449086][0.566369,0.514636,0][1.0241,0.635892,-0.862033][0.738259,0.566488,-0.366148][0.594155,0.432043,0][1.0241,0.635892,-0.862033][0.738259,0.566488,-0.366148][0.594155,0.432043,0][0.967881,0.563162,-0.997388][0.713456,0.428499,-0.554409][0.631777,0.436139,0][0.772727,0.863926,-1.01607][0.334752,0.708099,-0.621721][0.605865,0.515326,0][0.790469,0.937406,-0.866611][0.305197,0.839748,-0.449086][0.566369,0.514636,0][0.812167,1.0116,-0.705699][0.275196,0.88831,-0.367657][0.525262,0.512151,0][1.08886,0.710186,-0.709602][0.678635,0.627918,-0.381017][0.553373,0.426523,0][1.08886,0.710186,-0.709602][0.678635,0.627918,-0.381017][0.553373,0.426523,0][1.0241,0.635892,-0.862033][0.738259,0.566488,-0.366148][0.594155,0.432043,0][0.790469,0.937406,-0.866611][0.305197,0.839748,-0.449086][0.566369,0.514636,0][0.877622,0.493545,-1.13405][0.696289,0.3391,-0.632608][0.668716,0.444489,0][0.967881,0.563162,-0.997388][0.713456,0.428499,-0.554409][0.631777,0.436139,0][1.07523,0.237296,-0.982354][0.758054,0.221421,-0.613455][0.650679,0.358318,0][1.07523,0.237296,-0.982354][0.758054,0.221421,-0.613455][0.650679,0.358318,0][0.974078,0.172185,-1.11267][0.732979,0.176301,-0.657009][0.689184,0.363544,0][0.877622,0.493545,-1.13405][0.696289,0.3391,-0.632608][0.668716,0.444489,0][0.967881,0.563162,-0.997388][0.713456,0.428499,-0.554409][0.631777,0.436139,0][1.0241,0.635892,-0.862033][0.738259,0.566488,-0.366148][0.594155,0.432043,0][1.13946,0.303882,-0.854173][0.826318,0.275483,-0.491231][0.614908,0.355992,0][1.13946,0.303882,-0.854173][0.826318,0.275483,-0.491231][0.614908,0.355992,0][1.07523,0.237296,-0.982354][0.758054,0.221421,-0.613455][0.650679,0.358318,0][0.967881,0.563162,-0.997388][0.713456,0.428499,-0.554409][0.631777,0.436139,0][1.0241,0.635892,-0.862033][0.738259,0.566488,-0.366148][0.594155,0.432043,0][1.08886,0.710186,-0.709602][0.678635,0.627918,-0.381017][0.553373,0.426523,0][1.21198,0.372309,-0.709972][0.817424,0.298403,-0.492721][0.575705,0.352852,0][1.21198,0.372309,-0.709972][0.817424,0.298403,-0.492721][0.575705,0.352852,0][1.13946,0.303882,-0.854173][0.826318,0.275483,-0.491231][0.614908,0.355992,0][1.0241,0.635892,-0.862033][0.738259,0.566488,-0.366148][0.594155,0.432043,0][0.974078,0.172185,-1.11267][0.732979,0.176301,-0.657009][0.689184,0.363544,0][1.07523,0.237296,-0.982354][0.758054,0.221421,-0.613455][0.650679,0.358318,0][1.09056,-0.257904,-0.999409][0.777959,0.0456657,-0.626653][0.686713,0.250375,0][1.09056,-0.257904,-0.999409][0.777959,0.0456657,-0.626653][0.686713,0.250375,0][0.987831,-0.323171,-1.13096][0.776465,0.0447562,-0.62857][0.727039,0.252058,0][0.974078,0.172185,-1.11267][0.732979,0.176301,-0.657009][0.689184,0.363544,0][1.07523,0.237296,-0.982354][0.758054,0.221421,-0.613455][0.650679,0.358318,0][1.13946,0.303882,-0.854173][0.826318,0.275483,-0.491231][0.614908,0.355992,0][1.15737,-0.192642,-0.868139][0.883579,0.0449822,-0.466118][0.649226,0.250933,0][1.15737,-0.192642,-0.868139][0.883579,0.0449822,-0.466118][0.649226,0.250933,0][1.09056,-0.257904,-0.999409][0.777959,0.0456657,-0.626653][0.686713,0.250375,0][1.07523,0.237296,-0.982354][0.758054,0.221421,-0.613455][0.650679,0.358318,0][1.13946,0.303882,-0.854173][0.826318,0.275483,-0.491231][0.614908,0.355992,0][1.21198,0.372309,-0.709972][0.817424,0.298403,-0.492721][0.575705,0.352852,0][1.23228,-0.127484,-0.721371][0.883384,0.0465163,-0.466335][0.60798,0.250063,0][1.23228,-0.127484,-0.721371][0.883384,0.0465163,-0.466335][0.60798,0.250063,0][1.15737,-0.192642,-0.868139][0.883579,0.0449822,-0.466118][0.649226,0.250933,0][1.13946,0.303882,-0.854173][0.826318,0.275483,-0.491231][0.614908,0.355992,0][0.987831,-0.323171,-1.13096][0.776465,0.0447562,-0.62857][0.727039,0.252058,0][1.09056,-0.257904,-0.999409][0.777959,0.0456657,-0.626653][0.686713,0.250375,0][1.12949,-0.623401,-1.02428][0.751238,0.124134,-0.648253][0.708361,0.168691,0][1.12949,-0.623401,-1.02428][0.751238,0.124134,-0.648253][0.708361,0.168691,0][1.02346,-0.690687,-1.15711][0.745731,0.118945,-0.655543][0.750231,0.164936,0][0.987831,-0.323171,-1.13096][0.776465,0.0447562,-0.62857][0.727039,0.252058,0][1.09056,-0.257904,-0.999409][0.777959,0.0456657,-0.626653][0.686713,0.250375,0][1.15737,-0.192642,-0.868139][0.883579,0.0449822,-0.466118][0.649226,0.250933,0][1.19872,-0.556146,-0.891314][0.856275,0.129287,-0.500078][0.669685,0.172601,0][1.19872,-0.556146,-0.891314][0.856275,0.129287,-0.500078][0.669685,0.172601,0][1.12949,-0.623401,-1.02428][0.751238,0.124134,-0.648253][0.708361,0.168691,0][1.09056,-0.257904,-0.999409][0.777959,0.0456657,-0.626653][0.686713,0.250375,0][1.15737,-0.192642,-0.868139][0.883579,0.0449822,-0.466118][0.649226,0.250933,0][1.23228,-0.127484,-0.721371][0.883384,0.0465163,-0.466335][0.60798,0.250063,0][1.27676,-0.487759,-0.741883][0.857263,0.134141,-0.497097][0.627048,0.173436,0][1.27676,-0.487759,-0.741883][0.857263,0.134141,-0.497097][0.627048,0.173436,0][1.19872,-0.556146,-0.891314][0.856275,0.129287,-0.500078][0.669685,0.172601,0][1.15737,-0.192642,-0.868139][0.883579,0.0449822,-0.466118][0.649226,0.250933,0][1.02346,-0.690687,-1.15711][0.745731,0.118945,-0.655543][0.750231,0.164936,0][1.12949,-0.623401,-1.02428][0.751238,0.124134,-0.648253][0.708361,0.168691,0][1.20252,-1.05386,-1.00206][0.754175,0.094403,-0.649852][0.713276,0.063975,0][1.20252,-1.05386,-1.00206][0.754175,0.094403,-0.649852][0.713276,0.063975,0][1.06799,-1.11004,-1.1311][0.685907,0.0277403,-0.72716][0.757253,0.059737,0][1.02346,-0.690687,-1.15711][0.745731,0.118945,-0.655543][0.750231,0.164936,0][1.12949,-0.623401,-1.02428][0.751238,0.124134,-0.648253][0.708361,0.168691,0][1.19872,-0.556146,-0.891314][0.856275,0.129287,-0.500078][0.669685,0.172601,0][1.27553,-0.987131,-0.861987][0.855074,0.118035,-0.504893][0.673141,0.067057,0][1.27553,-0.987131,-0.861987][0.855074,0.118035,-0.504893][0.673141,0.067057,0][1.20252,-1.05386,-1.00206][0.754175,0.094403,-0.649852][0.713276,0.063975,0][1.12949,-0.623401,-1.02428][0.751238,0.124134,-0.648253][0.708361,0.168691,0][1.19872,-0.556146,-0.891314][0.856275,0.129287,-0.500078][0.669685,0.172601,0][1.27676,-0.487759,-0.741883][0.857263,0.134141,-0.497097][0.627048,0.173436,0][1.35405,-0.90377,-0.731326][0.848356,0.144691,-0.50927][0.636344,0.075851,0][1.35405,-0.90377,-0.731326][0.848356,0.144691,-0.50927][0.636344,0.075851,0][1.27553,-0.987131,-0.861987][0.855074,0.118035,-0.504893][0.673141,0.067057,0][1.19872,-0.556146,-0.891314][0.856275,0.129287,-0.500078][0.669685,0.172601,0][1.06799,-1.11004,-1.1311][0.685907,0.0277403,-0.72716][0.757253,0.059737,0][1.20252,-1.05386,-1.00206][0.754175,0.094403,-0.649852][0.713276,0.063975,0][1.01779,-1.20894,-0.92133][0.560696,-0.792624,-0.239514][0.72111,0.007564,0][1.01779,-1.20894,-0.92133][0.560696,-0.792624,-0.239514][0.72111,0.007564,0][0.923339,-1.27273,-1.06204][0.703596,-0.692758,-0.158234][0.76556,0.005117,0][1.06799,-1.11004,-1.1311][0.685907,0.0277403,-0.72716][0.757253,0.059737,0][1.20252,-1.05386,-1.00206][0.754175,0.094403,-0.649852][0.713276,0.063975,0][1.27553,-0.987131,-0.861987][0.855074,0.118035,-0.504893][0.673141,0.067057,0][1.07949,-1.14551,-0.781078][0.63676,-0.770264,0.0350732][0.678009,0.007166,0][1.07949,-1.14551,-0.781078][0.63676,-0.770264,0.0350732][0.678009,0.007166,0][1.01779,-1.20894,-0.92133][0.560696,-0.792624,-0.239514][0.72111,0.007564,0][1.20252,-1.05386,-1.00206][0.754175,0.094403,-0.649852][0.713276,0.063975,0][1.27553,-0.987131,-0.861987][0.855074,0.118035,-0.504893][0.673141,0.067057,0][1.35405,-0.90377,-0.731326][0.848356,0.144691,-0.50927][0.636344,0.075851,0][1.14133,-1.08405,-0.668494][0.658328,-0.748276,0.0817768][0.643781,0.013223,0][1.14133,-1.08405,-0.668494][0.658328,-0.748276,0.0817768][0.643781,0.013223,0][1.07949,-1.14551,-0.781078][0.63676,-0.770264,0.0350732][0.678009,0.007166,0][1.27553,-0.987131,-0.861987][0.855074,0.118035,-0.504893][0.673141,0.067057,0][0,1.1128,-0.497286][0.454961,0.883671,-0.110168][0.42482,0.686144,0][0.022134,1.12442,-0.495487][-0.454961,0.883671,-0.110168][0.425004,0.680927,0][0.02337,1.10044,-0.692938][-0.413296,0.864655,-0.285585][0.476674,0.687321,0][0.02337,1.10044,-0.692938][-0.413296,0.864655,-0.285585][0.476674,0.687321,0][0,1.08794,-0.696963][0.413296,0.864655,-0.285585][0.47729,0.692911,0][0,1.1128,-0.497286][0.454961,0.883671,-0.110168][0.42482,0.686144,0][0,1.1347,-0.307918][0.45834,0.88285,-0.102472][0.378802,0.675689,0][0.02614,1.14855,-0.305513][-0.45834,0.88285,-0.102472][0.37983,0.669268,0][0.022134,1.12442,-0.495487][-0.454961,0.883671,-0.110168][0.425004,0.680927,0][0.022134,1.12442,-0.495487][-0.454961,0.883671,-0.110168][0.425004,0.680927,0][0,1.1128,-0.497286][0.454961,0.883671,-0.110168][0.42482,0.686144,0][0,1.1347,-0.307918][0.45834,0.88285,-0.102472][0.378802,0.675689,0][0,1.16589,-0.113362][0.217658,0.968981,-0.117052][0.333849,0.660065,0][0.034196,1.17383,-0.11122][-0.217658,0.968981,-0.117052][0.335925,0.652714,0][0.02614,1.14855,-0.305513][-0.45834,0.88285,-0.102472][0.37983,0.669268,0][0.02614,1.14855,-0.305513][-0.45834,0.88285,-0.102472][0.37983,0.669268,0][0,1.1347,-0.307918][0.45834,0.88285,-0.102472][0.378802,0.675689,0][0,1.16589,-0.113362][0.217658,0.968981,-0.117052][0.333849,0.660065,0][0.251623,1.20147,-0.498075][0.242822,0.960314,-0.137238][0.439052,0.628183,0][0.520841,1.1333,-0.49875][0.242822,0.960314,-0.137238][0.458986,0.569397,0][0.511251,1.10685,-0.700801][0.23573,0.915511,-0.325993][0.505329,0.577747,0][0.511251,1.10685,-0.700801][0.23573,0.915511,-0.325993][0.505329,0.577747,0][0.247002,1.17603,-0.6976][0.23573,0.915511,-0.325993][0.48607,0.63584,0][0.251623,1.20147,-0.498075][0.242822,0.960314,-0.137238][0.439052,0.628183,0][0.256852,1.22411,-0.307072][0.239145,0.96268,-0.126719][0.395468,0.618406,0][0.530521,1.15604,-0.307727][0.239145,0.96268,-0.126719][0.416325,0.559311,0][0.520841,1.1333,-0.49875][0.242822,0.960314,-0.137238][0.458986,0.569397,0][0.520841,1.1333,-0.49875][0.242822,0.960314,-0.137238][0.458986,0.569397,0][0.251623,1.20147,-0.498075][0.242822,0.960314,-0.137238][0.439052,0.628183,0][0.256852,1.22411,-0.307072][0.239145,0.96268,-0.126719][0.395468,0.618406,0][0.265719,1.24691,-0.105549][0.239907,0.963496,-0.118831][0.349758,0.603476,0][0.541222,1.17906,-0.0994749][0.239907,0.963496,-0.118831][0.37167,0.544415,0][0.530521,1.15604,-0.307727][0.239145,0.96268,-0.126719][0.416325,0.559311,0][0.530521,1.15604,-0.307727][0.239145,0.96268,-0.126719][0.416325,0.559311,0][0.256852,1.22411,-0.307072][0.239145,0.96268,-0.126719][0.395468,0.618406,0][0.265719,1.24691,-0.105549][0.239907,0.963496,-0.118831][0.349758,0.603476,0][0.520841,1.1333,-0.49875][0.242822,0.960314,-0.137238][0.458986,0.569397,0][0.829978,1.03687,-0.500078][0.294225,0.945182,-0.141645][0.480689,0.501523,0][0.812167,1.0116,-0.705699][0.275196,0.88831,-0.367657][0.525262,0.512151,0][0.812167,1.0116,-0.705699][0.275196,0.88831,-0.367657][0.525262,0.512151,0][0.511251,1.10685,-0.700801][0.23573,0.915511,-0.325993][0.505329,0.577747,0][0.520841,1.1333,-0.49875][0.242822,0.960314,-0.137238][0.458986,0.569397,0][0.530521,1.15604,-0.307727][0.239145,0.96268,-0.126719][0.416325,0.559311,0][0.845685,1.05785,-0.309008][0.294521,0.947007,-0.128195][0.439972,0.491361,0][0.829978,1.03687,-0.500078][0.294225,0.945182,-0.141645][0.480689,0.501523,0][0.829978,1.03687,-0.500078][0.294225,0.945182,-0.141645][0.480689,0.501523,0][0.520841,1.1333,-0.49875][0.242822,0.960314,-0.137238][0.458986,0.569397,0][0.530521,1.15604,-0.307727][0.239145,0.96268,-0.126719][0.416325,0.559311,0][0.541222,1.17906,-0.0994749][0.239907,0.963496,-0.118831][0.37167,0.544415,0][0.864881,1.07737,-0.0910399][0.300519,0.94726,-0.111298][0.396723,0.476442,0][0.845685,1.05785,-0.309008][0.294521,0.947007,-0.128195][0.439972,0.491361,0][0.845685,1.05785,-0.309008][0.294521,0.947007,-0.128195][0.439972,0.491361,0][0.530521,1.15604,-0.307727][0.239145,0.96268,-0.126719][0.416325,0.559311,0][0.541222,1.17906,-0.0994749][0.239907,0.963496,-0.118831][0.37167,0.544415,0][0.812167,1.0116,-0.705699][0.275196,0.88831,-0.367657][0.525262,0.512151,0][0.829978,1.03687,-0.500078][0.294225,0.945182,-0.141645][0.480689,0.501523,0][1.11441,0.729356,-0.499823][0.726368,0.671735,-0.145472][0.509076,0.413852,0][1.11441,0.729356,-0.499823][0.726368,0.671735,-0.145472][0.509076,0.413852,0][1.08886,0.710186,-0.709602][0.678635,0.627918,-0.381017][0.553373,0.426523,0][0.812167,1.0116,-0.705699][0.275196,0.88831,-0.367657][0.525262,0.512151,0][0.845685,1.05785,-0.309008][0.294521,0.947007,-0.128195][0.439972,0.491361,0][1.13511,0.744866,-0.308761][0.72768,0.672809,-0.133456][0.470196,0.403442,0][1.11441,0.729356,-0.499823][0.726368,0.671735,-0.145472][0.509076,0.413852,0][1.11441,0.729356,-0.499823][0.726368,0.671735,-0.145472][0.509076,0.413852,0][0.829978,1.03687,-0.500078][0.294225,0.945182,-0.141645][0.480689,0.501523,0][0.845685,1.05785,-0.309008][0.294521,0.947007,-0.128195][0.439972,0.491361,0][0.864881,1.07737,-0.0910399][0.300519,0.94726,-0.111298][0.396723,0.476442,0][1.15667,0.759316,-0.0835519][0.733462,0.670235,-0.11322][0.424208,0.389544,0][1.13511,0.744866,-0.308761][0.72768,0.672809,-0.133456][0.470196,0.403442,0][1.13511,0.744866,-0.308761][0.72768,0.672809,-0.133456][0.470196,0.403442,0][0.845685,1.05785,-0.309008][0.294521,0.947007,-0.128195][0.439972,0.491361,0][0.864881,1.07737,-0.0910399][0.300519,0.94726,-0.111298][0.396723,0.476442,0][1.08886,0.710186,-0.709602][0.678635,0.627918,-0.381017][0.553373,0.426523,0][1.11441,0.729356,-0.499823][0.726368,0.671735,-0.145472][0.509076,0.413852,0][1.24137,0.381551,-0.498812][0.929688,0.338947,-0.144205][0.531734,0.337336,0][1.24137,0.381551,-0.498812][0.929688,0.338947,-0.144205][0.531734,0.337336,0][1.21198,0.372309,-0.709972][0.817424,0.298403,-0.492721][0.575705,0.352852,0][1.08886,0.710186,-0.709602][0.678635,0.627918,-0.381017][0.553373,0.426523,0][1.11441,0.729356,-0.499823][0.726368,0.671735,-0.145472][0.509076,0.413852,0][1.13511,0.744866,-0.308761][0.72768,0.672809,-0.133456][0.470196,0.403442,0][1.26434,0.390767,-0.307788][0.931718,0.339682,-0.128519][0.491841,0.325469,0][1.26434,0.390767,-0.307788][0.931718,0.339682,-0.128519][0.491841,0.325469,0][1.24137,0.381551,-0.498812][0.929688,0.338947,-0.144205][0.531734,0.337336,0][1.11441,0.729356,-0.499823][0.726368,0.671735,-0.145472][0.509076,0.413852,0][1.13511,0.744866,-0.308761][0.72768,0.672809,-0.133456][0.470196,0.403442,0][1.15667,0.759316,-0.0835519][0.733462,0.670235,-0.11322][0.424208,0.389544,0][1.28716,0.399626,-0.0804199][0.934535,0.338067,-0.111157][0.443907,0.313495,0][1.28716,0.399626,-0.0804199][0.934535,0.338067,-0.111157][0.443907,0.313495,0][1.26434,0.390767,-0.307788][0.931718,0.339682,-0.128519][0.491841,0.325469,0][1.13511,0.744866,-0.308761][0.72768,0.672809,-0.133456][0.470196,0.403442,0][1.23228,-0.127484,-0.721371][0.883384,0.0465163,-0.466335][0.60798,0.250063,0][1.21198,0.372309,-0.709972][0.817424,0.298403,-0.492721][0.575705,0.352852,0][1.24137,0.381551,-0.498812][0.929688,0.338947,-0.144205][0.531734,0.337336,0][1.24137,0.381551,-0.498812][0.929688,0.338947,-0.144205][0.531734,0.337336,0][1.26217,-0.153295,-0.525947][0.988354,0.0457993,-0.145119][0.565705,0.230143,0][1.23228,-0.127484,-0.721371][0.883384,0.0465163,-0.466335][0.60798,0.250063,0][1.24137,0.381551,-0.498812][0.929688,0.338947,-0.144205][0.531734,0.337336,0][1.26434,0.390767,-0.307788][0.931718,0.339682,-0.128519][0.491841,0.325469,0][1.28557,-0.137682,-0.332638][0.991555,0.045545,-0.121429][0.522124,0.221121,0][1.28557,-0.137682,-0.332638][0.991555,0.045545,-0.121429][0.522124,0.221121,0][1.26217,-0.153295,-0.525947][0.988354,0.0457993,-0.145119][0.565705,0.230143,0][1.24137,0.381551,-0.498812][0.929688,0.338947,-0.144205][0.531734,0.337336,0][1.26434,0.390767,-0.307788][0.931718,0.339682,-0.128519][0.491841,0.325469,0][1.28716,0.399626,-0.0804199][0.934535,0.338067,-0.111157][0.443907,0.313495,0][1.30854,-0.118939,-0.10311][0.993797,0.0454151,-0.101513][0.469901,0.212577,0][1.30854,-0.118939,-0.10311][0.993797,0.0454151,-0.101513][0.469901,0.212577,0][1.28557,-0.137682,-0.332638][0.991555,0.045545,-0.121429][0.522124,0.221121,0][1.26434,0.390767,-0.307788][0.931718,0.339682,-0.128519][0.491841,0.325469,0][1.26217,-0.153295,-0.525947][0.988354,0.0457993,-0.145119][0.565705,0.230143,0][1.30837,-0.469495,-0.529119][0.976912,0.144317,-0.157527][0.578119,0.162763,0][1.27676,-0.487759,-0.741883][0.857263,0.134141,-0.497097][0.627048,0.173436,0][1.27676,-0.487759,-0.741883][0.857263,0.134141,-0.497097][0.627048,0.173436,0][1.23228,-0.127484,-0.721371][0.883384,0.0465163,-0.466335][0.60798,0.250063,0][1.26217,-0.153295,-0.525947][0.988354,0.0457993,-0.145119][0.565705,0.230143,0][1.26217,-0.153295,-0.525947][0.988354,0.0457993,-0.145119][0.565705,0.230143,0][1.28557,-0.137682,-0.332638][0.991555,0.045545,-0.121429][0.522124,0.221121,0][1.33275,-0.455178,-0.330548][0.980813,0.14489,-0.13043][0.534632,0.154715,0][1.33275,-0.455178,-0.330548][0.980813,0.14489,-0.13043][0.534632,0.154715,0][1.30837,-0.469495,-0.529119][0.976912,0.144317,-0.157527][0.578119,0.162763,0][1.26217,-0.153295,-0.525947][0.988354,0.0457993,-0.145119][0.565705,0.230143,0][1.28557,-0.137682,-0.332638][0.991555,0.045545,-0.121429][0.522124,0.221121,0][1.30854,-0.118939,-0.10311][0.993797,0.0454151,-0.101513][0.469901,0.212577,0][1.35656,-0.436883,-0.096197][0.983103,0.146082,-0.110313][0.480521,0.146681,0][1.35656,-0.436883,-0.096197][0.983103,0.146082,-0.110313][0.480521,0.146681,0][1.33275,-0.455178,-0.330548][0.980813,0.14489,-0.13043][0.534632,0.154715,0][1.28557,-0.137682,-0.332638][0.991555,0.045545,-0.121429][0.522124,0.221121,0][1.27676,-0.487759,-0.741883][0.857263,0.134141,-0.497097][0.627048,0.173436,0][1.30837,-0.469495,-0.529119][0.976912,0.144317,-0.157527][0.578119,0.162763,0][1.37956,-0.809157,-0.50395][0.968398,0.191091,-0.160277][0.582927,0.079141,0][1.37956,-0.809157,-0.50395][0.968398,0.191091,-0.160277][0.582927,0.079141,0][1.35405,-0.90377,-0.731326][0.848356,0.144691,-0.50927][0.636344,0.075851,0][1.27676,-0.487759,-0.741883][0.857263,0.134141,-0.497097][0.627048,0.173436,0][1.33275,-0.455178,-0.330548][0.980813,0.14489,-0.13043][0.534632,0.154715,0][1.40565,-0.799087,-0.303715][0.97123,0.195236,-0.136367][0.539447,0.071987,0][1.37956,-0.809157,-0.50395][0.968398,0.191091,-0.160277][0.582927,0.079141,0][1.37956,-0.809157,-0.50395][0.968398,0.191091,-0.160277][0.582927,0.079141,0][1.30837,-0.469495,-0.529119][0.976912,0.144317,-0.157527][0.578119,0.162763,0][1.33275,-0.455178,-0.330548][0.980813,0.14489,-0.13043][0.534632,0.154715,0][1.35656,-0.436883,-0.096197][0.983103,0.146082,-0.110313][0.480521,0.146681,0][1.43244,-0.782768,-0.06569][0.971548,0.20227,-0.123217][0.485877,0.067913,0][1.40565,-0.799087,-0.303715][0.97123,0.195236,-0.136367][0.539447,0.071987,0][1.40565,-0.799087,-0.303715][0.97123,0.195236,-0.136367][0.539447,0.071987,0][1.33275,-0.455178,-0.330548][0.980813,0.14489,-0.13043][0.534632,0.154715,0][1.35656,-0.436883,-0.096197][0.983103,0.146082,-0.110313][0.480521,0.146681,0][1.35405,-0.90377,-0.731326][0.848356,0.144691,-0.50927][0.636344,0.075851,0][1.37956,-0.809157,-0.50395][0.968398,0.191091,-0.160277][0.582927,0.079141,0][1.16173,-0.975634,-0.458555][0.620534,-0.746259,0.240905][0.584989,0.015338,0][1.16173,-0.975634,-0.458555][0.620534,-0.746259,0.240905][0.584989,0.015338,0][1.14133,-1.08405,-0.668494][0.658328,-0.748276,0.0817768][0.643781,0.013223,0][1.35405,-0.90377,-0.731326][0.848356,0.144691,-0.50927][0.636344,0.075851,0][1.40565,-0.799087,-0.303715][0.97123,0.195236,-0.136367][0.539447,0.071987,0][1.1847,-0.968126,-0.26673][0.602777,-0.796856,-0.0409902][0.537496,0.010589,0][1.16173,-0.975634,-0.458555][0.620534,-0.746259,0.240905][0.584989,0.015338,0][1.16173,-0.975634,-0.458555][0.620534,-0.746259,0.240905][0.584989,0.015338,0][1.37956,-0.809157,-0.50395][0.968398,0.191091,-0.160277][0.582927,0.079141,0][1.40565,-0.799087,-0.303715][0.97123,0.195236,-0.136367][0.539447,0.071987,0][1.40565,-0.799087,-0.303715][0.97123,0.195236,-0.136367][0.539447,0.071987,0][1.43244,-0.782768,-0.06569][0.971548,0.20227,-0.123217][0.485877,0.067913,0][1.20709,-0.9554,-0.046391][0.60732,-0.794336,-0.0138951][0.48041,0.007485,0][1.20709,-0.9554,-0.046391][0.60732,-0.794336,-0.0138951][0.48041,0.007485,0][1.1847,-0.968126,-0.26673][0.602777,-0.796856,-0.0409902][0.537496,0.010589,0][1.40565,-0.799087,-0.303715][0.97123,0.195236,-0.136367][0.539447,0.071987,0][0.045799,1.17564,-0.0932159][-0.185105,0.979749,0.0763431][0.332443,0.648929,0][0.039431,1.17534,-0.104807][-0.185105,0.979749,0.0763431][0.334805,0.651114,0][0,1.16756,-0.100606][0.0485914,0.257191,0.0200406][0.33082,0.658952,0][0.502961,1.18573,0.0251561][0.238635,0.970876,0.0213001][0.342237,0.542222,0][0.541222,1.17906,-0.0994749][0.239907,0.963496,-0.118831][0.37167,0.544415,0][0.265719,1.24691,-0.105549][0.239907,0.963496,-0.118831][0.349758,0.603476,0][0.265719,1.24691,-0.105549][0.239907,0.963496,-0.118831][0.349758,0.603476,0][0.241853,1.25058,-0.0424809][0.233183,0.971917,0.031682][0.333258,0.602894,0][0.502961,1.18573,0.0251561][0.238635,0.970876,0.0213001][0.342237,0.542222,0][0.224287,1.25568,0.0183341][0.243594,0.969858,-0.00612894][0.317652,0.601551,0][0.464564,1.1961,0.140047][0.243594,0.969858,-0.00612894][0.314589,0.540617,0][0.502961,1.18573,0.0251561][0.238635,0.970876,0.0213001][0.342237,0.542222,0][0.502961,1.18573,0.0251561][0.238635,0.970876,0.0213001][0.342237,0.542222,0][0.241853,1.25058,-0.0424809][0.233183,0.971917,0.031682][0.333258,0.602894,0][0.224287,1.25568,0.0183341][0.243594,0.969858,-0.00612894][0.317652,0.601551,0][0.464564,1.1961,0.140047][0.243594,0.969858,-0.00612894][0.314589,0.540617,0][0.224287,1.25568,0.0183341][0.243594,0.969858,-0.00612894][0.317652,0.601551,0][0.202133,1.25928,0.0808151][0.228651,0.973187,0.0250006][0.30106,0.600917,0][0.202133,1.25928,0.0808151][0.228651,0.973187,0.0250006][0.30106,0.600917,0][0.416899,1.20345,0.270885][0.227913,0.973268,0.0283556][0.283116,0.538104,0][0.464564,1.1961,0.140047][0.243594,0.969858,-0.00612894][0.314589,0.540617,0][0.541222,1.17906,-0.0994749][0.239907,0.963496,-0.118831][0.37167,0.544415,0][0.502961,1.18573,0.0251561][0.238635,0.970876,0.0213001][0.342237,0.542222,0][0.797598,1.07664,0.106707][0.334012,0.941124,0.0521728][0.352666,0.473276,0][0.797598,1.07664,0.106707][0.334012,0.941124,0.0521728][0.352666,0.473276,0][0.864881,1.07737,-0.0910399][0.300519,0.94726,-0.111298][0.396723,0.476442,0][0.541222,1.17906,-0.0994749][0.239907,0.963496,-0.118831][0.37167,0.544415,0][0.464564,1.1961,0.140047][0.243594,0.969858,-0.00612894][0.314589,0.540617,0][0.735237,1.07501,0.2855][0.346244,0.9292,0.129237][0.312595,0.46973,0][0.797598,1.07664,0.106707][0.334012,0.941124,0.0521728][0.352666,0.473276,0][0.797598,1.07664,0.106707][0.334012,0.941124,0.0521728][0.352666,0.473276,0][0.502961,1.18573,0.0251561][0.238635,0.970876,0.0213001][0.342237,0.542222,0][0.464564,1.1961,0.140047][0.243594,0.969858,-0.00612894][0.314589,0.540617,0][0.416899,1.20345,0.270885][0.227913,0.973268,0.0283556][0.283116,0.538104,0][0.656298,1.07296,0.493275][0.364244,0.919556,0.147458][0.265725,0.464325,0][0.735237,1.07501,0.2855][0.346244,0.9292,0.129237][0.312595,0.46973,0][0.735237,1.07501,0.2855][0.346244,0.9292,0.129237][0.312595,0.46973,0][0.464564,1.1961,0.140047][0.243594,0.969858,-0.00612894][0.314589,0.540617,0][0.416899,1.20345,0.270885][0.227913,0.973268,0.0283556][0.283116,0.538104,0][0.864881,1.07737,-0.0910399][0.300519,0.94726,-0.111298][0.396723,0.476442,0][0.797598,1.07664,0.106707][0.334012,0.941124,0.0521728][0.352666,0.473276,0][1.06489,0.757556,0.179218][0.71488,0.654677,0.245653][0.367096,0.383296,0][1.06489,0.757556,0.179218][0.71488,0.654677,0.245653][0.367096,0.383296,0][1.15667,0.759316,-0.0835519][0.733462,0.670235,-0.11322][0.424208,0.389544,0][0.864881,1.07737,-0.0910399][0.300519,0.94726,-0.111298][0.396723,0.476442,0][0.735237,1.07501,0.2855][0.346244,0.9292,0.129237][0.312595,0.46973,0][0.978812,0.757356,0.413315][0.711904,0.651443,0.262325][0.316836,0.37913,0][1.06489,0.757556,0.179218][0.71488,0.654677,0.245653][0.367096,0.383296,0][1.06489,0.757556,0.179218][0.71488,0.654677,0.245653][0.367096,0.383296,0][0.797598,1.07664,0.106707][0.334012,0.941124,0.0521728][0.352666,0.473276,0][0.735237,1.07501,0.2855][0.346244,0.9292,0.129237][0.312595,0.46973,0][0.656298,1.07296,0.493275][0.364244,0.919556,0.147458][0.265725,0.464325,0][0.8678,0.757996,0.686953][0.705586,0.648904,0.284731][0.255125,0.375529,0][0.978812,0.757356,0.413315][0.711904,0.651443,0.262325][0.316836,0.37913,0][0.978812,0.757356,0.413315][0.711904,0.651443,0.262325][0.316836,0.37913,0][0.735237,1.07501,0.2855][0.346244,0.9292,0.129237][0.312595,0.46973,0][0.656298,1.07296,0.493275][0.364244,0.919556,0.147458][0.265725,0.464325,0][1.15667,0.759316,-0.0835519][0.733462,0.670235,-0.11322][0.424208,0.389544,0][1.06489,0.757556,0.179218][0.71488,0.654677,0.245653][0.367096,0.383296,0][1.18398,0.398708,0.210056][0.892713,0.323244,0.313971][0.380186,0.304507,0][1.18398,0.398708,0.210056][0.892713,0.323244,0.313971][0.380186,0.304507,0][1.28716,0.399626,-0.0804199][0.934535,0.338067,-0.111157][0.443907,0.313495,0][1.15667,0.759316,-0.0835519][0.733462,0.670235,-0.11322][0.424208,0.389544,0][0.978812,0.757356,0.413315][0.711904,0.651443,0.262325][0.316836,0.37913,0][1.08787,0.399045,0.469689][0.888016,0.321936,0.328305][0.322886,0.299528,0][1.18398,0.398708,0.210056][0.892713,0.323244,0.313971][0.380186,0.304507,0][1.18398,0.398708,0.210056][0.892713,0.323244,0.313971][0.380186,0.304507,0][1.06489,0.757556,0.179218][0.71488,0.654677,0.245653][0.367096,0.383296,0][0.978812,0.757356,0.413315][0.711904,0.651443,0.262325][0.316836,0.37913,0][0.8678,0.757996,0.686953][0.705586,0.648904,0.284731][0.255125,0.375529,0][0.965254,0.402094,0.77224][0.877675,0.324781,0.352426][0.253184,0.298145,0][1.08787,0.399045,0.469689][0.888016,0.321936,0.328305][0.322886,0.299528,0][1.08787,0.399045,0.469689][0.888016,0.321936,0.328305][0.322886,0.299528,0][0.978812,0.757356,0.413315][0.711904,0.651443,0.262325][0.316836,0.37913,0][0.8678,0.757996,0.686953][0.705586,0.648904,0.284731][0.255125,0.375529,0][1.28716,0.399626,-0.0804199][0.934535,0.338067,-0.111157][0.443907,0.313495,0][1.18398,0.398708,0.210056][0.892713,0.323244,0.313971][0.380186,0.304507,0][1.20398,-0.09468,0.189065][0.942023,0.0239465,0.334692][0.399858,0.205965,0][1.20398,-0.09468,0.189065][0.942023,0.0239465,0.334692][0.399858,0.205965,0][1.30854,-0.118939,-0.10311][0.993797,0.0454151,-0.101513][0.469901,0.212577,0][1.28716,0.399626,-0.0804199][0.934535,0.338067,-0.111157][0.443907,0.313495,0][1.18398,0.398708,0.210056][0.892713,0.323244,0.313971][0.380186,0.304507,0][1.08787,0.399045,0.469689][0.888016,0.321936,0.328305][0.322886,0.299528,0][1.10614,-0.069161,0.471625][0.937147,0.0380029,0.34686][0.333666,0.205541,0][1.10614,-0.069161,0.471625][0.937147,0.0380029,0.34686][0.333666,0.205541,0][1.20398,-0.09468,0.189065][0.942023,0.0239465,0.334692][0.399858,0.205965,0][1.18398,0.398708,0.210056][0.892713,0.323244,0.313971][0.380186,0.304507,0][1.08787,0.399045,0.469689][0.888016,0.321936,0.328305][0.322886,0.299528,0][0.965254,0.402094,0.77224][0.877675,0.324781,0.352426][0.253184,0.298145,0][0.983516,-0.0427921,0.77416][0.926192,0.0396372,0.374962][0.259184,0.207964,0][0.983516,-0.0427921,0.77416][0.926192,0.0396372,0.374962][0.259184,0.207964,0][1.10614,-0.069161,0.471625][0.937147,0.0380029,0.34686][0.333666,0.205541,0][1.08787,0.399045,0.469689][0.888016,0.321936,0.328305][0.322886,0.299528,0][1.30854,-0.118939,-0.10311][0.993797,0.0454151,-0.101513][0.469901,0.212577,0][1.20398,-0.09468,0.189065][0.942023,0.0239465,0.334692][0.399858,0.205965,0][1.24823,-0.404414,0.206924][0.934514,0.152064,0.321807][0.407108,0.141531,0][1.24823,-0.404414,0.206924][0.934514,0.152064,0.321807][0.407108,0.141531,0][1.35656,-0.436883,-0.096197][0.983103,0.146082,-0.110313][0.480521,0.146681,0][1.30854,-0.118939,-0.10311][0.993797,0.0454151,-0.101513][0.469901,0.212577,0][1.20398,-0.09468,0.189065][0.942023,0.0239465,0.334692][0.399858,0.205965,0][1.10614,-0.069161,0.471625][0.937147,0.0380029,0.34686][0.333666,0.205541,0][1.14664,-0.373767,0.487577][0.939354,0.141261,0.312505][0.342205,0.142588,0][1.14664,-0.373767,0.487577][0.939354,0.141261,0.312505][0.342205,0.142588,0][1.24823,-0.404414,0.206924][0.934514,0.152064,0.321807][0.407108,0.141531,0][1.20398,-0.09468,0.189065][0.942023,0.0239465,0.334692][0.399858,0.205965,0][1.10614,-0.069161,0.471625][0.937147,0.0380029,0.34686][0.333666,0.205541,0][0.983516,-0.0427921,0.77416][0.926192,0.0396372,0.374962][0.259184,0.207964,0][1.01969,-0.350734,0.79566][0.922453,0.133652,0.362241][0.264808,0.143265,0][1.01969,-0.350734,0.79566][0.922453,0.133652,0.362241][0.264808,0.143265,0][1.14664,-0.373767,0.487577][0.939354,0.141261,0.312505][0.342205,0.142588,0][1.10614,-0.069161,0.471625][0.937147,0.0380029,0.34686][0.333666,0.205541,0][1.35656,-0.436883,-0.096197][0.983103,0.146082,-0.110313][0.480521,0.146681,0][1.24823,-0.404414,0.206924][0.934514,0.152064,0.321807][0.407108,0.141531,0][1.31463,-0.745921,0.22589][0.929556,0.198007,0.310997][0.416797,0.062242,0][1.31463,-0.745921,0.22589][0.929556,0.198007,0.310997][0.416797,0.062242,0][1.43244,-0.782768,-0.06569][0.971548,0.20227,-0.123217][0.485877,0.067913,0][1.35656,-0.436883,-0.096197][0.983103,0.146082,-0.110313][0.480521,0.146681,0][1.24823,-0.404414,0.206924][0.934514,0.152064,0.321807][0.407108,0.141531,0][1.14664,-0.373767,0.487577][0.939354,0.141261,0.312505][0.342205,0.142588,0][1.20489,-0.713995,0.484251][0.934022,0.156775,0.320975][0.35464,0.0632,0][1.20489,-0.713995,0.484251][0.934022,0.156775,0.320975][0.35464,0.0632,0][1.31463,-0.745921,0.22589][0.929556,0.198007,0.310997][0.416797,0.062242,0][1.24823,-0.404414,0.206924][0.934514,0.152064,0.321807][0.407108,0.141531,0][1.14664,-0.373767,0.487577][0.939354,0.141261,0.312505][0.342205,0.142588,0][1.01969,-0.350734,0.79566][0.922453,0.133652,0.362241][0.264808,0.143265,0][1.07341,-0.68125,0.77525][0.920425,0.126764,0.369797][0.283508,0.072241,0][1.07341,-0.68125,0.77525][0.920425,0.126764,0.369797][0.283508,0.072241,0][1.20489,-0.713995,0.484251][0.934022,0.156775,0.320975][0.35464,0.0632,0][1.14664,-0.373767,0.487577][0.939354,0.141261,0.312505][0.342205,0.142588,0][1.31463,-0.745921,0.22589][0.929556,0.198007,0.310997][0.416797,0.062242,0][1.11318,-0.920415,0.201882][0.59569,-0.732923,0.3286][0.410895,0.005117,0][1.20709,-0.9554,-0.046391][0.60732,-0.794336,-0.0138951][0.48041,0.007485,0][1.20709,-0.9554,-0.046391][0.60732,-0.794336,-0.0138951][0.48041,0.007485,0][1.43244,-0.782768,-0.06569][0.971548,0.20227,-0.123217][0.485877,0.067913,0][1.31463,-0.745921,0.22589][0.929556,0.198007,0.310997][0.416797,0.062242,0][1.20489,-0.713995,0.484251][0.934022,0.156775,0.320975][0.35464,0.0632,0][1.01936,-0.889761,0.426556][0.586764,-0.732598,0.344977][0.348695,0.008234,0][1.11318,-0.920415,0.201882][0.59569,-0.732923,0.3286][0.410895,0.005117,0][1.11318,-0.920415,0.201882][0.59569,-0.732923,0.3286][0.410895,0.005117,0][1.31463,-0.745921,0.22589][0.929556,0.198007,0.310997][0.416797,0.062242,0][1.20489,-0.713995,0.484251][0.934022,0.156775,0.320975][0.35464,0.0632,0][1.20489,-0.713995,0.484251][0.934022,0.156775,0.320975][0.35464,0.0632,0][1.07341,-0.68125,0.77525][0.920425,0.126764,0.369797][0.283508,0.072241,0][0.905131,-0.853669,0.674653][0.566004,-0.750921,0.340232][0.278338,0.018674,0][0.905131,-0.853669,0.674653][0.566004,-0.750921,0.340232][0.278338,0.018674,0][1.01936,-0.889761,0.426556][0.586764,-0.732598,0.344977][0.348695,0.008234,0][1.20489,-0.713995,0.484251][0.934022,0.156775,0.320975][0.35464,0.0632,0][0.202133,1.25928,0.0808151][0.228651,0.973187,0.0250006][0.30106,0.600917,0][0.131735,1.2633,0.10218][0.103255,0.982446,0.155366][0.289322,0.612388,0][0.279913,1.21045,0.337896][0.103255,0.982446,0.155366][0.254699,0.556595,0][0.279913,1.21045,0.337896][0.103255,0.982446,0.155366][0.254699,0.556595,0][0.416899,1.20345,0.270885][0.227913,0.973268,0.0283556][0.283116,0.538104,0][0.202133,1.25928,0.0808151][0.228651,0.973187,0.0250006][0.30106,0.600917,0][0,1.16756,-0.100606][0.0485914,0.257191,0.0200406][0.33082,0.658952,0][0.03702,1.27254,0.130933][-0.0491276,1.28518,-0.574829][0.274686,0.626595,0][0.131735,1.2633,0.10218][0.103255,0.982446,0.155366][0.289322,0.612388,0][0,1.16756,-0.100606][0.0485914,0.257191,0.0200406][0.33082,0.658952,0][0,1.27273,0.135698][0,0.995906,-0.0903958][0.270569,0.632957,0][0.03702,1.27254,0.130933][-0.0491276,1.28518,-0.574829][0.274686,0.626595,0][0.416899,1.20345,0.270885][0.227913,0.973268,0.0283556][0.283116,0.538104,0][0.279913,1.21045,0.337896][0.103255,0.982446,0.155366][0.254699,0.556595,0][0.434558,1.07284,0.599368][0.217981,0.91086,0.350454][0.218123,0.487278,0][0.434558,1.07284,0.599368][0.217981,0.91086,0.350454][0.218123,0.487278,0][0.656298,1.07296,0.493275][0.364244,0.919556,0.147458][0.265725,0.464325,0][0.416899,1.20345,0.270885][0.227913,0.973268,0.0283556][0.283116,0.538104,0][0.153195,1.21543,0.39593][0.104933,0.546914,0.238207][0.228901,0.572952,0][0.238135,1.07193,0.687984][0.249772,1.30182,0.567002][0.176354,0.50668,0][0.434558,1.07284,0.599368][0.217981,0.91086,0.350454][0.218123,0.487278,0][0.434558,1.07284,0.599368][0.217981,0.91086,0.350454][0.218123,0.487278,0][0.279913,1.21045,0.337896][0.103255,0.982446,0.155366][0.254699,0.556595,0][0.153195,1.21543,0.39593][0.104933,0.546914,0.238207][0.228901,0.572952,0][0,1.21889,0.456951][-0.324713,1.71782,0.758008][0.201555,0.5905,0][0,1.07149,0.78281][0,0.786359,0.617769][0.130948,0.521352,0][0.238135,1.07193,0.687984][0.249772,1.30182,0.567002][0.176354,0.50668,0][0.238135,1.07193,0.687984][0.249772,1.30182,0.567002][0.176354,0.50668,0][0.153195,1.21543,0.39593][0.104933,0.546914,0.238207][0.228901,0.572952,0][0,1.21889,0.456951][-0.324713,1.71782,0.758008][0.201555,0.5905,0][0.656298,1.07296,0.493275][0.364244,0.919556,0.147458][0.265725,0.464325,0][0.434558,1.07284,0.599368][0.217981,0.91086,0.350454][0.218123,0.487278,0][0.573397,0.757526,0.82819][0.329438,0.645269,0.689274][0.189206,0.397069,0][0.573397,0.757526,0.82819][0.329438,0.645269,0.689274][0.189206,0.397069,0][0.8678,0.757996,0.686953][0.705586,0.648904,0.284731][0.255125,0.375529,0][0.656298,1.07296,0.493275][0.364244,0.919556,0.147458][0.265725,0.464325,0][0.238135,1.07193,0.687984][0.249772,1.30182,0.567002][0.176354,0.50668,0][0.314534,0.759456,0.94202][0.466987,0.964272,1.04563][0.141558,0.418256,0][0.573397,0.757526,0.82819][0.329438,0.645269,0.689274][0.189206,0.397069,0][0.573397,0.757526,0.82819][0.329438,0.645269,0.689274][0.189206,0.397069,0][0.434558,1.07284,0.599368][0.217981,0.91086,0.350454][0.218123,0.487278,0][0.238135,1.07193,0.687984][0.249772,1.30182,0.567002][0.176354,0.50668,0][0,1.07149,0.78281][0,0.786359,0.617769][0.130948,0.521352,0][0,0.762326,1.06509][-0.376167,0.859494,0.941339][0.094342,0.44131,0][0.314534,0.759456,0.94202][0.466987,0.964272,1.04563][0.141558,0.418256,0][0.314534,0.759456,0.94202][0.466987,0.964272,1.04563][0.141558,0.418256,0][0.238135,1.07193,0.687984][0.249772,1.30182,0.567002][0.176354,0.50668,0][0,1.07149,0.78281][0,0.786359,0.617769][0.130948,0.521352,0][0.8678,0.757996,0.686953][0.705586,0.648904,0.284731][0.255125,0.375529,0][0.573397,0.757526,0.82819][0.329438,0.645269,0.689274][0.189206,0.397069,0][0.639898,0.405455,0.92838][0.40932,0.320419,0.854277][0.176921,0.313921,0][0.639898,0.405455,0.92838][0.40932,0.320419,0.854277][0.176921,0.313921,0][0.965254,0.402094,0.77224][0.877675,0.324781,0.352426][0.253184,0.298145,0][0.8678,0.757996,0.686953][0.705586,0.648904,0.284731][0.255125,0.375529,0][0.314534,0.759456,0.94202][0.466987,0.964272,1.04563][0.141558,0.418256,0][0.351279,0.409663,1.08179][0.657458,0.557202,1.22163][0.110219,0.330403,0][0.639898,0.405455,0.92838][0.40932,0.320419,0.854277][0.176921,0.313921,0][0.639898,0.405455,0.92838][0.40932,0.320419,0.854277][0.176921,0.313921,0][0.573397,0.757526,0.82819][0.329438,0.645269,0.689274][0.189206,0.397069,0][0.314534,0.759456,0.94202][0.466987,0.964272,1.04563][0.141558,0.418256,0][0,0.762326,1.06509][-0.376167,0.859494,0.941339][0.094342,0.44131,0][0,0.413161,1.22057][0,0.276706,0.960954][0.059526,0.35054,0][0.351279,0.409663,1.08179][0.657458,0.557202,1.22163][0.110219,0.330403,0][0.351279,0.409663,1.08179][0.657458,0.557202,1.22163][0.110219,0.330403,0][0.314534,0.759456,0.94202][0.466987,0.964272,1.04563][0.141558,0.418256,0][0,0.762326,1.06509][-0.376167,0.859494,0.941339][0.094342,0.44131,0][0.965254,0.402094,0.77224][0.877675,0.324781,0.352426][0.253184,0.298145,0][0.639898,0.405455,0.92838][0.40932,0.320419,0.854277][0.176921,0.313921,0][0.656535,-0.026138,0.9666][0.431467,0.0960666,0.896999][0.173957,0.21819,0][0.656535,-0.026138,0.9666][0.431467,0.0960666,0.896999][0.173957,0.21819,0][0.983516,-0.0427921,0.77416][0.926192,0.0396372,0.374962][0.259184,0.207964,0][0.965254,0.402094,0.77224][0.877675,0.324781,0.352426][0.253184,0.298145,0][0.351279,0.409663,1.08179][0.657458,0.557202,1.22163][0.110219,0.330403,0][0.359015,-0.0107011,1.14456][0.798699,0.211351,1.31696][0.099132,0.231387,0][0.656535,-0.026138,0.9666][0.431467,0.0960666,0.896999][0.173957,0.21819,0][0.656535,-0.026138,0.9666][0.431467,0.0960666,0.896999][0.173957,0.21819,0][0.639898,0.405455,0.92838][0.40932,0.320419,0.854277][0.176921,0.313921,0][0.351279,0.409663,1.08179][0.657458,0.557202,1.22163][0.110219,0.330403,0][0,0.413161,1.22057][0,0.276706,0.960954][0.059526,0.35054,0][0,0.00190994,1.28646][0,0.0979734,0.995189][0.043445,0.247788,0][0.359015,-0.0107011,1.14456][0.798699,0.211351,1.31696][0.099132,0.231387,0][0.359015,-0.0107011,1.14456][0.798699,0.211351,1.31696][0.099132,0.231387,0][0.351279,0.409663,1.08179][0.657458,0.557202,1.22163][0.110219,0.330403,0][0,0.413161,1.22057][0,0.276706,0.960954][0.059526,0.35054,0][0.983516,-0.0427921,0.77416][0.926192,0.0396372,0.374962][0.259184,0.207964,0][0.656535,-0.026138,0.9666][0.431467,0.0960666,0.896999][0.173957,0.21819,0][0.678563,-0.342564,1.00281][0.507737,0.132755,0.851222][0.174859,0.146309,0][0.678563,-0.342564,1.00281][0.507737,0.132755,0.851222][0.174859,0.146309,0][1.01969,-0.350734,0.79566][0.922453,0.133652,0.362241][0.264808,0.143265,0][0.983516,-0.0427921,0.77416][0.926192,0.0396372,0.374962][0.259184,0.207964,0][0.656535,-0.026138,0.9666][0.431467,0.0960666,0.896999][0.173957,0.21819,0][0.359015,-0.0107011,1.14456][0.798699,0.211351,1.31696][0.099132,0.231387,0][0.36804,-0.334542,1.15363][0.436451,0.0325208,0.726853][0.099258,0.153601,0][0.36804,-0.334542,1.15363][0.436451,0.0325208,0.726853][0.099258,0.153601,0][0.678563,-0.342564,1.00281][0.507737,0.132755,0.851222][0.174859,0.146309,0][0.656535,-0.026138,0.9666][0.431467,0.0960666,0.896999][0.173957,0.21819,0][0.359015,-0.0107011,1.14456][0.798699,0.211351,1.31696][0.099132,0.231387,0][0,0.00190994,1.28646][0,0.0979734,0.995189][0.043445,0.247788,0][0,-0.321079,1.29863][0,-0.13883,0.990316][0.039136,0.167186,0][0,-0.321079,1.29863][0,-0.13883,0.990316][0.039136,0.167186,0][0.36804,-0.334542,1.15363][0.436451,0.0325208,0.726853][0.099258,0.153601,0][0.359015,-0.0107011,1.14456][0.798699,0.211351,1.31696][0.099132,0.231387,0][1.01969,-0.350734,0.79566][0.922453,0.133652,0.362241][0.264808,0.143265,0][0.678563,-0.342564,1.00281][0.507737,0.132755,0.851222][0.174859,0.146309,0][0.701563,-0.680176,0.92615][0.509828,-0.157313,0.845771][0.19547,0.066725,0][0.701563,-0.680176,0.92615][0.509828,-0.157313,0.845771][0.19547,0.066725,0][1.07341,-0.68125,0.77525][0.920425,0.126764,0.369797][0.283508,0.072241,0][1.01969,-0.350734,0.79566][0.922453,0.133652,0.362241][0.264808,0.143265,0][0.678563,-0.342564,1.00281][0.507737,0.132755,0.851222][0.174859,0.146309,0][0.36804,-0.334542,1.15363][0.436451,0.0325208,0.726853][0.099258,0.153601,0][0.373178,-0.670861,1.04952][0.356295,-0.22535,0.74556][0.114288,0.071345,0][0.373178,-0.670861,1.04952][0.356295,-0.22535,0.74556][0.114288,0.071345,0][0.701563,-0.680176,0.92615][0.509828,-0.157313,0.845771][0.19547,0.066725,0][0.678563,-0.342564,1.00281][0.507737,0.132755,0.851222][0.174859,0.146309,0][0.36804,-0.334542,1.15363][0.436451,0.0325208,0.726853][0.099258,0.153601,0][0,-0.321079,1.29863][0,-0.13883,0.990316][0.039136,0.167186,0][0,-0.655221,1.18175][-0.560004,-0.507321,1.54397][0.04441,0.07849,0][0,-0.655221,1.18175][-0.560004,-0.507321,1.54397][0.04441,0.07849,0][0.373178,-0.670861,1.04952][0.356295,-0.22535,0.74556][0.114288,0.071345,0][0.36804,-0.334542,1.15363][0.436451,0.0325208,0.726853][0.099258,0.153601,0][0.701563,-0.680176,0.92615][0.509828,-0.157313,0.845771][0.19547,0.066725,0][0.603397,-0.833228,0.80803][0.254013,-0.687759,0.680048][0.194591,0.019658,0][0.905131,-0.853669,0.674653][0.566004,-0.750921,0.340232][0.278338,0.018674,0][0.905131,-0.853669,0.674653][0.566004,-0.750921,0.340232][0.278338,0.018674,0][1.07341,-0.68125,0.77525][0.920425,0.126764,0.369797][0.283508,0.072241,0][0.701563,-0.680176,0.92615][0.509828,-0.157313,0.845771][0.19547,0.066725,0][0.373178,-0.670861,1.04952][0.356295,-0.22535,0.74556][0.114288,0.071345,0][0.321554,-0.818292,0.9181][0.370447,-1.10946,1.09911][0.118811,0.024217,0][0.603397,-0.833228,0.80803][0.254013,-0.687759,0.680048][0.194591,0.019658,0][0.603397,-0.833228,0.80803][0.254013,-0.687759,0.680048][0.194591,0.019658,0][0.701563,-0.680176,0.92615][0.509828,-0.157313,0.845771][0.19547,0.066725,0][0.373178,-0.670861,1.04952][0.356295,-0.22535,0.74556][0.114288,0.071345,0][0.373178,-0.670861,1.04952][0.356295,-0.22535,0.74556][0.114288,0.071345,0][0,-0.655221,1.18175][-0.560004,-0.507321,1.54397][0.04441,0.07849,0][0,-0.803357,1.02816][-0.384603,-1.28557,1.25502][0.04949,0.027001,0][0,-0.803357,1.02816][-0.384603,-1.28557,1.25502][0.04949,0.027001,0][0.321554,-0.818292,0.9181][0.370447,-1.10946,1.09911][0.118811,0.024217,0][0.373178,-0.670861,1.04952][0.356295,-0.22535,0.74556][0.114288,0.071345,0][0,1.16756,-0.100606][0.0485914,0.257191,0.0200406][0.33082,0.658952,0][0.039431,1.17534,-0.104807][-0.185105,0.979749,0.0763431][0.334805,0.651114,0][0.034196,1.17383,-0.11122][-0.217658,0.968981,-0.117052][0.335925,0.652714,0][0.034196,1.17383,-0.11122][-0.217658,0.968981,-0.117052][0.335925,0.652714,0][0,1.16589,-0.113362][0.217658,0.968981,-0.117052][0.333849,0.660065,0][0,1.16756,-0.100606][0.0485914,0.257191,0.0200406][0.33082,0.658952,0][0,1.16756,-0.100606][0.0485914,0.257191,0.0200406][0.33082,0.658952,0][0.046512,1.17139,-0.0815969][-0.216911,0.912418,0.34705][0.329451,0.648111,0][0.045799,1.17564,-0.0932159][-0.185105,0.979749,0.0763431][0.332443,0.648929,0][0.045653,0.974276,-1.10128][-0.316648,0.890217,-0.327488][0.585243,0.689291,0][0.248539,1.03764,-1.08259][0.296683,0.742905,-0.600059][0.583839,0.641578,0][0.245214,0.865366,-1.27484][0.240636,0.720787,-0.650046][0.642914,0.64113,0][0.245214,0.865366,-1.27484][0.240636,0.720787,-0.650046][0.642914,0.64113,0][0.057316,0.905826,-1.29863][-0.316648,0.890217,-0.327488][0.635656,0.687611,0][0.045653,0.974276,-1.10128][-0.316648,0.890217,-0.327488][0.585243,0.689291,0][0.029702,1.03554,-0.898597][-0.358447,0.88544,-0.295823][0.531403,0.691355,0][0.244311,1.10833,-0.889673][0.267642,0.906576,-0.326324][0.534826,0.640544,0][0.248539,1.03764,-1.08259][0.296683,0.742905,-0.600059][0.583839,0.641578,0][0.248539,1.03764,-1.08259][0.296683,0.742905,-0.600059][0.583839,0.641578,0][0.045653,0.974276,-1.10128][-0.316648,0.890217,-0.327488][0.585243,0.689291,0][0.029702,1.03554,-0.898597][-0.358447,0.88544,-0.295823][0.531403,0.691355,0][0.02337,1.10044,-0.692938][-0.413296,0.864655,-0.285585][0.476674,0.687321,0][0.247002,1.17603,-0.6976][0.23573,0.915511,-0.325993][0.48607,0.63584,0][0.244311,1.10833,-0.889673][0.267642,0.906576,-0.326324][0.534826,0.640544,0][0.244311,1.10833,-0.889673][0.267642,0.906576,-0.326324][0.534826,0.640544,0][0.029702,1.03554,-0.898597][-0.358447,0.88544,-0.295823][0.531403,0.691355,0][0.02337,1.10044,-0.692938][-0.413296,0.864655,-0.285585][0.476674,0.687321,0][0.022134,1.12442,-0.495487][-0.454961,0.883671,-0.110168][0.425004,0.680927,0][0.251623,1.20147,-0.498075][0.242822,0.960314,-0.137238][0.439052,0.628183,0][0.247002,1.17603,-0.6976][0.23573,0.915511,-0.325993][0.48607,0.63584,0][0.247002,1.17603,-0.6976][0.23573,0.915511,-0.325993][0.48607,0.63584,0][0.02337,1.10044,-0.692938][-0.413296,0.864655,-0.285585][0.476674,0.687321,0][0.022134,1.12442,-0.495487][-0.454961,0.883671,-0.110168][0.425004,0.680927,0][0.02614,1.14855,-0.305513][-0.45834,0.88285,-0.102472][0.37983,0.669268,0][0.256852,1.22411,-0.307072][0.239145,0.96268,-0.126719][0.395468,0.618406,0][0.251623,1.20147,-0.498075][0.242822,0.960314,-0.137238][0.439052,0.628183,0][0.251623,1.20147,-0.498075][0.242822,0.960314,-0.137238][0.439052,0.628183,0][0.022134,1.12442,-0.495487][-0.454961,0.883671,-0.110168][0.425004,0.680927,0][0.02614,1.14855,-0.305513][-0.45834,0.88285,-0.102472][0.37983,0.669268,0][0.034196,1.17383,-0.11122][-0.217658,0.968981,-0.117052][0.335925,0.652714,0][0.265719,1.24691,-0.105549][0.239907,0.963496,-0.118831][0.349758,0.603476,0][0.256852,1.22411,-0.307072][0.239145,0.96268,-0.126719][0.395468,0.618406,0][0.256852,1.22411,-0.307072][0.239145,0.96268,-0.126719][0.395468,0.618406,0][0.02614,1.14855,-0.305513][-0.45834,0.88285,-0.102472][0.37983,0.669268,0][0.034196,1.17383,-0.11122][-0.217658,0.968981,-0.117052][0.335925,0.652714,0][0.241853,1.25058,-0.0424809][0.233183,0.971917,0.031682][0.333258,0.602894,0][0.265719,1.24691,-0.105549][0.239907,0.963496,-0.118831][0.349758,0.603476,0][0.034196,1.17383,-0.11122][-0.217658,0.968981,-0.117052][0.335925,0.652714,0][0.034196,1.17383,-0.11122][-0.217658,0.968981,-0.117052][0.335925,0.652714,0][0.039431,1.17534,-0.104807][-0.185105,0.979749,0.0763431][0.334805,0.651114,0][0.241853,1.25058,-0.0424809][0.233183,0.971917,0.031682][0.333258,0.602894,0][0.045799,1.17564,-0.0932159][-0.185105,0.979749,0.0763431][0.332443,0.648929,0][0.224287,1.25568,0.0183341][0.243594,0.969858,-0.00612894][0.317652,0.601551,0][0.241853,1.25058,-0.0424809][0.233183,0.971917,0.031682][0.333258,0.602894,0][0.241853,1.25058,-0.0424809][0.233183,0.971917,0.031682][0.333258,0.602894,0][0.039431,1.17534,-0.104807][-0.185105,0.979749,0.0763431][0.334805,0.651114,0][0.045799,1.17564,-0.0932159][-0.185105,0.979749,0.0763431][0.332443,0.648929,0][0.224287,1.25568,0.0183341][0.243594,0.969858,-0.00612894][0.317652,0.601551,0][0.045799,1.17564,-0.0932159][-0.185105,0.979749,0.0763431][0.332443,0.648929,0][0.046512,1.17139,-0.0815969][-0.216911,0.912418,0.34705][0.329451,0.648111,0][0.046512,1.17139,-0.0815969][-0.216911,0.912418,0.34705][0.329451,0.648111,0][0.202133,1.25928,0.0808151][0.228651,0.973187,0.0250006][0.30106,0.600917,0][0.224287,1.25568,0.0183341][0.243594,0.969858,-0.00612894][0.317652,0.601551,0][0.046512,1.17139,-0.0815969][-0.216911,0.912418,0.34705][0.329451,0.648111,0][0,1.16756,-0.100606][0.0485914,0.257191,0.0200406][0.33082,0.658952,0][0.131735,1.2633,0.10218][0.103255,0.982446,0.155366][0.289322,0.612388,0][0.131735,1.2633,0.10218][0.103255,0.982446,0.155366][0.289322,0.612388,0][0.202133,1.25928,0.0808151][0.228651,0.973187,0.0250006][0.30106,0.600917,0][0.046512,1.17139,-0.0815969][-0.216911,0.912418,0.34705][0.329451,0.648111,0][0,1.27273,0.135698][0,0.995906,-0.0903958][0.270569,0.632957,0][0,1.21889,0.456951][-0.324713,1.71782,0.758008][0.201555,0.5905,0][0.153195,1.21543,0.39593][0.104933,0.546914,0.238207][0.228901,0.572952,0][0.153195,1.21543,0.39593][0.104933,0.546914,0.238207][0.228901,0.572952,0][0.03702,1.27254,0.130933][-0.0491276,1.28518,-0.574829][0.274686,0.626595,0][0,1.27273,0.135698][0,0.995906,-0.0903958][0.270569,0.632957,0][0.131735,1.2633,0.10218][0.103255,0.982446,0.155366][0.289322,0.612388,0][0.03702,1.27254,0.130933][-0.0491276,1.28518,-0.574829][0.274686,0.626595,0][0.153195,1.21543,0.39593][0.104933,0.546914,0.238207][0.228901,0.572952,0][0.153195,1.21543,0.39593][0.104933,0.546914,0.238207][0.228901,0.572952,0][0.279913,1.21045,0.337896][0.103255,0.982446,0.155366][0.254699,0.556595,0][0.131735,1.2633,0.10218][0.103255,0.982446,0.155366][0.289322,0.612388,0][0.087724,0.792046,-1.24551][0.247245,-0.920656,0.302096][0.746548,0.673747,0][0.087008,0.855206,-1.05244][0.247245,-0.920656,0.302096][0.763568,0.673164,0][0,0.829976,-1.05812][-0.247245,-0.920656,0.302096][0.763874,0.680532,0][0,0.829976,-1.05812][-0.247245,-0.920656,0.302096][0.763874,0.680532,0][0,0.766816,-1.25404][-0.236968,-0.924655,0.298094][0.747845,0.681933,0][0.087724,0.792046,-1.24551][0.247245,-0.920656,0.302096][0.746548,0.673747,0][0.087008,0.855206,-1.05244][0.247245,-0.920656,0.302096][0.763568,0.673164,0][0.084519,0.918366,-0.859374][0.263226,-0.915911,0.303018][0.780305,0.67422,0][0,0.893136,-0.862215][-0.263226,-0.915911,0.303018][0.780433,0.68108,0][0,0.893136,-0.862215][-0.263226,-0.915911,0.303018][0.780433,0.68108,0][0,0.829976,-1.05812][-0.247245,-0.920656,0.302096][0.763874,0.680532,0][0.087008,0.855206,-1.05244][0.247245,-0.920656,0.302096][0.763568,0.673164,0][0.084519,0.918366,-0.859374][0.263226,-0.915911,0.303018][0.780305,0.67422,0][0.081856,0.981506,-0.666304][0.280814,-0.911069,0.301822][0.797311,0.674968,0][0,0.956276,-0.666304][-0.280814,-0.911069,0.301822][0.797974,0.68184,0][0,0.956276,-0.666304][-0.280814,-0.911069,0.301822][0.797974,0.68184,0][0,0.893136,-0.862215][-0.263226,-0.915911,0.303018][0.780433,0.68108,0][0.084519,0.918366,-0.859374][0.263226,-0.915911,0.303018][0.780305,0.67422,0][0.418233,0.736696,-1.14615][-0.316499,-0.733024,0.602083][0.749818,0.641117,0][0.448034,0.855206,-0.986203][-0.316499,-0.733024,0.602083][0.763898,0.640859,0][0.237302,0.918216,-1.02027][-0.316499,-0.733024,0.602083][0.766376,0.660048,0][0.237302,0.918216,-1.02027][-0.316499,-0.733024,0.602083][0.766376,0.660048,0][0.223194,0.758796,-1.19725][-0.252839,-0.708756,0.658588][0.74907,0.660563,0][0.418233,0.736696,-1.14615][-0.316499,-0.733024,0.602083][0.749818,0.641117,0][0.448034,0.855206,-0.986203][-0.316499,-0.733024,0.602083][0.763898,0.640859,0][0.460928,0.918366,-0.826253][-0.283651,-0.88388,0.371886][0.777821,0.641537,0][0.242286,0.981366,-0.843284][-0.283651,-0.88388,0.371886][0.78095,0.660309,0][0.242286,0.981366,-0.843284][-0.283651,-0.88388,0.371886][0.78095,0.660309,0][0.237302,0.918216,-1.02027][-0.316499,-0.733024,0.602083][0.766376,0.660048,0][0.448034,0.855206,-0.986203][-0.316499,-0.733024,0.602083][0.763898,0.640859,0][0.242286,0.981366,-0.843284][-0.283651,-0.88388,0.371886][0.78095,0.660309,0][0.460928,0.918366,-0.826253][-0.283651,-0.88388,0.371886][0.777821,0.641537,0][0.474193,0.981506,-0.666304][-0.283632,-0.883687,0.372358][0.791785,0.642372,0][0.474193,0.981506,-0.666304][-0.283632,-0.883687,0.372358][0.791785,0.642372,0][0.24736,1.04452,-0.666304][-0.252504,-0.909005,0.33159][0.796155,0.661049,0][0.242286,0.981366,-0.843284][-0.283651,-0.88388,0.371886][0.78095,0.660309,0][0.649562,0.682988,-1.08555][-0.328525,-0.730096,0.599193][0.750423,0.617915,0][0.697975,0.775896,-0.945802][-0.328525,-0.730096,0.599193][0.763678,0.618824,0][0.448034,0.855206,-0.986203][-0.316499,-0.733024,0.602083][0.763898,0.640859,0][0.448034,0.855206,-0.986203][-0.316499,-0.733024,0.602083][0.763898,0.640859,0][0.418233,0.736696,-1.14615][-0.316499,-0.733024,0.602083][0.749818,0.641117,0][0.649562,0.682988,-1.08555][-0.328525,-0.730096,0.599193][0.750423,0.617915,0][0.697975,0.775896,-0.945802][-0.328525,-0.730096,0.599193][0.763678,0.618824,0][0.720249,0.839046,-0.806053][-0.294393,-0.852415,0.432113][0.775523,0.619926,0][0.460928,0.918366,-0.826253][-0.283651,-0.88388,0.371886][0.777821,0.641537,0][0.460928,0.918366,-0.826253][-0.283651,-0.88388,0.371886][0.777821,0.641537,0][0.448034,0.855206,-0.986203][-0.316499,-0.733024,0.602083][0.763898,0.640859,0][0.697975,0.775896,-0.945802][-0.328525,-0.730096,0.599193][0.763678,0.618824,0][0.720249,0.839046,-0.806053][-0.294393,-0.852415,0.432113][0.775523,0.619926,0][0.743228,0.902196,-0.666304][-0.254925,-0.864754,0.432683][0.788504,0.620801,0][0.474193,0.981506,-0.666304][-0.283632,-0.883687,0.372358][0.791785,0.642372,0][0.474193,0.981506,-0.666304][-0.283632,-0.883687,0.372358][0.791785,0.642372,0][0.460928,0.918366,-0.826253][-0.283651,-0.88388,0.371886][0.777821,0.641537,0][0.720249,0.839046,-0.806053][-0.294393,-0.852415,0.432113][0.775523,0.619926,0][0.649562,0.682988,-1.08555][-0.328525,-0.730096,0.599193][0.750423,0.617915,0][0.77828,0.454971,-1.05183][-0.713256,-0.309653,0.628793][0.750389,0.59263,0][0.864152,0.518128,-0.923322][-0.713256,-0.309653,0.628793][0.762124,0.593524,0][0.864152,0.518128,-0.923322][-0.713256,-0.309653,0.628793][0.762124,0.593524,0][0.697975,0.775896,-0.945802][-0.328525,-0.730096,0.599193][0.763678,0.618824,0][0.649562,0.682988,-1.08555][-0.328525,-0.730096,0.599193][0.750423,0.617915,0][0.697975,0.775896,-0.945802][-0.328525,-0.730096,0.599193][0.763678,0.618824,0][0.864152,0.518128,-0.923322][-0.713256,-0.309653,0.628793][0.762124,0.593524,0][0.920309,0.581285,-0.794813][-0.733078,-0.426386,0.529898][0.77352,0.594079,0][0.920309,0.581285,-0.794813][-0.733078,-0.426386,0.529898][0.77352,0.594079,0][0.720249,0.839046,-0.806053][-0.294393,-0.852415,0.432113][0.775523,0.619926,0][0.697975,0.775896,-0.945802][-0.328525,-0.730096,0.599193][0.763678,0.618824,0][0.720249,0.839046,-0.806053][-0.294393,-0.852415,0.432113][0.775523,0.619926,0][0.920309,0.581285,-0.794813][-0.733078,-0.426386,0.529898][0.77352,0.594079,0][0.978969,0.644433,-0.666304][-0.671003,-0.496794,0.55041][0.785669,0.594356,0][0.978969,0.644433,-0.666304][-0.671003,-0.496794,0.55041][0.785669,0.594356,0][0.743228,0.902196,-0.666304][-0.254925,-0.864754,0.432683][0.788504,0.620801,0][0.720249,0.839046,-0.806053][-0.294393,-0.852415,0.432113][0.775523,0.619926,0][0.77828,0.454971,-1.05183][-0.713256,-0.309653,0.628793][0.750389,0.59263,0][0.870801,0.157548,-1.02759][-0.732089,-0.174062,0.658595][0.750746,0.561831,0][0.964124,0.220705,-0.907163][-0.732089,-0.174062,0.658595][0.762258,0.564705,0][0.964124,0.220705,-0.907163][-0.732089,-0.174062,0.658595][0.762258,0.564705,0][0.864152,0.518128,-0.923322][-0.713256,-0.309653,0.628793][0.762124,0.593524,0][0.77828,0.454971,-1.05183][-0.713256,-0.309653,0.628793][0.750389,0.59263,0][0.864152,0.518128,-0.923322][-0.713256,-0.309653,0.628793][0.762124,0.593524,0][0.964124,0.220705,-0.907163][-0.732089,-0.174062,0.658595][0.762258,0.564705,0][1.02403,0.283861,-0.786733][-0.811266,-0.243817,0.531414][0.773181,0.567123,0][1.02403,0.283861,-0.786733][-0.811266,-0.243817,0.531414][0.773181,0.567123,0][0.920309,0.581285,-0.794813][-0.733078,-0.426386,0.529898][0.77352,0.594079,0][0.864152,0.518128,-0.923322][-0.713256,-0.309653,0.628793][0.762124,0.593524,0][0.920309,0.581285,-0.794813][-0.733078,-0.426386,0.529898][0.77352,0.594079,0][1.02403,0.283861,-0.786733][-0.811266,-0.243817,0.531414][0.773181,0.567123,0][1.08657,0.347007,-0.666304][-0.793517,-0.2618,0.549355][0.784141,0.569135,0][1.08657,0.347007,-0.666304][-0.793517,-0.2618,0.549355][0.784141,0.569135,0][0.978969,0.644433,-0.666304][-0.671003,-0.496794,0.55041][0.785669,0.594356,0][0.920309,0.581285,-0.794813][-0.733078,-0.426386,0.529898][0.77352,0.594079,0][0.981533,-0.275969,-0.921613][-0.777932,-0.0455003,0.626698][0.761032,0.521772,0][0.964124,0.220705,-0.907163][-0.732089,-0.174062,0.658595][0.762258,0.564705,0][0.870801,0.157548,-1.02759][-0.732089,-0.174062,0.658595][0.750746,0.561831,0][0.870801,0.157548,-1.02759][-0.732089,-0.174062,0.658595][0.750746,0.561831,0][0.886591,-0.340073,-1.04361][-0.776815,-0.0448656,0.628128][0.749487,0.517752,0][0.981533,-0.275969,-0.921613][-0.777932,-0.0455003,0.626698][0.761032,0.521772,0][0.964124,0.220705,-0.907163][-0.732089,-0.174062,0.658595][0.762258,0.564705,0][0.981533,-0.275969,-0.921613][-0.777932,-0.0455003,0.626698][0.761032,0.521772,0][1.04245,-0.211866,-0.799618][-0.88423,-0.0445196,0.464925][0.771852,0.525968,0][1.04245,-0.211866,-0.799618][-0.88423,-0.0445196,0.464925][0.771852,0.525968,0][1.02403,0.283861,-0.786733][-0.811266,-0.243817,0.531414][0.773181,0.567123,0][0.964124,0.220705,-0.907163][-0.732089,-0.174062,0.658595][0.762258,0.564705,0][1.02403,0.283861,-0.786733][-0.811266,-0.243817,0.531414][0.773181,0.567123,0][1.04245,-0.211866,-0.799618][-0.88423,-0.0445196,0.464925][0.771852,0.525968,0][1.10604,-0.147774,-0.677622][-0.875972,-0.0450319,0.480256][0.782813,0.52961,0][1.10604,-0.147774,-0.677622][-0.875972,-0.0450319,0.480256][0.782813,0.52961,0][1.08657,0.347007,-0.666304][-0.793517,-0.2618,0.549355][0.784141,0.569135,0][1.02403,0.283861,-0.786733][-0.811266,-0.243817,0.531414][0.773181,0.567123,0][0.886591,-0.340073,-1.04361][-0.776815,-0.0448656,0.628128][0.749487,0.517752,0][0.925183,-0.712996,-1.06732][-0.744696,-0.118824,0.656741][0.748414,0.48477,0][1.02383,-0.647244,-0.943565][-0.744696,-0.118824,0.656741][0.760174,0.489035,0][1.02383,-0.647244,-0.943565][-0.744696,-0.118824,0.656741][0.760174,0.489035,0][0.981533,-0.275969,-0.921613][-0.777932,-0.0455003,0.626698][0.761032,0.521772,0][0.886591,-0.340073,-1.04361][-0.776815,-0.0448656,0.628128][0.749487,0.517752,0][0.981533,-0.275969,-0.921613][-0.777932,-0.0455003,0.626698][0.761032,0.521772,0][1.02383,-0.647244,-0.943565][-0.744696,-0.118824,0.656741][0.760174,0.489035,0][1.08696,-0.581491,-0.81981][-0.854596,-0.127128,0.503492][0.771073,0.494141,0][1.08696,-0.581491,-0.81981][-0.854596,-0.127128,0.503492][0.771073,0.494141,0][1.04245,-0.211866,-0.799618][-0.88423,-0.0445196,0.464925][0.771852,0.525968,0][0.981533,-0.275969,-0.921613][-0.777932,-0.0455003,0.626698][0.761032,0.521772,0][1.04245,-0.211866,-0.799618][-0.88423,-0.0445196,0.464925][0.771852,0.525968,0][1.08696,-0.581491,-0.81981][-0.854596,-0.127128,0.503492][0.771073,0.494141,0][1.15285,-0.515751,-0.696055][-0.844862,-0.130086,0.518928][0.782659,0.499151,0][1.15285,-0.515751,-0.696055][-0.844862,-0.130086,0.518928][0.782659,0.499151,0][1.10604,-0.147774,-0.677622][-0.875972,-0.0450319,0.480256][0.782813,0.52961,0][1.04245,-0.211866,-0.799618][-0.88423,-0.0445196,0.464925][0.771852,0.525968,0][0.925183,-0.712996,-1.06732][-0.744696,-0.118824,0.656741][0.748414,0.48477,0][0.981568,-1.06616,-1.08383][-0.725613,-0.147265,0.672159][0.745896,0.452563,0][1.08794,-1.00015,-0.954534][-0.725613,-0.147265,0.672159][0.760488,0.459595,0][1.08794,-1.00015,-0.954534][-0.725613,-0.147265,0.672159][0.760488,0.459595,0][1.02383,-0.647244,-0.943565][-0.744696,-0.118824,0.656741][0.760174,0.489035,0][0.925183,-0.712996,-1.06732][-0.744696,-0.118824,0.656741][0.748414,0.48477,0][1.02383,-0.647244,-0.943565][-0.744696,-0.118824,0.656741][0.760174,0.489035,0][1.08794,-1.00015,-0.954534][-0.725613,-0.147265,0.672159][0.760488,0.459595,0][1.15671,-0.934148,-0.825241][-0.832349,-0.167625,0.528297][0.77131,0.463817,0][1.15671,-0.934148,-0.825241][-0.832349,-0.167625,0.528297][0.77131,0.463817,0][1.08696,-0.581491,-0.81981][-0.854596,-0.127128,0.503492][0.771073,0.494141,0][1.02383,-0.647244,-0.943565][-0.744696,-0.118824,0.656741][0.760174,0.489035,0][1.08696,-0.581491,-0.81981][-0.854596,-0.127128,0.503492][0.771073,0.494141,0][1.15671,-0.934148,-0.825241][-0.832349,-0.167625,0.528297][0.77131,0.463817,0][1.22853,-0.868152,-0.695947][-0.821714,-0.170895,0.543674][0.783325,0.47036,0][1.22853,-0.868152,-0.695947][-0.821714,-0.170895,0.543674][0.783325,0.47036,0][1.15285,-0.515751,-0.696055][-0.844862,-0.130086,0.518928][0.782659,0.499151,0][1.08696,-0.581491,-0.81981][-0.854596,-0.127128,0.503492][0.771073,0.494141,0][0.981568,-1.06616,-1.08383][-0.725613,-0.147265,0.672159][0.745896,0.452563,0][0.847269,-1.16103,-1.05879][-0.574433,0.818322,0.0193836][0.749021,0.436407,0][0.941657,-1.09787,-0.927964][-0.574433,0.818322,0.0193836][0.761005,0.445939,0][0.941657,-1.09787,-0.927964][-0.574433,0.818322,0.0193836][0.761005,0.445939,0][1.08794,-1.00015,-0.954534][-0.725613,-0.147265,0.672159][0.760488,0.459595,0][0.981568,-1.06616,-1.08383][-0.725613,-0.147265,0.672159][0.745896,0.452563,0][1.08794,-1.00015,-0.954534][-0.725613,-0.147265,0.672159][0.760488,0.459595,0][0.941657,-1.09787,-0.927964][-0.574433,0.818322,0.0193836][0.761005,0.445939,0][1.00373,-1.03471,-0.797134][-0.566666,0.814512,-0.124334][0.771311,0.449498,0][1.00373,-1.03471,-0.797134][-0.566666,0.814512,-0.124334][0.771311,0.449498,0][1.15671,-0.934148,-0.825241][-0.832349,-0.167625,0.528297][0.77131,0.463817,0][1.08794,-1.00015,-0.954534][-0.725613,-0.147265,0.672159][0.760488,0.459595,0][1.15671,-0.934148,-0.825241][-0.832349,-0.167625,0.528297][0.77131,0.463817,0][1.00373,-1.03471,-0.797134][-0.566666,0.814512,-0.124334][0.771311,0.449498,0][1.06859,-0.971569,-0.666304][-0.560512,0.819731,-0.117764][0.785128,0.452821,0][1.06859,-0.971569,-0.666304][-0.560512,0.819731,-0.117764][0.785128,0.452821,0][1.22853,-0.868152,-0.695947][-0.821714,-0.170895,0.543674][0.783325,0.47036,0][1.15671,-0.934148,-0.825241][-0.832349,-0.167625,0.528297][0.77131,0.463817,0][0.081856,0.981506,-0.666304][0.280814,-0.911069,0.301822][0.797311,0.674968,0][0.08256,1.00432,-0.481419][0.295953,-0.948151,0.11585][0.812496,0.675168,0][0,0.978546,-0.481419][-0.295953,-0.948151,0.11585][0.813098,0.681667,0][0,0.978546,-0.481419][-0.295953,-0.948151,0.11585][0.813098,0.681667,0][0,0.956276,-0.666304][-0.280814,-0.911069,0.301822][0.797974,0.68184,0][0.081856,0.981506,-0.666304][0.280814,-0.911069,0.301822][0.797311,0.674968,0][0.08256,1.00432,-0.481419][0.295953,-0.948151,0.11585][0.812496,0.675168,0][0.083257,1.02688,-0.291078][0.299349,-0.947639,0.111222][0.828425,0.674535,0][0,1.00058,-0.291078][-0.299349,-0.947639,0.111222][0.82944,0.680892,0][0,1.00058,-0.291078][-0.299349,-0.947639,0.111222][0.82944,0.680892,0][0,0.978546,-0.481419][-0.295953,-0.948151,0.11585][0.813098,0.681667,0][0.08256,1.00432,-0.481419][0.295953,-0.948151,0.11585][0.812496,0.675168,0][0.083257,1.02688,-0.291078][0.299349,-0.947639,0.111222][0.828425,0.674535,0][0.083943,1.04913,-0.0953969][0.199715,-0.973659,0.11001][0.845553,0.672798,0][0,1.03191,-0.0954119][-0.199715,-0.973659,0.11001][0.846692,0.679136,0][0,1.03191,-0.0954119][-0.199715,-0.973659,0.11001][0.846692,0.679136,0][0,1.00058,-0.291078][-0.299349,-0.947639,0.111222][0.82944,0.680892,0][0.083257,1.02688,-0.291078][0.299349,-0.947639,0.111222][0.828425,0.674535,0][0.474193,0.981506,-0.666304][-0.283632,-0.883687,0.372358][0.791785,0.642372,0][0.484291,1.00432,-0.481419][-0.260151,-0.956473,0.132213][0.807078,0.642347,0][0.252628,1.06733,-0.481419][-0.260151,-0.956473,0.132213][0.810974,0.661121,0][0.252628,1.06733,-0.481419][-0.260151,-0.956473,0.132213][0.810974,0.661121,0][0.24736,1.04452,-0.666304][-0.252504,-0.909005,0.33159][0.796155,0.661049,0][0.474193,0.981506,-0.666304][-0.283632,-0.883687,0.372358][0.791785,0.642372,0][0.484291,1.00432,-0.481419][-0.260151,-0.956473,0.132213][0.807078,0.642347,0][0.494278,1.02688,-0.291078][-0.255422,-0.958452,0.127001][0.822377,0.641728,0][0.257838,1.08989,-0.291078][-0.255422,-0.958452,0.127001][0.826396,0.660512,0][0.257838,1.08989,-0.291078][-0.255422,-0.958452,0.127001][0.826396,0.660512,0][0.252628,1.06733,-0.481419][-0.260151,-0.956473,0.132213][0.810974,0.661121,0][0.484291,1.00432,-0.481419][-0.260151,-0.956473,0.132213][0.807078,0.642347,0][0.494278,1.02688,-0.291078][-0.255422,-0.958452,0.127001][0.822377,0.641728,0][0.504128,1.04913,-0.0953969][-0.250918,-0.960312,0.121823][0.838007,0.640186,0][0.262976,1.11214,-0.0953969][-0.250918,-0.960312,0.121823][0.842479,0.658379,0][0.262976,1.11214,-0.0953969][-0.250918,-0.960312,0.121823][0.842479,0.658379,0][0.257838,1.08989,-0.291078][-0.255422,-0.958452,0.127001][0.826396,0.660512,0][0.494278,1.02688,-0.291078][-0.255422,-0.958452,0.127001][0.822377,0.641728,0][0.743228,0.902196,-0.666304][-0.254925,-0.864754,0.432683][0.788504,0.620801,0][0.759056,0.923306,-0.481419][-0.280303,-0.950716,0.132549][0.803316,0.620698,0][0.484291,1.00432,-0.481419][-0.260151,-0.956473,0.132213][0.807078,0.642347,0][0.484291,1.00432,-0.481419][-0.260151,-0.956473,0.132213][0.807078,0.642347,0][0.474193,0.981506,-0.666304][-0.283632,-0.883687,0.372358][0.791785,0.642372,0][0.743228,0.902196,-0.666304][-0.254925,-0.864754,0.432683][0.788504,0.620801,0][0.759056,0.923306,-0.481419][-0.280303,-0.950716,0.132549][0.803316,0.620698,0][0.774709,0.944196,-0.291078][-0.28049,-0.951354,0.127478][0.818178,0.619913,0][0.494278,1.02688,-0.291078][-0.255422,-0.958452,0.127001][0.822377,0.641728,0][0.494278,1.02688,-0.291078][-0.255422,-0.958452,0.127001][0.822377,0.641728,0][0.484291,1.00432,-0.481419][-0.260151,-0.956473,0.132213][0.807078,0.642347,0][0.759056,0.923306,-0.481419][-0.280303,-0.950716,0.132549][0.803316,0.620698,0][0.774709,0.944196,-0.291078][-0.28049,-0.951354,0.127478][0.818178,0.619913,0][0.790148,0.964806,-0.0953969][-0.280646,-0.951974,0.122409][0.833451,0.618038,0][0.504128,1.04913,-0.0953969][-0.250918,-0.960312,0.121823][0.838007,0.640186,0][0.504128,1.04913,-0.0953969][-0.250918,-0.960312,0.121823][0.838007,0.640186,0][0.494278,1.02688,-0.291078][-0.255422,-0.958452,0.127001][0.822377,0.641728,0][0.774709,0.944196,-0.291078][-0.28049,-0.951354,0.127478][0.818178,0.619913,0][0.743228,0.902196,-0.666304][-0.254925,-0.864754,0.432683][0.788504,0.620801,0][0.978969,0.644433,-0.666304][-0.671003,-0.496794,0.55041][0.785669,0.594356,0][0.999817,0.66005,-0.481419][-0.730777,-0.668343,0.138858][0.800096,0.592713,0][0.999817,0.66005,-0.481419][-0.730777,-0.668343,0.138858][0.800096,0.592713,0][0.759056,0.923306,-0.481419][-0.280303,-0.950716,0.132549][0.803316,0.620698,0][0.743228,0.902196,-0.666304][-0.254925,-0.864754,0.432683][0.788504,0.620801,0][0.759056,0.923306,-0.481419][-0.280303,-0.950716,0.132549][0.803316,0.620698,0][0.999817,0.66005,-0.481419][-0.730777,-0.668343,0.138858][0.800096,0.592713,0][1.02043,0.675511,-0.291078][-0.731323,-0.668832,0.133526][0.814867,0.591691,0][1.02043,0.675511,-0.291078][-0.731323,-0.668832,0.133526][0.814867,0.591691,0][0.774709,0.944196,-0.291078][-0.28049,-0.951354,0.127478][0.818178,0.619913,0][0.759056,0.923306,-0.481419][-0.280303,-0.950716,0.132549][0.803316,0.620698,0][1.02043,0.675511,-0.291078][-0.731323,-0.668832,0.133526][0.814867,0.591691,0][1.04077,0.690766,-0.0953969][-0.731839,-0.6693,0.128249][0.829672,0.590603,0][0.790148,0.964806,-0.0953969][-0.280646,-0.951974,0.122409][0.833451,0.618038,0][0.790148,0.964806,-0.0953969][-0.280646,-0.951974,0.122409][0.833451,0.618038,0][0.774709,0.944196,-0.291078][-0.28049,-0.951354,0.127478][0.818178,0.619913,0][1.02043,0.675511,-0.291078][-0.731323,-0.668832,0.133526][0.814867,0.591691,0][0.978969,0.644433,-0.666304][-0.671003,-0.496794,0.55041][0.785669,0.594356,0][1.08657,0.347007,-0.666304][-0.793517,-0.2618,0.549355][0.784141,0.569135,0][1.10971,0.356296,-0.481419][-0.931927,-0.337147,0.133578][0.798582,0.567383,0][1.10971,0.356296,-0.481419][-0.931927,-0.337147,0.133578][0.798582,0.567383,0][0.999817,0.66005,-0.481419][-0.730777,-0.668343,0.138858][0.800096,0.592713,0][0.978969,0.644433,-0.666304][-0.671003,-0.496794,0.55041][0.785669,0.594356,0][0.999817,0.66005,-0.481419][-0.730777,-0.668343,0.138858][0.800096,0.592713,0][1.10971,0.356296,-0.481419][-0.931927,-0.337147,0.133578][0.798582,0.567383,0][1.1326,0.365494,-0.291078][-0.932562,-0.337385,0.128451][0.813416,0.566335,0][1.1326,0.365494,-0.291078][-0.932562,-0.337385,0.128451][0.813416,0.566335,0][1.02043,0.675511,-0.291078][-0.731323,-0.668832,0.133526][0.814867,0.591691,0][0.999817,0.66005,-0.481419][-0.730777,-0.668343,0.138858][0.800096,0.592713,0][1.02043,0.675511,-0.291078][-0.731323,-0.668832,0.133526][0.814867,0.591691,0][1.1326,0.365494,-0.291078][-0.932562,-0.337385,0.128451][0.813416,0.566335,0][1.15517,0.374566,-0.095397][-0.933167,-0.337638,0.123286][0.828727,0.565421,0][1.15517,0.374566,-0.095397][-0.933167,-0.337638,0.123286][0.828727,0.565421,0][1.04077,0.690766,-0.0953969][-0.731839,-0.6693,0.128249][0.829672,0.590603,0][1.02043,0.675511,-0.291078][-0.731323,-0.668832,0.133526][0.814867,0.591691,0][1.10604,-0.147774,-0.677622][-0.875972,-0.0450319,0.480256][0.782813,0.52961,0][1.1296,-0.172304,-0.508179][-0.990363,-0.0439146,0.131347][0.796394,0.526655,0][1.10971,0.356296,-0.481419][-0.931927,-0.337147,0.133578][0.798582,0.567383,0][1.10971,0.356296,-0.481419][-0.931927,-0.337147,0.133578][0.798582,0.567383,0][1.08657,0.347007,-0.666304][-0.793517,-0.2618,0.549355][0.784141,0.569135,0][1.10604,-0.147774,-0.677622][-0.875972,-0.0450319,0.480256][0.782813,0.52961,0][1.10971,0.356296,-0.481419][-0.931927,-0.337147,0.133578][0.798582,0.567383,0][1.1296,-0.172304,-0.508179][-0.990363,-0.0439146,0.131347][0.796394,0.526655,0][1.15289,-0.156559,-0.315523][-0.9914,-0.0435517,0.123408][0.812307,0.527272,0][1.15289,-0.156559,-0.315523][-0.9914,-0.0435517,0.123408][0.812307,0.527272,0][1.1326,0.365494,-0.291078][-0.932562,-0.337385,0.128451][0.813416,0.566335,0][1.10971,0.356296,-0.481419][-0.931927,-0.337147,0.133578][0.798582,0.567383,0][1.1326,0.365494,-0.291078][-0.932562,-0.337385,0.128451][0.813416,0.566335,0][1.15289,-0.156559,-0.315523][-0.9914,-0.0435517,0.123408][0.812307,0.527272,0][1.17587,-0.140319,-0.117488][-0.991947,-0.044112,0.118723][0.828744,0.528069,0][1.17587,-0.140319,-0.117488][-0.991947,-0.044112,0.118723][0.828744,0.528069,0][1.15517,0.374566,-0.095397][-0.933167,-0.337638,0.123286][0.828727,0.565421,0][1.1326,0.365494,-0.291078][-0.932562,-0.337385,0.128451][0.813416,0.566335,0][1.15285,-0.515751,-0.696055][-0.844862,-0.130086,0.518928][0.782659,0.499151,0][1.17741,-0.496753,-0.510746][-0.97875,-0.14537,0.144622][0.797373,0.501332,0][1.1296,-0.172304,-0.508179][-0.990363,-0.0439146,0.131347][0.796394,0.526655,0][1.1296,-0.172304,-0.508179][-0.990363,-0.0439146,0.131347][0.796394,0.526655,0][1.10604,-0.147774,-0.677622][-0.875972,-0.0450319,0.480256][0.782813,0.52961,0][1.15285,-0.515751,-0.696055][-0.844862,-0.130086,0.518928][0.782659,0.499151,0][1.1296,-0.172304,-0.508179][-0.990363,-0.0439146,0.131347][0.796394,0.526655,0][1.17741,-0.496753,-0.510746][-0.97875,-0.14537,0.144622][0.797373,0.501332,0][1.20168,-0.482373,-0.312771][-0.980668,-0.145544,0.130793][0.813723,0.502808,0][1.20168,-0.482373,-0.312771][-0.980668,-0.145544,0.130793][0.813723,0.502808,0][1.15289,-0.156559,-0.315523][-0.9914,-0.0435517,0.123408][0.812307,0.527272,0][1.1296,-0.172304,-0.508179][-0.990363,-0.0439146,0.131347][0.796394,0.526655,0][1.15289,-0.156559,-0.315523][-0.9914,-0.0435517,0.123408][0.812307,0.527272,0][1.20168,-0.482373,-0.312771][-0.980668,-0.145544,0.130793][0.813723,0.502808,0][1.22563,-0.467195,-0.1093][-0.9812,-0.145865,0.126376][0.831188,0.5037,0][1.22563,-0.467195,-0.1093][-0.9812,-0.145865,0.126376][0.831188,0.5037,0][1.17587,-0.140319,-0.117488][-0.991947,-0.044112,0.118723][0.828744,0.528069,0][1.15289,-0.156559,-0.315523][-0.9914,-0.0435517,0.123408][0.812307,0.527272,0][1.15285,-0.515751,-0.696055][-0.844862,-0.130086,0.518928][0.782659,0.499151,0][1.22853,-0.868152,-0.695947][-0.821714,-0.170895,0.543674][0.783325,0.47036,0][1.2547,-0.759351,-0.489681][-0.951844,-0.204344,0.228552][0.801277,0.479782,0][1.2547,-0.759351,-0.489681][-0.951844,-0.204344,0.228552][0.801277,0.479782,0][1.17741,-0.496753,-0.510746][-0.97875,-0.14537,0.144622][0.797373,0.501332,0][1.15285,-0.515751,-0.696055][-0.844862,-0.130086,0.518928][0.782659,0.499151,0][1.2547,-0.759351,-0.489681][-0.951844,-0.204344,0.228552][0.801277,0.479782,0][1.28057,-0.749612,-0.290242][-0.953137,-0.269836,0.136812][0.818502,0.481659,0][1.20168,-0.482373,-0.312771][-0.980668,-0.145544,0.130793][0.813723,0.502808,0][1.20168,-0.482373,-0.312771][-0.980668,-0.145544,0.130793][0.813723,0.502808,0][1.17741,-0.496753,-0.510746][-0.97875,-0.14537,0.144622][0.797373,0.501332,0][1.2547,-0.759351,-0.489681][-0.951844,-0.204344,0.228552][0.801277,0.479782,0][1.28057,-0.749612,-0.290242][-0.953137,-0.269836,0.136812][0.818502,0.481659,0][1.30609,-0.738888,-0.085304][-0.953468,-0.270626,0.132892][0.835476,0.482746,0][1.22563,-0.467195,-0.1093][-0.9812,-0.145865,0.126376][0.831188,0.5037,0][1.22563,-0.467195,-0.1093][-0.9812,-0.145865,0.126376][0.831188,0.5037,0][1.20168,-0.482373,-0.312771][-0.980668,-0.145544,0.130793][0.813723,0.502808,0][1.28057,-0.749612,-0.290242][-0.953137,-0.269836,0.136812][0.818502,0.481659,0][1.22853,-0.868152,-0.695947][-0.821714,-0.170895,0.543674][0.783325,0.47036,0][1.06859,-0.971569,-0.666304][-0.560512,0.819731,-0.117764][0.785128,0.452821,0][1.09135,-0.683368,-0.481419][-0.461485,0.504555,-0.729696][0.807106,0.467966,0][1.09135,-0.683368,-0.481419][-0.461485,0.504555,-0.729696][0.807106,0.467966,0][1.2547,-0.759351,-0.489681][-0.951844,-0.204344,0.228552][0.801277,0.479782,0][1.22853,-0.868152,-0.695947][-0.821714,-0.170895,0.543674][0.783325,0.47036,0][1.2547,-0.759351,-0.489681][-0.951844,-0.204344,0.228552][0.801277,0.479782,0][1.09135,-0.683368,-0.481419][-0.461485,0.504555,-0.729696][0.807106,0.467966,0][1.11385,-0.701939,-0.291078][0.423042,0.905299,0.0383203][0.822589,0.468675,0][1.11385,-0.701939,-0.291078][0.423042,0.905299,0.0383203][0.822589,0.468675,0][1.28057,-0.749612,-0.290242][-0.953137,-0.269836,0.136812][0.818502,0.481659,0][1.2547,-0.759351,-0.489681][-0.951844,-0.204344,0.228552][0.801277,0.479782,0][1.28057,-0.749612,-0.290242][-0.953137,-0.269836,0.136812][0.818502,0.481659,0][1.11385,-0.701939,-0.291078][0.423042,0.905299,0.0383203][0.822589,0.468675,0][1.13605,-0.720257,-0.095397][0.27418,0.959882,0.05875][0.840467,0.469606,0][1.13605,-0.720257,-0.095397][0.27418,0.959882,0.05875][0.840467,0.469606,0][1.30609,-0.738888,-0.085304][-0.953468,-0.270626,0.132892][0.835476,0.482746,0][1.28057,-0.749612,-0.290242][-0.953137,-0.269836,0.136812][0.818502,0.481659,0][0.082127,1.04913,-0.0684189][0.0889352,-0.828631,0.552686][0.847934,0.672701,0][0,1.04283,-0.0646489][-0.0889352,-0.828631,0.552686][0.849452,0.678594,0][0,1.03589,-0.0750539][-0.158309,-0.987332,0.010667][0.848406,0.678831,0][0,1.03589,-0.0750539][-0.158309,-0.987332,0.010667][0.848406,0.678831,0][0.083178,1.04913,-0.0840169][0.158309,-0.987332,0.010667][0.846566,0.672768,0][0.082127,1.04913,-0.0684189][0.0889352,-0.828631,0.552686][0.847934,0.672701,0][0.46426,1.05638,0.0185561][-0.253124,-0.967082,-0.026105][0.847867,0.641768,0][0.243215,1.11566,-0.0341889][-0.253124,-0.967082,-0.026105][0.847988,0.659131,0][0.262976,1.11214,-0.0953969][-0.250918,-0.960312,0.121823][0.842479,0.658379,0][0.262976,1.11214,-0.0953969][-0.250918,-0.960312,0.121823][0.842479,0.658379,0][0.504128,1.04913,-0.0953969][-0.250918,-0.960312,0.121823][0.838007,0.640186,0][0.46426,1.05638,0.0185561][-0.253124,-0.967082,-0.026105][0.847867,0.641768,0][0.46426,1.05638,0.0185561][-0.253124,-0.967082,-0.026105][0.847867,0.641768,0][0.424392,1.06725,0.132509][-0.258741,-0.965945,0.00161751][0.857723,0.642971,0][0.223308,1.12094,0.0291891][-0.258741,-0.965945,0.00161751][0.853707,0.659764,0][0.223308,1.12094,0.0291891][-0.258741,-0.965945,0.00161751][0.853707,0.659764,0][0.243215,1.11566,-0.0341889][-0.253124,-0.967082,-0.026105][0.847988,0.659131,0][0.46426,1.05638,0.0185561][-0.253124,-0.967082,-0.026105][0.847867,0.641768,0][0.195368,1.12446,0.0879431][-0.232421,-0.971206,-0.0523402][0.859178,0.661087,0][0.223308,1.12094,0.0291891][-0.258741,-0.965945,0.00161751][0.853707,0.659764,0][0.424392,1.06725,0.132509][-0.258741,-0.965945,0.00161751][0.857723,0.642971,0][0.424392,1.06725,0.132509][-0.258741,-0.965945,0.00161751][0.857723,0.642971,0][0.384524,1.07449,0.246462][-0.23832,-0.970944,-0.0216902][0.867483,0.643713,0][0.195368,1.12446,0.0879431][-0.232421,-0.971206,-0.0523402][0.859178,0.661087,0][0.504128,1.04913,-0.0953969][-0.250918,-0.960312,0.121823][0.838007,0.640186,0][0.790148,0.964806,-0.0953969][-0.280646,-0.951974,0.122409][0.833451,0.618038,0][0.725593,0.964806,0.0825691][-0.281297,-0.954181,-0.102037][0.847582,0.62004,0][0.725593,0.964806,0.0825691][-0.281297,-0.954181,-0.102037][0.847582,0.62004,0][0.46426,1.05638,0.0185561][-0.253124,-0.967082,-0.026105][0.847867,0.641768,0][0.504128,1.04913,-0.0953969][-0.250918,-0.960312,0.121823][0.838007,0.640186,0][0.725593,0.964806,0.0825691][-0.281297,-0.954181,-0.102037][0.847582,0.62004,0][0.661039,0.964806,0.260536][-0.337712,-0.933244,-0.122498][0.862043,0.621883,0][0.424392,1.06725,0.132509][-0.258741,-0.965945,0.00161751][0.857723,0.642971,0][0.424392,1.06725,0.132509][-0.258741,-0.965945,0.00161751][0.857723,0.642971,0][0.46426,1.05638,0.0185561][-0.253124,-0.967082,-0.026105][0.847867,0.641768,0][0.725593,0.964806,0.0825691][-0.281297,-0.954181,-0.102037][0.847582,0.62004,0][0.661039,0.964806,0.260536][-0.337712,-0.933244,-0.122498][0.862043,0.621883,0][0.596484,0.964806,0.438503][-0.359805,-0.923854,-0.130514][0.876534,0.622995,0][0.384524,1.07449,0.246462][-0.23832,-0.970944,-0.0216902][0.867483,0.643713,0][0.384524,1.07449,0.246462][-0.23832,-0.970944,-0.0216902][0.867483,0.643713,0][0.424392,1.06725,0.132509][-0.258741,-0.965945,0.00161751][0.857723,0.642971,0][0.661039,0.964806,0.260536][-0.337712,-0.933244,-0.122498][0.862043,0.621883,0][0.790148,0.964806,-0.0953969][-0.280646,-0.951974,0.122409][0.833451,0.618038,0][1.04077,0.690766,-0.0953969][-0.731839,-0.6693,0.128249][0.829672,0.590603,0][0.954586,0.690766,0.138661][-0.712113,-0.65126,-0.262212][0.848378,0.59214,0][0.954586,0.690766,0.138661][-0.712113,-0.65126,-0.262212][0.848378,0.59214,0][0.725593,0.964806,0.0825691][-0.281297,-0.954181,-0.102037][0.847582,0.62004,0][0.790148,0.964806,-0.0953969][-0.280646,-0.951974,0.122409][0.833451,0.618038,0][0.954586,0.690766,0.138661][-0.712113,-0.65126,-0.262212][0.848378,0.59214,0][0.868397,0.690766,0.372719][-0.714468,-0.648319,-0.263094][0.8666,0.594274,0][0.661039,0.964806,0.260536][-0.337712,-0.933244,-0.122498][0.862043,0.621883,0][0.661039,0.964806,0.260536][-0.337712,-0.933244,-0.122498][0.862043,0.621883,0][0.725593,0.964806,0.0825691][-0.281297,-0.954181,-0.102037][0.847582,0.62004,0][0.954586,0.690766,0.138661][-0.712113,-0.65126,-0.262212][0.848378,0.59214,0][0.868397,0.690766,0.372719][-0.714468,-0.648319,-0.263094][0.8666,0.594274,0][0.782212,0.690766,0.606776][-0.715652,-0.646839,-0.263519][0.885225,0.596621,0][0.596484,0.964806,0.438503][-0.359805,-0.923854,-0.130514][0.876534,0.622995,0][0.596484,0.964806,0.438503][-0.359805,-0.923854,-0.130514][0.876534,0.622995,0][0.661039,0.964806,0.260536][-0.337712,-0.933244,-0.122498][0.862043,0.621883,0][0.868397,0.690766,0.372719][-0.714468,-0.648319,-0.263094][0.8666,0.594274,0][1.04077,0.690766,-0.0953969][-0.731839,-0.6693,0.128249][0.829672,0.590603,0][1.15517,0.374566,-0.095397][-0.933167,-0.337638,0.123286][0.828727,0.565421,0][1.05911,0.374566,0.164264][-0.888142,-0.321326,-0.328562][0.84979,0.566586,0][1.05911,0.374566,0.164264][-0.888142,-0.321326,-0.328562][0.84979,0.566586,0][0.954586,0.690766,0.138661][-0.712113,-0.65126,-0.262212][0.848378,0.59214,0][1.04077,0.690766,-0.0953969][-0.731839,-0.6693,0.128249][0.829672,0.590603,0][1.05911,0.374566,0.164264][-0.888142,-0.321326,-0.328562][0.84979,0.566586,0][0.963045,0.374566,0.423926][-0.888783,-0.319289,-0.328816][0.870728,0.568754,0][0.868397,0.690766,0.372719][-0.714468,-0.648319,-0.263094][0.8666,0.594274,0][0.868397,0.690766,0.372719][-0.714468,-0.648319,-0.263094][0.8666,0.594274,0][0.954586,0.690766,0.138661][-0.712113,-0.65126,-0.262212][0.848378,0.59214,0][1.05911,0.374566,0.164264][-0.888142,-0.321326,-0.328562][0.84979,0.566586,0][0.963045,0.374566,0.423926][-0.888783,-0.319289,-0.328816][0.870728,0.568754,0][0.86699,0.374566,0.683585][-0.889111,-0.31828,-0.328907][0.89147,0.572483,0][0.782212,0.690766,0.606776][-0.715652,-0.646839,-0.263519][0.885225,0.596621,0][0.782212,0.690766,0.606776][-0.715652,-0.646839,-0.263519][0.885225,0.596621,0][0.868397,0.690766,0.372719][-0.714468,-0.648319,-0.263094][0.8666,0.594274,0][0.963045,0.374566,0.423926][-0.888783,-0.319289,-0.328816][0.870728,0.568754,0][1.15517,0.374566,-0.095397][-0.933167,-0.337638,0.123286][0.828727,0.565421,0][1.17587,-0.140319,-0.117488][-0.991947,-0.044112,0.118723][0.828744,0.528069,0][1.07807,-0.116946,0.145241][-0.937593,-0.0228068,-0.346987][0.851762,0.530786,0][1.07807,-0.116946,0.145241][-0.937593,-0.0228068,-0.346987][0.851762,0.530786,0][1.05911,0.374566,0.164264][-0.888142,-0.321326,-0.328562][0.84979,0.566586,0][1.15517,0.374566,-0.095397][-0.933167,-0.337638,0.123286][0.828727,0.565421,0][1.05911,0.374566,0.164264][-0.888142,-0.321326,-0.328562][0.84979,0.566586,0][1.07807,-0.116946,0.145241][-0.937593,-0.0228068,-0.346987][0.851762,0.530786,0][0.980286,-0.090931,0.4274][-0.945278,-0.0238703,-0.325391][0.875284,0.535499,0][0.980286,-0.090931,0.4274][-0.945278,-0.0238703,-0.325391][0.875284,0.535499,0][0.963045,0.374566,0.423926][-0.888783,-0.319289,-0.328816][0.870728,0.568754,0][1.05911,0.374566,0.164264][-0.888142,-0.321326,-0.328562][0.84979,0.566586,0][0.963045,0.374566,0.423926][-0.888783,-0.319289,-0.328816][0.870728,0.568754,0][0.980286,-0.090931,0.4274][-0.945278,-0.0238703,-0.325391][0.875284,0.535499,0][0.882494,-0.067853,0.687968][-0.936667,-0.0372909,-0.348231][0.897226,0.540944,0][0.882494,-0.067853,0.687968][-0.936667,-0.0372909,-0.348231][0.897226,0.540944,0][0.86699,0.374566,0.683585][-0.889111,-0.31828,-0.328907][0.89147,0.572483,0][0.963045,0.374566,0.423926][-0.888783,-0.319289,-0.328816][0.870728,0.568754,0][1.17587,-0.140319,-0.117488][-0.991947,-0.044112,0.118723][0.828744,0.528069,0][1.22563,-0.467195,-0.1093][-0.9812,-0.145865,0.126376][0.831188,0.5037,0][1.12364,-0.433989,0.16393][-0.932079,-0.150148,-0.329675][0.85519,0.5073,0][1.12364,-0.433989,0.16393][-0.932079,-0.150148,-0.329675][0.85519,0.5073,0][1.07807,-0.116946,0.145241][-0.937593,-0.0228068,-0.346987][0.851762,0.530786,0][1.17587,-0.140319,-0.117488][-0.991947,-0.044112,0.118723][0.828744,0.528069,0][1.07807,-0.116946,0.145241][-0.937593,-0.0228068,-0.346987][0.851762,0.530786,0][1.12364,-0.433989,0.16393][-0.932079,-0.150148,-0.329675][0.85519,0.5073,0][1.02165,-0.399938,0.443379][-0.93416,-0.153267,-0.322263][0.878376,0.512037,0][1.02165,-0.399938,0.443379][-0.93416,-0.153267,-0.322263][0.878376,0.512037,0][0.980286,-0.090931,0.4274][-0.945278,-0.0238703,-0.325391][0.875284,0.535499,0][1.07807,-0.116946,0.145241][-0.937593,-0.0228068,-0.346987][0.851762,0.530786,0][0.980286,-0.090931,0.4274][-0.945278,-0.0238703,-0.325391][0.875284,0.535499,0][1.02165,-0.399938,0.443379][-0.93416,-0.153267,-0.322263][0.878376,0.512037,0][0.919658,-0.368091,0.706617][-0.928671,-0.142031,-0.342632][0.901008,0.517731,0][0.919658,-0.368091,0.706617][-0.928671,-0.142031,-0.342632][0.901008,0.517731,0][0.882494,-0.067853,0.687968][-0.936667,-0.0372909,-0.348231][0.897226,0.540944,0][0.980286,-0.090931,0.4274][-0.945278,-0.0238703,-0.325391][0.875284,0.535499,0][1.22563,-0.467195,-0.1093][-0.9812,-0.145865,0.126376][0.831188,0.5037,0][1.30609,-0.738888,-0.085304][-0.953468,-0.270626,0.132892][0.835476,0.482746,0][1.19765,-0.70378,0.172836][-0.894685,-0.29461,-0.335773][0.856486,0.485334,0][1.19765,-0.70378,0.172836][-0.894685,-0.29461,-0.335773][0.856486,0.485334,0][1.12364,-0.433989,0.16393][-0.932079,-0.150148,-0.329675][0.85519,0.5073,0][1.22563,-0.467195,-0.1093][-0.9812,-0.145865,0.126376][0.831188,0.5037,0][1.12364,-0.433989,0.16393][-0.932079,-0.150148,-0.329675][0.85519,0.5073,0][1.19765,-0.70378,0.172836][-0.894685,-0.29461,-0.335773][0.856486,0.485334,0][1.08921,-0.668671,0.430978][-0.902581,-0.258953,-0.343936][0.879633,0.490257,0][1.08921,-0.668671,0.430978][-0.902581,-0.258953,-0.343936][0.879633,0.490257,0][1.02165,-0.399938,0.443379][-0.93416,-0.153267,-0.322263][0.878376,0.512037,0][1.12364,-0.433989,0.16393][-0.932079,-0.150148,-0.329675][0.85519,0.5073,0][1.02165,-0.399938,0.443379][-0.93416,-0.153267,-0.322263][0.878376,0.512037,0][1.08921,-0.668671,0.430978][-0.902581,-0.258953,-0.343936][0.879633,0.490257,0][0.98078,-0.633563,0.689117][-0.910868,-0.212673,-0.353681][0.89955,0.497262,0][0.98078,-0.633563,0.689117][-0.910868,-0.212673,-0.353681][0.89955,0.497262,0][0.919658,-0.368091,0.706617][-0.928671,-0.142031,-0.342632][0.901008,0.517731,0][1.02165,-0.399938,0.443379][-0.93416,-0.153267,-0.322263][0.878376,0.512037,0][1.13605,-0.720257,-0.095397][0.27418,0.959882,0.05875][0.840467,0.469606,0][1.0421,-0.720257,0.131305][-0.0948705,0.994713,-0.039316][0.860333,0.473195,0][1.19765,-0.70378,0.172836][-0.894685,-0.29461,-0.335773][0.856486,0.485334,0][1.19765,-0.70378,0.172836][-0.894685,-0.29461,-0.335773][0.856486,0.485334,0][1.30609,-0.738888,-0.085304][-0.953468,-0.270626,0.132892][0.835476,0.482746,0][1.13605,-0.720257,-0.095397][0.27418,0.959882,0.05875][0.840467,0.469606,0][1.0421,-0.720257,0.131305][-0.0948705,0.994713,-0.039316][0.860333,0.473195,0][0.948156,-0.720257,0.358008][-0.286328,0.950757,-0.118652][0.881866,0.477884,0][1.08921,-0.668671,0.430978][-0.902581,-0.258953,-0.343936][0.879633,0.490257,0][1.08921,-0.668671,0.430978][-0.902581,-0.258953,-0.343936][0.879633,0.490257,0][1.19765,-0.70378,0.172836][-0.894685,-0.29461,-0.335773][0.856486,0.485334,0][1.0421,-0.720257,0.131305][-0.0948705,0.994713,-0.039316][0.860333,0.473195,0][1.08921,-0.668671,0.430978][-0.902581,-0.258953,-0.343936][0.879633,0.490257,0][0.948156,-0.720257,0.358008][-0.286328,0.950757,-0.118652][0.881866,0.477884,0][0.85421,-0.720257,0.584712][-0.286327,0.950757,-0.118654][0.90401,0.483353,0][0.85421,-0.720257,0.584712][-0.286327,0.950757,-0.118654][0.90401,0.483353,0][0.98078,-0.633563,0.689117][-0.910868,-0.212673,-0.353681][0.89955,0.497262,0][1.08921,-0.668671,0.430978][-0.902581,-0.258953,-0.343936][0.879633,0.490257,0][0.195368,1.12446,0.0879431][-0.232421,-0.971206,-0.0523402][0.859178,0.661087,0][0.384524,1.07449,0.246462][-0.23832,-0.970944,-0.0216902][0.867483,0.643713,0][0.259034,1.08174,0.302229][-0.126626,-0.979348,-0.157621][0.875348,0.65143,0][0.259034,1.08174,0.302229][-0.126626,-0.979348,-0.157621][0.875348,0.65143,0][0.125835,1.129,0.11648][-0.128398,-0.979206,-0.157066][0.863348,0.665693,0][0.195368,1.12446,0.0879431][-0.232421,-0.971206,-0.0523402][0.859178,0.661087,0][0,1.05112,-0.0590009][-0.0114915,-0.401179,0.169806][0.850302,0.678399,0][0.125835,1.129,0.11648][-0.128398,-0.979206,-0.157066][0.863348,0.665693,0][0.032204,1.13812,0.144363][0.0372576,-1.3007,0.550544][0.868138,0.671553,0][0,1.05112,-0.0590009][-0.0114915,-0.401179,0.169806][0.850302,0.678399,0][0.032204,1.13812,0.144363][0.0372576,-1.3007,0.550544][0.868138,0.671553,0][0,1.13832,0.149908][0,-0.997928,0.064336][0.869445,0.67364,0][0.384524,1.07449,0.246462][-0.23832,-0.970944,-0.0216902][0.867483,0.643713,0][0.596484,0.964806,0.438503][-0.359805,-0.923854,-0.130514][0.876534,0.622995,0][0.400505,0.964806,0.525596][-0.157038,-0.922208,-0.353372][0.889348,0.632991,0][0.400505,0.964806,0.525596][-0.157038,-0.922208,-0.353372][0.889348,0.632991,0][0.259034,1.08174,0.302229][-0.126626,-0.979348,-0.157621][0.875348,0.65143,0][0.384524,1.07449,0.246462][-0.23832,-0.970944,-0.0216902][0.867483,0.643713,0][0.259034,1.08174,0.302229][-0.126626,-0.979348,-0.157621][0.875348,0.65143,0][0.400505,0.964806,0.525596][-0.157038,-0.922208,-0.353372][0.889348,0.632991,0][0.204526,0.964806,0.612688][-0.169085,-0.931401,-0.380486][0.902448,0.643011,0][0.204526,0.964806,0.612688][-0.169085,-0.931401,-0.380486][0.902448,0.643011,0][0.133545,1.08718,0.357997][-0.348187,-1.52337,-0.634889][0.883217,0.658712,0][0.259034,1.08174,0.302229][-0.126626,-0.979348,-0.157621][0.875348,0.65143,0][0.204526,0.964806,0.612688][-0.169085,-0.931401,-0.380486][0.902448,0.643011,0][0,0.964806,0.699781][0,-0.787726,-0.616026][0.91526,0.652052,0][0,1.0908,0.413764][0,-0.949689,-0.313194][0.891144,0.665586,0][0,1.0908,0.413764][0,-0.949689,-0.313194][0.891144,0.665586,0][0.133545,1.08718,0.357997][-0.348187,-1.52337,-0.634889][0.883217,0.658712,0][0.204526,0.964806,0.612688][-0.169085,-0.931401,-0.380486][0.902448,0.643011,0][0.596484,0.964806,0.438503][-0.359805,-0.923854,-0.130514][0.876534,0.622995,0][0.782212,0.690766,0.606776][-0.715652,-0.646839,-0.263519][0.885225,0.596621,0][0.524467,0.690766,0.721316][-0.31151,-0.641554,-0.700978][0.903589,0.60771,0][0.524467,0.690766,0.721316][-0.31151,-0.641554,-0.700978][0.903589,0.60771,0][0.400505,0.964806,0.525596][-0.157038,-0.922208,-0.353372][0.889348,0.632991,0][0.596484,0.964806,0.438503][-0.359805,-0.923854,-0.130514][0.876534,0.622995,0][0.524467,0.690766,0.721316][-0.31151,-0.641554,-0.700978][0.903589,0.60771,0][0.266721,0.690766,0.83586][-0.459947,-0.947242,-1.03497][0.9215,0.618912,0][0.204526,0.964806,0.612688][-0.169085,-0.931401,-0.380486][0.902448,0.643011,0][0.204526,0.964806,0.612688][-0.169085,-0.931401,-0.380486][0.902448,0.643011,0][0.400505,0.964806,0.525596][-0.157038,-0.922208,-0.353372][0.889348,0.632991,0][0.524467,0.690766,0.721316][-0.31151,-0.641554,-0.700978][0.903589,0.60771,0][0.266721,0.690766,0.83586][-0.459947,-0.947242,-1.03497][0.9215,0.618912,0][0,0.690766,0.9504][0,-0.529638,-0.848224][0.939282,0.629636,0][0,0.964806,0.699781][0,-0.787726,-0.616026][0.91526,0.652052,0][0,0.964806,0.699781][0,-0.787726,-0.616026][0.91526,0.652052,0][0.204526,0.964806,0.612688][-0.169085,-0.931401,-0.380486][0.902448,0.643011,0][0.266721,0.690766,0.83586][-0.459947,-0.947242,-1.03497][0.9215,0.618912,0][0.782212,0.690766,0.606776][-0.715652,-0.646839,-0.263519][0.885225,0.596621,0][0.86699,0.374566,0.683585][-0.889111,-0.31828,-0.328907][0.89147,0.572483,0][0.58105,0.374566,0.81066][-0.385557,-0.314117,-0.867569][0.913351,0.582659,0][0.58105,0.374566,0.81066][-0.385557,-0.314117,-0.867569][0.913351,0.582659,0][0.524467,0.690766,0.721316][-0.31151,-0.641554,-0.700978][0.903589,0.60771,0][0.782212,0.690766,0.606776][-0.715652,-0.646839,-0.263519][0.885225,0.596621,0][0.58105,0.374566,0.81066][-0.385557,-0.314117,-0.867569][0.913351,0.582659,0][0.295111,0.374566,0.96394][-0.643623,-0.544126,-1.20066][0.935238,0.593794,0][0.266721,0.690766,0.83586][-0.459947,-0.947242,-1.03497][0.9215,0.618912,0][0.266721,0.690766,0.83586][-0.459947,-0.947242,-1.03497][0.9215,0.618912,0][0.524467,0.690766,0.721316][-0.31151,-0.641554,-0.700978][0.903589,0.60771,0][0.58105,0.374566,0.81066][-0.385557,-0.314117,-0.867569][0.913351,0.582659,0][0.295111,0.374566,0.96394][-0.643623,-0.544126,-1.20066][0.935238,0.593794,0][0,0.374566,1.09101][0,-0.274527,-0.96158][0.956205,0.604319,0][0,0.690766,0.9504][0,-0.529638,-0.848224][0.939282,0.629636,0][0,0.690766,0.9504][0,-0.529638,-0.848224][0.939282,0.629636,0][0.266721,0.690766,0.83586][-0.459947,-0.947242,-1.03497][0.9215,0.618912,0][0.295111,0.374566,0.96394][-0.643623,-0.544126,-1.20066][0.935238,0.593794,0][0.86699,0.374566,0.683585][-0.889111,-0.31828,-0.328907][0.89147,0.572483,0][0.882494,-0.067853,0.687968][-0.936667,-0.0372909,-0.348231][0.897226,0.540944,0][0.591434,-0.051717,0.85109][-0.489822,-0.0257984,-0.871441][0.922564,0.550448,0][0.591434,-0.051717,0.85109][-0.489822,-0.0257984,-0.871441][0.922564,0.550448,0][0.58105,0.374566,0.81066][-0.385557,-0.314117,-0.867569][0.913351,0.582659,0][0.86699,0.374566,0.683585][-0.889111,-0.31828,-0.328907][0.89147,0.572483,0][0.591434,-0.051717,0.85109][-0.489822,-0.0257984,-0.871441][0.922564,0.550448,0][0.300375,-0.0352871,1.02554][-0.799913,-0.207919,-1.31502][0.946813,0.561751,0][0.295111,0.374566,0.96394][-0.643623,-0.544126,-1.20066][0.935238,0.593794,0][0.295111,0.374566,0.96394][-0.643623,-0.544126,-1.20066][0.935238,0.593794,0][0.58105,0.374566,0.81066][-0.385557,-0.314117,-0.867569][0.913351,0.582659,0][0.591434,-0.051717,0.85109][-0.489822,-0.0257984,-0.871441][0.922564,0.550448,0][0.300375,-0.0352871,1.02554][-0.799913,-0.207919,-1.31502][0.946813,0.561751,0][0,-0.0238501,1.1541][0,-0.0989325,-0.995094][0.96924,0.572881,0][0,0.374566,1.09101][0,-0.274527,-0.96158][0.956205,0.604319,0][0,0.374566,1.09101][0,-0.274527,-0.96158][0.956205,0.604319,0][0.295111,0.374566,0.96394][-0.643623,-0.544126,-1.20066][0.935238,0.593794,0][0.300375,-0.0352871,1.02554][-0.799913,-0.207919,-1.31502][0.946813,0.561751,0][0.882494,-0.067853,0.687968][-0.936667,-0.0372909,-0.348231][0.897226,0.540944,0][0.919658,-0.368091,0.706617][-0.928671,-0.142031,-0.342632][0.901008,0.517731,0][0.616301,-0.345911,0.88394][-0.507547,-0.115858,-0.853799][0.927352,0.527829,0][0.616301,-0.345911,0.88394][-0.507547,-0.115858,-0.853799][0.927352,0.527829,0][0.591434,-0.051717,0.85109][-0.489822,-0.0257984,-0.871441][0.922564,0.550448,0][0.882494,-0.067853,0.687968][-0.936667,-0.0372909,-0.348231][0.897226,0.540944,0][0.591434,-0.051717,0.85109][-0.489822,-0.0257984,-0.871441][0.922564,0.550448,0][0.616301,-0.345911,0.88394][-0.507547,-0.115858,-0.853799][0.927352,0.527829,0][0.312944,-0.328063,1.03233][-0.333502,-0.102936,-0.669405][0.951943,0.538443,0][0.312944,-0.328063,1.03233][-0.333502,-0.102936,-0.669405][0.951943,0.538443,0][0.300375,-0.0352871,1.02554][-0.799913,-0.207919,-1.31502][0.946813,0.561751,0][0.591434,-0.051717,0.85109][-0.489822,-0.0257984,-0.871441][0.922564,0.550448,0][0.300375,-0.0352871,1.02554][-0.799913,-0.207919,-1.31502][0.946813,0.561751,0][0.312944,-0.328063,1.03233][-0.333502,-0.102936,-0.669405][0.951943,0.538443,0][0,-0.311813,1.16604][0.63184,-0.0611082,-1.47108][0.976309,0.54991,0][0,-0.311813,1.16604][0.63184,-0.0611082,-1.47108][0.976309,0.54991,0][0,-0.0238501,1.1541][0,-0.0989325,-0.995094][0.96924,0.572881,0][0.300375,-0.0352871,1.02554][-0.799913,-0.207919,-1.31502][0.946813,0.561751,0][0.919658,-0.368091,0.706617][-0.928671,-0.142031,-0.342632][0.901008,0.517731,0][0.98078,-0.633563,0.689117][-0.910868,-0.212673,-0.353681][0.89955,0.497262,0][0.657424,-0.616381,0.81544][-0.364831,-0.0226397,-0.930798][0.92561,0.504483,0][0.657424,-0.616381,0.81544][-0.364831,-0.0226397,-0.930798][0.92561,0.504483,0][0.616301,-0.345911,0.88394][-0.507547,-0.115858,-0.853799][0.927352,0.527829,0][0.919658,-0.368091,0.706617][-0.928671,-0.142031,-0.342632][0.901008,0.517731,0][0.616301,-0.345911,0.88394][-0.507547,-0.115858,-0.853799][0.927352,0.527829,0][0.657424,-0.616381,0.81544][-0.364831,-0.0226397,-0.930798][0.92561,0.504483,0][0.334067,-0.5992,0.94177][-0.274881,0.141265,-0.722803][0.952478,0.51502,0][0.334067,-0.5992,0.94177][-0.274881,0.141265,-0.722803][0.952478,0.51502,0][0.312944,-0.328063,1.03233][-0.333502,-0.102936,-0.669405][0.951943,0.538443,0][0.616301,-0.345911,0.88394][-0.507547,-0.115858,-0.853799][0.927352,0.527829,0][0.312944,-0.328063,1.03233][-0.333502,-0.102936,-0.669405][0.951943,0.538443,0][0.334067,-0.5992,0.94177][-0.274881,0.141265,-0.722803][0.952478,0.51502,0][0,-0.582018,1.0681][0,0.515981,-0.8566][0.979364,0.525707,0][0,-0.582018,1.0681][0,0.515981,-0.8566][0.979364,0.525707,0][0,-0.311813,1.16604][0.63184,-0.0611082,-1.47108][0.976309,0.54991,0][0.312944,-0.328063,1.03233][-0.333502,-0.102936,-0.669405][0.951943,0.538443,0][0.85421,-0.720257,0.584712][-0.286327,0.950757,-0.118654][0.90401,0.483353,0][0.572825,-0.720257,0.695657][-0.216102,0.808021,-0.54809][0.930205,0.491874,0][0.657424,-0.616381,0.81544][-0.364831,-0.0226397,-0.930798][0.92561,0.504483,0][0.657424,-0.616381,0.81544][-0.364831,-0.0226397,-0.930798][0.92561,0.504483,0][0.98078,-0.633563,0.689117][-0.910868,-0.212673,-0.353681][0.89955,0.497262,0][0.85421,-0.720257,0.584712][-0.286327,0.950757,-0.118654][0.90401,0.483353,0][0.572825,-0.720257,0.695657][-0.216102,0.808021,-0.54809][0.930205,0.491874,0][0.291439,-0.720257,0.8066][-0.387432,1.23364,-0.982649][0.9548,0.500382,0][0.334067,-0.5992,0.94177][-0.274881,0.141265,-0.722803][0.952478,0.51502,0][0.334067,-0.5992,0.94177][-0.274881,0.141265,-0.722803][0.952478,0.51502,0][0.657424,-0.616381,0.81544][-0.364831,-0.0226397,-0.930798][0.92561,0.504483,0][0.572825,-0.720257,0.695657][-0.216102,0.808021,-0.54809][0.930205,0.491874,0][0.334067,-0.5992,0.94177][-0.274881,0.141265,-0.722803][0.952478,0.51502,0][0.291439,-0.720257,0.8066][-0.387432,1.23364,-0.982649][0.9548,0.500382,0][0,-0.720257,0.91754][0,-0.0406659,-0.999173][0.979206,0.508584,0][0,-0.720257,0.91754][0,-0.0406659,-0.999173][0.979206,0.508584,0][0,-0.582018,1.0681][0,0.515981,-0.8566][0.979364,0.525707,0][0.334067,-0.5992,0.94177][-0.274881,0.141265,-0.722803][0.952478,0.51502,0][0,1.03191,-0.0954119][-0.199715,-0.973659,0.11001][0.846692,0.679136,0][0.083943,1.04913,-0.0953969][0.199715,-0.973659,0.11001][0.845553,0.672798,0][0.083178,1.04913,-0.0840169][0.158309,-0.987332,0.010667][0.846566,0.672768,0][0.083178,1.04913,-0.0840169][0.158309,-0.987332,0.010667][0.846566,0.672768,0][0,1.03589,-0.0750539][-0.158309,-0.987332,0.010667][0.848406,0.678831,0][0,1.03191,-0.0954119][-0.199715,-0.973659,0.11001][0.846692,0.679136,0][0,1.04283,-0.0646489][-0.0889352,-0.828631,0.552686][0.849452,0.678594,0][0.082127,1.04913,-0.0684189][0.0889352,-0.828631,0.552686][0.847934,0.672701,0][0.065457,1.04913,-0.0618129][0.0844501,-0.973372,0.213106][0.848841,0.673807,0][0.065457,1.04913,-0.0618129][0.0844501,-0.973372,0.213106][0.848841,0.673807,0][0,1.05112,-0.0590009][-0.0114915,-0.401179,0.169806][0.850302,0.678399,0][0,1.04283,-0.0646489][-0.0889352,-0.828631,0.552686][0.849452,0.678594,0][0.223194,0.758796,-1.19725][-0.252839,-0.708756,0.658588][0.74907,0.660563,0][0.237302,0.918216,-1.02027][-0.316499,-0.733024,0.602083][0.766376,0.660048,0][0.087008,0.855206,-1.05244][0.247245,-0.920656,0.302096][0.763568,0.673164,0][0.087008,0.855206,-1.05244][0.247245,-0.920656,0.302096][0.763568,0.673164,0][0.087724,0.792046,-1.24551][0.247245,-0.920656,0.302096][0.746548,0.673747,0][0.223194,0.758796,-1.19725][-0.252839,-0.708756,0.658588][0.74907,0.660563,0][0.237302,0.918216,-1.02027][-0.316499,-0.733024,0.602083][0.766376,0.660048,0][0.242286,0.981366,-0.843284][-0.283651,-0.88388,0.371886][0.78095,0.660309,0][0.084519,0.918366,-0.859374][0.263226,-0.915911,0.303018][0.780305,0.67422,0][0.084519,0.918366,-0.859374][0.263226,-0.915911,0.303018][0.780305,0.67422,0][0.087008,0.855206,-1.05244][0.247245,-0.920656,0.302096][0.763568,0.673164,0][0.237302,0.918216,-1.02027][-0.316499,-0.733024,0.602083][0.766376,0.660048,0][0.242286,0.981366,-0.843284][-0.283651,-0.88388,0.371886][0.78095,0.660309,0][0.24736,1.04452,-0.666304][-0.252504,-0.909005,0.33159][0.796155,0.661049,0][0.081856,0.981506,-0.666304][0.280814,-0.911069,0.301822][0.797311,0.674968,0][0.081856,0.981506,-0.666304][0.280814,-0.911069,0.301822][0.797311,0.674968,0][0.084519,0.918366,-0.859374][0.263226,-0.915911,0.303018][0.780305,0.67422,0][0.242286,0.981366,-0.843284][-0.283651,-0.88388,0.371886][0.78095,0.660309,0][0.24736,1.04452,-0.666304][-0.252504,-0.909005,0.33159][0.796155,0.661049,0][0.252628,1.06733,-0.481419][-0.260151,-0.956473,0.132213][0.810974,0.661121,0][0.08256,1.00432,-0.481419][0.295953,-0.948151,0.11585][0.812496,0.675168,0][0.08256,1.00432,-0.481419][0.295953,-0.948151,0.11585][0.812496,0.675168,0][0.081856,0.981506,-0.666304][0.280814,-0.911069,0.301822][0.797311,0.674968,0][0.24736,1.04452,-0.666304][-0.252504,-0.909005,0.33159][0.796155,0.661049,0][0.252628,1.06733,-0.481419][-0.260151,-0.956473,0.132213][0.810974,0.661121,0][0.257838,1.08989,-0.291078][-0.255422,-0.958452,0.127001][0.826396,0.660512,0][0.083257,1.02688,-0.291078][0.299349,-0.947639,0.111222][0.828425,0.674535,0][0.083257,1.02688,-0.291078][0.299349,-0.947639,0.111222][0.828425,0.674535,0][0.08256,1.00432,-0.481419][0.295953,-0.948151,0.11585][0.812496,0.675168,0][0.252628,1.06733,-0.481419][-0.260151,-0.956473,0.132213][0.810974,0.661121,0][0.257838,1.08989,-0.291078][-0.255422,-0.958452,0.127001][0.826396,0.660512,0][0.262976,1.11214,-0.0953969][-0.250918,-0.960312,0.121823][0.842479,0.658379,0][0.083943,1.04913,-0.0953969][0.199715,-0.973659,0.11001][0.845553,0.672798,0][0.083943,1.04913,-0.0953969][0.199715,-0.973659,0.11001][0.845553,0.672798,0][0.083257,1.02688,-0.291078][0.299349,-0.947639,0.111222][0.828425,0.674535,0][0.257838,1.08989,-0.291078][-0.255422,-0.958452,0.127001][0.826396,0.660512,0][0.243215,1.11566,-0.0341889][-0.253124,-0.967082,-0.026105][0.847988,0.659131,0][0.083178,1.04913,-0.0840169][0.158309,-0.987332,0.010667][0.846566,0.672768,0][0.083943,1.04913,-0.0953969][0.199715,-0.973659,0.11001][0.845553,0.672798,0][0.083943,1.04913,-0.0953969][0.199715,-0.973659,0.11001][0.845553,0.672798,0][0.262976,1.11214,-0.0953969][-0.250918,-0.960312,0.121823][0.842479,0.658379,0][0.243215,1.11566,-0.0341889][-0.253124,-0.967082,-0.026105][0.847988,0.659131,0][0.243215,1.11566,-0.0341889][-0.253124,-0.967082,-0.026105][0.847988,0.659131,0][0.223308,1.12094,0.0291891][-0.258741,-0.965945,0.00161751][0.853707,0.659764,0][0.082127,1.04913,-0.0684189][0.0889352,-0.828631,0.552686][0.847934,0.672701,0][0.082127,1.04913,-0.0684189][0.0889352,-0.828631,0.552686][0.847934,0.672701,0][0.083178,1.04913,-0.0840169][0.158309,-0.987332,0.010667][0.846566,0.672768,0][0.243215,1.11566,-0.0341889][-0.253124,-0.967082,-0.026105][0.847988,0.659131,0][0.065457,1.04913,-0.0618129][0.0844501,-0.973372,0.213106][0.848841,0.673807,0][0.082127,1.04913,-0.0684189][0.0889352,-0.828631,0.552686][0.847934,0.672701,0][0.223308,1.12094,0.0291891][-0.258741,-0.965945,0.00161751][0.853707,0.659764,0][0.223308,1.12094,0.0291891][-0.258741,-0.965945,0.00161751][0.853707,0.659764,0][0.195368,1.12446,0.0879431][-0.232421,-0.971206,-0.0523402][0.859178,0.661087,0][0.065457,1.04913,-0.0618129][0.0844501,-0.973372,0.213106][0.848841,0.673807,0][0.065457,1.04913,-0.0618129][0.0844501,-0.973372,0.213106][0.848841,0.673807,0][0.195368,1.12446,0.0879431][-0.232421,-0.971206,-0.0523402][0.859178,0.661087,0][0.125835,1.129,0.11648][-0.128398,-0.979206,-0.157066][0.863348,0.665693,0][0.125835,1.129,0.11648][-0.128398,-0.979206,-0.157066][0.863348,0.665693,0][0,1.05112,-0.0590009][-0.0114915,-0.401179,0.169806][0.850302,0.678399,0][0.065457,1.04913,-0.0618129][0.0844501,-0.973372,0.213106][0.848841,0.673807,0][0.133545,1.08718,0.357997][-0.348187,-1.52337,-0.634889][0.883217,0.658712,0][0,1.0908,0.413764][0,-0.949689,-0.313194][0.891144,0.665586,0][0,1.13832,0.149908][0,-0.997928,0.064336][0.869445,0.67364,0][0,1.13832,0.149908][0,-0.997928,0.064336][0.869445,0.67364,0][0.032204,1.13812,0.144363][0.0372576,-1.3007,0.550544][0.868138,0.671553,0][0.133545,1.08718,0.357997][-0.348187,-1.52337,-0.634889][0.883217,0.658712,0][0.125835,1.129,0.11648][-0.128398,-0.979206,-0.157066][0.863348,0.665693,0][0.259034,1.08174,0.302229][-0.126626,-0.979348,-0.157621][0.875348,0.65143,0][0.133545,1.08718,0.357997][-0.348187,-1.52337,-0.634889][0.883217,0.658712,0][0.133545,1.08718,0.357997][-0.348187,-1.52337,-0.634889][0.883217,0.658712,0][0.032204,1.13812,0.144363][0.0372576,-1.3007,0.550544][0.868138,0.671553,0][0.125835,1.129,0.11648][-0.128398,-0.979206,-0.157066][0.863348,0.665693,0][0.087724,0.792046,-1.24551][0.247245,-0.920656,0.302096][0.746548,0.673747,0][0,0.766816,-1.25404][-0.236968,-0.924655,0.298094][0.747845,0.681933,0][0,0.878726,-1.2905][0.440672,0.827973,-0.346798][0.738631,0.680966,0][0,0.878726,-1.2905][0.440672,0.827973,-0.346798][0.738631,0.680966,0][0.057316,0.905826,-1.29863][-0.316648,0.890217,-0.327488][0.736496,0.676155,0][0.087724,0.792046,-1.24551][0.247245,-0.920656,0.302096][0.746548,0.673747,0][0.223194,0.758796,-1.19725][-0.252839,-0.708756,0.658588][0.74907,0.660563,0][0.245214,0.865366,-1.27484][0.240636,0.720787,-0.650046][0.739057,0.660023,0][0.459565,0.834756,-1.22943][0.296683,0.742905,-0.600059][0.739922,0.639953,0][0.459565,0.834756,-1.22943][0.296683,0.742905,-0.600059][0.739922,0.639953,0][0.418233,0.736696,-1.14615][-0.316499,-0.733024,0.602083][0.749818,0.641117,0][0.223194,0.758796,-1.19725][-0.252839,-0.708756,0.658588][0.74907,0.660563,0][0.649562,0.682988,-1.08555][-0.328525,-0.730096,0.599193][0.750423,0.617915,0][0.418233,0.736696,-1.14615][-0.316499,-0.733024,0.602083][0.749818,0.641117,0][0.459565,0.834756,-1.22943][0.296683,0.742905,-0.600059][0.739922,0.639953,0][0.459565,0.834756,-1.22943][0.296683,0.742905,-0.600059][0.739922,0.639953,0][0.720681,0.757506,-1.1653][0.334752,0.708099,-0.621721][0.740565,0.617654,0][0.649562,0.682988,-1.08555][-0.328525,-0.730096,0.599193][0.750423,0.617915,0][0.649562,0.682988,-1.08555][-0.328525,-0.730096,0.599193][0.750423,0.617915,0][0.720681,0.757506,-1.1653][0.334752,0.708099,-0.621721][0.740565,0.617654,0][0.877622,0.493545,-1.13405][0.696289,0.3391,-0.632608][0.741165,0.591437,0][0.877622,0.493545,-1.13405][0.696289,0.3391,-0.632608][0.741165,0.591437,0][0.77828,0.454971,-1.05183][-0.713256,-0.309653,0.628793][0.750389,0.59263,0][0.649562,0.682988,-1.08555][-0.328525,-0.730096,0.599193][0.750423,0.617915,0][0.77828,0.454971,-1.05183][-0.713256,-0.309653,0.628793][0.750389,0.59263,0][0.877622,0.493545,-1.13405][0.696289,0.3391,-0.632608][0.741165,0.591437,0][0.974078,0.172185,-1.11267][0.732979,0.176301,-0.657009][0.741108,0.561881,0][0.974078,0.172185,-1.11267][0.732979,0.176301,-0.657009][0.741108,0.561881,0][0.870801,0.157548,-1.02759][-0.732089,-0.174062,0.658595][0.750746,0.561831,0][0.77828,0.454971,-1.05183][-0.713256,-0.309653,0.628793][0.750389,0.59263,0][0.987831,-0.323171,-1.13096][0.776465,0.0447562,-0.62857][0.739473,0.519436,0][0.886591,-0.340073,-1.04361][-0.776815,-0.0448656,0.628128][0.749487,0.517752,0][0.870801,0.157548,-1.02759][-0.732089,-0.174062,0.658595][0.750746,0.561831,0][0.870801,0.157548,-1.02759][-0.732089,-0.174062,0.658595][0.750746,0.561831,0][0.974078,0.172185,-1.11267][0.732979,0.176301,-0.657009][0.741108,0.561881,0][0.987831,-0.323171,-1.13096][0.776465,0.0447562,-0.62857][0.739473,0.519436,0][0.886591,-0.340073,-1.04361][-0.776815,-0.0448656,0.628128][0.749487,0.517752,0][0.987831,-0.323171,-1.13096][0.776465,0.0447562,-0.62857][0.739473,0.519436,0][1.02346,-0.690687,-1.15711][0.745731,0.118945,-0.655543][0.737848,0.487657,0][1.02346,-0.690687,-1.15711][0.745731,0.118945,-0.655543][0.737848,0.487657,0][0.925183,-0.712996,-1.06732][-0.744696,-0.118824,0.656741][0.748414,0.48477,0][0.886591,-0.340073,-1.04361][-0.776815,-0.0448656,0.628128][0.749487,0.517752,0][0.981568,-1.06616,-1.08383][-0.725613,-0.147265,0.672159][0.745896,0.452563,0][0.925183,-0.712996,-1.06732][-0.744696,-0.118824,0.656741][0.748414,0.48477,0][1.02346,-0.690687,-1.15711][0.745731,0.118945,-0.655543][0.737848,0.487657,0][1.02346,-0.690687,-1.15711][0.745731,0.118945,-0.655543][0.737848,0.487657,0][1.06799,-1.11004,-1.1311][0.685907,0.0277403,-0.72716][0.736496,0.451092,0][0.981568,-1.06616,-1.08383][-0.725613,-0.147265,0.672159][0.745896,0.452563,0][0.941657,-1.09787,-0.927964][-0.574433,0.818322,0.0193836][0.761005,0.445939,0][0.847269,-1.16103,-1.05879][-0.574433,0.818322,0.0193836][0.749021,0.436407,0][0.923339,-1.27273,-1.06204][0.703596,-0.692758,-0.158234][0.753647,0.426632,0][0.923339,-1.27273,-1.06204][0.703596,-0.692758,-0.158234][0.753647,0.426632,0][1.01779,-1.20894,-0.92133][0.560696,-0.792624,-0.239514][0.765849,0.434333,0][0.941657,-1.09787,-0.927964][-0.574433,0.818322,0.0193836][0.761005,0.445939,0][0.981568,-1.06616,-1.08383][-0.725613,-0.147265,0.672159][0.745896,0.452563,0][1.06799,-1.11004,-1.1311][0.685907,0.0277403,-0.72716][0.736496,0.451092,0][0.923339,-1.27273,-1.06204][0.703596,-0.692758,-0.158234][0.739532,0.431531,0][0.923339,-1.27273,-1.06204][0.703596,-0.692758,-0.158234][0.739532,0.431531,0][0.847269,-1.16103,-1.05879][-0.574433,0.818322,0.0193836][0.749021,0.436407,0][0.981568,-1.06616,-1.08383][-0.725613,-0.147265,0.672159][0.745896,0.452563,0][0.941657,-1.09787,-0.927964][-0.574433,0.818322,0.0193836][0.761005,0.445939,0][1.01779,-1.20894,-0.92133][0.560696,-0.792624,-0.239514][0.765849,0.434333,0][1.07949,-1.14551,-0.781078][0.63676,-0.770264,0.0350732][0.777752,0.439239,0][1.07949,-1.14551,-0.781078][0.63676,-0.770264,0.0350732][0.777752,0.439239,0][1.00373,-1.03471,-0.797134][-0.566666,0.814512,-0.124334][0.771311,0.449498,0][0.941657,-1.09787,-0.927964][-0.574433,0.818322,0.0193836][0.761005,0.445939,0][1.00373,-1.03471,-0.797134][-0.566666,0.814512,-0.124334][0.771311,0.449498,0][1.07949,-1.14551,-0.781078][0.63676,-0.770264,0.0350732][0.777752,0.439239,0][1.14133,-1.08405,-0.668494][0.658328,-0.748276,0.0817768][0.789398,0.441626,0][1.14133,-1.08405,-0.668494][0.658328,-0.748276,0.0817768][0.789398,0.441626,0][1.06859,-0.971569,-0.666304][-0.560512,0.819731,-0.117764][0.785128,0.452821,0][1.00373,-1.03471,-0.797134][-0.566666,0.814512,-0.124334][0.771311,0.449498,0][1.06859,-0.971569,-0.666304][-0.560512,0.819731,-0.117764][0.785128,0.452821,0][1.14133,-1.08405,-0.668494][0.658328,-0.748276,0.0817768][0.789398,0.441626,0][1.16173,-0.975634,-0.458555][0.620534,-0.746259,0.240905][0.810237,0.447669,0][1.16173,-0.975634,-0.458555][0.620534,-0.746259,0.240905][0.810237,0.447669,0][1.09135,-0.683368,-0.481419][-0.461485,0.504555,-0.729696][0.807106,0.467966,0][1.06859,-0.971569,-0.666304][-0.560512,0.819731,-0.117764][0.785128,0.452821,0][1.11385,-0.701939,-0.291078][0.423042,0.905299,0.0383203][0.822589,0.468675,0][1.09135,-0.683368,-0.481419][-0.461485,0.504555,-0.729696][0.807106,0.467966,0][1.16173,-0.975634,-0.458555][0.620534,-0.746259,0.240905][0.810237,0.447669,0][1.16173,-0.975634,-0.458555][0.620534,-0.746259,0.240905][0.810237,0.447669,0][1.1847,-0.968126,-0.26673][0.602777,-0.796856,-0.0409902][0.827298,0.448578,0][1.11385,-0.701939,-0.291078][0.423042,0.905299,0.0383203][0.822589,0.468675,0][1.13605,-0.720257,-0.095397][0.27418,0.959882,0.05875][0.840467,0.469606,0][1.11385,-0.701939,-0.291078][0.423042,0.905299,0.0383203][0.822589,0.468675,0][1.1847,-0.968126,-0.26673][0.602777,-0.796856,-0.0409902][0.827298,0.448578,0][1.1847,-0.968126,-0.26673][0.602777,-0.796856,-0.0409902][0.827298,0.448578,0][1.20709,-0.9554,-0.046391][0.60732,-0.794336,-0.0138951][0.844704,0.452152,0][1.13605,-0.720257,-0.095397][0.27418,0.959882,0.05875][0.840467,0.469606,0][1.0421,-0.720257,0.131305][-0.0948705,0.994713,-0.039316][0.860333,0.473195,0][1.13605,-0.720257,-0.095397][0.27418,0.959882,0.05875][0.840467,0.469606,0][1.20709,-0.9554,-0.046391][0.60732,-0.794336,-0.0138951][0.844704,0.452152,0][1.20709,-0.9554,-0.046391][0.60732,-0.794336,-0.0138951][0.844704,0.452152,0][1.11318,-0.920415,0.201882][0.59569,-0.732923,0.3286][0.866039,0.45809,0][1.0421,-0.720257,0.131305][-0.0948705,0.994713,-0.039316][0.860333,0.473195,0][0.948156,-0.720257,0.358008][-0.286328,0.950757,-0.118652][0.881866,0.477884,0][1.0421,-0.720257,0.131305][-0.0948705,0.994713,-0.039316][0.860333,0.473195,0][1.11318,-0.920415,0.201882][0.59569,-0.732923,0.3286][0.866039,0.45809,0][1.11318,-0.920415,0.201882][0.59569,-0.732923,0.3286][0.866039,0.45809,0][1.01936,-0.889761,0.426556][0.586764,-0.732598,0.344977][0.885586,0.464481,0][0.948156,-0.720257,0.358008][-0.286328,0.950757,-0.118652][0.881866,0.477884,0][0.85421,-0.720257,0.584712][-0.286327,0.950757,-0.118654][0.90401,0.483353,0][0.948156,-0.720257,0.358008][-0.286328,0.950757,-0.118652][0.881866,0.477884,0][1.01936,-0.889761,0.426556][0.586764,-0.732598,0.344977][0.885586,0.464481,0][1.01936,-0.889761,0.426556][0.586764,-0.732598,0.344977][0.885586,0.464481,0][0.905131,-0.853669,0.674653][0.566004,-0.750921,0.340232][0.907918,0.471386,0][0.85421,-0.720257,0.584712][-0.286327,0.950757,-0.118654][0.90401,0.483353,0][0.85421,-0.720257,0.584712][-0.286327,0.950757,-0.118654][0.90401,0.483353,0][0.905131,-0.853669,0.674653][0.566004,-0.750921,0.340232][0.907918,0.471386,0][0.603397,-0.833228,0.80803][0.254013,-0.687759,0.680048][0.934616,0.480838,0][0.603397,-0.833228,0.80803][0.254013,-0.687759,0.680048][0.934616,0.480838,0][0.572825,-0.720257,0.695657][-0.216102,0.808021,-0.54809][0.930205,0.491874,0][0.85421,-0.720257,0.584712][-0.286327,0.950757,-0.118654][0.90401,0.483353,0][0.291439,-0.720257,0.8066][-0.387432,1.23364,-0.982649][0.9548,0.500382,0][0.572825,-0.720257,0.695657][-0.216102,0.808021,-0.54809][0.930205,0.491874,0][0.603397,-0.833228,0.80803][0.254013,-0.687759,0.680048][0.934616,0.480838,0][0.603397,-0.833228,0.80803][0.254013,-0.687759,0.680048][0.934616,0.480838,0][0.321554,-0.818292,0.9181][0.370447,-1.10946,1.09911][0.958718,0.489178,0][0.291439,-0.720257,0.8066][-0.387432,1.23364,-0.982649][0.9548,0.500382,0][0,-0.720257,0.91754][0,-0.0406659,-0.999173][0.979206,0.508584,0][0.291439,-0.720257,0.8066][-0.387432,1.23364,-0.982649][0.9548,0.500382,0][0.321554,-0.818292,0.9181][0.370447,-1.10946,1.09911][0.958718,0.489178,0][0.321554,-0.818292,0.9181][0.370447,-1.10946,1.09911][0.958718,0.489178,0][0,-0.803357,1.02816][-0.384603,-1.28557,1.25502][0.985345,0.498965,0][0,-0.720257,0.91754][0,-0.0406659,-0.999173][0.979206,0.508584,0][0.087724,0.792046,-1.24551][0.247245,-0.920656,0.302096][0.746548,0.673747,0][0.057316,0.905826,-1.29863][-0.316648,0.890217,-0.327488][0.736496,0.676155,0][0.245214,0.865366,-1.27484][0.240636,0.720787,-0.650046][0.739057,0.660023,0][0.245214,0.865366,-1.27484][0.240636,0.720787,-0.650046][0.739057,0.660023,0][0.223194,0.758796,-1.19725][-0.252839,-0.708756,0.658588][0.74907,0.660563,0][0.087724,0.792046,-1.24551][0.247245,-0.920656,0.302096][0.746548,0.673747,0][-1.3125,0.501233,0.0714841][-0.70366,0.569971,0.424259][0.169262,0.920591,0][-1.32016,0.489777,0.0741701][-0.70366,0.569971,0.424259][0.168417,0.911053,0][-1.30011,0.473362,0.129477][-0.70366,0.569971,0.424259][0.130578,0.903747,0][-1.30011,0.473362,0.129477][-0.70366,0.569971,0.424259][0.130578,0.903747,0][-1.285,0.490184,0.131352][-0.696056,0.577697,0.426347][0.127692,0.917863,0][-1.3125,0.501233,0.0714841][-0.70366,0.569971,0.424259][0.169262,0.920591,0][-1.27484,0.569785,0.130799][-0.820514,0.513661,0.250816][0.135189,0.975091,0][-1.26203,0.591347,0.128547][-0.820514,0.513661,0.250816][0.135628,0.991828,0][-1.29315,0.572646,0.0650411][-0.820514,0.513661,0.250816][0.182809,0.972846,0][-1.29315,0.572646,0.0650411][-0.820514,0.513661,0.250816][0.182809,0.972846,0][-1.31265,0.554614,0.0639351][-0.669324,0.710489,0.217282][0.18572,0.955169,0][-1.27484,0.569785,0.130799][-0.820514,0.513661,0.250816][0.135189,0.975091,0][-1.24977,0.583065,0.156361][-0.0385548,0.624013,0.780462][0.381351,0.769648,0][-1.23839,0.561638,0.174055][-0.0385548,0.624013,0.780462][0.400673,0.763391,0][-1.20536,0.590768,0.152396][-0.0385548,0.624013,0.780462][0.378569,0.739637,0][-1.20536,0.590768,0.152396][-0.0385548,0.624013,0.780462][0.378569,0.739637,0][-1.22608,0.595851,0.134844][-0.120993,0.906161,0.405256][0.365788,0.753018,0][-1.24977,0.583065,0.156361][-0.0385548,0.624013,0.780462][0.381351,0.769648,0][-1.31639,0.46567,0.139857][-0.903417,0.207342,0.375295][0.128178,0.890517,0][-1.34234,0.490257,0.0638061][-0.903417,0.207342,0.375295][0.182208,0.902539,0][-1.35383,0.420171,0.0748681][-0.903417,0.207342,0.375295][0.178245,0.854453,0][-1.35383,0.420171,0.0748681][-0.903417,0.207342,0.375295][0.178245,0.854453,0][-1.32345,0.412088,0.12917][-0.871493,0.0170743,0.49011][0.135045,0.855425,0][-1.31639,0.46567,0.139857][-0.903417,0.207342,0.375295][0.128178,0.890517,0][-1.24017,0.444978,0.180066][-0.564287,0.0642077,0.823078][0.476484,0.782746,0][-1.2117,0.534743,0.192582][-0.564287,0.0642077,0.823078][0.42362,0.746925,0][-1.22256,0.539198,0.184789][-0.564287,0.0642077,0.823078][0.418146,0.754447,0][-1.22256,0.539198,0.184789][-0.564287,0.0642077,0.823078][0.418146,0.754447,0][-1.26894,0.446172,0.186773][0.222557,-0.0902568,0.970733][0.468729,0.801048,0][-1.24017,0.444978,0.180066][-0.564287,0.0642077,0.823078][0.476484,0.782746,0][-1.2963,0.540865,0.073606][-0.837669,0.318654,0.443588][0.170594,0.94853,0][-1.3125,0.501233,0.0714841][-0.70366,0.569971,0.424259][0.169262,0.920591,0][-1.285,0.490184,0.131352][-0.696056,0.577697,0.426347][0.127692,0.917863,0][-1.285,0.490184,0.131352][-0.696056,0.577697,0.426347][0.127692,0.917863,0][-1.26813,0.553677,0.122368][-0.860022,0.288097,0.421144][0.135274,0.961957,0][-1.2963,0.540865,0.073606][-0.837669,0.318654,0.443588][0.170594,0.94853,0][-1.31265,0.554614,0.0639351][-0.669324,0.710489,0.217282][0.18572,0.955169,0][-1.29315,0.572646,0.0650411][-0.820514,0.513661,0.250816][0.182809,0.972846,0][-1.31024,0.579123,0.0414611][-0.572622,0.583949,0.575419][0.202081,0.969876,0][-1.31024,0.579123,0.0414611][-0.572622,0.583949,0.575419][0.202081,0.969876,0][-1.32708,0.558816,0.0417171][-0.651228,0.546681,0.526348][0.202102,0.952511,0][-1.31265,0.554614,0.0639351][-0.669324,0.710489,0.217282][0.18572,0.955169,0][-1.32708,0.558816,0.0417171][-0.651228,0.546681,0.526348][0.202102,0.952511,0][-1.35282,0.510114,0.0419041][-0.600761,0.320327,0.732446][0.202251,0.911712,0][-1.33253,0.505141,0.0607211][-0.600761,0.320327,0.732446][0.184244,0.91624,0][-1.33253,0.505141,0.0607211][-0.600761,0.320327,0.732446][0.184244,0.91624,0][-1.31265,0.554614,0.0639351][-0.669324,0.710489,0.217282][0.18572,0.955169,0][-1.32708,0.558816,0.0417171][-0.651228,0.546681,0.526348][0.202102,0.952511,0][-1.3674,0.496332,0.0556891][-0.216547,0.332945,0.917745][0.196194,0.897666,0][-1.34234,0.490257,0.0638061][-0.903417,0.207342,0.375295][0.182208,0.902539,0][-1.33253,0.505141,0.0607211][-0.600761,0.320327,0.732446][0.184244,0.91624,0][-1.34234,0.490257,0.0638061][-0.903417,0.207342,0.375295][0.182208,0.902539,0][-1.3674,0.496332,0.0556891][-0.216547,0.332945,0.917745][0.196194,0.897666,0][-1.36165,0.440301,0.0609691][-0.294473,0.0596596,0.953796][0.187655,0.866488,0][-1.36165,0.440301,0.0609691][-0.294473,0.0596596,0.953796][0.187655,0.866488,0][-1.35383,0.420171,0.0748681][-0.903417,0.207342,0.375295][0.178245,0.854453,0][-1.34234,0.490257,0.0638061][-0.903417,0.207342,0.375295][0.182208,0.902539,0][-1.26894,0.446172,0.186773][0.222557,-0.0902568,0.970733][0.468729,0.801048,0][-1.30195,0.405263,0.15287][0.156962,-0.702192,0.694471][0.494737,0.832597,0][-1.27791,0.412047,0.154296][0.156962,-0.702192,0.694471][0.496337,0.816051,0][-1.27791,0.412047,0.154296][0.156962,-0.702192,0.694471][0.496337,0.816051,0][-1.24017,0.444978,0.180066][-0.564287,0.0642077,0.823078][0.476484,0.782746,0][-1.26894,0.446172,0.186773][0.222557,-0.0902568,0.970733][0.468729,0.801048,0][-1.17184,0.379668,0.194499][-0.452881,-0.287303,0.844012][0.528472,0.743774,0][-1.16101,0.421994,0.214718][-0.452881,-0.287303,0.844012][0.502146,0.727044,0][-1.24017,0.444978,0.180066][-0.564287,0.0642077,0.823078][0.476484,0.782746,0][-1.24017,0.444978,0.180066][-0.564287,0.0642077,0.823078][0.476484,0.782746,0][-1.27791,0.412047,0.154296][0.156962,-0.702192,0.694471][0.496337,0.816051,0][-1.17184,0.379668,0.194499][-0.452881,-0.287303,0.844012][0.528472,0.743774,0][-1.26934,0.606673,0.0405881][-0.465339,0.707678,0.53165][0.300505,0.779049,0][-1.31024,0.579123,0.0414611][-0.572622,0.583949,0.575419][0.300461,0.810835,0][-1.29315,0.572646,0.0650411][-0.820514,0.513661,0.250816][0.319538,0.803903,0][-1.29315,0.572646,0.0650411][-0.820514,0.513661,0.250816][0.319538,0.803903,0][-1.25825,0.603895,0.063426][-0.607272,0.697849,0.379773][0.316571,0.773388,0][-1.26934,0.606673,0.0405881][-0.465339,0.707678,0.53165][0.300505,0.779049,0][-1.36165,0.440301,0.0609691][-0.294473,0.0596596,0.953796][0.187655,0.866488,0][-1.37403,0.443376,0.0417511][-0.840545,-0.170635,0.514167][0.201818,0.868263,0][-1.37001,0.422495,0.0413931][-0.840545,-0.170635,0.514166][0.200962,0.856958,0][-1.37001,0.422495,0.0413931][-0.840545,-0.170635,0.514166][0.200962,0.856958,0][-1.36186,0.420944,0.059707][-0.914012,-0.0165093,0.40535][0.189268,0.855114,0][-1.36165,0.440301,0.0609691][-0.294473,0.0596596,0.953796][0.187655,0.866488,0][-1.31639,0.46567,0.139857][-0.903417,0.207342,0.375295][0.128178,0.890517,0][-1.32345,0.412088,0.12917][-0.871493,0.0170743,0.49011][0.135045,0.855425,0][-1.30195,0.405263,0.15287][0.156962,-0.702192,0.694471][0.113237,0.855169,0][-1.30195,0.405263,0.15287][0.156962,-0.702192,0.694471][0.113237,0.855169,0][-1.29249,0.477203,0.167894][-0.752627,-0.0383087,0.657332][0.105131,0.906078,0][-1.31639,0.46567,0.139857][-0.903417,0.207342,0.375295][0.128178,0.890517,0][-1.27936,0.485874,0.151489][-0.719833,0.609562,0.332078][0.115004,0.916921,0][-1.285,0.490184,0.131352][-0.696056,0.577697,0.426347][0.127692,0.917863,0][-1.30011,0.473362,0.129477][-0.70366,0.569971,0.424259][0.130578,0.903747,0][-1.30011,0.473362,0.129477][-0.70366,0.569971,0.424259][0.130578,0.903747,0][-1.28224,0.482169,0.149638][-0.773287,0.330879,0.540875][0.116381,0.914082,0][-1.27936,0.485874,0.151489][-0.719833,0.609562,0.332078][0.115004,0.916921,0][-1.285,0.490184,0.131352][-0.696056,0.577697,0.426347][0.127692,0.917863,0][-1.27936,0.485874,0.151489][-0.719833,0.609562,0.332078][0.115004,0.916921,0][-1.25782,0.542249,0.141441][-0.86282,0.387525,0.324601][0.120777,0.955906,0][-1.25782,0.542249,0.141441][-0.86282,0.387525,0.324601][0.120777,0.955906,0][-1.26813,0.553677,0.122368][-0.860022,0.288097,0.421144][0.135274,0.961957,0][-1.285,0.490184,0.131352][-0.696056,0.577697,0.426347][0.127692,0.917863,0][-1.27484,0.569785,0.130799][-0.820514,0.513661,0.250816][0.135189,0.975091,0][-1.24977,0.583065,0.156361][-0.0385548,0.624013,0.780462][0.113365,0.986583,0][-1.26203,0.591347,0.128547][-0.820514,0.513661,0.250816][0.135628,0.991828,0][-1.32016,0.489777,0.0741701][-0.70366,0.569971,0.424259][0.168417,0.911053,0][-1.34234,0.490257,0.0638061][-0.903417,0.207342,0.375295][0.182208,0.902539,0][-1.31639,0.46567,0.139857][-0.903417,0.207342,0.375295][0.128178,0.890517,0][-1.31639,0.46567,0.139857][-0.903417,0.207342,0.375295][0.128178,0.890517,0][-1.30011,0.473362,0.129477][-0.70366,0.569971,0.424259][0.130578,0.903747,0][-1.32016,0.489777,0.0741701][-0.70366,0.569971,0.424259][0.168417,0.911053,0][-1.33253,0.505141,0.0607211][-0.600761,0.320327,0.732446][0.184244,0.91624,0][-1.34234,0.490257,0.0638061][-0.903417,0.207342,0.375295][0.182208,0.902539,0][-1.32016,0.489777,0.0741701][-0.70366,0.569971,0.424259][0.168417,0.911053,0][-1.32016,0.489777,0.0741701][-0.70366,0.569971,0.424259][0.168417,0.911053,0][-1.3125,0.501233,0.0714841][-0.70366,0.569971,0.424259][0.169262,0.920591,0][-1.33253,0.505141,0.0607211][-0.600761,0.320327,0.732446][0.184244,0.91624,0][-1.33253,0.505141,0.0607211][-0.600761,0.320327,0.732446][0.184244,0.91624,0][-1.3125,0.501233,0.0714841][-0.70366,0.569971,0.424259][0.169262,0.920591,0][-1.2963,0.540865,0.073606][-0.837669,0.318654,0.443588][0.170594,0.94853,0][-1.2963,0.540865,0.073606][-0.837669,0.318654,0.443588][0.170594,0.94853,0][-1.31265,0.554614,0.0639351][-0.669324,0.710489,0.217282][0.18572,0.955169,0][-1.33253,0.505141,0.0607211][-0.600761,0.320327,0.732446][0.184244,0.91624,0][-1.2963,0.540865,0.073606][-0.837669,0.318654,0.443588][0.170594,0.94853,0][-1.26813,0.553677,0.122368][-0.860022,0.288097,0.421144][0.135274,0.961957,0][-1.27484,0.569785,0.130799][-0.820514,0.513661,0.250816][0.135189,0.975091,0][-1.27484,0.569785,0.130799][-0.820514,0.513661,0.250816][0.135189,0.975091,0][-1.31265,0.554614,0.0639351][-0.669324,0.710489,0.217282][0.18572,0.955169,0][-1.2963,0.540865,0.073606][-0.837669,0.318654,0.443588][0.170594,0.94853,0][-1.29249,0.477203,0.167894][-0.752627,-0.0383087,0.657332][0.105131,0.906078,0][-1.28224,0.482169,0.149638][-0.773287,0.330879,0.540875][0.116381,0.914082,0][-1.30011,0.473362,0.129477][-0.70366,0.569971,0.424259][0.130578,0.903747,0][-1.30011,0.473362,0.129477][-0.70366,0.569971,0.424259][0.130578,0.903747,0][-1.31639,0.46567,0.139857][-0.903417,0.207342,0.375295][0.128178,0.890517,0][-1.29249,0.477203,0.167894][-0.752627,-0.0383087,0.657332][0.105131,0.906078,0][-1.28737,0.484049,0.170999][-0.709755,0.666161,-0.22908][0.102083,0.912184,0][-1.27936,0.485874,0.151489][-0.719833,0.609562,0.332078][0.115004,0.916921,0][-1.28224,0.482169,0.149638][-0.773287,0.330879,0.540875][0.116381,0.914082,0][-1.28224,0.482169,0.149638][-0.773287,0.330879,0.540875][0.116381,0.914082,0][-1.29249,0.477203,0.167894][-0.752627,-0.0383087,0.657332][0.105131,0.906078,0][-1.28737,0.484049,0.170999][-0.709755,0.666161,-0.22908][0.102083,0.912184,0][-1.27936,0.485874,0.151489][-0.719833,0.609562,0.332078][0.115004,0.916921,0][-1.28737,0.484049,0.170999][-0.709755,0.666161,-0.22908][0.102083,0.912184,0][-1.26046,0.554631,0.15762][-0.897632,0.277291,-0.342589][0.111289,0.965064,0][-1.26046,0.554631,0.15762][-0.897632,0.277291,-0.342589][0.111289,0.965064,0][-1.25782,0.542249,0.141441][-0.86282,0.387525,0.324601][0.120777,0.955906,0][-1.27936,0.485874,0.151489][-0.719833,0.609562,0.332078][0.115004,0.916921,0][-1.27484,0.569785,0.130799][-0.820514,0.513661,0.250816][0.135189,0.975091,0][-1.26813,0.553677,0.122368][-0.860022,0.288097,0.421144][0.135274,0.961957,0][-1.25782,0.542249,0.141441][-0.86282,0.387525,0.324601][0.120777,0.955906,0][-1.25782,0.542249,0.141441][-0.86282,0.387525,0.324601][0.120777,0.955906,0][-1.26046,0.554631,0.15762][-0.897632,0.277291,-0.342589][0.111289,0.965064,0][-1.27484,0.569785,0.130799][-0.820514,0.513661,0.250816][0.135189,0.975091,0][-1.26203,0.591347,0.128547][-0.820514,0.513661,0.250816][0.361219,0.777023,0][-1.24977,0.583065,0.156361][-0.0385548,0.624013,0.780462][0.381351,0.769648,0][-1.22608,0.595851,0.134844][-0.120993,0.906161,0.405256][0.365788,0.753018,0][-1.22608,0.595851,0.134844][-0.120993,0.906161,0.405256][0.365788,0.753018,0][-1.2411,0.599535,0.117908][-0.177411,0.917161,0.356848][0.353778,0.762592,0][-1.26203,0.591347,0.128547][-0.820514,0.513661,0.250816][0.361219,0.777023,0][-1.25825,0.603895,0.063426][-0.607272,0.697849,0.379773][0.316571,0.773388,0][-1.29315,0.572646,0.0650411][-0.820514,0.513661,0.250816][0.319538,0.803903,0][-1.26203,0.591347,0.128547][-0.820514,0.513661,0.250816][0.361219,0.777023,0][-1.26203,0.591347,0.128547][-0.820514,0.513661,0.250816][0.361219,0.777023,0][-1.2411,0.599535,0.117908][-0.177411,0.917161,0.356848][0.353778,0.762592,0][-1.25825,0.603895,0.063426][-0.607272,0.697849,0.379773][0.316571,0.773388,0][-1.26046,0.554631,0.15762][-0.897632,0.277291,-0.342589][0.111289,0.965064,0][-1.22256,0.539198,0.184789][-0.564287,0.0642077,0.823078][0.075387,0.963533,0][-1.23839,0.561638,0.174055][-0.0385548,0.624013,0.780462][0.092755,0.97478,0][-1.23839,0.561638,0.174055][-0.0385548,0.624013,0.780462][0.092755,0.97478,0][-1.262,0.572856,0.162889][-0.515418,-0.277911,0.810623][0.107834,0.975804,0][-1.26046,0.554631,0.15762][-0.897632,0.277291,-0.342589][0.111289,0.965064,0][-1.22256,0.539198,0.184789][-0.564287,0.0642077,0.823078][0.075387,0.963533,0][-1.26046,0.554631,0.15762][-0.897632,0.277291,-0.342589][0.111289,0.965064,0][-1.28737,0.484049,0.170999][-0.709755,0.666161,-0.22908][0.102083,0.912184,0][-1.28737,0.484049,0.170999][-0.709755,0.666161,-0.22908][0.102083,0.912184,0][-1.26894,0.446172,0.186773][0.222557,-0.0902568,0.970733][0.083312,0.890839,0][-1.22256,0.539198,0.184789][-0.564287,0.0642077,0.823078][0.075387,0.963533,0][-1.29249,0.477203,0.167894][-0.752627,-0.0383087,0.657332][0.105131,0.906078,0][-1.30195,0.405263,0.15287][0.156962,-0.702192,0.694471][0.113237,0.855169,0][-1.26894,0.446172,0.186773][0.222557,-0.0902568,0.970733][0.083312,0.890839,0][-1.26894,0.446172,0.186773][0.222557,-0.0902568,0.970733][0.083312,0.890839,0][-1.28737,0.484049,0.170999][-0.709755,0.666161,-0.22908][0.102083,0.912184,0][-1.29249,0.477203,0.167894][-0.752627,-0.0383087,0.657332][0.105131,0.906078,0][-1.262,0.572856,0.162889][-0.515418,-0.277911,0.810623][0.107834,0.975804,0][-1.23839,0.561638,0.174055][-0.0385548,0.624013,0.780462][0.092755,0.97478,0][-1.24977,0.583065,0.156361][-0.0385548,0.624013,0.780462][0.113365,0.986583,0][-1.20536,0.590768,0.152396][-0.0385548,0.624013,0.780462][0.378569,0.739637,0][-1.23839,0.561638,0.174055][-0.0385548,0.624013,0.780462][0.400673,0.763391,0][-1.20097,0.555774,0.181918][-0.0609402,0.639142,0.766671][0.408937,0.738841,0][-1.20097,0.555774,0.181918][-0.0609402,0.639142,0.766671][0.408937,0.738841,0][-1.18328,0.585413,0.163178][-0.222038,0.612299,0.758808][0.387099,0.72516,0][-1.20536,0.590768,0.152396][-0.0385548,0.624013,0.780462][0.378569,0.739637,0][-1.2117,0.534743,0.192582][-0.564287,0.0642077,0.823078][0.42362,0.746925,0][-1.13811,0.517662,0.211873][-0.0920346,0.544818,0.833488][0.442639,0.699497,0][-1.13323,0.539814,0.197932][-0.0920346,0.544818,0.833488][0.42545,0.69476,0][-1.13323,0.539814,0.197932][-0.0920346,0.544818,0.833488][0.42545,0.69476,0][-1.20097,0.555774,0.181918][-0.0609402,0.639142,0.766671][0.408937,0.738841,0][-1.2117,0.534743,0.192582][-0.564287,0.0642077,0.823078][0.42362,0.746925,0][-1.16101,0.421994,0.214718][-0.452881,-0.287303,0.844012][0.502146,0.727044,0][-1.13811,0.517662,0.211873][-0.0920346,0.544818,0.833488][0.442639,0.699497,0][-1.2117,0.534743,0.192582][-0.564287,0.0642077,0.823078][0.42362,0.746925,0][-1.2117,0.534743,0.192582][-0.564287,0.0642077,0.823078][0.42362,0.746925,0][-1.24017,0.444978,0.180066][-0.564287,0.0642077,0.823078][0.476484,0.782746,0][-1.16101,0.421994,0.214718][-0.452881,-0.287303,0.844012][0.502146,0.727044,0][-1.36186,0.420944,0.059707][-0.914012,-0.0165093,0.40535][0.189268,0.855114,0][-1.37001,0.422495,0.0413931][-0.840545,-0.170635,0.514166][0.200962,0.856958,0][-1.35094,0.395392,0.0405231][-0.776072,-0.55563,0.298308][0.202364,0.835033,0][-1.35094,0.395392,0.0405231][-0.776072,-0.55563,0.298308][0.202364,0.835033,0][-1.34688,0.394351,0.056352][-0.846251,-0.499937,0.184179][0.190127,0.834737,0][-1.36186,0.420944,0.059707][-0.914012,-0.0165093,0.40535][0.189268,0.855114,0][-1.35383,0.420171,0.0748681][-0.903417,0.207342,0.375295][0.178245,0.854453,0][-1.36186,0.420944,0.059707][-0.914012,-0.0165093,0.40535][0.189268,0.855114,0][-1.34688,0.394351,0.056352][-0.846251,-0.499937,0.184179][0.190127,0.834737,0][-1.34688,0.394351,0.056352][-0.846251,-0.499937,0.184179][0.190127,0.834737,0][-1.344,0.393615,0.0669101][-0.892832,-0.395218,0.215993][0.182197,0.834679,0][-1.35383,0.420171,0.0748681][-0.903417,0.207342,0.375295][0.178245,0.854453,0][-1.35383,0.420171,0.0748681][-0.903417,0.207342,0.375295][0.178245,0.854453,0][-1.344,0.393615,0.0669101][-0.892832,-0.395218,0.215993][0.182197,0.834679,0][-1.31074,0.385398,0.109957][-0.752748,-0.42842,0.499827][0.141784,0.832937,0][-1.31074,0.385398,0.109957][-0.752748,-0.42842,0.499827][0.141784,0.832937,0][-1.32345,0.412088,0.12917][-0.871493,0.0170743,0.49011][0.135045,0.855425,0][-1.35383,0.420171,0.0748681][-0.903417,0.207342,0.375295][0.178245,0.854453,0][-1.32345,0.412088,0.12917][-0.871493,0.0170743,0.49011][0.135045,0.855425,0][-1.31074,0.385398,0.109957][-0.752748,-0.42842,0.499827][0.141784,0.832937,0][-1.28931,0.380151,0.13099][-0.616171,-0.631881,0.47017][0.11957,0.830463,0][-1.28931,0.380151,0.13099][-0.616171,-0.631881,0.47017][0.11957,0.830463,0][-1.30195,0.405263,0.15287][0.156962,-0.702192,0.694471][0.113237,0.855169,0][-1.32345,0.412088,0.12917][-0.871493,0.0170743,0.49011][0.135045,0.855425,0][-1.27791,0.412047,0.154296][0.156962,-0.702192,0.694471][0.496337,0.816051,0][-1.27174,0.376677,0.136926][-0.396271,-0.45949,0.794883][0.522636,0.820823,0][-1.18009,0.355757,0.170523][-0.396271,-0.45949,0.794883][0.546048,0.758388,0][-1.18009,0.355757,0.170523][-0.396271,-0.45949,0.794883][0.546048,0.758388,0][-1.17184,0.379668,0.194499][-0.452881,-0.287303,0.844012][0.528472,0.743774,0][-1.27791,0.412047,0.154296][0.156962,-0.702192,0.694471][0.496337,0.816051,0][-1.20097,0.555774,0.181918][-0.0609402,0.639142,0.766671][0.408937,0.738841,0][-1.13323,0.539814,0.197932][-0.0920346,0.544818,0.833488][0.42545,0.69476,0][-1.12662,0.571747,0.173979][-0.0452141,0.605412,0.794627][0.398713,0.688593,0][-1.12662,0.571747,0.173979][-0.0452141,0.605412,0.794627][0.398713,0.688593,0][-1.18328,0.585413,0.163178][-0.222038,0.612299,0.758808][0.387099,0.72516,0][-1.20097,0.555774,0.181918][-0.0609402,0.639142,0.766671][0.408937,0.738841,0][-1.27791,0.412047,0.154296][0.156962,-0.702192,0.694471][0.496337,0.816051,0][-1.30195,0.405263,0.15287][0.156962,-0.702192,0.694471][0.494737,0.832597,0][-1.28931,0.380151,0.13099][-0.616171,-0.631881,0.47017][0.517951,0.832492,0][-1.28931,0.380151,0.13099][-0.616171,-0.631881,0.47017][0.517951,0.832492,0][-1.27174,0.376677,0.136926][-0.396271,-0.45949,0.794883][0.522636,0.820823,0][-1.27791,0.412047,0.154296][0.156962,-0.702192,0.694471][0.496337,0.816051,0][-1.20097,0.555774,0.181918][-0.0609402,0.639142,0.766671][0.408937,0.738841,0][-1.23839,0.561638,0.174055][-0.0385548,0.624013,0.780462][0.400673,0.763391,0][-1.22256,0.539198,0.184789][-0.564287,0.0642077,0.823078][0.418146,0.754447,0][-1.22256,0.539198,0.184789][-0.564287,0.0642077,0.823078][0.418146,0.754447,0][-1.2117,0.534743,0.192582][-0.564287,0.0642077,0.823078][0.42362,0.746925,0][-1.20097,0.555774,0.181918][-0.0609402,0.639142,0.766671][0.408937,0.738841,0][-1.35383,0.420171,0.0748681][-0.903417,0.207342,0.375295][0.178245,0.854453,0][-1.36165,0.440301,0.0609691][-0.294473,0.0596596,0.953796][0.187655,0.866488,0][-1.36186,0.420944,0.059707][-0.914012,-0.0165093,0.40535][0.189268,0.855114,0][-1.20536,0.590768,0.152396][-0.0385548,0.624013,0.780462][0.378569,0.739637,0][-1.17489,0.61278,0.12552][-0.233196,0.865078,0.44414][0.357298,0.71765,0][-1.18842,0.616088,0.111973][-0.233196,0.865078,0.44414][0.348244,0.726377,0][-1.18842,0.616088,0.111973][-0.233196,0.865078,0.44414][0.348244,0.726377,0][-1.22608,0.595851,0.134844][-0.120993,0.906161,0.405256][0.365788,0.753018,0][-1.20536,0.590768,0.152396][-0.0385548,0.624013,0.780462][0.378569,0.739637,0][-1.25825,0.603895,0.063426][-0.607272,0.697849,0.379773][0.316571,0.773388,0][-1.2411,0.599535,0.117908][-0.177411,0.917161,0.356848][0.353778,0.762592,0][-1.19825,0.618501,0.0989181][-0.331075,0.926593,0.178368][0.33951,0.732671,0][-1.19825,0.618501,0.0989181][-0.331075,0.926593,0.178368][0.33951,0.732671,0][-1.20958,0.621431,0.0570401][-0.317426,0.936124,0.151372][0.312258,0.739175,0][-1.25825,0.603895,0.063426][-0.607272,0.697849,0.379773][0.316571,0.773388,0][-1.25825,0.603895,0.063426][-0.607272,0.697849,0.379773][0.316571,0.773388,0][-1.20958,0.621431,0.0570401][-0.317426,0.936124,0.151372][0.312258,0.739175,0][-1.21687,0.623254,0.03925][-0.305,0.926607,0.219939][0.300437,0.743433,0][-1.21687,0.623254,0.03925][-0.305,0.926607,0.219939][0.300437,0.743433,0][-1.26934,0.606673,0.0405881][-0.465339,0.707678,0.53165][0.300505,0.779049,0][-1.25825,0.603895,0.063426][-0.607272,0.697849,0.379773][0.316571,0.773388,0][-1.22608,0.595851,0.134844][-0.120993,0.906161,0.405256][0.365788,0.753018,0][-1.18842,0.616088,0.111973][-0.233196,0.865078,0.44414][0.348244,0.726377,0][-1.19825,0.618501,0.0989181][-0.331075,0.926593,0.178368][0.33951,0.732671,0][-1.19825,0.618501,0.0989181][-0.331075,0.926593,0.178368][0.33951,0.732671,0][-1.2411,0.599535,0.117908][-0.177411,0.917161,0.356848][0.353778,0.762592,0][-1.22608,0.595851,0.134844][-0.120993,0.906161,0.405256][0.365788,0.753018,0][-1.18328,0.585413,0.163178][-0.222038,0.612299,0.758808][0.387099,0.72516,0][-1.16049,0.609268,0.133877][-0.128463,0.815636,0.564124][0.363037,0.708461,0][-1.17489,0.61278,0.12552][-0.233196,0.865078,0.44414][0.357298,0.71765,0][-1.17489,0.61278,0.12552][-0.233196,0.865078,0.44414][0.357298,0.71765,0][-1.20536,0.590768,0.152396][-0.0385548,0.624013,0.780462][0.378569,0.739637,0][-1.18328,0.585413,0.163178][-0.222038,0.612299,0.758808][0.387099,0.72516,0][-1.16049,0.609268,0.133877][-0.128463,0.815636,0.564124][0.363037,0.708461,0][-1.18328,0.585413,0.163178][-0.222038,0.612299,0.758808][0.387099,0.72516,0][-1.12662,0.571747,0.173979][-0.0452141,0.605412,0.794627][0.398713,0.688593,0][-1.12662,0.571747,0.173979][-0.0452141,0.605412,0.794627][0.398713,0.688593,0][-1.12364,0.600363,0.14238][0.0236745,0.739907,0.672293][0.370433,0.684953,0][-1.16049,0.609268,0.133877][-0.128463,0.815636,0.564124][0.363037,0.708461,0][-1.18842,0.616088,0.111973][-0.233196,0.865078,0.44414][0.348244,0.726377,0][-1.17489,0.61278,0.12552][-0.233196,0.865078,0.44414][0.357298,0.71765,0][-1.13322,0.615516,0.036723][0.143149,0.984885,0.0975219][0.300671,0.688326,0][-1.13322,0.615516,0.036723][0.143149,0.984885,0.0975219][0.300671,0.688326,0][-1.20958,0.621431,0.0570401][-0.317426,0.936124,0.151372][0.312258,0.739175,0][-1.19825,0.618501,0.0989181][-0.331075,0.926593,0.178368][0.33951,0.732671,0][-1.21687,0.623254,0.03925][-0.305,0.926607,0.219939][0.300437,0.743433,0][-1.20958,0.621431,0.0570401][-0.317426,0.936124,0.151372][0.312258,0.739175,0][-1.13322,0.615516,0.036723][0.143149,0.984885,0.0975219][0.300671,0.688326,0][-1.19825,0.618501,0.0989181][-0.331075,0.926593,0.178368][0.33951,0.732671,0][-1.18842,0.616088,0.111973][-0.233196,0.865078,0.44414][0.348244,0.726377,0][-1.13322,0.615516,0.036723][0.143149,0.984885,0.0975219][0.300671,0.688326,0][-1.17489,0.61278,0.12552][-0.233196,0.865078,0.44414][0.357298,0.71765,0][-1.16049,0.609268,0.133877][-0.128463,0.815636,0.564124][0.363037,0.708461,0][-1.13322,0.615516,0.036723][0.143149,0.984885,0.0975219][0.300671,0.688326,0][-1.13322,0.615516,0.036723][0.143149,0.984885,0.0975219][0.300671,0.688326,0][-1.16049,0.609268,0.133877][-0.128463,0.815636,0.564124][0.363037,0.708461,0][-1.12364,0.600363,0.14238][0.0236745,0.739907,0.672293][0.370433,0.684953,0][-1.3674,0.496332,0.0556891][-0.216547,0.332945,0.917745][0.196194,0.897666,0][-1.33253,0.505141,0.0607211][-0.600761,0.320327,0.732446][0.184244,0.91624,0][-1.35282,0.510114,0.0419041][-0.600761,0.320327,0.732446][0.202251,0.911712,0][-1.35282,0.510114,0.0419041][-0.600761,0.320327,0.732446][0.202251,0.911712,0][-1.37605,0.498471,0.0424471][-0.403834,0.824235,0.396931][0.202406,0.896673,0][-1.3674,0.496332,0.0556891][-0.216547,0.332945,0.917745][0.196194,0.897666,0][-1.3674,0.496332,0.0556891][-0.216547,0.332945,0.917745][0.196194,0.897666,0][-1.37605,0.498471,0.0424471][-0.403834,0.824235,0.396931][0.202406,0.896673,0][-1.37403,0.443376,0.0417511][-0.840545,-0.170635,0.514167][0.201818,0.868263,0][-1.37403,0.443376,0.0417511][-0.840545,-0.170635,0.514167][0.201818,0.868263,0][-1.36165,0.440301,0.0609691][-0.294473,0.0596596,0.953796][0.187655,0.866488,0][-1.3674,0.496332,0.0556891][-0.216547,0.332945,0.917745][0.196194,0.897666,0][-1.262,0.572856,0.162889][-0.515418,-0.277911,0.810623][0.107834,0.975804,0][-1.24977,0.583065,0.156361][-0.0385548,0.624013,0.780462][0.113365,0.986583,0][-1.27484,0.569785,0.130799][-0.820514,0.513661,0.250816][0.135189,0.975091,0][-1.27484,0.569785,0.130799][-0.820514,0.513661,0.250816][0.135189,0.975091,0][-1.26046,0.554631,0.15762][-0.897632,0.277291,-0.342589][0.111289,0.965064,0][-1.262,0.572856,0.162889][-0.515418,-0.277911,0.810623][0.107834,0.975804,0][-1.3143,0.501946,0.00982705][-0.719235,0.587021,-0.371628][0.234705,0.919785,0][-1.29034,0.492302,-0.0517779][-0.719235,0.587021,-0.371628][0.276561,0.918224,0][-1.30533,0.475431,-0.0494159][-0.719235,0.587021,-0.371628][0.27362,0.903178,0][-1.30533,0.475431,-0.0494159][-0.719235,0.587021,-0.371628][0.27362,0.903178,0][-1.32211,0.49055,0.00732806][-0.726846,0.579103,-0.369236][0.235431,0.910719,0][-1.3143,0.501946,0.00982705][-0.719235,0.587021,-0.371628][0.234705,0.919785,0][-1.29455,0.573204,0.0167811][-0.833296,0.518944,-0.190566][0.222061,0.97277,0][-1.26717,0.593388,-0.0479799][-0.833296,0.518944,-0.190566][0.269047,0.991828,0][-1.28011,0.571875,-0.0499799][-0.833296,0.518944,-0.190566][0.269192,0.975371,0][-1.28011,0.571875,-0.0499799][-0.833296,0.518944,-0.190566][0.269192,0.975371,0][-1.31397,0.555138,0.0186041][-0.680273,0.714974,-0.161371][0.218716,0.955346,0][-1.29455,0.573204,0.0167811][-0.833296,0.518944,-0.190566][0.222061,0.97277,0][-1.25656,0.585759,-0.0766449][-0.143743,0.915192,-0.376513][0.220136,0.769662,0][-1.23165,0.59806,-0.0562549][-0.143743,0.915192,-0.376513][0.235493,0.753168,0][-1.21199,0.593397,-0.0750949][-0.143743,0.915192,-0.376513][0.222928,0.739885,0][-1.21199,0.593397,-0.0750949][-0.143743,0.915192,-0.376513][0.222928,0.739885,0][-1.24624,0.564753,-0.0954609][-0.0834779,0.641816,-0.762301][0.201184,0.763522,0][-1.25656,0.585759,-0.0766449][-0.143743,0.915192,-0.376513][0.220136,0.769662,0][-1.32218,0.467969,-0.0590049][-0.898488,0.0277505,-0.43812][0.275986,0.889793,0][-1.32864,0.414149,-0.0491659][-0.898488,0.0277505,-0.43812][0.269627,0.853941,0][-1.35581,0.420956,0.00698507][-0.898488,0.0277505,-0.43812][0.225859,0.854165,0][-1.35581,0.420956,0.00698507][-0.898488,0.0277505,-0.43812][0.225859,0.854165,0][-1.34365,0.490775,0.018975][-0.923567,0.215336,-0.31726][0.221589,0.902295,0][-1.32218,0.467969,-0.0590049][-0.898488,0.0277505,-0.43812][0.275986,0.889793,0][-1.23108,0.542579,-0.107614][-0.611458,0.0828917,-0.786923][0.183703,0.754499,0][-1.2207,0.538312,-0.116129][-0.611458,0.0828917,-0.786923][0.178299,0.747003,0][-1.24845,0.448263,-0.104052][-0.611458,0.0828917,-0.786923][0.125989,0.782939,0][-1.24845,0.448263,-0.104052][-0.611458,0.0828917,-0.786923][0.125989,0.782939,0][-1.27756,0.449592,-0.109042][0.165567,-0.0676496,-0.983876][0.133831,0.800994,0][-1.23108,0.542579,-0.107614][-0.611458,0.0828917,-0.786923][0.183703,0.754499,0][-1.29822,0.541628,0.00768107][-0.882893,0.297197,-0.363558][0.233761,0.948745,0][-1.27293,0.555581,-0.0423289][-0.882893,0.297197,-0.363558][0.268769,0.96227,0][-1.29034,0.492302,-0.0517779][-0.719235,0.587021,-0.371628][0.276561,0.918224,0][-1.29034,0.492302,-0.0517779][-0.719235,0.587021,-0.371628][0.276561,0.918224,0][-1.3143,0.501946,0.00982705][-0.719235,0.587021,-0.371628][0.234705,0.919785,0][-1.29822,0.541628,0.00768107][-0.882893,0.297197,-0.363558][0.233761,0.948745,0][-1.31024,0.579123,0.0414611][-0.572622,0.583949,0.575419][0.202081,0.969876,0][-1.29455,0.573204,0.0167811][-0.833296,0.518944,-0.190566][0.222061,0.97277,0][-1.31397,0.555138,0.0186041][-0.680273,0.714974,-0.161371][0.218716,0.955346,0][-1.31397,0.555138,0.0186041][-0.680273,0.714974,-0.161371][0.218716,0.955346,0][-1.32708,0.558816,0.0417171][-0.651228,0.546681,0.526348][0.202102,0.952511,0][-1.31024,0.579123,0.0414611][-0.572622,0.583949,0.575419][0.202081,0.969876,0][-1.32708,0.558816,0.0417171][-0.651228,0.546681,0.526348][0.202102,0.952511,0][-1.31397,0.555138,0.0186041][-0.680273,0.714974,-0.161371][0.218716,0.955346,0][-1.33366,0.505591,0.0218261][-0.81199,0.289737,-0.50668][0.219876,0.916032,0][-1.33366,0.505591,0.0218261][-0.81199,0.289737,-0.50668][0.219876,0.916032,0][-1.35282,0.510114,0.0419041][-0.600761,0.320327,0.732446][0.202251,0.911712,0][-1.32708,0.558816,0.0417171][-0.651228,0.546681,0.526348][0.202102,0.952511,0][-1.36819,0.496644,0.0286761][-0.26939,0.353983,-0.895614][0.208607,0.897629,0][-1.33366,0.505591,0.0218261][-0.81199,0.289737,-0.50668][0.219876,0.916032,0][-1.34365,0.490775,0.018975][-0.923567,0.215336,-0.31726][0.221589,0.902295,0][-1.34365,0.490775,0.018975][-0.923567,0.215336,-0.31726][0.221589,0.902295,0][-1.35581,0.420956,0.00698507][-0.898488,0.0277505,-0.43812][0.225859,0.854165,0][-1.36279,0.440755,0.0217771][-0.716524,0.237433,-0.655911][0.215831,0.866151,0][-1.36279,0.440755,0.0217771][-0.716524,0.237433,-0.655911][0.215831,0.866151,0][-1.36819,0.496644,0.0286761][-0.26939,0.353983,-0.895614][0.208607,0.897629,0][-1.34365,0.490775,0.018975][-0.923567,0.215336,-0.31726][0.221589,0.902295,0][-1.27756,0.449592,-0.109042][0.165567,-0.0676496,-0.983876][0.133831,0.800994,0][-1.24845,0.448263,-0.104052][-0.611458,0.0828917,-0.786923][0.125989,0.782939,0][-1.28465,0.41472,-0.0768949][0.0926019,-0.684996,-0.722638][0.106136,0.81595,0][-1.28465,0.41472,-0.0768949][0.0926019,-0.684996,-0.722638][0.106136,0.81595,0][-1.30856,0.407888,-0.0742289][0.115869,-0.685863,-0.718447][0.107549,0.832626,0][-1.27756,0.449592,-0.109042][0.165567,-0.0676496,-0.983876][0.133831,0.800994,0][-1.24845,0.448263,-0.104052][-0.611458,0.0828917,-0.786923][0.125989,0.782939,0][-1.17146,0.426138,-0.143776][-0.501466,-0.268059,-0.822603][0.100123,0.727108,0][-1.18112,0.38335,-0.123944][-0.501466,-0.268059,-0.822603][0.073738,0.74385,0][-1.18112,0.38335,-0.123944][-0.501466,-0.268059,-0.822603][0.073738,0.74385,0][-1.28465,0.41472,-0.0768949][0.0926019,-0.684996,-0.722638][0.106136,0.81595,0][-1.24845,0.448263,-0.104052][-0.611458,0.0828917,-0.786923][0.125989,0.782939,0][-1.29455,0.573204,0.0167811][-0.833296,0.518944,-0.190566][0.281587,0.803895,0][-1.31024,0.579123,0.0414611][-0.572622,0.583949,0.575419][0.300461,0.810835,0][-1.26934,0.606673,0.0405881][-0.465339,0.707678,0.53165][0.300505,0.779049,0][-1.26934,0.606673,0.0405881][-0.465339,0.707678,0.53165][0.300505,0.779049,0][-1.2596,0.604431,0.017083][-0.627944,0.705975,-0.327545][0.284571,0.773332,0][-1.29455,0.573204,0.0167811][-0.833296,0.518944,-0.190566][0.281587,0.803895,0][-1.37001,0.422495,0.0413931][-0.840545,-0.170635,0.514166][0.200962,0.856958,0][-1.37403,0.443376,0.0417511][-0.840545,-0.170635,0.514167][0.201818,0.868263,0][-1.36279,0.440755,0.0217771][-0.716524,0.237433,-0.655911][0.215831,0.866151,0][-1.36279,0.440755,0.0217771][-0.716524,0.237433,-0.655911][0.215831,0.866151,0][-1.36294,0.421373,0.0226011][-0.936075,-0.0077101,-0.351717][0.213893,0.854941,0][-1.37001,0.422495,0.0413931][-0.840545,-0.170635,0.514166][0.200962,0.856958,0][-1.30856,0.407888,-0.0742289][0.115869,-0.685863,-0.718447][0.292381,0.853006,0][-1.32864,0.414149,-0.0491659][-0.898488,0.0277505,-0.43812][0.269627,0.853941,0][-1.32218,0.467969,-0.0590049][-0.898488,0.0277505,-0.43812][0.275986,0.889793,0][-1.32218,0.467969,-0.0590049][-0.898488,0.0277505,-0.43812][0.275986,0.889793,0][-1.29995,0.480163,-0.0881119][-0.789697,-0.0236808,-0.61304][0.299834,0.904714,0][-1.30856,0.407888,-0.0742289][0.115869,-0.685863,-0.718447][0.292381,0.853006,0][-1.28865,0.484712,-0.0703739][-0.731198,0.605762,-0.313691][0.288395,0.913647,0][-1.30533,0.475431,-0.0494159][-0.719235,0.587021,-0.371628][0.27362,0.903178,0][-1.29034,0.492302,-0.0517779][-0.719235,0.587021,-0.371628][0.276561,0.918224,0][-1.29034,0.492302,-0.0517779][-0.719235,0.587021,-0.371628][0.276561,0.918224,0][-1.28588,0.488461,-0.0723039][-0.835578,0.477888,-0.270984][0.289656,0.916963,0][-1.28865,0.484712,-0.0703739][-0.731198,0.605762,-0.313691][0.288395,0.913647,0][-1.26376,0.544604,-0.0622299][-0.879973,0.39425,-0.26498][0.28406,0.956067,0][-1.28588,0.488461,-0.0723039][-0.835578,0.477888,-0.270984][0.289656,0.916963,0][-1.29034,0.492302,-0.0517779][-0.719235,0.587021,-0.371628][0.276561,0.918224,0][-1.29034,0.492302,-0.0517779][-0.719235,0.587021,-0.371628][0.276561,0.918224,0][-1.27293,0.555581,-0.0423289][-0.882893,0.297197,-0.363558][0.268769,0.96227,0][-1.26376,0.544604,-0.0622299][-0.879973,0.39425,-0.26498][0.28406,0.956067,0][-1.28011,0.571875,-0.0499799][-0.833296,0.518944,-0.190566][0.269192,0.975371,0][-1.26717,0.593388,-0.0479799][-0.833296,0.518944,-0.190566][0.269047,0.991828,0][-1.25656,0.585759,-0.0766449][-0.143743,0.915192,-0.376513][0.291875,0.98646,0][-1.32218,0.467969,-0.0590049][-0.898488,0.0277505,-0.43812][0.275986,0.889793,0][-1.34365,0.490775,0.018975][-0.923567,0.215336,-0.31726][0.221589,0.902295,0][-1.32211,0.49055,0.00732806][-0.726846,0.579103,-0.369236][0.235431,0.910719,0][-1.32211,0.49055,0.00732806][-0.726846,0.579103,-0.369236][0.235431,0.910719,0][-1.30533,0.475431,-0.0494159][-0.719235,0.587021,-0.371628][0.27362,0.903178,0][-1.32218,0.467969,-0.0590049][-0.898488,0.0277505,-0.43812][0.275986,0.889793,0][-1.33366,0.505591,0.0218261][-0.81199,0.289737,-0.50668][0.219876,0.916032,0][-1.3143,0.501946,0.00982705][-0.719235,0.587021,-0.371628][0.234705,0.919785,0][-1.32211,0.49055,0.00732806][-0.726846,0.579103,-0.369236][0.235431,0.910719,0][-1.32211,0.49055,0.00732806][-0.726846,0.579103,-0.369236][0.235431,0.910719,0][-1.34365,0.490775,0.018975][-0.923567,0.215336,-0.31726][0.221589,0.902295,0][-1.33366,0.505591,0.0218261][-0.81199,0.289737,-0.50668][0.219876,0.916032,0][-1.29822,0.541628,0.00768107][-0.882893,0.297197,-0.363558][0.233761,0.948745,0][-1.3143,0.501946,0.00982705][-0.719235,0.587021,-0.371628][0.234705,0.919785,0][-1.33366,0.505591,0.0218261][-0.81199,0.289737,-0.50668][0.219876,0.916032,0][-1.33366,0.505591,0.0218261][-0.81199,0.289737,-0.50668][0.219876,0.916032,0][-1.31397,0.555138,0.0186041][-0.680273,0.714974,-0.161371][0.218716,0.955346,0][-1.29822,0.541628,0.00768107][-0.882893,0.297197,-0.363558][0.233761,0.948745,0][-1.29822,0.541628,0.00768107][-0.882893,0.297197,-0.363558][0.233761,0.948745,0][-1.31397,0.555138,0.0186041][-0.680273,0.714974,-0.161371][0.218716,0.955346,0][-1.28011,0.571875,-0.0499799][-0.833296,0.518944,-0.190566][0.269192,0.975371,0][-1.28011,0.571875,-0.0499799][-0.833296,0.518944,-0.190566][0.269192,0.975371,0][-1.27293,0.555581,-0.0423289][-0.882893,0.297197,-0.363558][0.268769,0.96227,0][-1.29822,0.541628,0.00768107][-0.882893,0.297197,-0.363558][0.233761,0.948745,0][-1.30533,0.475431,-0.0494159][-0.719235,0.587021,-0.371628][0.27362,0.903178,0][-1.28865,0.484712,-0.0703739][-0.731198,0.605762,-0.313691][0.288395,0.913647,0][-1.29995,0.480163,-0.0881119][-0.789697,-0.0236808,-0.61304][0.299834,0.904714,0][-1.29995,0.480163,-0.0881119][-0.789697,-0.0236808,-0.61304][0.299834,0.904714,0][-1.32218,0.467969,-0.0590049][-0.898488,0.0277505,-0.43812][0.275986,0.889793,0][-1.30533,0.475431,-0.0494159][-0.719235,0.587021,-0.371628][0.27362,0.903178,0][-1.28865,0.484712,-0.0703739][-0.731198,0.605762,-0.313691][0.288395,0.913647,0][-1.28588,0.488461,-0.0723039][-0.835578,0.477888,-0.270984][0.289656,0.916963,0][-1.29501,0.487081,-0.0913519][-0.694821,0.660213,0.285206][0.303226,0.910814,0][-1.29501,0.487081,-0.0913519][-0.694821,0.660213,0.285206][0.303226,0.910814,0][-1.29995,0.480163,-0.0881119][-0.789697,-0.0236808,-0.61304][0.299834,0.904714,0][-1.28865,0.484712,-0.0703739][-0.731198,0.605762,-0.313691][0.288395,0.913647,0][-1.26733,0.557354,-0.0779369][-0.87606,0.268627,0.400447][0.29421,0.965242,0][-1.29501,0.487081,-0.0913519][-0.694821,0.660213,0.285206][0.303226,0.910814,0][-1.28588,0.488461,-0.0723039][-0.835578,0.477888,-0.270984][0.289656,0.916963,0][-1.28588,0.488461,-0.0723039][-0.835578,0.477888,-0.270984][0.289656,0.916963,0][-1.26376,0.544604,-0.0622299][-0.879973,0.39425,-0.26498][0.28406,0.956067,0][-1.26733,0.557354,-0.0779369][-0.87606,0.268627,0.400447][0.29421,0.965242,0][-1.26376,0.544604,-0.0622299][-0.879973,0.39425,-0.26498][0.28406,0.956067,0][-1.27293,0.555581,-0.0423289][-0.882893,0.297197,-0.363558][0.268769,0.96227,0][-1.28011,0.571875,-0.0499799][-0.833296,0.518944,-0.190566][0.269192,0.975371,0][-1.28011,0.571875,-0.0499799][-0.833296,0.518944,-0.190566][0.269192,0.975371,0][-1.26733,0.557354,-0.0779369][-0.87606,0.268627,0.400447][0.29421,0.965242,0][-1.26376,0.544604,-0.0622299][-0.879973,0.39425,-0.26498][0.28406,0.956067,0][-1.26717,0.593388,-0.0479799][-0.833296,0.518944,-0.190566][0.239944,0.776944,0][-1.24566,0.601342,-0.0383919][-0.197312,0.925004,-0.324708][0.247402,0.762505,0][-1.23165,0.59806,-0.0562549][-0.143743,0.915192,-0.376513][0.235493,0.753168,0][-1.23165,0.59806,-0.0562549][-0.143743,0.915192,-0.376513][0.235493,0.753168,0][-1.25656,0.585759,-0.0766449][-0.143743,0.915192,-0.376513][0.220136,0.769662,0][-1.26717,0.593388,-0.0479799][-0.833296,0.518944,-0.190566][0.239944,0.776944,0][-1.2596,0.604431,0.017083][-0.627944,0.705975,-0.327545][0.284571,0.773332,0][-1.24566,0.601342,-0.0383919][-0.197312,0.925004,-0.324708][0.247402,0.762505,0][-1.26717,0.593388,-0.0479799][-0.833296,0.518944,-0.190566][0.239944,0.776944,0][-1.26717,0.593388,-0.0479799][-0.833296,0.518944,-0.190566][0.239944,0.776944,0][-1.29455,0.573204,0.0167811][-0.833296,0.518944,-0.190566][0.281587,0.803895,0][-1.2596,0.604431,0.017083][-0.627944,0.705975,-0.327545][0.284571,0.773332,0][-1.24624,0.564753,-0.0954609][-0.0834779,0.641816,-0.762301][0.31254,0.974738,0][-1.23108,0.542579,-0.107614][-0.611458,0.0828917,-0.786923][0.329085,0.96304,0][-1.26733,0.557354,-0.0779369][-0.87606,0.268627,0.400447][0.29421,0.965242,0][-1.26733,0.557354,-0.0779369][-0.87606,0.268627,0.400447][0.29421,0.965242,0][-1.26916,0.575695,-0.0826839][-0.56176,-0.259376,-0.785589][0.297564,0.976024,0][-1.24624,0.564753,-0.0954609][-0.0834779,0.641816,-0.762301][0.31254,0.974738,0][-1.29501,0.487081,-0.0913519][-0.694821,0.660213,0.285206][0.303226,0.910814,0][-1.26733,0.557354,-0.0779369][-0.87606,0.268627,0.400447][0.29421,0.965242,0][-1.23108,0.542579,-0.107614][-0.611458,0.0828917,-0.786923][0.329085,0.96304,0][-1.23108,0.542579,-0.107614][-0.611458,0.0828917,-0.786923][0.329085,0.96304,0][-1.27756,0.449592,-0.109042][0.165567,-0.0676496,-0.983876][0.322871,0.889181,0][-1.29501,0.487081,-0.0913519][-0.694821,0.660213,0.285206][0.303226,0.910814,0][-1.27756,0.449592,-0.109042][0.165567,-0.0676496,-0.983876][0.322871,0.889181,0][-1.30856,0.407888,-0.0742289][0.115869,-0.685863,-0.718447][0.292381,0.853006,0][-1.29995,0.480163,-0.0881119][-0.789697,-0.0236808,-0.61304][0.299834,0.904714,0][-1.29995,0.480163,-0.0881119][-0.789697,-0.0236808,-0.61304][0.299834,0.904714,0][-1.29501,0.487081,-0.0913519][-0.694821,0.660213,0.285206][0.303226,0.910814,0][-1.27756,0.449592,-0.109042][0.165567,-0.0676496,-0.983876][0.322871,0.889181,0][-1.26916,0.575695,-0.0826839][-0.56176,-0.259376,-0.785589][0.297564,0.976024,0][-1.25656,0.585759,-0.0766449][-0.143743,0.915192,-0.376513][0.291875,0.98646,0][-1.24624,0.564753,-0.0954609][-0.0834779,0.641816,-0.762301][0.31254,0.974738,0][-1.21199,0.593397,-0.0750949][-0.143743,0.915192,-0.376513][0.222928,0.739885,0][-1.19058,0.588308,-0.0872649][-0.265455,0.629517,-0.730234][0.214671,0.725025,0][-1.20935,0.559098,-0.105623][-0.265455,0.629517,-0.730234][0.192853,0.739015,0][-1.20935,0.559098,-0.105623][-0.265455,0.629517,-0.730234][0.192853,0.739015,0][-1.24624,0.564753,-0.0954609][-0.0834779,0.641816,-0.762301][0.201184,0.763522,0][-1.21199,0.593397,-0.0750949][-0.143743,0.915192,-0.376513][0.222928,0.739885,0][-1.14267,0.543557,-0.125919][-0.140019,0.563843,-0.813926][0.17658,0.695196,0][-1.14836,0.521731,-0.14006][-0.140019,0.563843,-0.813926][0.159628,0.699938,0][-1.2207,0.538312,-0.116129][-0.611458,0.0828917,-0.786923][0.178299,0.747003,0][-1.2207,0.538312,-0.116129][-0.611458,0.0828917,-0.786923][0.178299,0.747003,0][-1.20935,0.559098,-0.105623][-0.265455,0.629517,-0.730234][0.192853,0.739015,0][-1.14267,0.543557,-0.125919][-0.140019,0.563843,-0.813926][0.17658,0.695196,0][-1.17146,0.426138,-0.143776][-0.501466,-0.268059,-0.822603][0.100123,0.727108,0][-1.24845,0.448263,-0.104052][-0.611458,0.0828917,-0.786923][0.125989,0.782939,0][-1.2207,0.538312,-0.116129][-0.611458,0.0828917,-0.786923][0.178299,0.747003,0][-1.2207,0.538312,-0.116129][-0.611458,0.0828917,-0.786923][0.178299,0.747003,0][-1.14836,0.521731,-0.14006][-0.140019,0.563843,-0.813926][0.159628,0.699938,0][-1.17146,0.426138,-0.143776][-0.501466,-0.268059,-0.822603][0.100123,0.727108,0][-1.36294,0.421373,0.0226011][-0.936075,-0.0077101,-0.351717][0.213893,0.854941,0][-1.34781,0.39472,0.0244631][-0.85591,-0.496072,-0.146053][0.214579,0.834705,0][-1.35094,0.395392,0.0405231][-0.776072,-0.55563,0.298308][0.202364,0.835033,0][-1.35094,0.395392,0.0405231][-0.776072,-0.55563,0.298308][0.202364,0.835033,0][-1.37001,0.422495,0.0413931][-0.840545,-0.170635,0.514166][0.200962,0.856958,0][-1.36294,0.421373,0.0226011][-0.936075,-0.0077101,-0.351717][0.213893,0.854941,0][-1.35581,0.420956,0.00698507][-0.898488,0.0277505,-0.43812][0.225859,0.854165,0][-1.34555,0.394229,0.0137421][-0.904149,-0.390752,-0.172707][0.222462,0.834618,0][-1.34781,0.39472,0.0244631][-0.85591,-0.496072,-0.146053][0.214579,0.834705,0][-1.34781,0.39472,0.0244631][-0.85591,-0.496072,-0.146053][0.214579,0.834705,0][-1.36294,0.421373,0.0226011][-0.936075,-0.0077101,-0.351717][0.213893,0.854941,0][-1.35581,0.420956,0.00698507][-0.898488,0.0277505,-0.43812][0.225859,0.854165,0][-1.31486,0.387031,-0.0313479][-0.78087,-0.417292,-0.464875][0.26268,0.831795,0][-1.34555,0.394229,0.0137421][-0.904149,-0.390752,-0.172707][0.222462,0.834618,0][-1.35581,0.420956,0.00698507][-0.898488,0.0277505,-0.43812][0.225859,0.854165,0][-1.35581,0.420956,0.00698507][-0.898488,0.0277505,-0.43812][0.225859,0.854165,0][-1.32864,0.414149,-0.0491659][-0.898488,0.0277505,-0.43812][0.269627,0.853941,0][-1.31486,0.387031,-0.0313479][-0.78087,-0.417292,-0.464875][0.26268,0.831795,0][-1.29469,0.382286,-0.0537079][-0.642921,-0.621149,-0.448137][0.284654,0.829008,0][-1.31486,0.387031,-0.0313479][-0.78087,-0.417292,-0.464875][0.26268,0.831795,0][-1.32864,0.414149,-0.0491659][-0.898488,0.0277505,-0.43812][0.269627,0.853941,0][-1.32864,0.414149,-0.0491659][-0.898488,0.0277505,-0.43812][0.269627,0.853941,0][-1.30856,0.407888,-0.0742289][0.115869,-0.685863,-0.718447][0.292381,0.853006,0][-1.29469,0.382286,-0.0537079][-0.642921,-0.621149,-0.448137][0.284654,0.829008,0][-1.18797,0.358885,-0.100086][-0.442171,-0.441303,-0.780856][0.055951,0.758549,0][-1.2775,0.378962,-0.060735][-0.442171,-0.441304,-0.780856][0.079917,0.820875,0][-1.28465,0.41472,-0.0768949][0.0926019,-0.684996,-0.722638][0.106136,0.81595,0][-1.28465,0.41472,-0.0768949][0.0926019,-0.684996,-0.722638][0.106136,0.81595,0][-1.18112,0.38335,-0.123944][-0.501466,-0.268059,-0.822603][0.073738,0.74385,0][-1.18797,0.358885,-0.100086][-0.442171,-0.441303,-0.780856][0.055951,0.758549,0][-1.13465,0.574933,-0.10166][-0.090996,0.623582,-0.776444][0.202787,0.68888,0][-1.14267,0.543557,-0.125919][-0.140019,0.563843,-0.813926][0.17658,0.695196,0][-1.20935,0.559098,-0.105623][-0.265455,0.629517,-0.730234][0.192853,0.739015,0][-1.20935,0.559098,-0.105623][-0.265455,0.629517,-0.730234][0.192853,0.739015,0][-1.19058,0.588308,-0.0872649][-0.265455,0.629517,-0.730234][0.214671,0.725025,0][-1.13465,0.574933,-0.10166][-0.090996,0.623582,-0.776444][0.202787,0.68888,0][-1.28465,0.41472,-0.0768949][0.0926019,-0.684996,-0.722638][0.106136,0.81595,0][-1.2775,0.378962,-0.060735][-0.442171,-0.441304,-0.780856][0.079917,0.820875,0][-1.29469,0.382286,-0.0537079][-0.642921,-0.621149,-0.448137][0.084398,0.832538,0][-1.29469,0.382286,-0.0537079][-0.642921,-0.621149,-0.448137][0.084398,0.832538,0][-1.30856,0.407888,-0.0742289][0.115869,-0.685863,-0.718447][0.107549,0.832626,0][-1.28465,0.41472,-0.0768949][0.0926019,-0.684996,-0.722638][0.106136,0.81595,0][-1.20935,0.559098,-0.105623][-0.265455,0.629517,-0.730234][0.192853,0.739015,0][-1.2207,0.538312,-0.116129][-0.611458,0.0828917,-0.786923][0.178299,0.747003,0][-1.23108,0.542579,-0.107614][-0.611458,0.0828917,-0.786923][0.183703,0.754499,0][-1.23108,0.542579,-0.107614][-0.611458,0.0828917,-0.786923][0.183703,0.754499,0][-1.24624,0.564753,-0.0954609][-0.0834779,0.641816,-0.762301][0.201184,0.763522,0][-1.20935,0.559098,-0.105623][-0.265455,0.629517,-0.730234][0.192853,0.739015,0][-1.35581,0.420956,0.00698507][-0.898488,0.0277505,-0.43812][0.225859,0.854165,0][-1.36294,0.421373,0.0226011][-0.936075,-0.0077101,-0.351717][0.213893,0.854941,0][-1.36279,0.440755,0.0217771][-0.716524,0.237433,-0.655911][0.215831,0.866151,0][-1.19271,0.617789,-0.0351529][-0.258059,0.874936,-0.409746][0.253043,0.726578,0][-1.17999,0.614804,-0.0495379][-0.258059,0.874936,-0.409746][0.244003,0.717894,0][-1.21199,0.593397,-0.0750949][-0.143743,0.915192,-0.376513][0.222928,0.739885,0][-1.21199,0.593397,-0.0750949][-0.143743,0.915192,-0.376513][0.222928,0.739885,0][-1.23165,0.59806,-0.0562549][-0.143743,0.915192,-0.376513][0.235493,0.753168,0][-1.19271,0.617789,-0.0351529][-0.258059,0.874936,-0.409746][0.253043,0.726578,0][-1.20176,0.619893,-0.0214969][-0.340261,0.930253,-0.137301][0.261672,0.732816,0][-1.24566,0.601342,-0.0383919][-0.197312,0.925004,-0.324708][0.247402,0.762505,0][-1.2596,0.604431,0.017083][-0.627944,0.705975,-0.327545][0.284571,0.773332,0][-1.2596,0.604431,0.017083][-0.627944,0.705975,-0.327545][0.284571,0.773332,0][-1.21063,0.621847,0.0210271][-0.325071,0.939157,-0.11096][0.288659,0.739145,0][-1.20176,0.619893,-0.0214969][-0.340261,0.930253,-0.137301][0.261672,0.732816,0][-1.21687,0.623254,0.03925][-0.305,0.926607,0.219939][0.300437,0.743433,0][-1.21063,0.621847,0.0210271][-0.325071,0.939157,-0.11096][0.288659,0.739145,0][-1.2596,0.604431,0.017083][-0.627944,0.705975,-0.327545][0.284571,0.773332,0][-1.2596,0.604431,0.017083][-0.627944,0.705975,-0.327545][0.284571,0.773332,0][-1.26934,0.606673,0.0405881][-0.465339,0.707678,0.53165][0.300505,0.779049,0][-1.21687,0.623254,0.03925][-0.305,0.926607,0.219939][0.300437,0.743433,0][-1.20176,0.619893,-0.0214969][-0.340261,0.930253,-0.137301][0.261672,0.732816,0][-1.19271,0.617789,-0.0351529][-0.258059,0.874936,-0.409746][0.253043,0.726578,0][-1.23165,0.59806,-0.0562549][-0.143743,0.915192,-0.376513][0.235493,0.753168,0][-1.23165,0.59806,-0.0562549][-0.143743,0.915192,-0.376513][0.235493,0.753168,0][-1.24566,0.601342,-0.0383919][-0.197312,0.925004,-0.324708][0.247402,0.762505,0][-1.20176,0.619893,-0.0214969][-0.340261,0.930253,-0.137301][0.261672,0.732816,0][-1.17999,0.614804,-0.0495379][-0.258059,0.874936,-0.409746][0.244003,0.717894,0][-1.1661,0.611495,-0.0587989][-0.160505,0.82836,-0.53671][0.238207,0.708702,0][-1.19058,0.588308,-0.0872649][-0.265455,0.629517,-0.730234][0.214671,0.725025,0][-1.19058,0.588308,-0.0872649][-0.265455,0.629517,-0.730234][0.214671,0.725025,0][-1.21199,0.593397,-0.0750949][-0.143743,0.915192,-0.376513][0.222928,0.739885,0][-1.17999,0.614804,-0.0495379][-0.258059,0.874936,-0.409746][0.244003,0.717894,0][-1.1661,0.611495,-0.0587989][-0.160505,0.82836,-0.53671][0.238207,0.708702,0][-1.12982,0.602814,-0.0696359][-0.0150208,0.755244,-0.655272][0.23103,0.685131,0][-1.13465,0.574933,-0.10166][-0.090996,0.623582,-0.776444][0.202787,0.68888,0][-1.13465,0.574933,-0.10166][-0.090996,0.623582,-0.776444][0.202787,0.68888,0][-1.19058,0.588308,-0.0872649][-0.265455,0.629517,-0.730234][0.214671,0.725025,0][-1.1661,0.611495,-0.0587989][-0.160505,0.82836,-0.53671][0.238207,0.708702,0][-1.19271,0.617789,-0.0351529][-0.258059,0.874936,-0.409746][0.253043,0.726578,0][-1.13322,0.615516,0.036723][0.143149,0.984885,0.0975219][0.300671,0.688326,0][-1.17999,0.614804,-0.0495379][-0.258059,0.874936,-0.409746][0.244003,0.717894,0][-1.13322,0.615516,0.036723][0.143149,0.984885,0.0975219][0.300671,0.688326,0][-1.20176,0.619893,-0.0214969][-0.340261,0.930253,-0.137301][0.261672,0.732816,0][-1.21063,0.621847,0.0210271][-0.325071,0.939157,-0.11096][0.288659,0.739145,0][-1.21687,0.623254,0.03925][-0.305,0.926607,0.219939][0.300437,0.743433,0][-1.13322,0.615516,0.036723][0.143149,0.984885,0.0975219][0.300671,0.688326,0][-1.21063,0.621847,0.0210271][-0.325071,0.939157,-0.11096][0.288659,0.739145,0][-1.20176,0.619893,-0.0214969][-0.340261,0.930253,-0.137301][0.261672,0.732816,0][-1.13322,0.615516,0.036723][0.143149,0.984885,0.0975219][0.300671,0.688326,0][-1.19271,0.617789,-0.0351529][-0.258059,0.874936,-0.409746][0.253043,0.726578,0][-1.17999,0.614804,-0.0495379][-0.258059,0.874936,-0.409746][0.244003,0.717894,0][-1.13322,0.615516,0.036723][0.143149,0.984885,0.0975219][0.300671,0.688326,0][-1.1661,0.611495,-0.0587989][-0.160505,0.82836,-0.53671][0.238207,0.708702,0][-1.13322,0.615516,0.036723][0.143149,0.984885,0.0975219][0.300671,0.688326,0][-1.12982,0.602814,-0.0696359][-0.0150208,0.755244,-0.655272][0.23103,0.685131,0][-1.1661,0.611495,-0.0587989][-0.160505,0.82836,-0.53671][0.238207,0.708702,0][-1.36819,0.496644,0.0286761][-0.26939,0.353983,-0.895614][0.208607,0.897629,0][-1.37605,0.498471,0.0424471][-0.403834,0.824235,0.396931][0.202406,0.896673,0][-1.35282,0.510114,0.0419041][-0.600761,0.320327,0.732446][0.202251,0.911712,0][-1.35282,0.510114,0.0419041][-0.600761,0.320327,0.732446][0.202251,0.911712,0][-1.33366,0.505591,0.0218261][-0.81199,0.289737,-0.50668][0.219876,0.916032,0][-1.36819,0.496644,0.0286761][-0.26939,0.353983,-0.895614][0.208607,0.897629,0][-1.36819,0.496644,0.0286761][-0.26939,0.353983,-0.895614][0.208607,0.897629,0][-1.36279,0.440755,0.0217771][-0.716524,0.237433,-0.655911][0.215831,0.866151,0][-1.37403,0.443376,0.0417511][-0.840545,-0.170635,0.514167][0.201818,0.868263,0][-1.37403,0.443376,0.0417511][-0.840545,-0.170635,0.514167][0.201818,0.868263,0][-1.37605,0.498471,0.0424471][-0.403834,0.824235,0.396931][0.202406,0.896673,0][-1.36819,0.496644,0.0286761][-0.26939,0.353983,-0.895614][0.208607,0.897629,0][-1.26916,0.575695,-0.0826839][-0.56176,-0.259376,-0.785589][0.297564,0.976024,0][-1.26733,0.557354,-0.0779369][-0.87606,0.268627,0.400447][0.29421,0.965242,0][-1.28011,0.571875,-0.0499799][-0.833296,0.518944,-0.190566][0.269192,0.975371,0][-1.28011,0.571875,-0.0499799][-0.833296,0.518944,-0.190566][0.269192,0.975371,0][-1.25656,0.585759,-0.0766449][-0.143743,0.915192,-0.376513][0.291875,0.98646,0][-1.26916,0.575695,-0.0826839][-0.56176,-0.259376,-0.785589][0.297564,0.976024,0][-1.35094,0.395392,0.0405231][-0.776072,-0.55563,0.298308][0.202364,0.835033,0][-1.37055,0.339728,0.0405231][-0.911989,0.321288,0.255049][0.202109,0.795418,0][-1.36649,0.338687,0.056352][-0.911989,0.321288,0.255049][0.190838,0.795621,0][-1.36649,0.338687,0.056352][-0.911989,0.321288,0.255049][0.190838,0.795621,0][-1.34688,0.394351,0.056352][-0.846251,-0.499937,0.184179][0.190127,0.834737,0][-1.35094,0.395392,0.0405231][-0.776072,-0.55563,0.298308][0.202364,0.835033,0][-1.34688,0.394351,0.056352][-0.846251,-0.499937,0.184179][0.190127,0.834737,0][-1.36649,0.338687,0.056352][-0.911989,0.321288,0.255049][0.190838,0.795621,0][-1.36361,0.337951,0.0669101][-0.908146,0.319934,0.270024][0.182866,0.795642,0][-1.36361,0.337951,0.0669101][-0.908146,0.319934,0.270024][0.182866,0.795642,0][-1.344,0.393615,0.0669101][-0.892832,-0.395218,0.215993][0.182197,0.834679,0][-1.34688,0.394351,0.056352][-0.846251,-0.499937,0.184179][0.190127,0.834737,0][-1.344,0.393615,0.0669101][-0.892832,-0.395218,0.215993][0.182197,0.834679,0][-1.36361,0.337951,0.0669101][-0.908146,0.319934,0.270024][0.182866,0.795642,0][-1.33036,0.329734,0.109957][-0.739396,0.260484,0.62084][0.145304,0.794349,0][-1.33036,0.329734,0.109957][-0.739396,0.260484,0.62084][0.145304,0.794349,0][-1.31074,0.385398,0.109957][-0.752748,-0.42842,0.499827][0.141784,0.832937,0][-1.344,0.393615,0.0669101][-0.892832,-0.395218,0.215993][0.182197,0.834679,0][-1.36742,0.339056,0.0244641][-0.925266,0.325965,-0.193985][0.213513,0.795557,0][-1.37055,0.339728,0.0405231][-0.911989,0.321288,0.255049][0.202109,0.795418,0][-1.35094,0.395392,0.0405231][-0.776072,-0.55563,0.298308][0.202364,0.835033,0][-1.35094,0.395392,0.0405231][-0.776072,-0.55563,0.298308][0.202364,0.835033,0][-1.34781,0.39472,0.0244631][-0.85591,-0.496072,-0.146053][0.214579,0.834705,0][-1.36742,0.339056,0.0244641][-0.925266,0.325965,-0.193985][0.213513,0.795557,0][-1.36516,0.338565,0.0137421][-0.922298,0.324913,-0.20928][0.221301,0.795514,0][-1.36742,0.339056,0.0244641][-0.925266,0.325965,-0.193985][0.213513,0.795557,0][-1.34781,0.39472,0.0244631][-0.85591,-0.496072,-0.146053][0.214579,0.834705,0][-1.34781,0.39472,0.0244631][-0.85591,-0.496072,-0.146053][0.214579,0.834705,0][-1.34555,0.394229,0.0137421][-0.904149,-0.390752,-0.172707][0.222462,0.834618,0][-1.36516,0.338565,0.0137421][-0.922298,0.324913,-0.20928][0.221301,0.795514,0][-1.33448,0.331367,-0.031348][-0.774573,0.272877,-0.570592][0.258969,0.794105,0][-1.36516,0.338565,0.0137421][-0.922298,0.324913,-0.20928][0.221301,0.795514,0][-1.34555,0.394229,0.0137421][-0.904149,-0.390752,-0.172707][0.222462,0.834618,0][-1.34555,0.394229,0.0137421][-0.904149,-0.390752,-0.172707][0.222462,0.834618,0][-1.31486,0.387031,-0.0313479][-0.78087,-0.417292,-0.464875][0.26268,0.831795,0][-1.33448,0.331367,-0.031348][-0.774573,0.272877,-0.570592][0.258969,0.794105,0][-1.22513,0.339728,0.04816][0.00349292,-0.997779,-0.066519][0.439823,0.927244,0][-1.22107,0.338687,0.0639881][0.00349292,-0.997779,-0.066519][0.450307,0.930002,0][-1.36649,0.338687,0.056352][-0.911989,0.321288,0.255049][0.445932,0.833683,0][-1.36649,0.338687,0.056352][-0.911989,0.321288,0.255049][0.445932,0.833683,0][-1.37055,0.339728,0.0405231][-0.911989,0.321288,0.255049][0.435447,0.830923,0][-1.22513,0.339728,0.04816][0.00349292,-0.997779,-0.066519][0.439823,0.927244,0][-1.22107,0.338687,0.0639881][0.00349292,-0.997779,-0.066519][0.450307,0.930002,0][-1.21819,0.337951,0.0745461][0.00370439,-0.997502,-0.0705463][0.457301,0.931957,0][-1.36361,0.337951,0.0669101][-0.908146,0.319934,0.270024][0.452927,0.835638,0][-1.36361,0.337951,0.0669101][-0.908146,0.319934,0.270024][0.452927,0.835638,0][-1.36649,0.338687,0.056352][-0.911989,0.321288,0.255049][0.445932,0.833683,0][-1.22107,0.338687,0.0639881][0.00349292,-0.997779,-0.066519][0.450307,0.930002,0][-1.18494,0.329734,0.117594][-0.0524356,0.018482,0.998453][0.486183,0.954155,0][-1.16532,0.385398,0.117594][-0.0524356,0.018482,0.998453][0.523597,0.965439,0][-1.31074,0.385398,0.109957][-0.752748,-0.42842,0.499827][0.519222,0.869118,0][-1.31074,0.385398,0.109957][-0.752748,-0.42842,0.499827][0.519222,0.869118,0][-1.33036,0.329734,0.109957][-0.739396,0.260484,0.62084][0.481808,0.857834,0][-1.18494,0.329734,0.117594][-0.0524356,0.018482,0.998453][0.486183,0.954155,0][-1.21819,0.337951,0.0745461][0.00370439,-0.997502,-0.0705463][0.457301,0.931957,0][-1.18494,0.329734,0.117594][-0.0524356,0.018482,0.998453][0.486183,0.954155,0][-1.33036,0.329734,0.109957][-0.739396,0.260484,0.62084][0.481808,0.857834,0][-1.33036,0.329734,0.109957][-0.739396,0.260484,0.62084][0.481808,0.857834,0][-1.36361,0.337951,0.0669101][-0.908146,0.319934,0.270024][0.452927,0.835638,0][-1.21819,0.337951,0.0745461][0.00370439,-0.997502,-0.0705463][0.457301,0.931957,0][-1.36742,0.339056,0.0244641][-0.925266,0.325965,-0.193985][0.424791,0.832918,0][-1.222,0.339056,0.0321001][-0.00217299,-0.999141,0.0413826][0.429165,0.929239,0][-1.22513,0.339728,0.04816][0.00349292,-0.997779,-0.066519][0.439823,0.927244,0][-1.22513,0.339728,0.04816][0.00349292,-0.997779,-0.066519][0.439823,0.927244,0][-1.37055,0.339728,0.0405231][-0.911989,0.321288,0.255049][0.435447,0.830923,0][-1.36742,0.339056,0.0244641][-0.925266,0.325965,-0.193985][0.424791,0.832918,0][-1.36516,0.338565,0.0137421][-0.922298,0.324913,-0.20928][0.417674,0.834364,0][-1.21974,0.338565,0.0213781][-0.00237598,-0.998973,0.0452481][0.422048,0.930685,0][-1.222,0.339056,0.0321001][-0.00217299,-0.999141,0.0413826][0.429165,0.929239,0][-1.222,0.339056,0.0321001][-0.00217299,-0.999141,0.0413826][0.429165,0.929239,0][-1.36742,0.339056,0.0244641][-0.925266,0.325965,-0.193985][0.424791,0.832918,0][-1.36516,0.338565,0.0137421][-0.922298,0.324913,-0.20928][0.417674,0.834364,0][-1.31486,0.387031,-0.0313479][-0.78087,-0.417292,-0.464875][0.351075,0.869118,0][-1.16944,0.387031,-0.0237109][0.0524357,-0.0184724,-0.998453][0.35545,0.965439,0][-1.18905,0.331367,-0.023711][0.0524357,-0.0184724,-0.998453][0.391685,0.950809,0][-1.18905,0.331367,-0.023711][0.0524357,-0.0184724,-0.998453][0.391685,0.950809,0][-1.33448,0.331367,-0.031348][-0.774573,0.272877,-0.570592][0.387311,0.854489,0][-1.31486,0.387031,-0.0313479][-0.78087,-0.417292,-0.464875][0.351075,0.869118,0][-1.33448,0.331367,-0.031348][-0.774573,0.272877,-0.570592][0.387311,0.854489,0][-1.18905,0.331367,-0.023711][0.0524357,-0.0184724,-0.998453][0.391685,0.950809,0][-1.21974,0.338565,0.0213781][-0.00237598,-0.998973,0.0452481][0.422048,0.930685,0][-1.21974,0.338565,0.0213781][-0.00237598,-0.998973,0.0452481][0.422048,0.930685,0][-1.36516,0.338565,0.0137421][-0.922298,0.324913,-0.20928][0.417674,0.834364,0][-1.33448,0.331367,-0.031348][-0.774573,0.272877,-0.570592][0.387311,0.854489,0][-1.27174,0.376677,0.136926][-0.396271,-0.45949,0.794883][0.522636,0.820823,0][-1.31074,0.385398,0.109957][-0.752748,-0.42842,0.499827][0.518934,0.852785,0][-1.16532,0.385398,0.117594][-0.0524356,0.018482,0.998453][0.581623,0.778926,0][-1.16532,0.385398,0.117594][-0.0524356,0.018482,0.998453][0.581623,0.778926,0][-1.18009,0.355757,0.170523][-0.396271,-0.45949,0.794883][0.546048,0.758388,0][-1.27174,0.376677,0.136926][-0.396271,-0.45949,0.794883][0.522636,0.820823,0][-1.28931,0.380151,0.13099][-0.616171,-0.631881,0.47017][0.517951,0.832492,0][-1.31074,0.385398,0.109957][-0.752748,-0.42842,0.499827][0.518934,0.852785,0][-1.27174,0.376677,0.136926][-0.396271,-0.45949,0.794883][0.522636,0.820823,0][-1.16944,0.387031,-0.0237109][0.0524357,-0.0184724,-0.998453][0.010132,0.789034,0][-1.31486,0.387031,-0.0313479][-0.78087,-0.417292,-0.464875][0.082989,0.852785,0][-1.2775,0.378962,-0.060735][-0.442171,-0.441304,-0.780856][0.079917,0.820875,0][-1.2775,0.378962,-0.060735][-0.442171,-0.441304,-0.780856][0.079917,0.820875,0][-1.18797,0.358885,-0.100086][-0.442171,-0.441303,-0.780856][0.055951,0.758549,0][-1.16944,0.387031,-0.0237109][0.0524357,-0.0184724,-0.998453][0.010132,0.789034,0][-1.2775,0.378962,-0.060735][-0.442171,-0.441304,-0.780856][0.079917,0.820875,0][-1.31486,0.387031,-0.0313479][-0.78087,-0.417292,-0.464875][0.082989,0.852785,0][-1.29469,0.382286,-0.0537079][-0.642921,-0.621149,-0.448137][0.084398,0.832538,0][-1.15088,0.771586,0.473859][0,0.997634,0.0687536][0.943136,0.813374,0][-1.15789,0.771586,0.473859][0,0.997634,0.0687536][0.940797,0.816683,0][-1.14841,0.764956,0.570063][0,0.997634,0.0687536][0.987292,0.848334,0][-1.14841,0.764956,0.570063][0,0.997634,0.0687536][0.987292,0.848334,0][-1.14141,0.764956,0.570063][0,0.997634,0.0687536][0.989912,0.845193,0][-1.15088,0.771586,0.473859][0,0.997634,0.0687536][0.943136,0.813374,0][-1.14141,0.584255,0.107986][0,0.835465,-0.549543][0.691594,0.787521,0][-1.14841,0.584255,0.107986][0,0.835465,-0.549543][0.691247,0.791714,0][-1.13662,0.624875,0.16974][0,0.835465,-0.549543][0.736821,0.788316,0][-1.13662,0.624875,0.16974][0,0.835465,-0.549543][0.736821,0.788316,0][-1.12962,0.624875,0.16974][0,0.835465,-0.549543][0.73699,0.784044,0][-1.14141,0.584255,0.107986][0,0.835465,-0.549543][0.691594,0.787521,0][-1.15088,0.547032,0.132471][0,-0.549545,-0.835464][0.689739,0.817381,0][-1.14141,0.498234,0.164569][0,-0.549545,-0.835464][0.687894,0.851738,0][-1.14841,0.498234,0.164569][0,-0.549545,-0.835464][0.691945,0.851302,0][-1.14841,0.498234,0.164569][0,-0.549545,-0.835464][0.691945,0.851302,0][-1.15789,0.547032,0.132471][0,-0.549545,-0.835464][0.693714,0.817449,0][-1.15088,0.547032,0.132471][0,-0.549545,-0.835464][0.689739,0.817381,0][-1.14141,0.498234,0.164569][0,-0.549545,-0.835464][0.692302,0.855483,0][-1.12962,0.554548,0.250181][0,-0.83546,0.549551][0.754719,0.85734,0][-1.13662,0.554548,0.250181][0,-0.83546,0.549551][0.754544,0.853067,0][-1.13662,0.554548,0.250181][0,-0.83546,0.549551][0.754544,0.853067,0][-1.14841,0.498234,0.164569][0,-0.549545,-0.835464][0.691945,0.851302,0][-1.14141,0.498234,0.164569][0,-0.549545,-0.835464][0.692302,0.855483,0][-1.1461,0.594443,0.204548][-0.978223,-0.0591819,0.198941][0.744518,0.816533,0][-1.15789,0.547032,0.132471][0,-0.549545,-0.835464][0.693714,0.817449,0][-1.14841,0.498234,0.164569][0,-0.549545,-0.835464][0.691945,0.851302,0][-1.14841,0.498234,0.164569][0,-0.549545,-0.835464][0.691945,0.851302,0][-1.13662,0.554548,0.250181][0,-0.83546,0.549551][0.754544,0.853067,0][-1.1461,0.594443,0.204548][-0.978223,-0.0591819,0.198941][0.744518,0.816533,0][-1.14141,0.498234,0.164569][0,-0.549545,-0.835464][0.69768,0.92775,0][-1.15088,0.547032,0.132471][0,-0.549545,-0.835464][0.696746,0.963229,0][-1.1391,0.594443,0.204548][0.978264,0.0591059,-0.198763][0.749557,0.963719,0][-1.1391,0.594443,0.204548][0.978264,0.0591059,-0.198763][0.749557,0.963719,0][-1.12962,0.554548,0.250181][0,-0.83546,0.549551][0.759753,0.927979,0][-1.14141,0.498234,0.164569][0,-0.549545,-0.835464][0.69768,0.92775,0][-1.15088,0.771586,0.473859][0,0.997634,0.0687536][0.943136,0.813374,0][-1.14141,0.776646,0.400477][0,0.997631,0.068792][0.909358,0.786462,0][-1.14841,0.776646,0.400477][0,0.997631,0.068792][0.907245,0.789952,0][-1.14841,0.776646,0.400477][0,0.997631,0.068792][0.907245,0.789952,0][-1.15789,0.771586,0.473859][0,0.997634,0.0687536][0.940797,0.816683,0][-1.15088,0.771586,0.473859][0,0.997634,0.0687536][0.943136,0.813374,0][-1.15088,0.547032,0.132471][0,-0.549545,-0.835464][0.696746,0.963229,0][-1.14141,0.584255,0.107986][0,0.835465,-0.549543][0.697205,0.990704,0][-1.12962,0.624875,0.16974][0,0.835465,-0.549543][0.742353,0.99143,0][-1.12962,0.624875,0.16974][0,0.835465,-0.549543][0.742353,0.99143,0][-1.1391,0.594443,0.204548][0.978264,0.0591059,-0.198763][0.749557,0.963719,0][-1.15088,0.547032,0.132471][0,-0.549545,-0.835464][0.696746,0.963229,0][-1.15088,0.547032,0.132471][0,-0.549545,-0.835464][0.689739,0.817381,0][-1.15789,0.547032,0.132471][0,-0.549545,-0.835464][0.693714,0.817449,0][-1.14841,0.584255,0.107986][0,0.835465,-0.549543][0.691247,0.791714,0][-1.14841,0.584255,0.107986][0,0.835465,-0.549543][0.691247,0.791714,0][-1.14141,0.584255,0.107986][0,0.835465,-0.549543][0.687235,0.791254,0][-1.15088,0.547032,0.132471][0,-0.549545,-0.835464][0.689739,0.817381,0][-1.13662,0.624875,0.16974][0,0.835465,-0.549543][0.736821,0.788316,0][-1.14841,0.584255,0.107986][0,0.835465,-0.549543][0.691247,0.791714,0][-1.15789,0.547032,0.132471][0,-0.549545,-0.835464][0.693714,0.817449,0][-1.15789,0.547032,0.132471][0,-0.549545,-0.835464][0.693714,0.817449,0][-1.1461,0.594443,0.204548][-0.978223,-0.0591819,0.198941][0.744518,0.816533,0][-1.13662,0.624875,0.16974][0,0.835465,-0.549543][0.736821,0.788316,0][-1.15789,0.771586,0.473859][0,0.997634,0.0687536][0.940797,0.816683,0][-1.1461,0.705586,0.373511][-0.965013,-0.256325,0.0552081][0.869401,0.816571,0][-1.13662,0.686558,0.450872][-0.965013,-0.256325,0.0552081][0.902232,0.853044,0][-1.13662,0.686558,0.450872][-0.965013,-0.256325,0.0552081][0.902232,0.853044,0][-1.14841,0.764956,0.570063][0,0.997634,0.0687536][0.987292,0.848334,0][-1.15789,0.771586,0.473859][0,0.997634,0.0687536][0.940797,0.816683,0][-1.14141,0.764956,0.570063][0,0.997634,0.0687536][0.987183,0.852479,0][-1.14841,0.764956,0.570063][0,0.997634,0.0687536][0.987292,0.848334,0][-1.13662,0.686558,0.450872][-0.965013,-0.256325,0.0552081][0.902232,0.853044,0][-1.13662,0.686558,0.450872][-0.965013,-0.256325,0.0552081][0.902232,0.853044,0][-1.12962,0.686558,0.450872][0,-0.835472,0.549532][0.902176,0.857267,0][-1.14141,0.764956,0.570063][0,0.997634,0.0687536][0.987183,0.852479,0][-1.15088,0.771586,0.473859][0,0.997634,0.0687536][0.945687,0.964162,0][-1.14141,0.764956,0.570063][0,0.997634,0.0687536][0.991219,0.927888,0][-1.12962,0.686558,0.450872][0,-0.835472,0.549532][0.905215,0.92775,0][-1.12962,0.686558,0.450872][0,-0.835472,0.549532][0.905215,0.92775,0][-1.1391,0.705586,0.373511][0.965037,0.256226,-0.0552354][0.872619,0.963829,0][-1.15088,0.771586,0.473859][0,0.997634,0.0687536][0.945687,0.964162,0][-1.14141,0.776646,0.400477][0,0.997631,0.068792][0.909982,0.990942,0][-1.15088,0.771586,0.473859][0,0.997634,0.0687536][0.945687,0.964162,0][-1.1391,0.705586,0.373511][0.965037,0.256226,-0.0552354][0.872619,0.963829,0][-1.1391,0.705586,0.373511][0.965037,0.256226,-0.0552354][0.872619,0.963829,0][-1.12962,0.720096,0.314502][0.987984,-0.0257154,0.1524][0.847318,0.991333,0][-1.14141,0.776646,0.400477][0,0.997631,0.068792][0.909982,0.990942,0][-1.14141,0.776646,0.400477][0,0.997631,0.068792][0.906873,0.785733,0][-1.12962,0.720096,0.314502][0.987984,-0.0257154,0.1524][0.843623,0.784044,0][-1.13662,0.720096,0.314502][0,0.835473,-0.549532][0.843808,0.788343,0][-1.13662,0.720096,0.314502][0,0.835473,-0.549532][0.843808,0.788343,0][-1.14841,0.776646,0.400477][0,0.997631,0.068792][0.907245,0.789952,0][-1.14141,0.776646,0.400477][0,0.997631,0.068792][0.906873,0.785733,0][-1.14841,0.776646,0.400477][0,0.997631,0.068792][0.907245,0.789952,0][-1.13662,0.720096,0.314502][0,0.835473,-0.549532][0.843808,0.788343,0][-1.1461,0.705586,0.373511][-0.965013,-0.256325,0.0552081][0.869401,0.816571,0][-1.1461,0.705586,0.373511][-0.965013,-0.256325,0.0552081][0.869401,0.816571,0][-1.15789,0.771586,0.473859][0,0.997634,0.0687536][0.940797,0.816683,0][-1.14841,0.776646,0.400477][0,0.997631,0.068792][0.907245,0.789952,0][-1.1461,0.705586,0.373511][-0.965013,-0.256325,0.0552081][0.869401,0.816571,0][-1.1461,0.594443,0.204548][-0.978223,-0.0591819,0.198941][0.744518,0.816533,0][-1.13662,0.554548,0.250181][0,-0.83546,0.549551][0.754544,0.853067,0][-1.13662,0.554548,0.250181][0,-0.83546,0.549551][0.754544,0.853067,0][-1.13662,0.686558,0.450872][-0.965013,-0.256325,0.0552081][0.902232,0.853044,0][-1.1461,0.705586,0.373511][-0.965013,-0.256325,0.0552081][0.869401,0.816571,0][-1.12962,0.686558,0.450872][0,-0.835472,0.549532][0.902176,0.857267,0][-1.13662,0.686558,0.450872][-0.965013,-0.256325,0.0552081][0.902232,0.853044,0][-1.13662,0.554548,0.250181][0,-0.83546,0.549551][0.754544,0.853067,0][-1.13662,0.554548,0.250181][0,-0.83546,0.549551][0.754544,0.853067,0][-1.12962,0.554548,0.250181][0,-0.83546,0.549551][0.754719,0.85734,0][-1.12962,0.686558,0.450872][0,-0.835472,0.549532][0.902176,0.857267,0][-1.1391,0.705586,0.373511][0.965037,0.256226,-0.0552354][0.872619,0.963829,0][-1.12962,0.686558,0.450872][0,-0.835472,0.549532][0.905215,0.92775,0][-1.12962,0.554548,0.250181][0,-0.83546,0.549551][0.759753,0.927979,0][-1.12962,0.554548,0.250181][0,-0.83546,0.549551][0.759753,0.927979,0][-1.1391,0.594443,0.204548][0.978264,0.0591059,-0.198763][0.749557,0.963719,0][-1.1391,0.705586,0.373511][0.965037,0.256226,-0.0552354][0.872619,0.963829,0][-1.12962,0.720096,0.314502][0.987984,-0.0257154,0.1524][0.847318,0.991333,0][-1.1391,0.705586,0.373511][0.965037,0.256226,-0.0552354][0.872619,0.963829,0][-1.1391,0.594443,0.204548][0.978264,0.0591059,-0.198763][0.749557,0.963719,0][-1.1391,0.594443,0.204548][0.978264,0.0591059,-0.198763][0.749557,0.963719,0][-1.12962,0.624875,0.16974][0,0.835465,-0.549543][0.742353,0.99143,0][-1.12962,0.720096,0.314502][0.987984,-0.0257154,0.1524][0.847318,0.991333,0][-1.12962,0.624875,0.16974][0,0.835465,-0.549543][0.73699,0.784044,0][-1.13662,0.624875,0.16974][0,0.835465,-0.549543][0.736821,0.788316,0][-1.13662,0.720096,0.314502][0,0.835473,-0.549532][0.843808,0.788343,0][-1.13662,0.720096,0.314502][0,0.835473,-0.549532][0.843808,0.788343,0][-1.12962,0.720096,0.314502][0.987984,-0.0257154,0.1524][0.843623,0.784044,0][-1.12962,0.624875,0.16974][0,0.835465,-0.549543][0.73699,0.784044,0][-1.13662,0.720096,0.314502][0,0.835473,-0.549532][0.843808,0.788343,0][-1.13662,0.624875,0.16974][0,0.835465,-0.549543][0.736821,0.788316,0][-1.1461,0.594443,0.204548][-0.978223,-0.0591819,0.198941][0.744518,0.816533,0][-1.1461,0.594443,0.204548][-0.978223,-0.0591819,0.198941][0.744518,0.816533,0][-1.1461,0.705586,0.373511][-0.965013,-0.256325,0.0552081][0.869401,0.816571,0][-1.13662,0.720096,0.314502][0,0.835473,-0.549532][0.843808,0.788343,0][-1.16061,0.473585,0.649405][0.101002,0.778529,0.619429][0.988486,0.7182,0][-1.14219,0.521307,0.586422][0.101002,0.778529,0.619429][0.949053,0.743184,0][-1.14911,0.522383,0.586198][0.101002,0.778529,0.619429][0.951339,0.746495,0][-1.14911,0.522383,0.586198][0.101002,0.778529,0.619429][0.951339,0.746495,0][-1.16753,0.474661,0.64918][0.100919,0.778543,0.619424][0.991017,0.721369,0][-1.16061,0.473585,0.649405][0.101002,0.778529,0.619429][0.988486,0.7182,0][-1.15314,0.580165,0.452885][0.153056,0.988058,0.0177428][0.868239,0.776609,0][-1.16006,0.581241,0.452661][0.153056,0.988058,0.0177428][0.867815,0.78091,0][-1.14712,0.578102,0.515841][0.153056,0.988058,0.0177428][0.907274,0.778582,0][-1.14712,0.578102,0.515841][0.153056,0.988058,0.0177428][0.907274,0.778582,0][-1.1402,0.577027,0.516066][0.152922,0.988079,0.0177562][0.908029,0.774505,0][-1.15314,0.580165,0.452885][0.153056,0.988058,0.0177428][0.868239,0.776609,0][-1.14392,0.479716,0.164378][0.0344494,0.0126079,-0.999327][0.692441,0.712048,0][-1.15084,0.480792,0.164153][0.0344494,0.0126079,-0.999327][0.688327,0.711561,0][-1.13462,0.527703,0.165304][0.0344494,0.0126079,-0.999327][0.690128,0.740862,0][-1.13462,0.527703,0.165304][0.0344494,0.0126079,-0.999327][0.690128,0.740862,0][-1.1277,0.526627,0.165529][0.03445,0.0126078,-0.999327][0.694161,0.740901,0][-1.14392,0.479716,0.164378][0.0344494,0.0126079,-0.999327][0.692441,0.712048,0][-1.17271,0.47703,0.562004][-0.153055,-0.988058,-0.0177564][0.936135,0.711497,0][-1.16061,0.473585,0.649405][0.101002,0.778529,0.619429][0.988486,0.7182,0][-1.16753,0.474661,0.64918][0.100919,0.778543,0.619424][0.988302,0.714104,0][-1.16753,0.474661,0.64918][0.100919,0.778543,0.619424][0.988302,0.714104,0][-1.17963,0.478106,0.561779][-0.153052,-0.988059,-0.0177566][0.936048,0.707274,0][-1.17271,0.47703,0.562004][-0.153055,-0.988058,-0.0177564][0.936135,0.711497,0][-1.14911,0.522383,0.586198][0.101002,0.778529,0.619429][0.945896,0.892493,0][-1.16161,0.525683,0.510289][-0.851956,0.497941,0.16194][0.899073,0.893868,0][-1.17963,0.478106,0.561779][-0.153052,-0.988059,-0.0177566][0.930757,0.924389,0][-1.17963,0.478106,0.561779][-0.153052,-0.988059,-0.0177566][0.930757,0.924389,0][-1.16753,0.474661,0.64918][0.100919,0.778543,0.619424][0.983526,0.923096,0][-1.14911,0.522383,0.586198][0.101002,0.778529,0.619429][0.945896,0.892493,0][-1.17271,0.47703,0.562004][-0.153055,-0.988058,-0.0177564][0.936135,0.711497,0][-1.15469,0.524607,0.510513][0.851956,-0.497943,-0.16194][0.904143,0.742038,0][-1.14219,0.521307,0.586422][0.101002,0.778529,0.619429][0.949053,0.743184,0][-1.14219,0.521307,0.586422][0.101002,0.778529,0.619429][0.949053,0.743184,0][-1.16061,0.473585,0.649405][0.101002,0.778529,0.619429][0.988486,0.7182,0][-1.17271,0.47703,0.562004][-0.153055,-0.988058,-0.0177564][0.936135,0.711497,0][-1.14749,0.582238,0.28891][0.153055,0.988058,0.0177644][0.766327,0.775592,0][-1.15441,0.583314,0.288685][0.153055,0.988058,0.0177644][0.766479,0.779816,0][-1.16006,0.581241,0.452661][0.153056,0.988058,0.0177428][0.867815,0.78091,0][-1.16006,0.581241,0.452661][0.153056,0.988058,0.0177428][0.867815,0.78091,0][-1.15314,0.580165,0.452885][0.153056,0.988058,0.0177428][0.868239,0.776609,0][-1.14749,0.582238,0.28891][0.153055,0.988058,0.0177644][0.766327,0.775592,0][-1.16489,0.479904,0.334677][0.944549,-0.327141,0.0283774][0.796143,0.71154,0][-1.1479,0.5271,0.313245][0.944549,-0.327141,0.0283774][0.781935,0.741907,0][-1.15469,0.524607,0.510513][0.851956,-0.497943,-0.16194][0.904143,0.742038,0][-1.15469,0.524607,0.510513][0.851956,-0.497943,-0.16194][0.904143,0.742038,0][-1.17271,0.47703,0.562004][-0.153055,-0.988058,-0.0177564][0.936135,0.711497,0][-1.16489,0.479904,0.334677][0.944549,-0.327141,0.0283774][0.796143,0.71154,0][-1.17271,0.47703,0.562004][-0.153055,-0.988058,-0.0177564][0.936135,0.711497,0][-1.17963,0.478106,0.561779][-0.153052,-0.988059,-0.0177566][0.936048,0.707274,0][-1.17181,0.480979,0.334452][-0.153053,-0.988059,-0.0177523][0.79633,0.707274,0][-1.17181,0.480979,0.334452][-0.153053,-0.988059,-0.0177523][0.79633,0.707274,0][-1.16489,0.479904,0.334677][0.944549,-0.327141,0.0283774][0.796143,0.71154,0][-1.17271,0.47703,0.562004][-0.153055,-0.988058,-0.0177564][0.936135,0.711497,0][-1.16161,0.525683,0.510289][-0.851956,0.497941,0.16194][0.899073,0.893868,0][-1.15482,0.528176,0.31302][-0.944551,0.327136,-0.0283776][0.778754,0.894162,0][-1.17181,0.480979,0.334452][-0.153053,-0.988059,-0.0177523][0.792705,0.923974,0][-1.17181,0.480979,0.334452][-0.153053,-0.988059,-0.0177523][0.792705,0.923974,0][-1.17963,0.478106,0.561779][-0.153052,-0.988059,-0.0177566][0.930757,0.924389,0][-1.16161,0.525683,0.510289][-0.851956,0.497941,0.16194][0.899073,0.893868,0][-1.14749,0.582238,0.28891][0.153055,0.988058,0.0177644][0.766327,0.775592,0][-1.12816,0.581449,0.166206][0.153055,0.988058,0.0177586][0.691285,0.77221,0][-1.13508,0.582525,0.165981][0.153055,0.988058,0.0177586][0.69161,0.776378,0][-1.13508,0.582525,0.165981][0.153055,0.988058,0.0177586][0.69161,0.776378,0][-1.15441,0.583314,0.288685][0.153055,0.988058,0.0177644][0.766479,0.779816,0][-1.14749,0.582238,0.28891][0.153055,0.988058,0.0177644][0.766327,0.775592,0][-1.14392,0.479716,0.164378][0.0344494,0.0126079,-0.999327][0.692441,0.712048,0][-1.1277,0.526627,0.165529][0.03445,0.0126078,-0.999327][0.694161,0.740901,0][-1.1479,0.5271,0.313245][0.944549,-0.327141,0.0283774][0.781935,0.741907,0][-1.1479,0.5271,0.313245][0.944549,-0.327141,0.0283774][0.781935,0.741907,0][-1.16489,0.479904,0.334677][0.944549,-0.327141,0.0283774][0.796143,0.71154,0][-1.14392,0.479716,0.164378][0.0344494,0.0126079,-0.999327][0.692441,0.712048,0][-1.16489,0.479904,0.334677][0.944549,-0.327141,0.0283774][0.796143,0.71154,0][-1.17181,0.480979,0.334452][-0.153053,-0.988059,-0.0177523][0.79633,0.707274,0][-1.15084,0.480792,0.164153][0.0344494,0.0126079,-0.999327][0.692793,0.707855,0][-1.15084,0.480792,0.164153][0.0344494,0.0126079,-0.999327][0.692793,0.707855,0][-1.14392,0.479716,0.164378][0.0344494,0.0126079,-0.999327][0.692441,0.712048,0][-1.16489,0.479904,0.334677][0.944549,-0.327141,0.0283774][0.796143,0.71154,0][-1.15084,0.480792,0.164153][0.0344494,0.0126079,-0.999327][0.689238,0.924389,0][-1.17181,0.480979,0.334452][-0.153053,-0.988059,-0.0177523][0.792705,0.923974,0][-1.15482,0.528176,0.31302][-0.944551,0.327136,-0.0283776][0.778754,0.894162,0][-1.15482,0.528176,0.31302][-0.944551,0.327136,-0.0283776][0.778754,0.894162,0][-1.13462,0.527703,0.165304][0.0344494,0.0126079,-0.999327][0.688594,0.894565,0][-1.15084,0.480792,0.164153][0.0344494,0.0126079,-0.999327][0.689238,0.924389,0][-1.16006,0.581241,0.452661][0.153056,0.988058,0.0177428][0.863065,0.860891,0][-1.15441,0.583314,0.288685][0.153055,0.988058,0.0177644][0.76384,0.860856,0][-1.15482,0.528176,0.31302][-0.944551,0.327136,-0.0283776][0.778754,0.894162,0][-1.15482,0.528176,0.31302][-0.944551,0.327136,-0.0283776][0.778754,0.894162,0][-1.16161,0.525683,0.510289][-0.851956,0.497941,0.16194][0.899073,0.893868,0][-1.16006,0.581241,0.452661][0.153056,0.988058,0.0177428][0.863065,0.860891,0][-1.14712,0.578102,0.515841][0.153056,0.988058,0.0177428][0.902032,0.860664,0][-1.16006,0.581241,0.452661][0.153056,0.988058,0.0177428][0.863065,0.860891,0][-1.16161,0.525683,0.510289][-0.851956,0.497941,0.16194][0.899073,0.893868,0][-1.16161,0.525683,0.510289][-0.851956,0.497941,0.16194][0.899073,0.893868,0][-1.14911,0.522383,0.586198][0.101002,0.778529,0.619429][0.945896,0.892493,0][-1.14712,0.578102,0.515841][0.153056,0.988058,0.0177428][0.902032,0.860664,0][-1.1402,0.577027,0.516066][0.152922,0.988079,0.0177562][0.908029,0.774505,0][-1.14712,0.578102,0.515841][0.153056,0.988058,0.0177428][0.910155,0.777946,0][-1.14911,0.522383,0.586198][0.101002,0.778529,0.619429][0.951339,0.746495,0][-1.14911,0.522383,0.586198][0.101002,0.778529,0.619429][0.951339,0.746495,0][-1.14219,0.521307,0.586422][0.101002,0.778529,0.619429][0.949053,0.743184,0][-1.1402,0.577027,0.516066][0.152922,0.988079,0.0177562][0.908029,0.774505,0][-1.15469,0.524607,0.510513][0.851956,-0.497943,-0.16194][0.904143,0.742038,0][-1.15314,0.580165,0.452885][0.153056,0.988058,0.0177428][0.868239,0.776609,0][-1.1402,0.577027,0.516066][0.152922,0.988079,0.0177562][0.908029,0.774505,0][-1.1402,0.577027,0.516066][0.152922,0.988079,0.0177562][0.908029,0.774505,0][-1.14219,0.521307,0.586422][0.101002,0.778529,0.619429][0.949053,0.743184,0][-1.15469,0.524607,0.510513][0.851956,-0.497943,-0.16194][0.904143,0.742038,0][-1.1479,0.5271,0.313245][0.944549,-0.327141,0.0283774][0.781935,0.741907,0][-1.14749,0.582238,0.28891][0.153055,0.988058,0.0177644][0.766327,0.775592,0][-1.15314,0.580165,0.452885][0.153056,0.988058,0.0177428][0.868239,0.776609,0][-1.15314,0.580165,0.452885][0.153056,0.988058,0.0177428][0.868239,0.776609,0][-1.15469,0.524607,0.510513][0.851956,-0.497943,-0.16194][0.904143,0.742038,0][-1.1479,0.5271,0.313245][0.944549,-0.327141,0.0283774][0.781935,0.741907,0][-1.1277,0.526627,0.165529][0.03445,0.0126078,-0.999327][0.694161,0.740901,0][-1.12816,0.581449,0.166206][0.153055,0.988058,0.0177586][0.691285,0.77221,0][-1.14749,0.582238,0.28891][0.153055,0.988058,0.0177644][0.766327,0.775592,0][-1.14749,0.582238,0.28891][0.153055,0.988058,0.0177644][0.766327,0.775592,0][-1.1479,0.5271,0.313245][0.944549,-0.327141,0.0283774][0.781935,0.741907,0][-1.1277,0.526627,0.165529][0.03445,0.0126078,-0.999327][0.694161,0.740901,0][-1.12816,0.581449,0.166206][0.153055,0.988058,0.0177586][0.691285,0.77221,0][-1.1277,0.526627,0.165529][0.03445,0.0126078,-0.999327][0.694161,0.740901,0][-1.13462,0.527703,0.165304][0.0344494,0.0126079,-0.999327][0.690128,0.740862,0][-1.13462,0.527703,0.165304][0.0344494,0.0126079,-0.999327][0.690128,0.740862,0][-1.13508,0.582525,0.165981][0.153055,0.988058,0.0177586][0.687235,0.772498,0][-1.12816,0.581449,0.166206][0.153055,0.988058,0.0177586][0.691285,0.77221,0][-1.15441,0.583314,0.288685][0.153055,0.988058,0.0177644][0.76384,0.860856,0][-1.13508,0.582525,0.165981][0.153055,0.988058,0.0177586][0.688959,0.861515,0][-1.13462,0.527703,0.165304][0.0344494,0.0126079,-0.999327][0.688594,0.894565,0][-1.13462,0.527703,0.165304][0.0344494,0.0126079,-0.999327][0.688594,0.894565,0][-1.15482,0.528176,0.31302][-0.944551,0.327136,-0.0283776][0.778754,0.894162,0][-1.15441,0.583314,0.288685][0.153055,0.988058,0.0177644][0.76384,0.860856,0][1.3125,0.501233,0.0714841][0.696056,0.577697,0.426347][0.169262,0.920591,0][1.285,0.490184,0.131352][0.696056,0.577697,0.426347][0.127692,0.917863,0][1.30011,0.473362,0.129477][0.696056,0.577697,0.426347][0.130578,0.903747,0][1.30011,0.473362,0.129477][0.696056,0.577697,0.426347][0.130578,0.903747,0][1.32016,0.489777,0.0741701][0.70366,0.569971,0.424259][0.168417,0.911053,0][1.3125,0.501233,0.0714841][0.696056,0.577697,0.426347][0.169262,0.920591,0][1.29315,0.572646,0.0650411][0.820514,0.513661,0.250816][0.182809,0.972846,0][1.26203,0.591347,0.128547][0.820514,0.513661,0.250816][0.135628,0.991828,0][1.27484,0.569785,0.130799][0.820514,0.513661,0.250816][0.135189,0.975091,0][1.27484,0.569785,0.130799][0.820514,0.513661,0.250816][0.135189,0.975091,0][1.31265,0.554614,0.0639351][0.669324,0.710489,0.217282][0.18572,0.955169,0][1.29315,0.572646,0.0650411][0.820514,0.513661,0.250816][0.182809,0.972846,0][1.24977,0.583065,0.156361][0.120993,0.906161,0.405256][0.381351,0.769648,0][1.22608,0.595851,0.134844][0.120993,0.906161,0.405256][0.365788,0.753018,0][1.20536,0.590768,0.152396][0.120993,0.906161,0.405256][0.378569,0.739637,0][1.20536,0.590768,0.152396][0.120993,0.906161,0.405256][0.378569,0.739637,0][1.23839,0.561638,0.174055][0.0385548,0.624013,0.780462][0.400673,0.763391,0][1.24977,0.583065,0.156361][0.120993,0.906161,0.405256][0.381351,0.769648,0][1.31639,0.46567,0.139857][0.871493,0.0170743,0.49011][0.128178,0.890517,0][1.32345,0.412088,0.12917][0.871493,0.0170743,0.49011][0.135045,0.855425,0][1.35383,0.420171,0.0748681][0.871493,0.0170743,0.49011][0.178245,0.854453,0][1.35383,0.420171,0.0748681][0.871493,0.0170743,0.49011][0.178245,0.854453,0][1.34234,0.490257,0.0638061][0.903417,0.207342,0.375295][0.182208,0.902539,0][1.31639,0.46567,0.139857][0.871493,0.0170743,0.49011][0.128178,0.890517,0][1.22256,0.539198,0.184789][0.564287,0.0642077,0.823078][0.418146,0.754447,0][1.2117,0.534743,0.192582][0.564287,0.0642077,0.823078][0.42362,0.746925,0][1.24017,0.444978,0.180066][0.564287,0.0642077,0.823078][0.476484,0.782746,0][1.24017,0.444978,0.180066][0.564287,0.0642077,0.823078][0.476484,0.782746,0][1.26894,0.446172,0.186773][-0.222557,-0.0902568,0.970733][0.468729,0.801048,0][1.22256,0.539198,0.184789][0.564287,0.0642077,0.823078][0.418146,0.754447,0][1.2963,0.540865,0.073606][0.860022,0.288097,0.421144][0.170594,0.94853,0][1.26813,0.553677,0.122368][0.860022,0.288097,0.421144][0.135274,0.961957,0][1.285,0.490184,0.131352][0.696056,0.577697,0.426347][0.127692,0.917863,0][1.285,0.490184,0.131352][0.696056,0.577697,0.426347][0.127692,0.917863,0][1.3125,0.501233,0.0714841][0.696056,0.577697,0.426347][0.169262,0.920591,0][1.2963,0.540865,0.073606][0.860022,0.288097,0.421144][0.170594,0.94853,0][1.31024,0.579123,0.0414611][0.572622,0.583949,0.575419][0.202081,0.969876,0][1.29315,0.572646,0.0650411][0.820514,0.513661,0.250816][0.182809,0.972846,0][1.31265,0.554614,0.0639351][0.669324,0.710489,0.217282][0.18572,0.955169,0][1.31265,0.554614,0.0639351][0.669324,0.710489,0.217282][0.18572,0.955169,0][1.32708,0.558816,0.0417171][0.651228,0.546681,0.526348][0.202102,0.952511,0][1.31024,0.579123,0.0414611][0.572622,0.583949,0.575419][0.202081,0.969876,0][1.32708,0.558816,0.0417171][0.651228,0.546681,0.526348][0.202102,0.952511,0][1.31265,0.554614,0.0639351][0.669324,0.710489,0.217282][0.18572,0.955169,0][1.33253,0.505141,0.0607211][0.780908,0.27744,0.559651][0.184244,0.91624,0][1.33253,0.505141,0.0607211][0.780908,0.27744,0.559651][0.184244,0.91624,0][1.35282,0.510114,0.0419041][0.600761,0.320327,0.732446][0.202251,0.911712,0][1.32708,0.558816,0.0417171][0.651228,0.546681,0.526348][0.202102,0.952511,0][1.3674,0.496332,0.0556891][0.216547,0.332945,0.917745][0.196194,0.897666,0][1.33253,0.505141,0.0607211][0.780908,0.27744,0.559651][0.184244,0.91624,0][1.34234,0.490257,0.0638061][0.903417,0.207342,0.375295][0.182208,0.902539,0][1.34234,0.490257,0.0638061][0.903417,0.207342,0.375295][0.182208,0.902539,0][1.35383,0.420171,0.0748681][0.871493,0.0170743,0.49011][0.178245,0.854453,0][1.36165,0.440301,0.0609691][0.676814,0.221751,0.701961][0.187655,0.866488,0][1.36165,0.440301,0.0609691][0.676814,0.221751,0.701961][0.187655,0.866488,0][1.3674,0.496332,0.0556891][0.216547,0.332945,0.917745][0.196194,0.897666,0][1.34234,0.490257,0.0638061][0.903417,0.207342,0.375295][0.182208,0.902539,0][1.26894,0.446172,0.186773][-0.222557,-0.0902568,0.970733][0.468729,0.801048,0][1.24017,0.444978,0.180066][0.564287,0.0642077,0.823078][0.476484,0.782746,0][1.27791,0.412047,0.154296][-0.134077,-0.701441,0.700003][0.496337,0.816051,0][1.27791,0.412047,0.154296][-0.134077,-0.701441,0.700003][0.496337,0.816051,0][1.30195,0.405263,0.15287][-0.156962,-0.702192,0.694471][0.494737,0.832597,0][1.26894,0.446172,0.186773][-0.222557,-0.0902568,0.970733][0.468729,0.801048,0][1.24017,0.444978,0.180066][0.564287,0.0642077,0.823078][0.476484,0.782746,0][1.16101,0.421994,0.214718][0.452881,-0.287303,0.844012][0.502146,0.727044,0][1.17184,0.379668,0.194499][0.452881,-0.287303,0.844012][0.528472,0.743774,0][1.17184,0.379668,0.194499][0.452881,-0.287303,0.844012][0.528472,0.743774,0][1.27791,0.412047,0.154296][-0.134077,-0.701441,0.700003][0.496337,0.816051,0][1.24017,0.444978,0.180066][0.564287,0.0642077,0.823078][0.476484,0.782746,0][1.29315,0.572646,0.0650411][0.820514,0.513661,0.250816][0.319538,0.803903,0][1.31024,0.579123,0.0414611][0.572622,0.583949,0.575419][0.300461,0.810835,0][1.26934,0.606673,0.0405881][0.465339,0.707678,0.53165][0.300505,0.779049,0][1.26934,0.606673,0.0405881][0.465339,0.707678,0.53165][0.300505,0.779049,0][1.25825,0.603895,0.063426][0.607272,0.697849,0.379773][0.316571,0.773388,0][1.29315,0.572646,0.0650411][0.820514,0.513661,0.250816][0.319538,0.803903,0][1.37001,0.422495,0.0413931][0.840545,-0.170635,0.514167][0.200962,0.856958,0][1.37403,0.443376,0.0417511][0.840545,-0.170635,0.514167][0.201818,0.868263,0][1.36165,0.440301,0.0609691][0.676814,0.221751,0.701961][0.187655,0.866488,0][1.36165,0.440301,0.0609691][0.676814,0.221751,0.701961][0.187655,0.866488,0][1.36186,0.420944,0.059707][0.914012,-0.0165093,0.40535][0.189268,0.855114,0][1.37001,0.422495,0.0413931][0.840545,-0.170635,0.514167][0.200962,0.856958,0][1.30195,0.405263,0.15287][-0.156962,-0.702192,0.694471][0.113237,0.855169,0][1.32345,0.412088,0.12917][0.871493,0.0170743,0.49011][0.135045,0.855425,0][1.31639,0.46567,0.139857][0.871493,0.0170743,0.49011][0.128178,0.890517,0][1.31639,0.46567,0.139857][0.871493,0.0170743,0.49011][0.128178,0.890517,0][1.29249,0.477203,0.167894][0.752627,-0.0383087,0.657332][0.105131,0.906078,0][1.30195,0.405263,0.15287][-0.156962,-0.702192,0.694471][0.113237,0.855169,0][1.28224,0.482169,0.149638][0.711418,0.597841,0.369419][0.116381,0.914082,0][1.30011,0.473362,0.129477][0.696056,0.577697,0.426347][0.130578,0.903747,0][1.285,0.490184,0.131352][0.696056,0.577697,0.426347][0.127692,0.917863,0][1.285,0.490184,0.131352][0.696056,0.577697,0.426347][0.127692,0.917863,0][1.27936,0.485874,0.151489][0.818066,0.471065,0.329947][0.115004,0.916921,0][1.28224,0.482169,0.149638][0.711418,0.597841,0.369419][0.116381,0.914082,0][1.25782,0.542249,0.141441][0.86282,0.387525,0.324601][0.120777,0.955906,0][1.27936,0.485874,0.151489][0.818066,0.471065,0.329947][0.115004,0.916921,0][1.285,0.490184,0.131352][0.696056,0.577697,0.426347][0.127692,0.917863,0][1.285,0.490184,0.131352][0.696056,0.577697,0.426347][0.127692,0.917863,0][1.26813,0.553677,0.122368][0.860022,0.288097,0.421144][0.135274,0.961957,0][1.25782,0.542249,0.141441][0.86282,0.387525,0.324601][0.120777,0.955906,0][1.27484,0.569785,0.130799][0.820514,0.513661,0.250816][0.135189,0.975091,0][1.26203,0.591347,0.128547][0.820514,0.513661,0.250816][0.135628,0.991828,0][1.24977,0.583065,0.156361][0.120993,0.906161,0.405256][0.113365,0.986583,0][1.31639,0.46567,0.139857][0.871493,0.0170743,0.49011][0.128178,0.890517,0][1.34234,0.490257,0.0638061][0.903417,0.207342,0.375295][0.182208,0.902539,0][1.32016,0.489777,0.0741701][0.70366,0.569971,0.424259][0.168417,0.911053,0][1.32016,0.489777,0.0741701][0.70366,0.569971,0.424259][0.168417,0.911053,0][1.30011,0.473362,0.129477][0.696056,0.577697,0.426347][0.130578,0.903747,0][1.31639,0.46567,0.139857][0.871493,0.0170743,0.49011][0.128178,0.890517,0][1.33253,0.505141,0.0607211][0.780908,0.27744,0.559651][0.184244,0.91624,0][1.3125,0.501233,0.0714841][0.696056,0.577697,0.426347][0.169262,0.920591,0][1.32016,0.489777,0.0741701][0.70366,0.569971,0.424259][0.168417,0.911053,0][1.32016,0.489777,0.0741701][0.70366,0.569971,0.424259][0.168417,0.911053,0][1.34234,0.490257,0.0638061][0.903417,0.207342,0.375295][0.182208,0.902539,0][1.33253,0.505141,0.0607211][0.780908,0.27744,0.559651][0.184244,0.91624,0][1.2963,0.540865,0.073606][0.860022,0.288097,0.421144][0.170594,0.94853,0][1.3125,0.501233,0.0714841][0.696056,0.577697,0.426347][0.169262,0.920591,0][1.33253,0.505141,0.0607211][0.780908,0.27744,0.559651][0.184244,0.91624,0][1.33253,0.505141,0.0607211][0.780908,0.27744,0.559651][0.184244,0.91624,0][1.31265,0.554614,0.0639351][0.669324,0.710489,0.217282][0.18572,0.955169,0][1.2963,0.540865,0.073606][0.860022,0.288097,0.421144][0.170594,0.94853,0][1.2963,0.540865,0.073606][0.860022,0.288097,0.421144][0.170594,0.94853,0][1.31265,0.554614,0.0639351][0.669324,0.710489,0.217282][0.18572,0.955169,0][1.27484,0.569785,0.130799][0.820514,0.513661,0.250816][0.135189,0.975091,0][1.27484,0.569785,0.130799][0.820514,0.513661,0.250816][0.135189,0.975091,0][1.26813,0.553677,0.122368][0.860022,0.288097,0.421144][0.135274,0.961957,0][1.2963,0.540865,0.073606][0.860022,0.288097,0.421144][0.170594,0.94853,0][1.30011,0.473362,0.129477][0.696056,0.577697,0.426347][0.130578,0.903747,0][1.28224,0.482169,0.149638][0.711418,0.597841,0.369419][0.116381,0.914082,0][1.29249,0.477203,0.167894][0.752627,-0.0383087,0.657332][0.105131,0.906078,0][1.29249,0.477203,0.167894][0.752627,-0.0383087,0.657332][0.105131,0.906078,0][1.31639,0.46567,0.139857][0.871493,0.0170743,0.49011][0.128178,0.890517,0][1.30011,0.473362,0.129477][0.696056,0.577697,0.426347][0.130578,0.903747,0][1.28224,0.482169,0.149638][0.711418,0.597841,0.369419][0.116381,0.914082,0][1.27936,0.485874,0.151489][0.818066,0.471065,0.329947][0.115004,0.916921,0][1.28737,0.484049,0.170999][0.709755,0.666161,-0.22908][0.102083,0.912184,0][1.28737,0.484049,0.170999][0.709755,0.666161,-0.22908][0.102083,0.912184,0][1.29249,0.477203,0.167894][0.752627,-0.0383087,0.657332][0.105131,0.906078,0][1.28224,0.482169,0.149638][0.711418,0.597841,0.369419][0.116381,0.914082,0][1.26046,0.554631,0.15762][0.897632,0.277291,-0.342589][0.111289,0.965064,0][1.28737,0.484049,0.170999][0.709755,0.666161,-0.22908][0.102083,0.912184,0][1.27936,0.485874,0.151489][0.818066,0.471065,0.329947][0.115004,0.916921,0][1.27936,0.485874,0.151489][0.818066,0.471065,0.329947][0.115004,0.916921,0][1.25782,0.542249,0.141441][0.86282,0.387525,0.324601][0.120777,0.955906,0][1.26046,0.554631,0.15762][0.897632,0.277291,-0.342589][0.111289,0.965064,0][1.25782,0.542249,0.141441][0.86282,0.387525,0.324601][0.120777,0.955906,0][1.26813,0.553677,0.122368][0.860022,0.288097,0.421144][0.135274,0.961957,0][1.27484,0.569785,0.130799][0.820514,0.513661,0.250816][0.135189,0.975091,0][1.27484,0.569785,0.130799][0.820514,0.513661,0.250816][0.135189,0.975091,0][1.26046,0.554631,0.15762][0.897632,0.277291,-0.342589][0.111289,0.965064,0][1.25782,0.542249,0.141441][0.86282,0.387525,0.324601][0.120777,0.955906,0][1.26203,0.591347,0.128547][0.820514,0.513661,0.250816][0.361219,0.777023,0][1.2411,0.599535,0.117908][0.177411,0.917161,0.356848][0.353778,0.762592,0][1.22608,0.595851,0.134844][0.120993,0.906161,0.405256][0.365788,0.753018,0][1.22608,0.595851,0.134844][0.120993,0.906161,0.405256][0.365788,0.753018,0][1.24977,0.583065,0.156361][0.120993,0.906161,0.405256][0.381351,0.769648,0][1.26203,0.591347,0.128547][0.820514,0.513661,0.250816][0.361219,0.777023,0][1.25825,0.603895,0.063426][0.607272,0.697849,0.379773][0.316571,0.773388,0][1.2411,0.599535,0.117908][0.177411,0.917161,0.356848][0.353778,0.762592,0][1.26203,0.591347,0.128547][0.820514,0.513661,0.250816][0.361219,0.777023,0][1.26203,0.591347,0.128547][0.820514,0.513661,0.250816][0.361219,0.777023,0][1.29315,0.572646,0.0650411][0.820514,0.513661,0.250816][0.319538,0.803903,0][1.25825,0.603895,0.063426][0.607272,0.697849,0.379773][0.316571,0.773388,0][1.23839,0.561638,0.174055][0.0385548,0.624013,0.780462][0.092755,0.97478,0][1.22256,0.539198,0.184789][0.564287,0.0642077,0.823078][0.075387,0.963533,0][1.26046,0.554631,0.15762][0.897632,0.277291,-0.342589][0.111289,0.965064,0][1.26046,0.554631,0.15762][0.897632,0.277291,-0.342589][0.111289,0.965064,0][1.262,0.572856,0.162889][0.515418,-0.277911,0.810623][0.107834,0.975804,0][1.23839,0.561638,0.174055][0.0385548,0.624013,0.780462][0.092755,0.97478,0][1.28737,0.484049,0.170999][0.709755,0.666161,-0.22908][0.102083,0.912184,0][1.26046,0.554631,0.15762][0.897632,0.277291,-0.342589][0.111289,0.965064,0][1.22256,0.539198,0.184789][0.564287,0.0642077,0.823078][0.075387,0.963533,0][1.22256,0.539198,0.184789][0.564287,0.0642077,0.823078][0.075387,0.963533,0][1.26894,0.446172,0.186773][-0.222557,-0.0902568,0.970733][0.083312,0.890839,0][1.28737,0.484049,0.170999][0.709755,0.666161,-0.22908][0.102083,0.912184,0][1.26894,0.446172,0.186773][-0.222557,-0.0902568,0.970733][0.083312,0.890839,0][1.30195,0.405263,0.15287][-0.156962,-0.702192,0.694471][0.113237,0.855169,0][1.29249,0.477203,0.167894][0.752627,-0.0383087,0.657332][0.105131,0.906078,0][1.29249,0.477203,0.167894][0.752627,-0.0383087,0.657332][0.105131,0.906078,0][1.28737,0.484049,0.170999][0.709755,0.666161,-0.22908][0.102083,0.912184,0][1.26894,0.446172,0.186773][-0.222557,-0.0902568,0.970733][0.083312,0.890839,0][1.262,0.572856,0.162889][0.515418,-0.277911,0.810623][0.107834,0.975804,0][1.24977,0.583065,0.156361][0.120993,0.906161,0.405256][0.113365,0.986583,0][1.23839,0.561638,0.174055][0.0385548,0.624013,0.780462][0.092755,0.97478,0][1.20536,0.590768,0.152396][0.120993,0.906161,0.405256][0.378569,0.739637,0][1.18328,0.585413,0.163178][0.222038,0.612299,0.758808][0.387099,0.72516,0][1.20097,0.555774,0.181918][0.222038,0.612299,0.758808][0.408937,0.738841,0][1.20097,0.555774,0.181918][0.222038,0.612299,0.758808][0.408937,0.738841,0][1.23839,0.561638,0.174055][0.0385548,0.624013,0.780462][0.400673,0.763391,0][1.20536,0.590768,0.152396][0.120993,0.906161,0.405256][0.378569,0.739637,0][1.13323,0.539814,0.197932][0.0920346,0.544818,0.833488][0.42545,0.69476,0][1.13811,0.517662,0.211873][0.0920346,0.544818,0.833488][0.442639,0.699497,0][1.2117,0.534743,0.192582][0.564287,0.0642077,0.823078][0.42362,0.746925,0][1.2117,0.534743,0.192582][0.564287,0.0642077,0.823078][0.42362,0.746925,0][1.20097,0.555774,0.181918][0.222038,0.612299,0.758808][0.408937,0.738841,0][1.13323,0.539814,0.197932][0.0920346,0.544818,0.833488][0.42545,0.69476,0][1.16101,0.421994,0.214718][0.452881,-0.287303,0.844012][0.502146,0.727044,0][1.24017,0.444978,0.180066][0.564287,0.0642077,0.823078][0.476484,0.782746,0][1.2117,0.534743,0.192582][0.564287,0.0642077,0.823078][0.42362,0.746925,0][1.2117,0.534743,0.192582][0.564287,0.0642077,0.823078][0.42362,0.746925,0][1.13811,0.517662,0.211873][0.0920346,0.544818,0.833488][0.442639,0.699497,0][1.16101,0.421994,0.214718][0.452881,-0.287303,0.844012][0.502146,0.727044,0][1.36186,0.420944,0.059707][0.914012,-0.0165093,0.40535][0.189268,0.855114,0][1.34688,0.394351,0.056352][0.846251,-0.499937,0.184179][0.190127,0.834737,0][1.35094,0.395392,0.0405231][0.846251,-0.499937,0.184179][0.202364,0.835033,0][1.35094,0.395392,0.0405231][0.846251,-0.499937,0.184179][0.202364,0.835033,0][1.37001,0.422495,0.0413931][0.840545,-0.170635,0.514167][0.200962,0.856958,0][1.36186,0.420944,0.059707][0.914012,-0.0165093,0.40535][0.189268,0.855114,0][1.35383,0.420171,0.0748681][0.871493,0.0170743,0.49011][0.178245,0.854453,0][1.344,0.393615,0.0669101][0.892832,-0.395218,0.215993][0.182197,0.834679,0][1.34688,0.394351,0.056352][0.846251,-0.499937,0.184179][0.190127,0.834737,0][1.34688,0.394351,0.056352][0.846251,-0.499937,0.184179][0.190127,0.834737,0][1.36186,0.420944,0.059707][0.914012,-0.0165093,0.40535][0.189268,0.855114,0][1.35383,0.420171,0.0748681][0.871493,0.0170743,0.49011][0.178245,0.854453,0][1.31074,0.385398,0.109957][0.752748,-0.42842,0.499827][0.141784,0.832937,0][1.344,0.393615,0.0669101][0.892832,-0.395218,0.215993][0.182197,0.834679,0][1.35383,0.420171,0.0748681][0.871493,0.0170743,0.49011][0.178245,0.854453,0][1.35383,0.420171,0.0748681][0.871493,0.0170743,0.49011][0.178245,0.854453,0][1.32345,0.412088,0.12917][0.871493,0.0170743,0.49011][0.135045,0.855425,0][1.31074,0.385398,0.109957][0.752748,-0.42842,0.499827][0.141784,0.832937,0][1.28931,0.380151,0.13099][0.616171,-0.631881,0.47017][0.11957,0.830463,0][1.31074,0.385398,0.109957][0.752748,-0.42842,0.499827][0.141784,0.832937,0][1.32345,0.412088,0.12917][0.871493,0.0170743,0.49011][0.135045,0.855425,0][1.32345,0.412088,0.12917][0.871493,0.0170743,0.49011][0.135045,0.855425,0][1.30195,0.405263,0.15287][-0.156962,-0.702192,0.694471][0.113237,0.855169,0][1.28931,0.380151,0.13099][0.616171,-0.631881,0.47017][0.11957,0.830463,0][1.18009,0.355757,0.170523][0.396271,-0.45949,0.794883][0.546048,0.758388,0][1.27174,0.376677,0.136926][0.396271,-0.45949,0.794883][0.522636,0.820823,0][1.27791,0.412047,0.154296][-0.134077,-0.701441,0.700003][0.496337,0.816051,0][1.27791,0.412047,0.154296][-0.134077,-0.701441,0.700003][0.496337,0.816051,0][1.17184,0.379668,0.194499][0.452881,-0.287303,0.844012][0.528472,0.743774,0][1.18009,0.355757,0.170523][0.396271,-0.45949,0.794883][0.546048,0.758388,0][1.12662,0.571747,0.173979][0.0452141,0.605412,0.794627][0.398713,0.688593,0][1.13323,0.539814,0.197932][0.0920346,0.544818,0.833488][0.42545,0.69476,0][1.20097,0.555774,0.181918][0.222038,0.612299,0.758808][0.408937,0.738841,0][1.20097,0.555774,0.181918][0.222038,0.612299,0.758808][0.408937,0.738841,0][1.18328,0.585413,0.163178][0.222038,0.612299,0.758808][0.387099,0.72516,0][1.12662,0.571747,0.173979][0.0452141,0.605412,0.794627][0.398713,0.688593,0][1.27791,0.412047,0.154296][-0.134077,-0.701441,0.700003][0.496337,0.816051,0][1.27174,0.376677,0.136926][0.396271,-0.45949,0.794883][0.522636,0.820823,0][1.28931,0.380151,0.13099][0.616171,-0.631881,0.47017][0.517951,0.832492,0][1.28931,0.380151,0.13099][0.616171,-0.631881,0.47017][0.517951,0.832492,0][1.30195,0.405263,0.15287][-0.156962,-0.702192,0.694471][0.494737,0.832597,0][1.27791,0.412047,0.154296][-0.134077,-0.701441,0.700003][0.496337,0.816051,0][1.20097,0.555774,0.181918][0.222038,0.612299,0.758808][0.408937,0.738841,0][1.2117,0.534743,0.192582][0.564287,0.0642077,0.823078][0.42362,0.746925,0][1.22256,0.539198,0.184789][0.564287,0.0642077,0.823078][0.418146,0.754447,0][1.22256,0.539198,0.184789][0.564287,0.0642077,0.823078][0.418146,0.754447,0][1.23839,0.561638,0.174055][0.0385548,0.624013,0.780462][0.400673,0.763391,0][1.20097,0.555774,0.181918][0.222038,0.612299,0.758808][0.408937,0.738841,0][1.35383,0.420171,0.0748681][0.871493,0.0170743,0.49011][0.178245,0.854453,0][1.36186,0.420944,0.059707][0.914012,-0.0165093,0.40535][0.189268,0.855114,0][1.36165,0.440301,0.0609691][0.676814,0.221751,0.701961][0.187655,0.866488,0][1.18842,0.616088,0.111973][0.233196,0.865078,0.44414][0.348244,0.726377,0][1.17489,0.61278,0.12552][0.233196,0.865078,0.44414][0.357298,0.71765,0][1.20536,0.590768,0.152396][0.120993,0.906161,0.405256][0.378569,0.739637,0][1.20536,0.590768,0.152396][0.120993,0.906161,0.405256][0.378569,0.739637,0][1.22608,0.595851,0.134844][0.120993,0.906161,0.405256][0.365788,0.753018,0][1.18842,0.616088,0.111973][0.233196,0.865078,0.44414][0.348244,0.726377,0][1.19825,0.618501,0.0989181][0.331075,0.926593,0.178368][0.33951,0.732671,0][1.2411,0.599535,0.117908][0.177411,0.917161,0.356848][0.353778,0.762592,0][1.25825,0.603895,0.063426][0.607272,0.697849,0.379773][0.316571,0.773388,0][1.25825,0.603895,0.063426][0.607272,0.697849,0.379773][0.316571,0.773388,0][1.20958,0.621431,0.0570401][0.317426,0.936124,0.151372][0.312258,0.739175,0][1.19825,0.618501,0.0989181][0.331075,0.926593,0.178368][0.33951,0.732671,0][1.21687,0.623254,0.03925][0.305,0.926607,0.219939][0.300437,0.743433,0][1.20958,0.621431,0.0570401][0.317426,0.936124,0.151372][0.312258,0.739175,0][1.25825,0.603895,0.063426][0.607272,0.697849,0.379773][0.316571,0.773388,0][1.25825,0.603895,0.063426][0.607272,0.697849,0.379773][0.316571,0.773388,0][1.26934,0.606673,0.0405881][0.465339,0.707678,0.53165][0.300505,0.779049,0][1.21687,0.623254,0.03925][0.305,0.926607,0.219939][0.300437,0.743433,0][1.19825,0.618501,0.0989181][0.331075,0.926593,0.178368][0.33951,0.732671,0][1.18842,0.616088,0.111973][0.233196,0.865078,0.44414][0.348244,0.726377,0][1.22608,0.595851,0.134844][0.120993,0.906161,0.405256][0.365788,0.753018,0][1.22608,0.595851,0.134844][0.120993,0.906161,0.405256][0.365788,0.753018,0][1.2411,0.599535,0.117908][0.177411,0.917161,0.356848][0.353778,0.762592,0][1.19825,0.618501,0.0989181][0.331075,0.926593,0.178368][0.33951,0.732671,0][1.17489,0.61278,0.12552][0.233196,0.865078,0.44414][0.357298,0.71765,0][1.16049,0.609268,0.133877][0.128463,0.815636,0.564124][0.363037,0.708461,0][1.18328,0.585413,0.163178][0.222038,0.612299,0.758808][0.387099,0.72516,0][1.18328,0.585413,0.163178][0.222038,0.612299,0.758808][0.387099,0.72516,0][1.20536,0.590768,0.152396][0.120993,0.906161,0.405256][0.378569,0.739637,0][1.17489,0.61278,0.12552][0.233196,0.865078,0.44414][0.357298,0.71765,0][1.16049,0.609268,0.133877][0.128463,0.815636,0.564124][0.363037,0.708461,0][1.12364,0.600363,0.14238][-0.0236745,0.739907,0.672293][0.370433,0.684953,0][1.12662,0.571747,0.173979][0.0452141,0.605412,0.794627][0.398713,0.688593,0][1.12662,0.571747,0.173979][0.0452141,0.605412,0.794627][0.398713,0.688593,0][1.18328,0.585413,0.163178][0.222038,0.612299,0.758808][0.387099,0.72516,0][1.16049,0.609268,0.133877][0.128463,0.815636,0.564124][0.363037,0.708461,0][1.18842,0.616088,0.111973][0.233196,0.865078,0.44414][0.348244,0.726377,0][1.13322,0.615516,0.036723][-0.143149,0.984885,0.0975219][0.300671,0.688326,0][1.17489,0.61278,0.12552][0.233196,0.865078,0.44414][0.357298,0.71765,0][1.13322,0.615516,0.036723][-0.143149,0.984885,0.0975219][0.300671,0.688326,0][1.19825,0.618501,0.0989181][0.331075,0.926593,0.178368][0.33951,0.732671,0][1.20958,0.621431,0.0570401][0.317426,0.936124,0.151372][0.312258,0.739175,0][1.21687,0.623254,0.03925][0.305,0.926607,0.219939][0.300437,0.743433,0][1.13322,0.615516,0.036723][-0.143149,0.984885,0.0975219][0.300671,0.688326,0][1.20958,0.621431,0.0570401][0.317426,0.936124,0.151372][0.312258,0.739175,0][1.19825,0.618501,0.0989181][0.331075,0.926593,0.178368][0.33951,0.732671,0][1.13322,0.615516,0.036723][-0.143149,0.984885,0.0975219][0.300671,0.688326,0][1.18842,0.616088,0.111973][0.233196,0.865078,0.44414][0.348244,0.726377,0][1.17489,0.61278,0.12552][0.233196,0.865078,0.44414][0.357298,0.71765,0][1.13322,0.615516,0.036723][-0.143149,0.984885,0.0975219][0.300671,0.688326,0][1.16049,0.609268,0.133877][0.128463,0.815636,0.564124][0.363037,0.708461,0][1.13322,0.615516,0.036723][-0.143149,0.984885,0.0975219][0.300671,0.688326,0][1.12364,0.600363,0.14238][-0.0236745,0.739907,0.672293][0.370433,0.684953,0][1.16049,0.609268,0.133877][0.128463,0.815636,0.564124][0.363037,0.708461,0][1.3674,0.496332,0.0556891][0.216547,0.332945,0.917745][0.196194,0.897666,0][1.37605,0.498471,0.0424471][0.403834,0.824235,0.396931][0.202406,0.896673,0][1.35282,0.510114,0.0419041][0.600761,0.320327,0.732446][0.202251,0.911712,0][1.35282,0.510114,0.0419041][0.600761,0.320327,0.732446][0.202251,0.911712,0][1.33253,0.505141,0.0607211][0.780908,0.27744,0.559651][0.184244,0.91624,0][1.3674,0.496332,0.0556891][0.216547,0.332945,0.917745][0.196194,0.897666,0][1.3674,0.496332,0.0556891][0.216547,0.332945,0.917745][0.196194,0.897666,0][1.36165,0.440301,0.0609691][0.676814,0.221751,0.701961][0.187655,0.866488,0][1.37403,0.443376,0.0417511][0.840545,-0.170635,0.514167][0.201818,0.868263,0][1.37403,0.443376,0.0417511][0.840545,-0.170635,0.514167][0.201818,0.868263,0][1.37605,0.498471,0.0424471][0.403834,0.824235,0.396931][0.202406,0.896673,0][1.3674,0.496332,0.0556891][0.216547,0.332945,0.917745][0.196194,0.897666,0][1.262,0.572856,0.162889][0.515418,-0.277911,0.810623][0.107834,0.975804,0][1.26046,0.554631,0.15762][0.897632,0.277291,-0.342589][0.111289,0.965064,0][1.27484,0.569785,0.130799][0.820514,0.513661,0.250816][0.135189,0.975091,0][1.27484,0.569785,0.130799][0.820514,0.513661,0.250816][0.135189,0.975091,0][1.24977,0.583065,0.156361][0.120993,0.906161,0.405256][0.113365,0.986583,0][1.262,0.572856,0.162889][0.515418,-0.277911,0.810623][0.107834,0.975804,0][1.3143,0.501946,0.00982705][0.726846,0.579103,-0.369236][0.234705,0.919785,0][1.32211,0.49055,0.00732806][0.726846,0.579103,-0.369236][0.235431,0.910719,0][1.30533,0.475431,-0.0494159][0.726846,0.579103,-0.369236][0.27362,0.903178,0][1.30533,0.475431,-0.0494159][0.726846,0.579103,-0.369236][0.27362,0.903178,0][1.29034,0.492302,-0.0517779][0.719235,0.587021,-0.371628][0.276561,0.918224,0][1.3143,0.501946,0.00982705][0.726846,0.579103,-0.369236][0.234705,0.919785,0][1.28011,0.571875,-0.0499799][0.833296,0.518944,-0.190566][0.269192,0.975371,0][1.26717,0.593388,-0.0479799][0.833296,0.518944,-0.190566][0.269047,0.991828,0][1.29455,0.573204,0.0167811][0.833296,0.518944,-0.190566][0.222061,0.97277,0][1.29455,0.573204,0.0167811][0.833296,0.518944,-0.190566][0.222061,0.97277,0][1.31397,0.555138,0.0186041][0.680273,0.714974,-0.161371][0.218716,0.955346,0][1.28011,0.571875,-0.0499799][0.833296,0.518944,-0.190566][0.269192,0.975371,0][1.25656,0.585759,-0.0766449][0.0834779,0.641816,-0.762301][0.220136,0.769662,0][1.24624,0.564753,-0.0954609][0.0834779,0.641816,-0.762301][0.201184,0.763522,0][1.21199,0.593397,-0.0750949][0.0834779,0.641816,-0.762301][0.222928,0.739885,0][1.21199,0.593397,-0.0750949][0.0834779,0.641816,-0.762301][0.222928,0.739885,0][1.23165,0.59806,-0.0562549][0.143743,0.915192,-0.376513][0.235493,0.753168,0][1.25656,0.585759,-0.0766449][0.0834779,0.641816,-0.762301][0.220136,0.769662,0][1.32218,0.467969,-0.0590049][0.923567,0.215336,-0.31726][0.275986,0.889793,0][1.34365,0.490775,0.018975][0.923567,0.215336,-0.31726][0.221589,0.902295,0][1.35581,0.420956,0.00698507][0.923567,0.215336,-0.31726][0.225859,0.854165,0][1.35581,0.420956,0.00698507][0.923567,0.215336,-0.31726][0.225859,0.854165,0][1.32864,0.414149,-0.0491659][0.898488,0.0277505,-0.43812][0.269627,0.853941,0][1.32218,0.467969,-0.0590049][0.923567,0.215336,-0.31726][0.275986,0.889793,0][1.24845,0.448263,-0.104052][0.611458,0.0828917,-0.786923][0.125989,0.782939,0][1.2207,0.538312,-0.116129][0.611458,0.0828917,-0.786923][0.178299,0.747003,0][1.23108,0.542579,-0.107614][0.611458,0.0828917,-0.786923][0.183703,0.754499,0][1.23108,0.542579,-0.107614][0.611458,0.0828917,-0.786923][0.183703,0.754499,0][1.27756,0.449592,-0.109042][-0.165567,-0.0676496,-0.983876][0.133831,0.800994,0][1.24845,0.448263,-0.104052][0.611458,0.0828917,-0.786923][0.125989,0.782939,0][1.29822,0.541628,0.00768107][0.86183,0.328324,-0.386589][0.233761,0.948745,0][1.3143,0.501946,0.00982705][0.726846,0.579103,-0.369236][0.234705,0.919785,0][1.29034,0.492302,-0.0517779][0.719235,0.587021,-0.371628][0.276561,0.918224,0][1.29034,0.492302,-0.0517779][0.719235,0.587021,-0.371628][0.276561,0.918224,0][1.27293,0.555581,-0.0423289][0.882893,0.297197,-0.363558][0.268769,0.96227,0][1.29822,0.541628,0.00768107][0.86183,0.328324,-0.386589][0.233761,0.948745,0][1.31397,0.555138,0.0186041][0.680273,0.714974,-0.161371][0.218716,0.955346,0][1.29455,0.573204,0.0167811][0.833296,0.518944,-0.190566][0.222061,0.97277,0][1.31024,0.579123,0.0414611][0.572622,0.583949,0.575419][0.202081,0.969876,0][1.31024,0.579123,0.0414611][0.572622,0.583949,0.575419][0.202081,0.969876,0][1.32708,0.558816,0.0417171][0.651228,0.546681,0.526348][0.202102,0.952511,0][1.31397,0.555138,0.0186041][0.680273,0.714974,-0.161371][0.218716,0.955346,0][1.32708,0.558816,0.0417171][0.651228,0.546681,0.526348][0.202102,0.952511,0][1.35282,0.510114,0.0419041][0.600761,0.320327,0.732446][0.202251,0.911712,0][1.33366,0.505591,0.0218261][0.642152,0.336746,-0.688653][0.219876,0.916032,0][1.33366,0.505591,0.0218261][0.642152,0.336746,-0.688653][0.219876,0.916032,0][1.31397,0.555138,0.0186041][0.680273,0.714974,-0.161371][0.218716,0.955346,0][1.32708,0.558816,0.0417171][0.651228,0.546681,0.526348][0.202102,0.952511,0][1.36819,0.496644,0.0286761][0.26939,0.353983,-0.895614][0.208607,0.897629,0][1.34365,0.490775,0.018975][0.923567,0.215336,-0.31726][0.221589,0.902295,0][1.33366,0.505591,0.0218261][0.642152,0.336746,-0.688653][0.219876,0.916032,0][1.34365,0.490775,0.018975][0.923567,0.215336,-0.31726][0.221589,0.902295,0][1.36819,0.496644,0.0286761][0.26939,0.353983,-0.895614][0.208607,0.897629,0][1.36279,0.440755,0.0217771][0.349502,0.0814493,-0.933389][0.215831,0.866151,0][1.36279,0.440755,0.0217771][0.349502,0.0814493,-0.933389][0.215831,0.866151,0][1.35581,0.420956,0.00698507][0.923567,0.215336,-0.31726][0.225859,0.854165,0][1.34365,0.490775,0.018975][0.923567,0.215336,-0.31726][0.221589,0.902295,0][1.27756,0.449592,-0.109042][-0.165567,-0.0676496,-0.983876][0.133831,0.800994,0][1.30856,0.407888,-0.0742289][-0.115869,-0.685863,-0.718447][0.107549,0.832626,0][1.28465,0.41472,-0.0768949][-0.115869,-0.685863,-0.718447][0.106136,0.81595,0][1.28465,0.41472,-0.0768949][-0.115869,-0.685863,-0.718447][0.106136,0.81595,0][1.24845,0.448263,-0.104052][0.611458,0.0828917,-0.786923][0.125989,0.782939,0][1.27756,0.449592,-0.109042][-0.165567,-0.0676496,-0.983876][0.133831,0.800994,0][1.18112,0.38335,-0.123944][0.501466,-0.268059,-0.822603][0.073738,0.74385,0][1.17146,0.426138,-0.143776][0.501466,-0.268059,-0.822603][0.100123,0.727108,0][1.24845,0.448263,-0.104052][0.611458,0.0828917,-0.786923][0.125989,0.782939,0][1.24845,0.448263,-0.104052][0.611458,0.0828917,-0.786923][0.125989,0.782939,0][1.28465,0.41472,-0.0768949][-0.115869,-0.685863,-0.718447][0.106136,0.81595,0][1.18112,0.38335,-0.123944][0.501466,-0.268059,-0.822603][0.073738,0.74385,0][1.26934,0.606673,0.0405881][0.465339,0.707678,0.53165][0.300505,0.779049,0][1.31024,0.579123,0.0414611][0.572622,0.583949,0.575419][0.300461,0.810835,0][1.29455,0.573204,0.0167811][0.833296,0.518944,-0.190566][0.281587,0.803895,0][1.29455,0.573204,0.0167811][0.833296,0.518944,-0.190566][0.281587,0.803895,0][1.2596,0.604431,0.017083][0.627944,0.705975,-0.327545][0.284571,0.773332,0][1.26934,0.606673,0.0405881][0.465339,0.707678,0.53165][0.300505,0.779049,0][1.36279,0.440755,0.0217771][0.349502,0.0814493,-0.933389][0.215831,0.866151,0][1.37403,0.443376,0.0417511][0.840545,-0.170635,0.514167][0.201818,0.868263,0][1.37001,0.422495,0.0413931][0.840545,-0.170635,0.514167][0.200962,0.856958,0][1.37001,0.422495,0.0413931][0.840545,-0.170635,0.514167][0.200962,0.856958,0][1.36294,0.421373,0.0226011][0.936075,-0.0077101,-0.351717][0.213893,0.854941,0][1.36279,0.440755,0.0217771][0.349502,0.0814493,-0.933389][0.215831,0.866151,0][1.32218,0.467969,-0.0590049][0.923567,0.215336,-0.31726][0.275986,0.889793,0][1.32864,0.414149,-0.0491659][0.898488,0.0277505,-0.43812][0.269627,0.853941,0][1.30856,0.407888,-0.0742289][-0.115869,-0.685863,-0.718447][0.292381,0.853006,0][1.30856,0.407888,-0.0742289][-0.115869,-0.685863,-0.718447][0.292381,0.853006,0][1.29995,0.480163,-0.0881119][0.789697,-0.0236808,-0.61304][0.299834,0.904714,0][1.32218,0.467969,-0.0590049][0.923567,0.215336,-0.31726][0.275986,0.889793,0][1.28588,0.488461,-0.0723039][0.73743,0.616629,-0.27562][0.289656,0.916963,0][1.29034,0.492302,-0.0517779][0.719235,0.587021,-0.371628][0.276561,0.918224,0][1.30533,0.475431,-0.0494159][0.726846,0.579103,-0.369236][0.27362,0.903178,0][1.30533,0.475431,-0.0494159][0.726846,0.579103,-0.369236][0.27362,0.903178,0][1.28865,0.484712,-0.0703739][0.803137,0.342424,-0.487561][0.288395,0.913647,0][1.28588,0.488461,-0.0723039][0.73743,0.616629,-0.27562][0.289656,0.916963,0][1.29034,0.492302,-0.0517779][0.719235,0.587021,-0.371628][0.276561,0.918224,0][1.28588,0.488461,-0.0723039][0.73743,0.616629,-0.27562][0.289656,0.916963,0][1.26376,0.544604,-0.0622299][0.879973,0.39425,-0.26498][0.28406,0.956067,0][1.26376,0.544604,-0.0622299][0.879973,0.39425,-0.26498][0.28406,0.956067,0][1.27293,0.555581,-0.0423289][0.882893,0.297197,-0.363558][0.268769,0.96227,0][1.29034,0.492302,-0.0517779][0.719235,0.587021,-0.371628][0.276561,0.918224,0][1.28011,0.571875,-0.0499799][0.833296,0.518944,-0.190566][0.269192,0.975371,0][1.25656,0.585759,-0.0766449][0.0834779,0.641816,-0.762301][0.291875,0.98646,0][1.26717,0.593388,-0.0479799][0.833296,0.518944,-0.190566][0.269047,0.991828,0][1.32211,0.49055,0.00732806][0.726846,0.579103,-0.369236][0.235431,0.910719,0][1.34365,0.490775,0.018975][0.923567,0.215336,-0.31726][0.221589,0.902295,0][1.32218,0.467969,-0.0590049][0.923567,0.215336,-0.31726][0.275986,0.889793,0][1.32218,0.467969,-0.0590049][0.923567,0.215336,-0.31726][0.275986,0.889793,0][1.30533,0.475431,-0.0494159][0.726846,0.579103,-0.369236][0.27362,0.903178,0][1.32211,0.49055,0.00732806][0.726846,0.579103,-0.369236][0.235431,0.910719,0][1.33366,0.505591,0.0218261][0.642152,0.336746,-0.688653][0.219876,0.916032,0][1.34365,0.490775,0.018975][0.923567,0.215336,-0.31726][0.221589,0.902295,0][1.32211,0.49055,0.00732806][0.726846,0.579103,-0.369236][0.235431,0.910719,0][1.32211,0.49055,0.00732806][0.726846,0.579103,-0.369236][0.235431,0.910719,0][1.3143,0.501946,0.00982705][0.726846,0.579103,-0.369236][0.234705,0.919785,0][1.33366,0.505591,0.0218261][0.642152,0.336746,-0.688653][0.219876,0.916032,0][1.33366,0.505591,0.0218261][0.642152,0.336746,-0.688653][0.219876,0.916032,0][1.3143,0.501946,0.00982705][0.726846,0.579103,-0.369236][0.234705,0.919785,0][1.29822,0.541628,0.00768107][0.86183,0.328324,-0.386589][0.233761,0.948745,0][1.29822,0.541628,0.00768107][0.86183,0.328324,-0.386589][0.233761,0.948745,0][1.31397,0.555138,0.0186041][0.680273,0.714974,-0.161371][0.218716,0.955346,0][1.33366,0.505591,0.0218261][0.642152,0.336746,-0.688653][0.219876,0.916032,0][1.29822,0.541628,0.00768107][0.86183,0.328324,-0.386589][0.233761,0.948745,0][1.27293,0.555581,-0.0423289][0.882893,0.297197,-0.363558][0.268769,0.96227,0][1.28011,0.571875,-0.0499799][0.833296,0.518944,-0.190566][0.269192,0.975371,0][1.28011,0.571875,-0.0499799][0.833296,0.518944,-0.190566][0.269192,0.975371,0][1.31397,0.555138,0.0186041][0.680273,0.714974,-0.161371][0.218716,0.955346,0][1.29822,0.541628,0.00768107][0.86183,0.328324,-0.386589][0.233761,0.948745,0][1.29995,0.480163,-0.0881119][0.789697,-0.0236808,-0.61304][0.299834,0.904714,0][1.28865,0.484712,-0.0703739][0.803137,0.342424,-0.487561][0.288395,0.913647,0][1.30533,0.475431,-0.0494159][0.726846,0.579103,-0.369236][0.27362,0.903178,0][1.30533,0.475431,-0.0494159][0.726846,0.579103,-0.369236][0.27362,0.903178,0][1.32218,0.467969,-0.0590049][0.923567,0.215336,-0.31726][0.275986,0.889793,0][1.29995,0.480163,-0.0881119][0.789697,-0.0236808,-0.61304][0.299834,0.904714,0][1.29501,0.487081,-0.0913519][0.694821,0.660213,0.285206][0.303226,0.910814,0][1.28588,0.488461,-0.0723039][0.73743,0.616629,-0.27562][0.289656,0.916963,0][1.28865,0.484712,-0.0703739][0.803137,0.342424,-0.487561][0.288395,0.913647,0][1.28865,0.484712,-0.0703739][0.803137,0.342424,-0.487561][0.288395,0.913647,0][1.29995,0.480163,-0.0881119][0.789697,-0.0236808,-0.61304][0.299834,0.904714,0][1.29501,0.487081,-0.0913519][0.694821,0.660213,0.285206][0.303226,0.910814,0][1.28588,0.488461,-0.0723039][0.73743,0.616629,-0.27562][0.289656,0.916963,0][1.29501,0.487081,-0.0913519][0.694821,0.660213,0.285206][0.303226,0.910814,0][1.26733,0.557354,-0.0779369][0.87606,0.268627,0.400447][0.29421,0.965242,0][1.26733,0.557354,-0.0779369][0.87606,0.268627,0.400447][0.29421,0.965242,0][1.26376,0.544604,-0.0622299][0.879973,0.39425,-0.26498][0.28406,0.956067,0][1.28588,0.488461,-0.0723039][0.73743,0.616629,-0.27562][0.289656,0.916963,0][1.28011,0.571875,-0.0499799][0.833296,0.518944,-0.190566][0.269192,0.975371,0][1.27293,0.555581,-0.0423289][0.882893,0.297197,-0.363558][0.268769,0.96227,0][1.26376,0.544604,-0.0622299][0.879973,0.39425,-0.26498][0.28406,0.956067,0][1.26376,0.544604,-0.0622299][0.879973,0.39425,-0.26498][0.28406,0.956067,0][1.26733,0.557354,-0.0779369][0.87606,0.268627,0.400447][0.29421,0.965242,0][1.28011,0.571875,-0.0499799][0.833296,0.518944,-0.190566][0.269192,0.975371,0][1.26717,0.593388,-0.0479799][0.833296,0.518944,-0.190566][0.239944,0.776944,0][1.25656,0.585759,-0.0766449][0.0834779,0.641816,-0.762301][0.220136,0.769662,0][1.23165,0.59806,-0.0562549][0.143743,0.915192,-0.376513][0.235493,0.753168,0][1.23165,0.59806,-0.0562549][0.143743,0.915192,-0.376513][0.235493,0.753168,0][1.24566,0.601342,-0.0383919][0.197312,0.925004,-0.324708][0.247402,0.762505,0][1.26717,0.593388,-0.0479799][0.833296,0.518944,-0.190566][0.239944,0.776944,0][1.2596,0.604431,0.017083][0.627944,0.705975,-0.327545][0.284571,0.773332,0][1.29455,0.573204,0.0167811][0.833296,0.518944,-0.190566][0.281587,0.803895,0][1.26717,0.593388,-0.0479799][0.833296,0.518944,-0.190566][0.239944,0.776944,0][1.26717,0.593388,-0.0479799][0.833296,0.518944,-0.190566][0.239944,0.776944,0][1.24566,0.601342,-0.0383919][0.197312,0.925004,-0.324708][0.247402,0.762505,0][1.2596,0.604431,0.017083][0.627944,0.705975,-0.327545][0.284571,0.773332,0][1.26733,0.557354,-0.0779369][0.87606,0.268627,0.400447][0.29421,0.965242,0][1.23108,0.542579,-0.107614][0.611458,0.0828917,-0.786923][0.329085,0.96304,0][1.24624,0.564753,-0.0954609][0.0834779,0.641816,-0.762301][0.31254,0.974738,0][1.24624,0.564753,-0.0954609][0.0834779,0.641816,-0.762301][0.31254,0.974738,0][1.26916,0.575695,-0.0826839][0.56176,-0.259376,-0.785589][0.297564,0.976024,0][1.26733,0.557354,-0.0779369][0.87606,0.268627,0.400447][0.29421,0.965242,0][1.23108,0.542579,-0.107614][0.611458,0.0828917,-0.786923][0.329085,0.96304,0][1.26733,0.557354,-0.0779369][0.87606,0.268627,0.400447][0.29421,0.965242,0][1.29501,0.487081,-0.0913519][0.694821,0.660213,0.285206][0.303226,0.910814,0][1.29501,0.487081,-0.0913519][0.694821,0.660213,0.285206][0.303226,0.910814,0][1.27756,0.449592,-0.109042][-0.165567,-0.0676496,-0.983876][0.322871,0.889181,0][1.23108,0.542579,-0.107614][0.611458,0.0828917,-0.786923][0.329085,0.96304,0][1.29995,0.480163,-0.0881119][0.789697,-0.0236808,-0.61304][0.299834,0.904714,0][1.30856,0.407888,-0.0742289][-0.115869,-0.685863,-0.718447][0.292381,0.853006,0][1.27756,0.449592,-0.109042][-0.165567,-0.0676496,-0.983876][0.322871,0.889181,0][1.27756,0.449592,-0.109042][-0.165567,-0.0676496,-0.983876][0.322871,0.889181,0][1.29501,0.487081,-0.0913519][0.694821,0.660213,0.285206][0.303226,0.910814,0][1.29995,0.480163,-0.0881119][0.789697,-0.0236808,-0.61304][0.299834,0.904714,0][1.26916,0.575695,-0.0826839][0.56176,-0.259376,-0.785589][0.297564,0.976024,0][1.24624,0.564753,-0.0954609][0.0834779,0.641816,-0.762301][0.31254,0.974738,0][1.25656,0.585759,-0.0766449][0.0834779,0.641816,-0.762301][0.291875,0.98646,0][1.21199,0.593397,-0.0750949][0.0834779,0.641816,-0.762301][0.222928,0.739885,0][1.24624,0.564753,-0.0954609][0.0834779,0.641816,-0.762301][0.201184,0.763522,0][1.20935,0.559098,-0.105623][0.105071,0.656646,-0.746844][0.192853,0.739015,0][1.20935,0.559098,-0.105623][0.105071,0.656646,-0.746844][0.192853,0.739015,0][1.19058,0.588308,-0.0872649][0.265455,0.629517,-0.730234][0.214671,0.725025,0][1.21199,0.593397,-0.0750949][0.0834779,0.641816,-0.762301][0.222928,0.739885,0][1.2207,0.538312,-0.116129][0.611458,0.0828917,-0.786923][0.178299,0.747003,0][1.14836,0.521731,-0.14006][0.140019,0.563843,-0.813926][0.159628,0.699938,0][1.14267,0.543557,-0.125919][0.140019,0.563843,-0.813926][0.17658,0.695196,0][1.14267,0.543557,-0.125919][0.140019,0.563843,-0.813926][0.17658,0.695196,0][1.20935,0.559098,-0.105623][0.105071,0.656646,-0.746844][0.192853,0.739015,0][1.2207,0.538312,-0.116129][0.611458,0.0828917,-0.786923][0.178299,0.747003,0][1.17146,0.426138,-0.143776][0.501466,-0.268059,-0.822603][0.100123,0.727108,0][1.14836,0.521731,-0.14006][0.140019,0.563843,-0.813926][0.159628,0.699938,0][1.2207,0.538312,-0.116129][0.611458,0.0828917,-0.786923][0.178299,0.747003,0][1.2207,0.538312,-0.116129][0.611458,0.0828917,-0.786923][0.178299,0.747003,0][1.24845,0.448263,-0.104052][0.611458,0.0828917,-0.786923][0.125989,0.782939,0][1.17146,0.426138,-0.143776][0.501466,-0.268059,-0.822603][0.100123,0.727108,0][1.36294,0.421373,0.0226011][0.936075,-0.0077101,-0.351717][0.213893,0.854941,0][1.37001,0.422495,0.0413931][0.840545,-0.170635,0.514167][0.200962,0.856958,0][1.35094,0.395392,0.0405231][0.846251,-0.499937,0.184179][0.202364,0.835033,0][1.35094,0.395392,0.0405231][0.846251,-0.499937,0.184179][0.202364,0.835033,0][1.34781,0.39472,0.0244631][0.85591,-0.496072,-0.146053][0.214579,0.834705,0][1.36294,0.421373,0.0226011][0.936075,-0.0077101,-0.351717][0.213893,0.854941,0][1.35581,0.420956,0.00698507][0.923567,0.215336,-0.31726][0.225859,0.854165,0][1.36294,0.421373,0.0226011][0.936075,-0.0077101,-0.351717][0.213893,0.854941,0][1.34781,0.39472,0.0244631][0.85591,-0.496072,-0.146053][0.214579,0.834705,0][1.34781,0.39472,0.0244631][0.85591,-0.496072,-0.146053][0.214579,0.834705,0][1.34555,0.394229,0.0137421][0.904149,-0.390752,-0.172707][0.222462,0.834618,0][1.35581,0.420956,0.00698507][0.923567,0.215336,-0.31726][0.225859,0.854165,0][1.35581,0.420956,0.00698507][0.923567,0.215336,-0.31726][0.225859,0.854165,0][1.34555,0.394229,0.0137421][0.904149,-0.390752,-0.172707][0.222462,0.834618,0][1.31486,0.387031,-0.0313479][0.78087,-0.417292,-0.464875][0.26268,0.831795,0][1.31486,0.387031,-0.0313479][0.78087,-0.417292,-0.464875][0.26268,0.831795,0][1.32864,0.414149,-0.0491659][0.898488,0.0277505,-0.43812][0.269627,0.853941,0][1.35581,0.420956,0.00698507][0.923567,0.215336,-0.31726][0.225859,0.854165,0][1.32864,0.414149,-0.0491659][0.898488,0.0277505,-0.43812][0.269627,0.853941,0][1.31486,0.387031,-0.0313479][0.78087,-0.417292,-0.464875][0.26268,0.831795,0][1.29469,0.382286,-0.0537079][0.642921,-0.621149,-0.448137][0.284654,0.829008,0][1.29469,0.382286,-0.0537079][0.642921,-0.621149,-0.448137][0.284654,0.829008,0][1.30856,0.407888,-0.0742289][-0.115869,-0.685863,-0.718447][0.292381,0.853006,0][1.32864,0.414149,-0.0491659][0.898488,0.0277505,-0.43812][0.269627,0.853941,0][1.28465,0.41472,-0.0768949][-0.115869,-0.685863,-0.718447][0.106136,0.81595,0][1.2775,0.378962,-0.060735][0.442171,-0.441304,-0.780856][0.079917,0.820875,0][1.18797,0.358885,-0.100086][0.442171,-0.441304,-0.780856][0.055951,0.758549,0][1.18797,0.358885,-0.100086][0.442171,-0.441304,-0.780856][0.055951,0.758549,0][1.18112,0.38335,-0.123944][0.501466,-0.268059,-0.822603][0.073738,0.74385,0][1.28465,0.41472,-0.0768949][-0.115869,-0.685863,-0.718447][0.106136,0.81595,0][1.20935,0.559098,-0.105623][0.105071,0.656646,-0.746844][0.192853,0.739015,0][1.14267,0.543557,-0.125919][0.140019,0.563843,-0.813926][0.17658,0.695196,0][1.13465,0.574933,-0.10166][0.090996,0.623582,-0.776444][0.202787,0.68888,0][1.13465,0.574933,-0.10166][0.090996,0.623582,-0.776444][0.202787,0.68888,0][1.19058,0.588308,-0.0872649][0.265455,0.629517,-0.730234][0.214671,0.725025,0][1.20935,0.559098,-0.105623][0.105071,0.656646,-0.746844][0.192853,0.739015,0][1.28465,0.41472,-0.0768949][-0.115869,-0.685863,-0.718447][0.106136,0.81595,0][1.30856,0.407888,-0.0742289][-0.115869,-0.685863,-0.718447][0.107549,0.832626,0][1.29469,0.382286,-0.0537079][0.642921,-0.621149,-0.448137][0.084398,0.832538,0][1.29469,0.382286,-0.0537079][0.642921,-0.621149,-0.448137][0.084398,0.832538,0][1.2775,0.378962,-0.060735][0.442171,-0.441304,-0.780856][0.079917,0.820875,0][1.28465,0.41472,-0.0768949][-0.115869,-0.685863,-0.718447][0.106136,0.81595,0][1.20935,0.559098,-0.105623][0.105071,0.656646,-0.746844][0.192853,0.739015,0][1.24624,0.564753,-0.0954609][0.0834779,0.641816,-0.762301][0.201184,0.763522,0][1.23108,0.542579,-0.107614][0.611458,0.0828917,-0.786923][0.183703,0.754499,0][1.23108,0.542579,-0.107614][0.611458,0.0828917,-0.786923][0.183703,0.754499,0][1.2207,0.538312,-0.116129][0.611458,0.0828917,-0.786923][0.178299,0.747003,0][1.20935,0.559098,-0.105623][0.105071,0.656646,-0.746844][0.192853,0.739015,0][1.35581,0.420956,0.00698507][0.923567,0.215336,-0.31726][0.225859,0.854165,0][1.36279,0.440755,0.0217771][0.349502,0.0814493,-0.933389][0.215831,0.866151,0][1.36294,0.421373,0.0226011][0.936075,-0.0077101,-0.351717][0.213893,0.854941,0][1.21199,0.593397,-0.0750949][0.0834779,0.641816,-0.762301][0.222928,0.739885,0][1.17999,0.614804,-0.0495379][0.258059,0.874936,-0.409746][0.244003,0.717894,0][1.19271,0.617789,-0.0351529][0.258059,0.874936,-0.409746][0.253043,0.726578,0][1.19271,0.617789,-0.0351529][0.258059,0.874936,-0.409746][0.253043,0.726578,0][1.23165,0.59806,-0.0562549][0.143743,0.915192,-0.376513][0.235493,0.753168,0][1.21199,0.593397,-0.0750949][0.0834779,0.641816,-0.762301][0.222928,0.739885,0][1.2596,0.604431,0.017083][0.627944,0.705975,-0.327545][0.284571,0.773332,0][1.24566,0.601342,-0.0383919][0.197312,0.925004,-0.324708][0.247402,0.762505,0][1.20176,0.619893,-0.0214969][0.340261,0.930253,-0.137301][0.261672,0.732816,0][1.20176,0.619893,-0.0214969][0.340261,0.930253,-0.137301][0.261672,0.732816,0][1.21063,0.621847,0.0210271][0.325071,0.939157,-0.11096][0.288659,0.739145,0][1.2596,0.604431,0.017083][0.627944,0.705975,-0.327545][0.284571,0.773332,0][1.2596,0.604431,0.017083][0.627944,0.705975,-0.327545][0.284571,0.773332,0][1.21063,0.621847,0.0210271][0.325071,0.939157,-0.11096][0.288659,0.739145,0][1.21687,0.623254,0.03925][0.305,0.926607,0.219939][0.300437,0.743433,0][1.21687,0.623254,0.03925][0.305,0.926607,0.219939][0.300437,0.743433,0][1.26934,0.606673,0.0405881][0.465339,0.707678,0.53165][0.300505,0.779049,0][1.2596,0.604431,0.017083][0.627944,0.705975,-0.327545][0.284571,0.773332,0][1.23165,0.59806,-0.0562549][0.143743,0.915192,-0.376513][0.235493,0.753168,0][1.19271,0.617789,-0.0351529][0.258059,0.874936,-0.409746][0.253043,0.726578,0][1.20176,0.619893,-0.0214969][0.340261,0.930253,-0.137301][0.261672,0.732816,0][1.20176,0.619893,-0.0214969][0.340261,0.930253,-0.137301][0.261672,0.732816,0][1.24566,0.601342,-0.0383919][0.197312,0.925004,-0.324708][0.247402,0.762505,0][1.23165,0.59806,-0.0562549][0.143743,0.915192,-0.376513][0.235493,0.753168,0][1.19058,0.588308,-0.0872649][0.265455,0.629517,-0.730234][0.214671,0.725025,0][1.1661,0.611495,-0.0587989][0.160505,0.82836,-0.53671][0.238207,0.708702,0][1.17999,0.614804,-0.0495379][0.258059,0.874936,-0.409746][0.244003,0.717894,0][1.17999,0.614804,-0.0495379][0.258059,0.874936,-0.409746][0.244003,0.717894,0][1.21199,0.593397,-0.0750949][0.0834779,0.641816,-0.762301][0.222928,0.739885,0][1.19058,0.588308,-0.0872649][0.265455,0.629517,-0.730234][0.214671,0.725025,0][1.1661,0.611495,-0.0587989][0.160505,0.82836,-0.53671][0.238207,0.708702,0][1.19058,0.588308,-0.0872649][0.265455,0.629517,-0.730234][0.214671,0.725025,0][1.13465,0.574933,-0.10166][0.090996,0.623582,-0.776444][0.202787,0.68888,0][1.13465,0.574933,-0.10166][0.090996,0.623582,-0.776444][0.202787,0.68888,0][1.12982,0.602814,-0.0696359][0.0150208,0.755244,-0.655272][0.23103,0.685131,0][1.1661,0.611495,-0.0587989][0.160505,0.82836,-0.53671][0.238207,0.708702,0][1.19271,0.617789,-0.0351529][0.258059,0.874936,-0.409746][0.253043,0.726578,0][1.17999,0.614804,-0.0495379][0.258059,0.874936,-0.409746][0.244003,0.717894,0][1.13322,0.615516,0.036723][-0.143149,0.984885,0.0975219][0.300671,0.688326,0][1.13322,0.615516,0.036723][-0.143149,0.984885,0.0975219][0.300671,0.688326,0][1.21063,0.621847,0.0210271][0.325071,0.939157,-0.11096][0.288659,0.739145,0][1.20176,0.619893,-0.0214969][0.340261,0.930253,-0.137301][0.261672,0.732816,0][1.21687,0.623254,0.03925][0.305,0.926607,0.219939][0.300437,0.743433,0][1.21063,0.621847,0.0210271][0.325071,0.939157,-0.11096][0.288659,0.739145,0][1.13322,0.615516,0.036723][-0.143149,0.984885,0.0975219][0.300671,0.688326,0][1.20176,0.619893,-0.0214969][0.340261,0.930253,-0.137301][0.261672,0.732816,0][1.19271,0.617789,-0.0351529][0.258059,0.874936,-0.409746][0.253043,0.726578,0][1.13322,0.615516,0.036723][-0.143149,0.984885,0.0975219][0.300671,0.688326,0][1.17999,0.614804,-0.0495379][0.258059,0.874936,-0.409746][0.244003,0.717894,0][1.1661,0.611495,-0.0587989][0.160505,0.82836,-0.53671][0.238207,0.708702,0][1.13322,0.615516,0.036723][-0.143149,0.984885,0.0975219][0.300671,0.688326,0][1.13322,0.615516,0.036723][-0.143149,0.984885,0.0975219][0.300671,0.688326,0][1.1661,0.611495,-0.0587989][0.160505,0.82836,-0.53671][0.238207,0.708702,0][1.12982,0.602814,-0.0696359][0.0150208,0.755244,-0.655272][0.23103,0.685131,0][1.36819,0.496644,0.0286761][0.26939,0.353983,-0.895614][0.208607,0.897629,0][1.33366,0.505591,0.0218261][0.642152,0.336746,-0.688653][0.219876,0.916032,0][1.35282,0.510114,0.0419041][0.600761,0.320327,0.732446][0.202251,0.911712,0][1.35282,0.510114,0.0419041][0.600761,0.320327,0.732446][0.202251,0.911712,0][1.37605,0.498471,0.0424471][0.403834,0.824235,0.396931][0.202406,0.896673,0][1.36819,0.496644,0.0286761][0.26939,0.353983,-0.895614][0.208607,0.897629,0][1.36819,0.496644,0.0286761][0.26939,0.353983,-0.895614][0.208607,0.897629,0][1.37605,0.498471,0.0424471][0.403834,0.824235,0.396931][0.202406,0.896673,0][1.37403,0.443376,0.0417511][0.840545,-0.170635,0.514167][0.201818,0.868263,0][1.37403,0.443376,0.0417511][0.840545,-0.170635,0.514167][0.201818,0.868263,0][1.36279,0.440755,0.0217771][0.349502,0.0814493,-0.933389][0.215831,0.866151,0][1.36819,0.496644,0.0286761][0.26939,0.353983,-0.895614][0.208607,0.897629,0][1.26916,0.575695,-0.0826839][0.56176,-0.259376,-0.785589][0.297564,0.976024,0][1.25656,0.585759,-0.0766449][0.0834779,0.641816,-0.762301][0.291875,0.98646,0][1.28011,0.571875,-0.0499799][0.833296,0.518944,-0.190566][0.269192,0.975371,0][1.28011,0.571875,-0.0499799][0.833296,0.518944,-0.190566][0.269192,0.975371,0][1.26733,0.557354,-0.0779369][0.87606,0.268627,0.400447][0.29421,0.965242,0][1.26916,0.575695,-0.0826839][0.56176,-0.259376,-0.785589][0.297564,0.976024,0][1.35094,0.395392,0.0405231][0.846251,-0.499937,0.184179][0.202364,0.835033,0][1.34688,0.394351,0.056352][0.846251,-0.499937,0.184179][0.190127,0.834737,0][1.36649,0.338687,0.056352][0.911989,0.321288,0.255049][0.190838,0.795621,0][1.36649,0.338687,0.056352][0.911989,0.321288,0.255049][0.190838,0.795621,0][1.37055,0.339728,0.0405231][0.911989,0.321288,0.255049][0.202109,0.795418,0][1.35094,0.395392,0.0405231][0.846251,-0.499937,0.184179][0.202364,0.835033,0][1.34688,0.394351,0.056352][0.846251,-0.499937,0.184179][0.190127,0.834737,0][1.344,0.393615,0.0669101][0.892832,-0.395218,0.215993][0.182197,0.834679,0][1.36361,0.337951,0.0669101][0.908146,0.319934,0.270024][0.182866,0.795642,0][1.36361,0.337951,0.0669101][0.908146,0.319934,0.270024][0.182866,0.795642,0][1.36649,0.338687,0.056352][0.911989,0.321288,0.255049][0.190838,0.795621,0][1.34688,0.394351,0.056352][0.846251,-0.499937,0.184179][0.190127,0.834737,0][1.344,0.393615,0.0669101][0.892832,-0.395218,0.215993][0.182197,0.834679,0][1.31074,0.385398,0.109957][0.752748,-0.42842,0.499827][0.141784,0.832937,0][1.33036,0.329734,0.109957][0.73928,0.260576,0.620939][0.145304,0.794349,0][1.33036,0.329734,0.109957][0.73928,0.260576,0.620939][0.145304,0.794349,0][1.36361,0.337951,0.0669101][0.908146,0.319934,0.270024][0.182866,0.795642,0][1.344,0.393615,0.0669101][0.892832,-0.395218,0.215993][0.182197,0.834679,0][1.35094,0.395392,0.0405231][0.846251,-0.499937,0.184179][0.202364,0.835033,0][1.37055,0.339728,0.0405231][0.911989,0.321288,0.255049][0.202109,0.795418,0][1.36742,0.339056,0.0244641][0.925266,0.325965,-0.193985][0.213513,0.795557,0][1.36742,0.339056,0.0244641][0.925266,0.325965,-0.193985][0.213513,0.795557,0][1.34781,0.39472,0.0244631][0.85591,-0.496072,-0.146053][0.214579,0.834705,0][1.35094,0.395392,0.0405231][0.846251,-0.499937,0.184179][0.202364,0.835033,0][1.34781,0.39472,0.0244631][0.85591,-0.496072,-0.146053][0.214579,0.834705,0][1.36742,0.339056,0.0244641][0.925266,0.325965,-0.193985][0.213513,0.795557,0][1.36516,0.338565,0.0137421][0.922298,0.324913,-0.20928][0.221301,0.795514,0][1.36516,0.338565,0.0137421][0.922298,0.324913,-0.20928][0.221301,0.795514,0][1.34555,0.394229,0.0137421][0.904149,-0.390752,-0.172707][0.222462,0.834618,0][1.34781,0.39472,0.0244631][0.85591,-0.496072,-0.146053][0.214579,0.834705,0][1.34555,0.394229,0.0137421][0.904149,-0.390752,-0.172707][0.222462,0.834618,0][1.36516,0.338565,0.0137421][0.922298,0.324913,-0.20928][0.221301,0.795514,0][1.33448,0.331367,-0.031348][0.774573,0.272877,-0.570592][0.258969,0.794105,0][1.33448,0.331367,-0.031348][0.774573,0.272877,-0.570592][0.258969,0.794105,0][1.31486,0.387031,-0.0313479][0.78087,-0.417292,-0.464875][0.26268,0.831795,0][1.34555,0.394229,0.0137421][0.904149,-0.390752,-0.172707][0.222462,0.834618,0][1.36649,0.338687,0.056352][0.911989,0.321288,0.255049][0.445932,0.833683,0][1.22107,0.338687,0.0639881][-0.00349292,-0.997779,-0.066519][0.450307,0.930002,0][1.22513,0.339728,0.04816][-0.00349292,-0.997779,-0.066519][0.439823,0.927244,0][1.22513,0.339728,0.04816][-0.00349292,-0.997779,-0.066519][0.439823,0.927244,0][1.37055,0.339728,0.0405231][0.911989,0.321288,0.255049][0.435447,0.830923,0][1.36649,0.338687,0.056352][0.911989,0.321288,0.255049][0.445932,0.833683,0][1.36361,0.337951,0.0669101][0.908146,0.319934,0.270024][0.452927,0.835638,0][1.21819,0.337951,0.0745461][-0.00370439,-0.997502,-0.0705463][0.457301,0.931957,0][1.22107,0.338687,0.0639881][-0.00349292,-0.997779,-0.066519][0.450307,0.930002,0][1.22107,0.338687,0.0639881][-0.00349292,-0.997779,-0.066519][0.450307,0.930002,0][1.36649,0.338687,0.056352][0.911989,0.321288,0.255049][0.445932,0.833683,0][1.36361,0.337951,0.0669101][0.908146,0.319934,0.270024][0.452927,0.835638,0][1.31074,0.385398,0.109957][0.752748,-0.42842,0.499827][0.519222,0.869118,0][1.16532,0.385398,0.117594][0.0524356,0.018482,0.998453][0.523597,0.965439,0][1.18494,0.329734,0.117594][0.0524356,0.018482,0.998453][0.486183,0.954155,0][1.18494,0.329734,0.117594][0.0524356,0.018482,0.998453][0.486183,0.954155,0][1.33036,0.329734,0.109957][0.73928,0.260576,0.620939][0.481808,0.857834,0][1.31074,0.385398,0.109957][0.752748,-0.42842,0.499827][0.519222,0.869118,0][1.33036,0.329734,0.109957][0.73928,0.260576,0.620939][0.481808,0.857834,0][1.18494,0.329734,0.117594][0.0524356,0.018482,0.998453][0.486183,0.954155,0][1.21819,0.337951,0.0745461][-0.00370439,-0.997502,-0.0705463][0.457301,0.931957,0][1.21819,0.337951,0.0745461][-0.00370439,-0.997502,-0.0705463][0.457301,0.931957,0][1.36361,0.337951,0.0669101][0.908146,0.319934,0.270024][0.452927,0.835638,0][1.33036,0.329734,0.109957][0.73928,0.260576,0.620939][0.481808,0.857834,0][1.36742,0.339056,0.0244641][0.925266,0.325965,-0.193985][0.424791,0.832918,0][1.37055,0.339728,0.0405231][0.911989,0.321288,0.255049][0.435447,0.830923,0][1.22513,0.339728,0.04816][-0.00349292,-0.997779,-0.066519][0.439823,0.927244,0][1.22513,0.339728,0.04816][-0.00349292,-0.997779,-0.066519][0.439823,0.927244,0][1.222,0.339056,0.0321001][0.00217299,-0.999141,0.0413826][0.429165,0.929239,0][1.36742,0.339056,0.0244641][0.925266,0.325965,-0.193985][0.424791,0.832918,0][1.36516,0.338565,0.0137421][0.922298,0.324913,-0.20928][0.417674,0.834364,0][1.36742,0.339056,0.0244641][0.925266,0.325965,-0.193985][0.424791,0.832918,0][1.222,0.339056,0.0321001][0.00217299,-0.999141,0.0413826][0.429165,0.929239,0][1.222,0.339056,0.0321001][0.00217299,-0.999141,0.0413826][0.429165,0.929239,0][1.21974,0.338565,0.0213781][0.00237598,-0.998973,0.0452481][0.422048,0.930685,0][1.36516,0.338565,0.0137421][0.922298,0.324913,-0.20928][0.417674,0.834364,0][1.31486,0.387031,-0.0313479][0.78087,-0.417292,-0.464875][0.351075,0.869118,0][1.33448,0.331367,-0.031348][0.774573,0.272877,-0.570592][0.387311,0.854489,0][1.18905,0.331367,-0.023711][-0.0524321,-0.0184806,-0.998453][0.391685,0.950809,0][1.18905,0.331367,-0.023711][-0.0524321,-0.0184806,-0.998453][0.391685,0.950809,0][1.16944,0.387031,-0.0237109][-0.0524357,-0.0184724,-0.998453][0.35545,0.965439,0][1.31486,0.387031,-0.0313479][0.78087,-0.417292,-0.464875][0.351075,0.869118,0][1.33448,0.331367,-0.031348][0.774573,0.272877,-0.570592][0.387311,0.854489,0][1.36516,0.338565,0.0137421][0.922298,0.324913,-0.20928][0.417674,0.834364,0][1.21974,0.338565,0.0213781][0.00237598,-0.998973,0.0452481][0.422048,0.930685,0][1.21974,0.338565,0.0213781][0.00237598,-0.998973,0.0452481][0.422048,0.930685,0][1.18905,0.331367,-0.023711][-0.0524321,-0.0184806,-0.998453][0.391685,0.950809,0][1.33448,0.331367,-0.031348][0.774573,0.272877,-0.570592][0.387311,0.854489,0][1.27174,0.376677,0.136926][0.396271,-0.45949,0.794883][0.522636,0.820823,0][1.18009,0.355757,0.170523][0.396271,-0.45949,0.794883][0.546048,0.758388,0][1.16532,0.385398,0.117594][0.0524356,0.018482,0.998453][0.581623,0.778926,0][1.16532,0.385398,0.117594][0.0524356,0.018482,0.998453][0.581623,0.778926,0][1.31074,0.385398,0.109957][0.752748,-0.42842,0.499827][0.518934,0.852785,0][1.27174,0.376677,0.136926][0.396271,-0.45949,0.794883][0.522636,0.820823,0][1.28931,0.380151,0.13099][0.616171,-0.631881,0.47017][0.517951,0.832492,0][1.27174,0.376677,0.136926][0.396271,-0.45949,0.794883][0.522636,0.820823,0][1.31074,0.385398,0.109957][0.752748,-0.42842,0.499827][0.518934,0.852785,0][1.2775,0.378962,-0.060735][0.442171,-0.441304,-0.780856][0.079917,0.820875,0][1.31486,0.387031,-0.0313479][0.78087,-0.417292,-0.464875][0.082989,0.852785,0][1.16944,0.387031,-0.0237109][-0.0524357,-0.0184724,-0.998453][0.010132,0.789034,0][1.16944,0.387031,-0.0237109][-0.0524357,-0.0184724,-0.998453][0.010132,0.789034,0][1.18797,0.358885,-0.100086][0.442171,-0.441304,-0.780856][0.055951,0.758549,0][1.2775,0.378962,-0.060735][0.442171,-0.441304,-0.780856][0.079917,0.820875,0][1.2775,0.378962,-0.060735][0.442171,-0.441304,-0.780856][0.079917,0.820875,0][1.29469,0.382286,-0.0537079][0.642921,-0.621149,-0.448137][0.084398,0.832538,0][1.31486,0.387031,-0.0313479][0.78087,-0.417292,-0.464875][0.082989,0.852785,0][1.14841,0.764956,0.570063][0,0.997634,0.0687536][0.987292,0.848334,0][1.15789,0.771586,0.473859][0,0.997634,0.0687536][0.940797,0.816683,0][1.15088,0.771586,0.473859][0,0.997634,0.0687536][0.943136,0.813374,0][1.15088,0.771586,0.473859][0,0.997634,0.0687536][0.943136,0.813374,0][1.14141,0.764956,0.570063][0,0.997634,0.0687536][0.989912,0.845193,0][1.14841,0.764956,0.570063][0,0.997634,0.0687536][0.987292,0.848334,0][1.13662,0.624875,0.16974][0,0.835465,-0.549543][0.736821,0.788316,0][1.14841,0.584255,0.107986][0,0.835465,-0.549543][0.691247,0.791714,0][1.14141,0.584255,0.107986][0,0.835465,-0.549543][0.691594,0.787521,0][1.14141,0.584255,0.107986][0,0.835465,-0.549543][0.691594,0.787521,0][1.12962,0.624875,0.16974][0,0.835465,-0.549543][0.73699,0.784044,0][1.13662,0.624875,0.16974][0,0.835465,-0.549543][0.736821,0.788316,0][1.15088,0.547032,0.132471][0,-0.549545,-0.835464][0.689739,0.817381,0][1.15789,0.547032,0.132471][0,-0.549545,-0.835464][0.693714,0.817449,0][1.14841,0.498234,0.164569][0,-0.549545,-0.835464][0.691945,0.851302,0][1.14841,0.498234,0.164569][0,-0.549545,-0.835464][0.691945,0.851302,0][1.14141,0.498234,0.164569][0,-0.549545,-0.835464][0.687894,0.851738,0][1.15088,0.547032,0.132471][0,-0.549545,-0.835464][0.689739,0.817381,0][1.14141,0.498234,0.164569][0,-0.549545,-0.835464][0.692302,0.855483,0][1.14841,0.498234,0.164569][0,-0.549545,-0.835464][0.691945,0.851302,0][1.13662,0.554548,0.250181][0,-0.83546,0.549551][0.754544,0.853067,0][1.13662,0.554548,0.250181][0,-0.83546,0.549551][0.754544,0.853067,0][1.12962,0.554548,0.250181][0,-0.83546,0.549551][0.754719,0.85734,0][1.14141,0.498234,0.164569][0,-0.549545,-0.835464][0.692302,0.855483,0][1.14841,0.498234,0.164569][0,-0.549545,-0.835464][0.691945,0.851302,0][1.15789,0.547032,0.132471][0,-0.549545,-0.835464][0.693714,0.817449,0][1.1461,0.594443,0.204548][0.978223,-0.0591819,0.198941][0.744518,0.816533,0][1.1461,0.594443,0.204548][0.978223,-0.0591819,0.198941][0.744518,0.816533,0][1.13662,0.554548,0.250181][0,-0.83546,0.549551][0.754544,0.853067,0][1.14841,0.498234,0.164569][0,-0.549545,-0.835464][0.691945,0.851302,0][1.14141,0.498234,0.164569][0,-0.549545,-0.835464][0.69768,0.92775,0][1.12962,0.554548,0.250181][0,-0.83546,0.549551][0.759753,0.927979,0][1.1391,0.594443,0.204548][-0.985214,0.0450343,-0.165301][0.749557,0.963719,0][1.1391,0.594443,0.204548][-0.985214,0.0450343,-0.165301][0.749557,0.963719,0][1.15088,0.547032,0.132471][0,-0.549545,-0.835464][0.696746,0.963229,0][1.14141,0.498234,0.164569][0,-0.549545,-0.835464][0.69768,0.92775,0][1.15088,0.771586,0.473859][0,0.997634,0.0687536][0.943136,0.813374,0][1.15789,0.771586,0.473859][0,0.997634,0.0687536][0.940797,0.816683,0][1.14841,0.776646,0.400477][0,0.997631,0.068792][0.907245,0.789952,0][1.14841,0.776646,0.400477][0,0.997631,0.068792][0.907245,0.789952,0][1.14141,0.776646,0.400477][0,0.997631,0.068792][0.909358,0.786462,0][1.15088,0.771586,0.473859][0,0.997634,0.0687536][0.943136,0.813374,0][1.15088,0.547032,0.132471][0,-0.549545,-0.835464][0.696746,0.963229,0][1.1391,0.594443,0.204548][-0.985214,0.0450343,-0.165301][0.749557,0.963719,0][1.12962,0.624875,0.16974][0,0.835465,-0.549543][0.742353,0.99143,0][1.12962,0.624875,0.16974][0,0.835465,-0.549543][0.742353,0.99143,0][1.14141,0.584255,0.107986][0,0.835465,-0.549543][0.697205,0.990704,0][1.15088,0.547032,0.132471][0,-0.549545,-0.835464][0.696746,0.963229,0][1.14841,0.584255,0.107986][0,0.835465,-0.549543][0.691247,0.791714,0][1.15789,0.547032,0.132471][0,-0.549545,-0.835464][0.693714,0.817449,0][1.15088,0.547032,0.132471][0,-0.549545,-0.835464][0.689739,0.817381,0][1.15088,0.547032,0.132471][0,-0.549545,-0.835464][0.689739,0.817381,0][1.14141,0.584255,0.107986][0,0.835465,-0.549543][0.687235,0.791254,0][1.14841,0.584255,0.107986][0,0.835465,-0.549543][0.691247,0.791714,0][1.13662,0.624875,0.16974][0,0.835465,-0.549543][0.736821,0.788316,0][1.1461,0.594443,0.204548][0.978223,-0.0591819,0.198941][0.744518,0.816533,0][1.15789,0.547032,0.132471][0,-0.549545,-0.835464][0.693714,0.817449,0][1.15789,0.547032,0.132471][0,-0.549545,-0.835464][0.693714,0.817449,0][1.14841,0.584255,0.107986][0,0.835465,-0.549543][0.691247,0.791714,0][1.13662,0.624875,0.16974][0,0.835465,-0.549543][0.736821,0.788316,0][1.13662,0.686558,0.450872][0.965013,-0.256325,0.0552081][0.902232,0.853044,0][1.1461,0.705586,0.373511][0.965013,-0.256325,0.0552081][0.869401,0.816571,0][1.15789,0.771586,0.473859][0,0.997634,0.0687536][0.940797,0.816683,0][1.15789,0.771586,0.473859][0,0.997634,0.0687536][0.940797,0.816683,0][1.14841,0.764956,0.570063][0,0.997634,0.0687536][0.987292,0.848334,0][1.13662,0.686558,0.450872][0.965013,-0.256325,0.0552081][0.902232,0.853044,0][1.13662,0.686558,0.450872][0.965013,-0.256325,0.0552081][0.902232,0.853044,0][1.14841,0.764956,0.570063][0,0.997634,0.0687536][0.987292,0.848334,0][1.14141,0.764956,0.570063][0,0.997634,0.0687536][0.987183,0.852479,0][1.14141,0.764956,0.570063][0,0.997634,0.0687536][0.987183,0.852479,0][1.12962,0.686558,0.450872][0,-0.835472,0.549532][0.902176,0.857267,0][1.13662,0.686558,0.450872][0.965013,-0.256325,0.0552081][0.902232,0.853044,0][1.12962,0.686558,0.450872][0,-0.835472,0.549532][0.905215,0.92775,0][1.14141,0.764956,0.570063][0,0.997634,0.0687536][0.991219,0.927888,0][1.15088,0.771586,0.473859][0,0.997634,0.0687536][0.945687,0.964162,0][1.15088,0.771586,0.473859][0,0.997634,0.0687536][0.945687,0.964162,0][1.1391,0.705586,0.373511][-0.965037,0.256226,-0.0552354][0.872619,0.963829,0][1.12962,0.686558,0.450872][0,-0.835472,0.549532][0.905215,0.92775,0][1.1391,0.705586,0.373511][-0.965037,0.256226,-0.0552354][0.872619,0.963829,0][1.15088,0.771586,0.473859][0,0.997634,0.0687536][0.945687,0.964162,0][1.14141,0.776646,0.400477][0,0.997631,0.068792][0.909982,0.990942,0][1.14141,0.776646,0.400477][0,0.997631,0.068792][0.909982,0.990942,0][1.12962,0.720096,0.314502][-0.987984,-0.0257154,0.1524][0.847318,0.991333,0][1.1391,0.705586,0.373511][-0.965037,0.256226,-0.0552354][0.872619,0.963829,0][1.14141,0.776646,0.400477][0,0.997631,0.068792][0.906873,0.785733,0][1.14841,0.776646,0.400477][0,0.997631,0.068792][0.907245,0.789952,0][1.13662,0.720096,0.314502][0,0.835473,-0.549532][0.843808,0.788343,0][1.13662,0.720096,0.314502][0,0.835473,-0.549532][0.843808,0.788343,0][1.12962,0.720096,0.314502][-0.987984,-0.0257154,0.1524][0.843623,0.784044,0][1.14141,0.776646,0.400477][0,0.997631,0.068792][0.906873,0.785733,0][1.1461,0.705586,0.373511][0.965013,-0.256325,0.0552081][0.869401,0.816571,0][1.13662,0.720096,0.314502][0,0.835473,-0.549532][0.843808,0.788343,0][1.14841,0.776646,0.400477][0,0.997631,0.068792][0.907245,0.789952,0][1.14841,0.776646,0.400477][0,0.997631,0.068792][0.907245,0.789952,0][1.15789,0.771586,0.473859][0,0.997634,0.0687536][0.940797,0.816683,0][1.1461,0.705586,0.373511][0.965013,-0.256325,0.0552081][0.869401,0.816571,0][1.13662,0.554548,0.250181][0,-0.83546,0.549551][0.754544,0.853067,0][1.1461,0.594443,0.204548][0.978223,-0.0591819,0.198941][0.744518,0.816533,0][1.1461,0.705586,0.373511][0.965013,-0.256325,0.0552081][0.869401,0.816571,0][1.1461,0.705586,0.373511][0.965013,-0.256325,0.0552081][0.869401,0.816571,0][1.13662,0.686558,0.450872][0.965013,-0.256325,0.0552081][0.902232,0.853044,0][1.13662,0.554548,0.250181][0,-0.83546,0.549551][0.754544,0.853067,0][1.13662,0.554548,0.250181][0,-0.83546,0.549551][0.754544,0.853067,0][1.13662,0.686558,0.450872][0.965013,-0.256325,0.0552081][0.902232,0.853044,0][1.12962,0.686558,0.450872][0,-0.835472,0.549532][0.902176,0.857267,0][1.12962,0.686558,0.450872][0,-0.835472,0.549532][0.902176,0.857267,0][1.12962,0.554548,0.250181][0,-0.83546,0.549551][0.754719,0.85734,0][1.13662,0.554548,0.250181][0,-0.83546,0.549551][0.754544,0.853067,0][1.12962,0.554548,0.250181][0,-0.83546,0.549551][0.759753,0.927979,0][1.12962,0.686558,0.450872][0,-0.835472,0.549532][0.905215,0.92775,0][1.1391,0.705586,0.373511][-0.965037,0.256226,-0.0552354][0.872619,0.963829,0][1.1391,0.705586,0.373511][-0.965037,0.256226,-0.0552354][0.872619,0.963829,0][1.1391,0.594443,0.204548][-0.985214,0.0450343,-0.165301][0.749557,0.963719,0][1.12962,0.554548,0.250181][0,-0.83546,0.549551][0.759753,0.927979,0][1.1391,0.594443,0.204548][-0.985214,0.0450343,-0.165301][0.749557,0.963719,0][1.1391,0.705586,0.373511][-0.965037,0.256226,-0.0552354][0.872619,0.963829,0][1.12962,0.720096,0.314502][-0.987984,-0.0257154,0.1524][0.847318,0.991333,0][1.12962,0.720096,0.314502][-0.987984,-0.0257154,0.1524][0.847318,0.991333,0][1.12962,0.624875,0.16974][0,0.835465,-0.549543][0.742353,0.99143,0][1.1391,0.594443,0.204548][-0.985214,0.0450343,-0.165301][0.749557,0.963719,0][1.13662,0.720096,0.314502][0,0.835473,-0.549532][0.843808,0.788343,0][1.13662,0.624875,0.16974][0,0.835465,-0.549543][0.736821,0.788316,0][1.12962,0.624875,0.16974][0,0.835465,-0.549543][0.73699,0.784044,0][1.12962,0.624875,0.16974][0,0.835465,-0.549543][0.73699,0.784044,0][1.12962,0.720096,0.314502][-0.987984,-0.0257154,0.1524][0.843623,0.784044,0][1.13662,0.720096,0.314502][0,0.835473,-0.549532][0.843808,0.788343,0][1.13662,0.720096,0.314502][0,0.835473,-0.549532][0.843808,0.788343,0][1.1461,0.705586,0.373511][0.965013,-0.256325,0.0552081][0.869401,0.816571,0][1.1461,0.594443,0.204548][0.978223,-0.0591819,0.198941][0.744518,0.816533,0][1.1461,0.594443,0.204548][0.978223,-0.0591819,0.198941][0.744518,0.816533,0][1.13662,0.624875,0.16974][0,0.835465,-0.549543][0.736821,0.788316,0][1.13662,0.720096,0.314502][0,0.835473,-0.549532][0.843808,0.788343,0][1.16061,0.473585,0.649405][-0.100919,0.778543,0.619424][0.988486,0.7182,0][1.16753,0.474661,0.64918][-0.100919,0.778543,0.619424][0.991017,0.721369,0][1.14911,0.522383,0.586198][-0.100919,0.778543,0.619424][0.951339,0.746495,0][1.14911,0.522383,0.586198][-0.100919,0.778543,0.619424][0.951339,0.746495,0][1.14219,0.521307,0.586422][-0.101002,0.778529,0.619429][0.949053,0.743184,0][1.16061,0.473585,0.649405][-0.100919,0.778543,0.619424][0.988486,0.7182,0][1.14712,0.578102,0.515841][-0.153056,0.988058,0.0177428][0.907274,0.778582,0][1.16006,0.581241,0.452661][-0.153056,0.988058,0.0177428][0.867815,0.78091,0][1.15314,0.580165,0.452885][-0.153056,0.988058,0.0177428][0.868239,0.776609,0][1.15314,0.580165,0.452885][-0.153056,0.988058,0.0177428][0.868239,0.776609,0][1.1402,0.577027,0.516066][-0.152922,0.988079,0.0177562][0.908029,0.774505,0][1.14712,0.578102,0.515841][-0.153056,0.988058,0.0177428][0.907274,0.778582,0][1.13462,0.527703,0.165304][-0.0344494,0.0126079,-0.999327][0.690128,0.740862,0][1.15084,0.480792,0.164153][-0.0344494,0.0126079,-0.999327][0.688327,0.711561,0][1.14392,0.479716,0.164378][-0.0344494,0.0126079,-0.999327][0.692441,0.712048,0][1.14392,0.479716,0.164378][-0.0344494,0.0126079,-0.999327][0.692441,0.712048,0][1.1277,0.526627,0.165529][-0.03445,0.0126078,-0.999327][0.694161,0.740901,0][1.13462,0.527703,0.165304][-0.0344494,0.0126079,-0.999327][0.690128,0.740862,0][1.17271,0.47703,0.562004][0.153052,-0.988059,-0.0177566][0.936135,0.711497,0][1.17963,0.478106,0.561779][0.153052,-0.988059,-0.0177566][0.936048,0.707274,0][1.16753,0.474661,0.64918][-0.100919,0.778543,0.619424][0.988302,0.714104,0][1.16753,0.474661,0.64918][-0.100919,0.778543,0.619424][0.988302,0.714104,0][1.16061,0.473585,0.649405][-0.100919,0.778543,0.619424][0.988486,0.7182,0][1.17271,0.47703,0.562004][0.153052,-0.988059,-0.0177566][0.936135,0.711497,0][1.17963,0.478106,0.561779][0.153052,-0.988059,-0.0177566][0.930757,0.924389,0][1.16161,0.525683,0.510289][0.851956,0.497941,0.16194][0.899073,0.893868,0][1.14911,0.522383,0.586198][-0.100919,0.778543,0.619424][0.945896,0.892493,0][1.14911,0.522383,0.586198][-0.100919,0.778543,0.619424][0.945896,0.892493,0][1.16753,0.474661,0.64918][-0.100919,0.778543,0.619424][0.983526,0.923096,0][1.17963,0.478106,0.561779][0.153052,-0.988059,-0.0177566][0.930757,0.924389,0][1.17271,0.47703,0.562004][0.153052,-0.988059,-0.0177566][0.936135,0.711497,0][1.16061,0.473585,0.649405][-0.100919,0.778543,0.619424][0.988486,0.7182,0][1.14219,0.521307,0.586422][-0.101002,0.778529,0.619429][0.949053,0.743184,0][1.14219,0.521307,0.586422][-0.101002,0.778529,0.619429][0.949053,0.743184,0][1.15469,0.524607,0.510513][-0.851956,-0.497943,-0.16194][0.904143,0.742038,0][1.17271,0.47703,0.562004][0.153052,-0.988059,-0.0177566][0.936135,0.711497,0][1.16006,0.581241,0.452661][-0.153056,0.988058,0.0177428][0.867815,0.78091,0][1.15441,0.583314,0.288685][-0.153055,0.988058,0.0177644][0.766479,0.779816,0][1.14749,0.582238,0.28891][-0.153055,0.988058,0.0177644][0.766327,0.775592,0][1.14749,0.582238,0.28891][-0.153055,0.988058,0.0177644][0.766327,0.775592,0][1.15314,0.580165,0.452885][-0.153056,0.988058,0.0177428][0.868239,0.776609,0][1.16006,0.581241,0.452661][-0.153056,0.988058,0.0177428][0.867815,0.78091,0][1.16489,0.479904,0.334677][-0.944575,-0.32707,0.0283578][0.796143,0.71154,0][1.17271,0.47703,0.562004][0.153052,-0.988059,-0.0177566][0.936135,0.711497,0][1.15469,0.524607,0.510513][-0.851956,-0.497943,-0.16194][0.904143,0.742038,0][1.15469,0.524607,0.510513][-0.851956,-0.497943,-0.16194][0.904143,0.742038,0][1.1479,0.5271,0.313245][-0.944549,-0.327141,0.0283774][0.781935,0.741907,0][1.16489,0.479904,0.334677][-0.944575,-0.32707,0.0283578][0.796143,0.71154,0][1.17181,0.480979,0.334452][0.153053,-0.988059,-0.0177523][0.79633,0.707274,0][1.17963,0.478106,0.561779][0.153052,-0.988059,-0.0177566][0.936048,0.707274,0][1.17271,0.47703,0.562004][0.153052,-0.988059,-0.0177566][0.936135,0.711497,0][1.17271,0.47703,0.562004][0.153052,-0.988059,-0.0177566][0.936135,0.711497,0][1.16489,0.479904,0.334677][-0.944575,-0.32707,0.0283578][0.796143,0.71154,0][1.17181,0.480979,0.334452][0.153053,-0.988059,-0.0177523][0.79633,0.707274,0][1.16161,0.525683,0.510289][0.851956,0.497941,0.16194][0.899073,0.893868,0][1.17963,0.478106,0.561779][0.153052,-0.988059,-0.0177566][0.930757,0.924389,0][1.17181,0.480979,0.334452][0.153053,-0.988059,-0.0177523][0.792705,0.923974,0][1.17181,0.480979,0.334452][0.153053,-0.988059,-0.0177523][0.792705,0.923974,0][1.15482,0.528176,0.31302][0.944551,0.327136,-0.0283776][0.778754,0.894162,0][1.16161,0.525683,0.510289][0.851956,0.497941,0.16194][0.899073,0.893868,0][1.14749,0.582238,0.28891][-0.153055,0.988058,0.0177644][0.766327,0.775592,0][1.15441,0.583314,0.288685][-0.153055,0.988058,0.0177644][0.766479,0.779816,0][1.13508,0.582525,0.165981][-0.153055,0.988058,0.0177586][0.69161,0.776378,0][1.13508,0.582525,0.165981][-0.153055,0.988058,0.0177586][0.69161,0.776378,0][1.12816,0.581449,0.166206][-0.153055,0.988058,0.0177586][0.691285,0.77221,0][1.14749,0.582238,0.28891][-0.153055,0.988058,0.0177644][0.766327,0.775592,0][1.14392,0.479716,0.164378][-0.0344494,0.0126079,-0.999327][0.692441,0.712048,0][1.16489,0.479904,0.334677][-0.944575,-0.32707,0.0283578][0.796143,0.71154,0][1.1479,0.5271,0.313245][-0.944549,-0.327141,0.0283774][0.781935,0.741907,0][1.1479,0.5271,0.313245][-0.944549,-0.327141,0.0283774][0.781935,0.741907,0][1.1277,0.526627,0.165529][-0.03445,0.0126078,-0.999327][0.694161,0.740901,0][1.14392,0.479716,0.164378][-0.0344494,0.0126079,-0.999327][0.692441,0.712048,0][1.15084,0.480792,0.164153][-0.0344494,0.0126079,-0.999327][0.692793,0.707855,0][1.17181,0.480979,0.334452][0.153053,-0.988059,-0.0177523][0.79633,0.707274,0][1.16489,0.479904,0.334677][-0.944575,-0.32707,0.0283578][0.796143,0.71154,0][1.16489,0.479904,0.334677][-0.944575,-0.32707,0.0283578][0.796143,0.71154,0][1.14392,0.479716,0.164378][-0.0344494,0.0126079,-0.999327][0.692441,0.712048,0][1.15084,0.480792,0.164153][-0.0344494,0.0126079,-0.999327][0.692793,0.707855,0][1.15482,0.528176,0.31302][0.944551,0.327136,-0.0283776][0.778754,0.894162,0][1.17181,0.480979,0.334452][0.153053,-0.988059,-0.0177523][0.792705,0.923974,0][1.15084,0.480792,0.164153][-0.0344494,0.0126079,-0.999327][0.689238,0.924389,0][1.15084,0.480792,0.164153][-0.0344494,0.0126079,-0.999327][0.689238,0.924389,0][1.13462,0.527703,0.165304][-0.0344494,0.0126079,-0.999327][0.688594,0.894565,0][1.15482,0.528176,0.31302][0.944551,0.327136,-0.0283776][0.778754,0.894162,0][1.16006,0.581241,0.452661][-0.153056,0.988058,0.0177428][0.863065,0.860891,0][1.16161,0.525683,0.510289][0.851956,0.497941,0.16194][0.899073,0.893868,0][1.15482,0.528176,0.31302][0.944551,0.327136,-0.0283776][0.778754,0.894162,0][1.15482,0.528176,0.31302][0.944551,0.327136,-0.0283776][0.778754,0.894162,0][1.15441,0.583314,0.288685][-0.153055,0.988058,0.0177644][0.76384,0.860856,0][1.16006,0.581241,0.452661][-0.153056,0.988058,0.0177428][0.863065,0.860891,0][1.16161,0.525683,0.510289][0.851956,0.497941,0.16194][0.899073,0.893868,0][1.16006,0.581241,0.452661][-0.153056,0.988058,0.0177428][0.863065,0.860891,0][1.14712,0.578102,0.515841][-0.153056,0.988058,0.0177428][0.902032,0.860664,0][1.14712,0.578102,0.515841][-0.153056,0.988058,0.0177428][0.902032,0.860664,0][1.14911,0.522383,0.586198][-0.100919,0.778543,0.619424][0.945896,0.892493,0][1.16161,0.525683,0.510289][0.851956,0.497941,0.16194][0.899073,0.893868,0][1.14911,0.522383,0.586198][-0.100919,0.778543,0.619424][0.951339,0.746495,0][1.14712,0.578102,0.515841][-0.153056,0.988058,0.0177428][0.910155,0.777946,0][1.1402,0.577027,0.516066][-0.152922,0.988079,0.0177562][0.908029,0.774505,0][1.1402,0.577027,0.516066][-0.152922,0.988079,0.0177562][0.908029,0.774505,0][1.14219,0.521307,0.586422][-0.101002,0.778529,0.619429][0.949053,0.743184,0][1.14911,0.522383,0.586198][-0.100919,0.778543,0.619424][0.951339,0.746495,0][1.15469,0.524607,0.510513][-0.851956,-0.497943,-0.16194][0.904143,0.742038,0][1.14219,0.521307,0.586422][-0.101002,0.778529,0.619429][0.949053,0.743184,0][1.1402,0.577027,0.516066][-0.152922,0.988079,0.0177562][0.908029,0.774505,0][1.1402,0.577027,0.516066][-0.152922,0.988079,0.0177562][0.908029,0.774505,0][1.15314,0.580165,0.452885][-0.153056,0.988058,0.0177428][0.868239,0.776609,0][1.15469,0.524607,0.510513][-0.851956,-0.497943,-0.16194][0.904143,0.742038,0][1.1479,0.5271,0.313245][-0.944549,-0.327141,0.0283774][0.781935,0.741907,0][1.15469,0.524607,0.510513][-0.851956,-0.497943,-0.16194][0.904143,0.742038,0][1.15314,0.580165,0.452885][-0.153056,0.988058,0.0177428][0.868239,0.776609,0][1.15314,0.580165,0.452885][-0.153056,0.988058,0.0177428][0.868239,0.776609,0][1.14749,0.582238,0.28891][-0.153055,0.988058,0.0177644][0.766327,0.775592,0][1.1479,0.5271,0.313245][-0.944549,-0.327141,0.0283774][0.781935,0.741907,0][1.1277,0.526627,0.165529][-0.03445,0.0126078,-0.999327][0.694161,0.740901,0][1.1479,0.5271,0.313245][-0.944549,-0.327141,0.0283774][0.781935,0.741907,0][1.14749,0.582238,0.28891][-0.153055,0.988058,0.0177644][0.766327,0.775592,0][1.14749,0.582238,0.28891][-0.153055,0.988058,0.0177644][0.766327,0.775592,0][1.12816,0.581449,0.166206][-0.153055,0.988058,0.0177586][0.691285,0.77221,0][1.1277,0.526627,0.165529][-0.03445,0.0126078,-0.999327][0.694161,0.740901,0][1.12816,0.581449,0.166206][-0.153055,0.988058,0.0177586][0.691285,0.77221,0][1.13508,0.582525,0.165981][-0.153055,0.988058,0.0177586][0.687235,0.772498,0][1.13462,0.527703,0.165304][-0.0344494,0.0126079,-0.999327][0.690128,0.740862,0][1.13462,0.527703,0.165304][-0.0344494,0.0126079,-0.999327][0.690128,0.740862,0][1.1277,0.526627,0.165529][-0.03445,0.0126078,-0.999327][0.694161,0.740901,0][1.12816,0.581449,0.166206][-0.153055,0.988058,0.0177586][0.691285,0.77221,0][1.15441,0.583314,0.288685][-0.153055,0.988058,0.0177644][0.76384,0.860856,0][1.15482,0.528176,0.31302][0.944551,0.327136,-0.0283776][0.778754,0.894162,0][1.13462,0.527703,0.165304][-0.0344494,0.0126079,-0.999327][0.688594,0.894565,0][1.13462,0.527703,0.165304][-0.0344494,0.0126079,-0.999327][0.688594,0.894565,0][1.13508,0.582525,0.165981][-0.153055,0.988058,0.0177586][0.688959,0.861515,0][1.15441,0.583314,0.288685][-0.153055,0.988058,0.0177644][0.76384,0.860856,0]