version 1.00
1635
[-0.048984,0.0813685,0.0928504][-0.239421,0.681827,-0.691223][0.280742,0.056831,0][-0.0129937,0.086972,0.0815116][-0.362338,0.689721,-0.626895][0.285804,0.039653,0][-0.050886,0.0703757,0.0827485][-0.274209,0.675993,-0.68399][0.271311,0.055327,0][-0.050886,0.0703757,0.0827485][-0.274209,0.675993,-0.68399][0.271311,0.055327,0][-0.0544516,0.0733632,0.0867147][-0.209787,0.68101,-0.70158][0.273444,0.057584,0][-0.048984,0.0813685,0.0928504][-0.239421,0.681827,-0.691223][0.280742,0.056831,0][0.0206958,0.121507,0.0923583][-0.534754,0.662506,-0.524522][0.311165,0.025018,0][-0.0129937,0.086972,0.0815116][-0.362338,0.689721,-0.626895][0.285804,0.039653,0][0.0101126,0.124507,0.106938][-0.480029,0.670049,-0.566222][0.317418,0.033134,0][0.0101126,0.124507,0.106938][-0.480029,0.670049,-0.566222][0.317418,0.033134,0][0.0236341,0.128821,0.0982319][-0.546375,0.65221,-0.525449][0.317418,0.024265,0][0.0206958,0.121507,0.0923583][-0.534754,0.662506,-0.524522][0.311165,0.025018,0][-0.109859,0.097508,0.107783][0.11781,0.579729,-0.806248][0.277098,0.086143,0][-0.0758561,0.0777209,0.0945283][-0.025931,0.640933,-0.767159][0.273247,0.06783,0][-0.115113,0.0888197,0.100872][0.0914289,0.585461,-0.805529][0.269221,0.085744,0][-0.115113,0.0888197,0.100872][0.0914289,0.585461,-0.805529][0.269221,0.085744,0][-0.118178,0.0945914,0.104107][0.169395,0.548752,-0.818643][0.271874,0.088369,0][-0.109859,0.097508,0.107783][0.11781,0.579729,-0.806248][0.277098,0.086143,0][-0.0758561,0.0777209,0.0945283][-0.025931,0.640933,-0.767159][0.273247,0.06783,0][-0.109859,0.097508,0.107783][0.11781,0.579729,-0.806248][0.277098,0.086143,0][-0.0695585,0.13477,0.140306][0.0755939,0.59582,-0.799553][0.317418,0.080399,0][-0.0695585,0.13477,0.140306][0.0755939,0.59582,-0.799553][0.317418,0.080399,0][-0.037405,0.12398,0.13018][-0.129324,0.664674,-0.735856][0.317418,0.061498,0][-0.0758561,0.0777209,0.0945283][-0.025931,0.640933,-0.767159][0.273247,0.06783,0][-0.048984,0.0813685,0.0928504][-0.239421,0.681827,-0.691223][0.280742,0.056831,0][-0.0758561,0.0777209,0.0945283][-0.025931,0.640933,-0.767159][0.273247,0.06783,0][-0.037405,0.12398,0.13018][-0.129324,0.664674,-0.735856][0.317418,0.061498,0][-0.037405,0.12398,0.13018][-0.129324,0.664674,-0.735856][0.317418,0.061498,0][-0.0161782,0.121696,0.121063][-0.312363,0.686445,-0.656676][0.317418,0.049126,0][-0.048984,0.0813685,0.0928504][-0.239421,0.681827,-0.691223][0.280742,0.056831,0][-0.0129937,0.086972,0.0815116][-0.362338,0.689721,-0.626895][0.285804,0.039653,0][-0.048984,0.0813685,0.0928504][-0.239421,0.681827,-0.691223][0.280742,0.056831,0][-0.0161782,0.121696,0.121063][-0.312363,0.686445,-0.656676][0.317418,0.049126,0][-0.0161782,0.121696,0.121063][-0.312363,0.686445,-0.656676][0.317418,0.049126,0][0.0101126,0.124507,0.106938][-0.480029,0.670049,-0.566222][0.317418,0.033134,0][-0.0129937,0.086972,0.0815116][-0.362338,0.689721,-0.626895][0.285804,0.039653,0][-0.109859,0.097508,0.107783][0.11781,0.579729,-0.806248][0.277098,0.086143,0][-0.132152,0.121135,0.115544][0.331672,0.416366,-0.846542][0.282144,0.100855,0][-0.0925527,0.148507,0.144522][0.315616,0.441172,-0.840092][0.317418,0.094858,0][-0.0925527,0.148507,0.144522][0.315616,0.441172,-0.840092][0.317418,0.094858,0][-0.0695585,0.13477,0.140306][0.0755939,0.59582,-0.799553][0.317418,0.080399,0][-0.109859,0.097508,0.107783][0.11781,0.579729,-0.806248][0.277098,0.086143,0][-0.0925527,0.148507,0.144522][0.315616,0.441172,-0.840092][0.317418,0.094858,0][-0.132152,0.121135,0.115544][0.331672,0.416366,-0.846542][0.282144,0.100855,0][-0.147803,0.197401,0.1323][0.533096,0.201817,-0.821632][0.309227,0.133895,0][-0.147803,0.197401,0.1323][0.533096,0.201817,-0.821632][0.309227,0.133895,0][-0.138522,0.20215,0.139797][0.546261,0.187848,-0.81628][0.317418,0.133055,0][-0.0925527,0.148507,0.144522][0.315616,0.441172,-0.840092][0.317418,0.094858,0][-0.138522,0.20215,0.139797][0.546261,0.187848,-0.81628][0.317418,0.133055,0][-0.147803,0.197401,0.1323][0.533096,0.201817,-0.821632][0.309227,0.133895,0][-0.149216,0.219793,0.131777][0.617548,0.0169174,-0.786352][0.314953,0.144605,0][-0.149216,0.219793,0.131777][0.617548,0.0169174,-0.786352][0.314953,0.144605,0][-0.14681,0.222244,0.133707][0.628629,0.0237361,-0.777343][0.317418,0.145085,0][-0.138522,0.20215,0.139797][0.546261,0.187848,-0.81628][0.317418,0.133055,0][-0.00973576,0.163958,0.161052][-0.237721,0.682802,-0.690847][0.354094,0.056831,0][-0.00686095,0.172314,0.168265][-0.210494,0.679283,-0.703042][0.361392,0.057584,0][-0.00266062,0.174337,0.168961][-0.268697,0.693008,-0.668986][0.363526,0.055327,0][-0.00266062,0.174337,0.168961][-0.268697,0.693008,-0.668986][0.363526,0.055327,0][0.0122626,0.158187,0.144434][-0.362101,0.681756,-0.635683][0.349032,0.039653,0][-0.00973576,0.163958,0.161052][-0.237721,0.682802,-0.690847][0.354094,0.056831,0][0.0243528,0.135254,0.105623][-0.539649,0.649531,-0.53562][0.323671,0.025018,0][0.0236341,0.128821,0.0982319][-0.546375,0.65221,-0.525449][0.317418,0.024265,0][0.0101126,0.124507,0.106938][-0.480029,0.670049,-0.566222][0.317418,0.033134,0][0.0101126,0.124507,0.106938][-0.480029,0.670049,-0.566222][0.317418,0.033134,0][0.0122626,0.158187,0.144434][-0.362101,0.681756,-0.635683][0.349032,0.039653,0][0.0243528,0.135254,0.105623][-0.539649,0.649531,-0.53562][0.323671,0.025018,0][-0.0480118,0.181881,0.176948][0.111309,0.575202,-0.810403][0.357738,0.086143,0][-0.0468026,0.189,0.18195][0.168457,0.547391,-0.819747][0.362962,0.088369,0][-0.041473,0.189838,0.183605][0.0891935,0.594982,-0.798775][0.365615,0.085744,0][-0.041473,0.189838,0.183605][0.0891935,0.594982,-0.798775][0.365615,0.085744,0][-0.0207578,0.175548,0.173707][-0.0204751,0.632801,-0.774044][0.36159,0.06783,0][-0.0480118,0.181881,0.176948][0.111309,0.575202,-0.810403][0.357738,0.086143,0][-0.0695585,0.13477,0.140306][0.0755939,0.59582,-0.799553][0.317418,0.080399,0][-0.0480118,0.181881,0.176948][0.111309,0.575202,-0.810403][0.357738,0.086143,0][-0.0207578,0.175548,0.173707][-0.0204751,0.632801,-0.774044][0.36159,0.06783,0][-0.0207578,0.175548,0.173707][-0.0204751,0.632801,-0.774044][0.36159,0.06783,0][-0.037405,0.12398,0.13018][-0.129324,0.664674,-0.735856][0.317418,0.061498,0][-0.0695585,0.13477,0.140306][0.0755939,0.59582,-0.799553][0.317418,0.080399,0][-0.037405,0.12398,0.13018][-0.129324,0.664674,-0.735856][0.317418,0.061498,0][-0.0207578,0.175548,0.173707][-0.0204751,0.632801,-0.774044][0.36159,0.06783,0][-0.00973576,0.163958,0.161052][-0.237721,0.682802,-0.690847][0.354094,0.056831,0][-0.00973576,0.163958,0.161052][-0.237721,0.682802,-0.690847][0.354094,0.056831,0][-0.0161782,0.121696,0.121063][-0.312363,0.686445,-0.656676][0.317418,0.049126,0][-0.037405,0.12398,0.13018][-0.129324,0.664674,-0.735856][0.317418,0.061498,0][-0.0161782,0.121696,0.121063][-0.312363,0.686445,-0.656676][0.317418,0.049126,0][-0.00973576,0.163958,0.161052][-0.237721,0.682802,-0.690847][0.354094,0.056831,0][0.0122626,0.158187,0.144434][-0.362101,0.681756,-0.635683][0.349032,0.039653,0][0.0122626,0.158187,0.144434][-0.362101,0.681756,-0.635683][0.349032,0.039653,0][0.0101126,0.124507,0.106938][-0.480029,0.670049,-0.566222][0.317418,0.033134,0][-0.0161782,0.121696,0.121063][-0.312363,0.686445,-0.656676][0.317418,0.049126,0][-0.0925527,0.148507,0.144522][0.315616,0.441172,-0.840092][0.317418,0.094858,0][-0.0706346,0.18975,0.17508][0.347536,0.431939,-0.832254][0.352692,0.100855,0][-0.0480118,0.181881,0.176948][0.111309,0.575202,-0.810403][0.357738,0.086143,0][-0.0480118,0.181881,0.176948][0.111309,0.575202,-0.810403][0.357738,0.086143,0][-0.0695585,0.13477,0.140306][0.0755939,0.59582,-0.799553][0.317418,0.080399,0][-0.0925527,0.148507,0.144522][0.315616,0.441172,-0.840092][0.317418,0.094858,0][-0.0925527,0.148507,0.144522][0.315616,0.441172,-0.840092][0.317418,0.094858,0][-0.138522,0.20215,0.139797][0.546261,0.187848,-0.81628][0.317418,0.133055,0][-0.130619,0.20965,0.146576][0.531609,0.211032,-0.820279][0.32561,0.133895,0][-0.130619,0.20965,0.146576][0.531609,0.211032,-0.820279][0.32561,0.133895,0][-0.0706346,0.18975,0.17508][0.347536,0.431939,-0.832254][0.352692,0.100855,0][-0.0925527,0.148507,0.144522][0.315616,0.441172,-0.840092][0.317418,0.094858,0][-0.138522,0.20215,0.139797][0.546261,0.187848,-0.81628][0.317418,0.133055,0][-0.14681,0.222244,0.133707][0.628629,0.0237361,-0.777343][0.317418,0.145085,0][-0.143875,0.223067,0.1362][0.639732,0.0316697,-0.767945][0.319884,0.144605,0][-0.143875,0.223067,0.1362][0.639732,0.0316697,-0.767945][0.319884,0.144605,0][-0.130619,0.20965,0.146576][0.531609,0.211032,-0.820279][0.32561,0.133895,0][-0.138522,0.20215,0.139797][0.546261,0.187848,-0.81628][0.317418,0.133055,0][-0.0502326,0.0794692,0.103247][0.209936,-0.678746,0.703727][0.631571,0.044612,0][-0.0554541,0.0721491,0.0976313][0.182565,-0.677128,0.71286][0.628814,0.044921,0][-0.052025,0.0692326,0.0939828][0.242896,-0.673964,0.697692][0.628007,0.043993,0][-0.052025,0.0692326,0.0939828][0.242896,-0.673964,0.697692][0.628007,0.043993,0][-0.0153287,0.0832739,0.0926554][0.32589,-0.690752,0.64549][0.633484,0.037544,0][-0.0502326,0.0794692,0.103247][0.209936,-0.678746,0.703727][0.631571,0.044612,0][0.0182553,0.114066,0.102016][0.486618,-0.674652,0.55502][0.643068,0.031522,0][0.0212611,0.120826,0.107293][0.49744,-0.665852,0.556054][0.645431,0.031212,0][0.00758416,0.117518,0.115568][0.434964,-0.678313,0.592198][0.645431,0.034861,0][0.00758416,0.117518,0.115568][0.434964,-0.678313,0.592198][0.645431,0.034861,0][-0.0153287,0.0832739,0.0926554][0.32589,-0.690752,0.64549][0.633484,0.037544,0][0.0182553,0.114066,0.102016][0.486618,-0.674652,0.55502][0.643068,0.031522,0][-0.108585,0.0959487,0.11728][-0.120171,-0.57832,0.806911][0.630194,0.056672,0][-0.116414,0.0933308,0.113921][-0.167196,-0.549979,0.818272][0.62822,0.057588,0][-0.113402,0.0879095,0.110893][-0.0952813,-0.583636,0.806406][0.627218,0.056508,0][-0.113402,0.0879095,0.110893][-0.0952813,-0.583636,0.806406][0.627218,0.056508,0][-0.0759518,0.0768299,0.10487][0.0136705,-0.636471,0.771179][0.628739,0.049137,0][-0.108585,0.0959487,0.11728][-0.120171,-0.57832,0.806911][0.630194,0.056672,0][-0.0708815,0.130071,0.147203][-0.080696,-0.593646,0.80067][0.645431,0.054309,0][-0.108585,0.0959487,0.11728][-0.120171,-0.57832,0.806911][0.630194,0.056672,0][-0.0759518,0.0768299,0.10487][0.0136705,-0.636471,0.771179][0.628739,0.049137,0][-0.0759518,0.0768299,0.10487][0.0136705,-0.636471,0.771179][0.628739,0.049137,0][-0.0394236,0.119023,0.137543][0.108267,-0.660038,0.74339][0.645431,0.046532,0][-0.0708815,0.130071,0.147203][-0.080696,-0.593646,0.80067][0.645431,0.054309,0][-0.0394236,0.119023,0.137543][0.108267,-0.660038,0.74339][0.645431,0.046532,0][-0.0759518,0.0768299,0.10487][0.0136705,-0.636471,0.771179][0.628739,0.049137,0][-0.0502326,0.0794692,0.103247][0.209936,-0.678746,0.703727][0.631571,0.044612,0][-0.0502326,0.0794692,0.103247][0.209936,-0.678746,0.703727][0.631571,0.044612,0][-0.0185619,0.116092,0.128927][0.277476,-0.685631,0.672991][0.645431,0.041441,0][-0.0394236,0.119023,0.137543][0.108267,-0.660038,0.74339][0.645431,0.046532,0][-0.0185619,0.116092,0.128927][0.277476,-0.685631,0.672991][0.645431,0.041441,0][-0.0502326,0.0794692,0.103247][0.209936,-0.678746,0.703727][0.631571,0.044612,0][-0.0153287,0.0832739,0.0926554][0.32589,-0.690752,0.64549][0.633484,0.037544,0][-0.0153287,0.0832739,0.0926554][0.32589,-0.690752,0.64549][0.633484,0.037544,0][0.00758416,0.117518,0.115568][0.434964,-0.678313,0.592198][0.645431,0.034861,0][-0.0185619,0.116092,0.128927][0.277476,-0.685631,0.672991][0.645431,0.041441,0][-0.0934588,0.143473,0.151386][-0.302527,-0.452435,0.838916][0.645431,0.060258,0][-0.130327,0.118259,0.124755][-0.319683,-0.426305,0.846208][0.632101,0.062725,0][-0.108585,0.0959487,0.11728][-0.120171,-0.57832,0.806911][0.630194,0.056672,0][-0.108585,0.0959487,0.11728][-0.120171,-0.57832,0.806911][0.630194,0.056672,0][-0.0708815,0.130071,0.147203][-0.080696,-0.593646,0.80067][0.645431,0.054309,0][-0.0934588,0.143473,0.151386][-0.302527,-0.452435,0.838916][0.645431,0.060258,0][-0.14866,0.190405,0.14123][-0.511288,-0.233744,0.827012][0.642336,0.07632,0][-0.130327,0.118259,0.124755][-0.319683,-0.426305,0.846208][0.632101,0.062725,0][-0.0934588,0.143473,0.151386][-0.302527,-0.452435,0.838916][0.645431,0.060258,0][-0.0934588,0.143473,0.151386][-0.302527,-0.452435,0.838916][0.645431,0.060258,0][-0.140098,0.194954,0.148071][-0.521907,-0.223769,0.823128][0.645431,0.075974,0][-0.14866,0.190405,0.14123][-0.511288,-0.233744,0.827012][0.642336,0.07632,0][-0.140098,0.194954,0.148071][-0.521907,-0.223769,0.823128][0.645431,0.075974,0][-0.149366,0.214349,0.142807][-0.605904,-0.0745752,0.792034][0.645431,0.080923,0][-0.151491,0.211966,0.141038][-0.595072,-0.0674397,0.800838][0.6445,0.080726,0][-0.151491,0.211966,0.141038][-0.595072,-0.0674397,0.800838][0.6445,0.080726,0][-0.14866,0.190405,0.14123][-0.511288,-0.233744,0.827012][0.642336,0.07632,0][-0.140098,0.194954,0.148071][-0.521907,-0.223769,0.823128][0.645431,0.075974,0][-0.0128327,0.155545,0.165731][0.20858,-0.679679,0.703229][0.659291,0.044612,0][0.0095456,0.149179,0.149911][0.326239,-0.683057,0.653454][0.657378,0.037544,0][-0.00595994,0.165016,0.172923][0.236757,-0.690712,0.683274][0.662855,0.043993,0][-0.00595994,0.165016,0.172923][0.236757,-0.690712,0.683274][0.662855,0.043993,0][-0.0101569,0.163287,0.172366][0.183342,-0.675462,0.714238][0.662049,0.044921,0][-0.0128327,0.155545,0.165731][0.20858,-0.679679,0.703229][0.659291,0.044612,0][0.0220046,0.126886,0.114016][0.491322,-0.662664,0.565225][0.647795,0.031522,0][0.0095456,0.149179,0.149911][0.326239,-0.683057,0.653454][0.657378,0.037544,0][0.00758416,0.117518,0.115568][0.434964,-0.678313,0.592198][0.645431,0.034861,0][0.00758416,0.117518,0.115568][0.434964,-0.678313,0.592198][0.645431,0.034861,0][0.0212611,0.120826,0.107293][0.49744,-0.665852,0.556054][0.645431,0.031212,0][0.0220046,0.126886,0.114016][0.491322,-0.662664,0.565225][0.647795,0.031522,0][-0.0515514,0.173877,0.181144][-0.114521,-0.573788,0.810958][0.660669,0.056672,0][-0.0242387,0.16689,0.177685][0.0101416,-0.629195,0.777181][0.662124,0.049137,0][-0.0454739,0.1812,0.187282][-0.0943167,-0.5923,0.800179][0.663645,0.056508,0][-0.0454739,0.1812,0.187282][-0.0943167,-0.5923,0.800179][0.663645,0.056508,0][-0.0506993,0.180595,0.185817][-0.166197,-0.548701,0.819333][0.662642,0.057588,0][-0.0515514,0.173877,0.181144][-0.114521,-0.573788,0.810958][0.660669,0.056672,0][-0.0242387,0.16689,0.177685][0.0101416,-0.629195,0.777181][0.662124,0.049137,0][-0.0515514,0.173877,0.181144][-0.114521,-0.573788,0.810958][0.660669,0.056672,0][-0.0708815,0.130071,0.147203][-0.080696,-0.593646,0.80067][0.645431,0.054309,0][-0.0708815,0.130071,0.147203][-0.080696,-0.593646,0.80067][0.645431,0.054309,0][-0.0394236,0.119023,0.137543][0.108267,-0.660038,0.74339][0.645431,0.046532,0][-0.0242387,0.16689,0.177685][0.0101416,-0.629195,0.777181][0.662124,0.049137,0][-0.0128327,0.155545,0.165731][0.20858,-0.679679,0.703229][0.659291,0.044612,0][-0.0242387,0.16689,0.177685][0.0101416,-0.629195,0.777181][0.662124,0.049137,0][-0.0394236,0.119023,0.137543][0.108267,-0.660038,0.74339][0.645431,0.046532,0][-0.0394236,0.119023,0.137543][0.108267,-0.660038,0.74339][0.645431,0.046532,0][-0.0185619,0.116092,0.128927][0.277476,-0.685631,0.672991][0.645431,0.041441,0][-0.0128327,0.155545,0.165731][0.20858,-0.679679,0.703229][0.659291,0.044612,0][0.0095456,0.149179,0.149911][0.326239,-0.683057,0.653454][0.657378,0.037544,0][-0.0128327,0.155545,0.165731][0.20858,-0.679679,0.703229][0.659291,0.044612,0][-0.0185619,0.116092,0.128927][0.277476,-0.685631,0.672991][0.645431,0.041441,0][-0.0185619,0.116092,0.128927][0.277476,-0.685631,0.672991][0.645431,0.041441,0][0.00758416,0.117518,0.115568][0.434964,-0.678313,0.592198][0.645431,0.034861,0][0.0095456,0.149179,0.149911][0.326239,-0.683057,0.653454][0.657378,0.037544,0][-0.0515514,0.173877,0.181144][-0.114521,-0.573788,0.810958][0.660669,0.056672,0][-0.0740809,0.182059,0.179754][-0.336408,-0.442282,0.831394][0.658761,0.062725,0][-0.0934588,0.143473,0.151386][-0.302527,-0.452435,0.838916][0.645431,0.060258,0][-0.0934588,0.143473,0.151386][-0.302527,-0.452435,0.838916][0.645431,0.060258,0][-0.0708815,0.130071,0.147203][-0.080696,-0.593646,0.80067][0.645431,0.054309,0][-0.0515514,0.173877,0.181144][-0.114521,-0.573788,0.810958][0.660669,0.056672,0][-0.0934588,0.143473,0.151386][-0.302527,-0.452435,0.838916][0.645431,0.060258,0][-0.0740809,0.182059,0.179754][-0.336408,-0.442282,0.831394][0.658761,0.062725,0][-0.133024,0.202148,0.154301][-0.50959,-0.241093,0.825949][0.648527,0.07632,0][-0.133024,0.202148,0.154301][-0.50959,-0.241093,0.825949][0.648527,0.07632,0][-0.140098,0.194954,0.148071][-0.521907,-0.223769,0.823128][0.645431,0.075974,0][-0.0934588,0.143473,0.151386][-0.302527,-0.452435,0.838916][0.645431,0.060258,0][-0.140098,0.194954,0.148071][-0.521907,-0.223769,0.823128][0.645431,0.075974,0][-0.133024,0.202148,0.154301][-0.50959,-0.241093,0.825949][0.648527,0.07632,0][-0.14662,0.215154,0.145067][-0.616712,-0.0826891,0.782834][0.646363,0.080726,0][-0.14662,0.215154,0.145067][-0.616712,-0.0826891,0.782834][0.646363,0.080726,0][-0.149366,0.214349,0.142807][-0.605904,-0.0745752,0.792034][0.645431,0.080923,0][-0.140098,0.194954,0.148071][-0.521907,-0.223769,0.823128][0.645431,0.075974,0][-0.0153287,0.0832739,0.0926554][0.520569,-0.839834,-0.153906][0.633484,0.037544,0][-0.052025,0.0692326,0.0939828][0.354885,-0.933049,-0.0589575][0.628007,0.043993,0][-0.050886,0.0703757,0.0827485][0.360774,-0.928702,-0.0857546][0.626557,0.042988,0][-0.050886,0.0703757,0.0827485][0.360774,-0.928702,-0.0857546][0.626557,0.042988,0][-0.0129937,0.086972,0.0815116][0.575736,-0.800632,-0.165884][0.63249,0.036002,0][-0.0153287,0.0832739,0.0926554][0.520569,-0.839834,-0.153906][0.633484,0.037544,0][-0.052025,0.0692326,0.0939828][-0.724271,-0.6748,-0.141693][0.628007,0.043993,0][-0.0554541,0.0721491,0.0976313][-0.724424,-0.674663,-0.141565][0.628814,0.044921,0][-0.0544516,0.0733632,0.0867147][-0.72396,-0.675078,-0.141955][0.627431,0.043994,0][-0.0544516,0.0733632,0.0867147][-0.72396,-0.675078,-0.141955][0.627431,0.043994,0][-0.050886,0.0703757,0.0827485][-0.723812,-0.675211,-0.14208][0.626557,0.042988,0][-0.052025,0.0692326,0.0939828][-0.724271,-0.6748,-0.141693][0.628007,0.043993,0][-0.0554541,0.0721491,0.0976313][-0.819192,0.573513,-0.00266975][0.628814,0.044921,0][-0.0502326,0.0794692,0.103247][-0.816733,0.576969,0.00732234][0.631571,0.044612,0][-0.048984,0.0813685,0.0928504][-0.819128,0.573606,-0.00240242][0.630418,0.043658,0][-0.048984,0.0813685,0.0928504][-0.819128,0.573606,-0.00240242][0.630418,0.043658,0][-0.0544516,0.0733632,0.0867147][-0.821404,0.570221,-0.0120109][0.627431,0.043994,0][-0.0554541,0.0721491,0.0976313][-0.819192,0.573513,-0.00266975][0.628814,0.044921,0][0.0182553,0.114066,0.102016][0.829135,-0.530214,-0.177226][0.643068,0.031522,0][-0.0153287,0.0832739,0.0926554][0.520569,-0.839834,-0.153906][0.633484,0.037544,0][-0.0129937,0.086972,0.0815116][0.575736,-0.800632,-0.165884][0.63249,0.036002,0][-0.0129937,0.086972,0.0815116][0.575736,-0.800632,-0.165884][0.63249,0.036002,0][0.0206958,0.121507,0.0923583][0.866266,-0.47435,-0.156768][0.642871,0.02948,0][0.0182553,0.114066,0.102016][0.829135,-0.530214,-0.177226][0.643068,0.031522,0][0.0212611,0.120826,0.107293][0.959691,-0.280814,0.0116618][0.645431,0.031212,0][0.0182553,0.114066,0.102016][0.829135,-0.530214,-0.177226][0.643068,0.031522,0][0.0206958,0.121507,0.0923583][0.866266,-0.47435,-0.156768][0.642871,0.02948,0][0.0206958,0.121507,0.0923583][0.866266,-0.47435,-0.156768][0.642871,0.02948,0][0.0236341,0.128821,0.0982319][0.962759,-0.270004,0.0138851][0.645431,0.029144,0][0.0212611,0.120826,0.107293][0.959691,-0.280814,0.0116618][0.645431,0.031212,0][-0.0759518,0.0768299,0.10487][-0.109024,-0.990605,-0.0825546][0.628739,0.049137,0][-0.113402,0.0879095,0.110893][-0.289042,-0.956581,-0.0375312][0.627218,0.056508,0][-0.115113,0.0888197,0.100872][-0.28822,-0.956492,-0.0453132][0.625702,0.056545,0][-0.115113,0.0888197,0.100872][-0.28822,-0.956492,-0.0453132][0.625702,0.056545,0][-0.0758561,0.0777209,0.0945283][-0.0780965,-0.99224,-0.0967514][0.62735,0.04856,0][-0.0759518,0.0768299,0.10487][-0.109024,-0.990605,-0.0825546][0.628739,0.049137,0][-0.113402,0.0879095,0.110893][-0.851629,-0.516161,0.0911331][0.627218,0.056508,0][-0.116414,0.0933308,0.113921][-0.84974,-0.520163,0.0858633][0.62822,0.057588,0][-0.118178,0.0945914,0.104107][-0.852831,-0.513556,0.094544][0.626788,0.057715,0][-0.118178,0.0945914,0.104107][-0.852831,-0.513556,0.094544][0.626788,0.057715,0][-0.115113,0.0888197,0.100872][-0.854591,-0.509657,0.0996212][0.625702,0.056545,0][-0.113402,0.0879095,0.110893][-0.851629,-0.516161,0.0911331][0.627218,0.056508,0][-0.116414,0.0933308,0.113921][-0.391951,0.899401,0.193526][0.62822,0.057588,0][-0.108585,0.0959487,0.11728][-0.386744,0.900305,0.199701][0.630194,0.056672,0][-0.109859,0.097508,0.107783][-0.392541,0.899295,0.192823][0.628926,0.056723,0][-0.109859,0.097508,0.107783][-0.392541,0.899295,0.192823][0.628926,0.056723,0][-0.118178,0.0945914,0.104107][-0.397553,0.898357,0.186832][0.626788,0.057715,0][-0.116414,0.0933308,0.113921][-0.391951,0.899401,0.193526][0.62822,0.057588,0][-0.0502326,0.0794692,0.103247][0.116898,-0.982267,-0.146584][0.631571,0.044612,0][-0.0759518,0.0768299,0.10487][-0.109024,-0.990605,-0.0825546][0.628739,0.049137,0][-0.0758561,0.0777209,0.0945283][-0.0780965,-0.99224,-0.0967514][0.62735,0.04856,0][-0.0758561,0.0777209,0.0945283][-0.0780965,-0.99224,-0.0967514][0.62735,0.04856,0][-0.048984,0.0813685,0.0928504][0.122618,-0.978795,-0.164089][0.630418,0.043658,0][-0.0502326,0.0794692,0.103247][0.116898,-0.982267,-0.146584][0.631571,0.044612,0][-0.130327,0.118259,0.124755][-0.863993,-0.503124,0.0195537][0.632101,0.062725,0][-0.132152,0.121135,0.115544][-0.885002,-0.465377,0.0140117][0.630992,0.063279,0][-0.109859,0.097508,0.107783][-0.722462,-0.690903,-0.0265061][0.628926,0.056723,0][-0.109859,0.097508,0.107783][-0.722462,-0.690903,-0.0265061][0.628926,0.056723,0][-0.108585,0.0959487,0.11728][-0.719012,-0.694775,-0.0176109][0.630194,0.056672,0][-0.130327,0.118259,0.124755][-0.863993,-0.503124,0.0195537][0.632101,0.062725,0][-0.132152,0.121135,0.115544][-0.885002,-0.465377,0.0140117][0.630992,0.063279,0][-0.130327,0.118259,0.124755][-0.863993,-0.503124,0.0195537][0.632101,0.062725,0][-0.14866,0.190405,0.14123][-0.969731,-0.150142,-0.19256][0.642336,0.07632,0][-0.14866,0.190405,0.14123][-0.969731,-0.150142,-0.19256][0.642336,0.07632,0][-0.147803,0.197401,0.1323][-0.967951,-0.126453,-0.216981][0.642078,0.078005,0][-0.132152,0.121135,0.115544][-0.885002,-0.465377,0.0140117][0.630992,0.063279,0][-0.151491,0.211966,0.141038][-0.959945,-0.0824143,-0.267794][0.6445,0.080726,0][-0.149216,0.219793,0.131777][-0.954353,-0.0670417,-0.291059][0.644422,0.082778,0][-0.147803,0.197401,0.1323][-0.967951,-0.126453,-0.216981][0.642078,0.078005,0][-0.147803,0.197401,0.1323][-0.967951,-0.126453,-0.216981][0.642078,0.078005,0][-0.14866,0.190405,0.14123][-0.969731,-0.150142,-0.19256][0.642336,0.07632,0][-0.151491,0.211966,0.141038][-0.959945,-0.0824143,-0.267794][0.6445,0.080726,0][-0.149366,0.214349,0.142807][-0.69668,0.624362,0.353283][0.645431,0.080923,0][-0.14681,0.222244,0.133707][-0.685603,0.634107,0.357571][0.645431,0.082992,0][-0.149216,0.219793,0.131777][-0.788399,0.555808,0.263637][0.644422,0.082778,0][-0.149216,0.219793,0.131777][-0.788399,0.555808,0.263637][0.644422,0.082778,0][-0.151491,0.211966,0.141038][-0.807684,0.532996,0.252115][0.6445,0.080726,0][-0.149366,0.214349,0.142807][-0.69668,0.624362,0.353283][0.645431,0.080923,0][-0.0101569,0.163287,0.172366][-0.941229,0.337436,-0.0150217][0.662049,0.044921,0][-0.00686095,0.172314,0.168265][-0.941426,0.336884,-0.0150618][0.663432,0.043994,0][-0.00973576,0.163958,0.161052][-0.941207,0.337496,-0.0150173][0.660444,0.043658,0][-0.00973576,0.163958,0.161052][-0.941207,0.337496,-0.0150173][0.660444,0.043658,0][-0.0128327,0.155545,0.165731][-0.941002,0.338069,-0.0149758][0.659291,0.044612,0][-0.0101569,0.163287,0.172366][-0.941229,0.337436,-0.0150217][0.662049,0.044921,0][-0.00595994,0.165016,0.172923][-0.318945,0.481579,0.816306][0.662855,0.043993,0][-0.00266062,0.174337,0.168961][-0.359858,0.469955,0.806006][0.664305,0.042988,0][-0.00686095,0.172314,0.168265][-0.349483,0.473007,0.808781][0.663432,0.043994,0][-0.00686095,0.172314,0.168265][-0.349483,0.473007,0.808781][0.663432,0.043994,0][-0.0101569,0.163287,0.172366][-0.308202,0.484452,0.81873][0.662049,0.044921,0][-0.00595994,0.165016,0.172923][-0.318945,0.481579,0.816306][0.662855,0.043993,0][0.0095456,0.149179,0.149911][0.896218,-0.0159166,0.443328][0.657378,0.037544,0][0.0122626,0.158187,0.144434][0.906438,-0.00544643,0.422305][0.658372,0.036002,0][-0.00266062,0.174337,0.168961][0.82647,-0.0248986,0.56243][0.664305,0.042988,0][-0.00266062,0.174337,0.168961][0.82647,-0.0248986,0.56243][0.664305,0.042988,0][-0.00595994,0.165016,0.172923][0.814725,-0.0426001,0.578281][0.662855,0.043993,0][0.0095456,0.149179,0.149911][0.896218,-0.0159166,0.443328][0.657378,0.037544,0][0.0212611,0.120826,0.107293][0.959691,-0.280814,0.0116618][0.645431,0.031212,0][0.0236341,0.128821,0.0982319][0.962759,-0.270004,0.0138851][0.645431,0.029144,0][0.0243528,0.135254,0.105623][0.979616,-0.104943,0.171287][0.647991,0.02948,0][0.0243528,0.135254,0.105623][0.979616,-0.104943,0.171287][0.647991,0.02948,0][0.0220046,0.126886,0.114016][0.976342,-0.0876185,0.197686][0.647795,0.031522,0][0.0212611,0.120826,0.107293][0.959691,-0.280814,0.0116618][0.645431,0.031212,0][0.0220046,0.126886,0.114016][0.976342,-0.0876185,0.197686][0.647795,0.031522,0][0.0243528,0.135254,0.105623][0.979616,-0.104943,0.171287][0.647991,0.02948,0][0.0122626,0.158187,0.144434][0.906438,-0.00544643,0.422305][0.658372,0.036002,0][0.0122626,0.158187,0.144434][0.906438,-0.00544643,0.422305][0.658372,0.036002,0][0.0095456,0.149179,0.149911][0.896218,-0.0159166,0.443328][0.657378,0.037544,0][0.0220046,0.126886,0.114016][0.976342,-0.0876185,0.197686][0.647795,0.031522,0][-0.0506993,0.180595,0.185817][-0.924122,0.300092,-0.236525][0.662642,0.057588,0][-0.0468026,0.189,0.18195][-0.918813,0.319203,-0.232146][0.664074,0.057715,0][-0.0480118,0.181881,0.176948][-0.92299,0.304294,-0.235573][0.661936,0.056723,0][-0.0480118,0.181881,0.176948][-0.92299,0.304294,-0.235573][0.661936,0.056723,0][-0.0515514,0.173877,0.181144][-0.928123,0.284597,-0.239983][0.660669,0.056672,0][-0.0506993,0.180595,0.185817][-0.924122,0.300092,-0.236525][0.662642,0.057588,0][-0.0454739,0.1812,0.187282][-0.298788,0.503358,0.810775][0.663645,0.056508,0][-0.041473,0.189838,0.183605][-0.327771,0.494484,0.805016][0.66516,0.056545,0][-0.0468026,0.189,0.18195][-0.315995,0.498158,0.807456][0.664074,0.057715,0][-0.0468026,0.189,0.18195][-0.315995,0.498158,0.807456][0.664074,0.057715,0][-0.0506993,0.180595,0.185817][-0.286583,0.506928,0.812955][0.662642,0.057588,0][-0.0454739,0.1812,0.187282][-0.298788,0.503358,0.810775][0.663645,0.056508,0][-0.0454739,0.1812,0.187282][0.50151,0.144327,0.853028][0.663645,0.056508,0][-0.0242387,0.16689,0.177685][0.644263,0.102611,0.757889][0.662124,0.049137,0][-0.0207578,0.175548,0.173707][0.635134,0.0901104,0.767128][0.663513,0.04856,0][-0.0207578,0.175548,0.173707][0.635134,0.0901104,0.767128][0.663513,0.04856,0][-0.041473,0.189838,0.183605][0.500263,0.13252,0.855673][0.66516,0.056545,0][-0.0454739,0.1812,0.187282][0.50151,0.144327,0.853028][0.663645,0.056508,0][-0.0242387,0.16689,0.177685][0.644263,0.102611,0.757889][0.662124,0.049137,0][-0.0128327,0.155545,0.165731][0.75826,0.0806723,0.646942][0.659291,0.044612,0][-0.00973576,0.163958,0.161052][0.757424,0.0564918,0.650475][0.660444,0.043658,0][-0.00973576,0.163958,0.161052][0.757424,0.0564918,0.650475][0.660444,0.043658,0][-0.0207578,0.175548,0.173707][0.635134,0.0901104,0.767128][0.663513,0.04856,0][-0.0242387,0.16689,0.177685][0.644263,0.102611,0.757889][0.662124,0.049137,0][-0.0515514,0.173877,0.181144][0.0875835,0.44567,0.890903][0.660669,0.056672,0][-0.0480118,0.181881,0.176948][0.0775563,0.435824,0.896684][0.661936,0.056723,0][-0.0706346,0.18975,0.17508][-0.0245908,0.530503,0.847327][0.65987,0.063279,0][-0.0706346,0.18975,0.17508][-0.0245908,0.530503,0.847327][0.65987,0.063279,0][-0.0740809,0.182059,0.179754][-0.0162551,0.524571,0.851211][0.658761,0.062725,0][-0.0515514,0.173877,0.181144][0.0875835,0.44567,0.890903][0.660669,0.056672,0][-0.0706346,0.18975,0.17508][-0.0245908,0.530503,0.847327][0.65987,0.063279,0][-0.130619,0.20965,0.146576][0.0794586,0.707501,0.702231][0.648784,0.078005,0][-0.133024,0.202148,0.154301][-0.00230223,0.709581,0.70462][0.648527,0.07632,0][-0.133024,0.202148,0.154301][-0.00230223,0.709581,0.70462][0.648527,0.07632,0][-0.0740809,0.182059,0.179754][-0.0162551,0.524571,0.851211][0.658761,0.062725,0][-0.0706346,0.18975,0.17508][-0.0245908,0.530503,0.847327][0.65987,0.063279,0][-0.149366,0.214349,0.142807][-0.69668,0.624362,0.353283][0.645431,0.080923,0][-0.14662,0.215154,0.145067][-0.568002,0.693567,0.443102][0.646363,0.080726,0][-0.143875,0.223067,0.1362][-0.569208,0.693377,0.441849][0.646441,0.082778,0][-0.143875,0.223067,0.1362][-0.569208,0.693377,0.441849][0.646441,0.082778,0][-0.14681,0.222244,0.133707][-0.685603,0.634107,0.357571][0.645431,0.082992,0][-0.149366,0.214349,0.142807][-0.69668,0.624362,0.353283][0.645431,0.080923,0][-0.14662,0.215154,0.145067][0.175397,0.699806,0.692465][0.646363,0.080726,0][-0.133024,0.202148,0.154301][-0.00230223,0.709581,0.70462][0.648527,0.07632,0][-0.130619,0.20965,0.146576][0.0794586,0.707501,0.702231][0.648784,0.078005,0][-0.130619,0.20965,0.146576][0.0794586,0.707501,0.702231][0.648784,0.078005,0][-0.143875,0.223067,0.1362][0.178231,0.706088,0.685327][0.646441,0.082778,0][-0.14662,0.215154,0.145067][0.175397,0.699806,0.692465][0.646363,0.080726,0][0.0181691,0.231478,0.0655355][-0.0187243,0.393758,0.919024][0.692975,0.20449,0][0.017929,0.213081,0.0734115][-0.0192406,0.350363,0.936416][0.68978,0.201821,0][0.0402691,0.207578,0.0729458][0.216711,0.292227,0.931472][0.692347,0.196673,0][0.0402691,0.207578,0.0729458][0.216711,0.292227,0.931472][0.692347,0.196673,0][0.0482871,0.224044,0.064906][0.235815,0.331216,0.913612][0.696434,0.197547,0][0.0181691,0.231478,0.0655355][-0.0187243,0.393758,0.919024][0.692975,0.20449,0][0.0482871,0.224044,0.064906][0.235815,0.331216,0.913612][0.696434,0.197547,0][0.0402691,0.207578,0.0729458][0.216711,0.292227,0.931472][0.692347,0.196673,0][0.057482,0.192483,0.0706742][0.398557,0.132843,0.907472][0.692268,0.190977,0][0.057482,0.192483,0.0706742][0.398557,0.132843,0.907472][0.692268,0.190977,0][0.071502,0.203697,0.0618433][0.431804,0.159279,0.887793][0.696328,0.189867,0][0.0482871,0.224044,0.064906][0.235815,0.331216,0.913612][0.696434,0.197547,0][0.071502,0.203697,0.0618433][0.431804,0.159279,0.887793][0.696328,0.189867,0][0.057482,0.192483,0.0706742][0.398557,0.132843,0.907472][0.692268,0.190977,0][0.065639,0.171268,0.0671182][0.484658,-0.091239,0.869932][0.689561,0.186039,0][0.065639,0.171268,0.0671182][0.484658,-0.091239,0.869932][0.689561,0.186039,0][0.0825,0.175095,0.0570487][0.524696,-0.0823711,0.847295][0.692678,0.183209,0][0.071502,0.203697,0.0618433][0.431804,0.159279,0.887793][0.696328,0.189867,0][0.0825,0.175095,0.0570487][0.524696,-0.0823711,0.847295][0.692678,0.183209,0][0.065639,0.171268,0.0671182][0.484658,-0.091239,0.869932][0.689561,0.186039,0][0.062866,0.148786,0.063091][0.455386,-0.328667,0.827407][0.684847,0.182989,0][0.062866,0.148786,0.063091][0.455386,-0.328667,0.827407][0.684847,0.182989,0][0.078761,0.144777,0.0516187][0.493117,-0.338437,0.801434][0.686322,0.179098,0][0.0825,0.175095,0.0570487][0.524696,-0.0823711,0.847295][0.692678,0.183209,0][0.078761,0.144777,0.0516187][0.493117,-0.338437,0.801434][0.686322,0.179098,0][0.062866,0.148786,0.063091][0.455386,-0.328667,0.827407][0.684847,0.182989,0][0.049799,0.130184,0.0595156][0.317346,-0.5251,0.789659][0.679205,0.182528,0][0.049799,0.130184,0.0595156][0.317346,-0.5251,0.789659][0.679205,0.182528,0][0.061143,0.119704,0.0467984][0.344316,-0.550268,0.760692][0.678716,0.178476,0][0.078761,0.144777,0.0516187][0.493117,-0.338437,0.801434][0.686322,0.179098,0][0.061143,0.119704,0.0467984][0.344316,-0.550268,0.760692][0.678716,0.178476,0][0.049799,0.130184,0.0595156][0.317346,-0.5251,0.789659][0.679205,0.182528,0][0.029429,0.119736,0.0572121][0.102247,-0.635474,0.765323][0.673929,0.184759,0][0.029429,0.119736,0.0572121][0.102247,-0.635474,0.765323][0.673929,0.184759,0][0.0336791,0.105609,0.0436917][0.112333,-0.669207,0.734536][0.671601,0.181485,0][0.061143,0.119704,0.0467984][0.344316,-0.550268,0.760692][0.678716,0.178476,0][0.0336791,0.105609,0.0436917][0.112333,-0.669207,0.734536][0.671601,0.181485,0][0.029429,0.119736,0.0572121][0.102247,-0.635474,0.765323][0.673929,0.184759,0][0.00642908,0.119825,0.0567069][-0.140636,-0.634511,0.760011][0.670225,0.189173,0][0.00642908,0.119825,0.0567069][-0.140636,-0.634511,0.760011][0.670225,0.189173,0][0.00266902,0.105729,0.0430111][-0.149609,-0.668224,0.728762][0.666608,0.187436,0][0.0336791,0.105609,0.0436917][0.112333,-0.669207,0.734536][0.671601,0.181485,0][0.00266902,0.105729,0.0430111][-0.149609,-0.668224,0.728762][0.666608,0.187436,0][0.00642908,0.119825,0.0567069][-0.140636,-0.634511,0.760011][0.670225,0.189173,0][-0.013941,0.130431,0.0581161][-0.35576,-0.522512,0.774865][0.668945,0.194758,0][-0.013941,0.130431,0.0581161][-0.35576,-0.522512,0.774865][0.668945,0.194758,0][-0.0247909,0.120036,0.0449124][-0.381672,-0.547501,0.744694][0.664881,0.194965,0][0.00266902,0.105729,0.0430111][-0.149609,-0.668224,0.728762][0.666608,0.187436,0][-0.0247909,0.120036,0.0449124][-0.381672,-0.547501,0.744694][0.664881,0.194965,0][-0.013941,0.130431,0.0581161][-0.35576,-0.522512,0.774865][0.668945,0.194758,0][-0.027011,0.149134,0.0611184][-0.493836,-0.325016,0.80653][0.67038,0.200234,0][-0.027011,0.149134,0.0611184][-0.493836,-0.325016,0.80653][0.67038,0.200234,0][-0.042411,0.145246,0.0489597][-0.530489,-0.334536,0.778889][0.666815,0.202349,0][-0.0247909,0.120036,0.0449124][-0.381672,-0.547501,0.744694][0.664881,0.194965,0][-0.042411,0.145246,0.0489597][-0.530489,-0.334536,0.778889][0.666815,0.202349,0][-0.027011,0.149134,0.0611184][-0.493836,-0.325016,0.80653][0.67038,0.200234,0][-0.0297809,0.171638,0.0650245][-0.523101,-0.0872906,0.847789][0.6742,0.204348,0][-0.0297809,0.171638,0.0650245][-0.523101,-0.0872906,0.847789][0.6742,0.204348,0][-0.046151,0.175593,0.0542253][-0.562051,-0.0781185,0.823405][0.671968,0.207895,0][-0.042411,0.145246,0.0489597][-0.530489,-0.334536,0.778889][0.666815,0.202349,0][-0.046151,0.175593,0.0542253][-0.562051,-0.0781185,0.823405][0.671968,0.207895,0][-0.0297809,0.171638,0.0650245][-0.523101,-0.0872906,0.847789][0.6742,0.204348,0][-0.021621,0.192789,0.068938][-0.436955,0.136189,0.889114][0.679534,0.206156,0][-0.021621,0.192789,0.068938][-0.436955,0.136189,0.889114][0.679534,0.206156,0][-0.035151,0.20411,0.0595024][-0.469117,0.162783,0.868004][0.679158,0.210333,0][-0.046151,0.175593,0.0542253][-0.562051,-0.0781185,0.823405][0.671968,0.207895,0][-0.035151,0.20411,0.0595024][-0.469117,0.162783,0.868004][0.679158,0.210333,0][-0.021621,0.192789,0.068938][-0.436955,0.136189,0.889114][0.679534,0.206156,0][-0.00440091,0.207751,0.071966][-0.255028,0.294066,0.921133][0.685157,0.205244,0][-0.00440091,0.207751,0.071966][-0.255028,0.294066,0.921133][0.685157,0.205244,0][-0.0119409,0.224277,0.0635845][-0.273042,0.333068,0.902504][0.68674,0.209104,0][-0.035151,0.20411,0.0595024][-0.469117,0.162783,0.868004][0.679158,0.210333,0][-0.0119409,0.224277,0.0635845][-0.273042,0.333068,0.902504][0.68674,0.209104,0][-0.00440091,0.207751,0.071966][-0.255028,0.294066,0.921133][0.685157,0.205244,0][0.017929,0.213081,0.0734115][-0.0192406,0.350363,0.936416][0.68978,0.201821,0][0.017929,0.213081,0.0734115][-0.0192406,0.350363,0.936416][0.68978,0.201821,0][0.0181691,0.231478,0.0655355][-0.0187243,0.393758,0.919024][0.692975,0.20449,0][-0.0119409,0.224277,0.0635845][-0.273042,0.333068,0.902504][0.68674,0.209104,0][0.017929,0.213081,0.0734115][-0.0192406,0.350363,0.936416][0.68978,0.201821,0][0.0178091,0.201478,0.0769616][-0.0205892,0.212333,0.976981][0.687727,0.200105,0][0.0351189,0.197206,0.0766003][0.15528,0.168841,0.973335][0.689716,0.196114,0][0.0351189,0.197206,0.0766003][0.15528,0.168841,0.973335][0.689716,0.196114,0][0.0402691,0.207578,0.0729458][0.216711,0.292227,0.931472][0.692347,0.196673,0][0.017929,0.213081,0.0734115][-0.0192406,0.350363,0.936416][0.68978,0.201821,0][0.0402691,0.207578,0.0729458][0.216711,0.292227,0.931472][0.692347,0.196673,0][0.0351189,0.197206,0.0766003][0.15528,0.168841,0.973335][0.689716,0.196114,0][0.048461,0.185514,0.0748402][0.290975,0.0499666,0.955425][0.689655,0.1917,0][0.048461,0.185514,0.0748402][0.290975,0.0499666,0.955425][0.689655,0.1917,0][0.057482,0.192483,0.0706742][0.398557,0.132843,0.907472][0.692268,0.190977,0][0.0402691,0.207578,0.0729458][0.216711,0.292227,0.931472][0.692347,0.196673,0][0.057482,0.192483,0.0706742][0.398557,0.132843,0.907472][0.692268,0.190977,0][0.048461,0.185514,0.0748402][0.290975,0.0499666,0.955425][0.689655,0.1917,0][0.054784,0.169063,0.0720826][0.355219,-0.11722,0.927405][0.687557,0.187871,0][0.054784,0.169063,0.0720826][0.355219,-0.11722,0.927405][0.687557,0.187871,0][0.065639,0.171268,0.0671182][0.484658,-0.091239,0.869932][0.689561,0.186039,0][0.057482,0.192483,0.0706742][0.398557,0.132843,0.907472][0.692268,0.190977,0][0.065639,0.171268,0.0671182][0.484658,-0.091239,0.869932][0.689561,0.186039,0][0.054784,0.169063,0.0720826][0.355219,-0.11722,0.927405][0.687557,0.187871,0][0.0526341,0.15164,0.0689618][0.333391,-0.294366,0.895656][0.683903,0.185508,0][0.0526341,0.15164,0.0689618][0.333391,-0.294366,0.895656][0.683903,0.185508,0][0.062866,0.148786,0.063091][0.455386,-0.328667,0.827407][0.684847,0.182989,0][0.065639,0.171268,0.0671182][0.484658,-0.091239,0.869932][0.689561,0.186039,0][0.062866,0.148786,0.063091][0.455386,-0.328667,0.827407][0.684847,0.182989,0][0.0526341,0.15164,0.0689618][0.333391,-0.294366,0.895656][0.683903,0.185508,0][0.0425071,0.137232,0.0661918][0.230435,-0.440727,0.867559][0.679531,0.185151,0][0.0425071,0.137232,0.0661918][0.230435,-0.440727,0.867559][0.679531,0.185151,0][0.049799,0.130184,0.0595156][0.317346,-0.5251,0.789659][0.679205,0.182528,0][0.062866,0.148786,0.063091][0.455386,-0.328667,0.827407][0.684847,0.182989,0][0.049799,0.130184,0.0595156][0.317346,-0.5251,0.789659][0.679205,0.182528,0][0.0425071,0.137232,0.0661918][0.230435,-0.440727,0.867559][0.679531,0.185151,0][0.026719,0.129129,0.0644066][0.0699684,-0.52313,0.849376][0.675441,0.186881,0][0.026719,0.129129,0.0644066][0.0699684,-0.52313,0.849376][0.675441,0.186881,0][0.029429,0.119736,0.0572121][0.102247,-0.635474,0.765323][0.673929,0.184759,0][0.049799,0.130184,0.0595156][0.317346,-0.5251,0.789659][0.679205,0.182528,0][0.029429,0.119736,0.0572121][0.102247,-0.635474,0.765323][0.673929,0.184759,0][0.026719,0.129129,0.0644066][0.0699684,-0.52313,0.849376][0.675441,0.186881,0][0.00888901,0.129198,0.0640146][-0.111305,-0.522455,0.845371][0.672571,0.190301,0][0.00888901,0.129198,0.0640146][-0.111305,-0.522455,0.845371][0.672571,0.190301,0][0.00642908,0.119825,0.0567069][-0.140636,-0.634511,0.760011][0.670225,0.189173,0][0.029429,0.119736,0.0572121][0.102247,-0.635474,0.765323][0.673929,0.184759,0][0.00642908,0.119825,0.0567069][-0.140636,-0.634511,0.760011][0.670225,0.189173,0][0.00888901,0.129198,0.0640146][-0.111305,-0.522455,0.845371][0.672571,0.190301,0][-0.00689094,0.137423,0.0651085][-0.271602,-0.438832,0.856539][0.671579,0.19463,0][-0.00689094,0.137423,0.0651085][-0.271602,-0.438832,0.856539][0.671579,0.19463,0][-0.013941,0.130431,0.0581161][-0.35576,-0.522512,0.774865][0.668945,0.194758,0][0.00642908,0.119825,0.0567069][-0.140636,-0.634511,0.760011][0.670225,0.189173,0][-0.013941,0.130431,0.0581161][-0.35576,-0.522512,0.774865][0.668945,0.194758,0][-0.00689094,0.137423,0.0651085][-0.271602,-0.438832,0.856539][0.671579,0.19463,0][-0.017021,0.15191,0.0674334][-0.374545,-0.291598,0.880163][0.67269,0.198874,0][-0.017021,0.15191,0.0674334][-0.374545,-0.291598,0.880163][0.67269,0.198874,0][-0.027011,0.149134,0.0611184][-0.493836,-0.325016,0.80653][0.67038,0.200234,0][-0.013941,0.130431,0.0581161][-0.35576,-0.522512,0.774865][0.668945,0.194758,0][-0.027011,0.149134,0.0611184][-0.493836,-0.325016,0.80653][0.67038,0.200234,0][-0.017021,0.15191,0.0674334][-0.374545,-0.291598,0.880163][0.67269,0.198874,0][-0.0191709,0.169349,0.0704597][-0.396411,-0.114355,0.910924][0.675652,0.202062,0][-0.0191709,0.169349,0.0704597][-0.396411,-0.114355,0.910924][0.675652,0.202062,0][-0.0297809,0.171638,0.0650245][-0.523101,-0.0872906,0.847789][0.6742,0.204348,0][-0.027011,0.149134,0.0611184][-0.493836,-0.325016,0.80653][0.67038,0.200234,0][-0.0297809,0.171638,0.0650245][-0.523101,-0.0872906,0.847789][0.6742,0.204348,0][-0.0191709,0.169349,0.0704597][-0.396411,-0.114355,0.910924][0.675652,0.202062,0][-0.0128509,0.185751,0.073495][-0.332241,0.0525246,0.941731][0.679786,0.203463,0][-0.0128509,0.185751,0.073495][-0.332241,0.0525246,0.941731][0.679786,0.203463,0][-0.021621,0.192789,0.068938][-0.436955,0.136189,0.889114][0.679534,0.206156,0][-0.0297809,0.171638,0.0650245][-0.523101,-0.0872906,0.847789][0.6742,0.204348,0][-0.021621,0.192789,0.068938][-0.436955,0.136189,0.889114][0.679534,0.206156,0][-0.0128509,0.185751,0.073495][-0.332241,0.0525246,0.941731][0.679786,0.203463,0][0.000499029,0.19734,0.07584][-0.196551,0.170213,0.965606][0.684143,0.202757,0][0.000499029,0.19734,0.07584][-0.196551,0.170213,0.965606][0.684143,0.202757,0][-0.00440091,0.207751,0.071966][-0.255028,0.294066,0.921133][0.685157,0.205244,0][-0.021621,0.192789,0.068938][-0.436955,0.136189,0.889114][0.679534,0.206156,0][-0.00440091,0.207751,0.071966][-0.255028,0.294066,0.921133][0.685157,0.205244,0][0.000499029,0.19734,0.07584][-0.196551,0.170213,0.965606][0.684143,0.202757,0][0.0178091,0.201478,0.0769616][-0.0205892,0.212333,0.976981][0.687727,0.200105,0][0.0178091,0.201478,0.0769616][-0.0205892,0.212333,0.976981][0.687727,0.200105,0][0.017929,0.213081,0.0734115][-0.0192406,0.350363,0.936416][0.68978,0.201821,0][-0.00440091,0.207751,0.071966][-0.255028,0.294066,0.921133][0.685157,0.205244,0][0.0178091,0.201478,0.0769616][-0.0205892,0.212333,0.976981][0.687727,0.200105,0][0.017659,0.176612,0.079541][-0.0183125,0.412459,0.910792][0.683194,0.196308,0][0.023799,0.175102,0.0794137][0.239328,0.370661,0.897403][0.6839,0.194893,0][0.023799,0.175102,0.0794137][0.239328,0.370661,0.897403][0.6839,0.194893,0][0.0351189,0.197206,0.0766003][0.15528,0.168841,0.973335][0.689716,0.196114,0][0.0178091,0.201478,0.0769616][-0.0205892,0.212333,0.976981][0.687727,0.200105,0][0.0351189,0.197206,0.0766003][0.15528,0.168841,0.973335][0.689716,0.196114,0][0.023799,0.175102,0.0794137][0.239328,0.370661,0.897403][0.6839,0.194893,0][0.0285291,0.170947,0.0787877][0.487006,0.24174,0.839278][0.683879,0.193326,0][0.0285291,0.170947,0.0787877][0.487006,0.24174,0.839278][0.683879,0.193326,0][0.048461,0.185514,0.0748402][0.290975,0.0499666,0.955425][0.689655,0.1917,0][0.0351189,0.197206,0.0766003][0.15528,0.168841,0.973335][0.689716,0.196114,0][0.048461,0.185514,0.0748402][0.290975,0.0499666,0.955425][0.689655,0.1917,0][0.0285291,0.170947,0.0787877][0.487006,0.24174,0.839278][0.683879,0.193326,0][0.0307691,0.165118,0.0778107][0.691006,0.00519283,0.72283][0.683134,0.191969,0][0.0307691,0.165118,0.0778107][0.691006,0.00519283,0.72283][0.683134,0.191969,0][0.054784,0.169063,0.0720826][0.355219,-0.11722,0.927405][0.687557,0.187871,0][0.048461,0.185514,0.0748402][0.290975,0.0499666,0.955425][0.689655,0.1917,0][0.054784,0.169063,0.0720826][0.355219,-0.11722,0.927405][0.687557,0.187871,0][0.0307691,0.165118,0.0778107][0.691006,0.00519283,0.72283][0.683134,0.191969,0][0.0300091,0.158937,0.0767034][0.762988,-0.340379,0.549537][0.681838,0.191131,0][0.0300091,0.158937,0.0767034][0.762988,-0.340379,0.549537][0.681838,0.191131,0][0.0526341,0.15164,0.0689618][0.333391,-0.294366,0.895656][0.683903,0.185508,0][0.054784,0.169063,0.0720826][0.355219,-0.11722,0.927405][0.687557,0.187871,0][0.0526341,0.15164,0.0689618][0.333391,-0.294366,0.895656][0.683903,0.185508,0][0.0300091,0.158937,0.0767034][0.762988,-0.340379,0.549537][0.681838,0.191131,0][0.0264191,0.15382,0.07572][0.601643,-0.706537,0.372601][0.680287,0.191003,0][0.0264191,0.15382,0.07572][0.601643,-0.706537,0.372601][0.680287,0.191003,0][0.0425071,0.137232,0.0661918][0.230435,-0.440727,0.867559][0.679531,0.185151,0][0.0526341,0.15164,0.0689618][0.333391,-0.294366,0.895656][0.683903,0.185508,0][0.0425071,0.137232,0.0661918][0.230435,-0.440727,0.867559][0.679531,0.185151,0][0.0264191,0.15382,0.07572][0.601643,-0.706537,0.372601][0.680287,0.191003,0][0.020819,0.150946,0.0750863][0.222518,-0.939098,0.261879][0.678836,0.191617,0][0.020819,0.150946,0.0750863][0.222518,-0.939098,0.261879][0.678836,0.191617,0][0.026719,0.129129,0.0644066][0.0699684,-0.52313,0.849376][0.675441,0.186881,0][0.0425071,0.137232,0.0661918][0.230435,-0.440727,0.867559][0.679531,0.185151,0][0.026719,0.129129,0.0644066][0.0699684,-0.52313,0.849376][0.675441,0.186881,0][0.020819,0.150946,0.0750863][0.222518,-0.939098,0.261879][0.678836,0.191617,0][0.014489,0.150971,0.0749475][-0.240983,-0.937324,0.251699][0.677818,0.19283,0][0.014489,0.150971,0.0749475][-0.240983,-0.937324,0.251699][0.677818,0.19283,0][0.00888901,0.129198,0.0640146][-0.111305,-0.522455,0.845371][0.672571,0.190301,0][0.026719,0.129129,0.0644066][0.0699684,-0.52313,0.849376][0.675441,0.186881,0][0.00888901,0.129198,0.0640146][-0.111305,-0.522455,0.845371][0.672571,0.190301,0][0.014489,0.150971,0.0749475][-0.240983,-0.937324,0.251699][0.677818,0.19283,0][0.00888904,0.153887,0.0753358][-0.623027,-0.701614,0.345797][0.677465,0.194366,0][0.00888904,0.153887,0.0753358][-0.623027,-0.701614,0.345797][0.677465,0.194366,0][-0.00689094,0.137423,0.0651085][-0.271602,-0.438832,0.856539][0.671579,0.19463,0][0.00888901,0.129198,0.0640146][-0.111305,-0.522455,0.845371][0.672571,0.190301,0][-0.00689094,0.137423,0.0651085][-0.271602,-0.438832,0.856539][0.671579,0.19463,0][0.00888904,0.153887,0.0753358][-0.623027,-0.701614,0.345797][0.677465,0.194366,0][0.00529909,0.159032,0.0761608][-0.788904,-0.334567,0.515457][0.67786,0.195872,0][0.00529909,0.159032,0.0761608][-0.788904,-0.334567,0.515457][0.67786,0.195872,0][-0.017021,0.15191,0.0674334][-0.374545,-0.291598,0.880163][0.67269,0.198874,0][-0.00689094,0.137423,0.0651085][-0.271602,-0.438832,0.856539][0.671579,0.19463,0][-0.017021,0.15191,0.0674334][-0.374545,-0.291598,0.880163][0.67269,0.198874,0][0.00529909,0.159032,0.0761608][-0.788904,-0.334567,0.515457][0.67786,0.195872,0][0.00453911,0.16522,0.0772356][-0.721878,0.0107534,0.691937][0.678911,0.197003,0][0.00453911,0.16522,0.0772356][-0.721878,0.0107534,0.691937][0.678911,0.197003,0][-0.0191709,0.169349,0.0704597][-0.396411,-0.114355,0.910924][0.675652,0.202062,0][-0.017021,0.15191,0.0674334][-0.374545,-0.291598,0.880163][0.67269,0.198874,0][-0.0191709,0.169349,0.0704597][-0.396411,-0.114355,0.910924][0.675652,0.202062,0][0.00453911,0.16522,0.0772356][-0.721878,0.0107534,0.691937][0.678911,0.197003,0][0.00677904,0.171031,0.0783101][-0.521485,0.245455,0.817193][0.680377,0.1975,0][0.00677904,0.171031,0.0783101][-0.521485,0.245455,0.817193][0.680377,0.1975,0][-0.0128509,0.185751,0.073495][-0.332241,0.0525246,0.941731][0.679786,0.203463,0][-0.0191709,0.169349,0.0704597][-0.396411,-0.114355,0.910924][0.675652,0.202062,0][-0.0128509,0.185751,0.073495][-0.332241,0.0525246,0.941731][0.679786,0.203463,0][0.00677904,0.171031,0.0783101][-0.521485,0.245455,0.817193][0.680377,0.1975,0][0.011509,0.175149,0.0791438][-0.27542,0.372737,0.886121][0.681923,0.197249,0][0.011509,0.175149,0.0791438][-0.27542,0.372737,0.886121][0.681923,0.197249,0][0.000499029,0.19734,0.07584][-0.196551,0.170213,0.965606][0.684143,0.202757,0][-0.0128509,0.185751,0.073495][-0.332241,0.0525246,0.941731][0.679786,0.203463,0][0.000499029,0.19734,0.07584][-0.196551,0.170213,0.965606][0.684143,0.202757,0][0.011509,0.175149,0.0791438][-0.27542,0.372737,0.886121][0.681923,0.197249,0][0.017659,0.176612,0.079541][-0.0183125,0.412459,0.910792][0.683194,0.196308,0][0.017659,0.176612,0.079541][-0.0183125,0.412459,0.910792][0.683194,0.196308,0][0.0178091,0.201478,0.0769616][-0.0205892,0.212333,0.976981][0.687727,0.200105,0][0.000499029,0.19734,0.07584][-0.196551,0.170213,0.965606][0.684143,0.202757,0][0.023799,0.175102,0.0794137][0.239328,0.370661,0.897403][0.6839,0.194893,0][0.017659,0.176612,0.079541][-0.0183125,0.412459,0.910792][0.683194,0.196308,0][0.017409,0.167997,0.0891285][-0.0111571,0.765272,0.64361][0.681857,0.195197,0][0.017409,0.167997,0.0891285][-0.0111571,0.765272,0.64361][0.681857,0.195197,0][0.023549,0.166486,0.0890002][0.410117,0.691711,0.594424][0.682562,0.193781,0][0.023799,0.175102,0.0794137][0.239328,0.370661,0.897403][0.6839,0.194893,0][0.0285291,0.170947,0.0787877][0.487006,0.24174,0.839278][0.683879,0.193326,0][0.023799,0.175102,0.0794137][0.239328,0.370661,0.897403][0.6839,0.194893,0][0.023549,0.166486,0.0890002][0.410117,0.691711,0.594424][0.682562,0.193781,0][0.023549,0.166486,0.0890002][0.410117,0.691711,0.594424][0.682562,0.193781,0][0.028289,0.162341,0.088377][0.781957,0.463786,0.416467][0.68254,0.192215,0][0.0285291,0.170947,0.0787877][0.487006,0.24174,0.839278][0.683879,0.193326,0][0.0307691,0.165118,0.0778107][0.691006,0.00519283,0.72283][0.683134,0.191969,0][0.0285291,0.170947,0.0787877][0.487006,0.24174,0.839278][0.683879,0.193326,0][0.028289,0.162341,0.088377][0.781957,0.463786,0.416467][0.68254,0.192215,0][0.028289,0.162341,0.088377][0.781957,0.463786,0.416467][0.68254,0.192215,0][0.0305291,0.156503,0.0873982][0.988989,0.0986883,0.110282][0.681796,0.190858,0][0.0307691,0.165118,0.0778107][0.691006,0.00519283,0.72283][0.683134,0.191969,0][0.0300091,0.158937,0.0767034][0.762988,-0.340379,0.549537][0.681838,0.191131,0][0.0307691,0.165118,0.0778107][0.691006,0.00519283,0.72283][0.683134,0.191969,0][0.0305291,0.156503,0.0873982][0.988989,0.0986883,0.110282][0.681796,0.190858,0][0.0305291,0.156503,0.0873982][0.988989,0.0986883,0.110282][0.681796,0.190858,0][0.0297691,0.150321,0.0862909][0.922713,-0.285639,-0.258865][0.680499,0.190019,0][0.0300091,0.158937,0.0767034][0.762988,-0.340379,0.549537][0.681838,0.191131,0][0.0264191,0.15382,0.07572][0.601643,-0.706537,0.372601][0.680287,0.191003,0][0.0300091,0.158937,0.0767034][0.762988,-0.340379,0.549537][0.681838,0.191131,0][0.0297691,0.150321,0.0862909][0.922713,-0.285639,-0.258865][0.680499,0.190019,0][0.0297691,0.150321,0.0862909][0.922713,-0.285639,-0.258865][0.680499,0.190019,0][0.026169,0.145204,0.0853075][0.613686,-0.528445,-0.586631][0.678948,0.189892,0][0.0264191,0.15382,0.07572][0.601643,-0.706537,0.372601][0.680287,0.191003,0][0.020819,0.150946,0.0750863][0.222518,-0.939098,0.261879][0.678836,0.191617,0][0.0264191,0.15382,0.07572][0.601643,-0.706537,0.372601][0.680287,0.191003,0][0.026169,0.145204,0.0853075][0.613686,-0.528445,-0.586631][0.678948,0.189892,0][0.026169,0.145204,0.0853075][0.613686,-0.528445,-0.586631][0.678948,0.189892,0][0.0205691,0.14234,0.0846756][0.218324,-0.587499,-0.779217][0.677497,0.190505,0][0.020819,0.150946,0.0750863][0.222518,-0.939098,0.261879][0.678836,0.191617,0][0.020819,0.150946,0.0750863][0.222518,-0.939098,0.261879][0.678836,0.191617,0][0.0205691,0.14234,0.0846756][0.218324,-0.587499,-0.779217][0.677497,0.190505,0][0.014249,0.142365,0.0845367][-0.188482,-0.585976,-0.788103][0.67648,0.191719,0][0.014249,0.142365,0.0845367][-0.188482,-0.585976,-0.788103][0.67648,0.191719,0][0.014489,0.150971,0.0749475][-0.240983,-0.937324,0.251699][0.677818,0.19283,0][0.020819,0.150946,0.0750863][0.222518,-0.939098,0.261879][0.678836,0.191617,0][0.014489,0.150971,0.0749475][-0.240983,-0.937324,0.251699][0.677818,0.19283,0][0.014249,0.142365,0.0845367][-0.188482,-0.585976,-0.788103][0.67648,0.191719,0][0.00864912,0.145272,0.0849224][-0.591867,-0.523487,-0.612907][0.676127,0.193255,0][0.00864912,0.145272,0.0849224][-0.591867,-0.523487,-0.612907][0.676127,0.193255,0][0.00888904,0.153887,0.0753358][-0.623027,-0.701614,0.345797][0.677465,0.194366,0][0.014489,0.150971,0.0749475][-0.240983,-0.937324,0.251699][0.677818,0.19283,0][0.00888904,0.153887,0.0753358][-0.623027,-0.701614,0.345797][0.677465,0.194366,0][0.00864912,0.145272,0.0849224][-0.591867,-0.523487,-0.612907][0.676127,0.193255,0][0.00505907,0.150417,0.0857484][-0.912608,-0.278706,-0.299115][0.676522,0.194761,0][0.00505907,0.150417,0.0857484][-0.912608,-0.278706,-0.299115][0.676522,0.194761,0][0.00529909,0.159032,0.0761608][-0.788904,-0.334567,0.515457][0.67786,0.195872,0][0.00888904,0.153887,0.0753358][-0.623027,-0.701614,0.345797][0.677465,0.194366,0][0.00529909,0.159032,0.0761608][-0.788904,-0.334567,0.515457][0.67786,0.195872,0][0.00505907,0.150417,0.0857484][-0.912608,-0.278706,-0.299115][0.676522,0.194761,0][0.00428907,0.156604,0.0868221][-0.992092,0.106236,0.0668426][0.677573,0.195892,0][0.00428907,0.156604,0.0868221][-0.992092,0.106236,0.0668426][0.677573,0.195892,0][0.00453911,0.16522,0.0772356][-0.721878,0.0107534,0.691937][0.678911,0.197003,0][0.00529909,0.159032,0.0761608][-0.788904,-0.334567,0.515457][0.67786,0.195872,0][0.00453911,0.16522,0.0772356][-0.721878,0.0107534,0.691937][0.678911,0.197003,0][0.00428907,0.156604,0.0868221][-0.992092,0.106236,0.0668426][0.677573,0.195892,0][0.00653907,0.162426,0.0878994][-0.795748,0.470043,0.381896][0.679038,0.196388,0][0.00653907,0.162426,0.0878994][-0.795748,0.470043,0.381896][0.679038,0.196388,0][0.00677904,0.171031,0.0783101][-0.521485,0.245455,0.817193][0.680377,0.1975,0][0.00453911,0.16522,0.0772356][-0.721878,0.0107534,0.691937][0.678911,0.197003,0][0.00677904,0.171031,0.0783101][-0.521485,0.245455,0.817193][0.680377,0.1975,0][0.00653907,0.162426,0.0878994][-0.795748,0.470043,0.381896][0.679038,0.196388,0][0.011269,0.166533,0.0887313][-0.430801,0.694817,0.575882][0.680584,0.196137,0][0.011269,0.166533,0.0887313][-0.430801,0.694817,0.575882][0.680584,0.196137,0][0.011509,0.175149,0.0791438][-0.27542,0.372737,0.886121][0.681923,0.197249,0][0.00677904,0.171031,0.0783101][-0.521485,0.245455,0.817193][0.680377,0.1975,0][0.011509,0.175149,0.0791438][-0.27542,0.372737,0.886121][0.681923,0.197249,0][0.011269,0.166533,0.0887313][-0.430801,0.694817,0.575882][0.680584,0.196137,0][0.017409,0.167997,0.0891285][-0.0111571,0.765272,0.64361][0.681857,0.195197,0][0.017409,0.167997,0.0891285][-0.0111571,0.765272,0.64361][0.681857,0.195197,0][0.017659,0.176612,0.079541][-0.0183125,0.412459,0.910792][0.683194,0.196308,0][0.011509,0.175149,0.0791438][-0.27542,0.372737,0.886121][0.681923,0.197249,0][0.023549,0.166486,0.0890002][0.410117,0.691711,0.594424][0.682562,0.193781,0][0.017409,0.167997,0.0891285][-0.0111571,0.765272,0.64361][0.681857,0.195197,0][0.0170691,0.157323,0.102841][-0.0131344,0.686835,0.726695][0.680244,0.193861,0][0.0170691,0.157323,0.102841][-0.0131344,0.686835,0.726695][0.680244,0.193861,0][0.0232191,0.156075,0.102086][0.434211,0.606895,0.665687][0.680983,0.192472,0][0.023549,0.166486,0.0890002][0.410117,0.691711,0.594424][0.682562,0.193781,0][0.028289,0.162341,0.088377][0.781957,0.463786,0.416467][0.68254,0.192215,0][0.023549,0.166486,0.0890002][0.410117,0.691711,0.594424][0.682562,0.193781,0][0.0232191,0.156075,0.102086][0.434211,0.606895,0.665687][0.680983,0.192472,0][0.0232191,0.156075,0.102086][0.434211,0.606895,0.665687][0.680983,0.192472,0][0.0279992,0.152664,0.0997239][0.797306,0.387981,0.462356][0.681051,0.19098,0][0.028289,0.162341,0.088377][0.781957,0.463786,0.416467][0.68254,0.192215,0][0.0305291,0.156503,0.0873982][0.988989,0.0986883,0.110282][0.681796,0.190858,0][0.028289,0.162341,0.088377][0.781957,0.463786,0.416467][0.68254,0.192215,0][0.0279992,0.152664,0.0997239][0.797306,0.387981,0.462356][0.681051,0.19098,0][0.0279992,0.152664,0.0997239][0.797306,0.387981,0.462356][0.681051,0.19098,0][0.030299,0.147866,0.0962948][0.988207,0.0833839,0.128427][0.680435,0.189726,0][0.0305291,0.156503,0.0873982][0.988989,0.0986883,0.110282][0.681796,0.190858,0][0.0297691,0.150321,0.0862909][0.922713,-0.285639,-0.258865][0.680499,0.190019,0][0.0305291,0.156503,0.0873982][0.988989,0.0986883,0.110282][0.681796,0.190858,0][0.030299,0.147866,0.0962948][0.988207,0.0833839,0.128427][0.680435,0.189726,0][0.030299,0.147866,0.0962948][0.988207,0.0833839,0.128427][0.680435,0.189726,0][0.029599,0.142793,0.0925865][0.933097,-0.216789,-0.286935][0.679273,0.188998,0][0.0297691,0.150321,0.0862909][0.922713,-0.285639,-0.258865][0.680499,0.190019,0][0.026169,0.145204,0.0853075][0.613686,-0.528445,-0.586631][0.678948,0.189892,0][0.0297691,0.150321,0.0862909][0.922713,-0.285639,-0.258865][0.680499,0.190019,0][0.029599,0.142793,0.0925865][0.933097,-0.216789,-0.286935][0.679273,0.188998,0][0.029599,0.142793,0.0925865][0.933097,-0.216789,-0.286935][0.679273,0.188998,0][0.0260591,0.138595,0.0894467][0.638876,-0.407221,-0.652693][0.677834,0.188963,0][0.026169,0.145204,0.0853075][0.613686,-0.528445,-0.586631][0.678948,0.189892,0][0.0205691,0.14234,0.0846756][0.218324,-0.587499,-0.779217][0.677497,0.190505,0][0.026169,0.145204,0.0853075][0.613686,-0.528445,-0.586631][0.678948,0.189892,0][0.0260591,0.138595,0.0894467][0.638876,-0.407221,-0.652693][0.677834,0.188963,0][0.0260591,0.138595,0.0894467][0.638876,-0.407221,-0.652693][0.677834,0.188963,0][0.0204891,0.13624,0.0875957][0.236767,-0.476963,-0.846433][0.676447,0.189628,0][0.0205691,0.14234,0.0846756][0.218324,-0.587499,-0.779217][0.677497,0.190505,0][0.0205691,0.14234,0.0846756][0.218324,-0.587499,-0.779217][0.677497,0.190505,0][0.0204891,0.13624,0.0875957][0.236767,-0.476963,-0.846433][0.676447,0.189628,0][0.014159,0.136265,0.0874569][-0.202965,-0.475361,-0.856059][0.675429,0.190841,0][0.014159,0.136265,0.0874569][-0.202965,-0.475361,-0.856059][0.675429,0.190841,0][0.014249,0.142365,0.0845367][-0.188482,-0.585976,-0.788103][0.67648,0.191719,0][0.0205691,0.14234,0.0846756][0.218324,-0.587499,-0.779217][0.677497,0.190505,0][0.014249,0.142365,0.0845367][-0.188482,-0.585976,-0.788103][0.67648,0.191719,0][0.014159,0.136265,0.0874569][-0.202965,-0.475361,-0.856059][0.675429,0.190841,0][0.00852902,0.138663,0.0890617][-0.612772,-0.402483,-0.680088][0.675013,0.192325,0][0.00852902,0.138663,0.0890617][-0.612772,-0.402483,-0.680088][0.675013,0.192325,0][0.00864912,0.145272,0.0849224][-0.591867,-0.523487,-0.612907][0.676127,0.193255,0][0.014249,0.142365,0.0845367][-0.188482,-0.585976,-0.788103][0.67648,0.191719,0][0.00864912,0.145272,0.0849224][-0.591867,-0.523487,-0.612907][0.676127,0.193255,0][0.00852902,0.138663,0.0890617][-0.612772,-0.402483,-0.680088][0.675013,0.192325,0][0.00488904,0.142889,0.0920439][-0.92142,-0.209239,-0.327422][0.675295,0.19374,0][0.00488904,0.142889,0.0920439][-0.92142,-0.209239,-0.327422][0.675295,0.19374,0][0.00505907,0.150417,0.0857484][-0.912608,-0.278706,-0.299115][0.676522,0.194761,0][0.00864912,0.145272,0.0849224][-0.591867,-0.523487,-0.612907][0.676127,0.193255,0][0.00505907,0.150417,0.0857484][-0.912608,-0.278706,-0.299115][0.676522,0.194761,0][0.00488904,0.142889,0.0920439][-0.92142,-0.209239,-0.327422][0.675295,0.19374,0][0.00406907,0.147968,0.0957187][-0.992256,0.0908385,0.0847177][0.676211,0.19476,0][0.00406907,0.147968,0.0957187][-0.992256,0.0908385,0.0847177][0.676211,0.19476,0][0.00428907,0.156604,0.0868221][-0.992092,0.106236,0.0668426][0.677573,0.195892,0][0.00505907,0.150417,0.0857484][-0.912608,-0.278706,-0.299115][0.676522,0.194761,0][0.00428907,0.156604,0.0868221][-0.992092,0.106236,0.0668426][0.677573,0.195892,0][0.00406907,0.147968,0.0957187][-0.992256,0.0908385,0.0847177][0.676211,0.19476,0][0.00624898,0.152748,0.0992463][-0.814129,0.39393,0.426631][0.67755,0.195152,0][0.00624898,0.152748,0.0992463][-0.814129,0.39393,0.426631][0.67755,0.195152,0][0.00653907,0.162426,0.0878994][-0.795748,0.470043,0.381896][0.679038,0.196388,0][0.00428907,0.156604,0.0868221][-0.992092,0.106236,0.0668426][0.677573,0.195892,0][0.00653907,0.162426,0.0878994][-0.795748,0.470043,0.381896][0.679038,0.196388,0][0.00624898,0.152748,0.0992463][-0.814129,0.39393,0.426631][0.67755,0.195152,0][0.010939,0.156123,0.101816][-0.458551,0.610308,0.645953][0.679006,0.194828,0][0.010939,0.156123,0.101816][-0.458551,0.610308,0.645953][0.679006,0.194828,0][0.011269,0.166533,0.0887313][-0.430801,0.694817,0.575882][0.680584,0.196137,0][0.00653907,0.162426,0.0878994][-0.795748,0.470043,0.381896][0.679038,0.196388,0][0.011269,0.166533,0.0887313][-0.430801,0.694817,0.575882][0.680584,0.196137,0][0.010939,0.156123,0.101816][-0.458551,0.610308,0.645953][0.679006,0.194828,0][0.0170691,0.157323,0.102841][-0.0131344,0.686835,0.726695][0.680244,0.193861,0][0.0170691,0.157323,0.102841][-0.0131344,0.686835,0.726695][0.680244,0.193861,0][0.017409,0.167997,0.0891285][-0.0111571,0.765272,0.64361][0.681857,0.195197,0][0.011269,0.166533,0.0887313][-0.430801,0.694817,0.575882][0.680584,0.196137,0][0.0232191,0.156075,0.102086][0.434211,0.606895,0.665687][0.680983,0.192472,0][0.0170691,0.157323,0.102841][-0.0131344,0.686835,0.726695][0.680244,0.193861,0][0.0164991,0.127422,0.123496][-0.0180536,0.434876,0.90031][0.675261,0.189706,0][0.0164991,0.127422,0.123496][-0.0180536,0.434876,0.90031][0.675261,0.189706,0][0.022659,0.126389,0.122505][0.425865,0.38425,0.819141][0.676032,0.188345,0][0.0232191,0.156075,0.102086][0.434211,0.606895,0.665687][0.680983,0.192472,0][0.0279992,0.152664,0.0997239][0.797306,0.387981,0.462356][0.681051,0.19098,0][0.0232191,0.156075,0.102086][0.434211,0.606895,0.665687][0.680983,0.192472,0][0.022659,0.126389,0.122505][0.425865,0.38425,0.819141][0.676032,0.188345,0][0.022659,0.126389,0.122505][0.425865,0.38425,0.819141][0.676032,0.188345,0][0.0274491,0.12356,0.119488][0.789227,0.24647,0.562471][0.676192,0.186929,0][0.0279992,0.152664,0.0997239][0.797306,0.387981,0.462356][0.681051,0.19098,0][0.030299,0.147866,0.0962948][0.988207,0.0833839,0.128427][0.680435,0.189726,0][0.0279992,0.152664,0.0997239][0.797306,0.387981,0.462356][0.681051,0.19098,0][0.0274491,0.12356,0.119488][0.789227,0.24647,0.562471][0.676192,0.186929,0][0.0274491,0.12356,0.119488][0.789227,0.24647,0.562471][0.676192,0.186929,0][0.029779,0.119605,0.11514][0.985221,0.0528326,0.162937][0.675705,0.185782,0][0.030299,0.147866,0.0962948][0.988207,0.0833839,0.128427][0.680435,0.189726,0][0.029599,0.142793,0.0925865][0.933097,-0.216789,-0.286935][0.679273,0.188998,0][0.030299,0.147866,0.0962948][0.988207,0.0833839,0.128427][0.680435,0.189726,0][0.029779,0.119605,0.11514][0.985221,0.0528326,0.162937][0.675705,0.185782,0][0.029779,0.119605,0.11514][0.985221,0.0528326,0.162937][0.675705,0.185782,0][0.029099,0.115405,0.110452][0.944102,-0.14778,-0.294674][0.674681,0.185168,0][0.029599,0.142793,0.0925865][0.933097,-0.216789,-0.286935][0.679273,0.188998,0][0.0260591,0.138595,0.0894467][0.638876,-0.407221,-0.652693][0.677834,0.188963,0][0.029599,0.142793,0.0925865][0.933097,-0.216789,-0.286935][0.679273,0.188998,0][0.029099,0.115405,0.110452][0.944102,-0.14778,-0.294674][0.674681,0.185168,0][0.029099,0.115405,0.110452][0.944102,-0.14778,-0.294674][0.674681,0.185168,0][0.025579,0.111938,0.106502][0.670414,-0.302006,-0.677744][0.673356,0.185228,0][0.0260591,0.138595,0.0894467][0.638876,-0.407221,-0.652693][0.677834,0.188963,0][0.0204891,0.13624,0.0875957][0.236767,-0.476963,-0.846433][0.676447,0.189628,0][0.0260591,0.138595,0.0894467][0.638876,-0.407221,-0.652693][0.677834,0.188963,0][0.025579,0.111938,0.106502][0.670414,-0.302006,-0.677744][0.673356,0.185228,0][0.025579,0.111938,0.106502][0.670414,-0.302006,-0.677744][0.673356,0.185228,0][0.020019,0.11,0.104193][0.251578,-0.38101,-0.889686][0.672033,0.185947,0][0.0204891,0.13624,0.0875957][0.236767,-0.476963,-0.846433][0.676447,0.189628,0][0.0204891,0.13624,0.0875957][0.236767,-0.476963,-0.846433][0.676447,0.189628,0][0.020019,0.11,0.104193][0.251578,-0.38101,-0.889686][0.672033,0.185947,0][0.013699,0.110024,0.104054][-0.215224,-0.379194,-0.89994][0.671015,0.18716,0][0.013699,0.110024,0.104054][-0.215224,-0.379194,-0.89994][0.671015,0.18716,0][0.014159,0.136265,0.0874569][-0.202965,-0.475361,-0.856059][0.675429,0.190841,0][0.0204891,0.13624,0.0875957][0.236767,-0.476963,-0.846433][0.676447,0.189628,0][0.014159,0.136265,0.0874569][-0.202965,-0.475361,-0.856059][0.675429,0.190841,0][0.013699,0.110024,0.104054][-0.215224,-0.379194,-0.89994][0.671015,0.18716,0][0.00805906,0.112006,0.106117][-0.642027,-0.297078,-0.706786][0.670536,0.18859,0][0.00805906,0.112006,0.106117][-0.642027,-0.297078,-0.706786][0.670536,0.18859,0][0.00852902,0.138663,0.0890617][-0.612772,-0.402483,-0.680088][0.675013,0.192325,0][0.014159,0.136265,0.0874569][-0.202965,-0.475361,-0.856059][0.675429,0.190841,0][0.00852902,0.138663,0.0890617][-0.612772,-0.402483,-0.680088][0.675013,0.192325,0][0.00805906,0.112006,0.106117][-0.642027,-0.297078,-0.706786][0.670536,0.18859,0][0.00438918,0.1155,0.10991][-0.931332,-0.140598,-0.335935][0.670704,0.18991,0][0.00438918,0.1155,0.10991][-0.931332,-0.140598,-0.335935][0.670704,0.18991,0][0.00488904,0.142889,0.0920439][-0.92142,-0.209239,-0.327422][0.675295,0.19374,0][0.00852902,0.138663,0.0890617][-0.612772,-0.402483,-0.680088][0.675013,0.192325,0][0.00488904,0.142889,0.0920439][-0.92142,-0.209239,-0.327422][0.675295,0.19374,0][0.00438918,0.1155,0.10991][-0.931332,-0.140598,-0.335935][0.670704,0.18991,0][0.003539,0.119706,0.114564][-0.991046,0.0603494,0.119101][0.671482,0.190817,0][0.003539,0.119706,0.114564][-0.991046,0.0603494,0.119101][0.671482,0.190817,0][0.00406907,0.147968,0.0957187][-0.992256,0.0908385,0.0847177][0.676211,0.19476,0][0.00488904,0.142889,0.0920439][-0.92142,-0.209239,-0.327422][0.675295,0.19374,0][0.00406907,0.147968,0.0957187][-0.992256,0.0908385,0.0847177][0.676211,0.19476,0][0.003539,0.119706,0.114564][-0.991046,0.0603494,0.119101][0.671482,0.190817,0][0.00569909,0.123644,0.119011][-0.811345,0.25263,0.527161][0.672692,0.191102,0][0.00569909,0.123644,0.119011][-0.811345,0.25263,0.527161][0.672692,0.191102,0][0.00624898,0.152748,0.0992463][-0.814129,0.39393,0.426631][0.67755,0.195152,0][0.00406907,0.147968,0.0957187][-0.992256,0.0908385,0.0847177][0.676211,0.19476,0][0.00624898,0.152748,0.0992463][-0.814129,0.39393,0.426631][0.67755,0.195152,0][0.00569909,0.123644,0.119011][-0.811345,0.25263,0.527161][0.672692,0.191102,0][0.010379,0.126436,0.122236][-0.458209,0.387725,0.799821][0.674055,0.190702,0][0.010379,0.126436,0.122236][-0.458209,0.387725,0.799821][0.674055,0.190702,0][0.010939,0.156123,0.101816][-0.458551,0.610308,0.645953][0.679006,0.194828,0][0.00624898,0.152748,0.0992463][-0.814129,0.39393,0.426631][0.67755,0.195152,0][0.010939,0.156123,0.101816][-0.458551,0.610308,0.645953][0.679006,0.194828,0][0.010379,0.126436,0.122236][-0.458209,0.387725,0.799821][0.674055,0.190702,0][0.0164991,0.127422,0.123496][-0.0180536,0.434876,0.90031][0.675261,0.189706,0][0.0164991,0.127422,0.123496][-0.0180536,0.434876,0.90031][0.675261,0.189706,0][0.0170691,0.157323,0.102841][-0.0131344,0.686835,0.726695][0.680244,0.193861,0][0.010939,0.156123,0.101816][-0.458551,0.610308,0.645953][0.679006,0.194828,0][0.022659,0.126389,0.122505][0.425865,0.38425,0.819141][0.676032,0.188345,0][0.0164991,0.127422,0.123496][-0.0180536,0.434876,0.90031][0.675261,0.189706,0][0.015909,0.070209,0.140163][-0.020445,0.252831,0.967295][0.665116,0.181222,0][0.015909,0.070209,0.140163][-0.020445,0.252831,0.967295][0.665116,0.181222,0][0.0220791,0.0693989,0.138999][0.431466,0.222718,0.874205][0.665926,0.179893,0][0.022659,0.126389,0.122505][0.425865,0.38425,0.819141][0.676032,0.188345,0][0.0274491,0.12356,0.119488][0.789227,0.24647,0.562471][0.676192,0.186929,0][0.022659,0.126389,0.122505][0.425865,0.38425,0.819141][0.676032,0.188345,0][0.0220791,0.0693989,0.138999][0.431466,0.222718,0.874205][0.665926,0.179893,0][0.0220791,0.0693989,0.138999][0.431466,0.222718,0.874205][0.665926,0.179893,0][0.0268791,0.0672225,0.135505][0.798409,0.141829,0.585173][0.666193,0.178566,0][0.0274491,0.12356,0.119488][0.789227,0.24647,0.562471][0.676192,0.186929,0][0.029779,0.119605,0.11514][0.985221,0.0528326,0.162937][0.675705,0.185782,0][0.0274491,0.12356,0.119488][0.789227,0.24647,0.562471][0.676192,0.186929,0][0.0268791,0.0672225,0.135505][0.798409,0.141829,0.585173][0.666193,0.178566,0][0.0268791,0.0672225,0.135505][0.798409,0.141829,0.585173][0.666193,0.178566,0][0.0292291,0.0641784,0.130483][0.988784,0.0272069,0.146855][0.665857,0.177545,0][0.029779,0.119605,0.11514][0.985221,0.0528326,0.162937][0.675705,0.185782,0][0.029099,0.115405,0.110452][0.944102,-0.14778,-0.294674][0.674681,0.185168,0][0.029779,0.119605,0.11514][0.985221,0.0528326,0.162937][0.675705,0.185782,0][0.0292291,0.0641784,0.130483][0.988784,0.0272069,0.146855][0.665857,0.177545,0][0.0292291,0.0641784,0.130483][0.988784,0.0272069,0.146855][0.665857,0.177545,0][0.0285691,0.0609473,0.125081][0.937961,-0.0917906,-0.33437][0.664994,0.177065,0][0.029099,0.115405,0.110452][0.944102,-0.14778,-0.294674][0.674681,0.185168,0][0.025579,0.111938,0.106502][0.670414,-0.302006,-0.677744][0.673356,0.185228,0][0.029099,0.115405,0.110452][0.944102,-0.14778,-0.294674][0.674681,0.185168,0][0.0285691,0.0609473,0.125081][0.937961,-0.0917906,-0.33437][0.664994,0.177065,0][0.0285691,0.0609473,0.125081][0.937961,-0.0917906,-0.33437][0.664994,0.177065,0][0.0250591,0.0582858,0.120538][0.663794,-0.183595,-0.725031][0.6638,0.177234,0][0.025579,0.111938,0.106502][0.670414,-0.302006,-0.677744][0.673356,0.185228,0][0.020019,0.11,0.104193][0.251578,-0.38101,-0.889686][0.672033,0.185947,0][0.025579,0.111938,0.106502][0.670414,-0.302006,-0.677744][0.673356,0.185228,0][0.0250591,0.0582858,0.120538][0.663794,-0.183595,-0.725031][0.6638,0.177234,0][0.0250591,0.0582858,0.120538][0.663794,-0.183595,-0.725031][0.6638,0.177234,0][0.019509,0.0567921,0.117894][0.250466,-0.231237,-0.940105][0.662552,0.178016,0][0.020019,0.11,0.104193][0.251578,-0.38101,-0.889686][0.672033,0.185947,0][0.020019,0.11,0.104193][0.251578,-0.38101,-0.889686][0.672033,0.185947,0][0.019509,0.0567921,0.117894][0.250466,-0.231237,-0.940105][0.662552,0.178016,0][0.013189,0.0568166,0.117755][-0.210756,-0.229442,-0.950231][0.661534,0.179229,0][0.013189,0.0568166,0.117755][-0.210756,-0.229442,-0.950231][0.661534,0.179229,0][0.013699,0.110024,0.104054][-0.215224,-0.379194,-0.89994][0.671015,0.18716,0][0.020019,0.11,0.104193][0.251578,-0.38101,-0.889686][0.672033,0.185947,0][0.013699,0.110024,0.104054][-0.215224,-0.379194,-0.89994][0.671015,0.18716,0][0.013189,0.0568166,0.117755][-0.210756,-0.229442,-0.950231][0.661534,0.179229,0][0.00753911,0.0583535,0.120153][-0.632972,-0.178464,-0.753324][0.66098,0.180597,0][0.00753911,0.0583535,0.120153][-0.632972,-0.178464,-0.753324][0.66098,0.180597,0][0.00805906,0.112006,0.106117][-0.642027,-0.297078,-0.706786][0.670536,0.18859,0][0.013699,0.110024,0.104054][-0.215224,-0.379194,-0.89994][0.671015,0.18716,0][0.00805906,0.112006,0.106117][-0.642027,-0.297078,-0.706786][0.670536,0.18859,0][0.00753911,0.0583535,0.120153][-0.632972,-0.178464,-0.753324][0.66098,0.180597,0][0.00385909,0.0610429,0.124538][-0.923231,-0.0844633,-0.374848][0.661015,0.181806,0][0.00385909,0.0610429,0.124538][-0.923231,-0.0844633,-0.374848][0.661015,0.181806,0][0.00438918,0.1155,0.10991][-0.931332,-0.140598,-0.335935][0.670704,0.18991,0][0.00805906,0.112006,0.106117][-0.642027,-0.297078,-0.706786][0.670536,0.18859,0][0.00438918,0.1155,0.10991][-0.931332,-0.140598,-0.335935][0.670704,0.18991,0][0.00385909,0.0610429,0.124538][-0.923231,-0.0844633,-0.374848][0.661015,0.181806,0][0.00298904,0.0642798,0.129908][-0.994108,0.0346312,0.102715][0.661634,0.182579,0][0.00298904,0.0642798,0.129908][-0.994108,0.0346312,0.102715][0.661634,0.182579,0][0.003539,0.119706,0.114564][-0.991046,0.0603494,0.119101][0.671482,0.190817,0][0.00438918,0.1155,0.10991][-0.931332,-0.140598,-0.335935][0.670704,0.18991,0][0.003539,0.119706,0.114564][-0.991046,0.0603494,0.119101][0.671482,0.190817,0][0.00298904,0.0642798,0.129908][-0.994108,0.0346312,0.102715][0.661634,0.182579,0][0.00512908,0.0673066,0.135028][-0.822306,0.14804,0.549452][0.662692,0.182739,0][0.00512908,0.0673066,0.135028][-0.822306,0.14804,0.549452][0.662692,0.182739,0][0.00569909,0.123644,0.119011][-0.811345,0.25263,0.527161][0.672692,0.191102,0][0.003539,0.119706,0.114564][-0.991046,0.0603494,0.119101][0.671482,0.190817,0][0.00569909,0.123644,0.119011][-0.811345,0.25263,0.527161][0.672692,0.191102,0][0.00512908,0.0673066,0.135028][-0.822306,0.14804,0.549452][0.662692,0.182739,0][0.00979904,0.0694464,0.138729][-0.467263,0.226256,0.854677][0.663949,0.182249,0][0.00979904,0.0694464,0.138729][-0.467263,0.226256,0.854677][0.663949,0.182249,0][0.010379,0.126436,0.122236][-0.458209,0.387725,0.799821][0.674055,0.190702,0][0.00569909,0.123644,0.119011][-0.811345,0.25263,0.527161][0.672692,0.191102,0][0.010379,0.126436,0.122236][-0.458209,0.387725,0.799821][0.674055,0.190702,0][0.00979904,0.0694464,0.138729][-0.467263,0.226256,0.854677][0.663949,0.182249,0][0.015909,0.070209,0.140163][-0.020445,0.252831,0.967295][0.665116,0.181222,0][0.015909,0.070209,0.140163][-0.020445,0.252831,0.967295][0.665116,0.181222,0][0.0164991,0.127422,0.123496][-0.0180536,0.434876,0.90031][0.675261,0.189706,0][0.010379,0.126436,0.122236][-0.458209,0.387725,0.799821][0.674055,0.190702,0][0.0220791,0.0693989,0.138999][0.431466,0.222718,0.874205][0.665926,0.179893,0][0.015909,0.070209,0.140163][-0.020445,0.252831,0.967295][0.665116,0.181222,0][0.0153991,0.0124265,0.153493][-0.0205702,0.183832,0.982743][0.654779,0.172573,0][0.0153991,0.0124265,0.153493][-0.0205702,0.183832,0.982743][0.654779,0.172573,0][0.0215591,0.0116264,0.152329][0.422645,0.162408,0.891625][0.655589,0.171244,0][0.0220791,0.0693989,0.138999][0.431466,0.222718,0.874205][0.665926,0.179893,0][0.0268791,0.0672225,0.135505][0.798409,0.141829,0.585173][0.666193,0.178566,0][0.0220791,0.0693989,0.138999][0.431466,0.222718,0.874205][0.665926,0.179893,0][0.0215591,0.0116264,0.152329][0.422645,0.162408,0.891625][0.655589,0.171244,0][0.0215591,0.0116264,0.152329][0.422645,0.162408,0.891625][0.655589,0.171244,0][0.026369,0.00944987,0.148836][0.791219,0.103716,0.602674][0.655857,0.169916,0][0.0268791,0.0672225,0.135505][0.798409,0.141829,0.585173][0.666193,0.178566,0][0.0292291,0.0641784,0.130483][0.988784,0.0272069,0.146855][0.665857,0.177545,0][0.0268791,0.0672225,0.135505][0.798409,0.141829,0.585173][0.666193,0.178566,0][0.026369,0.00944987,0.148836][0.791219,0.103716,0.602674][0.655857,0.169916,0][0.026369,0.00944987,0.148836][0.791219,0.103716,0.602674][0.655857,0.169916,0][0.028709,0.00639579,0.143813][0.987741,0.0180356,0.155054][0.65552,0.168896,0][0.0292291,0.0641784,0.130483][0.988784,0.0272069,0.146855][0.665857,0.177545,0][0.0285691,0.0609473,0.125081][0.937961,-0.0917906,-0.33437][0.664994,0.177065,0][0.0292291,0.0641784,0.130483][0.988784,0.0272069,0.146855][0.665857,0.177545,0][0.028709,0.00639579,0.143813][0.987741,0.0180356,0.155054][0.65552,0.168896,0][0.028709,0.00639579,0.143813][0.987741,0.0180356,0.155054][0.65552,0.168896,0][0.0280491,0.0031746,0.138412][0.937979,-0.0710996,-0.339322][0.654657,0.168416,0][0.0285691,0.0609473,0.125081][0.937961,-0.0917906,-0.33437][0.664994,0.177065,0][0.0250591,0.0582858,0.120538][0.663794,-0.183595,-0.725031][0.6638,0.177234,0][0.0285691,0.0609473,0.125081][0.937961,-0.0917906,-0.33437][0.664994,0.177065,0][0.0280491,0.0031746,0.138412][0.937979,-0.0710996,-0.339322][0.654657,0.168416,0][0.0280491,0.0031746,0.138412][0.937979,-0.0710996,-0.339322][0.654657,0.168416,0][0.0245491,0.000513196,0.133869][0.660538,-0.138863,-0.737839][0.653463,0.168585,0][0.0250591,0.0582858,0.120538][0.663794,-0.183595,-0.725031][0.6638,0.177234,0][0.019509,0.0567921,0.117894][0.250466,-0.231237,-0.940105][0.662552,0.178016,0][0.0250591,0.0582858,0.120538][0.663794,-0.183595,-0.725031][0.6638,0.177234,0][0.0245491,0.000513196,0.133869][0.660538,-0.138863,-0.737839][0.653463,0.168585,0][0.0245491,0.000513196,0.133869][0.660538,-0.138863,-0.737839][0.653463,0.168585,0][0.0189991,-0.000980318,0.131224][0.24796,-0.172665,-0.953259][0.652215,0.169367,0][0.019509,0.0567921,0.117894][0.250466,-0.231237,-0.940105][0.662552,0.178016,0][0.019509,0.0567921,0.117894][0.250466,-0.231237,-0.940105][0.662552,0.178016,0][0.0189991,-0.000980318,0.131224][0.24796,-0.172665,-0.953259][0.652215,0.169367,0][0.012669,-0.00095588,0.131086][-0.207184,-0.170914,-0.963257][0.651197,0.17058,0][0.012669,-0.00095588,0.131086][-0.207184,-0.170914,-0.963257][0.651197,0.17058,0][0.013189,0.0568166,0.117755][-0.210756,-0.229442,-0.950231][0.661534,0.179229,0][0.019509,0.0567921,0.117894][0.250466,-0.231237,-0.940105][0.662552,0.178016,0][0.013189,0.0568166,0.117755][-0.210756,-0.229442,-0.950231][0.661534,0.179229,0][0.012669,-0.00095588,0.131086][-0.207184,-0.170914,-0.963257][0.651197,0.17058,0][0.00701914,0.000580996,0.133484][-0.628274,-0.133935,-0.766376][0.650643,0.171948,0][0.00701914,0.000580996,0.133484][-0.628274,-0.133935,-0.766376][0.650643,0.171948,0][0.00753911,0.0583535,0.120153][-0.632972,-0.178464,-0.753324][0.66098,0.180597,0][0.013189,0.0568166,0.117755][-0.210756,-0.229442,-0.950231][0.661534,0.179229,0][0.00753911,0.0583535,0.120153][-0.632972,-0.178464,-0.753324][0.66098,0.180597,0][0.00701914,0.000580996,0.133484][-0.628274,-0.133935,-0.766376][0.650643,0.171948,0][0.00333902,0.0032703,0.137869][-0.922975,-0.0637699,-0.379541][0.650679,0.173157,0][0.00333902,0.0032703,0.137869][-0.922975,-0.0637699,-0.379541][0.650679,0.173157,0][0.00385909,0.0610429,0.124538][-0.923231,-0.0844633,-0.374848][0.661015,0.181806,0][0.00753911,0.0583535,0.120153][-0.632972,-0.178464,-0.753324][0.66098,0.180597,0][0.00385909,0.0610429,0.124538][-0.923231,-0.0844633,-0.374848][0.661015,0.181806,0][0.00333902,0.0032703,0.137869][-0.922975,-0.0637699,-0.379541][0.650679,0.173157,0][0.00247903,0.00649717,0.143237][-0.993327,0.0258987,0.112385][0.651296,0.17393,0][0.00247903,0.00649717,0.143237][-0.993327,0.0258987,0.112385][0.651296,0.17393,0][0.00298904,0.0642798,0.129908][-0.994108,0.0346312,0.102715][0.661634,0.182579,0][0.00385909,0.0610429,0.124538][-0.923231,-0.0844633,-0.374848][0.661015,0.181806,0][0.00298904,0.0642798,0.129908][-0.994108,0.0346312,0.102715][0.661634,0.182579,0][0.00247903,0.00649717,0.143237][-0.993327,0.0258987,0.112385][0.651296,0.17393,0][0.00461906,0.00953409,0.148359][-0.816396,0.109803,0.566958][0.652355,0.17409,0][0.00461906,0.00953409,0.148359][-0.816396,0.109803,0.566958][0.652355,0.17409,0][0.00512908,0.0673066,0.135028][-0.822306,0.14804,0.549452][0.662692,0.182739,0][0.00298904,0.0642798,0.129908][-0.994108,0.0346312,0.102715][0.661634,0.182579,0][0.00512908,0.0673066,0.135028][-0.822306,0.14804,0.549452][0.662692,0.182739,0][0.00461906,0.00953409,0.148359][-0.816396,0.109803,0.566958][0.652355,0.17409,0][0.00927907,0.0116738,0.15206][-0.460332,0.165859,0.872115][0.653612,0.1736,0][0.00927907,0.0116738,0.15206][-0.460332,0.165859,0.872115][0.653612,0.1736,0][0.00979904,0.0694464,0.138729][-0.467263,0.226256,0.854677][0.663949,0.182249,0][0.00512908,0.0673066,0.135028][-0.822306,0.14804,0.549452][0.662692,0.182739,0][0.00979904,0.0694464,0.138729][-0.467263,0.226256,0.854677][0.663949,0.182249,0][0.00927907,0.0116738,0.15206][-0.460332,0.165859,0.872115][0.653612,0.1736,0][0.0153991,0.0124265,0.153493][-0.0205702,0.183832,0.982743][0.654779,0.172573,0][0.0153991,0.0124265,0.153493][-0.0205702,0.183832,0.982743][0.654779,0.172573,0][0.015909,0.070209,0.140163][-0.020445,0.252831,0.967295][0.665116,0.181222,0][0.00979904,0.0694464,0.138729][-0.467263,0.226256,0.854677][0.663949,0.182249,0][0.0153991,0.0124265,0.153493][-0.0205702,0.183832,0.982743][0.654779,0.172573,0][0.013809,-0.217217,0.185443][-0.0214894,0.0831947,0.996302][0.654779,0.172573,0][0.0199791,-0.217787,0.184167][0.42879,0.0712793,0.900588][0.655589,0.171244,0][0.0199791,-0.217787,0.184167][0.42879,0.0712793,0.900588][0.655589,0.171244,0][0.0215591,0.0116264,0.152329][0.422645,0.162408,0.891625][0.655589,0.171244,0][0.0153991,0.0124265,0.153493][-0.0205702,0.183832,0.982743][0.654779,0.172573,0][0.026369,0.00944987,0.148836][0.791219,0.103716,0.602674][0.655857,0.169916,0][0.0215591,0.0116264,0.152329][0.422645,0.162408,0.891625][0.655589,0.171244,0][0.0199791,-0.217787,0.184167][0.42879,0.0712793,0.900588][0.655589,0.171244,0][0.0199791,-0.217787,0.184167][0.42879,0.0712793,0.900588][0.655589,0.171244,0][0.0247891,-0.219319,0.180359][0.795548,0.0423556,0.604408][0.655857,0.169916,0][0.026369,0.00944987,0.148836][0.791219,0.103716,0.602674][0.655857,0.169916,0][0.028709,0.00639579,0.143813][0.987741,0.0180356,0.155054][0.65552,0.168896,0][0.026369,0.00944987,0.148836][0.791219,0.103716,0.602674][0.655857,0.169916,0][0.0247891,-0.219319,0.180359][0.795548,0.0423556,0.604408][0.655857,0.169916,0][0.0247891,-0.219319,0.180359][0.795548,0.0423556,0.604408][0.655857,0.169916,0][0.027149,-0.221463,0.174893][0.987766,0.00420428,0.155885][0.65552,0.168896,0][0.028709,0.00639579,0.143813][0.987741,0.0180356,0.155054][0.65552,0.168896,0][0.0280491,0.0031746,0.138412][0.937979,-0.0710996,-0.339322][0.654657,0.168416,0][0.028709,0.00639579,0.143813][0.987741,0.0180356,0.155054][0.65552,0.168896,0][0.027149,-0.221463,0.174893][0.987766,0.00420428,0.155885][0.65552,0.168896,0][0.027149,-0.221463,0.174893][0.987766,0.00420428,0.155885][0.65552,0.168896,0][0.0264991,-0.223728,0.16902][0.940896,-0.0325993,-0.337122][0.654657,0.168416,0][0.0280491,0.0031746,0.138412][0.937979,-0.0710996,-0.339322][0.654657,0.168416,0][0.0245491,0.000513196,0.133869][0.660538,-0.138863,-0.737839][0.653463,0.168585,0][0.0280491,0.0031746,0.138412][0.937979,-0.0710996,-0.339322][0.654657,0.168416,0][0.0264991,-0.223728,0.16902][0.940896,-0.0325993,-0.337122][0.654657,0.168416,0][0.0264991,-0.223728,0.16902][0.940896,-0.0325993,-0.337122][0.654657,0.168416,0][0.023009,-0.225591,0.164086][0.669262,-0.058636,-0.74071][0.653463,0.168585,0][0.0245491,0.000513196,0.133869][0.660538,-0.138863,-0.737839][0.653463,0.168585,0][0.0189991,-0.000980318,0.131224][0.24796,-0.172665,-0.953259][0.652215,0.169367,0][0.0245491,0.000513196,0.133869][0.660538,-0.138863,-0.737839][0.653463,0.168585,0][0.023009,-0.225591,0.164086][0.669262,-0.058636,-0.74071][0.653463,0.168585,0][0.023009,-0.225591,0.164086][0.669262,-0.058636,-0.74071][0.653463,0.168585,0][0.0174691,-0.22663,0.161223][0.253317,-0.0707901,-0.96479][0.652215,0.169367,0][0.0189991,-0.000980318,0.131224][0.24796,-0.172665,-0.953259][0.652215,0.169367,0][0.0189991,-0.000980318,0.131224][0.24796,-0.172665,-0.953259][0.652215,0.169367,0][0.0174691,-0.22663,0.161223][0.253317,-0.0707901,-0.96479][0.652215,0.169367,0][0.0111392,-0.226605,0.161084][-0.211531,-0.0691976,-0.974919][0.651197,0.17058,0][0.0111392,-0.226605,0.161084][-0.211531,-0.0691976,-0.974919][0.651197,0.17058,0][0.012669,-0.00095588,0.131086][-0.207184,-0.170914,-0.963257][0.651197,0.17058,0][0.0189991,-0.000980318,0.131224][0.24796,-0.172665,-0.953259][0.652215,0.169367,0][0.012669,-0.00095588,0.131086][-0.207184,-0.170914,-0.963257][0.651197,0.17058,0][0.0111392,-0.226605,0.161084][-0.211531,-0.0691976,-0.974919][0.651197,0.17058,0][0.00548908,-0.225523,0.163702][-0.635933,-0.053793,-0.769867][0.650643,0.171948,0][0.00548908,-0.225523,0.163702][-0.635933,-0.053793,-0.769867][0.650643,0.171948,0][0.00701914,0.000580996,0.133484][-0.628274,-0.133935,-0.766376][0.650643,0.171948,0][0.012669,-0.00095588,0.131086][-0.207184,-0.170914,-0.963257][0.651197,0.17058,0][0.00701914,0.000580996,0.133484][-0.628274,-0.133935,-0.766376][0.650643,0.171948,0][0.00548908,-0.225523,0.163702][-0.635933,-0.053793,-0.769867][0.650643,0.171948,0][0.00178912,-0.223632,0.168477][-0.925438,-0.0253922,-0.378047][0.650679,0.173157,0][0.00178912,-0.223632,0.168477][-0.925438,-0.0253922,-0.378047][0.650679,0.173157,0][0.00333902,0.0032703,0.137869][-0.922975,-0.0637699,-0.379541][0.650679,0.173157,0][0.00701914,0.000580996,0.133484][-0.628274,-0.133935,-0.766376][0.650643,0.171948,0][0.00333902,0.0032703,0.137869][-0.922975,-0.0637699,-0.379541][0.650679,0.173157,0][0.00178912,-0.223632,0.168477][-0.925438,-0.0253922,-0.378047][0.650679,0.173157,0][0.000909071,-0.221361,0.174316][-0.993548,0.01192,0.11278][0.651296,0.17393,0][0.000909071,-0.221361,0.174316][-0.993548,0.01192,0.11278][0.651296,0.17393,0][0.00247903,0.00649717,0.143237][-0.993327,0.0258987,0.112385][0.651296,0.17393,0][0.00333902,0.0032703,0.137869][-0.922975,-0.0637699,-0.379541][0.650679,0.173157,0][0.00247903,0.00649717,0.143237][-0.993327,0.0258987,0.112385][0.651296,0.17393,0][0.000909071,-0.221361,0.174316][-0.993548,0.01192,0.11278][0.651296,0.17393,0][0.00303911,-0.219235,0.179881][-0.820934,0.0488891,0.568927][0.652355,0.17409,0][0.00303911,-0.219235,0.179881][-0.820934,0.0488891,0.568927][0.652355,0.17409,0][0.00461906,0.00953409,0.148359][-0.816396,0.109803,0.566958][0.652355,0.17409,0][0.00247903,0.00649717,0.143237][-0.993327,0.0258987,0.112385][0.651296,0.17393,0][0.00461906,0.00953409,0.148359][-0.816396,0.109803,0.566958][0.652355,0.17409,0][0.00303911,-0.219235,0.179881][-0.820934,0.0488891,0.568927][0.652355,0.17409,0][0.00769907,-0.21774,0.183897][-0.466943,0.0749744,0.881104][0.653612,0.1736,0][0.00769907,-0.21774,0.183897][-0.466943,0.0749744,0.881104][0.653612,0.1736,0][0.00927907,0.0116738,0.15206][-0.460332,0.165859,0.872115][0.653612,0.1736,0][0.00461906,0.00953409,0.148359][-0.816396,0.109803,0.566958][0.652355,0.17409,0][0.00927907,0.0116738,0.15206][-0.460332,0.165859,0.872115][0.653612,0.1736,0][0.00769907,-0.21774,0.183897][-0.466943,0.0749744,0.881104][0.653612,0.1736,0][0.013809,-0.217217,0.185443][-0.0214894,0.0831947,0.996302][0.654779,0.172573,0][0.013809,-0.217217,0.185443][-0.0214894,0.0831947,0.996302][0.654779,0.172573,0][0.0153991,0.0124265,0.153493][-0.0205702,0.183832,0.982743][0.654779,0.172573,0][0.00927907,0.0116738,0.15206][-0.460332,0.165859,0.872115][0.653612,0.1736,0][0.013809,-0.217217,0.185443][-0.0214894,0.0831947,0.996302][0.654779,0.172573,0][0.012919,-0.419153,0.190209][-0.0217148,0.0234922,0.999488][0.654779,0.172573,0][0.0190991,-0.419046,0.188835][0.436381,0.0191604,0.899558][0.655589,0.171244,0][0.0190991,-0.419046,0.188835][0.436381,0.0191604,0.899558][0.655589,0.171244,0][0.0199791,-0.217787,0.184167][0.42879,0.0712793,0.900588][0.655589,0.171244,0][0.013809,-0.217217,0.185443][-0.0214894,0.0831947,0.996302][0.654779,0.172573,0][0.0199791,-0.217787,0.184167][0.42879,0.0712793,0.900588][0.655589,0.171244,0][0.0190991,-0.419046,0.188835][0.436381,0.0191604,0.899558][0.655589,0.171244,0][0.0239191,-0.418703,0.184761][0.800485,0.00992046,0.599272][0.655857,0.169916,0][0.0239191,-0.418703,0.184761][0.800485,0.00992046,0.599272][0.655857,0.169916,0][0.0247891,-0.219319,0.180359][0.795548,0.0423556,0.604408][0.655857,0.169916,0][0.0199791,-0.217787,0.184167][0.42879,0.0712793,0.900588][0.655589,0.171244,0][0.027149,-0.221463,0.174893][0.987766,0.00420428,0.155885][0.65552,0.168896,0][0.0247891,-0.219319,0.180359][0.795548,0.0423556,0.604408][0.655857,0.169916,0][0.0239191,-0.418703,0.184761][0.800485,0.00992046,0.599272][0.655857,0.169916,0][0.0239191,-0.418703,0.184761][0.800485,0.00992046,0.599272][0.655857,0.169916,0][0.0262991,-0.418203,0.178919][0.987306,-0.00091242,0.158826][0.65552,0.168896,0][0.027149,-0.221463,0.174893][0.987766,0.00420428,0.155885][0.65552,0.168896,0][0.0264991,-0.223728,0.16902][0.940896,-0.0325993,-0.337122][0.654657,0.168416,0][0.027149,-0.221463,0.174893][0.987766,0.00420428,0.155885][0.65552,0.168896,0][0.0262991,-0.418203,0.178919][0.987306,-0.00091242,0.158826][0.65552,0.168896,0][0.0262991,-0.418203,0.178919][0.987306,-0.00091242,0.158826][0.65552,0.168896,0][0.0256691,-0.417661,0.172647][0.946762,-0.00965855,-0.321789][0.654657,0.168416,0][0.0264991,-0.223728,0.16902][0.940896,-0.0325993,-0.337122][0.654657,0.168416,0][0.023009,-0.225591,0.164086][0.669262,-0.058636,-0.74071][0.653463,0.168585,0][0.0264991,-0.223728,0.16902][0.940896,-0.0325993,-0.337122][0.654657,0.168416,0][0.0256691,-0.417661,0.172647][0.946762,-0.00965855,-0.321789][0.654657,0.168416,0][0.0256691,-0.417661,0.172647][0.946762,-0.00965855,-0.321789][0.654657,0.168416,0][0.0221991,-0.4172,0.167383][0.685377,-0.0154227,-0.728025][0.653463,0.168585,0][0.023009,-0.225591,0.164086][0.669262,-0.058636,-0.74071][0.653463,0.168585,0][0.023009,-0.225591,0.164086][0.669262,-0.058636,-0.74071][0.653463,0.168585,0][0.0221991,-0.4172,0.167383][0.685377,-0.0154227,-0.728025][0.653463,0.168585,0][0.0166592,-0.416923,0.164332][0.262581,-0.0172613,-0.964756][0.652215,0.169367,0][0.0166592,-0.416923,0.164332][0.262581,-0.0172613,-0.964756][0.652215,0.169367,0][0.0174691,-0.22663,0.161223][0.253317,-0.0707901,-0.96479][0.652215,0.169367,0][0.023009,-0.225591,0.164086][0.669262,-0.058636,-0.74071][0.653463,0.168585,0][0.0174691,-0.22663,0.161223][0.253317,-0.0707901,-0.96479][0.652215,0.169367,0][0.0166592,-0.416923,0.164332][0.262581,-0.0172613,-0.964756][0.652215,0.169367,0][0.0103391,-0.416899,0.164193][-0.220366,-0.0150088,-0.975302][0.651197,0.17058,0][0.0103391,-0.416899,0.164193][-0.220366,-0.0150088,-0.975302][0.651197,0.17058,0][0.0111392,-0.226605,0.161084][-0.211531,-0.0691976,-0.974919][0.651197,0.17058,0][0.0174691,-0.22663,0.161223][0.253317,-0.0707901,-0.96479][0.652215,0.169367,0][0.0111392,-0.226605,0.161084][-0.211531,-0.0691976,-0.974919][0.651197,0.17058,0][0.0103391,-0.416899,0.164193][-0.220366,-0.0150088,-0.975302][0.651197,0.17058,0][0.00466907,-0.417132,0.166998][-0.652251,-0.00988846,-0.757939][0.650643,0.171948,0][0.00466907,-0.417132,0.166998][-0.652251,-0.00988846,-0.757939][0.650643,0.171948,0][0.00548908,-0.225523,0.163702][-0.635933,-0.053793,-0.769867][0.650643,0.171948,0][0.0111392,-0.226605,0.161084][-0.211531,-0.0691976,-0.974919][0.651197,0.17058,0][0.00548908,-0.225523,0.163702][-0.635933,-0.053793,-0.769867][0.650643,0.171948,0][0.00466907,-0.417132,0.166998][-0.652251,-0.00988846,-0.757939][0.650643,0.171948,0][0.000959165,-0.417565,0.172104][-0.931847,-0.00237931,-0.362843][0.650679,0.173157,0][0.000959165,-0.417565,0.172104][-0.931847,-0.00237931,-0.362843][0.650679,0.173157,0][0.00178912,-0.223632,0.168477][-0.925438,-0.0253922,-0.378047][0.650679,0.173157,0][0.00548908,-0.225523,0.163702][-0.635933,-0.053793,-0.769867][0.650643,0.171948,0][0.00178912,-0.223632,0.168477][-0.925438,-0.0253922,-0.378047][0.650679,0.173157,0][0.000959165,-0.417565,0.172104][-0.931847,-0.00237931,-0.362843][0.650679,0.173157,0][5.91725e-005,-0.418101,0.178343][-0.993299,0.00675218,0.115379][0.651296,0.17393,0][5.91725e-005,-0.418101,0.178343][-0.993299,0.00675218,0.115379][0.651296,0.17393,0][0.000909071,-0.221361,0.174316][-0.993548,0.01192,0.11278][0.651296,0.17393,0][0.00178912,-0.223632,0.168477][-0.925438,-0.0253922,-0.378047][0.650679,0.173157,0][0.000909071,-0.221361,0.174316][-0.993548,0.01192,0.11278][0.651296,0.17393,0][5.91725e-005,-0.418101,0.178343][-0.993299,0.00675218,0.115379][0.651296,0.17393,0][0.0021691,-0.418619,0.184284][-0.826202,0.015764,0.563154][0.652355,0.17409,0][0.0021691,-0.418619,0.184284][-0.826202,0.015764,0.563154][0.652355,0.17409,0][0.00303911,-0.219235,0.179881][-0.820934,0.0488891,0.568927][0.652355,0.17409,0][0.000909071,-0.221361,0.174316][-0.993548,0.01192,0.11278][0.651296,0.17393,0][0.00303911,-0.219235,0.179881][-0.820934,0.0488891,0.568927][0.652355,0.17409,0][0.0021691,-0.418619,0.184284][-0.826202,0.015764,0.563154][0.652355,0.17409,0][0.00680903,-0.418998,0.188566][-0.474894,0.0220922,0.879766][0.653612,0.1736,0][0.00680903,-0.418998,0.188566][-0.474894,0.0220922,0.879766][0.653612,0.1736,0][0.00769907,-0.21774,0.183897][-0.466943,0.0749744,0.881104][0.653612,0.1736,0][0.00303911,-0.219235,0.179881][-0.820934,0.0488891,0.568927][0.652355,0.17409,0][0.00769907,-0.21774,0.183897][-0.466943,0.0749744,0.881104][0.653612,0.1736,0][0.00680903,-0.418998,0.188566][-0.474894,0.0220922,0.879766][0.653612,0.1736,0][0.012919,-0.419153,0.190209][-0.0217148,0.0234922,0.999488][0.654779,0.172573,0][0.012919,-0.419153,0.190209][-0.0217148,0.0234922,0.999488][0.654779,0.172573,0][0.013809,-0.217217,0.185443][-0.0214894,0.0831947,0.996302][0.654779,0.172573,0][0.00769907,-0.21774,0.183897][-0.466943,0.0749744,0.881104][0.653612,0.1736,0][0.00680903,-0.418998,0.188566][-0.00206961,-0.996291,-0.0860309][0.653612,0.1736,0][0.0021691,-0.418619,0.184284][-0.00202242,-0.996288,-0.0860618][0.652355,0.17409,0][5.91725e-005,-0.418101,0.178343][-0.00208613,-0.996291,-0.0860201][0.651296,0.17393,0][5.91725e-005,-0.418101,0.178343][-0.00208613,-0.996291,-0.0860201][0.651296,0.17393,0][0.00466907,-0.417132,0.166998][-0.00209322,-0.996292,-0.0860154][0.650643,0.171948,0][0.00680903,-0.418998,0.188566][-0.00206961,-0.996291,-0.0860309][0.653612,0.1736,0][5.91725e-005,-0.418101,0.178343][-0.0019774,-0.996296,-0.0859687][0.651296,0.17393,0][0.000959165,-0.417565,0.172104][-0.0019774,-0.996296,-0.0859687][0.650679,0.173157,0][0.00466907,-0.417132,0.166998][-0.0019774,-0.996296,-0.0859687][0.650643,0.171948,0][0.00466907,-0.417132,0.166998][-0.00190965,-0.99626,-0.0863842][0.650643,0.171948,0][0.0103391,-0.416899,0.164193][-0.00195747,-0.996242,-0.0865977][0.651197,0.17058,0][0.0166592,-0.416923,0.164332][-0.00189295,-0.996267,-0.0863096][0.652215,0.169367,0][0.0166592,-0.416923,0.164332][-0.00189295,-0.996267,-0.0863096][0.652215,0.169367,0][0.0256691,-0.417661,0.172647][-0.00188579,-0.99627,-0.0862776][0.654657,0.168416,0][0.00466907,-0.417132,0.166998][-0.00190965,-0.99626,-0.0863842][0.650643,0.171948,0][0.0166592,-0.416923,0.164332][-0.00249862,-0.996325,-0.0856184][0.652215,0.169367,0][0.0221991,-0.4172,0.167383][-0.00249863,-0.996325,-0.0856185][0.653463,0.168585,0][0.0256691,-0.417661,0.172647][-0.00249863,-0.996325,-0.0856184][0.654657,0.168416,0][0.00680903,-0.418998,0.188566][-0.00194784,-0.996291,-0.086023][0.653612,0.1736,0][0.00466907,-0.417132,0.166998][-0.00195311,-0.996291,-0.0860293][0.650643,0.171948,0][0.0256691,-0.417661,0.172647][-0.00194632,-0.996292,-0.0860213][0.654657,0.168416,0][0.0256691,-0.417661,0.172647][-0.00194632,-0.996292,-0.0860213][0.654657,0.168416,0][0.0239191,-0.418703,0.184761][-0.00193726,-0.996293,-0.0860106][0.655857,0.169916,0][0.00680903,-0.418998,0.188566][-0.00194784,-0.996291,-0.086023][0.653612,0.1736,0][0.0256691,-0.417661,0.172647][-0.00174174,-0.996295,-0.0859826][0.654657,0.168416,0][0.0262991,-0.418203,0.178919][-0.00174174,-0.996295,-0.0859826][0.65552,0.168896,0][0.0239191,-0.418703,0.184761][-0.00174175,-0.996295,-0.0859826][0.655857,0.169916,0][0.0239191,-0.418703,0.184761][-0.0019195,-0.996282,-0.0861358][0.655857,0.169916,0][0.0190991,-0.419046,0.188835][-0.00183661,-0.996296,-0.0859696][0.655589,0.171244,0][0.012919,-0.419153,0.190209][-0.00198749,-0.99627,-0.0862721][0.654779,0.172573,0][0.012919,-0.419153,0.190209][-0.00198749,-0.99627,-0.0862721][0.654779,0.172573,0][0.00680903,-0.418998,0.188566][-0.0020026,-0.996267,-0.0863024][0.653612,0.1736,0][0.0239191,-0.418703,0.184761][-0.0019195,-0.996282,-0.0861358][0.655857,0.169916,0][-0.0775713,0.361956,0.0445562][-0.473603,0.593085,0.651115][0.5942,0.107286,0][-0.0655762,0.307665,0.0830317][-0.491277,0.290619,0.821089][0.590058,0.077689,0][-0.0372966,0.34276,0.080212][-0.115774,0.575936,0.809256][0.605156,0.087286,0][-0.0372966,0.34276,0.080212][-0.115774,0.575936,0.809256][0.605156,0.087286,0][-0.0514426,0.376739,0.0450457][-0.112268,0.768328,0.630134][0.605579,0.109696,0][-0.0775713,0.361956,0.0445562][-0.473603,0.593085,0.651115][0.5942,0.107286,0][-0.0616318,0.388779,0.0170904][-0.337663,0.813541,0.473428][0.604656,0.125388,0][-0.0514426,0.376739,0.0450457][-0.112268,0.768328,0.630134][0.605579,0.109696,0][-0.0427583,0.391643,0.0265281][-0.360055,0.801996,0.476617][0.611014,0.120465,0][-0.116825,0.334342,0.0326791][-0.704628,0.338849,0.623442][0.570692,0.104796,0][-0.116573,0.353602,0.0173491][-0.674734,0.502508,0.540574][0.574001,0.117318,0][-0.150655,0.319043,-0.0184927][-0.952384,0.158261,0.260612][0.536719,0.118795,0][-0.150655,0.319043,-0.0184927][-0.952384,0.158261,0.260612][0.536719,0.118795,0][-0.148664,0.299349,-0.00241703][-0.928653,0.06107,0.365888][0.536302,0.105319,0][-0.116825,0.334342,0.0326791][-0.704628,0.338849,0.623442][0.570692,0.104796,0][-0.150655,0.319043,-0.0184927][-0.952384,0.158261,0.260612][0.536719,0.118795,0][-0.150769,0.287658,-0.0774545][-0.978386,0.0534302,-0.199768][0.498619,0.124681,0][-0.154081,0.266391,-0.0622763][-0.995724,-0.0720055,-0.0578755][0.499546,0.110757,0][-0.154081,0.266391,-0.0622763][-0.995724,-0.0720055,-0.0578755][0.499546,0.110757,0][-0.148664,0.299349,-0.00241703][-0.928653,0.06107,0.365888][0.536302,0.105319,0][-0.150655,0.319043,-0.0184927][-0.952384,0.158261,0.260612][0.536719,0.118795,0][-0.143834,0.253466,-0.0992652][-0.950054,-0.0419866,-0.309249][0.482688,0.115473,0][-0.154081,0.266391,-0.0622763][-0.995724,-0.0720055,-0.0578755][0.499546,0.110757,0][-0.150769,0.287658,-0.0774545][-0.978386,0.0534302,-0.199768][0.498619,0.124681,0][-0.150769,0.287658,-0.0774545][-0.978386,0.0534302,-0.199768][0.498619,0.124681,0][-0.134902,0.270403,-0.115331][-0.905324,0.0821843,-0.416694][0.47897,0.127468,0][-0.143834,0.253466,-0.0992652][-0.950054,-0.0419866,-0.309249][0.482688,0.115473,0][-0.0720833,0.384218,0.0178061][-0.414785,0.762779,0.496106][0.600008,0.124588,0][-0.0775713,0.361956,0.0445562][-0.473603,0.593085,0.651115][0.5942,0.107286,0][-0.0514426,0.376739,0.0450457][-0.112268,0.768328,0.630134][0.605579,0.109696,0][-0.0514426,0.376739,0.0450457][-0.112268,0.768328,0.630134][0.605579,0.109696,0][-0.0616318,0.388779,0.0170904][-0.337663,0.813541,0.473428][0.604656,0.125388,0][-0.0720833,0.384218,0.0178061][-0.414785,0.762779,0.496106][0.600008,0.124588,0][-0.0655762,0.307665,0.0830317][-0.491277,0.290619,0.821089][0.590058,0.077689,0][-0.0775713,0.361956,0.0445562][-0.473603,0.593085,0.651115][0.5942,0.107286,0][-0.116825,0.334342,0.0326791][-0.704628,0.338849,0.623442][0.570692,0.104796,0][-0.116825,0.334342,0.0326791][-0.704628,0.338849,0.623442][0.570692,0.104796,0][-0.1002,0.282796,0.0652902][-0.669836,0.105922,0.734915][0.567686,0.076866,0][-0.0655762,0.307665,0.0830317][-0.491277,0.290619,0.821089][0.590058,0.077689,0][-0.0775713,0.361956,0.0445562][-0.473603,0.593085,0.651115][0.5942,0.107286,0][-0.0720833,0.384218,0.0178061][-0.414785,0.762779,0.496106][0.600008,0.124588,0][-0.116573,0.353602,0.0173491][-0.674734,0.502508,0.540574][0.574001,0.117318,0][-0.116573,0.353602,0.0173491][-0.674734,0.502508,0.540574][0.574001,0.117318,0][-0.116825,0.334342,0.0326791][-0.704628,0.338849,0.623442][0.570692,0.104796,0][-0.0775713,0.361956,0.0445562][-0.473603,0.593085,0.651115][0.5942,0.107286,0][-0.0393343,0.223382,0.111636][-0.484749,0.021299,0.874394][0.585778,0.041537,0][-0.0181157,0.173253,0.116737][-0.366768,-0.272318,0.889564][0.583661,0.020339,0][-0.0169415,0.198246,0.122869][-0.204826,-0.0365757,0.978115][0.593827,0.028261,0][-0.0169415,0.198246,0.122869][-0.204826,-0.0365757,0.978115][0.593827,0.028261,0][-0.0206728,0.290687,0.110253][-0.431477,0.208251,0.877758][0.605243,0.06271,0][-0.0393343,0.223382,0.111636][-0.484749,0.021299,0.874394][0.585778,0.041537,0][-0.148664,0.299349,-0.00241703][-0.928653,0.06107,0.365888][0.536302,0.105319,0][-0.154081,0.266391,-0.0622763][-0.995724,-0.0720055,-0.0578755][0.499546,0.110757,0][-0.141649,0.22004,-0.0180101][-0.941831,-0.248306,0.226494][0.504413,0.08137,0][-0.141649,0.22004,-0.0180101][-0.941831,-0.248306,0.226494][0.504413,0.08137,0][-0.127486,0.253598,0.0346384][-0.835976,-0.0929841,0.540831][0.538925,0.077462,0][-0.148664,0.299349,-0.00241703][-0.928653,0.06107,0.365888][0.536302,0.105319,0][-0.141649,0.22004,-0.0180101][-0.941831,-0.248306,0.226494][0.504413,0.08137,0][-0.14354,0.214876,-0.0622025][-0.969208,-0.24618,0.005575][0.487576,0.091175,0][-0.122082,0.168173,-0.0174629][-0.886566,-0.371679,0.275417][0.489712,0.063637,0][-0.122082,0.168173,-0.0174629][-0.886566,-0.371679,0.275417][0.489712,0.063637,0][-0.098928,0.163627,0.0371168][-0.803622,-0.397511,0.442919][0.510077,0.045871,0][-0.141649,0.22004,-0.0180101][-0.941831,-0.248306,0.226494][0.504413,0.08137,0][-0.098928,0.163627,0.0371168][-0.803622,-0.397511,0.442919][0.510077,0.045871,0][-0.122082,0.168173,-0.0174629][-0.886566,-0.371679,0.275417][0.489712,0.063637,0][-0.062499,0.123766,0.0586357][-0.655772,-0.435639,0.616589][0.50461,0.022942,0][-0.062499,0.123766,0.0586357][-0.655772,-0.435639,0.616589][0.50461,0.022942,0][-0.0531143,0.126219,0.0692002][-0.560446,-0.495428,0.663666][0.513894,0.019506,0][-0.098928,0.163627,0.0371168][-0.803622,-0.397511,0.442919][0.510077,0.045871,0][-0.0791592,0.187359,0.0742255][-0.695488,-0.240096,0.677238][0.542032,0.04187,0][-0.098928,0.163627,0.0371168][-0.803622,-0.397511,0.442919][0.510077,0.045871,0][-0.0531143,0.126219,0.0692002][-0.560446,-0.495428,0.663666][0.513894,0.019506,0][-0.0531143,0.126219,0.0692002][-0.560446,-0.495428,0.663666][0.513894,0.019506,0][-0.0298023,0.136476,0.0923881][-0.502718,-0.447119,0.739837][0.544139,0.013759,0][-0.0791592,0.187359,0.0742255][-0.695488,-0.240096,0.677238][0.542032,0.04187,0][-0.0181157,0.173253,0.116737][-0.366768,-0.272318,0.889564][0.583661,0.020339,0][-0.0393343,0.223382,0.111636][-0.484749,0.021299,0.874394][0.585778,0.041537,0][-0.0620882,0.205764,0.0942022][-0.620626,-0.140813,0.771359][0.564389,0.041503,0][-0.0620882,0.205764,0.0942022][-0.620626,-0.140813,0.771359][0.564389,0.041503,0][-0.0198671,0.145009,0.103518][-0.433839,-0.397198,0.808714][0.56245,0.012873,0][-0.0181157,0.173253,0.116737][-0.366768,-0.272318,0.889564][0.583661,0.020339,0][-0.127486,0.253598,0.0346384][-0.835976,-0.0929841,0.540831][0.538925,0.077462,0][-0.1002,0.282796,0.0652902][-0.669836,0.105922,0.734915][0.567686,0.076866,0][-0.116825,0.334342,0.0326791][-0.704628,0.338849,0.623442][0.570692,0.104796,0][-0.116825,0.334342,0.0326791][-0.704628,0.338849,0.623442][0.570692,0.104796,0][-0.148664,0.299349,-0.00241703][-0.928653,0.06107,0.365888][0.536302,0.105319,0][-0.127486,0.253598,0.0346384][-0.835976,-0.0929841,0.540831][0.538925,0.077462,0][-0.0298023,0.136476,0.0923881][-0.502718,-0.447119,0.739837][0.544139,0.013759,0][-0.0198671,0.145009,0.103518][-0.433839,-0.397198,0.808714][0.56245,0.012873,0][-0.0620882,0.205764,0.0942022][-0.620626,-0.140813,0.771359][0.564389,0.041503,0][-0.0620882,0.205764,0.0942022][-0.620626,-0.140813,0.771359][0.564389,0.041503,0][-0.0791592,0.187359,0.0742255][-0.695488,-0.240096,0.677238][0.542032,0.04187,0][-0.0298023,0.136476,0.0923881][-0.502718,-0.447119,0.739837][0.544139,0.013759,0][-0.0475556,0.310186,0.0751906][0.546461,-0.330637,-0.769454][0.393617,0.067913,0][-0.0166969,0.349259,0.0689999][0.462296,-0.513808,-0.722692][0.37604,0.073775,0][-0.00158731,0.291306,0.106187][0.475987,-0.222804,-0.850762][0.37898,0.045992,0][-0.00158731,0.291306,0.106187][0.475987,-0.222804,-0.850762][0.37898,0.045992,0][-0.0194292,0.214375,0.108067][0.576208,-0.0414029,-0.816254][0.400596,0.030957,0][-0.0475556,0.310186,0.0751906][0.546461,-0.330637,-0.769454][0.393617,0.067913,0][-0.0414183,0.391176,-0.0101473][0.325387,-0.899601,-0.291276][0.375463,0.122941,0][-0.0240379,0.395221,0.00161102][0.407292,-0.860499,-0.30603][0.366882,0.114582,0][-0.0314306,0.383459,0.0248443][0.433572,-0.761196,-0.482283][0.374249,0.101922,0][-0.132477,0.272296,-0.0844863][0.994368,-0.0052992,0.105847][0.458312,0.105105,0][-0.126772,0.295813,-0.0976661][0.948868,-0.143867,0.280984][0.458732,0.122101,0][-0.131219,0.325489,-0.0387507][0.93883,-0.0632557,-0.338523][0.433431,0.119093,0][-0.131219,0.325489,-0.0387507][0.93883,-0.0632557,-0.338523][0.433431,0.119093,0][-0.125872,0.305385,-0.0253617][0.924312,-0.0541317,-0.37778][0.433349,0.103579,0][-0.132477,0.272296,-0.0844863][0.994368,-0.0052992,0.105847][0.458312,0.105105,0][-0.122781,0.260412,-0.119293][0.925972,-0.068712,0.371288][0.471023,0.106505,0][-0.108167,0.281309,-0.132619][0.815424,-0.232044,0.530319][0.473671,0.121452,0][-0.126772,0.295813,-0.0976661][0.948868,-0.143867,0.280984][0.458732,0.122101,0][-0.126772,0.295813,-0.0976661][0.948868,-0.143867,0.280984][0.458732,0.122101,0][-0.132477,0.272296,-0.0844863][0.994368,-0.0052992,0.105847][0.458312,0.105105,0][-0.122781,0.260412,-0.119293][0.925972,-0.068712,0.371288][0.471023,0.106505,0][-0.131219,0.325489,-0.0387507][0.93883,-0.0632557,-0.338523][0.433431,0.119093,0][-0.0960747,0.359999,-0.00452323][0.707503,-0.385558,-0.592271][0.406234,0.117072,0][-0.0935735,0.341318,0.0106257][0.717782,-0.349423,-0.60224][0.408453,0.102543,0][-0.0935735,0.341318,0.0106257][0.717782,-0.349423,-0.60224][0.408453,0.102543,0][-0.125872,0.305385,-0.0253617][0.924312,-0.0541317,-0.37778][0.433349,0.103579,0][-0.131219,0.325489,-0.0387507][0.93883,-0.0632557,-0.338523][0.433431,0.119093,0][-0.0960747,0.359999,-0.00452323][0.456298,-0.795564,-0.398586][0.406234,0.117072,0][-0.0514652,0.387532,-0.00840912][0.39701,-0.847415,-0.352522][0.381116,0.122775,0][-0.055657,0.369102,0.0235773][0.508845,-0.653684,-0.560156][0.387182,0.101984,0][-0.055657,0.369102,0.0235773][0.508845,-0.653684,-0.560156][0.387182,0.101984,0][-0.0935735,0.341318,0.0106257][0.717782,-0.349423,-0.60224][0.408453,0.102543,0][-0.0960747,0.359999,-0.00452323][0.707503,-0.385558,-0.592271][0.406234,0.117072,0][-0.0514652,0.387532,-0.00840912][0.39701,-0.847415,-0.352522][0.381116,0.122775,0][-0.0414183,0.391176,-0.0101473][0.325387,-0.899601,-0.291276][0.375463,0.122941,0][-0.0314306,0.383459,0.0248443][0.433572,-0.761196,-0.482283][0.374249,0.101922,0][-0.0314306,0.383459,0.0248443][0.433572,-0.761196,-0.482283][0.374249,0.101922,0][-0.055657,0.369102,0.0235773][0.508845,-0.653684,-0.560156][0.387182,0.101984,0][-0.0514652,0.387532,-0.00840912][0.39701,-0.847415,-0.352522][0.381116,0.122775,0][-0.0194292,0.214375,0.108067][0.576208,-0.0414029,-0.816254][0.400596,0.030957,0][-0.00158731,0.291306,0.106187][0.475987,-0.222804,-0.850762][0.37898,0.045992,0][-0.00211306,0.187368,0.121393][0.666,0.0601484,-0.743522][0.396003,0.01874,0][-0.00211306,0.187368,0.121393][0.666,0.0601484,-0.743522][0.396003,0.01874,0][-0.00412143,0.160734,0.115135][0.698595,0.191514,-0.689411][0.405605,0.015719,0][-0.0194292,0.214375,0.108067][0.576208,-0.0414029,-0.816254][0.400596,0.030957,0][-0.108084,0.249558,0.0232953][0.855042,0.0325266,-0.517538][0.432945,0.070768,0][-0.125872,0.305385,-0.0253617][0.924312,-0.0541317,-0.37778][0.433349,0.103579,0][-0.0935735,0.341318,0.0106257][0.717782,-0.349423,-0.60224][0.408453,0.102543,0][-0.0935735,0.341318,0.0106257][0.717782,-0.349423,-0.60224][0.408453,0.102543,0][-0.0802016,0.281208,0.0556914][0.721654,-0.136888,-0.678585][0.412548,0.069757,0][-0.108084,0.249558,0.0232953][0.855042,0.0325266,-0.517538][0.432945,0.070768,0][-0.125872,0.305385,-0.0253617][0.924312,-0.0541317,-0.37778][0.433349,0.103579,0][-0.108084,0.249558,0.0232953][0.855042,0.0325266,-0.517538][0.432945,0.070768,0][-0.126545,0.217245,-0.033078][0.961457,0.18414,-0.204187][0.456008,0.071592,0][-0.126545,0.217245,-0.033078][0.961457,0.18414,-0.204187][0.456008,0.071592,0][-0.132477,0.272296,-0.0844863][0.994368,-0.0052992,0.105847][0.458312,0.105105,0][-0.125872,0.305385,-0.0253617][0.924312,-0.0541317,-0.37778][0.433349,0.103579,0][-0.126923,0.21427,-0.0822176][0.985447,0.166209,0.035615][0.467896,0.077728,0][-0.122781,0.260412,-0.119293][0.925972,-0.068712,0.371288][0.471023,0.106505,0][-0.132477,0.272296,-0.0844863][0.994368,-0.0052992,0.105847][0.458312,0.105105,0][-0.132477,0.272296,-0.0844863][0.994368,-0.0052992,0.105847][0.458312,0.105105,0][-0.126545,0.217245,-0.033078][0.961457,0.18414,-0.204187][0.456008,0.071592,0][-0.126923,0.21427,-0.0822176][0.985447,0.166209,0.035615][0.467896,0.077728,0][-0.0464659,0.11327,0.0591935][0.760062,0.160798,-0.629642][0.458513,0.016989,0][-0.106452,0.16025,-0.03035][0.902411,0.324418,-0.283563][0.467165,0.047729,0][-0.0787864,0.152458,0.0301861][0.832914,0.317096,-0.453548][0.453504,0.035175,0][-0.0787864,0.152458,0.0301861][0.832914,0.317096,-0.453548][0.453504,0.035175,0][-0.0369446,0.115608,0.0699875][0.706018,0.186278,-0.683256][0.452686,0.016468,0][-0.0464659,0.11327,0.0591935][0.760062,0.160798,-0.629642][0.458513,0.016989,0][-0.0563612,0.175367,0.0686653][0.732707,0.177247,-0.657057][0.432499,0.034478,0][-0.0150265,0.125237,0.0921494][0.657135,0.201587,-0.726317][0.433828,0.015619,0][-0.0369446,0.115608,0.0699875][0.706018,0.186278,-0.683256][0.452686,0.016468,0][-0.0369446,0.115608,0.0699875][0.706018,0.186278,-0.683256][0.452686,0.016468,0][-0.0787864,0.152458,0.0301861][0.832914,0.317096,-0.453548][0.453504,0.035175,0][-0.0563612,0.175367,0.0686653][0.732707,0.177247,-0.657057][0.432499,0.034478,0][-0.0563612,0.175367,0.0686653][0.732707,0.177247,-0.657057][0.432499,0.034478,0][-0.0397821,0.194611,0.089254][0.682889,0.107109,-0.722627][0.417061,0.033623,0][-0.0061729,0.133058,0.102444][0.678213,0.220033,-0.70115][0.421866,0.014427,0][-0.0061729,0.133058,0.102444][0.678213,0.220033,-0.70115][0.421866,0.014427,0][-0.0150265,0.125237,0.0921494][0.657135,0.201587,-0.726317][0.433828,0.015619,0][-0.0563612,0.175367,0.0686653][0.732707,0.177247,-0.657057][0.432499,0.034478,0][-0.0475556,0.310186,0.0751906][0.546461,-0.330637,-0.769454][0.393617,0.067913,0][-0.0802016,0.281208,0.0556914][0.721654,-0.136888,-0.678585][0.412548,0.069757,0][-0.0935735,0.341318,0.0106257][0.717782,-0.349423,-0.60224][0.408453,0.102543,0][-0.0935735,0.341318,0.0106257][0.717782,-0.349423,-0.60224][0.408453,0.102543,0][-0.055657,0.369102,0.0235773][0.508845,-0.653684,-0.560156][0.387182,0.101984,0][-0.0475556,0.310186,0.0751906][0.546461,-0.330637,-0.769454][0.393617,0.067913,0][-0.0397821,0.194611,0.089254][0.682889,0.107109,-0.722627][0.417061,0.033623,0][-0.0194292,0.214375,0.108067][0.576208,-0.0414029,-0.816254][0.400596,0.030957,0][-0.00412143,0.160734,0.115135][0.698595,0.191514,-0.689411][0.405605,0.015719,0][-0.00412143,0.160734,0.115135][0.698595,0.191514,-0.689411][0.405605,0.015719,0][-0.0061729,0.133058,0.102444][0.678213,0.220033,-0.70115][0.421866,0.014427,0][-0.0397821,0.194611,0.089254][0.682889,0.107109,-0.722627][0.417061,0.033623,0][-0.00158731,0.291306,0.106187][0.195832,0.34796,0.916828][0.606555,0.062935,0][-0.0166969,0.349259,0.0689999][0.202042,0.687365,0.697645][0.60635,0.090433,0][-0.0372966,0.34276,0.080212][-0.115774,0.575936,0.809256][0.605156,0.087286,0][-0.0372966,0.34276,0.080212][-0.115774,0.575936,0.809256][0.605156,0.087286,0][-0.0206728,0.290687,0.110253][0.184327,0.35017,0.918371][0.605243,0.06271,0][-0.00158731,0.291306,0.106187][0.195832,0.34796,0.916828][0.606555,0.062935,0][-0.0166969,0.349259,0.0689999][0.202042,0.687365,0.697645][0.60635,0.090433,0][-0.0314306,0.383459,0.0248443][0.462909,0.678694,0.570167][0.606823,0.115892,0][-0.0514426,0.376739,0.0450457][-0.112268,0.768328,0.630134][0.605579,0.109696,0][-0.0514426,0.376739,0.0450457][-0.112268,0.768328,0.630134][0.605579,0.109696,0][-0.0372966,0.34276,0.080212][-0.115774,0.575936,0.809256][0.605156,0.087286,0][-0.0166969,0.349259,0.0689999][0.202042,0.687365,0.697645][0.60635,0.090433,0][-0.0314306,0.383459,0.0248443][0.462909,0.678694,0.570167][0.606823,0.115892,0][-0.0240379,0.395221,0.00161102][0.552356,0.65963,0.509697][0.612544,0.128122,0][-0.0427583,0.391643,0.0265281][0.520887,0.595011,0.612078][0.611014,0.120465,0][-0.0427583,0.391643,0.0265281][0.520887,0.595011,0.612078][0.611014,0.120465,0][-0.0514426,0.376739,0.0450457][-0.112268,0.768328,0.630134][0.605579,0.109696,0][-0.0314306,0.383459,0.0248443][0.462909,0.678694,0.570167][0.606823,0.115892,0][-0.0414183,0.391176,-0.0101473][-0.246327,0.966241,-0.0755051][0.605989,0.134025,0][-0.0616318,0.388779,0.0170904][-0.303933,0.94328,-0.133595][0.604656,0.125388,0][-0.0427583,0.391643,0.0265281][-0.166807,0.985813,-0.0186528][0.611014,0.120465,0][-0.0427583,0.391643,0.0265281][-0.166807,0.985813,-0.0186528][0.611014,0.120465,0][-0.0240379,0.395221,0.00161102][-0.213602,0.976711,-0.0202465][0.612544,0.128122,0][-0.0414183,0.391176,-0.0101473][-0.246327,0.966241,-0.0755051][0.605989,0.134025,0][-0.116573,0.353602,0.0173491][-0.5371,0.799876,-0.26781][0.574001,0.117318,0][-0.0960747,0.359999,-0.00452323][-0.534758,0.798158,-0.277447][0.574375,0.12475,0][-0.131219,0.325489,-0.0387507][-0.57835,0.747033,-0.327801][0.535961,0.126036,0][-0.131219,0.325489,-0.0387507][-0.57835,0.747033,-0.327801][0.535961,0.126036,0][-0.150655,0.319043,-0.0184927][-0.57193,0.760831,-0.306646][0.536719,0.118795,0][-0.116573,0.353602,0.0173491][-0.5371,0.799876,-0.26781][0.574001,0.117318,0][-0.131219,0.325489,-0.0387507][-0.57835,0.747033,-0.327801][0.535961,0.126036,0][-0.126772,0.295813,-0.0976661][-0.610488,0.616057,-0.497773][0.496747,0.132796,0][-0.150769,0.287658,-0.0774545][-0.603108,0.669934,-0.432955][0.498619,0.124681,0][-0.150769,0.287658,-0.0774545][-0.603108,0.669934,-0.432955][0.498619,0.124681,0][-0.150655,0.319043,-0.0184927][-0.57193,0.760831,-0.306646][0.536719,0.118795,0][-0.131219,0.325489,-0.0387507][-0.57835,0.747033,-0.327801][0.535961,0.126036,0][-0.126772,0.295813,-0.0976661][-0.610488,0.616057,-0.497773][0.496747,0.132796,0][-0.108167,0.281309,-0.132619][-0.596122,0.578087,-0.557185][0.476666,0.135923,0][-0.134902,0.270403,-0.115331][-0.610503,0.574415,-0.545283][0.47897,0.127468,0][-0.134902,0.270403,-0.115331][-0.610503,0.574415,-0.545283][0.47897,0.127468,0][-0.150769,0.287658,-0.0774545][-0.603108,0.669934,-0.432955][0.498619,0.124681,0][-0.126772,0.295813,-0.0976661][-0.610488,0.616057,-0.497773][0.496747,0.132796,0][-0.122781,0.260412,-0.119293][-0.505001,-0.348584,-0.789597][0.480413,0.122052,0][-0.143834,0.253466,-0.0992652][-0.541381,-0.495458,-0.679286][0.482688,0.115473,0][-0.134902,0.270403,-0.115331][-0.526951,-0.328436,-0.78387][0.47897,0.127468,0][-0.134902,0.270403,-0.115331][-0.526951,-0.328436,-0.78387][0.47897,0.127468,0][-0.108167,0.281309,-0.132619][-0.463765,-0.222564,-0.857547][0.476666,0.135923,0][-0.122781,0.260412,-0.119293][-0.505001,-0.348584,-0.789597][0.480413,0.122052,0][-0.0514652,0.387532,-0.00840912][-0.411571,0.88342,-0.224006][0.601224,0.133089,0][-0.0720833,0.384218,0.0178061][-0.492433,0.826451,-0.272928][0.600008,0.124588,0][-0.0616318,0.388779,0.0170904][-0.303933,0.94328,-0.133595][0.604656,0.125388,0][-0.0616318,0.388779,0.0170904][-0.303933,0.94328,-0.133595][0.604656,0.125388,0][-0.0414183,0.391176,-0.0101473][-0.246327,0.966241,-0.0755051][0.605989,0.134025,0][-0.0514652,0.387532,-0.00840912][-0.411571,0.88342,-0.224006][0.601224,0.133089,0][-0.0720833,0.384218,0.0178061][-0.492433,0.826451,-0.272928][0.600008,0.124588,0][-0.0514652,0.387532,-0.00840912][-0.411571,0.88342,-0.224006][0.601224,0.133089,0][-0.0960747,0.359999,-0.00452323][-0.534758,0.798158,-0.277447][0.574375,0.12475,0][-0.0960747,0.359999,-0.00452323][-0.534758,0.798158,-0.277447][0.574375,0.12475,0][-0.116573,0.353602,0.0173491][-0.5371,0.799876,-0.26781][0.574001,0.117318,0][-0.0720833,0.384218,0.0178061][-0.492433,0.826451,-0.272928][0.600008,0.124588,0][-0.00211306,0.187368,0.121393][0.00785136,-0.116869,0.993116][0.594844,0.024575,0][-0.0169415,0.198246,0.122869][-0.204826,-0.0365757,0.978115][0.593827,0.028261,0][-0.0181157,0.173253,0.116737][-0.366768,-0.272318,0.889564][0.583661,0.020339,0][-0.0181157,0.173253,0.116737][-0.366768,-0.272318,0.889564][0.583661,0.020339,0][-0.00412143,0.160734,0.115135][-0.209171,-0.34548,0.914818][0.584485,0.01578,0][-0.00211306,0.187368,0.121393][0.00785136,-0.116869,0.993116][0.594844,0.024575,0][-0.00158731,0.291306,0.106187][0.195832,0.34796,0.916828][0.606555,0.062935,0][-0.0206728,0.290687,0.110253][0.184327,0.35017,0.918371][0.605243,0.06271,0][-0.0169415,0.198246,0.122869][-0.204826,-0.0365757,0.978115][0.593827,0.028261,0][-0.0169415,0.198246,0.122869][-0.204826,-0.0365757,0.978115][0.593827,0.028261,0][-0.00211306,0.187368,0.121393][0.00785136,-0.116869,0.993116][0.594844,0.024575,0][-0.00158731,0.291306,0.106187][0.195832,0.34796,0.916828][0.606555,0.062935,0][-0.126923,0.21427,-0.0822176][-0.613041,-0.577884,-0.538731][0.485402,0.09461,0][-0.14354,0.214876,-0.0622025][-0.621743,-0.616478,-0.483106][0.487576,0.091175,0][-0.143834,0.253466,-0.0992652][-0.541381,-0.495458,-0.679286][0.482688,0.115473,0][-0.143834,0.253466,-0.0992652][-0.541381,-0.495458,-0.679286][0.482688,0.115473,0][-0.122781,0.260412,-0.119293][-0.505001,-0.348584,-0.789597][0.480413,0.122052,0][-0.126923,0.21427,-0.0822176][-0.613041,-0.577884,-0.538731][0.485402,0.09461,0][-0.106452,0.16025,-0.03035][-0.582866,-0.774447,-0.245964][0.487466,0.063691,0][-0.122082,0.168173,-0.0174629][-0.594857,-0.763234,-0.252227][0.489712,0.063637,0][-0.14354,0.214876,-0.0622025][-0.621743,-0.616478,-0.483106][0.487576,0.091175,0][-0.14354,0.214876,-0.0622025][-0.621743,-0.616478,-0.483106][0.487576,0.091175,0][-0.126923,0.21427,-0.0822176][-0.613041,-0.577884,-0.538731][0.485402,0.09461,0][-0.106452,0.16025,-0.03035][-0.582866,-0.774447,-0.245964][0.487466,0.063691,0][-0.106452,0.16025,-0.03035][-0.582866,-0.774447,-0.245964][0.487466,0.063691,0][-0.0464659,0.11327,0.0591935][-0.544399,-0.835583,-0.0736961][0.502452,0.018408,0][-0.062499,0.123766,0.0586357][-0.541665,-0.837179,-0.0757013][0.50461,0.022942,0][-0.062499,0.123766,0.0586357][-0.541665,-0.837179,-0.0757013][0.50461,0.022942,0][-0.122082,0.168173,-0.0174629][-0.594857,-0.763234,-0.252227][0.489712,0.063637,0][-0.106452,0.16025,-0.03035][-0.582866,-0.774447,-0.245964][0.487466,0.063691,0][-0.0464659,0.11327,0.0591935][-0.469083,-0.678101,0.565809][0.502452,0.018408,0][-0.0369446,0.115608,0.0699875][-0.443047,-0.622342,0.645291][0.512047,0.014644,0][-0.0531143,0.126219,0.0692002][-0.560446,-0.495428,0.663666][0.513894,0.019506,0][-0.0531143,0.126219,0.0692002][-0.560446,-0.495428,0.663666][0.513894,0.019506,0][-0.062499,0.123766,0.0586357][-0.655772,-0.435639,0.616589][0.50461,0.022942,0][-0.0464659,0.11327,0.0591935][-0.469083,-0.678101,0.565809][0.502452,0.018408,0][-0.0298023,0.136476,0.0923881][-0.502718,-0.447119,0.739837][0.544139,0.013759,0][-0.0531143,0.126219,0.0692002][-0.560446,-0.495428,0.663666][0.513894,0.019506,0][-0.0369446,0.115608,0.0699875][-0.443047,-0.622342,0.645291][0.512047,0.014644,0][-0.0369446,0.115608,0.0699875][-0.443047,-0.622342,0.645291][0.512047,0.014644,0][-0.0150265,0.125237,0.0921494][-0.412781,-0.552986,0.723753][0.543568,0.008642,0][-0.0298023,0.136476,0.0923881][-0.502718,-0.447119,0.739837][0.544139,0.013759,0][-0.0150265,0.125237,0.0921494][-0.412781,-0.552986,0.723753][0.543568,0.008642,0][-0.0061729,0.133058,0.102444][-0.352071,-0.475886,0.805964][0.562709,0.007782,0][-0.0198671,0.145009,0.103518][-0.433839,-0.397198,0.808714][0.56245,0.012873,0][-0.0198671,0.145009,0.103518][-0.433839,-0.397198,0.808714][0.56245,0.012873,0][-0.0298023,0.136476,0.0923881][-0.502718,-0.447119,0.739837][0.544139,0.013759,0][-0.0150265,0.125237,0.0921494][-0.412781,-0.552986,0.723753][0.543568,0.008642,0][-0.0198671,0.145009,0.103518][-0.433839,-0.397198,0.808714][0.56245,0.012873,0][-0.0061729,0.133058,0.102444][-0.352071,-0.475886,0.805964][0.562709,0.007782,0][-0.00412143,0.160734,0.115135][-0.209171,-0.34548,0.914818][0.584485,0.01578,0][-0.00412143,0.160734,0.115135][-0.209171,-0.34548,0.914818][0.584485,0.01578,0][-0.0181157,0.173253,0.116737][-0.366768,-0.272318,0.889564][0.583661,0.020339,0][-0.0198671,0.145009,0.103518][-0.433839,-0.397198,0.808714][0.56245,0.012873,0][-0.098928,0.163627,0.0371168][-0.803622,-0.397511,0.442919][0.510077,0.045871,0][-0.0791592,0.187359,0.0742255][-0.695488,-0.240096,0.677238][0.542032,0.04187,0][-0.127486,0.253598,0.0346384][-0.835976,-0.0929841,0.540831][0.538925,0.077462,0][-0.127486,0.253598,0.0346384][-0.835976,-0.0929841,0.540831][0.538925,0.077462,0][-0.141649,0.22004,-0.0180101][-0.941831,-0.248306,0.226494][0.504413,0.08137,0][-0.098928,0.163627,0.0371168][-0.803622,-0.397511,0.442919][0.510077,0.045871,0][-0.0791592,0.187359,0.0742255][-0.695488,-0.240096,0.677238][0.542032,0.04187,0][-0.0620882,0.205764,0.0942022][-0.620626,-0.140813,0.771359][0.564389,0.041503,0][-0.1002,0.282796,0.0652902][-0.669836,0.105922,0.734915][0.567686,0.076866,0][-0.1002,0.282796,0.0652902][-0.669836,0.105922,0.734915][0.567686,0.076866,0][-0.127486,0.253598,0.0346384][-0.835976,-0.0929841,0.540831][0.538925,0.077462,0][-0.0791592,0.187359,0.0742255][-0.695488,-0.240096,0.677238][0.542032,0.04187,0][-0.0393343,0.223382,0.111636][-0.484749,0.021299,0.874394][0.585778,0.041537,0][-0.0655762,0.307665,0.0830317][-0.491277,0.290619,0.821089][0.590058,0.077689,0][-0.1002,0.282796,0.0652902][-0.669836,0.105922,0.734915][0.567686,0.076866,0][-0.1002,0.282796,0.0652902][-0.669836,0.105922,0.734915][0.567686,0.076866,0][-0.0620882,0.205764,0.0942022][-0.620626,-0.140813,0.771359][0.564389,0.041503,0][-0.0393343,0.223382,0.111636][-0.484749,0.021299,0.874394][0.585778,0.041537,0][-0.14354,0.214876,-0.0622025][-0.969208,-0.24618,0.005575][0.487576,0.091175,0][-0.141649,0.22004,-0.0180101][-0.941831,-0.248306,0.226494][0.504413,0.08137,0][-0.154081,0.266391,-0.0622763][-0.995724,-0.0720055,-0.0578755][0.499546,0.110757,0][-0.154081,0.266391,-0.0622763][-0.995724,-0.0720055,-0.0578755][0.499546,0.110757,0][-0.143834,0.253466,-0.0992652][-0.950054,-0.0419866,-0.309249][0.482688,0.115473,0][-0.14354,0.214876,-0.0622025][-0.969208,-0.24618,0.005575][0.487576,0.091175,0][-0.0655762,0.307665,0.0830317][-0.491277,0.290619,0.821089][0.590058,0.077689,0][-0.0393343,0.223382,0.111636][-0.484749,0.021299,0.874394][0.585778,0.041537,0][-0.0206728,0.290687,0.110253][-0.431477,0.208251,0.877758][0.605243,0.06271,0][-0.0206728,0.290687,0.110253][-0.431477,0.208251,0.877758][0.605243,0.06271,0][-0.0372966,0.34276,0.080212][-0.115774,0.575936,0.809256][0.605156,0.087286,0][-0.0655762,0.307665,0.0830317][-0.491277,0.290619,0.821089][0.590058,0.077689,0][-0.0194292,0.214375,0.108067][0.576208,-0.0414029,-0.816254][0.400596,0.030957,0][-0.0397821,0.194611,0.089254][0.682889,0.107109,-0.722627][0.417061,0.033623,0][-0.0802016,0.281208,0.0556914][0.721654,-0.136888,-0.678585][0.412548,0.069757,0][-0.0802016,0.281208,0.0556914][0.721654,-0.136888,-0.678585][0.412548,0.069757,0][-0.0475556,0.310186,0.0751906][0.546461,-0.330637,-0.769454][0.393617,0.067913,0][-0.0194292,0.214375,0.108067][0.576208,-0.0414029,-0.816254][0.400596,0.030957,0][-0.0563612,0.175367,0.0686653][0.732707,0.177247,-0.657057][0.432499,0.034478,0][-0.108084,0.249558,0.0232953][0.855042,0.0325266,-0.517538][0.432945,0.070768,0][-0.0802016,0.281208,0.0556914][0.721654,-0.136888,-0.678585][0.412548,0.069757,0][-0.0802016,0.281208,0.0556914][0.721654,-0.136888,-0.678585][0.412548,0.069757,0][-0.0397821,0.194611,0.089254][0.682889,0.107109,-0.722627][0.417061,0.033623,0][-0.0563612,0.175367,0.0686653][0.732707,0.177247,-0.657057][0.432499,0.034478,0][-0.108084,0.249558,0.0232953][0.855042,0.0325266,-0.517538][0.432945,0.070768,0][-0.0563612,0.175367,0.0686653][0.732707,0.177247,-0.657057][0.432499,0.034478,0][-0.0787864,0.152458,0.0301861][0.832914,0.317096,-0.453548][0.453504,0.035175,0][-0.0787864,0.152458,0.0301861][0.832914,0.317096,-0.453548][0.453504,0.035175,0][-0.126545,0.217245,-0.033078][0.961457,0.18414,-0.204187][0.456008,0.071592,0][-0.108084,0.249558,0.0232953][0.855042,0.0325266,-0.517538][0.432945,0.070768,0][-0.055657,0.369102,0.0235773][0.508845,-0.653684,-0.560156][0.387182,0.101984,0][-0.0314306,0.383459,0.0248443][0.433572,-0.761196,-0.482283][0.374249,0.101922,0][-0.0166969,0.349259,0.0689999][0.462296,-0.513808,-0.722692][0.37604,0.073775,0][-0.0166969,0.349259,0.0689999][0.462296,-0.513808,-0.722692][0.37604,0.073775,0][-0.0475556,0.310186,0.0751906][0.546461,-0.330637,-0.769454][0.393617,0.067913,0][-0.055657,0.369102,0.0235773][0.508845,-0.653684,-0.560156][0.387182,0.101984,0][-0.106452,0.16025,-0.03035][0.902411,0.324418,-0.283563][0.467165,0.047729,0][-0.126923,0.21427,-0.0822176][0.985447,0.166209,0.035615][0.467896,0.077728,0][-0.126545,0.217245,-0.033078][0.961457,0.18414,-0.204187][0.456008,0.071592,0][-0.126545,0.217245,-0.033078][0.961457,0.18414,-0.204187][0.456008,0.071592,0][-0.0787864,0.152458,0.0301861][0.832914,0.317096,-0.453548][0.453504,0.035175,0][-0.106452,0.16025,-0.03035][0.902411,0.324418,-0.283563][0.467165,0.047729,0][0.0625075,0.379571,-0.0179414][0.492734,0.860222,0.13127][0.5942,0.107286,0][0.0801194,0.349817,0.0269559][0.554719,0.690618,0.46404][0.590058,0.077689,0][0.098037,0.351404,-0.00868537][0.773645,0.628565,0.0798809][0.605156,0.087286,0][0.098037,0.351404,-0.00868537][0.773645,0.628565,0.0798809][0.605156,0.087286,0][0.0746881,0.372899,-0.0379862][0.649756,0.74595,-0.146203][0.605579,0.109696,0][0.0625075,0.379571,-0.0179414][0.492734,0.860222,0.13127][0.5942,0.107286,0][0.054265,0.380139,-0.0554058][0.263848,0.911746,-0.314809][0.604656,0.125388,0][0.0746881,0.372899,-0.0379862][0.649756,0.74595,-0.146203][0.605579,0.109696,0][0.066897,0.373567,-0.0597069][0.36412,0.886593,-0.285254][0.611014,0.120465,0][0.0335641,0.387259,0.0100401][0.313365,0.867756,0.385749][0.570692,0.104796,0][0.0296532,0.39376,-0.0102835][0.17453,0.984619,-0.00809172][0.574001,0.117318,0][-0.0151087,0.395769,0.00599337][-0.107347,0.909528,0.401541][0.536719,0.118795,0][-0.0151087,0.395769,0.00599337][-0.107347,0.909528,0.401541][0.536719,0.118795,0][-0.0126483,0.386746,0.0256929][-0.0948413,0.825739,0.556022][0.536302,0.105319,0][0.0335641,0.387259,0.0100401][0.313365,0.867756,0.385749][0.570692,0.104796,0][-0.0151087,0.395769,0.00599337][-0.107347,0.909528,0.401541][0.536719,0.118795,0][-0.063963,0.381996,-0.00813101][-0.381905,0.923151,0.0440691][0.498619,0.124681,0][-0.0661868,0.372571,0.0126849][-0.466355,0.747382,0.473216][0.499546,0.110757,0][-0.0661868,0.372571,0.0126849][-0.466355,0.747382,0.473216][0.499546,0.110757,0][-0.0126483,0.386746,0.0256929][-0.0948413,0.825739,0.556022][0.536302,0.105319,0][-0.0151087,0.395769,0.00599337][-0.107347,0.909528,0.401541][0.536719,0.118795,0][-0.0921708,0.361001,-0.00566009][-0.594748,0.736257,0.322803][0.482688,0.115473,0][-0.0661868,0.372571,0.0126849][-0.466355,0.747382,0.473216][0.499546,0.110757,0][-0.063963,0.381996,-0.00813101][-0.381905,0.923151,0.0440691][0.498619,0.124681,0][-0.063963,0.381996,-0.00813101][-0.381905,0.923151,0.0440691][0.498619,0.124681,0][-0.0909537,0.366576,-0.0262083][-0.445737,0.889356,-0.10181][0.47897,0.127468,0][-0.0921708,0.361001,-0.00566009][-0.594748,0.736257,0.322803][0.482688,0.115473,0][0.0508927,0.383372,-0.0479897][0.204184,0.953043,-0.223649][0.600008,0.124588,0][0.0625075,0.379571,-0.0179414][0.492734,0.860222,0.13127][0.5942,0.107286,0][0.0746881,0.372899,-0.0379862][0.649756,0.74595,-0.146203][0.605579,0.109696,0][0.0746881,0.372899,-0.0379862][0.649756,0.74595,-0.146203][0.605579,0.109696,0][0.054265,0.380139,-0.0554058][0.263848,0.911746,-0.314809][0.604656,0.125388,0][0.0508927,0.383372,-0.0479897][0.204184,0.953043,-0.223649][0.600008,0.124588,0][0.0801194,0.349817,0.0269559][0.554719,0.690618,0.46404][0.590058,0.077689,0][0.0625075,0.379571,-0.0179414][0.492734,0.860222,0.13127][0.5942,0.107286,0][0.0335641,0.387259,0.0100401][0.313365,0.867756,0.385749][0.570692,0.104796,0][0.0335641,0.387259,0.0100401][0.313365,0.867756,0.385749][0.570692,0.104796,0][0.0450554,0.356031,0.0498367][0.328346,0.690823,0.644168][0.567686,0.076866,0][0.0801194,0.349817,0.0269559][0.554719,0.690618,0.46404][0.590058,0.077689,0][0.0625075,0.379571,-0.0179414][0.492734,0.860222,0.13127][0.5942,0.107286,0][0.0508927,0.383372,-0.0479897][0.204184,0.953043,-0.223649][0.600008,0.124588,0][0.0296532,0.39376,-0.0102835][0.17453,0.984619,-0.00809172][0.574001,0.117318,0][0.0296532,0.39376,-0.0102835][0.17453,0.984619,-0.00809172][0.574001,0.117318,0][0.0335641,0.387259,0.0100401][0.313365,0.867756,0.385749][0.570692,0.104796,0][0.0625075,0.379571,-0.0179414][0.492734,0.860222,0.13127][0.5942,0.107286,0][0.0874866,0.291379,0.0771665][0.517646,0.514289,0.683777][0.585778,0.041537,0][0.0852934,0.252198,0.100617][0.357336,0.416447,0.835992][0.583661,0.020339,0][0.101196,0.263748,0.0849695][0.516006,0.460072,0.722545][0.593827,0.028261,0][0.101196,0.263748,0.0849695][0.516006,0.460072,0.722545][0.593827,0.028261,0][0.11524,0.315505,0.0252302][0.622134,0.588837,0.515965][0.605243,0.06271,0][0.0874866,0.291379,0.0771665][0.517646,0.514289,0.683777][0.585778,0.041537,0][-0.0126483,0.386746,0.0256929][-0.0948413,0.825739,0.556022][0.536302,0.105319,0][-0.0661868,0.372571,0.0126849][-0.466355,0.747382,0.473216][0.499546,0.110757,0][-0.0546061,0.339822,0.0551138][-0.391738,0.552029,0.736074][0.504413,0.08137,0][-0.0546061,0.339822,0.0551138][-0.391738,0.552029,0.736074][0.504413,0.08137,0][0.000998909,0.354052,0.0624451][-0.0334574,0.640751,0.767019][0.538925,0.077462,0][-0.0126483,0.386746,0.0256929][-0.0948413,0.825739,0.556022][0.536302,0.105319,0][-0.0546061,0.339822,0.0551138][-0.391738,0.552029,0.736074][0.504413,0.08137,0][-0.0863418,0.337103,0.0325521][-0.543196,0.565725,0.620398][0.487576,0.091175,0][-0.0704875,0.294804,0.0699369][-0.449467,0.386195,0.805502][0.489712,0.063637,0][-0.0704875,0.294804,0.0699369][-0.449467,0.386195,0.805502][0.489712,0.063637,0][-0.0270773,0.282481,0.0971055][-0.301488,0.359599,0.883059][0.510077,0.045871,0][-0.0546061,0.339822,0.0551138][-0.391738,0.552029,0.736074][0.504413,0.08137,0][-0.0270773,0.282481,0.0971055][-0.301488,0.359599,0.883059][0.510077,0.045871,0][-0.0704875,0.294804,0.0699369][-0.449467,0.386195,0.805502][0.489712,0.063637,0][-0.018149,0.234614,0.114897][-0.28795,0.075138,0.954693][0.50461,0.022942,0][-0.018149,0.234614,0.114897][-0.28795,0.075138,0.954693][0.50461,0.022942,0][-0.00499548,0.234392,0.118339][-0.154835,0.043321,0.98699][0.513894,0.019506,0][-0.0270773,0.282481,0.0971055][-0.301488,0.359599,0.883059][0.510077,0.045871,0][0.0208971,0.292095,0.100105][0.0199922,0.444161,0.895724][0.542032,0.04187,0][-0.0270773,0.282481,0.0971055][-0.301488,0.359599,0.883059][0.510077,0.045871,0][-0.00499548,0.234392,0.118339][-0.154835,0.043321,0.98699][0.513894,0.019506,0][-0.00499548,0.234392,0.118339][-0.154835,0.043321,0.98699][0.513894,0.019506,0][0.0333371,0.236451,0.120121][0.0590253,0.0948419,0.993741][0.544139,0.013759,0][0.0208971,0.292095,0.100105][0.0199922,0.444161,0.895724][0.542032,0.04187,0][0.0852934,0.252198,0.100617][0.357336,0.416447,0.835992][0.583661,0.020339,0][0.0874866,0.291379,0.0771665][0.517646,0.514289,0.683777][0.585778,0.041537,0][0.0540414,0.295013,0.0921612][0.277572,0.491572,0.825416][0.564389,0.041503,0][0.0540414,0.295013,0.0921612][0.277572,0.491572,0.825416][0.564389,0.041503,0][0.0563271,0.238318,0.116104][0.314163,0.0978187,0.944316][0.56245,0.012873,0][0.0852934,0.252198,0.100617][0.357336,0.416447,0.835992][0.583661,0.020339,0][0.0450554,0.356031,0.0498367][0.328346,0.690823,0.644168][0.567686,0.076866,0][0.0335641,0.387259,0.0100401][0.313365,0.867756,0.385749][0.570692,0.104796,0][-0.0126483,0.386746,0.0256929][-0.0948413,0.825739,0.556022][0.536302,0.105319,0][-0.0126483,0.386746,0.0256929][-0.0948413,0.825739,0.556022][0.536302,0.105319,0][0.000998909,0.354052,0.0624451][-0.0334574,0.640751,0.767019][0.538925,0.077462,0][0.0450554,0.356031,0.0498367][0.328346,0.690823,0.644168][0.567686,0.076866,0][0.0563271,0.238318,0.116104][0.314163,0.0978187,0.944316][0.56245,0.012873,0][0.0540414,0.295013,0.0921612][0.277572,0.491572,0.825416][0.564389,0.041503,0][0.0208971,0.292095,0.100105][0.0199922,0.444161,0.895724][0.542032,0.04187,0][0.0208971,0.292095,0.100105][0.0199922,0.444161,0.895724][0.542032,0.04187,0][0.0333371,0.236451,0.120121][0.0590253,0.0948419,0.993741][0.544139,0.013759,0][0.0563271,0.238318,0.116104][0.314163,0.0978187,0.944316][0.56245,0.012873,0][0.0817306,0.340282,0.010725][-0.505419,-0.720488,-0.474815][0.393617,0.067913,0][0.0987629,0.343305,-0.0289054][-0.551471,-0.790607,-0.266121][0.37604,0.073775,0][0.119492,0.303675,0.0106861][-0.577088,-0.602103,-0.551763][0.37898,0.045992,0][0.119492,0.303675,0.0106861][-0.577088,-0.602103,-0.551763][0.37898,0.045992,0][0.0894982,0.27079,0.0652395][-0.416021,-0.576144,-0.703552][0.400596,0.030957,0][0.0817306,0.340282,0.010725][-0.505419,-0.720488,-0.474815][0.393617,0.067913,0][0.0432166,0.370439,-0.0797778][-0.354951,-0.897666,0.261163][0.375463,0.122941,0][0.0564798,0.36557,-0.082354][-0.306713,-0.933614,0.185181][0.366882,0.114582,0][0.0689008,0.365682,-0.0612212][-0.419913,-0.906209,0.0495825][0.374249,0.101922,0][-0.0639046,0.374593,-0.0343973][0.424378,-0.864803,-0.268363][0.458732,0.122101,0][-0.017848,0.388527,-0.0182554][0.411451,-0.733969,-0.540368][0.433431,0.119093,0][-0.0166372,0.377332,-0.0021275][0.0916155,-0.816196,-0.570466][0.433349,0.103579,0][-0.0166372,0.377332,-0.0021275][0.0916155,-0.816196,-0.570466][0.433349,0.103579,0][-0.0698181,0.364828,-0.0131622][0.425956,-0.798978,-0.424495][0.458312,0.105105,0][-0.0639046,0.374593,-0.0343973][0.424378,-0.864803,-0.268363][0.458732,0.122101,0][-0.0946137,0.354632,-0.0299125][0.560883,-0.787576,-0.255214][0.471023,0.106505,0][-0.0878121,0.359779,-0.0529356][0.541929,-0.839969,-0.0276545][0.473671,0.121452,0][-0.0639046,0.374593,-0.0343973][0.424378,-0.864803,-0.268363][0.458732,0.122101,0][-0.0639046,0.374593,-0.0343973][0.424378,-0.864803,-0.268363][0.458732,0.122101,0][-0.0698181,0.364828,-0.0131622][0.425956,-0.798978,-0.424495][0.458312,0.105105,0][-0.0946137,0.354632,-0.0299125][0.560883,-0.787576,-0.255214][0.471023,0.106505,0][-0.017848,0.388527,-0.0182554][-0.185227,-0.843348,-0.504436][0.433431,0.119093,0][0.0248726,0.385472,-0.0356878][-0.336745,-0.91927,-0.203828][0.406234,0.117072,0][0.0295263,0.377796,-0.0177104][-0.304583,-0.868976,-0.390013][0.408453,0.102543,0][0.0295263,0.377796,-0.0177104][-0.304583,-0.868976,-0.390013][0.408453,0.102543,0][-0.0166372,0.377332,-0.0021275][0.0916155,-0.816196,-0.570466][0.433349,0.103579,0][-0.017848,0.388527,-0.0182554][-0.185227,-0.843348,-0.504436][0.433431,0.119093,0][0.0248726,0.385472,-0.0356878][-0.336745,-0.91927,-0.203828][0.406234,0.117072,0][0.0412013,0.37376,-0.072852][-0.366412,-0.906646,0.209129][0.381116,0.122775,0][0.0576575,0.371256,-0.043506][-0.438235,-0.894591,-0.0875084][0.387182,0.101984,0][0.0576575,0.371256,-0.043506][-0.438235,-0.894591,-0.0875084][0.387182,0.101984,0][0.0295263,0.377796,-0.0177104][-0.304583,-0.868976,-0.390013][0.408453,0.102543,0][0.0248726,0.385472,-0.0356878][-0.336745,-0.91927,-0.203828][0.406234,0.117072,0][0.0412013,0.37376,-0.072852][-0.366412,-0.906646,0.209129][0.381116,0.122775,0][0.0432166,0.370439,-0.0797778][-0.354951,-0.897666,0.261163][0.375463,0.122941,0][0.0689008,0.365682,-0.0612212][-0.419913,-0.906209,0.0495825][0.374249,0.101922,0][0.0689008,0.365682,-0.0612212][-0.419913,-0.906209,0.0495825][0.374249,0.101922,0][0.0576575,0.371256,-0.043506][-0.438235,-0.894591,-0.0875084][0.387182,0.101984,0][0.0412013,0.37376,-0.072852][-0.366412,-0.906646,0.209129][0.381116,0.122775,0][0.0894982,0.27079,0.0652395][-0.416021,-0.576144,-0.703552][0.400596,0.030957,0][0.119492,0.303675,0.0106861][-0.577088,-0.602103,-0.551763][0.37898,0.045992,0][0.103057,0.244913,0.0783627][-0.407572,-0.573815,-0.710367][0.396003,0.01874,0][0.103057,0.244913,0.0783627][-0.407572,-0.573815,-0.710367][0.396003,0.01874,0][0.0862207,0.23302,0.09594][-0.287114,-0.568608,-0.770876][0.405605,0.015719,0][0.0894982,0.27079,0.0652395][-0.416021,-0.576144,-0.703552][0.400596,0.030957,0][0.0450499,0.342749,0.0331493][-0.279936,-0.701425,-0.655469][0.412548,0.069757,0][-0.00122096,0.339602,0.0462089][0.0210984,-0.649521,-0.760051][0.432945,0.070768,0][-0.0166372,0.377332,-0.0021275][0.0916155,-0.816196,-0.570466][0.433349,0.103579,0][-0.0166372,0.377332,-0.0021275][0.0916155,-0.816196,-0.570466][0.433349,0.103579,0][0.0295263,0.377796,-0.0177104][-0.304583,-0.868976,-0.390013][0.408453,0.102543,0][0.0450499,0.342749,0.0331493][-0.279936,-0.701425,-0.655469][0.412548,0.069757,0][-0.0166372,0.377332,-0.0021275][0.0916155,-0.816196,-0.570466][0.433349,0.103579,0][-0.00122096,0.339602,0.0462089][0.0210984,-0.649521,-0.760051][0.432945,0.070768,0][-0.0601721,0.329008,0.0388714][0.369014,-0.581597,-0.724964][0.456008,0.071592,0][-0.0601721,0.329008,0.0388714][0.369014,-0.581597,-0.724964][0.456008,0.071592,0][-0.0698181,0.364828,-0.0131622][0.425956,-0.798978,-0.424495][0.458312,0.105105,0][-0.0166372,0.377332,-0.0021275][0.0916155,-0.816196,-0.570466][0.433349,0.103579,0][-0.0936777,0.327666,0.0125328][0.528184,-0.613895,-0.586647][0.467896,0.077728,0][-0.0946137,0.354632,-0.0299125][0.560883,-0.787576,-0.255214][0.471023,0.106505,0][-0.0698181,0.364828,-0.0131622][0.425956,-0.798978,-0.424495][0.458312,0.105105,0][-0.0698181,0.364828,-0.0131622][0.425956,-0.798978,-0.424495][0.458312,0.105105,0][-0.0601721,0.329008,0.0388714][0.369014,-0.581597,-0.724964][0.456008,0.071592,0][-0.0936777,0.327666,0.0125328][0.528184,-0.613895,-0.586647][0.467896,0.077728,0][-0.0168197,0.21409,0.109487][0.284828,-0.400217,-0.871034][0.458513,0.016989,0][-0.0765291,0.279395,0.0562049][0.397939,-0.411741,-0.819826][0.467165,0.047729,0][-0.0290439,0.260004,0.0843934][0.24003,-0.431572,-0.869558][0.453504,0.035175,0][-0.0290439,0.260004,0.0843934][0.24003,-0.431572,-0.869558][0.453504,0.035175,0][-0.00359952,0.214111,0.11355][0.174383,-0.466719,-0.867044][0.452686,0.016468,0][-0.0168197,0.21409,0.109487][0.284828,-0.400217,-0.871034][0.458513,0.016989,0][0.0206089,0.267024,0.0865948][-0.00508043,-0.511742,-0.859124][0.432499,0.034478,0][0.034125,0.218417,0.117155][0.0238626,-0.527349,-0.849314][0.433828,0.015619,0][-0.00359952,0.214111,0.11355][0.174383,-0.466719,-0.867044][0.452686,0.016468,0][-0.00359952,0.214111,0.11355][0.174383,-0.466719,-0.867044][0.452686,0.016468,0][-0.0290439,0.260004,0.0843934][0.24003,-0.431572,-0.869558][0.453504,0.035175,0][0.0206089,0.267024,0.0865948][-0.00508043,-0.511742,-0.859124][0.432499,0.034478,0][0.0206089,0.267024,0.0865948][-0.00508043,-0.511742,-0.859124][0.432499,0.034478,0][0.0546955,0.271039,0.07885][-0.217785,-0.554001,-0.803525][0.417061,0.033623,0][0.0569251,0.220874,0.11352][-0.147296,-0.556875,-0.817432][0.421866,0.014427,0][0.0569251,0.220874,0.11352][-0.147296,-0.556875,-0.817432][0.421866,0.014427,0][0.034125,0.218417,0.117155][0.0238626,-0.527349,-0.849314][0.433828,0.015619,0][0.0206089,0.267024,0.0865948][-0.00508043,-0.511742,-0.859124][0.432499,0.034478,0][0.0817306,0.340282,0.010725][-0.505419,-0.720488,-0.474815][0.393617,0.067913,0][0.0450499,0.342749,0.0331493][-0.279936,-0.701425,-0.655469][0.412548,0.069757,0][0.0295263,0.377796,-0.0177104][-0.304583,-0.868976,-0.390013][0.408453,0.102543,0][0.0295263,0.377796,-0.0177104][-0.304583,-0.868976,-0.390013][0.408453,0.102543,0][0.0576575,0.371256,-0.043506][-0.438235,-0.894591,-0.0875084][0.387182,0.101984,0][0.0817306,0.340282,0.010725][-0.505419,-0.720488,-0.474815][0.393617,0.067913,0][0.0546955,0.271039,0.07885][-0.217785,-0.554001,-0.803525][0.417061,0.033623,0][0.0894982,0.27079,0.0652395][-0.416021,-0.576144,-0.703552][0.400596,0.030957,0][0.0862207,0.23302,0.09594][-0.287114,-0.568608,-0.770876][0.405605,0.015719,0][0.0862207,0.23302,0.09594][-0.287114,-0.568608,-0.770876][0.405605,0.015719,0][0.0569251,0.220874,0.11352][-0.147296,-0.556875,-0.817432][0.421866,0.014427,0][0.0546955,0.271039,0.07885][-0.217785,-0.554001,-0.803525][0.417061,0.033623,0][0.119492,0.303675,0.0106861][0.969933,0.228229,0.084509][0.606555,0.062935,0][0.0987629,0.343305,-0.0289054][0.845679,0.495987,-0.197037][0.60635,0.090433,0][0.098037,0.351404,-0.00868537][0.773645,0.628565,0.0798809][0.605156,0.087286,0][0.098037,0.351404,-0.00868537][0.773645,0.628565,0.0798809][0.605156,0.087286,0][0.11524,0.315505,0.0252302][0.971403,0.207716,0.115022][0.605243,0.06271,0][0.119492,0.303675,0.0106861][0.969933,0.228229,0.084509][0.606555,0.062935,0][0.0987629,0.343305,-0.0289054][0.845679,0.495987,-0.197037][0.60635,0.090433,0][0.0689008,0.365682,-0.0612212][0.84369,0.355263,-0.402463][0.606823,0.115892,0][0.0746881,0.372899,-0.0379862][0.649756,0.74595,-0.146203][0.605579,0.109696,0][0.0746881,0.372899,-0.0379862][0.649756,0.74595,-0.146203][0.605579,0.109696,0][0.098037,0.351404,-0.00868537][0.773645,0.628565,0.0798809][0.605156,0.087286,0][0.0987629,0.343305,-0.0289054][0.845679,0.495987,-0.197037][0.60635,0.090433,0][0.0689008,0.365682,-0.0612212][0.84369,0.355263,-0.402463][0.606823,0.115892,0][0.0564798,0.36557,-0.082354][0.821249,0.301698,-0.484282][0.612544,0.128122,0][0.066897,0.373567,-0.0597069][0.872345,0.296353,-0.38883][0.611014,0.120465,0][0.066897,0.373567,-0.0597069][0.872345,0.296353,-0.38883][0.611014,0.120465,0][0.0746881,0.372899,-0.0379862][0.649756,0.74595,-0.146203][0.605579,0.109696,0][0.0689008,0.365682,-0.0612212][0.84369,0.355263,-0.402463][0.606823,0.115892,0][0.0564798,0.36557,-0.082354][0.249438,0.860309,-0.444578][0.612544,0.128122,0][0.0432166,0.370439,-0.0797778][0.190277,0.879465,-0.436276][0.605989,0.134025,0][0.054265,0.380139,-0.0554058][0.263848,0.911746,-0.314809][0.604656,0.125388,0][0.054265,0.380139,-0.0554058][0.263848,0.911746,-0.314809][0.604656,0.125388,0][0.066897,0.373567,-0.0597069][0.36412,0.886593,-0.285254][0.611014,0.120465,0][0.0564798,0.36557,-0.082354][0.249438,0.860309,-0.444578][0.612544,0.128122,0][0.0296532,0.39376,-0.0102835][0.17453,0.984619,-0.00809172][0.574001,0.117318,0][0.0248726,0.385472,-0.0356878][-0.0640286,0.950058,-0.305434][0.574375,0.12475,0][-0.017848,0.388527,-0.0182554][-0.128469,0.953028,-0.274286][0.535961,0.126036,0][-0.017848,0.388527,-0.0182554][-0.128469,0.953028,-0.274286][0.535961,0.126036,0][-0.0151087,0.395769,0.00599337][-0.119699,0.954921,-0.271659][0.536719,0.118795,0][0.0296532,0.39376,-0.0102835][0.17453,0.984619,-0.00809172][0.574001,0.117318,0][-0.017848,0.388527,-0.0182554][-0.128469,0.953028,-0.274286][0.535961,0.126036,0][-0.0639046,0.374593,-0.0343973][-0.294329,0.918634,-0.263595][0.496747,0.132796,0][-0.063963,0.381996,-0.00813101][-0.381905,0.923151,0.0440691][0.498619,0.124681,0][-0.063963,0.381996,-0.00813101][-0.381905,0.923151,0.0440691][0.498619,0.124681,0][-0.0151087,0.395769,0.00599337][-0.119699,0.954921,-0.271659][0.536719,0.118795,0][-0.017848,0.388527,-0.0182554][-0.128469,0.953028,-0.274286][0.535961,0.126036,0][-0.0639046,0.374593,-0.0343973][-0.294329,0.918634,-0.263595][0.496747,0.132796,0][-0.0878121,0.359779,-0.0529356][-0.347698,0.898104,-0.269287][0.476666,0.135923,0][-0.0909537,0.366576,-0.0262083][-0.445737,0.889356,-0.10181][0.47897,0.127468,0][-0.0909537,0.366576,-0.0262083][-0.445737,0.889356,-0.10181][0.47897,0.127468,0][-0.063963,0.381996,-0.00813101][-0.381905,0.923151,0.0440691][0.498619,0.124681,0][-0.0639046,0.374593,-0.0343973][-0.294329,0.918634,-0.263595][0.496747,0.132796,0][-0.0946137,0.354632,-0.0299125][-0.961323,0.267454,-0.0657748][0.480413,0.122052,0][-0.0921708,0.361001,-0.00566009][-0.984407,0.143759,0.101375][0.482688,0.115473,0][-0.0909537,0.366576,-0.0262083][-0.947952,0.311276,-0.0670349][0.47897,0.127468,0][-0.0909537,0.366576,-0.0262083][-0.947952,0.311276,-0.0670349][0.47897,0.127468,0][-0.0878121,0.359779,-0.0529356][-0.919171,0.342162,-0.195063][0.476666,0.135923,0][-0.0946137,0.354632,-0.0299125][-0.961323,0.267454,-0.0657748][0.480413,0.122052,0][0.0412013,0.37376,-0.072852][0.0548207,0.919805,-0.388528][0.601224,0.133089,0][0.0508927,0.383372,-0.0479897][0.204184,0.953043,-0.223649][0.600008,0.124588,0][0.054265,0.380139,-0.0554058][0.263848,0.911746,-0.314809][0.604656,0.125388,0][0.054265,0.380139,-0.0554058][0.263848,0.911746,-0.314809][0.604656,0.125388,0][0.0432166,0.370439,-0.0797778][0.190277,0.879465,-0.436276][0.605989,0.134025,0][0.0412013,0.37376,-0.072852][0.0548207,0.919805,-0.388528][0.601224,0.133089,0][0.0508927,0.383372,-0.0479897][0.204184,0.953043,-0.223649][0.600008,0.124588,0][0.0412013,0.37376,-0.072852][0.0548207,0.919805,-0.388528][0.601224,0.133089,0][0.0248726,0.385472,-0.0356878][-0.0640286,0.950058,-0.305434][0.574375,0.12475,0][0.0248726,0.385472,-0.0356878][-0.0640286,0.950058,-0.305434][0.574375,0.12475,0][0.0296532,0.39376,-0.0102835][0.17453,0.984619,-0.00809172][0.574001,0.117318,0][0.0508927,0.383372,-0.0479897][0.204184,0.953043,-0.223649][0.600008,0.124588,0][0.103057,0.244913,0.0783627][0.866693,-0.0795142,0.492464][0.594844,0.024575,0][0.101196,0.263748,0.0849695][0.902206,-0.05892,0.427262][0.593827,0.028261,0][0.0852934,0.252198,0.100617][0.665862,-0.153258,0.730165][0.583661,0.020339,0][0.0852934,0.252198,0.100617][0.665862,-0.153258,0.730165][0.583661,0.020339,0][0.0862207,0.23302,0.09594][0.636238,-0.142506,0.758218][0.584485,0.01578,0][0.103057,0.244913,0.0783627][0.866693,-0.0795142,0.492464][0.594844,0.024575,0][0.119492,0.303675,0.0106861][0.969933,0.228229,0.084509][0.606555,0.062935,0][0.11524,0.315505,0.0252302][0.971403,0.207716,0.115022][0.605243,0.06271,0][0.101196,0.263748,0.0849695][0.902206,-0.05892,0.427262][0.593827,0.028261,0][0.101196,0.263748,0.0849695][0.902206,-0.05892,0.427262][0.593827,0.028261,0][0.103057,0.244913,0.0783627][0.866693,-0.0795142,0.492464][0.594844,0.024575,0][0.119492,0.303675,0.0106861][0.969933,0.228229,0.084509][0.606555,0.062935,0][-0.0936777,0.327666,0.0125328][-0.958599,0.0977503,0.267456][0.485402,0.09461,0][-0.0863418,0.337103,0.0325521][-0.943353,0.0555332,0.327109][0.487576,0.091175,0][-0.0921708,0.361001,-0.00566009][-0.984407,0.143759,0.101375][0.482688,0.115473,0][-0.0921708,0.361001,-0.00566009][-0.984407,0.143759,0.101375][0.482688,0.115473,0][-0.0946137,0.354632,-0.0299125][-0.961323,0.267454,-0.0657748][0.480413,0.122052,0][-0.0936777,0.327666,0.0125328][-0.958599,0.0977503,0.267456][0.485402,0.09461,0][-0.0765291,0.279395,0.0562049][-0.859853,-0.112959,0.497888][0.487466,0.063691,0][-0.0704875,0.294804,0.0699369][-0.857899,-0.110767,0.501737][0.489712,0.063637,0][-0.0863418,0.337103,0.0325521][-0.943353,0.0555332,0.327109][0.487576,0.091175,0][-0.0863418,0.337103,0.0325521][-0.943353,0.0555332,0.327109][0.487576,0.091175,0][-0.0936777,0.327666,0.0125328][-0.958599,0.0977503,0.267456][0.485402,0.09461,0][-0.0765291,0.279395,0.0562049][-0.859853,-0.112959,0.497888][0.487466,0.063691,0][-0.0765291,0.279395,0.0562049][-0.859853,-0.112959,0.497888][0.487466,0.063691,0][-0.0168197,0.21409,0.109487][-0.768451,-0.209195,0.604748][0.502452,0.018408,0][-0.018149,0.234614,0.114897][-0.768803,-0.211116,0.603632][0.50461,0.022942,0][-0.018149,0.234614,0.114897][-0.768803,-0.211116,0.603632][0.50461,0.022942,0][-0.0704875,0.294804,0.0699369][-0.857899,-0.110767,0.501737][0.489712,0.063637,0][-0.0765291,0.279395,0.0562049][-0.859853,-0.112959,0.497888][0.487466,0.063691,0][-0.00359952,0.214111,0.11355][-0.171836,-0.245098,0.954148][0.512047,0.014644,0][-0.00499548,0.234392,0.118339][-0.154835,0.043321,0.98699][0.513894,0.019506,0][-0.018149,0.234614,0.114897][-0.28795,0.075138,0.954693][0.50461,0.022942,0][-0.018149,0.234614,0.114897][-0.28795,0.075138,0.954693][0.50461,0.022942,0][-0.0168197,0.21409,0.109487][-0.283137,-0.261583,0.922718][0.502452,0.018408,0][-0.00359952,0.214111,0.11355][-0.171836,-0.245098,0.954148][0.512047,0.014644,0][-0.00499548,0.234392,0.118339][-0.154835,0.043321,0.98699][0.513894,0.019506,0][-0.00359952,0.214111,0.11355][-0.171836,-0.245098,0.954148][0.512047,0.014644,0][0.034125,0.218417,0.117155][0.0589788,-0.170761,0.983546][0.543568,0.008642,0][0.034125,0.218417,0.117155][0.0589788,-0.170761,0.983546][0.543568,0.008642,0][0.0333371,0.236451,0.120121][0.0590253,0.0948419,0.993741][0.544139,0.013759,0][-0.00499548,0.234392,0.118339][-0.154835,0.043321,0.98699][0.513894,0.019506,0][0.0333371,0.236451,0.120121][0.0590253,0.0948419,0.993741][0.544139,0.013759,0][0.034125,0.218417,0.117155][0.0589788,-0.170761,0.983546][0.543568,0.008642,0][0.0569251,0.220874,0.11352][0.349508,-0.128839,0.928033][0.562709,0.007782,0][0.0569251,0.220874,0.11352][0.349508,-0.128839,0.928033][0.562709,0.007782,0][0.0563271,0.238318,0.116104][0.314163,0.0978187,0.944316][0.56245,0.012873,0][0.0333371,0.236451,0.120121][0.0590253,0.0948419,0.993741][0.544139,0.013759,0][0.0563271,0.238318,0.116104][0.314163,0.0978187,0.944316][0.56245,0.012873,0][0.0569251,0.220874,0.11352][0.349508,-0.128839,0.928033][0.562709,0.007782,0][0.0862207,0.23302,0.09594][0.636238,-0.142506,0.758218][0.584485,0.01578,0][0.0862207,0.23302,0.09594][0.636238,-0.142506,0.758218][0.584485,0.01578,0][0.0852934,0.252198,0.100617][0.665862,-0.153258,0.730165][0.583661,0.020339,0][0.0563271,0.238318,0.116104][0.314163,0.0978187,0.944316][0.56245,0.012873,0][-0.0270773,0.282481,0.0971055][-0.301488,0.359599,0.883059][0.510077,0.045871,0][0.0208971,0.292095,0.100105][0.0199922,0.444161,0.895724][0.542032,0.04187,0][0.000998909,0.354052,0.0624451][-0.0334574,0.640751,0.767019][0.538925,0.077462,0][0.000998909,0.354052,0.0624451][-0.0334574,0.640751,0.767019][0.538925,0.077462,0][-0.0546061,0.339822,0.0551138][-0.391738,0.552029,0.736074][0.504413,0.08137,0][-0.0270773,0.282481,0.0971055][-0.301488,0.359599,0.883059][0.510077,0.045871,0][0.0540414,0.295013,0.0921612][0.277572,0.491572,0.825416][0.564389,0.041503,0][0.0450554,0.356031,0.0498367][0.328346,0.690823,0.644168][0.567686,0.076866,0][0.000998909,0.354052,0.0624451][-0.0334574,0.640751,0.767019][0.538925,0.077462,0][0.000998909,0.354052,0.0624451][-0.0334574,0.640751,0.767019][0.538925,0.077462,0][0.0208971,0.292095,0.100105][0.0199922,0.444161,0.895724][0.542032,0.04187,0][0.0540414,0.295013,0.0921612][0.277572,0.491572,0.825416][0.564389,0.041503,0][0.0874866,0.291379,0.0771665][0.517646,0.514289,0.683777][0.585778,0.041537,0][0.0801194,0.349817,0.0269559][0.554719,0.690618,0.46404][0.590058,0.077689,0][0.0450554,0.356031,0.0498367][0.328346,0.690823,0.644168][0.567686,0.076866,0][0.0450554,0.356031,0.0498367][0.328346,0.690823,0.644168][0.567686,0.076866,0][0.0540414,0.295013,0.0921612][0.277572,0.491572,0.825416][0.564389,0.041503,0][0.0874866,0.291379,0.0771665][0.517646,0.514289,0.683777][0.585778,0.041537,0][-0.0863418,0.337103,0.0325521][-0.543196,0.565725,0.620398][0.487576,0.091175,0][-0.0546061,0.339822,0.0551138][-0.391738,0.552029,0.736074][0.504413,0.08137,0][-0.0661868,0.372571,0.0126849][-0.466355,0.747382,0.473216][0.499546,0.110757,0][-0.0661868,0.372571,0.0126849][-0.466355,0.747382,0.473216][0.499546,0.110757,0][-0.0921708,0.361001,-0.00566009][-0.594748,0.736257,0.322803][0.482688,0.115473,0][-0.0863418,0.337103,0.0325521][-0.543196,0.565725,0.620398][0.487576,0.091175,0][0.0801194,0.349817,0.0269559][0.554719,0.690618,0.46404][0.590058,0.077689,0][0.0874866,0.291379,0.0771665][0.517646,0.514289,0.683777][0.585778,0.041537,0][0.11524,0.315505,0.0252302][0.622134,0.588837,0.515965][0.605243,0.06271,0][0.11524,0.315505,0.0252302][0.622134,0.588837,0.515965][0.605243,0.06271,0][0.098037,0.351404,-0.00868537][0.773645,0.628565,0.0798809][0.605156,0.087286,0][0.0801194,0.349817,0.0269559][0.554719,0.690618,0.46404][0.590058,0.077689,0][0.0894982,0.27079,0.0652395][-0.416021,-0.576144,-0.703552][0.400596,0.030957,0][0.0546955,0.271039,0.07885][-0.217785,-0.554001,-0.803525][0.417061,0.033623,0][0.0450499,0.342749,0.0331493][-0.279936,-0.701425,-0.655469][0.412548,0.069757,0][0.0450499,0.342749,0.0331493][-0.279936,-0.701425,-0.655469][0.412548,0.069757,0][0.0817306,0.340282,0.010725][-0.505419,-0.720488,-0.474815][0.393617,0.067913,0][0.0894982,0.27079,0.0652395][-0.416021,-0.576144,-0.703552][0.400596,0.030957,0][0.0546955,0.271039,0.07885][-0.217785,-0.554001,-0.803525][0.417061,0.033623,0][0.0206089,0.267024,0.0865948][-0.00508043,-0.511742,-0.859124][0.432499,0.034478,0][-0.00122096,0.339602,0.0462089][0.0210984,-0.649521,-0.760051][0.432945,0.070768,0][-0.00122096,0.339602,0.0462089][0.0210984,-0.649521,-0.760051][0.432945,0.070768,0][0.0450499,0.342749,0.0331493][-0.279936,-0.701425,-0.655469][0.412548,0.069757,0][0.0546955,0.271039,0.07885][-0.217785,-0.554001,-0.803525][0.417061,0.033623,0][-0.00122096,0.339602,0.0462089][0.0210984,-0.649521,-0.760051][0.432945,0.070768,0][0.0206089,0.267024,0.0865948][-0.00508043,-0.511742,-0.859124][0.432499,0.034478,0][-0.0290439,0.260004,0.0843934][0.24003,-0.431572,-0.869558][0.453504,0.035175,0][-0.0290439,0.260004,0.0843934][0.24003,-0.431572,-0.869558][0.453504,0.035175,0][-0.0601721,0.329008,0.0388714][0.369014,-0.581597,-0.724964][0.456008,0.071592,0][-0.00122096,0.339602,0.0462089][0.0210984,-0.649521,-0.760051][0.432945,0.070768,0][0.0576575,0.371256,-0.043506][-0.438235,-0.894591,-0.0875084][0.387182,0.101984,0][0.0689008,0.365682,-0.0612212][-0.419913,-0.906209,0.0495825][0.374249,0.101922,0][0.0987629,0.343305,-0.0289054][-0.551471,-0.790607,-0.266121][0.37604,0.073775,0][0.0987629,0.343305,-0.0289054][-0.551471,-0.790607,-0.266121][0.37604,0.073775,0][0.0817306,0.340282,0.010725][-0.505419,-0.720488,-0.474815][0.393617,0.067913,0][0.0576575,0.371256,-0.043506][-0.438235,-0.894591,-0.0875084][0.387182,0.101984,0][-0.0765291,0.279395,0.0562049][0.397939,-0.411741,-0.819826][0.467165,0.047729,0][-0.0936777,0.327666,0.0125328][0.528184,-0.613895,-0.586647][0.467896,0.077728,0][-0.0601721,0.329008,0.0388714][0.369014,-0.581597,-0.724964][0.456008,0.071592,0][-0.0601721,0.329008,0.0388714][0.369014,-0.581597,-0.724964][0.456008,0.071592,0][-0.0290439,0.260004,0.0843934][0.24003,-0.431572,-0.869558][0.453504,0.035175,0][-0.0765291,0.279395,0.0562049][0.397939,-0.411741,-0.819826][0.467165,0.047729,0][0.0337838,0.368905,-0.0232756][0.291121,0.882925,0.368364][0.5942,0.107286,0][0.047362,0.33596,0.0190357][0.286245,0.714255,0.638674][0.590058,0.077689,0][0.0720538,0.344855,-0.00995313][0.60753,0.72835,0.316881][0.605156,0.087286,0][0.0720538,0.344855,-0.00995313][0.60753,0.72835,0.316881][0.605156,0.087286,0][0.0511923,0.367017,-0.0391266][0.538154,0.836323,0.104664][0.605579,0.109696,0][0.0337838,0.368905,-0.0232756][0.291121,0.882925,0.368364][0.5942,0.107286,0][0.033231,0.374757,-0.0566005][0.179939,0.971237,-0.155955][0.604656,0.125388,0][0.0511923,0.367017,-0.0391266][0.538154,0.836323,0.104664][0.605579,0.109696,0][0.0478785,0.370233,-0.0590453][0.267087,0.957219,-0.111345][0.611014,0.120465,0][-0.0016723,0.367721,-0.00399503][0.0386033,0.811424,0.583182][0.570692,0.104796,0][-0.00285104,0.377165,-0.0216216][0.0844433,0.903595,0.419983][0.574001,0.117318,0][-0.0498006,0.36852,-0.0175187][-0.389903,0.754242,0.528294][0.536719,0.118795,0][-0.0498006,0.36852,-0.0175187][-0.389903,0.754242,0.528294][0.536719,0.118795,0][-0.0491284,0.356489,-0.000857152][-0.382517,0.667528,0.638818][0.536302,0.105319,0][-0.0016723,0.367721,-0.00399503][0.0386033,0.811424,0.583182][0.570692,0.104796,0][-0.0498006,0.36852,-0.0175187][-0.389903,0.754242,0.528294][0.536719,0.118795,0][-0.090346,0.346958,-0.0434499][-0.713459,0.627136,0.312531][0.498619,0.124681,0][-0.0942787,0.333544,-0.026974][-0.719493,0.534371,0.443597][0.499546,0.110757,0][-0.0942787,0.333544,-0.026974][-0.719493,0.534371,0.443597][0.499546,0.110757,0][-0.0491284,0.356489,-0.000857152][-0.382517,0.667528,0.638818][0.536302,0.105319,0][-0.0498006,0.36852,-0.0175187][-0.389903,0.754242,0.528294][0.536719,0.118795,0][-0.112394,0.319232,-0.0509554][-0.81552,0.515431,0.26317][0.482688,0.115473,0][-0.0942787,0.333544,-0.026974][-0.719493,0.534371,0.443597][0.499546,0.110757,0][-0.090346,0.346958,-0.0434499][-0.713459,0.627136,0.312531][0.498619,0.124681,0][-0.090346,0.346958,-0.0434499][-0.713459,0.627136,0.312531][0.498619,0.124681,0][-0.108312,0.328442,-0.0678284][-0.792967,0.594622,0.132772][0.47897,0.127468,0][-0.112394,0.319232,-0.0509554][-0.81552,0.515431,0.26317][0.482688,0.115473,0][0.0277318,0.376342,-0.0505536][0.0728403,0.995777,-0.0558808][0.600008,0.124588,0][0.0337838,0.368905,-0.0232756][0.291121,0.882925,0.368364][0.5942,0.107286,0][0.0511923,0.367017,-0.0391266][0.538154,0.836323,0.104664][0.605579,0.109696,0][0.0511923,0.367017,-0.0391266][0.538154,0.836323,0.104664][0.605579,0.109696,0][0.033231,0.374757,-0.0566005][0.179939,0.971237,-0.155955][0.604656,0.125388,0][0.0277318,0.376342,-0.0505536][0.0728403,0.995777,-0.0558808][0.600008,0.124588,0][0.047362,0.33596,0.0190357][0.286245,0.714255,0.638674][0.590058,0.077689,0][0.0337838,0.368905,-0.0232756][0.291121,0.882925,0.368364][0.5942,0.107286,0][-0.0016723,0.367721,-0.00399503][0.0386033,0.811424,0.583182][0.570692,0.104796,0][-0.0016723,0.367721,-0.00399503][0.0386033,0.811424,0.583182][0.570692,0.104796,0][0.00764544,0.333159,0.0325789][0.0163319,0.6576,0.753191][0.567686,0.076866,0][0.047362,0.33596,0.0190357][0.286245,0.714255,0.638674][0.590058,0.077689,0][0.0337838,0.368905,-0.0232756][0.291121,0.882925,0.368364][0.5942,0.107286,0][0.0277318,0.376342,-0.0505536][0.0728403,0.995777,-0.0558808][0.600008,0.124588,0][-0.00285104,0.377165,-0.0216216][0.0844433,0.903595,0.419983][0.574001,0.117318,0][-0.00285104,0.377165,-0.0216216][0.0844433,0.903595,0.419983][0.574001,0.117318,0][-0.0016723,0.367721,-0.00399503][0.0386033,0.811424,0.583182][0.570692,0.104796,0][0.0337838,0.368905,-0.0232756][0.291121,0.882925,0.368364][0.5942,0.107286,0][0.0545328,0.275898,0.0676504][0.213993,0.572593,0.791419][0.585778,0.041537,0][0.0542724,0.236846,0.0909646][0.0462012,0.465159,0.884021][0.583661,0.020339,0][0.0707211,0.2519,0.0791591][0.212596,0.535407,0.8174][0.593827,0.028261,0][0.0707211,0.2519,0.0791591][0.212596,0.535407,0.8174][0.593827,0.028261,0][0.0882272,0.308882,0.0242275][0.351437,0.647554,0.676141][0.605243,0.06271,0][0.0545328,0.275898,0.0676504][0.213993,0.572593,0.791419][0.585778,0.041537,0][-0.0491284,0.356489,-0.000857152][-0.382517,0.667528,0.638818][0.536302,0.105319,0][-0.0942787,0.333544,-0.026974][-0.719493,0.534371,0.443597][0.499546,0.110757,0][-0.0849123,0.29776,0.0124906][-0.649832,0.377767,0.659553][0.504413,0.08137,0][-0.0849123,0.29776,0.0124906][-0.649832,0.377767,0.659553][0.504413,0.08137,0][-0.0364898,0.321581,0.0337006][-0.333485,0.532058,0.778269][0.538925,0.077462,0][-0.0491284,0.356489,-0.000857152][-0.382517,0.667528,0.638818][0.536302,0.105319,0][-0.0849123,0.29776,0.0124906][-0.649832,0.377767,0.659553][0.504413,0.08137,0][-0.109828,0.291421,-0.0166491][-0.771648,0.359687,0.52458][0.487576,0.091175,0][-0.0944305,0.249537,0.0213911][-0.685493,0.237912,0.688111][0.489712,0.063637,0][-0.0944305,0.249537,0.0213911][-0.685493,0.237912,0.688111][0.489712,0.063637,0][-0.0559266,0.243828,0.0585205][-0.562584,0.253482,0.786922][0.510077,0.045871,0][-0.0849123,0.29776,0.0124906][-0.649832,0.377767,0.659553][0.504413,0.08137,0][-0.0559266,0.243828,0.0585205][-0.562584,0.253482,0.786922][0.510077,0.045871,0][-0.0944305,0.249537,0.0213911][-0.685493,0.237912,0.688111][0.489712,0.063637,0][-0.041757,0.199383,0.0792109][-0.540756,0.207133,0.815279][0.50461,0.022942,0][-0.041757,0.199383,0.0792109][-0.540756,0.207133,0.815279][0.50461,0.022942,0][-0.0296761,0.201438,0.0858988][-0.412915,0.216776,0.884596][0.513894,0.019506,0][-0.0559266,0.243828,0.0585205][-0.562584,0.253482,0.786922][0.510077,0.045871,0][-0.0129914,0.261864,0.0733721][-0.290259,0.393468,0.872314][0.542032,0.04187,0][-0.0559266,0.243828,0.0585205][-0.562584,0.253482,0.786922][0.510077,0.045871,0][-0.0296761,0.201438,0.0858988][-0.412915,0.216776,0.884596][0.513894,0.019506,0][-0.0296761,0.201438,0.0858988][-0.412915,0.216776,0.884596][0.513894,0.019506,0][0.00534464,0.21061,0.097379][-0.223147,0.0863832,0.97095][0.544139,0.013759,0][-0.0129914,0.261864,0.0733721][-0.290259,0.393468,0.872314][0.542032,0.04187,0][0.0542724,0.236846,0.0909646][0.0462012,0.465159,0.884021][0.583661,0.020339,0][0.0545328,0.275898,0.0676504][0.213993,0.572593,0.791419][0.585778,0.041537,0][0.0191284,0.271665,0.0739341][-0.0406498,0.495065,0.867904][0.564389,0.041503,0][0.0191284,0.271665,0.0739341][-0.0406498,0.495065,0.867904][0.564389,0.041503,0][0.0267577,0.217142,0.0993315][0.0406101,0.147202,0.988273][0.56245,0.012873,0][0.0542724,0.236846,0.0909646][0.0462012,0.465159,0.884021][0.583661,0.020339,0][-0.0364898,0.321581,0.0337006][-0.333485,0.532058,0.778269][0.538925,0.077462,0][0.00764544,0.333159,0.0325789][0.0163319,0.6576,0.753191][0.567686,0.076866,0][-0.0016723,0.367721,-0.00399503][0.0386033,0.811424,0.583182][0.570692,0.104796,0][-0.0016723,0.367721,-0.00399503][0.0386033,0.811424,0.583182][0.570692,0.104796,0][-0.0491284,0.356489,-0.000857152][-0.382517,0.667528,0.638818][0.536302,0.105319,0][-0.0364898,0.321581,0.0337006][-0.333485,0.532058,0.778269][0.538925,0.077462,0][0.0267577,0.217142,0.0993315][0.0406101,0.147202,0.988273][0.56245,0.012873,0][0.0191284,0.271665,0.0739341][-0.0406498,0.495065,0.867904][0.564389,0.041503,0][-0.0129914,0.261864,0.0733721][-0.290259,0.393468,0.872314][0.542032,0.04187,0][-0.0129914,0.261864,0.0733721][-0.290259,0.393468,0.872314][0.542032,0.04187,0][0.00534464,0.21061,0.097379][-0.223147,0.0863832,0.97095][0.544139,0.013759,0][0.0267577,0.217142,0.0993315][0.0406101,0.147202,0.988273][0.56245,0.012873,0][0.0545298,0.328433,0.00344937][-0.231924,-0.734161,-0.638137][0.393617,0.067913,0][0.0788799,0.339093,-0.0292616][-0.325988,-0.815262,-0.478624][0.37604,0.073775,0][0.0980938,0.29948,0.0107966][-0.300218,-0.653316,-0.695017][0.37898,0.045992,0][0.0980938,0.29948,0.0107966][-0.300218,-0.653316,-0.695017][0.37898,0.045992,0][0.063264,0.257829,0.0565617][-0.0942127,-0.621789,-0.777498][0.400596,0.030957,0][0.0545298,0.328433,0.00344937][-0.231924,-0.734161,-0.638137][0.393617,0.067913,0][0.0293066,0.367228,-0.0803573][-0.273061,-0.960162,0.05938][0.375463,0.122941,0][0.0438754,0.364092,-0.0812606][-0.211548,-0.977168,-0.0197715][0.366882,0.114582,0][0.0518982,0.361959,-0.061668][-0.275857,-0.940821,-0.196874][0.374249,0.101922,0][-0.0831981,0.3434,-0.0670844][0.678312,-0.661942,-0.318945][0.458732,0.122101,0][-0.0458955,0.364149,-0.0402837][0.672486,-0.453661,-0.584769][0.433431,0.119093,0][-0.0450034,0.349674,-0.028028][0.380317,-0.633035,-0.674259][0.433349,0.103579,0][-0.0450034,0.349674,-0.028028][0.380317,-0.633035,-0.674259][0.433349,0.103579,0][-0.0904808,0.328359,-0.0519352][0.687739,-0.590829,-0.421826][0.458312,0.105105,0][-0.0831981,0.3434,-0.0670844][0.678312,-0.661942,-0.318945][0.458732,0.122101,0][-0.10795,0.315651,-0.0737925][0.787511,-0.576763,-0.217188][0.471023,0.106505,0][-0.0980177,0.326396,-0.0907231][0.744585,-0.667396,0.0132705][0.473671,0.121452,0][-0.0831981,0.3434,-0.0670844][0.678312,-0.661942,-0.318945][0.458732,0.122101,0][-0.0831981,0.3434,-0.0670844][0.678312,-0.661942,-0.318945][0.458732,0.122101,0][-0.0904808,0.328359,-0.0519352][0.687739,-0.590829,-0.421826][0.458312,0.105105,0][-0.10795,0.315651,-0.0737925][0.787511,-0.576763,-0.217188][0.471023,0.106505,0][-0.0458955,0.364149,-0.0402837][0.0944245,-0.678911,-0.728123][0.433431,0.119093,0][-0.000465114,0.371624,-0.0458377][-0.0725631,-0.81512,-0.57473][0.406234,0.117072,0][0.00237647,0.360914,-0.0310075][-0.0334145,-0.791748,-0.609933][0.408453,0.102543,0][0.00237647,0.360914,-0.0310075][-0.0334145,-0.791748,-0.609933][0.408453,0.102543,0][-0.0450034,0.349674,-0.028028][0.380317,-0.633035,-0.674259][0.433349,0.103579,0][-0.0458955,0.364149,-0.0402837][0.0944245,-0.678911,-0.728123][0.433431,0.119093,0][-0.000465114,0.371624,-0.0458377][-0.233456,-0.964413,-0.124119][0.406234,0.117072,0][0.0252753,0.369097,-0.0746184][-0.254722,-0.966378,-0.0350757][0.381116,0.122775,0][0.0362365,0.363029,-0.0480833][-0.244431,-0.912051,-0.329267][0.387182,0.101984,0][0.0362365,0.363029,-0.0480833][-0.244431,-0.912051,-0.329267][0.387182,0.101984,0][0.00237647,0.360914,-0.0310075][-0.0334145,-0.791748,-0.609933][0.408453,0.102543,0][-0.000465114,0.371624,-0.0458377][-0.0725631,-0.81512,-0.57473][0.406234,0.117072,0][0.0252753,0.369097,-0.0746184][-0.254722,-0.966378,-0.0350757][0.381116,0.122775,0][0.0293066,0.367228,-0.0803573][-0.273061,-0.960162,0.05938][0.375463,0.122941,0][0.0518982,0.361959,-0.061668][-0.275857,-0.940821,-0.196874][0.374249,0.101922,0][0.0518982,0.361959,-0.061668][-0.275857,-0.940821,-0.196874][0.374249,0.101922,0][0.0362365,0.363029,-0.0480833][-0.244431,-0.912051,-0.329267][0.387182,0.101984,0][0.0252753,0.369097,-0.0746184][-0.254722,-0.966378,-0.0350757][0.381116,0.122775,0][0.063264,0.257829,0.0565617][-0.0942127,-0.621789,-0.777498][0.400596,0.030957,0][0.0980938,0.29948,0.0107966][-0.300218,-0.653316,-0.695017][0.37898,0.045992,0][0.0776829,0.235329,0.0736384][-0.0855696,-0.636555,-0.76647][0.396003,0.01874,0][0.0776829,0.235329,0.0736384][-0.0855696,-0.636555,-0.76647][0.396003,0.01874,0][0.0597762,0.21981,0.0874073][0.0402023,-0.612342,-0.789571][0.405605,0.015719,0][0.063264,0.257829,0.0565617][-0.0942127,-0.621789,-0.777498][0.400596,0.030957,0][-0.0320841,0.308501,0.0169626][0.321882,-0.550273,-0.770449][0.432945,0.070768,0][-0.0450034,0.349674,-0.028028][0.380317,-0.633035,-0.674259][0.433349,0.103579,0][0.00237647,0.360914,-0.0310075][-0.0334145,-0.791748,-0.609933][0.408453,0.102543,0][0.00237647,0.360914,-0.0310075][-0.0334145,-0.791748,-0.609933][0.408453,0.102543,0][0.0141086,0.321668,0.0159661][0.0360662,-0.661386,-0.749178][0.412548,0.069757,0][-0.0320841,0.308501,0.0169626][0.321882,-0.550273,-0.770449][0.432945,0.070768,0][-0.0450034,0.349674,-0.028028][0.380317,-0.633035,-0.674259][0.433349,0.103579,0][-0.0320841,0.308501,0.0169626][0.321882,-0.550273,-0.770449][0.432945,0.070768,0][-0.0845144,0.287649,-0.00485761][0.633399,-0.414683,-0.653333][0.456008,0.071592,0][-0.0845144,0.287649,-0.00485761][0.633399,-0.414683,-0.653333][0.456008,0.071592,0][-0.0904808,0.328359,-0.0519352][0.687739,-0.590829,-0.421826][0.458312,0.105105,0][-0.0450034,0.349674,-0.028028][0.380317,-0.633035,-0.674259][0.433349,0.103579,0][-0.110425,0.282767,-0.0378482][0.763554,-0.408915,-0.499775][0.467896,0.077728,0][-0.10795,0.315651,-0.0737925][0.787511,-0.576763,-0.217188][0.471023,0.106505,0][-0.0904808,0.328359,-0.0519352][0.687739,-0.590829,-0.421826][0.458312,0.105105,0][-0.0904808,0.328359,-0.0519352][0.687739,-0.590829,-0.421826][0.458312,0.105105,0][-0.0845144,0.287649,-0.00485761][0.633399,-0.414683,-0.653333][0.456008,0.071592,0][-0.110425,0.282767,-0.0378482][0.763554,-0.408915,-0.499775][0.467896,0.077728,0][-0.0361869,0.181283,0.0752213][0.543934,-0.341917,-0.766309][0.458513,0.016989,0][-0.0945165,0.234716,0.00629189][0.651372,-0.276717,-0.7065][0.467165,0.047729,0][-0.0512341,0.223289,0.0457982][0.514527,-0.353803,-0.78108][0.453504,0.035175,0][-0.0512341,0.223289,0.0457982][0.514527,-0.353803,-0.78108][0.453504,0.035175,0][-0.0240271,0.183581,0.0825853][0.46444,-0.42074,-0.779277][0.452686,0.016468,0][-0.0361869,0.181283,0.0752213][0.543934,-0.341917,-0.766309][0.458513,0.016989,0][-0.00567867,0.23933,0.0603462][0.309754,-0.472318,-0.825208][0.432499,0.034478,0][0.00993728,0.194588,0.0956423][0.347411,-0.503039,-0.791364][0.433828,0.015619,0][-0.0240271,0.183581,0.0825853][0.46444,-0.42074,-0.779277][0.452686,0.016468,0][-0.0240271,0.183581,0.0825853][0.46444,-0.42074,-0.779277][0.452686,0.016468,0][-0.0512341,0.223289,0.0457982][0.514527,-0.353803,-0.78108][0.453504,0.035175,0][-0.00567867,0.23933,0.0603462][0.309754,-0.472318,-0.825208][0.432499,0.034478,0][-0.00567867,0.23933,0.0603462][0.309754,-0.472318,-0.825208][0.432499,0.034478,0][0.0273317,0.250295,0.0612545][0.105727,-0.55764,-0.823323][0.417061,0.033623,0][0.0309946,0.201596,0.097901][0.18837,-0.569473,-0.800136][0.421866,0.014427,0][0.0309946,0.201596,0.097901][0.18837,-0.569473,-0.800136][0.421866,0.014427,0][0.00993728,0.194588,0.0956423][0.347411,-0.503039,-0.791364][0.433828,0.015619,0][-0.00567867,0.23933,0.0603462][0.309754,-0.472318,-0.825208][0.432499,0.034478,0][0.0545298,0.328433,0.00344937][-0.231924,-0.734161,-0.638137][0.393617,0.067913,0][0.0141086,0.321668,0.0159661][0.0360662,-0.661386,-0.749178][0.412548,0.069757,0][0.00237647,0.360914,-0.0310075][-0.0334145,-0.791748,-0.609933][0.408453,0.102543,0][0.00237647,0.360914,-0.0310075][-0.0334145,-0.791748,-0.609933][0.408453,0.102543,0][0.0362365,0.363029,-0.0480833][-0.244431,-0.912051,-0.329267][0.387182,0.101984,0][0.0545298,0.328433,0.00344937][-0.231924,-0.734161,-0.638137][0.393617,0.067913,0][0.0273317,0.250295,0.0612545][0.105727,-0.55764,-0.823323][0.417061,0.033623,0][0.063264,0.257829,0.0565617][-0.0942127,-0.621789,-0.777498][0.400596,0.030957,0][0.0597762,0.21981,0.0874073][0.0402023,-0.612342,-0.789571][0.405605,0.015719,0][0.0597762,0.21981,0.0874073][0.0402023,-0.612342,-0.789571][0.405605,0.015719,0][0.0309946,0.201596,0.097901][0.18837,-0.569473,-0.800136][0.421866,0.014427,0][0.0273317,0.250295,0.0612545][0.105727,-0.55764,-0.823323][0.417061,0.033623,0][0.0980938,0.29948,0.0107966][0.85338,0.402303,0.331505][0.606555,0.062935,0][0.0788799,0.339093,-0.0292616][0.764892,0.6423,0.0488921][0.60635,0.090433,0][0.0720538,0.344855,-0.00995313][0.60753,0.72835,0.316881][0.605156,0.087286,0][0.0720538,0.344855,-0.00995313][0.60753,0.72835,0.316881][0.605156,0.087286,0][0.0882272,0.308882,0.0242275][0.852201,0.378963,0.360751][0.605243,0.06271,0][0.0980938,0.29948,0.0107966][0.85338,0.402303,0.331505][0.606555,0.062935,0][0.0788799,0.339093,-0.0292616][0.764892,0.6423,0.0488921][0.60635,0.090433,0][0.0518982,0.361959,-0.061668][0.824573,0.535889,-0.181391][0.606823,0.115892,0][0.0511923,0.367017,-0.0391266][0.538154,0.836323,0.104664][0.605579,0.109696,0][0.0511923,0.367017,-0.0391266][0.538154,0.836323,0.104664][0.605579,0.109696,0][0.0720538,0.344855,-0.00995313][0.60753,0.72835,0.316881][0.605156,0.087286,0][0.0788799,0.339093,-0.0292616][0.764892,0.6423,0.0488921][0.60635,0.090433,0][0.0518982,0.361959,-0.061668][0.824573,0.535889,-0.181391][0.606823,0.115892,0][0.0438754,0.364092,-0.0812606][0.823974,0.490308,-0.284017][0.612544,0.128122,0][0.0478785,0.370233,-0.0590453][0.866577,0.47218,-0.161527][0.611014,0.120465,0][0.0478785,0.370233,-0.0590453][0.866577,0.47218,-0.161527][0.611014,0.120465,0][0.0511923,0.367017,-0.0391266][0.538154,0.836323,0.104664][0.605579,0.109696,0][0.0518982,0.361959,-0.061668][0.824573,0.535889,-0.181391][0.606823,0.115892,0][0.0293066,0.367228,-0.0803573][0.138825,0.941713,-0.306437][0.605989,0.134025,0][0.033231,0.374757,-0.0566005][0.179939,0.971237,-0.155955][0.604656,0.125388,0][0.0478785,0.370233,-0.0590453][0.267087,0.957219,-0.111345][0.611014,0.120465,0][0.0478785,0.370233,-0.0590453][0.267087,0.957219,-0.111345][0.611014,0.120465,0][0.0438754,0.364092,-0.0812606][0.183843,0.938414,-0.292542][0.612544,0.128122,0][0.0293066,0.367228,-0.0803573][0.138825,0.941713,-0.306437][0.605989,0.134025,0][-0.00285104,0.377165,-0.0216216][-0.191603,0.953458,-0.232821][0.574001,0.117318,0][-0.000465114,0.371624,-0.0458377][-0.194723,0.950602,-0.241742][0.574375,0.12475,0][-0.0458955,0.364149,-0.0402837][-0.269393,0.935278,-0.229528][0.535961,0.126036,0][-0.0458955,0.364149,-0.0402837][-0.269393,0.935278,-0.229528][0.535961,0.126036,0][-0.0498006,0.36852,-0.0175187][-0.260048,0.939043,-0.224887][0.536719,0.118795,0][-0.00285104,0.377165,-0.0216216][-0.191603,0.953458,-0.232821][0.574001,0.117318,0][-0.0458955,0.364149,-0.0402837][-0.269393,0.935278,-0.229528][0.535961,0.126036,0][-0.0831981,0.3434,-0.0670844][-0.434345,0.860607,-0.265895][0.496747,0.132796,0][-0.090346,0.346958,-0.0434499][-0.387678,0.887297,-0.249821][0.498619,0.124681,0][-0.090346,0.346958,-0.0434499][-0.387678,0.887297,-0.249821][0.498619,0.124681,0][-0.0498006,0.36852,-0.0175187][-0.260048,0.939043,-0.224887][0.536719,0.118795,0][-0.0458955,0.364149,-0.0402837][-0.269393,0.935278,-0.229528][0.535961,0.126036,0][-0.0831981,0.3434,-0.0670844][-0.434345,0.860607,-0.265895][0.496747,0.132796,0][-0.0980177,0.326396,-0.0907231][-0.483167,0.825735,-0.291054][0.476666,0.135923,0][-0.108312,0.328442,-0.0678284][-0.484411,0.827472,-0.283965][0.47897,0.127468,0][-0.108312,0.328442,-0.0678284][-0.484411,0.827472,-0.283965][0.47897,0.127468,0][-0.090346,0.346958,-0.0434499][-0.387678,0.887297,-0.249821][0.498619,0.124681,0][-0.0831981,0.3434,-0.0670844][-0.434345,0.860607,-0.265895][0.496747,0.132796,0][-0.10795,0.315651,-0.0737925][-0.954401,0.0634037,-0.291716][0.480413,0.122052,0][-0.112394,0.319232,-0.0509554][-0.988332,-0.0614432,-0.139376][0.482688,0.115473,0][-0.108312,0.328442,-0.0678284][-0.949794,0.109724,-0.293005][0.47897,0.127468,0][-0.108312,0.328442,-0.0678284][-0.949794,0.109724,-0.293005][0.47897,0.127468,0][-0.0980177,0.326396,-0.0907231][-0.893181,0.169017,-0.416726][0.476666,0.135923,0][-0.10795,0.315651,-0.0737925][-0.954401,0.0634037,-0.291716][0.480413,0.122052,0][0.0252753,0.369097,-0.0746184][-0.0490166,0.954922,-0.292781][0.601224,0.133089,0][0.0277318,0.376342,-0.0505536][0.0728403,0.995777,-0.0558808][0.600008,0.124588,0][0.033231,0.374757,-0.0566005][0.179939,0.971237,-0.155955][0.604656,0.125388,0][0.033231,0.374757,-0.0566005][0.179939,0.971237,-0.155955][0.604656,0.125388,0][0.0293066,0.367228,-0.0803573][0.138825,0.941713,-0.306437][0.605989,0.134025,0][0.0252753,0.369097,-0.0746184][-0.0490166,0.954922,-0.292781][0.601224,0.133089,0][0.0277318,0.376342,-0.0505536][0.0728403,0.995777,-0.0558808][0.600008,0.124588,0][0.0252753,0.369097,-0.0746184][-0.0490166,0.954922,-0.292781][0.601224,0.133089,0][-0.000465114,0.371624,-0.0458377][-0.194723,0.950602,-0.241742][0.574375,0.12475,0][-0.000465114,0.371624,-0.0458377][-0.194723,0.950602,-0.241742][0.574375,0.12475,0][-0.00285104,0.377165,-0.0216216][-0.191603,0.953458,-0.232821][0.574001,0.117318,0][0.0277318,0.376342,-0.0505536][0.0728403,0.995777,-0.0558808][0.600008,0.124588,0][0.0776829,0.235329,0.0736384][0.723561,0.0854735,0.684948][0.594844,0.024575,0][0.0707211,0.2519,0.0791591][0.764032,0.109623,0.635798][0.593827,0.028261,0][0.0542724,0.236846,0.0909646][0.495721,-0.0304284,0.867949][0.583661,0.020339,0][0.0542724,0.236846,0.0909646][0.495721,-0.0304284,0.867949][0.583661,0.020339,0][0.0597762,0.21981,0.0874073][0.457675,-0.0237264,0.888803][0.584485,0.01578,0][0.0776829,0.235329,0.0736384][0.723561,0.0854735,0.684948][0.594844,0.024575,0][0.0980938,0.29948,0.0107966][0.85338,0.402303,0.331505][0.606555,0.062935,0][0.0882272,0.308882,0.0242275][0.852201,0.378963,0.360751][0.605243,0.06271,0][0.0707211,0.2519,0.0791591][0.764032,0.109623,0.635798][0.593827,0.028261,0][0.0707211,0.2519,0.0791591][0.764032,0.109623,0.635798][0.593827,0.028261,0][0.0776829,0.235329,0.0736384][0.723561,0.0854735,0.684948][0.594844,0.024575,0][0.0980938,0.29948,0.0107966][0.85338,0.402303,0.331505][0.606555,0.062935,0][-0.110425,0.282767,-0.0378482][-0.992366,-0.11736,0.0378956][0.485402,0.09461,0][-0.109828,0.291421,-0.0166491][-0.98393,-0.149079,0.0982686][0.487576,0.091175,0][-0.112394,0.319232,-0.0509554][-0.988332,-0.0614432,-0.139376][0.482688,0.115473,0][-0.112394,0.319232,-0.0509554][-0.988332,-0.0614432,-0.139376][0.482688,0.115473,0][-0.10795,0.315651,-0.0737925][-0.954401,0.0634037,-0.291716][0.480413,0.122052,0][-0.110425,0.282767,-0.0378482][-0.992366,-0.11736,0.0378956][0.485402,0.09461,0][-0.0945165,0.234716,0.00629189][-0.910661,-0.295822,0.288419][0.487466,0.063691,0][-0.0944305,0.249537,0.0213911][-0.90614,-0.299271,0.29891][0.489712,0.063637,0][-0.109828,0.291421,-0.0166491][-0.98393,-0.149079,0.0982686][0.487576,0.091175,0][-0.109828,0.291421,-0.0166491][-0.98393,-0.149079,0.0982686][0.487576,0.091175,0][-0.110425,0.282767,-0.0378482][-0.992366,-0.11736,0.0378956][0.485402,0.09461,0][-0.0945165,0.234716,0.00629189][-0.910661,-0.295822,0.288419][0.487466,0.063691,0][-0.0945165,0.234716,0.00629189][-0.910661,-0.295822,0.288419][0.487466,0.063691,0][-0.0361869,0.181283,0.0752213][-0.831158,-0.350861,0.431361][0.502452,0.018408,0][-0.041757,0.199383,0.0792109][-0.830469,-0.35628,0.428237][0.50461,0.022942,0][-0.041757,0.199383,0.0792109][-0.830469,-0.35628,0.428237][0.50461,0.022942,0][-0.0944305,0.249537,0.0213911][-0.90614,-0.299271,0.29891][0.489712,0.063637,0][-0.0945165,0.234716,0.00629189][-0.910661,-0.295822,0.288419][0.487466,0.063691,0][-0.0361869,0.181283,0.0752213][-0.43846,-0.306042,0.845039][0.502452,0.018408,0][-0.0240271,0.183581,0.0825853][-0.365978,-0.280434,0.887366][0.512047,0.014644,0][-0.0296761,0.201438,0.0858988][-0.366602,-0.289105,0.88432][0.513894,0.019506,0][-0.0296761,0.201438,0.0858988][-0.366602,-0.289105,0.88432][0.513894,0.019506,0][-0.041757,0.199383,0.0792109][-0.417723,-0.316292,0.851743][0.50461,0.022942,0][-0.0361869,0.181283,0.0752213][-0.43846,-0.306042,0.845039][0.502452,0.018408,0][-0.0296761,0.201438,0.0858988][-0.366602,-0.289105,0.88432][0.513894,0.019506,0][-0.0240271,0.183581,0.0825853][-0.365978,-0.280434,0.887366][0.512047,0.014644,0][0.00993728,0.194588,0.0956423][-0.170409,-0.166218,0.971253][0.543568,0.008642,0][0.00993728,0.194588,0.0956423][-0.170409,-0.166218,0.971253][0.543568,0.008642,0][0.00534464,0.21061,0.097379][-0.223147,0.0863832,0.97095][0.544139,0.013759,0][-0.0296761,0.201438,0.0858988][-0.412915,0.216776,0.884596][0.513894,0.019506,0][0.00534464,0.21061,0.097379][-0.223147,0.0863832,0.97095][0.544139,0.013759,0][0.00993728,0.194588,0.0956423][-0.170409,-0.166218,0.971253][0.543568,0.008642,0][0.0309946,0.201596,0.097901][0.120345,-0.062303,0.990775][0.562709,0.007782,0][0.0309946,0.201596,0.097901][0.120345,-0.062303,0.990775][0.562709,0.007782,0][0.0267577,0.217142,0.0993315][0.0406101,0.147202,0.988273][0.56245,0.012873,0][0.00534464,0.21061,0.097379][-0.223147,0.0863832,0.97095][0.544139,0.013759,0][0.0267577,0.217142,0.0993315][0.0406101,0.147202,0.988273][0.56245,0.012873,0][0.0309946,0.201596,0.097901][0.120345,-0.062303,0.990775][0.562709,0.007782,0][0.0597762,0.21981,0.0874073][0.457675,-0.0237264,0.888803][0.584485,0.01578,0][0.0597762,0.21981,0.0874073][0.457675,-0.0237264,0.888803][0.584485,0.01578,0][0.0542724,0.236846,0.0909646][0.495721,-0.0304284,0.867949][0.583661,0.020339,0][0.0267577,0.217142,0.0993315][0.0406101,0.147202,0.988273][0.56245,0.012873,0][-0.0559266,0.243828,0.0585205][-0.562584,0.253482,0.786922][0.510077,0.045871,0][-0.0129914,0.261864,0.0733721][-0.290259,0.393468,0.872314][0.542032,0.04187,0][-0.0364898,0.321581,0.0337006][-0.333485,0.532058,0.778269][0.538925,0.077462,0][-0.0364898,0.321581,0.0337006][-0.333485,0.532058,0.778269][0.538925,0.077462,0][-0.0849123,0.29776,0.0124906][-0.649832,0.377767,0.659553][0.504413,0.08137,0][-0.0559266,0.243828,0.0585205][-0.562584,0.253482,0.786922][0.510077,0.045871,0][0.0191284,0.271665,0.0739341][-0.0406498,0.495065,0.867904][0.564389,0.041503,0][0.00764544,0.333159,0.0325789][0.0163319,0.6576,0.753191][0.567686,0.076866,0][-0.0364898,0.321581,0.0337006][-0.333485,0.532058,0.778269][0.538925,0.077462,0][-0.0364898,0.321581,0.0337006][-0.333485,0.532058,0.778269][0.538925,0.077462,0][-0.0129914,0.261864,0.0733721][-0.290259,0.393468,0.872314][0.542032,0.04187,0][0.0191284,0.271665,0.0739341][-0.0406498,0.495065,0.867904][0.564389,0.041503,0][0.0545328,0.275898,0.0676504][0.213993,0.572593,0.791419][0.585778,0.041537,0][0.047362,0.33596,0.0190357][0.286245,0.714255,0.638674][0.590058,0.077689,0][0.00764544,0.333159,0.0325789][0.0163319,0.6576,0.753191][0.567686,0.076866,0][0.00764544,0.333159,0.0325789][0.0163319,0.6576,0.753191][0.567686,0.076866,0][0.0191284,0.271665,0.0739341][-0.0406498,0.495065,0.867904][0.564389,0.041503,0][0.0545328,0.275898,0.0676504][0.213993,0.572593,0.791419][0.585778,0.041537,0][-0.109828,0.291421,-0.0166491][-0.771648,0.359687,0.52458][0.487576,0.091175,0][-0.0849123,0.29776,0.0124906][-0.649832,0.377767,0.659553][0.504413,0.08137,0][-0.0942787,0.333544,-0.026974][-0.719493,0.534371,0.443597][0.499546,0.110757,0][-0.0942787,0.333544,-0.026974][-0.719493,0.534371,0.443597][0.499546,0.110757,0][-0.112394,0.319232,-0.0509554][-0.81552,0.515431,0.26317][0.482688,0.115473,0][-0.109828,0.291421,-0.0166491][-0.771648,0.359687,0.52458][0.487576,0.091175,0][0.047362,0.33596,0.0190357][0.286245,0.714255,0.638674][0.590058,0.077689,0][0.0545328,0.275898,0.0676504][0.213993,0.572593,0.791419][0.585778,0.041537,0][0.0882272,0.308882,0.0242275][0.351437,0.647554,0.676141][0.605243,0.06271,0][0.0882272,0.308882,0.0242275][0.351437,0.647554,0.676141][0.605243,0.06271,0][0.0720538,0.344855,-0.00995313][0.60753,0.72835,0.316881][0.605156,0.087286,0][0.047362,0.33596,0.0190357][0.286245,0.714255,0.638674][0.590058,0.077689,0][0.063264,0.257829,0.0565617][-0.0942127,-0.621789,-0.777498][0.400596,0.030957,0][0.0273317,0.250295,0.0612545][0.105727,-0.55764,-0.823323][0.417061,0.033623,0][0.0141086,0.321668,0.0159661][0.0360662,-0.661386,-0.749178][0.412548,0.069757,0][0.0141086,0.321668,0.0159661][0.0360662,-0.661386,-0.749178][0.412548,0.069757,0][0.0545298,0.328433,0.00344937][-0.231924,-0.734161,-0.638137][0.393617,0.067913,0][0.063264,0.257829,0.0565617][-0.0942127,-0.621789,-0.777498][0.400596,0.030957,0][0.0273317,0.250295,0.0612545][0.105727,-0.55764,-0.823323][0.417061,0.033623,0][-0.00567867,0.23933,0.0603462][0.309754,-0.472318,-0.825208][0.432499,0.034478,0][-0.0320841,0.308501,0.0169626][0.321882,-0.550273,-0.770449][0.432945,0.070768,0][-0.0320841,0.308501,0.0169626][0.321882,-0.550273,-0.770449][0.432945,0.070768,0][0.0141086,0.321668,0.0159661][0.0360662,-0.661386,-0.749178][0.412548,0.069757,0][0.0273317,0.250295,0.0612545][0.105727,-0.55764,-0.823323][0.417061,0.033623,0][-0.0320841,0.308501,0.0169626][0.321882,-0.550273,-0.770449][0.432945,0.070768,0][-0.00567867,0.23933,0.0603462][0.309754,-0.472318,-0.825208][0.432499,0.034478,0][-0.0512341,0.223289,0.0457982][0.514527,-0.353803,-0.78108][0.453504,0.035175,0][-0.0512341,0.223289,0.0457982][0.514527,-0.353803,-0.78108][0.453504,0.035175,0][-0.0845144,0.287649,-0.00485761][0.633399,-0.414683,-0.653333][0.456008,0.071592,0][-0.0320841,0.308501,0.0169626][0.321882,-0.550273,-0.770449][0.432945,0.070768,0][0.0362365,0.363029,-0.0480833][-0.244431,-0.912051,-0.329267][0.387182,0.101984,0][0.0518982,0.361959,-0.061668][-0.275857,-0.940821,-0.196874][0.374249,0.101922,0][0.0788799,0.339093,-0.0292616][-0.325988,-0.815262,-0.478624][0.37604,0.073775,0][0.0788799,0.339093,-0.0292616][-0.325988,-0.815262,-0.478624][0.37604,0.073775,0][0.0545298,0.328433,0.00344937][-0.231924,-0.734161,-0.638137][0.393617,0.067913,0][0.0362365,0.363029,-0.0480833][-0.244431,-0.912051,-0.329267][0.387182,0.101984,0][-0.0945165,0.234716,0.00629189][0.651372,-0.276717,-0.7065][0.467165,0.047729,0][-0.110425,0.282767,-0.0378482][0.763554,-0.408915,-0.499775][0.467896,0.077728,0][-0.0845144,0.287649,-0.00485761][0.633399,-0.414683,-0.653333][0.456008,0.071592,0][-0.0845144,0.287649,-0.00485761][0.633399,-0.414683,-0.653333][0.456008,0.071592,0][-0.0512341,0.223289,0.0457982][0.514527,-0.353803,-0.78108][0.453504,0.035175,0][-0.0945165,0.234716,0.00629189][0.651372,-0.276717,-0.7065][0.467165,0.047729,0][-0.0723466,0.341523,-0.0593531][-0.722036,0.662865,0.198177][0.5942,0.107286,0][-0.0759302,0.310183,-0.0209482][-0.80438,0.395299,0.443521][0.590058,0.077689,0][-0.0549017,0.34064,-0.0207368][-0.495742,0.725189,0.477851][0.605156,0.087286,0][-0.0549017,0.34064,-0.0207368][-0.495742,0.725189,0.477851][0.605156,0.087286,0][-0.0560334,0.354789,-0.0554017][-0.434372,0.872232,0.224792][0.605579,0.109696,0][-0.0723466,0.341523,-0.0593531][-0.722036,0.662865,0.198177][0.5942,0.107286,0][-0.0534455,0.356212,-0.0778297][-0.43885,0.861513,-0.255354][0.604656,0.125388,0][-0.0560334,0.354789,-0.0554017][-0.434372,0.872232,0.224792][0.605579,0.109696,0][-0.0459142,0.361579,-0.0687674][-0.444944,0.882409,-0.152903][0.611014,0.120465,0][-0.0946846,0.315952,-0.0741589][-0.904781,0.401273,0.142658][0.570692,0.104796,0][-0.0876783,0.328351,-0.084886][-0.819877,0.571422,0.0357473][0.574001,0.117318,0][-0.0979405,0.300241,-0.113834][-0.796367,0.447658,-0.406697][0.536719,0.118795,0][-0.0979405,0.300241,-0.113834][-0.796367,0.447658,-0.406697][0.536719,0.118795,0][-0.104113,0.285203,-0.104916][-0.98018,0.108008,-0.166075][0.536302,0.105319,0][-0.0946846,0.315952,-0.0741589][-0.904781,0.401273,0.142658][0.570692,0.104796,0][-0.0979405,0.300241,-0.113834][-0.796367,0.447658,-0.406697][0.536719,0.118795,0][-0.078607,0.282292,-0.148599][-0.624034,0.406324,-0.667445][0.498619,0.124681,0][-0.0861654,0.2628,-0.145654][-0.828367,0.0278274,-0.559494][0.499546,0.110757,0][-0.0861654,0.2628,-0.145654][-0.828367,0.0278274,-0.559494][0.499546,0.110757,0][-0.104113,0.285203,-0.104916][-0.98018,0.108008,-0.166075][0.536302,0.105319,0][-0.0979405,0.300241,-0.113834][-0.796367,0.447658,-0.406697][0.536719,0.118795,0][-0.0672455,0.258497,-0.165377][-0.443115,-0.0150741,-0.896338][0.482688,0.115473,0][-0.0861654,0.2628,-0.145654][-0.828367,0.0278274,-0.559494][0.499546,0.110757,0][-0.078607,0.282292,-0.148599][-0.624034,0.406324,-0.667445][0.498619,0.124681,0][-0.078607,0.282292,-0.148599][-0.624034,0.406324,-0.667445][0.498619,0.124681,0][-0.0577341,0.276701,-0.165829][-0.347825,0.348424,-0.870413][0.47897,0.127468,0][-0.0672455,0.258497,-0.165377][-0.443115,-0.0150741,-0.896338][0.482688,0.115473,0][-0.059634,0.352579,-0.0785824][-0.541349,0.800249,-0.257961][0.600008,0.124588,0][-0.0723466,0.341523,-0.0593531][-0.722036,0.662865,0.198177][0.5942,0.107286,0][-0.0560334,0.354789,-0.0554017][-0.434372,0.872232,0.224792][0.605579,0.109696,0][-0.0560334,0.354789,-0.0554017][-0.434372,0.872232,0.224792][0.605579,0.109696,0][-0.0534455,0.356212,-0.0778297][-0.43885,0.861513,-0.255354][0.604656,0.125388,0][-0.059634,0.352579,-0.0785824][-0.541349,0.800249,-0.257961][0.600008,0.124588,0][-0.0759302,0.310183,-0.0209482][-0.80438,0.395299,0.443521][0.590058,0.077689,0][-0.0723466,0.341523,-0.0593531][-0.722036,0.662865,0.198177][0.5942,0.107286,0][-0.0946846,0.315952,-0.0741589][-0.904781,0.401273,0.142658][0.570692,0.104796,0][-0.0946846,0.315952,-0.0741589][-0.904781,0.401273,0.142658][0.570692,0.104796,0][-0.0963434,0.282148,-0.0428159][-0.932796,0.171999,0.316715][0.567686,0.076866,0][-0.0759302,0.310183,-0.0209482][-0.80438,0.395299,0.443521][0.590058,0.077689,0][-0.0723466,0.341523,-0.0593531][-0.722036,0.662865,0.198177][0.5942,0.107286,0][-0.059634,0.352579,-0.0785824][-0.541349,0.800249,-0.257961][0.600008,0.124588,0][-0.0876783,0.328351,-0.084886][-0.819877,0.571422,0.0357473][0.574001,0.117318,0][-0.0876783,0.328351,-0.084886][-0.819877,0.571422,0.0357473][0.574001,0.117318,0][-0.0946846,0.315952,-0.0741589][-0.904781,0.401273,0.142658][0.570692,0.104796,0][-0.0723466,0.341523,-0.0593531][-0.722036,0.662865,0.198177][0.5942,0.107286,0][-0.0659056,0.251825,0.0254545][-0.830304,0.186992,0.525004][0.585778,0.041537,0][-0.0548908,0.213693,0.04927][-0.871183,0.00829935,0.490889][0.583661,0.020339,0][-0.0509214,0.238748,0.0514964][-0.821112,0.153753,0.549668][0.593827,0.028261,0][-0.0509214,0.238748,0.0514964][-0.821112,0.153753,0.549668][0.593827,0.028261,0][-0.0478175,0.311537,0.0183556][-0.761252,0.358514,0.540336][0.605243,0.06271,0][-0.0659056,0.251825,0.0254545][-0.830304,0.186992,0.525004][0.585778,0.041537,0][-0.104113,0.285203,-0.104916][-0.98018,0.108008,-0.166075][0.536302,0.105319,0][-0.0861654,0.2628,-0.145654][-0.828367,0.0278274,-0.559494][0.499546,0.110757,0][-0.0925749,0.22169,-0.119752][-0.926265,-0.244292,-0.286974][0.504413,0.08137,0][-0.0925749,0.22169,-0.119752][-0.926265,-0.244292,-0.286974][0.504413,0.08137,0][-0.105023,0.251656,-0.0742374][-0.995002,-0.079679,0.0601832][0.538925,0.077462,0][-0.104113,0.285203,-0.104916][-0.98018,0.108008,-0.166075][0.536302,0.105319,0][-0.0925749,0.22169,-0.119752][-0.926265,-0.244292,-0.286974][0.504413,0.08137,0][-0.0764539,0.220717,-0.151285][-0.61575,-0.349205,-0.706335][0.487576,0.091175,0][-0.0742033,0.177074,-0.119202][-0.885228,-0.394949,-0.245739][0.489712,0.063637,0][-0.0742033,0.177074,-0.119202][-0.885228,-0.394949,-0.245739][0.489712,0.063637,0][-0.0836313,0.173716,-0.0661293][-0.923969,-0.378418,-0.055506][0.510077,0.045871,0][-0.0925749,0.22169,-0.119752][-0.926265,-0.244292,-0.286974][0.504413,0.08137,0][-0.0836313,0.173716,-0.0661293][-0.923969,-0.378418,-0.055506][0.510077,0.045871,0][-0.0742033,0.177074,-0.119202][-0.885228,-0.394949,-0.245739][0.489712,0.063637,0][-0.0677267,0.13676,-0.0358123][-0.925087,-0.379042,0.0232547][0.50461,0.022942,0][-0.0677267,0.13676,-0.0358123][-0.925087,-0.379042,0.0232547][0.50461,0.022942,0][-0.0684331,0.142126,-0.0205885][-0.93984,-0.304668,0.154526][0.513894,0.019506,0][-0.0836313,0.173716,-0.0661293][-0.923969,-0.378418,-0.055506][0.510077,0.045871,0][-0.0875852,0.202902,-0.0235743][-0.95521,-0.182221,0.233172][0.542032,0.04187,0][-0.0836313,0.173716,-0.0661293][-0.923969,-0.378418,-0.055506][0.510077,0.045871,0][-0.0684331,0.142126,-0.0205885][-0.93984,-0.304668,0.154526][0.513894,0.019506,0][-0.0684331,0.142126,-0.0205885][-0.93984,-0.304668,0.154526][0.513894,0.019506,0][-0.0647653,0.164208,0.0174313][-0.924306,-0.201534,0.324103][0.544139,0.013759,0][-0.0875852,0.202902,-0.0235743][-0.95521,-0.182221,0.233172][0.542032,0.04187,0][-0.0548908,0.213693,0.04927][-0.871183,0.00829935,0.490889][0.583661,0.020339,0][-0.0659056,0.251825,0.0254545][-0.830304,0.186992,0.525004][0.585778,0.041537,0][-0.0810703,0.226922,0.00150733][-0.916787,-0.0138858,0.399136][0.564389,0.041503,0][-0.0810703,0.226922,0.00150733][-0.916787,-0.0138858,0.399136][0.564389,0.041503,0][-0.0596139,0.18039,0.0362125][-0.781482,-0.156267,0.604042][0.56245,0.012873,0][-0.0548908,0.213693,0.04927][-0.871183,0.00829935,0.490889][0.583661,0.020339,0][-0.0963434,0.282148,-0.0428159][-0.932796,0.171999,0.316715][0.567686,0.076866,0][-0.0946846,0.315952,-0.0741589][-0.904781,0.401273,0.142658][0.570692,0.104796,0][-0.104113,0.285203,-0.104916][-0.98018,0.108008,-0.166075][0.536302,0.105319,0][-0.104113,0.285203,-0.104916][-0.98018,0.108008,-0.166075][0.536302,0.105319,0][-0.105023,0.251656,-0.0742374][-0.995002,-0.079679,0.0601832][0.538925,0.077462,0][-0.0963434,0.282148,-0.0428159][-0.932796,0.171999,0.316715][0.567686,0.076866,0][-0.0647653,0.164208,0.0174313][-0.924306,-0.201534,0.324103][0.544139,0.013759,0][-0.0596139,0.18039,0.0362125][-0.781482,-0.156267,0.604042][0.56245,0.012873,0][-0.0810703,0.226922,0.00150733][-0.916787,-0.0138858,0.399136][0.564389,0.041503,0][-0.0810703,0.226922,0.00150733][-0.916787,-0.0138858,0.399136][0.564389,0.041503,0][-0.0875852,0.202902,-0.0235743][-0.95521,-0.182221,0.233172][0.542032,0.04187,0][-0.0647653,0.164208,0.0174313][-0.924306,-0.201534,0.324103][0.544139,0.013759,0][-0.0587881,0.31586,-0.0236546][0.835896,-0.378562,-0.397453][0.393617,0.067913,0][-0.0370478,0.348343,-0.026203][0.75133,-0.56266,-0.344845][0.37604,0.073775,0][-0.0296213,0.316723,0.0194259][0.79485,-0.32398,-0.513079][0.37898,0.045992,0][-0.0296213,0.316723,0.0194259][0.79485,-0.32398,-0.513079][0.37898,0.045992,0][-0.0434194,0.249925,0.0292049][0.892237,-0.162629,-0.421266][0.400596,0.030957,0][-0.0587881,0.31586,-0.0236546][0.835896,-0.378562,-0.397453][0.393617,0.067913,0][-0.0349015,0.356881,-0.0917839][0.441622,-0.880048,0.1746][0.375463,0.122941,0][-0.0297729,0.362507,-0.0826142][0.558479,-0.808867,0.183944][0.366882,0.114582,0][-0.0387657,0.359926,-0.0666596][0.633916,-0.772748,-0.0318102][0.374249,0.101922,0][-0.0578492,0.295386,-0.150632][0.704967,-0.298001,0.643597][0.458732,0.122101,0][-0.0780675,0.309397,-0.120731][0.845221,0.0988673,0.525192][0.433431,0.119093,0][-0.0803173,0.295224,-0.114442][0.917848,0.000925675,0.396932][0.433349,0.103579,0][-0.0803173,0.295224,-0.114442][0.917848,0.000925675,0.396932][0.433349,0.103579,0][-0.0651567,0.273984,-0.152169][0.814946,-0.123019,0.56633][0.458312,0.105105,0][-0.0578492,0.295386,-0.150632][0.704967,-0.298001,0.643597][0.458732,0.122101,0][-0.0489983,0.270901,-0.168632][0.642969,-0.190689,0.741774][0.471023,0.106505,0][-0.03854,0.293217,-0.162522][0.440173,-0.42311,0.791976][0.473671,0.121452,0][-0.0578492,0.295386,-0.150632][0.704967,-0.298001,0.643597][0.458732,0.122101,0][-0.0578492,0.295386,-0.150632][0.704967,-0.298001,0.643597][0.458732,0.122101,0][-0.0651567,0.273984,-0.152169][0.814946,-0.123019,0.56633][0.458312,0.105105,0][-0.0489983,0.270901,-0.168632][0.642969,-0.190689,0.741774][0.471023,0.106505,0][-0.0780675,0.309397,-0.120731][0.969272,-0.233394,-0.0777083][0.433431,0.119093,0][-0.0672061,0.335472,-0.0946785][0.879821,-0.461112,-0.115286][0.406234,0.117072,0][-0.0714513,0.324876,-0.0846942][0.913119,-0.381035,-0.145006][0.408453,0.102543,0][-0.0714513,0.324876,-0.0846942][0.913119,-0.381035,-0.145006][0.408453,0.102543,0][-0.0803173,0.295224,-0.114442][0.977593,-0.190457,-0.089655][0.433349,0.103579,0][-0.0780675,0.309397,-0.120731][0.969272,-0.233394,-0.0777083][0.433431,0.119093,0][-0.0672061,0.335472,-0.0946785][0.572741,-0.815599,0.0822639][0.406234,0.117072,0][-0.0403778,0.354617,-0.0916532][0.503036,-0.854331,0.130667][0.381116,0.122775,0][-0.0521854,0.348473,-0.0703633][0.720701,-0.684486,-0.10986][0.387182,0.101984,0][-0.0521854,0.348473,-0.0703633][0.720701,-0.684486,-0.10986][0.387182,0.101984,0][-0.0714513,0.324876,-0.0846942][0.913119,-0.381035,-0.145006][0.408453,0.102543,0][-0.0672061,0.335472,-0.0946785][0.879821,-0.461112,-0.115286][0.406234,0.117072,0][-0.0403778,0.354617,-0.0916532][0.503036,-0.854331,0.130667][0.381116,0.122775,0][-0.0349015,0.356881,-0.0917839][0.441622,-0.880048,0.1746][0.375463,0.122941,0][-0.0387657,0.359926,-0.0666596][0.633916,-0.772748,-0.0318102][0.374249,0.101922,0][-0.0387657,0.359926,-0.0666596][0.633916,-0.772748,-0.0318102][0.374249,0.101922,0][-0.0521854,0.348473,-0.0703633][0.720701,-0.684486,-0.10986][0.387182,0.101984,0][-0.0403778,0.354617,-0.0916532][0.503036,-0.854331,0.130667][0.381116,0.122775,0][-0.0434194,0.249925,0.0292049][0.892237,-0.162629,-0.421266][0.400596,0.030957,0][-0.0296213,0.316723,0.0194259][0.79485,-0.32398,-0.513079][0.37898,0.045992,0][-0.0334441,0.234386,0.0577457][0.894303,-0.179071,-0.410068][0.396003,0.01874,0][-0.0334441,0.234386,0.0577457][0.894303,-0.179071,-0.410068][0.396003,0.01874,0][-0.038941,0.207132,0.0558941][0.930749,-0.110046,-0.348707][0.405605,0.015719,0][-0.0434194,0.249925,0.0292049][0.892237,-0.162629,-0.421266][0.400596,0.030957,0][-0.0761444,0.285496,-0.0460275][0.949895,-0.142937,-0.277971][0.412548,0.069757,0][-0.0843475,0.253064,-0.0788043][0.995173,0.0701186,-0.0686617][0.432945,0.070768,0][-0.0803173,0.295224,-0.114442][0.977593,-0.190457,-0.089655][0.433349,0.103579,0][-0.0803173,0.295224,-0.114442][0.977593,-0.190457,-0.089655][0.433349,0.103579,0][-0.0714513,0.324876,-0.0846942][0.913119,-0.381035,-0.145006][0.408453,0.102543,0][-0.0761444,0.285496,-0.0460275][0.949895,-0.142937,-0.277971][0.412548,0.069757,0][-0.0803173,0.295224,-0.114442][0.917848,0.000925675,0.396932][0.433349,0.103579,0][-0.0843475,0.253064,-0.0788043][0.995173,0.0701186,-0.0686617][0.432945,0.070768,0][-0.0745265,0.223719,-0.127515][0.935805,0.216796,0.277972][0.456008,0.071592,0][-0.0745265,0.223719,-0.127515][0.935805,0.216796,0.277972][0.456008,0.071592,0][-0.0651567,0.273984,-0.152169][0.814946,-0.123019,0.56633][0.458312,0.105105,0][-0.0803173,0.295224,-0.114442][0.917848,0.000925675,0.396932][0.433349,0.103579,0][-0.0574294,0.225753,-0.16055][0.849117,0.154284,0.505171][0.467896,0.077728,0][-0.0489983,0.270901,-0.168632][0.642969,-0.190689,0.741774][0.471023,0.106505,0][-0.0651567,0.273984,-0.152169][0.814946,-0.123019,0.56633][0.458312,0.105105,0][-0.0651567,0.273984,-0.152169][0.814946,-0.123019,0.56633][0.458312,0.105105,0][-0.0745265,0.223719,-0.127515][0.935805,0.216796,0.277972][0.456008,0.071592,0][-0.0574294,0.225753,-0.16055][0.849117,0.154284,0.505171][0.467896,0.077728,0][-0.0513886,0.128176,-0.0312467][0.971899,0.233101,0.032809][0.458513,0.016989,0][-0.0542224,0.174255,-0.126357][0.907706,0.366014,0.20519][0.467165,0.047729,0][-0.0596951,0.167919,-0.067546][0.962523,0.269446,0.0307831][0.453504,0.035175,0][-0.0596951,0.167919,-0.067546][0.962523,0.269446,0.0307831][0.453504,0.035175,0][-0.0528429,0.133596,-0.015129][0.986877,0.153836,-0.0490767][0.452686,0.016468,0][-0.0513886,0.128176,-0.0312467][0.971899,0.233101,0.032809][0.458513,0.016989,0][-0.0614501,0.197637,-0.022065][0.977714,0.112984,-0.176947][0.432499,0.034478,0][-0.0515977,0.156262,0.023787][0.983175,0.0465709,-0.176631][0.433828,0.015619,0][-0.0528429,0.133596,-0.015129][0.986877,0.153836,-0.0490767][0.452686,0.016468,0][-0.0528429,0.133596,-0.015129][0.986877,0.153836,-0.0490767][0.452686,0.016468,0][-0.0596951,0.167919,-0.067546][0.962523,0.269446,0.0307831][0.453504,0.035175,0][-0.0614501,0.197637,-0.022065][0.977714,0.112984,-0.176947][0.432499,0.034478,0][-0.0515977,0.156262,0.023787][0.983175,0.0465709,-0.176631][0.433828,0.015619,0][-0.0614501,0.197637,-0.022065][0.977714,0.112984,-0.176947][0.432499,0.034478,0][-0.05563,0.223052,0.00415467][0.948718,-0.0156038,-0.315738][0.417061,0.033623,0][-0.05563,0.223052,0.00415467][0.948718,-0.0156038,-0.315738][0.417061,0.033623,0][-0.0467598,0.172744,0.0427738][0.960454,-0.0419587,-0.275258][0.421866,0.014427,0][-0.0515977,0.156262,0.023787][0.983175,0.0465709,-0.176631][0.433828,0.015619,0][-0.0587881,0.31586,-0.0236546][0.835896,-0.378562,-0.397453][0.393617,0.067913,0][-0.0761444,0.285496,-0.0460275][0.949895,-0.142937,-0.277971][0.412548,0.069757,0][-0.0714513,0.324876,-0.0846942][0.913119,-0.381035,-0.145006][0.408453,0.102543,0][-0.0714513,0.324876,-0.0846942][0.913119,-0.381035,-0.145006][0.408453,0.102543,0][-0.0521854,0.348473,-0.0703633][0.720701,-0.684486,-0.10986][0.387182,0.101984,0][-0.0587881,0.31586,-0.0236546][0.835896,-0.378562,-0.397453][0.393617,0.067913,0][-0.05563,0.223052,0.00415467][0.948718,-0.0156038,-0.315738][0.417061,0.033623,0][-0.0434194,0.249925,0.0292049][0.892237,-0.162629,-0.421266][0.400596,0.030957,0][-0.038941,0.207132,0.0558941][0.930749,-0.110046,-0.348707][0.405605,0.015719,0][-0.038941,0.207132,0.0558941][0.930749,-0.110046,-0.348707][0.405605,0.015719,0][-0.0467598,0.172744,0.0427738][0.960454,-0.0419587,-0.275258][0.421866,0.014427,0][-0.05563,0.223052,0.00415467][0.948718,-0.0156038,-0.315738][0.417061,0.033623,0][-0.0296213,0.316723,0.0194259][-0.211978,0.62194,0.753828][0.606555,0.062935,0][-0.0370478,0.348343,-0.026203][-0.203415,0.873266,0.442751][0.60635,0.090433,0][-0.0549017,0.34064,-0.0207368][-0.495742,0.725189,0.477851][0.605156,0.087286,0][-0.0549017,0.34064,-0.0207368][-0.495742,0.725189,0.477851][0.605156,0.087286,0][-0.0478175,0.311537,0.0183556][-0.213312,0.587249,0.780792][0.605243,0.06271,0][-0.0296213,0.316723,0.0194259][-0.211978,0.62194,0.753828][0.606555,0.062935,0][-0.0370478,0.348343,-0.026203][-0.203415,0.873266,0.442751][0.60635,0.090433,0][-0.0387657,0.359926,-0.0666596][0.0594518,0.946122,0.318306][0.606823,0.115892,0][-0.0560334,0.354789,-0.0554017][-0.434372,0.872232,0.224792][0.605579,0.109696,0][-0.0560334,0.354789,-0.0554017][-0.434372,0.872232,0.224792][0.605579,0.109696,0][-0.0549017,0.34064,-0.0207368][-0.495742,0.725189,0.477851][0.605156,0.087286,0][-0.0370478,0.348343,-0.026203][-0.203415,0.873266,0.442751][0.60635,0.090433,0][-0.0387657,0.359926,-0.0666596][0.0594518,0.946122,0.318306][0.606823,0.115892,0][-0.0297729,0.362507,-0.0826142][0.150917,0.958926,0.240179][0.612544,0.128122,0][-0.0459142,0.361579,-0.0687674][0.0923674,0.911251,0.40136][0.611014,0.120465,0][-0.0459142,0.361579,-0.0687674][0.0923674,0.911251,0.40136][0.611014,0.120465,0][-0.0560334,0.354789,-0.0554017][-0.434372,0.872232,0.224792][0.605579,0.109696,0][-0.0387657,0.359926,-0.0666596][0.0594518,0.946122,0.318306][0.606823,0.115892,0][-0.0297729,0.362507,-0.0826142][-0.305499,0.888499,-0.342405][0.612544,0.128122,0][-0.0349015,0.356881,-0.0917839][-0.322851,0.863431,-0.387626][0.605989,0.134025,0][-0.0534455,0.356212,-0.0778297][-0.43885,0.861513,-0.255354][0.604656,0.125388,0][-0.0534455,0.356212,-0.0778297][-0.43885,0.861513,-0.255354][0.604656,0.125388,0][-0.0459142,0.361579,-0.0687674][-0.444944,0.882409,-0.152903][0.611014,0.120465,0][-0.0297729,0.362507,-0.0826142][-0.305499,0.888499,-0.342405][0.612544,0.128122,0][-0.0876783,0.328351,-0.084886][-0.492144,0.706188,-0.509012][0.574001,0.117318,0][-0.0672061,0.335472,-0.0946785][-0.481431,0.706769,-0.518366][0.574375,0.12475,0][-0.0780675,0.309397,-0.120731][-0.492314,0.667009,-0.55922][0.535961,0.126036,0][-0.0780675,0.309397,-0.120731][-0.492314,0.667009,-0.55922][0.535961,0.126036,0][-0.0979405,0.300241,-0.113834][-0.796367,0.447658,-0.406697][0.536719,0.118795,0][-0.0876783,0.328351,-0.084886][-0.492144,0.706188,-0.509012][0.574001,0.117318,0][-0.0780675,0.309397,-0.120731][-0.492314,0.667009,-0.55922][0.535961,0.126036,0][-0.0578492,0.295386,-0.150632][-0.425065,0.599211,-0.67843][0.496747,0.132796,0][-0.078607,0.282292,-0.148599][-0.624034,0.406324,-0.667445][0.498619,0.124681,0][-0.078607,0.282292,-0.148599][-0.624034,0.406324,-0.667445][0.498619,0.124681,0][-0.0979405,0.300241,-0.113834][-0.796367,0.447658,-0.406697][0.536719,0.118795,0][-0.0780675,0.309397,-0.120731][-0.492314,0.667009,-0.55922][0.535961,0.126036,0][-0.0578492,0.295386,-0.150632][-0.425065,0.599211,-0.67843][0.496747,0.132796,0][-0.03854,0.293217,-0.162522][-0.30298,0.512903,-0.803203][0.476666,0.135923,0][-0.0577341,0.276701,-0.165829][-0.347825,0.348424,-0.870413][0.47897,0.127468,0][-0.0577341,0.276701,-0.165829][-0.347825,0.348424,-0.870413][0.47897,0.127468,0][-0.078607,0.282292,-0.148599][-0.624034,0.406324,-0.667445][0.498619,0.124681,0][-0.0578492,0.295386,-0.150632][-0.425065,0.599211,-0.67843][0.496747,0.132796,0][-0.0489983,0.270901,-0.168632][-0.144251,0.126449,-0.981429][0.480413,0.122052,0][-0.0672455,0.258497,-0.165377][-0.443115,-0.0150741,-0.896338][0.482688,0.115473,0][-0.0577341,0.276701,-0.165829][-0.347825,0.348424,-0.870413][0.47897,0.127468,0][-0.0577341,0.276701,-0.165829][-0.347825,0.348424,-0.870413][0.47897,0.127468,0][-0.03854,0.293217,-0.162522][-0.30298,0.512903,-0.803203][0.476666,0.135923,0][-0.0489983,0.270901,-0.168632][-0.144251,0.126449,-0.981429][0.480413,0.122052,0][-0.0403778,0.354617,-0.0916532][-0.381965,0.799286,-0.463946][0.601224,0.133089,0][-0.059634,0.352579,-0.0785824][-0.541349,0.800249,-0.257961][0.600008,0.124588,0][-0.0534455,0.356212,-0.0778297][-0.43885,0.861513,-0.255354][0.604656,0.125388,0][-0.0534455,0.356212,-0.0778297][-0.43885,0.861513,-0.255354][0.604656,0.125388,0][-0.0349015,0.356881,-0.0917839][-0.322851,0.863431,-0.387626][0.605989,0.134025,0][-0.0403778,0.354617,-0.0916532][-0.381965,0.799286,-0.463946][0.601224,0.133089,0][-0.059634,0.352579,-0.0785824][-0.541349,0.800249,-0.257961][0.600008,0.124588,0][-0.0403778,0.354617,-0.0916532][-0.381965,0.799286,-0.463946][0.601224,0.133089,0][-0.0672061,0.335472,-0.0946785][-0.481431,0.706769,-0.518366][0.574375,0.12475,0][-0.0672061,0.335472,-0.0946785][-0.481431,0.706769,-0.518366][0.574375,0.12475,0][-0.0876783,0.328351,-0.084886][-0.492144,0.706188,-0.509012][0.574001,0.117318,0][-0.059634,0.352579,-0.0785824][-0.541349,0.800249,-0.257961][0.600008,0.124588,0][-0.0334441,0.234386,0.0577457][-0.300446,0.183695,0.935942][0.594844,0.024575,0][-0.0509214,0.238748,0.0514964][-0.274865,0.225908,0.934567][0.593827,0.028261,0][-0.0548908,0.213693,0.04927][-0.413719,-0.124849,0.901804][0.583661,0.020339,0][-0.0548908,0.213693,0.04927][-0.413719,-0.124849,0.901804][0.583661,0.020339,0][-0.038941,0.207132,0.0558941][-0.437707,-0.125572,0.890306][0.584485,0.01578,0][-0.0334441,0.234386,0.0577457][-0.300446,0.183695,0.935942][0.594844,0.024575,0][-0.0296213,0.316723,0.0194259][-0.211978,0.62194,0.753828][0.606555,0.062935,0][-0.0478175,0.311537,0.0183556][-0.213312,0.587249,0.780792][0.605243,0.06271,0][-0.0509214,0.238748,0.0514964][-0.274865,0.225908,0.934567][0.593827,0.028261,0][-0.0509214,0.238748,0.0514964][-0.274865,0.225908,0.934567][0.593827,0.028261,0][-0.0334441,0.234386,0.0577457][-0.300446,0.183695,0.935942][0.594844,0.024575,0][-0.0296213,0.316723,0.0194259][-0.211978,0.62194,0.753828][0.606555,0.062935,0][-0.0574294,0.225753,-0.16055][-0.287046,-0.348991,-0.892082][0.485402,0.09461,0][-0.0764539,0.220717,-0.151285][-0.61575,-0.349205,-0.706335][0.487576,0.091175,0][-0.0672455,0.258497,-0.165377][-0.443115,-0.0150741,-0.896338][0.482688,0.115473,0][-0.0672455,0.258497,-0.165377][-0.443115,-0.0150741,-0.896338][0.482688,0.115473,0][-0.0489983,0.270901,-0.168632][-0.144251,0.126449,-0.981429][0.480413,0.122052,0][-0.0574294,0.225753,-0.16055][-0.287046,-0.348991,-0.892082][0.485402,0.09461,0][-0.0542224,0.174255,-0.126357][-0.311502,-0.725551,-0.613631][0.487466,0.063691,0][-0.0742033,0.177074,-0.119202][-0.31339,-0.753069,-0.578511][0.489712,0.063637,0][-0.0764539,0.220717,-0.151285][-0.61575,-0.349205,-0.706335][0.487576,0.091175,0][-0.0764539,0.220717,-0.151285][-0.61575,-0.349205,-0.706335][0.487576,0.091175,0][-0.0574294,0.225753,-0.16055][-0.287046,-0.348991,-0.892082][0.485402,0.09461,0][-0.0542224,0.174255,-0.126357][-0.311502,-0.725551,-0.613631][0.487466,0.063691,0][-0.0542224,0.174255,-0.126357][-0.311502,-0.725551,-0.613631][0.487466,0.063691,0][-0.0513886,0.128176,-0.0312467][-0.334988,-0.851825,-0.402712][0.502452,0.018408,0][-0.0677267,0.13676,-0.0358123][-0.328056,-0.854487,-0.40278][0.50461,0.022942,0][-0.0677267,0.13676,-0.0358123][-0.328056,-0.854487,-0.40278][0.50461,0.022942,0][-0.0742033,0.177074,-0.119202][-0.31339,-0.753069,-0.578511][0.489712,0.063637,0][-0.0542224,0.174255,-0.126357][-0.311502,-0.725551,-0.613631][0.487466,0.063691,0][-0.0513886,0.128176,-0.0312467][-0.517619,-0.819748,0.245122][0.502452,0.018408,0][-0.0528429,0.133596,-0.015129][-0.548501,-0.761522,0.345299][0.512047,0.014644,0][-0.0684331,0.142126,-0.0205885][-0.533435,-0.769792,0.350526][0.513894,0.019506,0][-0.0684331,0.142126,-0.0205885][-0.533435,-0.769792,0.350526][0.513894,0.019506,0][-0.0677267,0.13676,-0.0358123][-0.505533,-0.820826,0.265861][0.50461,0.022942,0][-0.0513886,0.128176,-0.0312467][-0.517619,-0.819748,0.245122][0.502452,0.018408,0][-0.0647653,0.164208,0.0174313][-0.603049,-0.611466,0.51229][0.544139,0.013759,0][-0.0684331,0.142126,-0.0205885][-0.533435,-0.769792,0.350526][0.513894,0.019506,0][-0.0528429,0.133596,-0.015129][-0.548501,-0.761522,0.345299][0.512047,0.014644,0][-0.0528429,0.133596,-0.015129][-0.548501,-0.761522,0.345299][0.512047,0.014644,0][-0.0515977,0.156262,0.023787][-0.612536,-0.594088,0.521401][0.543568,0.008642,0][-0.0647653,0.164208,0.0174313][-0.603049,-0.611466,0.51229][0.544139,0.013759,0][-0.0515977,0.156262,0.023787][-0.612536,-0.594088,0.521401][0.543568,0.008642,0][-0.0467598,0.172744,0.0427738][-0.584772,-0.358775,0.727545][0.562709,0.007782,0][-0.0596139,0.18039,0.0362125][-0.609349,-0.513556,0.604114][0.56245,0.012873,0][-0.0596139,0.18039,0.0362125][-0.609349,-0.513556,0.604114][0.56245,0.012873,0][-0.0647653,0.164208,0.0174313][-0.603049,-0.611466,0.51229][0.544139,0.013759,0][-0.0515977,0.156262,0.023787][-0.612536,-0.594088,0.521401][0.543568,0.008642,0][-0.0596139,0.18039,0.0362125][-0.781482,-0.156267,0.604042][0.56245,0.012873,0][-0.0467598,0.172744,0.0427738][-0.584772,-0.358775,0.727545][0.562709,0.007782,0][-0.038941,0.207132,0.0558941][-0.437707,-0.125572,0.890306][0.584485,0.01578,0][-0.038941,0.207132,0.0558941][-0.437707,-0.125572,0.890306][0.584485,0.01578,0][-0.0548908,0.213693,0.04927][-0.413719,-0.124849,0.901804][0.583661,0.020339,0][-0.0596139,0.18039,0.0362125][-0.781482,-0.156267,0.604042][0.56245,0.012873,0][-0.0836313,0.173716,-0.0661293][-0.923969,-0.378418,-0.055506][0.510077,0.045871,0][-0.0875852,0.202902,-0.0235743][-0.95521,-0.182221,0.233172][0.542032,0.04187,0][-0.105023,0.251656,-0.0742374][-0.995002,-0.079679,0.0601832][0.538925,0.077462,0][-0.105023,0.251656,-0.0742374][-0.995002,-0.079679,0.0601832][0.538925,0.077462,0][-0.0925749,0.22169,-0.119752][-0.926265,-0.244292,-0.286974][0.504413,0.08137,0][-0.0836313,0.173716,-0.0661293][-0.923969,-0.378418,-0.055506][0.510077,0.045871,0][-0.0875852,0.202902,-0.0235743][-0.95521,-0.182221,0.233172][0.542032,0.04187,0][-0.0810703,0.226922,0.00150733][-0.916787,-0.0138858,0.399136][0.564389,0.041503,0][-0.0963434,0.282148,-0.0428159][-0.932796,0.171999,0.316715][0.567686,0.076866,0][-0.0963434,0.282148,-0.0428159][-0.932796,0.171999,0.316715][0.567686,0.076866,0][-0.105023,0.251656,-0.0742374][-0.995002,-0.079679,0.0601832][0.538925,0.077462,0][-0.0875852,0.202902,-0.0235743][-0.95521,-0.182221,0.233172][0.542032,0.04187,0][-0.0659056,0.251825,0.0254545][-0.830304,0.186992,0.525004][0.585778,0.041537,0][-0.0759302,0.310183,-0.0209482][-0.80438,0.395299,0.443521][0.590058,0.077689,0][-0.0963434,0.282148,-0.0428159][-0.932796,0.171999,0.316715][0.567686,0.076866,0][-0.0963434,0.282148,-0.0428159][-0.932796,0.171999,0.316715][0.567686,0.076866,0][-0.0810703,0.226922,0.00150733][-0.916787,-0.0138858,0.399136][0.564389,0.041503,0][-0.0659056,0.251825,0.0254545][-0.830304,0.186992,0.525004][0.585778,0.041537,0][-0.0764539,0.220717,-0.151285][-0.61575,-0.349205,-0.706335][0.487576,0.091175,0][-0.0925749,0.22169,-0.119752][-0.926265,-0.244292,-0.286974][0.504413,0.08137,0][-0.0861654,0.2628,-0.145654][-0.828367,0.0278274,-0.559494][0.499546,0.110757,0][-0.0861654,0.2628,-0.145654][-0.828367,0.0278274,-0.559494][0.499546,0.110757,0][-0.0672455,0.258497,-0.165377][-0.443115,-0.0150741,-0.896338][0.482688,0.115473,0][-0.0764539,0.220717,-0.151285][-0.61575,-0.349205,-0.706335][0.487576,0.091175,0][-0.0759302,0.310183,-0.0209482][-0.80438,0.395299,0.443521][0.590058,0.077689,0][-0.0659056,0.251825,0.0254545][-0.830304,0.186992,0.525004][0.585778,0.041537,0][-0.0478175,0.311537,0.0183556][-0.761252,0.358514,0.540336][0.605243,0.06271,0][-0.0478175,0.311537,0.0183556][-0.761252,0.358514,0.540336][0.605243,0.06271,0][-0.0549017,0.34064,-0.0207368][-0.495742,0.725189,0.477851][0.605156,0.087286,0][-0.0759302,0.310183,-0.0209482][-0.80438,0.395299,0.443521][0.590058,0.077689,0][-0.0434194,0.249925,0.0292049][0.892237,-0.162629,-0.421266][0.400596,0.030957,0][-0.05563,0.223052,0.00415467][0.948718,-0.0156038,-0.315738][0.417061,0.033623,0][-0.0761444,0.285496,-0.0460275][0.949895,-0.142937,-0.277971][0.412548,0.069757,0][-0.0761444,0.285496,-0.0460275][0.949895,-0.142937,-0.277971][0.412548,0.069757,0][-0.0587881,0.31586,-0.0236546][0.835896,-0.378562,-0.397453][0.393617,0.067913,0][-0.0434194,0.249925,0.0292049][0.892237,-0.162629,-0.421266][0.400596,0.030957,0][-0.0614501,0.197637,-0.022065][0.977714,0.112984,-0.176947][0.432499,0.034478,0][-0.0843475,0.253064,-0.0788043][0.995173,0.0701186,-0.0686617][0.432945,0.070768,0][-0.0761444,0.285496,-0.0460275][0.949895,-0.142937,-0.277971][0.412548,0.069757,0][-0.0761444,0.285496,-0.0460275][0.949895,-0.142937,-0.277971][0.412548,0.069757,0][-0.05563,0.223052,0.00415467][0.948718,-0.0156038,-0.315738][0.417061,0.033623,0][-0.0614501,0.197637,-0.022065][0.977714,0.112984,-0.176947][0.432499,0.034478,0][-0.0843475,0.253064,-0.0788043][0.995173,0.0701186,-0.0686617][0.432945,0.070768,0][-0.0614501,0.197637,-0.022065][0.977714,0.112984,-0.176947][0.432499,0.034478,0][-0.0596951,0.167919,-0.067546][0.962523,0.269446,0.0307831][0.453504,0.035175,0][-0.0596951,0.167919,-0.067546][0.962523,0.269446,0.0307831][0.453504,0.035175,0][-0.0745265,0.223719,-0.127515][0.935805,0.216796,0.277972][0.456008,0.071592,0][-0.0843475,0.253064,-0.0788043][0.995173,0.0701186,-0.0686617][0.432945,0.070768,0][-0.0521854,0.348473,-0.0703633][0.720701,-0.684486,-0.10986][0.387182,0.101984,0][-0.0387657,0.359926,-0.0666596][0.633916,-0.772748,-0.0318102][0.374249,0.101922,0][-0.0370478,0.348343,-0.026203][0.75133,-0.56266,-0.344845][0.37604,0.073775,0][-0.0370478,0.348343,-0.026203][0.75133,-0.56266,-0.344845][0.37604,0.073775,0][-0.0587881,0.31586,-0.0236546][0.835896,-0.378562,-0.397453][0.393617,0.067913,0][-0.0521854,0.348473,-0.0703633][0.720701,-0.684486,-0.10986][0.387182,0.101984,0][-0.0542224,0.174255,-0.126357][0.907706,0.366014,0.20519][0.467165,0.047729,0][-0.0574294,0.225753,-0.16055][0.849117,0.154284,0.505171][0.467896,0.077728,0][-0.0745265,0.223719,-0.127515][0.935805,0.216796,0.277972][0.456008,0.071592,0][-0.0745265,0.223719,-0.127515][0.935805,0.216796,0.277972][0.456008,0.071592,0][-0.0596951,0.167919,-0.067546][0.962523,0.269446,0.0307831][0.453504,0.035175,0][-0.0542224,0.174255,-0.126357][0.907706,0.366014,0.20519][0.467165,0.047729,0][-0.0557723,0.221149,-0.181585][-0.281346,-0.152883,-0.94735][0.5942,0.107286,0][-0.0330319,0.228614,-0.187027][0.0334464,-0.0503753,-0.99817][0.605579,0.109696,0][-0.0251329,0.186379,-0.179155][0.0376113,-0.342609,-0.938725][0.605156,0.087286,0][-0.0251329,0.186379,-0.179155][0.0376113,-0.342609,-0.938725][0.605156,0.087286,0][-0.0556132,0.167995,-0.160862][-0.347527,-0.512805,-0.78502][0.590058,0.077689,0][-0.0557723,0.221149,-0.181585][-0.281346,-0.152883,-0.94735][0.5942,0.107286,0][-0.03802,0.256536,-0.183082][-0.180207,0.336963,-0.924111][0.604656,0.125388,0][-0.0246383,0.250966,-0.186348][-0.129529,0.251227,-0.959222][0.611014,0.120465,0][-0.0330319,0.228614,-0.187027][0.0334464,-0.0503753,-0.99817][0.605579,0.109696,0][-0.0934279,0.217197,-0.165623][-0.53704,-0.254278,-0.80432][0.570692,0.104796,0][-0.12902,0.230951,-0.135228][-0.848529,-0.171846,-0.500468][0.536302,0.105319,0][-0.12361,0.250479,-0.14408][-0.808631,-0.0131284,-0.58817][0.536719,0.118795,0][-0.12361,0.250479,-0.14408][-0.808631,-0.0131284,-0.58817][0.536719,0.118795,0][-0.0870353,0.237483,-0.171708][-0.446837,0.162762,-0.879685][0.574001,0.117318,0][-0.0934279,0.217197,-0.165623][-0.53704,-0.254278,-0.80432][0.570692,0.104796,0][-0.14404,0.268358,-0.0949546][-0.968628,0.0815556,-0.234753][0.499546,0.110757,0][-0.135462,0.286259,-0.10702][-0.761964,0.412771,-0.499031][0.498619,0.124681,0][-0.12361,0.250479,-0.14408][-0.808631,-0.0131284,-0.58817][0.536719,0.118795,0][-0.12361,0.250479,-0.14408][-0.808631,-0.0131284,-0.58817][0.536719,0.118795,0][-0.12902,0.230951,-0.135228][-0.848529,-0.171846,-0.500468][0.536302,0.105319,0][-0.14404,0.268358,-0.0949546][-0.968628,0.0815556,-0.234753][0.499546,0.110757,0][-0.141506,0.294959,-0.073874][-0.94602,0.270402,-0.178687][0.482688,0.115473,0][-0.131494,0.312292,-0.0822801][-0.692025,0.552857,-0.464167][0.47897,0.127468,0][-0.135462,0.286259,-0.10702][-0.761964,0.412771,-0.499031][0.498619,0.124681,0][-0.135462,0.286259,-0.10702][-0.761964,0.412771,-0.499031][0.498619,0.124681,0][-0.14404,0.268358,-0.0949546][-0.968628,0.0815556,-0.234753][0.499546,0.110757,0][-0.141506,0.294959,-0.073874][-0.94602,0.270402,-0.178687][0.482688,0.115473,0][-0.046249,0.253265,-0.182384][-0.286773,0.308612,-0.906929][0.600008,0.124588,0][-0.03802,0.256536,-0.183082][-0.180207,0.336963,-0.924111][0.604656,0.125388,0][-0.0330319,0.228614,-0.187027][0.0334464,-0.0503753,-0.99817][0.605579,0.109696,0][-0.0330319,0.228614,-0.187027][0.0334464,-0.0503753,-0.99817][0.605579,0.109696,0][-0.0557723,0.221149,-0.181585][-0.281346,-0.152883,-0.94735][0.5942,0.107286,0][-0.046249,0.253265,-0.182384][-0.286773,0.308612,-0.906929][0.600008,0.124588,0][-0.0934279,0.217197,-0.165623][-0.53704,-0.254278,-0.80432][0.570692,0.104796,0][-0.0557723,0.221149,-0.181585][-0.281346,-0.152883,-0.94735][0.5942,0.107286,0][-0.0556132,0.167995,-0.160862][-0.347527,-0.512805,-0.78502][0.590058,0.077689,0][-0.0556132,0.167995,-0.160862][-0.347527,-0.512805,-0.78502][0.590058,0.077689,0][-0.0928404,0.171417,-0.140853][-0.582633,-0.52844,-0.617486][0.567686,0.076866,0][-0.0934279,0.217197,-0.165623][-0.53704,-0.254278,-0.80432][0.570692,0.104796,0][-0.0557723,0.221149,-0.181585][-0.281346,-0.152883,-0.94735][0.5942,0.107286,0][-0.0934279,0.217197,-0.165623][-0.53704,-0.254278,-0.80432][0.570692,0.104796,0][-0.0870353,0.237483,-0.171708][-0.446837,0.162762,-0.879685][0.574001,0.117318,0][-0.0870353,0.237483,-0.171708][-0.446837,0.162762,-0.879685][0.574001,0.117318,0][-0.046249,0.253265,-0.182384][-0.286773,0.308612,-0.906929][0.600008,0.124588,0][-0.0557723,0.221149,-0.181585][-0.281346,-0.152883,-0.94735][0.5942,0.107286,0][-0.0472466,0.110829,-0.109346][-0.392859,-0.722719,-0.568629][0.585778,0.041537,0][-0.0147481,0.141218,-0.154824][-0.28077,-0.625235,-0.728182][0.605243,0.06271,0][-0.0277749,0.0906973,-0.0938227][-0.384887,-0.767535,-0.512593][0.593827,0.028261,0][-0.0277749,0.0906973,-0.0938227][-0.384887,-0.767535,-0.512593][0.593827,0.028261,0][-0.039415,0.085026,-0.0720813][-0.517187,-0.776263,-0.360463][0.583661,0.020339,0][-0.0472466,0.110829,-0.109346][-0.392859,-0.722719,-0.568629][0.585778,0.041537,0][-0.12902,0.230951,-0.135228][-0.848529,-0.171846,-0.500468][0.536302,0.105319,0][-0.124525,0.18612,-0.110998][-0.834477,-0.43223,-0.341797][0.538925,0.077462,0][-0.14409,0.220186,-0.0684379][-0.972145,-0.224403,-0.0676578][0.504413,0.08137,0][-0.14409,0.220186,-0.0684379][-0.972145,-0.224403,-0.0676578][0.504413,0.08137,0][-0.14404,0.268358,-0.0949546][-0.968628,0.0815556,-0.234753][0.499546,0.110757,0][-0.12902,0.230951,-0.135228][-0.848529,-0.171846,-0.500468][0.536302,0.105319,0][-0.13618,0.207152,-0.0205617][-0.950007,-0.290057,0.11556][0.489712,0.063637,0][-0.147459,0.255374,-0.0518539][-0.999101,-0.0402366,-0.0133666][0.487576,0.091175,0][-0.14409,0.220186,-0.0684379][-0.972145,-0.224403,-0.0676578][0.504413,0.08137,0][-0.14409,0.220186,-0.0684379][-0.972145,-0.224403,-0.0676578][0.504413,0.08137,0][-0.12004,0.15855,-0.0308377][-0.89292,-0.445099,0.0676784][0.510077,0.045871,0][-0.13618,0.207152,-0.0205617][-0.950007,-0.290057,0.11556][0.489712,0.063637,0][-0.0976284,0.12915,0.0060804][-0.85974,-0.494381,0.128203][0.50461,0.022942,0][-0.13618,0.207152,-0.0205617][-0.950007,-0.290057,0.11556][0.489712,0.063637,0][-0.12004,0.15855,-0.0308377][-0.89292,-0.445099,0.0676784][0.510077,0.045871,0][-0.12004,0.15855,-0.0308377][-0.89292,-0.445099,0.0676784][0.510077,0.045871,0][-0.0919365,0.118954,-0.000777632][-0.778351,-0.624698,0.0626231][0.513894,0.019506,0][-0.0976284,0.12915,0.0060804][-0.85974,-0.494381,0.128203][0.50461,0.022942,0][-0.0996562,0.131067,-0.0661762][-0.76256,-0.620898,-0.181623][0.542032,0.04187,0][-0.0719507,0.096137,-0.0247304][-0.592977,-0.799966,0.0918272][0.544139,0.013759,0][-0.0919365,0.118954,-0.000777632][-0.778351,-0.624698,0.0626231][0.513894,0.019506,0][-0.0919365,0.118954,-0.000777632][-0.778351,-0.624698,0.0626231][0.513894,0.019506,0][-0.12004,0.15855,-0.0308377][-0.89292,-0.445099,0.0676784][0.510077,0.045871,0][-0.0996562,0.131067,-0.0661762][-0.76256,-0.620898,-0.181623][0.542032,0.04187,0][-0.039415,0.085026,-0.0720813][-0.517187,-0.776263,-0.360463][0.583661,0.020339,0][-0.0572745,0.0865044,-0.0406703][-0.420736,-0.904832,-0.0652684][0.56245,0.012873,0][-0.0775012,0.119023,-0.0896045][-0.600963,-0.702028,-0.382101][0.564389,0.041503,0][-0.0775012,0.119023,-0.0896045][-0.600963,-0.702028,-0.382101][0.564389,0.041503,0][-0.0472466,0.110829,-0.109346][-0.392859,-0.722719,-0.568629][0.585778,0.041537,0][-0.039415,0.085026,-0.0720813][-0.517187,-0.776263,-0.360463][0.583661,0.020339,0][-0.12902,0.230951,-0.135228][-0.848529,-0.171846,-0.500468][0.536302,0.105319,0][-0.0934279,0.217197,-0.165623][-0.53704,-0.254278,-0.80432][0.570692,0.104796,0][-0.0928404,0.171417,-0.140853][-0.582633,-0.52844,-0.617486][0.567686,0.076866,0][-0.0928404,0.171417,-0.140853][-0.582633,-0.52844,-0.617486][0.567686,0.076866,0][-0.124525,0.18612,-0.110998][-0.834477,-0.43223,-0.341797][0.538925,0.077462,0][-0.12902,0.230951,-0.135228][-0.848529,-0.171846,-0.500468][0.536302,0.105319,0][-0.0996562,0.131067,-0.0661762][-0.76256,-0.620898,-0.181623][0.542032,0.04187,0][-0.0775012,0.119023,-0.0896045][-0.600963,-0.702028,-0.382101][0.564389,0.041503,0][-0.0572745,0.0865044,-0.0406703][-0.420736,-0.904832,-0.0652684][0.56245,0.012873,0][-0.0572745,0.0865044,-0.0406703][-0.420736,-0.904832,-0.0652684][0.56245,0.012873,0][-0.0719507,0.096137,-0.0247304][-0.592977,-0.799966,0.0918272][0.544139,0.013759,0][-0.0996562,0.131067,-0.0661762][-0.76256,-0.620898,-0.181623][0.542032,0.04187,0][-0.0396939,0.177607,-0.157316][0.399404,0.485009,0.777973][0.393617,0.067913,0][-0.0271816,0.114332,-0.0963969][0.4971,0.668723,0.552903][0.400596,0.030957,0][0.00300519,0.14745,-0.150713][0.335974,0.625005,0.704621][0.37898,0.045992,0][0.00300519,0.14745,-0.150713][0.335974,0.625005,0.704621][0.37898,0.045992,0][-0.00815898,0.200046,-0.176892][0.291799,0.317657,0.902191][0.37604,0.073775,0][-0.0396939,0.177607,-0.157316][0.399404,0.485009,0.777973][0.393617,0.067913,0][-0.0239646,0.28046,-0.172722][0.152878,-0.249545,0.95622][0.375463,0.122941,0][-0.0182991,0.248885,-0.181868][0.242863,-0.0520063,0.968666][0.374249,0.101922,0][-0.012282,0.273474,-0.177485][0.24737,-0.228363,0.941626][0.366882,0.114582,0][-0.126314,0.289189,-0.0912908][0.950063,-0.11405,0.29047][0.458312,0.105105,0][-0.109401,0.253123,-0.130427][0.841275,0.205059,0.500207][0.433349,0.103579,0][-0.106506,0.269798,-0.140897][0.846875,0.129383,0.515813][0.433431,0.119093,0][-0.106506,0.269798,-0.140897][0.846875,0.129383,0.515813][0.433431,0.119093,0][-0.1154,0.30563,-0.105632][0.872472,-0.303595,0.382913][0.458732,0.122101,0][-0.126314,0.289189,-0.0912908][0.950063,-0.11405,0.29047][0.458312,0.105105,0][-0.124789,0.314231,-0.0716446][0.913067,-0.319421,0.253531][0.471023,0.106505,0][-0.126314,0.289189,-0.0912908][0.950063,-0.11405,0.29047][0.458312,0.105105,0][-0.1154,0.30563,-0.105632][0.872472,-0.303595,0.382913][0.458732,0.122101,0][-0.1154,0.30563,-0.105632][0.872472,-0.303595,0.382913][0.458732,0.122101,0][-0.109681,0.330492,-0.0831868][0.797056,-0.495295,0.34552][0.473671,0.121452,0][-0.124789,0.314231,-0.0716446][0.913067,-0.319421,0.253531][0.471023,0.106505,0][-0.0738305,0.239375,-0.160693][0.544169,0.243481,0.802868][0.408453,0.102543,0][-0.0697884,0.258691,-0.166646][0.440592,0.0860468,0.893574][0.406234,0.117072,0][-0.106506,0.269798,-0.140897][0.594191,0.120746,0.795209][0.433431,0.119093,0][-0.106506,0.269798,-0.140897][0.846875,0.129383,0.515813][0.433431,0.119093,0][-0.109401,0.253123,-0.130427][0.841275,0.205059,0.500207][0.433349,0.103579,0][-0.0738305,0.239375,-0.160693][0.544169,0.243481,0.802868][0.408453,0.102543,0][-0.0385406,0.24241,-0.176599][0.304713,0.0735464,0.949601][0.387182,0.101984,0][-0.0312099,0.276777,-0.173032][0.174924,-0.208959,0.962153][0.381116,0.122775,0][-0.0697884,0.258691,-0.166646][0.440592,0.0860468,0.893574][0.406234,0.117072,0][-0.0697884,0.258691,-0.166646][0.440592,0.0860468,0.893574][0.406234,0.117072,0][-0.0738305,0.239375,-0.160693][0.544169,0.243481,0.802868][0.408453,0.102543,0][-0.0385406,0.24241,-0.176599][0.304713,0.0735464,0.949601][0.387182,0.101984,0][-0.0312099,0.276777,-0.173032][0.174924,-0.208959,0.962153][0.381116,0.122775,0][-0.0385406,0.24241,-0.176599][0.304713,0.0735464,0.949601][0.387182,0.101984,0][-0.0182991,0.248885,-0.181868][0.242863,-0.0520063,0.968666][0.374249,0.101922,0][-0.0182991,0.248885,-0.181868][0.242863,-0.0520063,0.968666][0.374249,0.101922,0][-0.0239646,0.28046,-0.172722][0.152878,-0.249545,0.95622][0.375463,0.122941,0][-0.0312099,0.276777,-0.173032][0.174924,-0.208959,0.962153][0.381116,0.122775,0][-0.0271816,0.114332,-0.0963969][0.4971,0.668723,0.552903][0.400596,0.030957,0][-0.0249085,0.0839041,-0.0581231][0.607047,0.654627,0.450507][0.405605,0.015719,0][-0.0118429,0.0905842,-0.0811063][0.504947,0.673627,0.539681][0.396003,0.01874,0][-0.0118429,0.0905842,-0.0811063][0.504947,0.673627,0.539681][0.396003,0.01874,0][0.00300519,0.14745,-0.150713][0.335974,0.625005,0.704621][0.37898,0.045992,0][-0.0271816,0.114332,-0.0963969][0.4971,0.668723,0.552903][0.400596,0.030957,0][-0.075443,0.18141,-0.133501][0.623175,0.506955,0.595525][0.412548,0.069757,0][-0.0738305,0.239375,-0.160693][0.544169,0.243481,0.802868][0.408453,0.102543,0][-0.109401,0.253123,-0.130427][0.841275,0.205059,0.500207][0.433349,0.103579,0][-0.109401,0.253123,-0.130427][0.841275,0.205059,0.500207][0.433349,0.103579,0][-0.107993,0.196739,-0.101344][0.828226,0.431792,0.357209][0.432945,0.070768,0][-0.075443,0.18141,-0.133501][0.623175,0.506955,0.595525][0.412548,0.069757,0][-0.131549,0.233567,-0.0596956][0.969269,0.22154,0.10695][0.456008,0.071592,0][-0.107993,0.196739,-0.101344][0.828226,0.431792,0.357209][0.432945,0.070768,0][-0.109401,0.253123,-0.130427][0.841275,0.205059,0.500207][0.433349,0.103579,0][-0.109401,0.253123,-0.130427][0.841275,0.205059,0.500207][0.433349,0.103579,0][-0.126314,0.289189,-0.0912908][0.950063,-0.11405,0.29047][0.458312,0.105105,0][-0.131549,0.233567,-0.0596956][0.969269,0.22154,0.10695][0.456008,0.071592,0][-0.126314,0.289189,-0.0912908][0.950063,-0.11405,0.29047][0.458312,0.105105,0][-0.124789,0.314231,-0.0716446][0.913067,-0.319421,0.253531][0.471023,0.106505,0][-0.134482,0.273087,-0.0438353][0.99762,0.00958218,0.0682904][0.467896,0.077728,0][-0.134482,0.273087,-0.0438353][0.99762,0.00958218,0.0682904][0.467896,0.077728,0][-0.131549,0.233567,-0.0596956][0.969269,0.22154,0.10695][0.456008,0.071592,0][-0.126314,0.289189,-0.0912908][0.950063,-0.11405,0.29047][0.458312,0.105105,0][-0.100692,0.164509,-0.0141908][0.890212,0.45492,0.0238914][0.453504,0.035175,0][-0.122723,0.217761,-0.00743163][0.942669,0.326719,-0.0680425][0.467165,0.047729,0][-0.0816923,0.12814,0.0208208][0.897967,0.438944,-0.0313541][0.458513,0.016989,0][-0.0816923,0.12814,0.0208208][0.897967,0.438944,-0.0313541][0.458513,0.016989,0][-0.0764714,0.117491,0.0138668][0.869739,0.486248,0.0843683][0.452686,0.016468,0][-0.100692,0.164509,-0.0141908][0.890212,0.45492,0.0238914][0.453504,0.035175,0][-0.0764714,0.117491,0.0138668][0.869739,0.486248,0.0843683][0.452686,0.016468,0][-0.0592121,0.0940858,-0.0111902][0.807524,0.546454,0.22202][0.433828,0.015619,0][-0.0773779,0.136122,-0.0485806][0.788154,0.570582,0.23076][0.432499,0.034478,0][-0.0773779,0.136122,-0.0485806][0.788154,0.570582,0.23076][0.432499,0.034478,0][-0.100692,0.164509,-0.0141908][0.890212,0.45492,0.0238914][0.453504,0.035175,0][-0.0764714,0.117491,0.0138668][0.869739,0.486248,0.0843683][0.452686,0.016468,0][-0.0451933,0.0843728,-0.0274455][0.707049,0.614175,0.350531][0.421866,0.014427,0][-0.0554419,0.123625,-0.0734108][0.658024,0.638986,0.398374][0.417061,0.033623,0][-0.0773779,0.136122,-0.0485806][0.788154,0.570582,0.23076][0.432499,0.034478,0][-0.0773779,0.136122,-0.0485806][0.788154,0.570582,0.23076][0.432499,0.034478,0][-0.0592121,0.0940858,-0.0111902][0.807524,0.546454,0.22202][0.433828,0.015619,0][-0.0451933,0.0843728,-0.0274455][0.707049,0.614175,0.350531][0.421866,0.014427,0][-0.0396939,0.177607,-0.157316][0.399404,0.485009,0.777973][0.393617,0.067913,0][-0.0385406,0.24241,-0.176599][0.304713,0.0735464,0.949601][0.387182,0.101984,0][-0.0738305,0.239375,-0.160693][0.544169,0.243481,0.802868][0.408453,0.102543,0][-0.0738305,0.239375,-0.160693][0.544169,0.243481,0.802868][0.408453,0.102543,0][-0.075443,0.18141,-0.133501][0.623175,0.506955,0.595525][0.412548,0.069757,0][-0.0396939,0.177607,-0.157316][0.399404,0.485009,0.777973][0.393617,0.067913,0][-0.0249085,0.0839041,-0.0581231][0.607047,0.654627,0.450507][0.405605,0.015719,0][-0.0271816,0.114332,-0.0963969][0.4971,0.668723,0.552903][0.400596,0.030957,0][-0.0554419,0.123625,-0.0734108][0.658024,0.638986,0.398374][0.417061,0.033623,0][-0.0554419,0.123625,-0.0734108][0.658024,0.638986,0.398374][0.417061,0.033623,0][-0.0451933,0.0843728,-0.0274455][0.707049,0.614175,0.350531][0.421866,0.014427,0][-0.0249085,0.0839041,-0.0581231][0.607047,0.654627,0.450507][0.405605,0.015719,0][0.00300519,0.14745,-0.150713][0.379795,-0.566824,-0.731073][0.606555,0.062935,0][-0.0147481,0.141218,-0.154824][0.373735,-0.595816,-0.710862][0.605243,0.06271,0][-0.0251329,0.186379,-0.179155][0.0376113,-0.342609,-0.938725][0.605156,0.087286,0][-0.0251329,0.186379,-0.179155][0.0376113,-0.342609,-0.938725][0.605156,0.087286,0][-0.00815898,0.200046,-0.176892][0.316821,-0.195826,-0.92805][0.60635,0.090433,0][0.00300519,0.14745,-0.150713][0.379795,-0.566824,-0.731073][0.606555,0.062935,0][-0.00815898,0.200046,-0.176892][0.316821,-0.195826,-0.92805][0.60635,0.090433,0][-0.0251329,0.186379,-0.179155][0.0376113,-0.342609,-0.938725][0.605156,0.087286,0][-0.0330319,0.228614,-0.187027][0.0334464,-0.0503753,-0.99817][0.605579,0.109696,0][-0.0330319,0.228614,-0.187027][0.0334464,-0.0503753,-0.99817][0.605579,0.109696,0][-0.0182991,0.248885,-0.181868][0.51348,-0.0604422,-0.85597][0.606823,0.115892,0][-0.00815898,0.200046,-0.176892][0.316821,-0.195826,-0.92805][0.60635,0.090433,0][-0.0182991,0.248885,-0.181868][0.51348,-0.0604422,-0.85597][0.606823,0.115892,0][-0.0330319,0.228614,-0.187027][0.0334464,-0.0503753,-0.99817][0.605579,0.109696,0][-0.0246383,0.250966,-0.186348][0.552983,-0.097166,-0.827507][0.611014,0.120465,0][-0.0246383,0.250966,-0.186348][0.552983,-0.097166,-0.827507][0.611014,0.120465,0][-0.012282,0.273474,-0.177485][0.578054,0.00398265,-0.815989][0.612544,0.128122,0][-0.0182991,0.248885,-0.181868][0.51348,-0.0604422,-0.85597][0.606823,0.115892,0][-0.012282,0.273474,-0.177485][-0.0870814,0.429388,-0.898912][0.612544,0.128122,0][-0.0246383,0.250966,-0.186348][-0.129529,0.251227,-0.959222][0.611014,0.120465,0][-0.03802,0.256536,-0.183082][-0.180207,0.336963,-0.924111][0.604656,0.125388,0][-0.03802,0.256536,-0.183082][-0.180207,0.336963,-0.924111][0.604656,0.125388,0][-0.0239646,0.28046,-0.172722][-0.133749,0.458957,-0.878334][0.605989,0.134025,0][-0.012282,0.273474,-0.177485][-0.0870814,0.429388,-0.898912][0.612544,0.128122,0][-0.0870353,0.237483,-0.171708][-0.446837,0.162762,-0.879685][0.574001,0.117318,0][-0.12361,0.250479,-0.14408][-0.445711,0.515276,-0.732006][0.536719,0.118795,0][-0.106506,0.269798,-0.140897][-0.448337,0.522232,-0.725443][0.535961,0.126036,0][-0.106506,0.269798,-0.140897][-0.448337,0.522232,-0.725443][0.535961,0.126036,0][-0.0697884,0.258691,-0.166646][-0.390609,0.510707,-0.765901][0.574375,0.12475,0][-0.0870353,0.237483,-0.171708][-0.446837,0.162762,-0.879685][0.574001,0.117318,0][-0.135462,0.286259,-0.10702][-0.761964,0.412771,-0.499031][0.498619,0.124681,0][-0.1154,0.30563,-0.105632][-0.530509,0.598228,-0.60057][0.496747,0.132796,0][-0.106506,0.269798,-0.140897][-0.448337,0.522232,-0.725443][0.535961,0.126036,0][-0.106506,0.269798,-0.140897][-0.448337,0.522232,-0.725443][0.535961,0.126036,0][-0.12361,0.250479,-0.14408][-0.445711,0.515276,-0.732006][0.536719,0.118795,0][-0.135462,0.286259,-0.10702][-0.761964,0.412771,-0.499031][0.498619,0.124681,0][-0.1154,0.30563,-0.105632][-0.530509,0.598228,-0.60057][0.496747,0.132796,0][-0.135462,0.286259,-0.10702][-0.761964,0.412771,-0.499031][0.498619,0.124681,0][-0.131494,0.312292,-0.0822801][-0.692025,0.552857,-0.464167][0.47897,0.127468,0][-0.131494,0.312292,-0.0822801][-0.692025,0.552857,-0.464167][0.47897,0.127468,0][-0.109681,0.330492,-0.0831868][-0.546251,0.627042,-0.555363][0.476666,0.135923,0][-0.1154,0.30563,-0.105632][-0.530509,0.598228,-0.60057][0.496747,0.132796,0][-0.131494,0.312292,-0.0822801][-0.685794,0.657269,0.312545][0.47897,0.127468,0][-0.141506,0.294959,-0.073874][-0.708183,0.508054,0.490263][0.482688,0.115473,0][-0.124789,0.314231,-0.0716446][-0.668564,0.655303,0.351569][0.480413,0.122052,0][-0.124789,0.314231,-0.0716446][-0.668564,0.655303,0.351569][0.480413,0.122052,0][-0.109681,0.330492,-0.0831868][-0.614022,0.748423,0.25068][0.476666,0.135923,0][-0.131494,0.312292,-0.0822801][-0.685794,0.657269,0.312545][0.47897,0.127468,0][-0.03802,0.256536,-0.183082][-0.180207,0.336963,-0.924111][0.604656,0.125388,0][-0.046249,0.253265,-0.182384][-0.286773,0.308612,-0.906929][0.600008,0.124588,0][-0.0312099,0.276777,-0.173032][-0.255224,0.504465,-0.824849][0.601224,0.133089,0][-0.0312099,0.276777,-0.173032][-0.255224,0.504465,-0.824849][0.601224,0.133089,0][-0.0239646,0.28046,-0.172722][-0.133749,0.458957,-0.878334][0.605989,0.134025,0][-0.03802,0.256536,-0.183082][-0.180207,0.336963,-0.924111][0.604656,0.125388,0][-0.0697884,0.258691,-0.166646][-0.390609,0.510707,-0.765901][0.574375,0.12475,0][-0.0312099,0.276777,-0.173032][-0.255224,0.504465,-0.824849][0.601224,0.133089,0][-0.046249,0.253265,-0.182384][-0.286773,0.308612,-0.906929][0.600008,0.124588,0][-0.046249,0.253265,-0.182384][-0.286773,0.308612,-0.906929][0.600008,0.124588,0][-0.0870353,0.237483,-0.171708][-0.446837,0.162762,-0.879685][0.574001,0.117318,0][-0.0697884,0.258691,-0.166646][-0.390609,0.510707,-0.765901][0.574375,0.12475,0][-0.039415,0.085026,-0.0720813][0.0438619,-0.992308,-0.115764][0.583661,0.020339,0][-0.0277749,0.0906973,-0.0938227][0.304132,-0.868288,-0.391892][0.593827,0.028261,0][-0.0118429,0.0905842,-0.0811063][0.255283,-0.905646,-0.338579][0.594844,0.024575,0][-0.0118429,0.0905842,-0.0811063][0.255283,-0.905646,-0.338579][0.594844,0.024575,0][-0.0249085,0.0839041,-0.0581231][0.00409119,-0.995022,-0.0995763][0.584485,0.01578,0][-0.039415,0.085026,-0.0720813][0.0438619,-0.992308,-0.115764][0.583661,0.020339,0][-0.0277749,0.0906973,-0.0938227][0.304132,-0.868288,-0.391892][0.593827,0.028261,0][-0.0147481,0.141218,-0.154824][0.373735,-0.595816,-0.710862][0.605243,0.06271,0][0.00300519,0.14745,-0.150713][0.379795,-0.566824,-0.731073][0.606555,0.062935,0][0.00300519,0.14745,-0.150713][0.379795,-0.566824,-0.731073][0.606555,0.062935,0][-0.0118429,0.0905842,-0.0811063][0.255283,-0.905646,-0.338579][0.594844,0.024575,0][-0.0277749,0.0906973,-0.0938227][0.304132,-0.868288,-0.391892][0.593827,0.028261,0][-0.141506,0.294959,-0.073874][-0.708183,0.508054,0.490263][0.482688,0.115473,0][-0.147459,0.255374,-0.0518539][-0.765766,0.293725,0.572127][0.487576,0.091175,0][-0.134482,0.273087,-0.0438353][-0.763799,0.357774,0.537223][0.485402,0.09461,0][-0.134482,0.273087,-0.0438353][-0.763799,0.357774,0.537223][0.485402,0.09461,0][-0.124789,0.314231,-0.0716446][-0.668564,0.655303,0.351569][0.480413,0.122052,0][-0.141506,0.294959,-0.073874][-0.708183,0.508054,0.490263][0.482688,0.115473,0][-0.147459,0.255374,-0.0518539][-0.765766,0.293725,0.572127][0.487576,0.091175,0][-0.13618,0.207152,-0.0205617][-0.725816,0.0743194,0.683862][0.489712,0.063637,0][-0.122723,0.217761,-0.00743163][-0.722598,0.0747017,0.68722][0.487466,0.063691,0][-0.122723,0.217761,-0.00743163][-0.722598,0.0747017,0.68722][0.487466,0.063691,0][-0.134482,0.273087,-0.0438353][-0.763799,0.357774,0.537223][0.485402,0.09461,0][-0.147459,0.255374,-0.0518539][-0.765766,0.293725,0.572127][0.487576,0.091175,0][-0.122723,0.217761,-0.00743163][-0.722598,0.0747017,0.68722][0.487466,0.063691,0][-0.13618,0.207152,-0.0205617][-0.725816,0.0743194,0.683862][0.489712,0.063637,0][-0.0976284,0.12915,0.0060804][-0.678028,-0.080609,0.730603][0.50461,0.022942,0][-0.0976284,0.12915,0.0060804][-0.678028,-0.080609,0.730603][0.50461,0.022942,0][-0.0816923,0.12814,0.0208208][-0.679556,-0.0812694,0.729109][0.502452,0.018408,0][-0.122723,0.217761,-0.00743163][-0.722598,0.0747017,0.68722][0.487466,0.063691,0][-0.0976284,0.12915,0.0060804][-0.550556,-0.645709,0.529101][0.50461,0.022942,0][-0.0919365,0.118954,-0.000777632][-0.517319,-0.711733,0.475203][0.513894,0.019506,0][-0.0764714,0.117491,0.0138668][-0.511452,-0.71265,0.480153][0.512047,0.014644,0][-0.0764714,0.117491,0.0138668][-0.511452,-0.71265,0.480153][0.512047,0.014644,0][-0.0816923,0.12814,0.0208208][-0.549118,-0.628755,0.550578][0.502452,0.018408,0][-0.0976284,0.12915,0.0060804][-0.550556,-0.645709,0.529101][0.50461,0.022942,0][-0.0592121,0.0940858,-0.0111902][-0.435502,-0.849949,0.296522][0.543568,0.008642,0][-0.0764714,0.117491,0.0138668][-0.511452,-0.71265,0.480153][0.512047,0.014644,0][-0.0919365,0.118954,-0.000777632][-0.517319,-0.711733,0.475203][0.513894,0.019506,0][-0.0919365,0.118954,-0.000777632][-0.778351,-0.624698,0.0626231][0.513894,0.019506,0][-0.0719507,0.096137,-0.0247304][-0.592977,-0.799966,0.0918272][0.544139,0.013759,0][-0.0592121,0.0940858,-0.0111902][-0.435502,-0.849949,0.296522][0.543568,0.008642,0][-0.0719507,0.096137,-0.0247304][-0.592977,-0.799966,0.0918272][0.544139,0.013759,0][-0.0572745,0.0865044,-0.0406703][-0.420736,-0.904832,-0.0652684][0.56245,0.012873,0][-0.0451933,0.0843728,-0.0274455][-0.262066,-0.960936,0.0890206][0.562709,0.007782,0][-0.0451933,0.0843728,-0.0274455][-0.262066,-0.960936,0.0890206][0.562709,0.007782,0][-0.0592121,0.0940858,-0.0111902][-0.435502,-0.849949,0.296522][0.543568,0.008642,0][-0.0719507,0.096137,-0.0247304][-0.592977,-0.799966,0.0918272][0.544139,0.013759,0][-0.0249085,0.0839041,-0.0581231][0.00409119,-0.995022,-0.0995763][0.584485,0.01578,0][-0.0451933,0.0843728,-0.0274455][-0.262066,-0.960936,0.0890206][0.562709,0.007782,0][-0.0572745,0.0865044,-0.0406703][-0.420736,-0.904832,-0.0652684][0.56245,0.012873,0][-0.0572745,0.0865044,-0.0406703][-0.420736,-0.904832,-0.0652684][0.56245,0.012873,0][-0.039415,0.085026,-0.0720813][0.0438619,-0.992308,-0.115764][0.583661,0.020339,0][-0.0249085,0.0839041,-0.0581231][0.00409119,-0.995022,-0.0995763][0.584485,0.01578,0][-0.124525,0.18612,-0.110998][-0.834477,-0.43223,-0.341797][0.538925,0.077462,0][-0.0996562,0.131067,-0.0661762][-0.76256,-0.620898,-0.181623][0.542032,0.04187,0][-0.12004,0.15855,-0.0308377][-0.89292,-0.445099,0.0676784][0.510077,0.045871,0][-0.12004,0.15855,-0.0308377][-0.89292,-0.445099,0.0676784][0.510077,0.045871,0][-0.14409,0.220186,-0.0684379][-0.972145,-0.224403,-0.0676578][0.504413,0.08137,0][-0.124525,0.18612,-0.110998][-0.834477,-0.43223,-0.341797][0.538925,0.077462,0][-0.124525,0.18612,-0.110998][-0.834477,-0.43223,-0.341797][0.538925,0.077462,0][-0.0928404,0.171417,-0.140853][-0.582633,-0.52844,-0.617486][0.567686,0.076866,0][-0.0775012,0.119023,-0.0896045][-0.600963,-0.702028,-0.382101][0.564389,0.041503,0][-0.0775012,0.119023,-0.0896045][-0.600963,-0.702028,-0.382101][0.564389,0.041503,0][-0.0996562,0.131067,-0.0661762][-0.76256,-0.620898,-0.181623][0.542032,0.04187,0][-0.124525,0.18612,-0.110998][-0.834477,-0.43223,-0.341797][0.538925,0.077462,0][-0.0928404,0.171417,-0.140853][-0.582633,-0.52844,-0.617486][0.567686,0.076866,0][-0.0556132,0.167995,-0.160862][-0.347527,-0.512805,-0.78502][0.590058,0.077689,0][-0.0472466,0.110829,-0.109346][-0.392859,-0.722719,-0.568629][0.585778,0.041537,0][-0.0472466,0.110829,-0.109346][-0.392859,-0.722719,-0.568629][0.585778,0.041537,0][-0.0775012,0.119023,-0.0896045][-0.600963,-0.702028,-0.382101][0.564389,0.041503,0][-0.0928404,0.171417,-0.140853][-0.582633,-0.52844,-0.617486][0.567686,0.076866,0][-0.147459,0.255374,-0.0518539][-0.999101,-0.0402366,-0.0133666][0.487576,0.091175,0][-0.141506,0.294959,-0.073874][-0.94602,0.270402,-0.178687][0.482688,0.115473,0][-0.14404,0.268358,-0.0949546][-0.968628,0.0815556,-0.234753][0.499546,0.110757,0][-0.14404,0.268358,-0.0949546][-0.968628,0.0815556,-0.234753][0.499546,0.110757,0][-0.14409,0.220186,-0.0684379][-0.972145,-0.224403,-0.0676578][0.504413,0.08137,0][-0.147459,0.255374,-0.0518539][-0.999101,-0.0402366,-0.0133666][0.487576,0.091175,0][-0.0147481,0.141218,-0.154824][-0.28077,-0.625235,-0.728182][0.605243,0.06271,0][-0.0472466,0.110829,-0.109346][-0.392859,-0.722719,-0.568629][0.585778,0.041537,0][-0.0556132,0.167995,-0.160862][-0.347527,-0.512805,-0.78502][0.590058,0.077689,0][-0.0556132,0.167995,-0.160862][-0.347527,-0.512805,-0.78502][0.590058,0.077689,0][-0.0251329,0.186379,-0.179155][0.0376113,-0.342609,-0.938725][0.605156,0.087286,0][-0.0147481,0.141218,-0.154824][-0.28077,-0.625235,-0.728182][0.605243,0.06271,0][-0.0271816,0.114332,-0.0963969][0.4971,0.668723,0.552903][0.400596,0.030957,0][-0.0396939,0.177607,-0.157316][0.399404,0.485009,0.777973][0.393617,0.067913,0][-0.075443,0.18141,-0.133501][0.623175,0.506955,0.595525][0.412548,0.069757,0][-0.075443,0.18141,-0.133501][0.623175,0.506955,0.595525][0.412548,0.069757,0][-0.0554419,0.123625,-0.0734108][0.658024,0.638986,0.398374][0.417061,0.033623,0][-0.0271816,0.114332,-0.0963969][0.4971,0.668723,0.552903][0.400596,0.030957,0][-0.0554419,0.123625,-0.0734108][0.658024,0.638986,0.398374][0.417061,0.033623,0][-0.075443,0.18141,-0.133501][0.623175,0.506955,0.595525][0.412548,0.069757,0][-0.107993,0.196739,-0.101344][0.828226,0.431792,0.357209][0.432945,0.070768,0][-0.107993,0.196739,-0.101344][0.828226,0.431792,0.357209][0.432945,0.070768,0][-0.0773779,0.136122,-0.0485806][0.788154,0.570582,0.23076][0.432499,0.034478,0][-0.0554419,0.123625,-0.0734108][0.658024,0.638986,0.398374][0.417061,0.033623,0][-0.107993,0.196739,-0.101344][0.828226,0.431792,0.357209][0.432945,0.070768,0][-0.131549,0.233567,-0.0596956][0.969269,0.22154,0.10695][0.456008,0.071592,0][-0.100692,0.164509,-0.0141908][0.890212,0.45492,0.0238914][0.453504,0.035175,0][-0.100692,0.164509,-0.0141908][0.890212,0.45492,0.0238914][0.453504,0.035175,0][-0.0773779,0.136122,-0.0485806][0.788154,0.570582,0.23076][0.432499,0.034478,0][-0.107993,0.196739,-0.101344][0.828226,0.431792,0.357209][0.432945,0.070768,0][-0.0385406,0.24241,-0.176599][0.304713,0.0735464,0.949601][0.387182,0.101984,0][-0.0396939,0.177607,-0.157316][0.399404,0.485009,0.777973][0.393617,0.067913,0][-0.00815898,0.200046,-0.176892][0.291799,0.317657,0.902191][0.37604,0.073775,0][-0.00815898,0.200046,-0.176892][0.291799,0.317657,0.902191][0.37604,0.073775,0][-0.0182991,0.248885,-0.181868][0.242863,-0.0520063,0.968666][0.374249,0.101922,0][-0.0385406,0.24241,-0.176599][0.304713,0.0735464,0.949601][0.387182,0.101984,0][-0.131549,0.233567,-0.0596956][0.969269,0.22154,0.10695][0.456008,0.071592,0][-0.134482,0.273087,-0.0438353][0.99762,0.00958218,0.0682904][0.467896,0.077728,0][-0.122723,0.217761,-0.00743163][0.942669,0.326719,-0.0680425][0.467165,0.047729,0][-0.122723,0.217761,-0.00743163][0.942669,0.326719,-0.0680425][0.467165,0.047729,0][-0.100692,0.164509,-0.0141908][0.890212,0.45492,0.0238914][0.453504,0.035175,0][-0.131549,0.233567,-0.0596956][0.969269,0.22154,0.10695][0.456008,0.071592,0][0.0403526,0.178061,-0.187651][0.162889,-0.57332,-0.802977][0.5942,0.107286,0][0.0459649,0.132215,-0.138351][0.268162,-0.781771,-0.562959][0.590058,0.077689,0][0.00708931,0.141856,-0.159492][-0.181833,-0.715218,-0.674833][0.605156,0.087286,0][0.00708931,0.141856,-0.159492][-0.181833,-0.715218,-0.674833][0.605156,0.087286,0][0.0104979,0.180943,-0.191657][-0.230904,-0.520752,-0.821889][0.605579,0.109696,0][0.0403526,0.178061,-0.187651][0.162889,-0.57332,-0.802977][0.5942,0.107286,0][0.0173368,0.209571,-0.203245][-0.0227463,-0.370421,-0.928586][0.604656,0.125388,0][0.0104979,0.180943,-0.191657][-0.230904,-0.520752,-0.821889][0.605579,0.109696,0][-0.00188718,0.201613,-0.200018][-0.000303447,-0.375129,-0.926973][0.611014,0.120465,0][0.0879668,0.183903,-0.175213][0.477249,-0.587387,-0.653613][0.570692,0.104796,0][0.081699,0.201844,-0.190989][0.393311,-0.483308,-0.782125][0.574001,0.117318,0][0.128901,0.230577,-0.167086][0.80294,-0.264294,-0.534262][0.536719,0.118795,0][0.128901,0.230577,-0.167086][0.80294,-0.264294,-0.534262][0.536719,0.118795,0][0.133041,0.211988,-0.150088][0.811051,-0.382715,-0.442409][0.536302,0.105319,0][0.0879668,0.183903,-0.175213][0.477249,-0.587387,-0.653613][0.570692,0.104796,0][0.128901,0.230577,-0.167086][0.80294,-0.264294,-0.534262][0.536719,0.118795,0][0.145299,0.283889,-0.130825][0.902343,0.175979,-0.393458][0.498619,0.124681,0][0.155074,0.265896,-0.114026][0.955631,0.0112359,-0.294352][0.499546,0.110757,0][0.155074,0.265896,-0.114026][0.955631,0.0112359,-0.294352][0.499546,0.110757,0][0.133041,0.211988,-0.150088][0.811051,-0.382715,-0.442409][0.536302,0.105319,0][0.128901,0.230577,-0.167086][0.80294,-0.264294,-0.534262][0.536719,0.118795,0][0.15349,0.300745,-0.0938042][0.921931,0.268834,-0.278875][0.482688,0.115473,0][0.155074,0.265896,-0.114026][0.955631,0.0112359,-0.294352][0.499546,0.110757,0][0.145299,0.283889,-0.130825][0.902343,0.175979,-0.393458][0.498619,0.124681,0][0.145299,0.283889,-0.130825][0.902343,0.175979,-0.393458][0.498619,0.124681,0][0.140021,0.319149,-0.104464][0.838971,0.40078,-0.368108][0.47897,0.127468,0][0.15349,0.300745,-0.0938042][0.921931,0.268834,-0.278875][0.482688,0.115473,0][0.0287357,0.207761,-0.202965][0.0629742,-0.399639,-0.914507][0.600008,0.124588,0][0.0403526,0.178061,-0.187651][0.162889,-0.57332,-0.802977][0.5942,0.107286,0][0.0104979,0.180943,-0.191657][-0.230904,-0.520752,-0.821889][0.605579,0.109696,0][0.0104979,0.180943,-0.191657][-0.230904,-0.520752,-0.821889][0.605579,0.109696,0][0.0173368,0.209571,-0.203245][-0.0227463,-0.370421,-0.928586][0.604656,0.125388,0][0.0287357,0.207761,-0.202965][0.0629742,-0.399639,-0.914507][0.600008,0.124588,0][0.0459649,0.132215,-0.138351][0.268162,-0.781771,-0.562959][0.590058,0.077689,0][0.0403526,0.178061,-0.187651][0.162889,-0.57332,-0.802977][0.5942,0.107286,0][0.0879668,0.183903,-0.175213][0.477249,-0.587387,-0.653613][0.570692,0.104796,0][0.0879668,0.183903,-0.175213][0.477249,-0.587387,-0.653613][0.570692,0.104796,0][0.0884906,0.144356,-0.126059][0.524147,-0.727829,-0.442194][0.567686,0.076866,0][0.0459649,0.132215,-0.138351][0.268162,-0.781771,-0.562959][0.590058,0.077689,0][0.0403526,0.178061,-0.187651][0.162889,-0.57332,-0.802977][0.5942,0.107286,0][0.0287357,0.207761,-0.202965][0.0629742,-0.399639,-0.914507][0.600008,0.124588,0][0.081699,0.201844,-0.190989][0.393311,-0.483308,-0.782125][0.574001,0.117318,0][0.081699,0.201844,-0.190989][0.393311,-0.483308,-0.782125][0.574001,0.117318,0][0.0879668,0.183903,-0.175213][0.477249,-0.587387,-0.653613][0.570692,0.104796,0][0.0403526,0.178061,-0.187651][0.162889,-0.57332,-0.802977][0.5942,0.107286,0][0.0488382,0.0907811,-0.0563212][0.361384,-0.871656,-0.331085][0.585778,0.041537,0][0.0458963,0.0772865,-0.00485021][0.52227,-0.852124,-0.033452][0.583661,0.020339,0][0.0356933,0.0760377,-0.0271839][0.0875121,-0.978097,-0.18886][0.593827,0.028261,0][0.0356933,0.0760377,-0.0271839][0.0875121,-0.978097,-0.18886][0.593827,0.028261,0][0.00768304,0.10466,-0.109592][0.227624,-0.847921,-0.478767][0.605243,0.06271,0][0.0488382,0.0907811,-0.0563212][0.361384,-0.871656,-0.331085][0.585778,0.041537,0][0.133041,0.211988,-0.150088][0.811051,-0.382715,-0.442409][0.536302,0.105319,0][0.155074,0.265896,-0.114026][0.955631,0.0112359,-0.294352][0.499546,0.110757,0][0.155827,0.215998,-0.0719287][0.943913,-0.303112,-0.130967][0.504413,0.08137,0][0.155827,0.215998,-0.0719287][0.943913,-0.303112,-0.130967][0.504413,0.08137,0][0.126413,0.169256,-0.104939][0.769819,-0.573837,-0.279446][0.538925,0.077462,0][0.133041,0.211988,-0.150088][0.811051,-0.382715,-0.442409][0.536302,0.105319,0][0.155827,0.215998,-0.0719287][0.943913,-0.303112,-0.130967][0.504413,0.08137,0][0.163816,0.25882,-0.0622591][0.988368,-0.0872121,-0.124587][0.487576,0.091175,0][0.155045,0.208528,-0.0166661][0.945733,-0.152833,0.28676][0.489712,0.063637,0][0.155045,0.208528,-0.0166661][0.945733,-0.152833,0.28676][0.489712,0.063637,0][0.128759,0.154198,-0.0114801][0.849305,-0.524664,0.0583881][0.510077,0.045871,0][0.155827,0.215998,-0.0719287][0.943913,-0.303112,-0.130967][0.504413,0.08137,0][0.128759,0.154198,-0.0114801][0.849305,-0.524664,0.0583881][0.510077,0.045871,0][0.155045,0.208528,-0.0166661][0.945733,-0.152833,0.28676][0.489712,0.063637,0][0.103585,0.12773,0.0357274][0.803239,-0.486714,0.34339][0.50461,0.022942,0][0.103585,0.12773,0.0357274][0.803239,-0.486714,0.34339][0.50461,0.022942,0][0.093236,0.117477,0.0348631][0.660769,-0.719461,0.213915][0.513894,0.019506,0][0.128759,0.154198,-0.0114801][0.849305,-0.524664,0.0583881][0.510077,0.045871,0][0.100116,0.120934,-0.0322763][0.696908,-0.711051,-0.0934094][0.542032,0.04187,0][0.128759,0.154198,-0.0114801][0.849305,-0.524664,0.0583881][0.510077,0.045871,0][0.093236,0.117477,0.0348631][0.660769,-0.719461,0.213915][0.513894,0.019506,0][0.093236,0.117477,0.0348631][0.660769,-0.719461,0.213915][0.513894,0.019506,0][0.0684418,0.0953083,0.0285129][0.610409,-0.772207,0.176343][0.544139,0.013759,0][0.100116,0.120934,-0.0322763][0.696908,-0.711051,-0.0934094][0.542032,0.04187,0][0.0458963,0.0772865,-0.00485021][0.52227,-0.852124,-0.033452][0.583661,0.020339,0][0.0488382,0.0907811,-0.0563212][0.361384,-0.871656,-0.331085][0.585778,0.041537,0][0.0771858,0.104299,-0.0462025][0.580065,-0.790366,-0.197094][0.564389,0.041503,0][0.0771858,0.104299,-0.0462025][0.580065,-0.790366,-0.197094][0.564389,0.041503,0][0.0570537,0.0853378,0.0217721][0.508102,-0.852699,0.121395][0.56245,0.012873,0][0.0458963,0.0772865,-0.00485021][0.52227,-0.852124,-0.033452][0.583661,0.020339,0][0.126413,0.169256,-0.104939][0.769819,-0.573837,-0.279446][0.538925,0.077462,0][0.0884906,0.144356,-0.126059][0.524147,-0.727829,-0.442194][0.567686,0.076866,0][0.0879668,0.183903,-0.175213][0.477249,-0.587387,-0.653613][0.570692,0.104796,0][0.0879668,0.183903,-0.175213][0.477249,-0.587387,-0.653613][0.570692,0.104796,0][0.133041,0.211988,-0.150088][0.811051,-0.382715,-0.442409][0.536302,0.105319,0][0.126413,0.169256,-0.104939][0.769819,-0.573837,-0.279446][0.538925,0.077462,0][0.0684418,0.0953083,0.0285129][0.610409,-0.772207,0.176343][0.544139,0.013759,0][0.0570537,0.0853378,0.0217721][0.508102,-0.852699,0.121395][0.56245,0.012873,0][0.0771858,0.104299,-0.0462025][0.580065,-0.790366,-0.197094][0.564389,0.041503,0][0.0771858,0.104299,-0.0462025][0.580065,-0.790366,-0.197094][0.564389,0.041503,0][0.100116,0.120934,-0.0322763][0.696908,-0.711051,-0.0934094][0.542032,0.04187,0][0.0684418,0.0953083,0.0285129][0.610409,-0.772207,0.176343][0.544139,0.013759,0][0.0289063,0.141309,-0.132783][-0.311235,0.729171,0.609461][0.393617,0.067913,0][-0.013511,0.154909,-0.156304][-0.168803,0.65496,0.736568][0.37604,0.073775,0][-0.0100447,0.109857,-0.102269][-0.269026,0.82299,0.500312][0.37898,0.045992,0][-0.0100447,0.109857,-0.102269][-0.269026,0.82299,0.500312][0.37898,0.045992,0][0.0334564,0.0941269,-0.0397611][-0.44784,0.812483,0.373244][0.400596,0.030957,0][0.0289063,0.141309,-0.132783][-0.311235,0.729171,0.609461][0.393617,0.067913,0][-0.000602867,0.237325,-0.194841][0.0450348,0.182653,0.982146][0.375463,0.122941,0][-0.0189561,0.227244,-0.193504][-0.0401358,0.202772,0.978403][0.366882,0.114582,0][-0.00910046,0.202624,-0.187998][-0.0831597,0.386317,0.91861][0.374249,0.101922,0][0.134764,0.289428,-0.108911][-0.927992,-0.0748552,0.365003][0.458312,0.105105,0][0.121404,0.305752,-0.127255][-0.843202,-0.277561,0.460403][0.458732,0.122101,0][0.10999,0.252191,-0.163454][-0.81526,0.355639,0.457026][0.433431,0.119093,0][0.10999,0.252191,-0.163454][-0.81526,0.355639,0.457026][0.433431,0.119093,0][0.111618,0.23646,-0.144391][-0.806846,0.395232,0.439081][0.433349,0.103579,0][0.134764,0.289428,-0.108911][-0.927992,-0.0748552,0.365003][0.458312,0.105105,0][0.132979,0.322188,-0.0901836][-0.861349,-0.351074,0.367184][0.471023,0.106505,0][0.112128,0.338574,-0.102858][-0.704411,-0.540807,0.459709][0.473671,0.121452,0][0.121404,0.305752,-0.127255][-0.843202,-0.277561,0.460403][0.458732,0.122101,0][0.121404,0.305752,-0.127255][-0.843202,-0.277561,0.460403][0.458732,0.122101,0][0.134764,0.289428,-0.108911][-0.927992,-0.0748552,0.365003][0.458312,0.105105,0][0.132979,0.322188,-0.0901836][-0.861349,-0.351074,0.367184][0.471023,0.106505,0][0.10999,0.252191,-0.163454][-0.81526,0.355639,0.457026][0.433431,0.119093,0][0.0618356,0.225117,-0.186662][-0.459495,0.556197,0.692467][0.406234,0.117072,0][0.0655245,0.207712,-0.170234][-0.486795,0.568277,0.663395][0.408453,0.102543,0][0.0655245,0.207712,-0.170234][-0.486795,0.568277,0.663395][0.408453,0.102543,0][0.111618,0.23646,-0.144391][-0.806846,0.395232,0.439081][0.433349,0.103579,0][0.10999,0.252191,-0.163454][-0.81526,0.355639,0.457026][0.433431,0.119093,0][0.0618356,0.225117,-0.186662][-0.102902,0.303185,0.94736][0.406234,0.117072,0][0.010035,0.234695,-0.195354][-0.0324234,0.249959,0.967713][0.381116,0.122775,0][0.0189217,0.200717,-0.183515][-0.183307,0.480157,0.857816][0.387182,0.101984,0][0.0189217,0.200717,-0.183515][-0.183307,0.480157,0.857816][0.387182,0.101984,0][0.0655245,0.207712,-0.170234][-0.486795,0.568277,0.663395][0.408453,0.102543,0][0.0618356,0.225117,-0.186662][-0.459495,0.556197,0.692467][0.406234,0.117072,0][0.010035,0.234695,-0.195354][-0.0324234,0.249959,0.967713][0.381116,0.122775,0][-0.000602867,0.237325,-0.194841][0.0450348,0.182653,0.982146][0.375463,0.122941,0][-0.00910046,0.202624,-0.187998][-0.0831597,0.386317,0.91861][0.374249,0.101922,0][-0.00910046,0.202624,-0.187998][-0.0831597,0.386317,0.91861][0.374249,0.101922,0][0.0189217,0.200717,-0.183515][-0.183307,0.480157,0.857816][0.387182,0.101984,0][0.010035,0.234695,-0.195354][-0.0324234,0.249959,0.967713][0.381116,0.122775,0][0.0334564,0.0941269,-0.0397611][-0.44784,0.812483,0.373244][0.400596,0.030957,0][-0.0100447,0.109857,-0.102269][-0.269026,0.82299,0.500312][0.37898,0.045992,0][0.0253847,0.0766882,-0.0111662][-0.556121,0.770055,0.312643][0.396003,0.01874,0][0.0253847,0.0766882,-0.0111662][-0.556121,0.770055,0.312643][0.396003,0.01874,0][0.0369068,0.0775782,0.0121689][-0.671593,0.718926,0.179187][0.405605,0.015719,0][0.0334564,0.0941269,-0.0397611][-0.44784,0.812483,0.373244][0.400596,0.030957,0][0.110924,0.180815,-0.0924644][-0.765876,0.545414,0.340527][0.432945,0.070768,0][0.111618,0.23646,-0.144391][-0.806846,0.395232,0.439081][0.433349,0.103579,0][0.0655245,0.207712,-0.170234][-0.486795,0.568277,0.663395][0.408453,0.102543,0][0.0655245,0.207712,-0.170234][-0.486795,0.568277,0.663395][0.408453,0.102543,0][0.0712649,0.154651,-0.115753][-0.564396,0.671583,0.480035][0.412548,0.069757,0][0.110924,0.180815,-0.0924644][-0.765876,0.545414,0.340527][0.432945,0.070768,0][0.111618,0.23646,-0.144391][-0.806846,0.395232,0.439081][0.433349,0.103579,0][0.110924,0.180815,-0.0924644][-0.765876,0.545414,0.340527][0.432945,0.070768,0][0.144454,0.231131,-0.0618786][-0.941441,0.272091,0.199138][0.456008,0.071592,0][0.144454,0.231131,-0.0618786][-0.941441,0.272091,0.199138][0.456008,0.071592,0][0.134764,0.289428,-0.108911][-0.927992,-0.0748552,0.365003][0.458312,0.105105,0][0.111618,0.23646,-0.144391][-0.806846,0.395232,0.439081][0.433349,0.103579,0][0.150707,0.279135,-0.0531568][-0.978282,0.0328976,0.20465][0.467896,0.077728,0][0.132979,0.322188,-0.0901836][-0.861349,-0.351074,0.367184][0.471023,0.106505,0][0.134764,0.289428,-0.108911][-0.927992,-0.0748552,0.365003][0.458312,0.105105,0][0.134764,0.289428,-0.108911][-0.927992,-0.0748552,0.365003][0.458312,0.105105,0][0.144454,0.231131,-0.0618786][-0.941441,0.272091,0.199138][0.456008,0.071592,0][0.150707,0.279135,-0.0531568][-0.978282,0.0328976,0.20465][0.467896,0.077728,0][0.0918504,0.126202,0.0512536][-0.73495,0.665201,0.131744][0.458513,0.016989,0][0.145012,0.220753,-0.00200298][-0.924479,0.378067,0.0490365][0.467165,0.047729,0][0.114819,0.160303,0.00720905][-0.849126,0.527805,0.020181][0.453504,0.035175,0][0.114819,0.160303,0.00720905][-0.849126,0.527805,0.020181][0.453504,0.035175,0][0.0811981,0.115681,0.0505154][-0.710227,0.695653,0.107911][0.452686,0.016468,0][0.0918504,0.126202,0.0512536][-0.73495,0.665201,0.131744][0.458513,0.016989,0][0.0834639,0.125795,-0.0118136][-0.709127,0.686519,0.160722][0.432499,0.034478,0][0.0579865,0.094225,0.0441959][-0.696155,0.709654,0.108439][0.433828,0.015619,0][0.0811981,0.115681,0.0505154][-0.710227,0.695653,0.107911][0.452686,0.016468,0][0.0811981,0.115681,0.0505154][-0.710227,0.695653,0.107911][0.452686,0.016468,0][0.114819,0.160303,0.00720905][-0.849126,0.527805,0.020181][0.453504,0.035175,0][0.0834639,0.125795,-0.0118136][-0.709127,0.686519,0.160722][0.432499,0.034478,0][0.0579865,0.094225,0.0441959][-0.696155,0.709654,0.108439][0.433828,0.015619,0][0.0834639,0.125795,-0.0118136][-0.709127,0.686519,0.160722][0.432499,0.034478,0][0.0604854,0.108744,-0.0266543][-0.628716,0.738282,0.244246][0.417061,0.033623,0][0.0604854,0.108744,-0.0266543][-0.628716,0.738282,0.244246][0.417061,0.033623,0][0.0480713,0.0848919,0.0377588][-0.718583,0.68579,0.115459][0.421866,0.014427,0][0.0579865,0.094225,0.0441959][-0.696155,0.709654,0.108439][0.433828,0.015619,0][0.0289063,0.141309,-0.132783][-0.311235,0.729171,0.609461][0.393617,0.067913,0][0.0712649,0.154651,-0.115753][-0.564396,0.671583,0.480035][0.412548,0.069757,0][0.0655245,0.207712,-0.170234][-0.486795,0.568277,0.663395][0.408453,0.102543,0][0.0655245,0.207712,-0.170234][-0.486795,0.568277,0.663395][0.408453,0.102543,0][0.0189217,0.200717,-0.183515][-0.183307,0.480157,0.857816][0.387182,0.101984,0][0.0289063,0.141309,-0.132783][-0.311235,0.729171,0.609461][0.393617,0.067913,0][0.0604854,0.108744,-0.0266543][-0.628716,0.738282,0.244246][0.417061,0.033623,0][0.0334564,0.0941269,-0.0397611][-0.44784,0.812483,0.373244][0.400596,0.030957,0][0.0369068,0.0775782,0.0121689][-0.671593,0.718926,0.179187][0.405605,0.015719,0][0.0369068,0.0775782,0.0121689][-0.671593,0.718926,0.179187][0.405605,0.015719,0][0.0480713,0.0848919,0.0377588][-0.718583,0.68579,0.115459][0.421866,0.014427,0][0.0604854,0.108744,-0.0266543][-0.628716,0.738282,0.244246][0.417061,0.033623,0][-0.0100447,0.109857,-0.102269][-0.410119,-0.831921,-0.373778][0.606555,0.062935,0][-0.013511,0.154909,-0.156304][-0.503495,-0.579731,-0.640629][0.60635,0.090433,0][0.00708931,0.141856,-0.159492][-0.181833,-0.715218,-0.674833][0.605156,0.087286,0][0.00708931,0.141856,-0.159492][-0.181833,-0.715218,-0.674833][0.605156,0.087286,0][0.00768304,0.10466,-0.109592][-0.401276,-0.833409,-0.380009][0.605243,0.06271,0][-0.0100447,0.109857,-0.102269][-0.410119,-0.831921,-0.373778][0.606555,0.062935,0][-0.013511,0.154909,-0.156304][-0.503495,-0.579731,-0.640629][0.60635,0.090433,0][-0.00910046,0.202624,-0.187998][-0.724741,-0.46869,-0.505055][0.606823,0.115892,0][0.0104979,0.180943,-0.191657][-0.230904,-0.520752,-0.821889][0.605579,0.109696,0][0.0104979,0.180943,-0.191657][-0.230904,-0.520752,-0.821889][0.605579,0.109696,0][0.00708931,0.141856,-0.159492][-0.181833,-0.715218,-0.674833][0.605156,0.087286,0][-0.013511,0.154909,-0.156304][-0.503495,-0.579731,-0.640629][0.60635,0.090433,0][-0.00910046,0.202624,-0.187998][-0.724741,-0.46869,-0.505055][0.606823,0.115892,0][-0.0189561,0.227244,-0.193504][-0.794455,-0.416819,-0.441706][0.612544,0.128122,0][-0.00188718,0.201613,-0.200018][-0.750699,-0.520603,-0.406723][0.611014,0.120465,0][-0.00188718,0.201613,-0.200018][-0.750699,-0.520603,-0.406723][0.611014,0.120465,0][0.0104979,0.180943,-0.191657][-0.230904,-0.520752,-0.821889][0.605579,0.109696,0][-0.00910046,0.202624,-0.187998][-0.724741,-0.46869,-0.505055][0.606823,0.115892,0][-0.000602867,0.237325,-0.194841][-0.112735,0.199815,-0.973327][0.605989,0.134025,0][0.0173368,0.209571,-0.203245][-0.0413876,0.256974,-0.965532][0.604656,0.125388,0][-0.00188718,0.201613,-0.200018][-0.198618,0.147603,-0.968899][0.611014,0.120465,0][-0.00188718,0.201613,-0.200018][-0.198618,0.147603,-0.968899][0.611014,0.120465,0][-0.0189561,0.227244,-0.193504][-0.151995,0.147154,-0.977366][0.612544,0.128122,0][-0.000602867,0.237325,-0.194841][-0.112735,0.199815,-0.973327][0.605989,0.134025,0][0.081699,0.201844,-0.190989][0.23627,0.36688,-0.899764][0.574001,0.117318,0][0.0618356,0.225117,-0.186662][0.23528,0.376293,-0.896129][0.574375,0.12475,0][0.10999,0.252191,-0.163454][0.298867,0.416119,-0.858792][0.535961,0.126036,0][0.10999,0.252191,-0.163454][0.298867,0.416119,-0.858792][0.535961,0.126036,0][0.128901,0.230577,-0.167086][0.287587,0.39804,-0.871125][0.536719,0.118795,0][0.081699,0.201844,-0.190989][0.23627,0.36688,-0.899764][0.574001,0.117318,0][0.10999,0.252191,-0.163454][0.298867,0.416119,-0.858792][0.535961,0.126036,0][0.121404,0.305752,-0.127255][0.386983,0.563075,-0.730199][0.496747,0.132796,0][0.145299,0.283889,-0.130825][0.358374,0.507841,-0.783368][0.498619,0.124681,0][0.145299,0.283889,-0.130825][0.358374,0.507841,-0.783368][0.498619,0.124681,0][0.128901,0.230577,-0.167086][0.287587,0.39804,-0.871125][0.536719,0.118795,0][0.10999,0.252191,-0.163454][0.298867,0.416119,-0.858792][0.535961,0.126036,0][0.121404,0.305752,-0.127255][0.386983,0.563075,-0.730199][0.496747,0.132796,0][0.112128,0.338574,-0.102858][0.390861,0.617711,-0.682393][0.476666,0.135923,0][0.140021,0.319149,-0.104464][0.405142,0.604223,-0.68613][0.47897,0.127468,0][0.140021,0.319149,-0.104464][0.405142,0.604223,-0.68613][0.47897,0.127468,0][0.145299,0.283889,-0.130825][0.358374,0.507841,-0.783368][0.498619,0.124681,0][0.121404,0.305752,-0.127255][0.386983,0.563075,-0.730199][0.496747,0.132796,0][0.132979,0.322188,-0.0901836][0.656182,0.725258,0.208388][0.480413,0.122052,0][0.15349,0.300745,-0.0938042][0.738696,0.589318,0.327159][0.482688,0.115473,0][0.140021,0.319149,-0.104464][0.667845,0.72333,0.175434][0.47897,0.127468,0][0.140021,0.319149,-0.104464][0.667845,0.72333,0.175434][0.47897,0.127468,0][0.112128,0.338574,-0.102858][0.572271,0.812752,0.109269][0.476666,0.135923,0][0.132979,0.322188,-0.0901836][0.656182,0.725258,0.208388][0.480413,0.122052,0][0.010035,0.234695,-0.195354][0.0861695,0.336229,-0.93783][0.601224,0.133089,0][0.0287357,0.207761,-0.202965][0.186776,0.376686,-0.907316][0.600008,0.124588,0][0.0173368,0.209571,-0.203245][-0.0413876,0.256974,-0.965532][0.604656,0.125388,0][0.0173368,0.209571,-0.203245][-0.0413876,0.256974,-0.965532][0.604656,0.125388,0][-0.000602867,0.237325,-0.194841][-0.112735,0.199815,-0.973327][0.605989,0.134025,0][0.010035,0.234695,-0.195354][0.0861695,0.336229,-0.93783][0.601224,0.133089,0][0.0287357,0.207761,-0.202965][0.186776,0.376686,-0.907316][0.600008,0.124588,0][0.010035,0.234695,-0.195354][0.0861695,0.336229,-0.93783][0.601224,0.133089,0][0.0618356,0.225117,-0.186662][0.23528,0.376293,-0.896129][0.574375,0.12475,0][0.0618356,0.225117,-0.186662][0.23528,0.376293,-0.896129][0.574375,0.12475,0][0.081699,0.201844,-0.190989][0.23627,0.36688,-0.899764][0.574001,0.117318,0][0.0287357,0.207761,-0.202965][0.186776,0.376686,-0.907316][0.600008,0.124588,0][0.0253847,0.0766882,-0.0111662][-0.105782,-0.993786,-0.0346369][0.594844,0.024575,0][0.0356933,0.0760377,-0.0271839][0.0875121,-0.978097,-0.18886][0.593827,0.028261,0][0.0458963,0.0772865,-0.00485021][0.0180242,-0.999185,0.0361249][0.583661,0.020339,0][0.0458963,0.0772865,-0.00485021][0.0180242,-0.999185,0.0361249][0.583661,0.020339,0][0.0369068,0.0775782,0.0121689][0.210451,-0.970129,0.120664][0.584485,0.01578,0][0.0253847,0.0766882,-0.0111662][-0.105782,-0.993786,-0.0346369][0.594844,0.024575,0][-0.0100447,0.109857,-0.102269][-0.410119,-0.831921,-0.373778][0.606555,0.062935,0][0.00768304,0.10466,-0.109592][-0.401276,-0.833409,-0.380009][0.605243,0.06271,0][0.0356933,0.0760377,-0.0271839][0.0875121,-0.978097,-0.18886][0.593827,0.028261,0][0.0356933,0.0760377,-0.0271839][0.0875121,-0.978097,-0.18886][0.593827,0.028261,0][0.0253847,0.0766882,-0.0111662][-0.105782,-0.993786,-0.0346369][0.594844,0.024575,0][-0.0100447,0.109857,-0.102269][-0.410119,-0.831921,-0.373778][0.606555,0.062935,0][0.150707,0.279135,-0.0531568][0.829479,0.420499,0.367621][0.485402,0.09461,0][0.163816,0.25882,-0.0622591][0.847468,0.352954,0.396511][0.487576,0.091175,0][0.15349,0.300745,-0.0938042][0.738696,0.589318,0.327159][0.482688,0.115473,0][0.15349,0.300745,-0.0938042][0.738696,0.589318,0.327159][0.482688,0.115473,0][0.132979,0.322188,-0.0901836][0.656182,0.725258,0.208388][0.480413,0.122052,0][0.150707,0.279135,-0.0531568][0.829479,0.420499,0.367621][0.485402,0.09461,0][0.145012,0.220753,-0.00200298][0.841907,0.0686513,0.535238][0.487466,0.063691,0][0.155045,0.208528,-0.0166661][0.945733,-0.152833,0.28676][0.489712,0.063637,0][0.163816,0.25882,-0.0622591][0.847468,0.352954,0.396511][0.487576,0.091175,0][0.163816,0.25882,-0.0622591][0.847468,0.352954,0.396511][0.487576,0.091175,0][0.150707,0.279135,-0.0531568][0.829479,0.420499,0.367621][0.485402,0.09461,0][0.145012,0.220753,-0.00200298][0.841907,0.0686513,0.535238][0.487466,0.063691,0][0.145012,0.220753,-0.00200298][0.841907,0.0686513,0.535238][0.487466,0.063691,0][0.0918504,0.126202,0.0512536][0.797889,-0.115357,0.591665][0.502452,0.018408,0][0.103585,0.12773,0.0357274][0.803239,-0.486714,0.34339][0.50461,0.022942,0][0.103585,0.12773,0.0357274][0.803239,-0.486714,0.34339][0.50461,0.022942,0][0.155045,0.208528,-0.0166661][0.945733,-0.152833,0.28676][0.489712,0.063637,0][0.145012,0.220753,-0.00200298][0.841907,0.0686513,0.535238][0.487466,0.063691,0][0.0918504,0.126202,0.0512536][0.626773,-0.664604,0.406766][0.502452,0.018408,0][0.0811981,0.115681,0.0505154][0.595551,-0.71248,0.371067][0.512047,0.014644,0][0.093236,0.117477,0.0348631][0.660769,-0.719461,0.213915][0.513894,0.019506,0][0.093236,0.117477,0.0348631][0.660769,-0.719461,0.213915][0.513894,0.019506,0][0.103585,0.12773,0.0357274][0.803239,-0.486714,0.34339][0.50461,0.022942,0][0.0918504,0.126202,0.0512536][0.626773,-0.664604,0.406766][0.502452,0.018408,0][0.0684418,0.0953083,0.0285129][0.610409,-0.772207,0.176343][0.544139,0.013759,0][0.093236,0.117477,0.0348631][0.660769,-0.719461,0.213915][0.513894,0.019506,0][0.0811981,0.115681,0.0505154][0.595551,-0.71248,0.371067][0.512047,0.014644,0][0.0811981,0.115681,0.0505154][0.595551,-0.71248,0.371067][0.512047,0.014644,0][0.0579865,0.094225,0.0441959][0.560564,-0.766599,0.313201][0.543568,0.008642,0][0.0684418,0.0953083,0.0285129][0.610409,-0.772207,0.176343][0.544139,0.013759,0][0.0579865,0.094225,0.0441959][0.560564,-0.766599,0.313201][0.543568,0.008642,0][0.0480713,0.0848919,0.0377588][0.462157,-0.854868,0.235824][0.562709,0.007782,0][0.0570537,0.0853378,0.0217721][0.508102,-0.852699,0.121395][0.56245,0.012873,0][0.0570537,0.0853378,0.0217721][0.508102,-0.852699,0.121395][0.56245,0.012873,0][0.0684418,0.0953083,0.0285129][0.610409,-0.772207,0.176343][0.544139,0.013759,0][0.0579865,0.094225,0.0441959][0.560564,-0.766599,0.313201][0.543568,0.008642,0][0.0570537,0.0853378,0.0217721][0.508102,-0.852699,0.121395][0.56245,0.012873,0][0.0480713,0.0848919,0.0377588][0.462157,-0.854868,0.235824][0.562709,0.007782,0][0.0369068,0.0775782,0.0121689][0.210451,-0.970129,0.120664][0.584485,0.01578,0][0.0369068,0.0775782,0.0121689][0.210451,-0.970129,0.120664][0.584485,0.01578,0][0.0458963,0.0772865,-0.00485021][0.52227,-0.852124,-0.033452][0.583661,0.020339,0][0.0570537,0.0853378,0.0217721][0.508102,-0.852699,0.121395][0.56245,0.012873,0][0.128759,0.154198,-0.0114801][0.849305,-0.524664,0.0583881][0.510077,0.045871,0][0.100116,0.120934,-0.0322763][0.696908,-0.711051,-0.0934094][0.542032,0.04187,0][0.126413,0.169256,-0.104939][0.769819,-0.573837,-0.279446][0.538925,0.077462,0][0.126413,0.169256,-0.104939][0.769819,-0.573837,-0.279446][0.538925,0.077462,0][0.155827,0.215998,-0.0719287][0.943913,-0.303112,-0.130967][0.504413,0.08137,0][0.128759,0.154198,-0.0114801][0.849305,-0.524664,0.0583881][0.510077,0.045871,0][0.100116,0.120934,-0.0322763][0.696908,-0.711051,-0.0934094][0.542032,0.04187,0][0.0771858,0.104299,-0.0462025][0.580065,-0.790366,-0.197094][0.564389,0.041503,0][0.0884906,0.144356,-0.126059][0.524147,-0.727829,-0.442194][0.567686,0.076866,0][0.0884906,0.144356,-0.126059][0.524147,-0.727829,-0.442194][0.567686,0.076866,0][0.126413,0.169256,-0.104939][0.769819,-0.573837,-0.279446][0.538925,0.077462,0][0.100116,0.120934,-0.0322763][0.696908,-0.711051,-0.0934094][0.542032,0.04187,0][0.0488382,0.0907811,-0.0563212][0.361384,-0.871656,-0.331085][0.585778,0.041537,0][0.0459649,0.132215,-0.138351][0.268162,-0.781771,-0.562959][0.590058,0.077689,0][0.0884906,0.144356,-0.126059][0.524147,-0.727829,-0.442194][0.567686,0.076866,0][0.0884906,0.144356,-0.126059][0.524147,-0.727829,-0.442194][0.567686,0.076866,0][0.0771858,0.104299,-0.0462025][0.580065,-0.790366,-0.197094][0.564389,0.041503,0][0.0488382,0.0907811,-0.0563212][0.361384,-0.871656,-0.331085][0.585778,0.041537,0][0.163816,0.25882,-0.0622591][0.988368,-0.0872121,-0.124587][0.487576,0.091175,0][0.155827,0.215998,-0.0719287][0.943913,-0.303112,-0.130967][0.504413,0.08137,0][0.155074,0.265896,-0.114026][0.955631,0.0112359,-0.294352][0.499546,0.110757,0][0.155074,0.265896,-0.114026][0.955631,0.0112359,-0.294352][0.499546,0.110757,0][0.15349,0.300745,-0.0938042][0.921931,0.268834,-0.278875][0.482688,0.115473,0][0.163816,0.25882,-0.0622591][0.988368,-0.0872121,-0.124587][0.487576,0.091175,0][0.0459649,0.132215,-0.138351][0.268162,-0.781771,-0.562959][0.590058,0.077689,0][0.0488382,0.0907811,-0.0563212][0.361384,-0.871656,-0.331085][0.585778,0.041537,0][0.00768304,0.10466,-0.109592][0.227624,-0.847921,-0.478767][0.605243,0.06271,0][0.00768304,0.10466,-0.109592][0.227624,-0.847921,-0.478767][0.605243,0.06271,0][0.00708931,0.141856,-0.159492][-0.181833,-0.715218,-0.674833][0.605156,0.087286,0][0.0459649,0.132215,-0.138351][0.268162,-0.781771,-0.562959][0.590058,0.077689,0][0.0334564,0.0941269,-0.0397611][-0.44784,0.812483,0.373244][0.400596,0.030957,0][0.0604854,0.108744,-0.0266543][-0.628716,0.738282,0.244246][0.417061,0.033623,0][0.0712649,0.154651,-0.115753][-0.564396,0.671583,0.480035][0.412548,0.069757,0][0.0712649,0.154651,-0.115753][-0.564396,0.671583,0.480035][0.412548,0.069757,0][0.0289063,0.141309,-0.132783][-0.311235,0.729171,0.609461][0.393617,0.067913,0][0.0334564,0.0941269,-0.0397611][-0.44784,0.812483,0.373244][0.400596,0.030957,0][0.0834639,0.125795,-0.0118136][-0.709127,0.686519,0.160722][0.432499,0.034478,0][0.110924,0.180815,-0.0924644][-0.765876,0.545414,0.340527][0.432945,0.070768,0][0.0712649,0.154651,-0.115753][-0.564396,0.671583,0.480035][0.412548,0.069757,0][0.0712649,0.154651,-0.115753][-0.564396,0.671583,0.480035][0.412548,0.069757,0][0.0604854,0.108744,-0.0266543][-0.628716,0.738282,0.244246][0.417061,0.033623,0][0.0834639,0.125795,-0.0118136][-0.709127,0.686519,0.160722][0.432499,0.034478,0][0.110924,0.180815,-0.0924644][-0.765876,0.545414,0.340527][0.432945,0.070768,0][0.0834639,0.125795,-0.0118136][-0.709127,0.686519,0.160722][0.432499,0.034478,0][0.114819,0.160303,0.00720905][-0.849126,0.527805,0.020181][0.453504,0.035175,0][0.114819,0.160303,0.00720905][-0.849126,0.527805,0.020181][0.453504,0.035175,0][0.144454,0.231131,-0.0618786][-0.941441,0.272091,0.199138][0.456008,0.071592,0][0.110924,0.180815,-0.0924644][-0.765876,0.545414,0.340527][0.432945,0.070768,0][0.0189217,0.200717,-0.183515][-0.183307,0.480157,0.857816][0.387182,0.101984,0][-0.00910046,0.202624,-0.187998][-0.0831597,0.386317,0.91861][0.374249,0.101922,0][-0.013511,0.154909,-0.156304][-0.168803,0.65496,0.736568][0.37604,0.073775,0][-0.013511,0.154909,-0.156304][-0.168803,0.65496,0.736568][0.37604,0.073775,0][0.0289063,0.141309,-0.132783][-0.311235,0.729171,0.609461][0.393617,0.067913,0][0.0189217,0.200717,-0.183515][-0.183307,0.480157,0.857816][0.387182,0.101984,0][0.145012,0.220753,-0.00200298][-0.924479,0.378067,0.0490365][0.467165,0.047729,0][0.150707,0.279135,-0.0531568][-0.978282,0.0328976,0.20465][0.467896,0.077728,0][0.144454,0.231131,-0.0618786][-0.941441,0.272091,0.199138][0.456008,0.071592,0][0.144454,0.231131,-0.0618786][-0.941441,0.272091,0.199138][0.456008,0.071592,0][0.114819,0.160303,0.00720905][-0.849126,0.527805,0.020181][0.453504,0.035175,0][0.145012,0.220753,-0.00200298][-0.924479,0.378067,0.0490365][0.467165,0.047729,0][-0.0914269,0.248076,-0.144541][-0.790365,-0.00869195,-0.612574][0.5942,0.107286,0][-0.0997327,0.200762,-0.115661][-0.809758,-0.34603,-0.473873][0.590058,0.077689,0][-0.113985,0.236693,-0.106257][-0.958204,0.0286306,-0.284648][0.605156,0.087286,0][-0.113985,0.236693,-0.106257][-0.958204,0.0286306,-0.284648][0.605156,0.087286,0][-0.0987411,0.267212,-0.131509][-0.87391,0.257232,-0.412449][0.605579,0.109696,0][-0.0914269,0.248076,-0.144541][-0.790365,-0.00869195,-0.612574][0.5942,0.107286,0][-0.0819428,0.284069,-0.143968][-0.560622,0.448076,-0.69637][0.604656,0.125388,0][-0.0987411,0.267212,-0.131509][-0.87391,0.257232,-0.412449][0.605579,0.109696,0][-0.0906323,0.287978,-0.132617][-0.636265,0.423051,-0.645132][0.611014,0.120465,0][-0.0696284,0.220567,-0.165665][-0.643322,-0.264102,-0.718601][0.570692,0.104796,0][-0.0672113,0.241054,-0.170861][-0.655846,-0.0601811,-0.752492][0.574001,0.117318,0][-0.0276949,0.223465,-0.191202][-0.270605,-0.288289,-0.918511][0.536719,0.118795,0][-0.0276949,0.223465,-0.191202][-0.270605,-0.288289,-0.918511][0.536719,0.118795,0][-0.0278172,0.203114,-0.184177][-0.26212,-0.445879,-0.855854][0.536302,0.105319,0][-0.0696284,0.220567,-0.165665][-0.643322,-0.264102,-0.718601][0.570692,0.104796,0][-0.0276949,0.223465,-0.191202][-0.270605,-0.288289,-0.918511][0.536719,0.118795,0][0.0237678,0.233113,-0.194846][0.019024,0.0716221,-0.997251][0.498619,0.124681,0][0.0281368,0.211402,-0.18933][0.12055,-0.380652,-0.916827][0.499546,0.110757,0][0.0281368,0.211402,-0.18933][0.12055,-0.380652,-0.916827][0.499546,0.110757,0][-0.0278172,0.203114,-0.184177][-0.26212,-0.445879,-0.855854][0.536302,0.105319,0][-0.0276949,0.223465,-0.191202][-0.270605,-0.288289,-0.918511][0.536719,0.118795,0][0.057916,0.226545,-0.186012][0.258696,-0.238141,-0.936144][0.482688,0.115473,0][0.0281368,0.211402,-0.18933][0.12055,-0.380652,-0.916827][0.499546,0.110757,0][0.0237678,0.233113,-0.194846][0.019024,0.0716221,-0.997251][0.498619,0.124681,0][0.0237678,0.233113,-0.194846][0.019024,0.0716221,-0.997251][0.498619,0.124681,0][0.0559063,0.247387,-0.188368][0.108252,0.208128,-0.972093][0.47897,0.127468,0][0.057916,0.226545,-0.186012][0.258696,-0.238141,-0.936144][0.482688,0.115473,0][-0.0805184,0.27717,-0.149064][-0.524979,0.354146,-0.773937][0.600008,0.124588,0][-0.0914269,0.248076,-0.144541][-0.790365,-0.00869195,-0.612574][0.5942,0.107286,0][-0.0987411,0.267212,-0.131509][-0.87391,0.257232,-0.412449][0.605579,0.109696,0][-0.0987411,0.267212,-0.131509][-0.87391,0.257232,-0.412449][0.605579,0.109696,0][-0.0819428,0.284069,-0.143968][-0.560622,0.448076,-0.69637][0.604656,0.125388,0][-0.0805184,0.27717,-0.149064][-0.524979,0.354146,-0.773937][0.600008,0.124588,0][-0.0997327,0.200762,-0.115661][-0.809758,-0.34603,-0.473873][0.590058,0.077689,0][-0.0914269,0.248076,-0.144541][-0.790365,-0.00869195,-0.612574][0.5942,0.107286,0][-0.0696284,0.220567,-0.165665][-0.643322,-0.264102,-0.718601][0.570692,0.104796,0][-0.0696284,0.220567,-0.165665][-0.643322,-0.264102,-0.718601][0.570692,0.104796,0][-0.0716286,0.177648,-0.137157][-0.615544,-0.529031,-0.58415][0.567686,0.076866,0][-0.0997327,0.200762,-0.115661][-0.809758,-0.34603,-0.473873][0.590058,0.077689,0][-0.0914269,0.248076,-0.144541][-0.790365,-0.00869195,-0.612574][0.5942,0.107286,0][-0.0805184,0.27717,-0.149064][-0.524979,0.354146,-0.773937][0.600008,0.124588,0][-0.0672113,0.241054,-0.170861][-0.655846,-0.0601811,-0.752492][0.574001,0.117318,0][-0.0672113,0.241054,-0.170861][-0.655846,-0.0601811,-0.752492][0.574001,0.117318,0][-0.0696284,0.220567,-0.165665][-0.643322,-0.264102,-0.718601][0.570692,0.104796,0][-0.0914269,0.248076,-0.144541][-0.790365,-0.00869195,-0.612574][0.5942,0.107286,0][-0.0895109,0.142984,-0.0651598][-0.735467,-0.574977,-0.358454][0.585778,0.041537,0][-0.0756631,0.11372,-0.0328953][-0.574787,-0.738907,-0.351621][0.583661,0.020339,0][-0.0925916,0.131647,-0.0357327][-0.721446,-0.61748,-0.313423][0.593827,0.028261,0][-0.0925916,0.131647,-0.0357327][-0.721446,-0.61748,-0.313423][0.593827,0.028261,0][-0.119046,0.198942,-0.0707983][-0.84075,-0.402183,-0.362475][0.605243,0.06271,0][-0.0895109,0.142984,-0.0651598][-0.735467,-0.574977,-0.358454][0.585778,0.041537,0][-0.0278172,0.203114,-0.184177][-0.26212,-0.445879,-0.855854][0.536302,0.105319,0][0.0281368,0.211402,-0.18933][0.12055,-0.380652,-0.916827][0.499546,0.110757,0][0.0263843,0.165409,-0.160011][0.092409,-0.659154,-0.746309][0.504413,0.08137,0][0.0263843,0.165409,-0.160011][0.092409,-0.659154,-0.746309][0.504413,0.08137,0][-0.0311553,0.162921,-0.153286][-0.27626,-0.666679,-0.692257][0.538925,0.077462,0][-0.0278172,0.203114,-0.184177][-0.26212,-0.445879,-0.855854][0.536302,0.105319,0][0.0263843,0.165409,-0.160011][0.092409,-0.659154,-0.746309][0.504413,0.08137,0][0.0586817,0.185822,-0.16642][0.240963,-0.549825,-0.799768][0.487576,0.091175,0][0.056222,0.143021,-0.126583][0.19557,-0.750626,-0.631121][0.489712,0.063637,0][0.056222,0.143021,-0.126583][0.19557,-0.750626,-0.631121][0.489712,0.063637,0][0.0177824,0.116121,-0.102724][0.0531312,-0.823454,-0.564891][0.510077,0.045871,0][0.0263843,0.165409,-0.160011][0.092409,-0.659154,-0.746309][0.504413,0.08137,0][0.0177824,0.116121,-0.102724][0.0531312,-0.823454,-0.564891][0.510077,0.045871,0][0.056222,0.143021,-0.126583][0.19557,-0.750626,-0.631121][0.489712,0.063637,0][0.0246895,0.0907837,-0.058541][0.0487996,-0.863135,-0.50261][0.50461,0.022942,0][0.0246895,0.0907837,-0.058541][0.0487996,-0.863135,-0.50261][0.50461,0.022942,0][0.0120564,0.0881147,-0.053661][0.0138586,-0.973635,-0.227692][0.513894,0.019506,0][0.0177824,0.116121,-0.102724][0.0531312,-0.823454,-0.564891][0.510077,0.045871,0][-0.0307026,0.117212,-0.093615][-0.279259,-0.810137,-0.515455][0.542032,0.04187,0][0.0177824,0.116121,-0.102724][0.0531312,-0.823454,-0.564891][0.510077,0.045871,0][0.0120564,0.0881147,-0.053661][0.0138586,-0.973635,-0.227692][0.513894,0.019506,0][0.0120564,0.0881147,-0.053661][0.0138586,-0.973635,-0.227692][0.513894,0.019506,0][-0.0247841,0.0891454,-0.0406246][-0.209876,-0.958337,-0.193761][0.544139,0.013759,0][-0.0307026,0.117212,-0.093615][-0.279259,-0.810137,-0.515455][0.542032,0.04187,0][-0.0756631,0.11372,-0.0328953][-0.574787,-0.738907,-0.351621][0.583661,0.020339,0][-0.0895109,0.142984,-0.0651598][-0.735467,-0.574977,-0.358454][0.585778,0.041537,0][-0.0616484,0.127196,-0.0827762][-0.52209,-0.724942,-0.449313][0.564389,0.041503,0][-0.0616484,0.127196,-0.0827762][-0.52209,-0.724942,-0.449313][0.564389,0.041503,0][-0.0461729,0.0947879,-0.032928][-0.436914,-0.894829,-0.0915851][0.56245,0.012873,0][-0.0756631,0.11372,-0.0328953][-0.574787,-0.738907,-0.351621][0.583661,0.020339,0][-0.0716286,0.177648,-0.137157][-0.615544,-0.529031,-0.58415][0.567686,0.076866,0][-0.0696284,0.220567,-0.165665][-0.643322,-0.264102,-0.718601][0.570692,0.104796,0][-0.0278172,0.203114,-0.184177][-0.26212,-0.445879,-0.855854][0.536302,0.105319,0][-0.0278172,0.203114,-0.184177][-0.26212,-0.445879,-0.855854][0.536302,0.105319,0][-0.0311553,0.162921,-0.153286][-0.27626,-0.666679,-0.692257][0.538925,0.077462,0][-0.0716286,0.177648,-0.137157][-0.615544,-0.529031,-0.58415][0.567686,0.076866,0][-0.0461729,0.0947879,-0.032928][-0.436914,-0.894829,-0.0915851][0.56245,0.012873,0][-0.0616484,0.127196,-0.0827762][-0.52209,-0.724942,-0.449313][0.564389,0.041503,0][-0.0307026,0.117212,-0.093615][-0.279259,-0.810137,-0.515455][0.542032,0.04187,0][-0.0307026,0.117212,-0.093615][-0.279259,-0.810137,-0.515455][0.542032,0.04187,0][-0.0247841,0.0891454,-0.0406246][-0.209876,-0.958337,-0.193761][0.544139,0.013759,0][-0.0461729,0.0947879,-0.032928][-0.436914,-0.894829,-0.0915851][0.56245,0.012873,0][-0.0962921,0.215362,-0.104282][0.776093,0.35534,0.520972][0.393617,0.067913,0][-0.110038,0.255354,-0.0960606][0.829762,0.145038,0.538943][0.37604,0.073775,0][-0.117308,0.211674,-0.0565173][0.807545,0.437606,0.395438][0.37898,0.045992,0][-0.117308,0.211674,-0.0565173][0.807545,0.437606,0.395438][0.37898,0.045992,0][-0.0826558,0.151661,-0.0440405][0.666238,0.589943,0.456173][0.400596,0.030957,0][-0.0962921,0.215362,-0.104282][0.776093,0.35534,0.520972][0.393617,0.067913,0][-0.0668302,0.305746,-0.136381][0.650592,-0.383633,0.655405][0.375463,0.122941,0][-0.0767803,0.308285,-0.126547][0.62669,-0.311186,0.714439][0.366882,0.114582,0][-0.0891646,0.288525,-0.124291][0.730393,-0.171155,0.661236][0.374249,0.101922,0][0.0281622,0.257615,-0.184929][-0.0568962,0.170848,0.983653][0.458732,0.122101,0][-0.0208219,0.245918,-0.182698][-0.069416,0.459593,0.885413][0.433431,0.119093,0][-0.0185142,0.228783,-0.173622][0.260249,0.466698,0.84526][0.433349,0.103579,0][-0.0185142,0.228783,-0.173622][0.260249,0.466698,0.84526][0.433349,0.103579,0][0.0362661,0.23541,-0.180402][-0.0706578,0.327265,0.942287][0.458312,0.105105,0][0.0281622,0.257615,-0.184929][-0.0568962,0.170848,0.983653][0.458732,0.122101,0][0.0642535,0.249218,-0.17813][-0.21621,0.166975,0.961963][0.471023,0.106505,0][0.0571823,0.27253,-0.177845][-0.200991,-0.0728776,0.976879][0.473671,0.121452,0][0.0281622,0.257615,-0.184929][-0.0568962,0.170848,0.983653][0.458732,0.122101,0][0.0281622,0.257615,-0.184929][-0.0568962,0.170848,0.983653][0.458732,0.122101,0][0.0362661,0.23541,-0.180402][-0.0706578,0.327265,0.942287][0.458312,0.105105,0][0.0642535,0.249218,-0.17813][-0.21621,0.166975,0.961963][0.471023,0.106505,0][-0.0208219,0.245918,-0.182698][0.524543,0.406024,0.748331][0.433431,0.119093,0][-0.0580249,0.264358,-0.16204][0.675944,0.0944921,0.73087][0.406234,0.117072,0][-0.0603011,0.246118,-0.155133][0.636547,0.275797,0.720239][0.408453,0.102543,0][-0.0603011,0.246118,-0.155133][0.636547,0.275797,0.720239][0.408453,0.102543,0][-0.0185142,0.228783,-0.173622][0.260249,0.466698,0.84526][0.433349,0.103579,0][-0.0208219,0.245918,-0.182698][0.524543,0.406024,0.748331][0.433431,0.119093,0][-0.0580249,0.264358,-0.16204][0.675944,0.0944921,0.73087][0.406234,0.117072,0][-0.0666053,0.299422,-0.140982][0.668638,-0.326664,0.667992][0.381116,0.122775,0][-0.0820498,0.271579,-0.135661][0.750536,-0.0339784,0.659956][0.387182,0.101984,0][-0.0820498,0.271579,-0.135661][0.750536,-0.0339784,0.659956][0.387182,0.101984,0][-0.0603011,0.246118,-0.155133][0.636547,0.275797,0.720239][0.408453,0.102543,0][-0.0580249,0.264358,-0.16204][0.675944,0.0944921,0.73087][0.406234,0.117072,0][-0.0666053,0.299422,-0.140982][0.668638,-0.326664,0.667992][0.381116,0.122775,0][-0.0668302,0.305746,-0.136381][0.650592,-0.383633,0.655405][0.375463,0.122941,0][-0.0891646,0.288525,-0.124291][0.730393,-0.171155,0.661236][0.374249,0.101922,0][-0.0891646,0.288525,-0.124291][0.730393,-0.171155,0.661236][0.374249,0.101922,0][-0.0820498,0.271579,-0.135661][0.750536,-0.0339784,0.659956][0.387182,0.101984,0][-0.0666053,0.299422,-0.140982][0.668638,-0.326664,0.667992][0.381116,0.122775,0][-0.0826558,0.151661,-0.0440405][0.666238,0.589943,0.456173][0.400596,0.030957,0][-0.117308,0.211674,-0.0565173][0.807545,0.437606,0.395438][0.37898,0.045992,0][-0.0866414,0.135296,-0.0170124][0.663119,0.592964,0.456801][0.396003,0.01874,0][-0.0866414,0.135296,-0.0170124][0.663119,0.592964,0.456801][0.396003,0.01874,0][-0.0689715,0.115338,-0.0144748][0.56031,0.653215,0.509277][0.405605,0.015719,0][-0.0826558,0.151661,-0.0440405][0.666238,0.589943,0.456173][0.400596,0.030957,0][-0.0652427,0.192078,-0.122853][0.575499,0.540991,0.613294][0.412548,0.069757,0][-0.0223586,0.176649,-0.138755][0.289551,0.658309,0.694831][0.432945,0.070768,0][-0.0185142,0.228783,-0.173622][0.260249,0.466698,0.84526][0.433349,0.103579,0][-0.0185142,0.228783,-0.173622][0.260249,0.466698,0.84526][0.433349,0.103579,0][-0.0603011,0.246118,-0.155133][0.636547,0.275797,0.720239][0.408453,0.102543,0][-0.0652427,0.192078,-0.122853][0.575499,0.540991,0.613294][0.412548,0.069757,0][-0.0185142,0.228783,-0.173622][0.260249,0.466698,0.84526][0.433349,0.103579,0][-0.0223586,0.176649,-0.138755][0.289551,0.658309,0.694831][0.432945,0.070768,0][0.0368659,0.179576,-0.150019][-0.0637341,0.644136,0.762251][0.456008,0.071592,0][0.0368659,0.179576,-0.150019][-0.0637341,0.644136,0.762251][0.456008,0.071592,0][0.0362661,0.23541,-0.180402][-0.0706578,0.327265,0.942287][0.458312,0.105105,0][-0.0185142,0.228783,-0.173622][0.260249,0.466698,0.84526][0.433349,0.103579,0][0.0705615,0.203839,-0.157867][-0.215202,0.511057,0.832172][0.467896,0.077728,0][0.0642535,0.249218,-0.17813][-0.21621,0.166975,0.961963][0.471023,0.106505,0][0.0362661,0.23541,-0.180402][-0.0706578,0.327265,0.942287][0.458312,0.105105,0][0.0362661,0.23541,-0.180402][-0.0706578,0.327265,0.942287][0.458312,0.105105,0][0.0368659,0.179576,-0.150019][-0.0637341,0.644136,0.762251][0.456008,0.071592,0][0.0705615,0.203839,-0.157867][-0.215202,0.511057,0.832172][0.467896,0.077728,0][0.0309893,0.0927943,-0.038712][-0.00449994,0.795436,0.606022][0.458513,0.016989,0][0.0684519,0.15403,-0.112787][-0.138953,0.758579,0.636592][0.467165,0.047729,0][0.0286714,0.125121,-0.0811599][0.0315802,0.7922,0.609444][0.453504,0.035175,0][0.0286714,0.125121,-0.0811599][0.0315802,0.7922,0.609444][0.453504,0.035175,0][0.0182078,0.0895403,-0.034133][0.120835,0.776806,0.618038][0.452686,0.016468,0][0.0309893,0.0927943,-0.038712][-0.00449994,0.795436,0.606022][0.458513,0.016989,0][-0.0201626,0.126639,-0.0690188][0.287731,0.761679,0.580566][0.432499,0.034478,0][-0.0189031,0.0891688,-0.0235496][0.283523,0.743893,0.605177][0.433828,0.015619,0][0.0182078,0.0895403,-0.034133][0.120835,0.776806,0.618038][0.452686,0.016468,0][0.0182078,0.0895403,-0.034133][0.120835,0.776806,0.618038][0.452686,0.016468,0][0.0286714,0.125121,-0.0811599][0.0315802,0.7922,0.609444][0.453504,0.035175,0][-0.0201626,0.126639,-0.0690188][0.287731,0.761679,0.580566][0.432499,0.034478,0][-0.0201626,0.126639,-0.0690188][0.287731,0.761679,0.580566][0.432499,0.034478,0][-0.0522679,0.136644,-0.0588787][0.48856,0.695424,0.526968][0.417061,0.033623,0][-0.0402403,0.094564,-0.0164791][0.438193,0.701814,0.561645][0.421866,0.014427,0][-0.0402403,0.094564,-0.0164791][0.438193,0.701814,0.561645][0.421866,0.014427,0][-0.0189031,0.0891688,-0.0235496][0.283523,0.743893,0.605177][0.433828,0.015619,0][-0.0201626,0.126639,-0.0690188][0.287731,0.761679,0.580566][0.432499,0.034478,0][-0.0962921,0.215362,-0.104282][0.776093,0.35534,0.520972][0.393617,0.067913,0][-0.0652427,0.192078,-0.122853][0.575499,0.540991,0.613294][0.412548,0.069757,0][-0.0603011,0.246118,-0.155133][0.636547,0.275797,0.720239][0.408453,0.102543,0][-0.0603011,0.246118,-0.155133][0.636547,0.275797,0.720239][0.408453,0.102543,0][-0.0820498,0.271579,-0.135661][0.750536,-0.0339784,0.659956][0.387182,0.101984,0][-0.0962921,0.215362,-0.104282][0.776093,0.35534,0.520972][0.393617,0.067913,0][-0.0522679,0.136644,-0.0588787][0.48856,0.695424,0.526968][0.417061,0.033623,0][-0.0826558,0.151661,-0.0440405][0.666238,0.589943,0.456173][0.400596,0.030957,0][-0.0689715,0.115338,-0.0144748][0.56031,0.653215,0.509277][0.405605,0.015719,0][-0.0689715,0.115338,-0.0144748][0.56031,0.653215,0.509277][0.405605,0.015719,0][-0.0402403,0.094564,-0.0164791][0.438193,0.701814,0.561645][0.421866,0.014427,0][-0.0522679,0.136644,-0.0588787][0.48856,0.695424,0.526968][0.417061,0.033623,0][-0.117308,0.211674,-0.0565173][-0.988479,-0.0181274,0.15027][0.606555,0.062935,0][-0.110038,0.255354,-0.0960606][-0.952746,0.286734,-0.100294][0.60635,0.090433,0][-0.113985,0.236693,-0.106257][-0.958204,0.0286306,-0.284648][0.605156,0.087286,0][-0.113985,0.236693,-0.106257][-0.958204,0.0286306,-0.284648][0.605156,0.087286,0][-0.119046,0.198942,-0.0707983][-0.985401,-0.0485516,0.163177][0.605243,0.06271,0][-0.117308,0.211674,-0.0565173][-0.988479,-0.0181274,0.15027][0.606555,0.062935,0][-0.110038,0.255354,-0.0960606][-0.952746,0.286734,-0.100294][0.60635,0.090433,0][-0.0891646,0.288525,-0.124291][-0.883265,0.465193,0.0586438][0.606823,0.115892,0][-0.0987411,0.267212,-0.131509][-0.87391,0.257232,-0.412449][0.605579,0.109696,0][-0.0987411,0.267212,-0.131509][-0.87391,0.257232,-0.412449][0.605579,0.109696,0][-0.113985,0.236693,-0.106257][-0.958204,0.0286306,-0.284648][0.605156,0.087286,0][-0.110038,0.255354,-0.0960606][-0.952746,0.286734,-0.100294][0.60635,0.090433,0][-0.0891646,0.288525,-0.124291][-0.883265,0.465193,0.0586438][0.606823,0.115892,0][-0.0767803,0.308285,-0.126547][-0.836179,0.536867,0.112151][0.612544,0.128122,0][-0.0906323,0.287978,-0.132617][-0.889019,0.439659,0.127849][0.611014,0.120465,0][-0.0906323,0.287978,-0.132617][-0.889019,0.439659,0.127849][0.611014,0.120465,0][-0.0987411,0.267212,-0.131509][-0.87391,0.257232,-0.412449][0.605579,0.109696,0][-0.0891646,0.288525,-0.124291][-0.883265,0.465193,0.0586438][0.606823,0.115892,0][-0.0668302,0.305746,-0.136381][-0.481257,0.55415,-0.679198][0.605989,0.134025,0][-0.0819428,0.284069,-0.143968][-0.560622,0.448076,-0.69637][0.604656,0.125388,0][-0.0906323,0.287978,-0.132617][-0.636265,0.423051,-0.645132][0.611014,0.120465,0][-0.0906323,0.287978,-0.132617][-0.636265,0.423051,-0.645132][0.611014,0.120465,0][-0.0767803,0.308285,-0.126547][-0.513298,0.547642,-0.660767][0.612544,0.128122,0][-0.0668302,0.305746,-0.136381][-0.481257,0.55415,-0.679198][0.605989,0.134025,0][-0.0672113,0.241054,-0.170861][-0.262646,0.4262,-0.865662][0.574001,0.117318,0][-0.0580249,0.264358,-0.16204][-0.255036,0.434915,-0.8636][0.574375,0.12475,0][-0.0208219,0.245918,-0.182698][-0.198474,0.403367,-0.893254][0.535961,0.126036,0][-0.0208219,0.245918,-0.182698][-0.198474,0.403367,-0.893254][0.535961,0.126036,0][-0.0276949,0.223465,-0.191202][-0.206374,0.401186,-0.892446][0.536719,0.118795,0][-0.0672113,0.241054,-0.170861][-0.262646,0.4262,-0.865662][0.574001,0.117318,0][-0.0208219,0.245918,-0.182698][-0.198474,0.403367,-0.893254][0.535961,0.126036,0][0.0281622,0.257615,-0.184929][-0.031564,0.383417,-0.923036][0.496747,0.132796,0][0.0237678,0.233113,-0.194846][0.019024,0.0716221,-0.997251][0.498619,0.124681,0][0.0237678,0.233113,-0.194846][0.019024,0.0716221,-0.997251][0.498619,0.124681,0][-0.0276949,0.223465,-0.191202][-0.206374,0.401186,-0.892446][0.536719,0.118795,0][-0.0208219,0.245918,-0.182698][-0.198474,0.403367,-0.893254][0.535961,0.126036,0][0.0281622,0.257615,-0.184929][-0.031564,0.383417,-0.923036][0.496747,0.132796,0][0.0571823,0.27253,-0.177845][0.0274646,0.384736,-0.922618][0.476666,0.135923,0][0.0559063,0.247387,-0.188368][0.108252,0.208128,-0.972093][0.47897,0.127468,0][0.0559063,0.247387,-0.188368][0.108252,0.208128,-0.972093][0.47897,0.127468,0][0.0237678,0.233113,-0.194846][0.019024,0.0716221,-0.997251][0.498619,0.124681,0][0.0281622,0.257615,-0.184929][-0.031564,0.383417,-0.923036][0.496747,0.132796,0][0.0642535,0.249218,-0.17813][0.793806,0.0851597,-0.602179][0.480413,0.122052,0][0.057916,0.226545,-0.186012][0.849217,-0.0998571,-0.518516][0.482688,0.115473,0][0.0559063,0.247387,-0.188368][0.762702,0.0978359,-0.639307][0.47897,0.127468,0][0.0559063,0.247387,-0.188368][0.762702,0.0978359,-0.639307][0.47897,0.127468,0][0.0571823,0.27253,-0.177845][0.733643,0.23033,-0.639309][0.476666,0.135923,0][0.0642535,0.249218,-0.17813][0.793806,0.0851597,-0.602179][0.480413,0.122052,0][-0.0666053,0.299422,-0.140982][-0.350351,0.515422,-0.782045][0.601224,0.133089,0][-0.0805184,0.27717,-0.149064][-0.524979,0.354146,-0.773937][0.600008,0.124588,0][-0.0819428,0.284069,-0.143968][-0.560622,0.448076,-0.69637][0.604656,0.125388,0][-0.0819428,0.284069,-0.143968][-0.560622,0.448076,-0.69637][0.604656,0.125388,0][-0.0668302,0.305746,-0.136381][-0.481257,0.55415,-0.679198][0.605989,0.134025,0][-0.0666053,0.299422,-0.140982][-0.350351,0.515422,-0.782045][0.601224,0.133089,0][-0.0805184,0.27717,-0.149064][-0.524979,0.354146,-0.773937][0.600008,0.124588,0][-0.0666053,0.299422,-0.140982][-0.350351,0.515422,-0.782045][0.601224,0.133089,0][-0.0580249,0.264358,-0.16204][-0.255036,0.434915,-0.8636][0.574375,0.12475,0][-0.0580249,0.264358,-0.16204][-0.255036,0.434915,-0.8636][0.574375,0.12475,0][-0.0672113,0.241054,-0.170861][-0.262646,0.4262,-0.865662][0.574001,0.117318,0][-0.0805184,0.27717,-0.149064][-0.524979,0.354146,-0.773937][0.600008,0.124588,0][-0.0866414,0.135296,-0.0170124][-0.823566,-0.452506,0.342019][0.594844,0.024575,0][-0.0925916,0.131647,-0.0357327][-0.856622,-0.383956,0.34464][0.593827,0.028261,0][-0.0756631,0.11372,-0.0328953][-0.644708,-0.701469,0.303796][0.583661,0.020339,0][-0.0756631,0.11372,-0.0328953][-0.644708,-0.701469,0.303796][0.583661,0.020339,0][-0.0689715,0.115338,-0.0144748][-0.624835,-0.729758,0.277549][0.584485,0.01578,0][-0.0866414,0.135296,-0.0170124][-0.823566,-0.452506,0.342019][0.594844,0.024575,0][-0.117308,0.211674,-0.0565173][-0.988479,-0.0181274,0.15027][0.606555,0.062935,0][-0.119046,0.198942,-0.0707983][-0.985401,-0.0485516,0.163177][0.605243,0.06271,0][-0.0925916,0.131647,-0.0357327][-0.856622,-0.383956,0.34464][0.593827,0.028261,0][-0.0925916,0.131647,-0.0357327][-0.856622,-0.383956,0.34464][0.593827,0.028261,0][-0.0866414,0.135296,-0.0170124][-0.823566,-0.452506,0.342019][0.594844,0.024575,0][-0.117308,0.211674,-0.0565173][-0.988479,-0.0181274,0.15027][0.606555,0.062935,0][0.0705615,0.203839,-0.157867][0.831019,-0.276521,-0.482642][0.485402,0.09461,0][0.0586817,0.185822,-0.16642][0.827569,-0.341667,-0.445413][0.487576,0.091175,0][0.057916,0.226545,-0.186012][0.849217,-0.0998571,-0.518516][0.482688,0.115473,0][0.057916,0.226545,-0.186012][0.849217,-0.0998571,-0.518516][0.482688,0.115473,0][0.0642535,0.249218,-0.17813][0.793806,0.0851597,-0.602179][0.480413,0.122052,0][0.0705615,0.203839,-0.157867][0.831019,-0.276521,-0.482642][0.485402,0.09461,0][0.0684519,0.15403,-0.112787][0.798973,-0.534223,-0.27613][0.487466,0.063691,0][0.056222,0.143021,-0.126583][0.796449,-0.537438,-0.277182][0.489712,0.063637,0][0.0586817,0.185822,-0.16642][0.827569,-0.341667,-0.445413][0.487576,0.091175,0][0.0586817,0.185822,-0.16642][0.827569,-0.341667,-0.445413][0.487576,0.091175,0][0.0705615,0.203839,-0.157867][0.831019,-0.276521,-0.482642][0.485402,0.09461,0][0.0684519,0.15403,-0.112787][0.798973,-0.534223,-0.27613][0.487466,0.063691,0][0.0684519,0.15403,-0.112787][0.798973,-0.534223,-0.27613][0.487466,0.063691,0][0.0309893,0.0927943,-0.038712][0.737387,-0.654262,-0.167933][0.502452,0.018408,0][0.0246895,0.0907837,-0.058541][0.738645,-0.653368,-0.165874][0.50461,0.022942,0][0.0246895,0.0907837,-0.058541][0.738645,-0.653368,-0.165874][0.50461,0.022942,0][0.056222,0.143021,-0.126583][0.796449,-0.537438,-0.277182][0.489712,0.063637,0][0.0684519,0.15403,-0.112787][0.798973,-0.534223,-0.27613][0.487466,0.063691,0][0.0309893,0.0927943,-0.038712][0.234508,-0.972087,0.00729723][0.502452,0.018408,0][0.0182078,0.0895403,-0.034133][0.137544,-0.990072,0.0289539][0.512047,0.014644,0][0.0120564,0.0881147,-0.053661][0.0138586,-0.973635,-0.227692][0.513894,0.019506,0][0.0120564,0.0881147,-0.053661][0.0138586,-0.973635,-0.227692][0.513894,0.019506,0][0.0246895,0.0907837,-0.058541][0.217619,-0.97558,0.0297805][0.50461,0.022942,0][0.0309893,0.0927943,-0.038712][0.234508,-0.972087,0.00729723][0.502452,0.018408,0][0.0120564,0.0881147,-0.053661][0.0138586,-0.973635,-0.227692][0.513894,0.019506,0][0.0182078,0.0895403,-0.034133][0.137544,-0.990072,0.0289539][0.512047,0.014644,0][-0.0189031,0.0891688,-0.0235496][-0.112885,-0.992271,0.0515406][0.543568,0.008642,0][-0.0189031,0.0891688,-0.0235496][-0.112885,-0.992271,0.0515406][0.543568,0.008642,0][-0.0247841,0.0891454,-0.0406246][-0.209876,-0.958337,-0.193761][0.544139,0.013759,0][0.0120564,0.0881147,-0.053661][0.0138586,-0.973635,-0.227692][0.513894,0.019506,0][-0.0247841,0.0891454,-0.0406246][-0.209876,-0.958337,-0.193761][0.544139,0.013759,0][-0.0189031,0.0891688,-0.0235496][-0.112885,-0.992271,0.0515406][0.543568,0.008642,0][-0.0402403,0.094564,-0.0164791][-0.388956,-0.911979,0.130414][0.562709,0.007782,0][-0.0402403,0.094564,-0.0164791][-0.388956,-0.911979,0.130414][0.562709,0.007782,0][-0.0461729,0.0947879,-0.032928][-0.436914,-0.894829,-0.0915851][0.56245,0.012873,0][-0.0247841,0.0891454,-0.0406246][-0.209876,-0.958337,-0.193761][0.544139,0.013759,0][-0.0461729,0.0947879,-0.032928][-0.436914,-0.894829,-0.0915851][0.56245,0.012873,0][-0.0402403,0.094564,-0.0164791][-0.388956,-0.911979,0.130414][0.562709,0.007782,0][-0.0689715,0.115338,-0.0144748][-0.624835,-0.729758,0.277549][0.584485,0.01578,0][-0.0689715,0.115338,-0.0144748][-0.624835,-0.729758,0.277549][0.584485,0.01578,0][-0.0756631,0.11372,-0.0328953][-0.644708,-0.701469,0.303796][0.583661,0.020339,0][-0.0461729,0.0947879,-0.032928][-0.436914,-0.894829,-0.0915851][0.56245,0.012873,0][0.0177824,0.116121,-0.102724][0.0531312,-0.823454,-0.564891][0.510077,0.045871,0][-0.0307026,0.117212,-0.093615][-0.279259,-0.810137,-0.515455][0.542032,0.04187,0][-0.0311553,0.162921,-0.153286][-0.27626,-0.666679,-0.692257][0.538925,0.077462,0][-0.0311553,0.162921,-0.153286][-0.27626,-0.666679,-0.692257][0.538925,0.077462,0][0.0263843,0.165409,-0.160011][0.092409,-0.659154,-0.746309][0.504413,0.08137,0][0.0177824,0.116121,-0.102724][0.0531312,-0.823454,-0.564891][0.510077,0.045871,0][-0.0616484,0.127196,-0.0827762][-0.52209,-0.724942,-0.449313][0.564389,0.041503,0][-0.0716286,0.177648,-0.137157][-0.615544,-0.529031,-0.58415][0.567686,0.076866,0][-0.0311553,0.162921,-0.153286][-0.27626,-0.666679,-0.692257][0.538925,0.077462,0][-0.0311553,0.162921,-0.153286][-0.27626,-0.666679,-0.692257][0.538925,0.077462,0][-0.0307026,0.117212,-0.093615][-0.279259,-0.810137,-0.515455][0.542032,0.04187,0][-0.0616484,0.127196,-0.0827762][-0.52209,-0.724942,-0.449313][0.564389,0.041503,0][-0.0895109,0.142984,-0.0651598][-0.735467,-0.574977,-0.358454][0.585778,0.041537,0][-0.0997327,0.200762,-0.115661][-0.809758,-0.34603,-0.473873][0.590058,0.077689,0][-0.0716286,0.177648,-0.137157][-0.615544,-0.529031,-0.58415][0.567686,0.076866,0][-0.0716286,0.177648,-0.137157][-0.615544,-0.529031,-0.58415][0.567686,0.076866,0][-0.0616484,0.127196,-0.0827762][-0.52209,-0.724942,-0.449313][0.564389,0.041503,0][-0.0895109,0.142984,-0.0651598][-0.735467,-0.574977,-0.358454][0.585778,0.041537,0][0.0586817,0.185822,-0.16642][0.240963,-0.549825,-0.799768][0.487576,0.091175,0][0.0263843,0.165409,-0.160011][0.092409,-0.659154,-0.746309][0.504413,0.08137,0][0.0281368,0.211402,-0.18933][0.12055,-0.380652,-0.916827][0.499546,0.110757,0][0.0281368,0.211402,-0.18933][0.12055,-0.380652,-0.916827][0.499546,0.110757,0][0.057916,0.226545,-0.186012][0.258696,-0.238141,-0.936144][0.482688,0.115473,0][0.0586817,0.185822,-0.16642][0.240963,-0.549825,-0.799768][0.487576,0.091175,0][-0.0997327,0.200762,-0.115661][-0.809758,-0.34603,-0.473873][0.590058,0.077689,0][-0.0895109,0.142984,-0.0651598][-0.735467,-0.574977,-0.358454][0.585778,0.041537,0][-0.119046,0.198942,-0.0707983][-0.84075,-0.402183,-0.362475][0.605243,0.06271,0][-0.119046,0.198942,-0.0707983][-0.84075,-0.402183,-0.362475][0.605243,0.06271,0][-0.113985,0.236693,-0.106257][-0.958204,0.0286306,-0.284648][0.605156,0.087286,0][-0.0997327,0.200762,-0.115661][-0.809758,-0.34603,-0.473873][0.590058,0.077689,0][-0.0826558,0.151661,-0.0440405][0.666238,0.589943,0.456173][0.400596,0.030957,0][-0.0522679,0.136644,-0.0588787][0.48856,0.695424,0.526968][0.417061,0.033623,0][-0.0652427,0.192078,-0.122853][0.575499,0.540991,0.613294][0.412548,0.069757,0][-0.0652427,0.192078,-0.122853][0.575499,0.540991,0.613294][0.412548,0.069757,0][-0.0962921,0.215362,-0.104282][0.776093,0.35534,0.520972][0.393617,0.067913,0][-0.0826558,0.151661,-0.0440405][0.666238,0.589943,0.456173][0.400596,0.030957,0][-0.0522679,0.136644,-0.0588787][0.48856,0.695424,0.526968][0.417061,0.033623,0][-0.0201626,0.126639,-0.0690188][0.287731,0.761679,0.580566][0.432499,0.034478,0][-0.0223586,0.176649,-0.138755][0.289551,0.658309,0.694831][0.432945,0.070768,0][-0.0223586,0.176649,-0.138755][0.289551,0.658309,0.694831][0.432945,0.070768,0][-0.0652427,0.192078,-0.122853][0.575499,0.540991,0.613294][0.412548,0.069757,0][-0.0522679,0.136644,-0.0588787][0.48856,0.695424,0.526968][0.417061,0.033623,0][-0.0223586,0.176649,-0.138755][0.289551,0.658309,0.694831][0.432945,0.070768,0][-0.0201626,0.126639,-0.0690188][0.287731,0.761679,0.580566][0.432499,0.034478,0][0.0286714,0.125121,-0.0811599][0.0315802,0.7922,0.609444][0.453504,0.035175,0][0.0286714,0.125121,-0.0811599][0.0315802,0.7922,0.609444][0.453504,0.035175,0][0.0368659,0.179576,-0.150019][-0.0637341,0.644136,0.762251][0.456008,0.071592,0][-0.0223586,0.176649,-0.138755][0.289551,0.658309,0.694831][0.432945,0.070768,0][-0.0820498,0.271579,-0.135661][0.750536,-0.0339784,0.659956][0.387182,0.101984,0][-0.0891646,0.288525,-0.124291][0.730393,-0.171155,0.661236][0.374249,0.101922,0][-0.110038,0.255354,-0.0960606][0.829762,0.145038,0.538943][0.37604,0.073775,0][-0.110038,0.255354,-0.0960606][0.829762,0.145038,0.538943][0.37604,0.073775,0][-0.0962921,0.215362,-0.104282][0.776093,0.35534,0.520972][0.393617,0.067913,0][-0.0820498,0.271579,-0.135661][0.750536,-0.0339784,0.659956][0.387182,0.101984,0][0.0684519,0.15403,-0.112787][-0.138953,0.758579,0.636592][0.467165,0.047729,0][0.0705615,0.203839,-0.157867][-0.215202,0.511057,0.832172][0.467896,0.077728,0][0.0368659,0.179576,-0.150019][-0.0637341,0.644136,0.762251][0.456008,0.071592,0][0.0368659,0.179576,-0.150019][-0.0637341,0.644136,0.762251][0.456008,0.071592,0][0.0286714,0.125121,-0.0811599][0.0315802,0.7922,0.609444][0.453504,0.035175,0][0.0684519,0.15403,-0.112787][-0.138953,0.758579,0.636592][0.467165,0.047729,0][-0.0603739,0.250516,-0.144612][-0.627552,-0.250716,-0.737103][0.5942,0.107286,0][-0.0636532,0.205045,-0.113997][-0.584612,-0.52363,-0.61971][0.590058,0.077689,0][-0.0874373,0.235853,-0.109619][-0.860518,-0.198842,-0.46901][0.605156,0.087286,0][-0.0874373,0.235853,-0.109619][-0.860518,-0.198842,-0.46901][0.605156,0.087286,0][-0.0746653,0.266467,-0.134583][-0.822895,0.00980318,-0.56811][0.605579,0.109696,0][-0.0603739,0.250516,-0.144612][-0.627552,-0.250716,-0.737103][0.5942,0.107286,0][-0.060289,0.28357,-0.146581][-0.516052,0.281919,-0.808834][0.604656,0.125388,0][-0.0746653,0.266467,-0.134583][-0.822895,0.00980318,-0.56811][0.605579,0.109696,0][-0.0717802,0.286038,-0.136613][-0.598039,0.242185,-0.764][0.611014,0.120465,0][-0.0284952,0.229949,-0.158895][-0.386645,-0.469034,-0.794048][0.570692,0.104796,0][-0.0299099,0.248364,-0.166107][-0.447665,-0.309159,-0.839058][0.574001,0.117318,0][0.016605,0.241068,-0.175915][0.036764,-0.440269,-0.897113][0.536719,0.118795,0][0.016605,0.241068,-0.175915][0.036764,-0.440269,-0.897113][0.536719,0.118795,0][0.0194903,0.223156,-0.166423][0.0619245,-0.551131,-0.832118][0.536302,0.105319,0][-0.0284952,0.229949,-0.158895][-0.386645,-0.469034,-0.794048][0.570692,0.104796,0][0.016605,0.241068,-0.175915][0.036764,-0.440269,-0.897113][0.536719,0.118795,0][0.0641894,0.261548,-0.167813][0.405644,-0.245844,-0.880349][0.498619,0.124681,0][0.0719242,0.24345,-0.158686][0.436212,-0.386702,-0.812515][0.499546,0.110757,0][0.0719242,0.24345,-0.158686][0.436212,-0.386702,-0.812515][0.499546,0.110757,0][0.0194903,0.223156,-0.166423][0.0619245,-0.551131,-0.832118][0.536302,0.105319,0][0.016605,0.241068,-0.175915][0.036764,-0.440269,-0.897113][0.536719,0.118795,0][0.095865,0.264085,-0.149211][0.548404,-0.214394,-0.808263][0.482688,0.115473,0][0.0719242,0.24345,-0.158686][0.436212,-0.386702,-0.812515][0.499546,0.110757,0][0.0641894,0.261548,-0.167813][0.405644,-0.245844,-0.880349][0.498619,0.124681,0][0.0641894,0.261548,-0.167813][0.405644,-0.245844,-0.880349][0.498619,0.124681,0][0.089602,0.281948,-0.154364][0.509293,-0.0688641,-0.857834][0.47897,0.127468,0][0.095865,0.264085,-0.149211][0.548404,-0.214394,-0.808263][0.482688,0.115473,0][-0.056165,0.277684,-0.150769][-0.632223,-0.0336572,-0.774055][0.600008,0.124588,0][-0.0603739,0.250516,-0.144612][-0.627552,-0.250716,-0.737103][0.5942,0.107286,0][-0.0746653,0.266467,-0.134583][-0.822895,0.00980318,-0.56811][0.605579,0.109696,0][-0.0746653,0.266467,-0.134583][-0.822895,0.00980318,-0.56811][0.605579,0.109696,0][-0.060289,0.28357,-0.146581][-0.516052,0.281919,-0.808834][0.604656,0.125388,0][-0.056165,0.277684,-0.150769][-0.632223,-0.0336572,-0.774055][0.600008,0.124588,0][-0.0636532,0.205045,-0.113997][-0.584612,-0.52363,-0.61971][0.590058,0.077689,0][-0.0603739,0.250516,-0.144612][-0.627552,-0.250716,-0.737103][0.5942,0.107286,0][-0.0284952,0.229949,-0.158895][-0.386645,-0.469034,-0.794048][0.570692,0.104796,0][-0.0284952,0.229949,-0.158895][-0.386645,-0.469034,-0.794048][0.570692,0.104796,0][-0.0270285,0.189519,-0.127809][-0.329736,-0.653897,-0.680951][0.567686,0.076866,0][-0.0636532,0.205045,-0.113997][-0.584612,-0.52363,-0.61971][0.590058,0.077689,0][-0.0603739,0.250516,-0.144612][-0.627552,-0.250716,-0.737103][0.5942,0.107286,0][-0.056165,0.277684,-0.150769][-0.632223,-0.0336572,-0.774055][0.600008,0.124588,0][-0.0299099,0.248364,-0.166107][-0.447665,-0.309159,-0.839058][0.574001,0.117318,0][-0.0299099,0.248364,-0.166107][-0.447665,-0.309159,-0.839058][0.574001,0.117318,0][-0.0284952,0.229949,-0.158895][-0.386645,-0.469034,-0.794048][0.570692,0.104796,0][-0.0603739,0.250516,-0.144612][-0.627552,-0.250716,-0.737103][0.5942,0.107286,0][-0.0527562,0.148453,-0.0619861][-0.48616,-0.683652,-0.544306][0.585778,0.041537,0][-0.0409299,0.119279,-0.029249][-0.311881,-0.791834,-0.5251][0.583661,0.020339,0][-0.0600838,0.134133,-0.0353913][-0.478302,-0.711446,-0.514851][0.593827,0.028261,0][-0.0600838,0.134133,-0.0353913][-0.478302,-0.711446,-0.514851][0.593827,0.028261,0][-0.0917283,0.197772,-0.0744876][-0.626505,-0.560624,-0.541473][0.605243,0.06271,0][-0.0527562,0.148453,-0.0619861][-0.48616,-0.683652,-0.544306][0.585778,0.041537,0][0.0194903,0.223156,-0.166423][0.0619245,-0.551131,-0.832118][0.536302,0.105319,0][0.0719242,0.24345,-0.158686][0.436212,-0.386702,-0.812515][0.499546,0.110757,0][0.0733978,0.199851,-0.126953][0.408605,-0.618929,-0.670798][0.504413,0.08137,0][0.0733978,0.199851,-0.126953][0.408605,-0.618929,-0.670798][0.504413,0.08137,0][0.0180454,0.184662,-0.13368][0.0487546,-0.707869,-0.70466][0.538925,0.077462,0][0.0194903,0.223156,-0.166423][0.0619245,-0.551131,-0.832118][0.536302,0.105319,0][0.0733978,0.199851,-0.126953][0.408605,-0.618929,-0.670798][0.504413,0.08137,0][0.10121,0.226568,-0.12659][0.54111,-0.49329,-0.681077][0.487576,0.091175,0][0.098509,0.183315,-0.0871361][0.49227,-0.666472,-0.559898][0.489712,0.063637,0][0.098509,0.183315,-0.0871361][0.49227,-0.666472,-0.559898][0.489712,0.063637,0][0.0615368,0.147121,-0.0727711][0.358127,-0.755942,-0.547994][0.510077,0.045871,0][0.0733978,0.199851,-0.126953][0.408605,-0.618929,-0.670798][0.504413,0.08137,0][0.0615368,0.147121,-0.0727711][0.358127,-0.755942,-0.547994][0.510077,0.045871,0][0.098509,0.183315,-0.0871361][0.49227,-0.666472,-0.559898][0.489712,0.063637,0][0.0615567,0.119742,-0.0300007][0.397668,-0.866139,-0.30276][0.50461,0.022942,0][0.0615567,0.119742,-0.0300007][0.397668,-0.866139,-0.30276][0.50461,0.022942,0][0.0491487,0.11393,-0.0283567][0.292447,-0.920206,-0.260186][0.513894,0.019506,0][0.0615368,0.147121,-0.0727711][0.358127,-0.755942,-0.547994][0.510077,0.045871,0][0.0140935,0.137261,-0.0752226][0.0347005,-0.808665,-0.587245][0.542032,0.04187,0][0.0615368,0.147121,-0.0727711][0.358127,-0.755942,-0.547994][0.510077,0.045871,0][0.0491487,0.11393,-0.0283567][0.292447,-0.920206,-0.260186][0.513894,0.019506,0][0.0491487,0.11393,-0.0283567][0.292447,-0.920206,-0.260186][0.513894,0.019506,0][0.0125542,0.105886,-0.024933][0.0649242,-0.953601,-0.29399][0.544139,0.013759,0][0.0140935,0.137261,-0.0752226][0.0347005,-0.808665,-0.587245][0.542032,0.04187,0][-0.0409299,0.119279,-0.029249][-0.311881,-0.791834,-0.5251][0.583661,0.020339,0][-0.0527562,0.148453,-0.0619861][-0.48616,-0.683652,-0.544306][0.585778,0.041537,0][-0.0191988,0.139855,-0.0721658][-0.23413,-0.778954,-0.581734][0.564389,0.041503,0][-0.0191988,0.139855,-0.0721658][-0.23413,-0.778954,-0.581734][0.564389,0.041503,0][-0.00968722,0.106284,-0.0228475][-0.206538,-0.945534,-0.251609][0.56245,0.012873,0][-0.0409299,0.119279,-0.029249][-0.311881,-0.791834,-0.5251][0.583661,0.020339,0][-0.0270285,0.189519,-0.127809][-0.329736,-0.653897,-0.680951][0.567686,0.076866,0][-0.0284952,0.229949,-0.158895][-0.386645,-0.469034,-0.794048][0.570692,0.104796,0][0.0194903,0.223156,-0.166423][0.0619245,-0.551131,-0.832118][0.536302,0.105319,0][0.0194903,0.223156,-0.166423][0.0619245,-0.551131,-0.832118][0.536302,0.105319,0][0.0180454,0.184662,-0.13368][0.0487546,-0.707869,-0.70466][0.538925,0.077462,0][-0.0270285,0.189519,-0.127809][-0.329736,-0.653897,-0.680951][0.567686,0.076866,0][-0.00968722,0.106284,-0.0228475][-0.206538,-0.945534,-0.251609][0.56245,0.012873,0][-0.0191988,0.139855,-0.0721658][-0.23413,-0.778954,-0.581734][0.564389,0.041503,0][0.0140935,0.137261,-0.0752226][0.0347005,-0.808665,-0.587245][0.542032,0.04187,0][0.0140935,0.137261,-0.0752226][0.0347005,-0.808665,-0.587245][0.542032,0.04187,0][0.0125542,0.105886,-0.024933][0.0649242,-0.953601,-0.29399][0.544139,0.013759,0][-0.00968722,0.106284,-0.0228475][-0.206538,-0.945534,-0.251609][0.56245,0.012873,0][-0.0661644,0.21957,-0.102478][0.541237,0.523874,0.657737][0.393617,0.067913,0][-0.0900665,0.254229,-0.0994437][0.645315,0.360164,0.673685][0.37604,0.073775,0][-0.0961557,0.210024,-0.060507][0.583219,0.581122,0.567586][0.37898,0.045992,0][-0.0961557,0.210024,-0.060507][0.583219,0.581122,0.567586][0.37898,0.045992,0][-0.0531986,0.157047,-0.0407188][0.39056,0.668067,0.633364][0.400596,0.030957,0][-0.0661644,0.21957,-0.102478][0.541237,0.523874,0.657737][0.393617,0.067913,0][-0.0526431,0.305266,-0.138453][0.6132,-0.174373,0.770441][0.375463,0.122941,0][-0.0646037,0.306466,-0.129951][0.570104,-0.0975856,0.815757][0.366882,0.114582,0][-0.0719628,0.287696,-0.127053][0.624705,0.0817071,0.776574][0.374249,0.101922,0][0.0603701,0.284327,-0.159172][-0.412595,0.256313,0.874111][0.458732,0.122101,0][0.0161206,0.262785,-0.167783][-0.406752,0.541358,0.735857][0.433431,0.119093,0][0.0202339,0.248944,-0.155327][-0.0727652,0.592635,0.802178][0.433349,0.103579,0][0.0202339,0.248944,-0.155327][-0.0727652,0.592635,0.802178][0.433349,0.103579,0][0.072161,0.267279,-0.1495][-0.39868,0.326378,0.857048][0.458312,0.105105,0][0.0603701,0.284327,-0.159172][-0.412595,0.256313,0.874111][0.458732,0.122101,0][0.0821706,0.304309,-0.146096][-0.432618,0.0341151,0.900932][0.473671,0.121452,0][0.0603701,0.284327,-0.159172][-0.412595,0.256313,0.874111][0.458732,0.122101,0][0.072161,0.267279,-0.1495][-0.39868,0.326378,0.857048][0.458312,0.105105,0][0.072161,0.267279,-0.1495][-0.39868,0.326378,0.857048][0.458312,0.105105,0][0.0947003,0.286052,-0.141573][-0.441716,0.157353,0.883248][0.471023,0.106505,0][0.0821706,0.304309,-0.146096][-0.432618,0.0341151,0.900932][0.473671,0.121452,0][0.0161206,0.262785,-0.167783][0.221656,0.650721,0.726245][0.433431,0.119093,0][-0.0284906,0.271223,-0.157317][0.417267,0.482457,0.770145][0.406234,0.117072,0][-0.0277247,0.255533,-0.147903][0.376971,0.504434,0.776814][0.408453,0.102543,0][-0.0277247,0.255533,-0.147903][0.376971,0.504434,0.776814][0.408453,0.102543,0][0.0202339,0.248944,-0.155327][-0.0727652,0.592635,0.802178][0.433349,0.103579,0][0.0161206,0.262785,-0.167783][0.221656,0.650721,0.726245][0.433431,0.119093,0][-0.0284906,0.271223,-0.157317][0.588025,0.0159126,0.808687][0.406234,0.117072,0][-0.0499068,0.29981,-0.142307][0.603307,-0.0738691,0.794081][0.381116,0.122775,0][-0.0587324,0.273955,-0.135381][0.592761,0.215641,0.775973][0.387182,0.101984,0][-0.0587324,0.273955,-0.135381][0.592761,0.215641,0.775973][0.387182,0.101984,0][-0.0277247,0.255533,-0.147903][0.376971,0.504434,0.776814][0.408453,0.102543,0][-0.0284906,0.271223,-0.157317][0.417267,0.482457,0.770145][0.406234,0.117072,0][-0.0499068,0.29981,-0.142307][0.603307,-0.0738691,0.794081][0.381116,0.122775,0][-0.0526431,0.305266,-0.138453][0.6132,-0.174373,0.770441][0.375463,0.122941,0][-0.0719628,0.287696,-0.127053][0.624705,0.0817071,0.776574][0.374249,0.101922,0][-0.0719628,0.287696,-0.127053][0.624705,0.0817071,0.776574][0.374249,0.101922,0][-0.0587324,0.273955,-0.135381][0.592761,0.215641,0.775973][0.387182,0.101984,0][-0.0499068,0.29981,-0.142307][0.603307,-0.0738691,0.794081][0.381116,0.122775,0][-0.0531986,0.157047,-0.0407188][0.39056,0.668067,0.633364][0.400596,0.030957,0][-0.0961557,0.210024,-0.060507][0.583219,0.581122,0.567586][0.37898,0.045992,0][-0.0598771,0.137338,-0.0169211][0.392685,0.651149,0.649464][0.396003,0.01874,0][-0.0598771,0.137338,-0.0169211][0.392685,0.651149,0.649464][0.396003,0.01874,0][-0.0395173,0.120389,-0.0111418][0.276106,0.678023,0.681213][0.405605,0.015719,0][-0.0531986,0.157047,-0.0407188][0.39056,0.668067,0.633364][0.400596,0.030957,0][-0.0273492,0.204463,-0.112726][0.282524,0.653516,0.702209][0.412548,0.069757,0][0.0201712,0.19943,-0.117834][-0.0338589,0.699131,0.714192][0.432945,0.070768,0][0.0202339,0.248944,-0.155327][-0.0727652,0.592635,0.802178][0.433349,0.103579,0][0.0202339,0.248944,-0.155327][-0.0727652,0.592635,0.802178][0.433349,0.103579,0][-0.0277247,0.255533,-0.147903][0.376971,0.504434,0.776814][0.408453,0.102543,0][-0.0273492,0.204463,-0.112726][0.282524,0.653516,0.702209][0.412548,0.069757,0][0.0202339,0.248944,-0.155327][-0.0727652,0.592635,0.802178][0.433349,0.103579,0][0.0201712,0.19943,-0.117834][-0.0338589,0.699131,0.714192][0.432945,0.070768,0][0.0781699,0.215505,-0.115227][-0.381538,0.608641,0.695691][0.456008,0.071592,0][0.0781699,0.215505,-0.115227][-0.381538,0.608641,0.695691][0.456008,0.071592,0][0.072161,0.267279,-0.1495][-0.39868,0.326378,0.857048][0.458312,0.105105,0][0.0202339,0.248944,-0.155327][-0.0727652,0.592635,0.802178][0.433349,0.103579,0][0.106706,0.246152,-0.11614][-0.518715,0.463211,0.718589][0.467896,0.077728,0][0.0947003,0.286052,-0.141573][-0.441716,0.157353,0.883248][0.471023,0.106505,0][0.072161,0.267279,-0.1495][-0.39868,0.326378,0.857048][0.458312,0.105105,0][0.072161,0.267279,-0.1495][-0.39868,0.326378,0.857048][0.458312,0.105105,0][0.0781699,0.215505,-0.115227][-0.381538,0.608641,0.695691][0.456008,0.071592,0][0.106706,0.246152,-0.11614][-0.518715,0.463211,0.718589][0.467896,0.077728,0][0.0626013,0.121102,-0.0107346][-0.316,0.714896,0.623753][0.458513,0.016989,0][0.105114,0.196083,-0.0714358][-0.444761,0.679284,0.583748][0.467165,0.047729,0][0.0653725,0.156869,-0.0503235][-0.275172,0.731699,0.623616][0.453504,0.035175,0][0.0653725,0.156869,-0.0503235][-0.275172,0.731699,0.623616][0.453504,0.035175,0][0.0500505,0.114621,-0.00943308][-0.200638,0.71205,0.672852][0.452686,0.016468,0][0.0626013,0.121102,-0.0107346][-0.316,0.714896,0.623753][0.458513,0.016989,0][0.0164166,0.147073,-0.0500116][-0.0298935,0.74887,0.662042][0.432499,0.034478,0][0.013896,0.105232,-0.00835763][-0.0421512,0.706169,0.706788][0.433828,0.015619,0][0.0500505,0.114621,-0.00943308][-0.200638,0.71205,0.672852][0.452686,0.016468,0][0.0500505,0.114621,-0.00943308][-0.200638,0.71205,0.672852][0.452686,0.016468,0][0.0653725,0.156869,-0.0503235][-0.275172,0.731699,0.623616][0.453504,0.035175,0][0.0164166,0.147073,-0.0500116][-0.0298935,0.74887,0.662042][0.432499,0.034478,0][0.0164166,0.147073,-0.0500116][-0.0298935,0.74887,0.662042][0.432499,0.034478,0][-0.0179765,0.149518,-0.0478][0.191417,0.72758,0.658777][0.417061,0.033623,0][-0.00808036,0.105417,-0.00686611][0.130295,0.697243,0.704894][0.421866,0.014427,0][-0.00808036,0.105417,-0.00686611][0.130295,0.697243,0.704894][0.421866,0.014427,0][0.013896,0.105232,-0.00835763][-0.0421512,0.706169,0.706788][0.433828,0.015619,0][0.0164166,0.147073,-0.0500116][-0.0298935,0.74887,0.662042][0.432499,0.034478,0][-0.0661644,0.21957,-0.102478][0.541237,0.523874,0.657737][0.393617,0.067913,0][-0.0273492,0.204463,-0.112726][0.282524,0.653516,0.702209][0.412548,0.069757,0][-0.0277247,0.255533,-0.147903][0.376971,0.504434,0.776814][0.408453,0.102543,0][-0.0277247,0.255533,-0.147903][0.376971,0.504434,0.776814][0.408453,0.102543,0][-0.0587324,0.273955,-0.135381][0.592761,0.215641,0.775973][0.387182,0.101984,0][-0.0661644,0.21957,-0.102478][0.541237,0.523874,0.657737][0.393617,0.067913,0][-0.0179765,0.149518,-0.0478][0.191417,0.72758,0.658777][0.417061,0.033623,0][-0.0531986,0.157047,-0.0407188][0.39056,0.668067,0.633364][0.400596,0.030957,0][-0.0395173,0.120389,-0.0111418][0.276106,0.678023,0.681213][0.405605,0.015719,0][-0.0395173,0.120389,-0.0111418][0.276106,0.678023,0.681213][0.405605,0.015719,0][-0.00808036,0.105417,-0.00686611][0.130295,0.697243,0.704894][0.421866,0.014427,0][-0.0179765,0.149518,-0.0478][0.191417,0.72758,0.658777][0.417061,0.033623,0][-0.0961557,0.210024,-0.060507][-0.967531,-0.237913,-0.0853251][0.606555,0.062935,0][-0.0900665,0.254229,-0.0994437][-0.953161,0.0579868,-0.296854][0.60635,0.090433,0][-0.0874373,0.235853,-0.109619][-0.860518,-0.198842,-0.46901][0.605156,0.087286,0][-0.0874373,0.235853,-0.109619][-0.860518,-0.198842,-0.46901][0.605156,0.087286,0][-0.0917283,0.197772,-0.0744876][-0.960889,-0.268118,-0.0693136][0.605243,0.06271,0][-0.0961557,0.210024,-0.060507][-0.967531,-0.237913,-0.0853251][0.606555,0.062935,0][-0.0900665,0.254229,-0.0994437][-0.953161,0.0579868,-0.296854][0.60635,0.090433,0][-0.0719628,0.287696,-0.127053][-0.955508,0.260586,-0.138205][0.606823,0.115892,0][-0.0746653,0.266467,-0.134583][-0.822895,0.00980318,-0.56811][0.605579,0.109696,0][-0.0746653,0.266467,-0.134583][-0.822895,0.00980318,-0.56811][0.605579,0.109696,0][-0.0874373,0.235853,-0.109619][-0.860518,-0.198842,-0.46901][0.605156,0.087286,0][-0.0900665,0.254229,-0.0994437][-0.953161,0.0579868,-0.296854][0.60635,0.090433,0][-0.0719628,0.287696,-0.127053][-0.955508,0.260586,-0.138205][0.606823,0.115892,0][-0.0646037,0.306466,-0.129951][-0.932175,0.353268,-0.0790657][0.612544,0.128122,0][-0.0717802,0.286038,-0.136613][-0.971752,0.228711,-0.0582253][0.611014,0.120465,0][-0.0717802,0.286038,-0.136613][-0.971752,0.228711,-0.0582253][0.611014,0.120465,0][-0.0746653,0.266467,-0.134583][-0.822895,0.00980318,-0.56811][0.605579,0.109696,0][-0.0719628,0.287696,-0.127053][-0.955508,0.260586,-0.138205][0.606823,0.115892,0][-0.0526431,0.305266,-0.138453][-0.451789,0.435143,-0.778805][0.605989,0.134025,0][-0.060289,0.28357,-0.146581][-0.516052,0.281919,-0.808834][0.604656,0.125388,0][-0.0717802,0.286038,-0.136613][-0.598039,0.242185,-0.764][0.611014,0.120465,0][-0.0717802,0.286038,-0.136613][-0.598039,0.242185,-0.764][0.611014,0.120465,0][-0.0646037,0.306466,-0.129951][-0.496816,0.421874,-0.758417][0.612544,0.128122,0][-0.0526431,0.305266,-0.138453][-0.451789,0.435143,-0.778805][0.605989,0.134025,0][-0.0299099,0.248364,-0.166107][-0.142032,0.359283,-0.922357][0.574001,0.117318,0][-0.0284906,0.271223,-0.157317][-0.137118,0.366904,-0.920098][0.574375,0.12475,0][0.0161206,0.262785,-0.167783][-0.063854,0.351964,-0.933833][0.535961,0.126036,0][0.0161206,0.262785,-0.167783][-0.063854,0.351964,-0.933833][0.535961,0.126036,0][0.016605,0.241068,-0.175915][-0.0721445,0.348369,-0.934577][0.536719,0.118795,0][-0.0299099,0.248364,-0.166107][-0.142032,0.359283,-0.922357][0.574001,0.117318,0][0.0161206,0.262785,-0.167783][-0.063854,0.351964,-0.933833][0.535961,0.126036,0][0.0603701,0.284327,-0.159172][0.11907,0.37391,-0.91979][0.496747,0.132796,0][0.0641894,0.261548,-0.167813][0.0682298,0.363031,-0.929276][0.498619,0.124681,0][0.0641894,0.261548,-0.167813][0.0682298,0.363031,-0.929276][0.498619,0.124681,0][0.016605,0.241068,-0.175915][-0.0721445,0.348369,-0.934577][0.536719,0.118795,0][0.0161206,0.262785,-0.167783][-0.063854,0.351964,-0.933833][0.535961,0.126036,0][0.0603701,0.284327,-0.159172][0.11907,0.37391,-0.91979][0.496747,0.132796,0][0.0821706,0.304309,-0.146096][0.180297,0.393263,-0.901575][0.476666,0.135923,0][0.089602,0.281948,-0.154364][0.180228,0.386444,-0.904533][0.47897,0.127468,0][0.089602,0.281948,-0.154364][0.180228,0.386444,-0.904533][0.47897,0.127468,0][0.0641894,0.261548,-0.167813][0.0682298,0.363031,-0.929276][0.498619,0.124681,0][0.0603701,0.284327,-0.159172][0.11907,0.37391,-0.91979][0.496747,0.132796,0][0.0947003,0.286052,-0.141573][0.877413,0.281182,-0.388694][0.480413,0.122052,0][0.095865,0.264085,-0.149211][0.94678,0.109518,-0.302676][0.482688,0.115473,0][0.089602,0.281948,-0.154364][0.851331,0.294846,-0.433938][0.47897,0.127468,0][0.089602,0.281948,-0.154364][0.851331,0.294846,-0.433938][0.47897,0.127468,0][0.0821706,0.304309,-0.146096][0.784506,0.426988,-0.449703][0.476666,0.135923,0][0.0947003,0.286052,-0.141573][0.877413,0.281182,-0.388694][0.480413,0.122052,0][-0.0499068,0.29981,-0.142307][-0.272775,0.418901,-0.866092][0.601224,0.133089,0][-0.056165,0.277684,-0.150769][-0.172139,0.389264,-0.904899][0.600008,0.124588,0][-0.060289,0.28357,-0.146581][-0.516052,0.281919,-0.808834][0.604656,0.125388,0][-0.060289,0.28357,-0.146581][-0.516052,0.281919,-0.808834][0.604656,0.125388,0][-0.0526431,0.305266,-0.138453][-0.451789,0.435143,-0.778805][0.605989,0.134025,0][-0.0499068,0.29981,-0.142307][-0.272775,0.418901,-0.866092][0.601224,0.133089,0][-0.056165,0.277684,-0.150769][-0.172139,0.389264,-0.904899][0.600008,0.124588,0][-0.0499068,0.29981,-0.142307][-0.272775,0.418901,-0.866092][0.601224,0.133089,0][-0.0284906,0.271223,-0.157317][-0.137118,0.366904,-0.920098][0.574375,0.12475,0][-0.0284906,0.271223,-0.157317][-0.137118,0.366904,-0.920098][0.574375,0.12475,0][-0.0299099,0.248364,-0.166107][-0.142032,0.359283,-0.922357][0.574001,0.117318,0][-0.056165,0.277684,-0.150769][-0.172139,0.389264,-0.904899][0.600008,0.124588,0][-0.0598771,0.137338,-0.0169211][-0.77395,-0.62405,0.107532][0.594844,0.024575,0][-0.0600838,0.134133,-0.0353913][-0.813644,-0.57133,0.107548][0.593827,0.028261,0][-0.0409299,0.119279,-0.029249][-0.547517,-0.830415,0.103138][0.583661,0.020339,0][-0.0409299,0.119279,-0.029249][-0.547517,-0.830415,0.103138][0.583661,0.020339,0][-0.0395173,0.120389,-0.0111418][-0.519288,-0.851008,0.0782715][0.584485,0.01578,0][-0.0598771,0.137338,-0.0169211][-0.77395,-0.62405,0.107532][0.594844,0.024575,0][-0.0961557,0.210024,-0.060507][-0.967531,-0.237913,-0.0853251][0.606555,0.062935,0][-0.0917283,0.197772,-0.0744876][-0.960889,-0.268118,-0.0693136][0.605243,0.06271,0][-0.0600838,0.134133,-0.0353913][-0.813644,-0.57133,0.107548][0.593827,0.028261,0][-0.0600838,0.134133,-0.0353913][-0.813644,-0.57133,0.107548][0.593827,0.028261,0][-0.0598771,0.137338,-0.0169211][-0.77395,-0.62405,0.107532][0.594844,0.024575,0][-0.0961557,0.210024,-0.060507][-0.967531,-0.237913,-0.0853251][0.606555,0.062935,0][0.106706,0.246152,-0.11614][0.960136,-0.0851367,-0.266251][0.485402,0.09461,0][0.10121,0.226568,-0.12659][0.959182,-0.151456,-0.238812][0.487576,0.091175,0][0.095865,0.264085,-0.149211][0.94678,0.109518,-0.302676][0.482688,0.115473,0][0.095865,0.264085,-0.149211][0.94678,0.109518,-0.302676][0.482688,0.115473,0][0.0947003,0.286052,-0.141573][0.877413,0.281182,-0.388694][0.480413,0.122052,0][0.106706,0.246152,-0.11614][0.960136,-0.0851367,-0.266251][0.485402,0.09461,0][0.105114,0.196083,-0.0714358][0.928753,-0.359372,-0.0909328][0.487466,0.063691,0][0.098509,0.183315,-0.0871361][0.924601,-0.370754,-0.0874906][0.489712,0.063637,0][0.10121,0.226568,-0.12659][0.959182,-0.151456,-0.238812][0.487576,0.091175,0][0.10121,0.226568,-0.12659][0.959182,-0.151456,-0.238812][0.487576,0.091175,0][0.106706,0.246152,-0.11614][0.960136,-0.0851367,-0.266251][0.485402,0.09461,0][0.105114,0.196083,-0.0714358][0.928753,-0.359372,-0.0909328][0.487466,0.063691,0][0.105114,0.196083,-0.0714358][0.928753,-0.359372,-0.0909328][0.487466,0.063691,0][0.0626013,0.121102,-0.0107346][0.865777,-0.500295,-0.0116279][0.502452,0.018408,0][0.0615567,0.119742,-0.0300007][0.866726,-0.498725,-0.00773796][0.50461,0.022942,0][0.0615567,0.119742,-0.0300007][0.866726,-0.498725,-0.00773796][0.50461,0.022942,0][0.098509,0.183315,-0.0871361][0.924601,-0.370754,-0.0874906][0.489712,0.063637,0][0.105114,0.196083,-0.0714358][0.928753,-0.359372,-0.0909328][0.487466,0.063691,0][0.0626013,0.121102,-0.0107346][0.447208,-0.894147,0.0225086][0.502452,0.018408,0][0.0500505,0.114621,-0.00943308][0.357812,-0.933639,0.0170142][0.512047,0.014644,0][0.0491487,0.11393,-0.0283567][0.292447,-0.920206,-0.260186][0.513894,0.019506,0][0.0491487,0.11393,-0.0283567][0.292447,-0.920206,-0.260186][0.513894,0.019506,0][0.0615567,0.119742,-0.0300007][0.397668,-0.866139,-0.30276][0.50461,0.022942,0][0.0626013,0.121102,-0.0107346][0.447208,-0.894147,0.0225086][0.502452,0.018408,0][0.0491487,0.11393,-0.0283567][0.292447,-0.920206,-0.260186][0.513894,0.019506,0][0.0500505,0.114621,-0.00943308][0.357812,-0.933639,0.0170142][0.512047,0.014644,0][0.013896,0.105232,-0.00835763][0.108253,-0.993485,-0.035617][0.543568,0.008642,0][0.013896,0.105232,-0.00835763][0.108253,-0.993485,-0.035617][0.543568,0.008642,0][0.0125542,0.105886,-0.024933][0.0649242,-0.953601,-0.29399][0.544139,0.013759,0][0.0491487,0.11393,-0.0283567][0.292447,-0.920206,-0.260186][0.513894,0.019506,0][0.0125542,0.105886,-0.024933][0.0649242,-0.953601,-0.29399][0.544139,0.013759,0][0.013896,0.105232,-0.00835763][0.108253,-0.993485,-0.035617][0.543568,0.008642,0][-0.00808036,0.105417,-0.00686611][-0.209573,-0.977373,-0.0286646][0.562709,0.007782,0][-0.00808036,0.105417,-0.00686611][-0.209573,-0.977373,-0.0286646][0.562709,0.007782,0][-0.00968722,0.106284,-0.0228475][-0.206538,-0.945534,-0.251609][0.56245,0.012873,0][0.0125542,0.105886,-0.024933][0.0649242,-0.953601,-0.29399][0.544139,0.013759,0][-0.00968722,0.106284,-0.0228475][-0.206538,-0.945534,-0.251609][0.56245,0.012873,0][-0.00808036,0.105417,-0.00686611][-0.209573,-0.977373,-0.0286646][0.562709,0.007782,0][-0.0395173,0.120389,-0.0111418][-0.519288,-0.851008,0.0782715][0.584485,0.01578,0][-0.0395173,0.120389,-0.0111418][-0.519288,-0.851008,0.0782715][0.584485,0.01578,0][-0.0409299,0.119279,-0.029249][-0.547517,-0.830415,0.103138][0.583661,0.020339,0][-0.00968722,0.106284,-0.0228475][-0.206538,-0.945534,-0.251609][0.56245,0.012873,0][0.0615368,0.147121,-0.0727711][0.358127,-0.755942,-0.547994][0.510077,0.045871,0][0.0140935,0.137261,-0.0752226][0.0347005,-0.808665,-0.587245][0.542032,0.04187,0][0.0180454,0.184662,-0.13368][0.0487546,-0.707869,-0.70466][0.538925,0.077462,0][0.0180454,0.184662,-0.13368][0.0487546,-0.707869,-0.70466][0.538925,0.077462,0][0.0733978,0.199851,-0.126953][0.408605,-0.618929,-0.670798][0.504413,0.08137,0][0.0615368,0.147121,-0.0727711][0.358127,-0.755942,-0.547994][0.510077,0.045871,0][-0.0191988,0.139855,-0.0721658][-0.23413,-0.778954,-0.581734][0.564389,0.041503,0][-0.0270285,0.189519,-0.127809][-0.329736,-0.653897,-0.680951][0.567686,0.076866,0][0.0180454,0.184662,-0.13368][0.0487546,-0.707869,-0.70466][0.538925,0.077462,0][0.0180454,0.184662,-0.13368][0.0487546,-0.707869,-0.70466][0.538925,0.077462,0][0.0140935,0.137261,-0.0752226][0.0347005,-0.808665,-0.587245][0.542032,0.04187,0][-0.0191988,0.139855,-0.0721658][-0.23413,-0.778954,-0.581734][0.564389,0.041503,0][-0.0527562,0.148453,-0.0619861][-0.48616,-0.683652,-0.544306][0.585778,0.041537,0][-0.0636532,0.205045,-0.113997][-0.584612,-0.52363,-0.61971][0.590058,0.077689,0][-0.0270285,0.189519,-0.127809][-0.329736,-0.653897,-0.680951][0.567686,0.076866,0][-0.0270285,0.189519,-0.127809][-0.329736,-0.653897,-0.680951][0.567686,0.076866,0][-0.0191988,0.139855,-0.0721658][-0.23413,-0.778954,-0.581734][0.564389,0.041503,0][-0.0527562,0.148453,-0.0619861][-0.48616,-0.683652,-0.544306][0.585778,0.041537,0][0.10121,0.226568,-0.12659][0.54111,-0.49329,-0.681077][0.487576,0.091175,0][0.0733978,0.199851,-0.126953][0.408605,-0.618929,-0.670798][0.504413,0.08137,0][0.0719242,0.24345,-0.158686][0.436212,-0.386702,-0.812515][0.499546,0.110757,0][0.0719242,0.24345,-0.158686][0.436212,-0.386702,-0.812515][0.499546,0.110757,0][0.095865,0.264085,-0.149211][0.548404,-0.214394,-0.808263][0.482688,0.115473,0][0.10121,0.226568,-0.12659][0.54111,-0.49329,-0.681077][0.487576,0.091175,0][-0.0636532,0.205045,-0.113997][-0.584612,-0.52363,-0.61971][0.590058,0.077689,0][-0.0527562,0.148453,-0.0619861][-0.48616,-0.683652,-0.544306][0.585778,0.041537,0][-0.0917283,0.197772,-0.0744876][-0.626505,-0.560624,-0.541473][0.605243,0.06271,0][-0.0917283,0.197772,-0.0744876][-0.626505,-0.560624,-0.541473][0.605243,0.06271,0][-0.0874373,0.235853,-0.109619][-0.860518,-0.198842,-0.46901][0.605156,0.087286,0][-0.0636532,0.205045,-0.113997][-0.584612,-0.52363,-0.61971][0.590058,0.077689,0][-0.0531986,0.157047,-0.0407188][0.39056,0.668067,0.633364][0.400596,0.030957,0][-0.0179765,0.149518,-0.0478][0.191417,0.72758,0.658777][0.417061,0.033623,0][-0.0273492,0.204463,-0.112726][0.282524,0.653516,0.702209][0.412548,0.069757,0][-0.0273492,0.204463,-0.112726][0.282524,0.653516,0.702209][0.412548,0.069757,0][-0.0661644,0.21957,-0.102478][0.541237,0.523874,0.657737][0.393617,0.067913,0][-0.0531986,0.157047,-0.0407188][0.39056,0.668067,0.633364][0.400596,0.030957,0][-0.0179765,0.149518,-0.0478][0.191417,0.72758,0.658777][0.417061,0.033623,0][0.0164166,0.147073,-0.0500116][-0.0298935,0.74887,0.662042][0.432499,0.034478,0][0.0201712,0.19943,-0.117834][-0.0338589,0.699131,0.714192][0.432945,0.070768,0][0.0201712,0.19943,-0.117834][-0.0338589,0.699131,0.714192][0.432945,0.070768,0][-0.0273492,0.204463,-0.112726][0.282524,0.653516,0.702209][0.412548,0.069757,0][-0.0179765,0.149518,-0.0478][0.191417,0.72758,0.658777][0.417061,0.033623,0][0.0201712,0.19943,-0.117834][-0.0338589,0.699131,0.714192][0.432945,0.070768,0][0.0164166,0.147073,-0.0500116][-0.0298935,0.74887,0.662042][0.432499,0.034478,0][0.0653725,0.156869,-0.0503235][-0.275172,0.731699,0.623616][0.453504,0.035175,0][0.0653725,0.156869,-0.0503235][-0.275172,0.731699,0.623616][0.453504,0.035175,0][0.0781699,0.215505,-0.115227][-0.381538,0.608641,0.695691][0.456008,0.071592,0][0.0201712,0.19943,-0.117834][-0.0338589,0.699131,0.714192][0.432945,0.070768,0][-0.0587324,0.273955,-0.135381][0.592761,0.215641,0.775973][0.387182,0.101984,0][-0.0719628,0.287696,-0.127053][0.624705,0.0817071,0.776574][0.374249,0.101922,0][-0.0900665,0.254229,-0.0994437][0.645315,0.360164,0.673685][0.37604,0.073775,0][-0.0900665,0.254229,-0.0994437][0.645315,0.360164,0.673685][0.37604,0.073775,0][-0.0661644,0.21957,-0.102478][0.541237,0.523874,0.657737][0.393617,0.067913,0][-0.0587324,0.273955,-0.135381][0.592761,0.215641,0.775973][0.387182,0.101984,0][0.105114,0.196083,-0.0714358][-0.444761,0.679284,0.583748][0.467165,0.047729,0][0.106706,0.246152,-0.11614][-0.518715,0.463211,0.718589][0.467896,0.077728,0][0.0781699,0.215505,-0.115227][-0.381538,0.608641,0.695691][0.456008,0.071592,0][0.0781699,0.215505,-0.115227][-0.381538,0.608641,0.695691][0.456008,0.071592,0][0.0653725,0.156869,-0.0503235][-0.275172,0.731699,0.623616][0.453504,0.035175,0][0.105114,0.196083,-0.0714358][-0.444761,0.679284,0.583748][0.467165,0.047729,0][0.0507009,0.277091,-0.154242][0.413718,-0.124223,-0.90189][0.5942,0.107286,0][0.0632945,0.235031,-0.130914][0.565071,-0.408707,-0.716697][0.590058,0.077689,0][0.0323437,0.240113,-0.151445][0.157321,-0.390993,-0.906849][0.605156,0.087286,0][0.0323437,0.240113,-0.151445][0.157321,-0.390993,-0.906849][0.605156,0.087286,0][0.0300853,0.275743,-0.161078][0.0728966,-0.121694,-0.989887][0.605579,0.109696,0][0.0507009,0.277091,-0.154242][0.413718,-0.124223,-0.90189][0.5942,0.107286,0][0.028028,0.297623,-0.159077][0.117592,0.363482,-0.92415][0.604656,0.125388,0][0.0300853,0.275743,-0.161078][0.0728966,-0.121694,-0.989887][0.605579,0.109696,0][0.0185224,0.28994,-0.162289][0.10833,0.283894,-0.952717][0.611014,0.120465,0][0.0823632,0.287047,-0.136897][0.679215,-0.106735,-0.726137][0.570692,0.104796,0][0.0715634,0.299401,-0.144729][0.54547,0.0232109,-0.837809][0.574001,0.117318,0][0.0940001,0.323311,-0.118926][0.792401,0.303177,-0.529325][0.536719,0.118795,0][0.0940001,0.323311,-0.118926][0.792401,0.303177,-0.529325][0.536719,0.118795,0][0.105136,0.312396,-0.108104][0.873946,0.174891,-0.453467][0.536302,0.105319,0][0.0823632,0.287047,-0.136897][0.679215,-0.106735,-0.726137][0.570692,0.104796,0][0.105136,0.312396,-0.108104][0.873946,0.174891,-0.453467][0.536302,0.105319,0][0.0940001,0.323311,-0.118926][0.792401,0.303177,-0.529325][0.536719,0.118795,0][0.0852848,0.355478,-0.091087][0.48874,0.689626,-0.534368][0.498619,0.124681,0][0.0852848,0.355478,-0.091087][0.48874,0.689626,-0.534368][0.498619,0.124681,0][0.10004,0.349789,-0.0758711][0.789912,0.537394,-0.295376][0.499546,0.110757,0][0.105136,0.312396,-0.108104][0.873946,0.174891,-0.453467][0.536302,0.105319,0][0.0854689,0.369194,-0.062631][0.478729,0.875664,-0.0634874][0.482688,0.115473,0][0.10004,0.349789,-0.0758711][0.789912,0.537394,-0.295376][0.499546,0.110757,0][0.0852848,0.355478,-0.091087][0.48874,0.689626,-0.534368][0.498619,0.124681,0][0.0852848,0.355478,-0.091087][0.48874,0.689626,-0.534368][0.498619,0.124681,0][0.0691213,0.372324,-0.0762358][0.261454,0.896509,-0.357651][0.47897,0.127468,0][0.0854689,0.369194,-0.062631][0.478729,0.875664,-0.0634874][0.482688,0.115473,0][0.0353157,0.297627,-0.157855][0.237554,0.355063,-0.904156][0.600008,0.124588,0][0.0507009,0.277091,-0.154242][0.413718,-0.124223,-0.90189][0.5942,0.107286,0][0.0300853,0.275743,-0.161078][0.0728966,-0.121694,-0.989887][0.605579,0.109696,0][0.0300853,0.275743,-0.161078][0.0728966,-0.121694,-0.989887][0.605579,0.109696,0][0.028028,0.297623,-0.159077][0.117592,0.363482,-0.92415][0.604656,0.125388,0][0.0353157,0.297627,-0.157855][0.237554,0.355063,-0.904156][0.600008,0.124588,0][0.0632945,0.235031,-0.130914][0.565071,-0.408707,-0.716697][0.590058,0.077689,0][0.0507009,0.277091,-0.154242][0.413718,-0.124223,-0.90189][0.5942,0.107286,0][0.0823632,0.287047,-0.136897][0.679215,-0.106735,-0.726137][0.570692,0.104796,0][0.0823632,0.287047,-0.136897][0.679215,-0.106735,-0.726137][0.570692,0.104796,0][0.0943355,0.251565,-0.109753][0.777382,-0.31969,-0.541734][0.567686,0.076866,0][0.0632945,0.235031,-0.130914][0.565071,-0.408707,-0.716697][0.590058,0.077689,0][0.0507009,0.277091,-0.154242][0.413718,-0.124223,-0.90189][0.5942,0.107286,0][0.0353157,0.297627,-0.157855][0.237554,0.355063,-0.904156][0.600008,0.124588,0][0.0715634,0.299401,-0.144729][0.54547,0.0232109,-0.837809][0.574001,0.117318,0][0.0715634,0.299401,-0.144729][0.54547,0.0232109,-0.837809][0.574001,0.117318,0][0.0823632,0.287047,-0.136897][0.679215,-0.106735,-0.726137][0.570692,0.104796,0][0.0507009,0.277091,-0.154242][0.413718,-0.124223,-0.90189][0.5942,0.107286,0][0.0709962,0.180914,-0.0792219][0.661593,-0.518962,-0.54127][0.585778,0.041537,0][0.0716437,0.151699,-0.0433763][0.771232,-0.513375,-0.37636][0.583661,0.020339,0][0.0592839,0.153601,-0.0652227][0.665045,-0.546219,-0.509274][0.593827,0.028261,0][0.0592839,0.153601,-0.0652227][0.665045,-0.546219,-0.509274][0.593827,0.028261,0][0.0335216,0.19779,-0.126662][0.529257,-0.507946,-0.679616][0.605243,0.06271,0][0.0709962,0.180914,-0.0792219][0.661593,-0.518962,-0.54127][0.585778,0.041537,0][0.105136,0.312396,-0.108104][0.873946,0.174891,-0.453467][0.536302,0.105319,0][0.10004,0.349789,-0.0758711][0.789912,0.537394,-0.295376][0.499546,0.110757,0][0.119729,0.318542,-0.0428816][0.971725,0.217205,-0.0925918][0.504413,0.08137,0][0.119729,0.318542,-0.0428816][0.971725,0.217205,-0.0925918][0.504413,0.08137,0][0.11623,0.277655,-0.0807941][0.946716,-0.106945,-0.303794][0.538925,0.077462,0][0.105136,0.312396,-0.108104][0.873946,0.174891,-0.453467][0.536302,0.105319,0][0.119729,0.318542,-0.0428816][0.971725,0.217205,-0.0925918][0.504413,0.08137,0][0.107797,0.349965,-0.0323029][0.755433,0.635016,0.161482][0.487576,0.091175,0][0.119093,0.312347,0.00524981][0.987703,0.143591,0.061841][0.489712,0.063637,0][0.119093,0.312347,0.00524981][0.987703,0.143591,0.061841][0.489712,0.063637,0][0.12359,0.259146,-0.00162853][0.998499,-0.049921,0.0225381][0.510077,0.045871,0][0.119729,0.318542,-0.0428816][0.971725,0.217205,-0.0925918][0.504413,0.08137,0][0.12359,0.259146,-0.00162853][0.998499,-0.049921,0.0225381][0.510077,0.045871,0][0.119093,0.312347,0.00524981][0.987703,0.143591,0.061841][0.489712,0.063637,0][0.118288,0.224246,0.0345776][0.990121,-0.139844,0.0101893][0.50461,0.022942,0][0.118288,0.224246,0.0345776][0.990121,-0.139844,0.0101893][0.50461,0.022942,0][0.115239,0.209917,0.0274101][0.964271,-0.254375,-0.0739967][0.513894,0.019506,0][0.12359,0.259146,-0.00162853][0.998499,-0.049921,0.0225381][0.510077,0.045871,0][0.112631,0.221243,-0.035507][0.93143,-0.302426,-0.202425][0.542032,0.04187,0][0.12359,0.259146,-0.00162853][0.998499,-0.049921,0.0225381][0.510077,0.045871,0][0.115239,0.209917,0.0274101][0.964271,-0.254375,-0.0739967][0.513894,0.019506,0][0.115239,0.209917,0.0274101][0.964271,-0.254375,-0.0739967][0.513894,0.019506,0][0.10011,0.175516,0.00321653][0.902489,-0.392791,-0.176715][0.544139,0.013759,0][0.112631,0.221243,-0.035507][0.93143,-0.302426,-0.202425][0.542032,0.04187,0][0.0716437,0.151699,-0.0433763][0.771232,-0.513375,-0.37636][0.583661,0.020339,0][0.0709962,0.180914,-0.0792219][0.661593,-0.518962,-0.54127][0.585778,0.041537,0][0.0958746,0.200253,-0.0586285][0.826159,-0.430723,-0.363233][0.564389,0.041503,0][0.0958746,0.200253,-0.0586285][0.826159,-0.430723,-0.363233][0.564389,0.041503,0][0.0881636,0.159388,-0.0125413][0.734735,-0.647935,-0.200858][0.56245,0.012873,0][0.0716437,0.151699,-0.0433763][0.771232,-0.513375,-0.37636][0.583661,0.020339,0][0.0943355,0.251565,-0.109753][0.777382,-0.31969,-0.541734][0.567686,0.076866,0][0.0823632,0.287047,-0.136897][0.679215,-0.106735,-0.726137][0.570692,0.104796,0][0.105136,0.312396,-0.108104][0.873946,0.174891,-0.453467][0.536302,0.105319,0][0.105136,0.312396,-0.108104][0.873946,0.174891,-0.453467][0.536302,0.105319,0][0.11623,0.277655,-0.0807941][0.946716,-0.106945,-0.303794][0.538925,0.077462,0][0.0943355,0.251565,-0.109753][0.777382,-0.31969,-0.541734][0.567686,0.076866,0][0.10011,0.175516,0.00321653][0.902489,-0.392791,-0.176715][0.544139,0.013759,0][0.0881636,0.159388,-0.0125413][0.734735,-0.647935,-0.200858][0.56245,0.012873,0][0.0958746,0.200253,-0.0586285][0.826159,-0.430723,-0.363233][0.564389,0.041503,0][0.0958746,0.200253,-0.0586285][0.826159,-0.430723,-0.363233][0.564389,0.041503,0][0.112631,0.221243,-0.035507][0.93143,-0.302426,-0.202425][0.542032,0.04187,0][0.10011,0.175516,0.00321653][0.902489,-0.392791,-0.176715][0.544139,0.013759,0][0.0455305,0.239271,-0.129502][-0.604289,0.365803,0.70783][0.393617,0.067913,0][0.0132678,0.247337,-0.151351][-0.46345,0.283153,0.839666][0.37604,0.073775,0][0.0146695,0.198335,-0.124829][-0.574692,0.48797,0.656974][0.37898,0.045992,0][0.0146695,0.198335,-0.124829][-0.574692,0.48797,0.656974][0.37898,0.045992,0][0.0505282,0.177931,-0.0696134][-0.73645,0.422573,0.528274][0.400596,0.030957,0][0.0455305,0.239271,-0.129502][-0.604289,0.365803,0.70783][0.393617,0.067913,0][0.0108338,0.311809,-0.151483][-0.118914,-0.281362,0.952205][0.375463,0.122941,0][0.00356472,0.304004,-0.155795][-0.245557,-0.283485,0.927005][0.366882,0.114582,0][0.0125852,0.288055,-0.158283][-0.307199,-0.0656625,0.949378][0.374249,0.101922,0][0.0606208,0.359946,-0.0955758][-0.572339,-0.670139,0.472591][0.458732,0.122101,0][0.0722207,0.332022,-0.119444][-0.836937,-0.512291,0.192599][0.433431,0.119093,0][0.0798201,0.324058,-0.107603][-0.866665,-0.386343,0.315644][0.433349,0.103579,0][0.0798201,0.324058,-0.107603][-0.866665,-0.386343,0.315644][0.433349,0.103579,0][0.0765236,0.358507,-0.077867][-0.740535,-0.564477,0.364656][0.458312,0.105105,0][0.0606208,0.359946,-0.0955758][-0.572339,-0.670139,0.472591][0.458732,0.122101,0][0.0636797,0.374733,-0.0671981][-0.568689,-0.74821,0.341723][0.471023,0.106505,0][0.0440376,0.371921,-0.085167][-0.307123,-0.83,0.465592][0.473671,0.121452,0][0.0606208,0.359946,-0.0955758][-0.572339,-0.670139,0.472591][0.458732,0.122101,0][0.0606208,0.359946,-0.0955758][-0.572339,-0.670139,0.472591][0.458732,0.122101,0][0.0765236,0.358507,-0.077867][-0.740535,-0.564477,0.364656][0.458312,0.105105,0][0.0636797,0.374733,-0.0671981][-0.568689,-0.74821,0.341723][0.471023,0.106505,0][0.0722207,0.332022,-0.119444][-0.797472,0.052351,0.60108][0.433431,0.119093,0][0.0501682,0.310665,-0.142799][-0.628293,0.0680154,0.774998][0.406234,0.117072,0][0.0580156,0.299514,-0.135459][-0.692421,0.107765,0.713401][0.408453,0.102543,0][0.0580156,0.299514,-0.135459][-0.692421,0.107765,0.713401][0.408453,0.102543,0][0.0798201,0.324058,-0.107603][-0.824301,0.079872,0.56049][0.433349,0.103579,0][0.0722207,0.332022,-0.119444][-0.797472,0.052351,0.60108][0.433431,0.119093,0][0.0501682,0.310665,-0.142799][-0.24797,-0.179883,0.951921][0.406234,0.117072,0][0.0169311,0.311198,-0.151357][-0.17394,-0.234852,0.956342][0.381116,0.122775,0][0.0298835,0.289574,-0.152069][-0.410921,0.0326472,0.911086][0.387182,0.101984,0][0.0298835,0.289574,-0.152069][-0.410921,0.0326472,0.911086][0.387182,0.101984,0][0.0580156,0.299514,-0.135459][-0.692421,0.107765,0.713401][0.408453,0.102543,0][0.0501682,0.310665,-0.142799][-0.628293,0.0680154,0.774998][0.406234,0.117072,0][0.0169311,0.311198,-0.151357][-0.17394,-0.234852,0.956342][0.381116,0.122775,0][0.0108338,0.311809,-0.151483][-0.118914,-0.281362,0.952205][0.375463,0.122941,0][0.0125852,0.288055,-0.158283][-0.307199,-0.0656625,0.949378][0.374249,0.101922,0][0.0125852,0.288055,-0.158283][-0.307199,-0.0656625,0.949378][0.374249,0.101922,0][0.0298835,0.289574,-0.152069][-0.410921,0.0326472,0.911086][0.387182,0.101984,0][0.0169311,0.311198,-0.151357][-0.17394,-0.234852,0.956342][0.381116,0.122775,0][0.0505282,0.177931,-0.0696134][-0.73645,0.422573,0.528274][0.400596,0.030957,0][0.0146695,0.198335,-0.124829][-0.574692,0.48797,0.656974][0.37898,0.045992,0][0.0440433,0.14751,-0.0555582][-0.736032,0.40687,0.541031][0.396003,0.01874,0][0.0440433,0.14751,-0.0555582][-0.736032,0.40687,0.541031][0.396003,0.01874,0][0.0585175,0.144774,-0.0323604][-0.803944,0.36014,0.473258][0.405605,0.015719,0][0.0505282,0.177931,-0.0696134][-0.73645,0.422573,0.528274][0.400596,0.030957,0][0.0746936,0.256096,-0.104999][-0.80619,0.285048,0.518464][0.412548,0.069757,0][0.0970074,0.283248,-0.0739159][-0.942196,0.112201,0.315717][0.432945,0.070768,0][0.0798201,0.324058,-0.107603][-0.824301,0.079872,0.56049][0.433349,0.103579,0][0.0798201,0.324058,-0.107603][-0.824301,0.079872,0.56049][0.433349,0.103579,0][0.0580156,0.299514,-0.135459][-0.692421,0.107765,0.713401][0.408453,0.102543,0][0.0746936,0.256096,-0.104999][-0.80619,0.285048,0.518464][0.412548,0.069757,0][0.0798201,0.324058,-0.107603][-0.866665,-0.386343,0.315644][0.433349,0.103579,0][0.0970074,0.283248,-0.0739159][-0.942196,0.112201,0.315717][0.432945,0.070768,0][0.102951,0.327233,-0.0371755][-0.968819,-0.214575,0.123881][0.456008,0.071592,0][0.102951,0.327233,-0.0371755][-0.968819,-0.214575,0.123881][0.456008,0.071592,0][0.0765236,0.358507,-0.077867][-0.740535,-0.564477,0.364656][0.458312,0.105105,0][0.0798201,0.324058,-0.107603][-0.866665,-0.386343,0.315644][0.433349,0.103579,0][0.0889916,0.360561,-0.0288755][-0.879715,-0.457542,0.129447][0.467896,0.077728,0][0.0636797,0.374733,-0.0671981][-0.568689,-0.74821,0.341723][0.471023,0.106505,0][0.0765236,0.358507,-0.077867][-0.740535,-0.564477,0.364656][0.458312,0.105105,0][0.0765236,0.358507,-0.077867][-0.740535,-0.564477,0.364656][0.458312,0.105105,0][0.102951,0.327233,-0.0371755][-0.968819,-0.214575,0.123881][0.456008,0.071592,0][0.0889916,0.360561,-0.0288755][-0.879715,-0.457542,0.129447][0.467896,0.077728,0][0.105727,0.21914,0.047949][-0.988678,0.066622,0.134449][0.458513,0.016989,0][0.102324,0.319866,0.0161352][-0.993873,-0.108529,-0.0209334][0.467165,0.047729,0][0.103743,0.260739,0.0127501][-0.994063,0.0584579,0.091765][0.453504,0.035175,0][0.103743,0.260739,0.0127501][-0.994063,0.0584579,0.091765][0.453504,0.035175,0][0.1032,0.203877,0.040323][-0.967407,0.132787,0.215618][0.452686,0.016468,0][0.105727,0.21914,0.047949][-0.988678,0.066622,0.134449][0.458513,0.016989,0][0.09026,0.220105,-0.0211943][-0.933637,0.239256,0.266606][0.432499,0.034478,0][0.0899222,0.16851,0.0145246][-0.918797,0.230084,0.320738][0.433828,0.015619,0][0.1032,0.203877,0.040323][-0.967407,0.132787,0.215618][0.452686,0.016468,0][0.1032,0.203877,0.040323][-0.967407,0.132787,0.215618][0.452686,0.016468,0][0.103743,0.260739,0.0127501][-0.994063,0.0584579,0.091765][0.453504,0.035175,0][0.09026,0.220105,-0.0211943][-0.933637,0.239256,0.266606][0.432499,0.034478,0][0.0899222,0.16851,0.0145246][-0.918797,0.230084,0.320738][0.433828,0.015619,0][0.09026,0.220105,-0.0211943][-0.933637,0.239256,0.266606][0.432499,0.034478,0][0.0735135,0.198176,-0.0459942][-0.852682,0.34583,0.39158][0.417061,0.033623,0][0.0735135,0.198176,-0.0459942][-0.852682,0.34583,0.39158][0.417061,0.033623,0][0.0781742,0.15218,-0.00169252][-0.86435,0.300671,0.403109][0.421866,0.014427,0][0.0899222,0.16851,0.0145246][-0.918797,0.230084,0.320738][0.433828,0.015619,0][0.0455305,0.239271,-0.129502][-0.604289,0.365803,0.70783][0.393617,0.067913,0][0.0746936,0.256096,-0.104999][-0.80619,0.285048,0.518464][0.412548,0.069757,0][0.0580156,0.299514,-0.135459][-0.692421,0.107765,0.713401][0.408453,0.102543,0][0.0580156,0.299514,-0.135459][-0.692421,0.107765,0.713401][0.408453,0.102543,0][0.0298835,0.289574,-0.152069][-0.410921,0.0326472,0.911086][0.387182,0.101984,0][0.0455305,0.239271,-0.129502][-0.604289,0.365803,0.70783][0.393617,0.067913,0][0.0735135,0.198176,-0.0459942][-0.852682,0.34583,0.39158][0.417061,0.033623,0][0.0505282,0.177931,-0.0696134][-0.73645,0.422573,0.528274][0.400596,0.030957,0][0.0585175,0.144774,-0.0323604][-0.803944,0.36014,0.473258][0.405605,0.015719,0][0.0585175,0.144774,-0.0323604][-0.803944,0.36014,0.473258][0.405605,0.015719,0][0.0781742,0.15218,-0.00169252][-0.86435,0.300671,0.403109][0.421866,0.014427,0][0.0735135,0.198176,-0.0459942][-0.852682,0.34583,0.39158][0.417061,0.033623,0][0.0146695,0.198335,-0.124829][-0.0999818,-0.661087,-0.743618][0.606555,0.062935,0][0.0132678,0.247337,-0.151351][-0.165131,-0.331627,-0.928847][0.60635,0.090433,0][0.0323437,0.240113,-0.151445][0.157321,-0.390993,-0.906849][0.605156,0.087286,0][0.0323437,0.240113,-0.151445][0.157321,-0.390993,-0.906849][0.605156,0.087286,0][0.0335216,0.19779,-0.126662][-0.0895297,-0.693859,-0.714524][0.605243,0.06271,0][0.0146695,0.198335,-0.124829][-0.0999818,-0.661087,-0.743618][0.606555,0.062935,0][0.0132678,0.247337,-0.151351][-0.165131,-0.331627,-0.928847][0.60635,0.090433,0][0.0125852,0.288055,-0.158283][-0.431674,-0.228374,-0.872642][0.606823,0.115892,0][0.0300853,0.275743,-0.161078][0.0728966,-0.121694,-0.989887][0.605579,0.109696,0][0.0300853,0.275743,-0.161078][0.0728966,-0.121694,-0.989887][0.605579,0.109696,0][0.0323437,0.240113,-0.151445][0.157321,-0.390993,-0.906849][0.605156,0.087286,0][0.0132678,0.247337,-0.151351][-0.165131,-0.331627,-0.928847][0.60635,0.090433,0][0.0125852,0.288055,-0.158283][-0.431674,-0.228374,-0.872642][0.606823,0.115892,0][0.00356472,0.304004,-0.155795][-0.516378,-0.160865,-0.841116][0.612544,0.128122,0][0.0185224,0.28994,-0.162289][-0.455592,-0.325573,-0.828516][0.611014,0.120465,0][0.0185224,0.28994,-0.162289][-0.455592,-0.325573,-0.828516][0.611014,0.120465,0][0.0300853,0.275743,-0.161078][0.0728966,-0.121694,-0.989887][0.605579,0.109696,0][0.0125852,0.288055,-0.158283][-0.431674,-0.228374,-0.872642][0.606823,0.115892,0][0.0108338,0.311809,-0.151483][0.0303532,0.475035,-0.879443][0.605989,0.134025,0][0.028028,0.297623,-0.159077][0.117592,0.363482,-0.92415][0.604656,0.125388,0][0.0185224,0.28994,-0.162289][0.10833,0.283894,-0.952717][0.611014,0.120465,0][0.0185224,0.28994,-0.162289][0.10833,0.283894,-0.952717][0.611014,0.120465,0][0.00356472,0.304004,-0.155795][0.040516,0.454029,-0.890065][0.612544,0.128122,0][0.0108338,0.311809,-0.151483][0.0303532,0.475035,-0.879443][0.605989,0.134025,0][0.0715634,0.299401,-0.144729][0.246116,0.59303,-0.766644][0.574001,0.117318,0][0.0501682,0.310665,-0.142799][0.236517,0.602969,-0.761898][0.574375,0.12475,0][0.0722207,0.332022,-0.119444][0.262794,0.636301,-0.7253][0.535961,0.126036,0][0.0722207,0.332022,-0.119444][0.262794,0.636301,-0.7253][0.535961,0.126036,0][0.0940001,0.323311,-0.118926][0.268617,0.628214,-0.7302][0.536719,0.118795,0][0.0715634,0.299401,-0.144729][0.246116,0.59303,-0.766644][0.574001,0.117318,0][0.0722207,0.332022,-0.119444][0.262794,0.636301,-0.7253][0.535961,0.126036,0][0.0606208,0.359946,-0.0955758][0.231596,0.74524,-0.625285][0.496747,0.132796,0][0.0852848,0.355478,-0.091087][0.48874,0.689626,-0.534368][0.498619,0.124681,0][0.0852848,0.355478,-0.091087][0.48874,0.689626,-0.534368][0.498619,0.124681,0][0.0940001,0.323311,-0.118926][0.268617,0.628214,-0.7302][0.536719,0.118795,0][0.0722207,0.332022,-0.119444][0.262794,0.636301,-0.7253][0.535961,0.126036,0][0.0606208,0.359946,-0.0955758][0.231596,0.74524,-0.625285][0.496747,0.132796,0][0.0440376,0.371921,-0.085167][0.161942,0.854629,-0.493341][0.476666,0.135923,0][0.0691213,0.372324,-0.0762358][0.261454,0.896509,-0.357651][0.47897,0.127468,0][0.0691213,0.372324,-0.0762358][0.261454,0.896509,-0.357651][0.47897,0.127468,0][0.0852848,0.355478,-0.091087][0.48874,0.689626,-0.534368][0.498619,0.124681,0][0.0606208,0.359946,-0.0955758][0.231596,0.74524,-0.625285][0.496747,0.132796,0][0.0636797,0.374733,-0.0671981][0.169439,0.982586,-0.0762556][0.480413,0.122052,0][0.0854689,0.369194,-0.062631][0.478729,0.875664,-0.0634874][0.482688,0.115473,0][0.0691213,0.372324,-0.0762358][0.261454,0.896509,-0.357651][0.47897,0.127468,0][0.0691213,0.372324,-0.0762358][0.261454,0.896509,-0.357651][0.47897,0.127468,0][0.0440376,0.371921,-0.085167][0.161942,0.854629,-0.493341][0.476666,0.135923,0][0.0636797,0.374733,-0.0671981][0.169439,0.982586,-0.0762556][0.480413,0.122052,0][0.0169311,0.311198,-0.151357][0.108555,0.564313,-0.818393][0.601224,0.133089,0][0.0353157,0.297627,-0.157855][0.237554,0.355063,-0.904156][0.600008,0.124588,0][0.028028,0.297623,-0.159077][0.117592,0.363482,-0.92415][0.604656,0.125388,0][0.028028,0.297623,-0.159077][0.117592,0.363482,-0.92415][0.604656,0.125388,0][0.0108338,0.311809,-0.151483][0.0303532,0.475035,-0.879443][0.605989,0.134025,0][0.0169311,0.311198,-0.151357][0.108555,0.564313,-0.818393][0.601224,0.133089,0][0.0353157,0.297627,-0.157855][0.237554,0.355063,-0.904156][0.600008,0.124588,0][0.0169311,0.311198,-0.151357][0.108555,0.564313,-0.818393][0.601224,0.133089,0][0.0501682,0.310665,-0.142799][0.236517,0.602969,-0.761898][0.574375,0.12475,0][0.0501682,0.310665,-0.142799][0.236517,0.602969,-0.761898][0.574375,0.12475,0][0.0715634,0.299401,-0.144729][0.246116,0.59303,-0.766644][0.574001,0.117318,0][0.0353157,0.297627,-0.157855][0.237554,0.355063,-0.904156][0.600008,0.124588,0][0.0440433,0.14751,-0.0555582][0.124186,-0.908321,-0.399414][0.594844,0.024575,0][0.0592839,0.153601,-0.0652227][0.0829098,-0.89881,-0.430427][0.593827,0.028261,0][0.0716437,0.151699,-0.0433763][0.34765,-0.925775,-0.148594][0.583661,0.020339,0][0.0716437,0.151699,-0.0433763][0.34765,-0.925775,-0.148594][0.583661,0.020339,0][0.0585175,0.144774,-0.0323604][0.374812,-0.914473,-0.152499][0.584485,0.01578,0][0.0440433,0.14751,-0.0555582][0.124186,-0.908321,-0.399414][0.594844,0.024575,0][0.0146695,0.198335,-0.124829][-0.0999818,-0.661087,-0.743618][0.606555,0.062935,0][0.0335216,0.19779,-0.126662][-0.0895297,-0.693859,-0.714524][0.605243,0.06271,0][0.0592839,0.153601,-0.0652227][0.0829098,-0.89881,-0.430427][0.593827,0.028261,0][0.0592839,0.153601,-0.0652227][0.0829098,-0.89881,-0.430427][0.593827,0.028261,0][0.0440433,0.14751,-0.0555582][0.124186,-0.908321,-0.399414][0.594844,0.024575,0][0.0146695,0.198335,-0.124829][-0.0999818,-0.661087,-0.743618][0.606555,0.062935,0][0.0889916,0.360561,-0.0288755][0.467529,0.831875,0.299001][0.485402,0.09461,0][0.107797,0.349965,-0.0323029][0.755433,0.635016,0.161482][0.487576,0.091175,0][0.0854689,0.369194,-0.062631][0.478729,0.875664,-0.0634874][0.482688,0.115473,0][0.0854689,0.369194,-0.062631][0.478729,0.875664,-0.0634874][0.482688,0.115473,0][0.0636797,0.374733,-0.0671981][0.169439,0.982586,-0.0762556][0.480413,0.122052,0][0.0889916,0.360561,-0.0288755][0.467529,0.831875,0.299001][0.485402,0.09461,0][0.102324,0.319866,0.0161352][0.610171,0.488161,0.624011][0.487466,0.063691,0][0.119093,0.312347,0.00524981][0.619374,0.448374,0.644466][0.489712,0.063637,0][0.107797,0.349965,-0.0323029][0.755433,0.635016,0.161482][0.487576,0.091175,0][0.107797,0.349965,-0.0323029][0.755433,0.635016,0.161482][0.487576,0.091175,0][0.0889916,0.360561,-0.0288755][0.467529,0.831875,0.299001][0.485402,0.09461,0][0.102324,0.319866,0.0161352][0.610171,0.488161,0.624011][0.487466,0.063691,0][0.102324,0.319866,0.0161352][0.610171,0.488161,0.624011][0.487466,0.063691,0][0.105727,0.21914,0.047949][0.657375,0.24706,0.711912][0.502452,0.018408,0][0.118288,0.224246,0.0345776][0.651901,0.24711,0.716912][0.50461,0.022942,0][0.118288,0.224246,0.0345776][0.651901,0.24711,0.716912][0.50461,0.022942,0][0.119093,0.312347,0.00524981][0.619374,0.448374,0.644466][0.489712,0.063637,0][0.102324,0.319866,0.0161352][0.610171,0.488161,0.624011][0.487466,0.063691,0][0.105727,0.21914,0.047949][0.747744,-0.403362,0.527426][0.502452,0.018408,0][0.1032,0.203877,0.040323][0.745032,-0.489435,0.45319][0.512047,0.014644,0][0.115239,0.209917,0.0274101][0.734461,-0.493707,0.46564][0.513894,0.019506,0][0.115239,0.209917,0.0274101][0.734461,-0.493707,0.46564][0.513894,0.019506,0][0.118288,0.224246,0.0345776][0.735667,-0.421693,0.530065][0.50461,0.022942,0][0.105727,0.21914,0.047949][0.747744,-0.403362,0.527426][0.502452,0.018408,0][0.10011,0.175516,0.00321653][0.728639,-0.622763,0.285049][0.544139,0.013759,0][0.115239,0.209917,0.0274101][0.734461,-0.493707,0.46564][0.513894,0.019506,0][0.1032,0.203877,0.040323][0.745032,-0.489435,0.45319][0.512047,0.014644,0][0.1032,0.203877,0.040323][0.745032,-0.489435,0.45319][0.512047,0.014644,0][0.0899222,0.16851,0.0145246][0.730922,-0.62858,0.265784][0.543568,0.008642,0][0.10011,0.175516,0.00321653][0.728639,-0.622763,0.285049][0.544139,0.013759,0][0.0899222,0.16851,0.0145246][0.730922,-0.62858,0.265784][0.543568,0.008642,0][0.0781742,0.15218,-0.00169252][0.611524,-0.790315,0.0379613][0.562709,0.007782,0][0.0881636,0.159388,-0.0125413][0.696806,-0.692178,0.188016][0.56245,0.012873,0][0.0881636,0.159388,-0.0125413][0.696806,-0.692178,0.188016][0.56245,0.012873,0][0.10011,0.175516,0.00321653][0.728639,-0.622763,0.285049][0.544139,0.013759,0][0.0899222,0.16851,0.0145246][0.730922,-0.62858,0.265784][0.543568,0.008642,0][0.0881636,0.159388,-0.0125413][0.734735,-0.647935,-0.200858][0.56245,0.012873,0][0.0781742,0.15218,-0.00169252][0.611524,-0.790315,0.0379613][0.562709,0.007782,0][0.0585175,0.144774,-0.0323604][0.374812,-0.914473,-0.152499][0.584485,0.01578,0][0.0585175,0.144774,-0.0323604][0.374812,-0.914473,-0.152499][0.584485,0.01578,0][0.0716437,0.151699,-0.0433763][0.34765,-0.925775,-0.148594][0.583661,0.020339,0][0.0881636,0.159388,-0.0125413][0.734735,-0.647935,-0.200858][0.56245,0.012873,0][0.12359,0.259146,-0.00162853][0.998499,-0.049921,0.0225381][0.510077,0.045871,0][0.112631,0.221243,-0.035507][0.93143,-0.302426,-0.202425][0.542032,0.04187,0][0.11623,0.277655,-0.0807941][0.946716,-0.106945,-0.303794][0.538925,0.077462,0][0.11623,0.277655,-0.0807941][0.946716,-0.106945,-0.303794][0.538925,0.077462,0][0.119729,0.318542,-0.0428816][0.971725,0.217205,-0.0925918][0.504413,0.08137,0][0.12359,0.259146,-0.00162853][0.998499,-0.049921,0.0225381][0.510077,0.045871,0][0.112631,0.221243,-0.035507][0.93143,-0.302426,-0.202425][0.542032,0.04187,0][0.0958746,0.200253,-0.0586285][0.826159,-0.430723,-0.363233][0.564389,0.041503,0][0.0943355,0.251565,-0.109753][0.777382,-0.31969,-0.541734][0.567686,0.076866,0][0.0943355,0.251565,-0.109753][0.777382,-0.31969,-0.541734][0.567686,0.076866,0][0.11623,0.277655,-0.0807941][0.946716,-0.106945,-0.303794][0.538925,0.077462,0][0.112631,0.221243,-0.035507][0.93143,-0.302426,-0.202425][0.542032,0.04187,0][0.0709962,0.180914,-0.0792219][0.661593,-0.518962,-0.54127][0.585778,0.041537,0][0.0632945,0.235031,-0.130914][0.565071,-0.408707,-0.716697][0.590058,0.077689,0][0.0943355,0.251565,-0.109753][0.777382,-0.31969,-0.541734][0.567686,0.076866,0][0.0943355,0.251565,-0.109753][0.777382,-0.31969,-0.541734][0.567686,0.076866,0][0.0958746,0.200253,-0.0586285][0.826159,-0.430723,-0.363233][0.564389,0.041503,0][0.0709962,0.180914,-0.0792219][0.661593,-0.518962,-0.54127][0.585778,0.041537,0][0.107797,0.349965,-0.0323029][0.755433,0.635016,0.161482][0.487576,0.091175,0][0.119729,0.318542,-0.0428816][0.971725,0.217205,-0.0925918][0.504413,0.08137,0][0.10004,0.349789,-0.0758711][0.789912,0.537394,-0.295376][0.499546,0.110757,0][0.10004,0.349789,-0.0758711][0.789912,0.537394,-0.295376][0.499546,0.110757,0][0.0854689,0.369194,-0.062631][0.478729,0.875664,-0.0634874][0.482688,0.115473,0][0.107797,0.349965,-0.0323029][0.755433,0.635016,0.161482][0.487576,0.091175,0][0.0632945,0.235031,-0.130914][0.565071,-0.408707,-0.716697][0.590058,0.077689,0][0.0709962,0.180914,-0.0792219][0.661593,-0.518962,-0.54127][0.585778,0.041537,0][0.0335216,0.19779,-0.126662][0.529257,-0.507946,-0.679616][0.605243,0.06271,0][0.0335216,0.19779,-0.126662][0.529257,-0.507946,-0.679616][0.605243,0.06271,0][0.0323437,0.240113,-0.151445][0.157321,-0.390993,-0.906849][0.605156,0.087286,0][0.0632945,0.235031,-0.130914][0.565071,-0.408707,-0.716697][0.590058,0.077689,0][0.0505282,0.177931,-0.0696134][-0.73645,0.422573,0.528274][0.400596,0.030957,0][0.0735135,0.198176,-0.0459942][-0.852682,0.34583,0.39158][0.417061,0.033623,0][0.0746936,0.256096,-0.104999][-0.80619,0.285048,0.518464][0.412548,0.069757,0][0.0746936,0.256096,-0.104999][-0.80619,0.285048,0.518464][0.412548,0.069757,0][0.0455305,0.239271,-0.129502][-0.604289,0.365803,0.70783][0.393617,0.067913,0][0.0505282,0.177931,-0.0696134][-0.73645,0.422573,0.528274][0.400596,0.030957,0][0.09026,0.220105,-0.0211943][-0.933637,0.239256,0.266606][0.432499,0.034478,0][0.0970074,0.283248,-0.0739159][-0.942196,0.112201,0.315717][0.432945,0.070768,0][0.0746936,0.256096,-0.104999][-0.80619,0.285048,0.518464][0.412548,0.069757,0][0.0746936,0.256096,-0.104999][-0.80619,0.285048,0.518464][0.412548,0.069757,0][0.0735135,0.198176,-0.0459942][-0.852682,0.34583,0.39158][0.417061,0.033623,0][0.09026,0.220105,-0.0211943][-0.933637,0.239256,0.266606][0.432499,0.034478,0][0.0970074,0.283248,-0.0739159][-0.942196,0.112201,0.315717][0.432945,0.070768,0][0.09026,0.220105,-0.0211943][-0.933637,0.239256,0.266606][0.432499,0.034478,0][0.103743,0.260739,0.0127501][-0.994063,0.0584579,0.091765][0.453504,0.035175,0][0.103743,0.260739,0.0127501][-0.994063,0.0584579,0.091765][0.453504,0.035175,0][0.102951,0.327233,-0.0371755][-0.968819,-0.214575,0.123881][0.456008,0.071592,0][0.0970074,0.283248,-0.0739159][-0.942196,0.112201,0.315717][0.432945,0.070768,0][0.0298835,0.289574,-0.152069][-0.410921,0.0326472,0.911086][0.387182,0.101984,0][0.0125852,0.288055,-0.158283][-0.307199,-0.0656625,0.949378][0.374249,0.101922,0][0.0132678,0.247337,-0.151351][-0.46345,0.283153,0.839666][0.37604,0.073775,0][0.0132678,0.247337,-0.151351][-0.46345,0.283153,0.839666][0.37604,0.073775,0][0.0455305,0.239271,-0.129502][-0.604289,0.365803,0.70783][0.393617,0.067913,0][0.0298835,0.289574,-0.152069][-0.410921,0.0326472,0.911086][0.387182,0.101984,0][0.102324,0.319866,0.0161352][-0.993873,-0.108529,-0.0209334][0.467165,0.047729,0][0.0889916,0.360561,-0.0288755][-0.879715,-0.457542,0.129447][0.467896,0.077728,0][0.102951,0.327233,-0.0371755][-0.968819,-0.214575,0.123881][0.456008,0.071592,0][0.102951,0.327233,-0.0371755][-0.968819,-0.214575,0.123881][0.456008,0.071592,0][0.103743,0.260739,0.0127501][-0.994063,0.0584579,0.091765][0.453504,0.035175,0][0.102324,0.319866,0.0161352][-0.993873,-0.108529,-0.0209334][0.467165,0.047729,0][0.090756,0.380494,-0.0215507][0.395054,0.909285,0.130894][0.5942,0.107286,0][0.0671713,0.387823,-0.0194807][0.0754983,0.984112,0.160698][0.605579,0.109696,0][0.0755438,0.374699,0.0219795][0.176973,0.886046,0.428491][0.605156,0.087286,0][0.0755438,0.374699,0.0219795][0.176973,0.886046,0.428491][0.605156,0.087286,0][0.109125,0.352761,0.0255587][0.580787,0.692673,0.427658][0.590058,0.077689,0][0.090756,0.380494,-0.0215507][0.395054,0.909285,0.130894][0.5942,0.107286,0][0.0602305,0.387383,-0.0480154][0.12641,0.952528,-0.276969][0.604656,0.125388,0][0.0503771,0.390458,-0.0374355][0.115312,0.977477,-0.176757][0.611014,0.120465,0][0.0671713,0.387823,-0.0194807][0.0754983,0.984112,0.160698][0.605579,0.109696,0][0.125931,0.362708,-0.0336452][0.65513,0.74679,0.114498][0.570692,0.104796,0][0.151192,0.333384,-0.0631457][0.889289,0.444464,-0.107781][0.536302,0.105319,0][0.139343,0.344927,-0.0783763][0.795271,0.559425,-0.233641][0.536719,0.118795,0][0.139343,0.344927,-0.0783763][0.795271,0.559425,-0.233641][0.536719,0.118795,0][0.112533,0.371673,-0.0495475][0.424594,0.877999,-0.220993][0.574001,0.117318,0][0.125931,0.362708,-0.0336452][0.65513,0.74679,0.114498][0.570692,0.104796,0][0.147739,0.298601,-0.108278][0.886293,0.21468,-0.410362][0.499546,0.110757,0][0.133783,0.313173,-0.120464][0.594189,0.531268,-0.603899][0.498619,0.124681,0][0.139343,0.344927,-0.0783763][0.795271,0.559425,-0.233641][0.536719,0.118795,0][0.139343,0.344927,-0.0783763][0.795271,0.559425,-0.233641][0.536719,0.118795,0][0.151192,0.333384,-0.0631457][0.889289,0.444464,-0.107781][0.536302,0.105319,0][0.147739,0.298601,-0.108278][0.886293,0.21468,-0.410362][0.499546,0.110757,0][0.133701,0.281811,-0.134639][0.790042,0.190987,-0.582544][0.482688,0.115473,0][0.11828,0.292786,-0.146187][0.475534,0.522692,-0.707574][0.47897,0.127468,0][0.133783,0.313173,-0.120464][0.594189,0.531268,-0.603899][0.498619,0.124681,0][0.133783,0.313173,-0.120464][0.594189,0.531268,-0.603899][0.498619,0.124681,0][0.147739,0.298601,-0.108278][0.886293,0.21468,-0.410362][0.499546,0.110757,0][0.133701,0.281811,-0.134639][0.790042,0.190987,-0.582544][0.482688,0.115473,0][0.0691358,0.38592,-0.0480626][0.229337,0.928619,-0.291669][0.600008,0.124588,0][0.0602305,0.387383,-0.0480154][0.12641,0.952528,-0.276969][0.604656,0.125388,0][0.0671713,0.387823,-0.0194807][0.0754983,0.984112,0.160698][0.605579,0.109696,0][0.0671713,0.387823,-0.0194807][0.0754983,0.984112,0.160698][0.605579,0.109696,0][0.090756,0.380494,-0.0215507][0.395054,0.909285,0.130894][0.5942,0.107286,0][0.0691358,0.38592,-0.0480626][0.229337,0.928619,-0.291669][0.600008,0.124588,0][0.125931,0.362708,-0.0336452][0.65513,0.74679,0.114498][0.570692,0.104796,0][0.090756,0.380494,-0.0215507][0.395054,0.909285,0.130894][0.5942,0.107286,0][0.109125,0.352761,0.0255587][0.580787,0.692673,0.427658][0.590058,0.077689,0][0.109125,0.352761,0.0255587][0.580787,0.692673,0.427658][0.590058,0.077689,0][0.140459,0.331955,0.00619818][0.790373,0.511126,0.337729][0.567686,0.076866,0][0.125931,0.362708,-0.0336452][0.65513,0.74679,0.114498][0.570692,0.104796,0][0.090756,0.380494,-0.0215507][0.395054,0.909285,0.130894][0.5942,0.107286,0][0.125931,0.362708,-0.0336452][0.65513,0.74679,0.114498][0.570692,0.104796,0][0.112533,0.371673,-0.0495475][0.424594,0.877999,-0.220993][0.574001,0.117318,0][0.112533,0.371673,-0.0495475][0.424594,0.877999,-0.220993][0.574001,0.117318,0][0.0691358,0.38592,-0.0480626][0.229337,0.928619,-0.291669][0.600008,0.124588,0][0.090756,0.380494,-0.0215507][0.395054,0.909285,0.130894][0.5942,0.107286,0][0.117253,0.293952,0.0752143][0.685054,0.431488,0.586958][0.585778,0.041537,0][0.0804995,0.344857,0.0649279][0.557822,0.618414,0.553533][0.605243,0.06271,0][0.104861,0.276509,0.0991222][0.691102,0.364487,0.624122][0.593827,0.028261,0][0.104861,0.276509,0.0991222][0.691102,0.364487,0.624122][0.593827,0.028261,0][0.115259,0.253467,0.0971241][0.804391,0.193891,0.561571][0.583661,0.020339,0][0.117253,0.293952,0.0752143][0.685054,0.431488,0.586958][0.585778,0.041537,0][0.151192,0.333384,-0.0631457][0.889289,0.444464,-0.107781][0.536302,0.105319,0][0.161425,0.303415,-0.0226762][0.964055,0.233711,0.126403][0.538925,0.077462,0][0.163064,0.265712,-0.0666306][0.990085,-0.0111197,-0.140031][0.504413,0.08137,0][0.163064,0.265712,-0.0666306][0.990085,-0.0111197,-0.140031][0.504413,0.08137,0][0.147739,0.298601,-0.108278][0.886293,0.21468,-0.410362][0.499546,0.110757,0][0.151192,0.333384,-0.0631457][0.889289,0.444464,-0.107781][0.536302,0.105319,0][0.155428,0.216839,-0.0576313][0.97428,-0.209765,-0.0823249][0.489712,0.063637,0][0.152058,0.254357,-0.102612][0.943775,-0.0310721,-0.329124][0.487576,0.091175,0][0.163064,0.265712,-0.0666306][0.990085,-0.0111197,-0.140031][0.504413,0.08137,0][0.163064,0.265712,-0.0666306][0.990085,-0.0111197,-0.140031][0.504413,0.08137,0][0.15797,0.220435,-0.00528647][0.976209,-0.199646,0.0845997][0.510077,0.045871,0][0.155428,0.216839,-0.0576313][0.97428,-0.209765,-0.0823249][0.489712,0.063637,0][0.141886,0.180219,0.0254941][0.869775,-0.441296,0.220793][0.50461,0.022942,0][0.155428,0.216839,-0.0576313][0.97428,-0.209765,-0.0823249][0.489712,0.063637,0][0.15797,0.220435,-0.00528647][0.976209,-0.199646,0.0845997][0.510077,0.045871,0][0.15797,0.220435,-0.00528647][0.976209,-0.199646,0.0845997][0.510077,0.045871,0][0.140964,0.185721,0.0378869][0.845279,-0.409817,0.342862][0.513894,0.019506,0][0.141886,0.180219,0.0254941][0.869775,-0.441296,0.220793][0.50461,0.022942,0][0.153125,0.252056,0.0319082][0.950697,0.0247269,0.309133][0.542032,0.04187,0][0.134374,0.206733,0.0690243][0.827731,-0.274002,0.489678][0.544139,0.013759,0][0.140964,0.185721,0.0378869][0.845279,-0.409817,0.342862][0.513894,0.019506,0][0.140964,0.185721,0.0378869][0.845279,-0.409817,0.342862][0.513894,0.019506,0][0.15797,0.220435,-0.00528647][0.976209,-0.199646,0.0845997][0.510077,0.045871,0][0.153125,0.252056,0.0319082][0.950697,0.0247269,0.309133][0.542032,0.04187,0][0.115259,0.253467,0.0971241][0.804391,0.193891,0.561571][0.583661,0.020339,0][0.126967,0.221646,0.0851284][0.728203,-0.11982,0.674807][0.56245,0.012873,0][0.139952,0.274303,0.0539875][0.854023,0.229832,0.466713][0.564389,0.041503,0][0.139952,0.274303,0.0539875][0.854023,0.229832,0.466713][0.564389,0.041503,0][0.117253,0.293952,0.0752143][0.685054,0.431488,0.586958][0.585778,0.041537,0][0.115259,0.253467,0.0971241][0.804391,0.193891,0.561571][0.583661,0.020339,0][0.151192,0.333384,-0.0631457][0.889289,0.444464,-0.107781][0.536302,0.105319,0][0.125931,0.362708,-0.0336452][0.65513,0.74679,0.114498][0.570692,0.104796,0][0.140459,0.331955,0.00619818][0.790373,0.511126,0.337729][0.567686,0.076866,0][0.140459,0.331955,0.00619818][0.790373,0.511126,0.337729][0.567686,0.076866,0][0.161425,0.303415,-0.0226762][0.964055,0.233711,0.126403][0.538925,0.077462,0][0.151192,0.333384,-0.0631457][0.889289,0.444464,-0.107781][0.536302,0.105319,0][0.153125,0.252056,0.0319082][0.950697,0.0247269,0.309133][0.542032,0.04187,0][0.139952,0.274303,0.0539875][0.854023,0.229832,0.466713][0.564389,0.041503,0][0.126967,0.221646,0.0851284][0.728203,-0.11982,0.674807][0.56245,0.012873,0][0.126967,0.221646,0.0851284][0.728203,-0.11982,0.674807][0.56245,0.012873,0][0.134374,0.206733,0.0690243][0.827731,-0.274002,0.489678][0.544139,0.013759,0][0.153125,0.252056,0.0319082][0.950697,0.0247269,0.309133][0.542032,0.04187,0][0.0904688,0.351401,0.0221382][-0.617679,-0.688012,-0.380936][0.393617,0.067913,0][0.0958981,0.282712,0.077969][-0.760127,-0.418527,-0.497034][0.400596,0.030957,0][0.0612681,0.342589,0.0653308][-0.607028,-0.592713,-0.529347][0.37898,0.045992,0][0.0612681,0.342589,0.0653308][-0.607028,-0.592713,-0.529347][0.37898,0.045992,0][0.0544523,0.375181,0.0152972][-0.465438,-0.841874,-0.27316][0.37604,0.073775,0][0.0904688,0.351401,0.0221382][-0.617679,-0.688012,-0.380936][0.393617,0.067913,0][0.0366714,0.380954,-0.0665327][-0.135103,-0.972727,0.188544][0.375463,0.122941,0][0.0451514,0.386159,-0.0336071][-0.285499,-0.957299,0.0454888][0.374249,0.101922,0][0.029154,0.385265,-0.0550528][-0.226703,-0.95133,0.208754][0.366882,0.114582,0][0.123141,0.298678,-0.121611][-0.858497,-0.27995,0.429663][0.458312,0.105105,0][0.124246,0.332635,-0.0771449][-0.890803,-0.447249,0.0802348][0.433349,0.103579,0][0.115712,0.34517,-0.0905104][-0.862575,-0.47979,0.16052][0.433431,0.119093,0][0.115712,0.34517,-0.0905104][-0.862575,-0.47979,0.16052][0.433431,0.119093,0][0.107454,0.31527,-0.131373][-0.717746,-0.404931,0.566455][0.458732,0.122101,0][0.123141,0.298678,-0.121611][-0.858497,-0.27995,0.429663][0.458312,0.105105,0][0.110659,0.283013,-0.146726][-0.743958,-0.277102,0.608063][0.471023,0.106505,0][0.123141,0.298678,-0.121611][-0.858497,-0.27995,0.429663][0.458312,0.105105,0][0.107454,0.31527,-0.131373][-0.717746,-0.404931,0.566455][0.458732,0.122101,0][0.107454,0.31527,-0.131373][-0.717746,-0.404931,0.566455][0.458732,0.122101,0][0.0908571,0.297015,-0.155102][-0.580912,-0.39614,0.711066][0.473671,0.121452,0][0.110659,0.283013,-0.146726][-0.743958,-0.277102,0.608063][0.471023,0.106505,0][0.0988749,0.361822,-0.047665][-0.653994,-0.750348,-0.0962775][0.408453,0.102543,0][0.087799,0.370327,-0.0636198][-0.501713,-0.86501,0.00637682][0.406234,0.117072,0][0.115712,0.34517,-0.0905104][-0.646099,-0.762081,0.0422949][0.433431,0.119093,0][0.115712,0.34517,-0.0905104][-0.862575,-0.47979,0.16052][0.433431,0.119093,0][0.124246,0.332635,-0.0771449][-0.890803,-0.447249,0.0802348][0.433349,0.103579,0][0.0988749,0.361822,-0.047665][-0.653994,-0.750348,-0.0962775][0.408453,0.102543,0][0.0661229,0.379281,-0.0356253][-0.385459,-0.921492,-0.0476978][0.387182,0.101984,0][0.0449537,0.380485,-0.0656951][-0.163549,-0.973451,0.160144][0.381116,0.122775,0][0.087799,0.370327,-0.0636198][-0.501713,-0.86501,0.00637682][0.406234,0.117072,0][0.087799,0.370327,-0.0636198][-0.501713,-0.86501,0.00637682][0.406234,0.117072,0][0.0988749,0.361822,-0.047665][-0.653994,-0.750348,-0.0962775][0.408453,0.102543,0][0.0661229,0.379281,-0.0356253][-0.385459,-0.921492,-0.0476978][0.387182,0.101984,0][0.0449537,0.380485,-0.0656951][-0.163549,-0.973451,0.160144][0.381116,0.122775,0][0.0661229,0.379281,-0.0356253][-0.385459,-0.921492,-0.0476978][0.387182,0.101984,0][0.0451514,0.386159,-0.0336071][-0.285499,-0.957299,0.0454888][0.374249,0.101922,0][0.0451514,0.386159,-0.0336071][-0.285499,-0.957299,0.0454888][0.374249,0.101922,0][0.0366714,0.380954,-0.0665327][-0.135103,-0.972727,0.188544][0.375463,0.122941,0][0.0449537,0.380485,-0.0656951][-0.163549,-0.973451,0.160144][0.381116,0.122775,0][0.0958981,0.282712,0.077969][-0.760127,-0.418527,-0.497034][0.400596,0.030957,0][0.100499,0.240253,0.101942][-0.854119,-0.294948,-0.428353][0.405605,0.015719,0][0.0885317,0.264815,0.103784][-0.771314,-0.398432,-0.496313][0.396003,0.01874,0][0.0885317,0.264815,0.103784][-0.771314,-0.398432,-0.496313][0.396003,0.01874,0][0.0612681,0.342589,0.0653308][-0.607028,-0.592713,-0.529347][0.37898,0.045992,0][0.0958981,0.282712,0.077969][-0.760127,-0.418527,-0.497034][0.400596,0.030957,0][0.120007,0.326972,0.00249478][-0.81748,-0.491652,-0.300007][0.412548,0.069757,0][0.0988749,0.361822,-0.047665][-0.653994,-0.750348,-0.0962775][0.408453,0.102543,0][0.124246,0.332635,-0.0771449][-0.890803,-0.447249,0.0802348][0.433349,0.103579,0][0.124246,0.332635,-0.0771449][-0.890803,-0.447249,0.0802348][0.433349,0.103579,0][0.141417,0.296193,-0.0276076][-0.959049,-0.251603,-0.130082][0.432945,0.070768,0][0.120007,0.326972,0.00249478][-0.81748,-0.491652,-0.300007][0.412548,0.069757,0][0.145929,0.259588,-0.0755348][-0.98979,-0.0325346,0.138771][0.456008,0.071592,0][0.141417,0.296193,-0.0276076][-0.959049,-0.251603,-0.130082][0.432945,0.070768,0][0.124246,0.332635,-0.0771449][-0.890803,-0.447249,0.0802348][0.433349,0.103579,0][0.124246,0.332635,-0.0771449][-0.890803,-0.447249,0.0802348][0.433349,0.103579,0][0.123141,0.298678,-0.121611][-0.858497,-0.27995,0.429663][0.458312,0.105105,0][0.145929,0.259588,-0.0755348][-0.98979,-0.0325346,0.138771][0.456008,0.071592,0][0.123141,0.298678,-0.121611][-0.858497,-0.27995,0.429663][0.458312,0.105105,0][0.110659,0.283013,-0.146726][-0.743958,-0.277102,0.608063][0.471023,0.106505,0][0.132971,0.249589,-0.115286][-0.935197,-0.0333338,0.352556][0.467896,0.077728,0][0.132971,0.249589,-0.115286][-0.935197,-0.0333338,0.352556][0.467896,0.077728,0][0.145929,0.259588,-0.0755348][-0.98979,-0.0325346,0.138771][0.456008,0.071592,0][0.123141,0.298678,-0.121611][-0.858497,-0.27995,0.429663][0.458312,0.105105,0][0.136423,0.205588,-0.00593235][-0.987285,0.117244,-0.107341][0.453504,0.035175,0][0.13817,0.205952,-0.0642777][-0.98535,0.165544,0.040985][0.467165,0.047729,0][0.125733,0.165933,0.0301921][-0.979297,0.1805,-0.0916379][0.458513,0.016989,0][0.125733,0.165933,0.0301921][-0.979297,0.1805,-0.0916379][0.458513,0.016989,0][0.125305,0.171484,0.0429101][-0.985894,0.0772822,-0.148458][0.452686,0.016468,0][0.136423,0.205588,-0.00593235][-0.987285,0.117244,-0.107341][0.453504,0.035175,0][0.125305,0.171484,0.0429101][-0.985894,0.0772822,-0.148458][0.452686,0.016468,0][0.121546,0.193497,0.0738619][-0.974077,-0.0436182,-0.221973][0.433828,0.015619,0][0.128886,0.23638,0.0332289][-0.96165,-0.0764482,-0.263412][0.432499,0.034478,0][0.128886,0.23638,0.0332289][-0.96165,-0.0764482,-0.263412][0.432499,0.034478,0][0.136423,0.205588,-0.00593235][-0.987285,0.117244,-0.107341][0.453504,0.035175,0][0.125305,0.171484,0.0429101][-0.985894,0.0772822,-0.148458][0.452686,0.016468,0][0.114891,0.208745,0.0898965][-0.923365,-0.178407,-0.339952][0.421866,0.014427,0][0.116115,0.26003,0.0559494][-0.885648,-0.25077,-0.390822][0.417061,0.033623,0][0.128886,0.23638,0.0332289][-0.96165,-0.0764482,-0.263412][0.432499,0.034478,0][0.128886,0.23638,0.0332289][-0.96165,-0.0764482,-0.263412][0.432499,0.034478,0][0.121546,0.193497,0.0738619][-0.974077,-0.0436182,-0.221973][0.433828,0.015619,0][0.114891,0.208745,0.0898965][-0.923365,-0.178407,-0.339952][0.421866,0.014427,0][0.0904688,0.351401,0.0221382][-0.617679,-0.688012,-0.380936][0.393617,0.067913,0][0.0661229,0.379281,-0.0356253][-0.385459,-0.921492,-0.0476978][0.387182,0.101984,0][0.0988749,0.361822,-0.047665][-0.653994,-0.750348,-0.0962775][0.408453,0.102543,0][0.0988749,0.361822,-0.047665][-0.653994,-0.750348,-0.0962775][0.408453,0.102543,0][0.120007,0.326972,0.00249478][-0.81748,-0.491652,-0.300007][0.412548,0.069757,0][0.0904688,0.351401,0.0221382][-0.617679,-0.688012,-0.380936][0.393617,0.067913,0][0.100499,0.240253,0.101942][-0.854119,-0.294948,-0.428353][0.405605,0.015719,0][0.0958981,0.282712,0.077969][-0.760127,-0.418527,-0.497034][0.400596,0.030957,0][0.116115,0.26003,0.0559494][-0.885648,-0.25077,-0.390822][0.417061,0.033623,0][0.116115,0.26003,0.0559494][-0.885648,-0.25077,-0.390822][0.417061,0.033623,0][0.114891,0.208745,0.0898965][-0.923365,-0.178407,-0.339952][0.421866,0.014427,0][0.100499,0.240253,0.101942][-0.854119,-0.294948,-0.428353][0.405605,0.015719,0][0.0612681,0.342589,0.0653308][-0.0731224,0.661158,0.746675][0.606555,0.062935,0][0.0804995,0.344857,0.0649279][-0.0586298,0.63418,0.770959][0.605243,0.06271,0][0.0755438,0.374699,0.0219795][0.176973,0.886046,0.428491][0.605156,0.087286,0][0.0755438,0.374699,0.0219795][0.176973,0.886046,0.428491][0.605156,0.087286,0][0.0544523,0.375181,0.0152972][-0.133899,0.907916,0.39719][0.60635,0.090433,0][0.0612681,0.342589,0.0653308][-0.0731224,0.661158,0.746675][0.606555,0.062935,0][0.0544523,0.375181,0.0152972][-0.133899,0.907916,0.39719][0.60635,0.090433,0][0.0755438,0.374699,0.0219795][0.176973,0.886046,0.428491][0.605156,0.087286,0][0.0671713,0.387823,-0.0194807][0.0754983,0.984112,0.160698][0.605579,0.109696,0][0.0671713,0.387823,-0.0194807][0.0754983,0.984112,0.160698][0.605579,0.109696,0][0.0451514,0.386159,-0.0336071][-0.373555,0.860974,0.345225][0.606823,0.115892,0][0.0544523,0.375181,0.0152972][-0.133899,0.907916,0.39719][0.60635,0.090433,0][0.0451514,0.386159,-0.0336071][-0.373555,0.860974,0.345225][0.606823,0.115892,0][0.0671713,0.387823,-0.0194807][0.0754983,0.984112,0.160698][0.605579,0.109696,0][0.0503771,0.390458,-0.0374355][-0.399434,0.830701,0.3878][0.611014,0.120465,0][0.0503771,0.390458,-0.0374355][-0.399434,0.830701,0.3878][0.611014,0.120465,0][0.029154,0.385265,-0.0550528][-0.459628,0.832938,0.30815][0.612544,0.128122,0][0.0451514,0.386159,-0.0336071][-0.373555,0.860974,0.345225][0.606823,0.115892,0][0.029154,0.385265,-0.0550528][0.00946127,0.94523,-0.326269][0.612544,0.128122,0][0.0503771,0.390458,-0.0374355][0.115312,0.977477,-0.176757][0.611014,0.120465,0][0.0602305,0.387383,-0.0480154][0.12641,0.952528,-0.276969][0.604656,0.125388,0][0.0602305,0.387383,-0.0480154][0.12641,0.952528,-0.276969][0.604656,0.125388,0][0.0366714,0.380954,-0.0665327][0.0383691,0.927865,-0.370938][0.605989,0.134025,0][0.029154,0.385265,-0.0550528][0.00946127,0.94523,-0.326269][0.612544,0.128122,0][0.112533,0.371673,-0.0495475][0.424594,0.877999,-0.220993][0.574001,0.117318,0][0.139343,0.344927,-0.0783763][0.290407,0.783129,-0.549884][0.536719,0.118795,0][0.115712,0.34517,-0.0905104][0.289611,0.777442,-0.55831][0.535961,0.126036,0][0.115712,0.34517,-0.0905104][0.289611,0.777442,-0.55831][0.535961,0.126036,0][0.087799,0.370327,-0.0636198][0.243192,0.817334,-0.522325][0.574375,0.12475,0][0.112533,0.371673,-0.0495475][0.424594,0.877999,-0.220993][0.574001,0.117318,0][0.133783,0.313173,-0.120464][0.594189,0.531268,-0.603899][0.498619,0.124681,0][0.107454,0.31527,-0.131373][0.32685,0.664351,-0.672166][0.496747,0.132796,0][0.115712,0.34517,-0.0905104][0.289611,0.777442,-0.55831][0.535961,0.126036,0][0.115712,0.34517,-0.0905104][0.289611,0.777442,-0.55831][0.535961,0.126036,0][0.139343,0.344927,-0.0783763][0.290407,0.783129,-0.549884][0.536719,0.118795,0][0.133783,0.313173,-0.120464][0.594189,0.531268,-0.603899][0.498619,0.124681,0][0.107454,0.31527,-0.131373][0.32685,0.664351,-0.672166][0.496747,0.132796,0][0.133783,0.313173,-0.120464][0.594189,0.531268,-0.603899][0.498619,0.124681,0][0.11828,0.292786,-0.146187][0.475534,0.522692,-0.707574][0.47897,0.127468,0][0.11828,0.292786,-0.146187][0.475534,0.522692,-0.707574][0.47897,0.127468,0][0.0908571,0.297015,-0.155102][0.326904,0.624642,-0.709195][0.476666,0.135923,0][0.107454,0.31527,-0.131373][0.32685,0.664351,-0.672166][0.496747,0.132796,0][0.11828,0.292786,-0.146187][0.374659,-0.242799,-0.894807][0.47897,0.127468,0][0.133701,0.281811,-0.134639][0.431984,-0.44164,-0.786349][0.482688,0.115473,0][0.110659,0.283013,-0.146726][0.354803,-0.2793,-0.892248][0.480413,0.122052,0][0.110659,0.283013,-0.146726][0.354803,-0.2793,-0.892248][0.480413,0.122052,0][0.0908571,0.297015,-0.155102][0.2814,-0.167314,-0.944892][0.476666,0.135923,0][0.11828,0.292786,-0.146187][0.374659,-0.242799,-0.894807][0.47897,0.127468,0][0.0602305,0.387383,-0.0480154][0.12641,0.952528,-0.276969][0.604656,0.125388,0][0.0691358,0.38592,-0.0480626][0.229337,0.928619,-0.291669][0.600008,0.124588,0][0.0449537,0.380485,-0.0656951][0.125155,0.878718,-0.460643][0.601224,0.133089,0][0.0449537,0.380485,-0.0656951][0.125155,0.878718,-0.460643][0.601224,0.133089,0][0.0366714,0.380954,-0.0665327][0.0383691,0.927865,-0.370938][0.605989,0.134025,0][0.0602305,0.387383,-0.0480154][0.12641,0.952528,-0.276969][0.604656,0.125388,0][0.087799,0.370327,-0.0636198][0.243192,0.817334,-0.522325][0.574375,0.12475,0][0.0449537,0.380485,-0.0656951][0.125155,0.878718,-0.460643][0.601224,0.133089,0][0.0691358,0.38592,-0.0480626][0.229337,0.928619,-0.291669][0.600008,0.124588,0][0.0691358,0.38592,-0.0480626][0.229337,0.928619,-0.291669][0.600008,0.124588,0][0.112533,0.371673,-0.0495475][0.424594,0.877999,-0.220993][0.574001,0.117318,0][0.087799,0.370327,-0.0636198][0.243192,0.817334,-0.522325][0.574375,0.12475,0][0.115259,0.253467,0.0971241][0.338217,-0.0441957,0.94003][0.583661,0.020339,0][0.104861,0.276509,0.0991222][0.0821708,0.270057,0.959332][0.593827,0.028261,0][0.0885317,0.264815,0.103784][0.134553,0.208694,0.968681][0.594844,0.024575,0][0.0885317,0.264815,0.103784][0.134553,0.208694,0.968681][0.594844,0.024575,0][0.100499,0.240253,0.101942][0.374082,-0.0657187,0.925064][0.584485,0.01578,0][0.115259,0.253467,0.0971241][0.338217,-0.0441957,0.94003][0.583661,0.020339,0][0.104861,0.276509,0.0991222][0.0821708,0.270057,0.959332][0.593827,0.028261,0][0.0804995,0.344857,0.0649279][-0.0586298,0.63418,0.770959][0.605243,0.06271,0][0.0612681,0.342589,0.0653308][-0.0731224,0.661158,0.746675][0.606555,0.062935,0][0.0612681,0.342589,0.0653308][-0.0731224,0.661158,0.746675][0.606555,0.062935,0][0.0885317,0.264815,0.103784][0.134553,0.208694,0.968681][0.594844,0.024575,0][0.104861,0.276509,0.0991222][0.0821708,0.270057,0.959332][0.593827,0.028261,0][0.133701,0.281811,-0.134639][0.431984,-0.44164,-0.786349][0.482688,0.115473,0][0.152058,0.254357,-0.102612][0.557943,-0.554181,-0.617724][0.487576,0.091175,0][0.132971,0.249589,-0.115286][0.535651,-0.508712,-0.674011][0.485402,0.09461,0][0.132971,0.249589,-0.115286][0.535651,-0.508712,-0.674011][0.485402,0.09461,0][0.110659,0.283013,-0.146726][0.354803,-0.2793,-0.892248][0.480413,0.122052,0][0.133701,0.281811,-0.134639][0.431984,-0.44164,-0.786349][0.482688,0.115473,0][0.152058,0.254357,-0.102612][0.557943,-0.554181,-0.617724][0.487576,0.091175,0][0.155428,0.216839,-0.0576313][0.594307,-0.694885,-0.404887][0.489712,0.063637,0][0.13817,0.205952,-0.0642777][0.590085,-0.699512,-0.403091][0.487466,0.063691,0][0.13817,0.205952,-0.0642777][0.590085,-0.699512,-0.403091][0.487466,0.063691,0][0.132971,0.249589,-0.115286][0.535651,-0.508712,-0.674011][0.485402,0.09461,0][0.152058,0.254357,-0.102612][0.557943,-0.554181,-0.617724][0.487576,0.091175,0][0.13817,0.205952,-0.0642777][0.590085,-0.699512,-0.403091][0.487466,0.063691,0][0.155428,0.216839,-0.0576313][0.594307,-0.694885,-0.404887][0.489712,0.063637,0][0.141886,0.180219,0.0254941][0.600032,-0.762084,-0.243291][0.50461,0.022942,0][0.141886,0.180219,0.0254941][0.600032,-0.762084,-0.243291][0.50461,0.022942,0][0.125733,0.165933,0.0301921][0.602035,-0.760611,-0.242951][0.502452,0.018408,0][0.13817,0.205952,-0.0642777][0.590085,-0.699512,-0.403091][0.487466,0.063691,0][0.141886,0.180219,0.0254941][0.869775,-0.441296,0.220793][0.50461,0.022942,0][0.140964,0.185721,0.0378869][0.845279,-0.409817,0.342862][0.513894,0.019506,0][0.125305,0.171484,0.0429101][0.679105,-0.615567,0.399868][0.512047,0.014644,0][0.125305,0.171484,0.0429101][0.679105,-0.615567,0.399868][0.512047,0.014644,0][0.125733,0.165933,0.0301921][0.678666,-0.664467,0.312885][0.502452,0.018408,0][0.141886,0.180219,0.0254941][0.869775,-0.441296,0.220793][0.50461,0.022942,0][0.121546,0.193497,0.0738619][0.679189,-0.467619,0.565716][0.543568,0.008642,0][0.125305,0.171484,0.0429101][0.679105,-0.615567,0.399868][0.512047,0.014644,0][0.140964,0.185721,0.0378869][0.845279,-0.409817,0.342862][0.513894,0.019506,0][0.140964,0.185721,0.0378869][0.845279,-0.409817,0.342862][0.513894,0.019506,0][0.134374,0.206733,0.0690243][0.827731,-0.274002,0.489678][0.544139,0.013759,0][0.121546,0.193497,0.0738619][0.679189,-0.467619,0.565716][0.543568,0.008642,0][0.134374,0.206733,0.0690243][0.827731,-0.274002,0.489678][0.544139,0.013759,0][0.126967,0.221646,0.0851284][0.728203,-0.11982,0.674807][0.56245,0.012873,0][0.114891,0.208745,0.0898965][0.586288,-0.27289,0.762756][0.562709,0.007782,0][0.114891,0.208745,0.0898965][0.586288,-0.27289,0.762756][0.562709,0.007782,0][0.121546,0.193497,0.0738619][0.679189,-0.467619,0.565716][0.543568,0.008642,0][0.134374,0.206733,0.0690243][0.827731,-0.274002,0.489678][0.544139,0.013759,0][0.100499,0.240253,0.101942][0.374082,-0.0657187,0.925064][0.584485,0.01578,0][0.114891,0.208745,0.0898965][0.586288,-0.27289,0.762756][0.562709,0.007782,0][0.126967,0.221646,0.0851284][0.728203,-0.11982,0.674807][0.56245,0.012873,0][0.126967,0.221646,0.0851284][0.728203,-0.11982,0.674807][0.56245,0.012873,0][0.115259,0.253467,0.0971241][0.338217,-0.0441957,0.94003][0.583661,0.020339,0][0.100499,0.240253,0.101942][0.374082,-0.0657187,0.925064][0.584485,0.01578,0][0.161425,0.303415,-0.0226762][0.964055,0.233711,0.126403][0.538925,0.077462,0][0.153125,0.252056,0.0319082][0.950697,0.0247269,0.309133][0.542032,0.04187,0][0.15797,0.220435,-0.00528647][0.976209,-0.199646,0.0845997][0.510077,0.045871,0][0.15797,0.220435,-0.00528647][0.976209,-0.199646,0.0845997][0.510077,0.045871,0][0.163064,0.265712,-0.0666306][0.990085,-0.0111197,-0.140031][0.504413,0.08137,0][0.161425,0.303415,-0.0226762][0.964055,0.233711,0.126403][0.538925,0.077462,0][0.161425,0.303415,-0.0226762][0.964055,0.233711,0.126403][0.538925,0.077462,0][0.140459,0.331955,0.00619818][0.790373,0.511126,0.337729][0.567686,0.076866,0][0.139952,0.274303,0.0539875][0.854023,0.229832,0.466713][0.564389,0.041503,0][0.139952,0.274303,0.0539875][0.854023,0.229832,0.466713][0.564389,0.041503,0][0.153125,0.252056,0.0319082][0.950697,0.0247269,0.309133][0.542032,0.04187,0][0.161425,0.303415,-0.0226762][0.964055,0.233711,0.126403][0.538925,0.077462,0][0.140459,0.331955,0.00619818][0.790373,0.511126,0.337729][0.567686,0.076866,0][0.109125,0.352761,0.0255587][0.580787,0.692673,0.427658][0.590058,0.077689,0][0.117253,0.293952,0.0752143][0.685054,0.431488,0.586958][0.585778,0.041537,0][0.117253,0.293952,0.0752143][0.685054,0.431488,0.586958][0.585778,0.041537,0][0.139952,0.274303,0.0539875][0.854023,0.229832,0.466713][0.564389,0.041503,0][0.140459,0.331955,0.00619818][0.790373,0.511126,0.337729][0.567686,0.076866,0][0.152058,0.254357,-0.102612][0.943775,-0.0310721,-0.329124][0.487576,0.091175,0][0.133701,0.281811,-0.134639][0.790042,0.190987,-0.582544][0.482688,0.115473,0][0.147739,0.298601,-0.108278][0.886293,0.21468,-0.410362][0.499546,0.110757,0][0.147739,0.298601,-0.108278][0.886293,0.21468,-0.410362][0.499546,0.110757,0][0.163064,0.265712,-0.0666306][0.990085,-0.0111197,-0.140031][0.504413,0.08137,0][0.152058,0.254357,-0.102612][0.943775,-0.0310721,-0.329124][0.487576,0.091175,0][0.0804995,0.344857,0.0649279][0.557822,0.618414,0.553533][0.605243,0.06271,0][0.117253,0.293952,0.0752143][0.685054,0.431488,0.586958][0.585778,0.041537,0][0.109125,0.352761,0.0255587][0.580787,0.692673,0.427658][0.590058,0.077689,0][0.109125,0.352761,0.0255587][0.580787,0.692673,0.427658][0.590058,0.077689,0][0.0755438,0.374699,0.0219795][0.176973,0.886046,0.428491][0.605156,0.087286,0][0.0804995,0.344857,0.0649279][0.557822,0.618414,0.553533][0.605243,0.06271,0][0.0958981,0.282712,0.077969][-0.760127,-0.418527,-0.497034][0.400596,0.030957,0][0.0904688,0.351401,0.0221382][-0.617679,-0.688012,-0.380936][0.393617,0.067913,0][0.120007,0.326972,0.00249478][-0.81748,-0.491652,-0.300007][0.412548,0.069757,0][0.120007,0.326972,0.00249478][-0.81748,-0.491652,-0.300007][0.412548,0.069757,0][0.116115,0.26003,0.0559494][-0.885648,-0.25077,-0.390822][0.417061,0.033623,0][0.0958981,0.282712,0.077969][-0.760127,-0.418527,-0.497034][0.400596,0.030957,0][0.116115,0.26003,0.0559494][-0.885648,-0.25077,-0.390822][0.417061,0.033623,0][0.120007,0.326972,0.00249478][-0.81748,-0.491652,-0.300007][0.412548,0.069757,0][0.141417,0.296193,-0.0276076][-0.959049,-0.251603,-0.130082][0.432945,0.070768,0][0.141417,0.296193,-0.0276076][-0.959049,-0.251603,-0.130082][0.432945,0.070768,0][0.128886,0.23638,0.0332289][-0.96165,-0.0764482,-0.263412][0.432499,0.034478,0][0.116115,0.26003,0.0559494][-0.885648,-0.25077,-0.390822][0.417061,0.033623,0][0.141417,0.296193,-0.0276076][-0.959049,-0.251603,-0.130082][0.432945,0.070768,0][0.145929,0.259588,-0.0755348][-0.98979,-0.0325346,0.138771][0.456008,0.071592,0][0.136423,0.205588,-0.00593235][-0.987285,0.117244,-0.107341][0.453504,0.035175,0][0.136423,0.205588,-0.00593235][-0.987285,0.117244,-0.107341][0.453504,0.035175,0][0.128886,0.23638,0.0332289][-0.96165,-0.0764482,-0.263412][0.432499,0.034478,0][0.141417,0.296193,-0.0276076][-0.959049,-0.251603,-0.130082][0.432945,0.070768,0][0.0661229,0.379281,-0.0356253][-0.385459,-0.921492,-0.0476978][0.387182,0.101984,0][0.0904688,0.351401,0.0221382][-0.617679,-0.688012,-0.380936][0.393617,0.067913,0][0.0544523,0.375181,0.0152972][-0.465438,-0.841874,-0.27316][0.37604,0.073775,0][0.0544523,0.375181,0.0152972][-0.465438,-0.841874,-0.27316][0.37604,0.073775,0][0.0451514,0.386159,-0.0336071][-0.285499,-0.957299,0.0454888][0.374249,0.101922,0][0.0661229,0.379281,-0.0356253][-0.385459,-0.921492,-0.0476978][0.387182,0.101984,0][0.145929,0.259588,-0.0755348][-0.98979,-0.0325346,0.138771][0.456008,0.071592,0][0.132971,0.249589,-0.115286][-0.935197,-0.0333338,0.352556][0.467896,0.077728,0][0.13817,0.205952,-0.0642777][-0.98535,0.165544,0.040985][0.467165,0.047729,0][0.13817,0.205952,-0.0642777][-0.98535,0.165544,0.040985][0.467165,0.047729,0][0.136423,0.205588,-0.00593235][-0.987285,0.117244,-0.107341][0.453504,0.035175,0][0.145929,0.259588,-0.0755348][-0.98979,-0.0325346,0.138771][0.456008,0.071592,0][-0.0353145,0.125366,0.0774033][-0.647596,-0.0676119,0.758978][0.55183,0.237406,0][0.00706431,0.174096,0.126748][-0.743423,-0.0300461,0.668147][0.543887,0.268661,0][-0.0155831,0.2414,0.104576][-0.708361,0.150994,0.689511][0.5511,0.275801,0][-0.0155831,0.2414,0.104576][-0.708361,0.150994,0.689511][0.5511,0.275801,0][-0.0893936,0.178163,0.0436581][-0.686296,0.108199,0.71923][0.569164,0.233075,0][-0.0353145,0.125366,0.0774033][-0.647596,-0.0676119,0.758978][0.55183,0.237406,0][0.0821594,0.154399,0.0915361][0.386783,0.304055,0.870603][0.51029,0.263059,0][0.114813,0.221435,0.0599004][0.388969,0.447353,0.805344][0.494313,0.274278,0][-0.0155831,0.2414,0.104576][0.379548,0.446784,0.81014][0.5511,0.275801,0][-0.0155831,0.2414,0.104576][0.379548,0.446784,0.81014][0.5511,0.275801,0][0.00706431,0.174096,0.126748][0.47322,0.415199,0.776964][0.543887,0.268661,0][0.0821594,0.154399,0.0915361][0.386783,0.304055,0.870603][0.51029,0.263059,0][0.0679991,0.0982669,0.0289601][0.914393,-0.381537,0.135333][0.505711,0.229661,0][0.0919012,0.130611,-0.0413498][0.980413,-0.19016,-0.0512781][0.486821,0.219224,0][0.114813,0.221435,0.0599004][0.980413,-0.19016,-0.0512773][0.494313,0.274278,0][0.114813,0.221435,0.0599004][0.980413,-0.19016,-0.0512773][0.494313,0.274278,0][0.0821594,0.154399,0.0915361][0.914393,-0.381537,0.135332][0.51029,0.263059,0][0.0679991,0.0982669,0.0289601][0.914393,-0.381537,0.135333][0.505711,0.229661,0][-0.0158478,0.0832719,0.0254973][0.178614,-0.915519,-0.360447][0.536392,0.214735,0][-0.0437663,0.106349,-0.0469521][0.164693,-0.782158,-0.600921][0.537359,0.194717,0][0.0919012,0.130611,-0.0413498][0.164694,-0.782159,-0.600919][0.486821,0.219224,0][0.0919012,0.130611,-0.0413498][0.164694,-0.782159,-0.600919][0.486821,0.219224,0][0.0679991,0.0982669,0.0289601][0.178616,-0.91552,-0.360444][0.505711,0.229661,0][-0.0158478,0.0832719,0.0254973][0.178614,-0.915519,-0.360447][0.536392,0.214735,0][-0.0158478,0.0832719,0.0254973][-0.768157,-0.623344,0.14621][0.536392,0.214735,0][-0.0353145,0.125366,0.0774033][-0.748887,-0.623434,0.224718][0.55183,0.237406,0][-0.0893936,0.178163,0.0436581][-0.867879,-0.493379,-0.0579953][0.569164,0.233075,0][-0.0893936,0.178163,0.0436581][-0.867879,-0.493379,-0.0579953][0.569164,0.233075,0][-0.0437663,0.106349,-0.0469521][-0.883674,-0.46133,-0.0793465][0.537359,0.194717,0][-0.0158478,0.0832719,0.0254973][-0.768157,-0.623344,0.14621][0.536392,0.214735,0][-0.0155831,0.2414,0.104576][-0.708361,0.150994,0.689511][0.420329,0.331253,0][-0.0207288,0.351363,0.0320903][-0.689732,0.375724,0.618951][0.41261,0.334356,0][-0.118736,0.280235,-0.0339482][-0.713118,0.323769,0.6218][0.441953,0.280264,0][-0.118736,0.280235,-0.0339482][-0.713118,0.323769,0.6218][0.441953,0.280264,0][-0.0893936,0.178163,0.0436581][-0.686296,0.108199,0.71923][0.444399,0.275894,0][-0.0155831,0.2414,0.104576][-0.708361,0.150994,0.689511][0.420329,0.331253,0][0.114813,0.221435,0.0599004][0.388969,0.447353,0.805344][0.347388,0.327786,0][0.100778,0.319493,-0.0248836][0.42692,0.764655,0.482745][0.346015,0.32738,0][-0.0207288,0.351363,0.0320903][0.398046,0.747271,0.532113][0.41261,0.334356,0][-0.0207288,0.351363,0.0320903][0.398046,0.747271,0.532113][0.41261,0.334356,0][-0.0155831,0.2414,0.104576][0.379548,0.446784,0.81014][0.420329,0.331253,0][0.114813,0.221435,0.0599004][0.388969,0.447353,0.805344][0.347388,0.327786,0][0.0919012,0.130611,-0.0413498][0.980413,-0.19016,-0.0512781][0.333654,0.256535,0][0.0778659,0.228668,-0.126134][0.934083,0.133524,-0.33115][0.33442,0.256849,0][0.100778,0.319493,-0.0248836][0.934084,0.133524,-0.331148][0.346015,0.32738,0][0.100778,0.319493,-0.0248836][0.934084,0.133524,-0.331148][0.346015,0.32738,0][0.114813,0.221435,0.0599004][0.980413,-0.19016,-0.0512773][0.347388,0.327786,0][0.0919012,0.130611,-0.0413498][0.980413,-0.19016,-0.0512781][0.333654,0.256535,0][-0.0437663,0.106349,-0.0469521][0.164693,-0.782158,-0.600921][0.40025,0.225613,0][-0.0578014,0.204406,-0.131736][0.118361,-0.458472,-0.880792][0.400535,0.228972,0][0.0778659,0.228668,-0.126134][0.118362,-0.458473,-0.880791][0.33442,0.256849,0][0.0778659,0.228668,-0.126134][0.118362,-0.458473,-0.880791][0.33442,0.256849,0][0.0919012,0.130611,-0.0413498][0.164694,-0.782159,-0.600919][0.333654,0.256535,0][-0.0437663,0.106349,-0.0469521][0.164693,-0.782158,-0.600921][0.40025,0.225613,0][-0.0893936,0.178163,0.0436581][-0.867879,-0.493379,-0.0579953][0.444399,0.275894,0][-0.118736,0.280235,-0.0339482][-0.87952,-0.4212,-0.221441][0.441953,0.280264,0][-0.0578014,0.204406,-0.131736][-0.902458,-0.371468,-0.218132][0.400535,0.228972,0][-0.0578014,0.204406,-0.131736][-0.902458,-0.371468,-0.218132][0.400535,0.228972,0][-0.0437663,0.106349,-0.0469521][-0.883674,-0.46133,-0.0793465][0.40025,0.225613,0][-0.0893936,0.178163,0.0436581][-0.867879,-0.493379,-0.0579953][0.444399,0.275894,0][-0.0207288,0.351363,0.0320903][-0.663488,0.717585,0.211793][0.41261,0.334356,0][-0.0214963,0.373637,-0.0457826][-0.663489,0.717583,0.211794][0.395348,0.311182,0][-0.0820682,0.329678,-0.0865967][-0.663487,0.717585,0.211793][0.414325,0.284567,0][-0.0820682,0.329678,-0.0865967][-0.663487,0.717585,0.211793][0.414325,0.284567,0][-0.118736,0.280235,-0.0339482][-0.663486,0.717587,0.211792][0.441953,0.280264,0][-0.0207288,0.351363,0.0320903][-0.663488,0.717585,0.211793][0.41261,0.334356,0][0.100778,0.319493,-0.0248836][0.42692,0.764655,0.482745][0.346015,0.32738,0][0.0535988,0.35394,-0.0809946][0.355025,0.899731,0.253853][0.362122,0.30319,0][-0.0214963,0.373637,-0.0457826][0.355024,0.899731,0.253856][0.395348,0.311182,0][-0.0214963,0.373637,-0.0457826][0.355024,0.899731,0.253856][0.395348,0.311182,0][-0.0207288,0.351363,0.0320903][0.398046,0.747271,0.532113][0.41261,0.334356,0][0.100778,0.319493,-0.0248836][0.42692,0.764655,0.482745][0.346015,0.32738,0][0.0778659,0.228668,-0.126134][0.934083,0.133524,-0.33115][0.33442,0.256849,0][0.0394383,0.297808,-0.143571][0.812483,0.330451,-0.480286][0.361117,0.266808,0][0.0535988,0.35394,-0.0809946][0.812485,0.33045,-0.480282][0.362122,0.30319,0][0.0535988,0.35394,-0.0809946][0.812485,0.33045,-0.480282][0.362122,0.30319,0][0.100778,0.319493,-0.0248836][0.934084,0.133524,-0.331148][0.346015,0.32738,0][0.0778659,0.228668,-0.126134][0.934083,0.133524,-0.33115][0.33442,0.256849,0][-0.0578014,0.204406,-0.131736][0.118361,-0.458472,-0.880792][0.400535,0.228972,0][-0.0444084,0.282813,-0.147033][0.0767016,-0.203527,-0.97606][0.395561,0.255924,0][0.0394383,0.297808,-0.143571][0.0767021,-0.203527,-0.97606][0.361117,0.266808,0][0.0394383,0.297808,-0.143571][0.0767021,-0.203527,-0.97606][0.361117,0.266808,0][0.0778659,0.228668,-0.126134][0.118362,-0.458473,-0.880791][0.33442,0.256849,0][-0.0578014,0.204406,-0.131736][0.118361,-0.458472,-0.880792][0.400535,0.228972,0][-0.118736,0.280235,-0.0339482][-0.835495,0.0357362,-0.548336][0.441953,0.280264,0][-0.0820682,0.329678,-0.0865967][-0.835495,0.0357362,-0.548336][0.414325,0.284567,0][-0.0444084,0.282813,-0.147033][-0.835495,0.0357362,-0.548336][0.395561,0.255924,0][-0.0444084,0.282813,-0.147033][-0.835495,0.0357362,-0.548336][0.395561,0.255924,0][-0.0578014,0.204406,-0.131736][-0.835494,0.0357362,-0.548336][0.400535,0.228972,0][-0.118736,0.280235,-0.0339482][-0.835495,0.0357362,-0.548336][0.441953,0.280264,0][0.00706431,0.174096,0.126748][-0.315274,-0.5258,0.790023][0.543887,0.268661,0][-0.0353145,0.125366,0.0774033][-0.334043,-0.678164,0.654607][0.55183,0.237406,0][0.0203475,0.108653,0.088493][-0.332135,-0.657266,0.676527][0.532139,0.243633,0][0.0821594,0.154399,0.0915361][0.399681,-0.586882,0.704149][0.51029,0.263059,0][0.00706431,0.174096,0.126748][0.283917,-0.440285,0.851787][0.543887,0.268661,0][0.0203475,0.108653,0.088493][0.330727,-0.73848,0.587594][0.532139,0.243633,0][0.0679991,0.0982669,0.0289601][0.334289,-0.846096,0.415178][0.505711,0.229661,0][0.0821594,0.154399,0.0915361][0.399681,-0.586882,0.704149][0.51029,0.263059,0][0.0203475,0.108653,0.088493][0.330727,-0.73848,0.587594][0.532139,0.243633,0][-0.0158478,0.0832719,0.0254973][0.15684,-0.944018,0.290226][0.536392,0.214735,0][0.0679991,0.0982669,0.0289601][0.334289,-0.846096,0.415178][0.505711,0.229661,0][0.0203475,0.108653,0.088493][0.330727,-0.73848,0.587594][0.532139,0.243633,0][-0.0353145,0.125366,0.0774033][-0.334043,-0.678164,0.654607][0.55183,0.237406,0][-0.0158478,0.0832719,0.0254973][-0.338993,-0.788871,0.512608][0.536392,0.214735,0][0.0203475,0.108653,0.088493][-0.332135,-0.657266,0.676527][0.532139,0.243633,0][-0.0820682,0.329678,-0.0865967][-0.429678,0.718342,-0.54714][0.414325,0.284567,0][-0.0214963,0.373637,-0.0457826][-0.149961,0.921341,-0.358668][0.395348,0.311182,0][-0.0137615,0.346957,-0.117553][-0.107645,0.752052,-0.650254][0.386338,0.284992,0][-0.0214963,0.373637,-0.0457826][-0.149961,0.921341,-0.358668][0.395348,0.311182,0][0.0535988,0.35394,-0.0809946][0.196823,0.830382,-0.521274][0.362122,0.30319,0][-0.0137615,0.346957,-0.117553][-0.107645,0.752052,-0.650254][0.386338,0.284992,0][0.0535988,0.35394,-0.0809946][0.196823,0.830382,-0.521274][0.362122,0.30319,0][0.0394383,0.297808,-0.143571][0.131434,0.571168,-0.810242][0.361117,0.266808,0][-0.0137615,0.346957,-0.117553][-0.107645,0.752052,-0.650254][0.386338,0.284992,0][0.0394383,0.297808,-0.143571][0.131434,0.571168,-0.810242][0.361117,0.266808,0][-0.0444084,0.282813,-0.147033][-0.255765,0.501925,-0.82623][0.395561,0.255924,0][-0.0137615,0.346957,-0.117553][-0.107645,0.752052,-0.650254][0.386338,0.284992,0][-0.0444084,0.282813,-0.147033][-0.255765,0.501925,-0.82623][0.395561,0.255924,0][-0.0820682,0.329678,-0.0865967][-0.429678,0.718342,-0.54714][0.414325,0.284567,0][-0.0137615,0.346957,-0.117553][-0.107645,0.752052,-0.650254][0.386338,0.284992,0]