version 1.00
1632
[-0.0815959,0.765506,-1.11466][0,0,1][0.262512,0.893237,0][-0.255251,0.234724,-1.11466][0,0,1][0.229156,0.79802,0][0,0.185538,-1.11466][0,0,1][0.27413,0.787898,0][0,0.185538,-1.11466][0,0,1][0.27413,0.787898,0][1.21922e-007,0.807451,-1.11466][0,0,1][0.277171,0.900437,0][-0.0815959,0.765506,-1.11466][0,0,1][0.262512,0.893237,0][0.418171,-0.170042,-1.11466][0,0,1][0.346464,0.721553,0][0,-0.446348,-1.11466][0,0,1][0.271041,0.673555,0][0.487687,-0.805184,-1.11466][0,0,1][0.355673,0.606288,0][0.487687,-0.805184,-1.11466][0,0,1][0.355673,0.606288,0][0.627458,-0.800008,-1.11466][0,0,1][0.380457,0.606555,0][0.418171,-0.170042,-1.11466][0,0,1][0.346464,0.721553,0][-0.418171,-0.170042,-1.11466][0,0,1][0.19832,0.725555,0][-0.255251,0.234724,-1.11466][0,0,1][0.229156,0.79802,0][-0.807115,0.234724,-1.11466][0,0,1][0.131402,0.800661,0][-0.807115,0.234724,-1.11466][0,0,1][0.131402,0.800661,0][-0.9064,0.154055,-1.11466][0,0,1][0.113421,0.786539,0][-0.418171,-0.170042,-1.11466][0,0,1][0.19832,0.725555,0][-0.418171,-0.170042,-1.11466][0,0,1][0.19832,0.725555,0][-0.627458,-0.800008,-1.11466][0,0,1][0.158167,0.612562,0][-0.487687,-0.805184,-1.11466][0,0,1][0.182901,0.610956,0][-0.487687,-0.805184,-1.11466][0,0,1][0.182901,0.610956,0][0,-0.446348,-1.11466][0,0,1][0.271041,0.673555,0][-0.418171,-0.170042,-1.11466][0,0,1][0.19832,0.725555,0][0,0.185538,-1.11466][0,0,1][0.27413,0.787898,0][0.255251,0.234724,-1.11466][0,0,1][0.319585,0.795577,0][0.0815961,0.765506,-1.11466][0,0,1][0.29142,0.892456,0][0.0815961,0.765506,-1.11466][0,0,1][0.29142,0.892456,0][1.21922e-007,0.807451,-1.11466][0,0,1][0.277171,0.900437,0][0,0.185538,-1.11466][0,0,1][0.27413,0.787898,0][0.418171,-0.170042,-1.11466][0,0,1][0.346464,0.721553,0][0.9064,0.154055,-1.11466][0,0,1][0.434532,0.777863,0][0.807115,0.234724,-1.11466][0,0,1][0.417339,0.792936,0][0.807115,0.234724,-1.11466][0,0,1][0.417339,0.792936,0][0.255251,0.234724,-1.11466][0,0,1][0.319585,0.795577,0][0.418171,-0.170042,-1.11466][0,0,1][0.346464,0.721553,0][0,0.185538,-1.11466][0,0,1][0.27413,0.787898,0][-0.255251,0.234724,-1.11466][0,0,1][0.229156,0.79802,0][-0.418171,-0.170042,-1.11466][0,0,1][0.19832,0.725555,0][-0.418171,-0.170042,-1.11466][0,0,1][0.19832,0.725555,0][0,-0.446348,-1.11466][0,0,1][0.271041,0.673555,0][0,0.185538,-1.11466][0,0,1][0.27413,0.787898,0][0,0.185538,-1.11466][0,0,1][0.27413,0.787898,0][0,-0.446348,-1.11466][0,0,1][0.271041,0.673555,0][0.418171,-0.170042,-1.11466][0,0,1][0.346464,0.721553,0][0.418171,-0.170042,-1.11466][0,0,1][0.346464,0.721553,0][0.255251,0.234724,-1.11466][0,0,1][0.319585,0.795577,0][0,0.185538,-1.11466][0,0,1][0.27413,0.787898,0][0,0.752147,-1.19954][-0.321941,0.626278,-0.710021][0.647557,0.729199,0][-0.0411329,0.731002,-1.19954][-0.321941,0.626278,-0.710021][0.663433,0.720025,0][-0.0669689,0.774416,-1.14953][-0.321941,0.626278,-0.710021][0.672634,0.728845,0][-0.0669689,0.774416,-1.14953][-0.321941,0.626278,-0.710021][0.672634,0.728845,0][1.22132e-007,0.808842,-1.14953][-0.321941,0.626278,-0.710021][0.647557,0.743336,0][0,0.752147,-1.19954][-0.321941,0.626278,-0.710021][0.647557,0.729199,0][-0.0411329,0.731002,-1.19954][-0.756342,0.247451,-0.60557][0.663433,0.720025,0][-0.219592,0.185538,-1.19954][-0.756342,0.247451,-0.60557][0.73231,0.483369,0][-0.247994,0.221108,-1.14953][-0.756342,0.247451,-0.60557][0.740419,0.495942,0][-0.247994,0.221108,-1.14953][-0.756342,0.247451,-0.60557][0.740419,0.495942,0][-0.0669689,0.774416,-1.14953][-0.756342,0.247451,-0.60557][0.672634,0.728845,0][-0.0411329,0.731002,-1.19954][-0.756342,0.247451,-0.60557][0.663433,0.720025,0][0.503015,-0.755397,-1.19954][-0.465506,-0.632656,-0.61891][0.453415,0.075132,0][0.509162,-0.808842,-1.14953][-0.465506,-0.632656,-0.61891][0.456901,0.062406,0][0,-0.434202,-1.14953][-0.465506,-0.632656,-0.61891][0.647557,0.220103,0][0,-0.434202,-1.14953][-0.465506,-0.632656,-0.61891][0.647557,0.220103,0][0,-0.385281,-1.19954][-0.465506,-0.632656,-0.61891][0.647557,0.235712,0][0.503015,-0.755397,-1.19954][-0.465506,-0.632656,-0.61891][0.453415,0.075132,0][0.560105,-0.753283,-1.19954][0.0252399,-0.681472,-0.731408][0.431381,0.076049,0][0.618217,-0.804803,-1.14953][0.0252399,-0.681472,-0.731408][0.416065,0.064106,0][0.509162,-0.808842,-1.14953][0.0252399,-0.681472,-0.731409][0.456901,0.062406,0][0.509162,-0.808842,-1.14953][0.0252399,-0.681472,-0.731409][0.456901,0.062406,0][0.503015,-0.755397,-1.19954][0.0252399,-0.681472,-0.731409][0.453415,0.075132,0][0.560105,-0.753283,-1.19954][0.0252399,-0.681472,-0.731408][0.431381,0.076049,0][0.560105,-0.753283,-1.19954][0.749031,0.248842,-0.614028][0.431381,0.076049,0][0.359637,-0.149862,-1.19954][0.749031,0.248842,-0.614028][0.508753,0.337851,0][0.406233,-0.166721,-1.14953][0.749031,0.248842,-0.614028][0.495443,0.332693,0][0.406233,-0.166721,-1.14953][0.749031,0.248842,-0.614028][0.495443,0.332693,0][0.618217,-0.804803,-1.14953][0.749031,0.248842,-0.614028][0.416065,0.064106,0][0.560105,-0.753283,-1.19954][0.749031,0.248842,-0.614028][0.431381,0.076049,0][-0.789652,0.185538,-1.19954][1.23045e-007,0.814887,-0.579619][0.952329,0.483369,0][-0.82452,0.221108,-1.14953][1.23045e-007,0.814887,-0.579619][0.9563,0.495942,0][-0.247994,0.221108,-1.14953][1.23045e-007,0.814887,-0.579619][0.740419,0.495942,0][-0.247994,0.221108,-1.14953][1.23045e-007,0.814887,-0.579619][0.740419,0.495942,0][-0.219592,0.185538,-1.19954][1.23045e-007,0.814887,-0.579619][0.73231,0.483369,0][-0.789652,0.185538,-1.19954][1.23045e-007,0.814887,-0.579619][0.952329,0.483369,0][-0.823483,0.15805,-1.19954][-0.44775,0.551074,-0.704158][0.965386,0.471443,0][-0.899138,0.16048,-1.14953][-0.44775,0.551074,-0.704158][0.984241,0.470422,0][-0.82452,0.221108,-1.14953][-0.44775,0.551074,-0.704158][0.9563,0.495942,0][-0.82452,0.221108,-1.14953][-0.44775,0.551074,-0.704158][0.9563,0.495942,0][-0.789652,0.185538,-1.19954][-0.44775,0.551074,-0.704158][0.952329,0.483369,0][-0.823483,0.15805,-1.19954][-0.44775,0.551074,-0.704158][0.965386,0.471443,0][-0.823483,0.15805,-1.19954][-0.432667,-0.651781,-0.622882][0.965386,0.471443,0][-0.359637,-0.149862,-1.19954][-0.432667,-0.651781,-0.622882][0.786362,0.337851,0][-0.406233,-0.166721,-1.14953][-0.432667,-0.651781,-0.622882][0.799672,0.332693,0][-0.406233,-0.166721,-1.14953][-0.432667,-0.651781,-0.622882][0.799672,0.332693,0][-0.899138,0.16048,-1.14953][-0.432667,-0.651781,-0.622882][0.984241,0.470422,0][-0.823483,0.15805,-1.19954][-0.432667,-0.651781,-0.622882][0.965386,0.471443,0][-0.560105,-0.753283,-1.19954][-0.749031,0.248842,-0.614028][0.863734,0.076049,0][-0.618217,-0.804803,-1.14953][-0.749031,0.248842,-0.614028][0.879049,0.064106,0][-0.406233,-0.166721,-1.14953][-0.749031,0.248842,-0.614028][0.799672,0.332693,0][-0.406233,-0.166721,-1.14953][-0.749031,0.248842,-0.614028][0.799672,0.332693,0][-0.359637,-0.149862,-1.19954][-0.749031,0.248842,-0.614028][0.786362,0.337851,0][-0.560105,-0.753283,-1.19954][-0.749031,0.248842,-0.614028][0.863734,0.076049,0][-0.560105,-0.753283,-1.19954][-0.0252391,-0.681472,-0.731409][0.863734,0.076049,0][-0.503015,-0.755397,-1.19954][-0.0252391,-0.681472,-0.731409][0.841699,0.075132,0][-0.509162,-0.808842,-1.14953][-0.0252391,-0.681472,-0.731409][0.838214,0.062406,0][-0.509162,-0.808842,-1.14953][-0.0252391,-0.681472,-0.731409][0.838214,0.062406,0][-0.618217,-0.804803,-1.14953][-0.0252391,-0.681472,-0.731409][0.879049,0.064106,0][-0.560105,-0.753283,-1.19954][-0.0252391,-0.681472,-0.731409][0.863734,0.076049,0][-0.503015,-0.755397,-1.19954][0.465505,-0.632657,-0.618911][0.841699,0.075132,0][0,-0.385281,-1.19954][0.465505,-0.632656,-0.618911][0.647557,0.235712,0][0,-0.434202,-1.14953][0.465505,-0.632657,-0.618911][0.647557,0.220103,0][0,-0.434202,-1.14953][0.465505,-0.632657,-0.618911][0.647557,0.220103,0][-0.509162,-0.808842,-1.14953][0.465505,-0.632656,-0.618911][0.838214,0.062406,0][-0.503015,-0.755397,-1.19954][0.465505,-0.632657,-0.618911][0.841699,0.075132,0][0.0411331,0.731002,-1.19954][0.756342,0.247451,-0.60557][0.631682,0.720025,0][0.0669691,0.774416,-1.14953][0.756342,0.247451,-0.60557][0.622481,0.728845,0][0.247994,0.221108,-1.14953][0.756342,0.247451,-0.60557][0.554696,0.495942,0][0.247994,0.221108,-1.14953][0.756342,0.247451,-0.60557][0.554696,0.495942,0][0.219592,0.185538,-1.19954][0.756342,0.247451,-0.60557][0.562804,0.483369,0][0.0411331,0.731002,-1.19954][0.756342,0.247451,-0.60557][0.631682,0.720025,0][0,0.752147,-1.19954][0.321941,0.626278,-0.710021][0.647557,0.729199,0][1.22132e-007,0.808842,-1.14953][0.321941,0.626278,-0.710021][0.647557,0.743336,0][0.0669691,0.774416,-1.14953][0.321941,0.626278,-0.710021][0.622481,0.728845,0][0.0669691,0.774416,-1.14953][0.321941,0.626278,-0.710021][0.622481,0.728845,0][0.0411331,0.731002,-1.19954][0.321941,0.626278,-0.710021][0.631682,0.720025,0][0,0.752147,-1.19954][0.321941,0.626278,-0.710021][0.647557,0.729199,0][0.823483,0.15805,-1.19954][0.432667,-0.651781,-0.622882][0.329728,0.471443,0][0.899138,0.16048,-1.14953][0.432667,-0.651781,-0.622882][0.310874,0.470422,0][0.406233,-0.166721,-1.14953][0.432667,-0.651781,-0.622882][0.495443,0.332693,0][0.406233,-0.166721,-1.14953][0.432667,-0.651781,-0.622882][0.495443,0.332693,0][0.359637,-0.149862,-1.19954][0.432667,-0.651781,-0.622882][0.508753,0.337851,0][0.823483,0.15805,-1.19954][0.432667,-0.651781,-0.622882][0.329728,0.471443,0][0.823483,0.15805,-1.19954][0.44775,0.551074,-0.704158][0.329728,0.471443,0][0.789652,0.185538,-1.19954][0.44775,0.551074,-0.704158][0.342786,0.483369,0][0.82452,0.221108,-1.14953][0.44775,0.551074,-0.704158][0.338815,0.495942,0][0.82452,0.221108,-1.14953][0.44775,0.551074,-0.704158][0.338815,0.495942,0][0.899138,0.16048,-1.14953][0.44775,0.551074,-0.704158][0.310874,0.470422,0][0.823483,0.15805,-1.19954][0.44775,0.551074,-0.704158][0.329728,0.471443,0][0.789652,0.185538,-1.19954][1.23045e-007,0.814887,-0.579619][0.342786,0.483369,0][0.219592,0.185538,-1.19954][1.23045e-007,0.814887,-0.579619][0.562804,0.483369,0][0.247994,0.221108,-1.14953][1.23045e-007,0.814887,-0.579619][0.554696,0.495942,0][0.247994,0.221108,-1.14953][1.23045e-007,0.814887,-0.579619][0.554696,0.495942,0][0.82452,0.221108,-1.14953][1.23045e-007,0.814887,-0.579619][0.338815,0.495942,0][0.789652,0.185538,-1.19954][1.23045e-007,0.814887,-0.579619][0.342786,0.483369,0][-0.219592,0.185538,-1.19954][-0.585799,0.191655,-0.787469][0.73231,0.483369,0][-0.0411329,0.731002,-1.19954][-0.5858,0.191655,-0.787469][0.663433,0.720025,0][0,-0.00270606,-1.40871][-0.5858,0.191655,-0.787469][0.647557,0.401697,0][-0.0411329,0.731002,-1.19954][-0.135996,0.264557,-0.954733][0.663433,0.720025,0][0,0.752147,-1.19954][-0.135996,0.264557,-0.954733][0.647557,0.729199,0][0,-0.00270606,-1.40871][-0.135996,0.264556,-0.954733][0.647557,0.401697,0][0.359637,-0.149862,-1.19954][0.54903,0.182398,-0.815657][0.508753,0.337851,0][0.560105,-0.753283,-1.19954][0.54903,0.182398,-0.815657][0.431381,0.076049,0][0,-0.00270606,-1.40871][0.54903,0.182398,-0.815657][0.647557,0.401697,0][0.560105,-0.753283,-1.19954][0.00969296,-0.261719,-0.965095][0.431381,0.076049,0][0.503015,-0.755397,-1.19954][0.00969296,-0.261719,-0.965095][0.453415,0.075132,0][0,-0.00270606,-1.40871][0.00969296,-0.261719,-0.965095][0.647557,0.401697,0][0.503015,-0.755397,-1.19954][-0.33285,-0.452369,-0.82739][0.453415,0.075132,0][0,-0.385281,-1.19954][-0.33285,-0.452369,-0.827389][0.647557,0.235712,0][0,-0.00270606,-1.40871][-0.33285,-0.452369,-0.82739][0.647557,0.401697,0][-0.359637,-0.149862,-1.19954][-0.301607,-0.454348,-0.838213][0.786362,0.337851,0][-0.823483,0.15805,-1.19954][-0.301607,-0.454348,-0.838213][0.965386,0.471443,0][0,-0.00270606,-1.40871][-0.301607,-0.454348,-0.838213][0.647557,0.401697,0][-0.823483,0.15805,-1.19954][-0.194786,0.239735,-0.951097][0.965386,0.471443,0][-0.789652,0.185538,-1.19954][-0.194786,0.239735,-0.951097][0.952329,0.483369,0][0,-0.00270606,-1.40871][-0.194786,0.239735,-0.951097][0.647557,0.401697,0][-0.789652,0.185538,-1.19954][0,0.743309,-0.668948][0.952329,0.483369,0][-0.219592,0.185538,-1.19954][0,0.743309,-0.668948][0.73231,0.483369,0][0,-0.00270606,-1.40871][0,0.743309,-0.668948][0.647557,0.401697,0][0,-0.385281,-1.19954][0.33285,-0.452369,-0.82739][0.647557,0.235712,0][-0.503015,-0.755397,-1.19954][0.33285,-0.452369,-0.82739][0.841699,0.075132,0][0,-0.00270606,-1.40871][0.33285,-0.452369,-0.82739][0.647557,0.401697,0][-0.503015,-0.755397,-1.19954][-0.00969304,-0.261719,-0.965095][0.841699,0.075132,0][-0.560105,-0.753283,-1.19954][-0.00969304,-0.261719,-0.965095][0.863734,0.076049,0][0,-0.00270606,-1.40871][-0.00969304,-0.261719,-0.965095][0.647557,0.401697,0][-0.560105,-0.753283,-1.19954][-0.54903,0.182398,-0.815657][0.863734,0.076049,0][-0.359637,-0.149862,-1.19954][-0.54903,0.182398,-0.815657][0.786362,0.337851,0][0,-0.00270606,-1.40871][-0.54903,0.182398,-0.815657][0.647557,0.401697,0][0,0.752147,-1.19954][0.135996,0.264557,-0.954733][0.647557,0.729199,0][0.0411331,0.731002,-1.19954][0.135996,0.264557,-0.954733][0.631682,0.720025,0][0,-0.00270606,-1.40871][0.135996,0.264556,-0.954733][0.647557,0.401697,0][0.0411331,0.731002,-1.19954][0.5858,0.191655,-0.787469][0.631682,0.720025,0][0.219592,0.185538,-1.19954][0.585799,0.191655,-0.787469][0.562804,0.483369,0][0,-0.00270606,-1.40871][0.5858,0.191655,-0.787469][0.647557,0.401697,0][0.219592,0.185538,-1.19954][0,0.743309,-0.668948][0.562804,0.483369,0][0.789652,0.185538,-1.19954][0,0.743309,-0.668948][0.342786,0.483369,0][0,-0.00270606,-1.40871][0,0.743309,-0.668948][0.647557,0.401697,0][0.789652,0.185538,-1.19954][0.194786,0.239735,-0.951097][0.342786,0.483369,0][0.823483,0.15805,-1.19954][0.194786,0.239735,-0.951097][0.329728,0.471443,0][0,-0.00270606,-1.40871][0.194786,0.239735,-0.951097][0.647557,0.401697,0][0.823483,0.15805,-1.19954][0.301607,-0.454348,-0.838213][0.329728,0.471443,0][0.359637,-0.149862,-1.19954][0.301607,-0.454348,-0.838213][0.508753,0.337851,0][0,-0.00270606,-1.40871][0.301607,-0.454348,-0.838213][0.647557,0.401697,0][-0.247994,0.221108,-1.14953][-0.905416,0.296224,-0.304095][0.740419,0.495942,0][-0.255251,0.234724,-1.11466][-0.905416,0.296224,-0.304095][0.746073,0.504709,0][-0.0815959,0.765506,-1.11466][-0.905416,0.296224,-0.304095][0.67905,0.734995,0][-0.0815959,0.765506,-1.11466][-0.905416,0.296224,-0.304095][0.67905,0.734995,0][-0.0669689,0.774416,-1.14953][-0.905416,0.296224,-0.304095][0.672634,0.728845,0][-0.247994,0.221108,-1.14953][-0.905416,0.296224,-0.304095][0.740419,0.495942,0][-0.0669689,0.774416,-1.14953][-0.456898,0.888813,0.035445][0.672634,0.728845,0][-0.0815959,0.765506,-1.11466][-0.456898,0.888813,0.035445][0.67905,0.734995,0][1.21922e-007,0.807451,-1.11466][-0.456898,0.888813,0.035445][0.647557,0.753193,0][1.21922e-007,0.807451,-1.11466][-0.456898,0.888813,0.035445][0.647557,0.753193,0][1.22132e-007,0.808842,-1.14953][-0.456898,0.888813,0.035445][0.647557,0.743336,0][-0.0669689,0.774416,-1.14953][-0.456898,0.888813,0.035445][0.672634,0.728845,0][0.0669691,0.774416,-1.14953][0.456897,0.888813,0.035446][0.622481,0.728845,0][1.22132e-007,0.808842,-1.14953][0.456897,0.888813,0.035446][0.647557,0.743336,0][1.21922e-007,0.807451,-1.11466][0.456898,0.888813,0.035446][0.647557,0.753193,0][1.21922e-007,0.807451,-1.11466][0.456898,0.888813,0.035446][0.647557,0.753193,0][0.0815961,0.765506,-1.11466][0.456898,0.888813,0.035446][0.616065,0.734995,0][0.0669691,0.774416,-1.14953][0.456897,0.888813,0.035446][0.622481,0.728845,0][0.0669691,0.774416,-1.14953][0.905416,0.296224,-0.304095][0.622481,0.728845,0][0.0815961,0.765506,-1.11466][0.905416,0.296224,-0.304095][0.616065,0.734995,0][0.255251,0.234724,-1.11466][0.905416,0.296224,-0.304095][0.549041,0.504709,0][0.255251,0.234724,-1.11466][0.905416,0.296224,-0.304095][0.549041,0.504709,0][0.247994,0.221108,-1.14953][0.905416,0.296224,-0.304095][0.554696,0.495942,0][0.0669691,0.774416,-1.14953][0.905416,0.296224,-0.304095][0.622481,0.728845,0][0.247994,0.221108,-1.14953][1.40654e-007,0.93151,-0.363716][0.554696,0.495942,0][0.255251,0.234724,-1.11466][1.40654e-007,0.93151,-0.363716][0.549041,0.504709,0][0.807115,0.234724,-1.11466][1.40654e-007,0.93151,-0.363716][0.336046,0.504709,0][0.807115,0.234724,-1.11466][1.40654e-007,0.93151,-0.363716][0.336046,0.504709,0][0.82452,0.221108,-1.14953][1.40654e-007,0.93151,-0.363716][0.338815,0.495942,0][0.247994,0.221108,-1.14953][1.40654e-007,0.93151,-0.363716][0.554696,0.495942,0][0.82452,0.221108,-1.14953][0.630551,0.776059,0.011694][0.338815,0.495942,0][0.807115,0.234724,-1.11466][0.630551,0.77606,0.011694][0.336046,0.504709,0][0.9064,0.154055,-1.11466][0.630551,0.77606,0.011694][0.297726,0.469709,0][0.9064,0.154055,-1.11466][0.630551,0.77606,0.011694][0.297726,0.469709,0][0.899138,0.16048,-1.14953][0.630551,0.77606,0.011694][0.310874,0.470422,0][0.82452,0.221108,-1.14953][0.630551,0.776059,0.011694][0.338815,0.495942,0][0.899138,0.16048,-1.14953][0.534117,-0.804609,-0.259469][0.310874,0.470422,0][0.9064,0.154055,-1.11466][0.534117,-0.804609,-0.259469][0.297726,0.469709,0][0.418171,-0.170042,-1.11466][0.534117,-0.804609,-0.259469][0.486161,0.329096,0][0.418171,-0.170042,-1.11466][0.534117,-0.804609,-0.259469][0.486161,0.329096,0][0.406233,-0.166721,-1.14953][0.534117,-0.804609,-0.259469][0.495443,0.332693,0][0.899138,0.16048,-1.14953][0.534117,-0.804609,-0.259469][0.310874,0.470422,0][0.618217,-0.804803,-1.14953][0.910257,0.302405,-0.282812][0.416065,0.064106,0][0.406233,-0.166721,-1.14953][0.910257,0.302405,-0.282812][0.495443,0.332693,0][0.418171,-0.170042,-1.11466][0.910257,0.302405,-0.282812][0.486161,0.329096,0][0.418171,-0.170042,-1.11466][0.910257,0.302405,-0.282812][0.486161,0.329096,0][0.627458,-0.800008,-1.11466][0.910257,0.302405,-0.282812][0.405385,0.055777,0][0.618217,-0.804803,-1.14953][0.910257,0.302405,-0.282812][0.416065,0.064106,0][0.509162,-0.808842,-1.14953][0.0367138,-0.991277,0.126582][0.456901,0.062406,0][0.618217,-0.804803,-1.14953][0.0367138,-0.991277,0.126582][0.416065,0.064106,0][0.627458,-0.800008,-1.11466][0.0367138,-0.991277,0.126582][0.405385,0.055777,0][0.627458,-0.800008,-1.11466][0.0367138,-0.991277,0.126582][0.405385,0.055777,0][0.487687,-0.805184,-1.11466][0.0367138,-0.991277,0.126582][0.459331,0.053531,0][0.509162,-0.808842,-1.14953][0.0367138,-0.991277,0.126582][0.456901,0.062406,0][0,-0.434202,-1.14953][-0.570628,-0.775525,-0.270082][0.647557,0.220103,0][0.509162,-0.808842,-1.14953][-0.570628,-0.775525,-0.270082][0.456901,0.062406,0][0.487687,-0.805184,-1.11466][-0.570628,-0.775525,-0.270082][0.459331,0.053531,0][0.487687,-0.805184,-1.11466][-0.570628,-0.775525,-0.270082][0.459331,0.053531,0][0,-0.446348,-1.11466][-0.570628,-0.775525,-0.270082][0.647557,0.209218,0][0,-0.434202,-1.14953][-0.570628,-0.775525,-0.270082][0.647557,0.220103,0][0,-0.434202,-1.14953][0.570628,-0.775525,-0.270082][0.647557,0.220103,0][0,-0.446348,-1.11466][0.570628,-0.775525,-0.270082][0.647557,0.209218,0][-0.487687,-0.805184,-1.11466][0.570628,-0.775525,-0.270082][0.835783,0.053531,0][-0.487687,-0.805184,-1.11466][0.570628,-0.775525,-0.270082][0.835783,0.053531,0][-0.509162,-0.808842,-1.14953][0.570628,-0.775525,-0.270082][0.838214,0.062406,0][0,-0.434202,-1.14953][0.570628,-0.775525,-0.270082][0.647557,0.220103,0][-0.509162,-0.808842,-1.14953][-0.0367141,-0.991277,0.126581][0.838214,0.062406,0][-0.487687,-0.805184,-1.11466][-0.0367141,-0.991277,0.126581][0.835783,0.053531,0][-0.627458,-0.800008,-1.11466][-0.0367141,-0.991277,0.126581][0.889729,0.055777,0][-0.627458,-0.800008,-1.11466][-0.0367141,-0.991277,0.126581][0.889729,0.055777,0][-0.618217,-0.804803,-1.14953][-0.0367141,-0.991277,0.126581][0.879049,0.064106,0][-0.509162,-0.808842,-1.14953][-0.0367141,-0.991277,0.126581][0.838214,0.062406,0][-0.618217,-0.804803,-1.14953][-0.910258,0.302405,-0.282812][0.879049,0.064106,0][-0.627458,-0.800008,-1.11466][-0.910258,0.302405,-0.282812][0.889729,0.055777,0][-0.418171,-0.170042,-1.11466][-0.910258,0.302405,-0.282812][0.808953,0.329096,0][-0.418171,-0.170042,-1.11466][-0.910258,0.302405,-0.282812][0.808953,0.329096,0][-0.406233,-0.166721,-1.14953][-0.910258,0.302405,-0.282812][0.799672,0.332693,0][-0.618217,-0.804803,-1.14953][-0.910258,0.302405,-0.282812][0.879049,0.064106,0][-0.899138,0.16048,-1.14953][-0.534117,-0.804608,-0.259469][0.984241,0.470422,0][-0.406233,-0.166721,-1.14953][-0.534117,-0.804609,-0.259469][0.799672,0.332693,0][-0.418171,-0.170042,-1.11466][-0.534117,-0.804608,-0.259469][0.808953,0.329096,0][-0.418171,-0.170042,-1.11466][-0.534117,-0.804608,-0.259469][0.808953,0.329096,0][-0.9064,0.154055,-1.11466][-0.534117,-0.804608,-0.259469][0.997388,0.469709,0][-0.899138,0.16048,-1.14953][-0.534117,-0.804608,-0.259469][0.984241,0.470422,0][-0.82452,0.221108,-1.14953][-0.630551,0.77606,0.011694][0.9563,0.495942,0][-0.899138,0.16048,-1.14953][-0.630551,0.77606,0.011694][0.984241,0.470422,0][-0.9064,0.154055,-1.11466][-0.630551,0.77606,0.011694][0.997388,0.469709,0][-0.9064,0.154055,-1.11466][-0.630551,0.77606,0.011694][0.997388,0.469709,0][-0.807115,0.234724,-1.11466][-0.630551,0.77606,0.011694][0.959069,0.504709,0][-0.82452,0.221108,-1.14953][-0.630551,0.77606,0.011694][0.9563,0.495942,0][-0.247994,0.221108,-1.14953][1.40654e-007,0.93151,-0.363716][0.740419,0.495942,0][-0.82452,0.221108,-1.14953][1.40654e-007,0.93151,-0.363716][0.9563,0.495942,0][-0.807115,0.234724,-1.11466][1.40654e-007,0.93151,-0.363716][0.959069,0.504709,0][-0.807115,0.234724,-1.11466][1.40654e-007,0.93151,-0.363716][0.959069,0.504709,0][-0.255251,0.234724,-1.11466][1.40654e-007,0.93151,-0.363716][0.746073,0.504709,0][-0.247994,0.221108,-1.14953][1.40654e-007,0.93151,-0.363716][0.740419,0.495942,0][-1.21621,-0.0605878,0.317378][0.999713,-1.50952e-007,-0.02397][0.27413,0.787898,0][-1.21964,-0.0362368,0.174303][0.999713,-1.50952e-007,-0.02397][0.229156,0.79802,0][-1.21731,0.226545,0.271642][0.999713,-1.50952e-007,-0.02397][0.262512,0.893237,0][-1.21731,0.226545,0.271642][0.999713,-1.50952e-007,-0.02397][0.262512,0.893237,0][-1.21621,0.247311,0.317378][0.999713,-1.50952e-007,-0.02397][0.277171,0.900437,0][-1.21621,-0.0605878,0.317378][0.999713,-1.50952e-007,-0.02397][0.27413,0.787898,0][-1.21059,-0.236631,0.551774][0.999713,8.49048e-007,-0.023968][0.346464,0.721553,0][-1.20778,-0.548517,0.669085][0.999713,8.49048e-007,-0.023968][0.380457,0.606555,0][-1.20966,-0.55108,0.59074][0.999713,8.49048e-007,-0.023968][0.355673,0.606288,0][-1.20966,-0.55108,0.59074][0.999713,8.49048e-007,-0.023968][0.355673,0.606288,0][-1.21621,-0.373425,0.317378][0.999713,8.49048e-007,-0.023968][0.271041,0.673555,0][-1.21059,-0.236631,0.551774][0.999713,8.49048e-007,-0.023968][0.346464,0.721553,0][-1.22183,-0.236631,0.082982][0.999713,8.49048e-007,-0.023972][0.19832,0.725555,0][-1.22839,-0.0761748,-0.190684][0.999713,8.49048e-007,-0.023972][0.113421,0.786539,0][-1.22706,-0.0362368,-0.135032][0.999713,8.49048e-007,-0.023972][0.131402,0.800661,0][-1.22706,-0.0362368,-0.135032][0.999713,8.49048e-007,-0.023972][0.131402,0.800661,0][-1.21964,-0.0362368,0.174303][0.999713,8.49048e-007,-0.023972][0.229156,0.79802,0][-1.22183,-0.236631,0.082982][0.999713,8.49048e-007,-0.023972][0.19832,0.725555,0][-1.22277,-0.55108,0.044017][0.999713,-1.15095e-006,-0.023971][0.182901,0.610956,0][-1.22465,-0.548517,-0.034329][0.999713,-1.15095e-006,-0.023971][0.158167,0.612562,0][-1.22183,-0.236631,0.082982][0.999713,-1.15095e-006,-0.023971][0.19832,0.725555,0][-1.22183,-0.236631,0.082982][0.999713,-1.15095e-006,-0.023971][0.19832,0.725555,0][-1.21621,-0.373425,0.317378][0.999713,-1.15095e-006,-0.023971][0.271041,0.673555,0][-1.22277,-0.55108,0.044017][0.999713,-1.15095e-006,-0.023971][0.182901,0.610956,0][-1.21511,0.226545,0.363115][0.999713,-1.50952e-007,-0.02397][0.29142,0.892456,0][-1.21278,-0.0362368,0.460453][0.999713,-1.50952e-007,-0.02397][0.319585,0.795577,0][-1.21621,-0.0605878,0.317378][0.999713,-1.50952e-007,-0.02397][0.27413,0.787898,0][-1.21621,-0.0605878,0.317378][0.999713,-1.50952e-007,-0.02397][0.27413,0.787898,0][-1.21621,0.247311,0.317378][0.999713,-1.50952e-007,-0.02397][0.277171,0.900437,0][-1.21511,0.226545,0.363115][0.999713,-1.50952e-007,-0.02397][0.29142,0.892456,0][-1.20536,-0.0362368,0.769789][0.999713,1.84905e-006,-0.023971][0.417339,0.792936,0][-1.20403,-0.0761748,0.82544][0.999713,1.84905e-006,-0.023971][0.434532,0.777863,0][-1.21059,-0.236631,0.551774][0.999713,1.84905e-006,-0.023971][0.346464,0.721553,0][-1.21059,-0.236631,0.551774][0.999713,1.84905e-006,-0.023971][0.346464,0.721553,0][-1.21278,-0.0362368,0.460453][0.999713,1.84905e-006,-0.023971][0.319585,0.795577,0][-1.20536,-0.0362368,0.769789][0.999713,1.84905e-006,-0.023971][0.417339,0.792936,0][-1.21621,-0.0605878,0.317378][0.999713,-1.50952e-007,-0.02397][0.27413,0.787898,0][-1.21621,-0.373425,0.317378][0.999713,-1.50952e-007,-0.02397][0.271041,0.673555,0][-1.22183,-0.236631,0.082982][0.999713,-1.50952e-007,-0.02397][0.19832,0.725555,0][-1.22183,-0.236631,0.082982][0.999713,-1.50952e-007,-0.02397][0.19832,0.725555,0][-1.21964,-0.0362368,0.174303][0.999713,-1.50952e-007,-0.02397][0.229156,0.79802,0][-1.21621,-0.0605878,0.317378][0.999713,-1.50952e-007,-0.02397][0.27413,0.787898,0][-1.21059,-0.236631,0.551774][0.999713,8.49048e-007,-0.02397][0.346464,0.721553,0][-1.21621,-0.373425,0.317378][0.999713,8.49048e-007,-0.02397][0.271041,0.673555,0][-1.21621,-0.0605878,0.317378][0.999713,8.49048e-007,-0.02397][0.27413,0.787898,0][-1.21621,-0.0605878,0.317378][0.999713,8.49048e-007,-0.02397][0.27413,0.787898,0][-1.21278,-0.0362368,0.460453][0.999713,8.49048e-007,-0.02397][0.319585,0.795577,0][-1.21059,-0.236631,0.551774][0.999713,8.49048e-007,-0.02397][0.346464,0.721553,0][-1.21621,0.247311,0.317378][-0.567359,0.754841,-0.329119][0.647557,0.753193,0][-1.21731,0.226545,0.271642][-0.567359,0.754841,-0.329119][0.67905,0.734995,0][-1.25385,0.209463,0.295463][-0.567359,0.754841,-0.329119][0.663433,0.720025,0][-1.25385,0.209463,0.295463][-0.567359,0.754841,-0.329119][0.663433,0.720025,0][-1.2533,0.219931,0.318519][-0.567359,0.754841,-0.329119][0.647557,0.729199,0][-1.21621,0.247311,0.317378][-0.567359,0.754841,-0.329119][0.647557,0.753193,0][-1.25385,0.209463,0.295463][-0.612542,0.279339,-0.739434][0.663433,0.720025,0][-1.21731,0.226545,0.271642][-0.612542,0.279339,-0.739434][0.67905,0.734995,0][-1.21964,-0.0362368,0.174303][-0.612542,0.279339,-0.739434][0.746073,0.504709,0][-1.21964,-0.0362368,0.174303][-0.612542,0.279339,-0.739434][0.746073,0.504709,0][-1.25625,-0.0605878,0.195432][-0.612542,0.279339,-0.739434][0.73231,0.483369,0][-1.25385,0.209463,0.295463][-0.612542,0.279339,-0.739434][0.663433,0.720025,0][-1.21621,-0.373425,0.317378][-0.576804,-0.691196,-0.435369][0.647557,0.209218,0][-1.20966,-0.55108,0.59074][-0.576804,-0.691196,-0.435369][0.459331,0.053531,0][-1.24654,-0.526431,0.600472][-0.576804,-0.691196,-0.435369][0.453415,0.075132,0][-1.24654,-0.526431,0.600472][-0.576804,-0.691196,-0.435369][0.453415,0.075132,0][-1.2533,-0.343192,0.318519][-0.576804,-0.691196,-0.435369][0.647557,0.235712,0][-1.21621,-0.373425,0.317378][-0.576804,-0.691196,-0.435369][0.647557,0.209218,0][-1.20966,-0.55108,0.59074][-0.547772,-0.835649,0.040464][0.459331,0.053531,0][-1.20778,-0.548517,0.669085][-0.547772,-0.835649,0.040464][0.405385,0.055777,0][-1.24577,-0.525384,0.632473][-0.547772,-0.835649,0.040464][0.431381,0.076049,0][-1.24577,-0.525384,0.632473][-0.547772,-0.835649,0.040464][0.431381,0.076049,0][-1.24654,-0.526431,0.600472][-0.547772,-0.835649,0.040464][0.453415,0.075132,0][-1.20966,-0.55108,0.59074][-0.547772,-0.835649,0.040464][0.459331,0.053531,0][-1.24577,-0.525384,0.632473][-0.569529,0.284875,0.771028][0.431381,0.076049,0][-1.20778,-0.548517,0.669085][-0.569529,0.284875,0.771028][0.405385,0.055777,0][-1.21059,-0.236631,0.551774][-0.569529,0.284875,0.771027][0.486161,0.329096,0][-1.21059,-0.236631,0.551774][-0.569529,0.284875,0.771027][0.486161,0.329096,0][-1.24847,-0.226639,0.520105][-0.569529,0.284875,0.771027][0.508753,0.337851,0][-1.24577,-0.525384,0.632473][-0.569529,0.284875,0.771028][0.431381,0.076049,0][-1.21964,-0.0362368,0.174303][-0.548507,0.836043,0.013153][0.746073,0.504709,0][-1.22706,-0.0362368,-0.135032][-0.548507,0.836043,0.013153][0.959069,0.504709,0][-1.26391,-0.0605878,-0.124103][-0.548507,0.836043,0.013153][0.952329,0.483369,0][-1.26391,-0.0605878,-0.124103][-0.548507,0.836043,0.013153][0.952329,0.483369,0][-1.25625,-0.0605878,0.195432][-0.548507,0.836043,0.013153][0.73231,0.483369,0][-1.21964,-0.0362368,0.174303][-0.548507,0.836043,0.013153][0.746073,0.504709,0][-1.22706,-0.0362368,-0.135032][-0.579816,0.668451,-0.465818][0.959069,0.504709,0][-1.22839,-0.0761748,-0.190684][-0.579816,0.668451,-0.465818][0.997388,0.469709,0][-1.26437,-0.0741968,-0.143066][-0.579816,0.668451,-0.465818][0.965386,0.471443,0][-1.26437,-0.0741968,-0.143066][-0.579816,0.668451,-0.465818][0.965386,0.471443,0][-1.26391,-0.0605878,-0.124103][-0.579816,0.668451,-0.465818][0.952329,0.483369,0][-1.22706,-0.0362368,-0.135032][-0.579816,0.668451,-0.465818][0.959069,0.504709,0][-1.26437,-0.0741968,-0.143066][-0.573854,-0.712408,-0.403939][0.965386,0.471443,0][-1.22839,-0.0761748,-0.190684][-0.573854,-0.712408,-0.403939][0.997388,0.469709,0][-1.22183,-0.236631,0.082982][-0.573854,-0.712408,-0.403939][0.808953,0.329096,0][-1.22183,-0.236631,0.082982][-0.573854,-0.712408,-0.403939][0.808953,0.329096,0][-1.25813,-0.226639,0.116933][-0.573854,-0.712408,-0.403939][0.786362,0.337851,0][-1.26437,-0.0741968,-0.143066][-0.573854,-0.712408,-0.403939][0.965386,0.471443,0][-1.22183,-0.236631,0.082982][-0.612369,0.283159,-0.738123][0.808953,0.329096,0][-1.22465,-0.548517,-0.034329][-0.612369,0.283159,-0.738123][0.889729,0.055777,0][-1.26083,-0.525384,0.00456402][-0.612369,0.283159,-0.738123][0.863734,0.076049,0][-1.26083,-0.525384,0.00456402][-0.612369,0.283159,-0.738123][0.863734,0.076049,0][-1.25813,-0.226639,0.116933][-0.612369,0.283159,-0.738123][0.786362,0.337851,0][-1.22183,-0.236631,0.082982][-0.612369,0.283159,-0.738123][0.808953,0.329096,0][-1.26083,-0.525384,0.00456402][-0.54934,-0.835479,-0.014156][0.863734,0.076049,0][-1.22465,-0.548517,-0.034329][-0.54934,-0.835479,-0.014156][0.889729,0.055777,0][-1.22277,-0.55108,0.044017][-0.54934,-0.835479,-0.014156][0.835783,0.053531,0][-1.22277,-0.55108,0.044017][-0.54934,-0.835479,-0.014156][0.835783,0.053531,0][-1.26006,-0.526431,0.036566][-0.54934,-0.835479,-0.014156][0.841699,0.075132,0][-1.26083,-0.525384,0.00456402][-0.54934,-0.835479,-0.014156][0.863734,0.076049,0][-1.26006,-0.526431,0.036566][-0.551087,-0.693573,0.463961][0.841699,0.075132,0][-1.22277,-0.55108,0.044017][-0.551087,-0.693573,0.463961][0.835783,0.053531,0][-1.21621,-0.373425,0.317378][-0.551087,-0.693573,0.463961][0.647557,0.209218,0][-1.21621,-0.373425,0.317378][-0.551087,-0.693573,0.463961][0.647557,0.209218,0][-1.2533,-0.343192,0.318519][-0.551087,-0.693573,0.463961][0.647557,0.235712,0][-1.26006,-0.526431,0.036566][-0.551087,-0.693573,0.463961][0.841699,0.075132,0][-1.21278,-0.0362368,0.460453][-0.56963,0.281033,0.772361][0.549041,0.504709,0][-1.21511,0.226545,0.363115][-0.56963,0.281033,0.772361][0.616065,0.734995,0][-1.25275,0.209463,0.341576][-0.56963,0.281033,0.772361][0.631682,0.720025,0][-1.25275,0.209463,0.341576][-0.56963,0.281033,0.772361][0.631682,0.720025,0][-1.25035,-0.0605878,0.441606][-0.56963,0.281033,0.772361][0.562804,0.483369,0][-1.21278,-0.0362368,0.460453][-0.56963,0.281033,0.772361][0.549041,0.504709,0][-1.25275,0.209463,0.341576][-0.54771,0.756805,0.356736][0.631682,0.720025,0][-1.21511,0.226545,0.363115][-0.54771,0.756805,0.356736][0.616065,0.734995,0][-1.21621,0.247311,0.317378][-0.54771,0.756805,0.356736][0.647557,0.753193,0][-1.21621,0.247311,0.317378][-0.54771,0.756805,0.356736][0.647557,0.753193,0][-1.2533,0.219931,0.318519][-0.54771,0.756805,0.356736][0.647557,0.729199,0][-1.25275,0.209463,0.341576][-0.54771,0.756805,0.356736][0.631682,0.720025,0][-1.21059,-0.236631,0.551774][-0.549922,-0.714683,0.43222][0.486161,0.329096,0][-1.20403,-0.0761748,0.82544][-0.549922,-0.714683,0.432219][0.297726,0.469709,0][-1.24223,-0.0741968,0.780104][-0.549922,-0.714683,0.43222][0.329728,0.471443,0][-1.24223,-0.0741968,0.780104][-0.549922,-0.714683,0.43222][0.329728,0.471443,0][-1.24847,-0.226639,0.520105][-0.549922,-0.714683,0.43222][0.508753,0.337851,0][-1.21059,-0.236631,0.551774][-0.549922,-0.714683,0.43222][0.486161,0.329096,0][-1.24223,-0.0741968,0.780104][-0.552358,0.670922,0.494737][0.329728,0.471443,0][-1.20403,-0.0761748,0.82544][-0.552358,0.670922,0.494737][0.297726,0.469709,0][-1.20536,-0.0362368,0.769789][-0.552358,0.670922,0.494737][0.336046,0.504709,0][-1.20536,-0.0362368,0.769789][-0.552358,0.670922,0.494737][0.336046,0.504709,0][-1.24269,-0.0605878,0.761141][-0.552358,0.670922,0.494737][0.342786,0.483369,0][-1.24223,-0.0741968,0.780104][-0.552358,0.670922,0.494737][0.329728,0.471443,0][-1.24269,-0.0605878,0.761141][-0.548508,0.836042,0.013152][0.342786,0.483369,0][-1.20536,-0.0362368,0.769789][-0.548508,0.836042,0.013152][0.336046,0.504709,0][-1.21278,-0.0362368,0.460453][-0.548508,0.836042,0.013152][0.549041,0.504709,0][-1.21278,-0.0362368,0.460453][-0.548508,0.836042,0.013152][0.549041,0.504709,0][-1.25035,-0.0605878,0.441606][-0.548508,0.836042,0.013152][0.562804,0.483369,0][-1.24269,-0.0605878,0.761141][-0.548508,0.836042,0.013152][0.342786,0.483369,0][-1.25625,-0.0605878,0.195432][-0.862926,0.182249,-0.471322][0.73231,0.483369,0][-1.3447,-0.153785,0.32133][-0.862926,0.182249,-0.471322][0.647557,0.401697,0][-1.25385,0.209463,0.295463][-0.862926,0.182249,-0.471322][0.663433,0.720025,0][-1.25385,0.209463,0.295463][-0.968085,0.236132,-0.083989][0.663433,0.720025,0][-1.3447,-0.153785,0.32133][-0.968085,0.236132,-0.083989][0.647557,0.401697,0][-1.2533,0.219931,0.318519][-0.968085,0.236132,-0.083989][0.647557,0.729199,0][-1.24847,-0.226639,0.520105][-0.860236,0.172696,0.47976][0.508753,0.337851,0][-1.3447,-0.153785,0.32133][-0.860236,0.172696,0.47976][0.647557,0.401697,0][-1.24577,-0.525384,0.632473][-0.860237,0.172696,0.479759][0.431381,0.076049,0][-1.24577,-0.525384,0.632473][-0.972013,-0.232886,0.030909][0.431381,0.076049,0][-1.3447,-0.153785,0.32133][-0.972013,-0.232886,0.030909][0.647557,0.401697,0][-1.24654,-0.526431,0.600472][-0.972013,-0.232886,0.030909][0.453415,0.075132,0][-1.24654,-0.526431,0.600472][-0.873352,-0.41772,-0.250532][0.453415,0.075132,0][-1.3447,-0.153785,0.32133][-0.873352,-0.41772,-0.250532][0.647557,0.401697,0][-1.2533,-0.343192,0.318519][-0.873352,-0.41772,-0.250532][0.647557,0.235712,0][-1.25813,-0.226639,0.116933][-0.880454,-0.417922,-0.223925][0.786362,0.337851,0][-1.3447,-0.153785,0.32133][-0.880454,-0.417922,-0.223925][0.647557,0.401697,0][-1.26437,-0.0741968,-0.143066][-0.880453,-0.417923,-0.223925][0.965386,0.471443,0][-1.26437,-0.0741968,-0.143066][-0.967962,0.214405,-0.130694][0.965386,0.471443,0][-1.3447,-0.153785,0.32133][-0.967962,0.214405,-0.130694][0.647557,0.401697,0][-1.26391,-0.0605878,-0.124103][-0.967962,0.214405,-0.130694][0.952329,0.483369,0][-1.26391,-0.0605878,-0.124103][-0.713596,0.700348,0.017111][0.952329,0.483369,0][-1.3447,-0.153785,0.32133][-0.713596,0.700348,0.017111][0.647557,0.401697,0][-1.25625,-0.0605878,0.195432][-0.713596,0.700348,0.017111][0.73231,0.483369,0][-1.2533,-0.343192,0.318519][-0.859402,-0.419057,0.292948][0.647557,0.235712,0][-1.3447,-0.153785,0.32133][-0.859402,-0.419057,0.292948][0.647557,0.401697,0][-1.26006,-0.526431,0.036566][-0.859402,-0.419057,0.292948][0.841699,0.075132,0][-1.26006,-0.526431,0.036566][-0.972384,-0.232857,0.01571][0.841699,0.075132,0][-1.3447,-0.153785,0.32133][-0.972384,-0.232857,0.01571][0.647557,0.401697,0][-1.26083,-0.525384,0.00456402][-0.972384,-0.232857,0.01571][0.863734,0.076049,0][-1.26083,-0.525384,0.00456402][-0.883663,0.171768,-0.435472][0.863734,0.076049,0][-1.3447,-0.153785,0.32133][-0.883663,0.171768,-0.435472][0.647557,0.401697,0][-1.25813,-0.226639,0.116933][-0.883663,0.171768,-0.435472][0.786362,0.337851,0][-1.2533,0.219931,0.318519][-0.962848,0.236464,0.130419][0.647557,0.729199,0][-1.3447,-0.153785,0.32133][-0.962848,0.236464,0.130419][0.647557,0.401697,0][-1.25275,0.209463,0.341576][-0.962848,0.236464,0.130419][0.631682,0.720025,0][-1.25275,0.209463,0.341576][-0.837428,0.183287,0.514898][0.631682,0.720025,0][-1.3447,-0.153785,0.32133][-0.837428,0.183287,0.514898][0.647557,0.401697,0][-1.25035,-0.0605878,0.441606][-0.837428,0.183287,0.514898][0.562804,0.483369,0][-1.25035,-0.0605878,0.441606][-0.713599,0.700346,0.017111][0.562804,0.483369,0][-1.3447,-0.153785,0.32133][-0.713599,0.700346,0.017111][0.647557,0.401697,0][-1.24269,-0.0605878,0.761141][-0.713599,0.700346,0.017111][0.342786,0.483369,0][-1.24269,-0.0605878,0.761141][-0.960425,0.214874,0.177235][0.342786,0.483369,0][-1.3447,-0.153785,0.32133][-0.960425,0.214874,0.177235][0.647557,0.401697,0][-1.24223,-0.0741968,0.780104][-0.960425,0.214874,0.177235][0.329728,0.471443,0][-1.24223,-0.0741968,0.780104][-0.867912,-0.419136,0.266559][0.329728,0.471443,0][-1.3447,-0.153785,0.32133][-0.867912,-0.419136,0.266559][0.647557,0.401697,0][-1.24847,-0.226639,0.520105][-0.867912,-0.419136,0.266559][0.508753,0.337851,0][-1.44699,-0.11001,-0.358291][0.999713,-2.15095e-006,-0.023975][0.268231,0.795608,0][-1.44875,-0.129688,-0.431368][0.999713,-2.15095e-006,-0.023975][0.224834,0.8017,0][-1.44941,0.0131892,-0.459153][0.999713,-2.15095e-006,-0.023975][0.255965,0.895298,0][-1.44941,0.0131892,-0.459153][0.999713,-2.15095e-006,-0.023975][0.255965,0.895298,0][-1.44904,0.0327142,-0.443713][0.999713,-2.15095e-006,-0.023975][0.270003,0.90334,0][-1.44699,-0.11001,-0.358291][0.999713,-2.15095e-006,-0.023975][0.268231,0.795608,0][-1.44322,-0.140881,-0.200799][0.999713,5.84905e-006,-0.023969][0.338544,0.737992,0][-1.43984,-0.260063,-0.059892][0.999713,5.84905e-006,-0.023969][0.372449,0.630857,0][-1.44069,-0.278207,-0.095497][0.999713,5.84905e-006,-0.023969][0.348594,0.62863,0][-1.44069,-0.278207,-0.095497][0.999713,5.84905e-006,-0.023969][0.348594,0.62863,0][-1.44491,-0.255022,-0.271499][0.999713,5.84905e-006,-0.023969][0.266431,0.68615,0][-1.44322,-0.140881,-0.200799][0.999713,5.84905e-006,-0.023969][0.338544,0.737992,0][-1.44843,-0.242344,-0.418102][0.999713,2.84905e-006,-0.023972][0.195892,0.730034,0][-1.45254,-0.227198,-0.589473][0.999713,2.84905e-006,-0.023972][0.113537,0.781531,0][-1.45218,-0.19664,-0.574757][0.999713,2.84905e-006,-0.023972][0.130702,0.796451,0][-1.45218,-0.19664,-0.574757][0.999713,2.84905e-006,-0.023972][0.130702,0.796451,0][-1.44875,-0.129688,-0.431368][0.999713,2.84905e-006,-0.023972][0.224834,0.8017,0][-1.44843,-0.242344,-0.418102][0.999713,2.84905e-006,-0.023972][0.195892,0.730034,0][-1.44677,-0.396538,-0.348925][0.999713,-2.15095e-006,-0.023971][0.182225,0.61935,0][-1.44766,-0.412306,-0.385953][0.999713,-2.15095e-006,-0.023971][0.158398,0.618917,0][-1.44843,-0.242344,-0.418102][0.999713,-2.15095e-006,-0.023971][0.195892,0.730034,0][-1.44843,-0.242344,-0.418102][0.999713,-2.15095e-006,-0.023971][0.195892,0.730034,0][-1.44491,-0.255022,-0.271499][0.999713,-2.15095e-006,-0.023971][0.266431,0.68615,0][-1.44677,-0.396538,-0.348925][0.999713,-2.15095e-006,-0.023971][0.182225,0.61935,0][-1.4484,0.0329872,-0.416751][0.999713,-7.15095e-006,-0.023973][0.2838,0.896851,0][-1.44556,-0.0677558,-0.298726][0.999713,-7.15095e-006,-0.023973][0.311909,0.806558,0][-1.44699,-0.11001,-0.358291][0.999713,-7.15095e-006,-0.023973][0.268231,0.795608,0][-1.44699,-0.11001,-0.358291][0.999713,-7.15095e-006,-0.023973][0.268231,0.795608,0][-1.44904,0.0327142,-0.443713][0.999713,-7.15095e-006,-0.023973][0.270003,0.90334,0][-1.4484,0.0329872,-0.416751][0.999713,-7.15095e-006,-0.023973][0.2838,0.896851,0][-1.44213,-0.000804789,-0.155337][0.999713,-1.50952e-007,-0.023969][0.406041,0.811808,0][-1.44124,-0.00727279,-0.11846][0.999713,-1.50952e-007,-0.023969][0.422744,0.798778,0][-1.44322,-0.140881,-0.200799][0.999713,-1.50952e-007,-0.023969][0.338544,0.737992,0][-1.44322,-0.140881,-0.200799][0.999713,-1.50952e-007,-0.023969][0.338544,0.737992,0][-1.44556,-0.0677558,-0.298726][0.999713,-1.50952e-007,-0.023969][0.311909,0.806558,0][-1.44213,-0.000804789,-0.155337][0.999713,-1.50952e-007,-0.023969][0.406041,0.811808,0][-1.44699,-0.11001,-0.358291][0.999713,4.84905e-006,-0.02397][0.268231,0.795608,0][-1.44491,-0.255022,-0.271499][0.999713,4.84905e-006,-0.02397][0.266431,0.68615,0][-1.44843,-0.242344,-0.418102][0.999713,4.84905e-006,-0.02397][0.195892,0.730034,0][-1.44843,-0.242344,-0.418102][0.999713,4.84905e-006,-0.02397][0.195892,0.730034,0][-1.44875,-0.129688,-0.431368][0.999713,4.84905e-006,-0.02397][0.224834,0.8017,0][-1.44699,-0.11001,-0.358291][0.999713,4.84905e-006,-0.02397][0.268231,0.795608,0][-1.44322,-0.140881,-0.200799][0.999713,2.84905e-006,-0.023972][0.338544,0.737992,0][-1.44491,-0.255022,-0.271499][0.999713,2.84905e-006,-0.023972][0.266431,0.68615,0][-1.44699,-0.11001,-0.358291][0.999713,2.84905e-006,-0.023972][0.268231,0.795608,0][-1.44699,-0.11001,-0.358291][0.999713,2.84905e-006,-0.023972][0.268231,0.795608,0][-1.44556,-0.0677558,-0.298726][0.999713,2.84905e-006,-0.023972][0.311909,0.806558,0][-1.44322,-0.140881,-0.200799][0.999713,2.84905e-006,-0.023972][0.338544,0.737992,0][-1.44904,0.0327142,-0.443713][-0.597454,0.504338,-0.623451][0.269089,0.916384,0][-1.44941,0.0131892,-0.459153][-0.597454,0.504338,-0.623451][0.284054,0.908342,0][-1.46849,0.0101802,-0.443302][-0.597454,0.504338,-0.623451][0.276633,0.901726,0][-1.46849,0.0101802,-0.443302][-0.597454,0.504338,-0.623451][0.276633,0.901726,0][-1.46831,0.0200222,-0.435519][-0.597454,0.504338,-0.623451][0.269089,0.90578,0][-1.44904,0.0327142,-0.443713][-0.597454,0.504338,-0.623451][0.269089,0.916384,0][-1.46849,0.0101802,-0.443302][-0.617078,-0.152985,-0.771887][0.276633,0.901726,0][-1.44941,0.0131892,-0.459153][-0.617078,-0.152985,-0.771887][0.284054,0.908342,0][-1.44875,-0.129688,-0.431368][-0.617078,-0.152985,-0.771887][0.315904,0.806572,0][-1.44875,-0.129688,-0.431368][-0.617078,-0.152985,-0.771887][0.315904,0.806572,0][-1.46781,-0.13665,-0.414749][-0.617078,-0.152985,-0.771887][0.309364,0.797141,0][-1.46849,0.0101802,-0.443302][-0.617078,-0.152985,-0.771887][0.276633,0.901726,0][-1.44491,-0.255022,-0.271499][-0.55254,-0.82796,-0.095821][0.269089,0.675986,0][-1.44069,-0.278207,-0.095497][-0.55254,-0.82796,-0.095821][0.179644,0.607185,0][-1.46021,-0.264922,-0.097755][-0.55254,-0.82796,-0.095821][0.176833,0.616731,0][-1.46021,-0.264922,-0.097755][-0.55254,-0.82796,-0.095821][0.176833,0.616731,0][-1.46456,-0.241008,-0.279288][-0.55254,-0.82796,-0.095821][0.269089,0.687695,0][-1.44491,-0.255022,-0.271499][-0.55254,-0.82796,-0.095821][0.269089,0.675986,0][-1.44069,-0.278207,-0.095497][-0.548569,-0.739557,0.390035][0.179644,0.607185,0][-1.43984,-0.260063,-0.059892][-0.548569,-0.739557,0.390035][0.154009,0.608177,0][-1.45986,-0.257511,-0.083211][-0.548569,-0.739557,0.390035][0.166362,0.617136,0][-1.45986,-0.257511,-0.083211][-0.548569,-0.739557,0.390035][0.166362,0.617136,0][-1.46021,-0.264922,-0.097755][-0.548569,-0.739557,0.390035][0.176833,0.616731,0][-1.44069,-0.278207,-0.095497][-0.548569,-0.739557,0.390035][0.179644,0.607185,0][-1.45986,-0.257511,-0.083211][-0.554715,0.628665,0.545043][0.166362,0.617136,0][-1.43984,-0.260063,-0.059892][-0.554715,0.628665,0.545043][0.154009,0.608177,0][-1.44322,-0.140881,-0.200799][-0.554715,0.628665,0.545043][0.192394,0.728964,0][-1.44322,-0.140881,-0.200799][-0.554715,0.628665,0.545043][0.192394,0.728964,0][-1.4631,-0.143351,-0.218181][-0.554715,0.628665,0.545043][0.203129,0.732833,0][-1.45986,-0.257511,-0.083211][-0.554715,0.628665,0.545043][0.166362,0.617136,0][-1.44875,-0.129688,-0.431368][-0.568001,0.750878,-0.336982][0.315904,0.806572,0][-1.45218,-0.19664,-0.574757][-0.568001,0.750878,-0.336982][0.41712,0.806572,0][-1.47136,-0.205809,-0.562865][-0.568001,0.750878,-0.336982][0.413917,0.797141,0][-1.47136,-0.205809,-0.562865][-0.568001,0.750878,-0.336982][0.413917,0.797141,0][-1.46781,-0.13665,-0.414749][-0.568001,0.750878,-0.336982][0.309364,0.797141,0][-1.44875,-0.129688,-0.431368][-0.568001,0.750878,-0.336982][0.315904,0.806572,0][-1.45218,-0.19664,-0.574757][-0.608808,0.349917,-0.711977][0.41712,0.806572,0][-1.45254,-0.227198,-0.589473][-0.608808,0.349917,-0.711977][0.435329,0.791105,0][-1.47148,-0.216222,-0.56788][-0.608808,0.349917,-0.711977][0.420122,0.791871,0][-1.47148,-0.216222,-0.56788][-0.608808,0.349917,-0.711977][0.420122,0.791871,0][-1.47136,-0.205809,-0.562865][-0.608808,0.349917,-0.711977][0.413917,0.797141,0][-1.45218,-0.19664,-0.574757][-0.608808,0.349917,-0.711977][0.41712,0.806572,0][-1.47148,-0.216222,-0.56788][-0.551025,-0.832304,-0.060349][0.420122,0.791871,0][-1.45254,-0.227198,-0.589473][-0.551025,-0.832304,-0.060349][0.435329,0.791105,0][-1.44843,-0.242344,-0.418102][-0.551025,-0.832304,-0.060349][0.345784,0.728964,0][-1.44843,-0.242344,-0.418102][-0.551025,-0.832304,-0.060349][0.345784,0.728964,0][-1.46758,-0.230612,-0.405067][-0.551025,-0.832304,-0.060349][0.335049,0.732833,0][-1.47148,-0.216222,-0.56788][-0.551025,-0.832304,-0.060349][0.420122,0.791871,0][-1.44843,-0.242344,-0.418102][-0.617174,-0.148942,-0.772601][0.345784,0.728964,0][-1.44766,-0.412306,-0.385953][-0.617174,-0.148942,-0.772601][0.384169,0.608177,0][-1.46684,-0.393412,-0.374272][-0.617174,-0.148942,-0.772601][0.371816,0.617136,0][-1.46684,-0.393412,-0.374272][-0.617174,-0.148942,-0.772601][0.371816,0.617136,0][-1.46758,-0.230612,-0.405067][-0.617174,-0.148942,-0.772601][0.335049,0.732833,0][-1.44843,-0.242344,-0.418102][-0.617174,-0.148942,-0.772601][0.345784,0.728964,0][-1.46684,-0.393412,-0.374272][-0.547318,-0.765199,0.338989][0.371816,0.617136,0][-1.44766,-0.412306,-0.385953][-0.547318,-0.765199,0.338989][0.384169,0.608177,0][-1.44677,-0.396538,-0.348925][-0.547318,-0.765199,0.338989][0.358534,0.607185,0][-1.44677,-0.396538,-0.348925][-0.547318,-0.765199,0.338989][0.358534,0.607185,0][-1.46648,-0.386971,-0.359148][-0.547318,-0.765199,0.338989][0.361345,0.616731,0][-1.46684,-0.393412,-0.374272][-0.547318,-0.765199,0.338989][0.371816,0.617136,0][-1.46648,-0.386971,-0.359148][-0.566071,-0.389946,0.726296][0.361345,0.616731,0][-1.44677,-0.396538,-0.348925][-0.566071,-0.389946,0.726296][0.358534,0.607185,0][-1.44491,-0.255022,-0.271499][-0.566071,-0.389946,0.726296][0.269089,0.675986,0][-1.44491,-0.255022,-0.271499][-0.566071,-0.389946,0.726296][0.269089,0.675986,0][-1.46456,-0.241008,-0.279288][-0.566071,-0.389946,0.726296][0.269089,0.687695,0][-1.46648,-0.386971,-0.359148][-0.566071,-0.389946,0.726296][0.361345,0.616731,0][-1.44556,-0.0677558,-0.298726][-0.554843,0.626169,0.547779][0.222274,0.806572,0][-1.4484,0.0329872,-0.416751][-0.554843,0.626169,0.547779][0.254124,0.908342,0][-1.46798,0.0201602,-0.421927][-0.554843,0.626169,0.547779][0.261545,0.901726,0][-1.46798,0.0201602,-0.421927][-0.554843,0.626169,0.547779][0.261545,0.901726,0][-1.46507,-0.0833688,-0.300637][-0.554843,0.626169,0.547779][0.228814,0.797141,0][-1.44556,-0.0677558,-0.298726][-0.554843,0.626169,0.547779][0.222274,0.806572,0][-1.4484,0.0329872,-0.416751][-0.548741,0.835979,0.004699][0.254124,0.908342,0][-1.44904,0.0327142,-0.443713][-0.548741,0.835979,0.004699][0.269089,0.916384,0][-1.46831,0.0200222,-0.435519][-0.548741,0.835979,0.004699][0.269089,0.90578,0][-1.46831,0.0200222,-0.435519][-0.548741,0.835979,0.004699][0.269089,0.90578,0][-1.46798,0.0201602,-0.421927][-0.548741,0.835979,0.004699][0.261545,0.901726,0][-1.4484,0.0329872,-0.416751][-0.548741,0.835979,0.004699][0.254124,0.908342,0][-1.44322,-0.140881,-0.200799][-0.564607,-0.426957,0.706347][0.192394,0.728964,0][-1.44124,-0.00727279,-0.11846][-0.564607,-0.426957,0.706347][0.102849,0.791105,0][-1.46122,-0.0164148,-0.139954][-0.564607,-0.426957,0.706347][0.118056,0.791871,0][-1.46122,-0.0164148,-0.139954][-0.564607,-0.426957,0.706347][0.118056,0.791871,0][-1.4631,-0.143351,-0.218181][-0.564607,-0.426957,0.706347][0.203129,0.732833,0][-1.44322,-0.140881,-0.200799][-0.564607,-0.426957,0.706347][0.192394,0.728964,0][-1.46122,-0.0164148,-0.139954][-0.545974,0.82288,0.157418][0.118056,0.791871,0][-1.44124,-0.00727279,-0.11846][-0.545974,0.82288,0.157418][0.102849,0.791105,0][-1.44213,-0.000804789,-0.155337][-0.545974,0.82288,0.157418][0.121059,0.806572,0][-1.44213,-0.000804789,-0.155337][-0.545974,0.82288,0.157418][0.121059,0.806572,0][-1.46152,-0.0142108,-0.15252][-0.545974,0.82288,0.157418][0.124261,0.797141,0][-1.46122,-0.0164148,-0.139954][-0.545974,0.82288,0.157418][0.118056,0.791871,0][-1.46152,-0.0142108,-0.15252][-0.567991,0.750884,-0.336985][0.124261,0.797141,0][-1.44213,-0.000804789,-0.155337][-0.567991,0.750884,-0.336986][0.121059,0.806572,0][-1.44556,-0.0677558,-0.298726][-0.567991,0.750884,-0.336985][0.222274,0.806572,0][-1.44556,-0.0677558,-0.298726][-0.567991,0.750884,-0.336985][0.222274,0.806572,0][-1.46507,-0.0833688,-0.300637][-0.567991,0.750884,-0.336985][0.228814,0.797141,0][-1.46152,-0.0142108,-0.15252][-0.567991,0.750884,-0.336985][0.124261,0.797141,0][-1.46781,-0.13665,-0.414749][-0.865626,-0.0994639,-0.490713][0.309364,0.797141,0][-1.51374,-0.153211,-0.330362][-0.865626,-0.0994639,-0.490713][0.269089,0.761048,0][-1.46849,0.0101802,-0.443302][-0.865626,-0.0994639,-0.490713][0.276633,0.901726,0][-1.46849,0.0101802,-0.443302][-0.973662,0.152506,-0.169481][0.276633,0.901726,0][-1.51374,-0.153211,-0.330362][-0.973662,0.152506,-0.169481][0.269089,0.761048,0][-1.46831,0.0200222,-0.435519][-0.973662,0.152506,-0.169481][0.269089,0.90578,0][-1.4631,-0.143351,-0.218181][-0.851646,0.389922,0.350228][0.203129,0.732833,0][-1.51374,-0.153211,-0.330362][-0.851646,0.389922,0.350228][0.269089,0.761048,0][-1.45986,-0.257511,-0.083211][-0.851646,0.389922,0.350228][0.166362,0.617136,0][-1.45986,-0.257511,-0.083211][-0.971144,-0.202256,0.126379][0.166362,0.617136,0][-1.51374,-0.153211,-0.330362][-0.971144,-0.202256,0.126379][0.269089,0.761048,0][-1.46021,-0.264922,-0.097755][-0.971144,-0.202256,0.126379][0.176833,0.616731,0][-1.46021,-0.264922,-0.097755][-0.859748,-0.508607,-0.046387][0.176833,0.616731,0][-1.51374,-0.153211,-0.330362][-0.859748,-0.508607,-0.046387][0.269089,0.761048,0][-1.46456,-0.241008,-0.279288][-0.859748,-0.508607,-0.046387][0.269089,0.687695,0][-1.46758,-0.230612,-0.405067][-0.868208,-0.495668,-0.02299][0.335049,0.732833,0][-1.51374,-0.153211,-0.330362][-0.868208,-0.495668,-0.02299][0.269089,0.761048,0][-1.47148,-0.216222,-0.56788][-0.868208,-0.495668,-0.02299][0.420122,0.791871,0][-1.47148,-0.216222,-0.56788][-0.973361,0.108496,-0.201983][0.420122,0.791871,0][-1.51374,-0.153211,-0.330362][-0.973361,0.108496,-0.201983][0.269089,0.761048,0][-1.47136,-0.205809,-0.562865][-0.973361,0.108496,-0.201983][0.413917,0.797141,0][-1.47136,-0.205809,-0.562865][-0.730125,0.625692,-0.274642][0.413917,0.797141,0][-1.51374,-0.153211,-0.330362][-0.730125,0.625692,-0.274642][0.269089,0.761048,0][-1.46781,-0.13665,-0.414749][-0.730125,0.625692,-0.274642][0.309364,0.797141,0][-1.46456,-0.241008,-0.279288][-0.867755,-0.229736,0.440706][0.269089,0.687695,0][-1.51374,-0.153211,-0.330362][-0.867756,-0.229736,0.440706][0.269089,0.761048,0][-1.46648,-0.386971,-0.359148][-0.867756,-0.229736,0.440706][0.361345,0.616731,0][-1.46648,-0.386971,-0.359148][-0.971115,-0.210259,0.112812][0.361345,0.616731,0][-1.51374,-0.153211,-0.330362][-0.971115,-0.210259,0.112812][0.269089,0.761048,0][-1.46684,-0.393412,-0.374272][-0.971115,-0.210259,0.112812][0.371816,0.617136,0][-1.46684,-0.393412,-0.374272][-0.886217,-0.0899809,-0.454449][0.371816,0.617136,0][-1.51374,-0.153211,-0.330362][-0.886217,-0.0899809,-0.454449][0.269089,0.761048,0][-1.46758,-0.230612,-0.405067][-0.886217,-0.0899809,-0.454449][0.335049,0.732833,0][-1.46831,0.0200222,-0.435519][-0.963964,0.265248,0.020442][0.269089,0.90578,0][-1.51374,-0.153211,-0.330362][-0.963964,0.265248,0.020442][0.269089,0.761048,0][-1.46798,0.0201602,-0.421927][-0.963964,0.265248,0.020442][0.261545,0.901726,0][-1.46798,0.0201602,-0.421927][-0.827684,0.41689,0.375687][0.261545,0.901726,0][-1.51374,-0.153211,-0.330362][-0.827684,0.41689,0.375687][0.269089,0.761048,0][-1.46507,-0.0833688,-0.300637][-0.827684,0.41689,0.375687][0.228814,0.797141,0][-1.46507,-0.0833688,-0.300637][-0.730123,0.625695,-0.274639][0.228814,0.797141,0][-1.51374,-0.153211,-0.330362][-0.730123,0.625695,-0.274639][0.269089,0.761048,0][-1.46152,-0.0142108,-0.15252][-0.730123,0.625695,-0.274639][0.124261,0.797141,0][-1.46152,-0.0142108,-0.15252][-0.960127,0.270536,0.070477][0.124261,0.797141,0][-1.51374,-0.153211,-0.330362][-0.960127,0.270536,0.070477][0.269089,0.761048,0][-1.46122,-0.0164148,-0.139954][-0.960127,0.270536,0.070477][0.118056,0.791871,0][-1.46122,-0.0164148,-0.139954][-0.87567,-0.24391,0.416786][0.118056,0.791871,0][-1.51374,-0.153211,-0.330362][-0.87567,-0.24391,0.416786][0.269089,0.761048,0][-1.4631,-0.143351,-0.218181][-0.87567,-0.24391,0.416786][0.203129,0.732833,0][-1.27068,-0.19243,0.71197][0.938868,0.000435858,-0.344276][0.268231,0.795608,0][-1.29407,-0.210795,0.648162][0.938868,0.000435858,-0.344276][0.224834,0.8017,0][-1.30283,-0.0758258,0.624447][0.938868,0.000435858,-0.344276][0.255965,0.895298,0][-1.30283,-0.0758258,0.624447][0.938868,0.000435858,-0.344276][0.255965,0.895298,0][-1.29787,-0.0574378,0.637984][0.938868,0.000435858,-0.344276][0.270003,0.90334,0][-1.27068,-0.19243,0.71197][0.938868,0.000435858,-0.344276][0.268231,0.795608,0][-1.22033,-0.222034,0.849222][0.938865,0.000428858,-0.344285][0.338544,0.737992,0][-1.17537,-0.334963,0.971687][0.938865,0.000428858,-0.344285][0.372449,0.630857,0][-1.18678,-0.351989,0.940568][0.938865,0.000428858,-0.344285][0.348594,0.62863,0][-1.18678,-0.351989,0.940568][0.938865,0.000428858,-0.344285][0.348594,0.62863,0][-1.24305,-0.329586,0.787143][0.938865,0.000428858,-0.344285][0.266431,0.68615,0][-1.22033,-0.222034,0.849222][0.938865,0.000428858,-0.344285][0.338544,0.737992,0][-1.28993,-0.317189,0.659322][0.938864,0.000437858,-0.344287][0.195892,0.730034,0][-1.34472,-0.302389,0.509909][0.938864,0.000437858,-0.344287][0.113537,0.781531,0][-1.33999,-0.273583,0.522856][0.938864,0.000437858,-0.344287][0.130702,0.796451,0][-1.33999,-0.273583,0.522856][0.938864,0.000437858,-0.344287][0.130702,0.796451,0][-1.29407,-0.210795,0.648162][0.938864,0.000437858,-0.344287][0.224834,0.8017,0][-1.28993,-0.317189,0.659322][0.938864,0.000437858,-0.344287][0.195892,0.730034,0][-1.26794,-0.462963,0.719098][0.938865,0.000429858,-0.344284][0.182225,0.61935,0][-1.2798,-0.477741,0.686746][0.938865,0.000429858,-0.344284][0.158398,0.618917,0][-1.28993,-0.317189,0.659322][0.938865,0.000429858,-0.344284][0.195892,0.730034,0][-1.28993,-0.317189,0.659322][0.938865,0.000429858,-0.344284][0.195892,0.730034,0][-1.24305,-0.329586,0.787143][0.938865,0.000429858,-0.344284][0.266431,0.68615,0][-1.26794,-0.462963,0.719098][0.938865,0.000429858,-0.344284][0.182225,0.61935,0][-1.28925,-0.0572588,0.661501][0.938862,0.000423858,-0.344294][0.2838,0.896851,0][-1.25159,-0.152712,0.764076][0.938862,0.000423858,-0.344294][0.311909,0.806558,0][-1.27068,-0.19243,0.71197][0.938862,0.000423858,-0.344294][0.268231,0.795608,0][-1.27068,-0.19243,0.71197][0.938862,0.000423858,-0.344294][0.268231,0.795608,0][-1.29787,-0.0574378,0.637984][0.938862,0.000423858,-0.344294][0.270003,0.90334,0][-1.28925,-0.0572588,0.661501][0.938862,0.000423858,-0.344294][0.2838,0.896851,0][-1.20567,-0.0899248,0.889382][0.938867,0.000427858,-0.34428][0.406041,0.811808,0][-1.19388,-0.0961378,0.921523][0.938867,0.000427858,-0.34428][0.422744,0.798778,0][-1.22033,-0.222034,0.849222][0.938867,0.000427858,-0.34428][0.338544,0.737992,0][-1.22033,-0.222034,0.849222][0.938867,0.000427858,-0.34428][0.338544,0.737992,0][-1.25159,-0.152712,0.764076][0.938867,0.000427858,-0.34428][0.311909,0.806558,0][-1.20567,-0.0899248,0.889382][0.938867,0.000427858,-0.34428][0.406041,0.811808,0][-1.27068,-0.19243,0.71197][0.938866,0.000437858,-0.344282][0.268231,0.795608,0][-1.24305,-0.329586,0.787143][0.938866,0.000437858,-0.344282][0.266431,0.68615,0][-1.28993,-0.317189,0.659322][0.938866,0.000437858,-0.344282][0.195892,0.730034,0][-1.28993,-0.317189,0.659322][0.938866,0.000437858,-0.344282][0.195892,0.730034,0][-1.29407,-0.210795,0.648162][0.938866,0.000437858,-0.344282][0.224834,0.8017,0][-1.27068,-0.19243,0.71197][0.938866,0.000437858,-0.344282][0.268231,0.795608,0][-1.22033,-0.222034,0.849222][0.938865,0.000432858,-0.344286][0.338544,0.737992,0][-1.24305,-0.329586,0.787143][0.938865,0.000432858,-0.344286][0.266431,0.68615,0][-1.27068,-0.19243,0.71197][0.938865,0.000432858,-0.344286][0.268231,0.795608,0][-1.27068,-0.19243,0.71197][0.938865,0.000432858,-0.344286][0.268231,0.795608,0][-1.25159,-0.152712,0.764076][0.938865,0.000432858,-0.344286][0.311909,0.806558,0][-1.22033,-0.222034,0.849222][0.938865,0.000432858,-0.344286][0.338544,0.737992,0][-1.29787,-0.0574378,0.637984][-0.784643,0.490541,-0.379084][0.269089,0.916384,0][-1.30283,-0.0758258,0.624447][-0.784643,0.490541,-0.379084][0.284054,0.908342,0][-1.31491,-0.0787198,0.645718][-0.784643,0.490541,-0.379084][0.276633,0.901726,0][-1.31491,-0.0787198,0.645718][-0.784643,0.490541,-0.379084][0.276633,0.901726,0][-1.31241,-0.0694498,0.652542][-0.784643,0.490541,-0.379084][0.269089,0.90578,0][-1.29787,-0.0574378,0.637984][-0.784643,0.490541,-0.379084][0.269089,0.916384,0][-1.31491,-0.0787198,0.645718][-0.851893,-0.143769,-0.503596][0.276633,0.901726,0][-1.30283,-0.0758258,0.624447][-0.851893,-0.143769,-0.503596][0.284054,0.908342,0][-1.29407,-0.210795,0.648162][-0.851893,-0.143769,-0.503596][0.315904,0.806572,0][-1.29407,-0.210795,0.648162][-0.851893,-0.143769,-0.503596][0.315904,0.806572,0][-1.30591,-0.217422,0.670089][-0.851893,-0.143769,-0.503596][0.309364,0.797141,0][-1.31491,-0.0787198,0.645718][-0.851893,-0.143769,-0.503596][0.276633,0.901726,0][-1.24305,-0.329586,0.787143][-0.555349,-0.827479,0.08286][0.269089,0.675986,0][-1.18678,-0.351989,0.940568][-0.555349,-0.827479,0.08286][0.179644,0.607185,0][-1.20464,-0.339446,0.946103][-0.555349,-0.827479,0.08286][0.176833,0.616731,0][-1.20464,-0.339446,0.946103][-0.555349,-0.827479,0.08286][0.176833,0.616731,0][-1.26268,-0.316339,0.787857][-0.555349,-0.827479,0.08286][0.269089,0.687695,0][-1.24305,-0.329586,0.787143][-0.555349,-0.827479,0.08286][0.269089,0.675986,0][-1.18678,-0.351989,0.940568][-0.361499,-0.755808,0.54596][0.179644,0.607185,0][-1.17537,-0.334963,0.971687][-0.361499,-0.755808,0.54596][0.154009,0.608177,0][-1.19998,-0.332492,0.958816][-0.361499,-0.755808,0.54596][0.166362,0.617136,0][-1.19998,-0.332492,0.958816][-0.361499,-0.755808,0.54596][0.166362,0.617136,0][-1.20464,-0.339446,0.946103][-0.361499,-0.755808,0.54596][0.176833,0.616731,0][-1.18678,-0.351989,0.940568][-0.361499,-0.755808,0.54596][0.179644,0.607185,0][-1.19998,-0.332492,0.958816][-0.303627,0.642301,0.703747][0.166362,0.617136,0][-1.17537,-0.334963,0.971687][-0.303627,0.642301,0.703747][0.154009,0.608177,0][-1.22033,-0.222034,0.849222][-0.303627,0.642301,0.703747][0.192394,0.728964,0][-1.22033,-0.222034,0.849222][-0.303627,0.642301,0.703747][0.192394,0.728964,0][-1.24305,-0.224322,0.841509][-0.303627,0.642301,0.703747][0.203129,0.732833,0][-1.19998,-0.332492,0.958816][-0.303627,0.642301,0.703747][0.166362,0.617136,0][-1.29407,-0.210795,0.648162][-0.657476,0.742024,-0.130867][0.315904,0.806572,0][-1.33999,-0.273583,0.522856][-0.657476,0.742024,-0.130867][0.41712,0.806572,0][-1.35335,-0.282281,0.54065][-0.657476,0.742024,-0.130867][0.413917,0.797141,0][-1.35335,-0.282281,0.54065][-0.657476,0.742024,-0.130867][0.413917,0.797141,0][-1.30591,-0.217422,0.670089][-0.657476,0.742024,-0.130867][0.309364,0.797141,0][-1.29407,-0.210795,0.648162][-0.657476,0.742024,-0.130867][0.315904,0.806572,0][-1.33999,-0.273583,0.522856][-0.824438,0.339113,-0.453106][0.41712,0.806572,0][-1.34472,-0.302389,0.509909][-0.824437,0.339113,-0.453106][0.435329,0.791105,0][-1.35496,-0.292096,0.53624][-0.824438,0.339113,-0.453106][0.420122,0.791871,0][-1.35496,-0.292096,0.53624][-0.824438,0.339113,-0.453106][0.420122,0.791871,0][-1.35335,-0.282281,0.54065][-0.824438,0.339113,-0.453106][0.413917,0.797141,0][-1.33999,-0.273583,0.522856][-0.824438,0.339113,-0.453106][0.41712,0.806572,0][-1.35496,-0.292096,0.53624][-0.540455,-0.833385,0.115661][0.420122,0.791871,0][-1.34472,-0.302389,0.509909][-0.540455,-0.833385,0.115661][0.435329,0.791105,0][-1.28993,-0.317189,0.659322][-0.540455,-0.833385,0.115661][0.345784,0.728964,0][-1.28993,-0.317189,0.659322][-0.540455,-0.833385,0.115661][0.345784,0.728964,0][-1.3029,-0.306157,0.678191][-0.540455,-0.833385,0.115661][0.335049,0.732833,0][-1.35496,-0.292096,0.53624][-0.540455,-0.833385,0.115661][0.420122,0.791871,0][-1.28993,-0.317189,0.659322][-0.852211,-0.139885,-0.504151][0.345784,0.728964,0][-1.2798,-0.477741,0.686746][-0.852211,-0.139885,-0.504151][0.384169,0.608177,0][-1.2932,-0.459944,0.704459][-0.852211,-0.139885,-0.504151][0.371816,0.617136,0][-1.2932,-0.459944,0.704459][-0.852211,-0.139885,-0.504151][0.371816,0.617136,0][-1.3029,-0.306157,0.678191][-0.852211,-0.139885,-0.504151][0.335049,0.732833,0][-1.28993,-0.317189,0.659322][-0.852211,-0.139885,-0.504151][0.345784,0.728964,0][-1.2932,-0.459944,0.704459][-0.380767,-0.780371,0.496022][0.371816,0.617136,0][-1.2798,-0.477741,0.686746][-0.380767,-0.780371,0.496022][0.384169,0.608177,0][-1.26794,-0.462963,0.719098][-0.380767,-0.780371,0.496022][0.358534,0.607185,0][-1.26794,-0.462963,0.719098][-0.380767,-0.780371,0.496022][0.358534,0.607185,0][-1.28835,-0.453907,0.717673][-0.380767,-0.780371,0.496022][0.361345,0.616731,0][-1.2932,-0.459944,0.704459][-0.380767,-0.780371,0.496022][0.371816,0.617136,0][-1.28835,-0.453907,0.717673][-0.241161,-0.404949,0.881962][0.361345,0.616731,0][-1.26794,-0.462963,0.719098][-0.241161,-0.404949,0.881962][0.358534,0.607185,0][-1.24305,-0.329586,0.787143][-0.241161,-0.404949,0.881963][0.269089,0.675986,0][-1.24305,-0.329586,0.787143][-0.241161,-0.404949,0.881963][0.269089,0.675986,0][-1.26268,-0.316339,0.787857][-0.241161,-0.404949,0.881963][0.269089,0.687695,0][-1.28835,-0.453907,0.717673][-0.241161,-0.404949,0.881962][0.361345,0.616731,0][-1.25159,-0.152712,0.764076][-0.302656,0.639771,0.706464][0.222274,0.806572,0][-1.28925,-0.0572588,0.661501][-0.302656,0.639771,0.706464][0.254124,0.908342,0][-1.30807,-0.0693598,0.664397][-0.302656,0.639771,0.706464][0.261545,0.901726,0][-1.30807,-0.0693598,0.664397][-0.302656,0.639771,0.706464][0.261545,0.901726,0][-1.26937,-0.167454,0.76981][-0.302656,0.639771,0.706464][0.228814,0.797141,0][-1.25159,-0.152712,0.764076][-0.302656,0.639771,0.706464][0.222274,0.806572,0][-1.28925,-0.0572588,0.661501][-0.511969,0.839637,0.181376][0.254124,0.908342,0][-1.29787,-0.0574378,0.637984][-0.511969,0.839637,0.181376][0.269089,0.916384,0][-1.31241,-0.0694498,0.652542][-0.511969,0.839637,0.181376][0.269089,0.90578,0][-1.31241,-0.0694498,0.652542][-0.511969,0.839637,0.181376][0.269089,0.90578,0][-1.30807,-0.0693598,0.664397][-0.511969,0.839637,0.181376][0.261545,0.901726,0][-1.28925,-0.0572588,0.661501][-0.511969,0.839637,0.181376][0.254124,0.908342,0][-1.22033,-0.222034,0.849222][-0.247996,-0.442741,0.861672][0.192394,0.728964,0][-1.19388,-0.0961378,0.921523][-0.247996,-0.442741,0.861672][0.102849,0.791105,0][-1.21791,-0.104712,0.9102][-0.247996,-0.442741,0.861672][0.118056,0.791871,0][-1.21791,-0.104712,0.9102][-0.247996,-0.442741,0.861672][0.118056,0.791871,0][-1.24305,-0.224322,0.841509][-0.247996,-0.442741,0.861672][0.203129,0.732833,0][-1.22033,-0.222034,0.849222][-0.247996,-0.442741,0.861672][0.192394,0.728964,0][-1.21791,-0.104712,0.9102][-0.450101,0.831413,0.325823][0.118056,0.791871,0][-1.19388,-0.0961378,0.921523][-0.450101,0.831413,0.325823][0.102849,0.791105,0][-1.20567,-0.0899248,0.889382][-0.450101,0.831413,0.325823][0.121059,0.806572,0][-1.20567,-0.0899248,0.889382][-0.450101,0.831413,0.325823][0.121059,0.806572,0][-1.22193,-0.102595,0.899247][-0.450101,0.831413,0.325823][0.124261,0.797141,0][-1.21791,-0.104712,0.9102][-0.450101,0.831413,0.325823][0.118056,0.791871,0][-1.22193,-0.102595,0.899247][-0.657478,0.742022,-0.130864][0.124261,0.797141,0][-1.20567,-0.0899248,0.889382][-0.657478,0.742022,-0.130864][0.121059,0.806572,0][-1.25159,-0.152712,0.764076][-0.657478,0.742022,-0.130864][0.222274,0.806572,0][-1.25159,-0.152712,0.764076][-0.657478,0.742022,-0.130864][0.222274,0.806572,0][-1.26937,-0.167454,0.76981][-0.657478,0.742022,-0.130864][0.228814,0.797141,0][-1.22193,-0.102595,0.899247][-0.657478,0.742022,-0.130864][0.124261,0.797141,0][-1.30591,-0.217422,0.670089][-0.979178,-0.0950589,-0.179375][0.309364,0.797141,0][-1.32121,-0.233317,0.762006][-0.979178,-0.0950589,-0.179375][0.269089,0.761048,0][-1.31491,-0.0787198,0.645718][-0.979178,-0.0950589,-0.179375][0.276633,0.901726,0][-1.31491,-0.0787198,0.645718][-0.976792,0.152724,0.150174][0.276633,0.901726,0][-1.32121,-0.233317,0.762006][-0.976792,0.152724,0.150174][0.269089,0.761048,0][-1.31241,-0.0694498,0.652542][-0.976792,0.152724,0.150174][0.269089,0.90578,0][-1.24305,-0.224322,0.841509][-0.67533,0.401812,0.618447][0.203129,0.732833,0][-1.32121,-0.233317,0.762006][-0.67533,0.401812,0.618447][0.269089,0.761048,0][-1.19998,-0.332492,0.958816][-0.67533,0.401812,0.618447][0.166362,0.617136,0][-1.19998,-0.332492,0.958816][-0.876152,-0.208061,0.434821][0.166362,0.617136,0][-1.32121,-0.233317,0.762006][-0.876152,-0.208061,0.434821][0.269089,0.761048,0][-1.20464,-0.339446,0.946103][-0.876152,-0.208061,0.434821][0.176833,0.616731,0][-1.20464,-0.339446,0.946103][-0.827775,-0.512285,0.228807][0.176833,0.616731,0][-1.32121,-0.233317,0.762006][-0.827775,-0.512285,0.228807][0.269089,0.761048,0][-1.26268,-0.316339,0.787857][-0.827775,-0.512285,0.228807][0.269089,0.687695,0][-1.3029,-0.306157,0.678191][-0.827743,-0.500319,0.254013][0.335049,0.732833,0][-1.32121,-0.233317,0.762006][-0.827743,-0.500319,0.254013][0.269089,0.761048,0][-1.35496,-0.292096,0.53624][-0.827743,-0.500319,0.254013][0.420122,0.791871,0][-1.35496,-0.292096,0.53624][-0.98691,0.108533,0.11929][0.420122,0.791871,0][-1.32121,-0.233317,0.762006][-0.98691,0.108533,0.11929][0.269089,0.761048,0][-1.35335,-0.282281,0.54065][-0.98691,0.108533,0.11929][0.413917,0.797141,0][-1.35335,-0.282281,0.54065][-0.784241,0.62002,-0.023277][0.413917,0.797141,0][-1.32121,-0.233317,0.762006][-0.784241,0.62002,-0.023277][0.269089,0.761048,0][-1.30591,-0.217422,0.670089][-0.784241,0.62002,-0.023277][0.309364,0.797141,0][-1.26268,-0.316339,0.787857][-0.657611,-0.241363,0.713647][0.269089,0.687695,0][-1.32121,-0.233317,0.762006][-0.657611,-0.241363,0.713647][0.269089,0.761048,0][-1.28835,-0.453907,0.717673][-0.657611,-0.241363,0.713647][0.361345,0.616731,0][-1.28835,-0.453907,0.717673][-0.880799,-0.215874,0.421417][0.361345,0.616731,0][-1.32121,-0.233317,0.762006][-0.880799,-0.215874,0.421417][0.269089,0.761048,0][-1.2932,-0.459944,0.704459][-0.880799,-0.215874,0.421417][0.371816,0.617136,0][-1.2932,-0.459944,0.704459][-0.98632,-0.0862309,-0.140491][0.371816,0.617136,0][-1.32121,-0.233317,0.762006][-0.98632,-0.0862309,-0.140491][0.269089,0.761048,0][-1.3029,-0.306157,0.678191][-0.98632,-0.0862309,-0.140491][0.335049,0.732833,0][-1.31241,-0.0694498,0.652542][-0.904961,0.268864,0.329786][0.269089,0.90578,0][-1.32121,-0.233317,0.762006][-0.904961,0.268864,0.329786][0.269089,0.761048,0][-1.30807,-0.0693598,0.664397][-0.904961,0.268864,0.329786][0.261545,0.901726,0][-1.30807,-0.0693598,0.664397][-0.64158,0.429692,0.635405][0.261545,0.901726,0][-1.32121,-0.233317,0.762006][-0.64158,0.429692,0.635405][0.269089,0.761048,0][-1.26937,-0.167454,0.76981][-0.64158,0.429692,0.635405][0.228814,0.797141,0][-1.26937,-0.167454,0.76981][-0.784239,0.620023,-0.02328][0.228814,0.797141,0][-1.32121,-0.233317,0.762006][-0.784239,0.620023,-0.02328][0.269089,0.761048,0][-1.22193,-0.102595,0.899247][-0.784239,0.620023,-0.02328][0.124261,0.797141,0][-1.22193,-0.102595,0.899247][-0.884183,0.275196,0.377475][0.124261,0.797141,0][-1.32121,-0.233317,0.762006][-0.884183,0.275196,0.377475][0.269089,0.761048,0][-1.21791,-0.104712,0.9102][-0.884183,0.275196,0.377475][0.118056,0.791871,0][-1.21791,-0.104712,0.9102][-0.674763,-0.25579,0.69229][0.118056,0.791871,0][-1.32121,-0.233317,0.762006][-0.674763,-0.25579,0.69229][0.269089,0.761048,0][-1.24305,-0.224322,0.841509][-0.674764,-0.25579,0.69229][0.203129,0.732833,0][-0.942079,-0.137596,1.04137][0.541648,0.269464,-0.796246][0.27413,0.787898,0][-1.0185,-0.154756,0.983573][0.541648,0.269464,-0.796245][0.229156,0.79802,0][-1.05526,0.0393892,1.02427][0.541648,0.269464,-0.796245][0.262512,0.893237,0][-1.05526,0.0393892,1.02427][0.541648,0.269464,-0.796245][0.262512,0.893237,0][-1.0399,0.0635232,1.04289][0.541648,0.269464,-0.796245][0.277171,0.900437,0][-0.942079,-0.137596,1.04137][0.541648,0.269464,-0.796246][0.27413,0.787898,0][-0.773623,-0.198415,1.13538][0.541649,0.26946,-0.796246][0.346464,0.721553,0][-0.618219,-0.375027,1.18132][0.541649,0.26946,-0.796246][0.380457,0.606555,0][-0.655016,-0.394808,1.1496][0.541649,0.26946,-0.796246][0.355673,0.606288,0][-0.655016,-0.394808,1.1496][0.541649,0.26946,-0.796246][0.355673,0.606288,0][-0.84269,-0.34194,1.03982][0.541649,0.26946,-0.796246][0.271041,0.673555,0][-0.773623,-0.198415,1.13538][0.541649,0.26946,-0.796246][0.346464,0.721553,0][-0.998677,-0.306758,0.945619][0.541649,0.269463,-0.796245][0.19832,0.725555,0][-1.18103,-0.265196,0.835635][0.541649,0.269463,-0.796245][0.113421,0.786539,0][-1.167,-0.226247,0.858359][0.541649,0.269463,-0.796245][0.131402,0.800661,0][-1.167,-0.226247,0.858359][0.541649,0.269463,-0.796245][0.131402,0.800661,0][-1.0185,-0.154756,0.983573][0.541649,0.269463,-0.796245][0.229156,0.79802,0][-0.998677,-0.306758,0.945619][0.541649,0.269463,-0.796245][0.19832,0.725555,0][-0.917483,-0.521161,0.928294][0.541653,0.269462,-0.796243][0.182901,0.610956,0][-0.955909,-0.537594,0.896592][0.541653,0.269462,-0.796243][0.158167,0.612562,0][-0.998677,-0.306758,0.945619][0.541653,0.269462,-0.796243][0.19832,0.725555,0][-0.998677,-0.306758,0.945619][0.541653,0.269462,-0.796243][0.19832,0.725555,0][-0.84269,-0.34194,1.03982][0.541653,0.269462,-0.796243][0.271041,0.673555,0][-0.917483,-0.521161,0.928294][0.541653,0.269462,-0.796243][0.182901,0.610956,0][-1.01134,0.0605292,1.0613][0.541652,0.269467,-0.796241][0.29142,0.892456,0][-0.881129,-0.0886228,1.0994][0.541652,0.269467,-0.796241][0.319585,0.795577,0][-0.942079,-0.137596,1.04137][0.541652,0.269467,-0.796241][0.27413,0.787898,0][-0.942079,-0.137596,1.04137][0.541652,0.269467,-0.796241][0.27413,0.787898,0][-1.0399,0.0635232,1.04289][0.541652,0.269467,-0.796241][0.277171,0.900437,0][-1.01134,0.0605292,1.0613][0.541652,0.269467,-0.796241][0.29142,0.892456,0][-0.732625,-0.0171328,1.22462][0.541645,0.26947,-0.796245][0.417339,0.792936,0][-0.693221,-0.0303588,1.24695][0.541645,0.26947,-0.796245][0.434532,0.777863,0][-0.773623,-0.198415,1.13538][0.541645,0.26947,-0.796245][0.346464,0.721553,0][-0.773623,-0.198415,1.13538][0.541645,0.26947,-0.796245][0.346464,0.721553,0][-0.881129,-0.0886228,1.0994][0.541645,0.26947,-0.796245][0.319585,0.795577,0][-0.732625,-0.0171328,1.22462][0.541645,0.26947,-0.796245][0.417339,0.792936,0][-0.942079,-0.137596,1.04137][0.541648,0.269465,-0.796245][0.27413,0.787898,0][-0.84269,-0.34194,1.03982][0.541648,0.269465,-0.796245][0.271041,0.673555,0][-0.998677,-0.306758,0.945619][0.541648,0.269465,-0.796245][0.19832,0.725555,0][-0.998677,-0.306758,0.945619][0.541648,0.269465,-0.796245][0.19832,0.725555,0][-1.0185,-0.154756,0.983573][0.541648,0.269465,-0.796245][0.229156,0.79802,0][-0.942079,-0.137596,1.04137][0.541648,0.269465,-0.796245][0.27413,0.787898,0][-0.773623,-0.198415,1.13538][0.541646,0.269467,-0.796246][0.346464,0.721553,0][-0.84269,-0.34194,1.03982][0.541646,0.269467,-0.796246][0.271041,0.673555,0][-0.942079,-0.137596,1.04137][0.541646,0.269467,-0.796246][0.27413,0.787898,0][-0.942079,-0.137596,1.04137][0.541646,0.269467,-0.796246][0.27413,0.787898,0][-0.881129,-0.0886228,1.0994][0.541646,0.269467,-0.796246][0.319585,0.795577,0][-0.773623,-0.198415,1.13538][0.541646,0.269467,-0.796246][0.346464,0.721553,0][-1.0399,0.0635232,1.04289][-0.890913,0.397473,0.219748][0.647557,0.753193,0][-1.05526,0.0393892,1.02427][-0.890913,0.397473,0.219748][0.67905,0.734995,0][-1.05238,0.0267842,1.05872][-0.890913,0.397473,0.219748][0.663433,0.720025,0][-1.05238,0.0267842,1.05872][-0.890913,0.397473,0.219748][0.663433,0.720025,0][-1.04464,0.0389512,1.0681][-0.890913,0.397473,0.219748][0.647557,0.729199,0][-1.0399,0.0635232,1.04289][-0.890913,0.397473,0.219748][0.647557,0.753193,0][-1.05238,0.0267842,1.05872][-0.981968,-0.188609,0.012886][0.663433,0.720025,0][-1.05526,0.0393892,1.02427][-0.981968,-0.188609,0.012886][0.67905,0.734995,0][-1.0185,-0.154756,0.983573][-0.981968,-0.188609,0.012886][0.746073,0.504709,0][-1.0185,-0.154756,0.983573][-0.981968,-0.188609,0.012886][0.746073,0.504709,0][-1.01461,-0.172731,1.01689][-0.981968,-0.188609,0.012886][0.73231,0.483369,0][-1.05238,0.0267842,1.05872][-0.981968,-0.188609,0.012886][0.663433,0.720025,0][-0.84269,-0.34194,1.03982][-0.351098,-0.923322,0.155582][0.647557,0.209218,0][-0.655016,-0.394808,1.1496][-0.351098,-0.923322,0.155582][0.459331,0.053531,0][-0.672165,-0.383409,1.17855][-0.351098,-0.923322,0.155582][0.453415,0.075132,0][-0.672165,-0.383409,1.17855][-0.351098,-0.923322,0.155582][0.453415,0.075132,0][-0.865738,-0.32888,1.06532][-0.351098,-0.923322,0.155582][0.647557,0.235712,0][-0.84269,-0.34194,1.03982][-0.351098,-0.923322,0.155582][0.647557,0.209218,0][-0.655016,-0.394808,1.1496][0.117762,-0.898226,0.423464][0.459331,0.053531,0][-0.618219,-0.375027,1.18132][0.117762,-0.898226,0.423464][0.405385,0.055777,0][-0.657135,-0.375329,1.1915][0.117762,-0.898226,0.423464][0.431381,0.076049,0][-0.657135,-0.375329,1.1915][0.117762,-0.898226,0.423464][0.431381,0.076049,0][-0.672165,-0.383409,1.17855][0.117762,-0.898226,0.423464][0.453415,0.075132,0][-0.655016,-0.394808,1.1496][0.117762,-0.898226,0.423464][0.459331,0.053531,0][-0.657135,-0.375329,1.1915][0.225827,0.426557,0.875815][0.431381,0.076049,0][-0.618219,-0.375027,1.18132][0.225827,0.426557,0.875815][0.405385,0.055777,0][-0.773623,-0.198415,1.13538][0.225827,0.426557,0.875815][0.486161,0.329096,0][-0.773623,-0.198415,1.13538][0.225827,0.426557,0.875815][0.486161,0.329096,0][-0.805991,-0.206159,1.14749][0.225827,0.426557,0.875815][0.508753,0.337851,0][-0.657135,-0.375329,1.1915][0.225827,0.426557,0.875815][0.431381,0.076049,0][-1.0185,-0.154756,0.983573][-0.65484,0.630572,0.41661][0.746073,0.504709,0][-1.167,-0.226247,0.858359][-0.65484,0.630572,0.41661][0.959069,0.504709,0][-1.16801,-0.246579,0.88755][-0.65484,0.630572,0.41661][0.952329,0.483369,0][-1.16801,-0.246579,0.88755][-0.65484,0.630572,0.41661][0.952329,0.483369,0][-1.01461,-0.172731,1.01689][-0.65484,0.630572,0.41661][0.73231,0.483369,0][-1.0185,-0.154756,0.983573][-0.65484,0.630572,0.41661][0.746073,0.504709,0][-1.167,-0.226247,0.858359][-0.954849,0.258227,0.146912][0.959069,0.504709,0][-1.18103,-0.265196,0.835635][-0.954848,0.258227,0.146912][0.997388,0.469709,0][-1.17279,-0.25985,0.879806][-0.954849,0.258227,0.146912][0.965386,0.471443,0][-1.17279,-0.25985,0.879806][-0.954849,0.258227,0.146912][0.965386,0.471443,0][-1.16801,-0.246579,0.88755][-0.954848,0.258227,0.146912][0.952329,0.483369,0][-1.167,-0.226247,0.858359][-0.954849,0.258227,0.146912][0.959069,0.504709,0][-1.17279,-0.25985,0.879806][-0.31632,-0.932946,0.171913][0.965386,0.471443,0][-1.18103,-0.265196,0.835635][-0.31632,-0.932946,0.171913][0.997388,0.469709,0][-0.998677,-0.306758,0.945619][-0.31632,-0.932946,0.171913][0.808953,0.329096,0][-0.998677,-0.306758,0.945619][-0.31632,-0.932946,0.171913][0.808953,0.329096,0][-0.999543,-0.299337,0.984298][-0.31632,-0.932946,0.171913][0.786362,0.337851,0][-1.17279,-0.25985,0.879806][-0.31632,-0.932946,0.171913][0.965386,0.471443,0][-0.998677,-0.306758,0.945619][-0.982659,-0.184931,0.013489][0.808953,0.329096,0][-0.955909,-0.537594,0.896592][-0.982659,-0.184931,0.013489][0.889729,0.055777,0][-0.958576,-0.520446,0.937338][-0.982659,-0.184931,0.013489][0.863734,0.076049,0][-0.958576,-0.520446,0.937338][-0.982659,-0.184931,0.013489][0.863734,0.076049,0][-0.999543,-0.299337,0.984298][-0.982659,-0.184931,0.013489][0.786362,0.337851,0][-0.998677,-0.306758,0.945619][-0.982659,-0.184931,0.013489][0.808953,0.329096,0][-0.958576,-0.520446,0.937338][0.0700499,-0.917785,0.39085][0.863734,0.076049,0][-0.955909,-0.537594,0.896592][0.0700499,-0.917785,0.39085][0.889729,0.055777,0][-0.917483,-0.521161,0.928294][0.0700499,-0.917785,0.39085][0.835783,0.053531,0][-0.917483,-0.521161,0.928294][0.0700499,-0.917785,0.39085][0.835783,0.053531,0][-0.942881,-0.513733,0.950286][0.0700499,-0.917785,0.39085][0.841699,0.075132,0][-0.958576,-0.520446,0.937338][0.0700499,-0.917785,0.39085][0.863734,0.076049,0][-0.942881,-0.513733,0.950286][0.416668,-0.59927,0.683567][0.841699,0.075132,0][-0.917483,-0.521161,0.928294][0.416668,-0.59927,0.683567][0.835783,0.053531,0][-0.84269,-0.34194,1.03982][0.416668,-0.59927,0.683567][0.647557,0.209218,0][-0.84269,-0.34194,1.03982][0.416668,-0.59927,0.683567][0.647557,0.209218,0][-0.865738,-0.32888,1.06532][0.416668,-0.59927,0.683567][0.647557,0.235712,0][-0.942881,-0.513733,0.950286][0.416668,-0.59927,0.683567][0.841699,0.075132,0][-0.881129,-0.0886228,1.0994][0.228574,0.423493,0.876589][0.549041,0.504709,0][-1.01134,0.0605292,1.0613][0.228574,0.423493,0.876589][0.616065,0.734995,0][-1.03025,0.0374422,1.07738][0.228574,0.423493,0.876589][0.631682,0.720025,0][-1.03025,0.0374422,1.07738][0.228574,0.423493,0.876589][0.631682,0.720025,0][-0.89643,-0.115837,1.11654][0.228574,0.423493,0.876589][0.562804,0.483369,0][-0.881129,-0.0886228,1.0994][0.228574,0.423493,0.876589][0.549041,0.504709,0][-1.01134,0.0605292,1.0613][-0.329792,0.706346,0.626349][0.616065,0.734995,0][-1.0399,0.0635232,1.04289][-0.329792,0.706346,0.626349][0.647557,0.753193,0][-1.04464,0.0389512,1.0681][-0.329792,0.706346,0.626349][0.647557,0.729199,0][-1.04464,0.0389512,1.0681][-0.329792,0.706346,0.626349][0.647557,0.729199,0][-1.03025,0.0374422,1.07738][-0.329792,0.706346,0.626349][0.631682,0.720025,0][-1.01134,0.0605292,1.0613][-0.329792,0.706346,0.626349][0.616065,0.734995,0][-0.773623,-0.198415,1.13538][0.399751,-0.632002,0.663907][0.486161,0.329096,0][-0.693221,-0.0303588,1.24695][0.399751,-0.632002,0.663907][0.297726,0.469709,0][-0.729603,-0.0464938,1.25349][0.399751,-0.632002,0.663907][0.329728,0.471443,0][-0.729603,-0.0464938,1.25349][0.399751,-0.632002,0.663907][0.329728,0.471443,0][-0.805991,-0.206159,1.14749][0.399751,-0.632002,0.663907][0.508753,0.337851,0][-0.773623,-0.198415,1.13538][0.399751,-0.632002,0.663907][0.486161,0.329096,0][-0.729603,-0.0464938,1.25349][-0.174255,0.68127,0.71099][0.329728,0.471443,0][-0.693221,-0.0303588,1.24695][-0.174255,0.68127,0.71099][0.297726,0.469709,0][-0.732625,-0.0171328,1.22462][-0.174255,0.68127,0.71099][0.336046,0.504709,0][-0.732625,-0.0171328,1.22462][-0.174255,0.68127,0.71099][0.336046,0.504709,0][-0.743031,-0.0419888,1.24588][-0.174255,0.68127,0.71099][0.342786,0.483369,0][-0.729603,-0.0464938,1.25349][-0.174255,0.68127,0.71099][0.329728,0.471443,0][-0.743031,-0.0419888,1.24588][-0.654839,0.630566,0.41662][0.342786,0.483369,0][-0.732625,-0.0171328,1.22462][-0.654839,0.630566,0.41662][0.336046,0.504709,0][-0.881129,-0.0886228,1.0994][-0.654839,0.630566,0.41662][0.549041,0.504709,0][-0.881129,-0.0886228,1.0994][-0.654839,0.630566,0.41662][0.549041,0.504709,0][-0.89643,-0.115837,1.11654][-0.654839,0.630566,0.41662][0.562804,0.483369,0][-0.743031,-0.0419888,1.24588][-0.654839,0.630566,0.41662][0.342786,0.483369,0][-1.01461,-0.172731,1.01689][-0.906772,-0.243786,0.343996][0.73231,0.483369,0][-0.959038,-0.221639,1.12873][-0.906772,-0.243786,0.343996][0.647557,0.401697,0][-1.05238,0.0267842,1.05872][-0.906772,-0.243786,0.343996][0.663433,0.720025,0][-1.05238,0.0267842,1.05872][-0.718931,-0.0754239,0.690977][0.663433,0.720025,0][-0.959038,-0.221639,1.12873][-0.718931,-0.0754239,0.690977][0.647557,0.401697,0][-1.04464,0.0389512,1.0681][-0.718931,-0.0754239,0.690977][0.647557,0.729199,0][-0.805991,-0.206159,1.14749][-0.134239,0.137196,0.981406][0.508753,0.337851,0][-0.959038,-0.221639,1.12873][-0.134239,0.137196,0.981406][0.647557,0.401697,0][-0.657135,-0.375329,1.1915][-0.134239,0.137196,0.981406][0.431381,0.076049,0][-0.657135,-0.375329,1.1915][-0.407442,-0.484042,0.7744][0.431381,0.076049,0][-0.959038,-0.221639,1.12873][-0.407442,-0.484042,0.7744][0.647557,0.401697,0][-0.672165,-0.383409,1.17855][-0.407442,-0.484042,0.7744][0.453415,0.075132,0][-0.672165,-0.383409,1.17855][-0.490741,-0.718417,0.493001][0.453415,0.075132,0][-0.959038,-0.221639,1.12873][-0.490741,-0.718417,0.493001][0.647557,0.401697,0][-0.865738,-0.32888,1.06532][-0.490741,-0.718417,0.493001][0.647557,0.235712,0][-0.999543,-0.299337,0.984298][-0.474065,-0.713045,0.516555][0.786362,0.337851,0][-0.959038,-0.221639,1.12873][-0.474065,-0.713045,0.516555][0.647557,0.401697,0][-1.17279,-0.25985,0.879806][-0.474065,-0.713045,0.516555][0.965386,0.471443,0][-1.17279,-0.25985,0.879806][-0.744798,-0.115207,0.65727][0.965386,0.471443,0][-0.959038,-0.221639,1.12873][-0.744798,-0.115206,0.65727][0.647557,0.401697,0][-1.16801,-0.246579,0.88755][-0.744798,-0.115206,0.65727][0.952329,0.483369,0][-1.16801,-0.246579,0.88755][-0.690009,0.471544,0.549121][0.952329,0.483369,0][-0.959038,-0.221639,1.12873][-0.690009,0.471544,0.549121][0.647557,0.401697,0][-1.01461,-0.172731,1.01689][-0.690009,0.471544,0.549121][0.73231,0.483369,0][-0.865738,-0.32888,1.06532][-0.0205961,-0.522033,0.852676][0.647557,0.235712,0][-0.959038,-0.221639,1.12873][-0.0205961,-0.522033,0.852676][0.647557,0.401697,0][-0.942881,-0.513733,0.950286][-0.0205961,-0.522033,0.852676][0.841699,0.075132,0][-0.942881,-0.513733,0.950286][-0.420548,-0.4898,0.763698][0.841699,0.075132,0][-0.959038,-0.221639,1.12873][-0.420548,-0.4898,0.763698][0.647557,0.401697,0][-0.958576,-0.520446,0.937338][-0.420548,-0.4898,0.763698][0.863734,0.076049,0][-0.958576,-0.520446,0.937338][-0.89066,-0.246203,0.382241][0.863734,0.076049,0][-0.959038,-0.221639,1.12873][-0.89066,-0.246203,0.382241][0.647557,0.401697,0][-0.999543,-0.299337,0.984298][-0.89066,-0.246203,0.382241][0.786362,0.337851,0][-1.04464,0.0389512,1.0681][-0.540461,0.0181511,0.841173][0.647557,0.729199,0][-0.959038,-0.221639,1.12873][-0.540461,0.0181511,0.841173][0.647557,0.401697,0][-1.03025,0.0374422,1.07738][-0.540461,0.0181511,0.841173][0.631682,0.720025,0][-1.03025,0.0374422,1.07738][-0.093987,0.16861,0.981192][0.631682,0.720025,0][-0.959038,-0.221639,1.12873][-0.093987,0.16861,0.981192][0.647557,0.401697,0][-0.89643,-0.115837,1.11654][-0.093987,0.16861,0.981192][0.562804,0.483369,0][-0.89643,-0.115837,1.11654][-0.690008,0.471545,0.549122][0.562804,0.483369,0][-0.959038,-0.221639,1.12873][-0.690008,0.471545,0.549122][0.647557,0.401697,0][-0.743031,-0.0419888,1.24588][-0.690008,0.471545,0.549122][0.342786,0.483369,0][-0.743031,-0.0419888,1.24588][-0.488355,0.0182251,0.872455][0.342786,0.483369,0][-0.959038,-0.221639,1.12873][-0.488355,0.0182251,0.872455][0.647557,0.401697,0][-0.729603,-0.0464938,1.25349][-0.488356,0.0182251,0.872454][0.329728,0.471443,0][-0.729603,-0.0464938,1.25349][-0.0491491,-0.535995,0.842789][0.329728,0.471443,0][-0.959038,-0.221639,1.12873][-0.0491491,-0.535995,0.84279][0.647557,0.401697,0][-0.805991,-0.206159,1.14749][-0.0491491,-0.535995,0.842789][0.508753,0.337851,0][-0.606266,-0.154503,1.20599][0.704791,0.266341,-0.65752][0.268231,0.795608,0][-0.664797,-0.131701,1.15249][0.704791,0.266341,-0.65752][0.224834,0.8017,0][-0.640164,0.0168322,1.23906][0.704791,0.266341,-0.65752][0.255965,0.895298,0][-0.640164,0.0168322,1.23906][0.704791,0.266341,-0.65752][0.255965,0.895298,0][-0.623006,0.0263101,1.26129][0.704791,0.266341,-0.65752][0.270003,0.90334,0][-0.606266,-0.154503,1.20599][0.704791,0.266341,-0.65752][0.268231,0.795608,0][-0.502975,-0.271811,1.26919][0.704782,0.26634,-0.657529][0.338544,0.737992,0][-0.439113,-0.461937,1.26063][0.704782,0.26634,-0.657529][0.372449,0.630857,0][-0.470299,-0.458786,1.22848][0.704782,0.26634,-0.657529][0.348594,0.62863,0][-0.470299,-0.458786,1.22848][0.704782,0.26634,-0.657529][0.348594,0.62863,0][-0.589258,-0.338216,1.14981][0.704782,0.26634,-0.657529][0.266431,0.68615,0][-0.502975,-0.271811,1.26919][0.704782,0.26634,-0.657529][0.338544,0.737992,0][-0.690416,-0.243955,1.07956][0.704785,0.266341,-0.657527][0.195892,0.730034,0][-0.808561,-0.133466,0.997678][0.704785,0.266341,-0.657527][0.113537,0.781531,0][-0.788481,-0.113319,1.02736][0.704785,0.266341,-0.657527][0.130702,0.796451,0][-0.788481,-0.113319,1.02736][0.704785,0.266341,-0.657527][0.130702,0.796451,0][-0.664797,-0.131701,1.15249][0.704785,0.266341,-0.657527][0.224834,0.8017,0][-0.690416,-0.243955,1.07956][0.704785,0.266341,-0.657527][0.195892,0.730034,0][-0.6889,-0.426299,1.00732][0.704788,0.266342,-0.657523][0.182225,0.61935,0][-0.720365,-0.420138,0.976091][0.704788,0.266342,-0.657523][0.158398,0.618917,0][-0.690416,-0.243955,1.07956][0.704788,0.266342,-0.657523][0.195892,0.730034,0][-0.690416,-0.243955,1.07956][0.704788,0.266342,-0.657523][0.195892,0.730034,0][-0.589258,-0.338216,1.14981][0.704788,0.266342,-0.657523][0.266431,0.68615,0][-0.6889,-0.426299,1.00732][0.704788,0.266342,-0.657523][0.182225,0.61935,0][-0.60359,0.0113971,1.27606][0.704779,0.266339,-0.657533][0.2838,0.896851,0][-0.550383,-0.148704,1.26824][0.704779,0.266339,-0.657533][0.311909,0.806558,0][-0.606266,-0.154503,1.20599][0.704779,0.266339,-0.657533][0.268231,0.795608,0][-0.606266,-0.154503,1.20599][0.704779,0.266339,-0.657533][0.268231,0.795608,0][-0.623006,0.0263101,1.26129][0.704779,0.266339,-0.657533][0.270003,0.90334,0][-0.60359,0.0113971,1.27606][0.704779,0.266339,-0.657533][0.2838,0.896851,0][-0.426699,-0.167087,1.39337][0.704782,0.266346,-0.657528][0.406041,0.811808,0][-0.402276,-0.193847,1.40871][0.704782,0.266346,-0.657528][0.422744,0.798778,0][-0.502975,-0.271811,1.26919][0.704782,0.266346,-0.657528][0.338544,0.737992,0][-0.502975,-0.271811,1.26919][0.704782,0.266346,-0.657528][0.338544,0.737992,0][-0.550383,-0.148704,1.26824][0.704782,0.266346,-0.657528][0.311909,0.806558,0][-0.426699,-0.167087,1.39337][0.704782,0.266346,-0.657528][0.406041,0.811808,0][-0.606266,-0.154503,1.20599][0.704788,0.266342,-0.657522][0.268231,0.795608,0][-0.589258,-0.338216,1.14981][0.704788,0.266342,-0.657522][0.266431,0.68615,0][-0.690416,-0.243955,1.07956][0.704788,0.266342,-0.657522][0.195892,0.730034,0][-0.690416,-0.243955,1.07956][0.704788,0.266342,-0.657522][0.195892,0.730034,0][-0.664797,-0.131701,1.15249][0.704788,0.266342,-0.657522][0.224834,0.8017,0][-0.606266,-0.154503,1.20599][0.704788,0.266342,-0.657522][0.268231,0.795608,0][-0.502975,-0.271811,1.26919][0.704781,0.266348,-0.657528][0.338544,0.737992,0][-0.589258,-0.338216,1.14981][0.704781,0.266348,-0.657528][0.266431,0.68615,0][-0.606266,-0.154503,1.20599][0.704781,0.266348,-0.657528][0.268231,0.795608,0][-0.606266,-0.154503,1.20599][0.704781,0.266348,-0.657528][0.268231,0.795608,0][-0.550383,-0.148704,1.26824][0.704781,0.266348,-0.657528][0.311909,0.806558,0][-0.502975,-0.271811,1.26919][0.704781,0.266348,-0.657528][0.338544,0.737992,0][-0.623006,0.0263101,1.26129][-0.723064,0.626494,0.291003][0.269089,0.916384,0][-0.640164,0.0168322,1.23906][-0.723064,0.626494,0.291003][0.284054,0.908342,0][-0.645242,-0.000243847,1.26321][-0.723064,0.626494,0.291003][0.276633,0.901726,0][-0.645242,-0.000243847,1.26321][-0.723064,0.626494,0.291003][0.276633,0.901726,0][-0.636592,0.00453415,1.27441][-0.723064,0.626494,0.291003][0.269089,0.90578,0][-0.623006,0.0263101,1.26129][-0.723064,0.626494,0.291003][0.269089,0.916384,0][-0.645242,-0.000243847,1.26321][-0.977745,0.199675,-0.064383][0.276633,0.901726,0][-0.640164,0.0168322,1.23906][-0.977745,0.199675,-0.064383][0.284054,0.908342,0][-0.664797,-0.131701,1.15249][-0.977745,0.199675,-0.064383][0.315904,0.806572,0][-0.664797,-0.131701,1.15249][-0.977745,0.199675,-0.064383][0.315904,0.806572,0][-0.670556,-0.152884,1.17424][-0.977745,0.199675,-0.064383][0.309364,0.797141,0][-0.645242,-0.000243847,1.26321][-0.977745,0.199675,-0.064383][0.276633,0.901726,0][-0.589258,-0.338216,1.14981][-0.673381,-0.731997,-0.103627][0.269089,0.675986,0][-0.470299,-0.458786,1.22848][-0.673381,-0.731997,-0.103627][0.179644,0.607185,0][-0.483278,-0.450519,1.25442][-0.673381,-0.731997,-0.103627][0.176833,0.616731,0][-0.483278,-0.450519,1.25442][-0.673381,-0.731997,-0.103627][0.176833,0.616731,0][-0.605977,-0.326158,1.17328][-0.673381,-0.731997,-0.103627][0.269089,0.687695,0][-0.589258,-0.338216,1.14981][-0.673381,-0.731997,-0.103627][0.269089,0.675986,0][-0.470299,-0.458786,1.22848][-0.268793,-0.948474,0.167774][0.179644,0.607185,0][-0.439113,-0.461937,1.26063][-0.268793,-0.948474,0.167774][0.154009,0.608177,0][-0.47054,-0.451806,1.26755][-0.268793,-0.948474,0.167774][0.166362,0.617136,0][-0.47054,-0.451806,1.26755][-0.268793,-0.948474,0.167774][0.166362,0.617136,0][-0.483278,-0.450519,1.25442][-0.268793,-0.948474,0.167774][0.176833,0.616731,0][-0.470299,-0.458786,1.22848][-0.268793,-0.948474,0.167774][0.179644,0.607185,0][-0.47054,-0.451806,1.26755][0.224789,0.031652,0.973893][0.166362,0.617136,0][-0.439113,-0.461937,1.26063][0.224789,0.031652,0.973893][0.154009,0.608177,0][-0.502975,-0.271811,1.26919][0.224789,0.031652,0.973893][0.192394,0.728964,0][-0.502975,-0.271811,1.26919][0.224789,0.031652,0.973893][0.192394,0.728964,0][-0.531711,-0.269692,1.27575][0.224789,0.031652,0.973893][0.203129,0.732833,0][-0.47054,-0.451806,1.26755][0.224789,0.031652,0.973893][0.166362,0.617136,0][-0.664797,-0.131701,1.15249][-0.458197,0.694354,0.554913][0.315904,0.806572,0][-0.788481,-0.113319,1.02736][-0.458197,0.694354,0.554913][0.41712,0.806572,0][-0.798318,-0.133898,1.04499][-0.458197,0.694354,0.554913][0.413917,0.797141,0][-0.798318,-0.133898,1.04499][-0.458197,0.694354,0.554913][0.413917,0.797141,0][-0.670556,-0.152884,1.17424][-0.458197,0.694354,0.554913][0.309364,0.797141,0][-0.664797,-0.131701,1.15249][-0.458197,0.694354,0.554913][0.315904,0.806572,0][-0.788481,-0.113319,1.02736][-0.817389,0.546593,0.181965][0.41712,0.806572,0][-0.808561,-0.133466,0.997678][-0.817389,0.546593,0.181965][0.435329,0.791105,0][-0.805161,-0.140763,1.03488][-0.817389,0.546593,0.181965][0.420122,0.791871,0][-0.805161,-0.140763,1.03488][-0.817389,0.546593,0.181965][0.420122,0.791871,0][-0.798318,-0.133898,1.04499][-0.817389,0.546593,0.181965][0.413917,0.797141,0][-0.788481,-0.113319,1.02736][-0.817389,0.546593,0.181965][0.41712,0.806572,0][-0.805161,-0.140763,1.03488][-0.646495,-0.757647,-0.08953][0.420122,0.791871,0][-0.808561,-0.133466,0.997678][-0.646495,-0.757647,-0.08953][0.435329,0.791105,0][-0.690416,-0.243955,1.07956][-0.646495,-0.757647,-0.08953][0.345784,0.728964,0][-0.690416,-0.243955,1.07956][-0.646495,-0.757647,-0.08953][0.345784,0.728964,0][-0.692915,-0.245734,1.11267][-0.646495,-0.757647,-0.08953][0.335049,0.732833,0][-0.805161,-0.140763,1.03488][-0.646495,-0.757647,-0.08953][0.420122,0.791871,0][-0.690416,-0.243955,1.07956][-0.977157,0.203013,-0.06285][0.345784,0.728964,0][-0.720365,-0.420138,0.976091][-0.977157,0.203013,-0.06285][0.384169,0.608177,0][-0.721602,-0.414494,1.01356][-0.977157,0.203013,-0.06285][0.371816,0.617136,0][-0.721602,-0.414494,1.01356][-0.977157,0.203013,-0.06285][0.371816,0.617136,0][-0.692915,-0.245734,1.11267][-0.977157,0.203013,-0.06285][0.335049,0.732833,0][-0.690416,-0.243955,1.07956][-0.977157,0.203013,-0.06285][0.345784,0.728964,0][-0.721602,-0.414494,1.01356][-0.314379,-0.940181,0.131247][0.371816,0.617136,0][-0.720365,-0.420138,0.976091][-0.314379,-0.940181,0.131247][0.384169,0.608177,0][-0.6889,-0.426299,1.00732][-0.314379,-0.940181,0.131247][0.358534,0.607185,0][-0.6889,-0.426299,1.00732][-0.314379,-0.940181,0.131247][0.358534,0.607185,0][-0.70875,-0.41701,1.02632][-0.314379,-0.940181,0.131247][0.361345,0.616731,0][-0.721602,-0.414494,1.01356][-0.314379,-0.940181,0.131247][0.371816,0.617136,0][-0.70875,-0.41701,1.02632][0.0642679,-0.868308,0.491844][0.361345,0.616731,0][-0.6889,-0.426299,1.00732][0.0642679,-0.868308,0.491844][0.358534,0.607185,0][-0.589258,-0.338216,1.14981][0.0642679,-0.868308,0.491844][0.269089,0.675986,0][-0.589258,-0.338216,1.14981][0.0642679,-0.868308,0.491844][0.269089,0.675986,0][-0.605977,-0.326158,1.17328][0.0642679,-0.868308,0.491844][0.269089,0.687695,0][-0.70875,-0.41701,1.02632][0.0642679,-0.868308,0.491844][0.361345,0.616731,0][-0.550383,-0.148704,1.26824][0.226101,0.027575,0.973714][0.222274,0.806572,0][-0.60359,0.0113971,1.27606][0.226101,0.027575,0.973714][0.254124,0.908342,0][-0.626804,-0.00298385,1.28186][0.226101,0.027575,0.973714][0.261545,0.901726,0][-0.626804,-0.00298385,1.28186][0.226101,0.027575,0.973714][0.261545,0.901726,0][-0.572126,-0.167515,1.27382][0.226101,0.027575,0.973714][0.228814,0.797141,0][-0.550383,-0.148704,1.26824][0.226101,0.027575,0.973714][0.222274,0.806572,0][-0.60359,0.0113971,1.27606][-0.160671,0.581054,0.797848][0.254124,0.908342,0][-0.623006,0.0263101,1.26129][-0.160671,0.581054,0.797848][0.269089,0.916384,0][-0.636592,0.00453415,1.27441][-0.160671,0.581054,0.797848][0.269089,0.90578,0][-0.636592,0.00453415,1.27441][-0.160671,0.581054,0.797848][0.269089,0.90578,0][-0.626804,-0.00298385,1.28186][-0.160671,0.581054,0.797848][0.261545,0.901726,0][-0.60359,0.0113971,1.27606][-0.160671,0.581054,0.797848][0.254124,0.908342,0][-0.502975,-0.271811,1.26919][0.0408929,-0.884493,0.464758][0.192394,0.728964,0][-0.402276,-0.193847,1.40871][0.0408929,-0.884493,0.464758][0.102849,0.791105,0][-0.436042,-0.19562,1.4083][0.0408929,-0.884493,0.464758][0.118056,0.791871,0][-0.436042,-0.19562,1.4083][0.0408929,-0.884493,0.464758][0.118056,0.791871,0][-0.531711,-0.269692,1.27575][0.0408929,-0.884493,0.464758][0.203129,0.732833,0][-0.502975,-0.271811,1.26919][0.0408929,-0.884493,0.464758][0.192394,0.728964,0][-0.436042,-0.19562,1.4083][-0.0353529,0.472494,0.880624][0.118056,0.791871,0][-0.402276,-0.193847,1.40871][-0.0353529,0.472494,0.880624][0.102849,0.791105,0][-0.426699,-0.167087,1.39337][-0.0353529,0.472494,0.880624][0.121059,0.806572,0][-0.426699,-0.167087,1.39337][-0.0353529,0.472494,0.880624][0.121059,0.806572,0][-0.444364,-0.186502,1.40308][-0.0353529,0.472494,0.880624][0.124261,0.797141,0][-0.436042,-0.19562,1.4083][-0.0353529,0.472494,0.880624][0.118056,0.791871,0][-0.444364,-0.186502,1.40308][-0.45821,0.694335,0.554926][0.124261,0.797141,0][-0.426699,-0.167087,1.39337][-0.45821,0.694335,0.554926][0.121059,0.806572,0][-0.550383,-0.148704,1.26824][-0.45821,0.694335,0.554926][0.222274,0.806572,0][-0.550383,-0.148704,1.26824][-0.45821,0.694335,0.554926][0.222274,0.806572,0][-0.572126,-0.167515,1.27382][-0.45821,0.694335,0.554926][0.228814,0.797141,0][-0.444364,-0.186502,1.40308][-0.45821,0.694335,0.554926][0.124261,0.797141,0][-0.670556,-0.152884,1.17424][-0.971211,0.0228641,0.237122][0.309364,0.797141,0][-0.653423,-0.228968,1.25175][-0.971211,0.0228641,0.237122][0.269089,0.761048,0][-0.645242,-0.000243847,1.26321][-0.971211,0.0228641,0.237122][0.276633,0.901726,0][-0.645242,-0.000243847,1.26321][-0.791131,-0.00233088,0.611643][0.276633,0.901726,0][-0.653423,-0.228968,1.25175][-0.791131,-0.00233088,0.611643][0.269089,0.761048,0][-0.636592,0.00453415,1.27441][-0.791131,-0.00233088,0.611643][0.269089,0.90578,0][-0.531711,-0.269692,1.27575][-0.230846,-0.121009,0.965436][0.203129,0.732833,0][-0.653423,-0.228968,1.25175][-0.230846,-0.121009,0.965436][0.269089,0.761048,0][-0.47054,-0.451806,1.26755][-0.230846,-0.121009,0.965436][0.166362,0.617136,0][-0.47054,-0.451806,1.26755][-0.648803,-0.491272,0.581126][0.166362,0.617136,0][-0.653423,-0.228968,1.25175][-0.648803,-0.491272,0.581126][0.269089,0.761048,0][-0.483278,-0.450519,1.25442][-0.648803,-0.491271,0.581126][0.176833,0.616731,0][-0.483278,-0.450519,1.25442][-0.766951,-0.585848,0.261856][0.176833,0.616731,0][-0.653423,-0.228968,1.25175][-0.766951,-0.585848,0.261856][0.269089,0.761048,0][-0.605977,-0.326158,1.17328][-0.766951,-0.585847,0.261856][0.269089,0.687695,0][-0.692915,-0.245734,1.11267][-0.752653,-0.593422,0.285242][0.335049,0.732833,0][-0.653423,-0.228968,1.25175][-0.752654,-0.593422,0.285242][0.269089,0.761048,0][-0.805161,-0.140763,1.03488][-0.752654,-0.593422,0.285242][0.420122,0.791871,0][-0.805161,-0.140763,1.03488][-0.822579,-0.0175309,0.56838][0.420122,0.791871,0][-0.653423,-0.228968,1.25175][-0.822579,-0.0175309,0.56838][0.269089,0.761048,0][-0.798318,-0.133898,1.04499][-0.822579,-0.0175309,0.56838][0.413917,0.797141,0][-0.798318,-0.133898,1.04499][-0.567264,0.521552,0.637335][0.413917,0.797141,0][-0.653423,-0.228968,1.25175][-0.567264,0.521552,0.637335][0.269089,0.761048,0][-0.670556,-0.152884,1.17424][-0.567264,0.521552,0.637335][0.309364,0.797141,0][-0.605977,-0.326158,1.17328][-0.325911,-0.68512,0.651454][0.269089,0.687695,0][-0.653423,-0.228968,1.25175][-0.325911,-0.68512,0.651454][0.269089,0.761048,0][-0.70875,-0.41701,1.02632][-0.325911,-0.68512,0.651454][0.361345,0.616731,0][-0.70875,-0.41701,1.02632][-0.661039,-0.488417,0.569628][0.361345,0.616731,0][-0.653423,-0.228968,1.25175][-0.661039,-0.488417,0.569628][0.269089,0.761048,0][-0.721602,-0.414494,1.01356][-0.661039,-0.488417,0.569628][0.371816,0.617136,0][-0.721602,-0.414494,1.01356][-0.962074,0.00334815,0.272768][0.371816,0.617136,0][-0.653423,-0.228968,1.25175][-0.962074,0.00334815,0.272768][0.269089,0.761048,0][-0.692915,-0.245734,1.11267][-0.962074,0.00334815,0.272768][0.335049,0.732833,0][-0.636592,0.00453415,1.27441][-0.6203,-0.0313439,0.783738][0.269089,0.90578,0][-0.653423,-0.228968,1.25175][-0.6203,-0.0313439,0.783738][0.269089,0.761048,0][-0.626804,-0.00298385,1.28186][-0.6203,-0.0313439,0.783738][0.261545,0.901726,0][-0.626804,-0.00298385,1.28186][-0.183138,-0.108594,0.977071][0.261545,0.901726,0][-0.653423,-0.228968,1.25175][-0.183138,-0.108594,0.977071][0.269089,0.761048,0][-0.572126,-0.167515,1.27382][-0.183138,-0.108594,0.977071][0.228814,0.797141,0][-0.572126,-0.167515,1.27382][-0.56726,0.52156,0.637331][0.228814,0.797141,0][-0.653423,-0.228968,1.25175][-0.56726,0.52156,0.637331][0.269089,0.761048,0][-0.444364,-0.186502,1.40308][-0.56726,0.52156,0.637331][0.124261,0.797141,0][-0.444364,-0.186502,1.40308][-0.577241,-0.0601029,0.814359][0.124261,0.797141,0][-0.653423,-0.228968,1.25175][-0.577241,-0.0601029,0.814359][0.269089,0.761048,0][-0.436042,-0.19562,1.4083][-0.577241,-0.0601029,0.814359][0.118056,0.791871,0][-0.436042,-0.19562,1.4083][-0.354522,-0.683647,0.637919][0.118056,0.791871,0][-0.653423,-0.228968,1.25175][-0.354522,-0.683647,0.637919][0.269089,0.761048,0][-0.531711,-0.269692,1.27575][-0.354522,-0.683647,0.637919][0.203129,0.732833,0][-1.22628,-0.0605878,-0.774893][0.769074,8.83873e-007,0.63916][0.27413,0.787898,0][-1.13967,-0.0362369,-0.879114][0.769074,8.83873e-007,0.63916][0.229156,0.79802,0][-1.1986,0.226545,-0.808209][0.769074,8.83873e-007,0.63916][0.262512,0.893237,0][-1.1986,0.226545,-0.808209][0.769074,8.83873e-007,0.63916][0.262512,0.893237,0][-1.22628,0.247311,-0.774893][0.769074,8.83873e-007,0.63916][0.277171,0.900437,0][-1.22628,-0.0605878,-0.774893][0.769074,8.83873e-007,0.63916][0.27413,0.787898,0][-1.36818,-0.236631,-0.604152][0.769076,-1.11613e-006,0.639158][0.346464,0.721553,0][-1.4392,-0.548517,-0.518699][0.769076,-1.11613e-006,0.639158][0.380457,0.606555,0][-1.39177,-0.55108,-0.575768][0.769076,-1.11613e-006,0.639158][0.355673,0.606288,0][-1.39177,-0.55108,-0.575768][0.769076,-1.11613e-006,0.639158][0.355673,0.606288,0][-1.22628,-0.373425,-0.774893][0.769076,-1.11613e-006,0.639158][0.271041,0.673555,0][-1.36818,-0.236631,-0.604152][0.769076,-1.11613e-006,0.639158][0.346464,0.721553,0][-1.08439,-0.236631,-0.945635][0.769075,-1.11613e-006,0.639159][0.19832,0.725555,0][-0.918712,-0.0761749,-1.14498][0.769075,-1.11613e-006,0.639159][0.113421,0.786539,0][-0.952403,-0.0362369,-1.10444][0.769075,-1.11613e-006,0.639159][0.131402,0.800661,0][-0.952403,-0.0362369,-1.10444][0.769075,-1.11613e-006,0.639159][0.131402,0.800661,0][-1.13967,-0.0362369,-0.879114][0.769075,-1.11613e-006,0.639159][0.229156,0.79802,0][-1.08439,-0.236631,-0.945635][0.769075,-1.11613e-006,0.639159][0.19832,0.725555,0][-1.0608,-0.55108,-0.974019][0.769075,8.83873e-007,0.639159][0.182901,0.610956,0][-1.01337,-0.548517,-1.03109][0.769075,8.83873e-007,0.639159][0.158167,0.612562,0][-1.08439,-0.236631,-0.945635][0.769075,8.83873e-007,0.639159][0.19832,0.725555,0][-1.08439,-0.236631,-0.945635][0.769075,8.83873e-007,0.639159][0.19832,0.725555,0][-1.22628,-0.373425,-0.774893][0.769075,8.83873e-007,0.639159][0.271041,0.673555,0][-1.0608,-0.55108,-0.974019][0.769075,8.83873e-007,0.639159][0.182901,0.610956,0][-1.25397,0.226545,-0.741577][0.769076,0,0.639157][0.29142,0.892456,0][-1.3129,-0.0362368,-0.670673][0.769076,0,0.639157][0.319585,0.795577,0][-1.22628,-0.0605878,-0.774893][0.769076,0,0.639157][0.27413,0.787898,0][-1.22628,-0.0605878,-0.774893][0.769076,0,0.639157][0.27413,0.787898,0][-1.22628,0.247311,-0.774893][0.769076,0,0.639157][0.277171,0.900437,0][-1.25397,0.226545,-0.741577][0.769076,0,0.639157][0.29142,0.892456,0][-1.50016,-0.0362368,-0.445344][0.769076,-1.11613e-006,0.639158][0.417339,0.792936,0][-1.53385,-0.0761748,-0.404805][0.769076,-1.11613e-006,0.639158][0.434532,0.777863,0][-1.36818,-0.236631,-0.604152][0.769076,-1.11613e-006,0.639158][0.346464,0.721553,0][-1.36818,-0.236631,-0.604152][0.769076,-1.11613e-006,0.639158][0.346464,0.721553,0][-1.3129,-0.0362368,-0.670673][0.769076,-1.11613e-006,0.639158][0.319585,0.795577,0][-1.50016,-0.0362368,-0.445344][0.769076,-1.11613e-006,0.639158][0.417339,0.792936,0][-1.22628,-0.0605878,-0.774893][0.769075,-1.11613e-006,0.639159][0.27413,0.787898,0][-1.22628,-0.373425,-0.774893][0.769075,-1.11613e-006,0.639159][0.271041,0.673555,0][-1.08439,-0.236631,-0.945635][0.769075,-1.11613e-006,0.639159][0.19832,0.725555,0][-1.08439,-0.236631,-0.945635][0.769075,-1.11613e-006,0.639159][0.19832,0.725555,0][-1.13967,-0.0362369,-0.879114][0.769075,-1.11613e-006,0.639159][0.229156,0.79802,0][-1.22628,-0.0605878,-0.774893][0.769075,-1.11613e-006,0.639159][0.27413,0.787898,0][-1.36818,-0.236631,-0.604152][0.769075,-1.11613e-006,0.639159][0.346464,0.721553,0][-1.22628,-0.373425,-0.774893][0.769075,-1.11613e-006,0.639159][0.271041,0.673555,0][-1.22628,-0.0605878,-0.774893][0.769075,-1.11613e-006,0.639159][0.27413,0.787898,0][-1.22628,-0.0605878,-0.774893][0.769075,-1.11613e-006,0.639159][0.27413,0.787898,0][-1.3129,-0.0362368,-0.670673][0.769075,-1.11613e-006,0.639159][0.319585,0.795577,0][-1.36818,-0.236631,-0.604152][0.769075,-1.11613e-006,0.639159][0.346464,0.721553,0][-1.2533,0.219931,-0.803696][-0.14456,0.78133,-0.607146][0.647557,0.729199,0][-1.22628,0.247311,-0.774893][-0.14456,0.78133,-0.607146][0.647557,0.753193,0][-1.1986,0.226545,-0.808209][-0.14456,0.78133,-0.607146][0.67905,0.734995,0][-1.1986,0.226545,-0.808209][-0.14456,0.78133,-0.607146][0.67905,0.734995,0][-1.23934,0.209463,-0.820491][-0.14456,0.78133,-0.607146][0.663433,0.720025,0][-1.2533,0.219931,-0.803696][-0.14456,0.78133,-0.607146][0.647557,0.729199,0][-1.23934,0.209463,-0.820491][0.162283,0.290811,-0.942917][0.663433,0.720025,0][-1.1986,0.226545,-0.808209][0.162283,0.290811,-0.942917][0.67905,0.734995,0][-1.13967,-0.0362369,-0.879114][0.162283,0.290811,-0.942917][0.746073,0.504709,0][-1.13967,-0.0362369,-0.879114][0.162283,0.290811,-0.942917][0.746073,0.504709,0][-1.17879,-0.0605879,-0.893357][0.162283,0.290811,-0.942917][0.73231,0.483369,0][-1.23934,0.209463,-0.820491][0.162283,0.290811,-0.942917][0.663433,0.720025,0][-1.22628,-0.373425,-0.774893][-0.0638891,-0.717702,-0.693413][0.647557,0.209218,0][-1.39177,-0.55108,-0.575768][-0.0638891,-0.717702,-0.693413][0.459331,0.053531,0][-1.42399,-0.526431,-0.598312][-0.0638891,-0.717702,-0.693413][0.453415,0.075132,0][-1.42399,-0.526431,-0.598312][-0.0638891,-0.717702,-0.693413][0.453415,0.075132,0][-1.2533,-0.343192,-0.803696][-0.0638891,-0.717702,-0.693413][0.647557,0.235712,0][-1.22628,-0.373425,-0.774893][-0.0638891,-0.717702,-0.693413][0.647557,0.209218,0][-1.39177,-0.55108,-0.575768][-0.426663,-0.847207,-0.316541][0.459331,0.053531,0][-1.4392,-0.548517,-0.518699][-0.426663,-0.847208,-0.316541][0.405385,0.055777,0][-1.44336,-0.525384,-0.575002][-0.426663,-0.847208,-0.316541][0.431381,0.076049,0][-1.44336,-0.525384,-0.575002][-0.426663,-0.847208,-0.316541][0.431381,0.076049,0][-1.42399,-0.526431,-0.598312][-0.426663,-0.847208,-0.316541][0.453415,0.075132,0][-1.39177,-0.55108,-0.575768][-0.426663,-0.847207,-0.316541][0.459331,0.053531,0][-1.44336,-0.525384,-0.575002][-0.947584,0.264768,0.178838][0.431381,0.076049,0][-1.4392,-0.548517,-0.518699][-0.947584,0.264768,0.178838][0.405385,0.055777,0][-1.36818,-0.236631,-0.604152][-0.947584,0.264768,0.178838][0.486161,0.329096,0][-1.36818,-0.236631,-0.604152][-0.947584,0.264768,0.178838][0.486161,0.329096,0][-1.37534,-0.226639,-0.656854][-0.947584,0.264768,0.178838][0.508753,0.337851,0][-1.44336,-0.525384,-0.575002][-0.947584,0.264768,0.178838][0.431381,0.076049,0][-1.13967,-0.0362369,-0.879114][-0.405921,0.849366,-0.337351][0.746073,0.504709,0][-0.952403,-0.0362369,-1.10444][-0.405921,0.849366,-0.337351][0.959069,0.504709,0][-0.985346,-0.0605879,-1.12612][-0.405921,0.849366,-0.337351][0.952329,0.483369,0][-0.985346,-0.0605879,-1.12612][-0.405921,0.849366,-0.337351][0.952329,0.483369,0][-1.17879,-0.0605879,-0.893357][-0.405921,0.849366,-0.337351][0.73231,0.483369,0][-1.13967,-0.0362369,-0.879114][-0.405921,0.849366,-0.337351][0.746073,0.504709,0][-0.952403,-0.0362369,-1.10444][-0.0408889,0.694567,-0.718266][0.959069,0.504709,0][-0.918712,-0.0761749,-1.14498][-0.0408889,0.694567,-0.718266][0.997388,0.469709,0][-0.973866,-0.0741969,-1.13993][-0.0408889,0.694567,-0.718266][0.965386,0.471443,0][-0.973866,-0.0741969,-1.13993][-0.0408889,0.694567,-0.718266][0.965386,0.471443,0][-0.985346,-0.0605879,-1.12612][-0.0408889,0.694567,-0.718266][0.952329,0.483369,0][-0.952403,-0.0362369,-1.10444][-0.0408889,0.694567,-0.718266][0.959069,0.504709,0][-0.973866,-0.0741969,-1.13993][-0.0876951,-0.739139,-0.667819][0.965386,0.471443,0][-0.918712,-0.0761749,-1.14498][-0.0876951,-0.739139,-0.667819][0.997388,0.469709,0][-1.08439,-0.236631,-0.945635][-0.0876951,-0.739139,-0.667819][0.808953,0.329096,0][-1.08439,-0.236631,-0.945635][-0.0876951,-0.739139,-0.667819][0.808953,0.329096,0][-1.13126,-0.226639,-0.950538][-0.0876951,-0.739139,-0.667819][0.786362,0.337851,0][-0.973866,-0.0741969,-1.13993][-0.0876951,-0.739139,-0.667819][0.965386,0.471443,0][-1.08439,-0.236631,-0.945635][0.161334,0.294791,-0.941844][0.808953,0.329096,0][-1.01337,-0.548517,-1.03109][0.161334,0.294791,-0.941844][0.889729,0.055777,0][-1.06324,-0.525384,-1.03239][0.161334,0.294791,-0.941844][0.863734,0.076049,0][-1.06324,-0.525384,-1.03239][0.161334,0.294791,-0.941844][0.863734,0.076049,0][-1.13126,-0.226639,-0.950538][0.161334,0.294791,-0.941844][0.786362,0.337851,0][-1.08439,-0.236631,-0.945635][0.161334,0.294791,-0.941844][0.808953,0.329096,0][-1.06324,-0.525384,-1.03239][-0.385133,-0.850482,-0.358264][0.863734,0.076049,0][-1.01337,-0.548517,-1.03109][-0.385133,-0.850482,-0.358264][0.889729,0.055777,0][-1.0608,-0.55108,-0.974019][-0.385133,-0.850482,-0.358264][0.835783,0.053531,0][-1.0608,-0.55108,-0.974019][-0.385133,-0.850482,-0.358264][0.835783,0.053531,0][-1.08261,-0.526431,-1.00908][-0.385133,-0.850482,-0.358264][0.841699,0.075132,0][-1.06324,-0.525384,-1.03239][-0.385133,-0.850482,-0.358264][0.863734,0.076049,0][-1.08261,-0.526431,-1.00908][-0.739158,-0.673397,-0.013509][0.841699,0.075132,0][-1.0608,-0.55108,-0.974019][-0.739158,-0.673397,-0.013509][0.835783,0.053531,0][-1.22628,-0.373425,-0.774893][-0.739158,-0.673397,-0.013509][0.647557,0.209218,0][-1.22628,-0.373425,-0.774893][-0.739158,-0.673397,-0.013509][0.647557,0.209218,0][-1.2533,-0.343192,-0.803696][-0.739158,-0.673397,-0.013509][0.647557,0.235712,0][-1.08261,-0.526431,-1.00908][-0.739158,-0.673397,-0.013509][0.841699,0.075132,0][-1.3129,-0.0362368,-0.670673][-0.948444,0.261142,0.179607][0.549041,0.504709,0][-1.25397,0.226545,-0.741577][-0.948444,0.261142,0.179607][0.616065,0.734995,0][-1.26726,0.209463,-0.786901][-0.948444,0.261142,0.179607][0.631682,0.720025,0][-1.26726,0.209463,-0.786901][-0.948444,0.261142,0.179607][0.631682,0.720025,0][-1.32782,-0.0605878,-0.714036][-0.948444,0.261142,0.179607][0.562804,0.483369,0][-1.3129,-0.0362368,-0.670673][-0.948444,0.261142,0.179607][0.549041,0.504709,0][-1.26726,0.209463,-0.786901][-0.662208,0.744321,-0.08641][0.631682,0.720025,0][-1.25397,0.226545,-0.741577][-0.662208,0.744321,-0.08641][0.616065,0.734995,0][-1.22628,0.247311,-0.774893][-0.662208,0.744321,-0.08641][0.647557,0.753193,0][-1.22628,0.247311,-0.774893][-0.662208,0.744321,-0.08641][0.647557,0.753193,0][-1.2533,0.219931,-0.803696][-0.662208,0.744321,-0.08641][0.647557,0.729199,0][-1.26726,0.209463,-0.786901][-0.662208,0.744321,-0.08641][0.631682,0.720025,0][-1.36818,-0.236631,-0.604152][-0.716576,-0.696641,-0.034794][0.486161,0.329096,0][-1.53385,-0.0761748,-0.404805][-0.716576,-0.696641,-0.034794][0.297726,0.469709,0][-1.53274,-0.0741968,-0.467463][-0.716576,-0.696641,-0.034794][0.329728,0.471443,0][-1.53274,-0.0741968,-0.467463][-0.716576,-0.696641,-0.034794][0.329728,0.471443,0][-1.37534,-0.226639,-0.656854][-0.716576,-0.696641,-0.034794][0.508753,0.337851,0][-1.36818,-0.236631,-0.604152][-0.716576,-0.696641,-0.034794][0.486161,0.329096,0][-1.53274,-0.0741968,-0.467463][-0.76088,0.648856,0.006899][0.329728,0.471443,0][-1.53385,-0.0761748,-0.404805][-0.76088,0.648856,0.006899][0.297726,0.469709,0][-1.50016,-0.0362368,-0.445344][-0.76088,0.648856,0.006899][0.336046,0.504709,0][-1.50016,-0.0362368,-0.445344][-0.76088,0.648856,0.006899][0.336046,0.504709,0][-1.52126,-0.0605878,-0.481277][-0.76088,0.648856,0.006899][0.342786,0.483369,0][-1.53274,-0.0741968,-0.467463][-0.76088,0.648856,0.006899][0.329728,0.471443,0][-1.52126,-0.0605878,-0.481277][-0.40592,0.849367,-0.33735][0.342786,0.483369,0][-1.50016,-0.0362368,-0.445344][-0.40592,0.849367,-0.33735][0.336046,0.504709,0][-1.3129,-0.0362368,-0.670673][-0.40592,0.849367,-0.33735][0.549041,0.504709,0][-1.3129,-0.0362368,-0.670673][-0.40592,0.849367,-0.33735][0.549041,0.504709,0][-1.32782,-0.0605878,-0.714036][-0.40592,0.849367,-0.33735][0.562804,0.483369,0][-1.52126,-0.0605878,-0.481277][-0.40592,0.849367,-0.33735][0.342786,0.483369,0][-1.17879,-0.0605879,-0.893357][-0.256009,0.197899,-0.946201][0.73231,0.483369,0][-1.31988,-0.153785,-0.874674][-0.256009,0.197899,-0.9462][0.647557,0.401697,0][-1.23934,0.209463,-0.820491][-0.256009,0.197899,-0.946201][0.663433,0.720025,0][-1.23934,0.209463,-0.820491][-0.661216,0.251998,-0.706605][0.663433,0.720025,0][-1.31988,-0.153785,-0.874674][-0.661216,0.251998,-0.706605][0.647557,0.401697,0][-1.2533,0.219931,-0.803696][-0.661216,0.251998,-0.706605][0.647557,0.729199,0][-1.37534,-0.226639,-0.656854][-0.967267,0.168188,-0.190021][0.508753,0.337851,0][-1.31988,-0.153785,-0.874674][-0.967267,0.168188,-0.190021][0.647557,0.401697,0][-1.44336,-0.525384,-0.575002][-0.967267,0.168188,-0.190021][0.431381,0.076049,0][-1.44336,-0.525384,-0.575002][-0.751023,-0.244917,-0.613172][0.431381,0.076049,0][-1.31988,-0.153785,-0.874674][-0.751023,-0.244917,-0.613172][0.647557,0.401697,0][-1.42399,-0.526431,-0.598312][-0.751023,-0.244917,-0.613172][0.453415,0.075132,0][-1.42399,-0.526431,-0.598312][-0.449519,-0.447678,-0.772992][0.453415,0.075132,0][-1.31988,-0.153785,-0.874674][-0.449519,-0.447678,-0.772992][0.647557,0.401697,0][-1.2533,-0.343192,-0.803696][-0.449519,-0.447678,-0.772992][0.647557,0.235712,0][-1.13126,-0.226639,-0.950538][-0.477064,-0.447313,-0.756519][0.786362,0.337851,0][-1.31988,-0.153785,-0.874674][-0.477064,-0.447313,-0.756519][0.647557,0.401697,0][-0.973866,-0.0741969,-1.13993][-0.477064,-0.447313,-0.756519][0.965386,0.471443,0][-0.973866,-0.0741969,-1.13993][-0.624859,0.23018,-0.746035][0.965386,0.471443,0][-1.31988,-0.153785,-0.874674][-0.624859,0.23018,-0.746035][0.647557,0.401697,0][-0.985346,-0.0605879,-1.12612][-0.624859,0.23018,-0.746035][0.952329,0.483369,0][-0.985346,-0.0605879,-1.12612][-0.534069,0.71956,-0.443851][0.952329,0.483369,0][-1.31988,-0.153785,-0.874674][-0.534069,0.71956,-0.443851][0.647557,0.401697,0][-1.17879,-0.0605879,-0.893357][-0.534069,0.71956,-0.443851][0.73231,0.483369,0][-1.2533,-0.343192,-0.803696][-0.845988,-0.420316,-0.328083][0.647557,0.235712,0][-1.31988,-0.153785,-0.874674][-0.845988,-0.420316,-0.328083][0.647557,0.401697,0][-1.08261,-0.526431,-1.00908][-0.845988,-0.420316,-0.328083][0.841699,0.075132,0][-1.08261,-0.526431,-1.00908][-0.74012,-0.24542,-0.626092][0.841699,0.075132,0][-1.31988,-0.153785,-0.874674][-0.74012,-0.24542,-0.626092][0.647557,0.401697,0][-1.06324,-0.525384,-1.03239][-0.74012,-0.24542,-0.626092][0.863734,0.076049,0][-1.06324,-0.525384,-1.03239][-0.303615,0.186852,-0.934294][0.863734,0.076049,0][-1.31988,-0.153785,-0.874674][-0.303614,0.186852,-0.934294][0.647557,0.401697,0][-1.13126,-0.226639,-0.950538][-0.303615,0.186852,-0.934294][0.786362,0.337851,0][-1.2533,0.219931,-0.803696][-0.815203,0.244911,-0.524846][0.647557,0.729199,0][-1.31988,-0.153785,-0.874674][-0.815203,0.244911,-0.524846][0.647557,0.401697,0][-1.26726,0.209463,-0.786901][-0.815202,0.244911,-0.524846][0.631682,0.720025,0][-1.26726,0.209463,-0.786901][-0.972504,0.177349,-0.150939][0.631682,0.720025,0][-1.31988,-0.153785,-0.874674][-0.972504,0.177349,-0.150939][0.647557,0.401697,0][-1.32782,-0.0605878,-0.714036][-0.972504,0.177349,-0.150939][0.562804,0.483369,0][-1.32782,-0.0605878,-0.714036][-0.534066,0.719563,-0.44385][0.562804,0.483369,0][-1.31988,-0.153785,-0.874674][-0.534066,0.719563,-0.44385][0.647557,0.401697,0][-1.52126,-0.0605878,-0.481277][-0.534066,0.719563,-0.44385][0.342786,0.483369,0][-1.52126,-0.0605878,-0.481277][-0.84593,0.220952,-0.485369][0.342786,0.483369,0][-1.31988,-0.153785,-0.874674][-0.84593,0.220952,-0.485369][0.647557,0.401697,0][-1.53274,-0.0741968,-0.467463][-0.84593,0.220952,-0.485369][0.329728,0.471443,0][-1.53274,-0.0741968,-0.467463][-0.834605,-0.422264,-0.353734][0.329728,0.471443,0][-1.31988,-0.153785,-0.874674][-0.834605,-0.422264,-0.353734][0.647557,0.401697,0][-1.37534,-0.226639,-0.656854][-0.834605,-0.422264,-0.353734][0.508753,0.337851,0][-0.396689,0.442792,-1.06224][0.067962,0.00209599,0.997686][0.269059,0.789102,0][-0.315609,0.434505,-1.06774][0.067962,0.00209599,0.997686][0.229039,0.797771,0][-0.319732,0.608955,-1.06783][0.067962,0.00209599,0.997686][0.256266,0.891318,0][-0.319732,0.608955,-1.06783][0.067962,0.00209599,0.997686][0.256266,0.891318,0][-0.340435,0.628858,-1.06646][0.067962,0.00209599,0.997686][0.269059,0.898711,0][-0.396689,0.442792,-1.06224][0.067962,0.00209599,0.997686][0.269059,0.789102,0][-0.554397,0.374095,-1.05135][0.067962,0.00209699,0.997686][0.334622,0.72643,0][-0.674211,0.204482,-1.04283][0.067962,0.00209699,0.997686][0.367436,0.615401,0][-0.632717,0.190337,-1.04563][0.067962,0.00209699,0.997686][0.345523,0.614489,0][-0.632717,0.190337,-1.04563][0.067962,0.00209699,0.997686][0.345523,0.614489,0][-0.453845,0.253744,-1.05795][0.067962,0.00209699,0.997686][0.269059,0.677733,0][-0.554397,0.374095,-1.05135][0.067962,0.00209699,0.997686][0.334622,0.72643,0][-0.303309,0.298723,-1.0683][0.067961,0.00209599,0.997686][0.203495,0.72643,0][-0.127417,0.351688,-1.08039][0.067961,0.00209599,0.997686][0.126948,0.783552,0][-0.149928,0.38477,-1.07892][0.067961,0.00209599,0.997686][0.142515,0.797771,0][-0.149928,0.38477,-1.07892][0.067961,0.00209599,0.997686][0.142515,0.797771,0][-0.315609,0.434505,-1.06774][0.067961,0.00209599,0.997686][0.229039,0.797771,0][-0.303309,0.298723,-1.0683][0.067961,0.00209599,0.997686][0.203495,0.72643,0][-0.33989,0.102436,-1.06539][0.067963,0.00209599,0.997686][0.192597,0.614489,0][-0.29746,0.091388,-1.06826][0.067963,0.00209599,0.997686][0.170682,0.615401,0][-0.303309,0.298723,-1.0683][0.067963,0.00209599,0.997686][0.203495,0.72643,0][-0.303309,0.298723,-1.0683][0.067963,0.00209599,0.997686][0.203495,0.72643,0][-0.453845,0.253744,-1.05795][0.067963,0.00209599,0.997686][0.269059,0.677733,0][-0.33989,0.102436,-1.06539][0.067963,0.00209599,0.997686][0.192597,0.614489,0][-0.368726,0.623662,-1.06452][0.06796,0.00209599,0.997686][0.281853,0.891318,0][-0.468872,0.480512,-1.0574][0.06796,0.00209599,0.997686][0.30908,0.797771,0][-0.396689,0.442792,-1.06224][0.06796,0.00209599,0.997686][0.269059,0.789102,0][-0.396689,0.442792,-1.06224][0.06796,0.00209599,0.997686][0.269059,0.789102,0][-0.340435,0.628858,-1.06646][0.06796,0.00209599,0.997686][0.269059,0.898711,0][-0.368726,0.623662,-1.06452][0.06796,0.00209599,0.997686][0.281853,0.891318,0][-0.634553,0.530246,-1.04622][0.067962,0.00209599,0.997686][0.395605,0.797771,0][-0.671657,0.515059,-1.04366][0.067962,0.00209599,0.997686][0.41117,0.783552,0][-0.554397,0.374095,-1.05135][0.067962,0.00209599,0.997686][0.334622,0.72643,0][-0.554397,0.374095,-1.05135][0.067962,0.00209599,0.997686][0.334622,0.72643,0][-0.468872,0.480512,-1.0574][0.067962,0.00209599,0.997686][0.30908,0.797771,0][-0.634553,0.530246,-1.04622][0.067962,0.00209599,0.997686][0.395605,0.797771,0][-0.396689,0.442792,-1.06224][0.067963,0.00209599,0.997686][0.269059,0.789102,0][-0.453845,0.253744,-1.05795][0.067963,0.00209599,0.997686][0.269059,0.677733,0][-0.303309,0.298723,-1.0683][0.067963,0.00209599,0.997686][0.203495,0.72643,0][-0.303309,0.298723,-1.0683][0.067963,0.00209599,0.997686][0.203495,0.72643,0][-0.315609,0.434505,-1.06774][0.067963,0.00209599,0.997686][0.229039,0.797771,0][-0.396689,0.442792,-1.06224][0.067963,0.00209599,0.997686][0.269059,0.789102,0][-0.554397,0.374095,-1.05135][0.067962,0.00209599,0.997686][0.334622,0.72643,0][-0.453845,0.253744,-1.05795][0.067962,0.00209599,0.997686][0.269059,0.677733,0][-0.396689,0.442792,-1.06224][0.067962,0.00209599,0.997686][0.269059,0.789102,0][-0.396689,0.442792,-1.06224][0.067962,0.00209599,0.997686][0.269059,0.789102,0][-0.468872,0.480512,-1.0574][0.067962,0.00209599,0.997686][0.30908,0.797771,0][-0.554397,0.374095,-1.05135][0.067962,0.00209599,0.997686][0.334622,0.72643,0][-0.333141,0.60226,-1.13014][-0.067964,-0.00209499,-0.997686][0.278904,0.902435,0][-0.328903,0.422984,-1.13005][-0.067964,-0.00209499,-0.997686][0.312749,0.795538,0][-0.39483,0.442774,-1.1256][-0.067964,-0.00209499,-0.997686][0.271103,0.795538,0][-0.39483,0.442774,-1.1256][-0.067964,-0.00209499,-0.997686][0.271103,0.795538,0][-0.343578,0.612292,-1.12945][-0.067964,-0.00209499,-0.997686][0.271103,0.906578,0][-0.333141,0.60226,-1.13014][-0.067964,-0.00209499,-0.997686][0.278904,0.902435,0][-0.533138,0.374839,-1.11604][-0.067961,-0.00209499,-0.997686][0.202898,0.729808,0][-0.446462,0.271995,-1.12173][-0.067961,-0.00209499,-0.997686][0.271103,0.683672,0][-0.630956,0.206595,-1.10902][-0.067961,-0.00209499,-0.997686][0.175706,0.611139,0][-0.630956,0.206595,-1.10902][-0.067961,-0.00209499,-0.997686][0.175706,0.611139,0][-0.647904,0.212373,-1.10788][-0.067961,-0.00209499,-0.997686][0.164879,0.611553,0][-0.533138,0.374839,-1.11604][-0.067961,-0.00209499,-0.997686][0.202898,0.729808,0][-0.317197,0.310018,-1.13061][-0.067961,-0.00209599,-0.997686][0.339308,0.729808,0][-0.328903,0.422984,-1.13005][-0.067961,-0.00209599,-0.997686][0.312749,0.795538,0][-0.15776,0.37161,-1.1416][-0.067961,-0.00209599,-0.997686][0.42086,0.795538,0][-0.15776,0.37161,-1.1416][-0.067961,-0.00209599,-0.997686][0.42086,0.795538,0][-0.150089,0.360337,-1.1421][-0.067961,-0.00209599,-0.997686][0.427277,0.790151,0][-0.317197,0.310018,-1.13061][-0.067961,-0.00209599,-0.997686][0.339308,0.729808,0][-0.317197,0.310018,-1.13061][-0.06796,-0.00209499,-0.997686][0.339308,0.729808,0][-0.311594,0.111418,-1.13058][-0.06796,-0.00209499,-0.997686][0.377327,0.611553,0][-0.328925,0.115932,-1.12941][-0.06796,-0.00209499,-0.997686][0.3665,0.611139,0][-0.328925,0.115932,-1.12941][-0.06796,-0.00209499,-0.997686][0.3665,0.611139,0][-0.446462,0.271995,-1.12173][-0.06796,-0.00209499,-0.997686][0.271103,0.683672,0][-0.317197,0.310018,-1.13061][-0.06796,-0.00209499,-0.997686][0.339308,0.729808,0][-0.39483,0.442774,-1.1256][-0.067962,-0.00209599,-0.997686][0.271103,0.795538,0][-0.460756,0.462564,-1.12115][-0.067962,-0.00209599,-0.997686][0.229457,0.795538,0][-0.357839,0.609674,-1.12847][-0.067962,-0.00209599,-0.997686][0.263302,0.902435,0][-0.357839,0.609674,-1.12847][-0.067962,-0.00209599,-0.997686][0.263302,0.902435,0][-0.343578,0.612292,-1.12945][-0.067962,-0.00209599,-0.997686][0.271103,0.906578,0][-0.39483,0.442774,-1.1256][-0.067962,-0.00209599,-0.997686][0.271103,0.795538,0][-0.533138,0.374839,-1.11604][-0.067962,-0.00209599,-0.997686][0.202898,0.729808,0][-0.644543,0.508762,-1.10873][-0.067962,-0.00209599,-0.997686][0.11493,0.790151,0][-0.631899,0.513937,-1.1096][-0.067962,-0.00209599,-0.997686][0.121346,0.795538,0][-0.631899,0.513937,-1.1096][-0.067962,-0.00209599,-0.997686][0.121346,0.795538,0][-0.460756,0.462564,-1.12115][-0.067962,-0.00209599,-0.997686][0.229457,0.795538,0][-0.533138,0.374839,-1.11604][-0.067962,-0.00209599,-0.997686][0.202898,0.729808,0][-0.39483,0.442774,-1.1256][-0.067961,-0.00209599,-0.997686][0.271103,0.795538,0][-0.328903,0.422984,-1.13005][-0.067961,-0.00209599,-0.997686][0.312749,0.795538,0][-0.317197,0.310018,-1.13061][-0.067961,-0.00209599,-0.997686][0.339308,0.729808,0][-0.317197,0.310018,-1.13061][-0.067961,-0.00209599,-0.997686][0.339308,0.729808,0][-0.446462,0.271995,-1.12173][-0.067961,-0.00209599,-0.997686][0.271103,0.683672,0][-0.39483,0.442774,-1.1256][-0.067961,-0.00209599,-0.997686][0.271103,0.795538,0][-0.39483,0.442774,-1.1256][-0.067964,-0.00209599,-0.997686][0.271103,0.795538,0][-0.446462,0.271995,-1.12173][-0.067964,-0.00209599,-0.997686][0.271103,0.683672,0][-0.533138,0.374839,-1.11604][-0.067964,-0.00209599,-0.997686][0.202898,0.729808,0][-0.533138,0.374839,-1.11604][-0.067964,-0.00209599,-0.997686][0.202898,0.729808,0][-0.460756,0.462564,-1.12115][-0.067964,-0.00209599,-0.997686][0.229457,0.795538,0][-0.39483,0.442774,-1.1256][-0.067964,-0.00209599,-0.997686][0.271103,0.795538,0][-0.343578,0.612292,-1.12945][0.66842,0.710447,-0.220181][0.271103,0.906578,0][-0.340435,0.628858,-1.06646][0.66842,0.710447,-0.220181][0.271103,0.917417,0][-0.319732,0.608955,-1.06783][0.66842,0.710447,-0.220181][0.286578,0.909196,0][-0.319732,0.608955,-1.06783][0.66842,0.710447,-0.220181][0.286578,0.909196,0][-0.333141,0.60226,-1.13014][0.66842,0.710447,-0.220181][0.278904,0.902435,0][-0.343578,0.612292,-1.12945][0.66842,0.710447,-0.220181][0.271103,0.906578,0][-0.333141,0.60226,-1.13014][0.976851,0.0229869,-0.21268][0.278904,0.902435,0][-0.319732,0.608955,-1.06783][0.976852,0.0229869,-0.21268][0.286578,0.909196,0][-0.315609,0.434505,-1.06774][0.976852,0.0229869,-0.21268][0.319512,0.805176,0][-0.315609,0.434505,-1.06774][0.976852,0.0229869,-0.21268][0.319512,0.805176,0][-0.328903,0.422984,-1.13005][0.976851,0.0229869,-0.21268][0.312749,0.795538,0][-0.333141,0.60226,-1.13014][0.976851,0.0229869,-0.21268][0.278904,0.902435,0][-0.453845,0.253744,-1.05795][0.311331,-0.922556,-0.227954][0.271103,0.671704,0][-0.632717,0.190337,-1.04563][0.311331,-0.922556,-0.227954][0.178614,0.601381,0][-0.630956,0.206595,-1.10902][0.311331,-0.922556,-0.227954][0.175706,0.611139,0][-0.630956,0.206595,-1.10902][0.311331,-0.922556,-0.227954][0.175706,0.611139,0][-0.446462,0.271995,-1.12173][0.311331,-0.922556,-0.227954][0.271103,0.683672,0][-0.453845,0.253744,-1.05795][0.311331,-0.922556,-0.227954][0.271103,0.671704,0][-0.632717,0.190337,-1.04563][-0.327628,-0.912957,-0.243249][0.178614,0.601381,0][-0.674211,0.204482,-1.04283][-0.327628,-0.912957,-0.243249][0.152106,0.602396,0][-0.647904,0.212373,-1.10788][-0.327628,-0.912957,-0.243249][0.164879,0.611553,0][-0.647904,0.212373,-1.10788][-0.327628,-0.912957,-0.243249][0.164879,0.611553,0][-0.630956,0.206595,-1.10902][-0.327628,-0.912957,-0.243249][0.175706,0.611139,0][-0.632717,0.190337,-1.04563][-0.327628,-0.912957,-0.243249][0.178614,0.601381,0][-0.647904,0.212373,-1.10788][-0.79572,0.549281,-0.255186][0.164879,0.611553,0][-0.674211,0.204482,-1.04283][-0.79572,0.549281,-0.255186][0.152106,0.602396,0][-0.554397,0.374095,-1.05135][-0.79572,0.549281,-0.255186][0.191797,0.725853,0][-0.554397,0.374095,-1.05135][-0.79572,0.549281,-0.255186][0.191797,0.725853,0][-0.533138,0.374839,-1.11604][-0.79572,0.549281,-0.255186][0.202898,0.729808,0][-0.647904,0.212373,-1.10788][-0.79572,0.549281,-0.255186][0.164879,0.611553,0][-0.315609,0.434505,-1.06774][0.265554,0.936312,-0.229785][0.319512,0.805176,0][-0.149928,0.38477,-1.07892][0.265554,0.936312,-0.229785][0.424172,0.805176,0][-0.15776,0.37161,-1.1416][0.265554,0.936312,-0.229785][0.42086,0.795538,0][-0.15776,0.37161,-1.1416][0.265554,0.936312,-0.229785][0.42086,0.795538,0][-0.328903,0.422984,-1.13005][0.265554,0.936312,-0.229785][0.312749,0.795538,0][-0.315609,0.434505,-1.06774][0.265554,0.936312,-0.229785][0.319512,0.805176,0][-0.149928,0.38477,-1.07892][0.802572,0.555701,-0.216968][0.424172,0.805176,0][-0.127417,0.351688,-1.08039][0.802572,0.555701,-0.216968][0.443001,0.789368,0][-0.150089,0.360337,-1.1421][0.802572,0.555701,-0.216968][0.427277,0.790151,0][-0.150089,0.360337,-1.1421][0.802572,0.555701,-0.216968][0.427277,0.790151,0][-0.15776,0.37161,-1.1416][0.802572,0.555701,-0.216968][0.42086,0.795538,0][-0.149928,0.38477,-1.07892][0.802572,0.555701,-0.216968][0.424172,0.805176,0][-0.150089,0.360337,-1.1421][0.266197,-0.936316,-0.229022][0.427277,0.790151,0][-0.127417,0.351688,-1.08039][0.266197,-0.936316,-0.229022][0.443001,0.789368,0][-0.303309,0.298723,-1.0683][0.266197,-0.936316,-0.229022][0.350409,0.725853,0][-0.303309,0.298723,-1.0683][0.266197,-0.936316,-0.229022][0.350409,0.725853,0][-0.317197,0.310018,-1.13061][0.266197,-0.936316,-0.229022][0.339308,0.729808,0][-0.150089,0.360337,-1.1421][0.266197,-0.936316,-0.229022][0.427277,0.790151,0][-0.303309,0.298723,-1.0683][0.976734,0.0275189,-0.212683][0.350409,0.725853,0][-0.29746,0.091388,-1.06826][0.976734,0.0275189,-0.212683][0.3901,0.602396,0][-0.311594,0.111418,-1.13058][0.976734,0.0275189,-0.212683][0.377327,0.611553,0][-0.311594,0.111418,-1.13058][0.976734,0.0275189,-0.212683][0.377327,0.611553,0][-0.317197,0.310018,-1.13061][0.976734,0.0275189,-0.212683][0.339308,0.729808,0][-0.303309,0.298723,-1.0683][0.976734,0.0275189,-0.212683][0.350409,0.725853,0][-0.311594,0.111418,-1.13058][-0.259755,-0.934963,-0.241602][0.377327,0.611553,0][-0.29746,0.091388,-1.06826][-0.259755,-0.934963,-0.241602][0.3901,0.602396,0][-0.33989,0.102436,-1.06539][-0.259755,-0.934963,-0.241602][0.363592,0.601381,0][-0.33989,0.102436,-1.06539][-0.259755,-0.934963,-0.241602][0.363592,0.601381,0][-0.328925,0.115932,-1.12941][-0.259755,-0.934963,-0.241602][0.3665,0.611139,0][-0.311594,0.111418,-1.13058][-0.259755,-0.934963,-0.241602][0.377327,0.611553,0][-0.328925,0.115932,-1.12941][-0.778504,-0.573805,-0.25432][0.3665,0.611139,0][-0.33989,0.102436,-1.06539][-0.778504,-0.573805,-0.25432][0.363592,0.601381,0][-0.453845,0.253744,-1.05795][-0.778505,-0.573805,-0.25432][0.271103,0.671704,0][-0.453845,0.253744,-1.05795][-0.778505,-0.573805,-0.25432][0.271103,0.671704,0][-0.446462,0.271995,-1.12173][-0.778504,-0.573805,-0.25432][0.271103,0.683672,0][-0.328925,0.115932,-1.12941][-0.778504,-0.573805,-0.25432][0.3665,0.611139,0][-0.468872,0.480512,-1.0574][-0.798171,0.54569,-0.255238][0.222695,0.805176,0][-0.368726,0.623662,-1.06452][-0.798171,0.54569,-0.255238][0.255628,0.909196,0][-0.357839,0.609674,-1.12847][-0.798171,0.54569,-0.255238][0.263302,0.902435,0][-0.357839,0.609674,-1.12847][-0.798171,0.54569,-0.255238][0.263302,0.902435,0][-0.460756,0.462564,-1.12115][-0.798171,0.54569,-0.255238][0.229457,0.795538,0][-0.468872,0.480512,-1.0574][-0.798171,0.54569,-0.255238][0.222695,0.805176,0][-0.357839,0.609674,-1.12847][-0.191236,0.951573,-0.240704][0.263302,0.902435,0][-0.368726,0.623662,-1.06452][-0.191236,0.951573,-0.240704][0.255628,0.909196,0][-0.340435,0.628858,-1.06646][-0.191236,0.951573,-0.240704][0.271103,0.917417,0][-0.340435,0.628858,-1.06646][-0.191236,0.951573,-0.240704][0.271103,0.917417,0][-0.343578,0.612292,-1.12945][-0.191236,0.951573,-0.240704][0.271103,0.906578,0][-0.357839,0.609674,-1.12847][-0.191236,0.951573,-0.240704][0.263302,0.902435,0][-0.554397,0.374095,-1.05135][-0.750403,-0.610387,-0.25362][0.191797,0.725853,0][-0.671657,0.515059,-1.04366][-0.750403,-0.610387,-0.25362][0.099205,0.789368,0][-0.644543,0.508762,-1.10873][-0.750403,-0.610387,-0.25362][0.11493,0.790151,0][-0.644543,0.508762,-1.10873][-0.750403,-0.610387,-0.25362][0.11493,0.790151,0][-0.533138,0.374839,-1.11604][-0.750403,-0.610387,-0.25362][0.202898,0.729808,0][-0.554397,0.374095,-1.05135][-0.750403,-0.610387,-0.25362][0.191797,0.725853,0][-0.644543,0.508762,-1.10873][-0.381674,0.891162,-0.245267][0.11493,0.790151,0][-0.671657,0.515059,-1.04366][-0.381674,0.891162,-0.245267][0.099205,0.789368,0][-0.634553,0.530246,-1.04622][-0.381674,0.891162,-0.245267][0.118034,0.805176,0][-0.634553,0.530246,-1.04622][-0.381674,0.891162,-0.245267][0.118034,0.805176,0][-0.631899,0.513937,-1.1096][-0.381674,0.891162,-0.245267][0.121346,0.795538,0][-0.644543,0.508762,-1.10873][-0.381674,0.891162,-0.245267][0.11493,0.790151,0][-0.631899,0.513937,-1.1096][0.265554,0.936311,-0.229787][0.121346,0.795538,0][-0.634553,0.530246,-1.04622][0.265554,0.936311,-0.229787][0.118034,0.805176,0][-0.468872,0.480512,-1.0574][0.265554,0.936311,-0.229787][0.222695,0.805176,0][-0.468872,0.480512,-1.0574][0.265554,0.936311,-0.229787][0.222695,0.805176,0][-0.460756,0.462564,-1.12115][0.265554,0.936311,-0.229787][0.229457,0.795538,0][-0.631899,0.513937,-1.1096][0.265554,0.936311,-0.229787][0.121346,0.795538,0][-0.836264,-0.0273279,-0.927349][0.317589,0.122347,0.940302][0.269059,0.789102,0][-0.715359,0.0497111,-0.978208][0.317589,0.122347,0.940302][0.229039,0.797771,0][-0.914841,0.301595,-0.943607][0.317589,0.122347,0.940302][0.256266,0.891318,0][-0.914841,0.301595,-0.943607][0.317589,0.122347,0.940302][0.256266,0.891318,0][-0.96547,0.308068,-0.927349][0.317589,0.122347,0.940302][0.269059,0.898711,0][-0.836264,-0.0273279,-0.927349][0.317589,0.122347,0.940302][0.269059,0.789102,0][-0.977206,-0.301846,-0.844027][0.317587,0.122346,0.940303][0.334622,0.72643,0][-0.953838,-0.683003,-0.802326][0.317587,0.122346,0.940303][0.367436,0.615401,0][-0.880961,-0.658134,-0.830176][0.317587,0.122346,0.940303][0.345523,0.614489,0][-0.880961,-0.658134,-0.830176][0.317587,0.122346,0.940303][0.345523,0.614489,0][-0.704986,-0.368102,-0.927349][0.317587,0.122346,0.940303][0.269059,0.677733,0][-0.977206,-0.301846,-0.844027][0.317587,0.122346,0.940303][0.334622,0.72643,0][-0.547574,-0.136337,-1.01067][0.317587,0.122346,0.940303][0.203495,0.72643,0][-0.364102,0.135067,-1.10795][0.317587,0.122346,0.940303][0.126948,0.783552,0][-0.431865,0.158924,-1.08817][0.317587,0.122346,0.940303][0.142515,0.797771,0][-0.431865,0.158924,-1.08817][0.317587,0.122346,0.940303][0.142515,0.797771,0][-0.715359,0.0497111,-0.978208][0.317587,0.122346,0.940303][0.229039,0.797771,0][-0.547574,-0.136337,-1.01067][0.317587,0.122346,0.940303][0.203495,0.72643,0][-0.379908,-0.46511,-1.02452][0.317588,0.122346,0.940303][0.192597,0.614489,0][-0.309182,-0.434658,-1.05237][0.317588,0.122346,0.940303][0.170682,0.615401,0][-0.547574,-0.136337,-1.01067][0.317588,0.122346,0.940303][0.203495,0.72643,0][-0.547574,-0.136337,-1.01067][0.317588,0.122346,0.940303][0.203495,0.72643,0][-0.704986,-0.368102,-0.927349][0.317588,0.122346,0.940303][0.269059,0.677733,0][-0.379908,-0.46511,-1.02452][0.317588,0.122346,0.940303][0.192597,0.614489,0][-0.998672,0.2693,-0.911091][0.317586,0.122346,0.940303][0.281853,0.891318,0][-0.977607,-0.0513149,-0.876489][0.317586,0.122346,0.940304][0.30908,0.797771,0][-0.836264,-0.0273279,-0.927349][0.317586,0.122346,0.940303][0.269059,0.789102,0][-0.836264,-0.0273279,-0.927349][0.317586,0.122346,0.940303][0.269059,0.789102,0][-0.96547,0.308068,-0.927349][0.317586,0.122346,0.940304][0.269059,0.898711,0][-0.998672,0.2693,-0.911091][0.317586,0.122346,0.940303][0.281853,0.891318,0][-1.2611,-0.160528,-0.766529][0.317588,0.122346,0.940303][0.395605,0.797771,0][-1.29534,-0.22368,-0.746746][0.317588,0.122346,0.940303][0.41117,0.783552,0][-0.977206,-0.301846,-0.844027][0.317588,0.122346,0.940303][0.334622,0.72643,0][-0.977206,-0.301846,-0.844027][0.317588,0.122346,0.940303][0.334622,0.72643,0][-0.977607,-0.0513149,-0.876489][0.317588,0.122346,0.940303][0.30908,0.797771,0][-1.2611,-0.160528,-0.766529][0.317588,0.122346,0.940303][0.395605,0.797771,0][-0.836264,-0.0273279,-0.927349][0.317587,0.122346,0.940303][0.269059,0.789102,0][-0.704986,-0.368102,-0.927349][0.317588,0.122346,0.940303][0.269059,0.677733,0][-0.547574,-0.136337,-1.01067][0.317587,0.122346,0.940303][0.203495,0.72643,0][-0.547574,-0.136337,-1.01067][0.317587,0.122346,0.940303][0.203495,0.72643,0][-0.715359,0.0497111,-0.978208][0.317588,0.122346,0.940303][0.229039,0.797771,0][-0.836264,-0.0273279,-0.927349][0.317587,0.122346,0.940303][0.269059,0.789102,0][-0.977206,-0.301846,-0.844027][0.317587,0.122346,0.940303][0.334622,0.72643,0][-0.704986,-0.368102,-0.927349][0.317587,0.122346,0.940303][0.269059,0.677733,0][-0.836264,-0.0273279,-0.927349][0.317587,0.122346,0.940303][0.269059,0.789102,0][-0.836264,-0.0273279,-0.927349][0.317587,0.122346,0.940303][0.269059,0.789102,0][-0.977607,-0.0513149,-0.876489][0.317587,0.122346,0.940303][0.30908,0.797771,0][-0.977206,-0.301846,-0.844027][0.317587,0.122346,0.940303][0.334622,0.72643,0][-0.940761,0.270239,-0.982272][-0.317586,-0.122346,-0.940303][0.278904,0.902435,0][-0.735762,0.0113891,-1.01783][-0.317586,-0.122346,-0.940303][0.312749,0.795538,0][-0.848567,-0.0320679,-0.974076][-0.317586,-0.122346,-0.940304][0.271103,0.795538,0][-0.848567,-0.0320679,-0.974076][-0.317586,-0.122346,-0.940304][0.271103,0.795538,0][-0.966284,0.273502,-0.974076][-0.317586,-0.122346,-0.940304][0.271103,0.906578,0][-0.940761,0.270239,-0.982272][-0.317586,-0.122346,-0.940303][0.278904,0.902435,0][-0.963632,-0.284119,-0.902417][-0.317589,-0.122346,-0.940302][0.202898,0.729808,0][-0.729975,-0.339909,-0.974076][-0.317589,-0.122346,-0.940303][0.271103,0.683672,0][-0.911482,-0.639056,-0.873849][-0.317589,-0.122346,-0.940303][0.175706,0.611139,0][-0.911482,-0.639056,-0.873849][-0.317589,-0.122346,-0.940303][0.175706,0.611139,0][-0.941248,-0.649215,-0.862473][-0.317589,-0.122346,-0.940302][0.164879,0.611553,0][-0.963632,-0.284119,-0.902417][-0.317589,-0.122346,-0.940302][0.202898,0.729808,0][-0.594138,-0.141776,-1.04574][-0.317588,-0.122346,-0.940303][0.339308,0.729808,0][-0.735762,0.0113891,-1.01783][-0.317588,-0.122346,-0.940303][0.312749,0.795538,0][-0.44292,0.124202,-1.13142][-0.317588,-0.122346,-0.940303][0.42086,0.795538,0][-0.44292,0.124202,-1.13142][-0.317588,-0.122346,-0.940303][0.42086,0.795538,0][-0.41983,0.116073,-1.13816][-0.317588,-0.122346,-0.940303][0.427277,0.790151,0][-0.594138,-0.141776,-1.04574][-0.317588,-0.122346,-0.940303][0.339308,0.729808,0][-0.594138,-0.141776,-1.04574][-0.317587,-0.122346,-0.940303][0.339308,0.729808,0][-0.365792,-0.427528,-1.08568][-0.317587,-0.122346,-0.940303][0.377327,0.611553,0][-0.394681,-0.439966,-1.0743][-0.317587,-0.122346,-0.940303][0.3665,0.611139,0][-0.394681,-0.439966,-1.0743][-0.317587,-0.122346,-0.940303][0.3665,0.611139,0][-0.729975,-0.339909,-0.974076][-0.317587,-0.122346,-0.940303][0.271103,0.683672,0][-0.594138,-0.141776,-1.04574][-0.317587,-0.122346,-0.940303][0.339308,0.729808,0][-0.848567,-0.0320679,-0.974076][-0.317588,-0.122345,-0.940303][0.271103,0.795538,0][-0.961372,-0.0755249,-0.930322][-0.317588,-0.122345,-0.940303][0.229457,0.795538,0][-0.983021,0.253959,-0.96588][-0.317588,-0.122345,-0.940303][0.263302,0.902435,0][-0.983021,0.253959,-0.96588][-0.317588,-0.122345,-0.940303][0.263302,0.902435,0][-0.966284,0.273502,-0.974076][-0.317588,-0.122345,-0.940303][0.271103,0.906578,0][-0.848567,-0.0320679,-0.974076][-0.317588,-0.122345,-0.940303][0.271103,0.795538,0][-0.963632,-0.284119,-0.902417][-0.317588,-0.122348,-0.940303][0.202898,0.729808,0][-1.26588,-0.209858,-0.809995][-0.317588,-0.122348,-0.940303][0.11493,0.790151,0][-1.25421,-0.188338,-0.816736][-0.317588,-0.122348,-0.940303][0.121346,0.795538,0][-1.25421,-0.188338,-0.816736][-0.317588,-0.122348,-0.940303][0.121346,0.795538,0][-0.961372,-0.0755249,-0.930322][-0.317588,-0.122348,-0.940303][0.229457,0.795538,0][-0.963632,-0.284119,-0.902417][-0.317588,-0.122348,-0.940303][0.202898,0.729808,0][-0.848567,-0.0320679,-0.974076][-0.317587,-0.122346,-0.940303][0.271103,0.795538,0][-0.735762,0.0113891,-1.01783][-0.317587,-0.122346,-0.940303][0.312749,0.795538,0][-0.594138,-0.141776,-1.04574][-0.317587,-0.122346,-0.940303][0.339308,0.729808,0][-0.594138,-0.141776,-1.04574][-0.317587,-0.122346,-0.940303][0.339308,0.729808,0][-0.729975,-0.339909,-0.974076][-0.317587,-0.122346,-0.940303][0.271103,0.683672,0][-0.848567,-0.0320679,-0.974076][-0.317587,-0.122346,-0.940303][0.271103,0.795538,0][-0.848567,-0.0320679,-0.974076][-0.317587,-0.122347,-0.940303][0.271103,0.795538,0][-0.729975,-0.339909,-0.974076][-0.317587,-0.122347,-0.940303][0.271103,0.683672,0][-0.963632,-0.284119,-0.902417][-0.317587,-0.122347,-0.940303][0.202898,0.729808,0][-0.963632,-0.284119,-0.902417][-0.317587,-0.122347,-0.940303][0.202898,0.729808,0][-0.961372,-0.0755249,-0.930322][-0.317587,-0.122347,-0.940303][0.229457,0.795538,0][-0.848567,-0.0320679,-0.974076][-0.317587,-0.122347,-0.940303][0.271103,0.795538,0][-0.966284,0.273502,-0.974076][-0.0874409,0.801593,-0.591441][0.271103,0.906578,0][-0.96547,0.308068,-0.927349][-0.0874409,0.801593,-0.591441][0.271103,0.917417,0][-0.914841,0.301595,-0.943607][-0.0874409,0.801593,-0.591441][0.286578,0.909196,0][-0.914841,0.301595,-0.943607][-0.0874409,0.801593,-0.591441][0.286578,0.909196,0][-0.940761,0.270239,-0.982272][-0.0874409,0.801593,-0.591441][0.278904,0.902435,0][-0.966284,0.273502,-0.974076][-0.0874409,0.801593,-0.591441][0.271103,0.906578,0][-0.940761,0.270239,-0.982272][0.489595,0.487087,-0.723217][0.278904,0.902435,0][-0.914841,0.301595,-0.943607][0.489595,0.487087,-0.723217][0.286578,0.909196,0][-0.715359,0.0497111,-0.978208][0.489595,0.487087,-0.723217][0.319512,0.805176,0][-0.715359,0.0497111,-0.978208][0.489595,0.487087,-0.723217][0.319512,0.805176,0][-0.735762,0.0113891,-1.01783][0.489595,0.487087,-0.723217][0.312749,0.795538,0][-0.940761,0.270239,-0.982272][0.489595,0.487087,-0.723217][0.278904,0.902435,0][-0.704986,-0.368102,-0.927349][0.555098,-0.546807,-0.626792][0.271103,0.671704,0][-0.880961,-0.658134,-0.830176][0.555098,-0.546807,-0.626792][0.178614,0.601381,0][-0.911482,-0.639056,-0.873849][0.555098,-0.546807,-0.626792][0.175706,0.611139,0][-0.911482,-0.639056,-0.873849][0.555098,-0.546807,-0.626792][0.175706,0.611139,0][-0.729975,-0.339909,-0.974076][0.555098,-0.546807,-0.626792][0.271103,0.683672,0][-0.704986,-0.368102,-0.927349][0.555098,-0.546807,-0.626792][0.271103,0.671704,0][-0.880961,-0.658134,-0.830176][0.120525,-0.876055,-0.466907][0.178614,0.601381,0][-0.953838,-0.683003,-0.802326][0.120525,-0.876055,-0.466907][0.152106,0.602396,0][-0.941248,-0.649215,-0.862473][0.120525,-0.876055,-0.466907][0.164879,0.611553,0][-0.941248,-0.649215,-0.862473][0.120525,-0.876055,-0.466907][0.164879,0.611553,0][-0.911482,-0.639056,-0.873849][0.120525,-0.876055,-0.466907][0.175706,0.611139,0][-0.880961,-0.658134,-0.830176][0.120525,-0.876055,-0.466907][0.178614,0.601381,0][-0.941248,-0.649215,-0.862473][-0.964261,-0.0865168,-0.250432][0.164879,0.611553,0][-0.953838,-0.683003,-0.802326][-0.964261,-0.0865168,-0.250432][0.152106,0.602396,0][-0.977206,-0.301846,-0.844027][-0.964261,-0.0865168,-0.250432][0.191797,0.725853,0][-0.977206,-0.301846,-0.844027][-0.964261,-0.0865168,-0.250432][0.191797,0.725853,0][-0.963632,-0.284119,-0.902417][-0.964261,-0.0865168,-0.250432][0.202898,0.729808,0][-0.941248,-0.649215,-0.862473][-0.964261,-0.0865168,-0.250432][0.164879,0.611553,0][-0.715359,0.0497111,-0.978208][-0.470792,0.742807,-0.476018][0.319512,0.805176,0][-0.431865,0.158924,-1.08817][-0.470792,0.742807,-0.476018][0.424172,0.805176,0][-0.44292,0.124202,-1.13142][-0.470792,0.742807,-0.476018][0.42086,0.795538,0][-0.44292,0.124202,-1.13142][-0.470792,0.742807,-0.476018][0.42086,0.795538,0][-0.735762,0.0113891,-1.01783][-0.470792,0.742807,-0.476018][0.312749,0.795538,0][-0.715359,0.0497111,-0.978208][-0.470792,0.742807,-0.476018][0.319512,0.805176,0][-0.431865,0.158924,-1.08817][0.0839271,0.766449,-0.636799][0.424172,0.805176,0][-0.364102,0.135067,-1.10795][0.0839271,0.766448,-0.636799][0.443001,0.789368,0][-0.41983,0.116073,-1.13816][0.0839271,0.766448,-0.636799][0.427277,0.790151,0][-0.41983,0.116073,-1.13816][0.0839271,0.766448,-0.636799][0.427277,0.790151,0][-0.44292,0.124202,-1.13142][0.0839271,0.766448,-0.636799][0.42086,0.795538,0][-0.431865,0.158924,-1.08817][0.0839271,0.766449,-0.636799][0.424172,0.805176,0][-0.41983,0.116073,-1.13816][0.53198,-0.580561,-0.616398][0.427277,0.790151,0][-0.364102,0.135067,-1.10795][0.53198,-0.580561,-0.616398][0.443001,0.789368,0][-0.547574,-0.136337,-1.01067][0.53198,-0.580561,-0.616398][0.350409,0.725853,0][-0.547574,-0.136337,-1.01067][0.53198,-0.580561,-0.616398][0.350409,0.725853,0][-0.594138,-0.141776,-1.04574][0.53198,-0.580561,-0.616398][0.339308,0.729808,0][-0.41983,0.116073,-1.13816][0.53198,-0.580561,-0.616398][0.427277,0.790151,0][-0.547574,-0.136337,-1.01067][0.487029,0.49023,-0.722826][0.350409,0.725853,0][-0.309182,-0.434658,-1.05237][0.487029,0.49023,-0.722826][0.3901,0.602396,0][-0.365792,-0.427528,-1.08568][0.487029,0.49023,-0.722826][0.377327,0.611553,0][-0.365792,-0.427528,-1.08568][0.487029,0.49023,-0.722826][0.377327,0.611553,0][-0.594138,-0.141776,-1.04574][0.487029,0.49023,-0.722826][0.339308,0.729808,0][-0.547574,-0.136337,-1.01067][0.487029,0.49023,-0.722826][0.350409,0.725853,0][-0.365792,-0.427528,-1.08568][0.177607,-0.8562,-0.485156][0.377327,0.611553,0][-0.309182,-0.434658,-1.05237][0.177607,-0.8562,-0.485156][0.3901,0.602396,0][-0.379908,-0.46511,-1.02452][0.177607,-0.8562,-0.485156][0.363592,0.601381,0][-0.379908,-0.46511,-1.02452][0.177607,-0.8562,-0.485156][0.363592,0.601381,0][-0.394681,-0.439966,-1.0743][0.177607,-0.8562,-0.485156][0.3665,0.611139,0][-0.365792,-0.427528,-1.08568][0.177607,-0.8562,-0.485156][0.377327,0.611553,0][-0.394681,-0.439966,-1.0743][-0.359721,-0.871455,-0.333418][0.3665,0.611139,0][-0.379908,-0.46511,-1.02452][-0.359721,-0.871455,-0.333418][0.363592,0.601381,0][-0.704986,-0.368102,-0.927349][-0.359721,-0.871455,-0.333418][0.271103,0.671704,0][-0.704986,-0.368102,-0.927349][-0.359721,-0.871455,-0.333418][0.271103,0.671704,0][-0.729975,-0.339909,-0.974076][-0.359721,-0.871455,-0.333418][0.271103,0.683672,0][-0.394681,-0.439966,-1.0743][-0.359721,-0.871455,-0.333418][0.3665,0.611139,0][-0.977607,-0.0513149,-0.876489][-0.963999,-0.0903288,-0.250094][0.222695,0.805176,0][-0.998672,0.2693,-0.911091][-0.963999,-0.0903288,-0.250094][0.255628,0.909196,0][-0.983021,0.253959,-0.96588][-0.963999,-0.0903288,-0.250094][0.263302,0.902435,0][-0.983021,0.253959,-0.96588][-0.963999,-0.0903288,-0.250094][0.263302,0.902435,0][-0.961372,-0.0755249,-0.930322][-0.963999,-0.0903288,-0.250094][0.229457,0.795538,0][-0.977607,-0.0513149,-0.876489][-0.963999,-0.0903288,-0.250094][0.222695,0.805176,0][-0.983021,0.253959,-0.96588][-0.777159,0.512318,-0.365451][0.263302,0.902435,0][-0.998672,0.2693,-0.911091][-0.777159,0.512318,-0.365451][0.255628,0.909196,0][-0.96547,0.308068,-0.927349][-0.777159,0.512318,-0.365451][0.271103,0.917417,0][-0.96547,0.308068,-0.927349][-0.777159,0.512318,-0.365451][0.271103,0.917417,0][-0.966284,0.273502,-0.974076][-0.777159,0.512318,-0.365451][0.271103,0.906578,0][-0.983021,0.253959,-0.96588][-0.777159,0.512318,-0.365451][0.263302,0.902435,0][-0.977206,-0.301846,-0.844027][-0.321666,-0.882641,-0.342747][0.191797,0.725853,0][-1.29534,-0.22368,-0.746746][-0.321666,-0.882641,-0.342746][0.099205,0.789368,0][-1.26588,-0.209858,-0.809995][-0.321666,-0.882641,-0.342747][0.11493,0.790151,0][-1.26588,-0.209858,-0.809995][-0.321666,-0.882641,-0.342747][0.11493,0.790151,0][-0.963632,-0.284119,-0.902417][-0.321666,-0.882641,-0.342746][0.202898,0.729808,0][-0.977206,-0.301846,-0.844027][-0.321666,-0.882641,-0.342747][0.191797,0.725853,0][-1.26588,-0.209858,-0.809995][-0.870389,0.370301,-0.3245][0.11493,0.790151,0][-1.29534,-0.22368,-0.746746][-0.870389,0.370301,-0.3245][0.099205,0.789368,0][-1.2611,-0.160528,-0.766529][-0.870389,0.370301,-0.3245][0.118034,0.805176,0][-1.2611,-0.160528,-0.766529][-0.870389,0.370301,-0.3245][0.118034,0.805176,0][-1.25421,-0.188338,-0.816736][-0.870389,0.370301,-0.3245][0.121346,0.795538,0][-1.26588,-0.209858,-0.809995][-0.870389,0.370301,-0.3245][0.11493,0.790151,0][-1.25421,-0.188338,-0.816736][-0.470792,0.742805,-0.47602][0.121346,0.795538,0][-1.2611,-0.160528,-0.766529][-0.470792,0.742806,-0.47602][0.118034,0.805176,0][-0.977607,-0.0513149,-0.876489][-0.470792,0.742806,-0.47602][0.222695,0.805176,0][-0.977607,-0.0513149,-0.876489][-0.470792,0.742806,-0.47602][0.222695,0.805176,0][-0.961372,-0.0755249,-0.930322][-0.470792,0.742806,-0.47602][0.229457,0.795538,0][-1.25421,-0.188338,-0.816736][-0.470792,0.742805,-0.47602][0.121346,0.795538,0][-1.339,-0.0233348,-0.197456][0.905081,0.34867,0.243428][0.269059,0.789102,0][-1.31158,0.0176912,-0.358168][0.905081,0.34867,0.243428][0.229039,0.797771,0][-1.44746,0.294075,-0.248831][0.905081,0.34867,0.243428][0.256266,0.891318,0][-1.44746,0.294075,-0.248831][0.905081,0.34867,0.243428][0.256266,0.891318,0][-1.46821,0.312061,-0.197456][0.905081,0.34867,0.243428][0.269059,0.898711,0][-1.339,-0.0233348,-0.197456][0.905081,0.34867,0.243428][0.269059,0.789102,0][-1.32679,-0.238853,0.065833][0.905082,0.348669,0.243427][0.334622,0.72643,0][-1.22677,-0.590481,0.197605][0.905082,0.348669,0.243427][0.367436,0.615401,0][-1.20509,-0.585333,0.109602][0.905082,0.348669,0.243427][0.345523,0.614489,0][-1.20509,-0.585333,0.109602][0.905082,0.348669,0.243427][0.345523,0.614489,0][-1.20772,-0.364109,-0.197456][0.905082,0.348669,0.243427][0.269059,0.677733,0][-1.32679,-0.238853,0.065833][0.905082,0.348669,0.243427][0.334622,0.72643,0][-1.20346,-0.191343,-0.460746][0.905081,0.34867,0.243429][0.203495,0.72643,0][-1.1988,0.0111761,-0.768146][0.905081,0.34867,0.243429][0.126948,0.783552,0][-1.23021,0.0490402,-0.705634][0.905081,0.34867,0.243429][0.142515,0.797771,0][-1.23021,0.0490402,-0.705634][0.905081,0.34867,0.243429][0.142515,0.797771,0][-1.31158,0.0176912,-0.358168][0.905081,0.34867,0.243429][0.229039,0.797771,0][-1.20346,-0.191343,-0.460746][0.905081,0.34867,0.243429][0.203495,0.72643,0][-1.06126,-0.529925,-0.504515][0.90508,0.348671,0.243431][0.192597,0.614489,0][-1.04172,-0.519194,-0.592518][0.90508,0.348671,0.243431][0.170682,0.615401,0][-1.20346,-0.191343,-0.460746][0.90508,0.348671,0.243431][0.203495,0.72643,0][-1.20346,-0.191343,-0.460746][0.90508,0.348671,0.243431][0.203495,0.72643,0][-1.20772,-0.364109,-0.197456][0.90508,0.348671,0.243431][0.269059,0.677733,0][-1.06126,-0.529925,-0.504515][0.90508,0.348671,0.243431][0.192597,0.614489,0][-1.47153,0.284805,-0.146082][0.905081,0.348671,0.243429][0.281853,0.891318,0][-1.38686,-0.0113088,-0.036745][0.90508,0.348671,0.24343][0.30908,0.797771,0][-1.339,-0.0233348,-0.197456][0.905081,0.348671,0.243429][0.269059,0.789102,0][-1.339,-0.0233348,-0.197456][0.905081,0.348671,0.243429][0.269059,0.789102,0][-1.46821,0.312061,-0.197456][0.90508,0.348671,0.243429][0.269059,0.898711,0][-1.47153,0.284805,-0.146082][0.905081,0.348671,0.243429][0.281853,0.891318,0][-1.46824,-0.0426578,0.310721][0.905081,0.348669,0.24343][0.395605,0.797771,0][-1.46612,-0.0918028,0.373233][0.905081,0.348669,0.24343][0.41117,0.783552,0][-1.32679,-0.238853,0.065833][0.905081,0.348669,0.24343][0.334622,0.72643,0][-1.32679,-0.238853,0.065833][0.905081,0.348669,0.24343][0.334622,0.72643,0][-1.38686,-0.0113088,-0.036745][0.905081,0.348669,0.24343][0.30908,0.797771,0][-1.46824,-0.0426578,0.310721][0.905081,0.348669,0.24343][0.395605,0.797771,0][-1.339,-0.0233348,-0.197456][0.905081,0.348669,0.24343][0.269059,0.789102,0][-1.20772,-0.364109,-0.197456][0.905081,0.348669,0.24343][0.269059,0.677733,0][-1.20346,-0.191343,-0.460746][0.905081,0.348669,0.24343][0.203495,0.72643,0][-1.20346,-0.191343,-0.460746][0.905081,0.348669,0.24343][0.203495,0.72643,0][-1.31158,0.0176912,-0.358168][0.905081,0.348669,0.24343][0.229039,0.797771,0][-1.339,-0.0233348,-0.197456][0.905081,0.348669,0.24343][0.269059,0.789102,0][-1.32679,-0.238853,0.065833][0.905082,0.348669,0.243428][0.334622,0.72643,0][-1.20772,-0.364109,-0.197456][0.905082,0.348669,0.243428][0.269059,0.677733,0][-1.339,-0.0233348,-0.197456][0.905082,0.348669,0.243428][0.269059,0.789102,0][-1.339,-0.0233348,-0.197456][0.905082,0.348669,0.243428][0.269059,0.789102,0][-1.38686,-0.0113088,-0.036745][0.905082,0.348669,0.243428][0.30908,0.797771,0][-1.32679,-0.238853,0.065833][0.905082,0.348669,0.243428][0.334622,0.72643,0][-1.48514,0.258192,-0.236768][-0.90508,-0.348671,-0.24343][0.278904,0.902435,0][-1.3455,-0.0258368,-0.349129][-0.90508,-0.348671,-0.24343][0.312749,0.795538,0][-1.37788,-0.0383118,-0.210869][-0.90508,-0.348671,-0.24343][0.271103,0.795538,0][-1.37788,-0.0383118,-0.210869][-0.90508,-0.348671,-0.24343][0.271103,0.795538,0][-1.49559,0.267259,-0.210869][-0.90508,-0.348671,-0.24343][0.271103,0.906578,0][-1.48514,0.258192,-0.236768][-0.90508,-0.348671,-0.24343][0.278904,0.902435,0][-1.36123,-0.239622,0.015566][-0.90508,-0.348671,-0.24343][0.202898,0.729808,0][-1.25929,-0.346153,-0.210869][-0.90508,-0.348671,-0.24343][0.271103,0.683672,0][-1.25657,-0.57433,0.10584][-0.90508,-0.348671,-0.24343][0.175706,0.611139,0][-1.25657,-0.57433,0.10584][-0.90508,-0.348671,-0.24343][0.175706,0.611139,0][-1.26542,-0.576432,0.141786][-0.90508,-0.348671,-0.24343][0.164879,0.611553,0][-1.36123,-0.239622,0.015566][-0.90508,-0.348671,-0.24343][0.202898,0.729808,0][-1.25516,-0.198762,-0.437305][-0.90508,-0.348671,-0.24343][0.339308,0.729808,0][-1.3455,-0.0258368,-0.349129][-0.90508,-0.348671,-0.24343][0.312749,0.795538,0][-1.26144,0.00654516,-0.708052][-0.90508,-0.348671,-0.24343][0.42086,0.795538,0][-1.26144,0.00654516,-0.708052][-0.90508,-0.348671,-0.24343][0.42086,0.795538,0][-1.25074,-0.00635684,-0.729353][-0.90508,-0.348671,-0.24343][0.427277,0.790151,0][-1.25516,-0.198762,-0.437305][-0.90508,-0.348671,-0.24343][0.339308,0.729808,0][-1.25516,-0.198762,-0.437305][-0.905081,-0.348671,-0.243429][0.339308,0.729808,0][-1.10024,-0.512797,-0.563524][-0.905081,-0.348671,-0.243429][0.377327,0.611553,0][-1.10822,-0.517181,-0.527579][-0.905081,-0.348671,-0.243429][0.3665,0.611139,0][-1.10822,-0.517181,-0.527579][-0.905081,-0.348671,-0.243429][0.3665,0.611139,0][-1.25929,-0.346153,-0.210869][-0.905081,-0.348671,-0.243429][0.271103,0.683672,0][-1.25516,-0.198762,-0.437305][-0.905081,-0.348671,-0.243429][0.339308,0.729808,0][-1.37788,-0.0383118,-0.210869][-0.905081,-0.348671,-0.243428][0.271103,0.795538,0][-1.41026,-0.0507858,-0.07261][-0.905081,-0.348671,-0.243428][0.229457,0.795538,0][-1.49727,0.253519,-0.184971][-0.905081,-0.348671,-0.243428][0.263302,0.902435,0][-1.49727,0.253519,-0.184971][-0.905081,-0.348671,-0.243428][0.263302,0.902435,0][-1.49559,0.267259,-0.210869][-0.905081,-0.348671,-0.243428][0.271103,0.906578,0][-1.37788,-0.0383118,-0.210869][-0.905081,-0.348671,-0.243428][0.271103,0.795538,0][-1.36123,-0.239622,0.015566][-0.905081,-0.348669,-0.24343][0.202898,0.729808,0][-1.4936,-0.0999148,0.307614][-0.905081,-0.348669,-0.24343][0.11493,0.790151,0][-1.49432,-0.0831688,0.286313][-0.905081,-0.348669,-0.24343][0.121346,0.795538,0][-1.49432,-0.0831688,0.286313][-0.905081,-0.348669,-0.24343][0.121346,0.795538,0][-1.41026,-0.0507858,-0.07261][-0.905081,-0.348669,-0.24343][0.229457,0.795538,0][-1.36123,-0.239622,0.015566][-0.905081,-0.348669,-0.24343][0.202898,0.729808,0][-1.37788,-0.0383118,-0.210869][-0.905081,-0.34867,-0.24343][0.271103,0.795538,0][-1.3455,-0.0258368,-0.349129][-0.905081,-0.34867,-0.24343][0.312749,0.795538,0][-1.25516,-0.198762,-0.437305][-0.905081,-0.34867,-0.24343][0.339308,0.729808,0][-1.25516,-0.198762,-0.437305][-0.905081,-0.34867,-0.24343][0.339308,0.729808,0][-1.25929,-0.346153,-0.210869][-0.905081,-0.34867,-0.24343][0.271103,0.683672,0][-1.37788,-0.0383118,-0.210869][-0.905081,-0.34867,-0.24343][0.271103,0.795538,0][-1.37788,-0.0383118,-0.210869][-0.905081,-0.34867,-0.243429][0.271103,0.795538,0][-1.25929,-0.346153,-0.210869][-0.905081,-0.34867,-0.243429][0.271103,0.683672,0][-1.36123,-0.239622,0.015566][-0.905081,-0.34867,-0.243429][0.202898,0.729808,0][-1.36123,-0.239622,0.015566][-0.905081,-0.34867,-0.243429][0.202898,0.729808,0][-1.41026,-0.0507858,-0.07261][-0.905081,-0.34867,-0.243429][0.229457,0.795538,0][-1.37788,-0.0383118,-0.210869][-0.905081,-0.34867,-0.243429][0.271103,0.795538,0][-1.49559,0.267259,-0.210869][-0.682747,0.558417,-0.471197][0.271103,0.906578,0][-1.46821,0.312061,-0.197456][-0.682747,0.558417,-0.471197][0.271103,0.917417,0][-1.44746,0.294075,-0.248831][-0.682747,0.558417,-0.471197][0.286578,0.909196,0][-1.44746,0.294075,-0.248831][-0.682747,0.558417,-0.471197][0.286578,0.909196,0][-1.48514,0.258192,-0.236768][-0.682747,0.558417,-0.471197][0.278904,0.902435,0][-1.49559,0.267259,-0.210869][-0.682747,0.558417,-0.471197][0.271103,0.906578,0][-1.48514,0.258192,-0.236768][-0.424307,0.144994,-0.893835][0.278904,0.902435,0][-1.44746,0.294075,-0.248831][-0.424307,0.144994,-0.893835][0.286578,0.909196,0][-1.31158,0.0176912,-0.358168][-0.424307,0.144994,-0.893835][0.319512,0.805176,0][-1.31158,0.0176912,-0.358168][-0.424307,0.144994,-0.893835][0.319512,0.805176,0][-1.3455,-0.0258368,-0.349129][-0.424307,0.144994,-0.893835][0.312749,0.795538,0][-1.48514,0.258192,-0.236768][-0.424307,0.144994,-0.893835][0.278904,0.902435,0][-1.20772,-0.364109,-0.197456][-0.129754,-0.805026,-0.578876][0.271103,0.671704,0][-1.20509,-0.585333,0.109602][-0.129754,-0.805026,-0.578876][0.178614,0.601381,0][-1.25657,-0.57433,0.10584][-0.129754,-0.805026,-0.578876][0.175706,0.611139,0][-1.25657,-0.57433,0.10584][-0.129754,-0.805026,-0.578876][0.175706,0.611139,0][-1.25929,-0.346153,-0.210869][-0.129754,-0.805026,-0.578876][0.271103,0.683672,0][-1.20772,-0.364109,-0.197456][-0.129754,-0.805026,-0.578876][0.271103,0.671704,0][-1.20509,-0.585333,0.109602][-0.200388,-0.973928,-0.106348][0.178614,0.601381,0][-1.22677,-0.590481,0.197605][-0.200388,-0.973928,-0.106348][0.152106,0.602396,0][-1.26542,-0.576432,0.141786][-0.200388,-0.973927,-0.106348][0.164879,0.611553,0][-1.26542,-0.576432,0.141786][-0.200388,-0.973927,-0.106348][0.164879,0.611553,0][-1.25657,-0.57433,0.10584][-0.200388,-0.973927,-0.106348][0.175706,0.611139,0][-1.20509,-0.585333,0.109602][-0.200388,-0.973928,-0.106348][0.178614,0.601381,0][-1.26542,-0.576432,0.141786][-0.82459,-0.0227139,0.565274][0.164879,0.611553,0][-1.22677,-0.590481,0.197605][-0.82459,-0.0227139,0.565274][0.152106,0.602396,0][-1.32679,-0.238853,0.065833][-0.82459,-0.0227139,0.565274][0.191797,0.725853,0][-1.32679,-0.238853,0.065833][-0.82459,-0.0227139,0.565274][0.191797,0.725853,0][-1.36123,-0.239622,0.015566][-0.82459,-0.0227139,0.565274][0.202898,0.729808,0][-1.26542,-0.576432,0.141786][-0.82459,-0.0227139,0.565274][0.164879,0.611553,0][-1.31158,0.0176912,-0.358168][-0.795016,0.591875,-0.132793][0.319512,0.805176,0][-1.23021,0.0490402,-0.705634][-0.795016,0.591875,-0.132793][0.424172,0.805176,0][-1.26144,0.00654516,-0.708052][-0.795016,0.591875,-0.132793][0.42086,0.795538,0][-1.26144,0.00654516,-0.708052][-0.795016,0.591875,-0.132793][0.42086,0.795538,0][-1.3455,-0.0258368,-0.349129][-0.795016,0.591875,-0.132793][0.312749,0.795538,0][-1.31158,0.0176912,-0.358168][-0.795016,0.591875,-0.132793][0.319512,0.805176,0][-1.23021,0.0490402,-0.705634][-0.621569,0.491541,-0.60995][0.424172,0.805176,0][-1.1988,0.0111761,-0.768146][-0.621569,0.491541,-0.60995][0.443001,0.789368,0][-1.25074,-0.00635684,-0.729353][-0.621569,0.491541,-0.60995][0.427277,0.790151,0][-1.25074,-0.00635684,-0.729353][-0.621569,0.491541,-0.60995][0.427277,0.790151,0][-1.26144,0.00654516,-0.708052][-0.621569,0.491541,-0.60995][0.42086,0.795538,0][-1.23021,0.0490402,-0.705634][-0.621569,0.491541,-0.60995][0.424172,0.805176,0][-1.25074,-0.00635684,-0.729353][-0.129286,-0.827155,-0.546901][0.427277,0.790151,0][-1.1988,0.0111761,-0.768146][-0.129286,-0.827155,-0.546901][0.443001,0.789368,0][-1.20346,-0.191343,-0.460746][-0.129286,-0.827155,-0.546901][0.350409,0.725853,0][-1.20346,-0.191343,-0.460746][-0.129286,-0.827155,-0.546901][0.350409,0.725853,0][-1.25516,-0.198762,-0.437305][-0.129286,-0.827155,-0.546901][0.339308,0.729808,0][-1.25074,-0.00635684,-0.729353][-0.129286,-0.827155,-0.546901][0.427277,0.790151,0][-1.20346,-0.191343,-0.460746][-0.425963,0.148559,-0.892461][0.350409,0.725853,0][-1.04172,-0.519194,-0.592518][-0.425963,0.148559,-0.892461][0.3901,0.602396,0][-1.10024,-0.512797,-0.563524][-0.425962,0.148559,-0.892461][0.377327,0.611553,0][-1.10024,-0.512797,-0.563524][-0.425962,0.148559,-0.892461][0.377327,0.611553,0][-1.25516,-0.198762,-0.437305][-0.425963,0.148559,-0.892461][0.339308,0.729808,0][-1.20346,-0.191343,-0.460746][-0.425963,0.148559,-0.892461][0.350409,0.725853,0][-1.10024,-0.512797,-0.563524][-0.184936,-0.969753,-0.159307][0.377327,0.611553,0][-1.04172,-0.519194,-0.592518][-0.184936,-0.969753,-0.159307][0.3901,0.602396,0][-1.06126,-0.529925,-0.504515][-0.184936,-0.969753,-0.159307][0.363592,0.601381,0][-1.06126,-0.529925,-0.504515][-0.184936,-0.969753,-0.159307][0.363592,0.601381,0][-1.10822,-0.517181,-0.527579][-0.184935,-0.969753,-0.159307][0.3665,0.611139,0][-1.10024,-0.512797,-0.563524][-0.184936,-0.969753,-0.159307][0.377327,0.611553,0][-1.10822,-0.517181,-0.527579][-0.381362,-0.877171,0.291777][0.3665,0.611139,0][-1.06126,-0.529925,-0.504515][-0.381362,-0.877171,0.291777][0.363592,0.601381,0][-1.20772,-0.364109,-0.197456][-0.381362,-0.877171,0.291777][0.271103,0.671704,0][-1.20772,-0.364109,-0.197456][-0.381362,-0.877171,0.291777][0.271103,0.671704,0][-1.25929,-0.346153,-0.210869][-0.381362,-0.877171,0.291777][0.271103,0.683672,0][-1.10822,-0.517181,-0.527579][-0.381362,-0.877171,0.291777][0.3665,0.611139,0][-1.38686,-0.0113088,-0.036745][-0.82369,-0.0263689,0.566427][0.222695,0.805176,0][-1.47153,0.284805,-0.146082][-0.82369,-0.0263689,0.566427][0.255628,0.909196,0][-1.49727,0.253519,-0.184971][-0.82369,-0.0263689,0.566427][0.263302,0.902435,0][-1.49727,0.253519,-0.184971][-0.82369,-0.0263689,0.566427][0.263302,0.902435,0][-1.41026,-0.0507858,-0.07261][-0.82369,-0.0263689,0.566427][0.229457,0.795538,0][-1.38686,-0.0113088,-0.036745][-0.82369,-0.0263689,0.566427][0.222695,0.805176,0][-1.49727,0.253519,-0.184971][-0.861823,0.468991,0.193156][0.263302,0.902435,0][-1.47153,0.284805,-0.146082][-0.861823,0.46899,0.193156][0.255628,0.909196,0][-1.46821,0.312061,-0.197456][-0.861823,0.468991,0.193156][0.271103,0.917417,0][-1.46821,0.312061,-0.197456][-0.861823,0.468991,0.193156][0.271103,0.917417,0][-1.49559,0.267259,-0.210869][-0.861823,0.468991,0.193156][0.271103,0.906578,0][-1.49727,0.253519,-0.184971][-0.861823,0.468991,0.193156][0.263302,0.902435,0][-1.32679,-0.238853,0.065833][-0.363583,-0.89374,0.262746][0.191797,0.725853,0][-1.46612,-0.0918028,0.373233][-0.363583,-0.89374,0.262746][0.099205,0.789368,0][-1.4936,-0.0999148,0.307614][-0.363583,-0.89374,0.262746][0.11493,0.790151,0][-1.4936,-0.0999148,0.307614][-0.363583,-0.89374,0.262746][0.11493,0.790151,0][-1.36123,-0.239622,0.015566][-0.363583,-0.89374,0.262746][0.202898,0.729808,0][-1.32679,-0.238853,0.065833][-0.363583,-0.89374,0.262746][0.191797,0.725853,0][-1.4936,-0.0999148,0.307614][-0.872611,0.369158,0.319801][0.11493,0.790151,0][-1.46612,-0.0918028,0.373233][-0.872611,0.369158,0.319801][0.099205,0.789368,0][-1.46824,-0.0426578,0.310721][-0.872611,0.369158,0.319801][0.118034,0.805176,0][-1.46824,-0.0426578,0.310721][-0.872611,0.369158,0.319801][0.118034,0.805176,0][-1.49432,-0.0831688,0.286313][-0.872611,0.369158,0.319801][0.121346,0.795538,0][-1.4936,-0.0999148,0.307614][-0.872611,0.369158,0.319801][0.11493,0.790151,0][-1.49432,-0.0831688,0.286313][-0.795011,0.591881,-0.132792][0.121346,0.795538,0][-1.46824,-0.0426578,0.310721][-0.795011,0.591881,-0.132792][0.118034,0.805176,0][-1.38686,-0.0113088,-0.036745][-0.795011,0.591881,-0.132792][0.222695,0.805176,0][-1.38686,-0.0113088,-0.036745][-0.795011,0.591881,-0.132792][0.222695,0.805176,0][-1.41026,-0.0507858,-0.07261][-0.795011,0.591881,-0.132792][0.229457,0.795538,0][-1.49432,-0.0831688,0.286313][-0.795011,0.591881,-0.132792][0.121346,0.795538,0][-1.07961,-0.0526378,0.701217][0.874214,0.336778,-0.349759][0.269059,0.789102,0][-1.12502,-0.0484598,0.591748][0.874214,0.336778,-0.349759][0.229039,0.797771,0][-1.17752,0.16516,0.666223][0.874214,0.336778,-0.349759][0.256266,0.891318,0][-1.17752,0.16516,0.666223][0.874214,0.336778,-0.349759][0.256266,0.891318,0][-1.17153,0.185948,0.701217][0.874214,0.336778,-0.349759][0.269059,0.898711,0][-1.07961,-0.0526378,0.701217][0.874214,0.336778,-0.349759][0.269059,0.789102,0][-0.964584,-0.16498,0.880555][0.874213,0.336774,-0.349763][0.334622,0.72643,0][-0.840213,-0.394608,0.970311][0.874213,0.336774,-0.349763][0.367436,0.615401,0][-0.860332,-0.404641,0.910369][0.874213,0.336774,-0.349763][0.345523,0.614489,0][-0.860332,-0.404641,0.910369][0.874213,0.336774,-0.349763][0.345523,0.614489,0][-0.986229,-0.295049,0.701217][0.874213,0.336774,-0.349763][0.269059,0.677733,0][-0.964584,-0.16498,0.880555][0.874213,0.336774,-0.349763][0.334622,0.72643,0][-1.08954,-0.213119,0.521877][0.874214,0.336775,-0.349761][0.203495,0.72643,0][-1.21039,-0.116886,0.312493][0.874214,0.336775,-0.349761][0.126948,0.783552,0][-1.20747,-0.0802238,0.355073][0.874214,0.336775,-0.349761][0.142515,0.797771,0][-1.20747,-0.0802238,0.355073][0.874214,0.336775,-0.349761][0.142515,0.797771,0][-1.12502,-0.0484598,0.591748][0.874214,0.336775,-0.349761][0.229039,0.797771,0][-1.08954,-0.213119,0.521877][0.874214,0.336775,-0.349761][0.203495,0.72643,0][-1.00606,-0.460781,0.492065][0.874213,0.336777,-0.349761][0.192597,0.614489,0][-1.02771,-0.46684,0.432122][0.874213,0.336777,-0.349761][0.170682,0.615401,0][-1.08954,-0.213119,0.521877][0.874213,0.336777,-0.349761][0.203495,0.72643,0][-1.08954,-0.213119,0.521877][0.874213,0.336777,-0.349761][0.203495,0.72643,0][-0.986229,-0.295049,0.701217][0.874213,0.336777,-0.349761][0.269059,0.677733,0][-1.00606,-0.460781,0.492065][0.874213,0.336777,-0.349761][0.192597,0.614489,0][-1.15314,0.174553,0.73621][0.874212,0.336777,-0.349763][0.281853,0.891318,0][-1.04875,-0.0190758,0.810685][0.874212,0.336777,-0.349763][0.30908,0.797771,0][-1.07961,-0.0526378,0.701217][0.874212,0.336777,-0.349763][0.269059,0.789102,0][-1.07961,-0.0526378,0.701217][0.874212,0.336777,-0.349763][0.269059,0.789102,0][-1.17153,0.185948,0.701217][0.874212,0.336777,-0.349763][0.269059,0.898711,0][-1.15314,0.174553,0.73621][0.874212,0.336777,-0.349763][0.281853,0.891318,0][-0.966293,0.0126882,1.04736][0.874212,0.336782,-0.349758][0.395605,0.797771,0][-0.939537,-0.0125448,1.08994][0.874212,0.336782,-0.349758][0.41117,0.783552,0][-0.964584,-0.16498,0.880555][0.874212,0.336782,-0.349758][0.334622,0.72643,0][-0.964584,-0.16498,0.880555][0.874212,0.336782,-0.349758][0.334622,0.72643,0][-1.04875,-0.0190758,0.810685][0.874212,0.336782,-0.349758][0.30908,0.797771,0][-0.966293,0.0126882,1.04736][0.874212,0.336782,-0.349758][0.395605,0.797771,0][-1.07961,-0.0526378,0.701217][0.874214,0.336778,-0.349758][0.269059,0.789102,0][-0.986229,-0.295049,0.701217][0.874214,0.336778,-0.349758][0.269059,0.677733,0][-1.08954,-0.213119,0.521877][0.874214,0.336778,-0.349758][0.203495,0.72643,0][-1.08954,-0.213119,0.521877][0.874214,0.336778,-0.349758][0.203495,0.72643,0][-1.12502,-0.0484598,0.591748][0.874214,0.336778,-0.349758][0.229039,0.797771,0][-1.07961,-0.0526378,0.701217][0.874214,0.336778,-0.349758][0.269059,0.789102,0][-0.964584,-0.16498,0.880555][0.874211,0.336778,-0.349765][0.334622,0.72643,0][-0.986229,-0.295049,0.701217][0.874211,0.336778,-0.349765][0.269059,0.677733,0][-1.07961,-0.0526378,0.701217][0.874211,0.336778,-0.349765][0.269059,0.789102,0][-1.07961,-0.0526378,0.701217][0.874211,0.336778,-0.349765][0.269059,0.789102,0][-1.04875,-0.0190758,0.810685][0.874211,0.336778,-0.349765][0.30908,0.797771,0][-0.964584,-0.16498,0.880555][0.874211,0.336778,-0.349765][0.334622,0.72643,0][-1.19285,0.144051,0.697166][-0.874215,-0.336778,0.349755][0.278904,0.902435,0][-1.1389,-0.0754778,0.620632][-0.874215,-0.336778,0.349755][0.312749,0.795538,0][-1.10609,-0.0628388,0.714807][-0.874215,-0.336778,0.349755][0.271103,0.795538,0][-1.10609,-0.0628388,0.714807][-0.874215,-0.336778,0.349755][0.271103,0.795538,0][-1.18983,0.154531,0.714807][-0.874215,-0.336778,0.349755][0.271103,0.906578,0][-1.19285,0.144051,0.697166][-0.874215,-0.336778,0.349755][0.278904,0.902435,0][-1.00279,-0.170809,0.869042][-0.874214,-0.336775,0.349761][0.202898,0.729808,0][-1.02173,-0.281824,0.714807][-0.874214,-0.336775,0.349761][0.271103,0.683672,0][-0.89188,-0.39486,0.930534][-0.874214,-0.336775,0.349761][0.175706,0.611139,0][-0.89188,-0.39486,0.930534][-0.874214,-0.336775,0.349761][0.175706,0.611139,0][-0.883662,-0.390763,0.955018][-0.874214,-0.336775,0.349761][0.164879,0.611553,0][-1.00279,-0.170809,0.869042][-0.874214,-0.336775,0.349761][0.202898,0.729808,0][-1.11026,-0.212209,0.560571][-0.874214,-0.336775,0.349762][0.339308,0.729808,0][-1.1389,-0.0754778,0.620632][-0.874214,-0.336775,0.349762][0.312749,0.795538,0][-1.22408,-0.10829,0.376153][-0.874214,-0.336775,0.349762][0.42086,0.795538,0][-1.22408,-0.10829,0.376153][-0.874214,-0.336775,0.349762][0.42086,0.795538,0][-1.22507,-0.120782,0.361644][-0.874214,-0.336775,0.349762][0.427277,0.790151,0][-1.11026,-0.212209,0.560571][-0.874214,-0.336775,0.349762][0.339308,0.729808,0][-1.11026,-0.212209,0.560571][-0.874214,-0.336778,0.349758][0.339308,0.729808,0][-1.05103,-0.45524,0.474597][-0.874214,-0.336778,0.349758][0.377327,0.611553,0][-1.04219,-0.452764,0.499082][-0.874214,-0.336778,0.349758][0.3665,0.611139,0][-1.04219,-0.452764,0.499082][-0.874214,-0.336778,0.349758][0.3665,0.611139,0][-1.02173,-0.281824,0.714807][-0.874214,-0.336778,0.349758][0.271103,0.683672,0][-1.11026,-0.212209,0.560571][-0.874214,-0.336778,0.349758][0.339308,0.729808,0][-1.10609,-0.0628388,0.714807][-0.874213,-0.336779,0.349759][0.271103,0.795538,0][-1.07329,-0.0501998,0.808982][-0.874213,-0.336779,0.349759][0.229457,0.795538,0][-1.18056,0.148786,0.732448][-0.874213,-0.336779,0.349759][0.263302,0.902435,0][-1.18056,0.148786,0.732448][-0.874213,-0.336779,0.349759][0.263302,0.902435,0][-1.18983,0.154531,0.714807][-0.874213,-0.336779,0.349759][0.271103,0.906578,0][-1.10609,-0.0628388,0.714807][-0.874213,-0.336779,0.349759][0.271103,0.795538,0][-1.00279,-0.170809,0.869042][-0.874212,-0.33678,0.34976][0.202898,0.729808,0][-0.978996,-0.0259858,1.06797][-0.874212,-0.33678,0.34976][0.11493,0.790151,0][-0.988113,-0.0173878,1.05346][-0.874212,-0.33678,0.34976][0.121346,0.795538,0][-0.988113,-0.0173878,1.05346][-0.874212,-0.33678,0.34976][0.121346,0.795538,0][-1.07329,-0.0501998,0.808982][-0.874212,-0.33678,0.34976][0.229457,0.795538,0][-1.00279,-0.170809,0.869042][-0.874212,-0.33678,0.34976][0.202898,0.729808,0][-1.10609,-0.0628388,0.714807][-0.874213,-0.336778,0.349759][0.271103,0.795538,0][-1.1389,-0.0754778,0.620632][-0.874213,-0.336778,0.349759][0.312749,0.795538,0][-1.11026,-0.212209,0.560571][-0.874213,-0.336778,0.349759][0.339308,0.729808,0][-1.11026,-0.212209,0.560571][-0.874213,-0.336778,0.349759][0.339308,0.729808,0][-1.02173,-0.281824,0.714807][-0.874213,-0.336778,0.349759][0.271103,0.683672,0][-1.10609,-0.0628388,0.714807][-0.874213,-0.336778,0.349759][0.271103,0.795538,0][-1.10609,-0.0628388,0.714807][-0.874212,-0.336779,0.349761][0.271103,0.795538,0][-1.02173,-0.281824,0.714807][-0.874212,-0.336779,0.349761][0.271103,0.683672,0][-1.00279,-0.170809,0.869042][-0.874212,-0.336779,0.349761][0.202898,0.729808,0][-1.00279,-0.170809,0.869042][-0.874212,-0.336779,0.349761][0.202898,0.729808,0][-1.07329,-0.0501998,0.808982][-0.874212,-0.336779,0.349761][0.229457,0.795538,0][-1.10609,-0.0628388,0.714807][-0.874212,-0.336779,0.349761][0.271103,0.795538,0][-1.17153,0.185948,0.701217][-0.879641,0.459618,-0.122404][0.271103,0.917417,0][-1.17752,0.16516,0.666223][-0.879641,0.459618,-0.122404][0.286578,0.909196,0][-1.19285,0.144051,0.697166][-0.879641,0.459618,-0.122404][0.278904,0.902435,0][-1.19285,0.144051,0.697166][-0.879641,0.459618,-0.122404][0.278904,0.902435,0][-1.18983,0.154531,0.714807][-0.879641,0.459618,-0.122404][0.271103,0.906578,0][-1.17153,0.185948,0.701217][-0.879641,0.459618,-0.122404][0.271103,0.917417,0][-1.19285,0.144051,0.697166][-0.880258,-0.0518979,-0.471648][0.278904,0.902435,0][-1.17752,0.16516,0.666223][-0.880258,-0.0518979,-0.471648][0.286578,0.909196,0][-1.12502,-0.0484598,0.591748][-0.880258,-0.0518979,-0.471648][0.319512,0.805176,0][-1.12502,-0.0484598,0.591748][-0.880258,-0.0518979,-0.471648][0.319512,0.805176,0][-1.1389,-0.0754778,0.620632][-0.880258,-0.0518979,-0.471648][0.312749,0.795538,0][-1.19285,0.144051,0.697166][-0.880258,-0.0518979,-0.471648][0.278904,0.902435,0][-0.986229,-0.295049,0.701217][-0.412265,-0.885173,-0.215653][0.271103,0.671704,0][-0.860332,-0.404641,0.910369][-0.412265,-0.885173,-0.215653][0.178614,0.601381,0][-0.89188,-0.39486,0.930534][-0.412265,-0.885173,-0.215653][0.175706,0.611139,0][-0.89188,-0.39486,0.930534][-0.412265,-0.885173,-0.215653][0.175706,0.611139,0][-1.02173,-0.281824,0.714807][-0.412265,-0.885173,-0.215653][0.271103,0.683672,0][-0.986229,-0.295049,0.701217][-0.412265,-0.885173,-0.215653][0.271103,0.671704,0][-0.860332,-0.404641,0.910369][-0.16104,-0.963192,0.215239][0.178614,0.601381,0][-0.840213,-0.394608,0.970311][-0.16104,-0.963192,0.215239][0.152106,0.602396,0][-0.883662,-0.390763,0.955018][-0.16104,-0.963192,0.215239][0.164879,0.611553,0][-0.883662,-0.390763,0.955018][-0.16104,-0.963192,0.215239][0.164879,0.611553,0][-0.89188,-0.39486,0.930534][-0.16104,-0.963192,0.215239][0.175706,0.611139,0][-0.860332,-0.404641,0.910369][-0.16104,-0.963192,0.215239][0.178614,0.601381,0][-0.883662,-0.390763,0.955018][-0.310149,0.195664,0.930335][0.164879,0.611553,0][-0.840213,-0.394608,0.970311][-0.310149,0.195664,0.930335][0.152106,0.602396,0][-0.964584,-0.16498,0.880555][-0.310149,0.195664,0.930335][0.191797,0.725853,0][-0.964584,-0.16498,0.880555][-0.310149,0.195664,0.930335][0.191797,0.725853,0][-1.00279,-0.170809,0.869042][-0.310149,0.195664,0.930335][0.202898,0.729808,0][-0.883662,-0.390763,0.955018][-0.310149,0.195664,0.930335][0.164879,0.611553,0][-1.12502,-0.0484598,0.591748][-0.776035,0.601506,0.18963][0.319512,0.805176,0][-1.20747,-0.0802238,0.355073][-0.776035,0.601506,0.18963][0.424172,0.805176,0][-1.22408,-0.10829,0.376153][-0.776035,0.601506,0.18963][0.42086,0.795538,0][-1.22408,-0.10829,0.376153][-0.776035,0.601506,0.18963][0.42086,0.795538,0][-1.1389,-0.0754778,0.620632][-0.776035,0.601506,0.18963][0.312749,0.795538,0][-1.12502,-0.0484598,0.591748][-0.776035,0.601506,0.18963][0.319512,0.805176,0][-1.20747,-0.0802238,0.355073][-0.90382,0.352896,-0.242019][0.424172,0.805176,0][-1.21039,-0.116886,0.312493][-0.90382,0.352896,-0.242019][0.443001,0.789368,0][-1.22507,-0.120782,0.361644][-0.90382,0.352896,-0.242019][0.427277,0.790151,0][-1.22507,-0.120782,0.361644][-0.90382,0.352896,-0.242019][0.427277,0.790151,0][-1.22408,-0.10829,0.376153][-0.90382,0.352896,-0.242019][0.42086,0.795538,0][-1.20747,-0.0802238,0.355073][-0.90382,0.352896,-0.242019][0.424172,0.805176,0][-1.22507,-0.120782,0.361644][-0.391177,-0.900853,-0.188269][0.427277,0.790151,0][-1.21039,-0.116886,0.312493][-0.391177,-0.900853,-0.188269][0.443001,0.789368,0][-1.08954,-0.213119,0.521877][-0.391177,-0.900853,-0.188269][0.350409,0.725853,0][-1.08954,-0.213119,0.521877][-0.391177,-0.900853,-0.188269][0.350409,0.725853,0][-1.11026,-0.212209,0.560571][-0.391177,-0.900853,-0.188269][0.339308,0.729808,0][-1.22507,-0.120782,0.361644][-0.391177,-0.900853,-0.188269][0.427277,0.790151,0][-1.08954,-0.213119,0.521877][-0.881032,-0.0482359,-0.470591][0.350409,0.725853,0][-1.02771,-0.46684,0.432122][-0.881032,-0.0482359,-0.470591][0.3901,0.602396,0][-1.05103,-0.45524,0.474597][-0.881032,-0.0482359,-0.470591][0.377327,0.611553,0][-1.05103,-0.45524,0.474597][-0.881032,-0.0482359,-0.470591][0.377327,0.611553,0][-1.11026,-0.212209,0.560571][-0.881032,-0.0482359,-0.470591][0.339308,0.729808,0][-1.08954,-0.213119,0.521877][-0.881032,-0.0482359,-0.470591][0.350409,0.725853,0][-1.05103,-0.45524,0.474597][-0.183185,-0.969278,0.164143][0.377327,0.611553,0][-1.02771,-0.46684,0.432122][-0.183185,-0.969278,0.164143][0.3901,0.602396,0][-1.00606,-0.460781,0.492065][-0.183185,-0.969278,0.164143][0.363592,0.601381,0][-1.00606,-0.460781,0.492065][-0.183185,-0.969278,0.164143][0.363592,0.601381,0][-1.04219,-0.452764,0.499082][-0.183185,-0.969278,0.164143][0.3665,0.611139,0][-1.05103,-0.45524,0.474597][-0.183185,-0.969278,0.164143][0.377327,0.611553,0][-1.04219,-0.452764,0.499082][-0.0520981,-0.780291,0.623243][0.3665,0.611139,0][-1.00606,-0.460781,0.492065][-0.0520981,-0.780291,0.623243][0.363592,0.601381,0][-0.986229,-0.295049,0.701217][-0.0520981,-0.780291,0.623243][0.271103,0.671704,0][-0.986229,-0.295049,0.701217][-0.0520981,-0.780291,0.623243][0.271103,0.671704,0][-1.02173,-0.281824,0.714807][-0.0520981,-0.780291,0.623243][0.271103,0.683672,0][-1.04219,-0.452764,0.499082][-0.0520981,-0.780291,0.623243][0.3665,0.611139,0][-1.04875,-0.0190758,0.810685][-0.308318,0.192127,0.93168][0.222695,0.805176,0][-1.15314,0.174553,0.73621][-0.308318,0.192127,0.93168][0.255628,0.909196,0][-1.18056,0.148786,0.732448][-0.308318,0.192127,0.93168][0.263302,0.902435,0][-1.18056,0.148786,0.732448][-0.308318,0.192127,0.93168][0.263302,0.902435,0][-1.07329,-0.0501998,0.808982][-0.308318,0.192127,0.93168][0.229457,0.795538,0][-1.04875,-0.0190758,0.810685][-0.308318,0.192127,0.93168][0.222695,0.805176,0][-1.15314,0.174553,0.73621][-0.622323,0.586754,0.518106][0.255628,0.909196,0][-1.17153,0.185948,0.701217][-0.622323,0.586754,0.518106][0.271103,0.917417,0][-1.18983,0.154531,0.714807][-0.622323,0.586754,0.518106][0.271103,0.906578,0][-1.18983,0.154531,0.714807][-0.622323,0.586754,0.518106][0.271103,0.906578,0][-1.18056,0.148786,0.732448][-0.622323,0.586754,0.518106][0.263302,0.902435,0][-1.15314,0.174553,0.73621][-0.622323,0.586754,0.518106][0.255628,0.909196,0][-0.964584,-0.16498,0.880555][-0.0557271,-0.804011,0.591998][0.191797,0.725853,0][-0.939537,-0.0125448,1.08994][-0.0557271,-0.804011,0.591998][0.099205,0.789368,0][-0.978996,-0.0259858,1.06797][-0.0557271,-0.804011,0.591998][0.11493,0.790151,0][-0.978996,-0.0259858,1.06797][-0.0557271,-0.804011,0.591998][0.11493,0.790151,0][-1.00279,-0.170809,0.869042][-0.0557271,-0.804011,0.591998][0.202898,0.729808,0][-0.964584,-0.16498,0.880555][-0.0557271,-0.804011,0.591998][0.191797,0.725853,0][-0.978996,-0.0259858,1.06797][-0.543362,0.526819,0.65362][0.11493,0.790151,0][-0.939537,-0.0125448,1.08994][-0.543362,0.526819,0.65362][0.099205,0.789368,0][-0.966293,0.0126882,1.04736][-0.543362,0.526819,0.65362][0.118034,0.805176,0][-0.966293,0.0126882,1.04736][-0.543362,0.526819,0.65362][0.118034,0.805176,0][-0.988113,-0.0173878,1.05346][-0.543362,0.526819,0.65362][0.121346,0.795538,0][-0.978996,-0.0259858,1.06797][-0.543362,0.526819,0.65362][0.11493,0.790151,0][-0.988113,-0.0173878,1.05346][-0.776039,0.601501,0.189631][0.121346,0.795538,0][-0.966293,0.0126882,1.04736][-0.776039,0.601501,0.189631][0.118034,0.805176,0][-1.04875,-0.0190758,0.810685][-0.776039,0.601501,0.189631][0.222695,0.805176,0][-1.04875,-0.0190758,0.810685][-0.776039,0.601501,0.189631][0.222695,0.805176,0][-1.07329,-0.0501998,0.808982][-0.776039,0.601501,0.189631][0.229457,0.795538,0][-0.988113,-0.0173878,1.05346][-0.776039,0.601501,0.189631][0.121346,0.795538,0][-0.68205,-0.151907,-1.0607][0.422035,0,0.90658][0.268231,0.795608,0][-0.638654,-0.121032,-1.0809][0.422035,0,0.90658][0.224834,0.8017,0][-0.71122,-0.0293539,-1.04712][0.422035,0,0.90658][0.255965,0.895298,0][-0.71122,-0.0293539,-1.04712][0.422035,0,0.90658][0.255965,0.895298,0][-0.729491,-0.0277079,-1.03861][0.422035,0,0.90658][0.270003,0.90334,0][-0.68205,-0.151907,-1.0607][0.422035,0,0.90658][0.268231,0.795608,0][-0.732166,-0.257407,-1.03737][0.422033,0,0.906581][0.338544,0.737992,0][-0.722768,-0.400474,-1.04174][0.422033,0,0.906581][0.372449,0.630857,0][-0.696556,-0.389981,-1.05394][0.422033,0,0.906581][0.348594,0.62863,0][-0.696556,-0.389981,-1.05394][0.422033,0,0.906581][0.348594,0.62863,0][-0.633848,-0.278098,-1.08314][0.422033,0,0.906581][0.266431,0.68615,0][-0.732166,-0.257407,-1.03737][0.422033,0,0.906581][0.338544,0.737992,0][-0.577684,-0.18843,-1.10928][0.422035,-1.06373e-006,0.90658][0.195892,0.730034,0][-0.512227,-0.083438,-1.13975][0.422035,-1.06373e-006,0.90658][0.113537,0.781531,0][-0.536719,-0.075517,-1.12835][0.422035,-1.06373e-006,0.90658][0.130702,0.796451,0][-0.536719,-0.075517,-1.12835][0.422035,-1.06373e-006,0.90658][0.130702,0.796451,0][-0.638654,-0.121032,-1.0809][0.422035,-1.06373e-006,0.90658][0.224834,0.8017,0][-0.577684,-0.18843,-1.10928][0.422035,-1.06373e-006,0.90658][0.195892,0.730034,0][-0.516394,-0.309537,-1.13781][0.422034,-1.06373e-006,0.90658][0.182225,0.61935,0][-0.490971,-0.296975,-1.14965][0.422034,-1.06373e-006,0.90658][0.158398,0.618917,0][-0.577684,-0.18843,-1.10928][0.422034,-1.06373e-006,0.90658][0.195892,0.730034,0][-0.577684,-0.18843,-1.10928][0.422034,-1.06373e-006,0.90658][0.195892,0.730034,0][-0.633848,-0.278098,-1.08314][0.422034,-1.06373e-006,0.90658][0.266431,0.68615,0][-0.516394,-0.309537,-1.13781][0.422034,-1.06373e-006,0.90658][0.182225,0.61935,0][-0.741363,-0.0428139,-1.03309][0.422034,-1.06373e-006,0.90658][0.2838,0.896851,0][-0.73295,-0.163136,-1.037][0.422033,-1.06373e-006,0.90658][0.311909,0.806558,0][-0.68205,-0.151907,-1.0607][0.422033,-1.06373e-006,0.90658][0.268231,0.795608,0][-0.68205,-0.151907,-1.0607][0.422033,-1.06373e-006,0.90658][0.268231,0.795608,0][-0.729491,-0.0277079,-1.03861][0.422033,-1.06373e-006,0.90658][0.270003,0.90334,0][-0.741363,-0.0428139,-1.03309][0.422034,-1.06373e-006,0.90658][0.2838,0.896851,0][-0.834885,-0.208651,-0.989549][0.422035,1.93627e-006,0.90658][0.406041,0.811808,0][-0.84707,-0.232949,-0.983877][0.422035,1.93627e-006,0.90658][0.422744,0.798778,0][-0.732166,-0.257407,-1.03737][0.422035,1.93627e-006,0.90658][0.338544,0.737992,0][-0.732166,-0.257407,-1.03737][0.422035,1.93627e-006,0.90658][0.338544,0.737992,0][-0.73295,-0.163136,-1.037][0.422035,1.93627e-006,0.90658][0.311909,0.806558,0][-0.834885,-0.208651,-0.989549][0.422035,1.93627e-006,0.90658][0.406041,0.811808,0][-0.68205,-0.151907,-1.0607][0.422034,0,0.90658][0.268231,0.795608,0][-0.633848,-0.278098,-1.08314][0.422034,0,0.90658][0.266431,0.68615,0][-0.577684,-0.18843,-1.10928][0.422034,0,0.90658][0.195892,0.730034,0][-0.577684,-0.18843,-1.10928][0.422034,0,0.90658][0.195892,0.730034,0][-0.638654,-0.121032,-1.0809][0.422034,0,0.90658][0.224834,0.8017,0][-0.68205,-0.151907,-1.0607][0.422034,0,0.90658][0.268231,0.795608,0][-0.732166,-0.257407,-1.03737][0.422033,0,0.906581][0.338544,0.737992,0][-0.633848,-0.278098,-1.08314][0.422033,0,0.906581][0.266431,0.68615,0][-0.68205,-0.151907,-1.0607][0.422033,0,0.906581][0.268231,0.795608,0][-0.68205,-0.151907,-1.0607][0.422033,0,0.906581][0.268231,0.795608,0][-0.73295,-0.163136,-1.037][0.422033,0,0.906581][0.311909,0.806558,0][-0.732166,-0.257407,-1.03737][0.422033,0,0.906581][0.338544,0.737992,0][-0.731428,-0.0387519,-1.05754][-0.149114,0.860607,-0.48695][0.269089,0.90578,0][-0.729491,-0.0277079,-1.03861][-0.149114,0.860607,-0.48695][0.269089,0.916384,0][-0.71122,-0.0293539,-1.04712][-0.149114,0.860607,-0.48695][0.284054,0.908342,0][-0.71122,-0.0293539,-1.04712][-0.149114,0.860607,-0.48695][0.284054,0.908342,0][-0.722218,-0.0395829,-1.06183][-0.149114,0.860607,-0.48695][0.276633,0.901726,0][-0.731428,-0.0387519,-1.05754][-0.149114,0.860607,-0.48695][0.269089,0.90578,0][-0.722218,-0.0395829,-1.06183][0.404742,0.580662,-0.70641][0.276633,0.901726,0][-0.71122,-0.0293539,-1.04712][0.404742,0.580662,-0.70641][0.284054,0.908342,0][-0.638654,-0.121032,-1.0809][0.404742,0.580662,-0.70641][0.315904,0.806572,0][-0.638654,-0.121032,-1.0809][0.404742,0.580662,-0.70641][0.315904,0.806572,0][-0.647645,-0.133796,-1.09654][0.404742,0.580662,-0.70641][0.309364,0.797141,0][-0.722218,-0.0395829,-1.06183][0.404742,0.580662,-0.70641][0.276633,0.901726,0][-0.633848,-0.278098,-1.08314][0.486453,-0.465546,-0.739344][0.269089,0.675986,0][-0.696556,-0.389981,-1.05394][0.486453,-0.465546,-0.739344][0.179644,0.607185,0][-0.709341,-0.381302,-1.06782][0.486453,-0.465546,-0.739344][0.176833,0.616731,0][-0.709341,-0.381302,-1.06782][0.486453,-0.465546,-0.739344][0.176833,0.616731,0][-0.644662,-0.265902,-1.09793][0.486453,-0.465546,-0.739344][0.269089,0.687695,0][-0.633848,-0.278098,-1.08314][0.486453,-0.465546,-0.739344][0.269089,0.675986,0][-0.696556,-0.389981,-1.05394][0.0626139,-0.819239,-0.570024][0.179644,0.607185,0][-0.722768,-0.400474,-1.04174][0.0626139,-0.819239,-0.570024][0.154009,0.608177,0][-0.720047,-0.385589,-1.06284][0.0626139,-0.819239,-0.570024][0.166362,0.617136,0][-0.720047,-0.385589,-1.06284][0.0626139,-0.819239,-0.570024][0.166362,0.617136,0][-0.709341,-0.381302,-1.06782][0.0626139,-0.819239,-0.570024][0.176833,0.616731,0][-0.696556,-0.389981,-1.05394][0.0626139,-0.819239,-0.570024][0.179644,0.607185,0][-0.720047,-0.385589,-1.06284][-0.983848,-0.0594639,-0.168842][0.166362,0.617136,0][-0.722768,-0.400474,-1.04174][-0.983848,-0.0594639,-0.168842][0.154009,0.608177,0][-0.732166,-0.257407,-1.03737][-0.983848,-0.0594639,-0.168842][0.192394,0.728964,0][-0.732166,-0.257407,-1.03737][-0.983848,-0.0594639,-0.168842][0.192394,0.728964,0][-0.729049,-0.248549,-1.05865][-0.983848,-0.0594639,-0.168842][0.203129,0.732833,0][-0.720047,-0.385589,-1.06284][-0.983848,-0.0594639,-0.168842][0.166362,0.617136,0][-0.638654,-0.121032,-1.0809][-0.512249,0.785737,-0.346725][0.315904,0.806572,0][-0.536719,-0.075517,-1.12835][-0.512248,0.785738,-0.346725][0.41712,0.806572,0][-0.542348,-0.08678,-1.14556][-0.512248,0.785738,-0.346725][0.413917,0.797141,0][-0.542348,-0.08678,-1.14556][-0.512248,0.785738,-0.346725][0.413917,0.797141,0][-0.647645,-0.133796,-1.09654][-0.512248,0.785738,-0.346725][0.309364,0.797141,0][-0.638654,-0.121032,-1.0809][-0.512249,0.785737,-0.346725][0.315904,0.806572,0][-0.536719,-0.075517,-1.12835][0.0135471,0.83459,-0.550705][0.41712,0.806572,0][-0.512227,-0.083438,-1.13975][0.0135471,0.83459,-0.550705][0.435329,0.791105,0][-0.534002,-0.08948,-1.14945][0.0135471,0.83459,-0.550705][0.420122,0.791871,0][-0.534002,-0.08948,-1.14945][0.0135471,0.83459,-0.550705][0.420122,0.791871,0][-0.542348,-0.08678,-1.14556][0.0135471,0.83459,-0.550705][0.413917,0.797141,0][-0.536719,-0.075517,-1.12835][0.0135471,0.83459,-0.550705][0.41712,0.806572,0][-0.534002,-0.08948,-1.14945][0.464077,-0.501295,-0.730298][0.420122,0.791871,0][-0.512227,-0.083438,-1.13975][0.464077,-0.501295,-0.730298][0.435329,0.791105,0][-0.577684,-0.18843,-1.10928][0.464077,-0.501295,-0.730298][0.345784,0.728964,0][-0.577684,-0.18843,-1.10928][0.464077,-0.501295,-0.730298][0.345784,0.728964,0][-0.596191,-0.189227,-1.12049][0.464077,-0.501295,-0.730298][0.335049,0.732833,0][-0.534002,-0.08948,-1.14945][0.464077,-0.501295,-0.730298][0.420122,0.791871,0][-0.577684,-0.18843,-1.10928][0.402227,0.583649,-0.705385][0.345784,0.728964,0][-0.490971,-0.296975,-1.14965][0.402227,0.583649,-0.705385][0.384169,0.608177,0][-0.513132,-0.293199,-1.15916][0.402227,0.583649,-0.705385][0.371816,0.617136,0][-0.513132,-0.293199,-1.15916][0.402227,0.583649,-0.705385][0.371816,0.617136,0][-0.596191,-0.189227,-1.12049][0.402227,0.583649,-0.705385][0.335049,0.732833,0][-0.577684,-0.18843,-1.10928][0.402227,0.583649,-0.705385][0.345784,0.728964,0][-0.513132,-0.293199,-1.15916][0.11828,-0.797173,-0.592051][0.371816,0.617136,0][-0.490971,-0.296975,-1.14965][0.11828,-0.797173,-0.592051][0.384169,0.608177,0][-0.516394,-0.309537,-1.13781][0.11828,-0.797173,-0.592051][0.358534,0.607185,0][-0.516394,-0.309537,-1.13781][0.11828,-0.797173,-0.592051][0.358534,0.607185,0][-0.523516,-0.298329,-1.15433][0.11828,-0.797173,-0.592051][0.361345,0.616731,0][-0.513132,-0.293199,-1.15916][0.11828,-0.797173,-0.592051][0.371816,0.617136,0][-0.523516,-0.298329,-1.15433][-0.402764,-0.828667,-0.388705][0.361345,0.616731,0][-0.516394,-0.309537,-1.13781][-0.402764,-0.828667,-0.388705][0.358534,0.607185,0][-0.633848,-0.278098,-1.08314][-0.402764,-0.828667,-0.388705][0.269089,0.675986,0][-0.633848,-0.278098,-1.08314][-0.402764,-0.828667,-0.388705][0.269089,0.675986,0][-0.644662,-0.265902,-1.09793][-0.402764,-0.828667,-0.388705][0.269089,0.687695,0][-0.523516,-0.298329,-1.15433][-0.402764,-0.828667,-0.388705][0.361345,0.616731,0][-0.73295,-0.163136,-1.037][-0.983591,-0.0632778,-0.168949][0.222274,0.806572,0][-0.741363,-0.0428139,-1.03309][-0.983591,-0.0632778,-0.168949][0.254124,0.908342,0][-0.737413,-0.0463679,-1.05475][-0.983591,-0.0632778,-0.168949][0.261545,0.901726,0][-0.737413,-0.0463679,-1.05475][-0.983591,-0.0632778,-0.168949][0.261545,0.901726,0][-0.728766,-0.170018,-1.05878][-0.983591,-0.0632778,-0.168949][0.228814,0.797141,0][-0.73295,-0.163136,-1.037][-0.983591,-0.0632778,-0.168949][0.222274,0.806572,0][-0.737413,-0.0463679,-1.05475][-0.804128,0.545571,-0.236073][0.261545,0.901726,0][-0.741363,-0.0428139,-1.03309][-0.804128,0.545571,-0.236073][0.254124,0.908342,0][-0.729491,-0.0277079,-1.03861][-0.804128,0.545571,-0.236073][0.269089,0.916384,0][-0.729491,-0.0277079,-1.03861][-0.804128,0.545571,-0.236073][0.269089,0.916384,0][-0.731428,-0.0387519,-1.05754][-0.804128,0.545571,-0.236073][0.269089,0.90578,0][-0.737413,-0.0463679,-1.05475][-0.804128,0.545571,-0.236073][0.261545,0.901726,0][-0.732166,-0.257407,-1.03737][-0.366075,-0.838886,-0.402814][0.192394,0.728964,0][-0.84707,-0.232949,-0.983877][-0.366075,-0.838886,-0.402814][0.102849,0.791105,0][-0.838215,-0.225313,-1.00783][-0.366075,-0.838886,-0.402814][0.118056,0.791871,0][-0.838215,-0.225313,-1.00783][-0.366075,-0.838886,-0.402814][0.118056,0.791871,0][-0.729049,-0.248549,-1.05865][-0.366075,-0.838886,-0.402814][0.203129,0.732833,0][-0.732166,-0.257407,-1.03737][-0.366075,-0.838886,-0.402814][0.192394,0.728964,0][-0.838215,-0.225313,-1.00783][-0.893498,0.400789,-0.202557][0.118056,0.791871,0][-0.84707,-0.232949,-0.983877][-0.893498,0.400789,-0.202557][0.102849,0.791105,0][-0.834885,-0.208651,-0.989549][-0.893498,0.400789,-0.202557][0.121059,0.806572,0][-0.834885,-0.208651,-0.989549][-0.893498,0.400789,-0.202557][0.121059,0.806572,0][-0.834063,-0.217033,-1.00976][-0.893498,0.400789,-0.202557][0.124261,0.797141,0][-0.838215,-0.225313,-1.00783][-0.893498,0.400789,-0.202557][0.118056,0.791871,0][-0.834063,-0.217033,-1.00976][-0.512247,0.785742,-0.346718][0.124261,0.797141,0][-0.834885,-0.208651,-0.989549][-0.512247,0.785742,-0.346718][0.121059,0.806572,0][-0.73295,-0.163136,-1.037][-0.512247,0.785742,-0.346718][0.222274,0.806572,0][-0.73295,-0.163136,-1.037][-0.512247,0.785742,-0.346718][0.222274,0.806572,0][-0.728766,-0.170018,-1.05878][-0.512247,0.785742,-0.346718][0.228814,0.797141,0][-0.834063,-0.217033,-1.00976][-0.512247,0.785742,-0.346718][0.124261,0.797141,0][-0.647645,-0.133796,-1.09654][0.0963261,0.410384,-0.906811][0.309364,0.797141,0][-0.689015,-0.1895,-1.12615][0.0963261,0.410384,-0.906811][0.269089,0.761048,0][-0.722218,-0.0395829,-1.06183][0.0963261,0.410384,-0.906811][0.276633,0.901726,0][-0.722218,-0.0395829,-1.06183][-0.38195,0.291649,-0.876958][0.276633,0.901726,0][-0.689015,-0.1895,-1.12615][-0.38195,0.291649,-0.876958][0.269089,0.761048,0][-0.731428,-0.0387519,-1.05754][-0.38195,0.291649,-0.876958][0.269089,0.90578,0][-0.729049,-0.248549,-1.05865][-0.844068,-0.0390899,-0.53481][0.203129,0.732833,0][-0.689015,-0.1895,-1.12615][-0.844068,-0.0390899,-0.53481][0.269089,0.761048,0][-0.720047,-0.385589,-1.06284][-0.844068,-0.0390899,-0.53481][0.166362,0.617136,0][-0.720047,-0.385589,-1.06284][-0.327777,-0.2429,-0.912996][0.166362,0.617136,0][-0.689015,-0.1895,-1.12615][-0.327777,-0.2429,-0.912996][0.269089,0.761048,0][-0.709341,-0.381302,-1.06782][-0.327777,-0.2429,-0.912996][0.176833,0.616731,0][-0.709341,-0.381302,-1.06782][0.090259,-0.298491,-0.950135][0.176833,0.616731,0][-0.689015,-0.1895,-1.12615][0.090259,-0.298491,-0.950135][0.269089,0.761048,0][-0.644662,-0.265902,-1.09793][0.090259,-0.298491,-0.950135][0.269089,0.687695,0][-0.596191,-0.189227,-1.12049][0.058656,-0.311812,-0.948332][0.335049,0.732833,0][-0.689015,-0.1895,-1.12615][0.058656,-0.311812,-0.948332][0.269089,0.761048,0][-0.534002,-0.08948,-1.14945][0.058656,-0.311812,-0.948332][0.420122,0.791871,0][-0.534002,-0.08948,-1.14945][-0.324088,0.292727,-0.899599][0.420122,0.791871,0][-0.689015,-0.1895,-1.12615][-0.324088,0.292727,-0.899599][0.269089,0.761048,0][-0.542348,-0.08678,-1.14556][-0.324088,0.292727,-0.899599][0.413917,0.797141,0][-0.542348,-0.08678,-1.14556][-0.537437,0.670775,-0.5111][0.413917,0.797141,0][-0.689015,-0.1895,-1.12615][-0.537437,0.670775,-0.5111][0.269089,0.761048,0][-0.647645,-0.133796,-1.09654][-0.537437,0.670775,-0.5111][0.309364,0.797141,0][-0.644662,-0.265902,-1.09793][-0.470164,-0.532794,-0.703617][0.269089,0.687695,0][-0.689015,-0.1895,-1.12615][-0.470164,-0.532794,-0.703617][0.269089,0.761048,0][-0.523516,-0.298329,-1.15433][-0.470164,-0.532794,-0.703617][0.361345,0.616731,0][-0.523516,-0.298329,-1.15433][-0.311881,-0.235945,-0.920359][0.361345,0.616731,0][-0.689015,-0.1895,-1.12615][-0.311881,-0.235945,-0.920359][0.269089,0.761048,0][-0.513132,-0.293199,-1.15916][-0.311881,-0.235945,-0.920359][0.371816,0.617136,0][-0.513132,-0.293199,-1.15916][0.0549181,0.386285,-0.920743][0.371816,0.617136,0][-0.689015,-0.1895,-1.12615][0.0549181,0.386285,-0.920743][0.269089,0.761048,0][-0.596191,-0.189227,-1.12049][0.0549181,0.386285,-0.920743][0.335049,0.732833,0][-0.731428,-0.0387519,-1.05754][-0.599077,0.185895,-0.778813][0.269089,0.90578,0][-0.689015,-0.1895,-1.12615][-0.599077,0.185895,-0.778813][0.269089,0.761048,0][-0.737413,-0.0463679,-1.05475][-0.599077,0.185895,-0.778813][0.261545,0.901726,0][-0.737413,-0.0463679,-1.05475][-0.865961,-0.0443389,-0.498142][0.261545,0.901726,0][-0.689015,-0.1895,-1.12615][-0.865961,-0.0443389,-0.498142][0.269089,0.761048,0][-0.728766,-0.170018,-1.05878][-0.865961,-0.0443389,-0.498142][0.228814,0.797141,0][-0.728766,-0.170018,-1.05878][-0.537435,0.670773,-0.511103][0.228814,0.797141,0][-0.689015,-0.1895,-1.12615][-0.537435,0.670773,-0.511103][0.269089,0.761048,0][-0.834063,-0.217033,-1.00976][-0.537435,0.670773,-0.511103][0.124261,0.797141,0][-0.834063,-0.217033,-1.00976][-0.635741,0.141684,-0.758788][0.124261,0.797141,0][-0.689015,-0.1895,-1.12615][-0.635741,0.141684,-0.758788][0.269089,0.761048,0][-0.838215,-0.225313,-1.00783][-0.635741,0.141684,-0.758788][0.118056,0.791871,0][-0.838215,-0.225313,-1.00783][-0.448607,-0.523712,-0.724208][0.118056,0.791871,0][-0.689015,-0.1895,-1.12615][-0.448607,-0.523712,-0.724208][0.269089,0.761048,0][-0.729049,-0.248549,-1.05865][-0.448607,-0.523712,-0.724208][0.203129,0.732833,0][-0.92559,-0.377834,-1.07801][0.422038,9.36274e-007,0.906578][0.268231,0.795608,0][-0.87458,-0.367207,-1.10175][0.422038,9.36274e-007,0.906578][0.224834,0.8017,0][-0.909284,-0.252522,-1.0856][0.422038,9.36274e-007,0.906578][0.255965,0.895298,0][-0.909284,-0.252522,-1.0856][0.422038,9.36274e-007,0.906578][0.255965,0.895298,0][-0.92559,-0.24346,-1.07801][0.422038,9.36274e-007,0.906578][0.270003,0.90334,0][-0.92559,-0.377834,-1.07801][0.422038,9.36274e-007,0.906578][0.268231,0.795608,0][-1.00916,-0.454662,-1.03911][0.422032,9.36275e-007,0.906581][0.338544,0.737992,0][-1.05098,-0.590775,-1.01963][0.422032,9.36275e-007,0.906581][0.372449,0.630857,0][-1.02305,-0.591895,-1.03264][0.422032,9.36275e-007,0.906581][0.348594,0.62863,0][-1.02305,-0.591895,-1.03264][0.422032,9.36275e-007,0.906581][0.348594,0.62863,0][-0.92559,-0.514362,-1.07801][0.422032,9.36275e-007,0.906581][0.266431,0.68615,0][-1.00916,-0.454662,-1.03911][0.422032,9.36275e-007,0.906581][0.338544,0.737992,0][-0.842022,-0.454662,-1.11691][0.422032,9.36275e-007,0.906581][0.195892,0.730034,0][-0.744452,-0.384636,-1.16233][0.422032,9.36275e-007,0.906581][0.113537,0.781531,0][-0.764294,-0.367207,-1.1531][0.422032,9.36275e-007,0.906581][0.130702,0.796451,0][-0.764294,-0.367207,-1.1531][0.422032,9.36275e-007,0.906581][0.130702,0.796451,0][-0.87458,-0.367207,-1.10175][0.422032,9.36275e-007,0.906581][0.224834,0.8017,0][-0.842022,-0.454662,-1.11691][0.422032,9.36275e-007,0.906581][0.195892,0.730034,0][-0.82813,-0.591895,-1.12338][0.422034,-1.06373e-006,0.90658][0.182225,0.61935,0][-0.800197,-0.590775,-1.13638][0.422034,-1.06373e-006,0.90658][0.158398,0.618917,0][-0.842022,-0.454662,-1.11691][0.422034,-1.06373e-006,0.90658][0.195892,0.730034,0][-0.842022,-0.454662,-1.11691][0.422034,-1.06373e-006,0.90658][0.195892,0.730034,0][-0.92559,-0.514362,-1.07801][0.422034,-1.06373e-006,0.90658][0.266431,0.68615,0][-0.82813,-0.591895,-1.12338][0.422034,-1.06373e-006,0.90658][0.182225,0.61935,0][-0.941896,-0.252522,-1.07042][0.422033,0,0.90658][0.2838,0.896851,0][-0.9766,-0.367207,-1.05426][0.422033,0,0.90658][0.311909,0.806558,0][-0.92559,-0.377834,-1.07801][0.422033,0,0.90658][0.268231,0.795608,0][-0.92559,-0.377834,-1.07801][0.422033,0,0.90658][0.268231,0.795608,0][-0.92559,-0.24346,-1.07801][0.422033,0,0.90658][0.270003,0.90334,0][-0.941896,-0.252522,-1.07042][0.422033,0,0.90658][0.2838,0.896851,0][-1.08689,-0.367206,-1.00292][0.422035,-2.06373e-006,0.90658][0.406041,0.811808,0][-1.10673,-0.384636,-0.993684][0.422035,-2.06373e-006,0.90658][0.422744,0.798778,0][-1.00916,-0.454662,-1.03911][0.422035,-2.06373e-006,0.90658][0.338544,0.737992,0][-1.00916,-0.454662,-1.03911][0.422035,-2.06373e-006,0.90658][0.338544,0.737992,0][-0.9766,-0.367207,-1.05426][0.422035,-2.06373e-006,0.90658][0.311909,0.806558,0][-1.08689,-0.367206,-1.00292][0.422035,-2.06373e-006,0.90658][0.406041,0.811808,0][-0.92559,-0.377834,-1.07801][0.422035,9.36274e-007,0.906579][0.268231,0.795608,0][-0.92559,-0.514362,-1.07801][0.422035,9.36274e-007,0.906579][0.266431,0.68615,0][-0.842022,-0.454662,-1.11691][0.422035,9.36274e-007,0.906579][0.195892,0.730034,0][-0.842022,-0.454662,-1.11691][0.422035,9.36274e-007,0.906579][0.195892,0.730034,0][-0.87458,-0.367207,-1.10175][0.422035,9.36274e-007,0.906579][0.224834,0.8017,0][-0.92559,-0.377834,-1.07801][0.422035,9.36274e-007,0.906579][0.268231,0.795608,0][-1.00916,-0.454662,-1.03911][0.42203,-1.06372e-006,0.906582][0.338544,0.737992,0][-0.92559,-0.514362,-1.07801][0.42203,-1.06372e-006,0.906582][0.266431,0.68615,0][-0.92559,-0.377834,-1.07801][0.42203,-1.06372e-006,0.906582][0.268231,0.795608,0][-0.92559,-0.377834,-1.07801][0.42203,-1.06372e-006,0.906582][0.268231,0.795608,0][-0.9766,-0.367207,-1.05426][0.42203,-1.06372e-006,0.906582][0.311909,0.806558,0][-1.00916,-0.454662,-1.03911][0.42203,-1.06372e-006,0.906582][0.338544,0.737992,0][-0.931746,-0.255409,-1.09497][0.15225,0.781133,-0.605518][0.269089,0.90578,0][-0.92559,-0.24346,-1.07801][0.15225,0.781133,-0.605518][0.269089,0.916384,0][-0.909284,-0.252522,-1.0856][0.15225,0.781133,-0.605518][0.284054,0.908342,0][-0.909284,-0.252522,-1.0856][0.15225,0.781133,-0.605518][0.284054,0.908342,0][-0.923526,-0.259978,-1.0988][0.15225,0.781133,-0.605518][0.276633,0.901726,0][-0.931746,-0.255409,-1.09497][0.15225,0.781133,-0.605518][0.269089,0.90578,0][-0.923526,-0.259978,-1.0988][0.569045,0.281054,-0.772785][0.276633,0.901726,0][-0.909284,-0.252522,-1.0856][0.569045,0.281054,-0.772785][0.284054,0.908342,0][-0.87458,-0.367207,-1.10175][0.569045,0.281054,-0.772785][0.315904,0.806572,0][-0.87458,-0.367207,-1.10175][0.569045,0.281054,-0.772785][0.315904,0.806572,0][-0.887863,-0.377834,-1.1154][0.569045,0.281054,-0.772785][0.309364,0.797141,0][-0.923526,-0.259978,-1.0988][0.569045,0.281054,-0.772785][0.276633,0.901726,0][-0.92559,-0.514362,-1.07801][0.264166,-0.712476,-0.650073][0.269089,0.675986,0][-1.02305,-0.591895,-1.03264][0.264166,-0.712476,-0.650073][0.179644,0.607185,0][-1.03227,-0.581137,-1.04817][0.264166,-0.712476,-0.650073][0.176833,0.616731,0][-1.03227,-0.581137,-1.04817][0.264166,-0.712476,-0.650073][0.176833,0.616731,0][-0.931746,-0.501168,-1.09497][0.264166,-0.712476,-0.650073][0.269089,0.687695,0][-0.92559,-0.514362,-1.07801][0.264166,-0.712476,-0.650073][0.269089,0.675986,0][-1.02305,-0.591895,-1.03264][-0.243913,-0.859042,-0.45006][0.179644,0.607185,0][-1.05098,-0.590775,-1.01963][-0.243913,-0.859042,-0.45006][0.154009,0.608177,0][-1.04368,-0.58068,-1.04286][-0.243913,-0.859042,-0.45006][0.166362,0.617136,0][-1.04368,-0.58068,-1.04286][-0.243913,-0.859042,-0.45006][0.166362,0.617136,0][-1.03227,-0.581137,-1.04817][-0.243913,-0.859042,-0.45006][0.176833,0.616731,0][-1.02305,-0.591895,-1.03264][-0.243913,-0.859042,-0.45006][0.179644,0.607185,0][-1.04368,-0.58068,-1.04286][-0.946845,0.264819,-0.182637][0.166362,0.617136,0][-1.05098,-0.590775,-1.01963][-0.946845,0.264819,-0.182637][0.154009,0.608177,0][-1.00916,-0.454662,-1.03911][-0.946845,0.264819,-0.182637][0.192394,0.728964,0][-1.00916,-0.454662,-1.03911][-0.946845,0.264819,-0.182637][0.192394,0.728964,0][-1.00362,-0.450302,-1.06151][-0.946845,0.264819,-0.182637][0.203129,0.732833,0][-1.04368,-0.58068,-1.04286][-0.946845,0.264819,-0.182637][0.166362,0.617136,0][-0.87458,-0.367207,-1.10175][-0.214772,0.860826,-0.461359][0.315904,0.806572,0][-0.764294,-0.367207,-1.1531][-0.214772,0.860826,-0.461359][0.41712,0.806572,0][-0.77394,-0.377834,-1.16843][-0.214772,0.860826,-0.461359][0.413917,0.797141,0][-0.77394,-0.377834,-1.16843][-0.214772,0.860826,-0.461359][0.413917,0.797141,0][-0.887863,-0.377834,-1.1154][-0.214772,0.860826,-0.461359][0.309364,0.797141,0][-0.87458,-0.367207,-1.10175][-0.214772,0.860826,-0.461359][0.315904,0.806572,0][-0.764294,-0.367207,-1.1531][0.295834,0.68797,-0.662706][0.41712,0.806572,0][-0.744452,-0.384636,-1.16233][0.295834,0.68797,-0.662706][0.435329,0.791105,0][-0.767179,-0.383773,-1.17158][0.295834,0.68797,-0.662706][0.420122,0.791871,0][-0.767179,-0.383773,-1.17158][0.295834,0.68797,-0.662706][0.420122,0.791871,0][-0.77394,-0.377834,-1.16843][0.295834,0.68797,-0.662706][0.413917,0.797141,0][-0.764294,-0.367207,-1.1531][0.295834,0.68797,-0.662706][0.41712,0.806572,0][-0.767179,-0.383773,-1.17158][0.231288,-0.735399,-0.636942][0.420122,0.791871,0][-0.744452,-0.384636,-1.16233][0.231288,-0.735399,-0.636942][0.435329,0.791105,0][-0.842022,-0.454662,-1.11691][0.231288,-0.735399,-0.636942][0.345784,0.728964,0][-0.842022,-0.454662,-1.11691][0.231288,-0.735399,-0.636942][0.345784,0.728964,0][-0.859875,-0.450302,-1.12843][0.231288,-0.735399,-0.636942][0.335049,0.732833,0][-0.767179,-0.383773,-1.17158][0.231288,-0.735399,-0.636942][0.420122,0.791871,0][-0.842022,-0.454662,-1.11691][0.5678,0.284941,-0.772277][0.345784,0.728964,0][-0.800197,-0.590775,-1.13638][0.567801,0.284941,-0.772277][0.384169,0.608177,0][-0.819813,-0.58068,-1.14708][0.567801,0.284941,-0.772277][0.371816,0.617136,0][-0.819813,-0.58068,-1.14708][0.567801,0.284941,-0.772277][0.371816,0.617136,0][-0.859875,-0.450302,-1.12843][0.5678,0.284941,-0.772277][0.335049,0.732833,0][-0.842022,-0.454662,-1.11691][0.5678,0.284941,-0.772277][0.345784,0.728964,0][-0.819813,-0.58068,-1.14708][-0.185576,-0.861442,-0.472736][0.371816,0.617136,0][-0.800197,-0.590775,-1.13638][-0.185576,-0.861442,-0.472736][0.384169,0.608177,0][-0.82813,-0.591895,-1.12338][-0.185576,-0.861442,-0.472736][0.358534,0.607185,0][-0.82813,-0.591895,-1.12338][-0.185576,-0.861442,-0.472736][0.358534,0.607185,0][-0.831222,-0.581137,-1.14177][-0.185576,-0.861442,-0.472736][0.361345,0.616731,0][-0.819813,-0.58068,-1.14708][-0.185576,-0.861442,-0.472736][0.371816,0.617136,0][-0.831222,-0.581137,-1.14177][-0.674483,-0.681062,-0.285004][0.361345,0.616731,0][-0.82813,-0.591895,-1.12338][-0.674483,-0.681062,-0.285004][0.358534,0.607185,0][-0.92559,-0.514362,-1.07801][-0.674483,-0.681062,-0.285004][0.269089,0.675986,0][-0.92559,-0.514362,-1.07801][-0.674483,-0.681062,-0.285004][0.269089,0.675986,0][-0.931746,-0.501168,-1.09497][-0.674483,-0.681062,-0.285004][0.269089,0.687695,0][-0.831222,-0.581137,-1.14177][-0.674483,-0.681062,-0.285004][0.361345,0.616731,0][-0.9766,-0.367207,-1.05426][-0.947937,0.261183,-0.182208][0.222274,0.806572,0][-0.941896,-0.252522,-1.07042][-0.947937,0.261183,-0.182208][0.254124,0.908342,0][-0.939966,-0.259978,-1.09114][-0.947937,0.261183,-0.182208][0.261545,0.901726,0][-0.939966,-0.259978,-1.09114][-0.947937,0.261183,-0.182208][0.261545,0.901726,0][-0.97563,-0.377834,-1.07454][-0.947937,0.261183,-0.182208][0.228814,0.797141,0][-0.9766,-0.367207,-1.05426][-0.947937,0.261183,-0.182208][0.222274,0.806572,0][-0.939966,-0.259978,-1.09114][-0.570415,0.754531,-0.324516][0.261545,0.901726,0][-0.941896,-0.252522,-1.07042][-0.570415,0.754531,-0.324516][0.254124,0.908342,0][-0.92559,-0.24346,-1.07801][-0.570415,0.754531,-0.324516][0.269089,0.916384,0][-0.92559,-0.24346,-1.07801][-0.570415,0.754531,-0.324516][0.269089,0.916384,0][-0.931746,-0.255409,-1.09497][-0.570415,0.754531,-0.324516][0.269089,0.90578,0][-0.939966,-0.259978,-1.09114][-0.570415,0.754531,-0.324516][0.261545,0.901726,0][-1.00916,-0.454662,-1.03911][-0.644108,-0.705133,-0.296499][0.192394,0.728964,0][-1.10673,-0.384636,-0.993684][-0.644108,-0.705133,-0.296499][0.102849,0.791105,0][-1.09631,-0.383773,-1.01836][-0.644108,-0.705133,-0.296499][0.118056,0.791871,0][-1.09631,-0.383773,-1.01836][-0.644108,-0.705133,-0.296499][0.118056,0.791871,0][-1.00362,-0.450302,-1.06151][-0.644108,-0.705133,-0.296499][0.203129,0.732833,0][-1.00916,-0.454662,-1.03911][-0.644108,-0.705133,-0.296499][0.192394,0.728964,0][-1.09631,-0.383773,-1.01836][-0.703558,0.655698,-0.273984][0.118056,0.791871,0][-1.10673,-0.384636,-0.993684][-0.703558,0.655698,-0.273984][0.102849,0.791105,0][-1.08689,-0.367206,-1.00292][-0.703558,0.655698,-0.273984][0.121059,0.806572,0][-1.08689,-0.367206,-1.00292][-0.703558,0.655698,-0.273984][0.121059,0.806572,0][-1.08955,-0.377834,-1.02151][-0.703558,0.655698,-0.273984][0.124261,0.797141,0][-1.09631,-0.383773,-1.01836][-0.703558,0.655698,-0.273984][0.118056,0.791871,0][-1.08955,-0.377834,-1.02151][-0.214772,0.860826,-0.461359][0.124261,0.797141,0][-1.08689,-0.367206,-1.00292][-0.214772,0.860826,-0.461359][0.121059,0.806572,0][-0.9766,-0.367207,-1.05426][-0.214772,0.860826,-0.461359][0.222274,0.806572,0][-0.9766,-0.367207,-1.05426][-0.214772,0.860826,-0.461359][0.222274,0.806572,0][-0.97563,-0.377834,-1.07454][-0.214771,0.860826,-0.461359][0.228814,0.797141,0][-1.08955,-0.377834,-1.02151][-0.214772,0.860826,-0.461359][0.124261,0.797141,0][-0.887863,-0.377834,-1.1154][0.209862,0.198373,-0.957396][0.309364,0.797141,0][-0.946916,-0.418507,-1.13677][0.209862,0.198373,-0.957396][0.269089,0.761048,0][-0.923526,-0.259978,-1.0988][0.209862,0.198373,-0.957396][0.276633,0.901726,0][-0.923526,-0.259978,-1.0988][-0.283337,0.262737,-0.922328][0.276633,0.901726,0][-0.946916,-0.418507,-1.13677][-0.283337,0.262737,-0.922328][0.269089,0.761048,0][-0.931746,-0.255409,-1.09497][-0.283337,0.262737,-0.922328][0.269089,0.90578,0][-1.00362,-0.450302,-1.06151][-0.820443,0.174206,-0.544542][0.203129,0.732833,0][-0.946916,-0.418507,-1.13677][-0.820443,0.174206,-0.544542][0.269089,0.761048,0][-1.04368,-0.58068,-1.04286][-0.820443,0.174206,-0.544542][0.166362,0.617136,0][-1.04368,-0.58068,-1.04286][-0.416328,-0.256669,-0.872234][0.166362,0.617136,0][-0.946916,-0.418507,-1.13677][-0.416328,-0.256669,-0.872234][0.269089,0.761048,0][-1.03227,-0.581137,-1.04817][-0.416327,-0.256669,-0.872234][0.176833,0.616731,0][-1.03227,-0.581137,-1.04817][-0.0489721,-0.457877,-0.887666][0.176833,0.616731,0][-0.946916,-0.418507,-1.13677][-0.0489721,-0.457877,-0.887666][0.269089,0.761048,0][-0.931746,-0.501168,-1.09497][-0.0489731,-0.457877,-0.887666][0.269089,0.687695,0][-0.859875,-0.450302,-1.12843][-0.0827171,-0.458632,-0.884768][0.335049,0.732833,0][-0.946916,-0.418507,-1.13677][-0.0827171,-0.458632,-0.884768][0.269089,0.761048,0][-0.767179,-0.383773,-1.17158][-0.0827171,-0.458632,-0.884768][0.420122,0.791871,0][-0.767179,-0.383773,-1.17158][-0.228988,0.239337,-0.943548][0.420122,0.791871,0][-0.946916,-0.418507,-1.13677][-0.228988,0.239337,-0.943548][0.269089,0.761048,0][-0.77394,-0.377834,-1.16843][-0.228988,0.239337,-0.943548][0.413917,0.797141,0][-0.77394,-0.377834,-1.16843][-0.285433,0.736599,-0.613148][0.413917,0.797141,0][-0.946916,-0.418507,-1.13677][-0.285433,0.736599,-0.613148][0.269089,0.761048,0][-0.887863,-0.377834,-1.1154][-0.285433,0.736599,-0.613148][0.309364,0.797141,0][-0.931746,-0.501168,-1.09497][-0.641183,-0.436752,-0.630978][0.269089,0.687695,0][-0.946916,-0.418507,-1.13677][-0.641183,-0.436752,-0.630978][0.269089,0.761048,0][-0.831222,-0.581137,-1.14177][-0.641183,-0.436752,-0.630978][0.361345,0.616731,0][-0.831222,-0.581137,-1.14177][-0.399365,-0.257082,-0.880009][0.361345,0.616731,0][-0.946916,-0.418507,-1.13677][-0.399365,-0.257082,-0.880009][0.269089,0.761048,0][-0.819813,-0.58068,-1.14708][-0.399365,-0.257082,-0.880009][0.371816,0.617136,0][-0.819813,-0.58068,-1.14708][0.161618,0.188234,-0.968735][0.371816,0.617136,0][-0.946916,-0.418507,-1.13677][0.161618,0.188234,-0.968735][0.269089,0.761048,0][-0.859875,-0.450302,-1.12843][0.161618,0.188234,-0.968735][0.335049,0.732833,0][-0.931746,-0.255409,-1.09497][-0.521567,0.257028,-0.813575][0.269089,0.90578,0][-0.946916,-0.418507,-1.13677][-0.521567,0.257028,-0.813575][0.269089,0.761048,0][-0.939966,-0.259978,-1.09114][-0.521567,0.257028,-0.813575][0.261545,0.901726,0][-0.939966,-0.259978,-1.09114][-0.84164,0.183119,-0.508044][0.261545,0.901726,0][-0.946916,-0.418507,-1.13677][-0.84164,0.183119,-0.508044][0.269089,0.761048,0][-0.97563,-0.377834,-1.07454][-0.84164,0.183119,-0.508044][0.228814,0.797141,0][-0.97563,-0.377834,-1.07454][-0.285436,0.736598,-0.613148][0.228814,0.797141,0][-0.946916,-0.418507,-1.13677][-0.285436,0.736598,-0.613148][0.269089,0.761048,0][-1.08955,-0.377834,-1.02151][-0.285436,0.736598,-0.613148][0.124261,0.797141,0][-1.08955,-0.377834,-1.02151][-0.570521,0.231921,-0.787857][0.124261,0.797141,0][-0.946916,-0.418507,-1.13677][-0.570521,0.231921,-0.787857][0.269089,0.761048,0][-1.09631,-0.383773,-1.01836][-0.570521,0.231921,-0.787857][0.118056,0.791871,0][-1.09631,-0.383773,-1.01836][-0.618529,-0.439194,-0.65156][0.118056,0.791871,0][-0.946916,-0.418507,-1.13677][-0.618529,-0.439194,-0.65156][0.269089,0.761048,0][-1.00362,-0.450302,-1.06151][-0.618529,-0.439194,-0.65156][0.203129,0.732833,0][1.21731,0.226545,0.271642][-0.999713,1.15095e-006,-0.02397][0.262512,0.893237,0][1.21964,-0.0362372,0.174303][-0.999713,1.15095e-006,-0.02397][0.229156,0.79802,0][1.21621,-0.0605882,0.317378][-0.999713,1.15095e-006,-0.02397][0.27413,0.787898,0][1.21621,-0.0605882,0.317378][-0.999713,1.15095e-006,-0.02397][0.27413,0.787898,0][1.21621,0.247311,0.317378][-0.999713,1.15095e-006,-0.02397][0.277171,0.900437,0][1.21731,0.226545,0.271642][-0.999713,1.15095e-006,-0.02397][0.262512,0.893237,0][1.21059,-0.236631,0.551774][-0.999713,1.15095e-006,-0.023968][0.346464,0.721553,0][1.21621,-0.373425,0.317378][-0.999713,1.15095e-006,-0.023968][0.271041,0.673555,0][1.20966,-0.55108,0.59074][-0.999713,1.15095e-006,-0.023968][0.355673,0.606288,0][1.20966,-0.55108,0.59074][-0.999713,1.15095e-006,-0.023968][0.355673,0.606288,0][1.20778,-0.548517,0.669085][-0.999713,1.15095e-006,-0.023968][0.380457,0.606555,0][1.21059,-0.236631,0.551774][-0.999713,1.15095e-006,-0.023968][0.346464,0.721553,0][1.22183,-0.236631,0.082982][-0.999713,1.15095e-006,-0.023972][0.19832,0.725555,0][1.21964,-0.0362372,0.174303][-0.999713,1.15095e-006,-0.023972][0.229156,0.79802,0][1.22706,-0.0362372,-0.135032][-0.999713,1.15095e-006,-0.023972][0.131402,0.800661,0][1.22706,-0.0362372,-0.135032][-0.999713,1.15095e-006,-0.023972][0.131402,0.800661,0][1.22839,-0.0761752,-0.190684][-0.999713,1.15095e-006,-0.023972][0.113421,0.786539,0][1.22183,-0.236631,0.082982][-0.999713,1.15095e-006,-0.023972][0.19832,0.725555,0][1.22183,-0.236631,0.082982][-0.999713,-8.49048e-007,-0.023971][0.19832,0.725555,0][1.22464,-0.548517,-0.034329][-0.999713,-8.49048e-007,-0.023971][0.158167,0.612562,0][1.22277,-0.55108,0.044017][-0.999713,-8.49048e-007,-0.023971][0.182901,0.610956,0][1.22277,-0.55108,0.044017][-0.999713,-8.49048e-007,-0.023971][0.182901,0.610956,0][1.21621,-0.373425,0.317378][-0.999713,-8.49048e-007,-0.023971][0.271041,0.673555,0][1.22183,-0.236631,0.082982][-0.999713,-8.49048e-007,-0.023971][0.19832,0.725555,0][1.21621,-0.0605882,0.317378][-0.999713,1.50952e-007,-0.02397][0.27413,0.787898,0][1.21278,-0.0362372,0.460453][-0.999713,1.50952e-007,-0.02397][0.319585,0.795577,0][1.21511,0.226545,0.363115][-0.999713,1.50952e-007,-0.02397][0.29142,0.892456,0][1.21511,0.226545,0.363115][-0.999713,1.50952e-007,-0.02397][0.29142,0.892456,0][1.21621,0.247311,0.317378][-0.999713,1.50952e-007,-0.02397][0.277171,0.900437,0][1.21621,-0.0605882,0.317378][-0.999713,1.50952e-007,-0.02397][0.27413,0.787898,0][1.21059,-0.236631,0.551774][-0.999713,2.15095e-006,-0.023971][0.346464,0.721553,0][1.20403,-0.0761751,0.82544][-0.999713,2.15095e-006,-0.023971][0.434532,0.777863,0][1.20536,-0.0362372,0.769789][-0.999713,2.15095e-006,-0.023971][0.417339,0.792936,0][1.20536,-0.0362372,0.769789][-0.999713,2.15095e-006,-0.023971][0.417339,0.792936,0][1.21278,-0.0362372,0.460453][-0.999713,2.15095e-006,-0.023971][0.319585,0.795577,0][1.21059,-0.236631,0.551774][-0.999713,2.15095e-006,-0.023971][0.346464,0.721553,0][1.21621,-0.0605882,0.317378][-0.999713,1.50952e-007,-0.02397][0.27413,0.787898,0][1.21964,-0.0362372,0.174303][-0.999713,1.50952e-007,-0.02397][0.229156,0.79802,0][1.22183,-0.236631,0.082982][-0.999713,1.50952e-007,-0.02397][0.19832,0.725555,0][1.22183,-0.236631,0.082982][-0.999713,1.50952e-007,-0.02397][0.19832,0.725555,0][1.21621,-0.373425,0.317378][-0.999713,1.50952e-007,-0.02397][0.271041,0.673555,0][1.21621,-0.0605882,0.317378][-0.999713,1.50952e-007,-0.02397][0.27413,0.787898,0][1.21621,-0.0605882,0.317378][-0.999713,1.50952e-007,-0.02397][0.27413,0.787898,0][1.21621,-0.373425,0.317378][-0.999713,1.50952e-007,-0.02397][0.271041,0.673555,0][1.21059,-0.236631,0.551774][-0.999713,1.50952e-007,-0.02397][0.346464,0.721553,0][1.21059,-0.236631,0.551774][-0.999713,1.50952e-007,-0.02397][0.346464,0.721553,0][1.21278,-0.0362372,0.460453][-0.999713,1.50952e-007,-0.02397][0.319585,0.795577,0][1.21621,-0.0605882,0.317378][-0.999713,1.50952e-007,-0.02397][0.27413,0.787898,0][1.25385,0.209463,0.295463][0.567359,0.75484,-0.329119][0.663433,0.720025,0][1.21731,0.226545,0.271642][0.567359,0.754841,-0.329119][0.67905,0.734995,0][1.21621,0.247311,0.317378][0.567359,0.754841,-0.329119][0.647557,0.753193,0][1.21621,0.247311,0.317378][0.567359,0.754841,-0.329119][0.647557,0.753193,0][1.2533,0.219931,0.318519][0.567359,0.754841,-0.329119][0.647557,0.729199,0][1.25385,0.209463,0.295463][0.567359,0.75484,-0.329119][0.663433,0.720025,0][1.25385,0.209463,0.295463][0.612542,0.279339,-0.739434][0.663433,0.720025,0][1.25625,-0.0605882,0.195432][0.612542,0.279339,-0.739434][0.73231,0.483369,0][1.21964,-0.0362372,0.174303][0.612542,0.279339,-0.739434][0.746073,0.504709,0][1.21964,-0.0362372,0.174303][0.612542,0.279339,-0.739434][0.746073,0.504709,0][1.21731,0.226545,0.271642][0.612542,0.279339,-0.739434][0.67905,0.734995,0][1.25385,0.209463,0.295463][0.612542,0.279339,-0.739434][0.663433,0.720025,0][1.24654,-0.526431,0.600472][0.576804,-0.691195,-0.435369][0.453415,0.075132,0][1.20966,-0.55108,0.59074][0.576804,-0.691195,-0.435369][0.459331,0.053531,0][1.21621,-0.373425,0.317378][0.576804,-0.691195,-0.435369][0.647557,0.209218,0][1.21621,-0.373425,0.317378][0.576804,-0.691195,-0.435369][0.647557,0.209218,0][1.2533,-0.343192,0.318519][0.576804,-0.691195,-0.435369][0.647557,0.235712,0][1.24654,-0.526431,0.600472][0.576804,-0.691195,-0.435369][0.453415,0.075132,0][1.24577,-0.525384,0.632473][0.547772,-0.835649,0.040464][0.431381,0.076049,0][1.20778,-0.548517,0.669085][0.547772,-0.835649,0.040464][0.405385,0.055777,0][1.20966,-0.55108,0.59074][0.547772,-0.835649,0.040464][0.459331,0.053531,0][1.20966,-0.55108,0.59074][0.547772,-0.835649,0.040464][0.459331,0.053531,0][1.24654,-0.526431,0.600472][0.547772,-0.835649,0.040464][0.453415,0.075132,0][1.24577,-0.525384,0.632473][0.547772,-0.835649,0.040464][0.431381,0.076049,0][1.24577,-0.525384,0.632473][0.569529,0.284874,0.771028][0.431381,0.076049,0][1.24847,-0.226639,0.520105][0.569529,0.284874,0.771028][0.508753,0.337851,0][1.21059,-0.236631,0.551774][0.569529,0.284874,0.771028][0.486161,0.329096,0][1.21059,-0.236631,0.551774][0.569529,0.284874,0.771028][0.486161,0.329096,0][1.20778,-0.548517,0.669085][0.569529,0.284874,0.771028][0.405385,0.055777,0][1.24577,-0.525384,0.632473][0.569529,0.284874,0.771028][0.431381,0.076049,0][1.26391,-0.0605882,-0.124103][0.548507,0.836043,0.013153][0.952329,0.483369,0][1.22706,-0.0362372,-0.135032][0.548507,0.836043,0.013153][0.959069,0.504709,0][1.21964,-0.0362372,0.174303][0.548507,0.836043,0.013153][0.746073,0.504709,0][1.21964,-0.0362372,0.174303][0.548507,0.836043,0.013153][0.746073,0.504709,0][1.25625,-0.0605882,0.195432][0.548507,0.836043,0.013153][0.73231,0.483369,0][1.26391,-0.0605882,-0.124103][0.548507,0.836043,0.013153][0.952329,0.483369,0][1.26437,-0.0741972,-0.143066][0.579815,0.668452,-0.465817][0.965386,0.471443,0][1.22839,-0.0761752,-0.190684][0.579815,0.668452,-0.465817][0.997388,0.469709,0][1.22706,-0.0362372,-0.135032][0.579815,0.668452,-0.465817][0.959069,0.504709,0][1.22706,-0.0362372,-0.135032][0.579815,0.668452,-0.465817][0.959069,0.504709,0][1.26391,-0.0605882,-0.124103][0.579815,0.668452,-0.465817][0.952329,0.483369,0][1.26437,-0.0741972,-0.143066][0.579815,0.668452,-0.465817][0.965386,0.471443,0][1.26437,-0.0741972,-0.143066][0.573854,-0.712408,-0.403939][0.965386,0.471443,0][1.25813,-0.226639,0.116933][0.573854,-0.712408,-0.403939][0.786362,0.337851,0][1.22183,-0.236631,0.082982][0.573854,-0.712408,-0.403939][0.808953,0.329096,0][1.22183,-0.236631,0.082982][0.573854,-0.712408,-0.403939][0.808953,0.329096,0][1.22839,-0.0761752,-0.190684][0.573854,-0.712408,-0.403939][0.997388,0.469709,0][1.26437,-0.0741972,-0.143066][0.573854,-0.712408,-0.403939][0.965386,0.471443,0][1.26083,-0.525384,0.00456402][0.612369,0.283159,-0.738123][0.863734,0.076049,0][1.22464,-0.548517,-0.034329][0.612369,0.283159,-0.738123][0.889729,0.055777,0][1.22183,-0.236631,0.082982][0.612369,0.283159,-0.738123][0.808953,0.329096,0][1.22183,-0.236631,0.082982][0.612369,0.283159,-0.738123][0.808953,0.329096,0][1.25813,-0.226639,0.116933][0.612369,0.283159,-0.738123][0.786362,0.337851,0][1.26083,-0.525384,0.00456402][0.612369,0.283159,-0.738123][0.863734,0.076049,0][1.26083,-0.525384,0.00456402][0.54934,-0.835479,-0.014156][0.863734,0.076049,0][1.26006,-0.526431,0.036566][0.54934,-0.835479,-0.014156][0.841699,0.075132,0][1.22277,-0.55108,0.044017][0.54934,-0.835479,-0.014156][0.835783,0.053531,0][1.22277,-0.55108,0.044017][0.54934,-0.835479,-0.014156][0.835783,0.053531,0][1.22464,-0.548517,-0.034329][0.54934,-0.835479,-0.014156][0.889729,0.055777,0][1.26083,-0.525384,0.00456402][0.54934,-0.835479,-0.014156][0.863734,0.076049,0][1.26006,-0.526431,0.036566][0.551087,-0.693573,0.463961][0.841699,0.075132,0][1.2533,-0.343192,0.318519][0.551087,-0.693573,0.463961][0.647557,0.235712,0][1.21621,-0.373425,0.317378][0.551087,-0.693573,0.463961][0.647557,0.209218,0][1.21621,-0.373425,0.317378][0.551087,-0.693573,0.463961][0.647557,0.209218,0][1.22277,-0.55108,0.044017][0.551087,-0.693573,0.463961][0.835783,0.053531,0][1.26006,-0.526431,0.036566][0.551087,-0.693573,0.463961][0.841699,0.075132,0][1.25275,0.209463,0.341576][0.56963,0.281033,0.772361][0.631682,0.720025,0][1.21511,0.226545,0.363115][0.56963,0.281033,0.772361][0.616065,0.734995,0][1.21278,-0.0362372,0.460453][0.56963,0.281033,0.772361][0.549041,0.504709,0][1.21278,-0.0362372,0.460453][0.56963,0.281033,0.772361][0.549041,0.504709,0][1.25035,-0.0605882,0.441606][0.56963,0.281033,0.772361][0.562804,0.483369,0][1.25275,0.209463,0.341576][0.56963,0.281033,0.772361][0.631682,0.720025,0][1.25275,0.209463,0.341576][0.54771,0.756804,0.356736][0.631682,0.720025,0][1.2533,0.219931,0.318519][0.54771,0.756804,0.356736][0.647557,0.729199,0][1.21621,0.247311,0.317378][0.54771,0.756804,0.356736][0.647557,0.753193,0][1.21621,0.247311,0.317378][0.54771,0.756804,0.356736][0.647557,0.753193,0][1.21511,0.226545,0.363115][0.54771,0.756804,0.356736][0.616065,0.734995,0][1.25275,0.209463,0.341576][0.54771,0.756804,0.356736][0.631682,0.720025,0][1.24223,-0.0741972,0.780104][0.549922,-0.714683,0.43222][0.329728,0.471443,0][1.20403,-0.0761751,0.82544][0.549922,-0.714683,0.43222][0.297726,0.469709,0][1.21059,-0.236631,0.551774][0.549922,-0.714683,0.43222][0.486161,0.329096,0][1.21059,-0.236631,0.551774][0.549922,-0.714683,0.43222][0.486161,0.329096,0][1.24847,-0.226639,0.520105][0.549922,-0.714683,0.43222][0.508753,0.337851,0][1.24223,-0.0741972,0.780104][0.549922,-0.714683,0.43222][0.329728,0.471443,0][1.24223,-0.0741972,0.780104][0.552358,0.670922,0.494737][0.329728,0.471443,0][1.24269,-0.0605882,0.761141][0.552358,0.670922,0.494737][0.342786,0.483369,0][1.20536,-0.0362372,0.769789][0.552358,0.670922,0.494737][0.336046,0.504709,0][1.20536,-0.0362372,0.769789][0.552358,0.670922,0.494737][0.336046,0.504709,0][1.20403,-0.0761751,0.82544][0.552358,0.670922,0.494737][0.297726,0.469709,0][1.24223,-0.0741972,0.780104][0.552358,0.670922,0.494737][0.329728,0.471443,0][1.24269,-0.0605882,0.761141][0.548508,0.836042,0.013152][0.342786,0.483369,0][1.25035,-0.0605882,0.441606][0.548508,0.836042,0.013152][0.562804,0.483369,0][1.21278,-0.0362372,0.460453][0.548508,0.836042,0.013152][0.549041,0.504709,0][1.21278,-0.0362372,0.460453][0.548508,0.836042,0.013152][0.549041,0.504709,0][1.20536,-0.0362372,0.769789][0.548508,0.836042,0.013152][0.336046,0.504709,0][1.24269,-0.0605882,0.761141][0.548508,0.836042,0.013152][0.342786,0.483369,0][1.25625,-0.0605882,0.195432][0.862926,0.182249,-0.471322][0.73231,0.483369,0][1.25385,0.209463,0.295463][0.862926,0.182249,-0.471322][0.663433,0.720025,0][1.3447,-0.153785,0.32133][0.862926,0.182249,-0.471322][0.647557,0.401697,0][1.25385,0.209463,0.295463][0.968084,0.236132,-0.083989][0.663433,0.720025,0][1.2533,0.219931,0.318519][0.968084,0.236132,-0.083989][0.647557,0.729199,0][1.3447,-0.153785,0.32133][0.968084,0.236132,-0.083989][0.647557,0.401697,0][1.24847,-0.226639,0.520105][0.860237,0.172696,0.479759][0.508753,0.337851,0][1.24577,-0.525384,0.632473][0.860237,0.172696,0.479759][0.431381,0.076049,0][1.3447,-0.153785,0.32133][0.860237,0.172696,0.479759][0.647557,0.401697,0][1.24577,-0.525384,0.632473][0.972013,-0.232887,0.030909][0.431381,0.076049,0][1.24654,-0.526431,0.600472][0.972013,-0.232887,0.030909][0.453415,0.075132,0][1.3447,-0.153785,0.32133][0.972013,-0.232887,0.030909][0.647557,0.401697,0][1.24654,-0.526431,0.600472][0.873352,-0.41772,-0.250532][0.453415,0.075132,0][1.2533,-0.343192,0.318519][0.873352,-0.41772,-0.250532][0.647557,0.235712,0][1.3447,-0.153785,0.32133][0.873352,-0.41772,-0.250532][0.647557,0.401697,0][1.25813,-0.226639,0.116933][0.880454,-0.417922,-0.223925][0.786362,0.337851,0][1.26437,-0.0741972,-0.143066][0.880453,-0.417923,-0.223925][0.965386,0.471443,0][1.3447,-0.153785,0.32133][0.880454,-0.417922,-0.223925][0.647557,0.401697,0][1.26437,-0.0741972,-0.143066][0.967962,0.214405,-0.130694][0.965386,0.471443,0][1.26391,-0.0605882,-0.124103][0.967962,0.214405,-0.130694][0.952329,0.483369,0][1.3447,-0.153785,0.32133][0.967962,0.214405,-0.130694][0.647557,0.401697,0][1.26391,-0.0605882,-0.124103][0.713596,0.700348,0.017111][0.952329,0.483369,0][1.25625,-0.0605882,0.195432][0.713596,0.700348,0.017111][0.73231,0.483369,0][1.3447,-0.153785,0.32133][0.713596,0.700348,0.017111][0.647557,0.401697,0][1.2533,-0.343192,0.318519][0.859403,-0.419057,0.292948][0.647557,0.235712,0][1.26006,-0.526431,0.036566][0.859403,-0.419057,0.292948][0.841699,0.075132,0][1.3447,-0.153785,0.32133][0.859403,-0.419057,0.292948][0.647557,0.401697,0][1.26006,-0.526431,0.036566][0.972384,-0.232857,0.01571][0.841699,0.075132,0][1.26083,-0.525384,0.00456402][0.972384,-0.232857,0.01571][0.863734,0.076049,0][1.3447,-0.153785,0.32133][0.972384,-0.232857,0.01571][0.647557,0.401697,0][1.26083,-0.525384,0.00456402][0.883663,0.171769,-0.435472][0.863734,0.076049,0][1.25813,-0.226639,0.116933][0.883663,0.171768,-0.435472][0.786362,0.337851,0][1.3447,-0.153785,0.32133][0.883663,0.171768,-0.435472][0.647557,0.401697,0][1.2533,0.219931,0.318519][0.962848,0.236463,0.130419][0.647557,0.729199,0][1.25275,0.209463,0.341576][0.962848,0.236464,0.130419][0.631682,0.720025,0][1.3447,-0.153785,0.32133][0.962848,0.236464,0.130419][0.647557,0.401697,0][1.25275,0.209463,0.341576][0.837429,0.183286,0.514898][0.631682,0.720025,0][1.25035,-0.0605882,0.441606][0.837428,0.183286,0.514898][0.562804,0.483369,0][1.3447,-0.153785,0.32133][0.837428,0.183286,0.514898][0.647557,0.401697,0][1.25035,-0.0605882,0.441606][0.713599,0.700346,0.017111][0.562804,0.483369,0][1.24269,-0.0605882,0.761141][0.713599,0.700346,0.017111][0.342786,0.483369,0][1.3447,-0.153785,0.32133][0.713599,0.700346,0.017111][0.647557,0.401697,0][1.24269,-0.0605882,0.761141][0.960424,0.21488,0.177235][0.342786,0.483369,0][1.24223,-0.0741972,0.780104][0.960424,0.21488,0.177235][0.329728,0.471443,0][1.3447,-0.153785,0.32133][0.960424,0.21488,0.177235][0.647557,0.401697,0][1.24223,-0.0741972,0.780104][0.867912,-0.419136,0.266559][0.329728,0.471443,0][1.24847,-0.226639,0.520105][0.867912,-0.419136,0.266559][0.508753,0.337851,0][1.3447,-0.153785,0.32133][0.867912,-0.419136,0.266559][0.647557,0.401697,0][1.44941,0.0131888,-0.459153][-0.999713,-8.49048e-007,-0.023975][0.255965,0.895298,0][1.44875,-0.129688,-0.431368][-0.999713,-8.49048e-007,-0.023975][0.224834,0.8017,0][1.44699,-0.11001,-0.358291][-0.999713,-8.49048e-007,-0.023975][0.268231,0.795608,0][1.44699,-0.11001,-0.358291][-0.999713,-8.49048e-007,-0.023975][0.268231,0.795608,0][1.44904,0.0327138,-0.443713][-0.999713,-8.49048e-007,-0.023975][0.270003,0.90334,0][1.44941,0.0131888,-0.459153][-0.999713,-8.49048e-007,-0.023975][0.255965,0.895298,0][1.44322,-0.140881,-0.200799][-0.999713,5.15095e-006,-0.023969][0.338544,0.737992,0][1.44491,-0.255022,-0.271499][-0.999713,5.15095e-006,-0.023969][0.266431,0.68615,0][1.44069,-0.278207,-0.095497][-0.999713,5.15095e-006,-0.023969][0.348594,0.62863,0][1.44069,-0.278207,-0.095497][-0.999713,5.15095e-006,-0.023969][0.348594,0.62863,0][1.43984,-0.260063,-0.059892][-0.999713,5.15095e-006,-0.023969][0.372449,0.630857,0][1.44322,-0.140881,-0.200799][-0.999713,5.15095e-006,-0.023969][0.338544,0.737992,0][1.44843,-0.242344,-0.418102][-0.999713,4.15095e-006,-0.023972][0.195892,0.730034,0][1.44875,-0.129688,-0.431368][-0.999713,4.15095e-006,-0.023972][0.224834,0.8017,0][1.45218,-0.19664,-0.574757][-0.999713,4.15095e-006,-0.023972][0.130702,0.796451,0][1.45218,-0.19664,-0.574757][-0.999713,4.15095e-006,-0.023972][0.130702,0.796451,0][1.45254,-0.227198,-0.589473][-0.999713,4.15095e-006,-0.023972][0.113537,0.781531,0][1.44843,-0.242344,-0.418102][-0.999713,4.15095e-006,-0.023972][0.195892,0.730034,0][1.44843,-0.242344,-0.418102][-0.999713,-1.84905e-006,-0.023971][0.195892,0.730034,0][1.44766,-0.412306,-0.385953][-0.999713,-1.84905e-006,-0.023971][0.158398,0.618917,0][1.44677,-0.396538,-0.348925][-0.999713,-1.84905e-006,-0.023971][0.182225,0.61935,0][1.44677,-0.396538,-0.348925][-0.999713,-1.84905e-006,-0.023971][0.182225,0.61935,0][1.44491,-0.255022,-0.271499][-0.999713,-1.84905e-006,-0.023971][0.266431,0.68615,0][1.44843,-0.242344,-0.418102][-0.999713,-1.84905e-006,-0.023971][0.195892,0.730034,0][1.44699,-0.11001,-0.358291][-0.999713,-5.84905e-006,-0.023973][0.268231,0.795608,0][1.44556,-0.0677562,-0.298726][-0.999713,-5.84905e-006,-0.023973][0.311909,0.806558,0][1.4484,0.0329868,-0.416751][-0.999713,-5.84905e-006,-0.023973][0.2838,0.896851,0][1.4484,0.0329868,-0.416751][-0.999713,-5.84905e-006,-0.023973][0.2838,0.896851,0][1.44904,0.0327138,-0.443713][-0.999713,-5.84905e-006,-0.023973][0.270003,0.90334,0][1.44699,-0.11001,-0.358291][-0.999713,-5.84905e-006,-0.023973][0.268231,0.795608,0][1.44322,-0.140881,-0.200799][-0.999713,1.50952e-007,-0.023969][0.338544,0.737992,0][1.44124,-0.00727322,-0.11846][-0.999713,1.50952e-007,-0.023969][0.422744,0.798778,0][1.44213,-0.000805225,-0.155337][-0.999713,1.50952e-007,-0.023969][0.406041,0.811808,0][1.44213,-0.000805225,-0.155337][-0.999713,1.50952e-007,-0.023969][0.406041,0.811808,0][1.44556,-0.0677562,-0.298726][-0.999713,1.50952e-007,-0.023969][0.311909,0.806558,0][1.44322,-0.140881,-0.200799][-0.999713,1.50952e-007,-0.023969][0.338544,0.737992,0][1.44699,-0.11001,-0.358291][-0.999713,5.15095e-006,-0.02397][0.268231,0.795608,0][1.44875,-0.129688,-0.431368][-0.999713,5.15095e-006,-0.02397][0.224834,0.8017,0][1.44843,-0.242344,-0.418102][-0.999713,5.15095e-006,-0.02397][0.195892,0.730034,0][1.44843,-0.242344,-0.418102][-0.999713,5.15095e-006,-0.02397][0.195892,0.730034,0][1.44491,-0.255022,-0.271499][-0.999713,5.15095e-006,-0.02397][0.266431,0.68615,0][1.44699,-0.11001,-0.358291][-0.999713,5.15095e-006,-0.02397][0.268231,0.795608,0][1.44699,-0.11001,-0.358291][-0.999713,2.15095e-006,-0.023972][0.268231,0.795608,0][1.44491,-0.255022,-0.271499][-0.999713,2.15095e-006,-0.023972][0.266431,0.68615,0][1.44322,-0.140881,-0.200799][-0.999713,2.15095e-006,-0.023972][0.338544,0.737992,0][1.44322,-0.140881,-0.200799][-0.999713,2.15095e-006,-0.023972][0.338544,0.737992,0][1.44556,-0.0677562,-0.298726][-0.999713,2.15095e-006,-0.023972][0.311909,0.806558,0][1.44699,-0.11001,-0.358291][-0.999713,2.15095e-006,-0.023972][0.268231,0.795608,0][1.46849,0.0101798,-0.443302][0.597455,0.504336,-0.623452][0.276633,0.901726,0][1.44941,0.0131888,-0.459153][0.597455,0.504336,-0.623452][0.284054,0.908342,0][1.44904,0.0327138,-0.443713][0.597455,0.504336,-0.623452][0.269089,0.916384,0][1.44904,0.0327138,-0.443713][0.597455,0.504336,-0.623452][0.269089,0.916384,0][1.46831,0.0200218,-0.435519][0.597455,0.504336,-0.623452][0.269089,0.90578,0][1.46849,0.0101798,-0.443302][0.597455,0.504336,-0.623452][0.276633,0.901726,0][1.46849,0.0101798,-0.443302][0.617078,-0.152985,-0.771887][0.276633,0.901726,0][1.46781,-0.13665,-0.414749][0.617078,-0.152985,-0.771887][0.309364,0.797141,0][1.44875,-0.129688,-0.431368][0.617078,-0.152985,-0.771887][0.315904,0.806572,0][1.44875,-0.129688,-0.431368][0.617078,-0.152985,-0.771887][0.315904,0.806572,0][1.44941,0.0131888,-0.459153][0.617078,-0.152985,-0.771887][0.284054,0.908342,0][1.46849,0.0101798,-0.443302][0.617078,-0.152985,-0.771887][0.276633,0.901726,0][1.46021,-0.264922,-0.097755][0.55254,-0.82796,-0.095821][0.176833,0.616731,0][1.44069,-0.278207,-0.095497][0.55254,-0.82796,-0.095821][0.179644,0.607185,0][1.44491,-0.255022,-0.271499][0.55254,-0.82796,-0.095821][0.269089,0.675986,0][1.44491,-0.255022,-0.271499][0.55254,-0.82796,-0.095821][0.269089,0.675986,0][1.46456,-0.241008,-0.279288][0.55254,-0.82796,-0.095821][0.269089,0.687695,0][1.46021,-0.264922,-0.097755][0.55254,-0.82796,-0.095821][0.176833,0.616731,0][1.45986,-0.257511,-0.083211][0.548567,-0.739559,0.390034][0.166362,0.617136,0][1.43984,-0.260063,-0.059892][0.548567,-0.739559,0.390034][0.154009,0.608177,0][1.44069,-0.278207,-0.095497][0.548567,-0.739559,0.390034][0.179644,0.607185,0][1.44069,-0.278207,-0.095497][0.548567,-0.739559,0.390034][0.179644,0.607185,0][1.46021,-0.264922,-0.097755][0.548567,-0.739559,0.390034][0.176833,0.616731,0][1.45986,-0.257511,-0.083211][0.548567,-0.739559,0.390034][0.166362,0.617136,0][1.45986,-0.257511,-0.083211][0.554715,0.628666,0.545042][0.166362,0.617136,0][1.4631,-0.143351,-0.218181][0.554715,0.628666,0.545042][0.203129,0.732833,0][1.44322,-0.140881,-0.200799][0.554715,0.628666,0.545042][0.192394,0.728964,0][1.44322,-0.140881,-0.200799][0.554715,0.628666,0.545042][0.192394,0.728964,0][1.43984,-0.260063,-0.059892][0.554715,0.628666,0.545042][0.154009,0.608177,0][1.45986,-0.257511,-0.083211][0.554715,0.628666,0.545042][0.166362,0.617136,0][1.47136,-0.205809,-0.562865][0.568001,0.750879,-0.336982][0.413917,0.797141,0][1.45218,-0.19664,-0.574757][0.568001,0.750879,-0.336982][0.41712,0.806572,0][1.44875,-0.129688,-0.431368][0.568001,0.750879,-0.336982][0.315904,0.806572,0][1.44875,-0.129688,-0.431368][0.568001,0.750879,-0.336982][0.315904,0.806572,0][1.46781,-0.13665,-0.414749][0.568001,0.750879,-0.336982][0.309364,0.797141,0][1.47136,-0.205809,-0.562865][0.568001,0.750879,-0.336982][0.413917,0.797141,0][1.47148,-0.216222,-0.56788][0.608807,0.349919,-0.711977][0.420122,0.791871,0][1.45254,-0.227198,-0.589473][0.608807,0.349919,-0.711977][0.435329,0.791105,0][1.45218,-0.19664,-0.574757][0.608807,0.349919,-0.711977][0.41712,0.806572,0][1.45218,-0.19664,-0.574757][0.608807,0.349919,-0.711977][0.41712,0.806572,0][1.47136,-0.205809,-0.562865][0.608807,0.349919,-0.711977][0.413917,0.797141,0][1.47148,-0.216222,-0.56788][0.608807,0.349919,-0.711977][0.420122,0.791871,0][1.47148,-0.216222,-0.56788][0.551025,-0.832304,-0.060349][0.420122,0.791871,0][1.46758,-0.230612,-0.405067][0.551025,-0.832304,-0.060349][0.335049,0.732833,0][1.44843,-0.242344,-0.418102][0.551025,-0.832304,-0.060349][0.345784,0.728964,0][1.44843,-0.242344,-0.418102][0.551025,-0.832304,-0.060349][0.345784,0.728964,0][1.45254,-0.227198,-0.589473][0.551025,-0.832304,-0.060349][0.435329,0.791105,0][1.47148,-0.216222,-0.56788][0.551025,-0.832304,-0.060349][0.420122,0.791871,0][1.46684,-0.393412,-0.374272][0.617174,-0.148942,-0.772601][0.371816,0.617136,0][1.44766,-0.412306,-0.385953][0.617174,-0.148942,-0.772601][0.384169,0.608177,0][1.44843,-0.242344,-0.418102][0.617174,-0.148942,-0.772601][0.345784,0.728964,0][1.44843,-0.242344,-0.418102][0.617174,-0.148942,-0.772601][0.345784,0.728964,0][1.46758,-0.230612,-0.405067][0.617174,-0.148942,-0.772601][0.335049,0.732833,0][1.46684,-0.393412,-0.374272][0.617174,-0.148942,-0.772601][0.371816,0.617136,0][1.46684,-0.393412,-0.374272][0.547319,-0.765198,0.33899][0.371816,0.617136,0][1.46648,-0.386971,-0.359148][0.547319,-0.765198,0.33899][0.361345,0.616731,0][1.44677,-0.396538,-0.348925][0.547319,-0.765198,0.33899][0.358534,0.607185,0][1.44677,-0.396538,-0.348925][0.547319,-0.765198,0.33899][0.358534,0.607185,0][1.44766,-0.412306,-0.385953][0.547319,-0.765198,0.33899][0.384169,0.608177,0][1.46684,-0.393412,-0.374272][0.547319,-0.765198,0.33899][0.371816,0.617136,0][1.46648,-0.386971,-0.359148][0.56607,-0.389947,0.726296][0.361345,0.616731,0][1.46456,-0.241008,-0.279288][0.56607,-0.389947,0.726296][0.269089,0.687695,0][1.44491,-0.255022,-0.271499][0.56607,-0.389947,0.726296][0.269089,0.675986,0][1.44491,-0.255022,-0.271499][0.56607,-0.389947,0.726296][0.269089,0.675986,0][1.44677,-0.396538,-0.348925][0.56607,-0.389947,0.726296][0.358534,0.607185,0][1.46648,-0.386971,-0.359148][0.56607,-0.389947,0.726296][0.361345,0.616731,0][1.46798,0.0201598,-0.421927][0.554843,0.62617,0.547779][0.261545,0.901726,0][1.4484,0.0329868,-0.416751][0.554843,0.62617,0.547778][0.254124,0.908342,0][1.44556,-0.0677562,-0.298726][0.554843,0.62617,0.547778][0.222274,0.806572,0][1.44556,-0.0677562,-0.298726][0.554843,0.62617,0.547778][0.222274,0.806572,0][1.46507,-0.0833692,-0.300637][0.554843,0.62617,0.547779][0.228814,0.797141,0][1.46798,0.0201598,-0.421927][0.554843,0.62617,0.547779][0.261545,0.901726,0][1.46831,0.0200218,-0.435519][0.548741,0.835979,0.004699][0.269089,0.90578,0][1.44904,0.0327138,-0.443713][0.548741,0.835979,0.004699][0.269089,0.916384,0][1.4484,0.0329868,-0.416751][0.548741,0.835979,0.004699][0.254124,0.908342,0][1.4484,0.0329868,-0.416751][0.548741,0.835979,0.004699][0.254124,0.908342,0][1.46798,0.0201598,-0.421927][0.548741,0.835979,0.004699][0.261545,0.901726,0][1.46831,0.0200218,-0.435519][0.548741,0.835979,0.004699][0.269089,0.90578,0][1.46122,-0.0164152,-0.139954][0.564607,-0.426959,0.706346][0.118056,0.791871,0][1.44124,-0.00727322,-0.11846][0.564607,-0.426959,0.706346][0.102849,0.791105,0][1.44322,-0.140881,-0.200799][0.564607,-0.426959,0.706346][0.192394,0.728964,0][1.44322,-0.140881,-0.200799][0.564607,-0.426959,0.706346][0.192394,0.728964,0][1.4631,-0.143351,-0.218181][0.564607,-0.426959,0.706346][0.203129,0.732833,0][1.46122,-0.0164152,-0.139954][0.564607,-0.426959,0.706346][0.118056,0.791871,0][1.46122,-0.0164152,-0.139954][0.545974,0.82288,0.157418][0.118056,0.791871,0][1.46152,-0.0142112,-0.15252][0.545974,0.82288,0.157418][0.124261,0.797141,0][1.44213,-0.000805225,-0.155337][0.545974,0.82288,0.157418][0.121059,0.806572,0][1.44213,-0.000805225,-0.155337][0.545974,0.82288,0.157418][0.121059,0.806572,0][1.44124,-0.00727322,-0.11846][0.545974,0.82288,0.157418][0.102849,0.791105,0][1.46122,-0.0164152,-0.139954][0.545974,0.82288,0.157418][0.118056,0.791871,0][1.46152,-0.0142112,-0.15252][0.56799,0.750885,-0.336985][0.124261,0.797141,0][1.46507,-0.0833692,-0.300637][0.56799,0.750885,-0.336985][0.228814,0.797141,0][1.44556,-0.0677562,-0.298726][0.56799,0.750885,-0.336985][0.222274,0.806572,0][1.44556,-0.0677562,-0.298726][0.56799,0.750885,-0.336985][0.222274,0.806572,0][1.44213,-0.000805225,-0.155337][0.56799,0.750885,-0.336985][0.121059,0.806572,0][1.46152,-0.0142112,-0.15252][0.56799,0.750885,-0.336985][0.124261,0.797141,0][1.46781,-0.13665,-0.414749][0.865626,-0.0994631,-0.490713][0.309364,0.797141,0][1.46849,0.0101798,-0.443302][0.865626,-0.0994631,-0.490713][0.276633,0.901726,0][1.51374,-0.153211,-0.330362][0.865626,-0.0994631,-0.490713][0.269089,0.761048,0][1.46849,0.0101798,-0.443302][0.973662,0.152508,-0.16948][0.276633,0.901726,0][1.46831,0.0200218,-0.435519][0.973662,0.152508,-0.16948][0.269089,0.90578,0][1.51374,-0.153211,-0.330362][0.973662,0.152508,-0.16948][0.269089,0.761048,0][1.4631,-0.143351,-0.218181][0.851646,0.389922,0.350228][0.203129,0.732833,0][1.45986,-0.257511,-0.083211][0.851646,0.389922,0.350228][0.166362,0.617136,0][1.51374,-0.153211,-0.330362][0.851646,0.389922,0.350228][0.269089,0.761048,0][1.45986,-0.257511,-0.083211][0.971143,-0.202262,0.126379][0.166362,0.617136,0][1.46021,-0.264922,-0.097755][0.971143,-0.202262,0.126379][0.176833,0.616731,0][1.51374,-0.153211,-0.330362][0.971143,-0.202262,0.126379][0.269089,0.761048,0][1.46021,-0.264922,-0.097755][0.859749,-0.508607,-0.046387][0.176833,0.616731,0][1.46456,-0.241008,-0.279288][0.859749,-0.508607,-0.046387][0.269089,0.687695,0][1.51374,-0.153211,-0.330362][0.859749,-0.508607,-0.046387][0.269089,0.761048,0][1.46758,-0.230612,-0.405067][0.868207,-0.495669,-0.02299][0.335049,0.732833,0][1.47148,-0.216222,-0.56788][0.868207,-0.495669,-0.02299][0.420122,0.791871,0][1.51374,-0.153211,-0.330362][0.868207,-0.495669,-0.02299][0.269089,0.761048,0][1.47148,-0.216222,-0.56788][0.973361,0.108491,-0.201983][0.420122,0.791871,0][1.47136,-0.205809,-0.562865][0.973361,0.108491,-0.201983][0.413917,0.797141,0][1.51374,-0.153211,-0.330362][0.973361,0.108491,-0.201983][0.269089,0.761048,0][1.47136,-0.205809,-0.562865][0.730125,0.625692,-0.274642][0.413917,0.797141,0][1.46781,-0.13665,-0.414749][0.730125,0.625692,-0.274642][0.309364,0.797141,0][1.51374,-0.153211,-0.330362][0.730125,0.625692,-0.274642][0.269089,0.761048,0][1.46456,-0.241008,-0.279288][0.867756,-0.229736,0.440706][0.269089,0.687695,0][1.46648,-0.386971,-0.359148][0.867756,-0.229736,0.440706][0.361345,0.616731,0][1.51374,-0.153211,-0.330362][0.867756,-0.229736,0.440706][0.269089,0.761048,0][1.46648,-0.386971,-0.359148][0.971115,-0.210258,0.112812][0.361345,0.616731,0][1.46684,-0.393412,-0.374272][0.971115,-0.210258,0.112812][0.371816,0.617136,0][1.51374,-0.153211,-0.330362][0.971115,-0.210258,0.112812][0.269089,0.761048,0][1.46684,-0.393412,-0.374272][0.886217,-0.0899811,-0.454449][0.371816,0.617136,0][1.46758,-0.230612,-0.405067][0.886217,-0.0899811,-0.454449][0.335049,0.732833,0][1.51374,-0.153211,-0.330362][0.886217,-0.0899811,-0.454449][0.269089,0.761048,0][1.46831,0.0200218,-0.435519][0.963965,0.265244,0.020442][0.269089,0.90578,0][1.46798,0.0201598,-0.421927][0.963965,0.265244,0.020442][0.261545,0.901726,0][1.51374,-0.153211,-0.330362][0.963965,0.265244,0.020442][0.269089,0.761048,0][1.46798,0.0201598,-0.421927][0.827685,0.41689,0.375687][0.261545,0.901726,0][1.46507,-0.0833692,-0.300637][0.827685,0.41689,0.375687][0.228814,0.797141,0][1.51374,-0.153211,-0.330362][0.827685,0.41689,0.375687][0.269089,0.761048,0][1.46507,-0.0833692,-0.300637][0.730123,0.625694,-0.27464][0.228814,0.797141,0][1.46152,-0.0142112,-0.15252][0.730123,0.625694,-0.27464][0.124261,0.797141,0][1.51374,-0.153211,-0.330362][0.730123,0.625694,-0.27464][0.269089,0.761048,0][1.46152,-0.0142112,-0.15252][0.960127,0.270535,0.070477][0.124261,0.797141,0][1.46122,-0.0164152,-0.139954][0.960127,0.270535,0.070477][0.118056,0.791871,0][1.51374,-0.153211,-0.330362][0.960127,0.270535,0.070477][0.269089,0.761048,0][1.46122,-0.0164152,-0.139954][0.87567,-0.243909,0.416786][0.118056,0.791871,0][1.4631,-0.143351,-0.218181][0.87567,-0.243909,0.416786][0.203129,0.732833,0][1.51374,-0.153211,-0.330362][0.87567,-0.243909,0.416786][0.269089,0.761048,0][1.30283,-0.0758262,0.624447][-0.938868,0.000436142,-0.344276][0.255965,0.895298,0][1.29407,-0.210795,0.648162][-0.938868,0.000436142,-0.344276][0.224834,0.8017,0][1.27068,-0.19243,0.71197][-0.938868,0.000436142,-0.344276][0.268231,0.795608,0][1.27068,-0.19243,0.71197][-0.938868,0.000436142,-0.344276][0.268231,0.795608,0][1.29787,-0.0574382,0.637984][-0.938868,0.000436142,-0.344276][0.270003,0.90334,0][1.30283,-0.0758262,0.624447][-0.938868,0.000436142,-0.344276][0.255965,0.895298,0][1.22033,-0.222034,0.849222][-0.938865,0.000429142,-0.344285][0.338544,0.737992,0][1.24305,-0.329586,0.787143][-0.938865,0.000429142,-0.344285][0.266431,0.68615,0][1.18678,-0.351989,0.940568][-0.938865,0.000429142,-0.344285][0.348594,0.62863,0][1.18678,-0.351989,0.940568][-0.938865,0.000429142,-0.344285][0.348594,0.62863,0][1.17537,-0.334963,0.971687][-0.938865,0.000429142,-0.344285][0.372449,0.630857,0][1.22033,-0.222034,0.849222][-0.938865,0.000429142,-0.344285][0.338544,0.737992,0][1.28993,-0.317189,0.659322][-0.938864,0.000438142,-0.344287][0.195892,0.730034,0][1.29407,-0.210795,0.648162][-0.938864,0.000438142,-0.344287][0.224834,0.8017,0][1.33999,-0.273583,0.522856][-0.938864,0.000438142,-0.344287][0.130702,0.796451,0][1.33999,-0.273583,0.522856][-0.938864,0.000438142,-0.344287][0.130702,0.796451,0][1.34472,-0.302389,0.509909][-0.938864,0.000438142,-0.344287][0.113537,0.781531,0][1.28993,-0.317189,0.659322][-0.938864,0.000438142,-0.344287][0.195892,0.730034,0][1.28993,-0.317189,0.659322][-0.938865,0.000430142,-0.344284][0.195892,0.730034,0][1.2798,-0.477741,0.686746][-0.938865,0.000430142,-0.344284][0.158398,0.618917,0][1.26794,-0.462963,0.719098][-0.938865,0.000430142,-0.344284][0.182225,0.61935,0][1.26794,-0.462963,0.719098][-0.938865,0.000430142,-0.344284][0.182225,0.61935,0][1.24305,-0.329586,0.787143][-0.938865,0.000430142,-0.344284][0.266431,0.68615,0][1.28993,-0.317189,0.659322][-0.938865,0.000430142,-0.344284][0.195892,0.730034,0][1.27068,-0.19243,0.71197][-0.938862,0.000423142,-0.344294][0.268231,0.795608,0][1.25159,-0.152712,0.764076][-0.938862,0.000423142,-0.344294][0.311909,0.806558,0][1.28925,-0.0572592,0.661501][-0.938862,0.000423142,-0.344294][0.2838,0.896851,0][1.28925,-0.0572592,0.661501][-0.938862,0.000423142,-0.344294][0.2838,0.896851,0][1.29787,-0.0574382,0.637984][-0.938862,0.000423142,-0.344294][0.270003,0.90334,0][1.27068,-0.19243,0.71197][-0.938862,0.000423142,-0.344294][0.268231,0.795608,0][1.22033,-0.222034,0.849222][-0.938867,0.000427142,-0.34428][0.338544,0.737992,0][1.19388,-0.0961381,0.921523][-0.938867,0.000427142,-0.34428][0.422744,0.798778,0][1.20567,-0.0899251,0.889382][-0.938867,0.000427142,-0.34428][0.406041,0.811808,0][1.20567,-0.0899251,0.889382][-0.938867,0.000427142,-0.34428][0.406041,0.811808,0][1.25159,-0.152712,0.764076][-0.938867,0.000427142,-0.34428][0.311909,0.806558,0][1.22033,-0.222034,0.849222][-0.938867,0.000427142,-0.34428][0.338544,0.737992,0][1.27068,-0.19243,0.71197][-0.938866,0.000438142,-0.344282][0.268231,0.795608,0][1.29407,-0.210795,0.648162][-0.938866,0.000438142,-0.344282][0.224834,0.8017,0][1.28993,-0.317189,0.659322][-0.938866,0.000438142,-0.344282][0.195892,0.730034,0][1.28993,-0.317189,0.659322][-0.938866,0.000438142,-0.344282][0.195892,0.730034,0][1.24305,-0.329586,0.787143][-0.938866,0.000438142,-0.344282][0.266431,0.68615,0][1.27068,-0.19243,0.71197][-0.938866,0.000438142,-0.344282][0.268231,0.795608,0][1.27068,-0.19243,0.71197][-0.938865,0.000433142,-0.344286][0.268231,0.795608,0][1.24305,-0.329586,0.787143][-0.938865,0.000433142,-0.344286][0.266431,0.68615,0][1.22033,-0.222034,0.849222][-0.938865,0.000433142,-0.344286][0.338544,0.737992,0][1.22033,-0.222034,0.849222][-0.938865,0.000433142,-0.344286][0.338544,0.737992,0][1.25159,-0.152712,0.764076][-0.938865,0.000433142,-0.344286][0.311909,0.806558,0][1.27068,-0.19243,0.71197][-0.938865,0.000433142,-0.344286][0.268231,0.795608,0][1.31491,-0.0787202,0.645718][0.784641,0.490546,-0.379082][0.276633,0.901726,0][1.30283,-0.0758262,0.624447][0.784641,0.490546,-0.379082][0.284054,0.908342,0][1.29787,-0.0574382,0.637984][0.784641,0.490546,-0.379082][0.269089,0.916384,0][1.29787,-0.0574382,0.637984][0.784641,0.490546,-0.379082][0.269089,0.916384,0][1.31241,-0.0694502,0.652542][0.784641,0.490546,-0.379082][0.269089,0.90578,0][1.31491,-0.0787202,0.645718][0.784641,0.490546,-0.379082][0.276633,0.901726,0][1.31491,-0.0787202,0.645718][0.851893,-0.143769,-0.503596][0.276633,0.901726,0][1.30591,-0.217422,0.670089][0.851893,-0.143769,-0.503596][0.309364,0.797141,0][1.29407,-0.210795,0.648162][0.851893,-0.143769,-0.503596][0.315904,0.806572,0][1.29407,-0.210795,0.648162][0.851893,-0.143769,-0.503596][0.315904,0.806572,0][1.30283,-0.0758262,0.624447][0.851893,-0.143769,-0.503596][0.284054,0.908342,0][1.31491,-0.0787202,0.645718][0.851893,-0.143769,-0.503596][0.276633,0.901726,0][1.20464,-0.339446,0.946103][0.555349,-0.827479,0.08286][0.176833,0.616731,0][1.18678,-0.351989,0.940568][0.555349,-0.827479,0.08286][0.179644,0.607185,0][1.24305,-0.329586,0.787143][0.555349,-0.827479,0.08286][0.269089,0.675986,0][1.24305,-0.329586,0.787143][0.555349,-0.827479,0.08286][0.269089,0.675986,0][1.26268,-0.316339,0.787857][0.555349,-0.827479,0.08286][0.269089,0.687695,0][1.20464,-0.339446,0.946103][0.555349,-0.827479,0.08286][0.176833,0.616731,0][1.19998,-0.332492,0.958816][0.361498,-0.755809,0.54596][0.166362,0.617136,0][1.17537,-0.334963,0.971687][0.361498,-0.755809,0.54596][0.154009,0.608177,0][1.18678,-0.351989,0.940568][0.361498,-0.755809,0.54596][0.179644,0.607185,0][1.18678,-0.351989,0.940568][0.361498,-0.755809,0.54596][0.179644,0.607185,0][1.20464,-0.339446,0.946103][0.361498,-0.755809,0.54596][0.176833,0.616731,0][1.19998,-0.332492,0.958816][0.361498,-0.755809,0.54596][0.166362,0.617136,0][1.19998,-0.332492,0.958816][0.303626,0.642301,0.703748][0.166362,0.617136,0][1.24305,-0.224322,0.841509][0.303626,0.642301,0.703748][0.203129,0.732833,0][1.22033,-0.222034,0.849222][0.303626,0.642301,0.703748][0.192394,0.728964,0][1.22033,-0.222034,0.849222][0.303626,0.642301,0.703748][0.192394,0.728964,0][1.17537,-0.334963,0.971687][0.303626,0.642301,0.703748][0.154009,0.608177,0][1.19998,-0.332492,0.958816][0.303626,0.642301,0.703748][0.166362,0.617136,0][1.35335,-0.282281,0.54065][0.657475,0.742025,-0.130867][0.413917,0.797141,0][1.33999,-0.273583,0.522856][0.657475,0.742025,-0.130867][0.41712,0.806572,0][1.29407,-0.210795,0.648162][0.657475,0.742025,-0.130867][0.315904,0.806572,0][1.29407,-0.210795,0.648162][0.657475,0.742025,-0.130867][0.315904,0.806572,0][1.30591,-0.217422,0.670089][0.657475,0.742025,-0.130867][0.309364,0.797141,0][1.35335,-0.282281,0.54065][0.657475,0.742025,-0.130867][0.413917,0.797141,0][1.35496,-0.292096,0.53624][0.824439,0.339111,-0.453106][0.420122,0.791871,0][1.34472,-0.302389,0.509909][0.824439,0.339111,-0.453106][0.435329,0.791105,0][1.33999,-0.273583,0.522856][0.824439,0.339111,-0.453106][0.41712,0.806572,0][1.33999,-0.273583,0.522856][0.824439,0.339111,-0.453106][0.41712,0.806572,0][1.35335,-0.282281,0.54065][0.824438,0.339111,-0.453106][0.413917,0.797141,0][1.35496,-0.292096,0.53624][0.824439,0.339111,-0.453106][0.420122,0.791871,0][1.35496,-0.292096,0.53624][0.540454,-0.833386,0.115661][0.420122,0.791871,0][1.3029,-0.306157,0.678191][0.540454,-0.833386,0.115661][0.335049,0.732833,0][1.28993,-0.317189,0.659322][0.540454,-0.833386,0.115661][0.345784,0.728964,0][1.28993,-0.317189,0.659322][0.540454,-0.833386,0.115661][0.345784,0.728964,0][1.34472,-0.302389,0.509909][0.540454,-0.833386,0.115661][0.435329,0.791105,0][1.35496,-0.292096,0.53624][0.540454,-0.833386,0.115661][0.420122,0.791871,0][1.2932,-0.459944,0.704459][0.852211,-0.139884,-0.504151][0.371816,0.617136,0][1.2798,-0.477741,0.686746][0.852211,-0.139884,-0.504151][0.384169,0.608177,0][1.28993,-0.317189,0.659322][0.852211,-0.139884,-0.504151][0.345784,0.728964,0][1.28993,-0.317189,0.659322][0.852211,-0.139884,-0.504151][0.345784,0.728964,0][1.3029,-0.306157,0.678191][0.852211,-0.139884,-0.504151][0.335049,0.732833,0][1.2932,-0.459944,0.704459][0.852211,-0.139884,-0.504151][0.371816,0.617136,0][1.2932,-0.459944,0.704459][0.380767,-0.780371,0.496022][0.371816,0.617136,0][1.28835,-0.453907,0.717673][0.380767,-0.780371,0.496022][0.361345,0.616731,0][1.26794,-0.462963,0.719098][0.380767,-0.780371,0.496022][0.358534,0.607185,0][1.26794,-0.462963,0.719098][0.380767,-0.780371,0.496022][0.358534,0.607185,0][1.2798,-0.477741,0.686746][0.380767,-0.780371,0.496022][0.384169,0.608177,0][1.2932,-0.459944,0.704459][0.380767,-0.780371,0.496022][0.371816,0.617136,0][1.28835,-0.453907,0.717673][0.241162,-0.404948,0.881963][0.361345,0.616731,0][1.26268,-0.316339,0.787857][0.241162,-0.404948,0.881963][0.269089,0.687695,0][1.24305,-0.329586,0.787143][0.241162,-0.404948,0.881963][0.269089,0.675986,0][1.24305,-0.329586,0.787143][0.241162,-0.404948,0.881963][0.269089,0.675986,0][1.26794,-0.462963,0.719098][0.241162,-0.404948,0.881963][0.358534,0.607185,0][1.28835,-0.453907,0.717673][0.241162,-0.404948,0.881963][0.361345,0.616731,0][1.30807,-0.0693602,0.664397][0.302656,0.639771,0.706465][0.261545,0.901726,0][1.28925,-0.0572592,0.661501][0.302656,0.639771,0.706465][0.254124,0.908342,0][1.25159,-0.152712,0.764076][0.302656,0.639771,0.706465][0.222274,0.806572,0][1.25159,-0.152712,0.764076][0.302656,0.639771,0.706465][0.222274,0.806572,0][1.26937,-0.167454,0.76981][0.302656,0.639771,0.706465][0.228814,0.797141,0][1.30807,-0.0693602,0.664397][0.302656,0.639771,0.706465][0.261545,0.901726,0][1.31241,-0.0694502,0.652542][0.511967,0.839638,0.181376][0.269089,0.90578,0][1.29787,-0.0574382,0.637984][0.511967,0.839638,0.181376][0.269089,0.916384,0][1.28925,-0.0572592,0.661501][0.511967,0.839638,0.181376][0.254124,0.908342,0][1.28925,-0.0572592,0.661501][0.511967,0.839638,0.181376][0.254124,0.908342,0][1.30807,-0.0693602,0.664397][0.511967,0.839638,0.181376][0.261545,0.901726,0][1.31241,-0.0694502,0.652542][0.511967,0.839638,0.181376][0.269089,0.90578,0][1.21791,-0.104712,0.9102][0.247997,-0.442741,0.861672][0.118056,0.791871,0][1.19388,-0.0961381,0.921523][0.247997,-0.442741,0.861672][0.102849,0.791105,0][1.22033,-0.222034,0.849222][0.247997,-0.442741,0.861672][0.192394,0.728964,0][1.22033,-0.222034,0.849222][0.247997,-0.442741,0.861672][0.192394,0.728964,0][1.24305,-0.224322,0.841509][0.247997,-0.442741,0.861672][0.203129,0.732833,0][1.21791,-0.104712,0.9102][0.247997,-0.442741,0.861672][0.118056,0.791871,0][1.21791,-0.104712,0.9102][0.450102,0.831413,0.325823][0.118056,0.791871,0][1.22193,-0.102595,0.899247][0.450102,0.831413,0.325823][0.124261,0.797141,0][1.20567,-0.0899251,0.889382][0.450102,0.831413,0.325823][0.121059,0.806572,0][1.20567,-0.0899251,0.889382][0.450102,0.831413,0.325823][0.121059,0.806572,0][1.19388,-0.0961381,0.921523][0.450102,0.831413,0.325823][0.102849,0.791105,0][1.21791,-0.104712,0.9102][0.450102,0.831413,0.325823][0.118056,0.791871,0][1.22193,-0.102595,0.899247][0.657478,0.742022,-0.130864][0.124261,0.797141,0][1.26937,-0.167454,0.76981][0.657479,0.742022,-0.130864][0.228814,0.797141,0][1.25159,-0.152712,0.764076][0.657479,0.742022,-0.130864][0.222274,0.806572,0][1.25159,-0.152712,0.764076][0.657479,0.742022,-0.130864][0.222274,0.806572,0][1.20567,-0.0899251,0.889382][0.657479,0.742022,-0.130864][0.121059,0.806572,0][1.22193,-0.102595,0.899247][0.657478,0.742022,-0.130864][0.124261,0.797141,0][1.30591,-0.217422,0.670089][0.979178,-0.0950591,-0.179374][0.309364,0.797141,0][1.31491,-0.0787202,0.645718][0.979178,-0.0950591,-0.179374][0.276633,0.901726,0][1.32121,-0.233317,0.762006][0.979178,-0.0950591,-0.179374][0.269089,0.761048,0][1.31491,-0.0787202,0.645718][0.976792,0.15273,0.150173][0.276633,0.901726,0][1.31241,-0.0694502,0.652542][0.976792,0.15273,0.150173][0.269089,0.90578,0][1.32121,-0.233317,0.762006][0.976792,0.15273,0.150173][0.269089,0.761048,0][1.24305,-0.224322,0.841509][0.67533,0.401813,0.618446][0.203129,0.732833,0][1.19998,-0.332492,0.958816][0.67533,0.401813,0.618446][0.166362,0.617136,0][1.32121,-0.233317,0.762006][0.67533,0.401813,0.618446][0.269089,0.761048,0][1.19998,-0.332492,0.958816][0.876151,-0.208063,0.434821][0.166362,0.617136,0][1.20464,-0.339446,0.946103][0.876151,-0.208063,0.434821][0.176833,0.616731,0][1.32121,-0.233317,0.762006][0.876151,-0.208063,0.434821][0.269089,0.761048,0][1.20464,-0.339446,0.946103][0.827775,-0.512285,0.228807][0.176833,0.616731,0][1.26268,-0.316339,0.787857][0.827775,-0.512285,0.228807][0.269089,0.687695,0][1.32121,-0.233317,0.762006][0.827775,-0.512285,0.228807][0.269089,0.761048,0][1.3029,-0.306157,0.678191][0.827743,-0.500319,0.254013][0.335049,0.732833,0][1.35496,-0.292096,0.53624][0.827743,-0.500319,0.254013][0.420122,0.791871,0][1.32121,-0.233317,0.762006][0.827743,-0.500319,0.254013][0.269089,0.761048,0][1.35496,-0.292096,0.53624][0.986911,0.108523,0.11929][0.420122,0.791871,0][1.35335,-0.282281,0.54065][0.986911,0.108523,0.11929][0.413917,0.797141,0][1.32121,-0.233317,0.762006][0.986911,0.108523,0.11929][0.269089,0.761048,0][1.35335,-0.282281,0.54065][0.784241,0.62002,-0.023277][0.413917,0.797141,0][1.30591,-0.217422,0.670089][0.784241,0.62002,-0.023277][0.309364,0.797141,0][1.32121,-0.233317,0.762006][0.784241,0.62002,-0.023277][0.269089,0.761048,0][1.26268,-0.316339,0.787857][0.657611,-0.241363,0.713647][0.269089,0.687695,0][1.28835,-0.453907,0.717673][0.657611,-0.241363,0.713647][0.361345,0.616731,0][1.32121,-0.233317,0.762006][0.657611,-0.241363,0.713647][0.269089,0.761048,0][1.28835,-0.453907,0.717673][0.880799,-0.215874,0.421416][0.361345,0.616731,0][1.2932,-0.459944,0.704459][0.880799,-0.215874,0.421416][0.371816,0.617136,0][1.32121,-0.233317,0.762006][0.880799,-0.215874,0.421416][0.269089,0.761048,0][1.2932,-0.459944,0.704459][0.98632,-0.0862311,-0.140491][0.371816,0.617136,0][1.3029,-0.306157,0.678191][0.98632,-0.0862311,-0.140491][0.335049,0.732833,0][1.32121,-0.233317,0.762006][0.98632,-0.0862311,-0.140491][0.269089,0.761048,0][1.31241,-0.0694502,0.652542][0.904961,0.268861,0.329786][0.269089,0.90578,0][1.30807,-0.0693602,0.664397][0.904961,0.268861,0.329786][0.261545,0.901726,0][1.32121,-0.233317,0.762006][0.904961,0.268861,0.329786][0.269089,0.761048,0][1.30807,-0.0693602,0.664397][0.64158,0.429692,0.635405][0.261545,0.901726,0][1.26937,-0.167454,0.76981][0.64158,0.429692,0.635405][0.228814,0.797141,0][1.32121,-0.233317,0.762006][0.64158,0.429692,0.635405][0.269089,0.761048,0][1.26937,-0.167454,0.76981][0.784238,0.620023,-0.02328][0.228814,0.797141,0][1.22193,-0.102595,0.899247][0.784238,0.620023,-0.02328][0.124261,0.797141,0][1.32121,-0.233317,0.762006][0.784238,0.620023,-0.02328][0.269089,0.761048,0][1.22193,-0.102595,0.899247][0.884184,0.275189,0.377477][0.124261,0.797141,0][1.21791,-0.104712,0.9102][0.884184,0.275189,0.377477][0.118056,0.791871,0][1.32121,-0.233317,0.762006][0.884184,0.275189,0.377477][0.269089,0.761048,0][1.21791,-0.104712,0.9102][0.674763,-0.255791,0.69229][0.118056,0.791871,0][1.24305,-0.224322,0.841509][0.674763,-0.255791,0.69229][0.203129,0.732833,0][1.32121,-0.233317,0.762006][0.674763,-0.255791,0.69229][0.269089,0.761048,0][1.05526,0.0393889,1.02427][-0.541648,0.269464,-0.796245][0.262512,0.893237,0][1.0185,-0.154756,0.983573][-0.541648,0.269464,-0.796246][0.229156,0.79802,0][0.942079,-0.137596,1.04137][-0.541648,0.269464,-0.796245][0.27413,0.787898,0][0.942079,-0.137596,1.04137][-0.541648,0.269464,-0.796245][0.27413,0.787898,0][1.0399,0.0635229,1.04289][-0.541648,0.269464,-0.796246][0.277171,0.900437,0][1.05526,0.0393889,1.02427][-0.541648,0.269464,-0.796245][0.262512,0.893237,0][0.773623,-0.198415,1.13538][-0.541648,0.26946,-0.796246][0.346464,0.721553,0][0.84269,-0.34194,1.03982][-0.541648,0.26946,-0.796246][0.271041,0.673555,0][0.655016,-0.394808,1.1496][-0.541649,0.26946,-0.796246][0.355673,0.606288,0][0.655016,-0.394808,1.1496][-0.541649,0.26946,-0.796246][0.355673,0.606288,0][0.618219,-0.375027,1.18132][-0.541649,0.26946,-0.796246][0.380457,0.606555,0][0.773623,-0.198415,1.13538][-0.541648,0.26946,-0.796246][0.346464,0.721553,0][0.998677,-0.306758,0.945619][-0.54165,0.269463,-0.796245][0.19832,0.725555,0][1.0185,-0.154756,0.983573][-0.54165,0.269463,-0.796245][0.229156,0.79802,0][1.167,-0.226247,0.858359][-0.54165,0.269463,-0.796245][0.131402,0.800661,0][1.167,-0.226247,0.858359][-0.54165,0.269463,-0.796245][0.131402,0.800661,0][1.18103,-0.265196,0.835635][-0.54165,0.269463,-0.796245][0.113421,0.786539,0][0.998677,-0.306758,0.945619][-0.54165,0.269463,-0.796245][0.19832,0.725555,0][0.998677,-0.306758,0.945619][-0.541653,0.269462,-0.796243][0.19832,0.725555,0][0.955909,-0.537594,0.896592][-0.541653,0.269462,-0.796243][0.158167,0.612562,0][0.917483,-0.521161,0.928294][-0.541653,0.269462,-0.796243][0.182901,0.610956,0][0.917483,-0.521161,0.928294][-0.541653,0.269462,-0.796243][0.182901,0.610956,0][0.84269,-0.34194,1.03982][-0.541653,0.269462,-0.796243][0.271041,0.673555,0][0.998677,-0.306758,0.945619][-0.541653,0.269462,-0.796243][0.19832,0.725555,0][0.942079,-0.137596,1.04137][-0.541653,0.269467,-0.796241][0.27413,0.787898,0][0.881129,-0.0886231,1.0994][-0.541653,0.269467,-0.796241][0.319585,0.795577,0][1.01134,0.0605289,1.0613][-0.541653,0.269467,-0.796241][0.29142,0.892456,0][1.01134,0.0605289,1.0613][-0.541653,0.269467,-0.796241][0.29142,0.892456,0][1.0399,0.0635229,1.04289][-0.541653,0.269467,-0.796241][0.277171,0.900437,0][0.942079,-0.137596,1.04137][-0.541653,0.269467,-0.796241][0.27413,0.787898,0][0.773623,-0.198415,1.13538][-0.541645,0.26947,-0.796245][0.346464,0.721553,0][0.693221,-0.0303591,1.24695][-0.541645,0.26947,-0.796245][0.434532,0.777863,0][0.732625,-0.0171331,1.22462][-0.541645,0.26947,-0.796245][0.417339,0.792936,0][0.732625,-0.0171331,1.22462][-0.541645,0.26947,-0.796245][0.417339,0.792936,0][0.881129,-0.0886231,1.0994][-0.541645,0.26947,-0.796245][0.319585,0.795577,0][0.773623,-0.198415,1.13538][-0.541645,0.26947,-0.796245][0.346464,0.721553,0][0.942079,-0.137596,1.04137][-0.541648,0.269465,-0.796245][0.27413,0.787898,0][1.0185,-0.154756,0.983573][-0.541648,0.269465,-0.796245][0.229156,0.79802,0][0.998677,-0.306758,0.945619][-0.541648,0.269465,-0.796245][0.19832,0.725555,0][0.998677,-0.306758,0.945619][-0.541648,0.269465,-0.796245][0.19832,0.725555,0][0.84269,-0.34194,1.03982][-0.541648,0.269465,-0.796245][0.271041,0.673555,0][0.942079,-0.137596,1.04137][-0.541648,0.269465,-0.796245][0.27413,0.787898,0][0.942079,-0.137596,1.04137][-0.541646,0.269467,-0.796246][0.27413,0.787898,0][0.84269,-0.34194,1.03982][-0.541646,0.269467,-0.796246][0.271041,0.673555,0][0.773623,-0.198415,1.13538][-0.541646,0.269467,-0.796246][0.346464,0.721553,0][0.773623,-0.198415,1.13538][-0.541646,0.269467,-0.796246][0.346464,0.721553,0][0.881129,-0.0886231,1.0994][-0.541646,0.269467,-0.796246][0.319585,0.795577,0][0.942079,-0.137596,1.04137][-0.541646,0.269467,-0.796246][0.27413,0.787898,0][1.05238,0.0267839,1.05872][0.890912,0.397476,0.219748][0.663433,0.720025,0][1.05526,0.0393889,1.02427][0.890912,0.397476,0.219748][0.67905,0.734995,0][1.0399,0.0635229,1.04289][0.890912,0.397476,0.219748][0.647557,0.753193,0][1.0399,0.0635229,1.04289][0.890912,0.397476,0.219748][0.647557,0.753193,0][1.04464,0.0389509,1.0681][0.890912,0.397476,0.219748][0.647557,0.729199,0][1.05238,0.0267839,1.05872][0.890912,0.397476,0.219748][0.663433,0.720025,0][1.05238,0.0267839,1.05872][0.981968,-0.18861,0.012886][0.663433,0.720025,0][1.01461,-0.172731,1.01689][0.981968,-0.18861,0.012886][0.73231,0.483369,0][1.0185,-0.154756,0.983573][0.981968,-0.18861,0.012886][0.746073,0.504709,0][1.0185,-0.154756,0.983573][0.981968,-0.18861,0.012886][0.746073,0.504709,0][1.05526,0.0393889,1.02427][0.981968,-0.18861,0.012886][0.67905,0.734995,0][1.05238,0.0267839,1.05872][0.981968,-0.18861,0.012886][0.663433,0.720025,0][0.672165,-0.383409,1.17855][0.351099,-0.923322,0.155582][0.453415,0.075132,0][0.655016,-0.394808,1.1496][0.351099,-0.923322,0.155582][0.459331,0.053531,0][0.84269,-0.34194,1.03982][0.351099,-0.923322,0.155582][0.647557,0.209218,0][0.84269,-0.34194,1.03982][0.351099,-0.923322,0.155582][0.647557,0.209218,0][0.865738,-0.32888,1.06532][0.351099,-0.923322,0.155582][0.647557,0.235712,0][0.672165,-0.383409,1.17855][0.351099,-0.923322,0.155582][0.453415,0.075132,0][0.657135,-0.375329,1.1915][-0.117762,-0.898226,0.423464][0.431381,0.076049,0][0.618219,-0.375027,1.18132][-0.117762,-0.898226,0.423464][0.405385,0.055777,0][0.655016,-0.394808,1.1496][-0.117762,-0.898226,0.423464][0.459331,0.053531,0][0.655016,-0.394808,1.1496][-0.117762,-0.898226,0.423464][0.459331,0.053531,0][0.672165,-0.383409,1.17855][-0.117762,-0.898226,0.423464][0.453415,0.075132,0][0.657135,-0.375329,1.1915][-0.117762,-0.898226,0.423464][0.431381,0.076049,0][0.657135,-0.375329,1.1915][-0.225829,0.426557,0.875814][0.431381,0.076049,0][0.805991,-0.206159,1.14749][-0.225829,0.426557,0.875814][0.508753,0.337851,0][0.773623,-0.198415,1.13538][-0.225829,0.426557,0.875814][0.486161,0.329096,0][0.773623,-0.198415,1.13538][-0.225829,0.426557,0.875814][0.486161,0.329096,0][0.618219,-0.375027,1.18132][-0.225829,0.426557,0.875814][0.405385,0.055777,0][0.657135,-0.375329,1.1915][-0.225829,0.426557,0.875814][0.431381,0.076049,0][1.16801,-0.246579,0.88755][0.65484,0.630572,0.41661][0.952329,0.483369,0][1.167,-0.226247,0.858359][0.65484,0.630572,0.41661][0.959069,0.504709,0][1.0185,-0.154756,0.983573][0.65484,0.630572,0.41661][0.746073,0.504709,0][1.0185,-0.154756,0.983573][0.65484,0.630572,0.41661][0.746073,0.504709,0][1.01461,-0.172731,1.01689][0.65484,0.630572,0.41661][0.73231,0.483369,0][1.16801,-0.246579,0.88755][0.65484,0.630572,0.41661][0.952329,0.483369,0][1.17279,-0.25985,0.879806][0.95485,0.258223,0.146912][0.965386,0.471443,0][1.18103,-0.265196,0.835635][0.95485,0.258223,0.146912][0.997388,0.469709,0][1.167,-0.226247,0.858359][0.95485,0.258223,0.146912][0.959069,0.504709,0][1.167,-0.226247,0.858359][0.95485,0.258223,0.146912][0.959069,0.504709,0][1.16801,-0.246579,0.88755][0.95485,0.258223,0.146912][0.952329,0.483369,0][1.17279,-0.25985,0.879806][0.95485,0.258223,0.146912][0.965386,0.471443,0][1.17279,-0.25985,0.879806][0.31632,-0.932946,0.171912][0.965386,0.471443,0][0.999543,-0.299337,0.984298][0.31632,-0.932946,0.171912][0.786362,0.337851,0][0.998677,-0.306758,0.945619][0.31632,-0.932946,0.171912][0.808953,0.329096,0][0.998677,-0.306758,0.945619][0.31632,-0.932946,0.171912][0.808953,0.329096,0][1.18103,-0.265196,0.835635][0.31632,-0.932946,0.171912][0.997388,0.469709,0][1.17279,-0.25985,0.879806][0.31632,-0.932946,0.171912][0.965386,0.471443,0][0.958576,-0.520446,0.937338][0.982659,-0.184931,0.013489][0.863734,0.076049,0][0.955909,-0.537594,0.896592][0.982659,-0.184931,0.013489][0.889729,0.055777,0][0.998677,-0.306758,0.945619][0.982659,-0.184931,0.013489][0.808953,0.329096,0][0.998677,-0.306758,0.945619][0.982659,-0.184931,0.013489][0.808953,0.329096,0][0.999543,-0.299337,0.984298][0.982659,-0.184931,0.013489][0.786362,0.337851,0][0.958576,-0.520446,0.937338][0.982659,-0.184931,0.013489][0.863734,0.076049,0][0.958576,-0.520446,0.937338][-0.0700501,-0.917785,0.39085][0.863734,0.076049,0][0.942881,-0.513733,0.950286][-0.0700501,-0.917785,0.39085][0.841699,0.075132,0][0.917483,-0.521161,0.928294][-0.0700501,-0.917785,0.39085][0.835783,0.053531,0][0.917483,-0.521161,0.928294][-0.0700501,-0.917785,0.39085][0.835783,0.053531,0][0.955909,-0.537594,0.896592][-0.0700501,-0.917785,0.39085][0.889729,0.055777,0][0.958576,-0.520446,0.937338][-0.0700501,-0.917785,0.39085][0.863734,0.076049,0][0.942881,-0.513733,0.950286][-0.416667,-0.59927,0.683567][0.841699,0.075132,0][0.865738,-0.32888,1.06532][-0.416667,-0.59927,0.683567][0.647557,0.235712,0][0.84269,-0.34194,1.03982][-0.416667,-0.59927,0.683567][0.647557,0.209218,0][0.84269,-0.34194,1.03982][-0.416667,-0.59927,0.683567][0.647557,0.209218,0][0.917483,-0.521161,0.928294][-0.416667,-0.59927,0.683567][0.835783,0.053531,0][0.942881,-0.513733,0.950286][-0.416667,-0.59927,0.683567][0.841699,0.075132,0][1.03025,0.0374419,1.07738][-0.228575,0.423493,0.876589][0.631682,0.720025,0][1.01134,0.0605289,1.0613][-0.228575,0.423493,0.876589][0.616065,0.734995,0][0.881129,-0.0886231,1.0994][-0.228575,0.423493,0.876589][0.549041,0.504709,0][0.881129,-0.0886231,1.0994][-0.228575,0.423493,0.876589][0.549041,0.504709,0][0.89643,-0.115837,1.11654][-0.228575,0.423493,0.876589][0.562804,0.483369,0][1.03025,0.0374419,1.07738][-0.228575,0.423493,0.876589][0.631682,0.720025,0][1.04464,0.0389509,1.0681][0.329792,0.706345,0.626349][0.647557,0.729199,0][1.0399,0.0635229,1.04289][0.329792,0.706345,0.626349][0.647557,0.753193,0][1.01134,0.0605289,1.0613][0.329792,0.706345,0.626349][0.616065,0.734995,0][1.01134,0.0605289,1.0613][0.329792,0.706345,0.626349][0.616065,0.734995,0][1.03025,0.0374419,1.07738][0.329792,0.706345,0.626349][0.631682,0.720025,0][1.04464,0.0389509,1.0681][0.329792,0.706345,0.626349][0.647557,0.729199,0][0.729603,-0.0464941,1.25349][-0.399751,-0.632002,0.663907][0.329728,0.471443,0][0.693221,-0.0303591,1.24695][-0.399751,-0.632002,0.663907][0.297726,0.469709,0][0.773623,-0.198415,1.13538][-0.399751,-0.632002,0.663907][0.486161,0.329096,0][0.773623,-0.198415,1.13538][-0.399751,-0.632002,0.663907][0.486161,0.329096,0][0.805991,-0.206159,1.14749][-0.399751,-0.632002,0.663907][0.508753,0.337851,0][0.729603,-0.0464941,1.25349][-0.399751,-0.632002,0.663907][0.329728,0.471443,0][0.729603,-0.0464941,1.25349][0.174254,0.68127,0.71099][0.329728,0.471443,0][0.743031,-0.0419891,1.24588][0.174254,0.68127,0.71099][0.342786,0.483369,0][0.732625,-0.0171331,1.22462][0.174254,0.68127,0.71099][0.336046,0.504709,0][0.732625,-0.0171331,1.22462][0.174254,0.68127,0.71099][0.336046,0.504709,0][0.693221,-0.0303591,1.24695][0.174254,0.68127,0.71099][0.297726,0.469709,0][0.729603,-0.0464941,1.25349][0.174254,0.68127,0.71099][0.329728,0.471443,0][0.743031,-0.0419891,1.24588][0.654839,0.630566,0.41662][0.342786,0.483369,0][0.89643,-0.115837,1.11654][0.654839,0.630566,0.41662][0.562804,0.483369,0][0.881129,-0.0886231,1.0994][0.654839,0.630566,0.41662][0.549041,0.504709,0][0.881129,-0.0886231,1.0994][0.654839,0.630566,0.41662][0.549041,0.504709,0][0.732625,-0.0171331,1.22462][0.654839,0.630566,0.41662][0.336046,0.504709,0][0.743031,-0.0419891,1.24588][0.654839,0.630566,0.41662][0.342786,0.483369,0][1.01461,-0.172731,1.01689][0.906772,-0.243786,0.343996][0.73231,0.483369,0][1.05238,0.0267839,1.05872][0.906772,-0.243786,0.343996][0.663433,0.720025,0][0.959038,-0.221639,1.12873][0.906772,-0.243786,0.343996][0.647557,0.401697,0][1.05238,0.0267839,1.05872][0.718934,-0.0754251,0.690974][0.663433,0.720025,0][1.04464,0.0389509,1.0681][0.718934,-0.0754251,0.690974][0.647557,0.729199,0][0.959038,-0.221639,1.12873][0.718934,-0.0754251,0.690974][0.647557,0.401697,0][0.805991,-0.206159,1.14749][0.134239,0.137196,0.981406][0.508753,0.337851,0][0.657135,-0.375329,1.1915][0.134239,0.137196,0.981406][0.431381,0.076049,0][0.959038,-0.221639,1.12873][0.134239,0.137196,0.981406][0.647557,0.401697,0][0.657135,-0.375329,1.1915][0.407443,-0.484042,0.774399][0.431381,0.076049,0][0.672165,-0.383409,1.17855][0.407442,-0.484042,0.774399][0.453415,0.075132,0][0.959038,-0.221639,1.12873][0.407443,-0.484042,0.774399][0.647557,0.401697,0][0.672165,-0.383409,1.17855][0.490741,-0.718417,0.493001][0.453415,0.075132,0][0.865738,-0.32888,1.06532][0.490741,-0.718417,0.493001][0.647557,0.235712,0][0.959038,-0.221639,1.12873][0.490741,-0.718417,0.493001][0.647557,0.401697,0][0.999543,-0.299337,0.984298][0.474065,-0.713045,0.516555][0.786362,0.337851,0][1.17279,-0.25985,0.879806][0.474065,-0.713045,0.516555][0.965386,0.471443,0][0.959038,-0.221639,1.12873][0.474065,-0.713045,0.516555][0.647557,0.401697,0][1.17279,-0.25985,0.879806][0.744799,-0.115202,0.65727][0.965386,0.471443,0][1.16801,-0.246579,0.88755][0.744799,-0.115202,0.65727][0.952329,0.483369,0][0.959038,-0.221639,1.12873][0.744799,-0.115202,0.65727][0.647557,0.401697,0][1.16801,-0.246579,0.88755][0.690009,0.471544,0.549121][0.952329,0.483369,0][1.01461,-0.172731,1.01689][0.690009,0.471544,0.549121][0.73231,0.483369,0][0.959038,-0.221639,1.12873][0.690009,0.471544,0.549121][0.647557,0.401697,0][0.865738,-0.32888,1.06532][0.0205969,-0.522033,0.852676][0.647557,0.235712,0][0.942881,-0.513733,0.950286][0.0205969,-0.522033,0.852676][0.841699,0.075132,0][0.959038,-0.221639,1.12873][0.0205969,-0.522033,0.852676][0.647557,0.401697,0][0.942881,-0.513733,0.950286][0.420552,-0.489798,0.763698][0.841699,0.075132,0][0.958576,-0.520446,0.937338][0.420552,-0.489798,0.763698][0.863734,0.076049,0][0.959038,-0.221639,1.12873][0.420552,-0.489798,0.763698][0.647557,0.401697,0][0.958576,-0.520446,0.937338][0.890661,-0.246203,0.38224][0.863734,0.076049,0][0.999543,-0.299337,0.984298][0.890661,-0.246203,0.38224][0.786362,0.337851,0][0.959038,-0.221639,1.12873][0.890661,-0.246203,0.382241][0.647557,0.401697,0][1.04464,0.0389509,1.0681][0.540464,0.0181509,0.841171][0.647557,0.729199,0][1.03025,0.0374419,1.07738][0.540464,0.0181509,0.841172][0.631682,0.720025,0][0.959038,-0.221639,1.12873][0.540464,0.0181509,0.841172][0.647557,0.401697,0][1.03025,0.0374419,1.07738][0.093987,0.16861,0.981192][0.631682,0.720025,0][0.89643,-0.115837,1.11654][0.093987,0.16861,0.981192][0.562804,0.483369,0][0.959038,-0.221639,1.12873][0.093987,0.16861,0.981192][0.647557,0.401697,0][0.89643,-0.115837,1.11654][0.690008,0.471544,0.549122][0.562804,0.483369,0][0.743031,-0.0419891,1.24588][0.690008,0.471544,0.549122][0.342786,0.483369,0][0.959038,-0.221639,1.12873][0.690008,0.471544,0.549122][0.647557,0.401697,0][0.743031,-0.0419891,1.24588][0.488353,0.0182239,0.872456][0.342786,0.483369,0][0.729603,-0.0464941,1.25349][0.488353,0.0182239,0.872456][0.329728,0.471443,0][0.959038,-0.221639,1.12873][0.488353,0.0182239,0.872456][0.647557,0.401697,0][0.729603,-0.0464941,1.25349][0.0491489,-0.535995,0.842789][0.329728,0.471443,0][0.805991,-0.206159,1.14749][0.0491489,-0.535995,0.842789][0.508753,0.337851,0][0.959038,-0.221639,1.12873][0.0491489,-0.535995,0.84279][0.647557,0.401697,0][0.640164,0.016832,1.23906][-0.704791,0.266341,-0.65752][0.255965,0.895298,0][0.664797,-0.131701,1.15249][-0.704791,0.266341,-0.65752][0.224834,0.8017,0][0.606266,-0.154503,1.20599][-0.704791,0.266341,-0.65752][0.268231,0.795608,0][0.606266,-0.154503,1.20599][-0.704791,0.266341,-0.65752][0.268231,0.795608,0][0.623006,0.02631,1.26129][-0.704791,0.266341,-0.65752][0.270003,0.90334,0][0.640164,0.016832,1.23906][-0.704791,0.266341,-0.65752][0.255965,0.895298,0][0.502975,-0.271811,1.26919][-0.704782,0.26634,-0.657529][0.338544,0.737992,0][0.589258,-0.338216,1.14981][-0.704782,0.26634,-0.657529][0.266431,0.68615,0][0.470299,-0.458786,1.22848][-0.704782,0.26634,-0.657529][0.348594,0.62863,0][0.470299,-0.458786,1.22848][-0.704782,0.26634,-0.657529][0.348594,0.62863,0][0.439113,-0.461937,1.26063][-0.704782,0.26634,-0.657529][0.372449,0.630857,0][0.502975,-0.271811,1.26919][-0.704782,0.26634,-0.657529][0.338544,0.737992,0][0.690416,-0.243955,1.07956][-0.704785,0.26634,-0.657526][0.195892,0.730034,0][0.664797,-0.131701,1.15249][-0.704785,0.26634,-0.657526][0.224834,0.8017,0][0.788481,-0.113319,1.02736][-0.704785,0.26634,-0.657526][0.130702,0.796451,0][0.788481,-0.113319,1.02736][-0.704785,0.26634,-0.657526][0.130702,0.796451,0][0.808561,-0.133466,0.997678][-0.704785,0.26634,-0.657526][0.113537,0.781531,0][0.690416,-0.243955,1.07956][-0.704785,0.26634,-0.657526][0.195892,0.730034,0][0.690416,-0.243955,1.07956][-0.704788,0.266342,-0.657523][0.195892,0.730034,0][0.720365,-0.420138,0.976091][-0.704788,0.266342,-0.657523][0.158398,0.618917,0][0.6889,-0.426299,1.00732][-0.704788,0.266342,-0.657523][0.182225,0.61935,0][0.6889,-0.426299,1.00732][-0.704788,0.266342,-0.657523][0.182225,0.61935,0][0.589258,-0.338216,1.14981][-0.704788,0.266342,-0.657523][0.266431,0.68615,0][0.690416,-0.243955,1.07956][-0.704788,0.266342,-0.657523][0.195892,0.730034,0][0.606266,-0.154503,1.20599][-0.704779,0.266339,-0.657533][0.268231,0.795608,0][0.550383,-0.148704,1.26824][-0.704779,0.266339,-0.657533][0.311909,0.806558,0][0.60359,0.011397,1.27606][-0.704779,0.266339,-0.657533][0.2838,0.896851,0][0.60359,0.011397,1.27606][-0.704779,0.266339,-0.657533][0.2838,0.896851,0][0.623006,0.02631,1.26129][-0.704779,0.266339,-0.657533][0.270003,0.90334,0][0.606266,-0.154503,1.20599][-0.704779,0.266339,-0.657533][0.268231,0.795608,0][0.502975,-0.271811,1.26919][-0.704782,0.266346,-0.657528][0.338544,0.737992,0][0.402276,-0.193847,1.40871][-0.704782,0.266346,-0.657528][0.422744,0.798778,0][0.426699,-0.167087,1.39337][-0.704782,0.266346,-0.657528][0.406041,0.811808,0][0.426699,-0.167087,1.39337][-0.704782,0.266346,-0.657528][0.406041,0.811808,0][0.550383,-0.148704,1.26824][-0.704782,0.266346,-0.657528][0.311909,0.806558,0][0.502975,-0.271811,1.26919][-0.704782,0.266346,-0.657528][0.338544,0.737992,0][0.606266,-0.154503,1.20599][-0.704788,0.266342,-0.657523][0.268231,0.795608,0][0.664797,-0.131701,1.15249][-0.704788,0.266342,-0.657523][0.224834,0.8017,0][0.690416,-0.243955,1.07956][-0.704788,0.266342,-0.657523][0.195892,0.730034,0][0.690416,-0.243955,1.07956][-0.704788,0.266342,-0.657523][0.195892,0.730034,0][0.589258,-0.338216,1.14981][-0.704788,0.266342,-0.657523][0.266431,0.68615,0][0.606266,-0.154503,1.20599][-0.704788,0.266342,-0.657523][0.268231,0.795608,0][0.606266,-0.154503,1.20599][-0.70478,0.266348,-0.657528][0.268231,0.795608,0][0.589258,-0.338216,1.14981][-0.70478,0.266348,-0.657528][0.266431,0.68615,0][0.502975,-0.271811,1.26919][-0.70478,0.266348,-0.657528][0.338544,0.737992,0][0.502975,-0.271811,1.26919][-0.70478,0.266348,-0.657528][0.338544,0.737992,0][0.550383,-0.148704,1.26824][-0.70478,0.266348,-0.657528][0.311909,0.806558,0][0.606266,-0.154503,1.20599][-0.70478,0.266348,-0.657528][0.268231,0.795608,0][0.645242,-0.000244042,1.26321][0.723065,0.626493,0.291004][0.276633,0.901726,0][0.640164,0.016832,1.23906][0.723065,0.626493,0.291004][0.284054,0.908342,0][0.623006,0.02631,1.26129][0.723065,0.626493,0.291004][0.269089,0.916384,0][0.623006,0.02631,1.26129][0.723065,0.626493,0.291004][0.269089,0.916384,0][0.636592,0.00453396,1.27441][0.723065,0.626493,0.291004][0.269089,0.90578,0][0.645242,-0.000244042,1.26321][0.723065,0.626493,0.291004][0.276633,0.901726,0][0.645242,-0.000244042,1.26321][0.977745,0.199676,-0.064383][0.276633,0.901726,0][0.670556,-0.152884,1.17424][0.977745,0.199676,-0.064383][0.309364,0.797141,0][0.664797,-0.131701,1.15249][0.977745,0.199676,-0.064383][0.315904,0.806572,0][0.664797,-0.131701,1.15249][0.977745,0.199676,-0.064383][0.315904,0.806572,0][0.640164,0.016832,1.23906][0.977745,0.199676,-0.064383][0.284054,0.908342,0][0.645242,-0.000244042,1.26321][0.977745,0.199676,-0.064383][0.276633,0.901726,0][0.483278,-0.450519,1.25442][0.673382,-0.731996,-0.103627][0.176833,0.616731,0][0.470299,-0.458786,1.22848][0.673382,-0.731996,-0.103627][0.179644,0.607185,0][0.589258,-0.338216,1.14981][0.673382,-0.731996,-0.103627][0.269089,0.675986,0][0.589258,-0.338216,1.14981][0.673382,-0.731996,-0.103627][0.269089,0.675986,0][0.605977,-0.326158,1.17328][0.673382,-0.731996,-0.103627][0.269089,0.687695,0][0.483278,-0.450519,1.25442][0.673382,-0.731996,-0.103627][0.176833,0.616731,0][0.47054,-0.451806,1.26755][0.268793,-0.948474,0.167775][0.166362,0.617136,0][0.439113,-0.461937,1.26063][0.268793,-0.948474,0.167775][0.154009,0.608177,0][0.470299,-0.458786,1.22848][0.268793,-0.948474,0.167775][0.179644,0.607185,0][0.470299,-0.458786,1.22848][0.268793,-0.948474,0.167775][0.179644,0.607185,0][0.483278,-0.450519,1.25442][0.268793,-0.948474,0.167775][0.176833,0.616731,0][0.47054,-0.451806,1.26755][0.268793,-0.948474,0.167775][0.166362,0.617136,0][0.47054,-0.451806,1.26755][-0.22479,0.031652,0.973893][0.166362,0.617136,0][0.531711,-0.269692,1.27575][-0.22479,0.031652,0.973893][0.203129,0.732833,0][0.502975,-0.271811,1.26919][-0.22479,0.031652,0.973893][0.192394,0.728964,0][0.502975,-0.271811,1.26919][-0.22479,0.031652,0.973893][0.192394,0.728964,0][0.439113,-0.461937,1.26063][-0.22479,0.031652,0.973893][0.154009,0.608177,0][0.47054,-0.451806,1.26755][-0.22479,0.031652,0.973893][0.166362,0.617136,0][0.798318,-0.133898,1.04499][0.458197,0.694354,0.554913][0.413917,0.797141,0][0.788481,-0.113319,1.02736][0.458197,0.694354,0.554913][0.41712,0.806572,0][0.664797,-0.131701,1.15249][0.458197,0.694354,0.554913][0.315904,0.806572,0][0.664797,-0.131701,1.15249][0.458197,0.694354,0.554913][0.315904,0.806572,0][0.670556,-0.152884,1.17424][0.458197,0.694354,0.554913][0.309364,0.797141,0][0.798318,-0.133898,1.04499][0.458197,0.694354,0.554913][0.413917,0.797141,0][0.805161,-0.140763,1.03488][0.81739,0.546592,0.181965][0.420122,0.791871,0][0.808561,-0.133466,0.997678][0.81739,0.546592,0.181965][0.435329,0.791105,0][0.788481,-0.113319,1.02736][0.81739,0.546592,0.181965][0.41712,0.806572,0][0.788481,-0.113319,1.02736][0.81739,0.546592,0.181965][0.41712,0.806572,0][0.798318,-0.133898,1.04499][0.81739,0.546592,0.181965][0.413917,0.797141,0][0.805161,-0.140763,1.03488][0.81739,0.546592,0.181965][0.420122,0.791871,0][0.805161,-0.140763,1.03488][0.646495,-0.757647,-0.08953][0.420122,0.791871,0][0.692915,-0.245734,1.11267][0.646495,-0.757647,-0.08953][0.335049,0.732833,0][0.690416,-0.243955,1.07956][0.646495,-0.757647,-0.08953][0.345784,0.728964,0][0.690416,-0.243955,1.07956][0.646495,-0.757647,-0.08953][0.345784,0.728964,0][0.808561,-0.133466,0.997678][0.646495,-0.757647,-0.08953][0.435329,0.791105,0][0.805161,-0.140763,1.03488][0.646495,-0.757647,-0.08953][0.420122,0.791871,0][0.721602,-0.414494,1.01356][0.977157,0.203014,-0.06285][0.371816,0.617136,0][0.720365,-0.420138,0.976091][0.977157,0.203014,-0.06285][0.384169,0.608177,0][0.690416,-0.243955,1.07956][0.977157,0.203014,-0.06285][0.345784,0.728964,0][0.690416,-0.243955,1.07956][0.977157,0.203014,-0.06285][0.345784,0.728964,0][0.692915,-0.245734,1.11267][0.977157,0.203014,-0.06285][0.335049,0.732833,0][0.721602,-0.414494,1.01356][0.977157,0.203014,-0.06285][0.371816,0.617136,0][0.721602,-0.414494,1.01356][0.314379,-0.940181,0.131247][0.371816,0.617136,0][0.70875,-0.41701,1.02632][0.314379,-0.940181,0.131247][0.361345,0.616731,0][0.6889,-0.426299,1.00732][0.314379,-0.940181,0.131247][0.358534,0.607185,0][0.6889,-0.426299,1.00732][0.314379,-0.940181,0.131247][0.358534,0.607185,0][0.720365,-0.420138,0.976091][0.314379,-0.940181,0.131247][0.384169,0.608177,0][0.721602,-0.414494,1.01356][0.314379,-0.940181,0.131247][0.371816,0.617136,0][0.70875,-0.41701,1.02632][-0.0642681,-0.868308,0.491844][0.361345,0.616731,0][0.605977,-0.326158,1.17328][-0.0642681,-0.868308,0.491845][0.269089,0.687695,0][0.589258,-0.338216,1.14981][-0.0642681,-0.868308,0.491845][0.269089,0.675986,0][0.589258,-0.338216,1.14981][-0.0642681,-0.868308,0.491845][0.269089,0.675986,0][0.6889,-0.426299,1.00732][-0.0642681,-0.868308,0.491845][0.358534,0.607185,0][0.70875,-0.41701,1.02632][-0.0642681,-0.868308,0.491844][0.361345,0.616731,0][0.626804,-0.00298404,1.28186][-0.226101,0.027575,0.973713][0.261545,0.901726,0][0.60359,0.011397,1.27606][-0.226101,0.027575,0.973713][0.254124,0.908342,0][0.550383,-0.148704,1.26824][-0.226101,0.027575,0.973713][0.222274,0.806572,0][0.550383,-0.148704,1.26824][-0.226101,0.027575,0.973713][0.222274,0.806572,0][0.572126,-0.167515,1.27382][-0.226101,0.027575,0.973713][0.228814,0.797141,0][0.626804,-0.00298404,1.28186][-0.226101,0.027575,0.973713][0.261545,0.901726,0][0.636592,0.00453396,1.27441][0.160671,0.581054,0.797848][0.269089,0.90578,0][0.623006,0.02631,1.26129][0.160671,0.581054,0.797848][0.269089,0.916384,0][0.60359,0.011397,1.27606][0.160671,0.581054,0.797848][0.254124,0.908342,0][0.60359,0.011397,1.27606][0.160671,0.581054,0.797848][0.254124,0.908342,0][0.626804,-0.00298404,1.28186][0.160671,0.581054,0.797848][0.261545,0.901726,0][0.636592,0.00453396,1.27441][0.160671,0.581054,0.797848][0.269089,0.90578,0][0.436042,-0.19562,1.4083][-0.0408931,-0.884493,0.464758][0.118056,0.791871,0][0.402276,-0.193847,1.40871][-0.0408931,-0.884493,0.464758][0.102849,0.791105,0][0.502975,-0.271811,1.26919][-0.0408931,-0.884493,0.464757][0.192394,0.728964,0][0.502975,-0.271811,1.26919][-0.0408931,-0.884493,0.464757][0.192394,0.728964,0][0.531711,-0.269692,1.27575][-0.0408931,-0.884493,0.464757][0.203129,0.732833,0][0.436042,-0.19562,1.4083][-0.0408931,-0.884493,0.464758][0.118056,0.791871,0][0.436042,-0.19562,1.4083][0.0353531,0.472494,0.880624][0.118056,0.791871,0][0.444364,-0.186502,1.40308][0.0353531,0.472494,0.880624][0.124261,0.797141,0][0.426699,-0.167087,1.39337][0.0353531,0.472494,0.880624][0.121059,0.806572,0][0.426699,-0.167087,1.39337][0.0353531,0.472494,0.880624][0.121059,0.806572,0][0.402276,-0.193847,1.40871][0.0353531,0.472494,0.880624][0.102849,0.791105,0][0.436042,-0.19562,1.4083][0.0353531,0.472494,0.880624][0.118056,0.791871,0][0.444364,-0.186502,1.40308][0.458209,0.694335,0.554926][0.124261,0.797141,0][0.572126,-0.167515,1.27382][0.458209,0.694335,0.554926][0.228814,0.797141,0][0.550383,-0.148704,1.26824][0.458209,0.694335,0.554926][0.222274,0.806572,0][0.550383,-0.148704,1.26824][0.458209,0.694335,0.554926][0.222274,0.806572,0][0.426699,-0.167087,1.39337][0.458209,0.694335,0.554926][0.121059,0.806572,0][0.444364,-0.186502,1.40308][0.458209,0.694335,0.554926][0.124261,0.797141,0][0.670556,-0.152884,1.17424][0.971211,0.0228639,0.237122][0.309364,0.797141,0][0.645242,-0.000244042,1.26321][0.971211,0.0228639,0.237123][0.276633,0.901726,0][0.653423,-0.228968,1.25175][0.971211,0.0228639,0.237123][0.269089,0.761048,0][0.645242,-0.000244042,1.26321][0.791128,-0.00233112,0.611646][0.276633,0.901726,0][0.636592,0.00453396,1.27441][0.791128,-0.00233112,0.611646][0.269089,0.90578,0][0.653423,-0.228968,1.25175][0.791128,-0.00233112,0.611646][0.269089,0.761048,0][0.531711,-0.269692,1.27575][0.230846,-0.121009,0.965436][0.203129,0.732833,0][0.47054,-0.451806,1.26755][0.230846,-0.121009,0.965436][0.166362,0.617136,0][0.653423,-0.228968,1.25175][0.230846,-0.121009,0.965436][0.269089,0.761048,0][0.47054,-0.451806,1.26755][0.648805,-0.491271,0.581124][0.166362,0.617136,0][0.483278,-0.450519,1.25442][0.648805,-0.491271,0.581124][0.176833,0.616731,0][0.653423,-0.228968,1.25175][0.648805,-0.491271,0.581124][0.269089,0.761048,0][0.483278,-0.450519,1.25442][0.766951,-0.585848,0.261856][0.176833,0.616731,0][0.605977,-0.326158,1.17328][0.766951,-0.585848,0.261856][0.269089,0.687695,0][0.653423,-0.228968,1.25175][0.766951,-0.585847,0.261856][0.269089,0.761048,0][0.692915,-0.245734,1.11267][0.752653,-0.593422,0.285242][0.335049,0.732833,0][0.805161,-0.140763,1.03488][0.752653,-0.593422,0.285242][0.420122,0.791871,0][0.653423,-0.228968,1.25175][0.752654,-0.593422,0.285242][0.269089,0.761048,0][0.805161,-0.140763,1.03488][0.822579,-0.0175331,0.568381][0.420122,0.791871,0][0.798318,-0.133898,1.04499][0.822579,-0.0175331,0.568381][0.413917,0.797141,0][0.653423,-0.228968,1.25175][0.822579,-0.0175331,0.568381][0.269089,0.761048,0][0.798318,-0.133898,1.04499][0.567264,0.521553,0.637334][0.413917,0.797141,0][0.670556,-0.152884,1.17424][0.567264,0.521553,0.637334][0.309364,0.797141,0][0.653423,-0.228968,1.25175][0.567264,0.521553,0.637334][0.269089,0.761048,0][0.605977,-0.326158,1.17328][0.325911,-0.68512,0.651454][0.269089,0.687695,0][0.70875,-0.41701,1.02632][0.325911,-0.685121,0.651454][0.361345,0.616731,0][0.653423,-0.228968,1.25175][0.325911,-0.685121,0.651454][0.269089,0.761048,0][0.70875,-0.41701,1.02632][0.661038,-0.488419,0.569627][0.361345,0.616731,0][0.721602,-0.414494,1.01356][0.661038,-0.488419,0.569627][0.371816,0.617136,0][0.653423,-0.228968,1.25175][0.661038,-0.488419,0.569627][0.269089,0.761048,0][0.721602,-0.414494,1.01356][0.962074,0.00334785,0.272768][0.371816,0.617136,0][0.692915,-0.245734,1.11267][0.962074,0.00334785,0.272768][0.335049,0.732833,0][0.653423,-0.228968,1.25175][0.962074,0.00334785,0.272768][0.269089,0.761048,0][0.636592,0.00453396,1.27441][0.620305,-0.0313441,0.783734][0.269089,0.90578,0][0.626804,-0.00298404,1.28186][0.620305,-0.0313441,0.783734][0.261545,0.901726,0][0.653423,-0.228968,1.25175][0.620305,-0.0313441,0.783734][0.269089,0.761048,0][0.626804,-0.00298404,1.28186][0.183138,-0.108593,0.977071][0.261545,0.901726,0][0.572126,-0.167515,1.27382][0.183138,-0.108593,0.977071][0.228814,0.797141,0][0.653423,-0.228968,1.25175][0.183138,-0.108593,0.977071][0.269089,0.761048,0][0.572126,-0.167515,1.27382][0.567261,0.52156,0.637331][0.228814,0.797141,0][0.444364,-0.186502,1.40308][0.567261,0.52156,0.637331][0.124261,0.797141,0][0.653423,-0.228968,1.25175][0.567261,0.52156,0.637331][0.269089,0.761048,0][0.444364,-0.186502,1.40308][0.577241,-0.0601031,0.814359][0.124261,0.797141,0][0.436042,-0.19562,1.4083][0.577241,-0.0601031,0.814359][0.118056,0.791871,0][0.653423,-0.228968,1.25175][0.577241,-0.0601031,0.814359][0.269089,0.761048,0][0.436042,-0.19562,1.4083][0.354522,-0.683647,0.637919][0.118056,0.791871,0][0.531711,-0.269692,1.27575][0.354522,-0.683647,0.637919][0.203129,0.732833,0][0.653423,-0.228968,1.25175][0.354522,-0.683647,0.637919][0.269089,0.761048,0][1.1986,0.226545,-0.808209][-0.769074,1.11613e-006,0.63916][0.262512,0.893237,0][1.13967,-0.0362372,-0.879114][-0.769074,1.11613e-006,0.63916][0.229156,0.79802,0][1.22628,-0.0605882,-0.774893][-0.769074,1.11613e-006,0.63916][0.27413,0.787898,0][1.22628,-0.0605882,-0.774893][-0.769074,1.11613e-006,0.63916][0.27413,0.787898,0][1.22628,0.247311,-0.774893][-0.769074,1.11613e-006,0.63916][0.277171,0.900437,0][1.1986,0.226545,-0.808209][-0.769074,1.11613e-006,0.63916][0.262512,0.893237,0][1.36818,-0.236631,-0.604152][-0.769076,-8.83873e-007,0.639158][0.346464,0.721553,0][1.22628,-0.373425,-0.774893][-0.769076,-8.83873e-007,0.639158][0.271041,0.673555,0][1.39177,-0.55108,-0.575768][-0.769076,-8.83873e-007,0.639158][0.355673,0.606288,0][1.39177,-0.55108,-0.575768][-0.769076,-8.83873e-007,0.639158][0.355673,0.606288,0][1.4392,-0.548517,-0.518699][-0.769076,-8.83873e-007,0.639158][0.380457,0.606555,0][1.36818,-0.236631,-0.604152][-0.769076,-8.83873e-007,0.639158][0.346464,0.721553,0][1.08439,-0.236631,-0.945635][-0.769075,0,0.639159][0.19832,0.725555,0][1.13967,-0.0362372,-0.879114][-0.769075,0,0.639159][0.229156,0.79802,0][0.952403,-0.0362372,-1.10444][-0.769075,0,0.639159][0.131402,0.800661,0][0.952403,-0.0362372,-1.10444][-0.769075,0,0.639159][0.131402,0.800661,0][0.918712,-0.0761752,-1.14498][-0.769075,0,0.639159][0.113421,0.786539,0][1.08439,-0.236631,-0.945635][-0.769075,0,0.639159][0.19832,0.725555,0][1.08439,-0.236631,-0.945635][-0.769075,1.11613e-006,0.639159][0.19832,0.725555,0][1.01337,-0.548517,-1.03109][-0.769075,1.11613e-006,0.639159][0.158167,0.612562,0][1.0608,-0.55108,-0.974019][-0.769075,1.11613e-006,0.639159][0.182901,0.610956,0][1.0608,-0.55108,-0.974019][-0.769075,1.11613e-006,0.639159][0.182901,0.610956,0][1.22628,-0.373425,-0.774893][-0.769075,1.11613e-006,0.639159][0.271041,0.673555,0][1.08439,-0.236631,-0.945635][-0.769075,1.11613e-006,0.639159][0.19832,0.725555,0][1.22628,-0.0605882,-0.774893][-0.769076,0,0.639157][0.27413,0.787898,0][1.3129,-0.0362372,-0.670673][-0.769076,0,0.639157][0.319585,0.795577,0][1.25397,0.226545,-0.741577][-0.769076,0,0.639157][0.29142,0.892456,0][1.25397,0.226545,-0.741577][-0.769076,0,0.639157][0.29142,0.892456,0][1.22628,0.247311,-0.774893][-0.769076,0,0.639157][0.277171,0.900437,0][1.22628,-0.0605882,-0.774893][-0.769076,0,0.639157][0.27413,0.787898,0][1.36818,-0.236631,-0.604152][-0.769076,-8.83873e-007,0.639158][0.346464,0.721553,0][1.53385,-0.0761752,-0.404805][-0.769076,-8.83873e-007,0.639158][0.434532,0.777863,0][1.50016,-0.0362372,-0.445344][-0.769076,-8.83873e-007,0.639158][0.417339,0.792936,0][1.50016,-0.0362372,-0.445344][-0.769076,-8.83873e-007,0.639158][0.417339,0.792936,0][1.3129,-0.0362372,-0.670673][-0.769076,-8.83873e-007,0.639158][0.319585,0.795577,0][1.36818,-0.236631,-0.604152][-0.769076,-8.83873e-007,0.639158][0.346464,0.721553,0][1.22628,-0.0605882,-0.774893][-0.769075,-8.83873e-007,0.639159][0.27413,0.787898,0][1.13967,-0.0362372,-0.879114][-0.769075,-8.83873e-007,0.639159][0.229156,0.79802,0][1.08439,-0.236631,-0.945635][-0.769075,-8.83873e-007,0.639159][0.19832,0.725555,0][1.08439,-0.236631,-0.945635][-0.769075,-8.83873e-007,0.639159][0.19832,0.725555,0][1.22628,-0.373425,-0.774893][-0.769075,-8.83873e-007,0.639159][0.271041,0.673555,0][1.22628,-0.0605882,-0.774893][-0.769075,-8.83873e-007,0.639159][0.27413,0.787898,0][1.22628,-0.0605882,-0.774893][-0.769075,-8.83873e-007,0.639159][0.27413,0.787898,0][1.22628,-0.373425,-0.774893][-0.769075,-8.83873e-007,0.639159][0.271041,0.673555,0][1.36818,-0.236631,-0.604152][-0.769075,-8.83873e-007,0.639159][0.346464,0.721553,0][1.36818,-0.236631,-0.604152][-0.769075,-8.83873e-007,0.639159][0.346464,0.721553,0][1.3129,-0.0362372,-0.670673][-0.769075,-8.83873e-007,0.639159][0.319585,0.795577,0][1.22628,-0.0605882,-0.774893][-0.769075,-8.83873e-007,0.639159][0.27413,0.787898,0][1.2533,0.219931,-0.803696][0.14456,0.78133,-0.607146][0.647557,0.729199,0][1.23934,0.209463,-0.820491][0.14456,0.78133,-0.607146][0.663433,0.720025,0][1.1986,0.226545,-0.808209][0.14456,0.78133,-0.607146][0.67905,0.734995,0][1.1986,0.226545,-0.808209][0.14456,0.78133,-0.607146][0.67905,0.734995,0][1.22628,0.247311,-0.774893][0.14456,0.78133,-0.607146][0.647557,0.753193,0][1.2533,0.219931,-0.803696][0.14456,0.78133,-0.607146][0.647557,0.729199,0][1.23934,0.209463,-0.820491][-0.162283,0.290811,-0.942917][0.663433,0.720025,0][1.17879,-0.0605882,-0.893357][-0.162283,0.290811,-0.942917][0.73231,0.483369,0][1.13967,-0.0362372,-0.879114][-0.162283,0.290811,-0.942917][0.746073,0.504709,0][1.13967,-0.0362372,-0.879114][-0.162283,0.290811,-0.942917][0.746073,0.504709,0][1.1986,0.226545,-0.808209][-0.162283,0.290811,-0.942917][0.67905,0.734995,0][1.23934,0.209463,-0.820491][-0.162283,0.290811,-0.942917][0.663433,0.720025,0][1.42399,-0.526431,-0.598312][0.0638879,-0.717703,-0.693413][0.453415,0.075132,0][1.39177,-0.55108,-0.575768][0.0638879,-0.717703,-0.693412][0.459331,0.053531,0][1.22628,-0.373425,-0.774893][0.0638879,-0.717703,-0.693413][0.647557,0.209218,0][1.22628,-0.373425,-0.774893][0.0638879,-0.717703,-0.693413][0.647557,0.209218,0][1.2533,-0.343192,-0.803696][0.0638879,-0.717703,-0.693413][0.647557,0.235712,0][1.42399,-0.526431,-0.598312][0.0638879,-0.717703,-0.693413][0.453415,0.075132,0][1.44336,-0.525384,-0.575002][0.426662,-0.847208,-0.31654][0.431381,0.076049,0][1.4392,-0.548517,-0.518699][0.426662,-0.847208,-0.31654][0.405385,0.055777,0][1.39177,-0.55108,-0.575768][0.426662,-0.847208,-0.31654][0.459331,0.053531,0][1.39177,-0.55108,-0.575768][0.426662,-0.847208,-0.31654][0.459331,0.053531,0][1.42399,-0.526431,-0.598312][0.426662,-0.847208,-0.31654][0.453415,0.075132,0][1.44336,-0.525384,-0.575002][0.426662,-0.847208,-0.31654][0.431381,0.076049,0][1.44336,-0.525384,-0.575002][0.947584,0.264768,0.178838][0.431381,0.076049,0][1.37534,-0.226639,-0.656854][0.947584,0.264768,0.178838][0.508753,0.337851,0][1.36818,-0.236631,-0.604152][0.947584,0.264768,0.178838][0.486161,0.329096,0][1.36818,-0.236631,-0.604152][0.947584,0.264768,0.178838][0.486161,0.329096,0][1.4392,-0.548517,-0.518699][0.947584,0.264768,0.178838][0.405385,0.055777,0][1.44336,-0.525384,-0.575002][0.947584,0.264768,0.178838][0.431381,0.076049,0][0.985346,-0.0605882,-1.12612][0.405921,0.849366,-0.337351][0.952329,0.483369,0][0.952403,-0.0362372,-1.10444][0.405921,0.849366,-0.33735][0.959069,0.504709,0][1.13967,-0.0362372,-0.879114][0.405921,0.849366,-0.337351][0.746073,0.504709,0][1.13967,-0.0362372,-0.879114][0.405921,0.849366,-0.337351][0.746073,0.504709,0][1.17879,-0.0605882,-0.893357][0.405921,0.849366,-0.337351][0.73231,0.483369,0][0.985346,-0.0605882,-1.12612][0.405921,0.849366,-0.337351][0.952329,0.483369,0][0.973866,-0.0741972,-1.13993][0.0408891,0.694567,-0.718266][0.965386,0.471443,0][0.918712,-0.0761752,-1.14498][0.0408891,0.694567,-0.718266][0.997388,0.469709,0][0.952403,-0.0362372,-1.10444][0.0408891,0.694567,-0.718266][0.959069,0.504709,0][0.952403,-0.0362372,-1.10444][0.0408891,0.694567,-0.718266][0.959069,0.504709,0][0.985346,-0.0605882,-1.12612][0.0408891,0.694567,-0.718265][0.952329,0.483369,0][0.973866,-0.0741972,-1.13993][0.0408891,0.694567,-0.718266][0.965386,0.471443,0][0.973866,-0.0741972,-1.13993][0.0876939,-0.739139,-0.667819][0.965386,0.471443,0][1.13126,-0.226639,-0.950538][0.0876939,-0.739139,-0.667819][0.786362,0.337851,0][1.08439,-0.236631,-0.945635][0.0876939,-0.739139,-0.667819][0.808953,0.329096,0][1.08439,-0.236631,-0.945635][0.0876939,-0.739139,-0.667819][0.808953,0.329096,0][0.918712,-0.0761752,-1.14498][0.0876939,-0.739139,-0.667819][0.997388,0.469709,0][0.973866,-0.0741972,-1.13993][0.0876939,-0.739139,-0.667819][0.965386,0.471443,0][1.06324,-0.525384,-1.03239][-0.161334,0.294791,-0.941844][0.863734,0.076049,0][1.01337,-0.548517,-1.03109][-0.161334,0.294791,-0.941844][0.889729,0.055777,0][1.08439,-0.236631,-0.945635][-0.161334,0.294791,-0.941844][0.808953,0.329096,0][1.08439,-0.236631,-0.945635][-0.161334,0.294791,-0.941844][0.808953,0.329096,0][1.13126,-0.226639,-0.950538][-0.161334,0.294791,-0.941844][0.786362,0.337851,0][1.06324,-0.525384,-1.03239][-0.161334,0.294791,-0.941844][0.863734,0.076049,0][1.06324,-0.525384,-1.03239][0.385132,-0.850483,-0.358263][0.863734,0.076049,0][1.08261,-0.526431,-1.00908][0.385132,-0.850483,-0.358263][0.841699,0.075132,0][1.0608,-0.55108,-0.974019][0.385132,-0.850483,-0.358263][0.835783,0.053531,0][1.0608,-0.55108,-0.974019][0.385132,-0.850483,-0.358263][0.835783,0.053531,0][1.01337,-0.548517,-1.03109][0.385132,-0.850483,-0.358263][0.889729,0.055777,0][1.06324,-0.525384,-1.03239][0.385132,-0.850483,-0.358263][0.863734,0.076049,0][1.08261,-0.526431,-1.00908][0.739158,-0.673396,-0.013509][0.841699,0.075132,0][1.2533,-0.343192,-0.803696][0.739158,-0.673396,-0.013509][0.647557,0.235712,0][1.22628,-0.373425,-0.774893][0.739158,-0.673396,-0.013509][0.647557,0.209218,0][1.22628,-0.373425,-0.774893][0.739158,-0.673396,-0.013509][0.647557,0.209218,0][1.0608,-0.55108,-0.974019][0.739158,-0.673396,-0.013509][0.835783,0.053531,0][1.08261,-0.526431,-1.00908][0.739158,-0.673396,-0.013509][0.841699,0.075132,0][1.26726,0.209463,-0.786901][0.948444,0.261142,0.179607][0.631682,0.720025,0][1.25397,0.226545,-0.741577][0.948444,0.261142,0.179607][0.616065,0.734995,0][1.3129,-0.0362372,-0.670673][0.948444,0.261142,0.179607][0.549041,0.504709,0][1.3129,-0.0362372,-0.670673][0.948444,0.261142,0.179607][0.549041,0.504709,0][1.32782,-0.0605882,-0.714036][0.948444,0.261142,0.179607][0.562804,0.483369,0][1.26726,0.209463,-0.786901][0.948444,0.261142,0.179607][0.631682,0.720025,0][1.26726,0.209463,-0.786901][0.662208,0.744321,-0.08641][0.631682,0.720025,0][1.2533,0.219931,-0.803696][0.662208,0.744321,-0.08641][0.647557,0.729199,0][1.22628,0.247311,-0.774893][0.662208,0.744321,-0.08641][0.647557,0.753193,0][1.22628,0.247311,-0.774893][0.662208,0.744321,-0.08641][0.647557,0.753193,0][1.25397,0.226545,-0.741577][0.662208,0.744321,-0.08641][0.616065,0.734995,0][1.26726,0.209463,-0.786901][0.662208,0.744321,-0.08641][0.631682,0.720025,0][1.53274,-0.0741973,-0.467463][0.716576,-0.696641,-0.034794][0.329728,0.471443,0][1.53385,-0.0761752,-0.404805][0.716576,-0.696641,-0.034794][0.297726,0.469709,0][1.36818,-0.236631,-0.604152][0.716576,-0.696641,-0.034794][0.486161,0.329096,0][1.36818,-0.236631,-0.604152][0.716576,-0.696641,-0.034794][0.486161,0.329096,0][1.37534,-0.226639,-0.656854][0.716576,-0.696641,-0.034794][0.508753,0.337851,0][1.53274,-0.0741973,-0.467463][0.716576,-0.696641,-0.034794][0.329728,0.471443,0][1.53274,-0.0741973,-0.467463][0.76088,0.648856,0.006899][0.329728,0.471443,0][1.52126,-0.0605882,-0.481277][0.76088,0.648856,0.006899][0.342786,0.483369,0][1.50016,-0.0362372,-0.445344][0.76088,0.648856,0.006899][0.336046,0.504709,0][1.50016,-0.0362372,-0.445344][0.76088,0.648856,0.006899][0.336046,0.504709,0][1.53385,-0.0761752,-0.404805][0.76088,0.648856,0.006899][0.297726,0.469709,0][1.53274,-0.0741973,-0.467463][0.76088,0.648856,0.006899][0.329728,0.471443,0][1.52126,-0.0605882,-0.481277][0.405921,0.849367,-0.33735][0.342786,0.483369,0][1.32782,-0.0605882,-0.714036][0.405921,0.849367,-0.33735][0.562804,0.483369,0][1.3129,-0.0362372,-0.670673][0.405921,0.849367,-0.33735][0.549041,0.504709,0][1.3129,-0.0362372,-0.670673][0.405921,0.849367,-0.33735][0.549041,0.504709,0][1.50016,-0.0362372,-0.445344][0.40592,0.849367,-0.33735][0.336046,0.504709,0][1.52126,-0.0605882,-0.481277][0.405921,0.849367,-0.33735][0.342786,0.483369,0][1.17879,-0.0605882,-0.893357][0.256009,0.197899,-0.946201][0.73231,0.483369,0][1.23934,0.209463,-0.820491][0.256009,0.197899,-0.946201][0.663433,0.720025,0][1.31988,-0.153785,-0.874674][0.256009,0.197899,-0.946201][0.647557,0.401697,0][1.23934,0.209463,-0.820491][0.661217,0.251997,-0.706605][0.663433,0.720025,0][1.2533,0.219931,-0.803696][0.661217,0.251997,-0.706605][0.647557,0.729199,0][1.31988,-0.153785,-0.874674][0.661217,0.251997,-0.706605][0.647557,0.401697,0][1.37534,-0.226639,-0.656854][0.967267,0.168187,-0.190021][0.508753,0.337851,0][1.44336,-0.525384,-0.575002][0.967267,0.168187,-0.190021][0.431381,0.076049,0][1.31988,-0.153785,-0.874674][0.967267,0.168187,-0.190021][0.647557,0.401697,0][1.44336,-0.525384,-0.575002][0.751023,-0.244915,-0.613173][0.431381,0.076049,0][1.42399,-0.526431,-0.598312][0.751023,-0.244915,-0.613173][0.453415,0.075132,0][1.31988,-0.153785,-0.874674][0.751023,-0.244915,-0.613173][0.647557,0.401697,0][1.42399,-0.526431,-0.598312][0.449519,-0.447678,-0.772992][0.453415,0.075132,0][1.2533,-0.343192,-0.803696][0.449519,-0.447678,-0.772992][0.647557,0.235712,0][1.31988,-0.153785,-0.874674][0.449519,-0.447678,-0.772992][0.647557,0.401697,0][1.13126,-0.226639,-0.950538][0.477064,-0.447313,-0.756519][0.786362,0.337851,0][0.973866,-0.0741972,-1.13993][0.477064,-0.447313,-0.756519][0.965386,0.471443,0][1.31988,-0.153785,-0.874674][0.477064,-0.447313,-0.756519][0.647557,0.401697,0][0.973866,-0.0741972,-1.13993][0.624859,0.230183,-0.746034][0.965386,0.471443,0][0.985346,-0.0605882,-1.12612][0.624859,0.230183,-0.746034][0.952329,0.483369,0][1.31988,-0.153785,-0.874674][0.624859,0.230183,-0.746034][0.647557,0.401697,0][0.985346,-0.0605882,-1.12612][0.534069,0.71956,-0.443851][0.952329,0.483369,0][1.17879,-0.0605882,-0.893357][0.534069,0.71956,-0.443851][0.73231,0.483369,0][1.31988,-0.153785,-0.874674][0.534069,0.71956,-0.443851][0.647557,0.401697,0][1.2533,-0.343192,-0.803696][0.845988,-0.420316,-0.328083][0.647557,0.235712,0][1.08261,-0.526431,-1.00908][0.845988,-0.420316,-0.328083][0.841699,0.075132,0][1.31988,-0.153785,-0.874674][0.845988,-0.420316,-0.328083][0.647557,0.401697,0][1.08261,-0.526431,-1.00908][0.740119,-0.245421,-0.626093][0.841699,0.075132,0][1.06324,-0.525384,-1.03239][0.740119,-0.245421,-0.626093][0.863734,0.076049,0][1.31988,-0.153785,-0.874674][0.740119,-0.245421,-0.626093][0.647557,0.401697,0][1.06324,-0.525384,-1.03239][0.303615,0.186852,-0.934294][0.863734,0.076049,0][1.13126,-0.226639,-0.950538][0.303615,0.186852,-0.934294][0.786362,0.337851,0][1.31988,-0.153785,-0.874674][0.303615,0.186852,-0.934294][0.647557,0.401697,0][1.2533,0.219931,-0.803696][0.815204,0.244911,-0.524845][0.647557,0.729199,0][1.26726,0.209463,-0.786901][0.815203,0.244911,-0.524845][0.631682,0.720025,0][1.31988,-0.153785,-0.874674][0.815203,0.244911,-0.524845][0.647557,0.401697,0][1.26726,0.209463,-0.786901][0.972504,0.177349,-0.150938][0.631682,0.720025,0][1.32782,-0.0605882,-0.714036][0.972504,0.177349,-0.150938][0.562804,0.483369,0][1.31988,-0.153785,-0.874674][0.972504,0.177349,-0.150938][0.647557,0.401697,0][1.32782,-0.0605882,-0.714036][0.534066,0.719563,-0.44385][0.562804,0.483369,0][1.52126,-0.0605882,-0.481277][0.534066,0.719563,-0.44385][0.342786,0.483369,0][1.31988,-0.153785,-0.874674][0.534066,0.719563,-0.44385][0.647557,0.401697,0][1.52126,-0.0605882,-0.481277][0.845929,0.220956,-0.485368][0.342786,0.483369,0][1.53274,-0.0741973,-0.467463][0.845929,0.220956,-0.485368][0.329728,0.471443,0][1.31988,-0.153785,-0.874674][0.845929,0.220956,-0.485368][0.647557,0.401697,0][1.53274,-0.0741973,-0.467463][0.834605,-0.422264,-0.353734][0.329728,0.471443,0][1.37534,-0.226639,-0.656854][0.834605,-0.422264,-0.353734][0.508753,0.337851,0][1.31988,-0.153785,-0.874674][0.834605,-0.422264,-0.353734][0.647557,0.401697,0][0.319732,0.608955,-1.06783][-0.067962,0.00209601,0.997686][0.256266,0.891318,0][0.315609,0.434505,-1.06774][-0.067962,0.00209601,0.997686][0.229039,0.797771,0][0.396689,0.442792,-1.06224][-0.067962,0.00209601,0.997686][0.269059,0.789102,0][0.396689,0.442792,-1.06224][-0.067962,0.00209601,0.997686][0.269059,0.789102,0][0.340435,0.628858,-1.06646][-0.067962,0.00209601,0.997686][0.269059,0.898711,0][0.319732,0.608955,-1.06783][-0.067962,0.00209601,0.997686][0.256266,0.891318,0][0.554397,0.374095,-1.05135][-0.067962,0.00209701,0.997686][0.334622,0.72643,0][0.453845,0.253744,-1.05795][-0.067962,0.00209701,0.997686][0.269059,0.677733,0][0.632717,0.190337,-1.04563][-0.067962,0.00209701,0.997686][0.345523,0.614489,0][0.632717,0.190337,-1.04563][-0.067962,0.00209701,0.997686][0.345523,0.614489,0][0.674211,0.204482,-1.04283][-0.067962,0.00209701,0.997686][0.367436,0.615401,0][0.554397,0.374095,-1.05135][-0.067962,0.00209701,0.997686][0.334622,0.72643,0][0.303309,0.298723,-1.0683][-0.067961,0.00209601,0.997686][0.203495,0.72643,0][0.315609,0.434505,-1.06774][-0.067961,0.00209601,0.997686][0.229039,0.797771,0][0.149928,0.38477,-1.07892][-0.067961,0.00209601,0.997686][0.142515,0.797771,0][0.149928,0.38477,-1.07892][-0.067961,0.00209601,0.997686][0.142515,0.797771,0][0.127417,0.351688,-1.08039][-0.067961,0.00209601,0.997686][0.126948,0.783552,0][0.303309,0.298723,-1.0683][-0.067961,0.00209601,0.997686][0.203495,0.72643,0][0.303309,0.298723,-1.0683][-0.067963,0.00209601,0.997686][0.203495,0.72643,0][0.29746,0.0913879,-1.06826][-0.067963,0.00209601,0.997686][0.170682,0.615401,0][0.33989,0.102436,-1.06539][-0.067963,0.00209601,0.997686][0.192597,0.614489,0][0.33989,0.102436,-1.06539][-0.067963,0.00209601,0.997686][0.192597,0.614489,0][0.453845,0.253744,-1.05795][-0.067963,0.00209601,0.997686][0.269059,0.677733,0][0.303309,0.298723,-1.0683][-0.067963,0.00209601,0.997686][0.203495,0.72643,0][0.396689,0.442792,-1.06224][-0.067961,0.00209601,0.997686][0.269059,0.789102,0][0.468872,0.480512,-1.0574][-0.067961,0.00209601,0.997686][0.30908,0.797771,0][0.368726,0.623662,-1.06452][-0.067961,0.00209601,0.997686][0.281853,0.891318,0][0.368726,0.623662,-1.06452][-0.067961,0.00209601,0.997686][0.281853,0.891318,0][0.340435,0.628858,-1.06646][-0.067961,0.00209601,0.997686][0.269059,0.898711,0][0.396689,0.442792,-1.06224][-0.067961,0.00209601,0.997686][0.269059,0.789102,0][0.554397,0.374095,-1.05135][-0.067962,0.00209601,0.997686][0.334622,0.72643,0][0.671657,0.515059,-1.04366][-0.067962,0.00209601,0.997686][0.41117,0.783552,0][0.634553,0.530246,-1.04622][-0.067962,0.00209601,0.997686][0.395605,0.797771,0][0.634553,0.530246,-1.04622][-0.067962,0.00209601,0.997686][0.395605,0.797771,0][0.468872,0.480512,-1.0574][-0.067962,0.00209601,0.997686][0.30908,0.797771,0][0.554397,0.374095,-1.05135][-0.067962,0.00209601,0.997686][0.334622,0.72643,0][0.396689,0.442792,-1.06224][-0.067963,0.00209601,0.997686][0.269059,0.789102,0][0.315609,0.434505,-1.06774][-0.067963,0.00209601,0.997686][0.229039,0.797771,0][0.303309,0.298723,-1.0683][-0.067963,0.00209601,0.997686][0.203495,0.72643,0][0.303309,0.298723,-1.0683][-0.067963,0.00209601,0.997686][0.203495,0.72643,0][0.453845,0.253744,-1.05795][-0.067963,0.00209601,0.997686][0.269059,0.677733,0][0.396689,0.442792,-1.06224][-0.067963,0.00209601,0.997686][0.269059,0.789102,0][0.396689,0.442792,-1.06224][-0.067961,0.00209601,0.997686][0.269059,0.789102,0][0.453845,0.253744,-1.05795][-0.067961,0.00209601,0.997686][0.269059,0.677733,0][0.554397,0.374095,-1.05135][-0.067961,0.00209601,0.997686][0.334622,0.72643,0][0.554397,0.374095,-1.05135][-0.067961,0.00209601,0.997686][0.334622,0.72643,0][0.468872,0.480512,-1.0574][-0.067961,0.00209601,0.997686][0.30908,0.797771,0][0.396689,0.442792,-1.06224][-0.067961,0.00209601,0.997686][0.269059,0.789102,0][0.39483,0.442774,-1.1256][0.067963,-0.00209501,-0.997686][0.271103,0.795538,0][0.328903,0.422984,-1.13005][0.067963,-0.00209501,-0.997686][0.312749,0.795538,0][0.333141,0.60226,-1.13014][0.067963,-0.00209501,-0.997686][0.278904,0.902435,0][0.333141,0.60226,-1.13014][0.067963,-0.00209501,-0.997686][0.278904,0.902435,0][0.343578,0.612292,-1.12945][0.067963,-0.00209501,-0.997686][0.271103,0.906578,0][0.39483,0.442774,-1.1256][0.067963,-0.00209501,-0.997686][0.271103,0.795538,0][0.533138,0.374839,-1.11604][0.067961,-0.00209501,-0.997686][0.202898,0.729808,0][0.647904,0.212373,-1.10788][0.067961,-0.00209501,-0.997686][0.164879,0.611553,0][0.630956,0.206595,-1.10902][0.067961,-0.00209501,-0.997686][0.175706,0.611139,0][0.630956,0.206595,-1.10902][0.067961,-0.00209501,-0.997686][0.175706,0.611139,0][0.446462,0.271995,-1.12173][0.067961,-0.00209501,-0.997686][0.271103,0.683672,0][0.533138,0.374839,-1.11604][0.067961,-0.00209501,-0.997686][0.202898,0.729808,0][0.317197,0.310018,-1.13061][0.06796,-0.00209601,-0.997686][0.339308,0.729808,0][0.150089,0.360337,-1.1421][0.06796,-0.00209601,-0.997686][0.427277,0.790151,0][0.15776,0.37161,-1.1416][0.06796,-0.00209601,-0.997686][0.42086,0.795538,0][0.15776,0.37161,-1.1416][0.06796,-0.00209601,-0.997686][0.42086,0.795538,0][0.328903,0.422984,-1.13005][0.06796,-0.00209601,-0.997686][0.312749,0.795538,0][0.317197,0.310018,-1.13061][0.06796,-0.00209601,-0.997686][0.339308,0.729808,0][0.328925,0.115932,-1.12941][0.067961,-0.00209501,-0.997686][0.3665,0.611139,0][0.311594,0.111418,-1.13058][0.067961,-0.00209501,-0.997686][0.377327,0.611553,0][0.317197,0.310018,-1.13061][0.067961,-0.00209501,-0.997686][0.339308,0.729808,0][0.317197,0.310018,-1.13061][0.067961,-0.00209501,-0.997686][0.339308,0.729808,0][0.446462,0.271995,-1.12173][0.067961,-0.00209501,-0.997686][0.271103,0.683672,0][0.328925,0.115932,-1.12941][0.067961,-0.00209501,-0.997686][0.3665,0.611139,0][0.357839,0.609674,-1.12847][0.067962,-0.00209601,-0.997686][0.263302,0.902435,0][0.460756,0.462564,-1.12115][0.067962,-0.00209601,-0.997686][0.229457,0.795538,0][0.39483,0.442774,-1.1256][0.067962,-0.00209601,-0.997686][0.271103,0.795538,0][0.39483,0.442774,-1.1256][0.067962,-0.00209601,-0.997686][0.271103,0.795538,0][0.343578,0.612292,-1.12945][0.067962,-0.00209601,-0.997686][0.271103,0.906578,0][0.357839,0.609674,-1.12847][0.067962,-0.00209601,-0.997686][0.263302,0.902435,0][0.631899,0.513937,-1.1096][0.067962,-0.00209601,-0.997686][0.121346,0.795538,0][0.644543,0.508762,-1.10873][0.067962,-0.00209601,-0.997686][0.11493,0.790151,0][0.533138,0.374839,-1.11604][0.067962,-0.00209601,-0.997686][0.202898,0.729808,0][0.533138,0.374839,-1.11604][0.067962,-0.00209601,-0.997686][0.202898,0.729808,0][0.460756,0.462564,-1.12115][0.067962,-0.00209601,-0.997686][0.229457,0.795538,0][0.631899,0.513937,-1.1096][0.067962,-0.00209601,-0.997686][0.121346,0.795538,0][0.39483,0.442774,-1.1256][0.067962,-0.00209601,-0.997686][0.271103,0.795538,0][0.446462,0.271995,-1.12173][0.067962,-0.00209601,-0.997686][0.271103,0.683672,0][0.317197,0.310018,-1.13061][0.067962,-0.00209601,-0.997686][0.339308,0.729808,0][0.317197,0.310018,-1.13061][0.067962,-0.00209601,-0.997686][0.339308,0.729808,0][0.328903,0.422984,-1.13005][0.067962,-0.00209601,-0.997686][0.312749,0.795538,0][0.39483,0.442774,-1.1256][0.067962,-0.00209601,-0.997686][0.271103,0.795538,0][0.533138,0.374839,-1.11604][0.067964,-0.00209601,-0.997686][0.202898,0.729808,0][0.446462,0.271995,-1.12173][0.067964,-0.00209601,-0.997686][0.271103,0.683672,0][0.39483,0.442774,-1.1256][0.067964,-0.00209601,-0.997686][0.271103,0.795538,0][0.39483,0.442774,-1.1256][0.067964,-0.00209601,-0.997686][0.271103,0.795538,0][0.460756,0.462564,-1.12115][0.067964,-0.00209601,-0.997686][0.229457,0.795538,0][0.533138,0.374839,-1.11604][0.067964,-0.00209601,-0.997686][0.202898,0.729808,0][0.343578,0.612292,-1.12945][-0.668421,0.710447,-0.22018][0.271103,0.906578,0][0.333141,0.60226,-1.13014][-0.668421,0.710447,-0.22018][0.278904,0.902435,0][0.319732,0.608955,-1.06783][-0.668421,0.710447,-0.22018][0.286578,0.909196,0][0.319732,0.608955,-1.06783][-0.668421,0.710447,-0.22018][0.286578,0.909196,0][0.340435,0.628858,-1.06646][-0.668421,0.710447,-0.22018][0.271103,0.917417,0][0.343578,0.612292,-1.12945][-0.668421,0.710447,-0.22018][0.271103,0.906578,0][0.333141,0.60226,-1.13014][-0.976851,0.0229871,-0.21268][0.278904,0.902435,0][0.328903,0.422984,-1.13005][-0.976851,0.0229871,-0.21268][0.312749,0.795538,0][0.315609,0.434505,-1.06774][-0.976852,0.0229871,-0.21268][0.319512,0.805176,0][0.315609,0.434505,-1.06774][-0.976852,0.0229871,-0.21268][0.319512,0.805176,0][0.319732,0.608955,-1.06783][-0.976851,0.0229871,-0.21268][0.286578,0.909196,0][0.333141,0.60226,-1.13014][-0.976851,0.0229871,-0.21268][0.278904,0.902435,0][0.630956,0.206595,-1.10902][-0.311331,-0.922556,-0.227955][0.175706,0.611139,0][0.632717,0.190337,-1.04563][-0.311331,-0.922556,-0.227955][0.178614,0.601381,0][0.453845,0.253744,-1.05795][-0.311331,-0.922556,-0.227955][0.271103,0.671704,0][0.453845,0.253744,-1.05795][-0.311331,-0.922556,-0.227955][0.271103,0.671704,0][0.446462,0.271995,-1.12173][-0.311331,-0.922556,-0.227955][0.271103,0.683672,0][0.630956,0.206595,-1.10902][-0.311331,-0.922556,-0.227955][0.175706,0.611139,0][0.647904,0.212373,-1.10788][0.327628,-0.912957,-0.243249][0.164879,0.611553,0][0.674211,0.204482,-1.04283][0.327628,-0.912957,-0.243249][0.152106,0.602396,0][0.632717,0.190337,-1.04563][0.327628,-0.912957,-0.243249][0.178614,0.601381,0][0.632717,0.190337,-1.04563][0.327628,-0.912957,-0.243249][0.178614,0.601381,0][0.630956,0.206595,-1.10902][0.327628,-0.912957,-0.243249][0.175706,0.611139,0][0.647904,0.212373,-1.10788][0.327628,-0.912957,-0.243249][0.164879,0.611553,0][0.647904,0.212373,-1.10788][0.79572,0.549281,-0.255186][0.164879,0.611553,0][0.533138,0.374839,-1.11604][0.79572,0.549281,-0.255186][0.202898,0.729808,0][0.554397,0.374095,-1.05135][0.79572,0.549281,-0.255186][0.191797,0.725853,0][0.554397,0.374095,-1.05135][0.79572,0.549281,-0.255186][0.191797,0.725853,0][0.674211,0.204482,-1.04283][0.79572,0.549281,-0.255186][0.152106,0.602396,0][0.647904,0.212373,-1.10788][0.79572,0.549281,-0.255186][0.164879,0.611553,0][0.15776,0.37161,-1.1416][-0.265554,0.936312,-0.229785][0.42086,0.795538,0][0.149928,0.38477,-1.07892][-0.265554,0.936312,-0.229785][0.424172,0.805176,0][0.315609,0.434505,-1.06774][-0.265554,0.936312,-0.229785][0.319512,0.805176,0][0.315609,0.434505,-1.06774][-0.265554,0.936312,-0.229785][0.319512,0.805176,0][0.328903,0.422984,-1.13005][-0.265554,0.936312,-0.229785][0.312749,0.795538,0][0.15776,0.37161,-1.1416][-0.265554,0.936312,-0.229785][0.42086,0.795538,0][0.150089,0.360337,-1.1421][-0.802572,0.555701,-0.216968][0.427277,0.790151,0][0.127417,0.351688,-1.08039][-0.802571,0.555701,-0.216968][0.443001,0.789368,0][0.149928,0.38477,-1.07892][-0.802572,0.555701,-0.216968][0.424172,0.805176,0][0.149928,0.38477,-1.07892][-0.802572,0.555701,-0.216968][0.424172,0.805176,0][0.15776,0.37161,-1.1416][-0.802571,0.555701,-0.216968][0.42086,0.795538,0][0.150089,0.360337,-1.1421][-0.802572,0.555701,-0.216968][0.427277,0.790151,0][0.150089,0.360337,-1.1421][-0.266197,-0.936316,-0.229022][0.427277,0.790151,0][0.317197,0.310018,-1.13061][-0.266197,-0.936316,-0.229022][0.339308,0.729808,0][0.303309,0.298723,-1.0683][-0.266197,-0.936316,-0.229022][0.350409,0.725853,0][0.303309,0.298723,-1.0683][-0.266197,-0.936316,-0.229022][0.350409,0.725853,0][0.127417,0.351688,-1.08039][-0.266197,-0.936316,-0.229022][0.443001,0.789368,0][0.150089,0.360337,-1.1421][-0.266197,-0.936316,-0.229022][0.427277,0.790151,0][0.311594,0.111418,-1.13058][-0.976734,0.0275191,-0.212683][0.377327,0.611553,0][0.29746,0.0913879,-1.06826][-0.976734,0.0275191,-0.212683][0.3901,0.602396,0][0.303309,0.298723,-1.0683][-0.976734,0.0275191,-0.212683][0.350409,0.725853,0][0.303309,0.298723,-1.0683][-0.976734,0.0275191,-0.212683][0.350409,0.725853,0][0.317197,0.310018,-1.13061][-0.976734,0.0275191,-0.212683][0.339308,0.729808,0][0.311594,0.111418,-1.13058][-0.976734,0.0275191,-0.212683][0.377327,0.611553,0][0.311594,0.111418,-1.13058][0.259755,-0.934963,-0.241602][0.377327,0.611553,0][0.328925,0.115932,-1.12941][0.259755,-0.934963,-0.241602][0.3665,0.611139,0][0.33989,0.102436,-1.06539][0.259755,-0.934963,-0.241602][0.363592,0.601381,0][0.33989,0.102436,-1.06539][0.259755,-0.934963,-0.241602][0.363592,0.601381,0][0.29746,0.0913879,-1.06826][0.259755,-0.934963,-0.241602][0.3901,0.602396,0][0.311594,0.111418,-1.13058][0.259755,-0.934963,-0.241602][0.377327,0.611553,0][0.328925,0.115932,-1.12941][0.778505,-0.573805,-0.25432][0.3665,0.611139,0][0.446462,0.271995,-1.12173][0.778505,-0.573805,-0.25432][0.271103,0.683672,0][0.453845,0.253744,-1.05795][0.778505,-0.573805,-0.25432][0.271103,0.671704,0][0.453845,0.253744,-1.05795][0.778505,-0.573805,-0.25432][0.271103,0.671704,0][0.33989,0.102436,-1.06539][0.778505,-0.573805,-0.25432][0.363592,0.601381,0][0.328925,0.115932,-1.12941][0.778505,-0.573805,-0.25432][0.3665,0.611139,0][0.357839,0.609674,-1.12847][0.79817,0.54569,-0.255238][0.263302,0.902435,0][0.368726,0.623662,-1.06452][0.79817,0.54569,-0.255238][0.255628,0.909196,0][0.468872,0.480512,-1.0574][0.79817,0.54569,-0.255238][0.222695,0.805176,0][0.468872,0.480512,-1.0574][0.79817,0.54569,-0.255238][0.222695,0.805176,0][0.460756,0.462564,-1.12115][0.79817,0.54569,-0.255238][0.229457,0.795538,0][0.357839,0.609674,-1.12847][0.79817,0.54569,-0.255238][0.263302,0.902435,0][0.357839,0.609674,-1.12847][0.191236,0.951573,-0.240704][0.263302,0.902435,0][0.343578,0.612292,-1.12945][0.191236,0.951573,-0.240704][0.271103,0.906578,0][0.340435,0.628858,-1.06646][0.191236,0.951573,-0.240704][0.271103,0.917417,0][0.340435,0.628858,-1.06646][0.191236,0.951573,-0.240704][0.271103,0.917417,0][0.368726,0.623662,-1.06452][0.191236,0.951573,-0.240704][0.255628,0.909196,0][0.357839,0.609674,-1.12847][0.191236,0.951573,-0.240704][0.263302,0.902435,0][0.644543,0.508762,-1.10873][0.750403,-0.610387,-0.25362][0.11493,0.790151,0][0.671657,0.515059,-1.04366][0.750403,-0.610386,-0.25362][0.099205,0.789368,0][0.554397,0.374095,-1.05135][0.750403,-0.610387,-0.25362][0.191797,0.725853,0][0.554397,0.374095,-1.05135][0.750403,-0.610387,-0.25362][0.191797,0.725853,0][0.533138,0.374839,-1.11604][0.750403,-0.610386,-0.25362][0.202898,0.729808,0][0.644543,0.508762,-1.10873][0.750403,-0.610387,-0.25362][0.11493,0.790151,0][0.644543,0.508762,-1.10873][0.381674,0.891162,-0.245267][0.11493,0.790151,0][0.631899,0.513937,-1.1096][0.381674,0.891162,-0.245267][0.121346,0.795538,0][0.634553,0.530246,-1.04622][0.381674,0.891162,-0.245267][0.118034,0.805176,0][0.634553,0.530246,-1.04622][0.381674,0.891162,-0.245267][0.118034,0.805176,0][0.671657,0.515059,-1.04366][0.381674,0.891162,-0.245267][0.099205,0.789368,0][0.644543,0.508762,-1.10873][0.381674,0.891162,-0.245267][0.11493,0.790151,0][0.631899,0.513937,-1.1096][-0.265554,0.936311,-0.229787][0.121346,0.795538,0][0.460756,0.462564,-1.12115][-0.265554,0.936311,-0.229787][0.229457,0.795538,0][0.468872,0.480512,-1.0574][-0.265554,0.936311,-0.229787][0.222695,0.805176,0][0.468872,0.480512,-1.0574][-0.265554,0.936311,-0.229787][0.222695,0.805176,0][0.634553,0.530246,-1.04622][-0.265554,0.936311,-0.229787][0.118034,0.805176,0][0.631899,0.513937,-1.1096][-0.265554,0.936311,-0.229787][0.121346,0.795538,0][0.914841,0.301595,-0.943607][-0.317589,0.122347,0.940302][0.256266,0.891318,0][0.715359,0.0497109,-0.978208][-0.317589,0.122347,0.940302][0.229039,0.797771,0][0.836264,-0.0273282,-0.927349][-0.317589,0.122347,0.940302][0.269059,0.789102,0][0.836264,-0.0273282,-0.927349][-0.317589,0.122347,0.940302][0.269059,0.789102,0][0.96547,0.308068,-0.927349][-0.317589,0.122347,0.940302][0.269059,0.898711,0][0.914841,0.301595,-0.943607][-0.317589,0.122347,0.940302][0.256266,0.891318,0][0.977206,-0.301846,-0.844027][-0.317587,0.122347,0.940303][0.334622,0.72643,0][0.704986,-0.368102,-0.927349][-0.317587,0.122347,0.940303][0.269059,0.677733,0][0.880961,-0.658134,-0.830176][-0.317587,0.122347,0.940303][0.345523,0.614489,0][0.880961,-0.658134,-0.830176][-0.317587,0.122347,0.940303][0.345523,0.614489,0][0.953838,-0.683003,-0.802326][-0.317587,0.122347,0.940303][0.367436,0.615401,0][0.977206,-0.301846,-0.844027][-0.317587,0.122347,0.940303][0.334622,0.72643,0][0.547574,-0.136337,-1.01067][-0.317587,0.122346,0.940303][0.203495,0.72643,0][0.715359,0.0497109,-0.978208][-0.317587,0.122346,0.940303][0.229039,0.797771,0][0.431865,0.158924,-1.08817][-0.317587,0.122346,0.940303][0.142515,0.797771,0][0.431865,0.158924,-1.08817][-0.317587,0.122346,0.940303][0.142515,0.797771,0][0.364102,0.135067,-1.10795][-0.317587,0.122346,0.940303][0.126948,0.783552,0][0.547574,-0.136337,-1.01067][-0.317587,0.122346,0.940303][0.203495,0.72643,0][0.547574,-0.136337,-1.01067][-0.317587,0.122346,0.940303][0.203495,0.72643,0][0.309182,-0.434658,-1.05237][-0.317587,0.122346,0.940303][0.170682,0.615401,0][0.379908,-0.46511,-1.02452][-0.317587,0.122346,0.940303][0.192597,0.614489,0][0.379908,-0.46511,-1.02452][-0.317587,0.122346,0.940303][0.192597,0.614489,0][0.704986,-0.368102,-0.927349][-0.317587,0.122346,0.940303][0.269059,0.677733,0][0.547574,-0.136337,-1.01067][-0.317587,0.122346,0.940303][0.203495,0.72643,0][0.836264,-0.0273282,-0.927349][-0.317586,0.122346,0.940303][0.269059,0.789102,0][0.977607,-0.0513152,-0.876489][-0.317586,0.122346,0.940303][0.30908,0.797771,0][0.998672,0.2693,-0.911091][-0.317586,0.122346,0.940304][0.281853,0.891318,0][0.998672,0.2693,-0.911091][-0.317586,0.122346,0.940304][0.281853,0.891318,0][0.96547,0.308068,-0.927349][-0.317586,0.122346,0.940304][0.269059,0.898711,0][0.836264,-0.0273282,-0.927349][-0.317586,0.122346,0.940303][0.269059,0.789102,0][0.977206,-0.301846,-0.844027][-0.317588,0.122346,0.940303][0.334622,0.72643,0][1.29534,-0.22368,-0.746746][-0.317588,0.122346,0.940303][0.41117,0.783552,0][1.2611,-0.160528,-0.766529][-0.317588,0.122346,0.940303][0.395605,0.797771,0][1.2611,-0.160528,-0.766529][-0.317588,0.122346,0.940303][0.395605,0.797771,0][0.977607,-0.0513152,-0.876489][-0.317588,0.122346,0.940303][0.30908,0.797771,0][0.977206,-0.301846,-0.844027][-0.317588,0.122346,0.940303][0.334622,0.72643,0][0.836264,-0.0273282,-0.927349][-0.317588,0.122346,0.940303][0.269059,0.789102,0][0.715359,0.0497109,-0.978208][-0.317588,0.122346,0.940303][0.229039,0.797771,0][0.547574,-0.136337,-1.01067][-0.317588,0.122346,0.940303][0.203495,0.72643,0][0.547574,-0.136337,-1.01067][-0.317588,0.122346,0.940303][0.203495,0.72643,0][0.704986,-0.368102,-0.927349][-0.317588,0.122346,0.940303][0.269059,0.677733,0][0.836264,-0.0273282,-0.927349][-0.317588,0.122346,0.940303][0.269059,0.789102,0][0.836264,-0.0273282,-0.927349][-0.317587,0.122346,0.940303][0.269059,0.789102,0][0.704986,-0.368102,-0.927349][-0.317587,0.122346,0.940303][0.269059,0.677733,0][0.977206,-0.301846,-0.844027][-0.317587,0.122346,0.940303][0.334622,0.72643,0][0.977206,-0.301846,-0.844027][-0.317587,0.122346,0.940303][0.334622,0.72643,0][0.977607,-0.0513152,-0.876489][-0.317587,0.122346,0.940303][0.30908,0.797771,0][0.836264,-0.0273282,-0.927349][-0.317587,0.122346,0.940303][0.269059,0.789102,0][0.848567,-0.0320682,-0.974076][0.317586,-0.122346,-0.940303][0.271103,0.795538,0][0.735762,0.0113888,-1.01783][0.317586,-0.122346,-0.940303][0.312749,0.795538,0][0.940761,0.270239,-0.982272][0.317586,-0.122346,-0.940303][0.278904,0.902435,0][0.940761,0.270239,-0.982272][0.317586,-0.122346,-0.940303][0.278904,0.902435,0][0.966284,0.273502,-0.974076][0.317586,-0.122346,-0.940303][0.271103,0.906578,0][0.848567,-0.0320682,-0.974076][0.317586,-0.122346,-0.940303][0.271103,0.795538,0][0.963632,-0.284119,-0.902417][0.317589,-0.122346,-0.940302][0.202898,0.729808,0][0.941248,-0.649215,-0.862473][0.317589,-0.122346,-0.940303][0.164879,0.611553,0][0.911482,-0.639056,-0.873849][0.317589,-0.122346,-0.940302][0.175706,0.611139,0][0.911482,-0.639056,-0.873849][0.317589,-0.122346,-0.940302][0.175706,0.611139,0][0.729975,-0.339909,-0.974076][0.317589,-0.122346,-0.940303][0.271103,0.683672,0][0.963632,-0.284119,-0.902417][0.317589,-0.122346,-0.940302][0.202898,0.729808,0][0.594138,-0.141776,-1.04574][0.317588,-0.122346,-0.940303][0.339308,0.729808,0][0.41983,0.116073,-1.13816][0.317588,-0.122346,-0.940303][0.427277,0.790151,0][0.44292,0.124202,-1.13142][0.317588,-0.122346,-0.940303][0.42086,0.795538,0][0.44292,0.124202,-1.13142][0.317588,-0.122346,-0.940303][0.42086,0.795538,0][0.735762,0.0113888,-1.01783][0.317588,-0.122346,-0.940303][0.312749,0.795538,0][0.594138,-0.141776,-1.04574][0.317588,-0.122346,-0.940303][0.339308,0.729808,0][0.394681,-0.439966,-1.0743][0.317587,-0.122346,-0.940303][0.3665,0.611139,0][0.365792,-0.427528,-1.08568][0.317587,-0.122346,-0.940303][0.377327,0.611553,0][0.594138,-0.141776,-1.04574][0.317587,-0.122346,-0.940303][0.339308,0.729808,0][0.594138,-0.141776,-1.04574][0.317587,-0.122346,-0.940303][0.339308,0.729808,0][0.729975,-0.339909,-0.974076][0.317587,-0.122346,-0.940303][0.271103,0.683672,0][0.394681,-0.439966,-1.0743][0.317587,-0.122346,-0.940303][0.3665,0.611139,0][0.983021,0.253959,-0.96588][0.317587,-0.122346,-0.940303][0.263302,0.902435,0][0.961372,-0.0755252,-0.930322][0.317587,-0.122346,-0.940303][0.229457,0.795538,0][0.848567,-0.0320682,-0.974076][0.317587,-0.122346,-0.940303][0.271103,0.795538,0][0.848567,-0.0320682,-0.974076][0.317587,-0.122346,-0.940303][0.271103,0.795538,0][0.966284,0.273502,-0.974076][0.317587,-0.122346,-0.940303][0.271103,0.906578,0][0.983021,0.253959,-0.96588][0.317587,-0.122346,-0.940303][0.263302,0.902435,0][1.25421,-0.188338,-0.816736][0.317588,-0.122348,-0.940303][0.121346,0.795538,0][1.26588,-0.209858,-0.809995][0.317588,-0.122348,-0.940303][0.11493,0.790151,0][0.963632,-0.284119,-0.902417][0.317588,-0.122348,-0.940303][0.202898,0.729808,0][0.963632,-0.284119,-0.902417][0.317588,-0.122348,-0.940303][0.202898,0.729808,0][0.961372,-0.0755252,-0.930322][0.317588,-0.122348,-0.940303][0.229457,0.795538,0][1.25421,-0.188338,-0.816736][0.317588,-0.122348,-0.940303][0.121346,0.795538,0][0.848567,-0.0320682,-0.974076][0.317587,-0.122346,-0.940303][0.271103,0.795538,0][0.729975,-0.339909,-0.974076][0.317587,-0.122346,-0.940303][0.271103,0.683672,0][0.594138,-0.141776,-1.04574][0.317587,-0.122346,-0.940303][0.339308,0.729808,0][0.594138,-0.141776,-1.04574][0.317587,-0.122346,-0.940303][0.339308,0.729808,0][0.735762,0.0113888,-1.01783][0.317587,-0.122346,-0.940303][0.312749,0.795538,0][0.848567,-0.0320682,-0.974076][0.317587,-0.122346,-0.940303][0.271103,0.795538,0][0.963632,-0.284119,-0.902417][0.317587,-0.122347,-0.940303][0.202898,0.729808,0][0.729975,-0.339909,-0.974076][0.317587,-0.122347,-0.940303][0.271103,0.683672,0][0.848567,-0.0320682,-0.974076][0.317587,-0.122347,-0.940303][0.271103,0.795538,0][0.848567,-0.0320682,-0.974076][0.317587,-0.122347,-0.940303][0.271103,0.795538,0][0.961372,-0.0755252,-0.930322][0.317587,-0.122347,-0.940303][0.229457,0.795538,0][0.963632,-0.284119,-0.902417][0.317587,-0.122347,-0.940303][0.202898,0.729808,0][0.966284,0.273502,-0.974076][0.0874401,0.801594,-0.59144][0.271103,0.906578,0][0.940761,0.270239,-0.982272][0.0874401,0.801594,-0.59144][0.278904,0.902435,0][0.914841,0.301595,-0.943607][0.0874401,0.801594,-0.59144][0.286578,0.909196,0][0.914841,0.301595,-0.943607][0.0874401,0.801594,-0.59144][0.286578,0.909196,0][0.96547,0.308068,-0.927349][0.0874401,0.801594,-0.59144][0.271103,0.917417,0][0.966284,0.273502,-0.974076][0.0874401,0.801594,-0.59144][0.271103,0.906578,0][0.940761,0.270239,-0.982272][-0.489594,0.487087,-0.723218][0.278904,0.902435,0][0.735762,0.0113888,-1.01783][-0.489594,0.487087,-0.723218][0.312749,0.795538,0][0.715359,0.0497109,-0.978208][-0.489594,0.487087,-0.723218][0.319512,0.805176,0][0.715359,0.0497109,-0.978208][-0.489594,0.487087,-0.723218][0.319512,0.805176,0][0.914841,0.301595,-0.943607][-0.489594,0.487087,-0.723218][0.286578,0.909196,0][0.940761,0.270239,-0.982272][-0.489594,0.487087,-0.723218][0.278904,0.902435,0][0.911482,-0.639056,-0.873849][-0.555098,-0.546807,-0.626792][0.175706,0.611139,0][0.880961,-0.658134,-0.830176][-0.555098,-0.546807,-0.626792][0.178614,0.601381,0][0.704986,-0.368102,-0.927349][-0.555098,-0.546807,-0.626792][0.271103,0.671704,0][0.704986,-0.368102,-0.927349][-0.555098,-0.546807,-0.626792][0.271103,0.671704,0][0.729975,-0.339909,-0.974076][-0.555098,-0.546807,-0.626792][0.271103,0.683672,0][0.911482,-0.639056,-0.873849][-0.555098,-0.546807,-0.626792][0.175706,0.611139,0][0.941248,-0.649215,-0.862473][-0.120525,-0.876055,-0.466907][0.164879,0.611553,0][0.953838,-0.683003,-0.802326][-0.120525,-0.876055,-0.466907][0.152106,0.602396,0][0.880961,-0.658134,-0.830176][-0.120525,-0.876055,-0.466907][0.178614,0.601381,0][0.880961,-0.658134,-0.830176][-0.120525,-0.876055,-0.466907][0.178614,0.601381,0][0.911482,-0.639056,-0.873849][-0.120525,-0.876055,-0.466907][0.175706,0.611139,0][0.941248,-0.649215,-0.862473][-0.120525,-0.876055,-0.466907][0.164879,0.611553,0][0.941248,-0.649215,-0.862473][0.964261,-0.0865171,-0.250432][0.164879,0.611553,0][0.963632,-0.284119,-0.902417][0.964261,-0.0865171,-0.250432][0.202898,0.729808,0][0.977206,-0.301846,-0.844027][0.964261,-0.0865171,-0.250432][0.191797,0.725853,0][0.977206,-0.301846,-0.844027][0.964261,-0.0865171,-0.250432][0.191797,0.725853,0][0.953838,-0.683003,-0.802326][0.964261,-0.0865171,-0.250432][0.152106,0.602396,0][0.941248,-0.649215,-0.862473][0.964261,-0.0865171,-0.250432][0.164879,0.611553,0][0.44292,0.124202,-1.13142][0.470792,0.742807,-0.476018][0.42086,0.795538,0][0.431865,0.158924,-1.08817][0.470792,0.742807,-0.476018][0.424172,0.805176,0][0.715359,0.0497109,-0.978208][0.470792,0.742807,-0.476018][0.319512,0.805176,0][0.715359,0.0497109,-0.978208][0.470792,0.742807,-0.476018][0.319512,0.805176,0][0.735762,0.0113888,-1.01783][0.470792,0.742807,-0.476018][0.312749,0.795538,0][0.44292,0.124202,-1.13142][0.470792,0.742807,-0.476018][0.42086,0.795538,0][0.41983,0.116073,-1.13816][-0.0839269,0.766449,-0.636799][0.427277,0.790151,0][0.364102,0.135067,-1.10795][-0.0839269,0.766449,-0.636799][0.443001,0.789368,0][0.431865,0.158924,-1.08817][-0.0839269,0.766449,-0.636799][0.424172,0.805176,0][0.431865,0.158924,-1.08817][-0.0839269,0.766449,-0.636799][0.424172,0.805176,0][0.44292,0.124202,-1.13142][-0.0839269,0.766449,-0.636799][0.42086,0.795538,0][0.41983,0.116073,-1.13816][-0.0839269,0.766449,-0.636799][0.427277,0.790151,0][0.41983,0.116073,-1.13816][-0.53198,-0.580561,-0.616398][0.427277,0.790151,0][0.594138,-0.141776,-1.04574][-0.53198,-0.580561,-0.616398][0.339308,0.729808,0][0.547574,-0.136337,-1.01067][-0.53198,-0.580561,-0.616398][0.350409,0.725853,0][0.547574,-0.136337,-1.01067][-0.53198,-0.580561,-0.616398][0.350409,0.725853,0][0.364102,0.135067,-1.10795][-0.53198,-0.580561,-0.616398][0.443001,0.789368,0][0.41983,0.116073,-1.13816][-0.53198,-0.580561,-0.616398][0.427277,0.790151,0][0.365792,-0.427528,-1.08568][-0.487029,0.49023,-0.722826][0.377327,0.611553,0][0.309182,-0.434658,-1.05237][-0.487029,0.49023,-0.722826][0.3901,0.602396,0][0.547574,-0.136337,-1.01067][-0.487029,0.49023,-0.722826][0.350409,0.725853,0][0.547574,-0.136337,-1.01067][-0.487029,0.49023,-0.722826][0.350409,0.725853,0][0.594138,-0.141776,-1.04574][-0.487029,0.49023,-0.722826][0.339308,0.729808,0][0.365792,-0.427528,-1.08568][-0.487029,0.49023,-0.722826][0.377327,0.611553,0][0.365792,-0.427528,-1.08568][-0.177607,-0.8562,-0.485156][0.377327,0.611553,0][0.394681,-0.439966,-1.0743][-0.177607,-0.8562,-0.485156][0.3665,0.611139,0][0.379908,-0.46511,-1.02452][-0.177607,-0.8562,-0.485156][0.363592,0.601381,0][0.379908,-0.46511,-1.02452][-0.177607,-0.8562,-0.485156][0.363592,0.601381,0][0.309182,-0.434658,-1.05237][-0.177607,-0.8562,-0.485156][0.3901,0.602396,0][0.365792,-0.427528,-1.08568][-0.177607,-0.8562,-0.485156][0.377327,0.611553,0][0.394681,-0.439966,-1.0743][0.359721,-0.871455,-0.333418][0.3665,0.611139,0][0.729975,-0.339909,-0.974076][0.359721,-0.871455,-0.333418][0.271103,0.683672,0][0.704986,-0.368102,-0.927349][0.359721,-0.871455,-0.333418][0.271103,0.671704,0][0.704986,-0.368102,-0.927349][0.359721,-0.871455,-0.333418][0.271103,0.671704,0][0.379908,-0.46511,-1.02452][0.359721,-0.871455,-0.333418][0.363592,0.601381,0][0.394681,-0.439966,-1.0743][0.359721,-0.871455,-0.333418][0.3665,0.611139,0][0.983021,0.253959,-0.96588][0.963999,-0.0903291,-0.250094][0.263302,0.902435,0][0.998672,0.2693,-0.911091][0.963999,-0.0903291,-0.250094][0.255628,0.909196,0][0.977607,-0.0513152,-0.876489][0.963999,-0.0903291,-0.250094][0.222695,0.805176,0][0.977607,-0.0513152,-0.876489][0.963999,-0.0903291,-0.250094][0.222695,0.805176,0][0.961372,-0.0755252,-0.930322][0.963999,-0.0903291,-0.250094][0.229457,0.795538,0][0.983021,0.253959,-0.96588][0.963999,-0.0903291,-0.250094][0.263302,0.902435,0][0.983021,0.253959,-0.96588][0.777159,0.512318,-0.365451][0.263302,0.902435,0][0.966284,0.273502,-0.974076][0.777159,0.512318,-0.365451][0.271103,0.906578,0][0.96547,0.308068,-0.927349][0.777159,0.512318,-0.365451][0.271103,0.917417,0][0.96547,0.308068,-0.927349][0.777159,0.512318,-0.365451][0.271103,0.917417,0][0.998672,0.2693,-0.911091][0.777159,0.512318,-0.365451][0.255628,0.909196,0][0.983021,0.253959,-0.96588][0.777159,0.512318,-0.365451][0.263302,0.902435,0][1.26588,-0.209858,-0.809995][0.321667,-0.882641,-0.342747][0.11493,0.790151,0][1.29534,-0.22368,-0.746746][0.321667,-0.882641,-0.342747][0.099205,0.789368,0][0.977206,-0.301846,-0.844027][0.321667,-0.882641,-0.342747][0.191797,0.725853,0][0.977206,-0.301846,-0.844027][0.321667,-0.882641,-0.342747][0.191797,0.725853,0][0.963632,-0.284119,-0.902417][0.321667,-0.882641,-0.342747][0.202898,0.729808,0][1.26588,-0.209858,-0.809995][0.321667,-0.882641,-0.342747][0.11493,0.790151,0][1.26588,-0.209858,-0.809995][0.870389,0.370301,-0.3245][0.11493,0.790151,0][1.25421,-0.188338,-0.816736][0.870389,0.370301,-0.3245][0.121346,0.795538,0][1.2611,-0.160528,-0.766529][0.870389,0.370301,-0.3245][0.118034,0.805176,0][1.2611,-0.160528,-0.766529][0.870389,0.370301,-0.3245][0.118034,0.805176,0][1.29534,-0.22368,-0.746746][0.870389,0.370301,-0.3245][0.099205,0.789368,0][1.26588,-0.209858,-0.809995][0.870389,0.370301,-0.3245][0.11493,0.790151,0][1.25421,-0.188338,-0.816736][0.470793,0.742805,-0.476019][0.121346,0.795538,0][0.961372,-0.0755252,-0.930322][0.470793,0.742805,-0.476019][0.229457,0.795538,0][0.977607,-0.0513152,-0.876489][0.470793,0.742805,-0.476019][0.222695,0.805176,0][0.977607,-0.0513152,-0.876489][0.470793,0.742805,-0.476019][0.222695,0.805176,0][1.2611,-0.160528,-0.766529][0.470793,0.742805,-0.476019][0.118034,0.805176,0][1.25421,-0.188338,-0.816736][0.470793,0.742805,-0.476019][0.121346,0.795538,0][1.44746,0.294075,-0.248831][-0.905081,0.34867,0.243428][0.256266,0.891318,0][1.31158,0.0176908,-0.358168][-0.905081,0.34867,0.243428][0.229039,0.797771,0][1.339,-0.0233352,-0.197456][-0.905081,0.34867,0.243428][0.269059,0.789102,0][1.339,-0.0233352,-0.197456][-0.905081,0.34867,0.243428][0.269059,0.789102,0][1.46821,0.312061,-0.197456][-0.905081,0.34867,0.243428][0.269059,0.898711,0][1.44746,0.294075,-0.248831][-0.905081,0.34867,0.243428][0.256266,0.891318,0][1.32679,-0.238853,0.065833][-0.905082,0.348669,0.243427][0.334622,0.72643,0][1.20772,-0.364109,-0.197456][-0.905082,0.348669,0.243427][0.269059,0.677733,0][1.20509,-0.585333,0.109602][-0.905082,0.348669,0.243427][0.345523,0.614489,0][1.20509,-0.585333,0.109602][-0.905082,0.348669,0.243427][0.345523,0.614489,0][1.22677,-0.590481,0.197605][-0.905082,0.348669,0.243427][0.367436,0.615401,0][1.32679,-0.238853,0.065833][-0.905082,0.348669,0.243427][0.334622,0.72643,0][1.20346,-0.191343,-0.460746][-0.905081,0.34867,0.243429][0.203495,0.72643,0][1.31158,0.0176908,-0.358168][-0.905081,0.34867,0.243429][0.229039,0.797771,0][1.23021,0.0490398,-0.705634][-0.905081,0.34867,0.243429][0.142515,0.797771,0][1.23021,0.0490398,-0.705634][-0.905081,0.34867,0.243429][0.142515,0.797771,0][1.1988,0.0111758,-0.768146][-0.905081,0.34867,0.243429][0.126948,0.783552,0][1.20346,-0.191343,-0.460746][-0.905081,0.34867,0.243429][0.203495,0.72643,0][1.20346,-0.191343,-0.460746][-0.90508,0.348671,0.243431][0.203495,0.72643,0][1.04172,-0.519194,-0.592518][-0.90508,0.348671,0.243431][0.170682,0.615401,0][1.06126,-0.529925,-0.504515][-0.90508,0.348671,0.243431][0.192597,0.614489,0][1.06126,-0.529925,-0.504515][-0.90508,0.348671,0.243431][0.192597,0.614489,0][1.20772,-0.364109,-0.197456][-0.90508,0.348671,0.243431][0.269059,0.677733,0][1.20346,-0.191343,-0.460746][-0.90508,0.348671,0.243431][0.203495,0.72643,0][1.339,-0.0233352,-0.197456][-0.905081,0.348671,0.243429][0.269059,0.789102,0][1.38686,-0.0113092,-0.036745][-0.905081,0.348671,0.243429][0.30908,0.797771,0][1.47153,0.284805,-0.146082][-0.905081,0.348671,0.243429][0.281853,0.891318,0][1.47153,0.284805,-0.146082][-0.905081,0.348671,0.243429][0.281853,0.891318,0][1.46821,0.312061,-0.197456][-0.905081,0.348671,0.243429][0.269059,0.898711,0][1.339,-0.0233352,-0.197456][-0.905081,0.348671,0.243429][0.269059,0.789102,0][1.32679,-0.238853,0.065833][-0.905081,0.34867,0.243429][0.334622,0.72643,0][1.46612,-0.0918032,0.373233][-0.905081,0.348669,0.243429][0.41117,0.783552,0][1.46824,-0.0426582,0.310721][-0.905081,0.348669,0.243429][0.395605,0.797771,0][1.46824,-0.0426582,0.310721][-0.905081,0.348669,0.243429][0.395605,0.797771,0][1.38686,-0.0113092,-0.036745][-0.905081,0.348669,0.243429][0.30908,0.797771,0][1.32679,-0.238853,0.065833][-0.905081,0.34867,0.243429][0.334622,0.72643,0][1.339,-0.0233352,-0.197456][-0.905081,0.348669,0.24343][0.269059,0.789102,0][1.31158,0.0176908,-0.358168][-0.905081,0.348669,0.24343][0.229039,0.797771,0][1.20346,-0.191343,-0.460746][-0.905081,0.348669,0.24343][0.203495,0.72643,0][1.20346,-0.191343,-0.460746][-0.905081,0.348669,0.24343][0.203495,0.72643,0][1.20772,-0.364109,-0.197456][-0.905081,0.348669,0.24343][0.269059,0.677733,0][1.339,-0.0233352,-0.197456][-0.905081,0.348669,0.24343][0.269059,0.789102,0][1.339,-0.0233352,-0.197456][-0.905082,0.348669,0.243428][0.269059,0.789102,0][1.20772,-0.364109,-0.197456][-0.905082,0.348669,0.243428][0.269059,0.677733,0][1.32679,-0.238853,0.065833][-0.905082,0.348669,0.243428][0.334622,0.72643,0][1.32679,-0.238853,0.065833][-0.905082,0.348669,0.243428][0.334622,0.72643,0][1.38686,-0.0113092,-0.036745][-0.905082,0.348669,0.243428][0.30908,0.797771,0][1.339,-0.0233352,-0.197456][-0.905082,0.348669,0.243428][0.269059,0.789102,0][1.37788,-0.0383122,-0.210869][0.90508,-0.348671,-0.24343][0.271103,0.795538,0][1.3455,-0.0258372,-0.349129][0.90508,-0.348671,-0.24343][0.312749,0.795538,0][1.48514,0.258192,-0.236768][0.90508,-0.348671,-0.24343][0.278904,0.902435,0][1.48514,0.258192,-0.236768][0.90508,-0.348671,-0.24343][0.278904,0.902435,0][1.49559,0.267259,-0.210869][0.90508,-0.348671,-0.24343][0.271103,0.906578,0][1.37788,-0.0383122,-0.210869][0.90508,-0.348671,-0.24343][0.271103,0.795538,0][1.36123,-0.239622,0.015566][0.90508,-0.348671,-0.24343][0.202898,0.729808,0][1.26542,-0.576432,0.141786][0.90508,-0.348671,-0.24343][0.164879,0.611553,0][1.25657,-0.57433,0.10584][0.90508,-0.348671,-0.24343][0.175706,0.611139,0][1.25657,-0.57433,0.10584][0.90508,-0.348671,-0.24343][0.175706,0.611139,0][1.25929,-0.346153,-0.210869][0.90508,-0.348671,-0.24343][0.271103,0.683672,0][1.36123,-0.239622,0.015566][0.90508,-0.348671,-0.24343][0.202898,0.729808,0][1.25516,-0.198762,-0.437305][0.90508,-0.348671,-0.24343][0.339308,0.729808,0][1.25074,-0.00635722,-0.729353][0.90508,-0.348671,-0.24343][0.427277,0.790151,0][1.26144,0.00654478,-0.708052][0.90508,-0.348671,-0.24343][0.42086,0.795538,0][1.26144,0.00654478,-0.708052][0.90508,-0.348671,-0.24343][0.42086,0.795538,0][1.3455,-0.0258372,-0.349129][0.90508,-0.348671,-0.24343][0.312749,0.795538,0][1.25516,-0.198762,-0.437305][0.90508,-0.348671,-0.24343][0.339308,0.729808,0][1.10822,-0.517181,-0.527579][0.905081,-0.348671,-0.243429][0.3665,0.611139,0][1.10024,-0.512797,-0.563524][0.905081,-0.348671,-0.243429][0.377327,0.611553,0][1.25516,-0.198762,-0.437305][0.905081,-0.348671,-0.243429][0.339308,0.729808,0][1.25516,-0.198762,-0.437305][0.905081,-0.348671,-0.243429][0.339308,0.729808,0][1.25929,-0.346153,-0.210869][0.905081,-0.348671,-0.243429][0.271103,0.683672,0][1.10822,-0.517181,-0.527579][0.905081,-0.348671,-0.243429][0.3665,0.611139,0][1.49727,0.253519,-0.184971][0.905081,-0.348671,-0.243428][0.263302,0.902435,0][1.41026,-0.0507862,-0.07261][0.905081,-0.348671,-0.243428][0.229457,0.795538,0][1.37788,-0.0383122,-0.210869][0.905081,-0.348671,-0.243428][0.271103,0.795538,0][1.37788,-0.0383122,-0.210869][0.905081,-0.348671,-0.243428][0.271103,0.795538,0][1.49559,0.267259,-0.210869][0.905081,-0.348671,-0.243428][0.271103,0.906578,0][1.49727,0.253519,-0.184971][0.905081,-0.348671,-0.243428][0.263302,0.902435,0][1.49432,-0.0831692,0.286313][0.905081,-0.348669,-0.24343][0.121346,0.795538,0][1.4936,-0.0999152,0.307614][0.905081,-0.348668,-0.24343][0.11493,0.790151,0][1.36123,-0.239622,0.015566][0.905081,-0.348669,-0.24343][0.202898,0.729808,0][1.36123,-0.239622,0.015566][0.905081,-0.348669,-0.24343][0.202898,0.729808,0][1.41026,-0.0507862,-0.07261][0.905081,-0.348668,-0.24343][0.229457,0.795538,0][1.49432,-0.0831692,0.286313][0.905081,-0.348669,-0.24343][0.121346,0.795538,0][1.37788,-0.0383122,-0.210869][0.905081,-0.34867,-0.24343][0.271103,0.795538,0][1.25929,-0.346153,-0.210869][0.905081,-0.34867,-0.24343][0.271103,0.683672,0][1.25516,-0.198762,-0.437305][0.905081,-0.34867,-0.24343][0.339308,0.729808,0][1.25516,-0.198762,-0.437305][0.905081,-0.34867,-0.24343][0.339308,0.729808,0][1.3455,-0.0258372,-0.349129][0.905081,-0.34867,-0.24343][0.312749,0.795538,0][1.37788,-0.0383122,-0.210869][0.905081,-0.34867,-0.24343][0.271103,0.795538,0][1.36123,-0.239622,0.015566][0.905081,-0.34867,-0.243429][0.202898,0.729808,0][1.25929,-0.346153,-0.210869][0.905081,-0.34867,-0.243429][0.271103,0.683672,0][1.37788,-0.0383122,-0.210869][0.905081,-0.34867,-0.243429][0.271103,0.795538,0][1.37788,-0.0383122,-0.210869][0.905081,-0.34867,-0.243429][0.271103,0.795538,0][1.41026,-0.0507862,-0.07261][0.905081,-0.34867,-0.243429][0.229457,0.795538,0][1.36123,-0.239622,0.015566][0.905081,-0.34867,-0.243429][0.202898,0.729808,0][1.49559,0.267259,-0.210869][0.682747,0.558418,-0.471196][0.271103,0.906578,0][1.48514,0.258192,-0.236768][0.682747,0.558418,-0.471196][0.278904,0.902435,0][1.44746,0.294075,-0.248831][0.682747,0.558418,-0.471196][0.286578,0.909196,0][1.44746,0.294075,-0.248831][0.682747,0.558418,-0.471196][0.286578,0.909196,0][1.46821,0.312061,-0.197456][0.682747,0.558418,-0.471196][0.271103,0.917417,0][1.49559,0.267259,-0.210869][0.682747,0.558418,-0.471196][0.271103,0.906578,0][1.48514,0.258192,-0.236768][0.424306,0.144994,-0.893835][0.278904,0.902435,0][1.3455,-0.0258372,-0.349129][0.424306,0.144994,-0.893835][0.312749,0.795538,0][1.31158,0.0176908,-0.358168][0.424306,0.144994,-0.893835][0.319512,0.805176,0][1.31158,0.0176908,-0.358168][0.424306,0.144994,-0.893835][0.319512,0.805176,0][1.44746,0.294075,-0.248831][0.424306,0.144994,-0.893835][0.286578,0.909196,0][1.48514,0.258192,-0.236768][0.424306,0.144994,-0.893835][0.278904,0.902435,0][1.25657,-0.57433,0.10584][0.129754,-0.805026,-0.578876][0.175706,0.611139,0][1.20509,-0.585333,0.109602][0.129754,-0.805026,-0.578876][0.178614,0.601381,0][1.20772,-0.364109,-0.197456][0.129754,-0.805026,-0.578876][0.271103,0.671704,0][1.20772,-0.364109,-0.197456][0.129754,-0.805026,-0.578876][0.271103,0.671704,0][1.25929,-0.346153,-0.210869][0.129754,-0.805026,-0.578876][0.271103,0.683672,0][1.25657,-0.57433,0.10584][0.129754,-0.805026,-0.578876][0.175706,0.611139,0][1.26542,-0.576432,0.141786][0.200388,-0.973927,-0.106348][0.164879,0.611553,0][1.22677,-0.590481,0.197605][0.200388,-0.973927,-0.106348][0.152106,0.602396,0][1.20509,-0.585333,0.109602][0.200388,-0.973928,-0.106348][0.178614,0.601381,0][1.20509,-0.585333,0.109602][0.200388,-0.973928,-0.106348][0.178614,0.601381,0][1.25657,-0.57433,0.10584][0.200388,-0.973927,-0.106348][0.175706,0.611139,0][1.26542,-0.576432,0.141786][0.200388,-0.973927,-0.106348][0.164879,0.611553,0][1.26542,-0.576432,0.141786][0.82459,-0.0227141,0.565274][0.164879,0.611553,0][1.36123,-0.239622,0.015566][0.82459,-0.0227141,0.565274][0.202898,0.729808,0][1.32679,-0.238853,0.065833][0.82459,-0.0227141,0.565274][0.191797,0.725853,0][1.32679,-0.238853,0.065833][0.82459,-0.0227141,0.565274][0.191797,0.725853,0][1.22677,-0.590481,0.197605][0.82459,-0.0227141,0.565274][0.152106,0.602396,0][1.26542,-0.576432,0.141786][0.82459,-0.0227141,0.565274][0.164879,0.611553,0][1.26144,0.00654478,-0.708052][0.795015,0.591876,-0.132793][0.42086,0.795538,0][1.23021,0.0490398,-0.705634][0.795015,0.591876,-0.132793][0.424172,0.805176,0][1.31158,0.0176908,-0.358168][0.795015,0.591876,-0.132793][0.319512,0.805176,0][1.31158,0.0176908,-0.358168][0.795015,0.591876,-0.132793][0.319512,0.805176,0][1.3455,-0.0258372,-0.349129][0.795015,0.591876,-0.132793][0.312749,0.795538,0][1.26144,0.00654478,-0.708052][0.795015,0.591876,-0.132793][0.42086,0.795538,0][1.25074,-0.00635722,-0.729353][0.621569,0.491542,-0.60995][0.427277,0.790151,0][1.1988,0.0111758,-0.768146][0.621569,0.491542,-0.60995][0.443001,0.789368,0][1.23021,0.0490398,-0.705634][0.621569,0.491542,-0.60995][0.424172,0.805176,0][1.23021,0.0490398,-0.705634][0.621569,0.491542,-0.60995][0.424172,0.805176,0][1.26144,0.00654478,-0.708052][0.621569,0.491542,-0.60995][0.42086,0.795538,0][1.25074,-0.00635722,-0.729353][0.621569,0.491542,-0.60995][0.427277,0.790151,0][1.25074,-0.00635722,-0.729353][0.129286,-0.827155,-0.546901][0.427277,0.790151,0][1.25516,-0.198762,-0.437305][0.129286,-0.827155,-0.546901][0.339308,0.729808,0][1.20346,-0.191343,-0.460746][0.129286,-0.827155,-0.546901][0.350409,0.725853,0][1.20346,-0.191343,-0.460746][0.129286,-0.827155,-0.546901][0.350409,0.725853,0][1.1988,0.0111758,-0.768146][0.129286,-0.827155,-0.546901][0.443001,0.789368,0][1.25074,-0.00635722,-0.729353][0.129286,-0.827155,-0.546901][0.427277,0.790151,0][1.10024,-0.512797,-0.563524][0.425962,0.148559,-0.892461][0.377327,0.611553,0][1.04172,-0.519194,-0.592518][0.425962,0.148559,-0.892461][0.3901,0.602396,0][1.20346,-0.191343,-0.460746][0.425962,0.148559,-0.892461][0.350409,0.725853,0][1.20346,-0.191343,-0.460746][0.425962,0.148559,-0.892461][0.350409,0.725853,0][1.25516,-0.198762,-0.437305][0.425962,0.148559,-0.892461][0.339308,0.729808,0][1.10024,-0.512797,-0.563524][0.425962,0.148559,-0.892461][0.377327,0.611553,0][1.10024,-0.512797,-0.563524][0.184936,-0.969753,-0.159306][0.377327,0.611553,0][1.10822,-0.517181,-0.527579][0.184936,-0.969753,-0.159306][0.3665,0.611139,0][1.06126,-0.529925,-0.504515][0.184936,-0.969753,-0.159306][0.363592,0.601381,0][1.06126,-0.529925,-0.504515][0.184936,-0.969753,-0.159306][0.363592,0.601381,0][1.04172,-0.519194,-0.592518][0.184936,-0.969753,-0.159306][0.3901,0.602396,0][1.10024,-0.512797,-0.563524][0.184936,-0.969753,-0.159306][0.377327,0.611553,0][1.10822,-0.517181,-0.527579][0.381362,-0.877171,0.291777][0.3665,0.611139,0][1.25929,-0.346153,-0.210869][0.381362,-0.877171,0.291777][0.271103,0.683672,0][1.20772,-0.364109,-0.197456][0.381362,-0.877171,0.291777][0.271103,0.671704,0][1.20772,-0.364109,-0.197456][0.381362,-0.877171,0.291777][0.271103,0.671704,0][1.06126,-0.529925,-0.504515][0.381362,-0.877171,0.291777][0.363592,0.601381,0][1.10822,-0.517181,-0.527579][0.381362,-0.877171,0.291777][0.3665,0.611139,0][1.49727,0.253519,-0.184971][0.82369,-0.0263691,0.566427][0.263302,0.902435,0][1.47153,0.284805,-0.146082][0.82369,-0.0263691,0.566427][0.255628,0.909196,0][1.38686,-0.0113092,-0.036745][0.82369,-0.0263691,0.566427][0.222695,0.805176,0][1.38686,-0.0113092,-0.036745][0.82369,-0.0263691,0.566427][0.222695,0.805176,0][1.41026,-0.0507862,-0.07261][0.82369,-0.0263691,0.566427][0.229457,0.795538,0][1.49727,0.253519,-0.184971][0.82369,-0.0263691,0.566427][0.263302,0.902435,0][1.49727,0.253519,-0.184971][0.861823,0.468991,0.193156][0.263302,0.902435,0][1.49559,0.267259,-0.210869][0.861823,0.468991,0.193156][0.271103,0.906578,0][1.46821,0.312061,-0.197456][0.861823,0.468991,0.193156][0.271103,0.917417,0][1.46821,0.312061,-0.197456][0.861823,0.468991,0.193156][0.271103,0.917417,0][1.47153,0.284805,-0.146082][0.861823,0.468991,0.193156][0.255628,0.909196,0][1.49727,0.253519,-0.184971][0.861823,0.468991,0.193156][0.263302,0.902435,0][1.4936,-0.0999152,0.307614][0.363583,-0.89374,0.262746][0.11493,0.790151,0][1.46612,-0.0918032,0.373233][0.363583,-0.89374,0.262746][0.099205,0.789368,0][1.32679,-0.238853,0.065833][0.363583,-0.89374,0.262746][0.191797,0.725853,0][1.32679,-0.238853,0.065833][0.363583,-0.89374,0.262746][0.191797,0.725853,0][1.36123,-0.239622,0.015566][0.363583,-0.89374,0.262746][0.202898,0.729808,0][1.4936,-0.0999152,0.307614][0.363583,-0.89374,0.262746][0.11493,0.790151,0][1.4936,-0.0999152,0.307614][0.872611,0.369159,0.3198][0.11493,0.790151,0][1.49432,-0.0831692,0.286313][0.872611,0.369159,0.3198][0.121346,0.795538,0][1.46824,-0.0426582,0.310721][0.872611,0.369159,0.3198][0.118034,0.805176,0][1.46824,-0.0426582,0.310721][0.872611,0.369159,0.3198][0.118034,0.805176,0][1.46612,-0.0918032,0.373233][0.872611,0.369159,0.3198][0.099205,0.789368,0][1.4936,-0.0999152,0.307614][0.872611,0.369159,0.3198][0.11493,0.790151,0][1.49432,-0.0831692,0.286313][0.795011,0.591882,-0.132792][0.121346,0.795538,0][1.41026,-0.0507862,-0.07261][0.795011,0.591882,-0.132792][0.229457,0.795538,0][1.38686,-0.0113092,-0.036745][0.795011,0.591882,-0.132792][0.222695,0.805176,0][1.38686,-0.0113092,-0.036745][0.795011,0.591882,-0.132792][0.222695,0.805176,0][1.46824,-0.0426582,0.310721][0.795011,0.591882,-0.132792][0.118034,0.805176,0][1.49432,-0.0831692,0.286313][0.795011,0.591882,-0.132792][0.121346,0.795538,0][1.17752,0.16516,0.666223][-0.874214,0.336778,-0.349759][0.256266,0.891318,0][1.12502,-0.0484601,0.591748][-0.874214,0.336778,-0.349759][0.229039,0.797771,0][1.07961,-0.0526381,0.701217][-0.874214,0.336778,-0.349759][0.269059,0.789102,0][1.07961,-0.0526381,0.701217][-0.874214,0.336778,-0.349759][0.269059,0.789102,0][1.17153,0.185948,0.701217][-0.874214,0.336778,-0.349759][0.269059,0.898711,0][1.17752,0.16516,0.666223][-0.874214,0.336778,-0.349759][0.256266,0.891318,0][0.964584,-0.16498,0.880555][-0.874213,0.336774,-0.349763][0.334622,0.72643,0][0.986229,-0.295049,0.701217][-0.874214,0.336774,-0.349763][0.269059,0.677733,0][0.860332,-0.404641,0.910369][-0.874213,0.336774,-0.349763][0.345523,0.614489,0][0.860332,-0.404641,0.910369][-0.874213,0.336774,-0.349763][0.345523,0.614489,0][0.840213,-0.394608,0.970311][-0.874213,0.336774,-0.349763][0.367436,0.615401,0][0.964584,-0.16498,0.880555][-0.874213,0.336774,-0.349763][0.334622,0.72643,0][1.08954,-0.213119,0.521877][-0.874214,0.336774,-0.349761][0.203495,0.72643,0][1.12502,-0.0484601,0.591748][-0.874214,0.336774,-0.349761][0.229039,0.797771,0][1.20747,-0.0802242,0.355073][-0.874214,0.336774,-0.349761][0.142515,0.797771,0][1.20747,-0.0802242,0.355073][-0.874214,0.336774,-0.349761][0.142515,0.797771,0][1.21039,-0.116886,0.312493][-0.874214,0.336774,-0.349761][0.126948,0.783552,0][1.08954,-0.213119,0.521877][-0.874214,0.336774,-0.349761][0.203495,0.72643,0][1.08954,-0.213119,0.521877][-0.874213,0.336777,-0.349761][0.203495,0.72643,0][1.02771,-0.46684,0.432122][-0.874213,0.336777,-0.349761][0.170682,0.615401,0][1.00606,-0.460781,0.492065][-0.874213,0.336777,-0.349761][0.192597,0.614489,0][1.00606,-0.460781,0.492065][-0.874213,0.336777,-0.349761][0.192597,0.614489,0][0.986229,-0.295049,0.701217][-0.874213,0.336777,-0.349761][0.269059,0.677733,0][1.08954,-0.213119,0.521877][-0.874213,0.336777,-0.349761][0.203495,0.72643,0][1.07961,-0.0526381,0.701217][-0.874212,0.336777,-0.349763][0.269059,0.789102,0][1.04875,-0.0190761,0.810685][-0.874212,0.336777,-0.349763][0.30908,0.797771,0][1.15314,0.174553,0.73621][-0.874212,0.336777,-0.349763][0.281853,0.891318,0][1.15314,0.174553,0.73621][-0.874212,0.336777,-0.349763][0.281853,0.891318,0][1.17153,0.185948,0.701217][-0.874212,0.336777,-0.349763][0.269059,0.898711,0][1.07961,-0.0526381,0.701217][-0.874212,0.336777,-0.349763][0.269059,0.789102,0][0.964584,-0.16498,0.880555][-0.874212,0.336782,-0.349758][0.334622,0.72643,0][0.939537,-0.0125451,1.08994][-0.874213,0.336782,-0.349758][0.41117,0.783552,0][0.966293,0.0126879,1.04736][-0.874212,0.336782,-0.349758][0.395605,0.797771,0][0.966293,0.0126879,1.04736][-0.874212,0.336782,-0.349758][0.395605,0.797771,0][1.04875,-0.0190761,0.810685][-0.874213,0.336782,-0.349758][0.30908,0.797771,0][0.964584,-0.16498,0.880555][-0.874212,0.336782,-0.349758][0.334622,0.72643,0][1.07961,-0.0526381,0.701217][-0.874214,0.336778,-0.349758][0.269059,0.789102,0][1.12502,-0.0484601,0.591748][-0.874214,0.336778,-0.349758][0.229039,0.797771,0][1.08954,-0.213119,0.521877][-0.874214,0.336778,-0.349758][0.203495,0.72643,0][1.08954,-0.213119,0.521877][-0.874214,0.336778,-0.349758][0.203495,0.72643,0][0.986229,-0.295049,0.701217][-0.874214,0.336778,-0.349758][0.269059,0.677733,0][1.07961,-0.0526381,0.701217][-0.874214,0.336778,-0.349758][0.269059,0.789102,0][1.07961,-0.0526381,0.701217][-0.874211,0.336778,-0.349765][0.269059,0.789102,0][0.986229,-0.295049,0.701217][-0.874211,0.336778,-0.349765][0.269059,0.677733,0][0.964584,-0.16498,0.880555][-0.874211,0.336778,-0.349765][0.334622,0.72643,0][0.964584,-0.16498,0.880555][-0.874211,0.336778,-0.349765][0.334622,0.72643,0][1.04875,-0.0190761,0.810685][-0.874211,0.336778,-0.349765][0.30908,0.797771,0][1.07961,-0.0526381,0.701217][-0.874211,0.336778,-0.349765][0.269059,0.789102,0][1.10609,-0.0628391,0.714807][0.874215,-0.336778,0.349755][0.271103,0.795538,0][1.1389,-0.0754781,0.620632][0.874215,-0.336778,0.349755][0.312749,0.795538,0][1.19285,0.144051,0.697166][0.874215,-0.336778,0.349755][0.278904,0.902435,0][1.19285,0.144051,0.697166][0.874215,-0.336778,0.349755][0.278904,0.902435,0][1.18983,0.154531,0.714807][0.874215,-0.336778,0.349755][0.271103,0.906578,0][1.10609,-0.0628391,0.714807][0.874215,-0.336778,0.349755][0.271103,0.795538,0][1.00279,-0.170809,0.869042][0.874214,-0.336775,0.349761][0.202898,0.729808,0][0.883662,-0.390763,0.955018][0.874214,-0.336775,0.349761][0.164879,0.611553,0][0.89188,-0.39486,0.930534][0.874214,-0.336775,0.349761][0.175706,0.611139,0][0.89188,-0.39486,0.930534][0.874214,-0.336775,0.349761][0.175706,0.611139,0][1.02173,-0.281824,0.714807][0.874214,-0.336775,0.349761][0.271103,0.683672,0][1.00279,-0.170809,0.869042][0.874214,-0.336775,0.349761][0.202898,0.729808,0][1.11026,-0.212209,0.560571][0.874214,-0.336774,0.349762][0.339308,0.729808,0][1.22507,-0.120782,0.361644][0.874214,-0.336774,0.349762][0.427277,0.790151,0][1.22408,-0.10829,0.376153][0.874214,-0.336774,0.349762][0.42086,0.795538,0][1.22408,-0.10829,0.376153][0.874214,-0.336774,0.349762][0.42086,0.795538,0][1.1389,-0.0754781,0.620632][0.874214,-0.336774,0.349762][0.312749,0.795538,0][1.11026,-0.212209,0.560571][0.874214,-0.336774,0.349762][0.339308,0.729808,0][1.04219,-0.452764,0.499082][0.874214,-0.336778,0.349758][0.3665,0.611139,0][1.05103,-0.45524,0.474597][0.874214,-0.336778,0.349758][0.377327,0.611553,0][1.11026,-0.212209,0.560571][0.874214,-0.336778,0.349758][0.339308,0.729808,0][1.11026,-0.212209,0.560571][0.874214,-0.336778,0.349758][0.339308,0.729808,0][1.02173,-0.281824,0.714807][0.874214,-0.336778,0.349758][0.271103,0.683672,0][1.04219,-0.452764,0.499082][0.874214,-0.336778,0.349758][0.3665,0.611139,0][1.18056,0.148786,0.732448][0.874213,-0.336779,0.349759][0.263302,0.902435,0][1.07329,-0.0502001,0.808982][0.874213,-0.336779,0.349759][0.229457,0.795538,0][1.10609,-0.0628391,0.714807][0.874213,-0.336778,0.349759][0.271103,0.795538,0][1.10609,-0.0628391,0.714807][0.874213,-0.336778,0.349759][0.271103,0.795538,0][1.18983,0.154531,0.714807][0.874213,-0.336778,0.349759][0.271103,0.906578,0][1.18056,0.148786,0.732448][0.874213,-0.336779,0.349759][0.263302,0.902435,0][0.988113,-0.0173881,1.05346][0.874212,-0.336781,0.34976][0.121346,0.795538,0][0.978996,-0.0259861,1.06797][0.874212,-0.336781,0.34976][0.11493,0.790151,0][1.00279,-0.170809,0.869042][0.874212,-0.336781,0.34976][0.202898,0.729808,0][1.00279,-0.170809,0.869042][0.874212,-0.336781,0.34976][0.202898,0.729808,0][1.07329,-0.0502001,0.808982][0.874212,-0.336781,0.34976][0.229457,0.795538,0][0.988113,-0.0173881,1.05346][0.874212,-0.336781,0.34976][0.121346,0.795538,0][1.10609,-0.0628391,0.714807][0.874213,-0.336778,0.34976][0.271103,0.795538,0][1.02173,-0.281824,0.714807][0.874213,-0.336778,0.34976][0.271103,0.683672,0][1.11026,-0.212209,0.560571][0.874213,-0.336778,0.34976][0.339308,0.729808,0][1.11026,-0.212209,0.560571][0.874213,-0.336778,0.34976][0.339308,0.729808,0][1.1389,-0.0754781,0.620632][0.874213,-0.336778,0.34976][0.312749,0.795538,0][1.10609,-0.0628391,0.714807][0.874213,-0.336778,0.34976][0.271103,0.795538,0][1.00279,-0.170809,0.869042][0.874212,-0.336779,0.349761][0.202898,0.729808,0][1.02173,-0.281824,0.714807][0.874212,-0.336779,0.349761][0.271103,0.683672,0][1.10609,-0.0628391,0.714807][0.874212,-0.336779,0.349761][0.271103,0.795538,0][1.10609,-0.0628391,0.714807][0.874212,-0.336779,0.349761][0.271103,0.795538,0][1.07329,-0.0502001,0.808982][0.874212,-0.336779,0.349761][0.229457,0.795538,0][1.00279,-0.170809,0.869042][0.874212,-0.336779,0.349761][0.202898,0.729808,0][1.19285,0.144051,0.697166][0.879641,0.459618,-0.122404][0.278904,0.902435,0][1.17752,0.16516,0.666223][0.879641,0.459618,-0.122404][0.286578,0.909196,0][1.17153,0.185948,0.701217][0.879641,0.459618,-0.122404][0.271103,0.917417,0][1.17153,0.185948,0.701217][0.879641,0.459618,-0.122404][0.271103,0.917417,0][1.18983,0.154531,0.714807][0.879641,0.459618,-0.122405][0.271103,0.906578,0][1.19285,0.144051,0.697166][0.879641,0.459618,-0.122404][0.278904,0.902435,0][1.19285,0.144051,0.697166][0.880258,-0.0518981,-0.471648][0.278904,0.902435,0][1.1389,-0.0754781,0.620632][0.880258,-0.0518981,-0.471648][0.312749,0.795538,0][1.12502,-0.0484601,0.591748][0.880259,-0.0518981,-0.471648][0.319512,0.805176,0][1.12502,-0.0484601,0.591748][0.880259,-0.0518981,-0.471648][0.319512,0.805176,0][1.17752,0.16516,0.666223][0.880258,-0.0518981,-0.471648][0.286578,0.909196,0][1.19285,0.144051,0.697166][0.880258,-0.0518981,-0.471648][0.278904,0.902435,0][0.89188,-0.39486,0.930534][0.412265,-0.885173,-0.215653][0.175706,0.611139,0][0.860332,-0.404641,0.910369][0.412265,-0.885173,-0.215653][0.178614,0.601381,0][0.986229,-0.295049,0.701217][0.412265,-0.885173,-0.215653][0.271103,0.671704,0][0.986229,-0.295049,0.701217][0.412265,-0.885173,-0.215653][0.271103,0.671704,0][1.02173,-0.281824,0.714807][0.412265,-0.885173,-0.215653][0.271103,0.683672,0][0.89188,-0.39486,0.930534][0.412265,-0.885173,-0.215653][0.175706,0.611139,0][0.883662,-0.390763,0.955018][0.16104,-0.963192,0.215238][0.164879,0.611553,0][0.840213,-0.394608,0.970311][0.16104,-0.963192,0.215238][0.152106,0.602396,0][0.860332,-0.404641,0.910369][0.16104,-0.963192,0.215238][0.178614,0.601381,0][0.860332,-0.404641,0.910369][0.16104,-0.963192,0.215238][0.178614,0.601381,0][0.89188,-0.39486,0.930534][0.16104,-0.963192,0.215238][0.175706,0.611139,0][0.883662,-0.390763,0.955018][0.16104,-0.963192,0.215238][0.164879,0.611553,0][0.883662,-0.390763,0.955018][0.310149,0.195664,0.930335][0.164879,0.611553,0][1.00279,-0.170809,0.869042][0.310149,0.195664,0.930335][0.202898,0.729808,0][0.964584,-0.16498,0.880555][0.310149,0.195664,0.930335][0.191797,0.725853,0][0.964584,-0.16498,0.880555][0.310149,0.195664,0.930335][0.191797,0.725853,0][0.840213,-0.394608,0.970311][0.310149,0.195664,0.930335][0.152106,0.602396,0][0.883662,-0.390763,0.955018][0.310149,0.195664,0.930335][0.164879,0.611553,0][1.22408,-0.10829,0.376153][0.776036,0.601506,0.189631][0.42086,0.795538,0][1.20747,-0.0802242,0.355073][0.776036,0.601506,0.189631][0.424172,0.805176,0][1.12502,-0.0484601,0.591748][0.776036,0.601506,0.189631][0.319512,0.805176,0][1.12502,-0.0484601,0.591748][0.776036,0.601506,0.189631][0.319512,0.805176,0][1.1389,-0.0754781,0.620632][0.776036,0.601506,0.189631][0.312749,0.795538,0][1.22408,-0.10829,0.376153][0.776036,0.601506,0.189631][0.42086,0.795538,0][1.22507,-0.120782,0.361644][0.903821,0.352895,-0.242019][0.427277,0.790151,0][1.21039,-0.116886,0.312493][0.903821,0.352895,-0.242019][0.443001,0.789368,0][1.20747,-0.0802242,0.355073][0.903821,0.352895,-0.242019][0.424172,0.805176,0][1.20747,-0.0802242,0.355073][0.903821,0.352895,-0.242019][0.424172,0.805176,0][1.22408,-0.10829,0.376153][0.903821,0.352895,-0.242019][0.42086,0.795538,0][1.22507,-0.120782,0.361644][0.903821,0.352895,-0.242019][0.427277,0.790151,0][1.22507,-0.120782,0.361644][0.391177,-0.900853,-0.188269][0.427277,0.790151,0][1.11026,-0.212209,0.560571][0.391177,-0.900853,-0.188269][0.339308,0.729808,0][1.08954,-0.213119,0.521877][0.391177,-0.900853,-0.188269][0.350409,0.725853,0][1.08954,-0.213119,0.521877][0.391177,-0.900853,-0.188269][0.350409,0.725853,0][1.21039,-0.116886,0.312493][0.391177,-0.900853,-0.188269][0.443001,0.789368,0][1.22507,-0.120782,0.361644][0.391177,-0.900853,-0.188269][0.427277,0.790151,0][1.05103,-0.45524,0.474597][0.881032,-0.0482371,-0.470591][0.377327,0.611553,0][1.02771,-0.46684,0.432122][0.881032,-0.0482371,-0.470591][0.3901,0.602396,0][1.08954,-0.213119,0.521877][0.881032,-0.0482371,-0.470591][0.350409,0.725853,0][1.08954,-0.213119,0.521877][0.881032,-0.0482371,-0.470591][0.350409,0.725853,0][1.11026,-0.212209,0.560571][0.881032,-0.0482371,-0.470591][0.339308,0.729808,0][1.05103,-0.45524,0.474597][0.881032,-0.0482371,-0.470591][0.377327,0.611553,0][1.05103,-0.45524,0.474597][0.183185,-0.969278,0.164143][0.377327,0.611553,0][1.04219,-0.452764,0.499082][0.183185,-0.969278,0.164143][0.3665,0.611139,0][1.00606,-0.460781,0.492065][0.183185,-0.969278,0.164143][0.363592,0.601381,0][1.00606,-0.460781,0.492065][0.183185,-0.969278,0.164143][0.363592,0.601381,0][1.02771,-0.46684,0.432122][0.183185,-0.969278,0.164143][0.3901,0.602396,0][1.05103,-0.45524,0.474597][0.183185,-0.969278,0.164143][0.377327,0.611553,0][1.04219,-0.452764,0.499082][0.0520979,-0.780291,0.623243][0.3665,0.611139,0][1.02173,-0.281824,0.714807][0.0520979,-0.780291,0.623243][0.271103,0.683672,0][0.986229,-0.295049,0.701217][0.0520979,-0.780291,0.623243][0.271103,0.671704,0][0.986229,-0.295049,0.701217][0.0520979,-0.780291,0.623243][0.271103,0.671704,0][1.00606,-0.460781,0.492065][0.0520979,-0.780291,0.623243][0.363592,0.601381,0][1.04219,-0.452764,0.499082][0.0520979,-0.780291,0.623243][0.3665,0.611139,0][1.18056,0.148786,0.732448][0.308317,0.192127,0.93168][0.263302,0.902435,0][1.15314,0.174553,0.73621][0.308317,0.192127,0.93168][0.255628,0.909196,0][1.04875,-0.0190761,0.810685][0.308317,0.192127,0.93168][0.222695,0.805176,0][1.04875,-0.0190761,0.810685][0.308317,0.192127,0.93168][0.222695,0.805176,0][1.07329,-0.0502001,0.808982][0.308317,0.192127,0.93168][0.229457,0.795538,0][1.18056,0.148786,0.732448][0.308317,0.192127,0.93168][0.263302,0.902435,0][1.18983,0.154531,0.714807][0.622323,0.586753,0.518107][0.271103,0.906578,0][1.17153,0.185948,0.701217][0.622323,0.586753,0.518107][0.271103,0.917417,0][1.15314,0.174553,0.73621][0.622323,0.586753,0.518107][0.255628,0.909196,0][1.15314,0.174553,0.73621][0.622323,0.586753,0.518107][0.255628,0.909196,0][1.18056,0.148786,0.732448][0.622323,0.586753,0.518107][0.263302,0.902435,0][1.18983,0.154531,0.714807][0.622323,0.586753,0.518107][0.271103,0.906578,0][0.978996,-0.0259861,1.06797][0.0557269,-0.804011,0.591998][0.11493,0.790151,0][0.939537,-0.0125451,1.08994][0.0557269,-0.804011,0.591998][0.099205,0.789368,0][0.964584,-0.16498,0.880555][0.0557269,-0.804011,0.591998][0.191797,0.725853,0][0.964584,-0.16498,0.880555][0.0557269,-0.804011,0.591998][0.191797,0.725853,0][1.00279,-0.170809,0.869042][0.0557269,-0.804011,0.591998][0.202898,0.729808,0][0.978996,-0.0259861,1.06797][0.0557269,-0.804011,0.591998][0.11493,0.790151,0][0.978996,-0.0259861,1.06797][0.54336,0.52682,0.653621][0.11493,0.790151,0][0.988113,-0.0173881,1.05346][0.54336,0.52682,0.653621][0.121346,0.795538,0][0.966293,0.0126879,1.04736][0.54336,0.52682,0.653621][0.118034,0.805176,0][0.966293,0.0126879,1.04736][0.54336,0.52682,0.653621][0.118034,0.805176,0][0.939537,-0.0125451,1.08994][0.54336,0.52682,0.653621][0.099205,0.789368,0][0.978996,-0.0259861,1.06797][0.54336,0.52682,0.653621][0.11493,0.790151,0][0.988113,-0.0173881,1.05346][0.77604,0.6015,0.189631][0.121346,0.795538,0][1.07329,-0.0502001,0.808982][0.77604,0.6015,0.189631][0.229457,0.795538,0][1.04875,-0.0190761,0.810685][0.77604,0.6015,0.189631][0.222695,0.805176,0][1.04875,-0.0190761,0.810685][0.77604,0.6015,0.189631][0.222695,0.805176,0][0.966293,0.0126879,1.04736][0.77604,0.6015,0.189631][0.118034,0.805176,0][0.988113,-0.0173881,1.05346][0.77604,0.6015,0.189631][0.121346,0.795538,0][0.71122,-0.0293542,-1.04712][-0.422033,0,0.90658][0.255965,0.895298,0][0.638654,-0.121032,-1.0809][-0.422033,0,0.90658][0.224834,0.8017,0][0.68205,-0.151907,-1.0607][-0.422033,0,0.90658][0.268231,0.795608,0][0.68205,-0.151907,-1.0607][-0.422033,0,0.90658][0.268231,0.795608,0][0.729491,-0.0277082,-1.03861][-0.422033,0,0.90658][0.270003,0.90334,0][0.71122,-0.0293542,-1.04712][-0.422033,0,0.90658][0.255965,0.895298,0][0.732166,-0.257407,-1.03737][-0.422033,0,0.906581][0.338544,0.737992,0][0.633848,-0.278098,-1.08314][-0.422033,0,0.906581][0.266431,0.68615,0][0.696556,-0.389981,-1.05394][-0.422033,0,0.906581][0.348594,0.62863,0][0.696556,-0.389981,-1.05394][-0.422033,0,0.906581][0.348594,0.62863,0][0.722768,-0.400474,-1.04174][-0.422033,0,0.906581][0.372449,0.630857,0][0.732166,-0.257407,-1.03737][-0.422033,0,0.906581][0.338544,0.737992,0][0.577684,-0.18843,-1.10928][-0.422035,-9.36274e-007,0.90658][0.195892,0.730034,0][0.638654,-0.121032,-1.0809][-0.422035,-9.36274e-007,0.906579][0.224834,0.8017,0][0.536719,-0.0755171,-1.12835][-0.422035,-9.36274e-007,0.90658][0.130702,0.796451,0][0.536719,-0.0755171,-1.12835][-0.422035,-9.36274e-007,0.90658][0.130702,0.796451,0][0.512227,-0.0834381,-1.13975][-0.422035,-9.36274e-007,0.90658][0.113537,0.781531,0][0.577684,-0.18843,-1.10928][-0.422035,-9.36274e-007,0.90658][0.195892,0.730034,0][0.577684,-0.18843,-1.10928][-0.422034,0,0.90658][0.195892,0.730034,0][0.490971,-0.296975,-1.14965][-0.422034,0,0.90658][0.158398,0.618917,0][0.516394,-0.309537,-1.13781][-0.422034,0,0.90658][0.182225,0.61935,0][0.516394,-0.309537,-1.13781][-0.422034,0,0.90658][0.182225,0.61935,0][0.633848,-0.278098,-1.08314][-0.422034,0,0.90658][0.266431,0.68615,0][0.577684,-0.18843,-1.10928][-0.422034,0,0.90658][0.195892,0.730034,0][0.68205,-0.151907,-1.0607][-0.422032,-9.36275e-007,0.906581][0.268231,0.795608,0][0.73295,-0.163136,-1.037][-0.422032,-9.36275e-007,0.906581][0.311909,0.806558,0][0.741363,-0.0428142,-1.03309][-0.422032,-9.36275e-007,0.906581][0.2838,0.896851,0][0.741363,-0.0428142,-1.03309][-0.422032,-9.36275e-007,0.906581][0.2838,0.896851,0][0.729491,-0.0277082,-1.03861][-0.422032,-9.36275e-007,0.906581][0.270003,0.90334,0][0.68205,-0.151907,-1.0607][-0.422032,-9.36275e-007,0.906581][0.268231,0.795608,0][0.732166,-0.257407,-1.03737][-0.422035,2.06373e-006,0.90658][0.338544,0.737992,0][0.84707,-0.232949,-0.983877][-0.422035,2.06373e-006,0.90658][0.422744,0.798778,0][0.834885,-0.208651,-0.989549][-0.422035,2.06373e-006,0.90658][0.406041,0.811808,0][0.834885,-0.208651,-0.989549][-0.422035,2.06373e-006,0.90658][0.406041,0.811808,0][0.73295,-0.163136,-1.037][-0.422035,2.06373e-006,0.90658][0.311909,0.806558,0][0.732166,-0.257407,-1.03737][-0.422035,2.06373e-006,0.90658][0.338544,0.737992,0][0.68205,-0.151907,-1.0607][-0.422034,0,0.90658][0.268231,0.795608,0][0.638654,-0.121032,-1.0809][-0.422034,0,0.90658][0.224834,0.8017,0][0.577684,-0.18843,-1.10928][-0.422034,0,0.90658][0.195892,0.730034,0][0.577684,-0.18843,-1.10928][-0.422034,0,0.90658][0.195892,0.730034,0][0.633848,-0.278098,-1.08314][-0.422033,0,0.90658][0.266431,0.68615,0][0.68205,-0.151907,-1.0607][-0.422034,0,0.90658][0.268231,0.795608,0][0.68205,-0.151907,-1.0607][-0.422032,0,0.906581][0.268231,0.795608,0][0.633848,-0.278098,-1.08314][-0.422032,0,0.906581][0.266431,0.68615,0][0.732166,-0.257407,-1.03737][-0.422032,0,0.906581][0.338544,0.737992,0][0.732166,-0.257407,-1.03737][-0.422032,0,0.906581][0.338544,0.737992,0][0.73295,-0.163136,-1.037][-0.422032,0,0.906581][0.311909,0.806558,0][0.68205,-0.151907,-1.0607][-0.422032,0,0.906581][0.268231,0.795608,0][0.731428,-0.0387522,-1.05754][0.149115,0.860608,-0.486949][0.269089,0.90578,0][0.722218,-0.0395832,-1.06183][0.149115,0.860608,-0.486949][0.276633,0.901726,0][0.71122,-0.0293542,-1.04712][0.149115,0.860608,-0.486949][0.284054,0.908342,0][0.71122,-0.0293542,-1.04712][0.149115,0.860608,-0.486949][0.284054,0.908342,0][0.729491,-0.0277082,-1.03861][0.149115,0.860608,-0.486949][0.269089,0.916384,0][0.731428,-0.0387522,-1.05754][0.149115,0.860608,-0.486949][0.269089,0.90578,0][0.722218,-0.0395832,-1.06183][-0.404741,0.580662,-0.706411][0.276633,0.901726,0][0.647645,-0.133796,-1.09654][-0.404741,0.580662,-0.706411][0.309364,0.797141,0][0.638654,-0.121032,-1.0809][-0.404741,0.580662,-0.706411][0.315904,0.806572,0][0.638654,-0.121032,-1.0809][-0.404741,0.580662,-0.706411][0.315904,0.806572,0][0.71122,-0.0293542,-1.04712][-0.404741,0.580662,-0.706411][0.284054,0.908342,0][0.722218,-0.0395832,-1.06183][-0.404741,0.580662,-0.706411][0.276633,0.901726,0][0.709341,-0.381302,-1.06782][-0.486451,-0.465547,-0.739345][0.176833,0.616731,0][0.696556,-0.389981,-1.05394][-0.486451,-0.465547,-0.739345][0.179644,0.607185,0][0.633848,-0.278098,-1.08314][-0.486451,-0.465547,-0.739345][0.269089,0.675986,0][0.633848,-0.278098,-1.08314][-0.486451,-0.465547,-0.739345][0.269089,0.675986,0][0.644662,-0.265902,-1.09793][-0.486451,-0.465547,-0.739345][0.269089,0.687695,0][0.709341,-0.381302,-1.06782][-0.486451,-0.465547,-0.739345][0.176833,0.616731,0][0.720047,-0.385589,-1.06284][-0.0626161,-0.819239,-0.570024][0.166362,0.617136,0][0.722768,-0.400474,-1.04174][-0.0626161,-0.819239,-0.570024][0.154009,0.608177,0][0.696556,-0.389981,-1.05394][-0.0626161,-0.819239,-0.570024][0.179644,0.607185,0][0.696556,-0.389981,-1.05394][-0.0626161,-0.819239,-0.570024][0.179644,0.607185,0][0.709341,-0.381302,-1.06782][-0.0626161,-0.819239,-0.570024][0.176833,0.616731,0][0.720047,-0.385589,-1.06284][-0.0626161,-0.819239,-0.570024][0.166362,0.617136,0][0.720047,-0.385589,-1.06284][0.983848,-0.0594641,-0.168842][0.166362,0.617136,0][0.729049,-0.248549,-1.05865][0.983848,-0.0594641,-0.168842][0.203129,0.732833,0][0.732166,-0.257407,-1.03737][0.983848,-0.0594641,-0.168842][0.192394,0.728964,0][0.732166,-0.257407,-1.03737][0.983848,-0.0594641,-0.168842][0.192394,0.728964,0][0.722768,-0.400474,-1.04174][0.983848,-0.0594641,-0.168842][0.154009,0.608177,0][0.720047,-0.385589,-1.06284][0.983848,-0.0594641,-0.168842][0.166362,0.617136,0][0.542348,-0.0867801,-1.14556][0.512248,0.785738,-0.346725][0.413917,0.797141,0][0.536719,-0.0755171,-1.12835][0.512248,0.785738,-0.346725][0.41712,0.806572,0][0.638654,-0.121032,-1.0809][0.512248,0.785738,-0.346725][0.315904,0.806572,0][0.638654,-0.121032,-1.0809][0.512248,0.785738,-0.346725][0.315904,0.806572,0][0.647645,-0.133796,-1.09654][0.512248,0.785738,-0.346725][0.309364,0.797141,0][0.542348,-0.0867801,-1.14556][0.512248,0.785738,-0.346725][0.413917,0.797141,0][0.534002,-0.0894801,-1.14945][-0.0135459,0.83459,-0.550705][0.420122,0.791871,0][0.512227,-0.0834381,-1.13975][-0.0135459,0.83459,-0.550705][0.435329,0.791105,0][0.536719,-0.0755171,-1.12835][-0.0135459,0.83459,-0.550705][0.41712,0.806572,0][0.536719,-0.0755171,-1.12835][-0.0135459,0.83459,-0.550705][0.41712,0.806572,0][0.542348,-0.0867801,-1.14556][-0.0135459,0.83459,-0.550705][0.413917,0.797141,0][0.534002,-0.0894801,-1.14945][-0.0135459,0.83459,-0.550705][0.420122,0.791871,0][0.534002,-0.0894801,-1.14945][-0.464077,-0.501295,-0.730298][0.420122,0.791871,0][0.596191,-0.189227,-1.12049][-0.464077,-0.501295,-0.730298][0.335049,0.732833,0][0.577684,-0.18843,-1.10928][-0.464077,-0.501295,-0.730298][0.345784,0.728964,0][0.577684,-0.18843,-1.10928][-0.464077,-0.501295,-0.730298][0.345784,0.728964,0][0.512227,-0.0834381,-1.13975][-0.464077,-0.501295,-0.730298][0.435329,0.791105,0][0.534002,-0.0894801,-1.14945][-0.464077,-0.501295,-0.730298][0.420122,0.791871,0][0.513132,-0.293199,-1.15916][-0.402227,0.583649,-0.705385][0.371816,0.617136,0][0.490971,-0.296975,-1.14965][-0.402227,0.583649,-0.705385][0.384169,0.608177,0][0.577684,-0.18843,-1.10928][-0.402227,0.583649,-0.705385][0.345784,0.728964,0][0.577684,-0.18843,-1.10928][-0.402227,0.583649,-0.705385][0.345784,0.728964,0][0.596191,-0.189227,-1.12049][-0.402227,0.583649,-0.705385][0.335049,0.732833,0][0.513132,-0.293199,-1.15916][-0.402227,0.583649,-0.705385][0.371816,0.617136,0][0.513132,-0.293199,-1.15916][-0.11828,-0.797173,-0.592052][0.371816,0.617136,0][0.523516,-0.298329,-1.15433][-0.11828,-0.797173,-0.592052][0.361345,0.616731,0][0.516394,-0.309537,-1.13781][-0.11828,-0.797173,-0.592052][0.358534,0.607185,0][0.516394,-0.309537,-1.13781][-0.11828,-0.797173,-0.592052][0.358534,0.607185,0][0.490971,-0.296975,-1.14965][-0.11828,-0.797173,-0.592052][0.384169,0.608177,0][0.513132,-0.293199,-1.15916][-0.11828,-0.797173,-0.592052][0.371816,0.617136,0][0.523516,-0.298329,-1.15433][0.402764,-0.828667,-0.388706][0.361345,0.616731,0][0.644662,-0.265902,-1.09793][0.402764,-0.828667,-0.388706][0.269089,0.687695,0][0.633848,-0.278098,-1.08314][0.402764,-0.828667,-0.388706][0.269089,0.675986,0][0.633848,-0.278098,-1.08314][0.402764,-0.828667,-0.388706][0.269089,0.675986,0][0.516394,-0.309537,-1.13781][0.402764,-0.828667,-0.388706][0.358534,0.607185,0][0.523516,-0.298329,-1.15433][0.402764,-0.828667,-0.388706][0.361345,0.616731,0][0.737413,-0.0463682,-1.05475][0.983591,-0.0632781,-0.168949][0.261545,0.901726,0][0.741363,-0.0428142,-1.03309][0.983591,-0.0632781,-0.168949][0.254124,0.908342,0][0.73295,-0.163136,-1.037][0.983591,-0.0632781,-0.168949][0.222274,0.806572,0][0.73295,-0.163136,-1.037][0.983591,-0.0632781,-0.168949][0.222274,0.806572,0][0.728766,-0.170018,-1.05878][0.983591,-0.0632781,-0.168949][0.228814,0.797141,0][0.737413,-0.0463682,-1.05475][0.983591,-0.0632781,-0.168949][0.261545,0.901726,0][0.737413,-0.0463682,-1.05475][0.804127,0.545573,-0.236073][0.261545,0.901726,0][0.731428,-0.0387522,-1.05754][0.804127,0.545573,-0.236073][0.269089,0.90578,0][0.729491,-0.0277082,-1.03861][0.804127,0.545573,-0.236073][0.269089,0.916384,0][0.729491,-0.0277082,-1.03861][0.804127,0.545573,-0.236073][0.269089,0.916384,0][0.741363,-0.0428142,-1.03309][0.804127,0.545573,-0.236073][0.254124,0.908342,0][0.737413,-0.0463682,-1.05475][0.804127,0.545573,-0.236073][0.261545,0.901726,0][0.838215,-0.225313,-1.00783][0.366075,-0.838886,-0.402814][0.118056,0.791871,0][0.84707,-0.232949,-0.983877][0.366075,-0.838886,-0.402814][0.102849,0.791105,0][0.732166,-0.257407,-1.03737][0.366075,-0.838886,-0.402814][0.192394,0.728964,0][0.732166,-0.257407,-1.03737][0.366075,-0.838886,-0.402814][0.192394,0.728964,0][0.729049,-0.248549,-1.05865][0.366075,-0.838886,-0.402814][0.203129,0.732833,0][0.838215,-0.225313,-1.00783][0.366075,-0.838886,-0.402814][0.118056,0.791871,0][0.838215,-0.225313,-1.00783][0.893498,0.40079,-0.202557][0.118056,0.791871,0][0.834063,-0.217033,-1.00976][0.893498,0.40079,-0.202557][0.124261,0.797141,0][0.834885,-0.208651,-0.989549][0.893498,0.40079,-0.202557][0.121059,0.806572,0][0.834885,-0.208651,-0.989549][0.893498,0.40079,-0.202557][0.121059,0.806572,0][0.84707,-0.232949,-0.983877][0.893498,0.40079,-0.202557][0.102849,0.791105,0][0.838215,-0.225313,-1.00783][0.893498,0.40079,-0.202557][0.118056,0.791871,0][0.834063,-0.217033,-1.00976][0.512247,0.785741,-0.346718][0.124261,0.797141,0][0.728766,-0.170018,-1.05878][0.512247,0.785741,-0.346718][0.228814,0.797141,0][0.73295,-0.163136,-1.037][0.512247,0.785741,-0.346718][0.222274,0.806572,0][0.73295,-0.163136,-1.037][0.512247,0.785741,-0.346718][0.222274,0.806572,0][0.834885,-0.208651,-0.989549][0.512247,0.785742,-0.346718][0.121059,0.806572,0][0.834063,-0.217033,-1.00976][0.512247,0.785741,-0.346718][0.124261,0.797141,0][0.647645,-0.133796,-1.09654][-0.0963259,0.410384,-0.906811][0.309364,0.797141,0][0.722218,-0.0395832,-1.06183][-0.0963259,0.410384,-0.906811][0.276633,0.901726,0][0.689015,-0.1895,-1.12615][-0.0963259,0.410384,-0.906811][0.269089,0.761048,0][0.722218,-0.0395832,-1.06183][0.38195,0.291648,-0.876958][0.276633,0.901726,0][0.731428,-0.0387522,-1.05754][0.38195,0.291648,-0.876958][0.269089,0.90578,0][0.689015,-0.1895,-1.12615][0.38195,0.291648,-0.876958][0.269089,0.761048,0][0.729049,-0.248549,-1.05865][0.844068,-0.0390901,-0.53481][0.203129,0.732833,0][0.720047,-0.385589,-1.06284][0.844068,-0.0390901,-0.53481][0.166362,0.617136,0][0.689015,-0.1895,-1.12615][0.844068,-0.0390901,-0.53481][0.269089,0.761048,0][0.720047,-0.385589,-1.06284][0.327776,-0.242902,-0.912996][0.166362,0.617136,0][0.709341,-0.381302,-1.06782][0.327776,-0.242902,-0.912996][0.176833,0.616731,0][0.689015,-0.1895,-1.12615][0.327776,-0.242902,-0.912996][0.269089,0.761048,0][0.709341,-0.381302,-1.06782][-0.09026,-0.298491,-0.950135][0.176833,0.616731,0][0.644662,-0.265902,-1.09793][-0.09026,-0.298491,-0.950135][0.269089,0.687695,0][0.689015,-0.1895,-1.12615][-0.09026,-0.298491,-0.950135][0.269089,0.761048,0][0.596191,-0.189227,-1.12049][-0.058655,-0.311812,-0.948332][0.335049,0.732833,0][0.534002,-0.0894801,-1.14945][-0.058655,-0.311812,-0.948332][0.420122,0.791871,0][0.689015,-0.1895,-1.12615][-0.058655,-0.311812,-0.948332][0.269089,0.761048,0][0.534002,-0.0894801,-1.14945][0.324084,0.292728,-0.8996][0.420122,0.791871,0][0.542348,-0.0867801,-1.14556][0.324084,0.292728,-0.8996][0.413917,0.797141,0][0.689015,-0.1895,-1.12615][0.324084,0.292728,-0.8996][0.269089,0.761048,0][0.542348,-0.0867801,-1.14556][0.537438,0.670775,-0.511099][0.413917,0.797141,0][0.647645,-0.133796,-1.09654][0.537438,0.670775,-0.511099][0.309364,0.797141,0][0.689015,-0.1895,-1.12615][0.537438,0.670775,-0.511099][0.269089,0.761048,0][0.644662,-0.265902,-1.09793][0.470163,-0.532794,-0.703617][0.269089,0.687695,0][0.523516,-0.298329,-1.15433][0.470163,-0.532794,-0.703617][0.361345,0.616731,0][0.689015,-0.1895,-1.12615][0.470163,-0.532794,-0.703617][0.269089,0.761048,0][0.523516,-0.298329,-1.15433][0.311879,-0.235944,-0.92036][0.361345,0.616731,0][0.513132,-0.293199,-1.15916][0.311879,-0.235944,-0.92036][0.371816,0.617136,0][0.689015,-0.1895,-1.12615][0.311879,-0.235944,-0.92036][0.269089,0.761048,0][0.513132,-0.293199,-1.15916][-0.0549179,0.386285,-0.920743][0.371816,0.617136,0][0.596191,-0.189227,-1.12049][-0.0549179,0.386285,-0.920743][0.335049,0.732833,0][0.689015,-0.1895,-1.12615][-0.0549179,0.386285,-0.920743][0.269089,0.761048,0][0.731428,-0.0387522,-1.05754][0.599081,0.185892,-0.778811][0.269089,0.90578,0][0.737413,-0.0463682,-1.05475][0.599081,0.185892,-0.778811][0.261545,0.901726,0][0.689015,-0.1895,-1.12615][0.599081,0.185892,-0.778811][0.269089,0.761048,0][0.737413,-0.0463682,-1.05475][0.86596,-0.0443401,-0.498144][0.261545,0.901726,0][0.728766,-0.170018,-1.05878][0.86596,-0.0443401,-0.498144][0.228814,0.797141,0][0.689015,-0.1895,-1.12615][0.86596,-0.0443401,-0.498144][0.269089,0.761048,0][0.728766,-0.170018,-1.05878][0.537435,0.670773,-0.511103][0.228814,0.797141,0][0.834063,-0.217033,-1.00976][0.537435,0.670773,-0.511103][0.124261,0.797141,0][0.689015,-0.1895,-1.12615][0.537435,0.670773,-0.511103][0.269089,0.761048,0][0.834063,-0.217033,-1.00976][0.635741,0.141683,-0.758788][0.124261,0.797141,0][0.838215,-0.225313,-1.00783][0.635741,0.141683,-0.758788][0.118056,0.791871,0][0.689015,-0.1895,-1.12615][0.635741,0.141683,-0.758788][0.269089,0.761048,0][0.838215,-0.225313,-1.00783][0.448607,-0.523712,-0.724208][0.118056,0.791871,0][0.729049,-0.248549,-1.05865][0.448607,-0.523712,-0.724208][0.203129,0.732833,0][0.689015,-0.1895,-1.12615][0.448607,-0.523712,-0.724208][0.269089,0.761048,0][0.909284,-0.252522,-1.0856][-0.422038,1.06373e-006,0.906578][0.255965,0.895298,0][0.87458,-0.367207,-1.10175][-0.422038,1.06373e-006,0.906578][0.224834,0.8017,0][0.92559,-0.377834,-1.07801][-0.422038,1.06373e-006,0.906578][0.268231,0.795608,0][0.92559,-0.377834,-1.07801][-0.422038,1.06373e-006,0.906578][0.268231,0.795608,0][0.92559,-0.24346,-1.07801][-0.422038,1.06373e-006,0.906578][0.270003,0.90334,0][0.909284,-0.252522,-1.0856][-0.422038,1.06373e-006,0.906578][0.255965,0.895298,0][1.00916,-0.454662,-1.03911][-0.422032,1.06373e-006,0.906581][0.338544,0.737992,0][0.92559,-0.514362,-1.07801][-0.422032,1.06373e-006,0.906581][0.266431,0.68615,0][1.02305,-0.591895,-1.03264][-0.422032,1.06373e-006,0.906581][0.348594,0.62863,0][1.02305,-0.591895,-1.03264][-0.422032,1.06373e-006,0.906581][0.348594,0.62863,0][1.05098,-0.590775,-1.01963][-0.422032,1.06373e-006,0.906581][0.372449,0.630857,0][1.00916,-0.454662,-1.03911][-0.422032,1.06373e-006,0.906581][0.338544,0.737992,0][0.842022,-0.454662,-1.11691][-0.422032,2.06373e-006,0.906581][0.195892,0.730034,0][0.87458,-0.367207,-1.10175][-0.422032,2.06373e-006,0.906581][0.224834,0.8017,0][0.764294,-0.367207,-1.1531][-0.422032,2.06373e-006,0.906581][0.130702,0.796451,0][0.764294,-0.367207,-1.1531][-0.422032,2.06373e-006,0.906581][0.130702,0.796451,0][0.744452,-0.384636,-1.16233][-0.422032,2.06373e-006,0.906581][0.113537,0.781531,0][0.842022,-0.454662,-1.11691][-0.422032,2.06373e-006,0.906581][0.195892,0.730034,0][0.842022,-0.454662,-1.11691][-0.422034,-9.36275e-007,0.90658][0.195892,0.730034,0][0.800197,-0.590775,-1.13638][-0.422034,-9.36275e-007,0.90658][0.158398,0.618917,0][0.82813,-0.591895,-1.12338][-0.422034,-9.36275e-007,0.90658][0.182225,0.61935,0][0.82813,-0.591895,-1.12338][-0.422034,-9.36275e-007,0.90658][0.182225,0.61935,0][0.92559,-0.514362,-1.07801][-0.422034,-9.36275e-007,0.90658][0.266431,0.68615,0][0.842022,-0.454662,-1.11691][-0.422034,-9.36275e-007,0.90658][0.195892,0.730034,0][0.92559,-0.377834,-1.07801][-0.422032,0,0.906581][0.268231,0.795608,0][0.9766,-0.367207,-1.05426][-0.422032,0,0.906581][0.311909,0.806558,0][0.941896,-0.252522,-1.07042][-0.422032,0,0.906581][0.2838,0.896851,0][0.941896,-0.252522,-1.07042][-0.422032,0,0.906581][0.2838,0.896851,0][0.92559,-0.24346,-1.07801][-0.422032,0,0.906581][0.270003,0.90334,0][0.92559,-0.377834,-1.07801][-0.422032,0,0.906581][0.268231,0.795608,0][1.00916,-0.454662,-1.03911][-0.422035,-1.93627e-006,0.90658][0.338544,0.737992,0][1.10673,-0.384636,-0.993684][-0.422035,-1.93627e-006,0.90658][0.422744,0.798778,0][1.08689,-0.367206,-1.00292][-0.422035,-1.93627e-006,0.90658][0.406041,0.811808,0][1.08689,-0.367206,-1.00292][-0.422035,-1.93627e-006,0.90658][0.406041,0.811808,0][0.9766,-0.367207,-1.05426][-0.422035,-1.93627e-006,0.90658][0.311909,0.806558,0][1.00916,-0.454662,-1.03911][-0.422035,-1.93627e-006,0.90658][0.338544,0.737992,0][0.92559,-0.377834,-1.07801][-0.422036,1.06373e-006,0.906579][0.268231,0.795608,0][0.87458,-0.367207,-1.10175][-0.422036,1.06373e-006,0.906579][0.224834,0.8017,0][0.842022,-0.454662,-1.11691][-0.422036,1.06373e-006,0.906579][0.195892,0.730034,0][0.842022,-0.454662,-1.11691][-0.422036,1.06373e-006,0.906579][0.195892,0.730034,0][0.92559,-0.514362,-1.07801][-0.422036,1.06373e-006,0.906579][0.266431,0.68615,0][0.92559,-0.377834,-1.07801][-0.422036,1.06373e-006,0.906579][0.268231,0.795608,0][0.92559,-0.377834,-1.07801][-0.42203,-9.36275e-007,0.906582][0.268231,0.795608,0][0.92559,-0.514362,-1.07801][-0.42203,-9.36275e-007,0.906582][0.266431,0.68615,0][1.00916,-0.454662,-1.03911][-0.42203,-9.36275e-007,0.906582][0.338544,0.737992,0][1.00916,-0.454662,-1.03911][-0.42203,-9.36275e-007,0.906582][0.338544,0.737992,0][0.9766,-0.367207,-1.05426][-0.42203,-9.36275e-007,0.906582][0.311909,0.806558,0][0.92559,-0.377834,-1.07801][-0.42203,-9.36275e-007,0.906582][0.268231,0.795608,0][0.931746,-0.255409,-1.09497][-0.152252,0.781133,-0.605516][0.269089,0.90578,0][0.923526,-0.259978,-1.0988][-0.152252,0.781133,-0.605516][0.276633,0.901726,0][0.909284,-0.252522,-1.0856][-0.152252,0.781134,-0.605516][0.284054,0.908342,0][0.909284,-0.252522,-1.0856][-0.152252,0.781134,-0.605516][0.284054,0.908342,0][0.92559,-0.24346,-1.07801][-0.152252,0.781134,-0.605516][0.269089,0.916384,0][0.931746,-0.255409,-1.09497][-0.152252,0.781133,-0.605516][0.269089,0.90578,0][0.923526,-0.259978,-1.0988][-0.569048,0.281054,-0.772783][0.276633,0.901726,0][0.887863,-0.377834,-1.1154][-0.569048,0.281054,-0.772783][0.309364,0.797141,0][0.87458,-0.367207,-1.10175][-0.569048,0.281054,-0.772783][0.315904,0.806572,0][0.87458,-0.367207,-1.10175][-0.569048,0.281054,-0.772783][0.315904,0.806572,0][0.909284,-0.252522,-1.0856][-0.569048,0.281054,-0.772783][0.284054,0.908342,0][0.923526,-0.259978,-1.0988][-0.569048,0.281054,-0.772783][0.276633,0.901726,0][1.03227,-0.581137,-1.04817][-0.264165,-0.712476,-0.650073][0.176833,0.616731,0][1.02305,-0.591895,-1.03264][-0.264165,-0.712476,-0.650073][0.179644,0.607185,0][0.92559,-0.514362,-1.07801][-0.264165,-0.712476,-0.650073][0.269089,0.675986,0][0.92559,-0.514362,-1.07801][-0.264165,-0.712476,-0.650073][0.269089,0.675986,0][0.931746,-0.501168,-1.09497][-0.264165,-0.712476,-0.650073][0.269089,0.687695,0][1.03227,-0.581137,-1.04817][-0.264165,-0.712476,-0.650073][0.176833,0.616731,0][1.04368,-0.58068,-1.04286][0.243914,-0.859042,-0.45006][0.166362,0.617136,0][1.05098,-0.590775,-1.01963][0.243914,-0.859041,-0.45006][0.154009,0.608177,0][1.02305,-0.591895,-1.03264][0.243914,-0.859042,-0.45006][0.179644,0.607185,0][1.02305,-0.591895,-1.03264][0.243914,-0.859042,-0.45006][0.179644,0.607185,0][1.03227,-0.581137,-1.04817][0.243914,-0.859041,-0.45006][0.176833,0.616731,0][1.04368,-0.58068,-1.04286][0.243914,-0.859042,-0.45006][0.166362,0.617136,0][1.04368,-0.58068,-1.04286][0.946845,0.264819,-0.182637][0.166362,0.617136,0][1.00362,-0.450302,-1.06151][0.946845,0.264819,-0.182637][0.203129,0.732833,0][1.00916,-0.454662,-1.03911][0.946845,0.264819,-0.182637][0.192394,0.728964,0][1.00916,-0.454662,-1.03911][0.946845,0.264819,-0.182637][0.192394,0.728964,0][1.05098,-0.590775,-1.01963][0.946845,0.264819,-0.182637][0.154009,0.608177,0][1.04368,-0.58068,-1.04286][0.946845,0.264819,-0.182637][0.166362,0.617136,0][0.77394,-0.377834,-1.16843][0.214772,0.860826,-0.461359][0.413917,0.797141,0][0.764294,-0.367207,-1.1531][0.214772,0.860826,-0.461359][0.41712,0.806572,0][0.87458,-0.367207,-1.10175][0.214772,0.860826,-0.461359][0.315904,0.806572,0][0.87458,-0.367207,-1.10175][0.214772,0.860826,-0.461359][0.315904,0.806572,0][0.887863,-0.377834,-1.1154][0.214772,0.860826,-0.461359][0.309364,0.797141,0][0.77394,-0.377834,-1.16843][0.214772,0.860826,-0.461359][0.413917,0.797141,0][0.767179,-0.383773,-1.17158][-0.295835,0.687971,-0.662705][0.420122,0.791871,0][0.744452,-0.384636,-1.16233][-0.295835,0.687971,-0.662705][0.435329,0.791105,0][0.764294,-0.367207,-1.1531][-0.295835,0.687971,-0.662705][0.41712,0.806572,0][0.764294,-0.367207,-1.1531][-0.295835,0.687971,-0.662705][0.41712,0.806572,0][0.77394,-0.377834,-1.16843][-0.295835,0.687971,-0.662705][0.413917,0.797141,0][0.767179,-0.383773,-1.17158][-0.295835,0.687971,-0.662705][0.420122,0.791871,0][0.767179,-0.383773,-1.17158][-0.231288,-0.735398,-0.636943][0.420122,0.791871,0][0.859875,-0.450302,-1.12843][-0.231288,-0.735398,-0.636943][0.335049,0.732833,0][0.842022,-0.454662,-1.11691][-0.231288,-0.735398,-0.636943][0.345784,0.728964,0][0.842022,-0.454662,-1.11691][-0.231288,-0.735398,-0.636943][0.345784,0.728964,0][0.744452,-0.384636,-1.16233][-0.231288,-0.735398,-0.636943][0.435329,0.791105,0][0.767179,-0.383773,-1.17158][-0.231288,-0.735398,-0.636943][0.420122,0.791871,0][0.819813,-0.58068,-1.14708][-0.567801,0.284941,-0.772276][0.371816,0.617136,0][0.800197,-0.590775,-1.13638][-0.567801,0.284941,-0.772276][0.384169,0.608177,0][0.842022,-0.454662,-1.11691][-0.567801,0.284941,-0.772276][0.345784,0.728964,0][0.842022,-0.454662,-1.11691][-0.567801,0.284941,-0.772276][0.345784,0.728964,0][0.859875,-0.450302,-1.12843][-0.567801,0.284941,-0.772276][0.335049,0.732833,0][0.819813,-0.58068,-1.14708][-0.567801,0.284941,-0.772276][0.371816,0.617136,0][0.819813,-0.58068,-1.14708][0.185576,-0.861442,-0.472736][0.371816,0.617136,0][0.831222,-0.581137,-1.14177][0.185576,-0.861442,-0.472735][0.361345,0.616731,0][0.82813,-0.591895,-1.12338][0.185576,-0.861442,-0.472736][0.358534,0.607185,0][0.82813,-0.591895,-1.12338][0.185576,-0.861442,-0.472736][0.358534,0.607185,0][0.800197,-0.590775,-1.13638][0.185576,-0.861442,-0.472736][0.384169,0.608177,0][0.819813,-0.58068,-1.14708][0.185576,-0.861442,-0.472736][0.371816,0.617136,0][0.831222,-0.581137,-1.14177][0.674483,-0.681062,-0.285004][0.361345,0.616731,0][0.931746,-0.501168,-1.09497][0.674483,-0.681062,-0.285004][0.269089,0.687695,0][0.92559,-0.514362,-1.07801][0.674483,-0.681062,-0.285004][0.269089,0.675986,0][0.92559,-0.514362,-1.07801][0.674483,-0.681062,-0.285004][0.269089,0.675986,0][0.82813,-0.591895,-1.12338][0.674483,-0.681062,-0.285004][0.358534,0.607185,0][0.831222,-0.581137,-1.14177][0.674483,-0.681062,-0.285004][0.361345,0.616731,0][0.939966,-0.259978,-1.09114][0.947936,0.261184,-0.182209][0.261545,0.901726,0][0.941896,-0.252522,-1.07042][0.947936,0.261184,-0.182209][0.254124,0.908342,0][0.9766,-0.367207,-1.05426][0.947936,0.261184,-0.182209][0.222274,0.806572,0][0.9766,-0.367207,-1.05426][0.947936,0.261184,-0.182209][0.222274,0.806572,0][0.97563,-0.377834,-1.07454][0.947936,0.261184,-0.182209][0.228814,0.797141,0][0.939966,-0.259978,-1.09114][0.947936,0.261184,-0.182209][0.261545,0.901726,0][0.939966,-0.259978,-1.09114][0.570414,0.754531,-0.324516][0.261545,0.901726,0][0.931746,-0.255409,-1.09497][0.570414,0.754531,-0.324516][0.269089,0.90578,0][0.92559,-0.24346,-1.07801][0.570414,0.754531,-0.324516][0.269089,0.916384,0][0.92559,-0.24346,-1.07801][0.570414,0.754531,-0.324516][0.269089,0.916384,0][0.941896,-0.252522,-1.07042][0.570414,0.754531,-0.324516][0.254124,0.908342,0][0.939966,-0.259978,-1.09114][0.570414,0.754531,-0.324516][0.261545,0.901726,0][1.09631,-0.383773,-1.01836][0.644109,-0.705133,-0.296499][0.118056,0.791871,0][1.10673,-0.384636,-0.993684][0.644109,-0.705133,-0.296499][0.102849,0.791105,0][1.00916,-0.454662,-1.03911][0.644109,-0.705133,-0.296499][0.192394,0.728964,0][1.00916,-0.454662,-1.03911][0.644109,-0.705133,-0.296499][0.192394,0.728964,0][1.00362,-0.450302,-1.06151][0.644109,-0.705133,-0.296499][0.203129,0.732833,0][1.09631,-0.383773,-1.01836][0.644109,-0.705133,-0.296499][0.118056,0.791871,0][1.09631,-0.383773,-1.01836][0.70356,0.655695,-0.273985][0.118056,0.791871,0][1.08955,-0.377834,-1.02151][0.70356,0.655695,-0.273985][0.124261,0.797141,0][1.08689,-0.367206,-1.00292][0.70356,0.655695,-0.273985][0.121059,0.806572,0][1.08689,-0.367206,-1.00292][0.70356,0.655695,-0.273985][0.121059,0.806572,0][1.10673,-0.384636,-0.993684][0.70356,0.655695,-0.273985][0.102849,0.791105,0][1.09631,-0.383773,-1.01836][0.70356,0.655695,-0.273985][0.118056,0.791871,0][1.08955,-0.377834,-1.02151][0.214772,0.860826,-0.461359][0.124261,0.797141,0][0.97563,-0.377834,-1.07454][0.214772,0.860826,-0.461359][0.228814,0.797141,0][0.9766,-0.367207,-1.05426][0.214772,0.860826,-0.461359][0.222274,0.806572,0][0.9766,-0.367207,-1.05426][0.214772,0.860826,-0.461359][0.222274,0.806572,0][1.08689,-0.367206,-1.00292][0.214772,0.860826,-0.461359][0.121059,0.806572,0][1.08955,-0.377834,-1.02151][0.214772,0.860826,-0.461359][0.124261,0.797141,0][0.887863,-0.377834,-1.1154][-0.209862,0.198373,-0.957396][0.309364,0.797141,0][0.923526,-0.259978,-1.0988][-0.209862,0.198373,-0.957396][0.276633,0.901726,0][0.946916,-0.418507,-1.13677][-0.209862,0.198373,-0.957396][0.269089,0.761048,0][0.923526,-0.259978,-1.0988][0.283337,0.262736,-0.922329][0.276633,0.901726,0][0.931746,-0.255409,-1.09497][0.283337,0.262736,-0.922329][0.269089,0.90578,0][0.946916,-0.418507,-1.13677][0.283337,0.262736,-0.922329][0.269089,0.761048,0][1.00362,-0.450302,-1.06151][0.820442,0.174207,-0.544542][0.203129,0.732833,0][1.04368,-0.58068,-1.04286][0.820442,0.174207,-0.544542][0.166362,0.617136,0][0.946916,-0.418507,-1.13677][0.820442,0.174207,-0.544542][0.269089,0.761048,0][1.04368,-0.58068,-1.04286][0.416324,-0.256669,-0.872236][0.166362,0.617136,0][1.03227,-0.581137,-1.04817][0.416324,-0.256669,-0.872236][0.176833,0.616731,0][0.946916,-0.418507,-1.13677][0.416324,-0.256669,-0.872236][0.269089,0.761048,0][1.03227,-0.581137,-1.04817][0.0489719,-0.457878,-0.887665][0.176833,0.616731,0][0.931746,-0.501168,-1.09497][0.0489719,-0.457878,-0.887665][0.269089,0.687695,0][0.946916,-0.418507,-1.13677][0.0489719,-0.457878,-0.887665][0.269089,0.761048,0][0.859875,-0.450302,-1.12843][0.0827169,-0.458632,-0.884768][0.335049,0.732833,0][0.767179,-0.383773,-1.17158][0.0827169,-0.458632,-0.884768][0.420122,0.791871,0][0.946916,-0.418507,-1.13677][0.0827169,-0.458632,-0.884768][0.269089,0.761048,0][0.767179,-0.383773,-1.17158][0.228988,0.239339,-0.943547][0.420122,0.791871,0][0.77394,-0.377834,-1.16843][0.228988,0.239339,-0.943547][0.413917,0.797141,0][0.946916,-0.418507,-1.13677][0.228988,0.239339,-0.943547][0.269089,0.761048,0][0.77394,-0.377834,-1.16843][0.285433,0.736598,-0.613149][0.413917,0.797141,0][0.887863,-0.377834,-1.1154][0.285433,0.736598,-0.613149][0.309364,0.797141,0][0.946916,-0.418507,-1.13677][0.285433,0.736598,-0.613149][0.269089,0.761048,0][0.931746,-0.501168,-1.09497][0.641183,-0.436751,-0.630978][0.269089,0.687695,0][0.831222,-0.581137,-1.14177][0.641183,-0.436752,-0.630978][0.361345,0.616731,0][0.946916,-0.418507,-1.13677][0.641183,-0.436752,-0.630978][0.269089,0.761048,0][0.831222,-0.581137,-1.14177][0.399364,-0.257083,-0.880009][0.361345,0.616731,0][0.819813,-0.58068,-1.14708][0.399364,-0.257083,-0.880009][0.371816,0.617136,0][0.946916,-0.418507,-1.13677][0.399364,-0.257083,-0.880009][0.269089,0.761048,0][0.819813,-0.58068,-1.14708][-0.161618,0.188234,-0.968735][0.371816,0.617136,0][0.859875,-0.450302,-1.12843][-0.161618,0.188234,-0.968735][0.335049,0.732833,0][0.946916,-0.418507,-1.13677][-0.161618,0.188234,-0.968735][0.269089,0.761048,0][0.931746,-0.255409,-1.09497][0.521565,0.25703,-0.813576][0.269089,0.90578,0][0.939966,-0.259978,-1.09114][0.521565,0.25703,-0.813576][0.261545,0.901726,0][0.946916,-0.418507,-1.13677][0.521565,0.25703,-0.813576][0.269089,0.761048,0][0.939966,-0.259978,-1.09114][0.84164,0.183119,-0.508044][0.261545,0.901726,0][0.97563,-0.377834,-1.07454][0.84164,0.183119,-0.508044][0.228814,0.797141,0][0.946916,-0.418507,-1.13677][0.84164,0.183119,-0.508044][0.269089,0.761048,0][0.97563,-0.377834,-1.07454][0.285436,0.736597,-0.613148][0.228814,0.797141,0][1.08955,-0.377834,-1.02151][0.285436,0.736597,-0.613148][0.124261,0.797141,0][0.946916,-0.418507,-1.13677][0.285436,0.736597,-0.613148][0.269089,0.761048,0][1.08955,-0.377834,-1.02151][0.570521,0.23192,-0.787857][0.124261,0.797141,0][1.09631,-0.383773,-1.01836][0.570521,0.23192,-0.787857][0.118056,0.791871,0][0.946916,-0.418507,-1.13677][0.570521,0.23192,-0.787857][0.269089,0.761048,0][1.09631,-0.383773,-1.01836][0.61853,-0.439195,-0.651559][0.118056,0.791871,0][1.00362,-0.450302,-1.06151][0.61853,-0.439195,-0.651559][0.203129,0.732833,0][0.946916,-0.418507,-1.13677][0.61853,-0.439195,-0.651559][0.269089,0.761048,0]